url,caption,hashtags,ko_caption_clean,ko_tokens_caption,ko_tokens_hashtags,ko_tokens_all
https://www.instagram.com/p/DPgtucACXMt/c/18083402567291711/,#리프앤빈즈 #샐러드#포케적당히 배부르고 건강해서 좋아요점심시간에 사람 많아서 기다려야할수도ㅠㅜ#먹팔 #먹스타 #먹스타그램,리프앤빈즈;샐러드;포케;먹팔;먹스타;먹스타그램,#리프앤빈즈 #샐러드#포케적당히 배부르고 건강해서 좋아요점심시간에 사람 많아서 기다려야할수도ㅠㅜ#먹팔 #먹스타 #먹스타그램,"[""배부르고"", ""건강해서"", ""좋아요점심시간에"", ""기다려야할수도ㅠㅜ""]","[""리프앤빈즈"", ""샐러드"", ""포케"", ""먹팔"", ""먹스타"", ""먹스타그램""]","[""배부르고"", ""건강해서"", ""좋아요점심시간에"", ""기다려야할수도ㅠㅜ"", ""리프앤빈즈"", ""샐러드"", ""포케"", ""먹팔"", ""먹스타"", ""먹스타그램""]"
https://www.instagram.com/p/DQGN9zQkiy9/,#샐러드 prep,샐러드,#샐러드,[],"[""샐러드""]","[""샐러드""]"
https://www.instagram.com/p/DQHgjIjkjtc/,#샐러드,샐러드,#샐러드,[],"[""샐러드""]","[""샐러드""]"
https://www.instagram.com/p/DQHYLOEiT76/,#집밥 #치킨마요덮밥 #샐러드,집밥;치킨마요덮밥;샐러드,#집밥 #치킨마요덮밥 #샐러드,[],"[""집밥"", ""치킨마요덮밥"", ""샐러드""]","[""집밥"", ""치킨마요덮밥"", ""샐러드""]"
https://www.instagram.com/p/DP8GeZYk9Gl/c/18110227201598942/,#샐러드 #무화과샐러드 #무화과그릭요거트,샐러드;무화과샐러드;무화과그릭요거트,#샐러드 #무화과샐러드 #무화과그릭요거트,[],"[""샐러드"", ""무화과샐러드"", ""무화과그릭요거트""]","[""샐러드"", ""무화과샐러드"", ""무화과그릭요거트""]"
https://www.instagram.com/p/DQIxg1oE84A/c/18061183454407877/,오늘의 반찬데이 : 루꼴라 프로슈토 샐러드 🥗오늘은 야식약속(?)이 있어서 😇 간단하게 상콤하게 입가심만 하려고 오랜만에 샐러드를 만들어 보았. 프로슈토에 부라타 치즈까지 아주 건강하고 짭잘하고 탄단지 완벽😛드레싱은 디종머스타드 넣어 만들어 보았심 ✨근데 너무 상콤해서 입맛이 돈다 돌아 🤪#반찬 #반찬데이 #반찬레시피 #한식 #한식레시피 #샐러드 #루꼴라샐러드 #샐러드드레싱 #드레싱레시피 #샐러드레시피 #루꼴라프로슈토샐러드 #집밥 #집밥데이 #집밥레시피,반찬;반찬데이;반찬레시피;한식;한식레시피;샐러드;루꼴라샐러드;샐러드드레싱;드레싱레시피;샐러드레시피;루꼴라프로슈토샐러드;집밥;집밥데이;집밥레시피,오늘의 반찬데이 루꼴라 프로슈토 샐러드 오늘은 야식약속 이 있어서 간단하게 상콤하게 입가심만 하려고 오랜만에 샐러드를 만들어 보았 프로슈토에 부라타 치즈까지 아주 건강하고 짭잘하고 탄단지 완벽 드레싱은 디종머스타드 넣어 만들어 보았심 근데 너무 상콤해서 입맛이 돈다 돌아 #반찬 #반찬데이 #반찬레시피 #한식 #한식레시피 #샐러드 #루꼴라샐러드 #샐러드드레싱 #드레싱레시피 #샐러드레시피 #루꼴라프로슈토샐러드 #집밥 #집밥데이 #집밥레시피,"[""반찬데이"", ""루꼴라"", ""프로슈토"", ""샐러드"", ""야식약속"", ""상콤하게"", ""입가심만"", ""하려고"", ""샐러드를"", ""만들어"", ""보았"", ""프로슈토에"", ""부라타"", ""치즈까지"", ""건강하고"", ""짭잘하고"", ""탄단지"", ""완벽"", ""드레싱은"", ""디종머스타드"", ""만들어"", ""보았심"", ""근데"", ""상콤해서"", ""입맛이"", ""돈다"", ""돌아""]","[""반찬"", ""반찬데이"", ""반찬레시피"", ""한식"", ""한식레시피"", ""샐러드"", ""루꼴라샐러드"", ""샐러드드레싱"", ""드레싱레시피"", ""샐러드레시피"", ""루꼴라프로슈토샐러드"", ""집밥"", ""집밥데이"", ""집밥레시피""]","[""반찬데이"", ""루꼴라"", ""프로슈토"", ""샐러드"", ""야식약속"", ""상콤하게"", ""입가심만"", ""하려고"", ""샐러드를"", ""만들어"", ""보았"", ""프로슈토에"", ""부라타"", ""치즈까지"", ""건강하고"", ""짭잘하고"", ""탄단지"", ""완벽"", ""드레싱은"", ""디종머스타드"", ""만들어"", ""보았심"", ""근데"", ""상콤해서"", ""입맛이"", ""돈다"", ""돌아"", ""반찬"", ""반찬데이"", ""반찬레시피"", ""한식"", ""한식레시피"", ""샐러드"", ""루꼴라샐러드"", ""샐러드드레싱"", ""드레싱레시피"", ""샐러드레시피"", ""루꼴라프로슈토샐러드"", ""집밥"", ""집밥데이"", ""집밥레시피""]"
https://www.instagram.com/p/DQGqvkiADvf/,#샐러디 #샐러드 #안양대학교,샐러디;샐러드;안양대학교,#샐러디 #샐러드 #안양대학교,[],"[""샐러디"", ""샐러드"", ""안양대학교""]","[""샐러디"", ""샐러드"", ""안양대학교""]"
https://www.instagram.com/p/DBLAIWBTXdw/c/18052445977920028/,♢梨の季節の楽しみ🍐🍐🍐シャキシャキ食感でみずみずしくて甘い梨とミルキーなチーズめちゃくちゃ合う♡#カプレーゼ#梨のカプレーゼ#サラダ#梨のサラダ#フルーツサラダ#おうちごはん#梨#利府梨#あきづき#シャインマスカット#샐러드#배샐러드#과일샐러드#집밥#홈쿡#배#샤인머스캣,カプレーゼ;梨のカプレーゼ;サラダ;梨のサラダ;フルーツサラダ;おうちごはん;梨;利府梨;あきづき;シャインマスカット;샐러드;배샐러드;과일샐러드;집밥;홈쿡;배;샤인머스캣,# # # # # # # # # # #샐러드#배샐러드#과일샐러드#집밥#홈쿡#배#샤인머스캣,[],"[""샐러드"", ""배샐러드"", ""과일샐러드"", ""집밥"", ""홈쿡"", ""샤인머스캣""]","[""샐러드"", ""배샐러드"", ""과일샐러드"", ""집밥"", ""홈쿡"", ""샤인머스캣""]"
https://www.instagram.com/p/DQIkOZ-Ej4l/,"바쁜 현대인을 위한 3줄 요약  1.  조만간 샐러드 신메뉴 나옵니다. 2.  사라다풀로 오세요. 3.  행복하세요.이번에 새로 준비 중인 샐러드는 메인 토핑을 올리지 않는다.그만큼 한 겹이 비어 보일 수 있다는 걸 안다. 그래서 산도를 조금 더 올린다.화이트 발사믹과 올리브오일의 균형을 가볍게 맞추고, 소금은 숨을 죽여 넣는다.병아리콩은 씻어 물기를 빼고, 쿠스쿠스는 물을 부어 결을 살려 둔다.토마토는 씨를 빼지 않는다. 씨앗의 젤이 다른 재료의 마른 결을 묶어 준다.보코치니는 칼 대신 손으로 찢는다. 손끝의 둔함이 맛을 덜 흔든다.건강한 통밀 크래커를 곁들인다. 바삭한 결이 잎의 수분을 단정하게 받쳐 준다.잎을 깔고, 쿠스쿠스를 얹고, 병아리콩과 올리브를 흩뿌린다.드레싱을 얇게 돌려 준다. 과하지는 않게.한 입 먹었을 때 초록이 춤을 추는 느낌. 그래서 손의 속도를 서두르지 않는다.보코치니와 토마토를 올리고, 통밀 크래커는 옆에 조용히 기대어 둔다.그릇의 빈 중앙이 조금 넓어 보인다. 의도한 자리다.비어 있는 공간이 때로 맛을 또렷하게 만든다.메모장에는 작은 체크가 차곡차곡 더해진다.“산도 약간 올림, 오일 조금 덜, 소금 미세 조정.” 같은 문장들.하루가 끝나면 그 문장들만 남는다.나중에는 아보카도를 적당히 얹거나, 연어를 얇게 보탤 수도 있다.샐러드의 리듬을 깨지 않도록.포크로 마지막으로 가볍게 섞어 결을 맞춘다.소금을 조금 더 올릴지 잠깐 생각하다가 그만둔다.충분하다는 감각이 먼저 온다.싱크대에 물을 흘려 보내고 가게 불을 하나씩 끈다.공기가 금방 식는다. 그 정도면 오늘은 여기까지다.내일은 내일의 속도로 같은 것을 반복하면 된다.#사라다풀 #사라다풀이시아본점 #사라다풀수성점 #이시아본점 #이시아폴리스#대구맛집 #동구맛집 #수성구맛집 #대구남구맛집 #남구맛집#샐러드 #샐러드신메뉴 #신메뉴 #건강한한끼 #오늘을가볍게#그린댄스샐러드 #화이트발사믹 #통밀크래커 #병아리콩 #쿠스쿠스#보코치니 #올리브 #토마토 #브런치카페 #대구카페#포장가능 #방문포장 #배달의민족 #쿠팡이츠 #네이버페이",사라다풀;사라다풀이시아본점;사라다풀수성점;이시아본점;이시아폴리스;대구맛집;동구맛집;수성구맛집;대구남구맛집;남구맛집;샐러드;샐러드신메뉴;신메뉴;건강한한끼;오늘을가볍게;그린댄스샐러드;화이트발사믹;통밀크래커;병아리콩;쿠스쿠스;보코치니;올리브;토마토;브런치카페;대구카페;포장가능;방문포장;배달의민족;쿠팡이츠;네이버페이,바쁜 현대인을 위한 줄 요약 조만간 샐러드 신메뉴 나옵니다 사라다풀로 오세요 행복하세요 이번에 새로 준비 중인 샐러드는 메인 토핑을 올리지 않는다 그만큼 한 겹이 비어 보일 수 있다는 걸 안다 그래서 산도를 조금 더 올린다 화이트 발사믹과 올리브오일의 균형을 가볍게 맞추고 소금은 숨을 죽여 넣는다 병아리콩은 씻어 물기를 빼고 쿠스쿠스는 물을 부어 결을 살려 둔다 토마토는 씨를 빼지 않는다 씨앗의 젤이 다른 재료의 마른 결을 묶어 준다 보코치니는 칼 대신 손으로 찢는다 손끝의 둔함이 맛을 덜 흔든다 건강한 통밀 크래커를 곁들인다 바삭한 결이 잎의 수분을 단정하게 받쳐 준다 잎을 깔고 쿠스쿠스를 얹고 병아리콩과 올리브를 흩뿌린다 드레싱을 얇게 돌려 준다 과하지는 않게 한 입 먹었을 때 초록이 춤을 추는 느낌 그래서 손의 속도를 서두르지 않는다 보코치니와 토마토를 올리고 통밀 크래커는 옆에 조용히 기대어 둔다 그릇의 빈 중앙이 조금 넓어 보인다 의도한 자리다 비어 있는 공간이 때로 맛을 또렷하게 만든다 메모장에는 작은 체크가 차곡차곡 더해진다 산도 약간 올림 오일 조금 덜 소금 미세 조정 같은 문장들 하루가 끝나면 그 문장들만 남는다 나중에는 아보카도를 적당히 얹거나 연어를 얇게 보탤 수도 있다 샐러드의 리듬을 깨지 않도록 포크로 마지막으로 가볍게 섞어 결을 맞춘다 소금을 조금 더 올릴지 잠깐 생각하다가 그만둔다 충분하다는 감각이 먼저 온다 싱크대에 물을 흘려 보내고 가게 불을 하나씩 끈다 공기가 금방 식는다 그 정도면 오늘은 여기까지다 내일은 내일의 속도로 같은 것을 반복하면 된다 #사라다풀 #사라다풀이시아본점 #사라다풀수성점 #이시아본점 #이시아폴리스#대구맛집 #동구맛집 #수성구맛집 #대구남구맛집 #남구맛집#샐러드 #샐러드신메뉴 #신메뉴 #건강한한끼 #오늘을가볍게#그린댄스샐러드 #화이트발사믹 #통밀크래커 #병아리콩 #쿠스쿠스#보코치니 #올리브 #토마토 #브런치카페 #대구카페#포장가능 #방문포장 #배달의민족 #쿠팡이츠 #네이버페이,"[""바쁜"", ""현대인을"", ""요약"", ""조만간"", ""샐러드"", ""신메뉴"", ""나옵니다"", ""사라다풀로"", ""오세요"", ""행복하세요"", ""이번에"", ""새로"", ""준비"", ""중인"", ""샐러드는"", ""메인"", ""토핑을"", ""올리지"", ""않는다"", ""그만큼"", ""겹이"", ""비어"", ""보일"", ""있다는"", ""안다"", ""산도를"", ""올린다"", ""화이트"", ""발사믹과"", ""올리브오일의"", ""균형을"", ""가볍게"", ""맞추고"", ""소금은"", ""숨을"", ""죽여"", ""넣는다"", ""병아리콩은"", ""씻어"", ""물기를"", ""빼고"", ""쿠스쿠스는"", ""물을"", ""부어"", ""결을"", ""살려"", ""둔다"", ""토마토는"", ""씨를"", ""빼지"", ""않는다"", ""씨앗의"", ""젤이"", ""재료의"", ""마른"", ""결을"", ""묶어"", ""준다"", ""보코치니는"", ""대신"", ""손으로"", ""찢는다"", ""손끝의"", ""둔함이"", ""흔든다"", ""건강한"", ""통밀"", ""크래커를"", ""곁들인다"", ""바삭한"", ""결이"", ""잎의"", ""수분을"", ""단정하게"", ""받쳐"", ""준다"", ""잎을"", ""깔고"", ""쿠스쿠스를"", ""얹고"", ""병아리콩과"", ""올리브를"", ""흩뿌린다"", ""드레싱을"", ""얇게"", ""돌려"", ""준다"", ""과하지는"", ""않게"", ""먹었을"", ""초록이"", ""춤을"", ""추는"", ""느낌"", ""손의"", ""속도를"", ""서두르지"", ""않는다"", ""보코치니와"", ""토마토를"", ""통밀"", ""크래커는"", ""옆에"", ""조용히"", ""기대어"", ""둔다"", ""그릇의"", ""중앙이"", ""넓어"", ""보인다"", ""의도한"", ""자리다"", ""비어"", ""공간이"", ""때로"", ""또렷하게"", ""만든다"", ""메모장에는"", ""작은"", ""체크가"", ""차곡차곡"", ""더해진다"", ""산도"", ""올림"", ""오일"", ""소금"", ""미세"", ""조정"", ""문장들"", ""하루가"", ""끝나면"", ""문장들만"", ""남는다"", ""나중에는"", ""아보카도를"", ""적당히"", ""얹거나"", ""연어를"", ""얇게"", ""보탤"", ""수도"", ""샐러드의"", ""리듬을"", ""깨지"", ""않도록"", ""포크로"", ""마지막으로"", ""가볍게"", ""결을"", ""맞춘다"", ""소금을"", ""올릴지"", ""잠깐"", ""생각하다가"", ""그만둔다"", ""충분하다는"", ""감각이"", ""온다"", ""싱크대에"", ""물을"", ""흘려"", ""보내고"", ""가게"", ""불을"", ""하나씩"", ""끈다"", ""공기가"", ""금방"", ""식는다"", ""정도면"", ""여기까지다"", ""내일은"", ""내일의"", ""속도로"", ""것을"", ""반복하면"", ""된다""]","[""사라다풀"", ""사라다풀이시아본점"", ""사라다풀수성점"", ""이시아본점"", ""이시아폴리스"", ""대구맛집"", ""동구맛집"", ""수성구맛집"", ""대구남구맛집"", ""남구맛집"", ""샐러드"", ""샐러드신메뉴"", ""신메뉴"", ""건강한한끼"", ""오늘을가볍게"", ""그린댄스샐러드"", ""화이트발사믹"", ""통밀크래커"", ""병아리콩"", ""쿠스쿠스"", ""보코치니"", ""올리브"", ""토마토"", ""브런치카페"", ""대구카페"", ""포장가능"", ""방문포장"", ""배달의민족"", ""쿠팡이츠"", ""네이버페이""]","[""바쁜"", ""현대인을"", ""요약"", ""조만간"", ""샐러드"", ""신메뉴"", ""나옵니다"", ""사라다풀로"", ""오세요"", ""행복하세요"", ""이번에"", ""새로"", ""준비"", ""중인"", ""샐러드는"", ""메인"", ""토핑을"", ""올리지"", ""않는다"", ""그만큼"", ""겹이"", ""비어"", ""보일"", ""있다는"", ""안다"", ""산도를"", ""올린다"", ""화이트"", ""발사믹과"", ""올리브오일의"", ""균형을"", ""가볍게"", ""맞추고"", ""소금은"", ""숨을"", ""죽여"", ""넣는다"", ""병아리콩은"", ""씻어"", ""물기를"", ""빼고"", ""쿠스쿠스는"", ""물을"", ""부어"", ""결을"", ""살려"", ""둔다"", ""토마토는"", ""씨를"", ""빼지"", ""않는다"", ""씨앗의"", ""젤이"", ""재료의"", ""마른"", ""결을"", ""묶어"", ""준다"", ""보코치니는"", ""대신"", ""손으로"", ""찢는다"", ""손끝의"", ""둔함이"", ""흔든다"", ""건강한"", ""통밀"", ""크래커를"", ""곁들인다"", ""바삭한"", ""결이"", ""잎의"", ""수분을"", ""단정하게"", ""받쳐"", ""준다"", ""잎을"", ""깔고"", ""쿠스쿠스를"", ""얹고"", ""병아리콩과"", ""올리브를"", ""흩뿌린다"", ""드레싱을"", ""얇게"", ""돌려"", ""준다"", ""과하지는"", ""않게"", ""먹었을"", ""초록이"", ""춤을"", ""추는"", ""느낌"", ""손의"", ""속도를"", ""서두르지"", ""않는다"", ""보코치니와"", ""토마토를"", ""통밀"", ""크래커는"", ""옆에"", ""조용히"", ""기대어"", ""둔다"", ""그릇의"", ""중앙이"", ""넓어"", ""보인다"", ""의도한"", ""자리다"", ""비어"", ""공간이"", ""때로"", ""또렷하게"", ""만든다"", ""메모장에는"", ""작은"", ""체크가"", ""차곡차곡"", ""더해진다"", ""산도"", ""올림"", ""오일"", ""소금"", ""미세"", ""조정"", ""문장들"", ""하루가"", ""끝나면"", ""문장들만"", ""남는다"", ""나중에는"", ""아보카도를"", ""적당히"", ""얹거나"", ""연어를"", ""얇게"", ""보탤"", ""수도"", ""샐러드의"", ""리듬을"", ""깨지"", ""않도록"", ""포크로"", ""마지막으로"", ""가볍게"", ""결을"", ""맞춘다"", ""소금을"", ""올릴지"", ""잠깐"", ""생각하다가"", ""그만둔다"", ""충분하다는"", ""감각이"", ""온다"", ""싱크대에"", ""물을"", ""흘려"", ""보내고"", ""가게"", ""불을"", ""하나씩"", ""끈다"", ""공기가"", ""금방"", ""식는다"", ""정도면"", ""여기까지다"", ""내일은"", ""내일의"", ""속도로"", ""것을"", ""반복하면"", ""된다"", ""사라다풀"", ""사라다풀이시아본점"", ""사라다풀수성점"", ""이시아본점"", ""이시아폴리스"", ""대구맛집"", ""동구맛집"", ""수성구맛집"", ""대구남구맛집"", ""남구맛집"", ""샐러드"", ""샐러드신메뉴"", ""신메뉴"", ""건강한한끼"", ""오늘을가볍게"", ""그린댄스샐러드"", ""화이트발사믹"", ""통밀크래커"", ""병아리콩"", ""쿠스쿠스"", ""보코치니"", ""올리브"", ""토마토"", ""브런치카페"", ""대구카페"", ""포장가능"", ""방문포장"", ""배달의민족"", ""쿠팡이츠"", ""네이버페이""]"
https://www.instagram.com/p/DQIzqxTDxl1/,.점심은 가볍게 리코타 치즈 샐러드몸도 가벼워졌으면.......#일상그램 #리코타치즈샐러드 #점심#점심먹고걷기 #구내식당 #샐러드,일상그램;리코타치즈샐러드;점심;점심먹고걷기;구내식당;샐러드,점심은 가볍게 리코타 치즈 샐러드몸도 가벼워졌으면 #일상그램 #리코타치즈샐러드 #점심#점심먹고걷기 #구내식당 #샐러드,"[""점심은"", ""가볍게"", ""리코타"", ""치즈"", ""샐러드몸도"", ""가벼워졌으면""]","[""일상그램"", ""리코타치즈샐러드"", ""점심"", ""점심먹고걷기"", ""구내식당"", ""샐러드""]","[""점심은"", ""가볍게"", ""리코타"", ""치즈"", ""샐러드몸도"", ""가벼워졌으면"", ""일상그램"", ""리코타치즈샐러드"", ""점심"", ""점심먹고걷기"", ""구내식당"", ""샐러드""]"
https://www.instagram.com/p/DQHR4Iwj10v/,저녁은 일반식 먹음 밥은 반 공기.. 컨디션 이슈로 운동 쉬는날.🤒#20251022 #샐러드 #식단 #diet #도시락,20251022;샐러드;식단;diet;도시락,저녁은 일반식 먹음 밥은 반 공기 컨디션 이슈로 운동 쉬는날 # #샐러드 #식단 # #도시락,"[""저녁은"", ""일반식"", ""먹음"", ""밥은"", ""공기"", ""컨디션"", ""이슈로"", ""운동"", ""쉬는날""]","[""샐러드"", ""식단"", ""도시락""]","[""저녁은"", ""일반식"", ""먹음"", ""밥은"", ""공기"", ""컨디션"", ""이슈로"", ""운동"", ""쉬는날"", ""샐러드"", ""식단"", ""도시락""]"
https://www.instagram.com/p/DQI4EaXEXUy/c/17982759641754963/,⭐새우에그샐러드눈으로 먼저 먹는 순식이네 샐러드~ 이쁘고 영양도 골고루 심지어 드레싱도 수제!!정성 가득한 샐러드 준비해 두었어요~다이어트도 순수하세요🤗#새우샐러드 #샐러드 #샐러드맛집 #쉬림프샐러드,새우샐러드;샐러드;샐러드맛집;쉬림프샐러드,새우에그샐러드눈으로 먼저 먹는 순식이네 샐러드 이쁘고 영양도 골고루 심지어 드레싱도 수제 정성 가득한 샐러드 준비해 두었어요 다이어트도 순수하세요 #새우샐러드 #샐러드 #샐러드맛집 #쉬림프샐러드,"[""새우에그샐러드눈으로"", ""순식이네"", ""샐러드"", ""이쁘고"", ""영양도"", ""골고루"", ""심지어"", ""드레싱도"", ""수제"", ""정성"", ""가득한"", ""샐러드"", ""준비해"", ""두었어요"", ""다이어트도"", ""순수하세요""]","[""새우샐러드"", ""샐러드"", ""샐러드맛집"", ""쉬림프샐러드""]","[""새우에그샐러드눈으로"", ""순식이네"", ""샐러드"", ""이쁘고"", ""영양도"", ""골고루"", ""심지어"", ""드레싱도"", ""수제"", ""정성"", ""가득한"", ""샐러드"", ""준비해"", ""두었어요"", ""다이어트도"", ""순수하세요"", ""새우샐러드"", ""샐러드"", ""샐러드맛집"", ""쉬림프샐러드""]"
https://www.instagram.com/p/DLWjzEHSnCs/c/18068987525008461/,러블리제이브레드 처음으로 우삼겹 준비해봤는데어떠셨을까요?준비한 샐러드는 모두 품절되었어요맛있는 식사 되셨길♡#러블리제이브레드 #러블리제이브레드 #사워도우브레드 #깜파뉴 #바게트 #치아바타 #샐러드 #샌드위치 #샐드위치 #토핑유부초밥 #스프 #브리오슈식빵 #명란바게트 #포카치아 #통밀식빵 #통밀베이글 #수제그래놀라 #삼척건강빵,러블리제이브레드;사워도우브레드;깜파뉴;바게트;치아바타;샐러드;샌드위치;샐드위치;토핑유부초밥;스프;브리오슈식빵;명란바게트;포카치아;통밀식빵;통밀베이글;수제그래놀라;삼척건강빵,러블리제이브레드 처음으로 우삼겹 준비해봤는데어떠셨을까요 준비한 샐러드는 모두 품절되었어요맛있는 식사 되셨길 #러블리제이브레드 #러블리제이브레드 #사워도우브레드 #깜파뉴 #바게트 #치아바타 #샐러드 #샌드위치 #샐드위치 #토핑유부초밥 #스프 #브리오슈식빵 #명란바게트 #포카치아 #통밀식빵 #통밀베이글 #수제그래놀라 #삼척건강빵,"[""러블리제이브레드"", ""처음으로"", ""우삼겹"", ""준비해봤는데어떠셨을까요"", ""준비한"", ""샐러드는"", ""품절되었어요맛있는"", ""식사"", ""되셨길""]","[""러블리제이브레드"", ""사워도우브레드"", ""깜파뉴"", ""바게트"", ""치아바타"", ""샐러드"", ""샌드위치"", ""샐드위치"", ""토핑유부초밥"", ""스프"", ""브리오슈식빵"", ""명란바게트"", ""포카치아"", ""통밀식빵"", ""통밀베이글"", ""수제그래놀라"", ""삼척건강빵""]","[""러블리제이브레드"", ""처음으로"", ""우삼겹"", ""준비해봤는데어떠셨을까요"", ""준비한"", ""샐러드는"", ""품절되었어요맛있는"", ""식사"", ""되셨길"", ""러블리제이브레드"", ""사워도우브레드"", ""깜파뉴"", ""바게트"", ""치아바타"", ""샐러드"", ""샌드위치"", ""샐드위치"", ""토핑유부초밥"", ""스프"", ""브리오슈식빵"", ""명란바게트"", ""포카치아"", ""통밀식빵"", ""통밀베이글"", ""수제그래놀라"", ""삼척건강빵""]"
https://www.instagram.com/p/DQIp5kngdlX/c/18094693192838519/,저녁 메뉴 🍚먼저 퇴근한 남편이 차려준 밥상 🥢채끝살 + 차돌된장찌개 + 샐러드 #채끝살 #차돌된장찌개 #샐러드 #밥상일기 #집밥 #쀼스타그램 #저녁식사🍴 #집밥메뉴 #저녁밥상 #집스타스램 #밥스타그램,채끝살;차돌된장찌개;샐러드;밥상일기;집밥;쀼스타그램;저녁식사;집밥메뉴;저녁밥상;집스타스램;밥스타그램,저녁 메뉴 먼저 퇴근한 남편이 차려준 밥상 채끝살 차돌된장찌개 샐러드 #채끝살 #차돌된장찌개 #샐러드 #밥상일기 #집밥 #쀼스타그램 #저녁식사 #집밥메뉴 #저녁밥상 #집스타스램 #밥스타그램,"[""저녁"", ""퇴근한"", ""남편이"", ""차려준"", ""밥상"", ""채끝살"", ""차돌된장찌개"", ""샐러드""]","[""채끝살"", ""차돌된장찌개"", ""샐러드"", ""밥상일기"", ""집밥"", ""쀼스타그램"", ""저녁식사"", ""집밥메뉴"", ""저녁밥상"", ""집스타스램"", ""밥스타그램""]","[""저녁"", ""퇴근한"", ""남편이"", ""차려준"", ""밥상"", ""채끝살"", ""차돌된장찌개"", ""샐러드"", ""채끝살"", ""차돌된장찌개"", ""샐러드"", ""밥상일기"", ""집밥"", ""쀼스타그램"", ""저녁식사"", ""집밥메뉴"", ""저녁밥상"", ""집스타스램"", ""밥스타그램""]"
https://www.instagram.com/p/DAiWX2cPbOd/c/17999252510623680/,"카페운영중이신 사장님과 함께 오늘은 포케 수업이 진행되었습니다. 수업 내내 너무 따뜻한 마음이 느껴져서 몇 번을 울컥울컥🥹 했는지 몰라요,, 꼭 우리 포케 잘해내서 다시 또 만나자고 했답니다. 분명 잘 해내실 거예요🫶🏻",,카페운영중이신 사장님과 함께 오늘은 포케 수업이 진행되었습니다 수업 내내 너무 따뜻한 마음이 느껴져서 몇 번을 울컥울컥 했는지 몰라요 꼭 우리 포케 잘해내서 다시 또 만나자고 했답니다 분명 잘 해내실 거예요,"[""카페운영중이신"", ""사장님과"", ""함께"", ""포케"", ""수업이"", ""진행되었습니다"", ""내내"", ""따뜻한"", ""느껴져서"", ""번을"", ""울컥울컥"", ""했는지"", ""몰라요"", ""포케"", ""잘해내서"", ""만나자고"", ""했답니다"", ""해내실"", ""거예요""]","[""카페운영중이신"", ""사장님과"", ""함께"", ""포케"", ""수업이"", ""진행되었습니다"", ""내내"", ""따뜻한"", ""느껴져서"", ""번을"", ""울컥울컥"", ""했는지"", ""몰라요"", ""포케"", ""잘해내서"", ""만나자고"", ""했답니다"", ""해내실"", ""거예요""]","[""카페운영중이신"", ""사장님과"", ""함께"", ""포케"", ""수업이"", ""진행되었습니다"", ""내내"", ""따뜻한"", ""느껴져서"", ""번을"", ""울컥울컥"", ""했는지"", ""몰라요"", ""포케"", ""잘해내서"", ""만나자고"", ""했답니다"", ""해내실"", ""거예요"", ""카페운영중이신"", ""사장님과"", ""함께"", ""포케"", ""수업이"", ""진행되었습니다"", ""내내"", ""따뜻한"", ""느껴져서"", ""번을"", ""울컥울컥"", ""했는지"", ""몰라요"", ""포케"", ""잘해내서"", ""만나자고"", ""했답니다"", ""해내실"", ""거예요""]"
https://www.instagram.com/p/DJ4LOqVT4po/,부산샐러드맛집 #샐러드 #맛집#원픽샌드위치샐러드 #양정동맛집,샐러드;맛집;원픽샌드위치샐러드;양정동맛집,부산샐러드맛집 #샐러드 #맛집#원픽샌드위치샐러드 #양정동맛집,"[""부산샐러드맛집""]","[""샐러드"", ""맛집"", ""원픽샌드위치샐러드"", ""양정동맛집""]","[""부산샐러드맛집"", ""샐러드"", ""맛집"", ""원픽샌드위치샐러드"", ""양정동맛집""]"
https://www.instagram.com/p/DQImrulCWWl/,"🐇⏱️Time to eat vegan salad.푸른델리의 첫 번째 샐러드, 그린요즘 매일, 늦은 점심이지만 샐러드를 챙겨먹으며 몸의 반응을 느껴봅니다. 저는 눈과 머리가 맑아지고 몸이 즐거워하는 느낌을 받아요. 그리고 속이 너무 편안한 포만감으로 저녁 시간까지 간식을 챙기지 않아도 버틸 수가 있네요. 좋은 오일과 견과류 덕분에요:) 특히 홈메이드 레몬 코디얼로 만든 드레싱을 먹을때는 진한 상큼함에 스트레스도 풀려버립니다. 매일, 샐러드 한끼는 꼭 챙겨보세요! 목요일에도 지구와 그 속이 사는 생명들 그리고 나를 사랑하는 건강한 비건 일상, 푸른델리와 함께 해요. 🤍Have a peaceful day filled with love....▫️오늘의 메뉴 {베이글 샌드위치}버섯 아보카도칙피 커틀렛 두부에그 & 템페 베이컨 바질 토마토 모짜렐라 토마토 치즈{왕만두 베이글}오리지널_오늘은 양파 베이글에 만두소를 넣었습니다. {스프}트리플 트러플 머쉬룸 스프{샐러드}그린 샐러드(드레싱: 들기름오리엔탈, 레몬 코디얼}{디저트}브라우니{음료}홈메이드 에이드레몬티착즙 쥬스.....🛵쿠팡이츠, 배달의 민족#푸른델리 #비건 #비건카페 #비건샌드위치 #비건베이글 #비건빵 #비건샐러드 #샌드위치 #베이글 #빵 #샐러드 #성수동맛집 #서울숲맛집 #베이글카페 #베이글맛집",푸른델리;비건;비건카페;비건샌드위치;비건베이글;비건빵;비건샐러드;샌드위치;베이글;빵;샐러드;성수동맛집;서울숲맛집;베이글카페;베이글맛집,푸른델리의 첫 번째 샐러드 그린요즘 매일 늦은 점심이지만 샐러드를 챙겨먹으며 몸의 반응을 느껴봅니다 저는 눈과 머리가 맑아지고 몸이 즐거워하는 느낌을 받아요 그리고 속이 너무 편안한 포만감으로 저녁 시간까지 간식을 챙기지 않아도 버틸 수가 있네요 좋은 오일과 견과류 덕분에요 특히 홈메이드 레몬 코디얼로 만든 드레싱을 먹을때는 진한 상큼함에 스트레스도 풀려버립니다 매일 샐러드 한끼는 꼭 챙겨보세요 목요일에도 지구와 그 속이 사는 생명들 그리고 나를 사랑하는 건강한 비건 일상 푸른델리와 함께 해요 오늘의 메뉴 베이글 샌드위치 버섯 아보카도칙피 커틀렛 두부에그 템페 베이컨 바질 토마토 모짜렐라 토마토 치즈 왕만두 베이글 오리지널 오늘은 양파 베이글에 만두소를 넣었습니다 스프 트리플 트러플 머쉬룸 스프 샐러드 그린 샐러드 드레싱 들기름오리엔탈 레몬 코디얼 디저트 브라우니 음료 홈메이드 에이드레몬티착즙 쥬스 쿠팡이츠 배달의 민족#푸른델리 #비건 #비건카페 #비건샌드위치 #비건베이글 #비건빵 #비건샐러드 #샌드위치 #베이글 #빵 #샐러드 #성수동맛집 #서울숲맛집 #베이글카페 #베이글맛집,"[""푸른델리의"", ""번째"", ""샐러드"", ""그린요즘"", ""매일"", ""늦은"", ""점심이지만"", ""샐러드를"", ""챙겨먹으며"", ""몸의"", ""반응을"", ""느껴봅니다"", ""눈과"", ""머리가"", ""맑아지고"", ""몸이"", ""즐거워하는"", ""느낌을"", ""받아요"", ""속이"", ""편안한"", ""포만감으로"", ""저녁"", ""시간까지"", ""간식을"", ""챙기지"", ""않아도"", ""버틸"", ""수가"", ""있네요"", ""오일과"", ""견과류"", ""덕분에요"", ""특히"", ""홈메이드"", ""레몬"", ""코디얼로"", ""만든"", ""드레싱을"", ""먹을때는"", ""상큼함에"", ""스트레스도"", ""풀려버립니다"", ""매일"", ""샐러드"", ""한끼는"", ""챙겨보세요"", ""목요일에도"", ""지구와"", ""속이"", ""사는"", ""생명들"", ""나를"", ""사랑하는"", ""건강한"", ""비건"", ""일상"", ""푸른델리와"", ""함께"", ""베이글"", ""샌드위치"", ""버섯"", ""아보카도칙피"", ""커틀렛"", ""두부에그"", ""템페"", ""베이컨"", ""바질"", ""토마토"", ""모짜렐라"", ""토마토"", ""치즈"", ""왕만두"", ""베이글"", ""오리지널"", ""양파"", ""베이글에"", ""만두소를"", ""넣었습니다"", ""스프"", ""트리플"", ""트러플"", ""머쉬룸"", ""스프"", ""샐러드"", ""그린"", ""샐러드"", ""드레싱"", ""들기름오리엔탈"", ""레몬"", ""코디얼"", ""디저트"", ""브라우니"", ""음료"", ""홈메이드"", ""에이드레몬티착즙"", ""쥬스"", ""쿠팡이츠"", ""배달의"", ""민족""]","[""푸른델리"", ""비건"", ""비건카페"", ""비건샌드위치"", ""비건베이글"", ""비건빵"", ""비건샐러드"", ""샌드위치"", ""베이글"", ""샐러드"", ""성수동맛집"", ""서울숲맛집"", ""베이글카페"", ""베이글맛집""]","[""푸른델리의"", ""번째"", ""샐러드"", ""그린요즘"", ""매일"", ""늦은"", ""점심이지만"", ""샐러드를"", ""챙겨먹으며"", ""몸의"", ""반응을"", ""느껴봅니다"", ""눈과"", ""머리가"", ""맑아지고"", ""몸이"", ""즐거워하는"", ""느낌을"", ""받아요"", ""속이"", ""편안한"", ""포만감으로"", ""저녁"", ""시간까지"", ""간식을"", ""챙기지"", ""않아도"", ""버틸"", ""수가"", ""있네요"", ""오일과"", ""견과류"", ""덕분에요"", ""특히"", ""홈메이드"", ""레몬"", ""코디얼로"", ""만든"", ""드레싱을"", ""먹을때는"", ""상큼함에"", ""스트레스도"", ""풀려버립니다"", ""매일"", ""샐러드"", ""한끼는"", ""챙겨보세요"", ""목요일에도"", ""지구와"", ""속이"", ""사는"", ""생명들"", ""나를"", ""사랑하는"", ""건강한"", ""비건"", ""일상"", ""푸른델리와"", ""함께"", ""베이글"", ""샌드위치"", ""버섯"", ""아보카도칙피"", ""커틀렛"", ""두부에그"", ""템페"", ""베이컨"", ""바질"", ""토마토"", ""모짜렐라"", ""토마토"", ""치즈"", ""왕만두"", ""베이글"", ""오리지널"", ""양파"", ""베이글에"", ""만두소를"", ""넣었습니다"", ""스프"", ""트리플"", ""트러플"", ""머쉬룸"", ""스프"", ""샐러드"", ""그린"", ""샐러드"", ""드레싱"", ""들기름오리엔탈"", ""레몬"", ""코디얼"", ""디저트"", ""브라우니"", ""음료"", ""홈메이드"", ""에이드레몬티착즙"", ""쥬스"", ""쿠팡이츠"", ""배달의"", ""민족"", ""푸른델리"", ""비건"", ""비건카페"", ""비건샌드위치"", ""비건베이글"", ""비건빵"", ""비건샐러드"", ""샌드위치"", ""베이글"", ""샐러드"", ""성수동맛집"", ""서울숲맛집"", ""베이글카페"", ""베이글맛집""]"
https://www.instagram.com/p/DQIWaVfE7Je/,아싸 오늘 점심때 맛있는거 먹는다!(이제 말라깽이 아니다. 고만 먹자.)#에그베이컨토스트#오랫만에혈당쫙올리기#양심상#샐러드#사과#두유,에그베이컨토스트;오랫만에혈당쫙올리기;양심상;샐러드;사과;두유,아싸 오늘 점심때 맛있는거 먹는다 이제 말라깽이 아니다 고만 먹자 #에그베이컨토스트#오랫만에혈당쫙올리기#양심상#샐러드#사과#두유,"[""아싸"", ""점심때"", ""맛있는거"", ""말라깽이"", ""고만"", ""먹자""]","[""에그베이컨토스트"", ""오랫만에혈당쫙올리기"", ""양심상"", ""샐러드"", ""사과"", ""두유""]","[""아싸"", ""점심때"", ""맛있는거"", ""말라깽이"", ""고만"", ""먹자"", ""에그베이컨토스트"", ""오랫만에혈당쫙올리기"", ""양심상"", ""샐러드"", ""사과"", ""두유""]"
https://www.instagram.com/p/DQJbCzSEnRm/c/17882140260404747/,오늘은 가볍게 샐러드.#샐러드 #건강식 #가벼운한끼,샐러드;건강식;가벼운한끼,오늘은 가볍게 샐러드 #샐러드 #건강식 #가벼운한끼,"[""가볍게"", ""샐러드""]","[""샐러드"", ""건강식"", ""가벼운한끼""]","[""가볍게"", ""샐러드"", ""샐러드"", ""건강식"", ""가벼운한끼""]"
https://www.instagram.com/p/DQG1r9UEnhd/c/18130780420475578/,Fresh & Sweet moments at MIU오늘도 미유에서 리셋하세요#미유 #카페 #미유카페 #샐러드 #샌드위치 #가산현대아울렛점 #광화문 #콘코디언 #miu #Cafe #Cafe Miu,미유;카페;미유카페;샐러드;샌드위치;가산현대아울렛점;광화문;콘코디언;miu;Cafe,오늘도 미유에서 리셋하세요#미유 #카페 #미유카페 #샐러드 #샌드위치 #가산현대아울렛점 #광화문 #콘코디언 # # #,"[""미유에서"", ""리셋하세요""]","[""미유"", ""카페"", ""미유카페"", ""샐러드"", ""샌드위치"", ""가산현대아울렛점"", ""광화문"", ""콘코디언""]","[""미유에서"", ""리셋하세요"", ""미유"", ""카페"", ""미유카페"", ""샐러드"", ""샌드위치"", ""가산현대아울렛점"", ""광화문"", ""콘코디언""]"
https://www.instagram.com/p/DQHSEsrkhyw/,요즘 꽂힌 음식 🍲  샐러드올리브오일과 후추만 있다면 뭐든 샐러드 재료가 된다#샐러드 #불태우지말아줘,샐러드;불태우지말아줘,요즘 꽂힌 음식 샐러드올리브오일과 후추만 있다면 뭐든 샐러드 재료가 된다#샐러드 #불태우지말아줘,"[""꽂힌"", ""샐러드올리브오일과"", ""후추만"", ""있다면"", ""뭐든"", ""샐러드"", ""재료가"", ""된다""]","[""샐러드"", ""불태우지말아줘""]","[""꽂힌"", ""샐러드올리브오일과"", ""후추만"", ""있다면"", ""뭐든"", ""샐러드"", ""재료가"", ""된다"", ""샐러드"", ""불태우지말아줘""]"
https://www.instagram.com/p/DQIc0OhE1Eg/,저녁은 채소파티🥕🥒🧅🫑#월남쌈 #채소 #다이어트 #홈트 #건강 #맛스타그램 #맛집#instafood #먹방 #freshfood #운동 #운동맘 #육아맘#샐러드 #food #맛점,월남쌈;채소;다이어트;홈트;건강;맛스타그램;맛집;instafood;먹방;freshfood;운동;운동맘;육아맘;샐러드;food;맛점,저녁은 채소파티 #월남쌈 #채소 #다이어트 #홈트 #건강 #맛스타그램 #맛집# #먹방 # #운동 #운동맘 #육아맘#샐러드 # #맛점,"[""저녁은"", ""채소파티""]","[""월남쌈"", ""채소"", ""다이어트"", ""홈트"", ""건강"", ""맛스타그램"", ""맛집"", ""먹방"", ""운동"", ""운동맘"", ""육아맘"", ""샐러드"", ""맛점""]","[""저녁은"", ""채소파티"", ""월남쌈"", ""채소"", ""다이어트"", ""홈트"", ""건강"", ""맛스타그램"", ""맛집"", ""먹방"", ""운동"", ""운동맘"", ""육아맘"", ""샐러드"", ""맛점""]"
https://www.instagram.com/p/DQIo-pIE7p4/,#크림스파게티#샐러드,크림스파게티;샐러드,#크림스파게티#샐러드,[],"[""크림스파게티"", ""샐러드""]","[""크림스파게티"", ""샐러드""]"
https://www.instagram.com/p/DQJXj8WCebO/c/18154828069396215/,"2025년 10월 23일 점심🌱 달수 고구마, 홍감자, 루비에스 사과 루꼴라 샐러드, 매일두유연수 다녀오느라 오늘도 초간단😇 감자보다 고구마파인데 이번 홍감자가 너무너무 부드럽고 촉촉하고 맛있었어요🥹 샐러드에는 찐 양배추와 청상추, 루꼴라, 루비에스 사과, 아몬드에 발사믹 식초, 올리브유, 소금, 후추! 모든 재료는 어글리어스😌",,년 월 일 점심 달수 고구마 홍감자 루비에스 사과 루꼴라 샐러드 매일두유연수 다녀오느라 오늘도 초간단 감자보다 고구마파인데 이번 홍감자가 너무너무 부드럽고 촉촉하고 맛있었어요 샐러드에는 찐 양배추와 청상추 루꼴라 루비에스 사과 아몬드에 발사믹 식초 올리브유 소금 후추 모든 재료는 어글리어스,"[""점심"", ""달수"", ""고구마"", ""홍감자"", ""루비에스"", ""사과"", ""루꼴라"", ""샐러드"", ""매일두유연수"", ""다녀오느라"", ""초간단"", ""감자보다"", ""고구마파인데"", ""홍감자가"", ""너무너무"", ""부드럽고"", ""촉촉하고"", ""맛있었어요"", ""샐러드에는"", ""양배추와"", ""청상추"", ""루꼴라"", ""루비에스"", ""사과"", ""아몬드에"", ""발사믹"", ""식초"", ""올리브유"", ""소금"", ""후추"", ""재료는"", ""어글리어스""]","[""점심"", ""달수"", ""고구마"", ""홍감자"", ""루비에스"", ""사과"", ""루꼴라"", ""샐러드"", ""매일두유연수"", ""다녀오느라"", ""초간단"", ""감자보다"", ""고구마파인데"", ""홍감자가"", ""너무너무"", ""부드럽고"", ""촉촉하고"", ""맛있었어요"", ""샐러드에는"", ""양배추와"", ""청상추"", ""루꼴라"", ""루비에스"", ""사과"", ""아몬드에"", ""발사믹"", ""식초"", ""올리브유"", ""소금"", ""후추"", ""재료는"", ""어글리어스""]","[""점심"", ""달수"", ""고구마"", ""홍감자"", ""루비에스"", ""사과"", ""루꼴라"", ""샐러드"", ""매일두유연수"", ""다녀오느라"", ""초간단"", ""감자보다"", ""고구마파인데"", ""홍감자가"", ""너무너무"", ""부드럽고"", ""촉촉하고"", ""맛있었어요"", ""샐러드에는"", ""양배추와"", ""청상추"", ""루꼴라"", ""루비에스"", ""사과"", ""아몬드에"", ""발사믹"", ""식초"", ""올리브유"", ""소금"", ""후추"", ""재료는"", ""어글리어스"", ""점심"", ""달수"", ""고구마"", ""홍감자"", ""루비에스"", ""사과"", ""루꼴라"", ""샐러드"", ""매일두유연수"", ""다녀오느라"", ""초간단"", ""감자보다"", ""고구마파인데"", ""홍감자가"", ""너무너무"", ""부드럽고"", ""촉촉하고"", ""맛있었어요"", ""샐러드에는"", ""양배추와"", ""청상추"", ""루꼴라"", ""루비에스"", ""사과"", ""아몬드에"", ""발사믹"", ""식초"", ""올리브유"", ""소금"", ""후추"", ""재료는"", ""어글리어스""]"
https://www.instagram.com/p/DQJBAPegVt8/,현재햄치즈에그샌드위치 4개우삼겹메밀면샐러드 6개또띠아월남쌈샐러드 3개남아있습니다 .무화과크림치즈휘낭시에 군고구마크렘브뤨레휘낭시에 솔드아웃입니다 .나머지 디저트류는 여유있습니다 ..#촌스마마_화_수_목_금_낮12시오픈입니다#촌스마마 #핸드메이드 #많이달지않은마카롱 #쫀득한마카롱#좋은재료와정성은진리다 #마카롱 #샐러드 #샌드위치 #마카롱맛집 #샌드위치맛집 #샐러드맛집 #곡성 #남원 #순천 #광주 #곡성뚝방마켓 #곡성마카롱,촌스마마_화_수_목_금_낮12시오픈입니다;촌스마마;핸드메이드;많이달지않은마카롱;쫀득한마카롱;좋은재료와정성은진리다;마카롱;샐러드;샌드위치;마카롱맛집;샌드위치맛집;샐러드맛집;곡성;남원;순천;광주;곡성뚝방마켓;곡성마카롱,현재햄치즈에그샌드위치 개우삼겹메밀면샐러드 개또띠아월남쌈샐러드 개남아있습니다 무화과크림치즈휘낭시에 군고구마크렘브뤨레휘낭시에 솔드아웃입니다 나머지 디저트류는 여유있습니다 #촌스마마 화 수 목 금 낮 시오픈입니다#촌스마마 #핸드메이드 #많이달지않은마카롱 #쫀득한마카롱#좋은재료와정성은진리다 #마카롱 #샐러드 #샌드위치 #마카롱맛집 #샌드위치맛집 #샐러드맛집 #곡성 #남원 #순천 #광주 #곡성뚝방마켓 #곡성마카롱,"[""현재햄치즈에그샌드위치"", ""개우삼겹메밀면샐러드"", ""개또띠아월남쌈샐러드"", ""개남아있습니다"", ""무화과크림치즈휘낭시에"", ""군고구마크렘브뤨레휘낭시에"", ""솔드아웃입니다"", ""나머지"", ""디저트류는"", ""여유있습니다""]","[""촌스마마"", ""촌스마마"", ""핸드메이드"", ""많이달지않은마카롱"", ""쫀득한마카롱"", ""좋은재료와정성은진리다"", ""마카롱"", ""샐러드"", ""샌드위치"", ""마카롱맛집"", ""샌드위치맛집"", ""샐러드맛집"", ""곡성"", ""남원"", ""순천"", ""광주""]","[""현재햄치즈에그샌드위치"", ""개우삼겹메밀면샐러드"", ""개또띠아월남쌈샐러드"", ""개남아있습니다"", ""무화과크림치즈휘낭시에"", ""군고구마크렘브뤨레휘낭시에"", ""솔드아웃입니다"", ""나머지"", ""디저트류는"", ""여유있습니다"", ""촌스마마"", ""촌스마마"", ""핸드메이드"", ""많이달지않은마카롱"", ""쫀득한마카롱"", ""좋은재료와정성은진리다"", ""마카롱"", ""샐러드"", ""샌드위치"", ""마카롱맛집"", ""샌드위치맛집"", ""샐러드맛집"", ""곡성"", ""남원"", ""순천"", ""광주""]"
https://www.instagram.com/p/DQImzSuEmCN/,_💕..#홈카페.아점으로푸짐하게 준비한#과일샐러드 🥗🍎🫑🍠🥚🥒🫐🍦🥬......#일상 #집밥 #아침 #점심 #저녁 #주부의일상#밥상 #샐러드 #차 #요거트 #블루베리요거트#사과 #무화과 #고구마 #삶은계란 #파프리카#양상추 #오이 #무화과샐러드 #홈카페그램,홈카페;과일샐러드;일상;집밥;아침;점심;저녁;주부의일상;밥상;샐러드;차;요거트;블루베리요거트;사과;무화과;고구마;삶은계란;파프리카;양상추;오이;무화과샐러드;홈카페그램,#홈카페 아점으로푸짐하게 준비한#과일샐러드 #일상 #집밥 #아침 #점심 #저녁 #주부의일상#밥상 #샐러드 #차 #요거트 #블루베리요거트#사과 #무화과 #고구마 #삶은계란 #파프리카#양상추 #오이 #무화과샐러드 #홈카페그램,"[""아점으로푸짐하게"", ""준비한""]","[""홈카페"", ""과일샐러드"", ""일상"", ""집밥"", ""아침"", ""점심"", ""저녁"", ""주부의일상"", ""밥상"", ""샐러드"", ""요거트"", ""블루베리요거트"", ""사과"", ""무화과"", ""고구마"", ""삶은계란"", ""파프리카"", ""양상추"", ""오이"", ""무화과샐러드"", ""홈카페그램""]","[""아점으로푸짐하게"", ""준비한"", ""홈카페"", ""과일샐러드"", ""일상"", ""집밥"", ""아침"", ""점심"", ""저녁"", ""주부의일상"", ""밥상"", ""샐러드"", ""요거트"", ""블루베리요거트"", ""사과"", ""무화과"", ""고구마"", ""삶은계란"", ""파프리카"", ""양상추"", ""오이"", ""무화과샐러드"", ""홈카페그램""]"
https://www.instagram.com/p/DQJgN3gEWZJ/c/18061738238387570/,#샐러드#불고기 참나물 샐러드#새콤달콤 고소한#요리는 즐거워급샐러드가 묵고싶어서 냉장고에 있는재료 ^^재료는 부족하지만 나름대로 맛나당,샐러드;불고기;새콤달콤;요리는,#샐러드#불고기 참나물 샐러드#새콤달콤 고소한#요리는 즐거워급샐러드가 묵고싶어서 냉장고에 있는재료 재료는 부족하지만 나름대로 맛나당,"[""참나물"", ""샐러드"", ""고소한"", ""즐거워급샐러드가"", ""묵고싶어서"", ""냉장고에"", ""있는재료"", ""재료는"", ""부족하지만"", ""나름대로"", ""맛나당""]","[""샐러드"", ""불고기"", ""새콤달콤"", ""요리는""]","[""참나물"", ""샐러드"", ""고소한"", ""즐거워급샐러드가"", ""묵고싶어서"", ""냉장고에"", ""있는재료"", ""재료는"", ""부족하지만"", ""나름대로"", ""맛나당"", ""샐러드"", ""불고기"", ""새콤달콤"", ""요리는""]"
https://www.instagram.com/p/DDkAxIivpZP/,ARiMi는 기존 수강하신 분들의 일정을 우선으로 예약해 드리고 있습니다.,,는 기존 수강하신 분들의 일정을 우선으로 예약해 드리고 있습니다,"[""수강하신"", ""분들의"", ""일정을"", ""우선으로"", ""예약해"", ""드리고""]","[""수강하신"", ""분들의"", ""일정을"", ""우선으로"", ""예약해"", ""드리고""]","[""수강하신"", ""분들의"", ""일정을"", ""우선으로"", ""예약해"", ""드리고"", ""수강하신"", ""분들의"", ""일정을"", ""우선으로"", ""예약해"", ""드리고""]"
https://www.instagram.com/p/DQJqff1k_Sl/,#운동#샐러드 갑자기 엄마 보고싶다 힝~ ㅜㅜ,운동;샐러드,#운동#샐러드 갑자기 엄마 보고싶다 힝 ㅜㅜ,"[""보고싶다"", ""ㅜㅜ""]","[""운동"", ""샐러드""]","[""보고싶다"", ""ㅜㅜ"", ""운동"", ""샐러드""]"
https://www.instagram.com/p/DQJXkA3knlk/,처음으로 내가 만든 야채 샐러드 🥗 #야채샐러드 #샐러드 #다이어트 #소통#카페#김해#부산,야채샐러드;샐러드;다이어트;소통;카페;김해;부산,처음으로 내가 만든 야채 샐러드 #야채샐러드 #샐러드 #다이어트 #소통#카페#김해#부산,"[""처음으로"", ""내가"", ""만든"", ""야채"", ""샐러드""]","[""야채샐러드"", ""샐러드"", ""다이어트"", ""소통"", ""카페"", ""김해"", ""부산""]","[""처음으로"", ""내가"", ""만든"", ""야채"", ""샐러드"", ""야채샐러드"", ""샐러드"", ""다이어트"", ""소통"", ""카페"", ""김해"", ""부산""]"
https://www.instagram.com/p/DQJKMLND9Tc/,리가토니면 샐러드와 고기숙주찜펜네랑 비슷할까 싶어 했는디 다음에는 다른면 써야지~ ..#샐러드 #가끔 #먹어유 #집밥요리,샐러드;가끔;먹어유;집밥요리,리가토니면 샐러드와 고기숙주찜펜네랑 비슷할까 싶어 했는디 다음에는 다른면 써야지 #샐러드 #가끔 #먹어유 #집밥요리,"[""리가토니면"", ""샐러드와"", ""고기숙주찜펜네랑"", ""비슷할까"", ""싶어"", ""했는디"", ""다음에는"", ""다른면"", ""써야지""]","[""샐러드"", ""가끔"", ""먹어유"", ""집밥요리""]","[""리가토니면"", ""샐러드와"", ""고기숙주찜펜네랑"", ""비슷할까"", ""싶어"", ""했는디"", ""다음에는"", ""다른면"", ""써야지"", ""샐러드"", ""가끔"", ""먹어유"", ""집밥요리""]"
https://www.instagram.com/p/DQJg73TD6wK/c/18138314956452119/,"SAUCIT은'All day chicken'이 되는 그날까지,SAUCIT은 소스를 중심으로 일상에서 즐길 수 있는 다양한 치킨 메뉴를 선보입니다.BOLDSAUCEBOLDERFLAVORS",,은 이 되는 그날까지 은 소스를 중심으로 일상에서 즐길 수 있는 다양한 치킨 메뉴를 선보입니다,"[""그날까지"", ""소스를"", ""중심으로"", ""일상에서"", ""다양한"", ""치킨"", ""메뉴를"", ""선보입니다""]","[""그날까지"", ""소스를"", ""중심으로"", ""일상에서"", ""다양한"", ""치킨"", ""메뉴를"", ""선보입니다""]","[""그날까지"", ""소스를"", ""중심으로"", ""일상에서"", ""다양한"", ""치킨"", ""메뉴를"", ""선보입니다"", ""그날까지"", ""소스를"", ""중심으로"", ""일상에서"", ""다양한"", ""치킨"", ""메뉴를"", ""선보입니다""]"
https://www.instagram.com/p/DQISxNYE0MX/,25년 10월 23일(목)입니다.✔찹쌀밥✔치킨 꿔바로우✔해물 김치전✔매콤 메추리알 떡조림✔직화 후랑크 볶음✔오이 탕탕이✔배추 김치✔얼큰 순두부국✔오늘의 샐러드: 치킨텐더 샐러드🍱직장인 도시락 & 단체모임도시락 🍚압력솥밥 모든메뉴 당일조리 원칙🚛무료 배송 & 잔반 용기 회수☎전화문의 : 010-7721-8377🆔카톡문의 : foodbox777 [친구추가 후 문의] #점심도시락#점심배달#샌드위치맛집#직장인도시락#의정부맛집#의정부도시락#민락동밥집#샐러드#기업도시락#병원도시락#사무실도시락#도시락#정기배송#월밥#도시락배달#단체도시락#도시락맛집#회사도시락#푸드박스#중식도시락#양주맛집#한끼#양주도시락#배달비무료#송우리도시락#포천도시락#정기도시락#샐러드도시락#동두천도시락,점심도시락;점심배달;샌드위치맛집;직장인도시락;의정부맛집;의정부도시락;민락동밥집;샐러드;기업도시락;병원도시락;사무실도시락;도시락;정기배송;월밥;도시락배달;단체도시락;도시락맛집;회사도시락;푸드박스;중식도시락;양주맛집;한끼;양주도시락;배달비무료;송우리도시락;포천도시락;정기도시락;샐러드도시락;동두천도시락,년 월 일 목 입니다 찹쌀밥 치킨 꿔바로우 해물 김치전 매콤 메추리알 떡조림 직화 후랑크 볶음 오이 탕탕이 배추 김치 얼큰 순두부국 오늘의 샐러드 치킨텐더 샐러드 직장인 도시락 단체모임도시락 압력솥밥 모든메뉴 당일조리 원칙 무료 배송 잔반 용기 회수 전화문의 카톡문의 친구추가 후 문의 #점심도시락#점심배달#샌드위치맛집#직장인도시락#의정부맛집#의정부도시락#민락동밥집#샐러드#기업도시락#병원도시락#사무실도시락#도시락#정기배송#월밥#도시락배달#단체도시락#도시락맛집#회사도시락#푸드박스#중식도시락#양주맛집#한끼#양주도시락#배달비무료#송우리도시락#포천도시락#정기도시락#샐러드도시락#동두천도시락,"[""찹쌀밥"", ""치킨"", ""꿔바로우"", ""해물"", ""김치전"", ""매콤"", ""메추리알"", ""떡조림"", ""직화"", ""후랑크"", ""볶음"", ""오이"", ""탕탕이"", ""배추"", ""김치"", ""얼큰"", ""순두부국"", ""샐러드"", ""치킨텐더"", ""샐러드"", ""직장인"", ""도시락"", ""단체모임도시락"", ""압력솥밥"", ""모든메뉴"", ""당일조리"", ""원칙"", ""배송"", ""잔반"", ""용기"", ""회수"", ""카톡문의"", ""친구추가""]","[""점심도시락"", ""점심배달"", ""샌드위치맛집"", ""직장인도시락"", ""의정부맛집"", ""의정부도시락"", ""민락동밥집"", ""샐러드"", ""기업도시락"", ""병원도시락"", ""사무실도시락"", ""도시락"", ""정기배송"", ""월밥"", ""도시락배달"", ""단체도시락"", ""도시락맛집"", ""회사도시락"", ""푸드박스"", ""중식도시락"", ""양주맛집"", ""한끼"", ""양주도시락"", ""배달비무료"", ""송우리도시락"", ""포천도시락"", ""정기도시락"", ""샐러드도시락"", ""동두천도시락""]","[""찹쌀밥"", ""치킨"", ""꿔바로우"", ""해물"", ""김치전"", ""매콤"", ""메추리알"", ""떡조림"", ""직화"", ""후랑크"", ""볶음"", ""오이"", ""탕탕이"", ""배추"", ""김치"", ""얼큰"", ""순두부국"", ""샐러드"", ""치킨텐더"", ""샐러드"", ""직장인"", ""도시락"", ""단체모임도시락"", ""압력솥밥"", ""모든메뉴"", ""당일조리"", ""원칙"", ""배송"", ""잔반"", ""용기"", ""회수"", ""카톡문의"", ""친구추가"", ""점심도시락"", ""점심배달"", ""샌드위치맛집"", ""직장인도시락"", ""의정부맛집"", ""의정부도시락"", ""민락동밥집"", ""샐러드"", ""기업도시락"", ""병원도시락"", ""사무실도시락"", ""도시락"", ""정기배송"", ""월밥"", ""도시락배달"", ""단체도시락"", ""도시락맛집"", ""회사도시락"", ""푸드박스"", ""중식도시락"", ""양주맛집"", ""한끼"", ""양주도시락"", ""배달비무료"", ""송우리도시락"", ""포천도시락"", ""정기도시락"", ""샐러드도시락"", ""동두천도시락""]"
https://www.instagram.com/p/DC7wEbxz5p3/,"#식단일기 #브로콜리샐러드날씨가 추워지니 웜샐러드❤️찜기에 감자 먼저 넣고 찌다가브로콜리 올려 3분 더 찌기!반숙란은 찬기 뺀 계란 넣고 13분30초!소스는 참깨 많이많이, 하프마요, 간장, 식초, 알룰로스포크에 3가지 같이 찍어서 한입에 먹음얼마나 맛있게요🥦🥔🥚.",식단일기;브로콜리샐러드,#식단일기 #브로콜리샐러드날씨가 추워지니 웜샐러드 찜기에 감자 먼저 넣고 찌다가브로콜리 올려 분 더 찌기 반숙란은 찬기 뺀 계란 넣고 분 초 소스는 참깨 많이많이 하프마요 간장 식초 알룰로스포크에 가지 같이 찍어서 한입에 먹음얼마나 맛있게요,"[""추워지니"", ""웜샐러드"", ""찜기에"", ""감자"", ""찌다가브로콜리"", ""찌기"", ""반숙란은"", ""찬기"", ""계란"", ""참깨"", ""많이많이"", ""하프마요"", ""간장"", ""식초"", ""알룰로스포크에"", ""찍어서"", ""한입에"", ""먹음얼마나"", ""맛있게요""]","[""식단일기"", ""브로콜리샐러드""]","[""추워지니"", ""웜샐러드"", ""찜기에"", ""감자"", ""찌다가브로콜리"", ""찌기"", ""반숙란은"", ""찬기"", ""계란"", ""참깨"", ""많이많이"", ""하프마요"", ""간장"", ""식초"", ""알룰로스포크에"", ""찍어서"", ""한입에"", ""먹음얼마나"", ""맛있게요"", ""식단일기"", ""브로콜리샐러드""]"
https://www.instagram.com/p/DQJqjnDE4Fh/c/18394494349133721/,"ㅤㅤ☀️ 에그마요잠봉치즈샌드위치☁️ 샐러드, 크림누룽지파스타🌙 샤브샤브💪🏼 오운완#식사일기 #숟가락의하루 #아침밥 #breakfast #아침메뉴 #사과 #시나노골드 #에그마요 #잠봉 #샌드위치 #sandwich #점심 #lunch #직장인 #점심메뉴 #샐러드 #파스타 #저녁 #dinner #저녁메뉴 #샤브샤브 #소고기 #야채 #메뉴추천 #오운완 #유산소 #싸이클",식사일기;숟가락의하루;아침밥;breakfast;아침메뉴;사과;시나노골드;에그마요;잠봉;샌드위치;sandwich;점심;lunch;직장인;점심메뉴;샐러드;파스타;저녁;dinner;저녁메뉴;샤브샤브;소고기;야채;메뉴추천;오운완;유산소;싸이클,ㅤㅤ 에그마요잠봉치즈샌드위치 샐러드 크림누룽지파스타 샤브샤브 오운완#식사일기 #숟가락의하루 #아침밥 # #아침메뉴 #사과 #시나노골드 #에그마요 #잠봉 #샌드위치 # #점심 # #직장인 #점심메뉴 #샐러드 #파스타 #저녁 # #저녁메뉴 #샤브샤브 #소고기 #야채 #메뉴추천 #오운완 #유산소 #싸이클,"[""ㅤㅤ"", ""에그마요잠봉치즈샌드위치"", ""샐러드"", ""크림누룽지파스타"", ""샤브샤브"", ""오운완""]","[""식사일기"", ""숟가락의하루"", ""아침밥"", ""아침메뉴"", ""사과"", ""시나노골드"", ""에그마요"", ""잠봉"", ""샌드위치"", ""점심"", ""직장인"", ""점심메뉴"", ""샐러드"", ""파스타"", ""저녁"", ""저녁메뉴"", ""샤브샤브"", ""소고기"", ""야채"", ""메뉴추천"", ""오운완"", ""유산소"", ""싸이클""]","[""ㅤㅤ"", ""에그마요잠봉치즈샌드위치"", ""샐러드"", ""크림누룽지파스타"", ""샤브샤브"", ""오운완"", ""식사일기"", ""숟가락의하루"", ""아침밥"", ""아침메뉴"", ""사과"", ""시나노골드"", ""에그마요"", ""잠봉"", ""샌드위치"", ""점심"", ""직장인"", ""점심메뉴"", ""샐러드"", ""파스타"", ""저녁"", ""저녁메뉴"", ""샤브샤브"", ""소고기"", ""야채"", ""메뉴추천"", ""오운완"", ""유산소"", ""싸이클""]"
https://www.instagram.com/p/DP40r1bE-b_/,"#스텔라하우스 #오늘의아침#영양만점#샐러드한접시에 다 담았다어제먹던 과일(샤인머스켓,귤,오이랑 대추,방울토마토에아침에 탓밭에서 상추랑 참나물깻닢이랑 민들레잎따고 가지하나뚝따서 어제밤먹고남은 소고기랑가래떡랑 같이 구워위에 소스촥~~영양소 끝판왕!샐러드 푸짐한 한상을차렸다!믹스커피한잔도#슬기로운시골생활#고요하게휠링하기이틀만 살아도 6개월치 피로가 쌱~~~가신것같다!고마워 얘들아어김없이새들의 합창소리가 아침을 더욱 풍성한 식탁으로 이끈다#아름다운바다마을 #에어비엔비 #민박문의전화 010 6338 0459",스텔라하우스;오늘의아침;영양만점;샐러드한접시에;슬기로운시골생활;고요하게휠링하기이틀만;아름다운바다마을;에어비엔비;민박문의전화,#스텔라하우스 #오늘의아침#영양만점#샐러드한접시에 다 담았다어제먹던 과일 샤인머스켓 귤 오이랑 대추 방울토마토에아침에 탓밭에서 상추랑 참나물깻닢이랑 민들레잎따고 가지하나뚝따서 어제밤먹고남은 소고기랑가래떡랑 같이 구워위에 소스촥 영양소 끝판왕 샐러드 푸짐한 한상을차렸다 믹스커피한잔도#슬기로운시골생활#고요하게휠링하기이틀만 살아도 개월치 피로가 쌱 가신것같다 고마워 얘들아어김없이새들의 합창소리가 아침을 더욱 풍성한 식탁으로 이끈다#아름다운바다마을 #에어비엔비 #민박문의전화,"[""담았다어제먹던"", ""과일"", ""샤인머스켓"", ""오이랑"", ""대추"", ""방울토마토에아침에"", ""탓밭에서"", ""상추랑"", ""참나물깻닢이랑"", ""민들레잎따고"", ""가지하나뚝따서"", ""어제밤먹고남은"", ""소고기랑가래떡랑"", ""구워위에"", ""소스촥"", ""영양소"", ""끝판왕"", ""샐러드"", ""푸짐한"", ""한상을차렸다"", ""믹스커피한잔도"", ""살아도"", ""개월치"", ""피로가"", ""가신것같다"", ""고마워"", ""얘들아어김없이새들의"", ""합창소리가"", ""아침을"", ""풍성한"", ""식탁으로"", ""이끈다""]","[""스텔라하우스"", ""오늘의아침"", ""영양만점"", ""샐러드한접시에"", ""슬기로운시골생활"", ""고요하게휠링하기이틀만"", ""아름다운바다마을"", ""에어비엔비"", ""민박문의전화""]","[""담았다어제먹던"", ""과일"", ""샤인머스켓"", ""오이랑"", ""대추"", ""방울토마토에아침에"", ""탓밭에서"", ""상추랑"", ""참나물깻닢이랑"", ""민들레잎따고"", ""가지하나뚝따서"", ""어제밤먹고남은"", ""소고기랑가래떡랑"", ""구워위에"", ""소스촥"", ""영양소"", ""끝판왕"", ""샐러드"", ""푸짐한"", ""한상을차렸다"", ""믹스커피한잔도"", ""살아도"", ""개월치"", ""피로가"", ""가신것같다"", ""고마워"", ""얘들아어김없이새들의"", ""합창소리가"", ""아침을"", ""풍성한"", ""식탁으로"", ""이끈다"", ""스텔라하우스"", ""오늘의아침"", ""영양만점"", ""샐러드한접시에"", ""슬기로운시골생활"", ""고요하게휠링하기이틀만"", ""아름다운바다마을"", ""에어비엔비"", ""민박문의전화""]"
https://www.instagram.com/p/DQJkqGhkk0y/c/18206491282313296/,"#whatieatinaday아침- 두꺼운 통호밀빵 1/2조각, 소금과 후추 뿌린 아보카도, 사과농축식초와 올리브오일 뿌린 방울토마토, 당근, 오이, 잎채소, 당근, 귤, 사과, 샤인머스캣, 반숙란, 두유말차라떼. Breakfast- 1/2 of a thick whole rye bread slice, avocado w/salt&pepper, veggies such as cherry tomatoes, carrot, cucumber, and leafy greens w/condensed apple vinegar&EVOO, soft boiled eggs, tangerine, apple&grape, and matcha soy latte. 점심- 현미카무트밥, 남은 시래기뼈해장국, 잎채소, 겉절이. (국 양이 많아서 나머지 반찬은 먹지 못했음.)Lunch- khorasan wheat&brown rice, leftover pork back bone soup w/dried cabbages, kimchi, and leafy greens. (the portion of the soup was larger than i thought. couldnt have the side dishes all on the plate.)간식 - 쑥코코넛두유그릭요거트, 찐 고구마, 삶은 병아리콩, 호박씨, 볶은 아마씨, 건 무화과. Snack- steamed sweet potato cubes, boiled chickpeas, thick mugwort coconut flavoured soy yogurt, roasted flaxseeds, pumpkin seeds, a dried fig piece. 저녁- 찐 감자와 팬굽 돼지고기 넣은 샐러드볼. Dinner- a salad bowl w/steamed potatoes&sautéed pork. 오늘은 좀 덜 춥다. 다음주부터 또 추워진다는데 아휴😂오늘 점심에 먹은 시래기뼈해장국이 생각보다 양이 많아서 김치 빼고는 꺼낸 반찬에 손을 못댔음. 간식은 요새 사랑하는 조합인 쑥과 고구마🥰코코넛가루를 살짝 넣어봤는데 조화가 괜찮았다. 오늘 운동루틴은 그제와 같음. 스쿼트숄더업, 벽에 엉덩이대고 벤트오버로우, 엎드려서 랫풀다운,스플릿스쿼트니업, 테이블 힙킥백, 어브덕션브릿지,슬로우버피, 호흡 훈련. 오늘은 운동하고나니까 약간 나른하다. 얼른 누워야겠음. 오늘도 잘 먹었다! #식단#식단일기#식단기록#fulldayofeating#다이어트#matcha#matchamorning#샐러드#salad#간식#말차라떼#말차#matchalatte#matchasoylatte#오운완",whatieatinaday아침;식단;식단일기;식단기록;fulldayofeating;다이어트;matcha;matchamorning;샐러드;salad;간식;말차라떼;말차;matchalatte;matchasoylatte;오운완,# 아침 두꺼운 통호밀빵 조각 소금과 후추 뿌린 아보카도 사과농축식초와 올리브오일 뿌린 방울토마토 당근 오이 잎채소 당근 귤 사과 샤인머스캣 반숙란 두유말차라떼 점심 현미카무트밥 남은 시래기뼈해장국 잎채소 겉절이 국 양이 많아서 나머지 반찬은 먹지 못했음 간식 쑥코코넛두유그릭요거트 찐 고구마 삶은 병아리콩 호박씨 볶은 아마씨 건 무화과 저녁 찐 감자와 팬굽 돼지고기 넣은 샐러드볼 오늘은 좀 덜 춥다 다음주부터 또 추워진다는데 아휴 오늘 점심에 먹은 시래기뼈해장국이 생각보다 양이 많아서 김치 빼고는 꺼낸 반찬에 손을 못댔음 간식은 요새 사랑하는 조합인 쑥과 고구마 코코넛가루를 살짝 넣어봤는데 조화가 괜찮았다 오늘 운동루틴은 그제와 같음 스쿼트숄더업 벽에 엉덩이대고 벤트오버로우 엎드려서 랫풀다운 스플릿스쿼트니업 테이블 힙킥백 어브덕션브릿지 슬로우버피 호흡 훈련 오늘은 운동하고나니까 약간 나른하다 얼른 누워야겠음 오늘도 잘 먹었다 #식단#식단일기#식단기록# #다이어트# # #샐러드# #간식#말차라떼#말차# # #오운완,"[""아침"", ""두꺼운"", ""통호밀빵"", ""조각"", ""소금과"", ""후추"", ""뿌린"", ""아보카도"", ""사과농축식초와"", ""올리브오일"", ""뿌린"", ""방울토마토"", ""당근"", ""오이"", ""잎채소"", ""당근"", ""사과"", ""샤인머스캣"", ""반숙란"", ""두유말차라떼"", ""점심"", ""현미카무트밥"", ""시래기뼈해장국"", ""잎채소"", ""겉절이"", ""나머지"", ""반찬은"", ""먹지"", ""못했음"", ""간식"", ""쑥코코넛두유그릭요거트"", ""고구마"", ""병아리콩"", ""호박씨"", ""볶은"", ""아마씨"", ""무화과"", ""저녁"", ""감자와"", ""팬굽"", ""돼지고기"", ""넣은"", ""샐러드볼"", ""춥다"", ""다음주부터"", ""추워진다는데"", ""아휴"", ""점심에"", ""시래기뼈해장국이"", ""생각보다"", ""김치"", ""빼고는"", ""꺼낸"", ""반찬에"", ""손을"", ""못댔음"", ""간식은"", ""요새"", ""사랑하는"", ""조합인"", ""쑥과"", ""고구마"", ""코코넛가루를"", ""넣어봤는데"", ""조화가"", ""괜찮았다"", ""운동루틴은"", ""그제와"", ""같음"", ""스쿼트숄더업"", ""벽에"", ""엉덩이대고"", ""벤트오버로우"", ""엎드려서"", ""랫풀다운"", ""스플릿스쿼트니업"", ""힙킥백"", ""어브덕션브릿지"", ""슬로우버피"", ""호흡"", ""훈련"", ""운동하고나니까"", ""나른하다"", ""얼른"", ""누워야겠음"", ""먹었다""]","[""아침"", ""식단"", ""식단일기"", ""식단기록"", ""다이어트"", ""샐러드"", ""간식"", ""말차라떼"", ""말차"", ""오운완""]","[""아침"", ""두꺼운"", ""통호밀빵"", ""조각"", ""소금과"", ""후추"", ""뿌린"", ""아보카도"", ""사과농축식초와"", ""올리브오일"", ""뿌린"", ""방울토마토"", ""당근"", ""오이"", ""잎채소"", ""당근"", ""사과"", ""샤인머스캣"", ""반숙란"", ""두유말차라떼"", ""점심"", ""현미카무트밥"", ""시래기뼈해장국"", ""잎채소"", ""겉절이"", ""나머지"", ""반찬은"", ""먹지"", ""못했음"", ""간식"", ""쑥코코넛두유그릭요거트"", ""고구마"", ""병아리콩"", ""호박씨"", ""볶은"", ""아마씨"", ""무화과"", ""저녁"", ""감자와"", ""팬굽"", ""돼지고기"", ""넣은"", ""샐러드볼"", ""춥다"", ""다음주부터"", ""추워진다는데"", ""아휴"", ""점심에"", ""시래기뼈해장국이"", ""생각보다"", ""김치"", ""빼고는"", ""꺼낸"", ""반찬에"", ""손을"", ""못댔음"", ""간식은"", ""요새"", ""사랑하는"", ""조합인"", ""쑥과"", ""고구마"", ""코코넛가루를"", ""넣어봤는데"", ""조화가"", ""괜찮았다"", ""운동루틴은"", ""그제와"", ""같음"", ""스쿼트숄더업"", ""벽에"", ""엉덩이대고"", ""벤트오버로우"", ""엎드려서"", ""랫풀다운"", ""스플릿스쿼트니업"", ""힙킥백"", ""어브덕션브릿지"", ""슬로우버피"", ""호흡"", ""훈련"", ""운동하고나니까"", ""나른하다"", ""얼른"", ""누워야겠음"", ""먹었다"", ""아침"", ""식단"", ""식단일기"", ""식단기록"", ""다이어트"", ""샐러드"", ""간식"", ""말차라떼"", ""말차"", ""오운완""]"
https://www.instagram.com/p/DNkizrpS2L_/,동글동그르 귀엽꼬 맛있는 샤머샐러드 𓂃 𓈒 𓂂,,동글동그르 귀엽꼬 맛있는 샤머샐러드,"[""동글동그르"", ""귀엽꼬"", ""샤머샐러드""]","[""동글동그르"", ""귀엽꼬"", ""샤머샐러드""]","[""동글동그르"", ""귀엽꼬"", ""샤머샐러드"", ""동글동그르"", ""귀엽꼬"", ""샤머샐러드""]"
https://www.instagram.com/p/DOsVEFoExH2/,내가 만든 #샐러드,샐러드,내가 만든 #샐러드,"[""내가"", ""만든""]","[""샐러드""]","[""내가"", ""만든"", ""샐러드""]"
https://www.instagram.com/p/DQJtp7Hj_km/,"#식단#샐러드#유지어터 닭가슴살 & 아보카도 샐러드 소스는 발사믹 반만계란말이 + 두부 + 깍두기,양파짱아찌 조합으로 깔끔하게 마무리들기름, 참깨는 못참지 혤스장버전 오늘와드 죽음,,, 안봐주는 코치님Strength : 숄더프레스 13kg / 사이드레이즈 5kg5세트 Main WOD : 1분에 스모데드하이풀 28kg RX무게 12개 하고 남은시간동안 맥스버피,,하고 1분쉬고,, 이거 10R...미친 유산소,, 죽겠다,, 버피총 126개,, ㅜ ㅜ,, 끝나고 로잉까지 타고감,, 12칼로리 10번 오늘도 한계다고강도 WOD 후엔 깔끔한 단백질 밸런스 식단으로 회복 모드 🥗해야지,, 꾸준함이 결국 몸을 만든다.오늘도 내 컨디션, 내 루틴인데,,하오하오,, #건강한습관 #꾸준함 #운동하는여자 #유지어터 #식단관리 #헬스스타그램 #크로스핏 #단백질식단 #운동기록 #자기관리#헬스#서킷트레이닝#운동맞팔#운동소통#운동공부하고있어요#헬린이#헬스도하고싶어요#운동매니아 도파민 중독인가?!#운동친구해요",식단;샐러드;유지어터;건강한습관;꾸준함;운동하는여자;식단관리;헬스스타그램;크로스핏;단백질식단;운동기록;자기관리;헬스;서킷트레이닝;운동맞팔;운동소통;운동공부하고있어요;헬린이;헬스도하고싶어요;운동매니아;운동친구해요,#식단#샐러드#유지어터 닭가슴살 아보카도 샐러드 소스는 발사믹 반만계란말이 두부 깍두기 양파짱아찌 조합으로 깔끔하게 마무리들기름 참깨는 못참지 혤스장버전 오늘와드 죽음 안봐주는 코치님 숄더프레스 사이드레이즈 세트 분에 스모데드하이풀 무게 개 하고 남은시간동안 맥스버피 하고 분쉬고 이거 미친 유산소 죽겠다 버피총 개 ㅜ ㅜ 끝나고 로잉까지 타고감 칼로리 번 오늘도 한계다고강도 후엔 깔끔한 단백질 밸런스 식단으로 회복 모드 해야지 꾸준함이 결국 몸을 만든다 오늘도 내 컨디션 내 루틴인데 하오하오 #건강한습관 #꾸준함 #운동하는여자 #유지어터 #식단관리 #헬스스타그램 #크로스핏 #단백질식단 #운동기록 #자기관리#헬스#서킷트레이닝#운동맞팔#운동소통#운동공부하고있어요#헬린이#헬스도하고싶어요#운동매니아 도파민 중독인가 #운동친구해요,"[""닭가슴살"", ""아보카도"", ""샐러드"", ""발사믹"", ""반만계란말이"", ""두부"", ""깍두기"", ""양파짱아찌"", ""조합으로"", ""깔끔하게"", ""마무리들기름"", ""참깨는"", ""못참지"", ""혤스장버전"", ""오늘와드"", ""죽음"", ""안봐주는"", ""코치님"", ""숄더프레스"", ""사이드레이즈"", ""세트"", ""분에"", ""스모데드하이풀"", ""무게"", ""남은시간동안"", ""맥스버피"", ""분쉬고"", ""미친"", ""유산소"", ""죽겠다"", ""버피총"", ""끝나고"", ""로잉까지"", ""타고감"", ""칼로리"", ""한계다고강도"", ""후엔"", ""깔끔한"", ""단백질"", ""밸런스"", ""식단으로"", ""회복"", ""모드"", ""해야지"", ""꾸준함이"", ""결국"", ""몸을"", ""만든다"", ""컨디션"", ""루틴인데"", ""하오하오"", ""도파민"", ""중독인가""]","[""식단"", ""샐러드"", ""유지어터"", ""건강한습관"", ""꾸준함"", ""운동하는여자"", ""식단관리"", ""헬스스타그램"", ""크로스핏"", ""단백질식단"", ""운동기록"", ""자기관리"", ""헬스"", ""서킷트레이닝"", ""운동맞팔"", ""운동소통"", ""운동공부하고있어요"", ""헬린이"", ""헬스도하고싶어요"", ""운동매니아"", ""운동친구해요""]","[""닭가슴살"", ""아보카도"", ""샐러드"", ""발사믹"", ""반만계란말이"", ""두부"", ""깍두기"", ""양파짱아찌"", ""조합으로"", ""깔끔하게"", ""마무리들기름"", ""참깨는"", ""못참지"", ""혤스장버전"", ""오늘와드"", ""죽음"", ""안봐주는"", ""코치님"", ""숄더프레스"", ""사이드레이즈"", ""세트"", ""분에"", ""스모데드하이풀"", ""무게"", ""남은시간동안"", ""맥스버피"", ""분쉬고"", ""미친"", ""유산소"", ""죽겠다"", ""버피총"", ""끝나고"", ""로잉까지"", ""타고감"", ""칼로리"", ""한계다고강도"", ""후엔"", ""깔끔한"", ""단백질"", ""밸런스"", ""식단으로"", ""회복"", ""모드"", ""해야지"", ""꾸준함이"", ""결국"", ""몸을"", ""만든다"", ""컨디션"", ""루틴인데"", ""하오하오"", ""도파민"", ""중독인가"", ""식단"", ""샐러드"", ""유지어터"", ""건강한습관"", ""꾸준함"", ""운동하는여자"", ""식단관리"", ""헬스스타그램"", ""크로스핏"", ""단백질식단"", ""운동기록"", ""자기관리"", ""헬스"", ""서킷트레이닝"", ""운동맞팔"", ""운동소통"", ""운동공부하고있어요"", ""헬린이"", ""헬스도하고싶어요"", ""운동매니아"", ""운동친구해요""]"
https://www.instagram.com/p/DQA5S-bEs2v/,"#샐러드와쑥라떼ㅣ제품제공몸이란 참 신기한 게어제부터 빵생각이 덜나더라구요?!마이 묵었으니까 좀 쉬어라 이건가봐요..😂아보카도, 당근라페, 토마토, 반숙란으로클린하게 샐러드 한 접시 차려놓고오늘은 커피말고 쑥라떼랑 같이 먹었어요💚얼마 전에 카페에 갔다가 쑥라떼를 마셔보고쑥향가득 몸이 따뜻해지는 기분이 들어 좋았는데이젠 50년 전통의 쌍계명차 [쑥차 파우더]로집에서도 즐길 수 있게 되어 반갑더라구요!국내산 쑥을 가공해서 구수하고 은은하니정말 카페에서 먹었던 그대로인데다500g 대용량이라 가성비도 좋아서오후에 커피 못먹을 때 마시면 좋을 것 같아요.📍쿠팡 사전예약으로 10/27~11/2 동안9,920원 특가로 런칭 이벤트가 있다고하니필요하신 분들은 이 기회에 드셔보시길요.🙌🏻🏷️ @sktea_official ...#홈카페 #홈브런치 #샐러드 #아침식단 #쌍계명차 #쑥차파우더 #breakfast #foodie #koreantea",샐러드와쑥라떼;홈카페;홈브런치;샐러드;아침식단;쌍계명차;쑥차파우더;breakfast;foodie;koreantea,#샐러드와쑥라떼ㅣ제품제공몸이란 참 신기한 게어제부터 빵생각이 덜나더라구요 마이 묵었으니까 좀 쉬어라 이건가봐요 아보카도 당근라페 토마토 반숙란으로클린하게 샐러드 한 접시 차려놓고오늘은 커피말고 쑥라떼랑 같이 먹었어요 얼마 전에 카페에 갔다가 쑥라떼를 마셔보고쑥향가득 몸이 따뜻해지는 기분이 들어 좋았는데이젠 년 전통의 쌍계명차 쑥차 파우더 로집에서도 즐길 수 있게 되어 반갑더라구요 국내산 쑥을 가공해서 구수하고 은은하니정말 카페에서 먹었던 그대로인데다 대용량이라 가성비도 좋아서오후에 커피 못먹을 때 마시면 좋을 것 같아요 쿠팡 사전예약으로 동안 원 특가로 런칭 이벤트가 있다고하니필요하신 분들은 이 기회에 드셔보시길요 #홈카페 #홈브런치 #샐러드 #아침식단 #쌍계명차 #쑥차파우더 # # #,"[""신기한"", ""게어제부터"", ""빵생각이"", ""덜나더라구요"", ""마이"", ""묵었으니까"", ""쉬어라"", ""이건가봐요"", ""아보카도"", ""당근라페"", ""토마토"", ""반숙란으로클린하게"", ""샐러드"", ""차려놓고오늘은"", ""커피말고"", ""쑥라떼랑"", ""얼마"", ""전에"", ""카페에"", ""갔다가"", ""쑥라떼를"", ""마셔보고쑥향가득"", ""몸이"", ""따뜻해지는"", ""기분이"", ""들어"", ""좋았는데이젠"", ""전통의"", ""쌍계명차"", ""쑥차"", ""파우더"", ""로집에서도"", ""있게"", ""반갑더라구요"", ""국내산"", ""쑥을"", ""가공해서"", ""구수하고"", ""은은하니정말"", ""카페에서"", ""먹었던"", ""그대로인데다"", ""대용량이라"", ""가성비도"", ""좋아서오후에"", ""커피"", ""못먹을"", ""마시면"", ""좋을"", ""쿠팡"", ""사전예약으로"", ""동안"", ""특가로"", ""런칭"", ""이벤트가"", ""있다고하니필요하신"", ""분들은"", ""기회에"", ""드셔보시길요""]","[""샐러드와쑥라떼"", ""홈카페"", ""홈브런치"", ""샐러드"", ""아침식단"", ""쌍계명차"", ""쑥차파우더""]","[""신기한"", ""게어제부터"", ""빵생각이"", ""덜나더라구요"", ""마이"", ""묵었으니까"", ""쉬어라"", ""이건가봐요"", ""아보카도"", ""당근라페"", ""토마토"", ""반숙란으로클린하게"", ""샐러드"", ""차려놓고오늘은"", ""커피말고"", ""쑥라떼랑"", ""얼마"", ""전에"", ""카페에"", ""갔다가"", ""쑥라떼를"", ""마셔보고쑥향가득"", ""몸이"", ""따뜻해지는"", ""기분이"", ""들어"", ""좋았는데이젠"", ""전통의"", ""쌍계명차"", ""쑥차"", ""파우더"", ""로집에서도"", ""있게"", ""반갑더라구요"", ""국내산"", ""쑥을"", ""가공해서"", ""구수하고"", ""은은하니정말"", ""카페에서"", ""먹었던"", ""그대로인데다"", ""대용량이라"", ""가성비도"", ""좋아서오후에"", ""커피"", ""못먹을"", ""마시면"", ""좋을"", ""쿠팡"", ""사전예약으로"", ""동안"", ""특가로"", ""런칭"", ""이벤트가"", ""있다고하니필요하신"", ""분들은"", ""기회에"", ""드셔보시길요"", ""샐러드와쑥라떼"", ""홈카페"", ""홈브런치"", ""샐러드"", ""아침식단"", ""쌍계명차"", ""쑥차파우더""]"
https://www.instagram.com/p/DBdVCfvSQGQ/,"*배 샐러드✔️배, 잎채소(루꼴라, 참나물, 쑥갓 등), 구운 견과류🧂소금후추, 화이트 발사믹, 올리브유, 갈은 치즈🪄화이트 발사믹은 1 작은술 정도🪄🪄견과류는 꼭 마른팬에 구워서 넣어주세요! 훨씬 맛있어요.지난번 후쿠오카 여행 때 요르고라는 식당에서 배 샐러드를너무 맛있게 먹어서 집에서 따라해봤어요!요르고 버전은 잘게 썬 배추, 배, 샤인머스캣에 치즈 가득이라제 버전과는 좀 다르지만 ㅋㅋㅋ (맨 마지막에 급하게 찍은 사진 있음!!)집에 있는 재료들로 이렇게 만들어도 너무 맛있더라구요.배 한참 맛있는 계절이니 같이 해먹어요!!🍐와인이랑도 잘 어울림🤍🤍#와인안주 #홈쿡 #홈브런치 #샐러드 #제철과일 #배샐러드#쉬운요리 #쉬운레시피",와인안주;홈쿡;홈브런치;샐러드;제철과일;배샐러드;쉬운요리;쉬운레시피,배 샐러드 배 잎채소 루꼴라 참나물 쑥갓 등 구운 견과류 소금후추 화이트 발사믹 올리브유 갈은 치즈 화이트 발사믹은 작은술 정도 견과류는 꼭 마른팬에 구워서 넣어주세요 훨씬 맛있어요 지난번 후쿠오카 여행 때 요르고라는 식당에서 배 샐러드를너무 맛있게 먹어서 집에서 따라해봤어요 요르고 버전은 잘게 썬 배추 배 샤인머스캣에 치즈 가득이라제 버전과는 좀 다르지만 ㅋㅋㅋ 맨 마지막에 급하게 찍은 사진 있음 집에 있는 재료들로 이렇게 만들어도 너무 맛있더라구요 배 한참 맛있는 계절이니 같이 해먹어요 와인이랑도 잘 어울림 #와인안주 #홈쿡 #홈브런치 #샐러드 #제철과일 #배샐러드#쉬운요리 #쉬운레시피,"[""샐러드"", ""잎채소"", ""루꼴라"", ""참나물"", ""쑥갓"", ""구운"", ""견과류"", ""소금후추"", ""화이트"", ""발사믹"", ""올리브유"", ""갈은"", ""치즈"", ""화이트"", ""발사믹은"", ""작은술"", ""견과류는"", ""마른팬에"", ""구워서"", ""넣어주세요"", ""훨씬"", ""지난번"", ""후쿠오카"", ""여행"", ""요르고라는"", ""식당에서"", ""샐러드를너무"", ""먹어서"", ""집에서"", ""따라해봤어요"", ""요르고"", ""버전은"", ""잘게"", ""배추"", ""샤인머스캣에"", ""치즈"", ""가득이라제"", ""버전과는"", ""다르지만"", ""ㅋㅋㅋ"", ""마지막에"", ""급하게"", ""찍은"", ""사진"", ""있음"", ""재료들로"", ""만들어도"", ""맛있더라구요"", ""한참"", ""계절이니"", ""해먹어요"", ""와인이랑도"", ""어울림""]","[""와인안주"", ""홈쿡"", ""홈브런치"", ""샐러드"", ""제철과일"", ""배샐러드"", ""쉬운요리"", ""쉬운레시피""]","[""샐러드"", ""잎채소"", ""루꼴라"", ""참나물"", ""쑥갓"", ""구운"", ""견과류"", ""소금후추"", ""화이트"", ""발사믹"", ""올리브유"", ""갈은"", ""치즈"", ""화이트"", ""발사믹은"", ""작은술"", ""견과류는"", ""마른팬에"", ""구워서"", ""넣어주세요"", ""훨씬"", ""지난번"", ""후쿠오카"", ""여행"", ""요르고라는"", ""식당에서"", ""샐러드를너무"", ""먹어서"", ""집에서"", ""따라해봤어요"", ""요르고"", ""버전은"", ""잘게"", ""배추"", ""샤인머스캣에"", ""치즈"", ""가득이라제"", ""버전과는"", ""다르지만"", ""ㅋㅋㅋ"", ""마지막에"", ""급하게"", ""찍은"", ""사진"", ""있음"", ""재료들로"", ""만들어도"", ""맛있더라구요"", ""한참"", ""계절이니"", ""해먹어요"", ""와인이랑도"", ""어울림"", ""와인안주"", ""홈쿡"", ""홈브런치"", ""샐러드"", ""제철과일"", ""배샐러드"", ""쉬운요리"", ""쉬운레시피""]"
https://www.instagram.com/p/DQI3j39kpGl/,잠깐 쉬다 가요 😊콥샐러드 너무 맛있다.#일다구서 #샐러드,일다구서;샐러드,잠깐 쉬다 가요 콥샐러드 너무 맛있다 #일다구서 #샐러드,"[""잠깐"", ""쉬다"", ""가요"", ""콥샐러드""]","[""일다구서"", ""샐러드""]","[""잠깐"", ""쉬다"", ""가요"", ""콥샐러드"", ""일다구서"", ""샐러드""]"
https://www.instagram.com/p/DQIliPmj_Fq/c/18082786487064194/,"안녕하세요 샐그룸입니다 ♥ 오랜만에 인사드립니다😊샐그룸 활짝 오픈했습니다 !저희 기다려주셨는지 오픈 문의가 많았습니다 🥹 고객님들 덕분에 푹 쉬고 활기차게 돌아왔습니다! 기다려주셔서 너무 감사합니다,,🤍 추석연휴와 신혼여행으로 오래 샐그룸을 즐기지 못하셔서 아쉬우셨을 고객님들께서는 오늘 꼭 발걸음 해주세요 ..💕 기다리고 있겠습니다 :) 늘 찾아주셔서 감사드리고샐그룸에서 만나요 🤍🤍맛있는 그릭요거트/샐러드/포케/샌드위치 전부 준비되어있습니다 ! 🥙🥪🥑",,안녕하세요 샐그룸입니다 오랜만에 인사드립니다 샐그룸 활짝 오픈했습니다 저희 기다려주셨는지 오픈 문의가 많았습니다 고객님들 덕분에 푹 쉬고 활기차게 돌아왔습니다 기다려주셔서 너무 감사합니다 추석연휴와 신혼여행으로 오래 샐그룸을 즐기지 못하셔서 아쉬우셨을 고객님들께서는 오늘 꼭 발걸음 해주세요 기다리고 있겠습니다 늘 찾아주셔서 감사드리고샐그룸에서 만나요 맛있는 그릭요거트 샐러드 포케 샌드위치 전부 준비되어있습니다,"[""샐그룸입니다"", ""인사드립니다"", ""샐그룸"", ""활짝"", ""오픈했습니다"", ""저희"", ""기다려주셨는지"", ""오픈"", ""문의가"", ""많았습니다"", ""고객님들"", ""덕분에"", ""쉬고"", ""활기차게"", ""돌아왔습니다"", ""기다려주셔서"", ""추석연휴와"", ""신혼여행으로"", ""오래"", ""샐그룸을"", ""즐기지"", ""못하셔서"", ""아쉬우셨을"", ""고객님들께서는"", ""발걸음"", ""해주세요"", ""기다리고"", ""있겠습니다"", ""찾아주셔서"", ""감사드리고샐그룸에서"", ""만나요"", ""그릭요거트"", ""샐러드"", ""포케"", ""샌드위치"", ""전부"", ""준비되어있습니다""]","[""샐그룸입니다"", ""인사드립니다"", ""샐그룸"", ""활짝"", ""오픈했습니다"", ""저희"", ""기다려주셨는지"", ""오픈"", ""문의가"", ""많았습니다"", ""고객님들"", ""덕분에"", ""쉬고"", ""활기차게"", ""돌아왔습니다"", ""기다려주셔서"", ""추석연휴와"", ""신혼여행으로"", ""오래"", ""샐그룸을"", ""즐기지"", ""못하셔서"", ""아쉬우셨을"", ""고객님들께서는"", ""발걸음"", ""해주세요"", ""기다리고"", ""있겠습니다"", ""찾아주셔서"", ""감사드리고샐그룸에서"", ""만나요"", ""그릭요거트"", ""샐러드"", ""포케"", ""샌드위치"", ""전부"", ""준비되어있습니다""]","[""샐그룸입니다"", ""인사드립니다"", ""샐그룸"", ""활짝"", ""오픈했습니다"", ""저희"", ""기다려주셨는지"", ""오픈"", ""문의가"", ""많았습니다"", ""고객님들"", ""덕분에"", ""쉬고"", ""활기차게"", ""돌아왔습니다"", ""기다려주셔서"", ""추석연휴와"", ""신혼여행으로"", ""오래"", ""샐그룸을"", ""즐기지"", ""못하셔서"", ""아쉬우셨을"", ""고객님들께서는"", ""발걸음"", ""해주세요"", ""기다리고"", ""있겠습니다"", ""찾아주셔서"", ""감사드리고샐그룸에서"", ""만나요"", ""그릭요거트"", ""샐러드"", ""포케"", ""샌드위치"", ""전부"", ""준비되어있습니다"", ""샐그룸입니다"", ""인사드립니다"", ""샐그룸"", ""활짝"", ""오픈했습니다"", ""저희"", ""기다려주셨는지"", ""오픈"", ""문의가"", ""많았습니다"", ""고객님들"", ""덕분에"", ""쉬고"", ""활기차게"", ""돌아왔습니다"", ""기다려주셔서"", ""추석연휴와"", ""신혼여행으로"", ""오래"", ""샐그룸을"", ""즐기지"", ""못하셔서"", ""아쉬우셨을"", ""고객님들께서는"", ""발걸음"", ""해주세요"", ""기다리고"", ""있겠습니다"", ""찾아주셔서"", ""감사드리고샐그룸에서"", ""만나요"", ""그릭요거트"", ""샐러드"", ""포케"", ""샌드위치"", ""전부"", ""준비되어있습니다""]"
https://www.instagram.com/p/DQG1oyyEocr/c/17982935429869994/,Fresh & Sweet moments at MIU오늘도 미유에서 리셋하세요#미유 #카페 #미유카페 #샐러드 #샌드위치 #가산현대아울렛점 #광화문 #콘코디언 #miu #Cafe #Cafe Miu,미유;카페;미유카페;샐러드;샌드위치;가산현대아울렛점;광화문;콘코디언;miu;Cafe,오늘도 미유에서 리셋하세요#미유 #카페 #미유카페 #샐러드 #샌드위치 #가산현대아울렛점 #광화문 #콘코디언 # # #,"[""미유에서"", ""리셋하세요""]","[""미유"", ""카페"", ""미유카페"", ""샐러드"", ""샌드위치"", ""가산현대아울렛점"", ""광화문"", ""콘코디언""]","[""미유에서"", ""리셋하세요"", ""미유"", ""카페"", ""미유카페"", ""샐러드"", ""샌드위치"", ""가산현대아울렛점"", ""광화문"", ""콘코디언""]"
https://www.instagram.com/p/DQILhYak-9_/,훈제오리. 콩나물무침. 버섯볶음. 샐러드. 딸기아들이 좋아하는 콩나물과 버섯 🍄 <오늘의 킥>버섯은 처음부터 기름넣지 말고 마른팬에서 수분을 좀 날려주고 어느정도 색이 나면 그때 올리브오일 칙칙!그래야 버섯이 물컹거리지 않고 맛있어여^^..#엄마표도시락 #엄마요리 #매운거못먹는아들 #매일저녁 #도시락 #운동하는아들 #저녁도시락#너무 기름진음식은소화가안되요#훈제오리 #콩나물무침 #버섯볶음 #샐러드 #딸기 #탄단지 #살도찌고 #근육도늘리는,엄마표도시락;엄마요리;매운거못먹는아들;매일저녁;도시락;운동하는아들;저녁도시락;너무;훈제오리;콩나물무침;버섯볶음;샐러드;딸기;탄단지;살도찌고;근육도늘리는,훈제오리 콩나물무침 버섯볶음 샐러드 딸기아들이 좋아하는 콩나물과 버섯 오늘의 킥 버섯은 처음부터 기름넣지 말고 마른팬에서 수분을 좀 날려주고 어느정도 색이 나면 그때 올리브오일 칙칙 그래야 버섯이 물컹거리지 않고 맛있어여 #엄마표도시락 #엄마요리 #매운거못먹는아들 #매일저녁 #도시락 #운동하는아들 #저녁도시락#너무 기름진음식은소화가안되요#훈제오리 #콩나물무침 #버섯볶음 #샐러드 #딸기 #탄단지 #살도찌고 #근육도늘리는,"[""훈제오리"", ""콩나물무침"", ""버섯볶음"", ""샐러드"", ""딸기아들이"", ""좋아하는"", ""콩나물과"", ""버섯"", ""버섯은"", ""처음부터"", ""기름넣지"", ""말고"", ""마른팬에서"", ""수분을"", ""날려주고"", ""어느정도"", ""색이"", ""나면"", ""그때"", ""올리브오일"", ""칙칙"", ""그래야"", ""버섯이"", ""물컹거리지"", ""않고"", ""맛있어여"", ""기름진음식은소화가안되요""]","[""엄마표도시락"", ""엄마요리"", ""매운거못먹는아들"", ""매일저녁"", ""도시락"", ""운동하는아들"", ""저녁도시락"", ""훈제오리"", ""콩나물무침"", ""버섯볶음"", ""샐러드"", ""딸기"", ""탄단지"", ""살도찌고"", ""근육도늘리는""]","[""훈제오리"", ""콩나물무침"", ""버섯볶음"", ""샐러드"", ""딸기아들이"", ""좋아하는"", ""콩나물과"", ""버섯"", ""버섯은"", ""처음부터"", ""기름넣지"", ""말고"", ""마른팬에서"", ""수분을"", ""날려주고"", ""어느정도"", ""색이"", ""나면"", ""그때"", ""올리브오일"", ""칙칙"", ""그래야"", ""버섯이"", ""물컹거리지"", ""않고"", ""맛있어여"", ""기름진음식은소화가안되요"", ""엄마표도시락"", ""엄마요리"", ""매운거못먹는아들"", ""매일저녁"", ""도시락"", ""운동하는아들"", ""저녁도시락"", ""훈제오리"", ""콩나물무침"", ""버섯볶음"", ""샐러드"", ""딸기"", ""탄단지"", ""살도찌고"", ""근육도늘리는""]"
https://www.instagram.com/p/DQIM3o5krRc/,#샐러드 #샐러드맛집 #샌드위치 #샌드위치단체주문 #타코샐러드,샐러드;샐러드맛집;샌드위치;샌드위치단체주문;타코샐러드,#샐러드 #샐러드맛집 #샌드위치 #샌드위치단체주문 #타코샐러드,[],"[""샐러드"", ""샐러드맛집"", ""샌드위치"", ""샌드위치단체주문"", ""타코샐러드""]","[""샐러드"", ""샐러드맛집"", ""샌드위치"", ""샌드위치단체주문"", ""타코샐러드""]"
https://www.instagram.com/p/DQJXBDOk17B/,#오늘의저녁#오늘의점심#알찬식단 #알찬푸드 #구내식당 #한식뷔페 #구로맛집 #구로디지털구내식당#구로구내식당 #구디구내식당 #밥집 #점심 #도시락 #테이크아웃 #샐러드 #샐러드맛집 #대륭포스트타워7차,오늘의저녁;오늘의점심;알찬식단;알찬푸드;구내식당;한식뷔페;구로맛집;구로디지털구내식당;구로구내식당;구디구내식당;밥집;점심;도시락;테이크아웃;샐러드;샐러드맛집;대륭포스트타워7차,#오늘의저녁#오늘의점심#알찬식단 #알찬푸드 #구내식당 #한식뷔페 #구로맛집 #구로디지털구내식당#구로구내식당 #구디구내식당 #밥집 #점심 #도시락 #테이크아웃 #샐러드 #샐러드맛집 #대륭포스트타워 차,[],"[""오늘의저녁"", ""오늘의점심"", ""알찬식단"", ""알찬푸드"", ""구내식당"", ""한식뷔페"", ""구로맛집"", ""구로디지털구내식당"", ""구로구내식당"", ""구디구내식당"", ""밥집"", ""점심"", ""도시락"", ""테이크아웃"", ""샐러드"", ""샐러드맛집"", ""대륭포스트타워""]","[""오늘의저녁"", ""오늘의점심"", ""알찬식단"", ""알찬푸드"", ""구내식당"", ""한식뷔페"", ""구로맛집"", ""구로디지털구내식당"", ""구로구내식당"", ""구디구내식당"", ""밥집"", ""점심"", ""도시락"", ""테이크아웃"", ""샐러드"", ""샐러드맛집"", ""대륭포스트타워""]"
https://www.instagram.com/p/DQIskQvEjHI/,-*건강하고 맛있게 먹기.#살림 #집밥 #홈스타그램 #다이어트식단 #식단 #아침 #아침식단 #브런치 #샐러드 #오늘뭐먹지 #홈쿡 #명란#아보카도 #계란,살림;집밥;홈스타그램;다이어트식단;식단;아침;아침식단;브런치;샐러드;오늘뭐먹지;홈쿡;명란;아보카도;계란,건강하고 맛있게 먹기 #살림 #집밥 #홈스타그램 #다이어트식단 #식단 #아침 #아침식단 #브런치 #샐러드 #오늘뭐먹지 #홈쿡 #명란#아보카도 #계란,"[""건강하고"", ""먹기""]","[""살림"", ""집밥"", ""홈스타그램"", ""다이어트식단"", ""식단"", ""아침"", ""아침식단"", ""브런치"", ""샐러드"", ""오늘뭐먹지"", ""홈쿡"", ""명란"", ""아보카도"", ""계란""]","[""건강하고"", ""먹기"", ""살림"", ""집밥"", ""홈스타그램"", ""다이어트식단"", ""식단"", ""아침"", ""아침식단"", ""브런치"", ""샐러드"", ""오늘뭐먹지"", ""홈쿡"", ""명란"", ""아보카도"", ""계란""]"
https://www.instagram.com/p/DQJO8ahD1LW/,샐러드 이모저모솔직히 소스만 맛있으면 풀떼기도 맛있음 ㅇㅈ?..#샐러드 #집밥,샐러드;집밥,샐러드 이모저모솔직히 소스만 맛있으면 풀떼기도 맛있음 ㅇㅈ #샐러드 #집밥,"[""샐러드"", ""이모저모솔직히"", ""소스만"", ""맛있으면"", ""풀떼기도"", ""맛있음"", ""ㅇㅈ""]","[""샐러드"", ""집밥""]","[""샐러드"", ""이모저모솔직히"", ""소스만"", ""맛있으면"", ""풀떼기도"", ""맛있음"", ""ㅇㅈ"", ""샐러드"", ""집밥""]"
https://www.instagram.com/p/DQJeb4tkq-Q/,양도 더블! 맛도 더블! 샌드위치가 2조각 들어가는 더블박스 🥪기존의 단체메뉴보다 더욱 알찬 세트에요 🫶🏻 원하시는 샌드위치로 커스텀 구성 가능하니 언제든 문의주세요 💚카카오채널 샐러디방학역점02)6953-6704,,양도 더블 맛도 더블 샌드위치가 조각 들어가는 더블박스 기존의 단체메뉴보다 더욱 알찬 세트에요 원하시는 샌드위치로 커스텀 구성 가능하니 언제든 문의주세요 카카오채널 샐러디방학역점,"[""양도"", ""더블"", ""맛도"", ""더블"", ""샌드위치가"", ""조각"", ""들어가는"", ""더블박스"", ""기존의"", ""단체메뉴보다"", ""알찬"", ""세트에요"", ""원하시는"", ""샌드위치로"", ""커스텀"", ""구성"", ""카카오채널"", ""샐러디방학역점""]","[""양도"", ""더블"", ""맛도"", ""더블"", ""샌드위치가"", ""조각"", ""들어가는"", ""더블박스"", ""기존의"", ""단체메뉴보다"", ""알찬"", ""세트에요"", ""원하시는"", ""샌드위치로"", ""커스텀"", ""구성"", ""카카오채널"", ""샐러디방학역점""]","[""양도"", ""더블"", ""맛도"", ""더블"", ""샌드위치가"", ""조각"", ""들어가는"", ""더블박스"", ""기존의"", ""단체메뉴보다"", ""알찬"", ""세트에요"", ""원하시는"", ""샌드위치로"", ""커스텀"", ""구성"", ""카카오채널"", ""샐러디방학역점"", ""양도"", ""더블"", ""맛도"", ""더블"", ""샌드위치가"", ""조각"", ""들어가는"", ""더블박스"", ""기존의"", ""단체메뉴보다"", ""알찬"", ""세트에요"", ""원하시는"", ""샌드위치로"", ""커스텀"", ""구성"", ""카카오채널"", ""샐러디방학역점""]"
https://www.instagram.com/p/DQJpH5MEfN4/,세끼#세끼#냠냠냠😋 #샐러드#오징어저젖갈#곱창김#씨래기된장국#두부구이#치즈떡볶이,세끼;냠냠냠;샐러드;오징어저젖갈;곱창김;씨래기된장국;두부구이;치즈떡볶이,세끼#세끼#냠냠냠 #샐러드#오징어저젖갈#곱창김#씨래기된장국#두부구이#치즈떡볶이,"[""세끼""]","[""세끼"", ""냠냠냠"", ""샐러드"", ""오징어저젖갈"", ""곱창김"", ""씨래기된장국"", ""두부구이"", ""치즈떡볶이""]","[""세끼"", ""세끼"", ""냠냠냠"", ""샐러드"", ""오징어저젖갈"", ""곱창김"", ""씨래기된장국"", ""두부구이"", ""치즈떡볶이""]"
https://www.instagram.com/p/DQJiWH5j25h/c/18023223425759509/,"매콤한 트리플레드소스와 꾸덕한 치즈소스를 듬뿍 들어간 트리플레드핫치킨버거소싯의 대표 버거입니다.트리플레드핫치킨버거 : 8,500원BOLDSAUCEBOLDERFLAVORS",,매콤한 트리플레드소스와 꾸덕한 치즈소스를 듬뿍 들어간 트리플레드핫치킨버거소싯의 대표 버거입니다 트리플레드핫치킨버거 원,"[""매콤한"", ""트리플레드소스와"", ""꾸덕한"", ""치즈소스를"", ""들어간"", ""트리플레드핫치킨버거소싯의"", ""대표"", ""버거입니다"", ""트리플레드핫치킨버거""]","[""매콤한"", ""트리플레드소스와"", ""꾸덕한"", ""치즈소스를"", ""들어간"", ""트리플레드핫치킨버거소싯의"", ""대표"", ""버거입니다"", ""트리플레드핫치킨버거""]","[""매콤한"", ""트리플레드소스와"", ""꾸덕한"", ""치즈소스를"", ""들어간"", ""트리플레드핫치킨버거소싯의"", ""대표"", ""버거입니다"", ""트리플레드핫치킨버거"", ""매콤한"", ""트리플레드소스와"", ""꾸덕한"", ""치즈소스를"", ""들어간"", ""트리플레드핫치킨버거소싯의"", ""대표"", ""버거입니다"", ""트리플레드핫치킨버거""]"
https://www.instagram.com/p/DQHANB-CZg_/c/18289005214261975/,"오늘은 회사 점심으로 샌드위치 단체 주문 납품 완료했어요💼🥪바쁜 회의 일정 속에서도건강하고 든든한 한 끼가 될 수 있도록 준비했습니다🌿오직 ”뉴샐“ 만의 노하우로 만든 수제 샌드위치회의 간식, 워크숍 점심, 팀 런치까지뉴샐이 언제나 함께합니다🤗💚📦 단체주문 안내• 세트 구성 맞춤 조정 가능• 픽업 / 배달 모두 가능 🚗• 2-3일전 주문 가능문의는 DM 또는 ☎ 매장으로 문의주세요 :)#뉴샐 #샐러드 #포케 #샌드위치 #창녕맛집 #창녕포케 #창녕포케맛집 #창녕샐러드 #창녕샐러드맛집 #창녕샌드위치 #창녕샌드위치맛집 #창녕샐러드정기배송",뉴샐;샐러드;포케;샌드위치;창녕맛집;창녕포케;창녕포케맛집;창녕샐러드;창녕샐러드맛집;창녕샌드위치;창녕샌드위치맛집;창녕샐러드정기배송,오늘은 회사 점심으로 샌드위치 단체 주문 납품 완료했어요 바쁜 회의 일정 속에서도건강하고 든든한 한 끼가 될 수 있도록 준비했습니다 오직 뉴샐 만의 노하우로 만든 수제 샌드위치회의 간식 워크숍 점심 팀 런치까지뉴샐이 언제나 함께합니다 단체주문 안내 세트 구성 맞춤 조정 가능 픽업 배달 모두 가능 일전 주문 가능문의는 또는 매장으로 문의주세요 #뉴샐 #샐러드 #포케 #샌드위치 #창녕맛집 #창녕포케 #창녕포케맛집 #창녕샐러드 #창녕샐러드맛집 #창녕샌드위치 #창녕샌드위치맛집 #창녕샐러드정기배송,"[""회사"", ""점심으로"", ""샌드위치"", ""주문"", ""납품"", ""완료했어요"", ""바쁜"", ""회의"", ""일정"", ""속에서도건강하고"", ""든든한"", ""끼가"", ""준비했습니다"", ""오직"", ""뉴샐"", ""만의"", ""노하우로"", ""만든"", ""수제"", ""샌드위치회의"", ""간식"", ""워크숍"", ""점심"", ""런치까지뉴샐이"", ""함께합니다"", ""안내"", ""세트"", ""구성"", ""맞춤"", ""조정"", ""픽업"", ""배달"", ""일전"", ""주문"", ""가능문의는"", ""매장으로""]","[""뉴샐"", ""샐러드"", ""포케"", ""샌드위치"", ""창녕맛집"", ""창녕포케"", ""창녕포케맛집"", ""창녕샐러드"", ""창녕샐러드맛집"", ""창녕샌드위치"", ""창녕샌드위치맛집"", ""창녕샐러드정기배송""]","[""회사"", ""점심으로"", ""샌드위치"", ""주문"", ""납품"", ""완료했어요"", ""바쁜"", ""회의"", ""일정"", ""속에서도건강하고"", ""든든한"", ""끼가"", ""준비했습니다"", ""오직"", ""뉴샐"", ""만의"", ""노하우로"", ""만든"", ""수제"", ""샌드위치회의"", ""간식"", ""워크숍"", ""점심"", ""런치까지뉴샐이"", ""함께합니다"", ""안내"", ""세트"", ""구성"", ""맞춤"", ""조정"", ""픽업"", ""배달"", ""일전"", ""주문"", ""가능문의는"", ""매장으로"", ""뉴샐"", ""샐러드"", ""포케"", ""샌드위치"", ""창녕맛집"", ""창녕포케"", ""창녕포케맛집"", ""창녕샐러드"", ""창녕샐러드맛집"", ""창녕샌드위치"", ""창녕샌드위치맛집"", ""창녕샐러드정기배송""]"
https://www.instagram.com/p/DQG1dYeEYYW/c/18075854209897404/,"베이킹을 전문으로 운영중이신 사장님과 함께한 베이글 샌드위치 수업🤎 매장 판매 메뉴로 적합한, 간편하면서도 완성도 높은 메뉴로 ‘베이글 샌드위치’를 선택해 주셨어요. 예상대로 레시피는 정말 간단했고, 수업 내내 현실적인 조언에 감사하다고 말씀해 주셨답니다. 앞으로의 새로운 변화와 도전, 저도 진심으로 응원하겠습니다! 오늘 먼길 와주셔서 감사합니다🥰",,베이킹을 전문으로 운영중이신 사장님과 함께한 베이글 샌드위치 수업 매장 판매 메뉴로 적합한 간편하면서도 완성도 높은 메뉴로 베이글 샌드위치 를 선택해 주셨어요 예상대로 레시피는 정말 간단했고 수업 내내 현실적인 조언에 감사하다고 말씀해 주셨답니다 앞으로의 새로운 변화와 도전 저도 진심으로 응원하겠습니다 오늘 먼길 와주셔서 감사합니다,"[""베이킹을"", ""전문으로"", ""운영중이신"", ""사장님과"", ""함께한"", ""베이글"", ""샌드위치"", ""판매"", ""적합한"", ""간편하면서도"", ""완성도"", ""높은"", ""베이글"", ""샌드위치"", ""선택해"", ""주셨어요"", ""예상대로"", ""레시피는"", ""간단했고"", ""내내"", ""현실적인"", ""조언에"", ""감사하다고"", ""말씀해"", ""주셨답니다"", ""앞으로의"", ""변화와"", ""도전"", ""저도"", ""진심으로"", ""응원하겠습니다"", ""먼길"", ""와주셔서""]","[""베이킹을"", ""전문으로"", ""운영중이신"", ""사장님과"", ""함께한"", ""베이글"", ""샌드위치"", ""판매"", ""적합한"", ""간편하면서도"", ""완성도"", ""높은"", ""베이글"", ""샌드위치"", ""선택해"", ""주셨어요"", ""예상대로"", ""레시피는"", ""간단했고"", ""내내"", ""현실적인"", ""조언에"", ""감사하다고"", ""말씀해"", ""주셨답니다"", ""앞으로의"", ""변화와"", ""도전"", ""저도"", ""진심으로"", ""응원하겠습니다"", ""먼길"", ""와주셔서""]","[""베이킹을"", ""전문으로"", ""운영중이신"", ""사장님과"", ""함께한"", ""베이글"", ""샌드위치"", ""판매"", ""적합한"", ""간편하면서도"", ""완성도"", ""높은"", ""베이글"", ""샌드위치"", ""선택해"", ""주셨어요"", ""예상대로"", ""레시피는"", ""간단했고"", ""내내"", ""현실적인"", ""조언에"", ""감사하다고"", ""말씀해"", ""주셨답니다"", ""앞으로의"", ""변화와"", ""도전"", ""저도"", ""진심으로"", ""응원하겠습니다"", ""먼길"", ""와주셔서"", ""베이킹을"", ""전문으로"", ""운영중이신"", ""사장님과"", ""함께한"", ""베이글"", ""샌드위치"", ""판매"", ""적합한"", ""간편하면서도"", ""완성도"", ""높은"", ""베이글"", ""샌드위치"", ""선택해"", ""주셨어요"", ""예상대로"", ""레시피는"", ""간단했고"", ""내내"", ""현실적인"", ""조언에"", ""감사하다고"", ""말씀해"", ""주셨답니다"", ""앞으로의"", ""변화와"", ""도전"", ""저도"", ""진심으로"", ""응원하겠습니다"", ""먼길"", ""와주셔서""]"
https://www.instagram.com/p/DQJfi6rk6sD/,오늘 저녁 먹은 #카프레제 #샐러드수용성 영양소 많은 채소는 소금에 절이면 물로 거진 빠져나간대서 대신 #올리브절임 넣어 섞어 먹어 봄이렇게 #염장 한 재료를 활용하면 샐러드 간 문제 없음!,카프레제;샐러드수용성;올리브절임;염장,오늘 저녁 먹은 #카프레제 #샐러드수용성 영양소 많은 채소는 소금에 절이면 물로 거진 빠져나간대서 대신 #올리브절임 넣어 섞어 먹어 봄이렇게 #염장 한 재료를 활용하면 샐러드 간 문제 없음,"[""저녁"", ""영양소"", ""채소는"", ""소금에"", ""절이면"", ""물로"", ""거진"", ""빠져나간대서"", ""대신"", ""먹어"", ""봄이렇게"", ""재료를"", ""활용하면"", ""샐러드"", ""문제"", ""없음""]","[""카프레제"", ""샐러드수용성"", ""올리브절임"", ""염장""]","[""저녁"", ""영양소"", ""채소는"", ""소금에"", ""절이면"", ""물로"", ""거진"", ""빠져나간대서"", ""대신"", ""먹어"", ""봄이렇게"", ""재료를"", ""활용하면"", ""샐러드"", ""문제"", ""없음"", ""카프레제"", ""샐러드수용성"", ""올리브절임"", ""염장""]"
https://www.instagram.com/p/DQIkIGzE7UF/,현재 고정고객님들 연장이 빠지면서 자리가 좀 났어요!💚오전💚 만 신청 가능합니다. 추가 몇팀 받고 다시 마감합니다!#샌치 #원주 #샐러드 #정기배송 #식단배송,샌치;원주;샐러드;정기배송;식단배송,현재 고정고객님들 연장이 빠지면서 자리가 좀 났어요 오전 만 신청 가능합니다 추가 몇팀 받고 다시 마감합니다 #샌치 #원주 #샐러드 #정기배송 #식단배송,"[""현재"", ""고정고객님들"", ""연장이"", ""빠지면서"", ""자리가"", ""났어요"", ""오전"", ""신청"", ""몇팀"", ""받고"", ""마감합니다""]","[""샌치"", ""원주"", ""샐러드"", ""정기배송"", ""식단배송""]","[""현재"", ""고정고객님들"", ""연장이"", ""빠지면서"", ""자리가"", ""났어요"", ""오전"", ""신청"", ""몇팀"", ""받고"", ""마감합니다"", ""샌치"", ""원주"", ""샐러드"", ""정기배송"", ""식단배송""]"
https://www.instagram.com/p/DQI_KxhEm08/c/18081512441004797/,"#협찬 샐러드판다 비빔 두유면 쉬라즈 샐러드와 저당드레싱 소스 샐러드도 좋아해서 만들어 먹거나시켜먹곤 했는데 이번에 찾아보다가샐러드판다에서 샐러드를 먹어봤는데너무 맛있게 먹어서 후기를 가져왔어요샐러드판다 비빔 탄탄 두유면 샐러드와쉬라즈 샐러드 저당드레싱까지소개를 시켜 드릴려고 해요~✔️비빔 탄탄 두유면 샐러드담백한 두유면과 돼지고기 그리고 매콤한 두반장고소한 땅콩으로 완성 된 건강식 탄탄면으로파의 상쾌한 식감까지 더해져서중식으로도 이용하실 수 있어요비빔 탄탄 두유면 샐러드는간장을 베이스로 한 일본식 참깨 고마드레싱과 곁들여져토핑하고 조화가 잘 어울렸어요면이 부드럽고 고소하고 담백하고소스가 자극적이지 않고 파랑 어울려진 맛이인상이 깊었어요✔️쉬라즈 샐러드채소만으로 만든 이색적인 중동식 샐로드로먹기 좋게 작게 잘라져 있어숟가락으로 떠먹기도 좋고어느 음식이든 사이드로 곁들여 먹기 좋아요병아리콩과 레몬주스로 중동식 샐러드의 매력을한껏 살려서 완성되었어요 소스로는 차지키 드레싱이 들어 있어서산뜻하게 즐길 수가 있어요여러가지 야채들과 소스가 어울려져야채를 못 먹는 사람도 좋아하실 거 같아요상큼하고 식감이 좋았어요야채도 드레싱소스가 맛있으면건강한 식단으로 매일 먹을 수 있을 거 같아요집에 있는 비스캣이랑도 먹었는데더 맛있게 드실 수가 있어요 ✔️샐러드판다 저당 드레싱차지키,참깨 피넛차지키 드레싱은 저당 드레싱으로지금 가장 핫한 드레싱이자 당 걱정없이산뜻하게 곁들여 먹기 좋아요참깨 피넛 드레싱도 저당 드레싱으로당 걱정없이 고소하게 곁들여 먹기 좋아요두부, 닭가슴살, 계란 등담백한 토핑과 잘 어울린답니당저는 월남쌈에 참깨 피넛 드레싱을 좋아하는데진짜 맛있거든용근데 저당이라니 더 걱정없이 즐 길수 있을 거 같아요샐러드 판다는 새벽배송샐러드나 식단관리를 하실 때 드레싱 걱정말아요샐러드판다에서 맛있는 저당 드레싱으로건강하게 먹어요부담없이 먹을 수 있는 면요리로샐러드판다는 신선하기도 하지만 맛도 너무 맛있어요한식,중식,양식까지 다 만날 수 있어요https://m.smartstore.naver.com/saladpanda#샐러드판다 #샐러드 #쉬라즈샐러드 #두유면 #두유면샐러드 #저당드레싱@saladpanda_korea",협찬;샐러드판다;샐러드;쉬라즈샐러드;두유면;두유면샐러드;저당드레싱,#협찬 샐러드판다 비빔 두유면 쉬라즈 샐러드와 저당드레싱 소스 샐러드도 좋아해서 만들어 먹거나시켜먹곤 했는데 이번에 찾아보다가샐러드판다에서 샐러드를 먹어봤는데너무 맛있게 먹어서 후기를 가져왔어요샐러드판다 비빔 탄탄 두유면 샐러드와쉬라즈 샐러드 저당드레싱까지소개를 시켜 드릴려고 해요 비빔 탄탄 두유면 샐러드담백한 두유면과 돼지고기 그리고 매콤한 두반장고소한 땅콩으로 완성 된 건강식 탄탄면으로파의 상쾌한 식감까지 더해져서중식으로도 이용하실 수 있어요비빔 탄탄 두유면 샐러드는간장을 베이스로 한 일본식 참깨 고마드레싱과 곁들여져토핑하고 조화가 잘 어울렸어요면이 부드럽고 고소하고 담백하고소스가 자극적이지 않고 파랑 어울려진 맛이인상이 깊었어요 쉬라즈 샐러드채소만으로 만든 이색적인 중동식 샐로드로먹기 좋게 작게 잘라져 있어숟가락으로 떠먹기도 좋고어느 음식이든 사이드로 곁들여 먹기 좋아요병아리콩과 레몬주스로 중동식 샐러드의 매력을한껏 살려서 완성되었어요 소스로는 차지키 드레싱이 들어 있어서산뜻하게 즐길 수가 있어요여러가지 야채들과 소스가 어울려져야채를 못 먹는 사람도 좋아하실 거 같아요상큼하고 식감이 좋았어요야채도 드레싱소스가 맛있으면건강한 식단으로 매일 먹을 수 있을 거 같아요집에 있는 비스캣이랑도 먹었는데더 맛있게 드실 수가 있어요 샐러드판다 저당 드레싱차지키 참깨 피넛차지키 드레싱은 저당 드레싱으로지금 가장 핫한 드레싱이자 당 걱정없이산뜻하게 곁들여 먹기 좋아요참깨 피넛 드레싱도 저당 드레싱으로당 걱정없이 고소하게 곁들여 먹기 좋아요두부 닭가슴살 계란 등담백한 토핑과 잘 어울린답니당저는 월남쌈에 참깨 피넛 드레싱을 좋아하는데진짜 맛있거든용근데 저당이라니 더 걱정없이 즐 길수 있을 거 같아요샐러드 판다는 새벽배송샐러드나 식단관리를 하실 때 드레싱 걱정말아요샐러드판다에서 맛있는 저당 드레싱으로건강하게 먹어요부담없이 먹을 수 있는 면요리로샐러드판다는 신선하기도 하지만 맛도 너무 맛있어요한식 중식 양식까지 다 만날 수 있어요 #샐러드 #쉬라즈샐러드 #두유면 #두유면샐러드 #저당드레싱,"[""샐러드판다"", ""비빔"", ""두유면"", ""쉬라즈"", ""샐러드와"", ""저당드레싱"", ""소스"", ""샐러드도"", ""좋아해서"", ""만들어"", ""먹거나시켜먹곤"", ""했는데"", ""이번에"", ""찾아보다가샐러드판다에서"", ""샐러드를"", ""먹어봤는데너무"", ""먹어서"", ""후기를"", ""가져왔어요샐러드판다"", ""비빔"", ""탄탄"", ""두유면"", ""샐러드와쉬라즈"", ""샐러드"", ""저당드레싱까지소개를"", ""시켜"", ""드릴려고"", ""비빔"", ""탄탄"", ""두유면"", ""샐러드담백한"", ""두유면과"", ""돼지고기"", ""매콤한"", ""두반장고소한"", ""땅콩으로"", ""완성"", ""건강식"", ""탄탄면으로파의"", ""상쾌한"", ""식감까지"", ""더해져서중식으로도"", ""이용하실"", ""있어요비빔"", ""탄탄"", ""두유면"", ""샐러드는간장을"", ""베이스로"", ""일본식"", ""참깨"", ""고마드레싱과"", ""곁들여져토핑하고"", ""조화가"", ""어울렸어요면이"", ""부드럽고"", ""고소하고"", ""담백하고소스가"", ""자극적이지"", ""않고"", ""파랑"", ""어울려진"", ""맛이인상이"", ""깊었어요"", ""쉬라즈"", ""샐러드채소만으로"", ""만든"", ""이색적인"", ""중동식"", ""샐로드로먹기"", ""좋게"", ""작게"", ""잘라져"", ""있어숟가락으로"", ""떠먹기도"", ""좋고어느"", ""음식이든"", ""사이드로"", ""곁들여"", ""먹기"", ""좋아요병아리콩과"", ""레몬주스로"", ""중동식"", ""샐러드의"", ""매력을한껏"", ""살려서"", ""완성되었어요"", ""소스로는"", ""차지키"", ""드레싱이"", ""들어"", ""있어서산뜻하게"", ""수가"", ""있어요여러가지"", ""야채들과"", ""소스가"", ""어울려져야채를"", ""사람도"", ""좋아하실"", ""같아요상큼하고"", ""식감이"", ""좋았어요야채도"", ""드레싱소스가"", ""맛있으면건강한"", ""식단으로"", ""매일"", ""있을"", ""같아요집에"", ""비스캣이랑도"", ""먹었는데더"", ""드실"", ""수가"", ""샐러드판다"", ""저당"", ""드레싱차지키"", ""참깨"", ""피넛차지키"", ""드레싱은"", ""저당"", ""드레싱으로지금"", ""핫한"", ""드레싱이자"", ""걱정없이산뜻하게"", ""곁들여"", ""먹기"", ""좋아요참깨"", ""피넛"", ""드레싱도"", ""저당"", ""드레싱으로당"", ""걱정없이"", ""고소하게"", ""곁들여"", ""먹기"", ""좋아요두부"", ""닭가슴살"", ""계란"", ""등담백한"", ""토핑과"", ""어울린답니당저는"", ""월남쌈에"", ""참깨"", ""피넛"", ""드레싱을"", ""좋아하는데진짜"", ""맛있거든용근데"", ""저당이라니"", ""걱정없이"", ""길수"", ""있을"", ""같아요샐러드"", ""판다는"", ""새벽배송샐러드나"", ""식단관리를"", ""하실"", ""드레싱"", ""걱정말아요샐러드판다에서"", ""저당"", ""드레싱으로건강하게"", ""먹어요부담없이"", ""면요리로샐러드판다는"", ""신선하기도"", ""하지만"", ""맛도"", ""맛있어요한식"", ""중식"", ""양식까지"", ""만날""]","[""샐러드판다"", ""샐러드"", ""쉬라즈샐러드"", ""두유면"", ""두유면샐러드"", ""저당드레싱""]","[""샐러드판다"", ""비빔"", ""두유면"", ""쉬라즈"", ""샐러드와"", ""저당드레싱"", ""소스"", ""샐러드도"", ""좋아해서"", ""만들어"", ""먹거나시켜먹곤"", ""했는데"", ""이번에"", ""찾아보다가샐러드판다에서"", ""샐러드를"", ""먹어봤는데너무"", ""먹어서"", ""후기를"", ""가져왔어요샐러드판다"", ""비빔"", ""탄탄"", ""두유면"", ""샐러드와쉬라즈"", ""샐러드"", ""저당드레싱까지소개를"", ""시켜"", ""드릴려고"", ""비빔"", ""탄탄"", ""두유면"", ""샐러드담백한"", ""두유면과"", ""돼지고기"", ""매콤한"", ""두반장고소한"", ""땅콩으로"", ""완성"", ""건강식"", ""탄탄면으로파의"", ""상쾌한"", ""식감까지"", ""더해져서중식으로도"", ""이용하실"", ""있어요비빔"", ""탄탄"", ""두유면"", ""샐러드는간장을"", ""베이스로"", ""일본식"", ""참깨"", ""고마드레싱과"", ""곁들여져토핑하고"", ""조화가"", ""어울렸어요면이"", ""부드럽고"", ""고소하고"", ""담백하고소스가"", ""자극적이지"", ""않고"", ""파랑"", ""어울려진"", ""맛이인상이"", ""깊었어요"", ""쉬라즈"", ""샐러드채소만으로"", ""만든"", ""이색적인"", ""중동식"", ""샐로드로먹기"", ""좋게"", ""작게"", ""잘라져"", ""있어숟가락으로"", ""떠먹기도"", ""좋고어느"", ""음식이든"", ""사이드로"", ""곁들여"", ""먹기"", ""좋아요병아리콩과"", ""레몬주스로"", ""중동식"", ""샐러드의"", ""매력을한껏"", ""살려서"", ""완성되었어요"", ""소스로는"", ""차지키"", ""드레싱이"", ""들어"", ""있어서산뜻하게"", ""수가"", ""있어요여러가지"", ""야채들과"", ""소스가"", ""어울려져야채를"", ""사람도"", ""좋아하실"", ""같아요상큼하고"", ""식감이"", ""좋았어요야채도"", ""드레싱소스가"", ""맛있으면건강한"", ""식단으로"", ""매일"", ""있을"", ""같아요집에"", ""비스캣이랑도"", ""먹었는데더"", ""드실"", ""수가"", ""샐러드판다"", ""저당"", ""드레싱차지키"", ""참깨"", ""피넛차지키"", ""드레싱은"", ""저당"", ""드레싱으로지금"", ""핫한"", ""드레싱이자"", ""걱정없이산뜻하게"", ""곁들여"", ""먹기"", ""좋아요참깨"", ""피넛"", ""드레싱도"", ""저당"", ""드레싱으로당"", ""걱정없이"", ""고소하게"", ""곁들여"", ""먹기"", ""좋아요두부"", ""닭가슴살"", ""계란"", ""등담백한"", ""토핑과"", ""어울린답니당저는"", ""월남쌈에"", ""참깨"", ""피넛"", ""드레싱을"", ""좋아하는데진짜"", ""맛있거든용근데"", ""저당이라니"", ""걱정없이"", ""길수"", ""있을"", ""같아요샐러드"", ""판다는"", ""새벽배송샐러드나"", ""식단관리를"", ""하실"", ""드레싱"", ""걱정말아요샐러드판다에서"", ""저당"", ""드레싱으로건강하게"", ""먹어요부담없이"", ""면요리로샐러드판다는"", ""신선하기도"", ""하지만"", ""맛도"", ""맛있어요한식"", ""중식"", ""양식까지"", ""만날"", ""샐러드판다"", ""샐러드"", ""쉬라즈샐러드"", ""두유면"", ""두유면샐러드"", ""저당드레싱""]"
https://www.instagram.com/p/DP3Q4yLARzu/c/17993135258845925/,"𝑭𝒆𝒆𝒍 𝒊𝒕, 𝑻𝒂𝒔𝒕𝒆 𝒊𝒕, 𝑭𝒆𝒂𝒔𝒕𝒂!🖤 페스타 서리태 김 페스토 🖤국내산 서리태에광천 김과 들기름을 더해,🥢 고소함과 감칠맛이 한입에!🌿 콩·김·들기름의 완벽한 조화로한국적인 풍미를 그대로 담았어요.👉 이색적이지만 익숙한 맛,한식의 매력을 그대로 느껴보세요✨새로운 맛의 발견,서리태 김 페스토로 특별한 한 끼를! 🤍....#Feasta #페스타 #페스토 #콩페스토#국내산콩 #저당페스토 #단백질소스",Feasta;페스타;페스토;콩페스토;국내산콩;저당페스토;단백질소스,페스타 서리태 김 페스토 국내산 서리태에광천 김과 들기름을 더해 고소함과 감칠맛이 한입에 콩 김 들기름의 완벽한 조화로한국적인 풍미를 그대로 담았어요 이색적이지만 익숙한 맛 한식의 매력을 그대로 느껴보세요 새로운 맛의 발견 서리태 김 페스토로 특별한 한 끼를 # #페스타 #페스토 #콩페스토#국내산콩 #저당페스토 #단백질소스,"[""페스타"", ""서리태"", ""페스토"", ""국내산"", ""서리태에광천"", ""김과"", ""들기름을"", ""더해"", ""고소함과"", ""감칠맛이"", ""한입에"", ""들기름의"", ""완벽한"", ""조화로한국적인"", ""풍미를"", ""담았어요"", ""이색적이지만"", ""익숙한"", ""한식의"", ""매력을"", ""느껴보세요"", ""발견"", ""서리태"", ""페스토로""]","[""페스타"", ""페스토"", ""콩페스토"", ""국내산콩"", ""저당페스토"", ""단백질소스""]","[""페스타"", ""서리태"", ""페스토"", ""국내산"", ""서리태에광천"", ""김과"", ""들기름을"", ""더해"", ""고소함과"", ""감칠맛이"", ""한입에"", ""들기름의"", ""완벽한"", ""조화로한국적인"", ""풍미를"", ""담았어요"", ""이색적이지만"", ""익숙한"", ""한식의"", ""매력을"", ""느껴보세요"", ""발견"", ""서리태"", ""페스토로"", ""페스타"", ""페스토"", ""콩페스토"", ""국내산콩"", ""저당페스토"", ""단백질소스""]"
https://www.instagram.com/p/DQA552MEapO/,"주말에 잘먹고 잘놀았으니월요일 시작은 가볍게〰️요새 빠져있는 식단으로 시작했어요✨샐러드소스로 쓰는 발사믹을 화이트발사믹으로 쓰는데더 라이트하고 청량한느낌이라 좋더라구요!날이 갑자기 겨울이네요🥶겨울이 제일 싫은 저는 앞으로가 걱정이지만,,적응하겠지요~?다들 감기조심하시구 이번 한 주도 화이팅입니다!",,주말에 잘먹고 잘놀았으니월요일 시작은 가볍게 요새 빠져있는 식단으로 시작했어요 샐러드소스로 쓰는 발사믹을 화이트발사믹으로 쓰는데더 라이트하고 청량한느낌이라 좋더라구요 날이 갑자기 겨울이네요 겨울이 제일 싫은 저는 앞으로가 걱정이지만 적응하겠지요 다들 감기조심하시구 이번 한 주도 화이팅입니다,"[""잘먹고"", ""잘놀았으니월요일"", ""시작은"", ""가볍게"", ""요새"", ""빠져있는"", ""식단으로"", ""시작했어요"", ""샐러드소스로"", ""쓰는"", ""발사믹을"", ""화이트발사믹으로"", ""쓰는데더"", ""라이트하고"", ""청량한느낌이라"", ""좋더라구요"", ""날이"", ""겨울이네요"", ""겨울이"", ""싫은"", ""앞으로가"", ""걱정이지만"", ""적응하겠지요"", ""감기조심하시구"", ""주도"", ""화이팅입니다""]","[""잘먹고"", ""잘놀았으니월요일"", ""시작은"", ""가볍게"", ""요새"", ""빠져있는"", ""식단으로"", ""시작했어요"", ""샐러드소스로"", ""쓰는"", ""발사믹을"", ""화이트발사믹으로"", ""쓰는데더"", ""라이트하고"", ""청량한느낌이라"", ""좋더라구요"", ""날이"", ""겨울이네요"", ""겨울이"", ""싫은"", ""앞으로가"", ""걱정이지만"", ""적응하겠지요"", ""감기조심하시구"", ""주도"", ""화이팅입니다""]","[""잘먹고"", ""잘놀았으니월요일"", ""시작은"", ""가볍게"", ""요새"", ""빠져있는"", ""식단으로"", ""시작했어요"", ""샐러드소스로"", ""쓰는"", ""발사믹을"", ""화이트발사믹으로"", ""쓰는데더"", ""라이트하고"", ""청량한느낌이라"", ""좋더라구요"", ""날이"", ""겨울이네요"", ""겨울이"", ""싫은"", ""앞으로가"", ""걱정이지만"", ""적응하겠지요"", ""감기조심하시구"", ""주도"", ""화이팅입니다"", ""잘먹고"", ""잘놀았으니월요일"", ""시작은"", ""가볍게"", ""요새"", ""빠져있는"", ""식단으로"", ""시작했어요"", ""샐러드소스로"", ""쓰는"", ""발사믹을"", ""화이트발사믹으로"", ""쓰는데더"", ""라이트하고"", ""청량한느낌이라"", ""좋더라구요"", ""날이"", ""겨울이네요"", ""겨울이"", ""싫은"", ""앞으로가"", ""걱정이지만"", ""적응하겠지요"", ""감기조심하시구"", ""주도"", ""화이팅입니다""]"
https://www.instagram.com/p/DQIWuJjkyhV/,#건강식단#다이어트그램 #오이고추#저속노화#토마토#로메인상추 #샐러드 #초란#유정란,건강식단;다이어트그램;오이고추;저속노화;토마토;로메인상추;샐러드;초란;유정란,#건강식단#다이어트그램 #오이고추#저속노화#토마토#로메인상추 #샐러드 #초란#유정란,[],"[""건강식단"", ""다이어트그램"", ""오이고추"", ""저속노화"", ""토마토"", ""로메인상추"", ""샐러드"", ""초란"", ""유정란""]","[""건강식단"", ""다이어트그램"", ""오이고추"", ""저속노화"", ""토마토"", ""로메인상추"", ""샐러드"", ""초란"", ""유정란""]"
https://www.instagram.com/p/DPnb04DkcoS/,토핑 가득 샐러드🥗 (Fig and Prosciutto Salad with Mozzarella)다이어트에는 무조건 한끼는 샐러드 먹어주는거 국룰이쥬?🤭 냉장고에 있는 과일들 푸짐히 넣어주고 손으로 쭈욱 찢은 모짜렐라랑 프로슈토까지 더해주니 너무 맛나요! 다들 이 조합 샐러드 진행시켜보세요❤️⬇️ 재료- 루꼴라- 샤인머스켓- 무화과- 블루베리- 프로슈토- 모짜렐라- 무화과 발사믹 & 올리브오일----------------------------------⬇️ Ingredients- Rocket- Shine Muscat- Figs- Blueberries- Prosciutto- Mozzarella- Fig Balsamic & Olive Oil우리모두 맛있게 먹으면서 건강 해져요🧡도움이 되셨다면 좋아요 저장 공유🧡더 많은 정보는 @what.i.eat___Keep the recipe for future use. Share with your folks and hope you enjoy🧡#샐러드 #급찐급빠 #과일샐러드 #루꼴라샐러드 #무화과 #다이어트식단 #식단관리 #다이어트레시피 #유지어터 #간편요리 #다이어트음식 #간단요리 #식단 #홈쿠킹 #레시피 #프로슈토 #홈브런치,샐러드;급찐급빠;과일샐러드;루꼴라샐러드;무화과;다이어트식단;식단관리;다이어트레시피;유지어터;간편요리;다이어트음식;간단요리;식단;홈쿠킹;레시피;프로슈토;홈브런치,토핑 가득 샐러드 다이어트에는 무조건 한끼는 샐러드 먹어주는거 국룰이쥬 냉장고에 있는 과일들 푸짐히 넣어주고 손으로 쭈욱 찢은 모짜렐라랑 프로슈토까지 더해주니 너무 맛나요 다들 이 조합 샐러드 진행시켜보세요 재료 루꼴라 샤인머스켓 무화과 블루베리 프로슈토 모짜렐라 무화과 발사믹 올리브오일 우리모두 맛있게 먹으면서 건강 해져요 도움이 되셨다면 좋아요 저장 공유 더 많은 정보는 #샐러드 #급찐급빠 #과일샐러드 #루꼴라샐러드 #무화과 #다이어트식단 #식단관리 #다이어트레시피 #유지어터 #간편요리 #다이어트음식 #간단요리 #식단 #홈쿠킹 #레시피 #프로슈토 #홈브런치,"[""토핑"", ""샐러드"", ""다이어트에는"", ""무조건"", ""한끼는"", ""샐러드"", ""먹어주는거"", ""국룰이쥬"", ""냉장고에"", ""과일들"", ""푸짐히"", ""넣어주고"", ""손으로"", ""쭈욱"", ""찢은"", ""모짜렐라랑"", ""프로슈토까지"", ""더해주니"", ""맛나요"", ""샐러드"", ""진행시켜보세요"", ""재료"", ""루꼴라"", ""샤인머스켓"", ""무화과"", ""블루베리"", ""프로슈토"", ""모짜렐라"", ""무화과"", ""발사믹"", ""올리브오일"", ""우리모두"", ""먹으면서"", ""건강"", ""해져요"", ""도움이"", ""되셨다면"", ""저장"", ""공유"", ""정보는""]","[""샐러드"", ""급찐급빠"", ""과일샐러드"", ""루꼴라샐러드"", ""무화과"", ""다이어트식단"", ""식단관리"", ""다이어트레시피"", ""유지어터"", ""간편요리"", ""다이어트음식"", ""간단요리"", ""식단"", ""홈쿠킹"", ""레시피"", ""프로슈토"", ""홈브런치""]","[""토핑"", ""샐러드"", ""다이어트에는"", ""무조건"", ""한끼는"", ""샐러드"", ""먹어주는거"", ""국룰이쥬"", ""냉장고에"", ""과일들"", ""푸짐히"", ""넣어주고"", ""손으로"", ""쭈욱"", ""찢은"", ""모짜렐라랑"", ""프로슈토까지"", ""더해주니"", ""맛나요"", ""샐러드"", ""진행시켜보세요"", ""재료"", ""루꼴라"", ""샤인머스켓"", ""무화과"", ""블루베리"", ""프로슈토"", ""모짜렐라"", ""무화과"", ""발사믹"", ""올리브오일"", ""우리모두"", ""먹으면서"", ""건강"", ""해져요"", ""도움이"", ""되셨다면"", ""저장"", ""공유"", ""정보는"", ""샐러드"", ""급찐급빠"", ""과일샐러드"", ""루꼴라샐러드"", ""무화과"", ""다이어트식단"", ""식단관리"", ""다이어트레시피"", ""유지어터"", ""간편요리"", ""다이어트음식"", ""간단요리"", ""식단"", ""홈쿠킹"", ""레시피"", ""프로슈토"", ""홈브런치""]"
https://www.instagram.com/p/DQIL3OuE9ap/,"10/23 목요일📢 하루에 비타민 섭취 얼마나 하세요?? 과일이나 채소 잘 챙겨먹기 힘든데 하루 한끼 샐러드 드시는 건 어떨까요~ 😋😋매일 바뀌는 다양한 과일 토핑과🍇🥝🍌 풍성한 야채 샐러드 준비되어 있으니 🌽🥬🥕🫘하루 비타민 채우고 싶으신 분들, 샐러드나 포케 주문주셔요 ☎️(신선한 재료 공급을 위해 당일 주문이 안되는 점 양해바랍니다🙏)직장인의 합리적인 점심 선택  🍱 한끼대접 🍱🍱 도시락 배달 전문점 🍱  🔔 특수 보온 도시락 용기에 담아   따뜻하게 드실수있어요 🔔 🎉 직장인/공장/병원/관공소/단체행사 등등 🎉 🎈신선한 재료로 당일조리🎈2인분 이상 무료배달 & 무료수거🎈당일 9시까지 당일 주문 가능🎈포케, 샐러드는 전날 주문🎈매일 매일 새롭게 바뀌는 식단🎈미리 예약시 맞춤 도시락 가능🙇♀️ 카카오상담 ameal01🙇♀️ 주문전화, 문자  010-7613-3113#문덕도시락#문덕맛집#오천도시락#오천도시락#오천맛집#샐러드#단체주문환영#수제도시락#도시락#야외도시락#나들이도시락#포항도시락#도시락맛집#샐러드맛집#포케#포케맛집",문덕도시락;문덕맛집;오천도시락;오천맛집;샐러드;단체주문환영;수제도시락;도시락;야외도시락;나들이도시락;포항도시락;도시락맛집;샐러드맛집;포케;포케맛집,목요일 하루에 비타민 섭취 얼마나 하세요 과일이나 채소 잘 챙겨먹기 힘든데 하루 한끼 샐러드 드시는 건 어떨까요 매일 바뀌는 다양한 과일 토핑과 풍성한 야채 샐러드 준비되어 있으니 하루 비타민 채우고 싶으신 분들 샐러드나 포케 주문주셔요 신선한 재료 공급을 위해 당일 주문이 안되는 점 양해바랍니다 직장인의 합리적인 점심 선택 한끼대접 도시락 배달 전문점 특수 보온 도시락 용기에 담아 따뜻하게 드실수있어요 직장인 공장 병원 관공소 단체행사 등등 신선한 재료로 당일조리 인분 이상 무료배달 무료수거 당일 시까지 당일 주문 가능 포케 샐러드는 전날 주문 매일 매일 새롭게 바뀌는 식단 미리 예약시 맞춤 도시락 가능 카카오상담 주문전화 문자 #문덕도시락#문덕맛집#오천도시락#오천도시락#오천맛집#샐러드#단체주문환영#수제도시락#도시락#야외도시락#나들이도시락#포항도시락#도시락맛집#샐러드맛집#포케#포케맛집,"[""목요일"", ""하루에"", ""비타민"", ""섭취"", ""얼마나"", ""하세요"", ""과일이나"", ""채소"", ""챙겨먹기"", ""힘든데"", ""하루"", ""한끼"", ""샐러드"", ""드시는"", ""어떨까요"", ""매일"", ""바뀌는"", ""다양한"", ""과일"", ""토핑과"", ""풍성한"", ""야채"", ""샐러드"", ""준비되어"", ""하루"", ""비타민"", ""채우고"", ""싶으신"", ""분들"", ""샐러드나"", ""포케"", ""주문주셔요"", ""신선한"", ""재료"", ""공급을"", ""당일"", ""주문이"", ""안되는"", ""양해바랍니다"", ""직장인의"", ""합리적인"", ""점심"", ""선택"", ""한끼대접"", ""도시락"", ""배달"", ""전문점"", ""특수"", ""보온"", ""도시락"", ""용기에"", ""따뜻하게"", ""드실수있어요"", ""직장인"", ""공장"", ""병원"", ""관공소"", ""단체행사"", ""등등"", ""신선한"", ""재료로"", ""당일조리"", ""인분"", ""이상"", ""무료배달"", ""무료수거"", ""당일"", ""시까지"", ""당일"", ""주문"", ""포케"", ""샐러드는"", ""전날"", ""주문"", ""매일"", ""매일"", ""새롭게"", ""바뀌는"", ""식단"", ""예약시"", ""맞춤"", ""도시락"", ""카카오상담"", ""주문전화"", ""문자""]","[""문덕도시락"", ""문덕맛집"", ""오천도시락"", ""오천맛집"", ""샐러드"", ""단체주문환영"", ""수제도시락"", ""도시락"", ""야외도시락"", ""나들이도시락"", ""포항도시락"", ""도시락맛집"", ""샐러드맛집"", ""포케"", ""포케맛집""]","[""목요일"", ""하루에"", ""비타민"", ""섭취"", ""얼마나"", ""하세요"", ""과일이나"", ""채소"", ""챙겨먹기"", ""힘든데"", ""하루"", ""한끼"", ""샐러드"", ""드시는"", ""어떨까요"", ""매일"", ""바뀌는"", ""다양한"", ""과일"", ""토핑과"", ""풍성한"", ""야채"", ""샐러드"", ""준비되어"", ""하루"", ""비타민"", ""채우고"", ""싶으신"", ""분들"", ""샐러드나"", ""포케"", ""주문주셔요"", ""신선한"", ""재료"", ""공급을"", ""당일"", ""주문이"", ""안되는"", ""양해바랍니다"", ""직장인의"", ""합리적인"", ""점심"", ""선택"", ""한끼대접"", ""도시락"", ""배달"", ""전문점"", ""특수"", ""보온"", ""도시락"", ""용기에"", ""따뜻하게"", ""드실수있어요"", ""직장인"", ""공장"", ""병원"", ""관공소"", ""단체행사"", ""등등"", ""신선한"", ""재료로"", ""당일조리"", ""인분"", ""이상"", ""무료배달"", ""무료수거"", ""당일"", ""시까지"", ""당일"", ""주문"", ""포케"", ""샐러드는"", ""전날"", ""주문"", ""매일"", ""매일"", ""새롭게"", ""바뀌는"", ""식단"", ""예약시"", ""맞춤"", ""도시락"", ""카카오상담"", ""주문전화"", ""문자"", ""문덕도시락"", ""문덕맛집"", ""오천도시락"", ""오천맛집"", ""샐러드"", ""단체주문환영"", ""수제도시락"", ""도시락"", ""야외도시락"", ""나들이도시락"", ""포항도시락"", ""도시락맛집"", ""샐러드맛집"", ""포케"", ""포케맛집""]"
https://www.instagram.com/p/DPx9qIEkyRZ/c/18529291117044675/,샐러드 핫도그~핫도그 구워 꼬치빼고 채소 채우고 어린잎 올리고 소스 2가지 올려서 제공~그 위에 케첩과 스리라차는 선택하여 직접 뿌리기~채소 좀 먹여보고자 샐러드고로케마냥 만들어 봄.그 와중에 채소 싹 골라내는 몇 남학생들..그저 웃지요. ㅎㅎㅎㅎ#고등급식 #급식스타그램 #빵메뉴 #샐러드핫도그 #맛있게 #고등식판 #점심메뉴 #샐러드 #핫도그,고등급식;급식스타그램;빵메뉴;샐러드핫도그;맛있게;고등식판;점심메뉴;샐러드;핫도그,샐러드 핫도그 핫도그 구워 꼬치빼고 채소 채우고 어린잎 올리고 소스 가지 올려서 제공 그 위에 케첩과 스리라차는 선택하여 직접 뿌리기 채소 좀 먹여보고자 샐러드고로케마냥 만들어 봄 그 와중에 채소 싹 골라내는 몇 남학생들 그저 웃지요 ㅎㅎㅎㅎ#고등급식 #급식스타그램 #빵메뉴 #샐러드핫도그 #맛있게 #고등식판 #점심메뉴 #샐러드 #핫도그,"[""샐러드"", ""핫도그"", ""핫도그"", ""구워"", ""꼬치빼고"", ""채소"", ""채우고"", ""어린잎"", ""소스"", ""올려서"", ""제공"", ""케첩과"", ""스리라차는"", ""선택하여"", ""뿌리기"", ""채소"", ""먹여보고자"", ""샐러드고로케마냥"", ""만들어"", ""와중에"", ""채소"", ""골라내는"", ""남학생들"", ""그저"", ""웃지요"", ""ㅎㅎㅎㅎ""]","[""고등급식"", ""급식스타그램"", ""빵메뉴"", ""샐러드핫도그"", ""고등식판"", ""점심메뉴"", ""샐러드"", ""핫도그""]","[""샐러드"", ""핫도그"", ""핫도그"", ""구워"", ""꼬치빼고"", ""채소"", ""채우고"", ""어린잎"", ""소스"", ""올려서"", ""제공"", ""케첩과"", ""스리라차는"", ""선택하여"", ""뿌리기"", ""채소"", ""먹여보고자"", ""샐러드고로케마냥"", ""만들어"", ""와중에"", ""채소"", ""골라내는"", ""남학생들"", ""그저"", ""웃지요"", ""ㅎㅎㅎㅎ"", ""고등급식"", ""급식스타그램"", ""빵메뉴"", ""샐러드핫도그"", ""고등식판"", ""점심메뉴"", ""샐러드"", ""핫도그""]"
https://www.instagram.com/p/DQHcypaEpR-/c/18068235137340167/,10월 15일 식단🥗멕시칸 치킨 또띠아 샐러드 with크림 할라피뇨🥐애플잼 브리치즈 크로와상 + 미니 샐러드 with렌치 드레싱,,월 일 식단 멕시칸 치킨 또띠아 샐러드 크림 할라피뇨 애플잼 브리치즈 크로와상 미니 샐러드 렌치 드레싱,"[""식단"", ""멕시칸"", ""치킨"", ""또띠아"", ""샐러드"", ""크림"", ""할라피뇨"", ""애플잼"", ""브리치즈"", ""크로와상"", ""미니"", ""샐러드"", ""렌치"", ""드레싱""]","[""식단"", ""멕시칸"", ""치킨"", ""또띠아"", ""샐러드"", ""크림"", ""할라피뇨"", ""애플잼"", ""브리치즈"", ""크로와상"", ""미니"", ""샐러드"", ""렌치"", ""드레싱""]","[""식단"", ""멕시칸"", ""치킨"", ""또띠아"", ""샐러드"", ""크림"", ""할라피뇨"", ""애플잼"", ""브리치즈"", ""크로와상"", ""미니"", ""샐러드"", ""렌치"", ""드레싱"", ""식단"", ""멕시칸"", ""치킨"", ""또띠아"", ""샐러드"", ""크림"", ""할라피뇨"", ""애플잼"", ""브리치즈"", ""크로와상"", ""미니"", ""샐러드"", ""렌치"", ""드레싱""]"
https://www.instagram.com/p/DQGT0WXgXvm/,"🎊 10/28 Open 🎊양덕로 140, 1층 언니네건강한 한끼를 대접 하겠습니다🫶#24시무인매장 #단채주문환영#샌드위치 #샐러드 #포케 #커피#치아바타 #미니버거",24시무인매장;단채주문환영;샌드위치;샐러드;포케;커피;치아바타;미니버거,양덕로 층 언니네건강한 한끼를 대접 하겠습니다 # 시무인매장 #단채주문환영#샌드위치 #샐러드 #포케 #커피#치아바타 #미니버거,"[""양덕로"", ""언니네건강한"", ""한끼를"", ""대접"", ""하겠습니다"", ""시무인매장""]","[""시무인매장"", ""단채주문환영"", ""샌드위치"", ""샐러드"", ""포케"", ""커피"", ""치아바타"", ""미니버거""]","[""양덕로"", ""언니네건강한"", ""한끼를"", ""대접"", ""하겠습니다"", ""시무인매장"", ""시무인매장"", ""단채주문환영"", ""샌드위치"", ""샐러드"", ""포케"", ""커피"", ""치아바타"", ""미니버거""]"
https://www.instagram.com/p/DQImzsmE7m-/,이거슨.........관리!! 샐러드 많이 좋아라~ 합니다~#소스 는 #올리브오일 #소금 #후추 #서브웨이 #샐러드 #subway #salad,소스;올리브오일;소금;후추;서브웨이;샐러드;subway;salad,이거슨 관리 샐러드 많이 좋아라 합니다 #소스 는 #올리브오일 #소금 #후추 #서브웨이 #샐러드 # #,"[""이거슨"", ""관리"", ""샐러드"", ""좋아라""]","[""소스"", ""올리브오일"", ""소금"", ""후추"", ""서브웨이"", ""샐러드""]","[""이거슨"", ""관리"", ""샐러드"", ""좋아라"", ""소스"", ""올리브오일"", ""소금"", ""후추"", ""서브웨이"", ""샐러드""]"
https://www.instagram.com/p/DQGbcJ-EXCR/,🥗#백소정두정점 #직원식사 #샐러드,백소정두정점;직원식사;샐러드,#백소정두정점 #직원식사 #샐러드,[],"[""백소정두정점"", ""직원식사"", ""샐러드""]","[""백소정두정점"", ""직원식사"", ""샐러드""]"
https://www.instagram.com/p/DP0VsNAD1au/,"#식단관리헬스장 등록한지 거의 2개월이 된 헬린이 🏋️‍♀️✨매번 걷고, 달리기만 하다가근력을 키우자는 생각에 웨이트 시작했어요! 💪🔥(열심히 운동하면서 식단 관리 철처하게 하시는 분들 대단하세요👍)웨이트 운동을 제대로 하는 것은 처음이라온몸이 놀라고 있지만… 😵‍💫PT쌤이 시키는 대로 열심히 따라가고 있습니다💥평소에 식단은 아주 조금은 신경 썼는데😅운동 효과를 더 보려면 쪼~끔 더 신경 써야겠단 생각을 하고 있었어요🤔📈그런데 이번에 달롤 글루텐프리 러버즈에 선정되어 겸사겸사 식단에도 더 집중해보려 합니다🥗디저트 러버이자 빵순이이기도 한데 달롤에서 나온 글루텐프리 빵으로 맛도 챙기고, 식단도 지켜보려구요! 🍰💖@dalroll#아침식사 #샐러드",식단관리;아침식사;샐러드,#식단관리헬스장 등록한지 거의 개월이 된 헬린이 매번 걷고 달리기만 하다가근력을 키우자는 생각에 웨이트 시작했어요 열심히 운동하면서 식단 관리 철처하게 하시는 분들 대단하세요 웨이트 운동을 제대로 하는 것은 처음이라온몸이 놀라고 있지만 쌤이 시키는 대로 열심히 따라가고 있습니다 평소에 식단은 아주 조금은 신경 썼는데 운동 효과를 더 보려면 쪼 끔 더 신경 써야겠단 생각을 하고 있었어요 그런데 이번에 달롤 글루텐프리 러버즈에 선정되어 겸사겸사 식단에도 더 집중해보려 합니다 디저트 러버이자 빵순이이기도 한데 달롤에서 나온 글루텐프리 빵으로 맛도 챙기고 식단도 지켜보려구요 #아침식사 #샐러드,"[""등록한지"", ""개월이"", ""헬린이"", ""매번"", ""걷고"", ""달리기만"", ""하다가근력을"", ""키우자는"", ""생각에"", ""웨이트"", ""시작했어요"", ""열심히"", ""운동하면서"", ""식단"", ""관리"", ""철처하게"", ""하시는"", ""분들"", ""대단하세요"", ""웨이트"", ""운동을"", ""것은"", ""처음이라온몸이"", ""놀라고"", ""있지만"", ""쌤이"", ""시키는"", ""대로"", ""열심히"", ""따라가고"", ""평소에"", ""식단은"", ""조금은"", ""신경"", ""썼는데"", ""운동"", ""효과를"", ""보려면"", ""신경"", ""써야겠단"", ""생각을"", ""있었어요"", ""이번에"", ""달롤"", ""글루텐프리"", ""러버즈에"", ""선정되어"", ""겸사겸사"", ""식단에도"", ""집중해보려"", ""디저트"", ""러버이자"", ""빵순이이기도"", ""한데"", ""달롤에서"", ""나온"", ""글루텐프리"", ""빵으로"", ""맛도"", ""챙기고"", ""식단도"", ""지켜보려구요""]","[""식단관리"", ""아침식사"", ""샐러드""]","[""등록한지"", ""개월이"", ""헬린이"", ""매번"", ""걷고"", ""달리기만"", ""하다가근력을"", ""키우자는"", ""생각에"", ""웨이트"", ""시작했어요"", ""열심히"", ""운동하면서"", ""식단"", ""관리"", ""철처하게"", ""하시는"", ""분들"", ""대단하세요"", ""웨이트"", ""운동을"", ""것은"", ""처음이라온몸이"", ""놀라고"", ""있지만"", ""쌤이"", ""시키는"", ""대로"", ""열심히"", ""따라가고"", ""평소에"", ""식단은"", ""조금은"", ""신경"", ""썼는데"", ""운동"", ""효과를"", ""보려면"", ""신경"", ""써야겠단"", ""생각을"", ""있었어요"", ""이번에"", ""달롤"", ""글루텐프리"", ""러버즈에"", ""선정되어"", ""겸사겸사"", ""식단에도"", ""집중해보려"", ""디저트"", ""러버이자"", ""빵순이이기도"", ""한데"", ""달롤에서"", ""나온"", ""글루텐프리"", ""빵으로"", ""맛도"", ""챙기고"", ""식단도"", ""지켜보려구요"", ""식단관리"", ""아침식사"", ""샐러드""]"
https://www.instagram.com/p/DQDc11ViV3X/,#우리뷔페오늘의메뉴 #순살닭강정#계란찜#샐러드#호박볶음 #김구이#얼갈이나물#미역국#후식누룽지20251021화요일#,우리뷔페오늘의메뉴;순살닭강정;계란찜;샐러드;호박볶음;김구이;얼갈이나물;미역국;후식누룽지20251021화요일,#우리뷔페오늘의메뉴 #순살닭강정#계란찜#샐러드#호박볶음 #김구이#얼갈이나물#미역국#후식누룽지 화요일#,"[""화요일""]","[""우리뷔페오늘의메뉴"", ""순살닭강정"", ""계란찜"", ""샐러드"", ""호박볶음"", ""김구이"", ""얼갈이나물"", ""미역국"", ""후식누룽지"", ""화요일""]","[""화요일"", ""우리뷔페오늘의메뉴"", ""순살닭강정"", ""계란찜"", ""샐러드"", ""호박볶음"", ""김구이"", ""얼갈이나물"", ""미역국"", ""후식누룽지"", ""화요일""]"
https://www.instagram.com/p/DQG1jWKEjuL/,Fresh & Sweet moments at MIU오늘도 미유에서 리셋하세요#미유 #카페 #미유카페 #샐러드 #샌드위치 #가산현대아울렛점 #광화문 #콘코디언 #miu #Cafe #Cafe Miu,미유;카페;미유카페;샐러드;샌드위치;가산현대아울렛점;광화문;콘코디언;miu;Cafe,오늘도 미유에서 리셋하세요#미유 #카페 #미유카페 #샐러드 #샌드위치 #가산현대아울렛점 #광화문 #콘코디언 # # #,"[""미유에서"", ""리셋하세요""]","[""미유"", ""카페"", ""미유카페"", ""샐러드"", ""샌드위치"", ""가산현대아울렛점"", ""광화문"", ""콘코디언""]","[""미유에서"", ""리셋하세요"", ""미유"", ""카페"", ""미유카페"", ""샐러드"", ""샌드위치"", ""가산현대아울렛점"", ""광화문"", ""콘코디언""]"
https://www.instagram.com/p/DQAfGolk9Bi/c/18071777036223419/,2025.10.15 ~ 2025.10.19 🎞️가게 상태에 따라 찍지 못 한 사진이 정말 많습니다🤣 다양한 샐러드 & 포케 보여드릴 수 있도록 노력하겠습니다!😘,,가게 상태에 따라 찍지 못 한 사진이 정말 많습니다 다양한 샐러드 포케 보여드릴 수 있도록 노력하겠습니다,"[""가게"", ""상태에"", ""찍지"", ""사진이"", ""많습니다"", ""다양한"", ""샐러드"", ""포케"", ""보여드릴"", ""노력하겠습니다""]","[""가게"", ""상태에"", ""찍지"", ""사진이"", ""많습니다"", ""다양한"", ""샐러드"", ""포케"", ""보여드릴"", ""노력하겠습니다""]","[""가게"", ""상태에"", ""찍지"", ""사진이"", ""많습니다"", ""다양한"", ""샐러드"", ""포케"", ""보여드릴"", ""노력하겠습니다"", ""가게"", ""상태에"", ""찍지"", ""사진이"", ""많습니다"", ""다양한"", ""샐러드"", ""포케"", ""보여드릴"", ""노력하겠습니다""]"
https://www.instagram.com/p/DQF5v0JgbAx/,오늘의 샐러드 .#또띠아월남쌈샐러드 준비했어요 .또띠아에 야채랑 고기 가득 넣어돌돌 말아 수제피넛드레싱에꼭 찍먹하면 👍 👍 👍 👍 ..#촌스마마_화_수_목_금_낮12시오픈입니다#촌스마마 #핸드메이드 #많이달지않은마카롱 #쫀득한마카롱#좋은재료와정성은진리다 #마카롱 #샐러드 #샌드위치 #마카롱맛집 #샌드위치맛집 #샐러드맛집 #곡성 #남원 #순천 #광주 #곡성뚝방마켓 #곡성마카롱,또띠아월남쌈샐러드;촌스마마_화_수_목_금_낮12시오픈입니다;촌스마마;핸드메이드;많이달지않은마카롱;쫀득한마카롱;좋은재료와정성은진리다;마카롱;샐러드;샌드위치;마카롱맛집;샌드위치맛집;샐러드맛집;곡성;남원;순천;광주;곡성뚝방마켓;곡성마카롱,오늘의 샐러드 #또띠아월남쌈샐러드 준비했어요 또띠아에 야채랑 고기 가득 넣어돌돌 말아 수제피넛드레싱에꼭 찍먹하면 #촌스마마 화 수 목 금 낮 시오픈입니다#촌스마마 #핸드메이드 #많이달지않은마카롱 #쫀득한마카롱#좋은재료와정성은진리다 #마카롱 #샐러드 #샌드위치 #마카롱맛집 #샌드위치맛집 #샐러드맛집 #곡성 #남원 #순천 #광주 #곡성뚝방마켓 #곡성마카롱,"[""샐러드"", ""준비했어요"", ""또띠아에"", ""야채랑"", ""고기"", ""넣어돌돌"", ""말아"", ""수제피넛드레싱에꼭"", ""찍먹하면""]","[""또띠아월남쌈샐러드"", ""촌스마마"", ""촌스마마"", ""핸드메이드"", ""많이달지않은마카롱"", ""쫀득한마카롱"", ""좋은재료와정성은진리다"", ""마카롱"", ""샐러드"", ""샌드위치"", ""마카롱맛집"", ""샌드위치맛집"", ""샐러드맛집"", ""곡성"", ""남원"", ""순천"", ""광주""]","[""샐러드"", ""준비했어요"", ""또띠아에"", ""야채랑"", ""고기"", ""넣어돌돌"", ""말아"", ""수제피넛드레싱에꼭"", ""찍먹하면"", ""또띠아월남쌈샐러드"", ""촌스마마"", ""촌스마마"", ""핸드메이드"", ""많이달지않은마카롱"", ""쫀득한마카롱"", ""좋은재료와정성은진리다"", ""마카롱"", ""샐러드"", ""샌드위치"", ""마카롱맛집"", ""샌드위치맛집"", ""샐러드맛집"", ""곡성"", ""남원"", ""순천"", ""광주""]"
https://www.instagram.com/p/DQHchoDkp_1/,10월 13일 식단🍝두부면 나폴리탄 파스타🥗콥 샐러드 with시저 드레싱,,월 일 식단 두부면 나폴리탄 파스타 콥 샐러드 시저 드레싱,"[""식단"", ""두부면"", ""나폴리탄"", ""파스타"", ""샐러드"", ""시저"", ""드레싱""]","[""식단"", ""두부면"", ""나폴리탄"", ""파스타"", ""샐러드"", ""시저"", ""드레싱""]","[""식단"", ""두부면"", ""나폴리탄"", ""파스타"", ""샐러드"", ""시저"", ""드레싱"", ""식단"", ""두부면"", ""나폴리탄"", ""파스타"", ""샐러드"", ""시저"", ""드레싱""]"
https://www.instagram.com/p/DQJjGhuD6vy/c/18109421305526348/,"SAUCIT의 보울 메뉴는 샐러드가 아닙니다.치킨을 이용한 맛있고 배부른 한 끼를 드리기 위해 노력합니다.4가지 곡물 (파로, 현미, 보리, 귀리)를 이용한 건강하고 맛있는 한끼 SAUCIT에서 즐기세요** 파로는 슈퍼푸드로 저속노화와 혈당스파이크를 줄여주는 음식입니다.BOLDSAUCEBOLDERFLAVORS",,의 보울 메뉴는 샐러드가 아닙니다 치킨을 이용한 맛있고 배부른 한 끼를 드리기 위해 노력합니다 가지 곡물 파로 현미 보리 귀리 를 이용한 건강하고 맛있는 한끼 에서 즐기세요 파로는 슈퍼푸드로 저속노화와 혈당스파이크를 줄여주는 음식입니다,"[""보울"", ""샐러드가"", ""아닙니다"", ""치킨을"", ""이용한"", ""배부른"", ""드리기"", ""노력합니다"", ""곡물"", ""파로"", ""현미"", ""보리"", ""귀리"", ""이용한"", ""건강하고"", ""한끼"", ""즐기세요"", ""파로는"", ""슈퍼푸드로"", ""저속노화와"", ""혈당스파이크를"", ""줄여주는"", ""음식입니다""]","[""보울"", ""샐러드가"", ""아닙니다"", ""치킨을"", ""이용한"", ""배부른"", ""드리기"", ""노력합니다"", ""곡물"", ""파로"", ""현미"", ""보리"", ""귀리"", ""이용한"", ""건강하고"", ""한끼"", ""즐기세요"", ""파로는"", ""슈퍼푸드로"", ""저속노화와"", ""혈당스파이크를"", ""줄여주는"", ""음식입니다""]","[""보울"", ""샐러드가"", ""아닙니다"", ""치킨을"", ""이용한"", ""배부른"", ""드리기"", ""노력합니다"", ""곡물"", ""파로"", ""현미"", ""보리"", ""귀리"", ""이용한"", ""건강하고"", ""한끼"", ""즐기세요"", ""파로는"", ""슈퍼푸드로"", ""저속노화와"", ""혈당스파이크를"", ""줄여주는"", ""음식입니다"", ""보울"", ""샐러드가"", ""아닙니다"", ""치킨을"", ""이용한"", ""배부른"", ""드리기"", ""노력합니다"", ""곡물"", ""파로"", ""현미"", ""보리"", ""귀리"", ""이용한"", ""건강하고"", ""한끼"", ""즐기세요"", ""파로는"", ""슈퍼푸드로"", ""저속노화와"", ""혈당스파이크를"", ""줄여주는"", ""음식입니다""]"
https://www.instagram.com/p/DQEiuHlkdYR/,2일차 맛있는 건강식단 💪 #식단일기#영양식단#샐러드#홈쿡#refresh,식단일기;영양식단;샐러드;홈쿡;refresh,일차 맛있는 건강식단 #식단일기#영양식단#샐러드#홈쿡#,"[""일차"", ""건강식단""]","[""식단일기"", ""영양식단"", ""샐러드"", ""홈쿡""]","[""일차"", ""건강식단"", ""식단일기"", ""영양식단"", ""샐러드"", ""홈쿡""]"
https://www.instagram.com/p/DQIicsEE5BN/,"10월 23일 메뉴 안내!--------------------------------------------최가 반찬 메리트 : ’배달팁 X !!!‘  지역.  최소주문 금액 금천 서희아파트  10,000원 금천동,탑동,용담동  15,000원 용암1동(동남x),용정동  20,000원--------------------------------------------배달은 공지글 업로드 이후 주문하신 분부터 순차적으로 진행됩니다!배달 결제 방법 : 현금, 계좌이체, 만나서 카드결제배달 신청 방법 : 010-3666-3863 으로 메뉴 적어서 보내주시면 빠르게 답변 드리겠습니다!최대한 빨리 배달해드릴게요!!배달 및 반찬 문의 : 010-3666-3863--------------------------------------------10월 23일 (목요일) 스페셜 메뉴목포 먹갈치 구이 : 10,000원 - sold out닭곰탕 : 7,000원 (국물이 끝내주죠!)라이스페이퍼 튀김 (6개) : 5,000원 - sold out토마토 스크램볼 : 3,500원브로콜리 건두부 : 3,000원 (맛,건강,가격까지!)아삭이 고추 김치 (11개) : 4,000원 (인기만점!)제육볶음 : 6,000원 (소울 푸드!) - sold out한통가득 ’양념게장‘ : 9,000원가지강정 : 3,500원 (대표메뉴 111) - sold out쥐치포 튀김 : 3,500원 (대표메뉴 222) - 10시 50분 완려 예정!호박 감자 계란 샐러드 : 3,500원쑥갓 두부 무침 : 3,500원 - sold out얼갈이 된장 무침 : 3,000원 - sold out배추 겉절이 : 10,000원불맛나는 숙주나물 : 3,500원무생채 : 3,500원가지볶음 : 3,500원두부조림 : 4,000원꽈리고추 : 3,500원멸치 꽈리고추 볶음 : 3,500원전체 메뉴가 이어집니다!!------------------------------------------🥘 국 종류닭곰탕 : 7,000원애호박 돼지고기 찌개 : 6,000원 (전날 반찬) - sold out어묵탕 : 5,000원 (전날 반찬)-------------------------------------------🍜 나물 및 마른 반찬 등등국내산 묵은지 볶음 : 3,500원 매운 모듬 짱아찌 : 3,500원(마늘쫑,고추,깻잎 들어갔어요! 엄청 매워요!)수제 오이 짱아찌 : 3,500원멸치볶음 : 3,500원 (아몬드 첨가!!, 지리멸치사용!)진미채 : 5,000원오징어 실채 : 5,000원 (신메뉴!)국내산 서리태콩 : 3,500원소고기 장조림 : 6,000원메추리알 장조림 : 4,000원황태회무침 : 4,000원고추 짱아찌 : 3,500원깻잎무침 : 4,000원 - sold out--------------------------------------------🥟 젓갈 종류오징어 젓갈 : 5,000원낙지 젓갈 : 5,000원--------------------------------------------🥗 김치 종류김치는 국내산 고춧가루를 사용합니다 !!방금 담은 배추 겉절이 : 10,000원파김치 : 4,000원알타리 김치 : 5,000원열무 김치 : 4,000원’빅‘ 열무 김치 : 10,000원 (1kg 넘어요!!)동치미 : 3,500원--------------------------------------------🌿 기타 반찬계란말이 : 3,500원 - sold out고기잡채 : 4,500원--------------------------------------------! 문의 사항 : 010-3666-3863 ! 못 적은 반찬이 있을수도 있으니 편하게 문자 또는 전화 주시면 빠르게 답변 드리겠습니다!!👉 미리 예약해주시면 더욱 편리하게 받아보실 수 있어요!#반찬 #반찬가게 #나물 #전 #탕 #최가반찬 #명절음식 #맛집 #금천동 #혼밥 #가정식 #밑반찬 #김치 #용정동반찬 #용암동반찬 #배달 #동치미 #청주맛집 #음식 #샐러드 #생선구이 #네이버밴드 #수제반찬 #당일배송 #배달 #금천동반찬 #영운동반찬 #탑동반찬 #용담동반찬",반찬;반찬가게;나물;전;탕;최가반찬;명절음식;맛집;금천동;혼밥;가정식;밑반찬;김치;용정동반찬;용암동반찬;배달;동치미;청주맛집;음식;샐러드;생선구이;네이버밴드;수제반찬;당일배송;금천동반찬;영운동반찬;탑동반찬;용담동반찬,월 일 메뉴 안내 최가 반찬 메리트 배달팁 지역 최소주문 금액 금천 서희아파트 원 금천동 탑동 용담동 원 용암 동 동남 용정동 원 배달은 공지글 업로드 이후 주문하신 분부터 순차적으로 진행됩니다 배달 결제 방법 현금 계좌이체 만나서 카드결제배달 신청 방법 으로 메뉴 적어서 보내주시면 빠르게 답변 드리겠습니다 최대한 빨리 배달해드릴게요 배달 및 반찬 문의 월 일 목요일 스페셜 메뉴목포 먹갈치 구이 원 닭곰탕 원 국물이 끝내주죠 라이스페이퍼 튀김 개 원 토마토 스크램볼 원브로콜리 건두부 원 맛 건강 가격까지 아삭이 고추 김치 개 원 인기만점 제육볶음 원 소울 푸드 한통가득 양념게장 원가지강정 원 대표메뉴 쥐치포 튀김 원 대표메뉴 시 분 완려 예정 호박 감자 계란 샐러드 원쑥갓 두부 무침 원 얼갈이 된장 무침 원 배추 겉절이 원불맛나는 숙주나물 원무생채 원가지볶음 원두부조림 원꽈리고추 원멸치 꽈리고추 볶음 원전체 메뉴가 이어집니다 국 종류닭곰탕 원애호박 돼지고기 찌개 원 전날 반찬 어묵탕 원 전날 반찬 나물 및 마른 반찬 등등국내산 묵은지 볶음 원 매운 모듬 짱아찌 원 마늘쫑 고추 깻잎 들어갔어요 엄청 매워요 수제 오이 짱아찌 원멸치볶음 원 아몬드 첨가 지리멸치사용 진미채 원오징어 실채 원 신메뉴 국내산 서리태콩 원소고기 장조림 원메추리알 장조림 원황태회무침 원고추 짱아찌 원깻잎무침 원 젓갈 종류오징어 젓갈 원낙지 젓갈 원 김치 종류김치는 국내산 고춧가루를 사용합니다 방금 담은 배추 겉절이 원파김치 원알타리 김치 원열무 김치 원 빅 열무 김치 원 넘어요 동치미 원 기타 반찬계란말이 원 고기잡채 원 문의 사항 못 적은 반찬이 있을수도 있으니 편하게 문자 또는 전화 주시면 빠르게 답변 드리겠습니다 미리 예약해주시면 더욱 편리하게 받아보실 수 있어요 #반찬 #반찬가게 #나물 #전 #탕 #최가반찬 #명절음식 #맛집 #금천동 #혼밥 #가정식 #밑반찬 #김치 #용정동반찬 #용암동반찬 #배달 #동치미 #청주맛집 #음식 #샐러드 #생선구이 #네이버밴드 #수제반찬 #당일배송 #배달 #금천동반찬 #영운동반찬 #탑동반찬 #용담동반찬,"[""안내"", ""최가"", ""반찬"", ""메리트"", ""배달팁"", ""지역"", ""금액"", ""금천"", ""서희아파트"", ""금천동"", ""탑동"", ""용담동"", ""용암"", ""동남"", ""용정동"", ""배달은"", ""공지글"", ""업로드"", ""이후"", ""주문하신"", ""분부터"", ""순차적으로"", ""진행됩니다"", ""배달"", ""결제"", ""방법"", ""현금"", ""계좌이체"", ""만나서"", ""카드결제배달"", ""신청"", ""방법"", ""적어서"", ""보내주시면"", ""빠르게"", ""답변"", ""드리겠습니다"", ""빨리"", ""배달해드릴게요"", ""배달"", ""반찬"", ""목요일"", ""스페셜"", ""메뉴목포"", ""먹갈치"", ""구이"", ""닭곰탕"", ""국물이"", ""끝내주죠"", ""라이스페이퍼"", ""튀김"", ""토마토"", ""스크램볼"", ""원브로콜리"", ""건두부"", ""건강"", ""가격까지"", ""아삭이"", ""고추"", ""김치"", ""인기만점"", ""제육볶음"", ""소울"", ""푸드"", ""한통가득"", ""양념게장"", ""원가지강정"", ""대표메뉴"", ""쥐치포"", ""튀김"", ""대표메뉴"", ""완려"", ""예정"", ""호박"", ""감자"", ""계란"", ""샐러드"", ""원쑥갓"", ""두부"", ""무침"", ""얼갈이"", ""된장"", ""무침"", ""배추"", ""겉절이"", ""원불맛나는"", ""숙주나물"", ""원무생채"", ""원가지볶음"", ""원두부조림"", ""원꽈리고추"", ""원멸치"", ""꽈리고추"", ""볶음"", ""원전체"", ""이어집니다"", ""종류닭곰탕"", ""원애호박"", ""돼지고기"", ""찌개"", ""전날"", ""반찬"", ""어묵탕"", ""전날"", ""반찬"", ""나물"", ""마른"", ""반찬"", ""등등국내산"", ""묵은지"", ""볶음"", ""매운"", ""모듬"", ""짱아찌"", ""마늘쫑"", ""고추"", ""깻잎"", ""들어갔어요"", ""매워요"", ""수제"", ""오이"", ""짱아찌"", ""원멸치볶음"", ""아몬드"", ""첨가"", ""지리멸치사용"", ""진미채"", ""원오징어"", ""실채"", ""신메뉴"", ""국내산"", ""서리태콩"", ""원소고기"", ""장조림"", ""원메추리알"", ""장조림"", ""원황태회무침"", ""원고추"", ""짱아찌"", ""원깻잎무침"", ""젓갈"", ""종류오징어"", ""젓갈"", ""원낙지"", ""젓갈"", ""김치"", ""종류김치는"", ""국내산"", ""고춧가루를"", ""사용합니다"", ""방금"", ""배추"", ""겉절이"", ""원파김치"", ""원알타리"", ""김치"", ""원열무"", ""김치"", ""열무"", ""김치"", ""넘어요"", ""동치미"", ""기타"", ""반찬계란말이"", ""고기잡채"", ""사항"", ""적은"", ""반찬이"", ""있을수도"", ""편하게"", ""문자"", ""전화"", ""주시면"", ""빠르게"", ""답변"", ""드리겠습니다"", ""예약해주시면"", ""편리하게"", ""받아보실""]","[""반찬"", ""반찬가게"", ""나물"", ""최가반찬"", ""명절음식"", ""맛집"", ""금천동"", ""혼밥"", ""가정식"", ""밑반찬"", ""김치"", ""용정동반찬"", ""용암동반찬"", ""배달"", ""동치미"", ""청주맛집"", ""샐러드"", ""생선구이"", ""네이버밴드"", ""수제반찬"", ""당일배송"", ""금천동반찬"", ""영운동반찬"", ""탑동반찬"", ""용담동반찬""]","[""안내"", ""최가"", ""반찬"", ""메리트"", ""배달팁"", ""지역"", ""금액"", ""금천"", ""서희아파트"", ""금천동"", ""탑동"", ""용담동"", ""용암"", ""동남"", ""용정동"", ""배달은"", ""공지글"", ""업로드"", ""이후"", ""주문하신"", ""분부터"", ""순차적으로"", ""진행됩니다"", ""배달"", ""결제"", ""방법"", ""현금"", ""계좌이체"", ""만나서"", ""카드결제배달"", ""신청"", ""방법"", ""적어서"", ""보내주시면"", ""빠르게"", ""답변"", ""드리겠습니다"", ""빨리"", ""배달해드릴게요"", ""배달"", ""반찬"", ""목요일"", ""스페셜"", ""메뉴목포"", ""먹갈치"", ""구이"", ""닭곰탕"", ""국물이"", ""끝내주죠"", ""라이스페이퍼"", ""튀김"", ""토마토"", ""스크램볼"", ""원브로콜리"", ""건두부"", ""건강"", ""가격까지"", ""아삭이"", ""고추"", ""김치"", ""인기만점"", ""제육볶음"", ""소울"", ""푸드"", ""한통가득"", ""양념게장"", ""원가지강정"", ""대표메뉴"", ""쥐치포"", ""튀김"", ""대표메뉴"", ""완려"", ""예정"", ""호박"", ""감자"", ""계란"", ""샐러드"", ""원쑥갓"", ""두부"", ""무침"", ""얼갈이"", ""된장"", ""무침"", ""배추"", ""겉절이"", ""원불맛나는"", ""숙주나물"", ""원무생채"", ""원가지볶음"", ""원두부조림"", ""원꽈리고추"", ""원멸치"", ""꽈리고추"", ""볶음"", ""원전체"", ""이어집니다"", ""종류닭곰탕"", ""원애호박"", ""돼지고기"", ""찌개"", ""전날"", ""반찬"", ""어묵탕"", ""전날"", ""반찬"", ""나물"", ""마른"", ""반찬"", ""등등국내산"", ""묵은지"", ""볶음"", ""매운"", ""모듬"", ""짱아찌"", ""마늘쫑"", ""고추"", ""깻잎"", ""들어갔어요"", ""매워요"", ""수제"", ""오이"", ""짱아찌"", ""원멸치볶음"", ""아몬드"", ""첨가"", ""지리멸치사용"", ""진미채"", ""원오징어"", ""실채"", ""신메뉴"", ""국내산"", ""서리태콩"", ""원소고기"", ""장조림"", ""원메추리알"", ""장조림"", ""원황태회무침"", ""원고추"", ""짱아찌"", ""원깻잎무침"", ""젓갈"", ""종류오징어"", ""젓갈"", ""원낙지"", ""젓갈"", ""김치"", ""종류김치는"", ""국내산"", ""고춧가루를"", ""사용합니다"", ""방금"", ""배추"", ""겉절이"", ""원파김치"", ""원알타리"", ""김치"", ""원열무"", ""김치"", ""열무"", ""김치"", ""넘어요"", ""동치미"", ""기타"", ""반찬계란말이"", ""고기잡채"", ""사항"", ""적은"", ""반찬이"", ""있을수도"", ""편하게"", ""문자"", ""전화"", ""주시면"", ""빠르게"", ""답변"", ""드리겠습니다"", ""예약해주시면"", ""편리하게"", ""받아보실"", ""반찬"", ""반찬가게"", ""나물"", ""최가반찬"", ""명절음식"", ""맛집"", ""금천동"", ""혼밥"", ""가정식"", ""밑반찬"", ""김치"", ""용정동반찬"", ""용암동반찬"", ""배달"", ""동치미"", ""청주맛집"", ""샐러드"", ""생선구이"", ""네이버밴드"", ""수제반찬"", ""당일배송"", ""금천동반찬"", ""영운동반찬"", ""탑동반찬"", ""용담동반찬""]"
https://www.instagram.com/p/DQIjZXqgcwE/c/17930027379000049/,♡마샹스오늘의 마샹스^^단체행사 도시락을  아침에 준비해드렸어요~♡각종 단체 행사도 마샹스에서 준비해드릴게요^^010 2616 3158.#마샹스#마샹스사천#마샹스남해#마샹스삼천포#브런치카페#카페#다이닝#와인#맥주#파스타#스테이크#샐러드#다이어트#다이어트식단#스무디#아보카도#해물파스타#남해#테라스카페#파티#과일컵#도시락#박스케이터링,마샹스;마샹스사천;마샹스남해;마샹스삼천포;브런치카페;카페;다이닝;와인;맥주;파스타;스테이크;샐러드;다이어트;다이어트식단;스무디;아보카도;해물파스타;남해;테라스카페;파티;과일컵;도시락;박스케이터링,마샹스오늘의 마샹스 단체행사 도시락을 아침에 준비해드렸어요 각종 단체 행사도 마샹스에서 준비해드릴게요 #마샹스#마샹스사천#마샹스남해#마샹스삼천포#브런치카페#카페#다이닝#와인#맥주#파스타#스테이크#샐러드#다이어트#다이어트식단#스무디#아보카도#해물파스타#남해#테라스카페#파티#과일컵#도시락#박스케이터링,"[""마샹스오늘의"", ""마샹스"", ""단체행사"", ""도시락을"", ""아침에"", ""준비해드렸어요"", ""각종"", ""행사도"", ""마샹스에서"", ""준비해드릴게요""]","[""마샹스"", ""마샹스사천"", ""마샹스남해"", ""마샹스삼천포"", ""브런치카페"", ""카페"", ""다이닝"", ""와인"", ""맥주"", ""파스타"", ""스테이크"", ""샐러드"", ""다이어트"", ""다이어트식단"", ""스무디"", ""아보카도"", ""해물파스타"", ""남해"", ""테라스카페"", ""파티"", ""과일컵"", ""도시락"", ""박스케이터링""]","[""마샹스오늘의"", ""마샹스"", ""단체행사"", ""도시락을"", ""아침에"", ""준비해드렸어요"", ""각종"", ""행사도"", ""마샹스에서"", ""준비해드릴게요"", ""마샹스"", ""마샹스사천"", ""마샹스남해"", ""마샹스삼천포"", ""브런치카페"", ""카페"", ""다이닝"", ""와인"", ""맥주"", ""파스타"", ""스테이크"", ""샐러드"", ""다이어트"", ""다이어트식단"", ""스무디"", ""아보카도"", ""해물파스타"", ""남해"", ""테라스카페"", ""파티"", ""과일컵"", ""도시락"", ""박스케이터링""]"
https://www.instagram.com/p/DP89gbEERAl/c/17889266496361848/,"[🇨🇦 캐나다 브런치 카페 사장님과의 포케&파스타 샐러드 수업] 3년 전 한국 방문 당시 일정이 맞지 않아 수강을 못하셨던 사장님께서, 이번 한국 방문 일정에 맞춰 미리 수업 예약하고 와주셨어요. 정말 멀리서, 그리고 오랜 시간 기다려 와주셔서 수업 내내 감사한 마음이 가득했답니다. 기대만큼 좋았다고 말씀해 주셔서 더욱 감동이었어요🥹🤎머나먼 캐나다에서도 ARiMi 메뉴들 반짝 빛나길 응원합니다✨",,캐나다 브런치 카페 사장님과의 포케 파스타 샐러드 수업 년 전 한국 방문 당시 일정이 맞지 않아 수강을 못하셨던 사장님께서 이번 한국 방문 일정에 맞춰 미리 수업 예약하고 와주셨어요 정말 멀리서 그리고 오랜 시간 기다려 와주셔서 수업 내내 감사한 마음이 가득했답니다 기대만큼 좋았다고 말씀해 주셔서 더욱 감동이었어요 머나먼 캐나다에서도 메뉴들 반짝 빛나길 응원합니다,"[""캐나다"", ""브런치"", ""카페"", ""사장님과의"", ""포케"", ""파스타"", ""샐러드"", ""한국"", ""방문"", ""당시"", ""일정이"", ""맞지"", ""않아"", ""수강을"", ""못하셨던"", ""사장님께서"", ""한국"", ""방문"", ""일정에"", ""예약하고"", ""와주셨어요"", ""멀리서"", ""오랜"", ""시간"", ""기다려"", ""와주셔서"", ""내내"", ""감사한"", ""가득했답니다"", ""기대만큼"", ""좋았다고"", ""말씀해"", ""주셔서"", ""감동이었어요"", ""머나먼"", ""캐나다에서도"", ""메뉴들"", ""반짝"", ""빛나길"", ""응원합니다""]","[""캐나다"", ""브런치"", ""카페"", ""사장님과의"", ""포케"", ""파스타"", ""샐러드"", ""한국"", ""방문"", ""당시"", ""일정이"", ""맞지"", ""않아"", ""수강을"", ""못하셨던"", ""사장님께서"", ""한국"", ""방문"", ""일정에"", ""예약하고"", ""와주셨어요"", ""멀리서"", ""오랜"", ""시간"", ""기다려"", ""와주셔서"", ""내내"", ""감사한"", ""가득했답니다"", ""기대만큼"", ""좋았다고"", ""말씀해"", ""주셔서"", ""감동이었어요"", ""머나먼"", ""캐나다에서도"", ""메뉴들"", ""반짝"", ""빛나길"", ""응원합니다""]","[""캐나다"", ""브런치"", ""카페"", ""사장님과의"", ""포케"", ""파스타"", ""샐러드"", ""한국"", ""방문"", ""당시"", ""일정이"", ""맞지"", ""않아"", ""수강을"", ""못하셨던"", ""사장님께서"", ""한국"", ""방문"", ""일정에"", ""예약하고"", ""와주셨어요"", ""멀리서"", ""오랜"", ""시간"", ""기다려"", ""와주셔서"", ""내내"", ""감사한"", ""가득했답니다"", ""기대만큼"", ""좋았다고"", ""말씀해"", ""주셔서"", ""감동이었어요"", ""머나먼"", ""캐나다에서도"", ""메뉴들"", ""반짝"", ""빛나길"", ""응원합니다"", ""캐나다"", ""브런치"", ""카페"", ""사장님과의"", ""포케"", ""파스타"", ""샐러드"", ""한국"", ""방문"", ""당시"", ""일정이"", ""맞지"", ""않아"", ""수강을"", ""못하셨던"", ""사장님께서"", ""한국"", ""방문"", ""일정에"", ""예약하고"", ""와주셨어요"", ""멀리서"", ""오랜"", ""시간"", ""기다려"", ""와주셔서"", ""내내"", ""감사한"", ""가득했답니다"", ""기대만큼"", ""좋았다고"", ""말씀해"", ""주셔서"", ""감동이었어요"", ""머나먼"", ""캐나다에서도"", ""메뉴들"", ""반짝"", ""빛나길"", ""응원합니다""]"
https://www.instagram.com/p/DQJKo66E88d/c/18020136269789214/,"두 계절을 건너뛰고 오개월만에 인사드립니다.소식이 뜸해 광안리 구석에 아직도 존재는 하나..싶은 브런치 소보입니다 :))...그간 유난히 왜이리 소식이 없었는가 하면.. 구석중에 구석에 있는 소보가 자리한 부산의 광안리는 지난 뜨거웠던 여름부터 최근의 긴 추석 연휴와 선선한 지금의 계절까지 이벤트가 없는 주를 꼽는게 더 빠를만큼 분주한 도시임을 잠시 망각하여 흡사 장거리 마라톤 후 과호흡을 경험하고 이제야 천천히 일상으로 돌아온 것 같습니다. 그래서 드리고 싶은 말이 있는데요..진지한 마음으로 언제나 해도 해도 아깝지 않은 이야기이고, 한분 한분께 드리고 싶은 말씀은 고맙고 또 너무나 감사하다는 인사입니다.언제나 시간내어 방문 주시는 것에 대한 감사한 마음을 담아 내는 것이 최선의 몫이라 생각하지만 그 이외바쁜 날엔 분주함에 놀라 분명 하나하나 꼼꼼하고 세심한 서비스를 드리지 못해 불편함을 느끼셨던 분들도 계셨으리라 생각하니 마음이 많이 무거웠답니다.그간 별일없던 주방의 식기세척기, 커피머신기, 사소한 에어컨의 문제 등등.. 지난 연휴 때 이들의 갑작스런 파업으로 정말로 너무나 혼란스러웠지만 이 또한 지나갔네요.. 그렇게 하나씩 수리하고 마당과 후드의 묵은 때도 벗겨내며 미루어 둔 숙제를 하나씩 해결하며 일상을 보내고 있습니다부족함을 따지자 하면 부끄럽게도 이렇게 손에 꼽을 정말 많은 것들이 있지만 그럼에도 불구하고 방문주시고 너그러운 마음으로 많은 것들을 배려해주셔서 진심으로 너무나 너무나 감사했습니다.사정이 이러하니 항상 더 더 노력해 잘하고 싶다는 생각을 하게 되는 것 같습니다. 조금더 편안한 식사를 하실 수 있도록, 따뜻하게 안내드릴 수 있도록 힘쓰겠습니다.부디 앞으로도 많은 당근과 채찍 부탁드리겠습니다. 정말 감사합니다....그리고 오랜만에 신 메뉴 소식을 전합니다😊소보가 올 가을 겨울 픽한 식자재는 아보카도입니다🥑날이 선선해진 이후로 활동하기가 좋아서인지 매장도 배달도 부쩍 이른 아침 주문이 많아졌음을 느낍니다.커피한잔과 이래도 되나 싶을만큼 멋내지 않고 담백하고 심플한 식사를 하고 싶을 때 추천드리는 ’심플 아보카도 샌드위치‘와쌀쌀하니 더욱 생각나는 야채듬뿍한 소보의 토마토 소스를 베이스로 아보카도와 홀렌소스를 곁들여 부드럽고 고소함을 더한 ’아보카도 토마토파스타‘를 준비하였습니다고기는 없지만 든든 할 자신 있는 메뉴들이랍니다. 다만 여전히 이름이 직관적이라 다소 멋은 없네요.. 하핫다음주부터는 서비스 드릴 수 있도록 잘 익혀두겠습니다 :)) 그나저나 걱정입니다..줄어드는 메뉴는 없고 늘어나기만 하는 리스트들.. 맛집은 자신감 넘치게 단촐한 메뉴가 자랑이라는데 소보는....... 네.. 메뉴 부자이네요 하하.. 조만간 정리를 해보아야겠습니다. ...하동 고사리파스타는 4-6월 부모님께서 수확해 삶아 말려 두셨던 고사리가 재료 소진으로 곧 시즌아웃 예정이고 겨울 배추 파스타를 서비스 드릴 예정입니다. 일찍이 심은 것들은 날이 더워 농해진 농가도 많다고 하네요. 올 겨울 찬바람 잘 이겨낸 달달한 배추를 기대해 봅니다...어느새 이젠 제법 시도때도 없이 쌀쌀함이 느껴지니 환절기 건강이 걱정이 되어요.. 부디 감기 조심하시고요!!저는 올해가 가기전 조만간 뜬금없는 소식으로 곧 인사드리겠습니다.담백하게 안부 드리고 싶은데 여전히 구구절절하네요요점은 ’항상 감사합니다‘ 였습니다!! :))편안한 오후 되셔요!!👏👏👏#busan#brunch#sobo",busan;brunch;sobo,두 계절을 건너뛰고 오개월만에 인사드립니다 소식이 뜸해 광안리 구석에 아직도 존재는 하나 싶은 브런치 소보입니다 그간 유난히 왜이리 소식이 없었는가 하면 구석중에 구석에 있는 소보가 자리한 부산의 광안리는 지난 뜨거웠던 여름부터 최근의 긴 추석 연휴와 선선한 지금의 계절까지 이벤트가 없는 주를 꼽는게 더 빠를만큼 분주한 도시임을 잠시 망각하여 흡사 장거리 마라톤 후 과호흡을 경험하고 이제야 천천히 일상으로 돌아온 것 같습니다 그래서 드리고 싶은 말이 있는데요 진지한 마음으로 언제나 해도 해도 아깝지 않은 이야기이고 한분 한분께 드리고 싶은 말씀은 고맙고 또 너무나 감사하다는 인사입니다 언제나 시간내어 방문 주시는 것에 대한 감사한 마음을 담아 내는 것이 최선의 몫이라 생각하지만 그 이외바쁜 날엔 분주함에 놀라 분명 하나하나 꼼꼼하고 세심한 서비스를 드리지 못해 불편함을 느끼셨던 분들도 계셨으리라 생각하니 마음이 많이 무거웠답니다 그간 별일없던 주방의 식기세척기 커피머신기 사소한 에어컨의 문제 등등 지난 연휴 때 이들의 갑작스런 파업으로 정말로 너무나 혼란스러웠지만 이 또한 지나갔네요 그렇게 하나씩 수리하고 마당과 후드의 묵은 때도 벗겨내며 미루어 둔 숙제를 하나씩 해결하며 일상을 보내고 있습니다부족함을 따지자 하면 부끄럽게도 이렇게 손에 꼽을 정말 많은 것들이 있지만 그럼에도 불구하고 방문주시고 너그러운 마음으로 많은 것들을 배려해주셔서 진심으로 너무나 너무나 감사했습니다 사정이 이러하니 항상 더 더 노력해 잘하고 싶다는 생각을 하게 되는 것 같습니다 조금더 편안한 식사를 하실 수 있도록 따뜻하게 안내드릴 수 있도록 힘쓰겠습니다 부디 앞으로도 많은 당근과 채찍 부탁드리겠습니다 정말 감사합니다 그리고 오랜만에 신 메뉴 소식을 전합니다 소보가 올 가을 겨울 픽한 식자재는 아보카도입니다 날이 선선해진 이후로 활동하기가 좋아서인지 매장도 배달도 부쩍 이른 아침 주문이 많아졌음을 느낍니다 커피한잔과 이래도 되나 싶을만큼 멋내지 않고 담백하고 심플한 식사를 하고 싶을 때 추천드리는 심플 아보카도 샌드위치 와쌀쌀하니 더욱 생각나는 야채듬뿍한 소보의 토마토 소스를 베이스로 아보카도와 홀렌소스를 곁들여 부드럽고 고소함을 더한 아보카도 토마토파스타 를 준비하였습니다고기는 없지만 든든 할 자신 있는 메뉴들이랍니다 다만 여전히 이름이 직관적이라 다소 멋은 없네요 하핫다음주부터는 서비스 드릴 수 있도록 잘 익혀두겠습니다 그나저나 걱정입니다 줄어드는 메뉴는 없고 늘어나기만 하는 리스트들 맛집은 자신감 넘치게 단촐한 메뉴가 자랑이라는데 소보는 네 메뉴 부자이네요 하하 조만간 정리를 해보아야겠습니다 하동 고사리파스타는 월 부모님께서 수확해 삶아 말려 두셨던 고사리가 재료 소진으로 곧 시즌아웃 예정이고 겨울 배추 파스타를 서비스 드릴 예정입니다 일찍이 심은 것들은 날이 더워 농해진 농가도 많다고 하네요 올 겨울 찬바람 잘 이겨낸 달달한 배추를 기대해 봅니다 어느새 이젠 제법 시도때도 없이 쌀쌀함이 느껴지니 환절기 건강이 걱정이 되어요 부디 감기 조심하시고요 저는 올해가 가기전 조만간 뜬금없는 소식으로 곧 인사드리겠습니다 담백하게 안부 드리고 싶은데 여전히 구구절절하네요요점은 항상 감사합니다 였습니다 편안한 오후 되셔요 # # #,"[""계절을"", ""건너뛰고"", ""오개월만에"", ""인사드립니다"", ""소식이"", ""뜸해"", ""광안리"", ""구석에"", ""아직도"", ""존재는"", ""브런치"", ""소보입니다"", ""그간"", ""유난히"", ""왜이리"", ""소식이"", ""없었는가"", ""하면"", ""구석중에"", ""구석에"", ""소보가"", ""자리한"", ""부산의"", ""광안리는"", ""뜨거웠던"", ""여름부터"", ""최근의"", ""추석"", ""연휴와"", ""선선한"", ""지금의"", ""계절까지"", ""이벤트가"", ""주를"", ""꼽는게"", ""빠를만큼"", ""분주한"", ""도시임을"", ""잠시"", ""망각하여"", ""흡사"", ""장거리"", ""마라톤"", ""과호흡을"", ""경험하고"", ""이제야"", ""천천히"", ""일상으로"", ""돌아온"", ""같습니다"", ""드리고"", ""말이"", ""있는데요"", ""진지한"", ""마음으로"", ""아깝지"", ""이야기이고"", ""한분"", ""한분께"", ""드리고"", ""말씀은"", ""고맙고"", ""너무나"", ""감사하다는"", ""인사입니다"", ""시간내어"", ""방문"", ""주시는"", ""것에"", ""대한"", ""감사한"", ""마음을"", ""내는"", ""것이"", ""최선의"", ""몫이라"", ""생각하지만"", ""이외바쁜"", ""날엔"", ""분주함에"", ""놀라"", ""하나하나"", ""꼼꼼하고"", ""세심한"", ""서비스를"", ""드리지"", ""못해"", ""불편함을"", ""느끼셨던"", ""분들도"", ""계셨으리라"", ""생각하니"", ""무거웠답니다"", ""그간"", ""별일없던"", ""주방의"", ""식기세척기"", ""커피머신기"", ""사소한"", ""에어컨의"", ""문제"", ""등등"", ""이들의"", ""갑작스런"", ""파업으로"", ""정말로"", ""너무나"", ""혼란스러웠지만"", ""지나갔네요"", ""그렇게"", ""하나씩"", ""수리하고"", ""마당과"", ""후드의"", ""묵은"", ""때도"", ""벗겨내며"", ""미루어"", ""숙제를"", ""하나씩"", ""해결하며"", ""일상을"", ""보내고"", ""있습니다부족함을"", ""따지자"", ""하면"", ""부끄럽게도"", ""손에"", ""꼽을"", ""것들이"", ""있지만"", ""그럼에도"", ""불구하고"", ""방문주시고"", ""너그러운"", ""마음으로"", ""것들을"", ""배려해주셔서"", ""진심으로"", ""너무나"", ""너무나"", ""감사했습니다"", ""사정이"", ""이러하니"", ""노력해"", ""잘하고"", ""싶다는"", ""생각을"", ""하게"", ""같습니다"", ""조금더"", ""편안한"", ""하실"", ""따뜻하게"", ""안내드릴"", ""힘쓰겠습니다"", ""부디"", ""앞으로도"", ""당근과"", ""채찍"", ""부탁드리겠습니다"", ""소식을"", ""전합니다"", ""소보가"", ""가을"", ""겨울"", ""픽한"", ""식자재는"", ""아보카도입니다"", ""날이"", ""선선해진"", ""이후로"", ""활동하기가"", ""좋아서인지"", ""매장도"", ""배달도"", ""부쩍"", ""이른"", ""아침"", ""주문이"", ""많아졌음을"", ""느낍니다"", ""커피한잔과"", ""이래도"", ""되나"", ""싶을만큼"", ""멋내지"", ""않고"", ""담백하고"", ""심플한"", ""싶을"", ""추천드리는"", ""심플"", ""아보카도"", ""샌드위치"", ""와쌀쌀하니"", ""생각나는"", ""야채듬뿍한"", ""소보의"", ""토마토"", ""소스를"", ""베이스로"", ""아보카도와"", ""홀렌소스를"", ""곁들여"", ""부드럽고"", ""고소함을"", ""더한"", ""아보카도"", ""토마토파스타"", ""준비하였습니다고기는"", ""없지만"", ""든든"", ""자신"", ""메뉴들이랍니다"", ""다만"", ""여전히"", ""이름이"", ""직관적이라"", ""다소"", ""멋은"", ""없네요"", ""하핫다음주부터는"", ""서비스"", ""드릴"", ""익혀두겠습니다"", ""그나저나"", ""걱정입니다"", ""줄어드는"", ""없고"", ""늘어나기만"", ""리스트들"", ""맛집은"", ""자신감"", ""넘치게"", ""단촐한"", ""자랑이라는데"", ""소보는"", ""부자이네요"", ""하하"", ""조만간"", ""정리를"", ""해보아야겠습니다"", ""하동"", ""고사리파스타는"", ""부모님께서"", ""수확해"", ""삶아"", ""말려"", ""두셨던"", ""고사리가"", ""재료"", ""소진으로"", ""시즌아웃"", ""예정이고"", ""겨울"", ""배추"", ""파스타를"", ""서비스"", ""드릴"", ""예정입니다"", ""일찍이"", ""심은"", ""것들은"", ""날이"", ""더워"", ""농해진"", ""농가도"", ""많다고"", ""하네요"", ""겨울"", ""찬바람"", ""이겨낸"", ""달달한"", ""배추를"", ""기대해"", ""봅니다"", ""어느새"", ""이젠"", ""제법"", ""시도때도"", ""쌀쌀함이"", ""느껴지니"", ""환절기"", ""건강이"", ""걱정이"", ""되어요"", ""부디"", ""감기"", ""조심하시고요"", ""올해가"", ""가기전"", ""조만간"", ""뜬금없는"", ""소식으로"", ""인사드리겠습니다"", ""담백하게"", ""안부"", ""드리고"", ""싶은데"", ""여전히"", ""구구절절하네요요점은"", ""였습니다"", ""편안한"", ""오후"", ""되셔요""]",[],"[""계절을"", ""건너뛰고"", ""오개월만에"", ""인사드립니다"", ""소식이"", ""뜸해"", ""광안리"", ""구석에"", ""아직도"", ""존재는"", ""브런치"", ""소보입니다"", ""그간"", ""유난히"", ""왜이리"", ""소식이"", ""없었는가"", ""하면"", ""구석중에"", ""구석에"", ""소보가"", ""자리한"", ""부산의"", ""광안리는"", ""뜨거웠던"", ""여름부터"", ""최근의"", ""추석"", ""연휴와"", ""선선한"", ""지금의"", ""계절까지"", ""이벤트가"", ""주를"", ""꼽는게"", ""빠를만큼"", ""분주한"", ""도시임을"", ""잠시"", ""망각하여"", ""흡사"", ""장거리"", ""마라톤"", ""과호흡을"", ""경험하고"", ""이제야"", ""천천히"", ""일상으로"", ""돌아온"", ""같습니다"", ""드리고"", ""말이"", ""있는데요"", ""진지한"", ""마음으로"", ""아깝지"", ""이야기이고"", ""한분"", ""한분께"", ""드리고"", ""말씀은"", ""고맙고"", ""너무나"", ""감사하다는"", ""인사입니다"", ""시간내어"", ""방문"", ""주시는"", ""것에"", ""대한"", ""감사한"", ""마음을"", ""내는"", ""것이"", ""최선의"", ""몫이라"", ""생각하지만"", ""이외바쁜"", ""날엔"", ""분주함에"", ""놀라"", ""하나하나"", ""꼼꼼하고"", ""세심한"", ""서비스를"", ""드리지"", ""못해"", ""불편함을"", ""느끼셨던"", ""분들도"", ""계셨으리라"", ""생각하니"", ""무거웠답니다"", ""그간"", ""별일없던"", ""주방의"", ""식기세척기"", ""커피머신기"", ""사소한"", ""에어컨의"", ""문제"", ""등등"", ""이들의"", ""갑작스런"", ""파업으로"", ""정말로"", ""너무나"", ""혼란스러웠지만"", ""지나갔네요"", ""그렇게"", ""하나씩"", ""수리하고"", ""마당과"", ""후드의"", ""묵은"", ""때도"", ""벗겨내며"", ""미루어"", ""숙제를"", ""하나씩"", ""해결하며"", ""일상을"", ""보내고"", ""있습니다부족함을"", ""따지자"", ""하면"", ""부끄럽게도"", ""손에"", ""꼽을"", ""것들이"", ""있지만"", ""그럼에도"", ""불구하고"", ""방문주시고"", ""너그러운"", ""마음으로"", ""것들을"", ""배려해주셔서"", ""진심으로"", ""너무나"", ""너무나"", ""감사했습니다"", ""사정이"", ""이러하니"", ""노력해"", ""잘하고"", ""싶다는"", ""생각을"", ""하게"", ""같습니다"", ""조금더"", ""편안한"", ""하실"", ""따뜻하게"", ""안내드릴"", ""힘쓰겠습니다"", ""부디"", ""앞으로도"", ""당근과"", ""채찍"", ""부탁드리겠습니다"", ""소식을"", ""전합니다"", ""소보가"", ""가을"", ""겨울"", ""픽한"", ""식자재는"", ""아보카도입니다"", ""날이"", ""선선해진"", ""이후로"", ""활동하기가"", ""좋아서인지"", ""매장도"", ""배달도"", ""부쩍"", ""이른"", ""아침"", ""주문이"", ""많아졌음을"", ""느낍니다"", ""커피한잔과"", ""이래도"", ""되나"", ""싶을만큼"", ""멋내지"", ""않고"", ""담백하고"", ""심플한"", ""싶을"", ""추천드리는"", ""심플"", ""아보카도"", ""샌드위치"", ""와쌀쌀하니"", ""생각나는"", ""야채듬뿍한"", ""소보의"", ""토마토"", ""소스를"", ""베이스로"", ""아보카도와"", ""홀렌소스를"", ""곁들여"", ""부드럽고"", ""고소함을"", ""더한"", ""아보카도"", ""토마토파스타"", ""준비하였습니다고기는"", ""없지만"", ""든든"", ""자신"", ""메뉴들이랍니다"", ""다만"", ""여전히"", ""이름이"", ""직관적이라"", ""다소"", ""멋은"", ""없네요"", ""하핫다음주부터는"", ""서비스"", ""드릴"", ""익혀두겠습니다"", ""그나저나"", ""걱정입니다"", ""줄어드는"", ""없고"", ""늘어나기만"", ""리스트들"", ""맛집은"", ""자신감"", ""넘치게"", ""단촐한"", ""자랑이라는데"", ""소보는"", ""부자이네요"", ""하하"", ""조만간"", ""정리를"", ""해보아야겠습니다"", ""하동"", ""고사리파스타는"", ""부모님께서"", ""수확해"", ""삶아"", ""말려"", ""두셨던"", ""고사리가"", ""재료"", ""소진으로"", ""시즌아웃"", ""예정이고"", ""겨울"", ""배추"", ""파스타를"", ""서비스"", ""드릴"", ""예정입니다"", ""일찍이"", ""심은"", ""것들은"", ""날이"", ""더워"", ""농해진"", ""농가도"", ""많다고"", ""하네요"", ""겨울"", ""찬바람"", ""이겨낸"", ""달달한"", ""배추를"", ""기대해"", ""봅니다"", ""어느새"", ""이젠"", ""제법"", ""시도때도"", ""쌀쌀함이"", ""느껴지니"", ""환절기"", ""건강이"", ""걱정이"", ""되어요"", ""부디"", ""감기"", ""조심하시고요"", ""올해가"", ""가기전"", ""조만간"", ""뜬금없는"", ""소식으로"", ""인사드리겠습니다"", ""담백하게"", ""안부"", ""드리고"", ""싶은데"", ""여전히"", ""구구절절하네요요점은"", ""였습니다"", ""편안한"", ""오후"", ""되셔요""]"
https://www.instagram.com/p/DQI7hbNiXEL/,"#원더스강남 #던킨원더스 #던킨원더스강남 #던킨 #비빔볼 #소불고기비빔볼 #소불고기 #불고기 #샐러드 (8,500원)• 현미귀리밥 베이스에 스위트콘, 병아리콩, 렌틸콩을 넣은 믹스드 라이스 + 토핑궁금해서 먹어보고팠던!, 얘두 원더스점에서만 판매.. 내가 강남이 직장인게 좋은걸까 ㄴ ㅏ쁜걸까,, 세상에 먹을게 이리도 많은데.. / 이거이거 완전 불고기비빔밥임 고추장 넣어 먹어도 되겠어 짱맛있게 먹었음!!! 두부면보다는 요놈 추천!",원더스강남;던킨원더스;던킨원더스강남;던킨;비빔볼;소불고기비빔볼;소불고기;불고기;샐러드,#원더스강남 #던킨원더스 #던킨원더스강남 #던킨 #비빔볼 #소불고기비빔볼 #소불고기 #불고기 #샐러드 원 현미귀리밥 베이스에 스위트콘 병아리콩 렌틸콩을 넣은 믹스드 라이스 토핑궁금해서 먹어보고팠던 얘두 원더스점에서만 판매 내가 강남이 직장인게 좋은걸까 ㄴ ㅏ쁜걸까 세상에 먹을게 이리도 많은데 이거이거 완전 불고기비빔밥임 고추장 넣어 먹어도 되겠어 짱맛있게 먹었음 두부면보다는 요놈 추천,"[""현미귀리밥"", ""베이스에"", ""스위트콘"", ""병아리콩"", ""렌틸콩을"", ""넣은"", ""믹스드"", ""라이스"", ""토핑궁금해서"", ""먹어보고팠던"", ""얘두"", ""원더스점에서만"", ""판매"", ""내가"", ""강남이"", ""직장인게"", ""좋은걸까"", ""ㅏ쁜걸까"", ""세상에"", ""먹을게"", ""이리도"", ""많은데"", ""이거이거"", ""불고기비빔밥임"", ""고추장"", ""되겠어"", ""짱맛있게"", ""먹었음"", ""두부면보다는"", ""요놈""]","[""원더스강남"", ""던킨원더스"", ""던킨원더스강남"", ""던킨"", ""비빔볼"", ""소불고기비빔볼"", ""소불고기"", ""불고기"", ""샐러드""]","[""현미귀리밥"", ""베이스에"", ""스위트콘"", ""병아리콩"", ""렌틸콩을"", ""넣은"", ""믹스드"", ""라이스"", ""토핑궁금해서"", ""먹어보고팠던"", ""얘두"", ""원더스점에서만"", ""판매"", ""내가"", ""강남이"", ""직장인게"", ""좋은걸까"", ""ㅏ쁜걸까"", ""세상에"", ""먹을게"", ""이리도"", ""많은데"", ""이거이거"", ""불고기비빔밥임"", ""고추장"", ""되겠어"", ""짱맛있게"", ""먹었음"", ""두부면보다는"", ""요놈"", ""원더스강남"", ""던킨원더스"", ""던킨원더스강남"", ""던킨"", ""비빔볼"", ""소불고기비빔볼"", ""소불고기"", ""불고기"", ""샐러드""]"
https://www.instagram.com/p/DQBMLgnE3zi/,열렬한 반응에 힘입어 다시 돌아왔습니다!저스트그린 유러피안 샐러드 2차 체험단 모집🥗#체험단이벤트 #체험단모집⠀📌모집 기간 ㅣ 25.10.20~25.10.27⠀이런 분들은 절.대. 놓치지 마세요!⠀✔ 다이어트 중 식단관리를 하고 계신 분!✔ 다양하게 활용 가능한 야채믹스를 찾으시는 분!✔ 야채 손질이 귀찮아서 야채 먹는 것을 꺼리시는 분!✔ 야채를 사면 다 먹기 전에 야채가 상해서 버리시는 분!⠀💚참여방법@justgreen_official_ 인스타그램 팔로우!본 게시물 좋아요 + [제품 기대평 댓글] + 본 게시물 스토리로 리그램리그램은 선택사항 (당첨 확률 UP!)⠀💚당첨자 발표✔ 발표일 : 10월 28일 (화)✔ 개별 DM 발송으로 안내✔ 총 6명 선정⠀🥗체험단 제공 내역- 유러피안 가든 믹스 샐러드- 유러피안 그린 믹스 샐러드- 스노우 양배추 샐러드(각 2개씩 총 6개)⠀💚체험단 활동 내용1. 수령 후 릴스 1회 & 스토리 업로딩 1회(업로드 시 @justgreen_official_ 계정 공동작업자 필수)2. 릴스 원본 (자막 X) 제출 필수※ 제출된 영상은 마케팅의 목적으로 홍보에 2차 활용이 될 수 있습니다.⠀⠀⠀⠀,체험단이벤트;체험단모집,열렬한 반응에 힘입어 다시 돌아왔습니다 저스트그린 유러피안 샐러드 차 체험단 모집 #체험단이벤트 #체험단모집 모집 기간 ㅣ 이런 분들은 절 대 놓치지 마세요 다이어트 중 식단관리를 하고 계신 분 다양하게 활용 가능한 야채믹스를 찾으시는 분 야채 손질이 귀찮아서 야채 먹는 것을 꺼리시는 분 야채를 사면 다 먹기 전에 야채가 상해서 버리시는 분 참여방법 인스타그램 팔로우 본 게시물 좋아요 제품 기대평 댓글 본 게시물 스토리로 리그램리그램은 선택사항 당첨 확률 당첨자 발표 발표일 월 일 화 개별 발송으로 안내 총 명 선정 체험단 제공 내역 유러피안 가든 믹스 샐러드 유러피안 그린 믹스 샐러드 스노우 양배추 샐러드 각 개씩 총 개 체험단 활동 내용 수령 후 릴스 회 스토리 업로딩 회 업로드 시 계정 공동작업자 필수 릴스 원본 자막 제출 필수 제출된 영상은 마케팅의 목적으로 홍보에 차 활용이 될 수 있습니다,"[""열렬한"", ""반응에"", ""힘입어"", ""돌아왔습니다"", ""저스트그린"", ""유러피안"", ""샐러드"", ""체험단"", ""모집"", ""모집"", ""기간"", ""분들은"", ""놓치지"", ""마세요"", ""다이어트"", ""식단관리를"", ""계신"", ""다양하게"", ""활용"", ""가능한"", ""야채믹스를"", ""찾으시는"", ""야채"", ""손질이"", ""귀찮아서"", ""야채"", ""것을"", ""꺼리시는"", ""야채를"", ""사면"", ""먹기"", ""전에"", ""야채가"", ""상해서"", ""버리시는"", ""참여방법"", ""인스타그램"", ""게시물"", ""기대평"", ""댓글"", ""게시물"", ""스토리로"", ""리그램리그램은"", ""선택사항"", ""당첨"", ""확률"", ""당첨자"", ""발표"", ""발표일"", ""개별"", ""발송으로"", ""안내"", ""선정"", ""체험단"", ""제공"", ""내역"", ""유러피안"", ""가든"", ""믹스"", ""샐러드"", ""유러피안"", ""그린"", ""믹스"", ""샐러드"", ""스노우"", ""양배추"", ""샐러드"", ""개씩"", ""체험단"", ""활동"", ""내용"", ""수령"", ""릴스"", ""스토리"", ""업로딩"", ""업로드"", ""계정"", ""공동작업자"", ""릴스"", ""원본"", ""자막"", ""제출"", ""제출된"", ""영상은"", ""마케팅의"", ""목적으로"", ""홍보에"", ""활용이""]","[""체험단이벤트"", ""체험단모집""]","[""열렬한"", ""반응에"", ""힘입어"", ""돌아왔습니다"", ""저스트그린"", ""유러피안"", ""샐러드"", ""체험단"", ""모집"", ""모집"", ""기간"", ""분들은"", ""놓치지"", ""마세요"", ""다이어트"", ""식단관리를"", ""계신"", ""다양하게"", ""활용"", ""가능한"", ""야채믹스를"", ""찾으시는"", ""야채"", ""손질이"", ""귀찮아서"", ""야채"", ""것을"", ""꺼리시는"", ""야채를"", ""사면"", ""먹기"", ""전에"", ""야채가"", ""상해서"", ""버리시는"", ""참여방법"", ""인스타그램"", ""게시물"", ""기대평"", ""댓글"", ""게시물"", ""스토리로"", ""리그램리그램은"", ""선택사항"", ""당첨"", ""확률"", ""당첨자"", ""발표"", ""발표일"", ""개별"", ""발송으로"", ""안내"", ""선정"", ""체험단"", ""제공"", ""내역"", ""유러피안"", ""가든"", ""믹스"", ""샐러드"", ""유러피안"", ""그린"", ""믹스"", ""샐러드"", ""스노우"", ""양배추"", ""샐러드"", ""개씩"", ""체험단"", ""활동"", ""내용"", ""수령"", ""릴스"", ""스토리"", ""업로딩"", ""업로드"", ""계정"", ""공동작업자"", ""릴스"", ""원본"", ""자막"", ""제출"", ""제출된"", ""영상은"", ""마케팅의"", ""목적으로"", ""홍보에"", ""활용이"", ""체험단이벤트"", ""체험단모집""]"
https://www.instagram.com/p/DM6yWPyRIzu/,#모닝루틴요즘 무조건 챙겨 먹는 마시는 샐러드(?)🥗피부부터 좋아진 게 확 느껴져용 그리고 찐…ㅉ!!!!심으로하루 한포 챙겨먹는데 속까지 건강 챙겨지니깐 관리하는 사람으로써 너무 좋아요🤍솔직히 야채 싫어하는 사람들 다 모여라….🙌🏻저도 생각 해보면 야채를 거의 아예 안 먹는 거예요 🥹이렇게 매일 간편하게 먹을 수 있는데?다들 마시는 거 뭐냐고 궁금해하시는데…!!!조만간 공유해드릴게요🌿🤍,모닝루틴요즘,#모닝루틴요즘 무조건 챙겨 먹는 마시는 샐러드 피부부터 좋아진 게 확 느껴져용 그리고 찐 ㅉ 심으로하루 한포 챙겨먹는데 속까지 건강 챙겨지니깐 관리하는 사람으로써 너무 좋아요 솔직히 야채 싫어하는 사람들 다 모여라 저도 생각 해보면 야채를 거의 아예 안 먹는 거예요 이렇게 매일 간편하게 먹을 수 있는데 다들 마시는 거 뭐냐고 궁금해하시는데 조만간 공유해드릴게요,"[""무조건"", ""마시는"", ""샐러드"", ""피부부터"", ""좋아진"", ""느껴져용"", ""심으로하루"", ""한포"", ""챙겨먹는데"", ""속까지"", ""건강"", ""챙겨지니깐"", ""관리하는"", ""사람으로써"", ""솔직히"", ""야채"", ""싫어하는"", ""사람들"", ""모여라"", ""저도"", ""생각"", ""해보면"", ""야채를"", ""아예"", ""거예요"", ""매일"", ""간편하게"", ""있는데"", ""마시는"", ""뭐냐고"", ""궁금해하시는데"", ""조만간"", ""공유해드릴게요""]","[""모닝루틴요즘""]","[""무조건"", ""마시는"", ""샐러드"", ""피부부터"", ""좋아진"", ""느껴져용"", ""심으로하루"", ""한포"", ""챙겨먹는데"", ""속까지"", ""건강"", ""챙겨지니깐"", ""관리하는"", ""사람으로써"", ""솔직히"", ""야채"", ""싫어하는"", ""사람들"", ""모여라"", ""저도"", ""생각"", ""해보면"", ""야채를"", ""아예"", ""거예요"", ""매일"", ""간편하게"", ""있는데"", ""마시는"", ""뭐냐고"", ""궁금해하시는데"", ""조만간"", ""공유해드릴게요"", ""모닝루틴요즘""]"
https://www.instagram.com/p/DN2V1JmZhgd/,오랜만에 올려보는 음식 피드네요🤍저는 무화과를 좋아해서 무화과철이 되면 꼭 사먹어요!올해 무화과는 더더 맛있네요😍(무화과는 여기서 구입했어요💕)@brix_kim18 냉장고에 남은 루꼴라 탈탈 털어 깔아주고부라타치즈 올리고 무화과 썰어서 그래놀라도 올려주고요 :)올리브오일 두르고 후추 갈갈하면 ! 맛있는 무화과샐러드 완성🫶🏻그냥 먹어도 맛있지만 빵이 없으면 왜이리 심심하죠ㅋㅋㅋ그래서 소금빵도 하나 먹었구요🥐오늘도 맛있게 잘 먹었으니이제 아이들 오기전에 밥해야겠어요🥹모두 오후시간도 화이팅입니다 💪🏻💓.#일상 #우리집 #홈쿡 #홈브런치 #홈카페 #홈샐러드#무화과 #무화과샐러드 #샐러드 #무화과부라타치즈샐러드,일상;우리집;홈쿡;홈브런치;홈카페;홈샐러드;무화과;무화과샐러드;샐러드;무화과부라타치즈샐러드,오랜만에 올려보는 음식 피드네요 저는 무화과를 좋아해서 무화과철이 되면 꼭 사먹어요 올해 무화과는 더더 맛있네요 무화과는 여기서 구입했어요 냉장고에 남은 루꼴라 탈탈 털어 깔아주고부라타치즈 올리고 무화과 썰어서 그래놀라도 올려주고요 올리브오일 두르고 후추 갈갈하면 맛있는 무화과샐러드 완성 그냥 먹어도 맛있지만 빵이 없으면 왜이리 심심하죠ㅋㅋㅋ그래서 소금빵도 하나 먹었구요 오늘도 맛있게 잘 먹었으니이제 아이들 오기전에 밥해야겠어요 모두 오후시간도 화이팅입니다 #일상 #우리집 #홈쿡 #홈브런치 #홈카페 #홈샐러드#무화과 #무화과샐러드 #샐러드 #무화과부라타치즈샐러드,"[""올려보는"", ""피드네요"", ""무화과를"", ""좋아해서"", ""무화과철이"", ""되면"", ""사먹어요"", ""올해"", ""무화과는"", ""더더"", ""맛있네요"", ""무화과는"", ""여기서"", ""구입했어요"", ""냉장고에"", ""루꼴라"", ""탈탈"", ""털어"", ""깔아주고부라타치즈"", ""무화과"", ""썰어서"", ""그래놀라도"", ""올려주고요"", ""올리브오일"", ""두르고"", ""후추"", ""갈갈하면"", ""무화과샐러드"", ""완성"", ""맛있지만"", ""빵이"", ""없으면"", ""왜이리"", ""심심하죠ㅋㅋㅋ그래서"", ""소금빵도"", ""먹었구요"", ""먹었으니이제"", ""아이들"", ""오기전에"", ""밥해야겠어요"", ""오후시간도"", ""화이팅입니다""]","[""일상"", ""우리집"", ""홈쿡"", ""홈브런치"", ""홈카페"", ""홈샐러드"", ""무화과"", ""무화과샐러드"", ""샐러드"", ""무화과부라타치즈샐러드""]","[""올려보는"", ""피드네요"", ""무화과를"", ""좋아해서"", ""무화과철이"", ""되면"", ""사먹어요"", ""올해"", ""무화과는"", ""더더"", ""맛있네요"", ""무화과는"", ""여기서"", ""구입했어요"", ""냉장고에"", ""루꼴라"", ""탈탈"", ""털어"", ""깔아주고부라타치즈"", ""무화과"", ""썰어서"", ""그래놀라도"", ""올려주고요"", ""올리브오일"", ""두르고"", ""후추"", ""갈갈하면"", ""무화과샐러드"", ""완성"", ""맛있지만"", ""빵이"", ""없으면"", ""왜이리"", ""심심하죠ㅋㅋㅋ그래서"", ""소금빵도"", ""먹었구요"", ""먹었으니이제"", ""아이들"", ""오기전에"", ""밥해야겠어요"", ""오후시간도"", ""화이팅입니다"", ""일상"", ""우리집"", ""홈쿡"", ""홈브런치"", ""홈카페"", ""홈샐러드"", ""무화과"", ""무화과샐러드"", ""샐러드"", ""무화과부라타치즈샐러드""]"
https://www.instagram.com/p/DPDKN87AYTl/,"버섯샐러드구운고기보다 버섯 좋아하는 사람 나야나🤭운동다녀와서 버섯샐러드 한접시 클리어✌️버섯샐러드는팬- 올리브유-약불에 통마늘 볶다가 익으면- 버섯, 소금, 후추 센불에 굽기- 취향껏 발사믹식초 넣어 볶다가 버터로 코팅-마지막에 드레싱( 올리브유, 발사믹식초, 소금, 후추) 살짝 뿌려주기- 파르미지아노치즈, 수란(선택) 올리기#버섯샐러드#샐러드#salad",버섯샐러드;샐러드;salad,버섯샐러드구운고기보다 버섯 좋아하는 사람 나야나 운동다녀와서 버섯샐러드 한접시 클리어 버섯샐러드는팬 올리브유 약불에 통마늘 볶다가 익으면 버섯 소금 후추 센불에 굽기 취향껏 발사믹식초 넣어 볶다가 버터로 코팅 마지막에 드레싱 올리브유 발사믹식초 소금 후추 살짝 뿌려주기 파르미지아노치즈 수란 선택 올리기#버섯샐러드#샐러드#,"[""버섯샐러드구운고기보다"", ""버섯"", ""좋아하는"", ""나야나"", ""운동다녀와서"", ""버섯샐러드"", ""한접시"", ""클리어"", ""버섯샐러드는팬"", ""올리브유"", ""약불에"", ""통마늘"", ""볶다가"", ""익으면"", ""버섯"", ""소금"", ""후추"", ""센불에"", ""굽기"", ""취향껏"", ""발사믹식초"", ""볶다가"", ""버터로"", ""코팅"", ""마지막에"", ""드레싱"", ""올리브유"", ""발사믹식초"", ""소금"", ""후추"", ""뿌려주기"", ""파르미지아노치즈"", ""수란"", ""선택"", ""올리기""]","[""버섯샐러드"", ""샐러드""]","[""버섯샐러드구운고기보다"", ""버섯"", ""좋아하는"", ""나야나"", ""운동다녀와서"", ""버섯샐러드"", ""한접시"", ""클리어"", ""버섯샐러드는팬"", ""올리브유"", ""약불에"", ""통마늘"", ""볶다가"", ""익으면"", ""버섯"", ""소금"", ""후추"", ""센불에"", ""굽기"", ""취향껏"", ""발사믹식초"", ""볶다가"", ""버터로"", ""코팅"", ""마지막에"", ""드레싱"", ""올리브유"", ""발사믹식초"", ""소금"", ""후추"", ""뿌려주기"", ""파르미지아노치즈"", ""수란"", ""선택"", ""올리기"", ""버섯샐러드"", ""샐러드""]"
https://www.instagram.com/p/DPKdA_hkmeu/,"#제품제공 | 샤인머스캣 𝙨𝙖𝙡𝙖𝙙 💚 브런치로도, 안주로도 딱인 간단 샤인머스캣 샐러드 만들었어요!▫️샤인머스캣 & 모짜렐라치즈(스낵랩) ▫️로즈마리✨ & 올리브오일 로즈마리가 킥이에요! 고급진 맛 끌어올리기‼️활용한 샤인머스캣은 👉🏻 경북 청도농가에서 “따자마자” 배송되는 @ddajamaja_nh 💚👉🏻 동청도농협에서 운영해 선물송/가정용으로 완벽한 패키징👉🏻 18brix이상 당도보장되는 껍질째 먹는 프리미엄 포도입니ㄷㅏ!.#샤인머스캣 #동청도농협 #따자마자 #제철과일 #샤인머스캣맛집 #샤인머스캣선물 #청도샤인머스캣",제품제공;샤인머스캣;동청도농협;따자마자;제철과일;샤인머스캣맛집;샤인머스캣선물;청도샤인머스캣,#제품제공 샤인머스캣 브런치로도 안주로도 딱인 간단 샤인머스캣 샐러드 만들었어요 샤인머스캣 모짜렐라치즈 스낵랩 로즈마리 올리브오일 로즈마리가 킥이에요 고급진 맛 끌어올리기 활용한 샤인머스캣은 경북 청도농가에서 따자마자 배송되는 동청도농협에서 운영해 선물송 가정용으로 완벽한 패키징 이상 당도보장되는 껍질째 먹는 프리미엄 포도입니ㄷㅏ #샤인머스캣 #동청도농협 #따자마자 #제철과일 #샤인머스캣맛집 #샤인머스캣선물 #청도샤인머스캣,"[""샤인머스캣"", ""브런치로도"", ""안주로도"", ""딱인"", ""간단"", ""샤인머스캣"", ""샐러드"", ""만들었어요"", ""샤인머스캣"", ""모짜렐라치즈"", ""스낵랩"", ""로즈마리"", ""올리브오일"", ""로즈마리가"", ""킥이에요"", ""고급진"", ""끌어올리기"", ""활용한"", ""샤인머스캣은"", ""경북"", ""청도농가에서"", ""따자마자"", ""배송되는"", ""동청도농협에서"", ""운영해"", ""선물송"", ""가정용으로"", ""완벽한"", ""패키징"", ""이상"", ""당도보장되는"", ""껍질째"", ""프리미엄"", ""포도입니ㄷㅏ""]","[""제품제공"", ""샤인머스캣"", ""동청도농협"", ""따자마자"", ""제철과일"", ""샤인머스캣맛집"", ""샤인머스캣선물"", ""청도샤인머스캣""]","[""샤인머스캣"", ""브런치로도"", ""안주로도"", ""딱인"", ""간단"", ""샤인머스캣"", ""샐러드"", ""만들었어요"", ""샤인머스캣"", ""모짜렐라치즈"", ""스낵랩"", ""로즈마리"", ""올리브오일"", ""로즈마리가"", ""킥이에요"", ""고급진"", ""끌어올리기"", ""활용한"", ""샤인머스캣은"", ""경북"", ""청도농가에서"", ""따자마자"", ""배송되는"", ""동청도농협에서"", ""운영해"", ""선물송"", ""가정용으로"", ""완벽한"", ""패키징"", ""이상"", ""당도보장되는"", ""껍질째"", ""프리미엄"", ""포도입니ㄷㅏ"", ""제품제공"", ""샤인머스캣"", ""동청도농협"", ""따자마자"", ""제철과일"", ""샤인머스캣맛집"", ""샤인머스캣선물"", ""청도샤인머스캣""]"
https://www.instagram.com/p/DQJYHHfD5St/,"닭안심 리코타치즈 샐러드🪿요즘 잦은 외식에 기름진 음식만 많이 먹어서심각성이 느껴지더라고요😂..냉장 닭안심에 진간장1T, 알룰로스1T, 후추 넣구 조리면적당한 간장베이스 먹은 부드러운 안심이 돼요!코스트코 리코타치즈 샐러드는 토핑과 샐러드가 분리되어있어서커스텀 해먹기가 너무 좋아요!🌱당분간은 기름진거 피하고 건강식ㅡ-#집밥기록#신혼밥상#샐러드",집밥기록;신혼밥상;샐러드,닭안심 리코타치즈 샐러드 요즘 잦은 외식에 기름진 음식만 많이 먹어서심각성이 느껴지더라고요 냉장 닭안심에 진간장 알룰로스 후추 넣구 조리면적당한 간장베이스 먹은 부드러운 안심이 돼요 코스트코 리코타치즈 샐러드는 토핑과 샐러드가 분리되어있어서커스텀 해먹기가 너무 좋아요 당분간은 기름진거 피하고 건강식ㅡ #집밥기록#신혼밥상#샐러드,"[""닭안심"", ""리코타치즈"", ""샐러드"", ""잦은"", ""외식에"", ""기름진"", ""음식만"", ""먹어서심각성이"", ""느껴지더라고요"", ""냉장"", ""닭안심에"", ""진간장"", ""알룰로스"", ""후추"", ""넣구"", ""조리면적당한"", ""간장베이스"", ""부드러운"", ""안심이"", ""돼요"", ""코스트코"", ""리코타치즈"", ""샐러드는"", ""토핑과"", ""샐러드가"", ""분리되어있어서커스텀"", ""해먹기가"", ""당분간은"", ""기름진거"", ""피하고"", ""건강식ㅡ""]","[""집밥기록"", ""신혼밥상"", ""샐러드""]","[""닭안심"", ""리코타치즈"", ""샐러드"", ""잦은"", ""외식에"", ""기름진"", ""음식만"", ""먹어서심각성이"", ""느껴지더라고요"", ""냉장"", ""닭안심에"", ""진간장"", ""알룰로스"", ""후추"", ""넣구"", ""조리면적당한"", ""간장베이스"", ""부드러운"", ""안심이"", ""돼요"", ""코스트코"", ""리코타치즈"", ""샐러드는"", ""토핑과"", ""샐러드가"", ""분리되어있어서커스텀"", ""해먹기가"", ""당분간은"", ""기름진거"", ""피하고"", ""건강식ㅡ"", ""집밥기록"", ""신혼밥상"", ""샐러드""]"
https://www.instagram.com/p/DN0RZ0b5nGx/,냉털 샐러드 ₍ᐢ._.ᐢ₎♡ ༘아직 많이 남은 루꼴라 덕에 내일 아침은 샌디치다 𖦹 .ᐟ,,냉털 샐러드 아직 많이 남은 루꼴라 덕에 내일 아침은 샌디치다,"[""냉털"", ""샐러드"", ""아직"", ""루꼴라"", ""덕에"", ""아침은"", ""샌디치다""]","[""냉털"", ""샐러드"", ""아직"", ""루꼴라"", ""덕에"", ""아침은"", ""샌디치다""]","[""냉털"", ""샐러드"", ""아직"", ""루꼴라"", ""덕에"", ""아침은"", ""샌디치다"", ""냉털"", ""샐러드"", ""아직"", ""루꼴라"", ""덕에"", ""아침은"", ""샌디치다""]"
https://www.instagram.com/p/DOAwKQoAUou/,"#gift @pocketsalad_official 매일 신선하게, 하루 한끼 채울 수 있는 포켓샐러드에서 보내온 건강식🥗바쁜 현대 사회! 특히 요즘 아린이랑 놀아줄려면 시간은 짧게,하지만 든든하게 영양을 채워줘야하는데요🫠💦신선한 채소와 단백질을 단단히 채워언제든 쉽고 간편하게 꺼내 먹을 수 있는 장점👍🏻뭘 먹을지 고민안하고 쓱 꺼내서 담아주고뿌려주고 섞어주고 입에 넣어주면 끝-🤤홈페이지 신규 가입 시 첫 구매 버라이어티 4팩 19,900원,첫 정기배송 30,000원 쿠폰팩 발급중💚뭐 먹을까 고민하다 배달앱 켜지말고편하게 정기배송 신청해 균형있는 식사해보는거 어때요?🥗#포켓샐러드",gift;포켓샐러드,# 매일 신선하게 하루 한끼 채울 수 있는 포켓샐러드에서 보내온 건강식 바쁜 현대 사회 특히 요즘 아린이랑 놀아줄려면 시간은 짧게 하지만 든든하게 영양을 채워줘야하는데요 신선한 채소와 단백질을 단단히 채워언제든 쉽고 간편하게 꺼내 먹을 수 있는 장점 뭘 먹을지 고민안하고 쓱 꺼내서 담아주고뿌려주고 섞어주고 입에 넣어주면 끝 홈페이지 신규 가입 시 첫 구매 버라이어티 팩 원 첫 정기배송 원 쿠폰팩 발급중 뭐 먹을까 고민하다 배달앱 켜지말고편하게 정기배송 신청해 균형있는 식사해보는거 어때요 #포켓샐러드,"[""매일"", ""신선하게"", ""하루"", ""한끼"", ""채울"", ""포켓샐러드에서"", ""보내온"", ""건강식"", ""바쁜"", ""현대"", ""사회"", ""특히"", ""아린이랑"", ""놀아줄려면"", ""시간은"", ""짧게"", ""하지만"", ""든든하게"", ""영양을"", ""채워줘야하는데요"", ""신선한"", ""채소와"", ""단백질을"", ""단단히"", ""채워언제든"", ""쉽고"", ""간편하게"", ""꺼내"", ""장점"", ""먹을지"", ""고민안하고"", ""꺼내서"", ""담아주고뿌려주고"", ""섞어주고"", ""입에"", ""넣어주면"", ""홈페이지"", ""신규"", ""가입"", ""버라이어티"", ""정기배송"", ""쿠폰팩"", ""발급중"", ""먹을까"", ""고민하다"", ""배달앱"", ""켜지말고편하게"", ""정기배송"", ""신청해"", ""균형있는"", ""식사해보는거"", ""어때요""]","[""포켓샐러드""]","[""매일"", ""신선하게"", ""하루"", ""한끼"", ""채울"", ""포켓샐러드에서"", ""보내온"", ""건강식"", ""바쁜"", ""현대"", ""사회"", ""특히"", ""아린이랑"", ""놀아줄려면"", ""시간은"", ""짧게"", ""하지만"", ""든든하게"", ""영양을"", ""채워줘야하는데요"", ""신선한"", ""채소와"", ""단백질을"", ""단단히"", ""채워언제든"", ""쉽고"", ""간편하게"", ""꺼내"", ""장점"", ""먹을지"", ""고민안하고"", ""꺼내서"", ""담아주고뿌려주고"", ""섞어주고"", ""입에"", ""넣어주면"", ""홈페이지"", ""신규"", ""가입"", ""버라이어티"", ""정기배송"", ""쿠폰팩"", ""발급중"", ""먹을까"", ""고민하다"", ""배달앱"", ""켜지말고편하게"", ""정기배송"", ""신청해"", ""균형있는"", ""식사해보는거"", ""어때요"", ""포켓샐러드""]"
https://www.instagram.com/p/DQItQi7E0RG/,"안녕하세요!배달 보온도시락&샐러드 전문업체 푸디스퀘어 입니다🍱【10.23중식 도시락 샐러드 메뉴🍴】👍푸디스퀘어를 선택하는 이유✔️매일 다른메뉴✔️기다림 없는 배송✔️탁월한 보온(4시간)✔️뒤처리(※샐러드는 수거 서비스가 지원되지않습니다)✏️사용 설명서✔️기업 전용 도시락&샐러드 배송 서비스✔️3명 이상의 인원부터 서비스가 이용가능✔️주 3~4회 주문을 기본✔️결제방식은 월 말 결제(후불결제)를 기본으로하며 매월 첫째 주 금요일에 결제를 진행⚠️도시락, 샐러드는 세트가 아닙니다.각각 따로 주문 가능합니다⚠️샐러드는 당일주문이 불가합니다⚠️📍연락처 010-9676-3990📍전화문의  월~금 7:00~17:00매일 인스타그램에서 메뉴 갱신중🍴 질문이나 문의사항은 인스타그램 DM 또는 연락처 로 연락주세요.오늘도 좋은 하루 보내십시오💫#맛스타 #맛스타그램 #맛있다 #푸드스타그램 #또먹고싶다 #맛집#오늘뭐먹지 #food#foodfic #instafood #도시락 #샐러드#salad #lunchbox #lunch #점심 #점심메뉴",맛스타;맛스타그램;맛있다;푸드스타그램;또먹고싶다;맛집;오늘뭐먹지;food;foodfic;instafood;도시락;샐러드;salad;lunchbox;lunch;점심;점심메뉴,안녕하세요 배달 보온도시락 샐러드 전문업체 푸디스퀘어 입니다 중식 도시락 샐러드 메뉴 푸디스퀘어를 선택하는 이유 매일 다른메뉴 기다림 없는 배송 탁월한 보온 시간 뒤처리 샐러드는 수거 서비스가 지원되지않습니다 사용 설명서 기업 전용 도시락 샐러드 배송 서비스 명 이상의 인원부터 서비스가 이용가능 주 회 주문을 기본 결제방식은 월 말 결제 후불결제 를 기본으로하며 매월 첫째 주 금요일에 결제를 진행 도시락 샐러드는 세트가 아닙니다 각각 따로 주문 가능합니다 샐러드는 당일주문이 불가합니다 연락처 전화문의 월 금 매일 인스타그램에서 메뉴 갱신중 질문이나 문의사항은 인스타그램 또는 연락처 로 연락주세요 오늘도 좋은 하루 보내십시오 #맛스타 #맛스타그램 #맛있다 #푸드스타그램 #또먹고싶다 #맛집#오늘뭐먹지 # # # #도시락 #샐러드# # # #점심 #점심메뉴,"[""배달"", ""보온도시락"", ""샐러드"", ""전문업체"", ""푸디스퀘어"", ""중식"", ""도시락"", ""샐러드"", ""푸디스퀘어를"", ""선택하는"", ""이유"", ""매일"", ""다른메뉴"", ""기다림"", ""배송"", ""탁월한"", ""보온"", ""시간"", ""뒤처리"", ""샐러드는"", ""수거"", ""지원되지않습니다"", ""사용"", ""설명서"", ""기업"", ""도시락"", ""샐러드"", ""배송"", ""서비스"", ""이상의"", ""인원부터"", ""이용가능"", ""주문을"", ""결제방식은"", ""결제"", ""후불결제"", ""기본으로하며"", ""매월"", ""첫째"", ""금요일에"", ""결제를"", ""도시락"", ""샐러드는"", ""세트가"", ""아닙니다"", ""주문"", ""샐러드는"", ""당일주문이"", ""불가합니다"", ""매일"", ""인스타그램에서"", ""갱신중"", ""질문이나"", ""문의사항은"", ""인스타그램"", ""연락주세요"", ""하루"", ""보내십시오""]","[""맛스타"", ""맛스타그램"", ""푸드스타그램"", ""또먹고싶다"", ""맛집"", ""오늘뭐먹지"", ""도시락"", ""샐러드"", ""점심"", ""점심메뉴""]","[""배달"", ""보온도시락"", ""샐러드"", ""전문업체"", ""푸디스퀘어"", ""중식"", ""도시락"", ""샐러드"", ""푸디스퀘어를"", ""선택하는"", ""이유"", ""매일"", ""다른메뉴"", ""기다림"", ""배송"", ""탁월한"", ""보온"", ""시간"", ""뒤처리"", ""샐러드는"", ""수거"", ""지원되지않습니다"", ""사용"", ""설명서"", ""기업"", ""도시락"", ""샐러드"", ""배송"", ""서비스"", ""이상의"", ""인원부터"", ""이용가능"", ""주문을"", ""결제방식은"", ""결제"", ""후불결제"", ""기본으로하며"", ""매월"", ""첫째"", ""금요일에"", ""결제를"", ""도시락"", ""샐러드는"", ""세트가"", ""아닙니다"", ""주문"", ""샐러드는"", ""당일주문이"", ""불가합니다"", ""매일"", ""인스타그램에서"", ""갱신중"", ""질문이나"", ""문의사항은"", ""인스타그램"", ""연락주세요"", ""하루"", ""보내십시오"", ""맛스타"", ""맛스타그램"", ""푸드스타그램"", ""또먹고싶다"", ""맛집"", ""오늘뭐먹지"", ""도시락"", ""샐러드"", ""점심"", ""점심메뉴""]"
https://www.instagram.com/p/DQF2eAPEkWQ/,#샐러드 #건강한아침,샐러드;건강한아침,#샐러드 #건강한아침,[],"[""샐러드"", ""건강한아침""]","[""샐러드"", ""건강한아침""]"
https://www.instagram.com/p/DQJZFC6k1BT/,#구내식당 #직원식당 #점심메뉴 #점심식사 #맛점 #콩나물무침 #소고기뭇국 #샐러드 #소세지볶음 #생선까스 #김치 #목요일점심#lunch #lunchtime #lunchbreak #lunchmenu #koreafood #korealunch #koreastyle #korea #seoul,구내식당;직원식당;점심메뉴;점심식사;맛점;콩나물무침;소고기뭇국;샐러드;소세지볶음;생선까스;김치;목요일점심;lunch;lunchtime;lunchbreak;lunchmenu;koreafood;korealunch;koreastyle;korea;seoul,#구내식당 #직원식당 #점심메뉴 #점심식사 #맛점 #콩나물무침 #소고기뭇국 #샐러드 #소세지볶음 #생선까스 #김치 #목요일점심# # # # # # # # #,[],"[""구내식당"", ""직원식당"", ""점심메뉴"", ""점심식사"", ""맛점"", ""콩나물무침"", ""소고기뭇국"", ""샐러드"", ""소세지볶음"", ""생선까스"", ""김치"", ""목요일점심""]","[""구내식당"", ""직원식당"", ""점심메뉴"", ""점심식사"", ""맛점"", ""콩나물무침"", ""소고기뭇국"", ""샐러드"", ""소세지볶음"", ""생선까스"", ""김치"", ""목요일점심""]"
https://www.instagram.com/p/DQImXLgiRLv/,#우리뷔페오늘의메뉴#찜닭볶음 #짜장밥#온두부#샐러드#열무나물 #단무지#콩나물김치국#후식누룽지20251023목요일#,우리뷔페오늘의메뉴;찜닭볶음;짜장밥;온두부;샐러드;열무나물;단무지;콩나물김치국;후식누룽지20251023목요일,#우리뷔페오늘의메뉴#찜닭볶음 #짜장밥#온두부#샐러드#열무나물 #단무지#콩나물김치국#후식누룽지 목요일#,"[""목요일""]","[""우리뷔페오늘의메뉴"", ""찜닭볶음"", ""짜장밥"", ""온두부"", ""샐러드"", ""열무나물"", ""단무지"", ""콩나물김치국"", ""후식누룽지"", ""목요일""]","[""목요일"", ""우리뷔페오늘의메뉴"", ""찜닭볶음"", ""짜장밥"", ""온두부"", ""샐러드"", ""열무나물"", ""단무지"", ""콩나물김치국"", ""후식누룽지"", ""목요일""]"
https://www.instagram.com/p/DQIrmYxAXPP/,화장실 두개 말끔히 청소하고나서 허기진 배를 샐러드로 채운다.일주일만에 tv도 켰다. 요즘 부세미 많이 들리던데 무슨내용인지 좀 볼까^^출근 전 30분 오랜만에 여유롭다^^#샐러드 #뚜레쥬르 #화장실청소 #청소 #출근전 #부세미 #라면,샐러드;뚜레쥬르;화장실청소;청소;출근전;부세미;라면,화장실 두개 말끔히 청소하고나서 허기진 배를 샐러드로 채운다 일주일만에 도 켰다 요즘 부세미 많이 들리던데 무슨내용인지 좀 볼까 출근 전 분 오랜만에 여유롭다 #샐러드 #뚜레쥬르 #화장실청소 #청소 #출근전 #부세미 #라면,"[""화장실"", ""두개"", ""말끔히"", ""청소하고나서"", ""허기진"", ""배를"", ""샐러드로"", ""채운다"", ""일주일만에"", ""켰다"", ""부세미"", ""들리던데"", ""무슨내용인지"", ""볼까"", ""출근"", ""여유롭다""]","[""샐러드"", ""뚜레쥬르"", ""화장실청소"", ""청소"", ""출근전"", ""부세미"", ""라면""]","[""화장실"", ""두개"", ""말끔히"", ""청소하고나서"", ""허기진"", ""배를"", ""샐러드로"", ""채운다"", ""일주일만에"", ""켰다"", ""부세미"", ""들리던데"", ""무슨내용인지"", ""볼까"", ""출근"", ""여유롭다"", ""샐러드"", ""뚜레쥬르"", ""화장실청소"", ""청소"", ""출근전"", ""부세미"", ""라면""]"
https://www.instagram.com/p/DQGRymmEYuc/c/17979325931916629/,2025년 10월 22일점심 샐러드#중식 #슬로우캘리 #샐러드 #블랙페퍼치킨보울 #먹었는데 #배고파 #흑흑,중식;슬로우캘리;샐러드;블랙페퍼치킨보울;먹었는데;배고파;흑흑,년 월 일점심 샐러드#중식 #슬로우캘리 #샐러드 #블랙페퍼치킨보울 #먹었는데 #배고파 #흑흑,"[""일점심"", ""샐러드""]","[""중식"", ""슬로우캘리"", ""샐러드"", ""블랙페퍼치킨보울"", ""먹었는데"", ""배고파"", ""흑흑""]","[""일점심"", ""샐러드"", ""중식"", ""슬로우캘리"", ""샐러드"", ""블랙페퍼치킨보울"", ""먹었는데"", ""배고파"", ""흑흑""]"
https://www.instagram.com/p/DP5I2MpEjab/c/17920329477177624/,#오늘의메뉴 #카레라이스 #숯불치킨바베큐 #크림청양함박스테이크 #피쉬너겟 #치즈햄버거#김치잔치국수 #샐러드#닭가슴살 샐러드 #훈제오리 샐러드 #오늘의샐러드#설프도시락#7.500원#가산동#구내식당 #가산디지털단지역 #한식뷔페 # 영양사 # 아이스크림 #샐러드 #음료#메뉴#맛집#라면#단체급식,오늘의메뉴;카레라이스;숯불치킨바베큐;크림청양함박스테이크;피쉬너겟;치즈햄버거;김치잔치국수;샐러드;닭가슴살;훈제오리;오늘의샐러드;설프도시락;7;가산동;구내식당;가산디지털단지역;한식뷔페;음료;메뉴;맛집;라면;단체급식,#오늘의메뉴 #카레라이스 #숯불치킨바베큐 #크림청양함박스테이크 #피쉬너겟 #치즈햄버거#김치잔치국수 #샐러드#닭가슴살 샐러드 #훈제오리 샐러드 #오늘의샐러드#설프도시락# 원#가산동#구내식당 #가산디지털단지역 #한식뷔페 # 영양사 # 아이스크림 #샐러드 #음료#메뉴#맛집#라면#단체급식,"[""샐러드"", ""샐러드"", ""영양사"", ""아이스크림""]","[""오늘의메뉴"", ""카레라이스"", ""숯불치킨바베큐"", ""크림청양함박스테이크"", ""피쉬너겟"", ""치즈햄버거"", ""김치잔치국수"", ""샐러드"", ""닭가슴살"", ""훈제오리"", ""오늘의샐러드"", ""설프도시락"", ""가산동"", ""구내식당"", ""가산디지털단지역"", ""한식뷔페"", ""음료"", ""맛집"", ""라면"", ""단체급식""]","[""샐러드"", ""샐러드"", ""영양사"", ""아이스크림"", ""오늘의메뉴"", ""카레라이스"", ""숯불치킨바베큐"", ""크림청양함박스테이크"", ""피쉬너겟"", ""치즈햄버거"", ""김치잔치국수"", ""샐러드"", ""닭가슴살"", ""훈제오리"", ""오늘의샐러드"", ""설프도시락"", ""가산동"", ""구내식당"", ""가산디지털단지역"", ""한식뷔페"", ""음료"", ""맛집"", ""라면"", ""단체급식""]"
https://www.instagram.com/p/DPSFgcEkvNK/c/17904327537126232/,"@wellnessnunway ◀︎ “ひとつ養生”で心地よい日々を🕊️╭━━━━━━━━━━━━━━━━━━━━━━━━━╮ 　 　今日も“ひとつ養生”、潤い美肌サラダ ～鮭×アボカド～╰━━━ｖ━━━━━━━━━━━━━━━━━━━━━╯なんとなくお肌がカサつく日や、疲れが溜まっているときにおすすめ☝️「温め」と「潤い」のバランスをととのえる、美容養生サラダ🥗食べながら体の中からリフレッシュして、明日へのエネルギーに✨みなさんが「よく食べる食材」はなんですか？コメントでぜひ教えてください🤲╰─ ✦ 薬膳録 ✦ ─╯薬膳で読み解く、身近な食材の効能🌿🐟 焼き鮭は「体をあたためる」🥑 アボカドは「腸をととのえる」🍅 トマト＆レタスは「心を落ち着ける」🌊 わかめ＆白胡麻は「むくみをサポート」𓂃𓈒𓏸薬膳の知識は、日々の食材選びに小さなヒントをくれます✨「いつもの食卓」が、そのまま“養生”に🕊️——　🗣️🇪🇸　——En esos días en los que la piel se siente un poco reseca o cuando el cansancio se acumula.Una ensalada de belleza y bienestar que equilibra calor y humedad.Mientras comes, refresca tu cuerpo desde dentro y recárgate de energía para el mañana.🌱＿＿＿＿＿＿＿＿＿＿＿＿＿▶︎ Nun | @wellnessnunway食べて、着て、心地よく生きる。心地よい日々を一緒に🕊️🍃✨￣￣￣￣￣￣￣￣￣￣￣￣￣￣🌱 #wellnessnunway #養生 #食養生 #おうちごはん #サラダ #美肌サラダ #샐러드 #salad #ensalada",wellnessnunway;養生;食養生;おうちごはん;サラダ;美肌サラダ;샐러드;salad;ensalada,# # # # # # #샐러드 # #,[],"[""샐러드""]","[""샐러드""]"
https://www.instagram.com/p/DQGlqvOkqTd/,오늘의 점심 #샐러드 #닭가슴살구이 #마라샹궈컵누들 허닭 닭가슴살 스테이크와 아침에 끓는 물에 삶은 후에 올리브유에 구운 닭가슴살!사진에는 없지만 마라샹궈맛 컵누들 하나 추가해서 먹었다.저 소스도 #비비드키친 저당마라소스!배부르게 먹고 후식으로 두부티라미수 먹고 혈당스파이크로 낮잠자기..ㅋㅋㅋㅋㅋㅋㅋ,샐러드;닭가슴살구이;마라샹궈컵누들;비비드키친,오늘의 점심 #샐러드 #닭가슴살구이 #마라샹궈컵누들 허닭 닭가슴살 스테이크와 아침에 끓는 물에 삶은 후에 올리브유에 구운 닭가슴살 사진에는 없지만 마라샹궈맛 컵누들 하나 추가해서 먹었다 저 소스도 #비비드키친 저당마라소스 배부르게 먹고 후식으로 두부티라미수 먹고 혈당스파이크로 낮잠자기 ㅋㅋㅋㅋㅋㅋㅋ,"[""점심"", ""허닭"", ""닭가슴살"", ""스테이크와"", ""아침에"", ""끓는"", ""물에"", ""후에"", ""올리브유에"", ""구운"", ""닭가슴살"", ""사진에는"", ""없지만"", ""마라샹궈맛"", ""컵누들"", ""추가해서"", ""먹었다"", ""소스도"", ""저당마라소스"", ""배부르게"", ""후식으로"", ""두부티라미수"", ""혈당스파이크로"", ""낮잠자기"", ""ㅋㅋㅋㅋㅋㅋㅋ""]","[""샐러드"", ""닭가슴살구이"", ""마라샹궈컵누들"", ""비비드키친""]","[""점심"", ""허닭"", ""닭가슴살"", ""스테이크와"", ""아침에"", ""끓는"", ""물에"", ""후에"", ""올리브유에"", ""구운"", ""닭가슴살"", ""사진에는"", ""없지만"", ""마라샹궈맛"", ""컵누들"", ""추가해서"", ""먹었다"", ""소스도"", ""저당마라소스"", ""배부르게"", ""후식으로"", ""두부티라미수"", ""혈당스파이크로"", ""낮잠자기"", ""ㅋㅋㅋㅋㅋㅋㅋ"", ""샐러드"", ""닭가슴살구이"", ""마라샹궈컵누들"", ""비비드키친""]"
https://www.instagram.com/p/DQH7gEmE1wG/,촌's.mama촌스마마 10월 23일 목요일 라인업.라인업의 모든 메뉴들010-9544-0373핸드폰문자로 예약주심 좋아요인스타DM X (확인이 늦어요).♡샌드위치♡-햄치즈에그샌드위치.♡샐러드♡-우삼겹메밀면샐러드(+오리엔탈드레싱)-또띠아월남쌈샐러드(+수제피넛드레싱).♡한입마카롱)-1통 8개입(오레오크림치즈/딸기크림치즈/초코/피스타치오).♡마카롱♡-두바이초콜릿 -들깨로쉐(곡성로컬푸드)-밤크렘브륄레(곡성로컬푸드)-말차로쉐(제주말차)-딸기돼지바(곡성로컬푸드)-뽀또황치즈 -쿠쿠다스-리얼초코 -에스프레소자바칩 -블루베리요거트치즈 -와인무화과크림치즈 -누텔라크림치즈 .♡구움과자♡-들깨호두파이(곡성로컬푸드)-레드벨벳크림치즈쿠키-쫀득꾸덕브라우니 -두바이초콜릿바-두바이초콜릿찹쌀떡-리얼초코칩쿠키-레몬마들렌 -스마일마들렌 -에그타르트(오리지널/콘치즈)-휘낭시에(바질소시지/발로나초코스틱/화이트마카다미아/군고구마크렘브륄레/와인무화과크림치즈)-소금빵(오리지널/치즈품은갈릭/쪽파크림치즈/잠봉뵈르)-체다치즈크래커머랭쿠키 ..#촌스마마_화_수_목_금_낮12시오픈입니다#촌스마마 #핸드메이드 #많이달지않은마카롱 #쫀득한마카롱#좋은재료와정성은진리다 #마카롱 #샐러드 #샌드위치 #마카롱맛집 #샌드위치맛집 #샐러드맛집 #곡성 #남원 #순천 #광주 #곡성뚝방마켓 #곡성마카,촌스마마_화_수_목_금_낮12시오픈입니다;촌스마마;핸드메이드;많이달지않은마카롱;쫀득한마카롱;좋은재료와정성은진리다;마카롱;샐러드;샌드위치;마카롱맛집;샌드위치맛집;샐러드맛집;곡성;남원;순천;광주;곡성뚝방마켓;곡성마카,촌 촌스마마 월 일 목요일 라인업 라인업의 모든 메뉴들 핸드폰문자로 예약주심 좋아요인스타 확인이 늦어요 샌드위치 햄치즈에그샌드위치 샐러드 우삼겹메밀면샐러드 오리엔탈드레싱 또띠아월남쌈샐러드 수제피넛드레싱 한입마카롱 통 개입 오레오크림치즈 딸기크림치즈 초코 피스타치오 마카롱 두바이초콜릿 들깨로쉐 곡성로컬푸드 밤크렘브륄레 곡성로컬푸드 말차로쉐 제주말차 딸기돼지바 곡성로컬푸드 뽀또황치즈 쿠쿠다스 리얼초코 에스프레소자바칩 블루베리요거트치즈 와인무화과크림치즈 누텔라크림치즈 구움과자 들깨호두파이 곡성로컬푸드 레드벨벳크림치즈쿠키 쫀득꾸덕브라우니 두바이초콜릿바 두바이초콜릿찹쌀떡 리얼초코칩쿠키 레몬마들렌 스마일마들렌 에그타르트 오리지널 콘치즈 휘낭시에 바질소시지 발로나초코스틱 화이트마카다미아 군고구마크렘브륄레 와인무화과크림치즈 소금빵 오리지널 치즈품은갈릭 쪽파크림치즈 잠봉뵈르 체다치즈크래커머랭쿠키 #촌스마마 화 수 목 금 낮 시오픈입니다#촌스마마 #핸드메이드 #많이달지않은마카롱 #쫀득한마카롱#좋은재료와정성은진리다 #마카롱 #샐러드 #샌드위치 #마카롱맛집 #샌드위치맛집 #샐러드맛집 #곡성 #남원 #순천 #광주 #곡성뚝방마켓 #곡성마카,"[""촌스마마"", ""목요일"", ""라인업"", ""라인업의"", ""메뉴들"", ""핸드폰문자로"", ""예약주심"", ""좋아요인스타"", ""확인이"", ""늦어요"", ""샌드위치"", ""햄치즈에그샌드위치"", ""샐러드"", ""우삼겹메밀면샐러드"", ""오리엔탈드레싱"", ""또띠아월남쌈샐러드"", ""수제피넛드레싱"", ""한입마카롱"", ""개입"", ""오레오크림치즈"", ""딸기크림치즈"", ""초코"", ""피스타치오"", ""마카롱"", ""두바이초콜릿"", ""들깨로쉐"", ""곡성로컬푸드"", ""밤크렘브륄레"", ""곡성로컬푸드"", ""말차로쉐"", ""제주말차"", ""딸기돼지바"", ""곡성로컬푸드"", ""뽀또황치즈"", ""쿠쿠다스"", ""리얼초코"", ""에스프레소자바칩"", ""블루베리요거트치즈"", ""와인무화과크림치즈"", ""누텔라크림치즈"", ""구움과자"", ""들깨호두파이"", ""곡성로컬푸드"", ""레드벨벳크림치즈쿠키"", ""쫀득꾸덕브라우니"", ""두바이초콜릿바"", ""두바이초콜릿찹쌀떡"", ""리얼초코칩쿠키"", ""레몬마들렌"", ""스마일마들렌"", ""에그타르트"", ""오리지널"", ""콘치즈"", ""휘낭시에"", ""바질소시지"", ""발로나초코스틱"", ""화이트마카다미아"", ""군고구마크렘브륄레"", ""와인무화과크림치즈"", ""소금빵"", ""오리지널"", ""치즈품은갈릭"", ""쪽파크림치즈"", ""잠봉뵈르"", ""체다치즈크래커머랭쿠키""]","[""촌스마마"", ""촌스마마"", ""핸드메이드"", ""많이달지않은마카롱"", ""쫀득한마카롱"", ""좋은재료와정성은진리다"", ""마카롱"", ""샐러드"", ""샌드위치"", ""마카롱맛집"", ""샌드위치맛집"", ""샐러드맛집"", ""곡성"", ""남원"", ""순천"", ""광주"", ""곡성마카""]","[""촌스마마"", ""목요일"", ""라인업"", ""라인업의"", ""메뉴들"", ""핸드폰문자로"", ""예약주심"", ""좋아요인스타"", ""확인이"", ""늦어요"", ""샌드위치"", ""햄치즈에그샌드위치"", ""샐러드"", ""우삼겹메밀면샐러드"", ""오리엔탈드레싱"", ""또띠아월남쌈샐러드"", ""수제피넛드레싱"", ""한입마카롱"", ""개입"", ""오레오크림치즈"", ""딸기크림치즈"", ""초코"", ""피스타치오"", ""마카롱"", ""두바이초콜릿"", ""들깨로쉐"", ""곡성로컬푸드"", ""밤크렘브륄레"", ""곡성로컬푸드"", ""말차로쉐"", ""제주말차"", ""딸기돼지바"", ""곡성로컬푸드"", ""뽀또황치즈"", ""쿠쿠다스"", ""리얼초코"", ""에스프레소자바칩"", ""블루베리요거트치즈"", ""와인무화과크림치즈"", ""누텔라크림치즈"", ""구움과자"", ""들깨호두파이"", ""곡성로컬푸드"", ""레드벨벳크림치즈쿠키"", ""쫀득꾸덕브라우니"", ""두바이초콜릿바"", ""두바이초콜릿찹쌀떡"", ""리얼초코칩쿠키"", ""레몬마들렌"", ""스마일마들렌"", ""에그타르트"", ""오리지널"", ""콘치즈"", ""휘낭시에"", ""바질소시지"", ""발로나초코스틱"", ""화이트마카다미아"", ""군고구마크렘브륄레"", ""와인무화과크림치즈"", ""소금빵"", ""오리지널"", ""치즈품은갈릭"", ""쪽파크림치즈"", ""잠봉뵈르"", ""체다치즈크래커머랭쿠키"", ""촌스마마"", ""촌스마마"", ""핸드메이드"", ""많이달지않은마카롱"", ""쫀득한마카롱"", ""좋은재료와정성은진리다"", ""마카롱"", ""샐러드"", ""샌드위치"", ""마카롱맛집"", ""샌드위치맛집"", ""샐러드맛집"", ""곡성"", ""남원"", ""순천"", ""광주"", ""곡성마카""]"
https://www.instagram.com/p/DQG-ZHbj9cw/c/18101368876649827/,SAUCIT의 7가지 소스를 소개합니다.(고추장크림)한국의 고추장을 크리미하게 즐길 수 있는 코리안 특제 소스한국의 매콤한 맛을 즐기고 싶은 고객님들에게 추천합니다.BOLDSAUCEBOLDERFLAVORS,,의 가지 소스를 소개합니다 고추장크림 한국의 고추장을 크리미하게 즐길 수 있는 코리안 특제 소스한국의 매콤한 맛을 즐기고 싶은 고객님들에게 추천합니다,"[""소스를"", ""고추장크림"", ""한국의"", ""고추장을"", ""크리미하게"", ""코리안"", ""특제"", ""소스한국의"", ""매콤한"", ""즐기고"", ""고객님들에게""]","[""소스를"", ""고추장크림"", ""한국의"", ""고추장을"", ""크리미하게"", ""코리안"", ""특제"", ""소스한국의"", ""매콤한"", ""즐기고"", ""고객님들에게""]","[""소스를"", ""고추장크림"", ""한국의"", ""고추장을"", ""크리미하게"", ""코리안"", ""특제"", ""소스한국의"", ""매콤한"", ""즐기고"", ""고객님들에게"", ""소스를"", ""고추장크림"", ""한국의"", ""고추장을"", ""크리미하게"", ""코리안"", ""특제"", ""소스한국의"", ""매콤한"", ""즐기고"", ""고객님들에게""]"
https://www.instagram.com/p/DQE2gqQkjkF/,"2025/10/21점심 목살스테이크 샐러드,흑미밥130g저녁 아보카도 낫또 비빔밥,샐러드 +김추가 아침몸무게 80.1kg낫또 비빔밥 맛있다! 또해먹어야지 😍#다이어트 #다이어트식단 #다이어트일기 #낫또 #낫또비빔밥  #샐러드 #식단 #맛스타그램",다이어트;다이어트식단;다이어트일기;낫또;낫또비빔밥;샐러드;식단;맛스타그램,점심 목살스테이크 샐러드 흑미밥 저녁 아보카도 낫또 비빔밥 샐러드 김추가 아침몸무게 낫또 비빔밥 맛있다 또해먹어야지 #다이어트 #다이어트식단 #다이어트일기 #낫또 #낫또비빔밥 #샐러드 #식단 #맛스타그램,"[""점심"", ""목살스테이크"", ""샐러드"", ""흑미밥"", ""저녁"", ""아보카도"", ""낫또"", ""비빔밥"", ""샐러드"", ""김추가"", ""아침몸무게"", ""낫또"", ""비빔밥"", ""또해먹어야지""]","[""다이어트"", ""다이어트식단"", ""다이어트일기"", ""낫또"", ""낫또비빔밥"", ""샐러드"", ""식단"", ""맛스타그램""]","[""점심"", ""목살스테이크"", ""샐러드"", ""흑미밥"", ""저녁"", ""아보카도"", ""낫또"", ""비빔밥"", ""샐러드"", ""김추가"", ""아침몸무게"", ""낫또"", ""비빔밥"", ""또해먹어야지"", ""다이어트"", ""다이어트식단"", ""다이어트일기"", ""낫또"", ""낫또비빔밥"", ""샐러드"", ""식단"", ""맛스타그램""]"
https://www.instagram.com/p/DP-WjWUDy4q/,오늘의 샐러드도시락#건강한_점심식사#샐러드#강남도시락#서초도시락,건강한_점심식사;샐러드;강남도시락;서초도시락,오늘의 샐러드도시락#건강한 점심식사#샐러드#강남도시락#서초도시락,"[""샐러드도시락"", ""점심식사""]","[""건강한"", ""점심식사"", ""샐러드"", ""강남도시락"", ""서초도시락""]","[""샐러드도시락"", ""점심식사"", ""건강한"", ""점심식사"", ""샐러드"", ""강남도시락"", ""서초도시락""]"
https://www.instagram.com/p/DPvQAfHkQS8/c/18094551685743563/,"야채 샌드위치는 특히 더, 금손 만들어드리기🙌🏻✨",,야채 샌드위치는 특히 더 금손 만들어드리기,"[""야채"", ""샌드위치는"", ""특히"", ""금손"", ""만들어드리기""]","[""야채"", ""샌드위치는"", ""특히"", ""금손"", ""만들어드리기""]","[""야채"", ""샌드위치는"", ""특히"", ""금손"", ""만들어드리기"", ""야채"", ""샌드위치는"", ""특히"", ""금손"", ""만들어드리기""]"
https://www.instagram.com/p/C_Ld0lYvsKn/c/18096877348449736/,"복숭아 샐러드🍑재료 : 복숭아, 리코타 치즈, 소금, 후추, 올리브유유투브에서 보고 해먹어봤는데 상큼 달달😋 맛있어요 🍑🤍#제이풀데이#복숭아샐러드 #샐러드",제이풀데이;복숭아샐러드;샐러드,복숭아 샐러드 재료 복숭아 리코타 치즈 소금 후추 올리브유유투브에서 보고 해먹어봤는데 상큼 달달 맛있어요 #제이풀데이#복숭아샐러드 #샐러드,"[""복숭아"", ""샐러드"", ""재료"", ""복숭아"", ""리코타"", ""치즈"", ""소금"", ""후추"", ""올리브유유투브에서"", ""해먹어봤는데"", ""상큼"", ""달달""]","[""제이풀데이"", ""복숭아샐러드"", ""샐러드""]","[""복숭아"", ""샐러드"", ""재료"", ""복숭아"", ""리코타"", ""치즈"", ""소금"", ""후추"", ""올리브유유투브에서"", ""해먹어봤는데"", ""상큼"", ""달달"", ""제이풀데이"", ""복숭아샐러드"", ""샐러드""]"
https://www.instagram.com/p/DQHcWjMEhsD/c/18080059675851512/,10월 10일 식단🔥직화 닭갈비 플래터🍅토마토 가지 콜드 스튜+미니 샐러드 with로제 드레싱,,월 일 식단 직화 닭갈비 플래터 토마토 가지 콜드 스튜 미니 샐러드 로제 드레싱,"[""식단"", ""직화"", ""닭갈비"", ""플래터"", ""토마토"", ""콜드"", ""스튜"", ""미니"", ""샐러드"", ""로제"", ""드레싱""]","[""식단"", ""직화"", ""닭갈비"", ""플래터"", ""토마토"", ""콜드"", ""스튜"", ""미니"", ""샐러드"", ""로제"", ""드레싱""]","[""식단"", ""직화"", ""닭갈비"", ""플래터"", ""토마토"", ""콜드"", ""스튜"", ""미니"", ""샐러드"", ""로제"", ""드레싱"", ""식단"", ""직화"", ""닭갈비"", ""플래터"", ""토마토"", ""콜드"", ""스튜"", ""미니"", ""샐러드"", ""로제"", ""드레싱""]"
https://www.instagram.com/p/DOC-nvMEmcl/,식단이 무너지는 주말🤯꽃게를 3키로 사서 꽃게탕 끓여먹고감자탕도 먹곸ㅋㅋㅋㅋㅋ사실 주말에 요런거 먹으려고 평일에 운동하고 식단하는거 아니겠습니까?😈월요일다시 식단 모드로 담은 원플레이트 보고 가세요자주 먹는거라서 별건 없지만사워도우가 토끼 같아서 귀엽고완벽하게 후숙된 아보카도와기막히게 삶아진 달걀 반숙이었습니다.그리고 최근에 알게된 너무 좋은 sombr😍,,식단이 무너지는 주말 꽃게를 키로 사서 꽃게탕 끓여먹고감자탕도 먹곸ㅋㅋㅋㅋㅋ사실 주말에 요런거 먹으려고 평일에 운동하고 식단하는거 아니겠습니까 월요일다시 식단 모드로 담은 원플레이트 보고 가세요자주 먹는거라서 별건 없지만사워도우가 토끼 같아서 귀엽고완벽하게 후숙된 아보카도와기막히게 삶아진 달걀 반숙이었습니다 그리고 최근에 알게된 너무 좋은,"[""식단이"", ""무너지는"", ""주말"", ""꽃게를"", ""키로"", ""사서"", ""꽃게탕"", ""끓여먹고감자탕도"", ""먹곸ㅋㅋㅋㅋㅋ사실"", ""요런거"", ""먹으려고"", ""평일에"", ""운동하고"", ""식단하는거"", ""아니겠습니까"", ""월요일다시"", ""식단"", ""모드로"", ""원플레이트"", ""가세요자주"", ""먹는거라서"", ""별건"", ""없지만사워도우가"", ""토끼"", ""같아서"", ""귀엽고완벽하게"", ""후숙된"", ""아보카도와기막히게"", ""삶아진"", ""달걀"", ""반숙이었습니다"", ""최근에"", ""알게된""]","[""식단이"", ""무너지는"", ""주말"", ""꽃게를"", ""키로"", ""사서"", ""꽃게탕"", ""끓여먹고감자탕도"", ""먹곸ㅋㅋㅋㅋㅋ사실"", ""요런거"", ""먹으려고"", ""평일에"", ""운동하고"", ""식단하는거"", ""아니겠습니까"", ""월요일다시"", ""식단"", ""모드로"", ""원플레이트"", ""가세요자주"", ""먹는거라서"", ""별건"", ""없지만사워도우가"", ""토끼"", ""같아서"", ""귀엽고완벽하게"", ""후숙된"", ""아보카도와기막히게"", ""삶아진"", ""달걀"", ""반숙이었습니다"", ""최근에"", ""알게된""]","[""식단이"", ""무너지는"", ""주말"", ""꽃게를"", ""키로"", ""사서"", ""꽃게탕"", ""끓여먹고감자탕도"", ""먹곸ㅋㅋㅋㅋㅋ사실"", ""요런거"", ""먹으려고"", ""평일에"", ""운동하고"", ""식단하는거"", ""아니겠습니까"", ""월요일다시"", ""식단"", ""모드로"", ""원플레이트"", ""가세요자주"", ""먹는거라서"", ""별건"", ""없지만사워도우가"", ""토끼"", ""같아서"", ""귀엽고완벽하게"", ""후숙된"", ""아보카도와기막히게"", ""삶아진"", ""달걀"", ""반숙이었습니다"", ""최근에"", ""알게된"", ""식단이"", ""무너지는"", ""주말"", ""꽃게를"", ""키로"", ""사서"", ""꽃게탕"", ""끓여먹고감자탕도"", ""먹곸ㅋㅋㅋㅋㅋ사실"", ""요런거"", ""먹으려고"", ""평일에"", ""운동하고"", ""식단하는거"", ""아니겠습니까"", ""월요일다시"", ""식단"", ""모드로"", ""원플레이트"", ""가세요자주"", ""먹는거라서"", ""별건"", ""없지만사워도우가"", ""토끼"", ""같아서"", ""귀엽고완벽하게"", ""후숙된"", ""아보카도와기막히게"", ""삶아진"", ""달걀"", ""반숙이었습니다"", ""최근에"", ""알게된""]"
https://www.instagram.com/p/DQI8Id3CStt/,"#원더스강남 #던킨원더스 #던킨원더스강남 #던킨 #비빔볼 #리코타두부면비빔볼 #리코타치즈 #두부면 #샐러드 (8,500원)• 현미귀리밥 베이스에 스위트콘, 병아리콩, 렌틸콩을 넣은 믹스드 라이스 + 토핑궁금해서 먹어보고팠던!, 얘두 원더스점에서만 판매.. 내가 강남이 직장인게 좋은걸까 ㄴ ㅏ쁜걸까,, 세상에 먹을게 이리도 많은데.. / 무튼 단호박 아주 맛있구 당근라페는 너무 시다 두부면은 크게 비중있진 않았지만 전체적으로 굳",원더스강남;던킨원더스;던킨원더스강남;던킨;비빔볼;리코타두부면비빔볼;리코타치즈;두부면;샐러드,#원더스강남 #던킨원더스 #던킨원더스강남 #던킨 #비빔볼 #리코타두부면비빔볼 #리코타치즈 #두부면 #샐러드 원 현미귀리밥 베이스에 스위트콘 병아리콩 렌틸콩을 넣은 믹스드 라이스 토핑궁금해서 먹어보고팠던 얘두 원더스점에서만 판매 내가 강남이 직장인게 좋은걸까 ㄴ ㅏ쁜걸까 세상에 먹을게 이리도 많은데 무튼 단호박 아주 맛있구 당근라페는 너무 시다 두부면은 크게 비중있진 않았지만 전체적으로 굳,"[""현미귀리밥"", ""베이스에"", ""스위트콘"", ""병아리콩"", ""렌틸콩을"", ""넣은"", ""믹스드"", ""라이스"", ""토핑궁금해서"", ""먹어보고팠던"", ""얘두"", ""원더스점에서만"", ""판매"", ""내가"", ""강남이"", ""직장인게"", ""좋은걸까"", ""ㅏ쁜걸까"", ""세상에"", ""먹을게"", ""이리도"", ""많은데"", ""무튼"", ""단호박"", ""맛있구"", ""당근라페는"", ""시다"", ""두부면은"", ""크게"", ""비중있진"", ""않았지만"", ""전체적으로""]","[""원더스강남"", ""던킨원더스"", ""던킨원더스강남"", ""던킨"", ""비빔볼"", ""리코타두부면비빔볼"", ""리코타치즈"", ""두부면"", ""샐러드""]","[""현미귀리밥"", ""베이스에"", ""스위트콘"", ""병아리콩"", ""렌틸콩을"", ""넣은"", ""믹스드"", ""라이스"", ""토핑궁금해서"", ""먹어보고팠던"", ""얘두"", ""원더스점에서만"", ""판매"", ""내가"", ""강남이"", ""직장인게"", ""좋은걸까"", ""ㅏ쁜걸까"", ""세상에"", ""먹을게"", ""이리도"", ""많은데"", ""무튼"", ""단호박"", ""맛있구"", ""당근라페는"", ""시다"", ""두부면은"", ""크게"", ""비중있진"", ""않았지만"", ""전체적으로"", ""원더스강남"", ""던킨원더스"", ""던킨원더스강남"", ""던킨"", ""비빔볼"", ""리코타두부면비빔볼"", ""리코타치즈"", ""두부면"", ""샐러드""]"
https://www.instagram.com/p/DQJbLN4kohB/c/18059475197196186/,신선한 재료를 더해 만든 미유만의 샌드위치와 샐러드.#미유 #카페 #미유카페 #샐러드 #샌드위치 #커피 #버블티 #가산현대아울렛 #가산 #광화문 #콘코디언 #miu #cafe #cafemiu,미유;카페;미유카페;샐러드;샌드위치;커피;버블티;가산현대아울렛;가산;광화문;콘코디언;miu;cafe;cafemiu,신선한 재료를 더해 만든 미유만의 샌드위치와 샐러드 #미유 #카페 #미유카페 #샐러드 #샌드위치 #커피 #버블티 #가산현대아울렛 #가산 #광화문 #콘코디언 # # #,"[""신선한"", ""재료를"", ""더해"", ""만든"", ""미유만의"", ""샌드위치와"", ""샐러드""]","[""미유"", ""카페"", ""미유카페"", ""샐러드"", ""샌드위치"", ""커피"", ""버블티"", ""가산현대아울렛"", ""가산"", ""광화문"", ""콘코디언""]","[""신선한"", ""재료를"", ""더해"", ""만든"", ""미유만의"", ""샌드위치와"", ""샐러드"", ""미유"", ""카페"", ""미유카페"", ""샐러드"", ""샌드위치"", ""커피"", ""버블티"", ""가산현대아울렛"", ""가산"", ""광화문"", ""콘코디언""]"
https://www.instagram.com/p/DQIS8VBE3L1/,25년 10월 23일(목)입니다.✔찹쌀밥✔치킨 꿔바로우✔해물 김치전✔매콤 메추리알 떡조림✔직화 후랑크 볶음✔오이 탕탕이✔배추 김치✔얼큰 순두부국✔오늘의 샐러드: 치킨텐더 샐러드🍱직장인 도시락 & 단체모임도시락 🍚압력솥밥 모든메뉴 당일조리 원칙🚛무료 배송 & 잔반 용기 회수☎전화문의 : 010-7721-8377🆔카톡문의 : foodbox777 [친구추가 후 문의] #점심도시락#점심배달#샌드위치맛집#직장인도시락#의정부맛집#의정부도시락#민락동밥집#샐러드#기업도시락#병원도시락#사무실도시락#도시락#정기배송#월밥#도시락배달#단체도시락#도시락맛집#회사도시락#푸드박스#중식도시락#양주맛집#한끼#양주도시락#배달비무료#송우리도시락#포천도시락#정기도시락#샐러드도시락#동두천도시락,점심도시락;점심배달;샌드위치맛집;직장인도시락;의정부맛집;의정부도시락;민락동밥집;샐러드;기업도시락;병원도시락;사무실도시락;도시락;정기배송;월밥;도시락배달;단체도시락;도시락맛집;회사도시락;푸드박스;중식도시락;양주맛집;한끼;양주도시락;배달비무료;송우리도시락;포천도시락;정기도시락;샐러드도시락;동두천도시락,년 월 일 목 입니다 찹쌀밥 치킨 꿔바로우 해물 김치전 매콤 메추리알 떡조림 직화 후랑크 볶음 오이 탕탕이 배추 김치 얼큰 순두부국 오늘의 샐러드 치킨텐더 샐러드 직장인 도시락 단체모임도시락 압력솥밥 모든메뉴 당일조리 원칙 무료 배송 잔반 용기 회수 전화문의 카톡문의 친구추가 후 문의 #점심도시락#점심배달#샌드위치맛집#직장인도시락#의정부맛집#의정부도시락#민락동밥집#샐러드#기업도시락#병원도시락#사무실도시락#도시락#정기배송#월밥#도시락배달#단체도시락#도시락맛집#회사도시락#푸드박스#중식도시락#양주맛집#한끼#양주도시락#배달비무료#송우리도시락#포천도시락#정기도시락#샐러드도시락#동두천도시락,"[""찹쌀밥"", ""치킨"", ""꿔바로우"", ""해물"", ""김치전"", ""매콤"", ""메추리알"", ""떡조림"", ""직화"", ""후랑크"", ""볶음"", ""오이"", ""탕탕이"", ""배추"", ""김치"", ""얼큰"", ""순두부국"", ""샐러드"", ""치킨텐더"", ""샐러드"", ""직장인"", ""도시락"", ""단체모임도시락"", ""압력솥밥"", ""모든메뉴"", ""당일조리"", ""원칙"", ""배송"", ""잔반"", ""용기"", ""회수"", ""카톡문의"", ""친구추가""]","[""점심도시락"", ""점심배달"", ""샌드위치맛집"", ""직장인도시락"", ""의정부맛집"", ""의정부도시락"", ""민락동밥집"", ""샐러드"", ""기업도시락"", ""병원도시락"", ""사무실도시락"", ""도시락"", ""정기배송"", ""월밥"", ""도시락배달"", ""단체도시락"", ""도시락맛집"", ""회사도시락"", ""푸드박스"", ""중식도시락"", ""양주맛집"", ""한끼"", ""양주도시락"", ""배달비무료"", ""송우리도시락"", ""포천도시락"", ""정기도시락"", ""샐러드도시락"", ""동두천도시락""]","[""찹쌀밥"", ""치킨"", ""꿔바로우"", ""해물"", ""김치전"", ""매콤"", ""메추리알"", ""떡조림"", ""직화"", ""후랑크"", ""볶음"", ""오이"", ""탕탕이"", ""배추"", ""김치"", ""얼큰"", ""순두부국"", ""샐러드"", ""치킨텐더"", ""샐러드"", ""직장인"", ""도시락"", ""단체모임도시락"", ""압력솥밥"", ""모든메뉴"", ""당일조리"", ""원칙"", ""배송"", ""잔반"", ""용기"", ""회수"", ""카톡문의"", ""친구추가"", ""점심도시락"", ""점심배달"", ""샌드위치맛집"", ""직장인도시락"", ""의정부맛집"", ""의정부도시락"", ""민락동밥집"", ""샐러드"", ""기업도시락"", ""병원도시락"", ""사무실도시락"", ""도시락"", ""정기배송"", ""월밥"", ""도시락배달"", ""단체도시락"", ""도시락맛집"", ""회사도시락"", ""푸드박스"", ""중식도시락"", ""양주맛집"", ""한끼"", ""양주도시락"", ""배달비무료"", ""송우리도시락"", ""포천도시락"", ""정기도시락"", ""샐러드도시락"", ""동두천도시락""]"
https://www.instagram.com/p/DP5Sk1FE5WN/,"안녕하세요!배달 보온도시락&샐러드전문업체 푸디스퀘어 입니다😃📢10/20~10/24📢【중식 석식 식단표】 안내입니다⚠️공지 안내⚠️------------석식 주문 방법은 【드시기 시작하는날 영업일 3일 전까지】 주문을 부탁드립니다🙇‍♀️중식, 석7와 식단표가 따로 있으므로 주문 시 식단표를 잘 보시고 주문해 주시기 바랍니다.------------⚠️샐러드는 수거 서비스가 지원되지않습니다⚠️샐러드는 당일주문이 불가합니다📍연락처 010-9676-3990📍전화문의  월~금 7:00~17:00주문이나 문의사항은 연락처로 연락주세요~😊감사합니다#맛스타 #맛스타그램 #맛있다 #푸드스타그램 #또먹고싶다 #맛집#오늘뭐먹지 #food#foodfic #instafood #도시락 #샐러드#salad #lunchbox #lunch #점심 #점심메뉴",맛스타;맛스타그램;맛있다;푸드스타그램;또먹고싶다;맛집;오늘뭐먹지;food;foodfic;instafood;도시락;샐러드;salad;lunchbox;lunch;점심;점심메뉴,안녕하세요 배달 보온도시락 샐러드전문업체 푸디스퀘어 입니다 중식 석식 식단표 안내입니다 공지 안내 석식 주문 방법은 드시기 시작하는날 영업일 일 전까지 주문을 부탁드립니다 중식 석 와 식단표가 따로 있으므로 주문 시 식단표를 잘 보시고 주문해 주시기 바랍니다 샐러드는 수거 서비스가 지원되지않습니다 샐러드는 당일주문이 불가합니다 연락처 전화문의 월 금 주문이나 문의사항은 연락처로 연락주세요 감사합니다#맛스타 #맛스타그램 #맛있다 #푸드스타그램 #또먹고싶다 #맛집#오늘뭐먹지 # # # #도시락 #샐러드# # # #점심 #점심메뉴,"[""배달"", ""보온도시락"", ""샐러드전문업체"", ""푸디스퀘어"", ""중식"", ""석식"", ""식단표"", ""안내입니다"", ""공지"", ""안내"", ""석식"", ""주문"", ""방법은"", ""드시기"", ""시작하는날"", ""영업일"", ""전까지"", ""주문을"", ""중식"", ""식단표가"", ""있으므로"", ""주문"", ""식단표를"", ""보시고"", ""주문해"", ""주시기"", ""바랍니다"", ""샐러드는"", ""수거"", ""지원되지않습니다"", ""샐러드는"", ""당일주문이"", ""불가합니다"", ""주문이나"", ""문의사항은"", ""연락처로"", ""연락주세요""]","[""맛스타"", ""맛스타그램"", ""푸드스타그램"", ""또먹고싶다"", ""맛집"", ""오늘뭐먹지"", ""도시락"", ""샐러드"", ""점심"", ""점심메뉴""]","[""배달"", ""보온도시락"", ""샐러드전문업체"", ""푸디스퀘어"", ""중식"", ""석식"", ""식단표"", ""안내입니다"", ""공지"", ""안내"", ""석식"", ""주문"", ""방법은"", ""드시기"", ""시작하는날"", ""영업일"", ""전까지"", ""주문을"", ""중식"", ""식단표가"", ""있으므로"", ""주문"", ""식단표를"", ""보시고"", ""주문해"", ""주시기"", ""바랍니다"", ""샐러드는"", ""수거"", ""지원되지않습니다"", ""샐러드는"", ""당일주문이"", ""불가합니다"", ""주문이나"", ""문의사항은"", ""연락처로"", ""연락주세요"", ""맛스타"", ""맛스타그램"", ""푸드스타그램"", ""또먹고싶다"", ""맛집"", ""오늘뭐먹지"", ""도시락"", ""샐러드"", ""점심"", ""점심메뉴""]"
https://www.instagram.com/p/DM9NOW2v-F_/,"자두 샐러드🩷5도 2촌 생활하느라 정신 없는 저덕이네 최애 샐러드에용:)테트드무안에 자두, 레몬즙, 올리브유, 소금&후추, 꿀 아주 조금 그리고 양상추 듬뿍 넣고 하몽 얹어서 먹는데에 아주 그냥 맛들렸거든용 자두가 끝물인지 막 엄청 맛있지 않아서 요롷게 샐러드 만들어 먹고 있어용 엄천 건강한척 하는 왕 맛있는 샐러드입니닼ㅋㅋㅋ근데 그거 아세요?! 이 이번부엔 바다 안가요!!!!한주 쉬기로 했답니닼ㅋㅋㅋㅋㅋㅋ",,자두 샐러드 도 촌 생활하느라 정신 없는 저덕이네 최애 샐러드에용 테트드무안에 자두 레몬즙 올리브유 소금 후추 꿀 아주 조금 그리고 양상추 듬뿍 넣고 하몽 얹어서 먹는데에 아주 그냥 맛들렸거든용 자두가 끝물인지 막 엄청 맛있지 않아서 요롷게 샐러드 만들어 먹고 있어용 엄천 건강한척 하는 왕 맛있는 샐러드입니닼ㅋㅋㅋ근데 그거 아세요 이 이번부엔 바다 안가요 한주 쉬기로 했답니닼ㅋㅋㅋㅋㅋㅋ,"[""자두"", ""샐러드"", ""생활하느라"", ""정신"", ""저덕이네"", ""최애"", ""샐러드에용"", ""테트드무안에"", ""자두"", ""레몬즙"", ""올리브유"", ""소금"", ""후추"", ""양상추"", ""하몽"", ""얹어서"", ""먹는데에"", ""맛들렸거든용"", ""자두가"", ""끝물인지"", ""맛있지"", ""않아서"", ""요롷게"", ""샐러드"", ""만들어"", ""있어용"", ""엄천"", ""건강한척"", ""샐러드입니닼ㅋㅋㅋ근데"", ""그거"", ""아세요"", ""이번부엔"", ""바다"", ""안가요"", ""한주"", ""쉬기로"", ""했답니닼ㅋㅋㅋㅋㅋㅋ""]","[""자두"", ""샐러드"", ""생활하느라"", ""정신"", ""저덕이네"", ""최애"", ""샐러드에용"", ""테트드무안에"", ""자두"", ""레몬즙"", ""올리브유"", ""소금"", ""후추"", ""양상추"", ""하몽"", ""얹어서"", ""먹는데에"", ""맛들렸거든용"", ""자두가"", ""끝물인지"", ""맛있지"", ""않아서"", ""요롷게"", ""샐러드"", ""만들어"", ""있어용"", ""엄천"", ""건강한척"", ""샐러드입니닼ㅋㅋㅋ근데"", ""그거"", ""아세요"", ""이번부엔"", ""바다"", ""안가요"", ""한주"", ""쉬기로"", ""했답니닼ㅋㅋㅋㅋㅋㅋ""]","[""자두"", ""샐러드"", ""생활하느라"", ""정신"", ""저덕이네"", ""최애"", ""샐러드에용"", ""테트드무안에"", ""자두"", ""레몬즙"", ""올리브유"", ""소금"", ""후추"", ""양상추"", ""하몽"", ""얹어서"", ""먹는데에"", ""맛들렸거든용"", ""자두가"", ""끝물인지"", ""맛있지"", ""않아서"", ""요롷게"", ""샐러드"", ""만들어"", ""있어용"", ""엄천"", ""건강한척"", ""샐러드입니닼ㅋㅋㅋ근데"", ""그거"", ""아세요"", ""이번부엔"", ""바다"", ""안가요"", ""한주"", ""쉬기로"", ""했답니닼ㅋㅋㅋㅋㅋㅋ"", ""자두"", ""샐러드"", ""생활하느라"", ""정신"", ""저덕이네"", ""최애"", ""샐러드에용"", ""테트드무안에"", ""자두"", ""레몬즙"", ""올리브유"", ""소금"", ""후추"", ""양상추"", ""하몽"", ""얹어서"", ""먹는데에"", ""맛들렸거든용"", ""자두가"", ""끝물인지"", ""맛있지"", ""않아서"", ""요롷게"", ""샐러드"", ""만들어"", ""있어용"", ""엄천"", ""건강한척"", ""샐러드입니닼ㅋㅋㅋ근데"", ""그거"", ""아세요"", ""이번부엔"", ""바다"", ""안가요"", ""한주"", ""쉬기로"", ""했답니닼ㅋㅋㅋㅋㅋㅋ""]"
https://www.instagram.com/p/DQIP6sjkz-r/c/18062462651599000/,어제저녁은 신랑 회식한다고 해서 혼밥.오랜만에 마라탕 시켜 먹을까 하다가급!! 샌드위치가 먹고 싶어서 메뉴 변경🥪집에 있는 재료들로 간단하게 만들었는데빵이 두꺼워서 그런지 뚠뚠샌디치로 완성😍임신 전엔 샌드위치 하나쯤 순삭이었는데이제 반쪽 먹으면 배불러서 먹질 못하네😅 저녁 먹고 동네 한 바퀴 돌고 올까 하다가 밤엔 길가에 사람들이 없어 혼자 산책 나가지 말라고 해서 계단 타기로 하루 마무리!해가 일찍 저물어 하루가 더 짧은 느낌이다🌆....#샌드위치#샌드위치그램#샌드위치만들기#스팸#계란#계란후라이#야채#가득#샐러드#샐러드맛집#샤인머스캣#샌드위치맛집#🥪#빵#빵스타그램 #임산부#임산부식단#24w2d#쿡스타그램#요리스타그램#홈스토랑#온더테이블#홈쿡#집밥#요리#집밥레시피#집밥스타그램#탕미니네집밥,샌드위치;샌드위치그램;샌드위치만들기;스팸;계란;계란후라이;야채;가득;샐러드;샐러드맛집;샤인머스캣;샌드위치맛집;빵;빵스타그램;임산부;임산부식단;24w2d;쿡스타그램;요리스타그램;홈스토랑;온더테이블;홈쿡;집밥;요리;집밥레시피;집밥스타그램;탕미니네집밥,어제저녁은 신랑 회식한다고 해서 혼밥 오랜만에 마라탕 시켜 먹을까 하다가급 샌드위치가 먹고 싶어서 메뉴 변경 집에 있는 재료들로 간단하게 만들었는데빵이 두꺼워서 그런지 뚠뚠샌디치로 완성 임신 전엔 샌드위치 하나쯤 순삭이었는데이제 반쪽 먹으면 배불러서 먹질 못하네 저녁 먹고 동네 한 바퀴 돌고 올까 하다가 밤엔 길가에 사람들이 없어 혼자 산책 나가지 말라고 해서 계단 타기로 하루 마무리 해가 일찍 저물어 하루가 더 짧은 느낌이다 #샌드위치#샌드위치그램#샌드위치만들기#스팸#계란#계란후라이#야채#가득#샐러드#샐러드맛집#샤인머스캣#샌드위치맛집# #빵#빵스타그램 #임산부#임산부식단# #쿡스타그램#요리스타그램#홈스토랑#온더테이블#홈쿡#집밥#요리#집밥레시피#집밥스타그램#탕미니네집밥,"[""어제저녁은"", ""신랑"", ""회식한다고"", ""혼밥"", ""마라탕"", ""시켜"", ""먹을까"", ""하다가급"", ""샌드위치가"", ""싶어서"", ""변경"", ""재료들로"", ""만들었는데빵이"", ""두꺼워서"", ""뚠뚠샌디치로"", ""완성"", ""임신"", ""전엔"", ""샌드위치"", ""하나쯤"", ""순삭이었는데이제"", ""반쪽"", ""배불러서"", ""먹질"", ""못하네"", ""저녁"", ""동네"", ""바퀴"", ""돌고"", ""올까"", ""하다가"", ""밤엔"", ""길가에"", ""사람들이"", ""없어"", ""혼자"", ""산책"", ""나가지"", ""말라고"", ""계단"", ""타기로"", ""하루"", ""마무리"", ""해가"", ""일찍"", ""저물어"", ""하루가"", ""짧은"", ""느낌이다""]","[""샌드위치"", ""샌드위치그램"", ""샌드위치만들기"", ""스팸"", ""계란"", ""계란후라이"", ""야채"", ""샐러드"", ""샐러드맛집"", ""샤인머스캣"", ""샌드위치맛집"", ""빵스타그램"", ""임산부"", ""임산부식단"", ""쿡스타그램"", ""요리스타그램"", ""홈스토랑"", ""온더테이블"", ""홈쿡"", ""집밥"", ""요리"", ""집밥레시피"", ""집밥스타그램"", ""탕미니네집밥""]","[""어제저녁은"", ""신랑"", ""회식한다고"", ""혼밥"", ""마라탕"", ""시켜"", ""먹을까"", ""하다가급"", ""샌드위치가"", ""싶어서"", ""변경"", ""재료들로"", ""만들었는데빵이"", ""두꺼워서"", ""뚠뚠샌디치로"", ""완성"", ""임신"", ""전엔"", ""샌드위치"", ""하나쯤"", ""순삭이었는데이제"", ""반쪽"", ""배불러서"", ""먹질"", ""못하네"", ""저녁"", ""동네"", ""바퀴"", ""돌고"", ""올까"", ""하다가"", ""밤엔"", ""길가에"", ""사람들이"", ""없어"", ""혼자"", ""산책"", ""나가지"", ""말라고"", ""계단"", ""타기로"", ""하루"", ""마무리"", ""해가"", ""일찍"", ""저물어"", ""하루가"", ""짧은"", ""느낌이다"", ""샌드위치"", ""샌드위치그램"", ""샌드위치만들기"", ""스팸"", ""계란"", ""계란후라이"", ""야채"", ""샐러드"", ""샐러드맛집"", ""샤인머스캣"", ""샌드위치맛집"", ""빵스타그램"", ""임산부"", ""임산부식단"", ""쿡스타그램"", ""요리스타그램"", ""홈스토랑"", ""온더테이블"", ""홈쿡"", ""집밥"", ""요리"", ""집밥레시피"", ""집밥스타그램"", ""탕미니네집밥""]"
https://www.instagram.com/p/DNAHgDCSl4m/,"생존신고,, 🫡  그자의🥷🏻 휴가로 온 식구 함께 집콕한지 5일째,, 더 이상 설명은 필요 없을 것 같아요,,ㅋㅋㅋ집에 가지랑 애호박이 많아서 두부랑 같이 구워서 소스 올려 먹었어요웜샐러드로 먹어도 맛있고 저처럼 밥이랑 먹어도 맛있어요💚가지랑 애호박은 얇게 썰어 볶듯이 구워주고 두부는 에어프라이어에 굽고 소스는 간장 2, 들기름 3, 올리브오일 1, 간 깨 듬뿍 1, 다진 마늘 1티스푼 섞어서 올려줬어요 ~#집밥#웜샐러드#샐러드#집반찬#점메추#클린식#건강식#다이어트식단#자연식#간편요리#원플레이트#플레이팅#그릇#레시피",집밥;웜샐러드;샐러드;집반찬;점메추;클린식;건강식;다이어트식단;자연식;간편요리;원플레이트;플레이팅;그릇;레시피,생존신고 그자의 휴가로 온 식구 함께 집콕한지 일째 더 이상 설명은 필요 없을 것 같아요 ㅋㅋㅋ집에 가지랑 애호박이 많아서 두부랑 같이 구워서 소스 올려 먹었어요웜샐러드로 먹어도 맛있고 저처럼 밥이랑 먹어도 맛있어요 가지랑 애호박은 얇게 썰어 볶듯이 구워주고 두부는 에어프라이어에 굽고 소스는 간장 들기름 올리브오일 간 깨 듬뿍 다진 마늘 티스푼 섞어서 올려줬어요 #집밥#웜샐러드#샐러드#집반찬#점메추#클린식#건강식#다이어트식단#자연식#간편요리#원플레이트#플레이팅#그릇#레시피,"[""생존신고"", ""그자의"", ""휴가로"", ""식구"", ""함께"", ""집콕한지"", ""일째"", ""이상"", ""설명은"", ""필요"", ""없을"", ""ㅋㅋㅋ집에"", ""가지랑"", ""애호박이"", ""두부랑"", ""구워서"", ""소스"", ""먹었어요웜샐러드로"", ""저처럼"", ""밥이랑"", ""가지랑"", ""애호박은"", ""얇게"", ""썰어"", ""볶듯이"", ""구워주고"", ""두부는"", ""에어프라이어에"", ""굽고"", ""간장"", ""들기름"", ""올리브오일"", ""다진"", ""마늘"", ""티스푼"", ""섞어서"", ""올려줬어요""]","[""집밥"", ""웜샐러드"", ""샐러드"", ""집반찬"", ""점메추"", ""클린식"", ""건강식"", ""다이어트식단"", ""자연식"", ""간편요리"", ""원플레이트"", ""플레이팅"", ""레시피""]","[""생존신고"", ""그자의"", ""휴가로"", ""식구"", ""함께"", ""집콕한지"", ""일째"", ""이상"", ""설명은"", ""필요"", ""없을"", ""ㅋㅋㅋ집에"", ""가지랑"", ""애호박이"", ""두부랑"", ""구워서"", ""소스"", ""먹었어요웜샐러드로"", ""저처럼"", ""밥이랑"", ""가지랑"", ""애호박은"", ""얇게"", ""썰어"", ""볶듯이"", ""구워주고"", ""두부는"", ""에어프라이어에"", ""굽고"", ""간장"", ""들기름"", ""올리브오일"", ""다진"", ""마늘"", ""티스푼"", ""섞어서"", ""올려줬어요"", ""집밥"", ""웜샐러드"", ""샐러드"", ""집반찬"", ""점메추"", ""클린식"", ""건강식"", ""다이어트식단"", ""자연식"", ""간편요리"", ""원플레이트"", ""플레이팅"", ""레시피""]"
https://www.instagram.com/p/DPU0OWPD7EF/,".긴긴 휴일 시작~~야채 먼저 채웠으니 아침은 새우아보카도 샐러드.냉동새우 12마리 녹여 등에 칼집 넣고파프리카파우더 1/2t, 소금, 후추, 올리브오일 버무려 노릇하게 굽고 마지막에 매콤하게 크러쉬드페페를 더해 새우구이.샐러드야채에 시나노골드, 토마토, 청무화과, 아보카도, 새우구이 더하고.땅콩버터 1.5T, 레몬1개즙, #108호맛간장 1T, 꿀 1T,  파마산치즈 갈아 2T, 마늘 1알 곱게 갈아주고~~올리브오일 2T넣고 한번만 더 휘리릭갈아 땅콩드레싱을 더한다.밀도의 소금빵 에프에 따뜻하게 데워~**운전조 조심조심 힐링하는 연휴되셔요**...#집밥 #108호샐러드 #108호새우아보카도샐러드 #새우아보카도샐러드 #샐러드",108호맛간장;집밥;108호샐러드;108호새우아보카도샐러드;새우아보카도샐러드;샐러드,긴긴 휴일 시작 야채 먼저 채웠으니 아침은 새우아보카도 샐러드 냉동새우 마리 녹여 등에 칼집 넣고파프리카파우더 소금 후추 올리브오일 버무려 노릇하게 굽고 마지막에 매콤하게 크러쉬드페페를 더해 새우구이 샐러드야채에 시나노골드 토마토 청무화과 아보카도 새우구이 더하고 땅콩버터 레몬 개즙 # 호맛간장 꿀 파마산치즈 갈아 마늘 알 곱게 갈아주고 올리브오일 넣고 한번만 더 휘리릭갈아 땅콩드레싱을 더한다 밀도의 소금빵 에프에 따뜻하게 데워 운전조 조심조심 힐링하는 연휴되셔요 #집밥 # 호샐러드 # 호새우아보카도샐러드 #새우아보카도샐러드 #샐러드,"[""긴긴"", ""휴일"", ""시작"", ""야채"", ""채웠으니"", ""아침은"", ""새우아보카도"", ""샐러드"", ""냉동새우"", ""마리"", ""녹여"", ""등에"", ""칼집"", ""넣고파프리카파우더"", ""소금"", ""후추"", ""올리브오일"", ""버무려"", ""노릇하게"", ""굽고"", ""마지막에"", ""매콤하게"", ""크러쉬드페페를"", ""더해"", ""새우구이"", ""샐러드야채에"", ""시나노골드"", ""토마토"", ""청무화과"", ""아보카도"", ""새우구이"", ""더하고"", ""땅콩버터"", ""레몬"", ""개즙"", ""호맛간장"", ""파마산치즈"", ""갈아"", ""마늘"", ""곱게"", ""갈아주고"", ""올리브오일"", ""한번만"", ""휘리릭갈아"", ""땅콩드레싱을"", ""더한다"", ""밀도의"", ""소금빵"", ""에프에"", ""따뜻하게"", ""데워"", ""운전조"", ""조심조심"", ""힐링하는"", ""연휴되셔요"", ""호샐러드"", ""호새우아보카도샐러드""]","[""호맛간장"", ""집밥"", ""호샐러드"", ""호새우아보카도샐러드"", ""새우아보카도샐러드"", ""샐러드""]","[""긴긴"", ""휴일"", ""시작"", ""야채"", ""채웠으니"", ""아침은"", ""새우아보카도"", ""샐러드"", ""냉동새우"", ""마리"", ""녹여"", ""등에"", ""칼집"", ""넣고파프리카파우더"", ""소금"", ""후추"", ""올리브오일"", ""버무려"", ""노릇하게"", ""굽고"", ""마지막에"", ""매콤하게"", ""크러쉬드페페를"", ""더해"", ""새우구이"", ""샐러드야채에"", ""시나노골드"", ""토마토"", ""청무화과"", ""아보카도"", ""새우구이"", ""더하고"", ""땅콩버터"", ""레몬"", ""개즙"", ""호맛간장"", ""파마산치즈"", ""갈아"", ""마늘"", ""곱게"", ""갈아주고"", ""올리브오일"", ""한번만"", ""휘리릭갈아"", ""땅콩드레싱을"", ""더한다"", ""밀도의"", ""소금빵"", ""에프에"", ""따뜻하게"", ""데워"", ""운전조"", ""조심조심"", ""힐링하는"", ""연휴되셔요"", ""호샐러드"", ""호새우아보카도샐러드"", ""호맛간장"", ""집밥"", ""호샐러드"", ""호새우아보카도샐러드"", ""새우아보카도샐러드"", ""샐러드""]"
https://www.instagram.com/p/DQIqF-cj1EB/,#20251023 #카레 #부추김치 #멸치볶음 #샐러드,20251023;카레;부추김치;멸치볶음;샐러드,# #카레 #부추김치 #멸치볶음 #샐러드,[],"[""카레"", ""부추김치"", ""멸치볶음"", ""샐러드""]","[""카레"", ""부추김치"", ""멸치볶음"", ""샐러드""]"
https://www.instagram.com/p/DQG6RqjEppY/,"치맛살 스테이크 샐러드퇴근 후, 빠르게 야채 썰고 고기 굽기 🍖 삶은 달걀, 버터감자, 방토 곁들여서 저녁먹기 🍴#식사일기 #퇴근후식사 #직장인저녁식사 #샐러드",식사일기;퇴근후식사;직장인저녁식사;샐러드,치맛살 스테이크 샐러드퇴근 후 빠르게 야채 썰고 고기 굽기 삶은 달걀 버터감자 방토 곁들여서 저녁먹기 #식사일기 #퇴근후식사 #직장인저녁식사 #샐러드,"[""치맛살"", ""스테이크"", ""샐러드퇴근"", ""빠르게"", ""야채"", ""썰고"", ""고기"", ""굽기"", ""달걀"", ""버터감자"", ""방토"", ""곁들여서"", ""저녁먹기""]","[""식사일기"", ""퇴근후식사"", ""직장인저녁식사"", ""샐러드""]","[""치맛살"", ""스테이크"", ""샐러드퇴근"", ""빠르게"", ""야채"", ""썰고"", ""고기"", ""굽기"", ""달걀"", ""버터감자"", ""방토"", ""곁들여서"", ""저녁먹기"", ""식사일기"", ""퇴근후식사"", ""직장인저녁식사"", ""샐러드""]"
https://www.instagram.com/p/DQGT6nbky_2/c/17865105645474646/,.주문주셔서 감사합니댜 🍅🍇🍊맛있게 드시고 즐거운 하루 되세요,,주문주셔서 감사합니댜 맛있게 드시고 즐거운 하루 되세요,"[""주문주셔서"", ""감사합니댜"", ""드시고"", ""즐거운"", ""하루"", ""되세요""]","[""주문주셔서"", ""감사합니댜"", ""드시고"", ""즐거운"", ""하루"", ""되세요""]","[""주문주셔서"", ""감사합니댜"", ""드시고"", ""즐거운"", ""하루"", ""되세요"", ""주문주셔서"", ""감사합니댜"", ""드시고"", ""즐거운"", ""하루"", ""되세요""]"
https://www.instagram.com/p/DQIZrAZkzNv/,"우리매장 1등 샌드위치🥪 ”케이준치킨 샌드위치“> 달리는커피 장산역점 <매일 open 8:00 ~ last order 20:00- 매일 손질한 야채- 주문 즉시 조리- 실속 있는 양, 합리적인 가격단체주문, 예약주문 가능합니다:)051.704.6834#샌드위치 #샐러드 #라이스볼 #포케 #토스트 #파니니 #해운대 #장산역 #카페 #단체주문 #단체주문환영🙆🏻‍♀️🙆🏻🙆🏻‍♂️",샌드위치;샐러드;라이스볼;포케;토스트;파니니;해운대;장산역;카페;단체주문;단체주문환영🙆🏻,우리매장 등 샌드위치 케이준치킨 샌드위치 달리는커피 장산역점 매일 매일 손질한 야채 주문 즉시 조리 실속 있는 양 합리적인 가격단체주문 예약주문 가능합니다 #샌드위치 #샐러드 #라이스볼 #포케 #토스트 #파니니 #해운대 #장산역 #카페 #단체주문 #단체주문환영,"[""우리매장"", ""샌드위치"", ""케이준치킨"", ""샌드위치"", ""달리는커피"", ""장산역점"", ""매일"", ""매일"", ""손질한"", ""야채"", ""주문"", ""즉시"", ""조리"", ""실속"", ""합리적인"", ""가격단체주문"", ""예약주문""]","[""샌드위치"", ""샐러드"", ""라이스볼"", ""포케"", ""토스트"", ""파니니"", ""해운대"", ""장산역"", ""카페"", ""단체주문환영""]","[""우리매장"", ""샌드위치"", ""케이준치킨"", ""샌드위치"", ""달리는커피"", ""장산역점"", ""매일"", ""매일"", ""손질한"", ""야채"", ""주문"", ""즉시"", ""조리"", ""실속"", ""합리적인"", ""가격단체주문"", ""예약주문"", ""샌드위치"", ""샐러드"", ""라이스볼"", ""포케"", ""토스트"", ""파니니"", ""해운대"", ""장산역"", ""카페"", ""단체주문환영""]"
https://www.instagram.com/p/DQF3SO2E_JI/,"#사먹은거💸 [⭐️]#병원밥 #직원식당 #저녁 #샐러드_• 직원식당 : 5,000원",사먹은거💸;병원밥;직원식당;저녁;샐러드,#사먹은거 #병원밥 #직원식당 #저녁 #샐러드 직원식당 원,"[""직원식당""]","[""사먹은거"", ""병원밥"", ""직원식당"", ""저녁"", ""샐러드""]","[""직원식당"", ""사먹은거"", ""병원밥"", ""직원식당"", ""저녁"", ""샐러드""]"
https://www.instagram.com/p/DQJQWOgE8hu/,"2025.10.23 목요일 석식한식코너에서는 #불낙전골 #돈민찌두부조림 #궁채절임 #건새우마늘쫑볶음 #기장밥 #포기김치를 제공하였습니다.양식코너에서는 #치킨피카타를 제공하였습니다.비건 코너에서는 #두부피카타를 제공하였습니다.#샐러드 #오이🥒#샐러리 #파프리카 #양상추 #석류배샐러드 #오렌지 #방울토마토#드링크바 #우유🥛 #두유🥛 #둥글레차📍 한식, 양식, 샐러드바 모두 이용 가능하니 편하게 이용 부탁드립니다. 맛있게 드세요😊",불낙전골;돈민찌두부조림;궁채절임;건새우마늘쫑볶음;기장밥;포기김치를;치킨피카타를;두부피카타를;샐러드;오이;샐러리;파프리카;양상추;석류배샐러드;오렌지;방울토마토;드링크바;우유;두유;둥글레차,목요일 석식한식코너에서는 #불낙전골 #돈민찌두부조림 #궁채절임 #건새우마늘쫑볶음 #기장밥 #포기김치를 제공하였습니다 양식코너에서는 #치킨피카타를 제공하였습니다 비건 코너에서는 #두부피카타를 제공하였습니다 #샐러드 #오이 #샐러리 #파프리카 #양상추 #석류배샐러드 #오렌지 #방울토마토#드링크바 #우유 #두유 #둥글레차 한식 양식 샐러드바 모두 이용 가능하니 편하게 이용 부탁드립니다 맛있게 드세요,"[""목요일"", ""석식한식코너에서는"", ""제공하였습니다"", ""양식코너에서는"", ""제공하였습니다"", ""비건"", ""코너에서는"", ""제공하였습니다"", ""한식"", ""양식"", ""샐러드바"", ""편하게""]","[""불낙전골"", ""돈민찌두부조림"", ""궁채절임"", ""건새우마늘쫑볶음"", ""기장밥"", ""포기김치를"", ""치킨피카타를"", ""두부피카타를"", ""샐러드"", ""오이"", ""샐러리"", ""파프리카"", ""양상추"", ""석류배샐러드"", ""오렌지"", ""방울토마토"", ""드링크바"", ""우유"", ""두유"", ""둥글레차""]","[""목요일"", ""석식한식코너에서는"", ""제공하였습니다"", ""양식코너에서는"", ""제공하였습니다"", ""비건"", ""코너에서는"", ""제공하였습니다"", ""한식"", ""양식"", ""샐러드바"", ""편하게"", ""불낙전골"", ""돈민찌두부조림"", ""궁채절임"", ""건새우마늘쫑볶음"", ""기장밥"", ""포기김치를"", ""치킨피카타를"", ""두부피카타를"", ""샐러드"", ""오이"", ""샐러리"", ""파프리카"", ""양상추"", ""석류배샐러드"", ""오렌지"", ""방울토마토"", ""드링크바"", ""우유"", ""두유"", ""둥글레차""]"
https://www.instagram.com/p/DQIxAYJAXwN/,살빠지는 식단.. 일케 배부르게 먹는디 300칼로리!밥은 넘 배불러서 남김!#살빠지는식단#살빠지는도시락#점심메뉴#닭가슴살양배추쌈#굽네닭가슴살#삶은달걀 #샐러드#스노우크랩킹#파로밥#서리태콩밥,살빠지는식단;살빠지는도시락;점심메뉴;닭가슴살양배추쌈;굽네닭가슴살;삶은달걀;샐러드;스노우크랩킹;파로밥;서리태콩밥,살빠지는 식단 일케 배부르게 먹는디 칼로리 밥은 넘 배불러서 남김 #살빠지는식단#살빠지는도시락#점심메뉴#닭가슴살양배추쌈#굽네닭가슴살#삶은달걀 #샐러드#스노우크랩킹#파로밥#서리태콩밥,"[""살빠지는"", ""식단"", ""일케"", ""배부르게"", ""먹는디"", ""칼로리"", ""밥은"", ""배불러서"", ""남김""]","[""살빠지는식단"", ""살빠지는도시락"", ""점심메뉴"", ""닭가슴살양배추쌈"", ""굽네닭가슴살"", ""삶은달걀"", ""샐러드"", ""스노우크랩킹"", ""파로밥"", ""서리태콩밥""]","[""살빠지는"", ""식단"", ""일케"", ""배부르게"", ""먹는디"", ""칼로리"", ""밥은"", ""배불러서"", ""남김"", ""살빠지는식단"", ""살빠지는도시락"", ""점심메뉴"", ""닭가슴살양배추쌈"", ""굽네닭가슴살"", ""삶은달걀"", ""샐러드"", ""스노우크랩킹"", ""파로밥"", ""서리태콩밥""]"
https://www.instagram.com/p/DQA3b6FEoun/,#오늘의메뉴 #훈제오리구이 #참치계란말이 #순살돈까스 #비빔막국수 #감귤#샐러드 #유부초밥 #과일#닭가슴살 샐러드 #훈제오리 샐러드 #오늘의샐러드#설프도시락#7.500원#가산동#구내식당 #가산디지털단지역 #한식뷔페 # 영양사 # 아이스크림 #샐러드 #음료#메뉴#맛집#라면#단체급식,오늘의메뉴;훈제오리구이;참치계란말이;순살돈까스;비빔막국수;감귤;샐러드;유부초밥;과일;닭가슴살;훈제오리;오늘의샐러드;설프도시락;7;가산동;구내식당;가산디지털단지역;한식뷔페;음료;메뉴;맛집;라면;단체급식,#오늘의메뉴 #훈제오리구이 #참치계란말이 #순살돈까스 #비빔막국수 #감귤#샐러드 #유부초밥 #과일#닭가슴살 샐러드 #훈제오리 샐러드 #오늘의샐러드#설프도시락# 원#가산동#구내식당 #가산디지털단지역 #한식뷔페 # 영양사 # 아이스크림 #샐러드 #음료#메뉴#맛집#라면#단체급식,"[""샐러드"", ""샐러드"", ""영양사"", ""아이스크림""]","[""오늘의메뉴"", ""훈제오리구이"", ""참치계란말이"", ""순살돈까스"", ""비빔막국수"", ""감귤"", ""샐러드"", ""유부초밥"", ""과일"", ""닭가슴살"", ""훈제오리"", ""오늘의샐러드"", ""설프도시락"", ""가산동"", ""구내식당"", ""가산디지털단지역"", ""한식뷔페"", ""음료"", ""맛집"", ""라면"", ""단체급식""]","[""샐러드"", ""샐러드"", ""영양사"", ""아이스크림"", ""오늘의메뉴"", ""훈제오리구이"", ""참치계란말이"", ""순살돈까스"", ""비빔막국수"", ""감귤"", ""샐러드"", ""유부초밥"", ""과일"", ""닭가슴살"", ""훈제오리"", ""오늘의샐러드"", ""설프도시락"", ""가산동"", ""구내식당"", ""가산디지털단지역"", ""한식뷔페"", ""음료"", ""맛집"", ""라면"", ""단체급식""]"
https://www.instagram.com/p/DQG-T2jjzG6/c/17859891504455760/,SAUCIT의 7가지 소스를 소개합니다.(쌈장마요)한국의 쌈장을 현대적으로 해석한 코리안 특제 소스 익숙하지만 특별한 쌈장의 맛을 느껴보세요.BOLDSAUCEBOLDERFLAVORS,,의 가지 소스를 소개합니다 쌈장마요 한국의 쌈장을 현대적으로 해석한 코리안 특제 소스 익숙하지만 특별한 쌈장의 맛을 느껴보세요,"[""소스를"", ""쌈장마요"", ""한국의"", ""쌈장을"", ""현대적으로"", ""해석한"", ""코리안"", ""특제"", ""소스"", ""익숙하지만"", ""쌈장의"", ""느껴보세요""]","[""소스를"", ""쌈장마요"", ""한국의"", ""쌈장을"", ""현대적으로"", ""해석한"", ""코리안"", ""특제"", ""소스"", ""익숙하지만"", ""쌈장의"", ""느껴보세요""]","[""소스를"", ""쌈장마요"", ""한국의"", ""쌈장을"", ""현대적으로"", ""해석한"", ""코리안"", ""특제"", ""소스"", ""익숙하지만"", ""쌈장의"", ""느껴보세요"", ""소스를"", ""쌈장마요"", ""한국의"", ""쌈장을"", ""현대적으로"", ""해석한"", ""코리안"", ""특제"", ""소스"", ""익숙하지만"", ""쌈장의"", ""느껴보세요""]"
https://www.instagram.com/p/DQGsyS5kWUV/,건강을 위한 저녁밥유튜브에서는 엄~~청 맛있다더니...😑솜씨가 없는지...못 먹을 정도는 아님.😝#샐러드,샐러드,건강을 위한 저녁밥유튜브에서는 엄 청 맛있다더니 솜씨가 없는지 못 먹을 정도는 아님 #샐러드,"[""저녁밥유튜브에서는"", ""맛있다더니"", ""솜씨가"", ""없는지"", ""정도는"", ""아님""]","[""샐러드""]","[""저녁밥유튜브에서는"", ""맛있다더니"", ""솜씨가"", ""없는지"", ""정도는"", ""아님"", ""샐러드""]"
https://www.instagram.com/p/DQJBHnQD6d6/,"#오늘점심 #제품제공 #후에르타로스까뇨스 #엑스트라버진올리브오일 #아보카도올리브유샌드워치 #래디쉬루꼴라샐러드 오늘 점심으로 샌드위치가 너무 먹고싶었어요. 왜냐면! 집에 너무 잘 익은 아보카도가 있거든요😄마침!! 정말정말 질좋은 올리브오일을 선물받기도 했구요!😉바로 (이름이 쪼금 어려운데 한숨에 말해야 있어보임)#후에르타로스까뇨스유기농엑스트라버진올리브오일 !!!!🫒뜯는 순간 마치!! 비내리는 정원에 있는듯 풋풋한 풀향기가🌱 물씬 풍겨와 깜짝 놀랐어요!! 이런향의 올리브유를 만난적이 없는것 같아서요.집에서 먹는 올리브유도 나름 고르고 골라 구입한 냉압착 유기농 올리브유인데 이런향은 안나거든요.후에르타로스까뇨스 올리브오일은 스페인 알달루시아 지방에서 재배되는 ‘피구알’품종의 햇올리브를 냉추출공법으로 추출해 올리브의 향과 영양을 그대로 담고있어요.그래서 그냥 먹으면 진한 풀향기에 칼칼한 느낌이 나더라구요. 전 약간의 과일향도 느꼈어요. 팬에 올리브유 살짝 두르고 빵반갈해서 노릇하게 구운후 잘익은 아보카도 슬라이스 듬뿍 올리고 핑크솔트(톡쏘는 맛이 좋아 드레싱에 주로이용함), 후추갈갈하고 올리브유를 콜콜 뿌려서 반숙후라이 올려 노른자터트려 같이 먹으니 정말 고소짭짤 풍미 장난아니에요😍😍😍래디쉬, 브리치즈, 토마토, 루꼴라넣은 샐러드에는 올리브유, 화이트발사믹, 소금, 후추넣은 드레싱 뿌려줬습니다. 드레싱으로 소금후추만 뿌려서 먹어도 너무 맛있는 올리브유이지만 공복에 먹는게 항염, 항산화에 좋다고 해서 아침에 한스푼씩 먹어보려고 해요!요즘 몸이 자꾸 여기저기 아픈게 염증수치도 높아진거 같고… 안빼먹고 열심히 먹어서 꼭 효과를 보기를😍오늘 점심도 잘 먹었습니다😘........#TREEAZ #올리브오일추천 #올리브유 #홈쿡 #브런치 #브런치메뉴 #점심메뉴 #점메추 #샐러드 #쵸쵸씨테이블",오늘점심;제품제공;후에르타로스까뇨스;엑스트라버진올리브오일;아보카도올리브유샌드워치;래디쉬루꼴라샐러드;후에르타로스까뇨스유기농엑스트라버진올리브오일;TREEAZ;올리브오일추천;올리브유;홈쿡;브런치;브런치메뉴;점심메뉴;점메추;샐러드;쵸쵸씨테이블,#오늘점심 #제품제공 #후에르타로스까뇨스 #엑스트라버진올리브오일 #아보카도올리브유샌드워치 #래디쉬루꼴라샐러드 오늘 점심으로 샌드위치가 너무 먹고싶었어요 왜냐면 집에 너무 잘 익은 아보카도가 있거든요 마침 정말정말 질좋은 올리브오일을 선물받기도 했구요 바로 이름이 쪼금 어려운데 한숨에 말해야 있어보임 #후에르타로스까뇨스유기농엑스트라버진올리브오일 뜯는 순간 마치 비내리는 정원에 있는듯 풋풋한 풀향기가 물씬 풍겨와 깜짝 놀랐어요 이런향의 올리브유를 만난적이 없는것 같아서요 집에서 먹는 올리브유도 나름 고르고 골라 구입한 냉압착 유기농 올리브유인데 이런향은 안나거든요 후에르타로스까뇨스 올리브오일은 스페인 알달루시아 지방에서 재배되는 피구알 품종의 햇올리브를 냉추출공법으로 추출해 올리브의 향과 영양을 그대로 담고있어요 그래서 그냥 먹으면 진한 풀향기에 칼칼한 느낌이 나더라구요 전 약간의 과일향도 느꼈어요 팬에 올리브유 살짝 두르고 빵반갈해서 노릇하게 구운후 잘익은 아보카도 슬라이스 듬뿍 올리고 핑크솔트 톡쏘는 맛이 좋아 드레싱에 주로이용함 후추갈갈하고 올리브유를 콜콜 뿌려서 반숙후라이 올려 노른자터트려 같이 먹으니 정말 고소짭짤 풍미 장난아니에요 래디쉬 브리치즈 토마토 루꼴라넣은 샐러드에는 올리브유 화이트발사믹 소금 후추넣은 드레싱 뿌려줬습니다 드레싱으로 소금후추만 뿌려서 먹어도 너무 맛있는 올리브유이지만 공복에 먹는게 항염 항산화에 좋다고 해서 아침에 한스푼씩 먹어보려고 해요 요즘 몸이 자꾸 여기저기 아픈게 염증수치도 높아진거 같고 안빼먹고 열심히 먹어서 꼭 효과를 보기를 오늘 점심도 잘 먹었습니다 # #올리브오일추천 #올리브유 #홈쿡 #브런치 #브런치메뉴 #점심메뉴 #점메추 #샐러드 #쵸쵸씨테이블,"[""점심으로"", ""샌드위치가"", ""먹고싶었어요"", ""왜냐면"", ""익은"", ""아보카도가"", ""있거든요"", ""마침"", ""정말정말"", ""질좋은"", ""올리브오일을"", ""선물받기도"", ""했구요"", ""이름이"", ""쪼금"", ""어려운데"", ""한숨에"", ""말해야"", ""있어보임"", ""뜯는"", ""순간"", ""마치"", ""비내리는"", ""정원에"", ""있는듯"", ""풋풋한"", ""풀향기가"", ""물씬"", ""풍겨와"", ""깜짝"", ""놀랐어요"", ""이런향의"", ""올리브유를"", ""만난적이"", ""없는것"", ""같아서요"", ""집에서"", ""올리브유도"", ""나름"", ""고르고"", ""골라"", ""구입한"", ""냉압착"", ""유기농"", ""올리브유인데"", ""이런향은"", ""안나거든요"", ""후에르타로스까뇨스"", ""올리브오일은"", ""스페인"", ""알달루시아"", ""지방에서"", ""재배되는"", ""피구알"", ""품종의"", ""햇올리브를"", ""냉추출공법으로"", ""추출해"", ""올리브의"", ""향과"", ""영양을"", ""담고있어요"", ""풀향기에"", ""칼칼한"", ""느낌이"", ""나더라구요"", ""약간의"", ""과일향도"", ""느꼈어요"", ""팬에"", ""올리브유"", ""두르고"", ""빵반갈해서"", ""노릇하게"", ""구운후"", ""잘익은"", ""아보카도"", ""슬라이스"", ""핑크솔트"", ""톡쏘는"", ""좋아"", ""드레싱에"", ""주로이용함"", ""후추갈갈하고"", ""올리브유를"", ""콜콜"", ""뿌려서"", ""반숙후라이"", ""노른자터트려"", ""고소짭짤"", ""풍미"", ""장난아니에요"", ""래디쉬"", ""브리치즈"", ""토마토"", ""루꼴라넣은"", ""샐러드에는"", ""올리브유"", ""화이트발사믹"", ""소금"", ""후추넣은"", ""드레싱"", ""뿌려줬습니다"", ""드레싱으로"", ""소금후추만"", ""뿌려서"", ""올리브유이지만"", ""공복에"", ""먹는게"", ""항염"", ""항산화에"", ""좋다고"", ""아침에"", ""한스푼씩"", ""먹어보려고"", ""몸이"", ""자꾸"", ""여기저기"", ""아픈게"", ""염증수치도"", ""높아진거"", ""같고"", ""안빼먹고"", ""열심히"", ""먹어서"", ""효과를"", ""보기를"", ""점심도"", ""먹었습니다""]","[""오늘점심"", ""제품제공"", ""후에르타로스까뇨스"", ""엑스트라버진올리브오일"", ""아보카도올리브유샌드워치"", ""래디쉬루꼴라샐러드"", ""후에르타로스까뇨스유기농엑스트라버진올리브오일"", ""올리브오일추천"", ""올리브유"", ""홈쿡"", ""브런치"", ""브런치메뉴"", ""점심메뉴"", ""점메추"", ""샐러드"", ""쵸쵸씨테이블""]","[""점심으로"", ""샌드위치가"", ""먹고싶었어요"", ""왜냐면"", ""익은"", ""아보카도가"", ""있거든요"", ""마침"", ""정말정말"", ""질좋은"", ""올리브오일을"", ""선물받기도"", ""했구요"", ""이름이"", ""쪼금"", ""어려운데"", ""한숨에"", ""말해야"", ""있어보임"", ""뜯는"", ""순간"", ""마치"", ""비내리는"", ""정원에"", ""있는듯"", ""풋풋한"", ""풀향기가"", ""물씬"", ""풍겨와"", ""깜짝"", ""놀랐어요"", ""이런향의"", ""올리브유를"", ""만난적이"", ""없는것"", ""같아서요"", ""집에서"", ""올리브유도"", ""나름"", ""고르고"", ""골라"", ""구입한"", ""냉압착"", ""유기농"", ""올리브유인데"", ""이런향은"", ""안나거든요"", ""후에르타로스까뇨스"", ""올리브오일은"", ""스페인"", ""알달루시아"", ""지방에서"", ""재배되는"", ""피구알"", ""품종의"", ""햇올리브를"", ""냉추출공법으로"", ""추출해"", ""올리브의"", ""향과"", ""영양을"", ""담고있어요"", ""풀향기에"", ""칼칼한"", ""느낌이"", ""나더라구요"", ""약간의"", ""과일향도"", ""느꼈어요"", ""팬에"", ""올리브유"", ""두르고"", ""빵반갈해서"", ""노릇하게"", ""구운후"", ""잘익은"", ""아보카도"", ""슬라이스"", ""핑크솔트"", ""톡쏘는"", ""좋아"", ""드레싱에"", ""주로이용함"", ""후추갈갈하고"", ""올리브유를"", ""콜콜"", ""뿌려서"", ""반숙후라이"", ""노른자터트려"", ""고소짭짤"", ""풍미"", ""장난아니에요"", ""래디쉬"", ""브리치즈"", ""토마토"", ""루꼴라넣은"", ""샐러드에는"", ""올리브유"", ""화이트발사믹"", ""소금"", ""후추넣은"", ""드레싱"", ""뿌려줬습니다"", ""드레싱으로"", ""소금후추만"", ""뿌려서"", ""올리브유이지만"", ""공복에"", ""먹는게"", ""항염"", ""항산화에"", ""좋다고"", ""아침에"", ""한스푼씩"", ""먹어보려고"", ""몸이"", ""자꾸"", ""여기저기"", ""아픈게"", ""염증수치도"", ""높아진거"", ""같고"", ""안빼먹고"", ""열심히"", ""먹어서"", ""효과를"", ""보기를"", ""점심도"", ""먹었습니다"", ""오늘점심"", ""제품제공"", ""후에르타로스까뇨스"", ""엑스트라버진올리브오일"", ""아보카도올리브유샌드워치"", ""래디쉬루꼴라샐러드"", ""후에르타로스까뇨스유기농엑스트라버진올리브오일"", ""올리브오일추천"", ""올리브유"", ""홈쿡"", ""브런치"", ""브런치메뉴"", ""점심메뉴"", ""점메추"", ""샐러드"", ""쵸쵸씨테이블""]"
https://www.instagram.com/p/DQA4DOQCG0f/,"샐러드 만들었는데 또 빵이 빠질 수 없어서 굽고단백질 부족한거 같아서 계란감바스같은 후라이 했는데그냥 많이 먹은 사람이 됐어요. 😂 주말에 미뤄뒀던 집안일(에어컨청소, 옷방정리, 이불교체 등등) 드뎌 했는데요, 안했으면 큰일날뻔요.이렇게 급추워질줄이야...감기 조심하셔요~",,샐러드 만들었는데 또 빵이 빠질 수 없어서 굽고단백질 부족한거 같아서 계란감바스같은 후라이 했는데그냥 많이 먹은 사람이 됐어요 주말에 미뤄뒀던 집안일 에어컨청소 옷방정리 이불교체 등등 드뎌 했는데요 안했으면 큰일날뻔요 이렇게 급추워질줄이야 감기 조심하셔요,"[""샐러드"", ""빵이"", ""빠질"", ""없어서"", ""굽고단백질"", ""부족한거"", ""같아서"", ""계란감바스같은"", ""후라이"", ""했는데그냥"", ""사람이"", ""됐어요"", ""미뤄뒀던"", ""집안일"", ""에어컨청소"", ""옷방정리"", ""이불교체"", ""등등"", ""드뎌"", ""했는데요"", ""안했으면"", ""큰일날뻔요"", ""급추워질줄이야"", ""감기"", ""조심하셔요""]","[""샐러드"", ""빵이"", ""빠질"", ""없어서"", ""굽고단백질"", ""부족한거"", ""같아서"", ""계란감바스같은"", ""후라이"", ""했는데그냥"", ""사람이"", ""됐어요"", ""미뤄뒀던"", ""집안일"", ""에어컨청소"", ""옷방정리"", ""이불교체"", ""등등"", ""드뎌"", ""했는데요"", ""안했으면"", ""큰일날뻔요"", ""급추워질줄이야"", ""감기"", ""조심하셔요""]","[""샐러드"", ""빵이"", ""빠질"", ""없어서"", ""굽고단백질"", ""부족한거"", ""같아서"", ""계란감바스같은"", ""후라이"", ""했는데그냥"", ""사람이"", ""됐어요"", ""미뤄뒀던"", ""집안일"", ""에어컨청소"", ""옷방정리"", ""이불교체"", ""등등"", ""드뎌"", ""했는데요"", ""안했으면"", ""큰일날뻔요"", ""급추워질줄이야"", ""감기"", ""조심하셔요"", ""샐러드"", ""빵이"", ""빠질"", ""없어서"", ""굽고단백질"", ""부족한거"", ""같아서"", ""계란감바스같은"", ""후라이"", ""했는데그냥"", ""사람이"", ""됐어요"", ""미뤄뒀던"", ""집안일"", ""에어컨청소"", ""옷방정리"", ""이불교체"", ""등등"", ""드뎌"", ""했는데요"", ""안했으면"", ""큰일날뻔요"", ""급추워질줄이야"", ""감기"", ""조심하셔요""]"
https://www.instagram.com/p/DPfakILj9DQ/,#제품제공 #명절휴유증 긴긴 연휴 양가방문으로 살찌우는 중이에요😄맛있게 먹었지만 어젯 밤부터는 샐러드가 먹고 싶어졌어요.상큼한 것만 먹고 싶은 마음에365일 샐러드만 먹고도 살 수 있을 것 같네요🥗GOCCE 고쎄 콘디멘토 로제 발사믹식초와올리브오일만 뿌려 먹었었던 적금샷 샐러드가 너무 그리운 날이에요.명절 지나고 집에가면 관리 들어가야겠어요! @treeaz_namuzon 발사믹식초로 유명한 레오나르디의 새로운 브랜드고쎄의 로제 발사믹식초는 다른 재료없이식초만 뿌려도 상큼해서 맛있더라고요.새콤과 달콤의 밸런스가 좋아서 탄산수에 타먹어도먹기 좋은 발사믹식초에요 😊#TREEAZ #고쎄콘디멘토 #로제발사믹식초 #발사믹식초추천 #발사믹식초 #샐러드 #아침식단 #집밥 #집밥스타그램 #오늘뭐먹지-,제품제공;명절휴유증;TREEAZ;고쎄콘디멘토;로제발사믹식초;발사믹식초추천;발사믹식초;샐러드;아침식단;집밥;집밥스타그램;오늘뭐먹지,#제품제공 #명절휴유증 긴긴 연휴 양가방문으로 살찌우는 중이에요 맛있게 먹었지만 어젯 밤부터는 샐러드가 먹고 싶어졌어요 상큼한 것만 먹고 싶은 마음에 일 샐러드만 먹고도 살 수 있을 것 같네요 고쎄 콘디멘토 로제 발사믹식초와올리브오일만 뿌려 먹었었던 적금샷 샐러드가 너무 그리운 날이에요 명절 지나고 집에가면 관리 들어가야겠어요 발사믹식초로 유명한 레오나르디의 새로운 브랜드고쎄의 로제 발사믹식초는 다른 재료없이식초만 뿌려도 상큼해서 맛있더라고요 새콤과 달콤의 밸런스가 좋아서 탄산수에 타먹어도먹기 좋은 발사믹식초에요 # #고쎄콘디멘토 #로제발사믹식초 #발사믹식초추천 #발사믹식초 #샐러드 #아침식단 #집밥 #집밥스타그램 #오늘뭐먹지,"[""긴긴"", ""양가방문으로"", ""살찌우는"", ""중이에요"", ""먹었지만"", ""어젯"", ""밤부터는"", ""샐러드가"", ""싶어졌어요"", ""상큼한"", ""것만"", ""마음에"", ""샐러드만"", ""먹고도"", ""있을"", ""같네요"", ""고쎄"", ""콘디멘토"", ""로제"", ""발사믹식초와올리브오일만"", ""뿌려"", ""먹었었던"", ""적금샷"", ""샐러드가"", ""그리운"", ""날이에요"", ""명절"", ""지나고"", ""집에가면"", ""관리"", ""들어가야겠어요"", ""발사믹식초로"", ""유명한"", ""레오나르디의"", ""브랜드고쎄의"", ""로제"", ""발사믹식초는"", ""재료없이식초만"", ""뿌려도"", ""상큼해서"", ""맛있더라고요"", ""새콤과"", ""달콤의"", ""밸런스가"", ""좋아서"", ""탄산수에"", ""타먹어도먹기"", ""발사믹식초에요""]","[""제품제공"", ""명절휴유증"", ""고쎄콘디멘토"", ""로제발사믹식초"", ""발사믹식초추천"", ""발사믹식초"", ""샐러드"", ""아침식단"", ""집밥"", ""집밥스타그램"", ""오늘뭐먹지""]","[""긴긴"", ""양가방문으로"", ""살찌우는"", ""중이에요"", ""먹었지만"", ""어젯"", ""밤부터는"", ""샐러드가"", ""싶어졌어요"", ""상큼한"", ""것만"", ""마음에"", ""샐러드만"", ""먹고도"", ""있을"", ""같네요"", ""고쎄"", ""콘디멘토"", ""로제"", ""발사믹식초와올리브오일만"", ""뿌려"", ""먹었었던"", ""적금샷"", ""샐러드가"", ""그리운"", ""날이에요"", ""명절"", ""지나고"", ""집에가면"", ""관리"", ""들어가야겠어요"", ""발사믹식초로"", ""유명한"", ""레오나르디의"", ""브랜드고쎄의"", ""로제"", ""발사믹식초는"", ""재료없이식초만"", ""뿌려도"", ""상큼해서"", ""맛있더라고요"", ""새콤과"", ""달콤의"", ""밸런스가"", ""좋아서"", ""탄산수에"", ""타먹어도먹기"", ""발사믹식초에요"", ""제품제공"", ""명절휴유증"", ""고쎄콘디멘토"", ""로제발사믹식초"", ""발사믹식초추천"", ""발사믹식초"", ""샐러드"", ""아침식단"", ""집밥"", ""집밥스타그램"", ""오늘뭐먹지""]"
https://www.instagram.com/p/DP9AhNHEeUz/c/18380935912180748/,"인스타는 짧게라도, 하루하루 일기처럼 남기려 합니다. 신기하게도 그 오랜 시간의 꾸준함을 많은 분들이 보고 느끼시더라고요. 저는 하루가 빡빡하고, 바쁘고, 힘든 날일수록 오히려 조금 더 정성스레 글을 남깁니다. 아마 그 순간만큼은 기록이 제 쉼이 되는 것 같습니다. 몇 년씩 지켜봐 주신 분들이 많아 가족끼리 만나서도 우연히 이곳 이야기가 오간다는 걸 들었을 때, 참 놀랍습니다. 꾸준함의 힘은 분명히 있습니다. 앞으로도 아마 10년은 더, 이렇게 매일 기록할 것 같습니다💛",,인스타는 짧게라도 하루하루 일기처럼 남기려 합니다 신기하게도 그 오랜 시간의 꾸준함을 많은 분들이 보고 느끼시더라고요 저는 하루가 빡빡하고 바쁘고 힘든 날일수록 오히려 조금 더 정성스레 글을 남깁니다 아마 그 순간만큼은 기록이 제 쉼이 되는 것 같습니다 몇 년씩 지켜봐 주신 분들이 많아 가족끼리 만나서도 우연히 이곳 이야기가 오간다는 걸 들었을 때 참 놀랍습니다 꾸준함의 힘은 분명히 있습니다 앞으로도 아마 년은 더 이렇게 매일 기록할 것 같습니다,"[""인스타는"", ""짧게라도"", ""하루하루"", ""일기처럼"", ""남기려"", ""신기하게도"", ""오랜"", ""시간의"", ""꾸준함을"", ""분들이"", ""느끼시더라고요"", ""하루가"", ""빡빡하고"", ""바쁘고"", ""힘든"", ""날일수록"", ""오히려"", ""정성스레"", ""글을"", ""남깁니다"", ""아마"", ""순간만큼은"", ""기록이"", ""쉼이"", ""같습니다"", ""년씩"", ""지켜봐"", ""주신"", ""분들이"", ""가족끼리"", ""만나서도"", ""우연히"", ""이곳"", ""이야기가"", ""오간다는"", ""들었을"", ""놀랍습니다"", ""꾸준함의"", ""힘은"", ""분명히"", ""앞으로도"", ""아마"", ""년은"", ""매일"", ""기록할"", ""같습니다""]","[""인스타는"", ""짧게라도"", ""하루하루"", ""일기처럼"", ""남기려"", ""신기하게도"", ""오랜"", ""시간의"", ""꾸준함을"", ""분들이"", ""느끼시더라고요"", ""하루가"", ""빡빡하고"", ""바쁘고"", ""힘든"", ""날일수록"", ""오히려"", ""정성스레"", ""글을"", ""남깁니다"", ""아마"", ""순간만큼은"", ""기록이"", ""쉼이"", ""같습니다"", ""년씩"", ""지켜봐"", ""주신"", ""분들이"", ""가족끼리"", ""만나서도"", ""우연히"", ""이곳"", ""이야기가"", ""오간다는"", ""들었을"", ""놀랍습니다"", ""꾸준함의"", ""힘은"", ""분명히"", ""앞으로도"", ""아마"", ""년은"", ""매일"", ""기록할"", ""같습니다""]","[""인스타는"", ""짧게라도"", ""하루하루"", ""일기처럼"", ""남기려"", ""신기하게도"", ""오랜"", ""시간의"", ""꾸준함을"", ""분들이"", ""느끼시더라고요"", ""하루가"", ""빡빡하고"", ""바쁘고"", ""힘든"", ""날일수록"", ""오히려"", ""정성스레"", ""글을"", ""남깁니다"", ""아마"", ""순간만큼은"", ""기록이"", ""쉼이"", ""같습니다"", ""년씩"", ""지켜봐"", ""주신"", ""분들이"", ""가족끼리"", ""만나서도"", ""우연히"", ""이곳"", ""이야기가"", ""오간다는"", ""들었을"", ""놀랍습니다"", ""꾸준함의"", ""힘은"", ""분명히"", ""앞으로도"", ""아마"", ""년은"", ""매일"", ""기록할"", ""같습니다"", ""인스타는"", ""짧게라도"", ""하루하루"", ""일기처럼"", ""남기려"", ""신기하게도"", ""오랜"", ""시간의"", ""꾸준함을"", ""분들이"", ""느끼시더라고요"", ""하루가"", ""빡빡하고"", ""바쁘고"", ""힘든"", ""날일수록"", ""오히려"", ""정성스레"", ""글을"", ""남깁니다"", ""아마"", ""순간만큼은"", ""기록이"", ""쉼이"", ""같습니다"", ""년씩"", ""지켜봐"", ""주신"", ""분들이"", ""가족끼리"", ""만나서도"", ""우연히"", ""이곳"", ""이야기가"", ""오간다는"", ""들었을"", ""놀랍습니다"", ""꾸준함의"", ""힘은"", ""분명히"", ""앞으로도"", ""아마"", ""년은"", ""매일"", ""기록할"", ""같습니다""]"
https://www.instagram.com/p/DQGievlkc5X/,오늘은 반려인과 오붓하게 홈브런치🍽️밤이 많이 생겨서 밤잼을 만들었는데 색이 영ㅋㅋㅋ그래도 빵에 크림치즈 바르고 밤잼 올려 먹으니 너무 맛있어요🌰따뜻한 우유에 넣어서 라떼도 만들어 먹으려구요크림치즈와 라즈베리 잼 조합도 굳😍👍,,오늘은 반려인과 오붓하게 홈브런치 밤이 많이 생겨서 밤잼을 만들었는데 색이 영ㅋㅋㅋ그래도 빵에 크림치즈 바르고 밤잼 올려 먹으니 너무 맛있어요 따뜻한 우유에 넣어서 라떼도 만들어 먹으려구요크림치즈와 라즈베리 잼 조합도 굳,"[""반려인과"", ""오붓하게"", ""홈브런치"", ""밤이"", ""생겨서"", ""밤잼을"", ""색이"", ""영ㅋㅋㅋ그래도"", ""빵에"", ""크림치즈"", ""바르고"", ""밤잼"", ""따뜻한"", ""우유에"", ""넣어서"", ""라떼도"", ""만들어"", ""먹으려구요크림치즈와"", ""라즈베리"", ""조합도""]","[""반려인과"", ""오붓하게"", ""홈브런치"", ""밤이"", ""생겨서"", ""밤잼을"", ""색이"", ""영ㅋㅋㅋ그래도"", ""빵에"", ""크림치즈"", ""바르고"", ""밤잼"", ""따뜻한"", ""우유에"", ""넣어서"", ""라떼도"", ""만들어"", ""먹으려구요크림치즈와"", ""라즈베리"", ""조합도""]","[""반려인과"", ""오붓하게"", ""홈브런치"", ""밤이"", ""생겨서"", ""밤잼을"", ""색이"", ""영ㅋㅋㅋ그래도"", ""빵에"", ""크림치즈"", ""바르고"", ""밤잼"", ""따뜻한"", ""우유에"", ""넣어서"", ""라떼도"", ""만들어"", ""먹으려구요크림치즈와"", ""라즈베리"", ""조합도"", ""반려인과"", ""오붓하게"", ""홈브런치"", ""밤이"", ""생겨서"", ""밤잼을"", ""색이"", ""영ㅋㅋㅋ그래도"", ""빵에"", ""크림치즈"", ""바르고"", ""밤잼"", ""따뜻한"", ""우유에"", ""넣어서"", ""라떼도"", ""만들어"", ""먹으려구요크림치즈와"", ""라즈베리"", ""조합도""]"
https://www.instagram.com/p/DJlWW9NSO9j/c/18070980412822582/,"⠀>> #강남대로사옥 New menu <<⠀📍 운영 코너 : B1층 Course C⏰ 운영 시간 : 11:30 ~ 13:00⠀앞으로 매주 수요일 직원식당에서<MY PICK SALAD>를 운영합니다 !⠀단백질, 탄수화물, 드레싱 옵션을 직접 골라나만의 커스텀 샐러드를 즐거보세요 - ̗̀( ˶’ᵕ‘˶) ̖́-",강남대로사옥,#강남대로사옥 운영 코너 층 운영 시간 앞으로 매주 수요일 직원식당에서 를 운영합니다 단백질 탄수화물 드레싱 옵션을 직접 골라나만의 커스텀 샐러드를 즐거보세요,"[""운영"", ""코너"", ""운영"", ""시간"", ""앞으로"", ""매주"", ""수요일"", ""직원식당에서"", ""운영합니다"", ""단백질"", ""탄수화물"", ""드레싱"", ""옵션을"", ""골라나만의"", ""커스텀"", ""샐러드를"", ""즐거보세요""]","[""강남대로사옥""]","[""운영"", ""코너"", ""운영"", ""시간"", ""앞으로"", ""매주"", ""수요일"", ""직원식당에서"", ""운영합니다"", ""단백질"", ""탄수화물"", ""드레싱"", ""옵션을"", ""골라나만의"", ""커스텀"", ""샐러드를"", ""즐거보세요"", ""강남대로사옥""]"
https://www.instagram.com/p/DQHHXjqEiAt/,"2025/10/22점심 앞다리살 냉수육, 근대쌈밥, 멜젓저녁 앞다리살 냉수육, 샐러드, 멜젓아침몸무게 ??몸무게 까먹었다🫢 수육 맛있당#다이어트 #다이어트식단 #다이어트일기 #도시락 #점심 #저녁 #수육 #쌈밥 #샐러드 #멜젓 #맛스타그램",다이어트;다이어트식단;다이어트일기;도시락;점심;저녁;수육;쌈밥;샐러드;멜젓;맛스타그램,점심 앞다리살 냉수육 근대쌈밥 멜젓저녁 앞다리살 냉수육 샐러드 멜젓아침몸무게 몸무게 까먹었다 수육 맛있당#다이어트 #다이어트식단 #다이어트일기 #도시락 #점심 #저녁 #수육 #쌈밥 #샐러드 #멜젓 #맛스타그램,"[""점심"", ""앞다리살"", ""냉수육"", ""근대쌈밥"", ""멜젓저녁"", ""앞다리살"", ""냉수육"", ""샐러드"", ""멜젓아침몸무게"", ""몸무게"", ""까먹었다"", ""수육"", ""맛있당""]","[""다이어트"", ""다이어트식단"", ""다이어트일기"", ""도시락"", ""점심"", ""저녁"", ""수육"", ""쌈밥"", ""샐러드"", ""멜젓"", ""맛스타그램""]","[""점심"", ""앞다리살"", ""냉수육"", ""근대쌈밥"", ""멜젓저녁"", ""앞다리살"", ""냉수육"", ""샐러드"", ""멜젓아침몸무게"", ""몸무게"", ""까먹었다"", ""수육"", ""맛있당"", ""다이어트"", ""다이어트식단"", ""다이어트일기"", ""도시락"", ""점심"", ""저녁"", ""수육"", ""쌈밥"", ""샐러드"", ""멜젓"", ""맛스타그램""]"
https://www.instagram.com/p/DQEWEIkkpas/c/18104864959540071/,"오늘은 최근에 갔던 샐러드 맛집 추천 ! 🍽️직접 재배해신 풀로 샐러드 맹그러 주시는 것 같았츄 🥗풀들과 같이 식사하는 느낌이라 더 건강해지는 기분 ㇱ 엄마랑 같이 갔는데 엄망이도 만족하셨어요 😇 (뿌듯) !!!! 여기 정말 추천드립옵니다옹 🍀내돈내산이고 💵🤑 광고 절대 아닙니다옹 ꔣ₊˚.ᐟ 🏷️ 생연어 아보카도 샐러드 14,800원 🏷️ 제육 랩 디쉬 15,000원 제육볶음 먹는 느낌인데 , 과카몰리랑 싸 드셔 보세요 🥑새로운 푸드가 탄생 🌀 샐러드인데 밥 같아 ♥ 연어 샐러드에 올라간 아보카도는 거의 반개를 통으로 🫢진짜 신선하고 포만감 good~ 💭엄마가 “샐러드도 배가 부르구나”라고 하셨어요 -! 저번에 배달로 시킨 집 보고는 이걸 이르캐 비싸게 주고 먹어?!하셨는데 여기는 이 돈 주고 먹을만 하네~ 라고 하신 !! 🤭✨집 주변에도 생겼으면 좋겠어요 🥹다들 프래쉬하고 건강한 샐러드, 랩 땡기실 때 한 번 try 해보십숑🩷#샐러드 #샐러드맛집 #샐러드카페 #식단추천 #다이어트 #유지어터 #유지어터식단 #다이어터식단 #압구정맛집 #몸매관리 #다이어트정보 #압구정브런치",샐러드;샐러드맛집;샐러드카페;식단추천;다이어트;유지어터;유지어터식단;다이어터식단;압구정맛집;몸매관리;다이어트정보;압구정브런치,오늘은 최근에 갔던 샐러드 맛집 추천 직접 재배해신 풀로 샐러드 맹그러 주시는 것 같았츄 풀들과 같이 식사하는 느낌이라 더 건강해지는 기분 엄마랑 같이 갔는데 엄망이도 만족하셨어요 뿌듯 여기 정말 추천드립옵니다옹 내돈내산이고 광고 절대 아닙니다옹 생연어 아보카도 샐러드 원 제육 랩 디쉬 원 제육볶음 먹는 느낌인데 과카몰리랑 싸 드셔 보세요 새로운 푸드가 탄생 샐러드인데 밥 같아 연어 샐러드에 올라간 아보카도는 거의 반개를 통으로 진짜 신선하고 포만감 엄마가 샐러드도 배가 부르구나 라고 하셨어요 저번에 배달로 시킨 집 보고는 이걸 이르캐 비싸게 주고 먹어 하셨는데 여기는 이 돈 주고 먹을만 하네 라고 하신 집 주변에도 생겼으면 좋겠어요 다들 프래쉬하고 건강한 샐러드 랩 땡기실 때 한 번 해보십숑 #샐러드 #샐러드맛집 #샐러드카페 #식단추천 #다이어트 #유지어터 #유지어터식단 #다이어터식단 #압구정맛집 #몸매관리 #다이어트정보 #압구정브런치,"[""최근에"", ""갔던"", ""샐러드"", ""맛집"", ""재배해신"", ""풀로"", ""샐러드"", ""맹그러"", ""주시는"", ""같았츄"", ""풀들과"", ""식사하는"", ""느낌이라"", ""건강해지는"", ""기분"", ""엄마랑"", ""갔는데"", ""엄망이도"", ""만족하셨어요"", ""뿌듯"", ""여기"", ""추천드립옵니다옹"", ""내돈내산이고"", ""광고"", ""절대"", ""아닙니다옹"", ""생연어"", ""아보카도"", ""샐러드"", ""제육"", ""디쉬"", ""제육볶음"", ""느낌인데"", ""과카몰리랑"", ""드셔"", ""보세요"", ""푸드가"", ""탄생"", ""샐러드인데"", ""같아"", ""연어"", ""샐러드에"", ""올라간"", ""아보카도는"", ""반개를"", ""통으로"", ""신선하고"", ""포만감"", ""엄마가"", ""샐러드도"", ""배가"", ""부르구나"", ""라고"", ""하셨어요"", ""저번에"", ""배달로"", ""시킨"", ""보고는"", ""이걸"", ""이르캐"", ""비싸게"", ""주고"", ""먹어"", ""하셨는데"", ""여기는"", ""주고"", ""먹을만"", ""하네"", ""라고"", ""하신"", ""주변에도"", ""생겼으면"", ""좋겠어요"", ""프래쉬하고"", ""건강한"", ""샐러드"", ""땡기실"", ""해보십숑""]","[""샐러드"", ""샐러드맛집"", ""샐러드카페"", ""식단추천"", ""다이어트"", ""유지어터"", ""유지어터식단"", ""다이어터식단"", ""압구정맛집"", ""몸매관리"", ""다이어트정보"", ""압구정브런치""]","[""최근에"", ""갔던"", ""샐러드"", ""맛집"", ""재배해신"", ""풀로"", ""샐러드"", ""맹그러"", ""주시는"", ""같았츄"", ""풀들과"", ""식사하는"", ""느낌이라"", ""건강해지는"", ""기분"", ""엄마랑"", ""갔는데"", ""엄망이도"", ""만족하셨어요"", ""뿌듯"", ""여기"", ""추천드립옵니다옹"", ""내돈내산이고"", ""광고"", ""절대"", ""아닙니다옹"", ""생연어"", ""아보카도"", ""샐러드"", ""제육"", ""디쉬"", ""제육볶음"", ""느낌인데"", ""과카몰리랑"", ""드셔"", ""보세요"", ""푸드가"", ""탄생"", ""샐러드인데"", ""같아"", ""연어"", ""샐러드에"", ""올라간"", ""아보카도는"", ""반개를"", ""통으로"", ""신선하고"", ""포만감"", ""엄마가"", ""샐러드도"", ""배가"", ""부르구나"", ""라고"", ""하셨어요"", ""저번에"", ""배달로"", ""시킨"", ""보고는"", ""이걸"", ""이르캐"", ""비싸게"", ""주고"", ""먹어"", ""하셨는데"", ""여기는"", ""주고"", ""먹을만"", ""하네"", ""라고"", ""하신"", ""주변에도"", ""생겼으면"", ""좋겠어요"", ""프래쉬하고"", ""건강한"", ""샐러드"", ""땡기실"", ""해보십숑"", ""샐러드"", ""샐러드맛집"", ""샐러드카페"", ""식단추천"", ""다이어트"", ""유지어터"", ""유지어터식단"", ""다이어터식단"", ""압구정맛집"", ""몸매관리"", ""다이어트정보"", ""압구정브런치""]"
https://www.instagram.com/p/DQG6nvXD-tI/,<10월 22일 당일 생산 오후 재고>연어 1수비드 1쉬림프 (21일 생산 있음)잠봉 1핫치킨 (21일 생산 있음)슬라이스 품절아래칸은 하루전 제품 10프로 할인 판매 중입니다~#용산맛집 #용산샐러드 #용산샐러드맛집 #도시락 #건강샐러드 #24시식당 #용산역맛집 #샐러드,용산맛집;용산샐러드;용산샐러드맛집;도시락;건강샐러드;24시식당;용산역맛집;샐러드,월 일 당일 생산 오후 재고 연어 수비드 쉬림프 일 생산 있음 잠봉 핫치킨 일 생산 있음 슬라이스 품절아래칸은 하루전 제품 프로 할인 판매 중입니다 #용산맛집 #용산샐러드 #용산샐러드맛집 #도시락 #건강샐러드 # 시식당 #용산역맛집 #샐러드,"[""당일"", ""생산"", ""오후"", ""재고"", ""연어"", ""수비드"", ""쉬림프"", ""생산"", ""있음"", ""잠봉"", ""핫치킨"", ""생산"", ""있음"", ""슬라이스"", ""품절아래칸은"", ""하루전"", ""프로"", ""할인"", ""판매"", ""중입니다""]","[""용산맛집"", ""용산샐러드"", ""용산샐러드맛집"", ""도시락"", ""건강샐러드"", ""용산역맛집"", ""샐러드""]","[""당일"", ""생산"", ""오후"", ""재고"", ""연어"", ""수비드"", ""쉬림프"", ""생산"", ""있음"", ""잠봉"", ""핫치킨"", ""생산"", ""있음"", ""슬라이스"", ""품절아래칸은"", ""하루전"", ""프로"", ""할인"", ""판매"", ""중입니다"", ""용산맛집"", ""용산샐러드"", ""용산샐러드맛집"", ""도시락"", ""건강샐러드"", ""용산역맛집"", ""샐러드""]"
https://www.instagram.com/p/DQEcjrLk-bq/,✅ 너무맛있는샐러드ㆍㆍ요래드시면 너무 맛있다구요😍ㆍ레시피출처 -유튜브 서정아의건강밥상ㆍㆍ오늘 얇게있고나갔다가 덜덜 떨었어요😱감기가올랑말랑하네요ㆍㆍ감기걸리기 딱 좋은요즘인데다들 조심하세요~❤️ㆍㆍ#샐러드,샐러드,너무맛있는샐러드ㆍㆍ요래드시면 너무 맛있다구요 ㆍ레시피출처 유튜브 서정아의건강밥상ㆍㆍ오늘 얇게있고나갔다가 덜덜 떨었어요 감기가올랑말랑하네요ㆍㆍ감기걸리기 딱 좋은요즘인데다들 조심하세요 ㆍㆍ#샐러드,"[""너무맛있는샐러드ㆍㆍ요래드시면"", ""맛있다구요"", ""ㆍ레시피출처"", ""유튜브"", ""서정아의건강밥상ㆍㆍ오늘"", ""얇게있고나갔다가"", ""덜덜"", ""떨었어요"", ""감기가올랑말랑하네요ㆍㆍ감기걸리기"", ""좋은요즘인데다들"", ""조심하세요"", ""ㆍㆍ""]","[""샐러드""]","[""너무맛있는샐러드ㆍㆍ요래드시면"", ""맛있다구요"", ""ㆍ레시피출처"", ""유튜브"", ""서정아의건강밥상ㆍㆍ오늘"", ""얇게있고나갔다가"", ""덜덜"", ""떨었어요"", ""감기가올랑말랑하네요ㆍㆍ감기걸리기"", ""좋은요즘인데다들"", ""조심하세요"", ""ㆍㆍ"", ""샐러드""]"
https://www.instagram.com/p/DL1c-MKyjjP/,"어젯밤에 혼자 비빔면 참기름 둘러 오이까지 올려서 맛있게 먹고ㅋㅋㅋ😅 대역 죄인 모드로 오늘은 클린 하게 제일 좋아하는 샐러드 시저샐러드 만들었어요 집이 1층이라 어두운 편인데 오늘은 유난히 거실 햇살이 너무 좋아서 거실에서도 찍어봤어요 ~샐러드소스🥄올리브오일 1, 마요네즈 3, 꽃게액젓 1티스푼, 레몬즙 1, 꿀 듬뿍 1, 다진마늘 1/2티스푼, 홀그레인머스터드 1/2티스푼, 파마산치즈 1티스푼샐러드 완성 후 올리브오일, 후추, 파마산치즈, 페퍼론치노 취향껏 뿌려주면 완성이에요✨소스에 사용한 올리브오일은 @oroceleste_official 에서 보내주셨어요뚜껑 열자마자 신선한 향이 너무 좋아서 공복에도 한번 먹어봤는데 레몬즙 섞지 않아도 오일 특유에 기름 맛이 없어서 산뜻하게 잘 넘어가더라고요🍃이렇게 맛있는 오일은 그냥 먹거나 샐러드에 뿌려먹거나 생식으로 먹는 게 좋더라고요올리브오일 담긴 병도 너무 예뻐서 선물용으로도 딱인 것 같아요♥️오로셀레스테 올리브오일🫒🫒🫒- 세계 1위 올리브오일 생산국 스페인 60년 전통 농장에서 프리미엄 단일 품종 호지블랑카만을 사용한 올리브오일- 세계 최고 권위의 올리브 농장 대회에서 10년 연속 1위 수상으로 품질 입증- 100% 유기농 인증 유럽 기준보다 엄격한 CAAE 인증 획득- 국제 기준(0.8%) 을 훨씬 웃도는 초저산도 0.1%대 프리미엄 등급- 합성농약 / 화학비료 무첨가, 철저하게 깨끗한 생산 과정- 폴리페놀 330mg 이상, 하이드록시티로솔 풍부, 항산화 성분 가득- 수확 후 1시간 이내 분쇄 & 24시간 내 착유, 48시간 내 항공 운송으로 신선함 그대로#올리브오일#오로셀레스테#집밥#홈브런치#점메추#샐러드#원플레이트#플레이팅#그릇#다이어트#클린식#간편요리#레시피",올리브오일;오로셀레스테;집밥;홈브런치;점메추;샐러드;원플레이트;플레이팅;그릇;다이어트;클린식;간편요리;레시피,어젯밤에 혼자 비빔면 참기름 둘러 오이까지 올려서 맛있게 먹고ㅋㅋㅋ 대역 죄인 모드로 오늘은 클린 하게 제일 좋아하는 샐러드 시저샐러드 만들었어요 집이 층이라 어두운 편인데 오늘은 유난히 거실 햇살이 너무 좋아서 거실에서도 찍어봤어요 샐러드소스 올리브오일 마요네즈 꽃게액젓 티스푼 레몬즙 꿀 듬뿍 다진마늘 티스푼 홀그레인머스터드 티스푼 파마산치즈 티스푼샐러드 완성 후 올리브오일 후추 파마산치즈 페퍼론치노 취향껏 뿌려주면 완성이에요 소스에 사용한 올리브오일은 에서 보내주셨어요뚜껑 열자마자 신선한 향이 너무 좋아서 공복에도 한번 먹어봤는데 레몬즙 섞지 않아도 오일 특유에 기름 맛이 없어서 산뜻하게 잘 넘어가더라고요 이렇게 맛있는 오일은 그냥 먹거나 샐러드에 뿌려먹거나 생식으로 먹는 게 좋더라고요올리브오일 담긴 병도 너무 예뻐서 선물용으로도 딱인 것 같아요 오로셀레스테 올리브오일 세계 위 올리브오일 생산국 스페인 년 전통 농장에서 프리미엄 단일 품종 호지블랑카만을 사용한 올리브오일 세계 최고 권위의 올리브 농장 대회에서 년 연속 위 수상으로 품질 입증 유기농 인증 유럽 기준보다 엄격한 인증 획득 국제 기준 을 훨씬 웃도는 초저산도 대 프리미엄 등급 합성농약 화학비료 무첨가 철저하게 깨끗한 생산 과정 폴리페놀 이상 하이드록시티로솔 풍부 항산화 성분 가득 수확 후 시간 이내 분쇄 시간 내 착유 시간 내 항공 운송으로 신선함 그대로#올리브오일#오로셀레스테#집밥#홈브런치#점메추#샐러드#원플레이트#플레이팅#그릇#다이어트#클린식#간편요리#레시피,"[""어젯밤에"", ""혼자"", ""비빔면"", ""참기름"", ""둘러"", ""오이까지"", ""올려서"", ""먹고ㅋㅋㅋ"", ""대역"", ""죄인"", ""모드로"", ""클린"", ""하게"", ""좋아하는"", ""샐러드"", ""시저샐러드"", ""만들었어요"", ""집이"", ""층이라"", ""어두운"", ""편인데"", ""유난히"", ""거실"", ""햇살이"", ""좋아서"", ""거실에서도"", ""찍어봤어요"", ""샐러드소스"", ""올리브오일"", ""마요네즈"", ""꽃게액젓"", ""티스푼"", ""레몬즙"", ""다진마늘"", ""티스푼"", ""홀그레인머스터드"", ""티스푼"", ""파마산치즈"", ""티스푼샐러드"", ""완성"", ""올리브오일"", ""후추"", ""파마산치즈"", ""페퍼론치노"", ""취향껏"", ""뿌려주면"", ""완성이에요"", ""소스에"", ""사용한"", ""올리브오일은"", ""보내주셨어요뚜껑"", ""열자마자"", ""신선한"", ""좋아서"", ""공복에도"", ""먹어봤는데"", ""레몬즙"", ""섞지"", ""않아도"", ""오일"", ""특유에"", ""기름"", ""없어서"", ""산뜻하게"", ""넘어가더라고요"", ""오일은"", ""먹거나"", ""샐러드에"", ""뿌려먹거나"", ""생식으로"", ""좋더라고요올리브오일"", ""담긴"", ""병도"", ""예뻐서"", ""선물용으로도"", ""딱인"", ""오로셀레스테"", ""올리브오일"", ""세계"", ""올리브오일"", ""생산국"", ""스페인"", ""전통"", ""농장에서"", ""프리미엄"", ""단일"", ""품종"", ""호지블랑카만을"", ""사용한"", ""올리브오일"", ""세계"", ""최고"", ""권위의"", ""올리브"", ""농장"", ""대회에서"", ""연속"", ""수상으로"", ""품질"", ""입증"", ""유기농"", ""인증"", ""유럽"", ""기준보다"", ""엄격한"", ""인증"", ""획득"", ""국제"", ""기준"", ""훨씬"", ""웃도는"", ""초저산도"", ""프리미엄"", ""등급"", ""합성농약"", ""화학비료"", ""무첨가"", ""철저하게"", ""깨끗한"", ""생산"", ""과정"", ""폴리페놀"", ""이상"", ""하이드록시티로솔"", ""풍부"", ""항산화"", ""성분"", ""수확"", ""시간"", ""이내"", ""분쇄"", ""시간"", ""착유"", ""시간"", ""항공"", ""운송으로"", ""신선함""]","[""올리브오일"", ""오로셀레스테"", ""집밥"", ""홈브런치"", ""점메추"", ""샐러드"", ""원플레이트"", ""플레이팅"", ""다이어트"", ""클린식"", ""간편요리"", ""레시피""]","[""어젯밤에"", ""혼자"", ""비빔면"", ""참기름"", ""둘러"", ""오이까지"", ""올려서"", ""먹고ㅋㅋㅋ"", ""대역"", ""죄인"", ""모드로"", ""클린"", ""하게"", ""좋아하는"", ""샐러드"", ""시저샐러드"", ""만들었어요"", ""집이"", ""층이라"", ""어두운"", ""편인데"", ""유난히"", ""거실"", ""햇살이"", ""좋아서"", ""거실에서도"", ""찍어봤어요"", ""샐러드소스"", ""올리브오일"", ""마요네즈"", ""꽃게액젓"", ""티스푼"", ""레몬즙"", ""다진마늘"", ""티스푼"", ""홀그레인머스터드"", ""티스푼"", ""파마산치즈"", ""티스푼샐러드"", ""완성"", ""올리브오일"", ""후추"", ""파마산치즈"", ""페퍼론치노"", ""취향껏"", ""뿌려주면"", ""완성이에요"", ""소스에"", ""사용한"", ""올리브오일은"", ""보내주셨어요뚜껑"", ""열자마자"", ""신선한"", ""좋아서"", ""공복에도"", ""먹어봤는데"", ""레몬즙"", ""섞지"", ""않아도"", ""오일"", ""특유에"", ""기름"", ""없어서"", ""산뜻하게"", ""넘어가더라고요"", ""오일은"", ""먹거나"", ""샐러드에"", ""뿌려먹거나"", ""생식으로"", ""좋더라고요올리브오일"", ""담긴"", ""병도"", ""예뻐서"", ""선물용으로도"", ""딱인"", ""오로셀레스테"", ""올리브오일"", ""세계"", ""올리브오일"", ""생산국"", ""스페인"", ""전통"", ""농장에서"", ""프리미엄"", ""단일"", ""품종"", ""호지블랑카만을"", ""사용한"", ""올리브오일"", ""세계"", ""최고"", ""권위의"", ""올리브"", ""농장"", ""대회에서"", ""연속"", ""수상으로"", ""품질"", ""입증"", ""유기농"", ""인증"", ""유럽"", ""기준보다"", ""엄격한"", ""인증"", ""획득"", ""국제"", ""기준"", ""훨씬"", ""웃도는"", ""초저산도"", ""프리미엄"", ""등급"", ""합성농약"", ""화학비료"", ""무첨가"", ""철저하게"", ""깨끗한"", ""생산"", ""과정"", ""폴리페놀"", ""이상"", ""하이드록시티로솔"", ""풍부"", ""항산화"", ""성분"", ""수확"", ""시간"", ""이내"", ""분쇄"", ""시간"", ""착유"", ""시간"", ""항공"", ""운송으로"", ""신선함"", ""올리브오일"", ""오로셀레스테"", ""집밥"", ""홈브런치"", ""점메추"", ""샐러드"", ""원플레이트"", ""플레이팅"", ""다이어트"", ""클린식"", ""간편요리"", ""레시피""]"
https://www.instagram.com/p/DQBtQ63EkqQ/,"지난주 저녁샐러드밀 기록!소밍#주간샐러드 입니다 🥗긴연휴에 2주는 기록이고 뭐고 ㅋㅋ̄̈ㅋ꙼̈우선 먹은게 없더라고요?😆지난주는 상추잎채소베이스로아삭한친구들 추가! 새우,두부,현미밥,로티세리치킨 등 올려주기!그때그때 냉장고사정에 따라서👌👌지난주는 5일 잘 먹었답니다 ~~ 오호~~ 꽤 많이 먹었네요~~!✨덜어내기 샐러드 맛집 오픈하겠다고 했는데 ..성공 ✨👍🏻우리, 인친님들도 한주 또 맜있는 식사하며🫶🏻평범한 하루속에서 행복찾기해요 !✨✨💜#샐러드#샐러드레시피#샐러드마스터#샐러드만들기#건강식사#자연식물식#건강식#저녁밥#저메추#요리#레시피#샐러드보울#요리레시피",주간샐러드;샐러드;샐러드레시피;샐러드마스터;샐러드만들기;건강식사;자연식물식;건강식;저녁밥;저메추;요리;레시피;샐러드보울;요리레시피,지난주 저녁샐러드밀 기록 소밍#주간샐러드 입니다 긴연휴에 주는 기록이고 뭐고 ㅋㅋ ㅋ 우선 먹은게 없더라고요 지난주는 상추잎채소베이스로아삭한친구들 추가 새우 두부 현미밥 로티세리치킨 등 올려주기 그때그때 냉장고사정에 따라서 지난주는 일 잘 먹었답니다 오호 꽤 많이 먹었네요 덜어내기 샐러드 맛집 오픈하겠다고 했는데 성공 우리 인친님들도 한주 또 맜있는 식사하며 평범한 하루속에서 행복찾기해요 #샐러드#샐러드레시피#샐러드마스터#샐러드만들기#건강식사#자연식물식#건강식#저녁밥#저메추#요리#레시피#샐러드보울#요리레시피,"[""지난주"", ""저녁샐러드밀"", ""기록"", ""소밍"", ""긴연휴에"", ""주는"", ""기록이고"", ""뭐고"", ""ㅋㅋ"", ""우선"", ""먹은게"", ""없더라고요"", ""지난주는"", ""상추잎채소베이스로아삭한친구들"", ""새우"", ""두부"", ""현미밥"", ""로티세리치킨"", ""올려주기"", ""그때그때"", ""냉장고사정에"", ""따라서"", ""지난주는"", ""먹었답니다"", ""오호"", ""먹었네요"", ""덜어내기"", ""샐러드"", ""맛집"", ""오픈하겠다고"", ""했는데"", ""성공"", ""인친님들도"", ""한주"", ""맜있는"", ""식사하며"", ""평범한"", ""하루속에서"", ""행복찾기해요""]","[""주간샐러드"", ""샐러드"", ""샐러드레시피"", ""샐러드마스터"", ""샐러드만들기"", ""건강식사"", ""자연식물식"", ""건강식"", ""저녁밥"", ""저메추"", ""요리"", ""레시피"", ""샐러드보울"", ""요리레시피""]","[""지난주"", ""저녁샐러드밀"", ""기록"", ""소밍"", ""긴연휴에"", ""주는"", ""기록이고"", ""뭐고"", ""ㅋㅋ"", ""우선"", ""먹은게"", ""없더라고요"", ""지난주는"", ""상추잎채소베이스로아삭한친구들"", ""새우"", ""두부"", ""현미밥"", ""로티세리치킨"", ""올려주기"", ""그때그때"", ""냉장고사정에"", ""따라서"", ""지난주는"", ""먹었답니다"", ""오호"", ""먹었네요"", ""덜어내기"", ""샐러드"", ""맛집"", ""오픈하겠다고"", ""했는데"", ""성공"", ""인친님들도"", ""한주"", ""맜있는"", ""식사하며"", ""평범한"", ""하루속에서"", ""행복찾기해요"", ""주간샐러드"", ""샐러드"", ""샐러드레시피"", ""샐러드마스터"", ""샐러드만들기"", ""건강식사"", ""자연식물식"", ""건강식"", ""저녁밥"", ""저메추"", ""요리"", ""레시피"", ""샐러드보울"", ""요리레시피""]"
https://www.instagram.com/p/DQIP9CoEzOa/,10.23 점심메뉴입니다. 석식메뉴도 밑에 있습니다.#소고기무국#닭볶음탕#볼카츠#궁채나물#미역초무침#샐러드석식입니다.#어묵국#김치제육#군만두#찰도너츠#샐러드...기타등등이요 #논현1647#논현역점심#신사역점심#논현맛집#신사맛집#신사저녁#논현저녁#논현밥집#신사밥집#단체회식#소모임#한식뷔페#강남구내식당#직장인점심#집밥이최고#위생등급 매우우수업체#백반맛집,소고기무국;닭볶음탕;볼카츠;궁채나물;미역초무침;샐러드;어묵국;김치제육;군만두;찰도너츠;논현1647;논현역점심;신사역점심;논현맛집;신사맛집;신사저녁;논현저녁;논현밥집;신사밥집;단체회식;소모임;한식뷔페;강남구내식당;직장인점심;집밥이최고;위생등급;백반맛집,점심메뉴입니다 석식메뉴도 밑에 있습니다 #소고기무국#닭볶음탕#볼카츠#궁채나물#미역초무침#샐러드석식입니다 #어묵국#김치제육#군만두#찰도너츠#샐러드 기타등등이요 #논현 #논현역점심#신사역점심#논현맛집#신사맛집#신사저녁#논현저녁#논현밥집#신사밥집#단체회식#소모임#한식뷔페#강남구내식당#직장인점심#집밥이최고#위생등급 매우우수업체#백반맛집,"[""점심메뉴입니다"", ""석식메뉴도"", ""밑에"", ""기타등등이요"", ""매우우수업체""]","[""소고기무국"", ""닭볶음탕"", ""볼카츠"", ""궁채나물"", ""미역초무침"", ""샐러드"", ""어묵국"", ""김치제육"", ""군만두"", ""찰도너츠"", ""논현"", ""논현역점심"", ""신사역점심"", ""논현맛집"", ""신사맛집"", ""신사저녁"", ""논현저녁"", ""논현밥집"", ""신사밥집"", ""단체회식"", ""소모임"", ""한식뷔페"", ""강남구내식당"", ""직장인점심"", ""집밥이최고"", ""위생등급"", ""백반맛집""]","[""점심메뉴입니다"", ""석식메뉴도"", ""밑에"", ""기타등등이요"", ""매우우수업체"", ""소고기무국"", ""닭볶음탕"", ""볼카츠"", ""궁채나물"", ""미역초무침"", ""샐러드"", ""어묵국"", ""김치제육"", ""군만두"", ""찰도너츠"", ""논현"", ""논현역점심"", ""신사역점심"", ""논현맛집"", ""신사맛집"", ""신사저녁"", ""논현저녁"", ""논현밥집"", ""신사밥집"", ""단체회식"", ""소모임"", ""한식뷔페"", ""강남구내식당"", ""직장인점심"", ""집밥이최고"", ""위생등급"", ""백반맛집""]"
https://www.instagram.com/p/DNxSKHd0qEv/,"#광고) 오늘 점심에 먹은 내 밥과 오늘 아침에 챙겨 먹인 우리 어린이들 밥💚저는 오랜만에 샐러드 한접시🥗 닭가슴살과 맛있는 빵도 곁들여 보구요🤭 어린이들은 모닝빵샌드위치에 샤인, 당근라페🧡요즘은 건강빵이 대세인지 뚜레쥬르에서도 슬로우 TLJ 라인이 생겼더라구요! 오늘 먹은 제가 먹은 빵은 #뚜레쥬르 씨앗깜빠뉴에요! 현미가루가 블렌딩 되어 그런지 더욱 구수한 빵맛! 그리고 빵 속 뿐만 아니고 겉면에도 멀티씨드가 빼곡히 있어 고소함이 배가 되어요😋 뻣뻣할 거리고 생각했던 것과는 달리 촉촉, 쫀쫀한 식감이 최고🫶🏻저당, 고단백 빵이라 건강과 맛 모두 잡고 싶은 사람들에게 아주 제격이에요👍🏼 빵 위에 가염버터 바르고 샐러드채소, 닭가슴살 올려 한입에 와앙〰️ 하고 한입에 먹으면 꿀맛🤎⠀⠀⠀⠀⠀⠀⠀⠀⠀⠀⠀⠀⠀⠀⠀⠀어린이들 빵은 아침에 먹기 젤 편안한 슬로우 오트 모닝롤🤍 퐁신한 모닝롤 반 갈라 버터 얇게 바르고 루꼴라, 모르타델라햄, 에그마요 넣어 간편한 모닝빵샌드위치🤎 기존의 모닝빵과 다르게 슬로우 오트 모닝롤은 오트밀페스토가 들어가서 더 고소하고 퐁신하고 부드러워요〰️☺️ 그리고 버터, 계란, 우유가 들어가지 않아서 알러지나 아토피 때문에 빵을 못먹는 사람들도 즐길 수 있겠더라구요👏🏼이렇게 샌드위치로 만들어 먹어도 맛있지만 진짜 맛있는 빵은 ‘그냥’ 먹어도 맛있어야죠? 그게 바로 이 모닝롤! 우리집 큰어린이는 학교 다녀와서 오후간식으로 먹으면서 하는 말이 “이런건 앉은 자리에서 3개도 먹겠어요!” 였어요🫢사실 모닝빵 3개가 뭐 대단한건가 싶지만.. 식탐 없고 먹는 거에 시큰둥한 큰어린이가 저렇게 말한거면 진짜 맛있단 소리거등요😋👍🏼⠀⠀⠀⠀⠀⠀⠀⠀⠀⠀⠀⠀⠀⠀⠀⠀아침에 밥 보다 빵이나 과일로 간편하게 먹는 걸 좋아하는 아이들이 살고 있고 빵을 하루에 한번이라도 먹지 않으면 병 나는 엄마가 사는 우리집🫣 다음번에도 건강하고 맛있는 뚜레쥬르 빵 또 다른거 소개하러 올께요😋🤎⠀⠀⠀⠀⠀⠀⠀⠀⠀⠀⠀⠀⠀⠀⠀⠀#홈카페 #브런치 #홈브런치 #샐러드 #뚜레쥬르 #모닝빵 #모닝빵샌드위치 #brunch #집밥 #홈쿡 #건강빵 #slowtlj #맛있는건강빵 #건강빵추천 #소문난건빵즈 #식단관리 #다이어터 #유지어터 #건강식단 #onthetable #yummy",광고;뚜레쥬르;홈카페;브런치;홈브런치;샐러드;모닝빵;모닝빵샌드위치;brunch;집밥;홈쿡;건강빵;slowtlj;맛있는건강빵;건강빵추천;소문난건빵즈;식단관리;다이어터;유지어터;건강식단;onthetable;yummy,#광고 오늘 점심에 먹은 내 밥과 오늘 아침에 챙겨 먹인 우리 어린이들 밥 저는 오랜만에 샐러드 한접시 닭가슴살과 맛있는 빵도 곁들여 보구요 어린이들은 모닝빵샌드위치에 샤인 당근라페 요즘은 건강빵이 대세인지 뚜레쥬르에서도 슬로우 라인이 생겼더라구요 오늘 먹은 제가 먹은 빵은 #뚜레쥬르 씨앗깜빠뉴에요 현미가루가 블렌딩 되어 그런지 더욱 구수한 빵맛 그리고 빵 속 뿐만 아니고 겉면에도 멀티씨드가 빼곡히 있어 고소함이 배가 되어요 뻣뻣할 거리고 생각했던 것과는 달리 촉촉 쫀쫀한 식감이 최고 저당 고단백 빵이라 건강과 맛 모두 잡고 싶은 사람들에게 아주 제격이에요 빵 위에 가염버터 바르고 샐러드채소 닭가슴살 올려 한입에 와앙 하고 한입에 먹으면 꿀맛 어린이들 빵은 아침에 먹기 젤 편안한 슬로우 오트 모닝롤 퐁신한 모닝롤 반 갈라 버터 얇게 바르고 루꼴라 모르타델라햄 에그마요 넣어 간편한 모닝빵샌드위치 기존의 모닝빵과 다르게 슬로우 오트 모닝롤은 오트밀페스토가 들어가서 더 고소하고 퐁신하고 부드러워요 그리고 버터 계란 우유가 들어가지 않아서 알러지나 아토피 때문에 빵을 못먹는 사람들도 즐길 수 있겠더라구요 이렇게 샌드위치로 만들어 먹어도 맛있지만 진짜 맛있는 빵은 그냥 먹어도 맛있어야죠 그게 바로 이 모닝롤 우리집 큰어린이는 학교 다녀와서 오후간식으로 먹으면서 하는 말이 이런건 앉은 자리에서 개도 먹겠어요 였어요 사실 모닝빵 개가 뭐 대단한건가 싶지만 식탐 없고 먹는 거에 시큰둥한 큰어린이가 저렇게 말한거면 진짜 맛있단 소리거등요 아침에 밥 보다 빵이나 과일로 간편하게 먹는 걸 좋아하는 아이들이 살고 있고 빵을 하루에 한번이라도 먹지 않으면 병 나는 엄마가 사는 우리집 다음번에도 건강하고 맛있는 뚜레쥬르 빵 또 다른거 소개하러 올께요 #홈카페 #브런치 #홈브런치 #샐러드 #뚜레쥬르 #모닝빵 #모닝빵샌드위치 # #집밥 #홈쿡 #건강빵 # #맛있는건강빵 #건강빵추천 #소문난건빵즈 #식단관리 #다이어터 #유지어터 #건강식단 # #,"[""점심에"", ""밥과"", ""아침에"", ""먹인"", ""어린이들"", ""샐러드"", ""한접시"", ""닭가슴살과"", ""빵도"", ""곁들여"", ""보구요"", ""어린이들은"", ""모닝빵샌드위치에"", ""샤인"", ""당근라페"", ""요즘은"", ""건강빵이"", ""대세인지"", ""뚜레쥬르에서도"", ""슬로우"", ""라인이"", ""생겼더라구요"", ""빵은"", ""씨앗깜빠뉴에요"", ""현미가루가"", ""블렌딩"", ""구수한"", ""빵맛"", ""뿐만"", ""아니고"", ""겉면에도"", ""멀티씨드가"", ""빼곡히"", ""고소함이"", ""배가"", ""되어요"", ""뻣뻣할"", ""거리고"", ""생각했던"", ""것과는"", ""달리"", ""촉촉"", ""쫀쫀한"", ""식감이"", ""최고"", ""저당"", ""고단백"", ""빵이라"", ""건강과"", ""잡고"", ""사람들에게"", ""제격이에요"", ""가염버터"", ""바르고"", ""샐러드채소"", ""닭가슴살"", ""한입에"", ""와앙"", ""한입에"", ""꿀맛"", ""어린이들"", ""빵은"", ""아침에"", ""먹기"", ""편안한"", ""슬로우"", ""오트"", ""모닝롤"", ""퐁신한"", ""모닝롤"", ""갈라"", ""버터"", ""얇게"", ""바르고"", ""루꼴라"", ""모르타델라햄"", ""에그마요"", ""간편한"", ""모닝빵샌드위치"", ""기존의"", ""모닝빵과"", ""다르게"", ""슬로우"", ""오트"", ""모닝롤은"", ""오트밀페스토가"", ""들어가서"", ""고소하고"", ""퐁신하고"", ""부드러워요"", ""버터"", ""계란"", ""우유가"", ""들어가지"", ""않아서"", ""알러지나"", ""아토피"", ""빵을"", ""못먹는"", ""사람들도"", ""있겠더라구요"", ""샌드위치로"", ""만들어"", ""맛있지만"", ""빵은"", ""맛있어야죠"", ""그게"", ""모닝롤"", ""우리집"", ""큰어린이는"", ""학교"", ""다녀와서"", ""오후간식으로"", ""먹으면서"", ""말이"", ""이런건"", ""앉은"", ""자리에서"", ""개도"", ""먹겠어요"", ""였어요"", ""사실"", ""모닝빵"", ""개가"", ""대단한건가"", ""싶지만"", ""식탐"", ""없고"", ""거에"", ""시큰둥한"", ""큰어린이가"", ""저렇게"", ""말한거면"", ""맛있단"", ""소리거등요"", ""아침에"", ""빵이나"", ""과일로"", ""간편하게"", ""좋아하는"", ""아이들이"", ""살고"", ""있고"", ""빵을"", ""하루에"", ""한번이라도"", ""먹지"", ""않으면"", ""나는"", ""엄마가"", ""사는"", ""우리집"", ""다음번에도"", ""건강하고"", ""뚜레쥬르"", ""다른거"", ""소개하러"", ""올께요""]","[""광고"", ""뚜레쥬르"", ""홈카페"", ""브런치"", ""홈브런치"", ""샐러드"", ""모닝빵"", ""모닝빵샌드위치"", ""집밥"", ""홈쿡"", ""건강빵"", ""맛있는건강빵"", ""건강빵추천"", ""소문난건빵즈"", ""식단관리"", ""다이어터"", ""유지어터"", ""건강식단""]","[""점심에"", ""밥과"", ""아침에"", ""먹인"", ""어린이들"", ""샐러드"", ""한접시"", ""닭가슴살과"", ""빵도"", ""곁들여"", ""보구요"", ""어린이들은"", ""모닝빵샌드위치에"", ""샤인"", ""당근라페"", ""요즘은"", ""건강빵이"", ""대세인지"", ""뚜레쥬르에서도"", ""슬로우"", ""라인이"", ""생겼더라구요"", ""빵은"", ""씨앗깜빠뉴에요"", ""현미가루가"", ""블렌딩"", ""구수한"", ""빵맛"", ""뿐만"", ""아니고"", ""겉면에도"", ""멀티씨드가"", ""빼곡히"", ""고소함이"", ""배가"", ""되어요"", ""뻣뻣할"", ""거리고"", ""생각했던"", ""것과는"", ""달리"", ""촉촉"", ""쫀쫀한"", ""식감이"", ""최고"", ""저당"", ""고단백"", ""빵이라"", ""건강과"", ""잡고"", ""사람들에게"", ""제격이에요"", ""가염버터"", ""바르고"", ""샐러드채소"", ""닭가슴살"", ""한입에"", ""와앙"", ""한입에"", ""꿀맛"", ""어린이들"", ""빵은"", ""아침에"", ""먹기"", ""편안한"", ""슬로우"", ""오트"", ""모닝롤"", ""퐁신한"", ""모닝롤"", ""갈라"", ""버터"", ""얇게"", ""바르고"", ""루꼴라"", ""모르타델라햄"", ""에그마요"", ""간편한"", ""모닝빵샌드위치"", ""기존의"", ""모닝빵과"", ""다르게"", ""슬로우"", ""오트"", ""모닝롤은"", ""오트밀페스토가"", ""들어가서"", ""고소하고"", ""퐁신하고"", ""부드러워요"", ""버터"", ""계란"", ""우유가"", ""들어가지"", ""않아서"", ""알러지나"", ""아토피"", ""빵을"", ""못먹는"", ""사람들도"", ""있겠더라구요"", ""샌드위치로"", ""만들어"", ""맛있지만"", ""빵은"", ""맛있어야죠"", ""그게"", ""모닝롤"", ""우리집"", ""큰어린이는"", ""학교"", ""다녀와서"", ""오후간식으로"", ""먹으면서"", ""말이"", ""이런건"", ""앉은"", ""자리에서"", ""개도"", ""먹겠어요"", ""였어요"", ""사실"", ""모닝빵"", ""개가"", ""대단한건가"", ""싶지만"", ""식탐"", ""없고"", ""거에"", ""시큰둥한"", ""큰어린이가"", ""저렇게"", ""말한거면"", ""맛있단"", ""소리거등요"", ""아침에"", ""빵이나"", ""과일로"", ""간편하게"", ""좋아하는"", ""아이들이"", ""살고"", ""있고"", ""빵을"", ""하루에"", ""한번이라도"", ""먹지"", ""않으면"", ""나는"", ""엄마가"", ""사는"", ""우리집"", ""다음번에도"", ""건강하고"", ""뚜레쥬르"", ""다른거"", ""소개하러"", ""올께요"", ""광고"", ""뚜레쥬르"", ""홈카페"", ""브런치"", ""홈브런치"", ""샐러드"", ""모닝빵"", ""모닝빵샌드위치"", ""집밥"", ""홈쿡"", ""건강빵"", ""맛있는건강빵"", ""건강빵추천"", ""소문난건빵즈"", ""식단관리"", ""다이어터"", ""유지어터"", ""건강식단""]"
https://www.instagram.com/p/DQEa5H2kgxl/,..점심시간 😋..#직장인#점심시간#샐러드#광화문살롱가양점,직장인;점심시간;샐러드;광화문살롱가양점,점심시간 #직장인#점심시간#샐러드#광화문살롱가양점,"[""점심시간""]","[""직장인"", ""점심시간"", ""샐러드"", ""광화문살롱가양점""]","[""점심시간"", ""직장인"", ""점심시간"", ""샐러드"", ""광화문살롱가양점""]"
https://www.instagram.com/p/DQJSJbmk684/,"牡蠣のクリームパスタとウニのクリームパスタをシェアしました。サラダ、アイスティー。We shared “cream pasta with oyster” and “cream pasta with sea urchin”. salad, iced tea굴 크림 파스타와 성게 크림 파스타를 나눠 먹었어요. 샐러드, 아이스 티#牡蠣のクリームパスタ#ウニのクリームパスタ#サラダ#アイスティー #oyster#creampasta#seaurchin#creampasta#icedtea#굴의크림파스타#성게크림파스타#샐러드#아이스티#今シーズン初めての牡蠣#牡蠣の火の通り具合が完璧#タベルナブンユウ#佐野市#栃木県",oyster;creampasta;seaurchin;icedtea;굴의크림파스타;성게크림파스타;샐러드;아이스티,굴 크림 파스타와 성게 크림 파스타를 나눠 먹었어요 샐러드 아이스 티# # # # # # # # # #굴의크림파스타#성게크림파스타#샐러드#아이스티# # # # #,"[""크림"", ""파스타와"", ""성게"", ""크림"", ""파스타를"", ""나눠"", ""샐러드"", ""아이스""]","[""굴의크림파스타"", ""성게크림파스타"", ""샐러드"", ""아이스티""]","[""크림"", ""파스타와"", ""성게"", ""크림"", ""파스타를"", ""나눠"", ""샐러드"", ""아이스"", ""굴의크림파스타"", ""성게크림파스타"", ""샐러드"", ""아이스티""]"
https://www.instagram.com/p/DQItb0iEkcI/c/18026111954559406/,"""오늘의 도시락""▪︎흰쌀밥▪︎묵은지 두루치기▪︎청포묵 김가루 무침▪︎단짠 파래무침▪︎쥬키니 호박볶음▪︎백김치▪︎새우젓 순두부국""오늘의 포케샐러드""▪︎우삼겹&파스타 포케",,오늘의 도시락 흰쌀밥 묵은지 두루치기 청포묵 김가루 무침 단짠 파래무침 쥬키니 호박볶음 백김치 새우젓 순두부국 오늘의 포케샐러드 우삼겹 파스타 포케,"[""도시락"", ""흰쌀밥"", ""묵은지"", ""두루치기"", ""청포묵"", ""김가루"", ""무침"", ""단짠"", ""파래무침"", ""쥬키니"", ""호박볶음"", ""백김치"", ""새우젓"", ""순두부국"", ""포케샐러드"", ""우삼겹"", ""파스타"", ""포케""]","[""도시락"", ""흰쌀밥"", ""묵은지"", ""두루치기"", ""청포묵"", ""김가루"", ""무침"", ""단짠"", ""파래무침"", ""쥬키니"", ""호박볶음"", ""백김치"", ""새우젓"", ""순두부국"", ""포케샐러드"", ""우삼겹"", ""파스타"", ""포케""]","[""도시락"", ""흰쌀밥"", ""묵은지"", ""두루치기"", ""청포묵"", ""김가루"", ""무침"", ""단짠"", ""파래무침"", ""쥬키니"", ""호박볶음"", ""백김치"", ""새우젓"", ""순두부국"", ""포케샐러드"", ""우삼겹"", ""파스타"", ""포케"", ""도시락"", ""흰쌀밥"", ""묵은지"", ""두루치기"", ""청포묵"", ""김가루"", ""무침"", ""단짠"", ""파래무침"", ""쥬키니"", ""호박볶음"", ""백김치"", ""새우젓"", ""순두부국"", ""포케샐러드"", ""우삼겹"", ""파스타"", ""포케""]"
https://www.instagram.com/p/DQIk7YqE45_/,#오늘의점심#오늘의저녁#알찬식단 #알찬푸드 #구내식당 #한식뷔페 #구로맛집 #구로디지털구내식당#구로구내식당 #구디구내식당 #밥집 #점심 #도시락 #테이크아웃 #샐러드 #샐러드맛집 #대륭포스트타워7차,오늘의점심;오늘의저녁;알찬식단;알찬푸드;구내식당;한식뷔페;구로맛집;구로디지털구내식당;구로구내식당;구디구내식당;밥집;점심;도시락;테이크아웃;샐러드;샐러드맛집;대륭포스트타워7차,#오늘의점심#오늘의저녁#알찬식단 #알찬푸드 #구내식당 #한식뷔페 #구로맛집 #구로디지털구내식당#구로구내식당 #구디구내식당 #밥집 #점심 #도시락 #테이크아웃 #샐러드 #샐러드맛집 #대륭포스트타워 차,[],"[""오늘의점심"", ""오늘의저녁"", ""알찬식단"", ""알찬푸드"", ""구내식당"", ""한식뷔페"", ""구로맛집"", ""구로디지털구내식당"", ""구로구내식당"", ""구디구내식당"", ""밥집"", ""점심"", ""도시락"", ""테이크아웃"", ""샐러드"", ""샐러드맛집"", ""대륭포스트타워""]","[""오늘의점심"", ""오늘의저녁"", ""알찬식단"", ""알찬푸드"", ""구내식당"", ""한식뷔페"", ""구로맛집"", ""구로디지털구내식당"", ""구로구내식당"", ""구디구내식당"", ""밥집"", ""점심"", ""도시락"", ""테이크아웃"", ""샐러드"", ""샐러드맛집"", ""대륭포스트타워""]"
https://www.instagram.com/p/DLjhYdVTxK3/,#샐러드#샐러드맛집 여긴.. 최고야 😍 #메밀면샐러드#부채살샐러드 ...#전주샐러드#전주샐러드맛집#전주샐러드추천#전주샐러드배달,샐러드;샐러드맛집;메밀면샐러드;부채살샐러드;전주샐러드;전주샐러드맛집;전주샐러드추천;전주샐러드배달,#샐러드#샐러드맛집 여긴 최고야 #메밀면샐러드#부채살샐러드 #전주샐러드#전주샐러드맛집#전주샐러드추천#전주샐러드배달,"[""여긴"", ""최고야""]","[""샐러드"", ""샐러드맛집"", ""메밀면샐러드"", ""부채살샐러드"", ""전주샐러드"", ""전주샐러드맛집"", ""전주샐러드추천"", ""전주샐러드배달""]","[""여긴"", ""최고야"", ""샐러드"", ""샐러드맛집"", ""메밀면샐러드"", ""부채살샐러드"", ""전주샐러드"", ""전주샐러드맛집"", ""전주샐러드추천"", ""전주샐러드배달""]"
https://www.instagram.com/p/DQG-PVhD8Mv/c/17976441149933042/,SAUCIT의 7가지 소스를 소개합니다.(레드마요소스)매콤한 맛의 특제 레드소스와 마요네즈를 적절하게 섞어낸 딥앤딥 소스매콤한 맛을 선호하시는 분들에게 추천하는 소스입니다.BOLDSAUCEBOLDERFLAVORS,,의 가지 소스를 소개합니다 레드마요소스 매콤한 맛의 특제 레드소스와 마요네즈를 적절하게 섞어낸 딥앤딥 소스매콤한 맛을 선호하시는 분들에게 추천하는 소스입니다,"[""소스를"", ""레드마요소스"", ""매콤한"", ""특제"", ""레드소스와"", ""마요네즈를"", ""적절하게"", ""섞어낸"", ""딥앤딥"", ""소스매콤한"", ""선호하시는"", ""분들에게"", ""추천하는"", ""소스입니다""]","[""소스를"", ""레드마요소스"", ""매콤한"", ""특제"", ""레드소스와"", ""마요네즈를"", ""적절하게"", ""섞어낸"", ""딥앤딥"", ""소스매콤한"", ""선호하시는"", ""분들에게"", ""추천하는"", ""소스입니다""]","[""소스를"", ""레드마요소스"", ""매콤한"", ""특제"", ""레드소스와"", ""마요네즈를"", ""적절하게"", ""섞어낸"", ""딥앤딥"", ""소스매콤한"", ""선호하시는"", ""분들에게"", ""추천하는"", ""소스입니다"", ""소스를"", ""레드마요소스"", ""매콤한"", ""특제"", ""레드소스와"", ""마요네즈를"", ""적절하게"", ""섞어낸"", ""딥앤딥"", ""소스매콤한"", ""선호하시는"", ""분들에게"", ""추천하는"", ""소스입니다""]"
https://www.instagram.com/p/DQIwrvrklpV/,#소고기뭇국🍲  #가을이네 #장사의신돈까스  #샐러드#점심밥상🍚,소고기뭇국;가을이네;장사의신돈까스;샐러드;점심밥상,#소고기뭇국 #가을이네 #장사의신돈까스 #샐러드#점심밥상,[],"[""소고기뭇국"", ""가을이네"", ""장사의신돈까스"", ""샐러드"", ""점심밥상""]","[""소고기뭇국"", ""가을이네"", ""장사의신돈까스"", ""샐러드"", ""점심밥상""]"
https://www.instagram.com/p/DPz_aNBiWnq/,#우리뷔페오늘의메뉴 #닭볶음탕 #물만두 #풋고추#샐러드#상추겉절이#멸치볶음#후식누룽지20251015수요일#,우리뷔페오늘의메뉴;닭볶음탕;물만두;풋고추;샐러드;상추겉절이;멸치볶음;후식누룽지20251015수요일,#우리뷔페오늘의메뉴 #닭볶음탕 #물만두 #풋고추#샐러드#상추겉절이#멸치볶음#후식누룽지 수요일#,"[""수요일""]","[""우리뷔페오늘의메뉴"", ""닭볶음탕"", ""물만두"", ""풋고추"", ""샐러드"", ""상추겉절이"", ""멸치볶음"", ""후식누룽지"", ""수요일""]","[""수요일"", ""우리뷔페오늘의메뉴"", ""닭볶음탕"", ""물만두"", ""풋고추"", ""샐러드"", ""상추겉절이"", ""멸치볶음"", ""후식누룽지"", ""수요일""]"
https://www.instagram.com/p/DQJKXA8ka6o/,#효도스타그램 #엄마 와 #데이트 ♡#가족스타그램 #가족챙기기 #대구 #출장 올때 마다 #일 마치고#부모님 챙기기 #파스타 #스테이크 #샐러드 까지 ^^잘드시고 하니 좋네^^#소고기 #한우  까지 장 다봐드리고#서울 로 슝^^#동에번쩍서에번쩍 #홍길동 #사업하는남자 #천기준대표 #ceo#happy #행복하게 #건강하게 ^^#어머니 #살아생전 잘하자^^♡#love,효도스타그램;엄마;데이트;가족스타그램;가족챙기기;대구;출장;일;부모님;파스타;스테이크;샐러드;소고기;한우;서울;동에번쩍서에번쩍;홍길동;사업하는남자;천기준대표;ceo;happy;행복하게;건강하게;어머니;살아생전;love,#효도스타그램 #엄마 와 #데이트 #가족스타그램 #가족챙기기 #대구 #출장 올때 마다 #일 마치고#부모님 챙기기 #파스타 #스테이크 #샐러드 까지 잘드시고 하니 좋네 #소고기 #한우 까지 장 다봐드리고#서울 로 슝 #동에번쩍서에번쩍 #홍길동 #사업하는남자 #천기준대표 # # #행복하게 #건강하게 #어머니 #살아생전 잘하자 #,"[""올때"", ""마다"", ""마치고"", ""챙기기"", ""잘드시고"", ""하니"", ""좋네"", ""다봐드리고"", ""잘하자""]","[""효도스타그램"", ""데이트"", ""가족스타그램"", ""가족챙기기"", ""대구"", ""출장"", ""부모님"", ""파스타"", ""스테이크"", ""샐러드"", ""소고기"", ""한우"", ""동에번쩍서에번쩍"", ""홍길동"", ""사업하는남자"", ""천기준대표"", ""행복하게"", ""건강하게"", ""어머니"", ""살아생전""]","[""올때"", ""마다"", ""마치고"", ""챙기기"", ""잘드시고"", ""하니"", ""좋네"", ""다봐드리고"", ""잘하자"", ""효도스타그램"", ""데이트"", ""가족스타그램"", ""가족챙기기"", ""대구"", ""출장"", ""부모님"", ""파스타"", ""스테이크"", ""샐러드"", ""소고기"", ""한우"", ""동에번쩍서에번쩍"", ""홍길동"", ""사업하는남자"", ""천기준대표"", ""행복하게"", ""건강하게"", ""어머니"", ""살아생전""]"
https://www.instagram.com/p/DQEeOvlklKY/,엊그제 아가 데리고 재래시장으로 첫 외출을 했는데 갑자기 너어무 추워져서 깜짝 놀랐어요!가을을 건너뛰고 겨울이 된 느낌이더라구요! 지나가는 할머니 할아부지들의 뜨거운 관심을 주시는데 괜히 기분이 좋더라구요!간만의 바깥 외출이라 그런지 추워도 마냥 좋았지만 콧물이 줄줄 나오네요.😭 조만간 아가랑 가을 나들이나 카페도 가보고 싶어요!🙊🤎요즘 이모저모💬➊ 다이어트하는 남편 덕에 요즘 우리 집은 샐러드 파티 🥗➋ 궁금해서 만들어본 오이 샌드위치는 다음은 없는걸로🥒+🥓+🍞=😭➌ 새로 산 예쁜 접시 위에 초밥 올려 먹기 🍣🤍,,엊그제 아가 데리고 재래시장으로 첫 외출을 했는데 갑자기 너어무 추워져서 깜짝 놀랐어요 가을을 건너뛰고 겨울이 된 느낌이더라구요 지나가는 할머니 할아부지들의 뜨거운 관심을 주시는데 괜히 기분이 좋더라구요 간만의 바깥 외출이라 그런지 추워도 마냥 좋았지만 콧물이 줄줄 나오네요 조만간 아가랑 가을 나들이나 카페도 가보고 싶어요 요즘 이모저모 다이어트하는 남편 덕에 요즘 우리 집은 샐러드 파티 궁금해서 만들어본 오이 샌드위치는 다음은 없는걸로 새로 산 예쁜 접시 위에 초밥 올려 먹기,"[""엊그제"", ""아가"", ""데리고"", ""재래시장으로"", ""외출을"", ""했는데"", ""너어무"", ""추워져서"", ""깜짝"", ""놀랐어요"", ""가을을"", ""건너뛰고"", ""겨울이"", ""느낌이더라구요"", ""지나가는"", ""할머니"", ""할아부지들의"", ""뜨거운"", ""관심을"", ""주시는데"", ""괜히"", ""기분이"", ""좋더라구요"", ""간만의"", ""바깥"", ""외출이라"", ""추워도"", ""마냥"", ""좋았지만"", ""콧물이"", ""줄줄"", ""나오네요"", ""조만간"", ""아가랑"", ""가을"", ""나들이나"", ""카페도"", ""가보고"", ""싶어요"", ""이모저모"", ""다이어트하는"", ""남편"", ""덕에"", ""집은"", ""샐러드"", ""파티"", ""궁금해서"", ""만들어본"", ""오이"", ""샌드위치는"", ""다음은"", ""없는걸로"", ""새로"", ""예쁜"", ""초밥"", ""먹기""]","[""엊그제"", ""아가"", ""데리고"", ""재래시장으로"", ""외출을"", ""했는데"", ""너어무"", ""추워져서"", ""깜짝"", ""놀랐어요"", ""가을을"", ""건너뛰고"", ""겨울이"", ""느낌이더라구요"", ""지나가는"", ""할머니"", ""할아부지들의"", ""뜨거운"", ""관심을"", ""주시는데"", ""괜히"", ""기분이"", ""좋더라구요"", ""간만의"", ""바깥"", ""외출이라"", ""추워도"", ""마냥"", ""좋았지만"", ""콧물이"", ""줄줄"", ""나오네요"", ""조만간"", ""아가랑"", ""가을"", ""나들이나"", ""카페도"", ""가보고"", ""싶어요"", ""이모저모"", ""다이어트하는"", ""남편"", ""덕에"", ""집은"", ""샐러드"", ""파티"", ""궁금해서"", ""만들어본"", ""오이"", ""샌드위치는"", ""다음은"", ""없는걸로"", ""새로"", ""예쁜"", ""초밥"", ""먹기""]","[""엊그제"", ""아가"", ""데리고"", ""재래시장으로"", ""외출을"", ""했는데"", ""너어무"", ""추워져서"", ""깜짝"", ""놀랐어요"", ""가을을"", ""건너뛰고"", ""겨울이"", ""느낌이더라구요"", ""지나가는"", ""할머니"", ""할아부지들의"", ""뜨거운"", ""관심을"", ""주시는데"", ""괜히"", ""기분이"", ""좋더라구요"", ""간만의"", ""바깥"", ""외출이라"", ""추워도"", ""마냥"", ""좋았지만"", ""콧물이"", ""줄줄"", ""나오네요"", ""조만간"", ""아가랑"", ""가을"", ""나들이나"", ""카페도"", ""가보고"", ""싶어요"", ""이모저모"", ""다이어트하는"", ""남편"", ""덕에"", ""집은"", ""샐러드"", ""파티"", ""궁금해서"", ""만들어본"", ""오이"", ""샌드위치는"", ""다음은"", ""없는걸로"", ""새로"", ""예쁜"", ""초밥"", ""먹기"", ""엊그제"", ""아가"", ""데리고"", ""재래시장으로"", ""외출을"", ""했는데"", ""너어무"", ""추워져서"", ""깜짝"", ""놀랐어요"", ""가을을"", ""건너뛰고"", ""겨울이"", ""느낌이더라구요"", ""지나가는"", ""할머니"", ""할아부지들의"", ""뜨거운"", ""관심을"", ""주시는데"", ""괜히"", ""기분이"", ""좋더라구요"", ""간만의"", ""바깥"", ""외출이라"", ""추워도"", ""마냥"", ""좋았지만"", ""콧물이"", ""줄줄"", ""나오네요"", ""조만간"", ""아가랑"", ""가을"", ""나들이나"", ""카페도"", ""가보고"", ""싶어요"", ""이모저모"", ""다이어트하는"", ""남편"", ""덕에"", ""집은"", ""샐러드"", ""파티"", ""궁금해서"", ""만들어본"", ""오이"", ""샌드위치는"", ""다음은"", ""없는걸로"", ""새로"", ""예쁜"", ""초밥"", ""먹기""]"
https://www.instagram.com/p/DP9CPAniU8S/,#제품제공그리스 토종 단일 품종으로 연간 단 3회만 한정 수확되는 프리미엄 오일 #에피루스비오스오랜만에 방울토마토로 마리네이드를 만들어 파스타와 함께했어요 :)맛있는 오일이라 그런지 평소보다 마리네이드도 더 풍미가 좋게 느껴졌어요.퀄리티 좋은 냉압착 방식 올리브오일이라향과 풍미가 좋고 어느 요리와도 잘 어울려요😋⛱️ @osselection#프리미엄올리브오일 #냉압착올리브오일 #방울토마토요리 #방울토마토마리네이드 #파스타 #오일파스타 #엑스트라버진 #엑스트라버진올리브오일 #케이준치킨샐러드 #샐러드 #홈브런치 #홈카페 #온더테이블 #혼밥러,제품제공그리스;에피루스비오스오랜만에;프리미엄올리브오일;냉압착올리브오일;방울토마토요리;방울토마토마리네이드;파스타;오일파스타;엑스트라버진;엑스트라버진올리브오일;케이준치킨샐러드;샐러드;홈브런치;홈카페;온더테이블;혼밥러,#제품제공그리스 토종 단일 품종으로 연간 단 회만 한정 수확되는 프리미엄 오일 #에피루스비오스오랜만에 방울토마토로 마리네이드를 만들어 파스타와 함께했어요 맛있는 오일이라 그런지 평소보다 마리네이드도 더 풍미가 좋게 느껴졌어요 퀄리티 좋은 냉압착 방식 올리브오일이라향과 풍미가 좋고 어느 요리와도 잘 어울려요 #프리미엄올리브오일 #냉압착올리브오일 #방울토마토요리 #방울토마토마리네이드 #파스타 #오일파스타 #엑스트라버진 #엑스트라버진올리브오일 #케이준치킨샐러드 #샐러드 #홈브런치 #홈카페 #온더테이블 #혼밥러,"[""토종"", ""단일"", ""품종으로"", ""연간"", ""회만"", ""한정"", ""수확되는"", ""프리미엄"", ""오일"", ""방울토마토로"", ""마리네이드를"", ""만들어"", ""파스타와"", ""함께했어요"", ""오일이라"", ""평소보다"", ""마리네이드도"", ""풍미가"", ""좋게"", ""느껴졌어요"", ""퀄리티"", ""냉압착"", ""방식"", ""올리브오일이라향과"", ""풍미가"", ""좋고"", ""어느"", ""요리와도"", ""어울려요""]","[""제품제공그리스"", ""에피루스비오스오랜만에"", ""프리미엄올리브오일"", ""냉압착올리브오일"", ""방울토마토요리"", ""방울토마토마리네이드"", ""파스타"", ""오일파스타"", ""엑스트라버진"", ""엑스트라버진올리브오일"", ""케이준치킨샐러드"", ""샐러드"", ""홈브런치"", ""홈카페"", ""온더테이블"", ""혼밥러""]","[""토종"", ""단일"", ""품종으로"", ""연간"", ""회만"", ""한정"", ""수확되는"", ""프리미엄"", ""오일"", ""방울토마토로"", ""마리네이드를"", ""만들어"", ""파스타와"", ""함께했어요"", ""오일이라"", ""평소보다"", ""마리네이드도"", ""풍미가"", ""좋게"", ""느껴졌어요"", ""퀄리티"", ""냉압착"", ""방식"", ""올리브오일이라향과"", ""풍미가"", ""좋고"", ""어느"", ""요리와도"", ""어울려요"", ""제품제공그리스"", ""에피루스비오스오랜만에"", ""프리미엄올리브오일"", ""냉압착올리브오일"", ""방울토마토요리"", ""방울토마토마리네이드"", ""파스타"", ""오일파스타"", ""엑스트라버진"", ""엑스트라버진올리브오일"", ""케이준치킨샐러드"", ""샐러드"", ""홈브런치"", ""홈카페"", ""온더테이블"", ""혼밥러""]"
https://www.instagram.com/p/DQHcGiCkvtR/,10월 1일 식단🥗우삼겹 & 달걀면 샐러드 with스위트 스리라차🥪치킨 타코 샌드위치+미니 샐러드 with허니머스터드,,월 일 식단 우삼겹 달걀면 샐러드 스위트 스리라차 치킨 타코 샌드위치 미니 샐러드 허니머스터드,"[""식단"", ""우삼겹"", ""달걀면"", ""샐러드"", ""스위트"", ""스리라차"", ""치킨"", ""타코"", ""샌드위치"", ""미니"", ""샐러드"", ""허니머스터드""]","[""식단"", ""우삼겹"", ""달걀면"", ""샐러드"", ""스위트"", ""스리라차"", ""치킨"", ""타코"", ""샌드위치"", ""미니"", ""샐러드"", ""허니머스터드""]","[""식단"", ""우삼겹"", ""달걀면"", ""샐러드"", ""스위트"", ""스리라차"", ""치킨"", ""타코"", ""샌드위치"", ""미니"", ""샐러드"", ""허니머스터드"", ""식단"", ""우삼겹"", ""달걀면"", ""샐러드"", ""스위트"", ""스리라차"", ""치킨"", ""타코"", ""샌드위치"", ""미니"", ""샐러드"", ""허니머스터드""]"
https://www.instagram.com/p/DQFqpItEzTP/,오늘은 소불고기 도시락 🍱 간장. 설탕. 굴소스. 맛술. 생강. 후추로 양념한소불고기 잠시 재워두고~양배추 먼저 살살 볶다가 재워둔 고기 넣고 달달달~무농약 설원버섯은 전분뿌리고 계란물 묻혀 굽굽~시금치는 물기뺀 두부랑 함께 묻혀서 영양 업업~샐러드는 치즈.방울토마토와 함께~오늘 과일은 샤인머스켓 😀..#엄마표도시락 #매일싸가는시우의도시락#건강도시락 #싹싹다먹어주는우리시우 #운동하는#탄단지 #저녁도시락 #오늘은뭘싸가지#간단한요리 #재료만준비되어있음 #10분컷#아이스하키 #소불고기 #무농약설원버섯 #시금치두부무침 #버섯전 #샤인머스켓 #샐러드,엄마표도시락;매일싸가는시우의도시락;건강도시락;싹싹다먹어주는우리시우;운동하는;탄단지;저녁도시락;오늘은뭘싸가지;간단한요리;재료만준비되어있음;10분컷;아이스하키;소불고기;무농약설원버섯;시금치두부무침;버섯전;샤인머스켓;샐러드,오늘은 소불고기 도시락 간장 설탕 굴소스 맛술 생강 후추로 양념한소불고기 잠시 재워두고 양배추 먼저 살살 볶다가 재워둔 고기 넣고 달달달 무농약 설원버섯은 전분뿌리고 계란물 묻혀 굽굽 시금치는 물기뺀 두부랑 함께 묻혀서 영양 업업 샐러드는 치즈 방울토마토와 함께 오늘 과일은 샤인머스켓 #엄마표도시락 #매일싸가는시우의도시락#건강도시락 #싹싹다먹어주는우리시우 #운동하는#탄단지 #저녁도시락 #오늘은뭘싸가지#간단한요리 #재료만준비되어있음 # 분컷#아이스하키 #소불고기 #무농약설원버섯 #시금치두부무침 #버섯전 #샤인머스켓 #샐러드,"[""소불고기"", ""도시락"", ""간장"", ""설탕"", ""굴소스"", ""맛술"", ""생강"", ""후추로"", ""양념한소불고기"", ""잠시"", ""재워두고"", ""양배추"", ""살살"", ""볶다가"", ""재워둔"", ""고기"", ""달달달"", ""무농약"", ""설원버섯은"", ""전분뿌리고"", ""계란물"", ""묻혀"", ""굽굽"", ""시금치는"", ""물기뺀"", ""두부랑"", ""함께"", ""묻혀서"", ""영양"", ""업업"", ""샐러드는"", ""치즈"", ""방울토마토와"", ""함께"", ""과일은"", ""샤인머스켓"", ""분컷""]","[""엄마표도시락"", ""매일싸가는시우의도시락"", ""건강도시락"", ""싹싹다먹어주는우리시우"", ""운동하는"", ""탄단지"", ""저녁도시락"", ""오늘은뭘싸가지"", ""간단한요리"", ""재료만준비되어있음"", ""분컷"", ""아이스하키"", ""소불고기"", ""무농약설원버섯"", ""시금치두부무침"", ""버섯전"", ""샤인머스켓"", ""샐러드""]","[""소불고기"", ""도시락"", ""간장"", ""설탕"", ""굴소스"", ""맛술"", ""생강"", ""후추로"", ""양념한소불고기"", ""잠시"", ""재워두고"", ""양배추"", ""살살"", ""볶다가"", ""재워둔"", ""고기"", ""달달달"", ""무농약"", ""설원버섯은"", ""전분뿌리고"", ""계란물"", ""묻혀"", ""굽굽"", ""시금치는"", ""물기뺀"", ""두부랑"", ""함께"", ""묻혀서"", ""영양"", ""업업"", ""샐러드는"", ""치즈"", ""방울토마토와"", ""함께"", ""과일은"", ""샤인머스켓"", ""분컷"", ""엄마표도시락"", ""매일싸가는시우의도시락"", ""건강도시락"", ""싹싹다먹어주는우리시우"", ""운동하는"", ""탄단지"", ""저녁도시락"", ""오늘은뭘싸가지"", ""간단한요리"", ""재료만준비되어있음"", ""분컷"", ""아이스하키"", ""소불고기"", ""무농약설원버섯"", ""시금치두부무침"", ""버섯전"", ""샤인머스켓"", ""샐러드""]"
https://www.instagram.com/p/DPyaYYkEajU/,:)저녁에 제품이 와다다 판매되어서호로록 채워놨습니당💛#광명맛집#광명샐러드#야간맛집#샐러드#무인매장,광명맛집;광명샐러드;야간맛집;샐러드;무인매장,저녁에 제품이 와다다 판매되어서호로록 채워놨습니당 #광명맛집#광명샐러드#야간맛집#샐러드#무인매장,"[""저녁에"", ""제품이"", ""와다다"", ""판매되어서호로록"", ""채워놨습니당""]","[""광명맛집"", ""광명샐러드"", ""야간맛집"", ""샐러드"", ""무인매장""]","[""저녁에"", ""제품이"", ""와다다"", ""판매되어서호로록"", ""채워놨습니당"", ""광명맛집"", ""광명샐러드"", ""야간맛집"", ""샐러드"", ""무인매장""]"
https://www.instagram.com/p/DQItUB-kmw5/,🥗 오늘도 신선함 가득 채웠습니다!매일 아침 손질한 채소로 만든진짜 리얼 프레시 샐러드 💚배고픈 점심엔 고민하지 말고그냥 샐러마켓으로 직진~🚶‍♂️🚶‍♀️홀에서 편하게 한 끼 하고 가요 😋#샐러마켓 #매일신선한샐러드 #점심은샐러마켓 #건강하게한끼 #불광맛집#샐러마켓 #샐러드맛집 #건강한한끼#샐러드정기구독 #불광맛집 #힐링런치 #샐러드러버 #불광샐러드정기구독 #은평샐러드 #불광 #샐러드 #은평 #독바위 #음식스타그램 #샐러드정기배송 #샐러드배달 #샐러드도시락 #샐러드카페,샐러마켓;매일신선한샐러드;점심은샐러마켓;건강하게한끼;불광맛집;샐러드맛집;건강한한끼;샐러드정기구독;힐링런치;샐러드러버;불광샐러드정기구독;은평샐러드;불광;샐러드;은평;독바위;음식스타그램;샐러드정기배송;샐러드배달;샐러드도시락;샐러드카페,오늘도 신선함 가득 채웠습니다 매일 아침 손질한 채소로 만든진짜 리얼 프레시 샐러드 배고픈 점심엔 고민하지 말고그냥 샐러마켓으로 직진 홀에서 편하게 한 끼 하고 가요 #샐러마켓 #매일신선한샐러드 #점심은샐러마켓 #건강하게한끼 #불광맛집#샐러마켓 #샐러드맛집 #건강한한끼#샐러드정기구독 #불광맛집 #힐링런치 #샐러드러버 #불광샐러드정기구독 #은평샐러드 #불광 #샐러드 #은평 #독바위 #음식스타그램 #샐러드정기배송 #샐러드배달 #샐러드도시락 #샐러드카페,"[""신선함"", ""채웠습니다"", ""매일"", ""아침"", ""손질한"", ""채소로"", ""만든진짜"", ""리얼"", ""프레시"", ""샐러드"", ""배고픈"", ""점심엔"", ""고민하지"", ""말고그냥"", ""샐러마켓으로"", ""직진"", ""홀에서"", ""편하게"", ""가요""]","[""샐러마켓"", ""매일신선한샐러드"", ""점심은샐러마켓"", ""건강하게한끼"", ""불광맛집"", ""샐러드맛집"", ""건강한한끼"", ""샐러드정기구독"", ""힐링런치"", ""샐러드러버"", ""불광샐러드정기구독"", ""은평샐러드"", ""불광"", ""샐러드"", ""은평"", ""독바위"", ""음식스타그램"", ""샐러드정기배송"", ""샐러드배달"", ""샐러드도시락"", ""샐러드카페""]","[""신선함"", ""채웠습니다"", ""매일"", ""아침"", ""손질한"", ""채소로"", ""만든진짜"", ""리얼"", ""프레시"", ""샐러드"", ""배고픈"", ""점심엔"", ""고민하지"", ""말고그냥"", ""샐러마켓으로"", ""직진"", ""홀에서"", ""편하게"", ""가요"", ""샐러마켓"", ""매일신선한샐러드"", ""점심은샐러마켓"", ""건강하게한끼"", ""불광맛집"", ""샐러드맛집"", ""건강한한끼"", ""샐러드정기구독"", ""힐링런치"", ""샐러드러버"", ""불광샐러드정기구독"", ""은평샐러드"", ""불광"", ""샐러드"", ""은평"", ""독바위"", ""음식스타그램"", ""샐러드정기배송"", ""샐러드배달"", ""샐러드도시락"", ""샐러드카페""]"
https://www.instagram.com/p/DP_DbDUkU_t/c/17893710639204171/,"4종 샌드위치 수업, 긴 시간 동안 정말 고생 많으셨어요👏🏻 후반엔 말수 줄고, 숨죽인 채 하나하나 완성하셨죠. 오늘은 집에 가셔서 바로 쓰러지시지 않을까 싶어요😆 그래도 끝까지 완벽히 해내셨어요✨",,종 샌드위치 수업 긴 시간 동안 정말 고생 많으셨어요 후반엔 말수 줄고 숨죽인 채 하나하나 완성하셨죠 오늘은 집에 가셔서 바로 쓰러지시지 않을까 싶어요 그래도 끝까지 완벽히 해내셨어요,"[""샌드위치"", ""시간"", ""동안"", ""고생"", ""많으셨어요"", ""후반엔"", ""말수"", ""줄고"", ""숨죽인"", ""하나하나"", ""완성하셨죠"", ""가셔서"", ""쓰러지시지"", ""않을까"", ""싶어요"", ""끝까지"", ""완벽히"", ""해내셨어요""]","[""샌드위치"", ""시간"", ""동안"", ""고생"", ""많으셨어요"", ""후반엔"", ""말수"", ""줄고"", ""숨죽인"", ""하나하나"", ""완성하셨죠"", ""가셔서"", ""쓰러지시지"", ""않을까"", ""싶어요"", ""끝까지"", ""완벽히"", ""해내셨어요""]","[""샌드위치"", ""시간"", ""동안"", ""고생"", ""많으셨어요"", ""후반엔"", ""말수"", ""줄고"", ""숨죽인"", ""하나하나"", ""완성하셨죠"", ""가셔서"", ""쓰러지시지"", ""않을까"", ""싶어요"", ""끝까지"", ""완벽히"", ""해내셨어요"", ""샌드위치"", ""시간"", ""동안"", ""고생"", ""많으셨어요"", ""후반엔"", ""말수"", ""줄고"", ""숨죽인"", ""하나하나"", ""완성하셨죠"", ""가셔서"", ""쓰러지시지"", ""않을까"", ""싶어요"", ""끝까지"", ""완벽히"", ""해내셨어요""]"
https://www.instagram.com/p/DP5c3_XEZY4/,아침 운동 후 미용실 다녀오고이제서야 먹는 첫끼화창한 날씨 덕에블라인드 사이로 들어오는 빛이 너무 좋은나의 새로운 작업 공간✨👍,,아침 운동 후 미용실 다녀오고이제서야 먹는 첫끼화창한 날씨 덕에블라인드 사이로 들어오는 빛이 너무 좋은나의 새로운 작업 공간,"[""아침"", ""운동"", ""미용실"", ""다녀오고이제서야"", ""첫끼화창한"", ""날씨"", ""덕에블라인드"", ""사이로"", ""들어오는"", ""빛이"", ""좋은나의"", ""작업"", ""공간""]","[""아침"", ""운동"", ""미용실"", ""다녀오고이제서야"", ""첫끼화창한"", ""날씨"", ""덕에블라인드"", ""사이로"", ""들어오는"", ""빛이"", ""좋은나의"", ""작업"", ""공간""]","[""아침"", ""운동"", ""미용실"", ""다녀오고이제서야"", ""첫끼화창한"", ""날씨"", ""덕에블라인드"", ""사이로"", ""들어오는"", ""빛이"", ""좋은나의"", ""작업"", ""공간"", ""아침"", ""운동"", ""미용실"", ""다녀오고이제서야"", ""첫끼화창한"", ""날씨"", ""덕에블라인드"", ""사이로"", ""들어오는"", ""빛이"", ""좋은나의"", ""작업"", ""공간""]"
https://www.instagram.com/p/DQJAg4OElga/,"안녕하세요 샌드샐리입니다 경산교육지원청과 예약단체주문으로 샌드세트 전달드렸습니다 해시에그샌드위치와 오렌지, 자몽주스로 변경하여 주문해주셨습니다 주문감사드리며 오늘도 즐거운 하루되세요~감사합니다 ^^#샌드위치샐러드맛집 #특제소스직접제조 #맛있는샌드위치샐러드를위하여 #경산샌드위치 #압량샌드위치 #영대샌드위치 #샌드샐리 #샌드위치 #샐러드 #경산맛집 #경산샐러드 #압량 #어서오세요 #신대부적샌드위치 #신대부적맛집 #단체주문 #샌드세트 #신대부적샐러드 #영대샐러드 #해독주스#샌드위치단체주문환영 #경산민생회복소비쿠폰#간식주문 #경산간식 #경산디저트 #경산맛도리#경산단체주문 #경산 #경산답례품",샌드위치샐러드맛집;특제소스직접제조;맛있는샌드위치샐러드를위하여;경산샌드위치;압량샌드위치;영대샌드위치;샌드샐리;샌드위치;샐러드;경산맛집;경산샐러드;압량;어서오세요;신대부적샌드위치;신대부적맛집;단체주문;샌드세트;신대부적샐러드;영대샐러드;해독주스;샌드위치단체주문환영;경산민생회복소비쿠폰;간식주문;경산간식;경산디저트;경산맛도리;경산단체주문;경산;경산답례품,안녕하세요 샌드샐리입니다 경산교육지원청과 예약단체주문으로 샌드세트 전달드렸습니다 해시에그샌드위치와 오렌지 자몽주스로 변경하여 주문해주셨습니다 주문감사드리며 오늘도 즐거운 하루되세요 감사합니다 #샌드위치샐러드맛집 #특제소스직접제조 #맛있는샌드위치샐러드를위하여 #경산샌드위치 #압량샌드위치 #영대샌드위치 #샌드샐리 #샌드위치 #샐러드 #경산맛집 #경산샐러드 #압량 #어서오세요 #신대부적샌드위치 #신대부적맛집 #단체주문 #샌드세트 #신대부적샐러드 #영대샐러드 #해독주스#샌드위치단체주문환영 #경산민생회복소비쿠폰#간식주문 #경산간식 #경산디저트 #경산맛도리#경산단체주문 #경산 #경산답례품,"[""샌드샐리입니다"", ""경산교육지원청과"", ""예약단체주문으로"", ""샌드세트"", ""전달드렸습니다"", ""해시에그샌드위치와"", ""오렌지"", ""자몽주스로"", ""변경하여"", ""주문해주셨습니다"", ""주문감사드리며"", ""즐거운"", ""하루되세요""]","[""샌드위치샐러드맛집"", ""특제소스직접제조"", ""맛있는샌드위치샐러드를위하여"", ""경산샌드위치"", ""압량샌드위치"", ""영대샌드위치"", ""샌드샐리"", ""샌드위치"", ""샐러드"", ""경산맛집"", ""경산샐러드"", ""압량"", ""어서오세요"", ""신대부적샌드위치"", ""신대부적맛집"", ""샌드세트"", ""신대부적샐러드"", ""영대샐러드"", ""해독주스"", ""샌드위치단체주문환영"", ""경산민생회복소비쿠폰"", ""간식주문"", ""경산간식"", ""경산디저트"", ""경산맛도리"", ""경산단체주문"", ""경산"", ""경산답례품""]","[""샌드샐리입니다"", ""경산교육지원청과"", ""예약단체주문으로"", ""샌드세트"", ""전달드렸습니다"", ""해시에그샌드위치와"", ""오렌지"", ""자몽주스로"", ""변경하여"", ""주문해주셨습니다"", ""주문감사드리며"", ""즐거운"", ""하루되세요"", ""샌드위치샐러드맛집"", ""특제소스직접제조"", ""맛있는샌드위치샐러드를위하여"", ""경산샌드위치"", ""압량샌드위치"", ""영대샌드위치"", ""샌드샐리"", ""샌드위치"", ""샐러드"", ""경산맛집"", ""경산샐러드"", ""압량"", ""어서오세요"", ""신대부적샌드위치"", ""신대부적맛집"", ""샌드세트"", ""신대부적샐러드"", ""영대샐러드"", ""해독주스"", ""샌드위치단체주문환영"", ""경산민생회복소비쿠폰"", ""간식주문"", ""경산간식"", ""경산디저트"", ""경산맛도리"", ""경산단체주문"", ""경산"", ""경산답례품""]"
https://www.instagram.com/p/DQJddtQD7Gh/,<10월 23일 당일 생산 오후 재고>연어 품절수비드 품절 (22일 생산 1)쉬림프 1잠봉 1 (22일 생산 2)핫치킨 품절슬라이스 2아래칸은 하루전 제품 10프로 할인 판매 중입니다~#용산맛집 #용산샐러드 #용산샐러드맛집 #도시락 #건강샐러드 #24시식당 #용산역맛집 #샐러드,용산맛집;용산샐러드;용산샐러드맛집;도시락;건강샐러드;24시식당;용산역맛집;샐러드,월 일 당일 생산 오후 재고 연어 품절수비드 품절 일 생산 쉬림프 잠봉 일 생산 핫치킨 품절슬라이스 아래칸은 하루전 제품 프로 할인 판매 중입니다 #용산맛집 #용산샐러드 #용산샐러드맛집 #도시락 #건강샐러드 # 시식당 #용산역맛집 #샐러드,"[""당일"", ""생산"", ""오후"", ""재고"", ""연어"", ""품절수비드"", ""품절"", ""생산"", ""쉬림프"", ""잠봉"", ""생산"", ""핫치킨"", ""품절슬라이스"", ""아래칸은"", ""하루전"", ""프로"", ""할인"", ""판매"", ""중입니다""]","[""용산맛집"", ""용산샐러드"", ""용산샐러드맛집"", ""도시락"", ""건강샐러드"", ""용산역맛집"", ""샐러드""]","[""당일"", ""생산"", ""오후"", ""재고"", ""연어"", ""품절수비드"", ""품절"", ""생산"", ""쉬림프"", ""잠봉"", ""생산"", ""핫치킨"", ""품절슬라이스"", ""아래칸은"", ""하루전"", ""프로"", ""할인"", ""판매"", ""중입니다"", ""용산맛집"", ""용산샐러드"", ""용산샐러드맛집"", ""도시락"", ""건강샐러드"", ""용산역맛집"", ""샐러드""]"
https://www.instagram.com/p/DPz_dFqk7mp/c/18081361070051629/,"Tasty, Healthy, Enjoy신메뉴 샐러드 4종 출시🥗✨하루를 가볍게, 기분은 풍성하게!다양한 취향을 담은 T.H.E SALAD가 나왔어 🌿오늘은 산뜻하게 내일은 든든하게하루 기분에 따라 다양하게 선택할 수 있다구🥚영향 균형까지 고려한 든든한 한끼 #탄단지데이샐러드🧀클래식 조합에 크런치함을 더한 #크런치시저샐러드🍗불향 가득, 풍성한 양으로 즐기는 #로스팅닭다리살샐러드🔥훈제 오리와 단호박으로 포만감 가득한 #가든스모크덕샐러드오늘은 어떤 샐러드로 맛있는 하루를 만들어 볼까?💙 신메뉴가 궁금하다면샐러드 먹으러 지금 바로 슬로우캘리로!🤗",탄단지데이샐러드;크런치시저샐러드;로스팅닭다리살샐러드;가든스모크덕샐러드,신메뉴 샐러드 종 출시 하루를 가볍게 기분은 풍성하게 다양한 취향을 담은 가 나왔어 오늘은 산뜻하게 내일은 든든하게하루 기분에 따라 다양하게 선택할 수 있다구 영향 균형까지 고려한 든든한 한끼 #탄단지데이샐러드 클래식 조합에 크런치함을 더한 #크런치시저샐러드 불향 가득 풍성한 양으로 즐기는 #로스팅닭다리살샐러드 훈제 오리와 단호박으로 포만감 가득한 #가든스모크덕샐러드오늘은 어떤 샐러드로 맛있는 하루를 만들어 볼까 신메뉴가 궁금하다면샐러드 먹으러 지금 바로 슬로우캘리로,"[""신메뉴"", ""샐러드"", ""출시"", ""하루를"", ""가볍게"", ""기분은"", ""풍성하게"", ""다양한"", ""취향을"", ""나왔어"", ""산뜻하게"", ""내일은"", ""든든하게하루"", ""기분에"", ""다양하게"", ""선택할"", ""있다구"", ""영향"", ""균형까지"", ""고려한"", ""든든한"", ""한끼"", ""클래식"", ""조합에"", ""크런치함을"", ""더한"", ""불향"", ""풍성한"", ""양으로"", ""즐기는"", ""훈제"", ""오리와"", ""단호박으로"", ""포만감"", ""가득한"", ""샐러드로"", ""하루를"", ""만들어"", ""볼까"", ""신메뉴가"", ""궁금하다면샐러드"", ""지금"", ""슬로우캘리로""]","[""탄단지데이샐러드"", ""크런치시저샐러드"", ""로스팅닭다리살샐러드"", ""가든스모크덕샐러드""]","[""신메뉴"", ""샐러드"", ""출시"", ""하루를"", ""가볍게"", ""기분은"", ""풍성하게"", ""다양한"", ""취향을"", ""나왔어"", ""산뜻하게"", ""내일은"", ""든든하게하루"", ""기분에"", ""다양하게"", ""선택할"", ""있다구"", ""영향"", ""균형까지"", ""고려한"", ""든든한"", ""한끼"", ""클래식"", ""조합에"", ""크런치함을"", ""더한"", ""불향"", ""풍성한"", ""양으로"", ""즐기는"", ""훈제"", ""오리와"", ""단호박으로"", ""포만감"", ""가득한"", ""샐러드로"", ""하루를"", ""만들어"", ""볼까"", ""신메뉴가"", ""궁금하다면샐러드"", ""지금"", ""슬로우캘리로"", ""탄단지데이샐러드"", ""크런치시저샐러드"", ""로스팅닭다리살샐러드"", ""가든스모크덕샐러드""]"
https://www.instagram.com/p/DCVr3Kby5RZ/,"수능 임시휴업, 재량휴업으로 쭈욱 쉬는 중딩언니와 불청객의🥷🏻,, 방문으로 아무것도 하기 싫은 오늘이에요,,😶‍🌫️굽지 않아도 퐁신퐁신 맛있는 식빵에 버터랑 딸기잼 발라 간단히 먹고(양은 결코 간단하지 않음ㅋㅋㅋ) 루꼴라 한줌, 샤인머스캣 5알, 무화과 1개, 모짜렐라스낵팩 3알, 소금, 후추, 올리브오일로 더 간단하게 샐러드 그리고 요즘 아주 푹 ~~ 빠져있는 땅콩라떼 만들어 먹었어요 ~💚저녁은 더 아무것도 하기 싫을 것 같은 오늘이에요🏃‍♀️💨💨💨#집밥#홈쿡#홈브런치#점심#홈카페#라떼#샤인머스캣#무화과#루꼴라#샐러드#원플레이트#instafood#간편요리#레시피#수능",집밥;홈쿡;홈브런치;점심;홈카페;라떼;샤인머스캣;무화과;루꼴라;샐러드;원플레이트;instafood;간편요리;레시피;수능,수능 임시휴업 재량휴업으로 쭈욱 쉬는 중딩언니와 불청객의 방문으로 아무것도 하기 싫은 오늘이에요 굽지 않아도 퐁신퐁신 맛있는 식빵에 버터랑 딸기잼 발라 간단히 먹고 양은 결코 간단하지 않음ㅋㅋㅋ 루꼴라 한줌 샤인머스캣 알 무화과 개 모짜렐라스낵팩 알 소금 후추 올리브오일로 더 간단하게 샐러드 그리고 요즘 아주 푹 빠져있는 땅콩라떼 만들어 먹었어요 저녁은 더 아무것도 하기 싫을 것 같은 오늘이에요 #집밥#홈쿡#홈브런치#점심#홈카페#라떼#샤인머스캣#무화과#루꼴라#샐러드#원플레이트# #간편요리#레시피#수능,"[""수능"", ""임시휴업"", ""재량휴업으로"", ""쭈욱"", ""쉬는"", ""중딩언니와"", ""불청객의"", ""방문으로"", ""아무것도"", ""하기"", ""싫은"", ""오늘이에요"", ""굽지"", ""않아도"", ""퐁신퐁신"", ""식빵에"", ""버터랑"", ""딸기잼"", ""발라"", ""간단히"", ""양은"", ""결코"", ""간단하지"", ""않음ㅋㅋㅋ"", ""루꼴라"", ""한줌"", ""샤인머스캣"", ""무화과"", ""모짜렐라스낵팩"", ""소금"", ""후추"", ""올리브오일로"", ""샐러드"", ""빠져있는"", ""땅콩라떼"", ""만들어"", ""저녁은"", ""아무것도"", ""하기"", ""싫을"", ""오늘이에요""]","[""집밥"", ""홈쿡"", ""홈브런치"", ""점심"", ""홈카페"", ""라떼"", ""샤인머스캣"", ""무화과"", ""루꼴라"", ""샐러드"", ""원플레이트"", ""간편요리"", ""레시피"", ""수능""]","[""수능"", ""임시휴업"", ""재량휴업으로"", ""쭈욱"", ""쉬는"", ""중딩언니와"", ""불청객의"", ""방문으로"", ""아무것도"", ""하기"", ""싫은"", ""오늘이에요"", ""굽지"", ""않아도"", ""퐁신퐁신"", ""식빵에"", ""버터랑"", ""딸기잼"", ""발라"", ""간단히"", ""양은"", ""결코"", ""간단하지"", ""않음ㅋㅋㅋ"", ""루꼴라"", ""한줌"", ""샤인머스캣"", ""무화과"", ""모짜렐라스낵팩"", ""소금"", ""후추"", ""올리브오일로"", ""샐러드"", ""빠져있는"", ""땅콩라떼"", ""만들어"", ""저녁은"", ""아무것도"", ""하기"", ""싫을"", ""오늘이에요"", ""집밥"", ""홈쿡"", ""홈브런치"", ""점심"", ""홈카페"", ""라떼"", ""샤인머스캣"", ""무화과"", ""루꼴라"", ""샐러드"", ""원플레이트"", ""간편요리"", ""레시피"", ""수능""]"
https://www.instagram.com/p/DPPrhVFEvkP/c/17901775914273211/,"저희 피자는 특별해요!!손박죽 하는 피자로 시작해 거의 8~9년을 손반죽을 했어요.그래서 지금은 반죽기를 사고 만들어도 어떤 상태가 좋은지 또 발효가 어떻게 잘 되는지 딱 알거든요!!그래서 드시면 속이 편하고 자극적이지 않지만 맛도 너무너무 조화롭고 맛있어요.파스타와 샐러드와 함께 즐기면, 여기가 이탈리아 아니겠어요?? 먹으면 행복해지는 피자!! 맛보러 오세요~~🫶#피자맛집 #이탈리아 현지맛을 생각하며 매일매일 만듭니다!!#순천피자맛집 #순천파스타맛집 #샐러드 #오가닉 #순천맛집",피자맛집;이탈리아;순천피자맛집;순천파스타맛집;샐러드;오가닉;순천맛집,저희 피자는 특별해요 손박죽 하는 피자로 시작해 거의 년을 손반죽을 했어요 그래서 지금은 반죽기를 사고 만들어도 어떤 상태가 좋은지 또 발효가 어떻게 잘 되는지 딱 알거든요 그래서 드시면 속이 편하고 자극적이지 않지만 맛도 너무너무 조화롭고 맛있어요 파스타와 샐러드와 함께 즐기면 여기가 이탈리아 아니겠어요 먹으면 행복해지는 피자 맛보러 오세요 #피자맛집 #이탈리아 현지맛을 생각하며 매일매일 만듭니다 #순천피자맛집 #순천파스타맛집 #샐러드 #오가닉 #순천맛집,"[""저희"", ""피자는"", ""특별해요"", ""손박죽"", ""피자로"", ""시작해"", ""년을"", ""손반죽을"", ""했어요"", ""지금은"", ""반죽기를"", ""사고"", ""만들어도"", ""상태가"", ""좋은지"", ""발효가"", ""어떻게"", ""되는지"", ""알거든요"", ""드시면"", ""속이"", ""편하고"", ""자극적이지"", ""않지만"", ""맛도"", ""너무너무"", ""조화롭고"", ""파스타와"", ""샐러드와"", ""함께"", ""즐기면"", ""여기가"", ""이탈리아"", ""아니겠어요"", ""행복해지는"", ""피자"", ""맛보러"", ""오세요"", ""현지맛을"", ""생각하며"", ""매일매일"", ""만듭니다""]","[""피자맛집"", ""이탈리아"", ""순천피자맛집"", ""순천파스타맛집"", ""샐러드"", ""오가닉"", ""순천맛집""]","[""저희"", ""피자는"", ""특별해요"", ""손박죽"", ""피자로"", ""시작해"", ""년을"", ""손반죽을"", ""했어요"", ""지금은"", ""반죽기를"", ""사고"", ""만들어도"", ""상태가"", ""좋은지"", ""발효가"", ""어떻게"", ""되는지"", ""알거든요"", ""드시면"", ""속이"", ""편하고"", ""자극적이지"", ""않지만"", ""맛도"", ""너무너무"", ""조화롭고"", ""파스타와"", ""샐러드와"", ""함께"", ""즐기면"", ""여기가"", ""이탈리아"", ""아니겠어요"", ""행복해지는"", ""피자"", ""맛보러"", ""오세요"", ""현지맛을"", ""생각하며"", ""매일매일"", ""만듭니다"", ""피자맛집"", ""이탈리아"", ""순천피자맛집"", ""순천파스타맛집"", ""샐러드"", ""오가닉"", ""순천맛집""]"
https://www.instagram.com/p/DOdUYqSCQdr/c/17990819705697107/,"알배추샐러드 ᐝ 레스토랑 분위기 물씬 나는 알배추샐러드 🥬✨알배추만 있으면 집에서도 손쉽게 만들 수 있어서다이어트 식단으로도, 홈파티 초대요리로도 딱이에요집에서도 간단하고 근사하게 완성되는 알배추샐러드 🤍⸻🧂재료알배추 반통올리브오일소금후추베이컨 2-3줄쪽파그라나파다노 치즈파프리카가루🥣 드레싱저당 마요네즈 4T레몬즙 1T알룰로스 1T홀그레인머스타드 0.5T(계량 기준: 1T=15ml, 1t=5ml)⸻👩🏻‍🍳 만드는 순서1. 알배추 반통을 반으로 잘라 깨끗이 씻은 뒤, 키친타올로 물기를 제거해주세요2. 배추에 올리브오일·소금·후추로 밑간해주세요3. 오일 두른 팬에 베이컨을 바삭하게 튀기듯 굽고 빼주세요4. 같은 팬에 올리브오일을 추가한 뒤 배추를 올려 모든 면을 태우듯 골고루 구워주세요5. 구운 배추에 드레싱을 바르고, 베이컨칩·쪽파·그라나파다노 치즈·파프리카 가루를 뿌리면 완성!⸻💡 먼뜨 Tip• 알배추는 최대한 태우듯 굽는게 포인트!• 신맛에 약한 편이라면 레몬즙 좀더 줄여주세요⸻",,알배추샐러드 레스토랑 분위기 물씬 나는 알배추샐러드 알배추만 있으면 집에서도 손쉽게 만들 수 있어서다이어트 식단으로도 홈파티 초대요리로도 딱이에요집에서도 간단하고 근사하게 완성되는 알배추샐러드 재료알배추 반통올리브오일소금후추베이컨 줄쪽파그라나파다노 치즈파프리카가루 드레싱저당 마요네즈 레몬즙 알룰로스 홀그레인머스타드 계량 기준 만드는 순서 알배추 반통을 반으로 잘라 깨끗이 씻은 뒤 키친타올로 물기를 제거해주세요 배추에 올리브오일 소금 후추로 밑간해주세요 오일 두른 팬에 베이컨을 바삭하게 튀기듯 굽고 빼주세요 같은 팬에 올리브오일을 추가한 뒤 배추를 올려 모든 면을 태우듯 골고루 구워주세요 구운 배추에 드레싱을 바르고 베이컨칩 쪽파 그라나파다노 치즈 파프리카 가루를 뿌리면 완성 먼뜨 알배추는 최대한 태우듯 굽는게 포인트 신맛에 약한 편이라면 레몬즙 좀더 줄여주세요,"[""알배추샐러드"", ""레스토랑"", ""분위기"", ""물씬"", ""나는"", ""알배추샐러드"", ""알배추만"", ""있으면"", ""집에서도"", ""손쉽게"", ""만들"", ""있어서다이어트"", ""식단으로도"", ""홈파티"", ""초대요리로도"", ""딱이에요집에서도"", ""간단하고"", ""근사하게"", ""완성되는"", ""알배추샐러드"", ""재료알배추"", ""반통올리브오일소금후추베이컨"", ""줄쪽파그라나파다노"", ""치즈파프리카가루"", ""드레싱저당"", ""마요네즈"", ""레몬즙"", ""알룰로스"", ""홀그레인머스타드"", ""계량"", ""기준"", ""순서"", ""알배추"", ""반통을"", ""반으로"", ""깨끗이"", ""씻은"", ""키친타올로"", ""물기를"", ""제거해주세요"", ""배추에"", ""올리브오일"", ""소금"", ""후추로"", ""밑간해주세요"", ""오일"", ""두른"", ""팬에"", ""베이컨을"", ""바삭하게"", ""튀기듯"", ""굽고"", ""빼주세요"", ""팬에"", ""올리브오일을"", ""추가한"", ""배추를"", ""면을"", ""태우듯"", ""골고루"", ""구워주세요"", ""구운"", ""배추에"", ""드레싱을"", ""바르고"", ""베이컨칩"", ""쪽파"", ""그라나파다노"", ""치즈"", ""파프리카"", ""가루를"", ""뿌리면"", ""완성"", ""먼뜨"", ""알배추는"", ""태우듯"", ""굽는게"", ""포인트"", ""신맛에"", ""약한"", ""편이라면"", ""레몬즙"", ""좀더"", ""줄여주세요""]","[""알배추샐러드"", ""레스토랑"", ""분위기"", ""물씬"", ""나는"", ""알배추샐러드"", ""알배추만"", ""있으면"", ""집에서도"", ""손쉽게"", ""만들"", ""있어서다이어트"", ""식단으로도"", ""홈파티"", ""초대요리로도"", ""딱이에요집에서도"", ""간단하고"", ""근사하게"", ""완성되는"", ""알배추샐러드"", ""재료알배추"", ""반통올리브오일소금후추베이컨"", ""줄쪽파그라나파다노"", ""치즈파프리카가루"", ""드레싱저당"", ""마요네즈"", ""레몬즙"", ""알룰로스"", ""홀그레인머스타드"", ""계량"", ""기준"", ""순서"", ""알배추"", ""반통을"", ""반으로"", ""깨끗이"", ""씻은"", ""키친타올로"", ""물기를"", ""제거해주세요"", ""배추에"", ""올리브오일"", ""소금"", ""후추로"", ""밑간해주세요"", ""오일"", ""두른"", ""팬에"", ""베이컨을"", ""바삭하게"", ""튀기듯"", ""굽고"", ""빼주세요"", ""팬에"", ""올리브오일을"", ""추가한"", ""배추를"", ""면을"", ""태우듯"", ""골고루"", ""구워주세요"", ""구운"", ""배추에"", ""드레싱을"", ""바르고"", ""베이컨칩"", ""쪽파"", ""그라나파다노"", ""치즈"", ""파프리카"", ""가루를"", ""뿌리면"", ""완성"", ""먼뜨"", ""알배추는"", ""태우듯"", ""굽는게"", ""포인트"", ""신맛에"", ""약한"", ""편이라면"", ""레몬즙"", ""좀더"", ""줄여주세요""]","[""알배추샐러드"", ""레스토랑"", ""분위기"", ""물씬"", ""나는"", ""알배추샐러드"", ""알배추만"", ""있으면"", ""집에서도"", ""손쉽게"", ""만들"", ""있어서다이어트"", ""식단으로도"", ""홈파티"", ""초대요리로도"", ""딱이에요집에서도"", ""간단하고"", ""근사하게"", ""완성되는"", ""알배추샐러드"", ""재료알배추"", ""반통올리브오일소금후추베이컨"", ""줄쪽파그라나파다노"", ""치즈파프리카가루"", ""드레싱저당"", ""마요네즈"", ""레몬즙"", ""알룰로스"", ""홀그레인머스타드"", ""계량"", ""기준"", ""순서"", ""알배추"", ""반통을"", ""반으로"", ""깨끗이"", ""씻은"", ""키친타올로"", ""물기를"", ""제거해주세요"", ""배추에"", ""올리브오일"", ""소금"", ""후추로"", ""밑간해주세요"", ""오일"", ""두른"", ""팬에"", ""베이컨을"", ""바삭하게"", ""튀기듯"", ""굽고"", ""빼주세요"", ""팬에"", ""올리브오일을"", ""추가한"", ""배추를"", ""면을"", ""태우듯"", ""골고루"", ""구워주세요"", ""구운"", ""배추에"", ""드레싱을"", ""바르고"", ""베이컨칩"", ""쪽파"", ""그라나파다노"", ""치즈"", ""파프리카"", ""가루를"", ""뿌리면"", ""완성"", ""먼뜨"", ""알배추는"", ""태우듯"", ""굽는게"", ""포인트"", ""신맛에"", ""약한"", ""편이라면"", ""레몬즙"", ""좀더"", ""줄여주세요"", ""알배추샐러드"", ""레스토랑"", ""분위기"", ""물씬"", ""나는"", ""알배추샐러드"", ""알배추만"", ""있으면"", ""집에서도"", ""손쉽게"", ""만들"", ""있어서다이어트"", ""식단으로도"", ""홈파티"", ""초대요리로도"", ""딱이에요집에서도"", ""간단하고"", ""근사하게"", ""완성되는"", ""알배추샐러드"", ""재료알배추"", ""반통올리브오일소금후추베이컨"", ""줄쪽파그라나파다노"", ""치즈파프리카가루"", ""드레싱저당"", ""마요네즈"", ""레몬즙"", ""알룰로스"", ""홀그레인머스타드"", ""계량"", ""기준"", ""순서"", ""알배추"", ""반통을"", ""반으로"", ""깨끗이"", ""씻은"", ""키친타올로"", ""물기를"", ""제거해주세요"", ""배추에"", ""올리브오일"", ""소금"", ""후추로"", ""밑간해주세요"", ""오일"", ""두른"", ""팬에"", ""베이컨을"", ""바삭하게"", ""튀기듯"", ""굽고"", ""빼주세요"", ""팬에"", ""올리브오일을"", ""추가한"", ""배추를"", ""면을"", ""태우듯"", ""골고루"", ""구워주세요"", ""구운"", ""배추에"", ""드레싱을"", ""바르고"", ""베이컨칩"", ""쪽파"", ""그라나파다노"", ""치즈"", ""파프리카"", ""가루를"", ""뿌리면"", ""완성"", ""먼뜨"", ""알배추는"", ""태우듯"", ""굽는게"", ""포인트"", ""신맛에"", ""약한"", ""편이라면"", ""레몬즙"", ""좀더"", ""줄여주세요""]"
https://www.instagram.com/p/CmIh6v4r-Z5/,"배 샐러드 (Pear salad) : 배, 석류, 올리브오일, 소금 : Pear, pomegranate, olive oil, salt -향이 좋은 배라고 이름이 적혀있었다. 향을 맡았는데 약간 모과같은 향이 나길래 조금 들뜬 마음으로 한개만 사왔는데 맛은 밍숭맹숭망숭이라 소금을 뿌려서 맛을 최대로 끌어올려 먹었다. 다음부턴 이름에 현혹되지말아야지...🫠I bought a pear from an Asian market (English name was 'Fragrant pear') - it had nice scent but had nearly no taste. Ended up making a side salad with olive oil + salt. My fault for being allured by the name 🫠",,배 샐러드 배 석류 올리브오일 소금 향이 좋은 배라고 이름이 적혀있었다 향을 맡았는데 약간 모과같은 향이 나길래 조금 들뜬 마음으로 한개만 사왔는데 맛은 밍숭맹숭망숭이라 소금을 뿌려서 맛을 최대로 끌어올려 먹었다 다음부턴 이름에 현혹되지말아야지,"[""샐러드"", ""석류"", ""올리브오일"", ""소금"", ""배라고"", ""이름이"", ""적혀있었다"", ""향을"", ""맡았는데"", ""모과같은"", ""나길래"", ""들뜬"", ""마음으로"", ""한개만"", ""사왔는데"", ""밍숭맹숭망숭이라"", ""소금을"", ""뿌려서"", ""최대로"", ""끌어올려"", ""먹었다"", ""다음부턴"", ""이름에"", ""현혹되지말아야지""]","[""샐러드"", ""석류"", ""올리브오일"", ""소금"", ""배라고"", ""이름이"", ""적혀있었다"", ""향을"", ""맡았는데"", ""모과같은"", ""나길래"", ""들뜬"", ""마음으로"", ""한개만"", ""사왔는데"", ""밍숭맹숭망숭이라"", ""소금을"", ""뿌려서"", ""최대로"", ""끌어올려"", ""먹었다"", ""다음부턴"", ""이름에"", ""현혹되지말아야지""]","[""샐러드"", ""석류"", ""올리브오일"", ""소금"", ""배라고"", ""이름이"", ""적혀있었다"", ""향을"", ""맡았는데"", ""모과같은"", ""나길래"", ""들뜬"", ""마음으로"", ""한개만"", ""사왔는데"", ""밍숭맹숭망숭이라"", ""소금을"", ""뿌려서"", ""최대로"", ""끌어올려"", ""먹었다"", ""다음부턴"", ""이름에"", ""현혹되지말아야지"", ""샐러드"", ""석류"", ""올리브오일"", ""소금"", ""배라고"", ""이름이"", ""적혀있었다"", ""향을"", ""맡았는데"", ""모과같은"", ""나길래"", ""들뜬"", ""마음으로"", ""한개만"", ""사왔는데"", ""밍숭맹숭망숭이라"", ""소금을"", ""뿌려서"", ""최대로"", ""끌어올려"", ""먹었다"", ""다음부턴"", ""이름에"", ""현혹되지말아야지""]"
https://www.instagram.com/p/DQHRuorEqaq/,"#브런치 #집들이 치아바타에 복숭아 콤포트, 브리치즈, 사과, 로메인, 프로슈토 재료한가득 #샌드위치 🥪카라멜라이징 양파위에 버터 #스테이크 🥩샤인머스캣 부라타치즈 #샐러드 🥗집들이 성공적✨",브런치;집들이;샌드위치;스테이크;샐러드,#브런치 #집들이 치아바타에 복숭아 콤포트 브리치즈 사과 로메인 프로슈토 재료한가득 #샌드위치 카라멜라이징 양파위에 버터 #스테이크 샤인머스캣 부라타치즈 #샐러드 집들이 성공적,"[""치아바타에"", ""복숭아"", ""콤포트"", ""브리치즈"", ""사과"", ""로메인"", ""프로슈토"", ""재료한가득"", ""카라멜라이징"", ""양파위에"", ""버터"", ""샤인머스캣"", ""부라타치즈"", ""집들이"", ""성공적""]","[""브런치"", ""집들이"", ""샌드위치"", ""스테이크"", ""샐러드""]","[""치아바타에"", ""복숭아"", ""콤포트"", ""브리치즈"", ""사과"", ""로메인"", ""프로슈토"", ""재료한가득"", ""카라멜라이징"", ""양파위에"", ""버터"", ""샤인머스캣"", ""부라타치즈"", ""집들이"", ""성공적"", ""브런치"", ""집들이"", ""샌드위치"", ""스테이크"", ""샐러드""]"
https://www.instagram.com/p/DQJDYUfElQv/,"맛도리 시저샐러드🤍아침에 샌디치 만들어 반쪽을 남편에게 주고나니이것만 먹기엔 부족할것 같아 부랴부랴 계란삶고 먹다남은 야채꺼내 만들었는데 맛나네요 :)제가 또 맛있는 홀그레인 머스타드를 찾았고동요!컬리에 [레이크쇼어] 아이리쉬 홀그레인 위스키 머스타드 담아보세요👍🏻 톡톡터지는 식감이 좋아요.☑️시저샐러드-준비 : 버터헤드레터스 (로메인, 상추 대체가능), 새우, 계란2알소스: 홀그레인머스타드 0.5T, 다진마늘 1T, 마요네즈 2T, 꿀0.5T, 레몬즙 0.5T, 꽃게액젓 살짝(다른액젓 대체가능), 소금 & 후추 톡톡1. 잘 씻은 버터헤드레터스에 소스를 살살 버무려 접시에 담고2. 계란을 4등분해 올려주면 끝!3. 그라나 파다노 치즈 갈갈해주면 더더 풍미업!!저는 로메인보다 버터헤드레터스가 부드럽고 먹기 좋더라고요.야채, 토핑은 변형해서 만들 수 있으니 시도해보세요🤗#시저샐러드 #샐러드레시피 #홈쿡 #쉬운레시피 #컬리추천템 #마켓컬리추천 #홀그레인머스타드",시저샐러드;샐러드레시피;홈쿡;쉬운레시피;컬리추천템;마켓컬리추천;홀그레인머스타드,맛도리 시저샐러드 아침에 샌디치 만들어 반쪽을 남편에게 주고나니이것만 먹기엔 부족할것 같아 부랴부랴 계란삶고 먹다남은 야채꺼내 만들었는데 맛나네요 제가 또 맛있는 홀그레인 머스타드를 찾았고동요 컬리에 레이크쇼어 아이리쉬 홀그레인 위스키 머스타드 담아보세요 톡톡터지는 식감이 좋아요 시저샐러드 준비 버터헤드레터스 로메인 상추 대체가능 새우 계란 알소스 홀그레인머스타드 다진마늘 마요네즈 꿀 레몬즙 꽃게액젓 살짝 다른액젓 대체가능 소금 후추 톡톡 잘 씻은 버터헤드레터스에 소스를 살살 버무려 접시에 담고 계란을 등분해 올려주면 끝 그라나 파다노 치즈 갈갈해주면 더더 풍미업 저는 로메인보다 버터헤드레터스가 부드럽고 먹기 좋더라고요 야채 토핑은 변형해서 만들 수 있으니 시도해보세요 #시저샐러드 #샐러드레시피 #홈쿡 #쉬운레시피 #컬리추천템 #마켓컬리추천 #홀그레인머스타드,"[""맛도리"", ""시저샐러드"", ""아침에"", ""샌디치"", ""만들어"", ""반쪽을"", ""남편에게"", ""주고나니이것만"", ""먹기엔"", ""부족할것"", ""같아"", ""부랴부랴"", ""계란삶고"", ""먹다남은"", ""야채꺼내"", ""맛나네요"", ""홀그레인"", ""머스타드를"", ""찾았고동요"", ""컬리에"", ""레이크쇼어"", ""아이리쉬"", ""홀그레인"", ""위스키"", ""머스타드"", ""담아보세요"", ""톡톡터지는"", ""식감이"", ""시저샐러드"", ""준비"", ""버터헤드레터스"", ""로메인"", ""상추"", ""대체가능"", ""새우"", ""계란"", ""알소스"", ""홀그레인머스타드"", ""다진마늘"", ""마요네즈"", ""레몬즙"", ""꽃게액젓"", ""다른액젓"", ""대체가능"", ""소금"", ""후추"", ""톡톡"", ""씻은"", ""버터헤드레터스에"", ""소스를"", ""살살"", ""버무려"", ""접시에"", ""담고"", ""계란을"", ""등분해"", ""올려주면"", ""그라나"", ""파다노"", ""치즈"", ""갈갈해주면"", ""더더"", ""풍미업"", ""로메인보다"", ""버터헤드레터스가"", ""부드럽고"", ""먹기"", ""좋더라고요"", ""야채"", ""토핑은"", ""변형해서"", ""만들"", ""시도해보세요""]","[""시저샐러드"", ""샐러드레시피"", ""홈쿡"", ""쉬운레시피"", ""컬리추천템"", ""마켓컬리추천"", ""홀그레인머스타드""]","[""맛도리"", ""시저샐러드"", ""아침에"", ""샌디치"", ""만들어"", ""반쪽을"", ""남편에게"", ""주고나니이것만"", ""먹기엔"", ""부족할것"", ""같아"", ""부랴부랴"", ""계란삶고"", ""먹다남은"", ""야채꺼내"", ""맛나네요"", ""홀그레인"", ""머스타드를"", ""찾았고동요"", ""컬리에"", ""레이크쇼어"", ""아이리쉬"", ""홀그레인"", ""위스키"", ""머스타드"", ""담아보세요"", ""톡톡터지는"", ""식감이"", ""시저샐러드"", ""준비"", ""버터헤드레터스"", ""로메인"", ""상추"", ""대체가능"", ""새우"", ""계란"", ""알소스"", ""홀그레인머스타드"", ""다진마늘"", ""마요네즈"", ""레몬즙"", ""꽃게액젓"", ""다른액젓"", ""대체가능"", ""소금"", ""후추"", ""톡톡"", ""씻은"", ""버터헤드레터스에"", ""소스를"", ""살살"", ""버무려"", ""접시에"", ""담고"", ""계란을"", ""등분해"", ""올려주면"", ""그라나"", ""파다노"", ""치즈"", ""갈갈해주면"", ""더더"", ""풍미업"", ""로메인보다"", ""버터헤드레터스가"", ""부드럽고"", ""먹기"", ""좋더라고요"", ""야채"", ""토핑은"", ""변형해서"", ""만들"", ""시도해보세요"", ""시저샐러드"", ""샐러드레시피"", ""홈쿡"", ""쉬운레시피"", ""컬리추천템"", ""마켓컬리추천"", ""홀그레인머스타드""]"
https://www.instagram.com/p/DQF19eqk6-H/,".월,화 단식 후 첫끼!.예전에는 운동하고 먹는거 조금만 신경쓰면 쉽게 움직이던 체중계 숫자가이제는 무슨짓을 해도 요지부동인 나이..😐.슬금슬금 숫자가 계속 올라가길래 더이상은 안되겠다 싶어반신반의하며 그 유명하다는 클렌즈 주스로 48시간 단식 감행!첫날은 배가 안 고팠는데 둘째날은 배가 고파서 계란을 3개나 먹었지만🤣.뻥이다 싶던 후기들은 뻥이 아니었고.. 오랜만에 만난 숫자가 마냥 신기한 오늘 아침ㅋㅋ가끔은 극단적인 방법이 꼭 나쁜것만은 아닌듯..내년 5월을 목표로 천천히.. 예쁘게.. 나의 살들과 안녕을 위한 첫 시작은 꽤나 만족스럽다⭐️⭐️⭐️⭐️⭐️.#일상기록#아침#샐러드#평생숙제#다이어트#식단#살과의전쟁#승전보를울리리라",일상기록;아침;샐러드;평생숙제;다이어트;식단;살과의전쟁;승전보를울리리라,월 화 단식 후 첫끼 예전에는 운동하고 먹는거 조금만 신경쓰면 쉽게 움직이던 체중계 숫자가이제는 무슨짓을 해도 요지부동인 나이 슬금슬금 숫자가 계속 올라가길래 더이상은 안되겠다 싶어반신반의하며 그 유명하다는 클렌즈 주스로 시간 단식 감행 첫날은 배가 안 고팠는데 둘째날은 배가 고파서 계란을 개나 먹었지만 뻥이다 싶던 후기들은 뻥이 아니었고 오랜만에 만난 숫자가 마냥 신기한 오늘 아침ㅋㅋ가끔은 극단적인 방법이 꼭 나쁜것만은 아닌듯 내년 월을 목표로 천천히 예쁘게 나의 살들과 안녕을 위한 첫 시작은 꽤나 만족스럽다 #일상기록#아침#샐러드#평생숙제#다이어트#식단#살과의전쟁#승전보를울리리라,"[""단식"", ""첫끼"", ""예전에는"", ""운동하고"", ""먹는거"", ""조금만"", ""신경쓰면"", ""쉽게"", ""움직이던"", ""체중계"", ""숫자가이제는"", ""무슨짓을"", ""요지부동인"", ""나이"", ""슬금슬금"", ""숫자가"", ""올라가길래"", ""더이상은"", ""안되겠다"", ""싶어반신반의하며"", ""유명하다는"", ""클렌즈"", ""주스로"", ""시간"", ""단식"", ""감행"", ""첫날은"", ""배가"", ""고팠는데"", ""둘째날은"", ""배가"", ""고파서"", ""계란을"", ""개나"", ""먹었지만"", ""뻥이다"", ""싶던"", ""후기들은"", ""뻥이"", ""아니었고"", ""만난"", ""숫자가"", ""마냥"", ""신기한"", ""아침ㅋㅋ가끔은"", ""극단적인"", ""방법이"", ""나쁜것만은"", ""아닌듯"", ""내년"", ""월을"", ""목표로"", ""천천히"", ""예쁘게"", ""나의"", ""살들과"", ""안녕을"", ""시작은"", ""꽤나"", ""만족스럽다""]","[""일상기록"", ""아침"", ""샐러드"", ""평생숙제"", ""다이어트"", ""식단"", ""살과의전쟁"", ""승전보를울리리라""]","[""단식"", ""첫끼"", ""예전에는"", ""운동하고"", ""먹는거"", ""조금만"", ""신경쓰면"", ""쉽게"", ""움직이던"", ""체중계"", ""숫자가이제는"", ""무슨짓을"", ""요지부동인"", ""나이"", ""슬금슬금"", ""숫자가"", ""올라가길래"", ""더이상은"", ""안되겠다"", ""싶어반신반의하며"", ""유명하다는"", ""클렌즈"", ""주스로"", ""시간"", ""단식"", ""감행"", ""첫날은"", ""배가"", ""고팠는데"", ""둘째날은"", ""배가"", ""고파서"", ""계란을"", ""개나"", ""먹었지만"", ""뻥이다"", ""싶던"", ""후기들은"", ""뻥이"", ""아니었고"", ""만난"", ""숫자가"", ""마냥"", ""신기한"", ""아침ㅋㅋ가끔은"", ""극단적인"", ""방법이"", ""나쁜것만은"", ""아닌듯"", ""내년"", ""월을"", ""목표로"", ""천천히"", ""예쁘게"", ""나의"", ""살들과"", ""안녕을"", ""시작은"", ""꽤나"", ""만족스럽다"", ""일상기록"", ""아침"", ""샐러드"", ""평생숙제"", ""다이어트"", ""식단"", ""살과의전쟁"", ""승전보를울리리라""]"
https://www.instagram.com/p/DQD7S96CZ-A/,#오늘의기쁨식탁🍚 #남편밥상 #주말밥상 #퇴근밥상 #늦은저녁밥상 #야식같은저녁#배고프다하면뚝딱#야채볶음불고기덮밥#샐러드 #저당흑임자드레싱#멸치볶음#배추김치#무화과#최애 #소금빵,오늘의기쁨식탁🍚;남편밥상;주말밥상;퇴근밥상;늦은저녁밥상;야식같은저녁;배고프다하면뚝딱;야채볶음불고기덮밥;샐러드;저당흑임자드레싱;멸치볶음;배추김치;무화과;최애;소금빵,#오늘의기쁨식탁 #남편밥상 #주말밥상 #퇴근밥상 #늦은저녁밥상 #야식같은저녁#배고프다하면뚝딱#야채볶음불고기덮밥#샐러드 #저당흑임자드레싱#멸치볶음#배추김치#무화과#최애 #소금빵,[],"[""오늘의기쁨식탁"", ""남편밥상"", ""주말밥상"", ""퇴근밥상"", ""늦은저녁밥상"", ""야식같은저녁"", ""배고프다하면뚝딱"", ""야채볶음불고기덮밥"", ""샐러드"", ""저당흑임자드레싱"", ""멸치볶음"", ""배추김치"", ""무화과"", ""최애"", ""소금빵""]","[""오늘의기쁨식탁"", ""남편밥상"", ""주말밥상"", ""퇴근밥상"", ""늦은저녁밥상"", ""야식같은저녁"", ""배고프다하면뚝딱"", ""야채볶음불고기덮밥"", ""샐러드"", ""저당흑임자드레싱"", ""멸치볶음"", ""배추김치"", ""무화과"", ""최애"", ""소금빵""]"
https://www.instagram.com/p/DQI6GD4E1qz/,"#신메뉴 #얼갈이시저또띠아최화정 시금치피자 모티브 ~ 야채 싫오하지만 야무지게 잘 먹었다 ! 💖8월에 시금치또띠아 줬다가 금치 때문에 눈물을 머금 .. (오 라임~!)얼갈이는 지금 금치의 3.5배 저렴한 착한 식재 🥬110인 기준또띠아(세미원 제품-1봉당 12개입) 9.2봉☑️ 또즈랑 -> 세미원 또띠아가 더 얇아서 식감이 더 조화로움얼갈이 3K줄베이컨 2.5K방울토마토(대) 1.5K눈꽃치즈 1.2K올리브유후추소스화이트소스: 오뚜기 화이트소스 1.2K, 올리고당(물엿) 0.1K, 마요네즈 0.3K, 그라인더후추, 백후추, 레몬즙(약간), 사이다 0.1K 섞 섞☑️ 느끼할 수 있어 후추를 낙낙히 넣기1. 또띠아는 팬에 살짝 굽기 (생략가능)☑️ 많이~ 오래 구우면 부셔져 부림2. 얼갈이는 먹기 좋은 크기로 전처리, 방울토마토는 4등분3. 베이컨은 쫑쫑 썰어 살짝 볶아 준비4. 얼갈이에 시저드레싱, 올리브유, 그라인더후추 넣어 버물버물5. 또띠아에 화이트소스 발라주고 버무린 얼갈이, 방토, 베이컨, 치즈 뿌려 접어주기☑️포장지(유산지) 220mm*220mm 반 잘라서 사용...#food#foodphotography#foodstagram#단체급식#영양사#조리사#영양사스타그램#구내식당#식당#점심#식단#식단공유#식단일기#식단기록#메뉴공유#메뉴추천#오늘뭐먹지#10월메뉴#메뉴공유#식단표#식판샷#다이어트#샐러드",신메뉴;얼갈이시저또띠아최화정;food;foodphotography;foodstagram;단체급식;영양사;조리사;영양사스타그램;구내식당;식당;점심;식단;식단공유;식단일기;식단기록;메뉴공유;메뉴추천;오늘뭐먹지;10월메뉴;식단표;식판샷;다이어트;샐러드,#신메뉴 #얼갈이시저또띠아최화정 시금치피자 모티브 야채 싫오하지만 야무지게 잘 먹었다 월에 시금치또띠아 줬다가 금치 때문에 눈물을 머금 오 라임 얼갈이는 지금 금치의 배 저렴한 착한 식재 인 기준또띠아 세미원 제품 봉당 개입 봉 또즈랑 세미원 또띠아가 더 얇아서 식감이 더 조화로움얼갈이 줄베이컨 방울토마토 대 눈꽃치즈 올리브유후추소스화이트소스 오뚜기 화이트소스 올리고당 물엿 마요네즈 그라인더후추 백후추 레몬즙 약간 사이다 섞 섞 느끼할 수 있어 후추를 낙낙히 넣기 또띠아는 팬에 살짝 굽기 생략가능 많이 오래 구우면 부셔져 부림 얼갈이는 먹기 좋은 크기로 전처리 방울토마토는 등분 베이컨은 쫑쫑 썰어 살짝 볶아 준비 얼갈이에 시저드레싱 올리브유 그라인더후추 넣어 버물버물 또띠아에 화이트소스 발라주고 버무린 얼갈이 방토 베이컨 치즈 뿌려 접어주기 포장지 유산지 반 잘라서 사용 # # # #단체급식#영양사#조리사#영양사스타그램#구내식당#식당#점심#식단#식단공유#식단일기#식단기록#메뉴공유#메뉴추천#오늘뭐먹지# 월메뉴#메뉴공유#식단표#식판샷#다이어트#샐러드,"[""시금치피자"", ""모티브"", ""야채"", ""싫오하지만"", ""야무지게"", ""먹었다"", ""월에"", ""시금치또띠아"", ""줬다가"", ""금치"", ""눈물을"", ""머금"", ""라임"", ""얼갈이는"", ""지금"", ""금치의"", ""저렴한"", ""착한"", ""식재"", ""기준또띠아"", ""세미원"", ""봉당"", ""개입"", ""또즈랑"", ""세미원"", ""또띠아가"", ""얇아서"", ""식감이"", ""조화로움얼갈이"", ""줄베이컨"", ""방울토마토"", ""눈꽃치즈"", ""올리브유후추소스화이트소스"", ""오뚜기"", ""화이트소스"", ""올리고당"", ""물엿"", ""마요네즈"", ""그라인더후추"", ""백후추"", ""레몬즙"", ""사이다"", ""느끼할"", ""후추를"", ""낙낙히"", ""넣기"", ""또띠아는"", ""팬에"", ""굽기"", ""생략가능"", ""오래"", ""구우면"", ""부셔져"", ""부림"", ""얼갈이는"", ""먹기"", ""크기로"", ""전처리"", ""방울토마토는"", ""등분"", ""베이컨은"", ""쫑쫑"", ""썰어"", ""볶아"", ""준비"", ""얼갈이에"", ""시저드레싱"", ""올리브유"", ""그라인더후추"", ""버물버물"", ""또띠아에"", ""화이트소스"", ""발라주고"", ""버무린"", ""얼갈이"", ""방토"", ""베이컨"", ""치즈"", ""뿌려"", ""접어주기"", ""포장지"", ""유산지"", ""잘라서"", ""사용"", ""월메뉴""]","[""신메뉴"", ""얼갈이시저또띠아최화정"", ""단체급식"", ""영양사"", ""조리사"", ""영양사스타그램"", ""구내식당"", ""식당"", ""점심"", ""식단"", ""식단공유"", ""식단일기"", ""식단기록"", ""메뉴공유"", ""메뉴추천"", ""오늘뭐먹지"", ""월메뉴"", ""식단표"", ""식판샷"", ""다이어트"", ""샐러드""]","[""시금치피자"", ""모티브"", ""야채"", ""싫오하지만"", ""야무지게"", ""먹었다"", ""월에"", ""시금치또띠아"", ""줬다가"", ""금치"", ""눈물을"", ""머금"", ""라임"", ""얼갈이는"", ""지금"", ""금치의"", ""저렴한"", ""착한"", ""식재"", ""기준또띠아"", ""세미원"", ""봉당"", ""개입"", ""또즈랑"", ""세미원"", ""또띠아가"", ""얇아서"", ""식감이"", ""조화로움얼갈이"", ""줄베이컨"", ""방울토마토"", ""눈꽃치즈"", ""올리브유후추소스화이트소스"", ""오뚜기"", ""화이트소스"", ""올리고당"", ""물엿"", ""마요네즈"", ""그라인더후추"", ""백후추"", ""레몬즙"", ""사이다"", ""느끼할"", ""후추를"", ""낙낙히"", ""넣기"", ""또띠아는"", ""팬에"", ""굽기"", ""생략가능"", ""오래"", ""구우면"", ""부셔져"", ""부림"", ""얼갈이는"", ""먹기"", ""크기로"", ""전처리"", ""방울토마토는"", ""등분"", ""베이컨은"", ""쫑쫑"", ""썰어"", ""볶아"", ""준비"", ""얼갈이에"", ""시저드레싱"", ""올리브유"", ""그라인더후추"", ""버물버물"", ""또띠아에"", ""화이트소스"", ""발라주고"", ""버무린"", ""얼갈이"", ""방토"", ""베이컨"", ""치즈"", ""뿌려"", ""접어주기"", ""포장지"", ""유산지"", ""잘라서"", ""사용"", ""월메뉴"", ""신메뉴"", ""얼갈이시저또띠아최화정"", ""단체급식"", ""영양사"", ""조리사"", ""영양사스타그램"", ""구내식당"", ""식당"", ""점심"", ""식단"", ""식단공유"", ""식단일기"", ""식단기록"", ""메뉴공유"", ""메뉴추천"", ""오늘뭐먹지"", ""월메뉴"", ""식단표"", ""식판샷"", ""다이어트"", ""샐러드""]"
https://www.instagram.com/p/DQGVlPpEss9/,#샐러드 #당근맛있는  #건강을위하여💪,샐러드;당근맛있는;건강을위하여,#샐러드 #당근맛있는 #건강을위하여,[],"[""샐러드"", ""당근맛있는"", ""건강을위하여""]","[""샐러드"", ""당근맛있는"", ""건강을위하여""]"
https://www.instagram.com/p/DQJBQC_kfi9/,#레스토랑 #스테이크 #샐러드 #케이크,레스토랑;스테이크;샐러드;케이크,#레스토랑 #스테이크 #샐러드 #케이크,[],"[""레스토랑"", ""스테이크"", ""샐러드"", ""케이크""]","[""레스토랑"", ""스테이크"", ""샐러드"", ""케이크""]"
https://www.instagram.com/p/DP-N90vk5iy/,"10/19 아침식사..콘스프우유, 옥수수콘이 우유에 찰랑커릴정도 까지 넣기루(쌀가루+오일: 안해도 됨)닌자 도깨비방망이..#햄버거 #콘스프 #샐러드 #닌자",햄버거;콘스프;샐러드;닌자,아침식사 콘스프우유 옥수수콘이 우유에 찰랑커릴정도 까지 넣기루 쌀가루 오일 안해도 됨 닌자 도깨비방망이 #햄버거 #콘스프 #샐러드 #닌자,"[""아침식사"", ""콘스프우유"", ""옥수수콘이"", ""우유에"", ""찰랑커릴정도"", ""넣기루"", ""쌀가루"", ""오일"", ""안해도"", ""닌자"", ""도깨비방망이""]","[""햄버거"", ""콘스프"", ""샐러드"", ""닌자""]","[""아침식사"", ""콘스프우유"", ""옥수수콘이"", ""우유에"", ""찰랑커릴정도"", ""넣기루"", ""쌀가루"", ""오일"", ""안해도"", ""닌자"", ""도깨비방망이"", ""햄버거"", ""콘스프"", ""샐러드"", ""닌자""]"
https://www.instagram.com/p/DQHF_0nE6-J/,#남편생일상🎂 #알탕 #잡채 #떡갈비 #팽이버섯새우전 #샐러드 남편이 몇일전부터 먹고싶다고 노래부른 알탕이 메인임 😁이직하고 매일매일 바쁜 남편이. 오늘도 고생많았다!생일축하해. 사랑한드아♡,남편생일상;알탕;잡채;떡갈비;팽이버섯새우전;샐러드,#남편생일상 #알탕 #잡채 #떡갈비 #팽이버섯새우전 #샐러드 남편이 몇일전부터 먹고싶다고 노래부른 알탕이 메인임 이직하고 매일매일 바쁜 남편이 오늘도 고생많았다 생일축하해 사랑한드아,"[""남편이"", ""몇일전부터"", ""먹고싶다고"", ""노래부른"", ""알탕이"", ""메인임"", ""이직하고"", ""매일매일"", ""바쁜"", ""남편이"", ""고생많았다"", ""생일축하해"", ""사랑한드아""]","[""남편생일상"", ""알탕"", ""잡채"", ""떡갈비"", ""팽이버섯새우전"", ""샐러드""]","[""남편이"", ""몇일전부터"", ""먹고싶다고"", ""노래부른"", ""알탕이"", ""메인임"", ""이직하고"", ""매일매일"", ""바쁜"", ""남편이"", ""고생많았다"", ""생일축하해"", ""사랑한드아"", ""남편생일상"", ""알탕"", ""잡채"", ""떡갈비"", ""팽이버섯새우전"", ""샐러드""]"
https://www.instagram.com/p/DQG-EP7D0Re/c/18092382430873211/,SAUCIT의 7가지 소스를 소개합니다.(허니마요소스)달콤한 맛의 허니소스와 마요네즈를 적절하게 섞어낸 딥앤딥 소스남녀노소 부담없이 즐길 수 있는 소스입니다.BOLDSAUCEBOLDERFLAVORS,,의 가지 소스를 소개합니다 허니마요소스 달콤한 맛의 허니소스와 마요네즈를 적절하게 섞어낸 딥앤딥 소스남녀노소 부담없이 즐길 수 있는 소스입니다,"[""소스를"", ""허니마요소스"", ""달콤한"", ""허니소스와"", ""마요네즈를"", ""적절하게"", ""섞어낸"", ""딥앤딥"", ""소스남녀노소"", ""부담없이"", ""소스입니다""]","[""소스를"", ""허니마요소스"", ""달콤한"", ""허니소스와"", ""마요네즈를"", ""적절하게"", ""섞어낸"", ""딥앤딥"", ""소스남녀노소"", ""부담없이"", ""소스입니다""]","[""소스를"", ""허니마요소스"", ""달콤한"", ""허니소스와"", ""마요네즈를"", ""적절하게"", ""섞어낸"", ""딥앤딥"", ""소스남녀노소"", ""부담없이"", ""소스입니다"", ""소스를"", ""허니마요소스"", ""달콤한"", ""허니소스와"", ""마요네즈를"", ""적절하게"", ""섞어낸"", ""딥앤딥"", ""소스남녀노소"", ""부담없이"", ""소스입니다""]"
https://www.instagram.com/p/DNNCl-VzdU4/c/18050969654445631/,랩 주문이요 ㅎ~~^^학생들이 먹을꺼라 메인 듬뿍~~^^,,랩 주문이요 ㅎ 학생들이 먹을꺼라 메인 듬뿍,"[""주문이요"", ""학생들이"", ""먹을꺼라"", ""메인""]","[""주문이요"", ""학생들이"", ""먹을꺼라"", ""메인""]","[""주문이요"", ""학생들이"", ""먹을꺼라"", ""메인"", ""주문이요"", ""학생들이"", ""먹을꺼라"", ""메인""]"
https://www.instagram.com/p/DQJDLybExgs/,"💡Thank you @chochossy#리그램 - @chochossy by @get_regrammer#오늘점심 #제품제공 #후에르타로스까뇨스 #엑스트라버진올리브오일 #아보카도올리브유샌드워치 #래디쉬루꼴라샐러드 오늘 점심으로 샌드위치가 너무 먹고싶었어요. 왜냐면! 집에 너무 잘 익은 아보카도가 있거든요😄마침!! 정말정말 질좋은 올리브오일을 선물받기도 했구요!😉바로 (이름이 쪼금 어려운데 한숨에 말해야 있어보임)#후에르타로스까뇨스유기농엑스트라버진올리브오일 !!!!🫒뜯는 순간 마치!! 비내리는 정원에 있는듯 풋풋한 풀향기가🌱 물씬 풍겨와 깜짝 놀랐어요!! 이런향의 올리브유를 만난적이 없는것 같아서요.집에서 먹는 올리브유도 나름 고르고 골라 구입한 냉압착 유기농 올리브유인데 이런향은 안나거든요.후에르타로스까뇨스 올리브오일은 스페인 알달루시아 지방에서 재배되는 ‘피구알’품종의 햇올리브를 냉추출공법으로 추출해 올리브의 향과 영양을 그대로 담고있어요.그래서 그냥 먹으면 진한 풀향기에 칼칼한 느낌이 나더라구요. 전 약간의 과일향도 느꼈어요. 팬에 올리브유 살짝 두르고 빵반갈해서 노릇하게 구운후 잘익은 아보카도 슬라이스 듬뿍 올리고 핑크솔트(톡쏘는 맛이 좋아 드레싱에 주로이용함), 후추갈갈하고 올리브유를 콜콜 뿌려서 반숙후라이 올려 노른자터트려 같이 먹으니 정말 고소짭짤 풍미 장난아니에요😍😍😍래디쉬, 브리치즈, 토마토, 루꼴라넣은 샐러드에는 올리브유, 화이트발사믹, 소금, 후추넣은 드레싱 뿌려줬습니다. 드레싱으로 소금후추만 뿌려서 먹어도 너무 맛있는 올리브유이지만 공복에 먹는게 항염, 항산화에 좋다고 해서 아침에 한스푼씩 먹어보려고 해요!요즘 몸이 자꾸 여기저기 아픈게 염증수치도 높아진거 같고… 안빼먹고 열심히 먹어서 꼭 효과를 보기를😍오늘 점심도 잘 먹었습니다😘........#TREEAZ #올리브오일추천 #올리브유 #홈쿡 #브런치 #브런치메뉴 #점심메뉴 #점메추 #샐러드 #쵸쵸씨테이블",리그램;오늘점심;제품제공;후에르타로스까뇨스;엑스트라버진올리브오일;아보카도올리브유샌드워치;래디쉬루꼴라샐러드;후에르타로스까뇨스유기농엑스트라버진올리브오일;TREEAZ;올리브오일추천;올리브유;홈쿡;브런치;브런치메뉴;점심메뉴;점메추;샐러드;쵸쵸씨테이블,#리그램 #오늘점심 #제품제공 #후에르타로스까뇨스 #엑스트라버진올리브오일 #아보카도올리브유샌드워치 #래디쉬루꼴라샐러드 오늘 점심으로 샌드위치가 너무 먹고싶었어요 왜냐면 집에 너무 잘 익은 아보카도가 있거든요 마침 정말정말 질좋은 올리브오일을 선물받기도 했구요 바로 이름이 쪼금 어려운데 한숨에 말해야 있어보임 #후에르타로스까뇨스유기농엑스트라버진올리브오일 뜯는 순간 마치 비내리는 정원에 있는듯 풋풋한 풀향기가 물씬 풍겨와 깜짝 놀랐어요 이런향의 올리브유를 만난적이 없는것 같아서요 집에서 먹는 올리브유도 나름 고르고 골라 구입한 냉압착 유기농 올리브유인데 이런향은 안나거든요 후에르타로스까뇨스 올리브오일은 스페인 알달루시아 지방에서 재배되는 피구알 품종의 햇올리브를 냉추출공법으로 추출해 올리브의 향과 영양을 그대로 담고있어요 그래서 그냥 먹으면 진한 풀향기에 칼칼한 느낌이 나더라구요 전 약간의 과일향도 느꼈어요 팬에 올리브유 살짝 두르고 빵반갈해서 노릇하게 구운후 잘익은 아보카도 슬라이스 듬뿍 올리고 핑크솔트 톡쏘는 맛이 좋아 드레싱에 주로이용함 후추갈갈하고 올리브유를 콜콜 뿌려서 반숙후라이 올려 노른자터트려 같이 먹으니 정말 고소짭짤 풍미 장난아니에요 래디쉬 브리치즈 토마토 루꼴라넣은 샐러드에는 올리브유 화이트발사믹 소금 후추넣은 드레싱 뿌려줬습니다 드레싱으로 소금후추만 뿌려서 먹어도 너무 맛있는 올리브유이지만 공복에 먹는게 항염 항산화에 좋다고 해서 아침에 한스푼씩 먹어보려고 해요 요즘 몸이 자꾸 여기저기 아픈게 염증수치도 높아진거 같고 안빼먹고 열심히 먹어서 꼭 효과를 보기를 오늘 점심도 잘 먹었습니다 # #올리브오일추천 #올리브유 #홈쿡 #브런치 #브런치메뉴 #점심메뉴 #점메추 #샐러드 #쵸쵸씨테이블,"[""점심으로"", ""샌드위치가"", ""먹고싶었어요"", ""왜냐면"", ""익은"", ""아보카도가"", ""있거든요"", ""마침"", ""정말정말"", ""질좋은"", ""올리브오일을"", ""선물받기도"", ""했구요"", ""이름이"", ""쪼금"", ""어려운데"", ""한숨에"", ""말해야"", ""있어보임"", ""뜯는"", ""순간"", ""마치"", ""비내리는"", ""정원에"", ""있는듯"", ""풋풋한"", ""풀향기가"", ""물씬"", ""풍겨와"", ""깜짝"", ""놀랐어요"", ""이런향의"", ""올리브유를"", ""만난적이"", ""없는것"", ""같아서요"", ""집에서"", ""올리브유도"", ""나름"", ""고르고"", ""골라"", ""구입한"", ""냉압착"", ""유기농"", ""올리브유인데"", ""이런향은"", ""안나거든요"", ""후에르타로스까뇨스"", ""올리브오일은"", ""스페인"", ""알달루시아"", ""지방에서"", ""재배되는"", ""피구알"", ""품종의"", ""햇올리브를"", ""냉추출공법으로"", ""추출해"", ""올리브의"", ""향과"", ""영양을"", ""담고있어요"", ""풀향기에"", ""칼칼한"", ""느낌이"", ""나더라구요"", ""약간의"", ""과일향도"", ""느꼈어요"", ""팬에"", ""올리브유"", ""두르고"", ""빵반갈해서"", ""노릇하게"", ""구운후"", ""잘익은"", ""아보카도"", ""슬라이스"", ""핑크솔트"", ""톡쏘는"", ""좋아"", ""드레싱에"", ""주로이용함"", ""후추갈갈하고"", ""올리브유를"", ""콜콜"", ""뿌려서"", ""반숙후라이"", ""노른자터트려"", ""고소짭짤"", ""풍미"", ""장난아니에요"", ""래디쉬"", ""브리치즈"", ""토마토"", ""루꼴라넣은"", ""샐러드에는"", ""올리브유"", ""화이트발사믹"", ""소금"", ""후추넣은"", ""드레싱"", ""뿌려줬습니다"", ""드레싱으로"", ""소금후추만"", ""뿌려서"", ""올리브유이지만"", ""공복에"", ""먹는게"", ""항염"", ""항산화에"", ""좋다고"", ""아침에"", ""한스푼씩"", ""먹어보려고"", ""몸이"", ""자꾸"", ""여기저기"", ""아픈게"", ""염증수치도"", ""높아진거"", ""같고"", ""안빼먹고"", ""열심히"", ""먹어서"", ""효과를"", ""보기를"", ""점심도"", ""먹었습니다""]","[""리그램"", ""오늘점심"", ""제품제공"", ""후에르타로스까뇨스"", ""엑스트라버진올리브오일"", ""아보카도올리브유샌드워치"", ""래디쉬루꼴라샐러드"", ""후에르타로스까뇨스유기농엑스트라버진올리브오일"", ""올리브오일추천"", ""올리브유"", ""홈쿡"", ""브런치"", ""브런치메뉴"", ""점심메뉴"", ""점메추"", ""샐러드"", ""쵸쵸씨테이블""]","[""점심으로"", ""샌드위치가"", ""먹고싶었어요"", ""왜냐면"", ""익은"", ""아보카도가"", ""있거든요"", ""마침"", ""정말정말"", ""질좋은"", ""올리브오일을"", ""선물받기도"", ""했구요"", ""이름이"", ""쪼금"", ""어려운데"", ""한숨에"", ""말해야"", ""있어보임"", ""뜯는"", ""순간"", ""마치"", ""비내리는"", ""정원에"", ""있는듯"", ""풋풋한"", ""풀향기가"", ""물씬"", ""풍겨와"", ""깜짝"", ""놀랐어요"", ""이런향의"", ""올리브유를"", ""만난적이"", ""없는것"", ""같아서요"", ""집에서"", ""올리브유도"", ""나름"", ""고르고"", ""골라"", ""구입한"", ""냉압착"", ""유기농"", ""올리브유인데"", ""이런향은"", ""안나거든요"", ""후에르타로스까뇨스"", ""올리브오일은"", ""스페인"", ""알달루시아"", ""지방에서"", ""재배되는"", ""피구알"", ""품종의"", ""햇올리브를"", ""냉추출공법으로"", ""추출해"", ""올리브의"", ""향과"", ""영양을"", ""담고있어요"", ""풀향기에"", ""칼칼한"", ""느낌이"", ""나더라구요"", ""약간의"", ""과일향도"", ""느꼈어요"", ""팬에"", ""올리브유"", ""두르고"", ""빵반갈해서"", ""노릇하게"", ""구운후"", ""잘익은"", ""아보카도"", ""슬라이스"", ""핑크솔트"", ""톡쏘는"", ""좋아"", ""드레싱에"", ""주로이용함"", ""후추갈갈하고"", ""올리브유를"", ""콜콜"", ""뿌려서"", ""반숙후라이"", ""노른자터트려"", ""고소짭짤"", ""풍미"", ""장난아니에요"", ""래디쉬"", ""브리치즈"", ""토마토"", ""루꼴라넣은"", ""샐러드에는"", ""올리브유"", ""화이트발사믹"", ""소금"", ""후추넣은"", ""드레싱"", ""뿌려줬습니다"", ""드레싱으로"", ""소금후추만"", ""뿌려서"", ""올리브유이지만"", ""공복에"", ""먹는게"", ""항염"", ""항산화에"", ""좋다고"", ""아침에"", ""한스푼씩"", ""먹어보려고"", ""몸이"", ""자꾸"", ""여기저기"", ""아픈게"", ""염증수치도"", ""높아진거"", ""같고"", ""안빼먹고"", ""열심히"", ""먹어서"", ""효과를"", ""보기를"", ""점심도"", ""먹었습니다"", ""리그램"", ""오늘점심"", ""제품제공"", ""후에르타로스까뇨스"", ""엑스트라버진올리브오일"", ""아보카도올리브유샌드워치"", ""래디쉬루꼴라샐러드"", ""후에르타로스까뇨스유기농엑스트라버진올리브오일"", ""올리브오일추천"", ""올리브유"", ""홈쿡"", ""브런치"", ""브런치메뉴"", ""점심메뉴"", ""점메추"", ""샐러드"", ""쵸쵸씨테이블""]"
https://www.instagram.com/p/DP5HXLdiA9X/,#단호박병아리콩샐러드🥗 단호박 그릴에 구워서 병아리콩샐러드에 세팅하고소금후추톡톡 올오뿌리링 먹을땐 그릭요거트도 살짝가을느낌 샐러드입니다 🎃 🍌바나나가 죽어가고있어서오트밀  우유 베리 🫐넛츠 시나몬 적당히 넣고베이킹파우더0.5t  🥚계란1 섞어서오븐 180도 25분 구우면 #바나나오트밀브레드 완성 🥧 그리고맑은 가을 하늘안찍을수가 없었습니다 📸💙#일상의기록 #쉬운레서피 #빵모닝 #샐러드 #단호박 #병아리콩 #오트밀브레드 #냥스타그램 #14짤올라 #13짤유키 #동네산책,단호박병아리콩샐러드;바나나오트밀브레드;일상의기록;쉬운레서피;빵모닝;샐러드;단호박;병아리콩;오트밀브레드;냥스타그램;14짤올라;13짤유키;동네산책,#단호박병아리콩샐러드 단호박 그릴에 구워서 병아리콩샐러드에 세팅하고소금후추톡톡 올오뿌리링 먹을땐 그릭요거트도 살짝가을느낌 샐러드입니다 바나나가 죽어가고있어서오트밀 우유 베리 넛츠 시나몬 적당히 넣고베이킹파우더 계란 섞어서오븐 도 분 구우면 #바나나오트밀브레드 완성 그리고맑은 가을 하늘안찍을수가 없었습니다 #일상의기록 #쉬운레서피 #빵모닝 #샐러드 #단호박 #병아리콩 #오트밀브레드 #냥스타그램 # 짤올라 # 짤유키 #동네산책,"[""단호박"", ""그릴에"", ""구워서"", ""병아리콩샐러드에"", ""세팅하고소금후추톡톡"", ""올오뿌리링"", ""먹을땐"", ""그릭요거트도"", ""살짝가을느낌"", ""샐러드입니다"", ""바나나가"", ""죽어가고있어서오트밀"", ""우유"", ""베리"", ""넛츠"", ""시나몬"", ""적당히"", ""넣고베이킹파우더"", ""계란"", ""섞어서오븐"", ""구우면"", ""완성"", ""그리고맑은"", ""가을"", ""하늘안찍을수가"", ""없었습니다"", ""짤올라"", ""짤유키""]","[""단호박병아리콩샐러드"", ""바나나오트밀브레드"", ""일상의기록"", ""쉬운레서피"", ""빵모닝"", ""샐러드"", ""단호박"", ""병아리콩"", ""오트밀브레드"", ""냥스타그램"", ""짤올라"", ""짤유키"", ""동네산책""]","[""단호박"", ""그릴에"", ""구워서"", ""병아리콩샐러드에"", ""세팅하고소금후추톡톡"", ""올오뿌리링"", ""먹을땐"", ""그릭요거트도"", ""살짝가을느낌"", ""샐러드입니다"", ""바나나가"", ""죽어가고있어서오트밀"", ""우유"", ""베리"", ""넛츠"", ""시나몬"", ""적당히"", ""넣고베이킹파우더"", ""계란"", ""섞어서오븐"", ""구우면"", ""완성"", ""그리고맑은"", ""가을"", ""하늘안찍을수가"", ""없었습니다"", ""짤올라"", ""짤유키"", ""단호박병아리콩샐러드"", ""바나나오트밀브레드"", ""일상의기록"", ""쉬운레서피"", ""빵모닝"", ""샐러드"", ""단호박"", ""병아리콩"", ""오트밀브레드"", ""냥스타그램"", ""짤올라"", ""짤유키"", ""동네산책""]"
https://www.instagram.com/p/DPBjCjkAfxZ/c/17908075977247398/,"🍂마음에 닿는 문자 한 통.받는 것보다 늘 더 크게 건네주시는 따뜻한 마음 덕분에오늘 하루가 한층 다정해집니다🙊어쩜 이렇게 시처럼 문자를 써주실까요..다시 여느 날처럼 꼭 반갑게 만나요, 사장님!🤎",,마음에 닿는 문자 한 통 받는 것보다 늘 더 크게 건네주시는 따뜻한 마음 덕분에오늘 하루가 한층 다정해집니다 어쩜 이렇게 시처럼 문자를 써주실까요 다시 여느 날처럼 꼭 반갑게 만나요 사장님,"[""마음에"", ""닿는"", ""문자"", ""받는"", ""것보다"", ""크게"", ""건네주시는"", ""따뜻한"", ""마음"", ""덕분에오늘"", ""하루가"", ""한층"", ""다정해집니다"", ""어쩜"", ""시처럼"", ""문자를"", ""써주실까요"", ""여느"", ""날처럼"", ""반갑게"", ""만나요"", ""사장님""]","[""마음에"", ""닿는"", ""문자"", ""받는"", ""것보다"", ""크게"", ""건네주시는"", ""따뜻한"", ""마음"", ""덕분에오늘"", ""하루가"", ""한층"", ""다정해집니다"", ""어쩜"", ""시처럼"", ""문자를"", ""써주실까요"", ""여느"", ""날처럼"", ""반갑게"", ""만나요"", ""사장님""]","[""마음에"", ""닿는"", ""문자"", ""받는"", ""것보다"", ""크게"", ""건네주시는"", ""따뜻한"", ""마음"", ""덕분에오늘"", ""하루가"", ""한층"", ""다정해집니다"", ""어쩜"", ""시처럼"", ""문자를"", ""써주실까요"", ""여느"", ""날처럼"", ""반갑게"", ""만나요"", ""사장님"", ""마음에"", ""닿는"", ""문자"", ""받는"", ""것보다"", ""크게"", ""건네주시는"", ""따뜻한"", ""마음"", ""덕분에오늘"", ""하루가"", ""한층"", ""다정해집니다"", ""어쩜"", ""시처럼"", ""문자를"", ""써주실까요"", ""여느"", ""날처럼"", ""반갑게"", ""만나요"", ""사장님""]"
https://www.instagram.com/p/DQJR4hgk_0r/c/18073471817586271/,"이왕 사먹는 콜라,조금 더 나은 콜라는 없을까?🤔제로슈거인데 보존료, 인공카페인도 모두 ZERO!식사 후 깔끔한 마무리가 필요할 때 딱이에요👏🏻",,이왕 사먹는 콜라 조금 더 나은 콜라는 없을까 제로슈거인데 보존료 인공카페인도 모두 식사 후 깔끔한 마무리가 필요할 때 딱이에요,"[""이왕"", ""사먹는"", ""콜라"", ""나은"", ""콜라는"", ""없을까"", ""제로슈거인데"", ""보존료"", ""인공카페인도"", ""식사"", ""깔끔한"", ""마무리가"", ""필요할"", ""딱이에요""]","[""이왕"", ""사먹는"", ""콜라"", ""나은"", ""콜라는"", ""없을까"", ""제로슈거인데"", ""보존료"", ""인공카페인도"", ""식사"", ""깔끔한"", ""마무리가"", ""필요할"", ""딱이에요""]","[""이왕"", ""사먹는"", ""콜라"", ""나은"", ""콜라는"", ""없을까"", ""제로슈거인데"", ""보존료"", ""인공카페인도"", ""식사"", ""깔끔한"", ""마무리가"", ""필요할"", ""딱이에요"", ""이왕"", ""사먹는"", ""콜라"", ""나은"", ""콜라는"", ""없을까"", ""제로슈거인데"", ""보존료"", ""인공카페인도"", ""식사"", ""깔끔한"", ""마무리가"", ""필요할"", ""딱이에요""]"
https://www.instagram.com/p/DM9Q1-LyNbu/c/18076183622508336/,"SNS 화제 ‘서브웨이 타코 레시피‘ 가 공식 출시됐습니다. 서브웨이 타코 레시피는풀드포크 바베큐 샐러드에 치폴레 소스 조합과 아보카도를 추가하는 방식으로 간편하게 타코를 즐길 수 있어서 큰 사랑을 받았는데요.  서브웨이에서 공식 메뉴로 출시했습니다. 풀드포크와 스파이시 쉬림프 샐러드에 타코에 최적화된 야채와 소스 조합으로 구성됐습니다. 또띠아도 기본 1장이 제공되고, 2장까지 추가 가능하니, 오늘 점심은 서브웨이로 타코 먹으러 가 볼까요? 🌮 풀드포크 타코 샐러드🌮 스파이시 쉬림프 타코 샐러드#서브웨이 #풀드포크타코샐러드 #스파이시쉬림프타코샐러드 #subway",서브웨이;풀드포크타코샐러드;스파이시쉬림프타코샐러드;subway,화제 서브웨이 타코 레시피 가 공식 출시됐습니다 서브웨이 타코 레시피는풀드포크 바베큐 샐러드에 치폴레 소스 조합과 아보카도를 추가하는 방식으로 간편하게 타코를 즐길 수 있어서 큰 사랑을 받았는데요 서브웨이에서 공식 메뉴로 출시했습니다 풀드포크와 스파이시 쉬림프 샐러드에 타코에 최적화된 야채와 소스 조합으로 구성됐습니다 또띠아도 기본 장이 제공되고 장까지 추가 가능하니 오늘 점심은 서브웨이로 타코 먹으러 가 볼까요 풀드포크 타코 샐러드 스파이시 쉬림프 타코 샐러드#서브웨이 #풀드포크타코샐러드 #스파이시쉬림프타코샐러드 #,"[""화제"", ""서브웨이"", ""타코"", ""레시피"", ""공식"", ""출시됐습니다"", ""서브웨이"", ""타코"", ""레시피는풀드포크"", ""바베큐"", ""샐러드에"", ""치폴레"", ""소스"", ""조합과"", ""아보카도를"", ""추가하는"", ""방식으로"", ""간편하게"", ""타코를"", ""사랑을"", ""받았는데요"", ""서브웨이에서"", ""공식"", ""출시했습니다"", ""풀드포크와"", ""스파이시"", ""쉬림프"", ""샐러드에"", ""타코에"", ""최적화된"", ""야채와"", ""소스"", ""조합으로"", ""구성됐습니다"", ""또띠아도"", ""장이"", ""제공되고"", ""장까지"", ""점심은"", ""서브웨이로"", ""타코"", ""볼까요"", ""풀드포크"", ""타코"", ""샐러드"", ""스파이시"", ""쉬림프"", ""타코"", ""샐러드""]","[""서브웨이"", ""풀드포크타코샐러드"", ""스파이시쉬림프타코샐러드""]","[""화제"", ""서브웨이"", ""타코"", ""레시피"", ""공식"", ""출시됐습니다"", ""서브웨이"", ""타코"", ""레시피는풀드포크"", ""바베큐"", ""샐러드에"", ""치폴레"", ""소스"", ""조합과"", ""아보카도를"", ""추가하는"", ""방식으로"", ""간편하게"", ""타코를"", ""사랑을"", ""받았는데요"", ""서브웨이에서"", ""공식"", ""출시했습니다"", ""풀드포크와"", ""스파이시"", ""쉬림프"", ""샐러드에"", ""타코에"", ""최적화된"", ""야채와"", ""소스"", ""조합으로"", ""구성됐습니다"", ""또띠아도"", ""장이"", ""제공되고"", ""장까지"", ""점심은"", ""서브웨이로"", ""타코"", ""볼까요"", ""풀드포크"", ""타코"", ""샐러드"", ""스파이시"", ""쉬림프"", ""타코"", ""샐러드"", ""서브웨이"", ""풀드포크타코샐러드"", ""스파이시쉬림프타코샐러드""]"
https://www.instagram.com/p/DJ8uX1Hx9CN/,#샐러드#샐러드도시락#선물요즘 계속 샐러드 먹었더니 운동하는 언니들이 먹고싶다해서 내꺼랑2개더쌈.사실알고보면 별거아닌데..특별한것도 없구만~~,샐러드;샐러드도시락;선물,#샐러드#샐러드도시락#선물요즘 계속 샐러드 먹었더니 운동하는 언니들이 먹고싶다해서 내꺼랑 개더쌈 사실알고보면 별거아닌데 특별한것도 없구만,"[""샐러드"", ""먹었더니"", ""운동하는"", ""언니들이"", ""먹고싶다해서"", ""내꺼랑"", ""개더쌈"", ""사실알고보면"", ""별거아닌데"", ""특별한것도"", ""없구만""]","[""샐러드"", ""샐러드도시락"", ""선물""]","[""샐러드"", ""먹었더니"", ""운동하는"", ""언니들이"", ""먹고싶다해서"", ""내꺼랑"", ""개더쌈"", ""사실알고보면"", ""별거아닌데"", ""특별한것도"", ""없구만"", ""샐러드"", ""샐러드도시락"", ""선물""]"
https://www.instagram.com/p/DPzsdubk0eR/,10.15  점심메뉴입니다. 석식메뉴도 밑에 있습니다   맛없는 날이 없는 10월의 어느 날입니다 ㅎ #소고기미역국#스파이시까르보나라#치킨까스유린기#꽈리고추어묵볶음#얼갈이겉절이#콘샐러드석식입니다 #얼큰북어국#훈제오리구이#맛살링튀김#단호박튀김#소세지야채볶음#샐러드...기타등등이요 #논현1647#논현역점심#신사역점심#논현맛집#신사맛집#신사저녁#논현저녁#논현밥집#신사밥집#단체회식#소모임#한식뷔페#강남구내식당#직장인점심#집밥이최고#위생등급 매우우수업체#백반맛집,소고기미역국;스파이시까르보나라;치킨까스유린기;꽈리고추어묵볶음;얼갈이겉절이;콘샐러드;얼큰북어국;훈제오리구이;맛살링튀김;단호박튀김;소세지야채볶음;샐러드;논현1647;논현역점심;신사역점심;논현맛집;신사맛집;신사저녁;논현저녁;논현밥집;신사밥집;단체회식;소모임;한식뷔페;강남구내식당;직장인점심;집밥이최고;위생등급;백반맛집,점심메뉴입니다 석식메뉴도 밑에 있습니다 맛없는 날이 없는 월의 어느 날입니다 ㅎ #소고기미역국#스파이시까르보나라#치킨까스유린기#꽈리고추어묵볶음#얼갈이겉절이#콘샐러드석식입니다 #얼큰북어국#훈제오리구이#맛살링튀김#단호박튀김#소세지야채볶음#샐러드 기타등등이요 #논현 #논현역점심#신사역점심#논현맛집#신사맛집#신사저녁#논현저녁#논현밥집#신사밥집#단체회식#소모임#한식뷔페#강남구내식당#직장인점심#집밥이최고#위생등급 매우우수업체#백반맛집,"[""점심메뉴입니다"", ""석식메뉴도"", ""밑에"", ""맛없는"", ""날이"", ""월의"", ""어느"", ""날입니다"", ""기타등등이요"", ""매우우수업체""]","[""소고기미역국"", ""스파이시까르보나라"", ""치킨까스유린기"", ""꽈리고추어묵볶음"", ""얼갈이겉절이"", ""콘샐러드"", ""얼큰북어국"", ""훈제오리구이"", ""맛살링튀김"", ""단호박튀김"", ""소세지야채볶음"", ""샐러드"", ""논현"", ""논현역점심"", ""신사역점심"", ""논현맛집"", ""신사맛집"", ""신사저녁"", ""논현저녁"", ""논현밥집"", ""신사밥집"", ""단체회식"", ""소모임"", ""한식뷔페"", ""강남구내식당"", ""직장인점심"", ""집밥이최고"", ""위생등급"", ""백반맛집""]","[""점심메뉴입니다"", ""석식메뉴도"", ""밑에"", ""맛없는"", ""날이"", ""월의"", ""어느"", ""날입니다"", ""기타등등이요"", ""매우우수업체"", ""소고기미역국"", ""스파이시까르보나라"", ""치킨까스유린기"", ""꽈리고추어묵볶음"", ""얼갈이겉절이"", ""콘샐러드"", ""얼큰북어국"", ""훈제오리구이"", ""맛살링튀김"", ""단호박튀김"", ""소세지야채볶음"", ""샐러드"", ""논현"", ""논현역점심"", ""신사역점심"", ""논현맛집"", ""신사맛집"", ""신사저녁"", ""논현저녁"", ""논현밥집"", ""신사밥집"", ""단체회식"", ""소모임"", ""한식뷔페"", ""강남구내식당"", ""직장인점심"", ""집밥이최고"", ""위생등급"", ""백반맛집""]"
https://www.instagram.com/p/DQGEBh2kxgt/,"안녕하세요!배달 보온도시락&샐러드 전문업체 푸디스퀘어 입니다🍱【10.22중식 도시락 샐러드 메뉴🍴】👍푸디스퀘어를 선택하는 이유✔️매일 다른메뉴✔️기다림 없는 배송✔️탁월한 보온(4시간)✔️뒤처리(※샐러드는 수거 서비스가 지원되지않습니다)✏️사용 설명서✔️기업 전용 도시락&샐러드 배송 서비스✔️3명 이상의 인원부터 서비스가 이용가능✔️주 3~4회 주문을 기본✔️결제방식은 월 말 결제(후불결제)를 기본으로하며 매월 첫째 주 금요일에 결제를 진행⚠️도시락, 샐러드는 세트가 아닙니다.각각 따로 주문 가능합니다⚠️샐러드는 당일주문이 불가합니다⚠️📍연락처 010-9676-3990📍전화문의  월~금 7:00~17:00매일 인스타그램에서 메뉴 갱신중🍴 질문이나 문의사항은 인스타그램 DM 또는 연락처 로 연락주세요.오늘도 좋은 하루 보내십시오💫#맛스타 #맛스타그램 #맛있다 #푸드스타그램 #또먹고싶다 #맛집#오늘뭐먹지 #food#foodfic #instafood #도시락 #샐러드#salad #lunchbox #lunch #점심 #점심메뉴",맛스타;맛스타그램;맛있다;푸드스타그램;또먹고싶다;맛집;오늘뭐먹지;food;foodfic;instafood;도시락;샐러드;salad;lunchbox;lunch;점심;점심메뉴,안녕하세요 배달 보온도시락 샐러드 전문업체 푸디스퀘어 입니다 중식 도시락 샐러드 메뉴 푸디스퀘어를 선택하는 이유 매일 다른메뉴 기다림 없는 배송 탁월한 보온 시간 뒤처리 샐러드는 수거 서비스가 지원되지않습니다 사용 설명서 기업 전용 도시락 샐러드 배송 서비스 명 이상의 인원부터 서비스가 이용가능 주 회 주문을 기본 결제방식은 월 말 결제 후불결제 를 기본으로하며 매월 첫째 주 금요일에 결제를 진행 도시락 샐러드는 세트가 아닙니다 각각 따로 주문 가능합니다 샐러드는 당일주문이 불가합니다 연락처 전화문의 월 금 매일 인스타그램에서 메뉴 갱신중 질문이나 문의사항은 인스타그램 또는 연락처 로 연락주세요 오늘도 좋은 하루 보내십시오 #맛스타 #맛스타그램 #맛있다 #푸드스타그램 #또먹고싶다 #맛집#오늘뭐먹지 # # # #도시락 #샐러드# # # #점심 #점심메뉴,"[""배달"", ""보온도시락"", ""샐러드"", ""전문업체"", ""푸디스퀘어"", ""중식"", ""도시락"", ""샐러드"", ""푸디스퀘어를"", ""선택하는"", ""이유"", ""매일"", ""다른메뉴"", ""기다림"", ""배송"", ""탁월한"", ""보온"", ""시간"", ""뒤처리"", ""샐러드는"", ""수거"", ""지원되지않습니다"", ""사용"", ""설명서"", ""기업"", ""도시락"", ""샐러드"", ""배송"", ""서비스"", ""이상의"", ""인원부터"", ""이용가능"", ""주문을"", ""결제방식은"", ""결제"", ""후불결제"", ""기본으로하며"", ""매월"", ""첫째"", ""금요일에"", ""결제를"", ""도시락"", ""샐러드는"", ""세트가"", ""아닙니다"", ""주문"", ""샐러드는"", ""당일주문이"", ""불가합니다"", ""매일"", ""인스타그램에서"", ""갱신중"", ""질문이나"", ""문의사항은"", ""인스타그램"", ""연락주세요"", ""하루"", ""보내십시오""]","[""맛스타"", ""맛스타그램"", ""푸드스타그램"", ""또먹고싶다"", ""맛집"", ""오늘뭐먹지"", ""도시락"", ""샐러드"", ""점심"", ""점심메뉴""]","[""배달"", ""보온도시락"", ""샐러드"", ""전문업체"", ""푸디스퀘어"", ""중식"", ""도시락"", ""샐러드"", ""푸디스퀘어를"", ""선택하는"", ""이유"", ""매일"", ""다른메뉴"", ""기다림"", ""배송"", ""탁월한"", ""보온"", ""시간"", ""뒤처리"", ""샐러드는"", ""수거"", ""지원되지않습니다"", ""사용"", ""설명서"", ""기업"", ""도시락"", ""샐러드"", ""배송"", ""서비스"", ""이상의"", ""인원부터"", ""이용가능"", ""주문을"", ""결제방식은"", ""결제"", ""후불결제"", ""기본으로하며"", ""매월"", ""첫째"", ""금요일에"", ""결제를"", ""도시락"", ""샐러드는"", ""세트가"", ""아닙니다"", ""주문"", ""샐러드는"", ""당일주문이"", ""불가합니다"", ""매일"", ""인스타그램에서"", ""갱신중"", ""질문이나"", ""문의사항은"", ""인스타그램"", ""연락주세요"", ""하루"", ""보내십시오"", ""맛스타"", ""맛스타그램"", ""푸드스타그램"", ""또먹고싶다"", ""맛집"", ""오늘뭐먹지"", ""도시락"", ""샐러드"", ""점심"", ""점심메뉴""]"
https://www.instagram.com/p/DOQONYRklTb/,"👩‍🍳소스 레시피올리브오일 2간장 1알룰로스 2발사믹 1 (없으면 식초 1)다진마늘 0.5후추 살짝👩‍🍳 재료준비파스타면 0.5인분샐러드 야채토마토오이는 기본적으로 준비해주시고 나머지 베이컨,새우,닭가슴살 등등은 냉털하셔서 취향껏 준비해주세요😋파스타면 9분~10분 삶아서 식혀주셔도 되고 시간 없으면 찬물에 쓱쓱 헹궈서 물기 빼주세요⭐️야채 위에 파스타면, 토핑 올리고 만들어놓은 소스 부어주면 끝! (파마산치즈 있으면 톡톡 뿌려주시고 없으면 생략)#샐러드파스타 #샐러드 #샐러드레시피 #다이어트레시피 #식단 #다이어트요리",샐러드파스타;샐러드;샐러드레시피;다이어트레시피;식단;다이어트요리,소스 레시피올리브오일 간장 알룰로스 발사믹 없으면 식초 다진마늘 후추 살짝 재료준비파스타면 인분샐러드 야채토마토오이는 기본적으로 준비해주시고 나머지 베이컨 새우 닭가슴살 등등은 냉털하셔서 취향껏 준비해주세요 파스타면 분 분 삶아서 식혀주셔도 되고 시간 없으면 찬물에 쓱쓱 헹궈서 물기 빼주세요 야채 위에 파스타면 토핑 올리고 만들어놓은 소스 부어주면 끝 파마산치즈 있으면 톡톡 뿌려주시고 없으면 생략 #샐러드파스타 #샐러드 #샐러드레시피 #다이어트레시피 #식단 #다이어트요리,"[""소스"", ""레시피올리브오일"", ""간장"", ""알룰로스"", ""발사믹"", ""없으면"", ""식초"", ""다진마늘"", ""후추"", ""재료준비파스타면"", ""인분샐러드"", ""야채토마토오이는"", ""기본적으로"", ""준비해주시고"", ""나머지"", ""베이컨"", ""새우"", ""닭가슴살"", ""등등은"", ""냉털하셔서"", ""취향껏"", ""준비해주세요"", ""파스타면"", ""삶아서"", ""식혀주셔도"", ""시간"", ""없으면"", ""찬물에"", ""쓱쓱"", ""헹궈서"", ""물기"", ""빼주세요"", ""야채"", ""파스타면"", ""토핑"", ""만들어놓은"", ""소스"", ""부어주면"", ""파마산치즈"", ""있으면"", ""톡톡"", ""뿌려주시고"", ""없으면"", ""생략""]","[""샐러드파스타"", ""샐러드"", ""샐러드레시피"", ""다이어트레시피"", ""식단"", ""다이어트요리""]","[""소스"", ""레시피올리브오일"", ""간장"", ""알룰로스"", ""발사믹"", ""없으면"", ""식초"", ""다진마늘"", ""후추"", ""재료준비파스타면"", ""인분샐러드"", ""야채토마토오이는"", ""기본적으로"", ""준비해주시고"", ""나머지"", ""베이컨"", ""새우"", ""닭가슴살"", ""등등은"", ""냉털하셔서"", ""취향껏"", ""준비해주세요"", ""파스타면"", ""삶아서"", ""식혀주셔도"", ""시간"", ""없으면"", ""찬물에"", ""쓱쓱"", ""헹궈서"", ""물기"", ""빼주세요"", ""야채"", ""파스타면"", ""토핑"", ""만들어놓은"", ""소스"", ""부어주면"", ""파마산치즈"", ""있으면"", ""톡톡"", ""뿌려주시고"", ""없으면"", ""생략"", ""샐러드파스타"", ""샐러드"", ""샐러드레시피"", ""다이어트레시피"", ""식단"", ""다이어트요리""]"
https://www.instagram.com/p/DQDcDFOklSj/,#오늘의메뉴 #행사#소불고기 #양념닭강정 #계란찜 #샐러드 #유부초밥 #과일 #도넛#음료#닭가슴살 샐러드 #훈제오리 샐러드 #오늘의샐러드#설프도시락#7.500원#가산동#구내식당 #가산디지털단지역 #한식뷔페 # 영양사 # 아이스크림 #샐러드 #음료#메뉴#맛집#라면#단체급식,오늘의메뉴;행사;소불고기;양념닭강정;계란찜;샐러드;유부초밥;과일;도넛;음료;닭가슴살;훈제오리;오늘의샐러드;설프도시락;7;가산동;구내식당;가산디지털단지역;한식뷔페;메뉴;맛집;라면;단체급식,#오늘의메뉴 #행사#소불고기 #양념닭강정 #계란찜 #샐러드 #유부초밥 #과일 #도넛#음료#닭가슴살 샐러드 #훈제오리 샐러드 #오늘의샐러드#설프도시락# 원#가산동#구내식당 #가산디지털단지역 #한식뷔페 # 영양사 # 아이스크림 #샐러드 #음료#메뉴#맛집#라면#단체급식,"[""샐러드"", ""샐러드"", ""영양사"", ""아이스크림""]","[""오늘의메뉴"", ""행사"", ""소불고기"", ""양념닭강정"", ""계란찜"", ""샐러드"", ""유부초밥"", ""과일"", ""도넛"", ""음료"", ""닭가슴살"", ""훈제오리"", ""오늘의샐러드"", ""설프도시락"", ""가산동"", ""구내식당"", ""가산디지털단지역"", ""한식뷔페"", ""맛집"", ""라면"", ""단체급식""]","[""샐러드"", ""샐러드"", ""영양사"", ""아이스크림"", ""오늘의메뉴"", ""행사"", ""소불고기"", ""양념닭강정"", ""계란찜"", ""샐러드"", ""유부초밥"", ""과일"", ""도넛"", ""음료"", ""닭가슴살"", ""훈제오리"", ""오늘의샐러드"", ""설프도시락"", ""가산동"", ""구내식당"", ""가산디지털단지역"", ""한식뷔페"", ""맛집"", ""라면"", ""단체급식""]"
https://www.instagram.com/p/DQIOTu-E04c/c/18083679892969441/,#샌드위치 #내맘대로샌드위치 #샐러드 #맛있다스타그램 #샌드위치스타그램 🥪#샐러드스타그램 🥗#먹스타그램 #맛스타그램,샌드위치;내맘대로샌드위치;샐러드;맛있다스타그램;샌드위치스타그램;샐러드스타그램;먹스타그램;맛스타그램,#샌드위치 #내맘대로샌드위치 #샐러드 #맛있다스타그램 #샌드위치스타그램 #샐러드스타그램 #먹스타그램 #맛스타그램,[],"[""샌드위치"", ""내맘대로샌드위치"", ""샐러드"", ""맛있다스타그램"", ""샌드위치스타그램"", ""샐러드스타그램"", ""먹스타그램"", ""맛스타그램""]","[""샌드위치"", ""내맘대로샌드위치"", ""샐러드"", ""맛있다스타그램"", ""샌드위치스타그램"", ""샐러드스타그램"", ""먹스타그램"", ""맛스타그램""]"
https://www.instagram.com/p/DQGvHPfj1D0/c/18081363998104260/,"📍송도에서 여기 어때? 인천대 근처 찐맛집 6곳 🧑‍🍳📁드림 맛.zip – 맛집편 💙유니 여러분! 오늘 뭐 먹을지 고민될 때 많죠?점심 식사, 저녁 약속, 혼밥까지!드림이가 인천대 근처 맛집을 직접 정리했어요 👀든든한 한식부터 분위기 좋은 이탈리안 양식,중식,일식까지 ✨📍옥소반 @oksoban_official인천 연수구 하모니로 144 송도지웰푸르지오시티 상가동 A112호, 113호📍조우곱도리탕@jowoogop인천 연수구 하모니로 158 송도타임스페이스 C동 116, 117호📍나 그리고 너@nagrigoneo인천 연수구 하모니로 144 송도 지웰 프루지오 1층 B동 106-107호📍히테 샐러드 카페@hytte_official인천 연수구 하모니로 158 송도타임스페이스 C동 203호📍파니나로@paninaro_songdo인천 연수구 하모니로 144 지웰푸르지오시티 A동 114호📍시시@xixi_songdo인천 연수구 인천타워대로132번길 9 206, 207, 208호💡 저장해두면 분명 도움 될 인천대 맛집 리스트!👉 스와이프해서 구경해보세요 💙제작: 인천대학교 홍보대사 드림이_강민서#인천대학교 #드림이 #홍보대사 #송도맛집 #인천대맛집 #인천대학생 #점심추천 #저녁추천 #인천맛집 #송도 #한식맛집 #일식맛집 #양식맛집 #데이트 #맛집 #맛집추천 #인천대 #옥소반 #샤브샤브 #조우곱도리탕 #인천대입구역맛집 #나그리고너 #피자 #파스타 #샐러드 #탐스맛집 #시시 #중식 #탐스 #타임스페이스",인천대학교;드림이;홍보대사;송도맛집;인천대맛집;인천대학생;점심추천;저녁추천;인천맛집;송도;한식맛집;일식맛집;양식맛집;데이트;맛집;맛집추천;인천대;옥소반;샤브샤브;조우곱도리탕;인천대입구역맛집;나그리고너;피자;파스타;샐러드;탐스맛집;시시;중식;탐스;타임스페이스,송도에서 여기 어때 인천대 근처 찐맛집 곳 드림 맛 맛집편 유니 여러분 오늘 뭐 먹을지 고민될 때 많죠 점심 식사 저녁 약속 혼밥까지 드림이가 인천대 근처 맛집을 직접 정리했어요 든든한 한식부터 분위기 좋은 이탈리안 양식 중식 일식까지 옥소반 인천 연수구 하모니로 송도지웰푸르지오시티 상가동 호 호 조우곱도리탕 인천 연수구 하모니로 송도타임스페이스 동 호 나 그리고 너 인천 연수구 하모니로 송도 지웰 프루지오 층 동 호 히테 샐러드 카페 인천 연수구 하모니로 송도타임스페이스 동 호 파니나로 인천 연수구 하모니로 지웰푸르지오시티 동 호 시시 인천 연수구 인천타워대로 번길 호 저장해두면 분명 도움 될 인천대 맛집 리스트 스와이프해서 구경해보세요 제작 인천대학교 홍보대사 드림이 강민서#인천대학교 #드림이 #홍보대사 #송도맛집 #인천대맛집 #인천대학생 #점심추천 #저녁추천 #인천맛집 #송도 #한식맛집 #일식맛집 #양식맛집 #데이트 #맛집 #맛집추천 #인천대 #옥소반 #샤브샤브 #조우곱도리탕 #인천대입구역맛집 #나그리고너 #피자 #파스타 #샐러드 #탐스맛집 #시시 #중식 #탐스 #타임스페이스,"[""송도에서"", ""여기"", ""어때"", ""인천대"", ""근처"", ""찐맛집"", ""드림"", ""맛집편"", ""유니"", ""여러분"", ""먹을지"", ""고민될"", ""많죠"", ""점심"", ""식사"", ""저녁"", ""약속"", ""혼밥까지"", ""드림이가"", ""인천대"", ""근처"", ""맛집을"", ""정리했어요"", ""든든한"", ""한식부터"", ""분위기"", ""이탈리안"", ""양식"", ""중식"", ""일식까지"", ""옥소반"", ""인천"", ""연수구"", ""하모니로"", ""송도지웰푸르지오시티"", ""상가동"", ""조우곱도리탕"", ""인천"", ""연수구"", ""하모니로"", ""송도타임스페이스"", ""인천"", ""연수구"", ""하모니로"", ""송도"", ""지웰"", ""프루지오"", ""히테"", ""샐러드"", ""카페"", ""인천"", ""연수구"", ""하모니로"", ""송도타임스페이스"", ""파니나로"", ""인천"", ""연수구"", ""하모니로"", ""지웰푸르지오시티"", ""시시"", ""인천"", ""연수구"", ""인천타워대로"", ""번길"", ""저장해두면"", ""도움"", ""인천대"", ""맛집"", ""리스트"", ""스와이프해서"", ""구경해보세요"", ""제작"", ""인천대학교"", ""홍보대사"", ""드림이"", ""강민서""]","[""인천대학교"", ""드림이"", ""홍보대사"", ""송도맛집"", ""인천대맛집"", ""인천대학생"", ""점심추천"", ""저녁추천"", ""인천맛집"", ""송도"", ""한식맛집"", ""일식맛집"", ""양식맛집"", ""데이트"", ""맛집"", ""맛집추천"", ""인천대"", ""옥소반"", ""샤브샤브"", ""조우곱도리탕"", ""인천대입구역맛집"", ""나그리고너"", ""피자"", ""파스타"", ""샐러드"", ""탐스맛집"", ""시시"", ""중식"", ""탐스"", ""타임스페이스""]","[""송도에서"", ""여기"", ""어때"", ""인천대"", ""근처"", ""찐맛집"", ""드림"", ""맛집편"", ""유니"", ""여러분"", ""먹을지"", ""고민될"", ""많죠"", ""점심"", ""식사"", ""저녁"", ""약속"", ""혼밥까지"", ""드림이가"", ""인천대"", ""근처"", ""맛집을"", ""정리했어요"", ""든든한"", ""한식부터"", ""분위기"", ""이탈리안"", ""양식"", ""중식"", ""일식까지"", ""옥소반"", ""인천"", ""연수구"", ""하모니로"", ""송도지웰푸르지오시티"", ""상가동"", ""조우곱도리탕"", ""인천"", ""연수구"", ""하모니로"", ""송도타임스페이스"", ""인천"", ""연수구"", ""하모니로"", ""송도"", ""지웰"", ""프루지오"", ""히테"", ""샐러드"", ""카페"", ""인천"", ""연수구"", ""하모니로"", ""송도타임스페이스"", ""파니나로"", ""인천"", ""연수구"", ""하모니로"", ""지웰푸르지오시티"", ""시시"", ""인천"", ""연수구"", ""인천타워대로"", ""번길"", ""저장해두면"", ""도움"", ""인천대"", ""맛집"", ""리스트"", ""스와이프해서"", ""구경해보세요"", ""제작"", ""인천대학교"", ""홍보대사"", ""드림이"", ""강민서"", ""인천대학교"", ""드림이"", ""홍보대사"", ""송도맛집"", ""인천대맛집"", ""인천대학생"", ""점심추천"", ""저녁추천"", ""인천맛집"", ""송도"", ""한식맛집"", ""일식맛집"", ""양식맛집"", ""데이트"", ""맛집"", ""맛집추천"", ""인천대"", ""옥소반"", ""샤브샤브"", ""조우곱도리탕"", ""인천대입구역맛집"", ""나그리고너"", ""피자"", ""파스타"", ""샐러드"", ""탐스맛집"", ""시시"", ""중식"", ""탐스"", ""타임스페이스""]"
https://www.instagram.com/p/DPA0Ytjk6La/,"#오늘도꿀줌마🐷 #제품제공 #협찬살찐 거 어찌 알고 포켓 샐러드에서 샐러드 3종을 보내주셨어요❤이제 그만 입 닫고 식단 좀 해야 하는 그런 때가 되었지요🐷샐러드는 진공 포장되어 있어서 뜯고 바로 먹으면 되는간편함은 물론 각 재료와 소스의 조화까지 매우 굿👍🏻포켓 샐러드 홈페이지 가입하면‼️- 첫 정기배송 30,000원 쿠폰팩- 첫 샐러드 4팩 19,900원 ​좋은 기회에 다들 경험해 보셨으면 해요ꔛ@pocketsalad_official #포켓샐러드 #샐러드 #샐러드정기배송첫짤에 놀라셨나요😳짝꿍님이 레트로 갬성으로 꾸며주셨답니다🌝쫌 귀엽쬬?🤭",오늘도꿀줌마;제품제공;협찬살찐;포켓샐러드;샐러드;샐러드정기배송첫짤에,#오늘도꿀줌마 #제품제공 #협찬살찐 거 어찌 알고 포켓 샐러드에서 샐러드 종을 보내주셨어요 이제 그만 입 닫고 식단 좀 해야 하는 그런 때가 되었지요 샐러드는 진공 포장되어 있어서 뜯고 바로 먹으면 되는간편함은 물론 각 재료와 소스의 조화까지 매우 굿 포켓 샐러드 홈페이지 가입하면 첫 정기배송 원 쿠폰팩 첫 샐러드 팩 원 좋은 기회에 다들 경험해 보셨으면 해요 #포켓샐러드 #샐러드 #샐러드정기배송첫짤에 놀라셨나요 짝꿍님이 레트로 갬성으로 꾸며주셨답니다 쫌 귀엽쬬,"[""어찌"", ""알고"", ""포켓"", ""샐러드에서"", ""샐러드"", ""종을"", ""보내주셨어요"", ""그만"", ""닫고"", ""식단"", ""해야"", ""때가"", ""되었지요"", ""샐러드는"", ""진공"", ""포장되어"", ""뜯고"", ""되는간편함은"", ""물론"", ""재료와"", ""소스의"", ""조화까지"", ""포켓"", ""샐러드"", ""홈페이지"", ""가입하면"", ""정기배송"", ""쿠폰팩"", ""샐러드"", ""기회에"", ""경험해"", ""보셨으면"", ""놀라셨나요"", ""짝꿍님이"", ""레트로"", ""갬성으로"", ""꾸며주셨답니다"", ""귀엽쬬""]","[""오늘도꿀줌마"", ""제품제공"", ""협찬살찐"", ""포켓샐러드"", ""샐러드"", ""샐러드정기배송첫짤에""]","[""어찌"", ""알고"", ""포켓"", ""샐러드에서"", ""샐러드"", ""종을"", ""보내주셨어요"", ""그만"", ""닫고"", ""식단"", ""해야"", ""때가"", ""되었지요"", ""샐러드는"", ""진공"", ""포장되어"", ""뜯고"", ""되는간편함은"", ""물론"", ""재료와"", ""소스의"", ""조화까지"", ""포켓"", ""샐러드"", ""홈페이지"", ""가입하면"", ""정기배송"", ""쿠폰팩"", ""샐러드"", ""기회에"", ""경험해"", ""보셨으면"", ""놀라셨나요"", ""짝꿍님이"", ""레트로"", ""갬성으로"", ""꾸며주셨답니다"", ""귀엽쬬"", ""오늘도꿀줌마"", ""제품제공"", ""협찬살찐"", ""포켓샐러드"", ""샐러드"", ""샐러드정기배송첫짤에""]"
https://www.instagram.com/p/DQGluXICVYz/,오랜만에..만났네다들 대체로 잘 지내고 있더라늘 나만 다이나믹 하지피곤해도 한번씩 나오라는 말이얼마나 나에게 부담이고 무거운 소린지여전히 모르는구나😮‍💨마음은 무거워도 몸은 가볍게 콥샐러드🥗그래도 같이 놀 때는 죽이 척척! 도파민 팡팡!#샐러드 #콥샐러드 #빠레뜨한남,샐러드;콥샐러드;빠레뜨한남,오랜만에 만났네다들 대체로 잘 지내고 있더라늘 나만 다이나믹 하지피곤해도 한번씩 나오라는 말이얼마나 나에게 부담이고 무거운 소린지여전히 모르는구나 마음은 무거워도 몸은 가볍게 콥샐러드 그래도 같이 놀 때는 죽이 척척 도파민 팡팡 #샐러드 #콥샐러드 #빠레뜨한남,"[""만났네다들"", ""대체로"", ""지내고"", ""있더라늘"", ""나만"", ""다이나믹"", ""하지피곤해도"", ""한번씩"", ""나오라는"", ""말이얼마나"", ""나에게"", ""부담이고"", ""무거운"", ""소린지여전히"", ""모르는구나"", ""마음은"", ""무거워도"", ""몸은"", ""가볍게"", ""콥샐러드"", ""때는"", ""죽이"", ""척척"", ""도파민"", ""팡팡""]","[""샐러드"", ""콥샐러드"", ""빠레뜨한남""]","[""만났네다들"", ""대체로"", ""지내고"", ""있더라늘"", ""나만"", ""다이나믹"", ""하지피곤해도"", ""한번씩"", ""나오라는"", ""말이얼마나"", ""나에게"", ""부담이고"", ""무거운"", ""소린지여전히"", ""모르는구나"", ""마음은"", ""무거워도"", ""몸은"", ""가볍게"", ""콥샐러드"", ""때는"", ""죽이"", ""척척"", ""도파민"", ""팡팡"", ""샐러드"", ""콥샐러드"", ""빠레뜨한남""]"
https://www.instagram.com/p/DQGMFQ-CXJd/,#우리뷔페오늘의메뉴#돼지고기김치찜 #잔치국수#김가루#어묵볶음#샐러드#후식누룽지20251022수요일#,우리뷔페오늘의메뉴;돼지고기김치찜;잔치국수;김가루;어묵볶음;샐러드;후식누룽지20251022수요일,#우리뷔페오늘의메뉴#돼지고기김치찜 #잔치국수#김가루#어묵볶음#샐러드#후식누룽지 수요일#,"[""수요일""]","[""우리뷔페오늘의메뉴"", ""돼지고기김치찜"", ""잔치국수"", ""김가루"", ""어묵볶음"", ""샐러드"", ""후식누룽지"", ""수요일""]","[""수요일"", ""우리뷔페오늘의메뉴"", ""돼지고기김치찜"", ""잔치국수"", ""김가루"", ""어묵볶음"", ""샐러드"", ""후식누룽지"", ""수요일""]"
https://www.instagram.com/p/DQG_JIZkYvj/,다이어트 밀프랩?렙? 이라고 하나지인이 부탁한 정기 샐러드🫡많이 한 거 같은데 해놓으면 뭔가 모지라다다음주 메뉴는 모하징.#밀프렙 #샐러드 #도시락 #다이어트 #뱃살엔팽이버섯 #닭가슴살,밀프렙;샐러드;도시락;다이어트;뱃살엔팽이버섯;닭가슴살,다이어트 밀프랩 렙 이라고 하나지인이 부탁한 정기 샐러드 많이 한 거 같은데 해놓으면 뭔가 모지라다다음주 메뉴는 모하징 #밀프렙 #샐러드 #도시락 #다이어트 #뱃살엔팽이버섯 #닭가슴살,"[""다이어트"", ""밀프랩"", ""이라고"", ""하나지인이"", ""부탁한"", ""정기"", ""샐러드"", ""같은데"", ""해놓으면"", ""뭔가"", ""모지라다다음주"", ""모하징""]","[""밀프렙"", ""샐러드"", ""도시락"", ""다이어트"", ""뱃살엔팽이버섯"", ""닭가슴살""]","[""다이어트"", ""밀프랩"", ""이라고"", ""하나지인이"", ""부탁한"", ""정기"", ""샐러드"", ""같은데"", ""해놓으면"", ""뭔가"", ""모지라다다음주"", ""모하징"", ""밀프렙"", ""샐러드"", ""도시락"", ""다이어트"", ""뱃살엔팽이버섯"", ""닭가슴살""]"
https://www.instagram.com/p/DOr-_w0kyna/,"비 오는 날  따뜻한 공간을 찾고 계신가요?리탐빌에서 명상과 요가로 마음을 다스린 후샐러드와 샌드위치로 가벼우면서도 든든하게하루의 밸런스를 채울 수 있어요신선한 채소로 만든 샐러드와 샌드위치는웰니스 루틴의 마지막을 완성합니다빗소리와 함께하는 식사시간, 편안한 휴식이 되길 바라요 #리탐빌 #힐링카페 #요가카페 #싱잉볼카페 #이태원카페#샐러드 #샌드위치 #맛집 #웰니스 #웰니스라이프",리탐빌;힐링카페;요가카페;싱잉볼카페;이태원카페;샐러드;샌드위치;맛집;웰니스;웰니스라이프,비 오는 날 따뜻한 공간을 찾고 계신가요 리탐빌에서 명상과 요가로 마음을 다스린 후샐러드와 샌드위치로 가벼우면서도 든든하게하루의 밸런스를 채울 수 있어요신선한 채소로 만든 샐러드와 샌드위치는웰니스 루틴의 마지막을 완성합니다빗소리와 함께하는 식사시간 편안한 휴식이 되길 바라요 #리탐빌 #힐링카페 #요가카페 #싱잉볼카페 #이태원카페#샐러드 #샌드위치 #맛집 #웰니스 #웰니스라이프,"[""오는"", ""따뜻한"", ""공간을"", ""찾고"", ""계신가요"", ""리탐빌에서"", ""명상과"", ""요가로"", ""마음을"", ""다스린"", ""후샐러드와"", ""샌드위치로"", ""가벼우면서도"", ""든든하게하루의"", ""밸런스를"", ""채울"", ""있어요신선한"", ""채소로"", ""만든"", ""샐러드와"", ""샌드위치는웰니스"", ""루틴의"", ""마지막을"", ""완성합니다빗소리와"", ""함께하는"", ""식사시간"", ""편안한"", ""휴식이"", ""되길"", ""바라요""]","[""리탐빌"", ""힐링카페"", ""요가카페"", ""싱잉볼카페"", ""이태원카페"", ""샐러드"", ""샌드위치"", ""맛집"", ""웰니스"", ""웰니스라이프""]","[""오는"", ""따뜻한"", ""공간을"", ""찾고"", ""계신가요"", ""리탐빌에서"", ""명상과"", ""요가로"", ""마음을"", ""다스린"", ""후샐러드와"", ""샌드위치로"", ""가벼우면서도"", ""든든하게하루의"", ""밸런스를"", ""채울"", ""있어요신선한"", ""채소로"", ""만든"", ""샐러드와"", ""샌드위치는웰니스"", ""루틴의"", ""마지막을"", ""완성합니다빗소리와"", ""함께하는"", ""식사시간"", ""편안한"", ""휴식이"", ""되길"", ""바라요"", ""리탐빌"", ""힐링카페"", ""요가카페"", ""싱잉볼카페"", ""이태원카페"", ""샐러드"", ""샌드위치"", ""맛집"", ""웰니스"", ""웰니스라이프""]"
https://www.instagram.com/p/DQIo2hjkjUL/,썩어빠진 몸땡이가끔씩이라도 이렇게 먹어야지휴....힘들다...#샐러드#다이어트식단#건강식#영양제#늙어간다#몸상태#썩어빠진몸뚱아리 #힘들다#이럴때도있는거지#화이팅#2주식단,샐러드;다이어트식단;건강식;영양제;늙어간다;몸상태;썩어빠진몸뚱아리;힘들다;이럴때도있는거지;화이팅;2주식단,썩어빠진 몸땡이가끔씩이라도 이렇게 먹어야지휴 힘들다 #샐러드#다이어트식단#건강식#영양제#늙어간다#몸상태#썩어빠진몸뚱아리 #힘들다#이럴때도있는거지#화이팅# 주식단,"[""썩어빠진"", ""몸땡이가끔씩이라도"", ""먹어야지휴"", ""힘들다"", ""주식단""]","[""샐러드"", ""다이어트식단"", ""건강식"", ""영양제"", ""늙어간다"", ""몸상태"", ""썩어빠진몸뚱아리"", ""힘들다"", ""이럴때도있는거지"", ""화이팅"", ""주식단""]","[""썩어빠진"", ""몸땡이가끔씩이라도"", ""먹어야지휴"", ""힘들다"", ""주식단"", ""샐러드"", ""다이어트식단"", ""건강식"", ""영양제"", ""늙어간다"", ""몸상태"", ""썩어빠진몸뚱아리"", ""힘들다"", ""이럴때도있는거지"", ""화이팅"", ""주식단""]"
https://www.instagram.com/p/DJF-PItB1EN/,#냠냠 #샌드위치 #리코타치즈샐러드 #치킨샌드위치 #샐러드 #넘조아,냠냠;샌드위치;리코타치즈샐러드;치킨샌드위치;샐러드;넘조아,#냠냠 #샌드위치 #리코타치즈샐러드 #치킨샌드위치 #샐러드 #넘조아,[],"[""냠냠"", ""샌드위치"", ""리코타치즈샐러드"", ""치킨샌드위치"", ""샐러드"", ""넘조아""]","[""냠냠"", ""샌드위치"", ""리코타치즈샐러드"", ""치킨샌드위치"", ""샐러드"", ""넘조아""]"
https://www.instagram.com/p/DQHIRnIkumI/c/18075430558914721/,#수요일항상 고마운 남편생일 축하해 ~🎂🎉🎈최선을 다했다.오늘은 푹 잘 수 있을것같아 ::::::::::;;;;..#육아#일상#데일리#소통#남편#생일#생일상#미역국#잡채#LA갈비#등갈비김치찜#샐러드#상다리부러짐#종일준비했음#막상또별거없는것같음#밥먹을힘이없음,수요일항상;육아;일상;데일리;소통;남편;생일;생일상;미역국;잡채;LA갈비;등갈비김치찜;샐러드;상다리부러짐;종일준비했음;막상또별거없는것같음;밥먹을힘이없음,#수요일항상 고마운 남편생일 축하해 최선을 다했다 오늘은 푹 잘 수 있을것같아 #육아#일상#데일리#소통#남편#생일#생일상#미역국#잡채# 갈비#등갈비김치찜#샐러드#상다리부러짐#종일준비했음#막상또별거없는것같음#밥먹을힘이없음,"[""고마운"", ""남편생일"", ""축하해"", ""최선을"", ""다했다"", ""있을것같아"", ""갈비""]","[""수요일항상"", ""육아"", ""일상"", ""데일리"", ""소통"", ""남편"", ""생일"", ""생일상"", ""미역국"", ""잡채"", ""갈비"", ""등갈비김치찜"", ""샐러드"", ""상다리부러짐"", ""종일준비했음"", ""막상또별거없는것같음"", ""밥먹을힘이없음""]","[""고마운"", ""남편생일"", ""축하해"", ""최선을"", ""다했다"", ""있을것같아"", ""갈비"", ""수요일항상"", ""육아"", ""일상"", ""데일리"", ""소통"", ""남편"", ""생일"", ""생일상"", ""미역국"", ""잡채"", ""갈비"", ""등갈비김치찜"", ""샐러드"", ""상다리부러짐"", ""종일준비했음"", ""막상또별거없는것같음"", ""밥먹을힘이없음""]"
https://www.instagram.com/p/DOVS4R7CWg7/,"미국 젠지들의 원픽, 치폴레 드디어 한국 온다?!🌮미국 멕시칸 프랜차이즈 치폴레 멕시칸 그릴(Chipotle) 내년 상반기 드디어 한국 1호점 오픈 예정이라는 소식!식품업계에 따르면 SPC그룹이 지난해부터 치폴레 국내 도입을 준비해왔으며, 빠르면 내년 상반기 서울에서 첫 매장을 선보인다고 합니다👀미국 Z세대가 뽑은 ‘가장 좋아하는 브랜드 2위’ 치폴레, 이제 한국 젠지들 입맛까지 제대로 저격할 수 있을지기대감을 더하는 소식 전해드립니다✍🏻📌 치폴레(Chipotle)@chipotle▪️1993년, 원래 고급 레스토랑을 열 계획이었던 CIA출신 셰프 스티브 엘스가 자금 마련을 위해 사이드 프로젝트로 부리또 가게를 시작▪️’패스트푸드지만 퀄리티는 높게’라는 패스트 캐주얼(Fast Casual) 개념을 개척▪️유기농, 무항생제 재료 사용을 강조하며 패스트 푸드 내에서 웰빙 트렌드 주도▪️맥도날드가 한때 대주주로 참여해 대규모 확장을 도왔으나, 2006년에 분리▪️미국 내 매장 수는 3,300개 이상 (2024 기준)▪️대표 메뉴: 부리또, 볼(bowl), 타코, 샐러드 등 모든 메뉴 커스터마이징 가능🌯 치폴레▪️ MZ사이에서 간편하게 먹기 좋지만 맛있는 패스트푸드 이미지▪️ 정크푸드 먹고 싶지만 양심은 지키고 싶을 때 찾는 브랜드▪️ 회사 근처, 대학가에 많아 점심시간 필수코스 느낌#Chipotle #치폴레📷@chipotle",Chipotle;치폴레,미국 젠지들의 원픽 치폴레 드디어 한국 온다 미국 멕시칸 프랜차이즈 치폴레 멕시칸 그릴 내년 상반기 드디어 한국 호점 오픈 예정이라는 소식 식품업계에 따르면 그룹이 지난해부터 치폴레 국내 도입을 준비해왔으며 빠르면 내년 상반기 서울에서 첫 매장을 선보인다고 합니다 미국 세대가 뽑은 가장 좋아하는 브랜드 위 치폴레 이제 한국 젠지들 입맛까지 제대로 저격할 수 있을지기대감을 더하는 소식 전해드립니다 치폴레 년 원래 고급 레스토랑을 열 계획이었던 출신 셰프 스티브 엘스가 자금 마련을 위해 사이드 프로젝트로 부리또 가게를 시작 패스트푸드지만 퀄리티는 높게 라는 패스트 캐주얼 개념을 개척 유기농 무항생제 재료 사용을 강조하며 패스트 푸드 내에서 웰빙 트렌드 주도 맥도날드가 한때 대주주로 참여해 대규모 확장을 도왔으나 년에 분리 미국 내 매장 수는 개 이상 기준 대표 메뉴 부리또 볼 타코 샐러드 등 모든 메뉴 커스터마이징 가능 치폴레 사이에서 간편하게 먹기 좋지만 맛있는 패스트푸드 이미지 정크푸드 먹고 싶지만 양심은 지키고 싶을 때 찾는 브랜드 회사 근처 대학가에 많아 점심시간 필수코스 느낌# #치폴레,"[""미국"", ""젠지들의"", ""원픽"", ""치폴레"", ""한국"", ""온다"", ""미국"", ""멕시칸"", ""프랜차이즈"", ""치폴레"", ""멕시칸"", ""그릴"", ""내년"", ""상반기"", ""한국"", ""호점"", ""오픈"", ""예정이라는"", ""소식"", ""식품업계에"", ""따르면"", ""그룹이"", ""지난해부터"", ""치폴레"", ""국내"", ""도입을"", ""준비해왔으며"", ""빠르면"", ""내년"", ""상반기"", ""서울에서"", ""매장을"", ""선보인다고"", ""미국"", ""세대가"", ""뽑은"", ""좋아하는"", ""치폴레"", ""한국"", ""젠지들"", ""입맛까지"", ""저격할"", ""있을지기대감을"", ""더하는"", ""소식"", ""전해드립니다"", ""치폴레"", ""원래"", ""고급"", ""레스토랑을"", ""계획이었던"", ""출신"", ""셰프"", ""스티브"", ""엘스가"", ""자금"", ""마련을"", ""사이드"", ""프로젝트로"", ""부리또"", ""가게를"", ""시작"", ""패스트푸드지만"", ""퀄리티는"", ""높게"", ""라는"", ""패스트"", ""캐주얼"", ""개념을"", ""개척"", ""유기농"", ""무항생제"", ""재료"", ""사용을"", ""강조하며"", ""패스트"", ""푸드"", ""내에서"", ""웰빙"", ""트렌드"", ""주도"", ""맥도날드가"", ""한때"", ""대주주로"", ""참여해"", ""대규모"", ""확장을"", ""도왔으나"", ""년에"", ""분리"", ""미국"", ""수는"", ""이상"", ""기준"", ""대표"", ""부리또"", ""타코"", ""샐러드"", ""커스터마이징"", ""치폴레"", ""사이에서"", ""간편하게"", ""먹기"", ""좋지만"", ""패스트푸드"", ""이미지"", ""정크푸드"", ""싶지만"", ""양심은"", ""지키고"", ""싶을"", ""찾는"", ""회사"", ""근처"", ""대학가에"", ""점심시간"", ""필수코스"", ""느낌""]","[""치폴레""]","[""미국"", ""젠지들의"", ""원픽"", ""치폴레"", ""한국"", ""온다"", ""미국"", ""멕시칸"", ""프랜차이즈"", ""치폴레"", ""멕시칸"", ""그릴"", ""내년"", ""상반기"", ""한국"", ""호점"", ""오픈"", ""예정이라는"", ""소식"", ""식품업계에"", ""따르면"", ""그룹이"", ""지난해부터"", ""치폴레"", ""국내"", ""도입을"", ""준비해왔으며"", ""빠르면"", ""내년"", ""상반기"", ""서울에서"", ""매장을"", ""선보인다고"", ""미국"", ""세대가"", ""뽑은"", ""좋아하는"", ""치폴레"", ""한국"", ""젠지들"", ""입맛까지"", ""저격할"", ""있을지기대감을"", ""더하는"", ""소식"", ""전해드립니다"", ""치폴레"", ""원래"", ""고급"", ""레스토랑을"", ""계획이었던"", ""출신"", ""셰프"", ""스티브"", ""엘스가"", ""자금"", ""마련을"", ""사이드"", ""프로젝트로"", ""부리또"", ""가게를"", ""시작"", ""패스트푸드지만"", ""퀄리티는"", ""높게"", ""라는"", ""패스트"", ""캐주얼"", ""개념을"", ""개척"", ""유기농"", ""무항생제"", ""재료"", ""사용을"", ""강조하며"", ""패스트"", ""푸드"", ""내에서"", ""웰빙"", ""트렌드"", ""주도"", ""맥도날드가"", ""한때"", ""대주주로"", ""참여해"", ""대규모"", ""확장을"", ""도왔으나"", ""년에"", ""분리"", ""미국"", ""수는"", ""이상"", ""기준"", ""대표"", ""부리또"", ""타코"", ""샐러드"", ""커스터마이징"", ""치폴레"", ""사이에서"", ""간편하게"", ""먹기"", ""좋지만"", ""패스트푸드"", ""이미지"", ""정크푸드"", ""싶지만"", ""양심은"", ""지키고"", ""싶을"", ""찾는"", ""회사"", ""근처"", ""대학가에"", ""점심시간"", ""필수코스"", ""느낌"", ""치폴레""]"
https://www.instagram.com/p/DQF5c2cj2UN/,".샐러링 신메뉴 런칭!그린샐러드 도시락 3종🥗 🥬 그린 믹스 샐러드🔥 케이준 치킨 샐러드🌿 유러피안 그릭 샐러드8900원오늘은 조금더 특별한 나를위해,더욱 더 가벼워진 그린샐러드 도시락 3종으로 하루를 채워봐요💚#샐러링 #salaring #샐러드 #그린믹스샐러드 #케이준치킨샐러드 #유러피안그릭샐러드 #salad #건강식 #식단",샐러링;salaring;샐러드;그린믹스샐러드;케이준치킨샐러드;유러피안그릭샐러드;salad;건강식;식단,샐러링 신메뉴 런칭 그린샐러드 도시락 종 그린 믹스 샐러드 케이준 치킨 샐러드 유러피안 그릭 샐러드 원오늘은 조금더 특별한 나를위해 더욱 더 가벼워진 그린샐러드 도시락 종으로 하루를 채워봐요 #샐러링 # #샐러드 #그린믹스샐러드 #케이준치킨샐러드 #유러피안그릭샐러드 # #건강식 #식단,"[""샐러링"", ""신메뉴"", ""런칭"", ""그린샐러드"", ""도시락"", ""그린"", ""믹스"", ""샐러드"", ""케이준"", ""치킨"", ""샐러드"", ""유러피안"", ""그릭"", ""샐러드"", ""원오늘은"", ""조금더"", ""나를위해"", ""가벼워진"", ""그린샐러드"", ""도시락"", ""종으로"", ""하루를"", ""채워봐요""]","[""샐러링"", ""샐러드"", ""그린믹스샐러드"", ""케이준치킨샐러드"", ""유러피안그릭샐러드"", ""건강식"", ""식단""]","[""샐러링"", ""신메뉴"", ""런칭"", ""그린샐러드"", ""도시락"", ""그린"", ""믹스"", ""샐러드"", ""케이준"", ""치킨"", ""샐러드"", ""유러피안"", ""그릭"", ""샐러드"", ""원오늘은"", ""조금더"", ""나를위해"", ""가벼워진"", ""그린샐러드"", ""도시락"", ""종으로"", ""하루를"", ""채워봐요"", ""샐러링"", ""샐러드"", ""그린믹스샐러드"", ""케이준치킨샐러드"", ""유러피안그릭샐러드"", ""건강식"", ""식단""]"
https://www.instagram.com/p/DQCAYGREWDZ/,디너 샐러드 🥑날씨가 이제 제법 추워졌으니 #저탄고단식단 #식단일기 #다이어트#영양식단#샐러드#닭가슴살샐러드 #아보카도 #사과#땅콩버터,저탄고단식단;식단일기;다이어트;영양식단;샐러드;닭가슴살샐러드;아보카도;사과;땅콩버터,디너 샐러드 날씨가 이제 제법 추워졌으니 #저탄고단식단 #식단일기 #다이어트#영양식단#샐러드#닭가슴살샐러드 #아보카도 #사과#땅콩버터,"[""디너"", ""샐러드"", ""날씨가"", ""제법"", ""추워졌으니""]","[""저탄고단식단"", ""식단일기"", ""다이어트"", ""영양식단"", ""샐러드"", ""닭가슴살샐러드"", ""아보카도"", ""사과"", ""땅콩버터""]","[""디너"", ""샐러드"", ""날씨가"", ""제법"", ""추워졌으니"", ""저탄고단식단"", ""식단일기"", ""다이어트"", ""영양식단"", ""샐러드"", ""닭가슴살샐러드"", ""아보카도"", ""사과"", ""땅콩버터""]"
https://www.instagram.com/p/DO2tgOADvw3/,"주말 모음zip.🫧점심으로 새우를 버터에 볶고 냉장고에 남은 야채들로 샐러드 파스타 해먹기!🌟역시 주말은 청소하고 쉬는게 제일 행복..♡ 홈쇼핑 보다 홀려서 주문한 새우.. 평소에 보지도 않던 홈쇼핑 왜 갑자기 보게 됐을까,,냉동실에 가득찬 이슈로 당분간 새우 요리 해먹을 예정이구요…우리집 복덩이 금전수가 너무 잘 자라고 있어요 🌱무럭무럭 크거라🫶🏻",,주말 모음 점심으로 새우를 버터에 볶고 냉장고에 남은 야채들로 샐러드 파스타 해먹기 역시 주말은 청소하고 쉬는게 제일 행복 홈쇼핑 보다 홀려서 주문한 새우 평소에 보지도 않던 홈쇼핑 왜 갑자기 보게 됐을까 냉동실에 가득찬 이슈로 당분간 새우 요리 해먹을 예정이구요 우리집 복덩이 금전수가 너무 잘 자라고 있어요 무럭무럭 크거라,"[""주말"", ""모음"", ""점심으로"", ""새우를"", ""버터에"", ""볶고"", ""냉장고에"", ""야채들로"", ""샐러드"", ""파스타"", ""해먹기"", ""주말은"", ""청소하고"", ""쉬는게"", ""행복"", ""홈쇼핑"", ""홀려서"", ""주문한"", ""새우"", ""평소에"", ""보지도"", ""않던"", ""홈쇼핑"", ""보게"", ""됐을까"", ""냉동실에"", ""가득찬"", ""이슈로"", ""당분간"", ""새우"", ""요리"", ""해먹을"", ""예정이구요"", ""우리집"", ""복덩이"", ""금전수가"", ""자라고"", ""무럭무럭"", ""크거라""]","[""주말"", ""모음"", ""점심으로"", ""새우를"", ""버터에"", ""볶고"", ""냉장고에"", ""야채들로"", ""샐러드"", ""파스타"", ""해먹기"", ""주말은"", ""청소하고"", ""쉬는게"", ""행복"", ""홈쇼핑"", ""홀려서"", ""주문한"", ""새우"", ""평소에"", ""보지도"", ""않던"", ""홈쇼핑"", ""보게"", ""됐을까"", ""냉동실에"", ""가득찬"", ""이슈로"", ""당분간"", ""새우"", ""요리"", ""해먹을"", ""예정이구요"", ""우리집"", ""복덩이"", ""금전수가"", ""자라고"", ""무럭무럭"", ""크거라""]","[""주말"", ""모음"", ""점심으로"", ""새우를"", ""버터에"", ""볶고"", ""냉장고에"", ""야채들로"", ""샐러드"", ""파스타"", ""해먹기"", ""주말은"", ""청소하고"", ""쉬는게"", ""행복"", ""홈쇼핑"", ""홀려서"", ""주문한"", ""새우"", ""평소에"", ""보지도"", ""않던"", ""홈쇼핑"", ""보게"", ""됐을까"", ""냉동실에"", ""가득찬"", ""이슈로"", ""당분간"", ""새우"", ""요리"", ""해먹을"", ""예정이구요"", ""우리집"", ""복덩이"", ""금전수가"", ""자라고"", ""무럭무럭"", ""크거라"", ""주말"", ""모음"", ""점심으로"", ""새우를"", ""버터에"", ""볶고"", ""냉장고에"", ""야채들로"", ""샐러드"", ""파스타"", ""해먹기"", ""주말은"", ""청소하고"", ""쉬는게"", ""행복"", ""홈쇼핑"", ""홀려서"", ""주문한"", ""새우"", ""평소에"", ""보지도"", ""않던"", ""홈쇼핑"", ""보게"", ""됐을까"", ""냉동실에"", ""가득찬"", ""이슈로"", ""당분간"", ""새우"", ""요리"", ""해먹을"", ""예정이구요"", ""우리집"", ""복덩이"", ""금전수가"", ""자라고"", ""무럭무럭"", ""크거라""]"
https://www.instagram.com/p/DQJiJmdD9hv/c/17846597958591084/,"SAUCIT의 치킨 패티는 거대한 통 닭다리살을 직접 튀겨낸 수제 패티입니다.수제버거의 고급진 맛을 프렌차이즈의 저렴한 가격으로 즐겨보세요.SAUCIT 치킨 버거 : 6,500원BOLDSAUCEBOLDERFLAVORS",,의 치킨 패티는 거대한 통 닭다리살을 직접 튀겨낸 수제 패티입니다 수제버거의 고급진 맛을 프렌차이즈의 저렴한 가격으로 즐겨보세요 치킨 버거 원,"[""치킨"", ""패티는"", ""거대한"", ""닭다리살을"", ""튀겨낸"", ""수제"", ""패티입니다"", ""수제버거의"", ""고급진"", ""프렌차이즈의"", ""저렴한"", ""가격으로"", ""즐겨보세요"", ""치킨"", ""버거""]","[""치킨"", ""패티는"", ""거대한"", ""닭다리살을"", ""튀겨낸"", ""수제"", ""패티입니다"", ""수제버거의"", ""고급진"", ""프렌차이즈의"", ""저렴한"", ""가격으로"", ""즐겨보세요"", ""치킨"", ""버거""]","[""치킨"", ""패티는"", ""거대한"", ""닭다리살을"", ""튀겨낸"", ""수제"", ""패티입니다"", ""수제버거의"", ""고급진"", ""프렌차이즈의"", ""저렴한"", ""가격으로"", ""즐겨보세요"", ""치킨"", ""버거"", ""치킨"", ""패티는"", ""거대한"", ""닭다리살을"", ""튀겨낸"", ""수제"", ""패티입니다"", ""수제버거의"", ""고급진"", ""프렌차이즈의"", ""저렴한"", ""가격으로"", ""즐겨보세요"", ""치킨"", ""버거""]"
https://www.instagram.com/p/DP2dBNRD4mG/,"➰️협찬 #참외샐러드 #올리브오일 🫒 아삭아삭한 식감과 은은한 단맛의 참외💛💛그냥 먹어도 맛있지만드레싱과 어우러지면 풍미가 더 좋아져요드레싱 국물까지 드링킹하게 되는 마법이🥹😝만드는 방법은 내일 릴스로 올릴게요 👩‍🍳소스참외즙에 올리브오일 2큰술, 레몬즙 1큰술, 꿀 1작은술, 소금 약간, 후춧가루  약간 소스에 사용한 올리브오일은 에피루스 비오스엑스트라 버진 기준치 (0.8) 보다 낮은 0.11 산도의 그리스 토종 단일 품종으로 연간 단 3회만 한정 수확되는 프리미엄 오일 수확 후 24시간 내에 압착하여 신선하고싱그러운 내음과 쌉싸름하면서 고소한 맛이 좋아요 컴팩트한 100ml 용량이라캠핑이나 여행에 가져가도 부담없어 추천드려요 깊어가는 가을 많이 만끽하는 하루 보내세요🍂🥮🤍#oliveoil #에피루스비오스 #프리미엄올리브오일 #홈쿡 #홈카페 #epirusvios #샐러드 #salad #참외요리 #healthyfood #건강식단 #집밥  #healthyeat",참외샐러드;올리브오일;oliveoil;에피루스비오스;프리미엄올리브오일;홈쿡;홈카페;epirusvios;샐러드;salad;참외요리;healthyfood;건강식단;집밥;healthyeat,협찬 #참외샐러드 #올리브오일 아삭아삭한 식감과 은은한 단맛의 참외 그냥 먹어도 맛있지만드레싱과 어우러지면 풍미가 더 좋아져요드레싱 국물까지 드링킹하게 되는 마법이 만드는 방법은 내일 릴스로 올릴게요 소스참외즙에 올리브오일 큰술 레몬즙 큰술 꿀 작은술 소금 약간 후춧가루 약간 소스에 사용한 올리브오일은 에피루스 비오스엑스트라 버진 기준치 보다 낮은 산도의 그리스 토종 단일 품종으로 연간 단 회만 한정 수확되는 프리미엄 오일 수확 후 시간 내에 압착하여 신선하고싱그러운 내음과 쌉싸름하면서 고소한 맛이 좋아요 컴팩트한 용량이라캠핑이나 여행에 가져가도 부담없어 추천드려요 깊어가는 가을 많이 만끽하는 하루 보내세요 # #에피루스비오스 #프리미엄올리브오일 #홈쿡 #홈카페 # #샐러드 # #참외요리 # #건강식단 #집밥 #,"[""아삭아삭한"", ""식감과"", ""은은한"", ""단맛의"", ""참외"", ""맛있지만드레싱과"", ""어우러지면"", ""풍미가"", ""좋아져요드레싱"", ""국물까지"", ""드링킹하게"", ""마법이"", ""방법은"", ""릴스로"", ""올릴게요"", ""소스참외즙에"", ""올리브오일"", ""큰술"", ""레몬즙"", ""큰술"", ""작은술"", ""소금"", ""후춧가루"", ""소스에"", ""사용한"", ""올리브오일은"", ""에피루스"", ""비오스엑스트라"", ""버진"", ""기준치"", ""낮은"", ""산도의"", ""그리스"", ""토종"", ""단일"", ""품종으로"", ""연간"", ""회만"", ""한정"", ""수확되는"", ""프리미엄"", ""오일"", ""수확"", ""시간"", ""내에"", ""압착하여"", ""신선하고싱그러운"", ""내음과"", ""쌉싸름하면서"", ""고소한"", ""컴팩트한"", ""용량이라캠핑이나"", ""여행에"", ""가져가도"", ""부담없어"", ""추천드려요"", ""깊어가는"", ""가을"", ""만끽하는"", ""하루"", ""보내세요""]","[""참외샐러드"", ""올리브오일"", ""에피루스비오스"", ""프리미엄올리브오일"", ""홈쿡"", ""홈카페"", ""샐러드"", ""참외요리"", ""건강식단"", ""집밥""]","[""아삭아삭한"", ""식감과"", ""은은한"", ""단맛의"", ""참외"", ""맛있지만드레싱과"", ""어우러지면"", ""풍미가"", ""좋아져요드레싱"", ""국물까지"", ""드링킹하게"", ""마법이"", ""방법은"", ""릴스로"", ""올릴게요"", ""소스참외즙에"", ""올리브오일"", ""큰술"", ""레몬즙"", ""큰술"", ""작은술"", ""소금"", ""후춧가루"", ""소스에"", ""사용한"", ""올리브오일은"", ""에피루스"", ""비오스엑스트라"", ""버진"", ""기준치"", ""낮은"", ""산도의"", ""그리스"", ""토종"", ""단일"", ""품종으로"", ""연간"", ""회만"", ""한정"", ""수확되는"", ""프리미엄"", ""오일"", ""수확"", ""시간"", ""내에"", ""압착하여"", ""신선하고싱그러운"", ""내음과"", ""쌉싸름하면서"", ""고소한"", ""컴팩트한"", ""용량이라캠핑이나"", ""여행에"", ""가져가도"", ""부담없어"", ""추천드려요"", ""깊어가는"", ""가을"", ""만끽하는"", ""하루"", ""보내세요"", ""참외샐러드"", ""올리브오일"", ""에피루스비오스"", ""프리미엄올리브오일"", ""홈쿡"", ""홈카페"", ""샐러드"", ""참외요리"", ""건강식단"", ""집밥""]"
https://www.instagram.com/p/DQGJVSaEmVQ/c/18023877383577621/,".오늘도 바쁜 하루 속,잠시 멈춰 건강한 점심 한 끼 어때요?🥗 신선한 샐러드와 든든한 샌드위치로몸과 마음 모두 리프레시되는 시간 💚그린프레쉬 도시락이여러분의 건강한 하루를 함께합니다.#그린프레쉬 #도시락 #샐러드 #샌드위치 #건강한한끼 #점심추천",그린프레쉬;도시락;샐러드;샌드위치;건강한한끼;점심추천,오늘도 바쁜 하루 속 잠시 멈춰 건강한 점심 한 끼 어때요 신선한 샐러드와 든든한 샌드위치로몸과 마음 모두 리프레시되는 시간 그린프레쉬 도시락이여러분의 건강한 하루를 함께합니다 #그린프레쉬 #도시락 #샐러드 #샌드위치 #건강한한끼 #점심추천,"[""바쁜"", ""하루"", ""잠시"", ""멈춰"", ""건강한"", ""점심"", ""어때요"", ""신선한"", ""샐러드와"", ""든든한"", ""샌드위치로몸과"", ""마음"", ""리프레시되는"", ""시간"", ""그린프레쉬"", ""도시락이여러분의"", ""건강한"", ""하루를"", ""함께합니다""]","[""그린프레쉬"", ""도시락"", ""샐러드"", ""샌드위치"", ""건강한한끼"", ""점심추천""]","[""바쁜"", ""하루"", ""잠시"", ""멈춰"", ""건강한"", ""점심"", ""어때요"", ""신선한"", ""샐러드와"", ""든든한"", ""샌드위치로몸과"", ""마음"", ""리프레시되는"", ""시간"", ""그린프레쉬"", ""도시락이여러분의"", ""건강한"", ""하루를"", ""함께합니다"", ""그린프레쉬"", ""도시락"", ""샐러드"", ""샌드위치"", ""건강한한끼"", ""점심추천""]"
https://www.instagram.com/p/DNdWGFfpyYa/c/18055826288438059/,"#제품제공 @crispyfreshsalad 합정점 후기☘️친구랑 크리스피프레시에서 신메뉴들 먹어보고 왔습니다 히히🥣 저당 이탈리안 파스타볼, 하이프로틴 콥샐러드볼🥤 제로 샤인머스켓/레몬 에이드🍨 그래놀라+요거트원래도 샐러드 좋아하는데, 저당 이탈리안소스는 상큼해서 파스타+토마토+치즈 조합이랑 찰떡이고 심지어 베이컨도 두툼한게 짱맛,,하이프로틴 콥샐러드볼은 타코같은 느낌인데 단백질42g라 왕든든!친구랑 나눠먹는데도 양 엄청 많고 요거트까지 있어서 진짜 든든했어요,, 제로 에이드까지 완전 다이어트 외식 장소로 최고 ჱ̒⸝⸝•̀֊•́⸝⸝)‪ 조만간 또 방문해서 다른 메뉴 도장깨기 해볼게요 흐히-#다이어트 #다이어트식단 #다이어터 #다이어터식단 #식단관리 #식단일기 #식단추천 #샐러드맛집 #샐러드 #샐러드추천 #크리스피프레시 #눈바디 #눈바디기록 #운동기록 #운동맞팔",제품제공;다이어트;다이어트식단;다이어터;다이어터식단;식단관리;식단일기;식단추천;샐러드맛집;샐러드;샐러드추천;크리스피프레시;눈바디;눈바디기록;운동기록;운동맞팔,#제품제공 합정점 후기 친구랑 크리스피프레시에서 신메뉴들 먹어보고 왔습니다 히히 저당 이탈리안 파스타볼 하이프로틴 콥샐러드볼 제로 샤인머스켓 레몬 에이드 그래놀라 요거트원래도 샐러드 좋아하는데 저당 이탈리안소스는 상큼해서 파스타 토마토 치즈 조합이랑 찰떡이고 심지어 베이컨도 두툼한게 짱맛 하이프로틴 콥샐러드볼은 타코같은 느낌인데 단백질 라 왕든든 친구랑 나눠먹는데도 양 엄청 많고 요거트까지 있어서 진짜 든든했어요 제로 에이드까지 완전 다이어트 외식 장소로 최고 조만간 또 방문해서 다른 메뉴 도장깨기 해볼게요 흐히 #다이어트 #다이어트식단 #다이어터 #다이어터식단 #식단관리 #식단일기 #식단추천 #샐러드맛집 #샐러드 #샐러드추천 #크리스피프레시 #눈바디 #눈바디기록 #운동기록 #운동맞팔,"[""합정점"", ""후기"", ""친구랑"", ""크리스피프레시에서"", ""신메뉴들"", ""먹어보고"", ""왔습니다"", ""히히"", ""저당"", ""이탈리안"", ""파스타볼"", ""하이프로틴"", ""콥샐러드볼"", ""제로"", ""샤인머스켓"", ""레몬"", ""에이드"", ""그래놀라"", ""요거트원래도"", ""샐러드"", ""좋아하는데"", ""저당"", ""이탈리안소스는"", ""상큼해서"", ""파스타"", ""토마토"", ""치즈"", ""조합이랑"", ""찰떡이고"", ""심지어"", ""베이컨도"", ""두툼한게"", ""짱맛"", ""하이프로틴"", ""콥샐러드볼은"", ""타코같은"", ""느낌인데"", ""단백질"", ""왕든든"", ""친구랑"", ""나눠먹는데도"", ""많고"", ""요거트까지"", ""든든했어요"", ""제로"", ""에이드까지"", ""다이어트"", ""외식"", ""장소로"", ""최고"", ""조만간"", ""방문해서"", ""도장깨기"", ""해볼게요"", ""흐히""]","[""제품제공"", ""다이어트"", ""다이어트식단"", ""다이어터"", ""다이어터식단"", ""식단관리"", ""식단일기"", ""식단추천"", ""샐러드맛집"", ""샐러드"", ""샐러드추천"", ""크리스피프레시"", ""눈바디"", ""눈바디기록"", ""운동기록"", ""운동맞팔""]","[""합정점"", ""후기"", ""친구랑"", ""크리스피프레시에서"", ""신메뉴들"", ""먹어보고"", ""왔습니다"", ""히히"", ""저당"", ""이탈리안"", ""파스타볼"", ""하이프로틴"", ""콥샐러드볼"", ""제로"", ""샤인머스켓"", ""레몬"", ""에이드"", ""그래놀라"", ""요거트원래도"", ""샐러드"", ""좋아하는데"", ""저당"", ""이탈리안소스는"", ""상큼해서"", ""파스타"", ""토마토"", ""치즈"", ""조합이랑"", ""찰떡이고"", ""심지어"", ""베이컨도"", ""두툼한게"", ""짱맛"", ""하이프로틴"", ""콥샐러드볼은"", ""타코같은"", ""느낌인데"", ""단백질"", ""왕든든"", ""친구랑"", ""나눠먹는데도"", ""많고"", ""요거트까지"", ""든든했어요"", ""제로"", ""에이드까지"", ""다이어트"", ""외식"", ""장소로"", ""최고"", ""조만간"", ""방문해서"", ""도장깨기"", ""해볼게요"", ""흐히"", ""제품제공"", ""다이어트"", ""다이어트식단"", ""다이어터"", ""다이어터식단"", ""식단관리"", ""식단일기"", ""식단추천"", ""샐러드맛집"", ""샐러드"", ""샐러드추천"", ""크리스피프레시"", ""눈바디"", ""눈바디기록"", ""운동기록"", ""운동맞팔""]"
https://www.instagram.com/p/DPxyqTmkUBy/,"어제 글케 비가 많이 오더니,,,오늘도 비온다더니 다행히 안오네요!선선한데 은근 추운,,🫠 그래도 더운것보단 낫다며!!식단은,차요테, 래디쉬, 반숙란, 파프리카, 그린빈, 치커리, 파프리카올리브, 토마토, Maroilles 치즈🧀프랑스 치즈..! 냄새는 좀 강했는데 맛은 생각보다 부드럽고 안강해서 좋았어요><어제, 약 2주만에 하체피티했어요! 쌤이랑 올만에 스쿼트..많이 배웠다고 생각했는데 운동은 대체 언제쯤 잘하게 될까요🫠무너진 자세를 보며 반성합니다…집중좀 잘할것!(운동과 그외 모든것…) 요즘 계속 나를 돌아보는 자아성찰의 나날들,,, 잘해보자!!!⠀⠀⠀⠀⠀⠀⠀⠀⠀⠀⠀⠀⠀⠀⠀⠀⠀ ⠀⠀⠀⠀⠀⠀⠀⠀⠀⠀⠀⠀⠀⠀⠀⠀⠀ ⠀⠀⠀⠀⠀⠀⠀⠀⠀⠀⠀⠀⠀⠀⠀⠀⠀ #식단 #식단관리 #식단일지 #식단공유 #다이어트 #다이어트식단 #샐러드 #헬스 #운동 #eatclean #healthy #healthyfood #healthylife #healthylifestyle #diet #dietfoods #regime #salad #salade #nutrition #dietetique #gym #gymrat #gymmotivation",식단;식단관리;식단일지;식단공유;다이어트;다이어트식단;샐러드;헬스;운동;eatclean;healthy;healthyfood;healthylife;healthylifestyle;diet;dietfoods;regime;salad;salade;nutrition;dietetique;gym;gymrat;gymmotivation,어제 글케 비가 많이 오더니 오늘도 비온다더니 다행히 안오네요 선선한데 은근 추운 그래도 더운것보단 낫다며 식단은 차요테 래디쉬 반숙란 파프리카 그린빈 치커리 파프리카올리브 토마토 치즈 프랑스 치즈 냄새는 좀 강했는데 맛은 생각보다 부드럽고 안강해서 좋았어요 어제 약 주만에 하체피티했어요 쌤이랑 올만에 스쿼트 많이 배웠다고 생각했는데 운동은 대체 언제쯤 잘하게 될까요 무너진 자세를 보며 반성합니다 집중좀 잘할것 운동과 그외 모든것 요즘 계속 나를 돌아보는 자아성찰의 나날들 잘해보자 #식단 #식단관리 #식단일지 #식단공유 #다이어트 #다이어트식단 #샐러드 #헬스 #운동 # # # # # # # # # # # # # # #,"[""글케"", ""비가"", ""오더니"", ""비온다더니"", ""다행히"", ""안오네요"", ""선선한데"", ""은근"", ""추운"", ""더운것보단"", ""낫다며"", ""식단은"", ""차요테"", ""래디쉬"", ""반숙란"", ""파프리카"", ""그린빈"", ""치커리"", ""파프리카올리브"", ""토마토"", ""치즈"", ""프랑스"", ""치즈"", ""냄새는"", ""강했는데"", ""생각보다"", ""부드럽고"", ""안강해서"", ""좋았어요"", ""주만에"", ""하체피티했어요"", ""쌤이랑"", ""올만에"", ""스쿼트"", ""배웠다고"", ""생각했는데"", ""운동은"", ""대체"", ""언제쯤"", ""잘하게"", ""될까요"", ""무너진"", ""자세를"", ""보며"", ""반성합니다"", ""집중좀"", ""잘할것"", ""운동과"", ""그외"", ""모든것"", ""나를"", ""돌아보는"", ""자아성찰의"", ""나날들"", ""잘해보자""]","[""식단"", ""식단관리"", ""식단일지"", ""식단공유"", ""다이어트"", ""다이어트식단"", ""샐러드"", ""헬스"", ""운동""]","[""글케"", ""비가"", ""오더니"", ""비온다더니"", ""다행히"", ""안오네요"", ""선선한데"", ""은근"", ""추운"", ""더운것보단"", ""낫다며"", ""식단은"", ""차요테"", ""래디쉬"", ""반숙란"", ""파프리카"", ""그린빈"", ""치커리"", ""파프리카올리브"", ""토마토"", ""치즈"", ""프랑스"", ""치즈"", ""냄새는"", ""강했는데"", ""생각보다"", ""부드럽고"", ""안강해서"", ""좋았어요"", ""주만에"", ""하체피티했어요"", ""쌤이랑"", ""올만에"", ""스쿼트"", ""배웠다고"", ""생각했는데"", ""운동은"", ""대체"", ""언제쯤"", ""잘하게"", ""될까요"", ""무너진"", ""자세를"", ""보며"", ""반성합니다"", ""집중좀"", ""잘할것"", ""운동과"", ""그외"", ""모든것"", ""나를"", ""돌아보는"", ""자아성찰의"", ""나날들"", ""잘해보자"", ""식단"", ""식단관리"", ""식단일지"", ""식단공유"", ""다이어트"", ""다이어트식단"", ""샐러드"", ""헬스"", ""운동""]"
https://www.instagram.com/p/DP6EbxGkmIZ/,"📍만능 채칼 야채탈수기 📩[링크]라고 댓글 남기시면  구매 링크 바로 보내드릴게요🔸야채탈수기 + 6종 채칼 + 304스텐볼 + 공구중에만 스텐볼 뚜껑 증정‼️ 특별구성___________________________________분명 야채탈수기였는데 뚜껑만 바꿔주면 채칼로 변신하고또 뚜껑만 바꿔주면 304스텐 믹싱볼로 변신또 채반으로도 활용 가능한 만능 채칼 야채 탈수기손 베임 걱정 없는 핸드가드도 있어요🤗이제 따로 따로 사용하지말고올인원으로 편하게 사용하세요✅스탑 기능 있는 야채탈수기  가볍게 눌러주면 샐러드 물기 탈탈 털어줘요✅ 6종 채칼  (얇은/ 굵은 채썰기, 얇은/ 굵은 편썰기, 물결썰기, 강판)✅넉넉한 5L 용량, 미끄럼 방지처리 스텐볼 ✔️채썰어서 바로 양념하고 그대로 뚜껑 덮어서  냉장고에 보관까지👍 설거지거리가 줄어드는 꿀템입니다🚚평일 오후 1시 이전 구매건 1-2일 내 발송⠀",,만능 채칼 야채탈수기 링크 라고 댓글 남기시면 구매 링크 바로 보내드릴게요 야채탈수기 종 채칼 스텐볼 공구중에만 스텐볼 뚜껑 증정 특별구성 분명 야채탈수기였는데 뚜껑만 바꿔주면 채칼로 변신하고또 뚜껑만 바꿔주면 스텐 믹싱볼로 변신또 채반으로도 활용 가능한 만능 채칼 야채 탈수기손 베임 걱정 없는 핸드가드도 있어요 이제 따로 따로 사용하지말고올인원으로 편하게 사용하세요 스탑 기능 있는 야채탈수기 가볍게 눌러주면 샐러드 물기 탈탈 털어줘요 종 채칼 얇은 굵은 채썰기 얇은 굵은 편썰기 물결썰기 강판 넉넉한 용량 미끄럼 방지처리 스텐볼 채썰어서 바로 양념하고 그대로 뚜껑 덮어서 냉장고에 보관까지 설거지거리가 줄어드는 꿀템입니다 평일 오후 시 이전 구매건 일 내 발송,"[""만능"", ""채칼"", ""야채탈수기"", ""링크"", ""라고"", ""댓글"", ""남기시면"", ""링크"", ""보내드릴게요"", ""야채탈수기"", ""채칼"", ""스텐볼"", ""공구중에만"", ""스텐볼"", ""뚜껑"", ""증정"", ""특별구성"", ""야채탈수기였는데"", ""뚜껑만"", ""바꿔주면"", ""채칼로"", ""변신하고또"", ""뚜껑만"", ""바꿔주면"", ""스텐"", ""믹싱볼로"", ""변신또"", ""채반으로도"", ""활용"", ""가능한"", ""만능"", ""채칼"", ""야채"", ""탈수기손"", ""베임"", ""걱정"", ""핸드가드도"", ""사용하지말고올인원으로"", ""편하게"", ""사용하세요"", ""스탑"", ""기능"", ""야채탈수기"", ""가볍게"", ""눌러주면"", ""샐러드"", ""물기"", ""탈탈"", ""털어줘요"", ""채칼"", ""얇은"", ""굵은"", ""채썰기"", ""얇은"", ""굵은"", ""편썰기"", ""물결썰기"", ""강판"", ""넉넉한"", ""용량"", ""미끄럼"", ""방지처리"", ""스텐볼"", ""채썰어서"", ""양념하고"", ""뚜껑"", ""덮어서"", ""냉장고에"", ""보관까지"", ""설거지거리가"", ""줄어드는"", ""꿀템입니다"", ""평일"", ""오후"", ""이전"", ""구매건"", ""발송""]","[""만능"", ""채칼"", ""야채탈수기"", ""링크"", ""라고"", ""댓글"", ""남기시면"", ""링크"", ""보내드릴게요"", ""야채탈수기"", ""채칼"", ""스텐볼"", ""공구중에만"", ""스텐볼"", ""뚜껑"", ""증정"", ""특별구성"", ""야채탈수기였는데"", ""뚜껑만"", ""바꿔주면"", ""채칼로"", ""변신하고또"", ""뚜껑만"", ""바꿔주면"", ""스텐"", ""믹싱볼로"", ""변신또"", ""채반으로도"", ""활용"", ""가능한"", ""만능"", ""채칼"", ""야채"", ""탈수기손"", ""베임"", ""걱정"", ""핸드가드도"", ""사용하지말고올인원으로"", ""편하게"", ""사용하세요"", ""스탑"", ""기능"", ""야채탈수기"", ""가볍게"", ""눌러주면"", ""샐러드"", ""물기"", ""탈탈"", ""털어줘요"", ""채칼"", ""얇은"", ""굵은"", ""채썰기"", ""얇은"", ""굵은"", ""편썰기"", ""물결썰기"", ""강판"", ""넉넉한"", ""용량"", ""미끄럼"", ""방지처리"", ""스텐볼"", ""채썰어서"", ""양념하고"", ""뚜껑"", ""덮어서"", ""냉장고에"", ""보관까지"", ""설거지거리가"", ""줄어드는"", ""꿀템입니다"", ""평일"", ""오후"", ""이전"", ""구매건"", ""발송""]","[""만능"", ""채칼"", ""야채탈수기"", ""링크"", ""라고"", ""댓글"", ""남기시면"", ""링크"", ""보내드릴게요"", ""야채탈수기"", ""채칼"", ""스텐볼"", ""공구중에만"", ""스텐볼"", ""뚜껑"", ""증정"", ""특별구성"", ""야채탈수기였는데"", ""뚜껑만"", ""바꿔주면"", ""채칼로"", ""변신하고또"", ""뚜껑만"", ""바꿔주면"", ""스텐"", ""믹싱볼로"", ""변신또"", ""채반으로도"", ""활용"", ""가능한"", ""만능"", ""채칼"", ""야채"", ""탈수기손"", ""베임"", ""걱정"", ""핸드가드도"", ""사용하지말고올인원으로"", ""편하게"", ""사용하세요"", ""스탑"", ""기능"", ""야채탈수기"", ""가볍게"", ""눌러주면"", ""샐러드"", ""물기"", ""탈탈"", ""털어줘요"", ""채칼"", ""얇은"", ""굵은"", ""채썰기"", ""얇은"", ""굵은"", ""편썰기"", ""물결썰기"", ""강판"", ""넉넉한"", ""용량"", ""미끄럼"", ""방지처리"", ""스텐볼"", ""채썰어서"", ""양념하고"", ""뚜껑"", ""덮어서"", ""냉장고에"", ""보관까지"", ""설거지거리가"", ""줄어드는"", ""꿀템입니다"", ""평일"", ""오후"", ""이전"", ""구매건"", ""발송"", ""만능"", ""채칼"", ""야채탈수기"", ""링크"", ""라고"", ""댓글"", ""남기시면"", ""링크"", ""보내드릴게요"", ""야채탈수기"", ""채칼"", ""스텐볼"", ""공구중에만"", ""스텐볼"", ""뚜껑"", ""증정"", ""특별구성"", ""야채탈수기였는데"", ""뚜껑만"", ""바꿔주면"", ""채칼로"", ""변신하고또"", ""뚜껑만"", ""바꿔주면"", ""스텐"", ""믹싱볼로"", ""변신또"", ""채반으로도"", ""활용"", ""가능한"", ""만능"", ""채칼"", ""야채"", ""탈수기손"", ""베임"", ""걱정"", ""핸드가드도"", ""사용하지말고올인원으로"", ""편하게"", ""사용하세요"", ""스탑"", ""기능"", ""야채탈수기"", ""가볍게"", ""눌러주면"", ""샐러드"", ""물기"", ""탈탈"", ""털어줘요"", ""채칼"", ""얇은"", ""굵은"", ""채썰기"", ""얇은"", ""굵은"", ""편썰기"", ""물결썰기"", ""강판"", ""넉넉한"", ""용량"", ""미끄럼"", ""방지처리"", ""스텐볼"", ""채썰어서"", ""양념하고"", ""뚜껑"", ""덮어서"", ""냉장고에"", ""보관까지"", ""설거지거리가"", ""줄어드는"", ""꿀템입니다"", ""평일"", ""오후"", ""이전"", ""구매건"", ""발송""]"
https://www.instagram.com/p/DOxvSTqiQdb/,샐러드 안 먹는 편식러들 주목🤩요즘 MZ들 샐러드 말고 다 이거 먹는다고!🥗#닥터비알 #샐러드샷101 #샐러드 #샐러드앰플 #샐러드,닥터비알;샐러드샷101;샐러드;샐러드앰플,샐러드 안 먹는 편식러들 주목 요즘 들 샐러드 말고 다 이거 먹는다고 #닥터비알 #샐러드샷 #샐러드 #샐러드앰플 #샐러드,"[""샐러드"", ""편식러들"", ""주목"", ""샐러드"", ""말고"", ""먹는다고""]","[""닥터비알"", ""샐러드샷"", ""샐러드"", ""샐러드앰플""]","[""샐러드"", ""편식러들"", ""주목"", ""샐러드"", ""말고"", ""먹는다고"", ""닥터비알"", ""샐러드샷"", ""샐러드"", ""샐러드앰플""]"
https://www.instagram.com/p/DPviWAnES8v/,"[Hawaii Mood]한국은 요즘 대하철, 전어철이죠🦐하지만 따뜻한 바람이 머무는 하와이엔 사계절 대신 바다와 땅이 제철을 알려줘요!겨울이 다가오면 바다는 지방이 오른 참치로 풍성해지고 그 신선한 참치는 깊은 풍미를 선물해요🍣날이 따뜻해질수록 하와이안 새우가 통통하게 자라노스쇼어 새우트럭 앞은 늘 맛있는 향으로 가득하답니다😋여름에는 바다에서 갓 잡은 문어가 식탁에 오르죠🐙프리다이빙으로 잡은 문어는 쫄깃하면서도 부드러운 식감이 일품이에요ㅎㅎ그리고 길가마다 달콤한 향이 퍼질 때면그건 바로 망고가 익어간다는 신호🥭햇살처럼 노랗게 익은 망고 한입이면하와이 여름이 입안 가득 퍼져요🧡알로하포케 추천-포케 추천: 노쇼어 갈릭 쉬림프 포케-사이드 추천: 오트 초콜릿 푸딩Not just a SALAD but the PERFECT bowl!••섹시한 건강 미인, 건강 훈남의 라이프스타일! #알로하포케 #포케 #포케맛집 #샐러드 #샐러드맛집 #가을 #제철요리 #새우 #식단관리 #결혼선물 #결혼준비",알로하포케;포케;포케맛집;샐러드;샐러드맛집;가을;제철요리;새우;식단관리;결혼선물;결혼준비,한국은 요즘 대하철 전어철이죠 하지만 따뜻한 바람이 머무는 하와이엔 사계절 대신 바다와 땅이 제철을 알려줘요 겨울이 다가오면 바다는 지방이 오른 참치로 풍성해지고 그 신선한 참치는 깊은 풍미를 선물해요 날이 따뜻해질수록 하와이안 새우가 통통하게 자라노스쇼어 새우트럭 앞은 늘 맛있는 향으로 가득하답니다 여름에는 바다에서 갓 잡은 문어가 식탁에 오르죠 프리다이빙으로 잡은 문어는 쫄깃하면서도 부드러운 식감이 일품이에요ㅎㅎ그리고 길가마다 달콤한 향이 퍼질 때면그건 바로 망고가 익어간다는 신호 햇살처럼 노랗게 익은 망고 한입이면하와이 여름이 입안 가득 퍼져요 알로하포케 추천 포케 추천 노쇼어 갈릭 쉬림프 포케 사이드 추천 오트 초콜릿 푸딩 섹시한 건강 미인 건강 훈남의 라이프스타일 #알로하포케 #포케 #포케맛집 #샐러드 #샐러드맛집 #가을 #제철요리 #새우 #식단관리 #결혼선물 #결혼준비,"[""한국은"", ""대하철"", ""전어철이죠"", ""하지만"", ""따뜻한"", ""바람이"", ""머무는"", ""하와이엔"", ""사계절"", ""대신"", ""바다와"", ""땅이"", ""제철을"", ""알려줘요"", ""겨울이"", ""다가오면"", ""바다는"", ""지방이"", ""오른"", ""참치로"", ""풍성해지고"", ""신선한"", ""참치는"", ""깊은"", ""풍미를"", ""선물해요"", ""날이"", ""따뜻해질수록"", ""하와이안"", ""새우가"", ""통통하게"", ""자라노스쇼어"", ""새우트럭"", ""앞은"", ""향으로"", ""가득하답니다"", ""여름에는"", ""바다에서"", ""잡은"", ""문어가"", ""식탁에"", ""오르죠"", ""프리다이빙으로"", ""잡은"", ""문어는"", ""쫄깃하면서도"", ""부드러운"", ""식감이"", ""일품이에요ㅎㅎ그리고"", ""길가마다"", ""달콤한"", ""퍼질"", ""때면그건"", ""망고가"", ""익어간다는"", ""신호"", ""햇살처럼"", ""노랗게"", ""익은"", ""망고"", ""한입이면하와이"", ""여름이"", ""입안"", ""퍼져요"", ""알로하포케"", ""포케"", ""노쇼어"", ""갈릭"", ""쉬림프"", ""포케"", ""사이드"", ""오트"", ""초콜릿"", ""푸딩"", ""섹시한"", ""건강"", ""미인"", ""건강"", ""훈남의"", ""라이프스타일""]","[""알로하포케"", ""포케"", ""포케맛집"", ""샐러드"", ""샐러드맛집"", ""가을"", ""제철요리"", ""새우"", ""식단관리"", ""결혼선물"", ""결혼준비""]","[""한국은"", ""대하철"", ""전어철이죠"", ""하지만"", ""따뜻한"", ""바람이"", ""머무는"", ""하와이엔"", ""사계절"", ""대신"", ""바다와"", ""땅이"", ""제철을"", ""알려줘요"", ""겨울이"", ""다가오면"", ""바다는"", ""지방이"", ""오른"", ""참치로"", ""풍성해지고"", ""신선한"", ""참치는"", ""깊은"", ""풍미를"", ""선물해요"", ""날이"", ""따뜻해질수록"", ""하와이안"", ""새우가"", ""통통하게"", ""자라노스쇼어"", ""새우트럭"", ""앞은"", ""향으로"", ""가득하답니다"", ""여름에는"", ""바다에서"", ""잡은"", ""문어가"", ""식탁에"", ""오르죠"", ""프리다이빙으로"", ""잡은"", ""문어는"", ""쫄깃하면서도"", ""부드러운"", ""식감이"", ""일품이에요ㅎㅎ그리고"", ""길가마다"", ""달콤한"", ""퍼질"", ""때면그건"", ""망고가"", ""익어간다는"", ""신호"", ""햇살처럼"", ""노랗게"", ""익은"", ""망고"", ""한입이면하와이"", ""여름이"", ""입안"", ""퍼져요"", ""알로하포케"", ""포케"", ""노쇼어"", ""갈릭"", ""쉬림프"", ""포케"", ""사이드"", ""오트"", ""초콜릿"", ""푸딩"", ""섹시한"", ""건강"", ""미인"", ""건강"", ""훈남의"", ""라이프스타일"", ""알로하포케"", ""포케"", ""포케맛집"", ""샐러드"", ""샐러드맛집"", ""가을"", ""제철요리"", ""새우"", ""식단관리"", ""결혼선물"", ""결혼준비""]"
https://www.instagram.com/p/DM7cehsycWR/,매번 찾기 귀찮아서 캡쳐한 50만 유튜버 레시피 모음zip.#유머 #유머저장소 #유머그램 #유머짤 #유머스타그램 #ㅋㅋㅋ #건강식 #샐러드 #샌드위치 #샐러디,유머;유머저장소;유머그램;유머짤;유머스타그램;건강식;샐러드;샌드위치;샐러디,매번 찾기 귀찮아서 캡쳐한 만 유튜버 레시피 모음 #유머 #유머저장소 #유머그램 #유머짤 #유머스타그램 #ㅋㅋㅋ #건강식 #샐러드 #샌드위치 #샐러디,"[""매번"", ""찾기"", ""귀찮아서"", ""캡쳐한"", ""유튜버"", ""레시피"", ""모음""]","[""유머"", ""유머저장소"", ""유머그램"", ""유머짤"", ""유머스타그램"", ""건강식"", ""샐러드"", ""샌드위치"", ""샐러디""]","[""매번"", ""찾기"", ""귀찮아서"", ""캡쳐한"", ""유튜버"", ""레시피"", ""모음"", ""유머"", ""유머저장소"", ""유머그램"", ""유머짤"", ""유머스타그램"", ""건강식"", ""샐러드"", ""샌드위치"", ""샐러디""]"
https://www.instagram.com/p/DO74dL6AXjS/c/18121210780498448/,"🌱 도시의푸른농장 X 코튼시드 스마트팜에서 자란 신선한 유러피안 샐러드 상추!이제 정기구독으로 집에서 편하게 만나보세요 🥗☑️ 실내 청정 재배로 계절과 날씨에 상관없이 깨끗하게! ☑️ 무농약 재배로 안심하고 건강하게!☑️ 스마트팜 자동 관리로 아삭한 식감을 오래 유지! ☑️ 위생적 수확·포장으로 집까지 신선함 그대로!📦 선택 옵션- 혼합(랜덤 2~3종) 1kg 박스- 로메인 / 버터헤드 / 프릴아이스 / 바타비아 1kg 박스💳 가격- 정기구독 1kg 12,900원- 1회 구매 1kg 13,400원 (동절기 13,900원)👉 어디서 자랐는지가 맛의 차이를 만듭니다!지금 바로 신선한 샐러드 채소를 경험해보세요 🥬✨👉 구매하고 싶다면?코튼시드 인스타그램 프로필 링크에서 확인하세요 🛒#도시의푸른농장 #코튼시드#스마트팜 #유러피안채소 #정기구독 #정기배송 #정기배송샐러드 #식단관리 #샐러드",도시의푸른농장;코튼시드;스마트팜;유러피안채소;정기구독;정기배송;정기배송샐러드;식단관리;샐러드,도시의푸른농장 코튼시드 스마트팜에서 자란 신선한 유러피안 샐러드 상추 이제 정기구독으로 집에서 편하게 만나보세요 실내 청정 재배로 계절과 날씨에 상관없이 깨끗하게 무농약 재배로 안심하고 건강하게 스마트팜 자동 관리로 아삭한 식감을 오래 유지 위생적 수확 포장으로 집까지 신선함 그대로 선택 옵션 혼합 랜덤 종 박스 로메인 버터헤드 프릴아이스 바타비아 박스 가격 정기구독 원 회 구매 원 동절기 원 어디서 자랐는지가 맛의 차이를 만듭니다 지금 바로 신선한 샐러드 채소를 경험해보세요 구매하고 싶다면 코튼시드 인스타그램 프로필 링크에서 확인하세요 #도시의푸른농장 #코튼시드#스마트팜 #유러피안채소 #정기구독 #정기배송 #정기배송샐러드 #식단관리 #샐러드,"[""도시의푸른농장"", ""코튼시드"", ""스마트팜에서"", ""자란"", ""신선한"", ""유러피안"", ""샐러드"", ""상추"", ""정기구독으로"", ""집에서"", ""편하게"", ""실내"", ""청정"", ""재배로"", ""계절과"", ""날씨에"", ""상관없이"", ""깨끗하게"", ""무농약"", ""재배로"", ""안심하고"", ""건강하게"", ""스마트팜"", ""자동"", ""관리로"", ""아삭한"", ""식감을"", ""오래"", ""유지"", ""위생적"", ""수확"", ""포장으로"", ""집까지"", ""신선함"", ""선택"", ""옵션"", ""혼합"", ""랜덤"", ""박스"", ""로메인"", ""버터헤드"", ""프릴아이스"", ""바타비아"", ""박스"", ""정기구독"", ""동절기"", ""어디서"", ""자랐는지가"", ""차이를"", ""만듭니다"", ""지금"", ""신선한"", ""샐러드"", ""채소를"", ""경험해보세요"", ""구매하고"", ""싶다면"", ""코튼시드"", ""인스타그램"", ""링크에서"", ""확인하세요""]","[""도시의푸른농장"", ""코튼시드"", ""스마트팜"", ""유러피안채소"", ""정기구독"", ""정기배송"", ""정기배송샐러드"", ""식단관리"", ""샐러드""]","[""도시의푸른농장"", ""코튼시드"", ""스마트팜에서"", ""자란"", ""신선한"", ""유러피안"", ""샐러드"", ""상추"", ""정기구독으로"", ""집에서"", ""편하게"", ""실내"", ""청정"", ""재배로"", ""계절과"", ""날씨에"", ""상관없이"", ""깨끗하게"", ""무농약"", ""재배로"", ""안심하고"", ""건강하게"", ""스마트팜"", ""자동"", ""관리로"", ""아삭한"", ""식감을"", ""오래"", ""유지"", ""위생적"", ""수확"", ""포장으로"", ""집까지"", ""신선함"", ""선택"", ""옵션"", ""혼합"", ""랜덤"", ""박스"", ""로메인"", ""버터헤드"", ""프릴아이스"", ""바타비아"", ""박스"", ""정기구독"", ""동절기"", ""어디서"", ""자랐는지가"", ""차이를"", ""만듭니다"", ""지금"", ""신선한"", ""샐러드"", ""채소를"", ""경험해보세요"", ""구매하고"", ""싶다면"", ""코튼시드"", ""인스타그램"", ""링크에서"", ""확인하세요"", ""도시의푸른농장"", ""코튼시드"", ""스마트팜"", ""유러피안채소"", ""정기구독"", ""정기배송"", ""정기배송샐러드"", ""식단관리"", ""샐러드""]"
https://www.instagram.com/p/DPyUnbYETns/c/18069079994032573/,"천군만마를 얻은 것 같다고 하신 사장님🐎ARiMi 때문에 너무 힘들다는 말씀, 기다리고 있겠습니다..너무 바빠지셔서 힘드시다는 말씀요🙊",,천군만마를 얻은 것 같다고 하신 사장님 때문에 너무 힘들다는 말씀 기다리고 있겠습니다 너무 바빠지셔서 힘드시다는 말씀요,"[""천군만마를"", ""얻은"", ""같다고"", ""하신"", ""사장님"", ""힘들다는"", ""말씀"", ""기다리고"", ""있겠습니다"", ""바빠지셔서"", ""힘드시다는"", ""말씀요""]","[""천군만마를"", ""얻은"", ""같다고"", ""하신"", ""사장님"", ""힘들다는"", ""말씀"", ""기다리고"", ""있겠습니다"", ""바빠지셔서"", ""힘드시다는"", ""말씀요""]","[""천군만마를"", ""얻은"", ""같다고"", ""하신"", ""사장님"", ""힘들다는"", ""말씀"", ""기다리고"", ""있겠습니다"", ""바빠지셔서"", ""힘드시다는"", ""말씀요"", ""천군만마를"", ""얻은"", ""같다고"", ""하신"", ""사장님"", ""힘들다는"", ""말씀"", ""기다리고"", ""있겠습니다"", ""바빠지셔서"", ""힘드시다는"", ""말씀요""]"
https://www.instagram.com/p/Cy2YpmNyjdl/,"🍴배 프로슈토 샐러드_ 배, 프로슈토, 파르마지아노 레지아노, 애플민트_ EV올리브오일, 레몬즙, 화이트와인 식초, 소금, 후추: 멜론과 하몽처럼 잘 어울리는 배와 프로슈토의 조합! 배의 풍부한 과즙과 아삭한 식감, 프로슈토의 염도 그리고 드레싱의 적당한 산미가 너무나도 잘 어울리는 샐러드다..",,배 프로슈토 샐러드 배 프로슈토 파르마지아노 레지아노 애플민트 올리브오일 레몬즙 화이트와인 식초 소금 후추 멜론과 하몽처럼 잘 어울리는 배와 프로슈토의 조합 배의 풍부한 과즙과 아삭한 식감 프로슈토의 염도 그리고 드레싱의 적당한 산미가 너무나도 잘 어울리는 샐러드다,"[""프로슈토"", ""샐러드"", ""프로슈토"", ""파르마지아노"", ""레지아노"", ""애플민트"", ""올리브오일"", ""레몬즙"", ""화이트와인"", ""식초"", ""소금"", ""후추"", ""멜론과"", ""하몽처럼"", ""어울리는"", ""배와"", ""프로슈토의"", ""배의"", ""풍부한"", ""과즙과"", ""아삭한"", ""식감"", ""프로슈토의"", ""염도"", ""드레싱의"", ""적당한"", ""산미가"", ""너무나도"", ""어울리는"", ""샐러드다""]","[""프로슈토"", ""샐러드"", ""프로슈토"", ""파르마지아노"", ""레지아노"", ""애플민트"", ""올리브오일"", ""레몬즙"", ""화이트와인"", ""식초"", ""소금"", ""후추"", ""멜론과"", ""하몽처럼"", ""어울리는"", ""배와"", ""프로슈토의"", ""배의"", ""풍부한"", ""과즙과"", ""아삭한"", ""식감"", ""프로슈토의"", ""염도"", ""드레싱의"", ""적당한"", ""산미가"", ""너무나도"", ""어울리는"", ""샐러드다""]","[""프로슈토"", ""샐러드"", ""프로슈토"", ""파르마지아노"", ""레지아노"", ""애플민트"", ""올리브오일"", ""레몬즙"", ""화이트와인"", ""식초"", ""소금"", ""후추"", ""멜론과"", ""하몽처럼"", ""어울리는"", ""배와"", ""프로슈토의"", ""배의"", ""풍부한"", ""과즙과"", ""아삭한"", ""식감"", ""프로슈토의"", ""염도"", ""드레싱의"", ""적당한"", ""산미가"", ""너무나도"", ""어울리는"", ""샐러드다"", ""프로슈토"", ""샐러드"", ""프로슈토"", ""파르마지아노"", ""레지아노"", ""애플민트"", ""올리브오일"", ""레몬즙"", ""화이트와인"", ""식초"", ""소금"", ""후추"", ""멜론과"", ""하몽처럼"", ""어울리는"", ""배와"", ""프로슈토의"", ""배의"", ""풍부한"", ""과즙과"", ""아삭한"", ""식감"", ""프로슈토의"", ""염도"", ""드레싱의"", ""적당한"", ""산미가"", ""너무나도"", ""어울리는"", ""샐러드다""]"
https://www.instagram.com/p/DP5G8uHAa23/,"비트후무스샐러드🫜자연이 준 색은 언제나 진짜다!가을 비트는 맛이 가장 좋을때라 후무스 만들어 샐러드 한 접시 만들어 봤어요.정신없이 지난 한 주 속, 이런 소소한 여유가 역시나 좋은 나.이제 제법 가을 느낌 물씬이죠🍂주말도 편안하게 보내세요🤎#비트후무스#건강한한끼#홈쿡#비트#샐러드",비트후무스;건강한한끼;홈쿡;비트;샐러드,비트후무스샐러드 자연이 준 색은 언제나 진짜다 가을 비트는 맛이 가장 좋을때라 후무스 만들어 샐러드 한 접시 만들어 봤어요 정신없이 지난 한 주 속 이런 소소한 여유가 역시나 좋은 나 이제 제법 가을 느낌 물씬이죠 주말도 편안하게 보내세요 #비트후무스#건강한한끼#홈쿡#비트#샐러드,"[""비트후무스샐러드"", ""자연이"", ""색은"", ""진짜다"", ""가을"", ""비트는"", ""좋을때라"", ""후무스"", ""만들어"", ""샐러드"", ""만들어"", ""봤어요"", ""정신없이"", ""소소한"", ""여유가"", ""역시나"", ""제법"", ""가을"", ""느낌"", ""물씬이죠"", ""주말도"", ""편안하게"", ""보내세요""]","[""비트후무스"", ""건강한한끼"", ""홈쿡"", ""비트"", ""샐러드""]","[""비트후무스샐러드"", ""자연이"", ""색은"", ""진짜다"", ""가을"", ""비트는"", ""좋을때라"", ""후무스"", ""만들어"", ""샐러드"", ""만들어"", ""봤어요"", ""정신없이"", ""소소한"", ""여유가"", ""역시나"", ""제법"", ""가을"", ""느낌"", ""물씬이죠"", ""주말도"", ""편안하게"", ""보내세요"", ""비트후무스"", ""건강한한끼"", ""홈쿡"", ""비트"", ""샐러드""]"
https://www.instagram.com/p/DP5G8uHAa23/c/18049733879649815/,"비트후무스샐러드🫜자연이 준 색은 언제나 진짜다!가을 비트는 맛이 가장 좋을때라 후무스 만들어 샐러드 한 접시 만들어 봤어요.정신없이 지난 한 주 속, 이런 소소한 여유가 역시나 좋은 나.이제 제법 가을 느낌 물씬이죠🍂주말도 편안하게 보내세요🤎#비트후무스#건강한한끼#홈쿡#비트#샐러드",비트후무스;건강한한끼;홈쿡;비트;샐러드,비트후무스샐러드 자연이 준 색은 언제나 진짜다 가을 비트는 맛이 가장 좋을때라 후무스 만들어 샐러드 한 접시 만들어 봤어요 정신없이 지난 한 주 속 이런 소소한 여유가 역시나 좋은 나 이제 제법 가을 느낌 물씬이죠 주말도 편안하게 보내세요 #비트후무스#건강한한끼#홈쿡#비트#샐러드,"[""비트후무스샐러드"", ""자연이"", ""색은"", ""진짜다"", ""가을"", ""비트는"", ""좋을때라"", ""후무스"", ""만들어"", ""샐러드"", ""만들어"", ""봤어요"", ""정신없이"", ""소소한"", ""여유가"", ""역시나"", ""제법"", ""가을"", ""느낌"", ""물씬이죠"", ""주말도"", ""편안하게"", ""보내세요""]","[""비트후무스"", ""건강한한끼"", ""홈쿡"", ""비트"", ""샐러드""]","[""비트후무스샐러드"", ""자연이"", ""색은"", ""진짜다"", ""가을"", ""비트는"", ""좋을때라"", ""후무스"", ""만들어"", ""샐러드"", ""만들어"", ""봤어요"", ""정신없이"", ""소소한"", ""여유가"", ""역시나"", ""제법"", ""가을"", ""느낌"", ""물씬이죠"", ""주말도"", ""편안하게"", ""보내세요"", ""비트후무스"", ""건강한한끼"", ""홈쿡"", ""비트"", ""샐러드""]"
https://www.instagram.com/p/DQIgVgHE_lM/,요즘 너무 막 먹은듯몸도 안좋은 듯한끼라도 채소먹기 🥗#샐러드,샐러드,요즘 너무 막 먹은듯몸도 안좋은 듯한끼라도 채소먹기 #샐러드,"[""먹은듯몸도"", ""안좋은"", ""듯한끼라도"", ""채소먹기""]","[""샐러드""]","[""먹은듯몸도"", ""안좋은"", ""듯한끼라도"", ""채소먹기"", ""샐러드""]"
https://www.instagram.com/p/DQJI9bFD01t/,"단호박계란크림치즈 오픈샌드위치입니다.제가 요즘 거의 매일 먹는 샌드위치인데요, 건강에도 좋고 맛있어서 추천드리고 싶어서 올려봅니다.☺️제가 건강을 위해 단백질과 칼슘 보충을 위한 식단을 챙기려고 노력하는 중인데 꽤 괜찮은거 같아요.👌👍👍제 평소 식단도 좋은 편이지만 탄수화물 조절을 위해 식빵은 한장으로 하는게 좋겠다고 식단 관리에 조언을 주셔서 반영을 해봤습니다.😁👏👏👏나이가 들어가니까 관리할게 많아지네요.😉🤭어려운건 아니고 식빵 한장에 크림치즈를 바르고 찐 단호박을 으깨서 올리고 삶은 계란 하나를 썰어서 올린 후, 채소를 뜯어서 올리면 완성이라 초간단입니다.👍👏👏👏👏제가 이 조합을 정말 여러가지로 해봤는데 지금 이 순서가 가장 좋았고 맛있었어요.😍😍😍😍그리고 평소대로 레드비트, 사과, 골드키위, 파프리카, 오이, 토마토, 제가 만든 무당요거트를 곁들였는데 상당히 만족스런 아점입니다.😃맛있으니까 매일 먹어도 질리지가 않네요. 단호박을 다 먹으면 고구마로도 한번 해볼 생각입니다.☺️.#단호박계란크림치즈오픈샌드위치#단호박계란크림치즈샌드위치#단호박샌드위치#샌드위치 #오픈샌드위치#단호박#계란#크림치즈#채소#샐러드 #유러피언샐러드#식빵#건강식#요거트#집밥 #한끼 #요리 #식사 #점심 #아점 #brunch#homemade #homemadefood#한그릇 #한접시#한끼식사 #한끼요리#10분요리#오늘의한끼",단호박계란크림치즈오픈샌드위치;단호박계란크림치즈샌드위치;단호박샌드위치;샌드위치;오픈샌드위치;단호박;계란;크림치즈;채소;샐러드;유러피언샐러드;식빵;건강식;요거트;집밥;한끼;요리;식사;점심;아점;brunch;homemade;homemadefood;한그릇;한접시;한끼식사;한끼요리;10분요리;오늘의한끼,단호박계란크림치즈 오픈샌드위치입니다 제가 요즘 거의 매일 먹는 샌드위치인데요 건강에도 좋고 맛있어서 추천드리고 싶어서 올려봅니다 제가 건강을 위해 단백질과 칼슘 보충을 위한 식단을 챙기려고 노력하는 중인데 꽤 괜찮은거 같아요 제 평소 식단도 좋은 편이지만 탄수화물 조절을 위해 식빵은 한장으로 하는게 좋겠다고 식단 관리에 조언을 주셔서 반영을 해봤습니다 나이가 들어가니까 관리할게 많아지네요 어려운건 아니고 식빵 한장에 크림치즈를 바르고 찐 단호박을 으깨서 올리고 삶은 계란 하나를 썰어서 올린 후 채소를 뜯어서 올리면 완성이라 초간단입니다 제가 이 조합을 정말 여러가지로 해봤는데 지금 이 순서가 가장 좋았고 맛있었어요 그리고 평소대로 레드비트 사과 골드키위 파프리카 오이 토마토 제가 만든 무당요거트를 곁들였는데 상당히 만족스런 아점입니다 맛있으니까 매일 먹어도 질리지가 않네요 단호박을 다 먹으면 고구마로도 한번 해볼 생각입니다 #단호박계란크림치즈오픈샌드위치#단호박계란크림치즈샌드위치#단호박샌드위치#샌드위치 #오픈샌드위치#단호박#계란#크림치즈#채소#샐러드 #유러피언샐러드#식빵#건강식#요거트#집밥 #한끼 #요리 #식사 #점심 #아점 # # # #한그릇 #한접시#한끼식사 #한끼요리# 분요리#오늘의한끼,"[""단호박계란크림치즈"", ""오픈샌드위치입니다"", ""매일"", ""샌드위치인데요"", ""건강에도"", ""좋고"", ""추천드리고"", ""싶어서"", ""올려봅니다"", ""단백질과"", ""칼슘"", ""보충을"", ""식단을"", ""챙기려고"", ""노력하는"", ""중인데"", ""괜찮은거"", ""평소"", ""식단도"", ""편이지만"", ""탄수화물"", ""조절을"", ""식빵은"", ""한장으로"", ""하는게"", ""좋겠다고"", ""식단"", ""관리에"", ""조언을"", ""주셔서"", ""반영을"", ""해봤습니다"", ""나이가"", ""들어가니까"", ""관리할게"", ""많아지네요"", ""어려운건"", ""아니고"", ""식빵"", ""한장에"", ""크림치즈를"", ""바르고"", ""단호박을"", ""으깨서"", ""계란"", ""하나를"", ""썰어서"", ""올린"", ""채소를"", ""뜯어서"", ""올리면"", ""완성이라"", ""초간단입니다"", ""조합을"", ""여러가지로"", ""해봤는데"", ""지금"", ""순서가"", ""좋았고"", ""맛있었어요"", ""평소대로"", ""레드비트"", ""사과"", ""골드키위"", ""파프리카"", ""오이"", ""토마토"", ""만든"", ""무당요거트를"", ""곁들였는데"", ""상당히"", ""만족스런"", ""아점입니다"", ""맛있으니까"", ""매일"", ""질리지가"", ""않네요"", ""단호박을"", ""고구마로도"", ""해볼"", ""생각입니다"", ""분요리""]","[""단호박계란크림치즈오픈샌드위치"", ""단호박계란크림치즈샌드위치"", ""단호박샌드위치"", ""샌드위치"", ""오픈샌드위치"", ""단호박"", ""계란"", ""크림치즈"", ""채소"", ""샐러드"", ""유러피언샐러드"", ""식빵"", ""건강식"", ""요거트"", ""집밥"", ""한끼"", ""요리"", ""식사"", ""점심"", ""아점"", ""한그릇"", ""한접시"", ""한끼식사"", ""한끼요리"", ""분요리"", ""오늘의한끼""]","[""단호박계란크림치즈"", ""오픈샌드위치입니다"", ""매일"", ""샌드위치인데요"", ""건강에도"", ""좋고"", ""추천드리고"", ""싶어서"", ""올려봅니다"", ""단백질과"", ""칼슘"", ""보충을"", ""식단을"", ""챙기려고"", ""노력하는"", ""중인데"", ""괜찮은거"", ""평소"", ""식단도"", ""편이지만"", ""탄수화물"", ""조절을"", ""식빵은"", ""한장으로"", ""하는게"", ""좋겠다고"", ""식단"", ""관리에"", ""조언을"", ""주셔서"", ""반영을"", ""해봤습니다"", ""나이가"", ""들어가니까"", ""관리할게"", ""많아지네요"", ""어려운건"", ""아니고"", ""식빵"", ""한장에"", ""크림치즈를"", ""바르고"", ""단호박을"", ""으깨서"", ""계란"", ""하나를"", ""썰어서"", ""올린"", ""채소를"", ""뜯어서"", ""올리면"", ""완성이라"", ""초간단입니다"", ""조합을"", ""여러가지로"", ""해봤는데"", ""지금"", ""순서가"", ""좋았고"", ""맛있었어요"", ""평소대로"", ""레드비트"", ""사과"", ""골드키위"", ""파프리카"", ""오이"", ""토마토"", ""만든"", ""무당요거트를"", ""곁들였는데"", ""상당히"", ""만족스런"", ""아점입니다"", ""맛있으니까"", ""매일"", ""질리지가"", ""않네요"", ""단호박을"", ""고구마로도"", ""해볼"", ""생각입니다"", ""분요리"", ""단호박계란크림치즈오픈샌드위치"", ""단호박계란크림치즈샌드위치"", ""단호박샌드위치"", ""샌드위치"", ""오픈샌드위치"", ""단호박"", ""계란"", ""크림치즈"", ""채소"", ""샐러드"", ""유러피언샐러드"", ""식빵"", ""건강식"", ""요거트"", ""집밥"", ""한끼"", ""요리"", ""식사"", ""점심"", ""아점"", ""한그릇"", ""한접시"", ""한끼식사"", ""한끼요리"", ""분요리"", ""오늘의한끼""]"
https://www.instagram.com/p/DQDpq0Hjxdg/,.👉닭가슴살 크래미 샐러드👉화이트발사믹+올리브오일.위 정화시키기...#화요일 #도시락 #샐러드 #미트리닭가슴살,화요일;도시락;샐러드;미트리닭가슴살,닭가슴살 크래미 샐러드 화이트발사믹 올리브오일 위 정화시키기 #화요일 #도시락 #샐러드 #미트리닭가슴살,"[""닭가슴살"", ""크래미"", ""샐러드"", ""화이트발사믹"", ""올리브오일"", ""정화시키기""]","[""화요일"", ""도시락"", ""샐러드"", ""미트리닭가슴살""]","[""닭가슴살"", ""크래미"", ""샐러드"", ""화이트발사믹"", ""올리브오일"", ""정화시키기"", ""화요일"", ""도시락"", ""샐러드"", ""미트리닭가슴살""]"
https://www.instagram.com/p/DQH8jpXEwOh/,점심 거실 테이블에 샐러드를 비빈다. 아보카도와 토마토가 상큼한 색을 만든다. 간단하지만 충분하다. #오늘기록 #샐러드 #아보카도 #토마토 #블랙테이블 #가벼운점심 #homemeal,오늘기록;샐러드;아보카도;토마토;블랙테이블;가벼운점심;homemeal,점심 거실 테이블에 샐러드를 비빈다 아보카도와 토마토가 상큼한 색을 만든다 간단하지만 충분하다 #오늘기록 #샐러드 #아보카도 #토마토 #블랙테이블 #가벼운점심 #,"[""점심"", ""거실"", ""테이블에"", ""샐러드를"", ""비빈다"", ""아보카도와"", ""토마토가"", ""상큼한"", ""색을"", ""만든다"", ""간단하지만"", ""충분하다""]","[""오늘기록"", ""샐러드"", ""아보카도"", ""토마토"", ""블랙테이블"", ""가벼운점심""]","[""점심"", ""거실"", ""테이블에"", ""샐러드를"", ""비빈다"", ""아보카도와"", ""토마토가"", ""상큼한"", ""색을"", ""만든다"", ""간단하지만"", ""충분하다"", ""오늘기록"", ""샐러드"", ""아보카도"", ""토마토"", ""블랙테이블"", ""가벼운점심""]"
https://www.instagram.com/p/DQIXuerktPi/,2025.10.23.목요일.9시요즘 불티나게 팔리는 제품이라면 샐러드랍니다무인판매 전에는 안팔리면 어쩌나하면서 소량씩 만들던 샐러드를 늦게까지 하니까 여유있게 만들었더니 그간 없어서 못사신거였더라구요^^오늘도 밤 10시까지 오픈합니다 #일층집 #무인매장 #강릉일층집 #당근라페 #리코타치즈 #리얼딸기우유#강릉맛집 #강릉샌드위치맛집 #강릉로컬맛집#강릉샐러드맛집 #샌드위치 #샐러드  #단체도시락 #강릉 #강릉샌드위치 #강릉답례품#강릉단체주문 #답례도시락 #강릉답례도시락#일층집#회의간식 #다과  #다과박스 #크로와상샌드위치#수제식혜 #식혜맛집,일층집;무인매장;강릉일층집;당근라페;리코타치즈;리얼딸기우유;강릉맛집;강릉샌드위치맛집;강릉로컬맛집;강릉샐러드맛집;샌드위치;샐러드;단체도시락;강릉;강릉샌드위치;강릉답례품;강릉단체주문;답례도시락;강릉답례도시락;회의간식;다과;다과박스;크로와상샌드위치;수제식혜;식혜맛집,목요일 시요즘 불티나게 팔리는 제품이라면 샐러드랍니다무인판매 전에는 안팔리면 어쩌나하면서 소량씩 만들던 샐러드를 늦게까지 하니까 여유있게 만들었더니 그간 없어서 못사신거였더라구요 오늘도 밤 시까지 오픈합니다 #일층집 #무인매장 #강릉일층집 #당근라페 #리코타치즈 #리얼딸기우유#강릉맛집 #강릉샌드위치맛집 #강릉로컬맛집#강릉샐러드맛집 #샌드위치 #샐러드 #단체도시락 #강릉 #강릉샌드위치 #강릉답례품#강릉단체주문 #답례도시락 #강릉답례도시락#일층집#회의간식 #다과 #다과박스 #크로와상샌드위치#수제식혜 #식혜맛집,"[""목요일"", ""시요즘"", ""불티나게"", ""팔리는"", ""제품이라면"", ""샐러드랍니다무인판매"", ""전에는"", ""안팔리면"", ""어쩌나하면서"", ""소량씩"", ""만들던"", ""샐러드를"", ""늦게까지"", ""하니까"", ""여유있게"", ""만들었더니"", ""그간"", ""없어서"", ""못사신거였더라구요"", ""시까지"", ""오픈합니다""]","[""일층집"", ""무인매장"", ""강릉일층집"", ""당근라페"", ""리코타치즈"", ""리얼딸기우유"", ""강릉맛집"", ""강릉샌드위치맛집"", ""강릉로컬맛집"", ""강릉샐러드맛집"", ""샌드위치"", ""샐러드"", ""단체도시락"", ""강릉"", ""강릉샌드위치"", ""강릉답례품"", ""강릉단체주문"", ""답례도시락"", ""강릉답례도시락"", ""회의간식"", ""다과"", ""다과박스"", ""크로와상샌드위치"", ""수제식혜"", ""식혜맛집""]","[""목요일"", ""시요즘"", ""불티나게"", ""팔리는"", ""제품이라면"", ""샐러드랍니다무인판매"", ""전에는"", ""안팔리면"", ""어쩌나하면서"", ""소량씩"", ""만들던"", ""샐러드를"", ""늦게까지"", ""하니까"", ""여유있게"", ""만들었더니"", ""그간"", ""없어서"", ""못사신거였더라구요"", ""시까지"", ""오픈합니다"", ""일층집"", ""무인매장"", ""강릉일층집"", ""당근라페"", ""리코타치즈"", ""리얼딸기우유"", ""강릉맛집"", ""강릉샌드위치맛집"", ""강릉로컬맛집"", ""강릉샐러드맛집"", ""샌드위치"", ""샐러드"", ""단체도시락"", ""강릉"", ""강릉샌드위치"", ""강릉답례품"", ""강릉단체주문"", ""답례도시락"", ""강릉답례도시락"", ""회의간식"", ""다과"", ""다과박스"", ""크로와상샌드위치"", ""수제식혜"", ""식혜맛집""]"
https://www.instagram.com/p/DQG734GEsJy/,🥗🥑🍅🌶🍺#트러플감자칩 #샐러드 #홈안주,트러플감자칩;샐러드;홈안주,#트러플감자칩 #샐러드 #홈안주,[],"[""트러플감자칩"", ""샐러드"", ""홈안주""]","[""트러플감자칩"", ""샐러드"", ""홈안주""]"
https://www.instagram.com/p/DP0sv6gEagl/,"[알로버 Pick 포케 이야기]오늘의 Pick은 바로고소함과 풍미가 살아있는 홀컷 이베리코 포케🤗이베리코육을 그대로 사용해 만든 통살 포크!한입 베어 물면 탱글한 식감과 깊은 육즙이 살아나요.쫄깃하고 진한 풍미가 입안 가득~❤️밥 대신 컬리플라워 라이스를 선택해부담은 줄이고 담백함은 더했어요.이베리코의 진한 맛을 깔끔하게 받쳐주는 완벽한 조합이죠✨지친 일상에 에너지를 채우고 싶을 때홀컷 이베리코 포케로 특별한 한 끼를 즐겨보세요🌭Not just a SALAD but the PERFECT bowl!••섹시한 건강 미인, 건강 훈남의 라이프스타일! #알로하포케 #포케 #포케맛집 #샐러드 #건강 #루틴 #헬스트레이너 #헬스소통 #러닝일지 #도산공원핫플 #맛집추천",알로하포케;포케;포케맛집;샐러드;건강;루틴;헬스트레이너;헬스소통;러닝일지;도산공원핫플;맛집추천,알로버 포케 이야기 오늘의 은 바로고소함과 풍미가 살아있는 홀컷 이베리코 포케 이베리코육을 그대로 사용해 만든 통살 포크 한입 베어 물면 탱글한 식감과 깊은 육즙이 살아나요 쫄깃하고 진한 풍미가 입안 가득 밥 대신 컬리플라워 라이스를 선택해부담은 줄이고 담백함은 더했어요 이베리코의 진한 맛을 깔끔하게 받쳐주는 완벽한 조합이죠 지친 일상에 에너지를 채우고 싶을 때홀컷 이베리코 포케로 특별한 한 끼를 즐겨보세요 섹시한 건강 미인 건강 훈남의 라이프스타일 #알로하포케 #포케 #포케맛집 #샐러드 #건강 #루틴 #헬스트레이너 #헬스소통 #러닝일지 #도산공원핫플 #맛집추천,"[""알로버"", ""포케"", ""이야기"", ""바로고소함과"", ""풍미가"", ""살아있는"", ""홀컷"", ""이베리코"", ""포케"", ""이베리코육을"", ""사용해"", ""만든"", ""통살"", ""포크"", ""한입"", ""베어"", ""물면"", ""탱글한"", ""식감과"", ""깊은"", ""육즙이"", ""살아나요"", ""쫄깃하고"", ""풍미가"", ""입안"", ""대신"", ""컬리플라워"", ""라이스를"", ""선택해부담은"", ""줄이고"", ""담백함은"", ""더했어요"", ""이베리코의"", ""깔끔하게"", ""받쳐주는"", ""완벽한"", ""조합이죠"", ""지친"", ""일상에"", ""에너지를"", ""채우고"", ""싶을"", ""때홀컷"", ""이베리코"", ""포케로"", ""즐겨보세요"", ""섹시한"", ""건강"", ""미인"", ""건강"", ""훈남의"", ""라이프스타일""]","[""알로하포케"", ""포케"", ""포케맛집"", ""샐러드"", ""건강"", ""루틴"", ""헬스트레이너"", ""헬스소통"", ""러닝일지"", ""도산공원핫플"", ""맛집추천""]","[""알로버"", ""포케"", ""이야기"", ""바로고소함과"", ""풍미가"", ""살아있는"", ""홀컷"", ""이베리코"", ""포케"", ""이베리코육을"", ""사용해"", ""만든"", ""통살"", ""포크"", ""한입"", ""베어"", ""물면"", ""탱글한"", ""식감과"", ""깊은"", ""육즙이"", ""살아나요"", ""쫄깃하고"", ""풍미가"", ""입안"", ""대신"", ""컬리플라워"", ""라이스를"", ""선택해부담은"", ""줄이고"", ""담백함은"", ""더했어요"", ""이베리코의"", ""깔끔하게"", ""받쳐주는"", ""완벽한"", ""조합이죠"", ""지친"", ""일상에"", ""에너지를"", ""채우고"", ""싶을"", ""때홀컷"", ""이베리코"", ""포케로"", ""즐겨보세요"", ""섹시한"", ""건강"", ""미인"", ""건강"", ""훈남의"", ""라이프스타일"", ""알로하포케"", ""포케"", ""포케맛집"", ""샐러드"", ""건강"", ""루틴"", ""헬스트레이너"", ""헬스소통"", ""러닝일지"", ""도산공원핫플"", ""맛집추천""]"
https://www.instagram.com/p/DQEeBdjEi1_/,#해피샐러드클럽 #포케 #샐러드 #스프 #먹스타#맛있다 #내일뭐먹지,해피샐러드클럽;포케;샐러드;스프;먹스타;맛있다;내일뭐먹지,#해피샐러드클럽 #포케 #샐러드 #스프 #먹스타#맛있다 #내일뭐먹지,[],"[""해피샐러드클럽"", ""포케"", ""샐러드"", ""스프"", ""먹스타"", ""내일뭐먹지""]","[""해피샐러드클럽"", ""포케"", ""샐러드"", ""스프"", ""먹스타"", ""내일뭐먹지""]"
https://www.instagram.com/p/DP5a2ELgd5F/,현재치킨텐더샌드위치 3개유부롤샐러드 6개남아있습니다 .소금빵류무화과크림치즈휘낭시에 에그타르트 솔드아웃입니다 .그외 디저트류 여유있습니다 ..#촌스마마_화_수_목_금_낮12시오픈입니다#촌스마마 #핸드메이드 #많이달지않은마카롱 #쫀득한마카롱#좋은재료와정성은진리다 #마카롱 #샐러드 #샌드위치 #마카롱맛집 #샌드위치맛집 #샐러드맛집 #곡성 #남원 #순천 #광주 #곡성뚝방마켓 #곡성마카롱,촌스마마_화_수_목_금_낮12시오픈입니다;촌스마마;핸드메이드;많이달지않은마카롱;쫀득한마카롱;좋은재료와정성은진리다;마카롱;샐러드;샌드위치;마카롱맛집;샌드위치맛집;샐러드맛집;곡성;남원;순천;광주;곡성뚝방마켓;곡성마카롱,현재치킨텐더샌드위치 개유부롤샐러드 개남아있습니다 소금빵류무화과크림치즈휘낭시에 에그타르트 솔드아웃입니다 그외 디저트류 여유있습니다 #촌스마마 화 수 목 금 낮 시오픈입니다#촌스마마 #핸드메이드 #많이달지않은마카롱 #쫀득한마카롱#좋은재료와정성은진리다 #마카롱 #샐러드 #샌드위치 #마카롱맛집 #샌드위치맛집 #샐러드맛집 #곡성 #남원 #순천 #광주 #곡성뚝방마켓 #곡성마카롱,"[""현재치킨텐더샌드위치"", ""개유부롤샐러드"", ""개남아있습니다"", ""소금빵류무화과크림치즈휘낭시에"", ""에그타르트"", ""솔드아웃입니다"", ""그외"", ""디저트류"", ""여유있습니다""]","[""촌스마마"", ""촌스마마"", ""핸드메이드"", ""많이달지않은마카롱"", ""쫀득한마카롱"", ""좋은재료와정성은진리다"", ""마카롱"", ""샐러드"", ""샌드위치"", ""마카롱맛집"", ""샌드위치맛집"", ""샐러드맛집"", ""곡성"", ""남원"", ""순천"", ""광주""]","[""현재치킨텐더샌드위치"", ""개유부롤샐러드"", ""개남아있습니다"", ""소금빵류무화과크림치즈휘낭시에"", ""에그타르트"", ""솔드아웃입니다"", ""그외"", ""디저트류"", ""여유있습니다"", ""촌스마마"", ""촌스마마"", ""핸드메이드"", ""많이달지않은마카롱"", ""쫀득한마카롱"", ""좋은재료와정성은진리다"", ""마카롱"", ""샐러드"", ""샌드위치"", ""마카롱맛집"", ""샌드위치맛집"", ""샐러드맛집"", ""곡성"", ""남원"", ""순천"", ""광주""]"
https://www.instagram.com/p/DQCHYdqE7A-/c/18141691267451833/,샐러드365 는 10:00~8:00 입니다 :),,샐러드 는 입니다,"[""샐러드""]","[""샐러드""]","[""샐러드"", ""샐러드""]"
https://www.instagram.com/p/DMT2_ESTQFf/c/18086979718761620/,"오늘 아침 일찍 몇몇 사장님들과 문자를 주고받으며 다시 한번 생각하게 되었어요. 크고 작은 변화는 매장에 꼭 필요하고, 메뉴는 주기적으로 점검하고 개선하는 게 중요합니다. ARiMi가 계속해서 변화하고 시도하며 발전하는 모습을 사장님들께서 지켜봐 주시듯, 고객들도 매장의 작은 변화 하나까지도 자연스럽게 느끼고 기억합니다.어떤 특정 메뉴가 잘된다고 해도 그 메뉴만을 생각하면 언젠가는 한계가 올 수밖에 없답니다. 요즘은 메뉴를 다양하게 하고 변화를 자연스럽게 받아들이면서 조금씩 꾸준히 점검하고 노력하는 게 정말 필요합니다🙂",,오늘 아침 일찍 몇몇 사장님들과 문자를 주고받으며 다시 한번 생각하게 되었어요 크고 작은 변화는 매장에 꼭 필요하고 메뉴는 주기적으로 점검하고 개선하는 게 중요합니다 가 계속해서 변화하고 시도하며 발전하는 모습을 사장님들께서 지켜봐 주시듯 고객들도 매장의 작은 변화 하나까지도 자연스럽게 느끼고 기억합니다 어떤 특정 메뉴가 잘된다고 해도 그 메뉴만을 생각하면 언젠가는 한계가 올 수밖에 없답니다 요즘은 메뉴를 다양하게 하고 변화를 자연스럽게 받아들이면서 조금씩 꾸준히 점검하고 노력하는 게 정말 필요합니다,"[""아침"", ""일찍"", ""몇몇"", ""사장님들과"", ""문자를"", ""주고받으며"", ""생각하게"", ""되었어요"", ""크고"", ""작은"", ""변화는"", ""매장에"", ""필요하고"", ""주기적으로"", ""점검하고"", ""개선하는"", ""중요합니다"", ""계속해서"", ""변화하고"", ""시도하며"", ""발전하는"", ""모습을"", ""사장님들께서"", ""지켜봐"", ""주시듯"", ""고객들도"", ""매장의"", ""작은"", ""변화"", ""하나까지도"", ""자연스럽게"", ""느끼고"", ""기억합니다"", ""특정"", ""잘된다고"", ""메뉴만을"", ""생각하면"", ""언젠가는"", ""한계가"", ""수밖에"", ""없답니다"", ""요즘은"", ""메뉴를"", ""다양하게"", ""변화를"", ""자연스럽게"", ""받아들이면서"", ""조금씩"", ""점검하고"", ""노력하는"", ""필요합니다""]","[""아침"", ""일찍"", ""몇몇"", ""사장님들과"", ""문자를"", ""주고받으며"", ""생각하게"", ""되었어요"", ""크고"", ""작은"", ""변화는"", ""매장에"", ""필요하고"", ""주기적으로"", ""점검하고"", ""개선하는"", ""중요합니다"", ""계속해서"", ""변화하고"", ""시도하며"", ""발전하는"", ""모습을"", ""사장님들께서"", ""지켜봐"", ""주시듯"", ""고객들도"", ""매장의"", ""작은"", ""변화"", ""하나까지도"", ""자연스럽게"", ""느끼고"", ""기억합니다"", ""특정"", ""잘된다고"", ""메뉴만을"", ""생각하면"", ""언젠가는"", ""한계가"", ""수밖에"", ""없답니다"", ""요즘은"", ""메뉴를"", ""다양하게"", ""변화를"", ""자연스럽게"", ""받아들이면서"", ""조금씩"", ""점검하고"", ""노력하는"", ""필요합니다""]","[""아침"", ""일찍"", ""몇몇"", ""사장님들과"", ""문자를"", ""주고받으며"", ""생각하게"", ""되었어요"", ""크고"", ""작은"", ""변화는"", ""매장에"", ""필요하고"", ""주기적으로"", ""점검하고"", ""개선하는"", ""중요합니다"", ""계속해서"", ""변화하고"", ""시도하며"", ""발전하는"", ""모습을"", ""사장님들께서"", ""지켜봐"", ""주시듯"", ""고객들도"", ""매장의"", ""작은"", ""변화"", ""하나까지도"", ""자연스럽게"", ""느끼고"", ""기억합니다"", ""특정"", ""잘된다고"", ""메뉴만을"", ""생각하면"", ""언젠가는"", ""한계가"", ""수밖에"", ""없답니다"", ""요즘은"", ""메뉴를"", ""다양하게"", ""변화를"", ""자연스럽게"", ""받아들이면서"", ""조금씩"", ""점검하고"", ""노력하는"", ""필요합니다"", ""아침"", ""일찍"", ""몇몇"", ""사장님들과"", ""문자를"", ""주고받으며"", ""생각하게"", ""되었어요"", ""크고"", ""작은"", ""변화는"", ""매장에"", ""필요하고"", ""주기적으로"", ""점검하고"", ""개선하는"", ""중요합니다"", ""계속해서"", ""변화하고"", ""시도하며"", ""발전하는"", ""모습을"", ""사장님들께서"", ""지켜봐"", ""주시듯"", ""고객들도"", ""매장의"", ""작은"", ""변화"", ""하나까지도"", ""자연스럽게"", ""느끼고"", ""기억합니다"", ""특정"", ""잘된다고"", ""메뉴만을"", ""생각하면"", ""언젠가는"", ""한계가"", ""수밖에"", ""없답니다"", ""요즘은"", ""메뉴를"", ""다양하게"", ""변화를"", ""자연스럽게"", ""받아들이면서"", ""조금씩"", ""점검하고"", ""노력하는"", ""필요합니다""]"
https://www.instagram.com/p/DOf_n5cjz76/,#포케 #샐러드 #다이어트 #다이어트식단,포케;샐러드;다이어트;다이어트식단,#포케 #샐러드 #다이어트 #다이어트식단,[],"[""포케"", ""샐러드"", ""다이어트"", ""다이어트식단""]","[""포케"", ""샐러드"", ""다이어트"", ""다이어트식단""]"
https://www.instagram.com/p/DP0AOrDEimH/,"계절을 적시는 가느다란 빗줄기 사이로 자연이 완연한 가을을 맞이하는 동안, 부엌에서는 맛있는 율무 쿠스쿠스 샐러드를 준비했답니다^^ 🍽️🥗🕊️지난 여름에는 바질과 아몬드 캐슈넛을 갈아 만든 페스토에 율무를 버무려 여름 과일을 곁들인 쿠스쿠스를 내어 드렸더랬지요. 올 가을, 풀의 부엌에서는 깊은 풍미의 브라운 양송이와 송로 오일로 페스토를 만들어 고소한 율무를 버무리고, 단호박, 뿌리 채소를 구워 올리고, 무화과와 화이트 와인 비니거, 솔잎 매실 드레싱을 곁들인 맛있는 샐러드를 요리해 드리려해요👨🏼‍🌾🧑🏼‍🍳🫶🍽️🥣🧄🫛 🧄🍄‍🟫🫒계절의 변화를 존중하는 만큼 자연은 더 건강한 지혜를 전해주는 것 같아요. 평화로운 이곳 풀에서, 모든 이들이 자연이 전해주는 조화로움과 그 속에 숨겨진 새로운 가능성을 발견하기를 바라요:)💚🌱🤎🙏#건강식 #자연식 #채식 #couscoussalad #버섯페스토 #샐러드 #계절의지혜 #가을 #율무쿠스쿠스 #풀발효부엌",건강식;자연식;채식;couscoussalad;버섯페스토;샐러드;계절의지혜;가을;율무쿠스쿠스;풀발효부엌,계절을 적시는 가느다란 빗줄기 사이로 자연이 완연한 가을을 맞이하는 동안 부엌에서는 맛있는 율무 쿠스쿠스 샐러드를 준비했답니다 지난 여름에는 바질과 아몬드 캐슈넛을 갈아 만든 페스토에 율무를 버무려 여름 과일을 곁들인 쿠스쿠스를 내어 드렸더랬지요 올 가을 풀의 부엌에서는 깊은 풍미의 브라운 양송이와 송로 오일로 페스토를 만들어 고소한 율무를 버무리고 단호박 뿌리 채소를 구워 올리고 무화과와 화이트 와인 비니거 솔잎 매실 드레싱을 곁들인 맛있는 샐러드를 요리해 드리려해요 계절의 변화를 존중하는 만큼 자연은 더 건강한 지혜를 전해주는 것 같아요 평화로운 이곳 풀에서 모든 이들이 자연이 전해주는 조화로움과 그 속에 숨겨진 새로운 가능성을 발견하기를 바라요 #건강식 #자연식 #채식 # #버섯페스토 #샐러드 #계절의지혜 #가을 #율무쿠스쿠스 #풀발효부엌,"[""계절을"", ""적시는"", ""가느다란"", ""빗줄기"", ""사이로"", ""자연이"", ""완연한"", ""가을을"", ""맞이하는"", ""동안"", ""부엌에서는"", ""율무"", ""쿠스쿠스"", ""샐러드를"", ""준비했답니다"", ""여름에는"", ""바질과"", ""아몬드"", ""캐슈넛을"", ""갈아"", ""만든"", ""페스토에"", ""율무를"", ""버무려"", ""여름"", ""과일을"", ""곁들인"", ""쿠스쿠스를"", ""내어"", ""드렸더랬지요"", ""가을"", ""풀의"", ""부엌에서는"", ""깊은"", ""풍미의"", ""브라운"", ""양송이와"", ""송로"", ""오일로"", ""페스토를"", ""만들어"", ""고소한"", ""율무를"", ""버무리고"", ""단호박"", ""뿌리"", ""채소를"", ""구워"", ""무화과와"", ""화이트"", ""와인"", ""비니거"", ""솔잎"", ""매실"", ""드레싱을"", ""곁들인"", ""샐러드를"", ""요리해"", ""드리려해요"", ""계절의"", ""변화를"", ""존중하는"", ""만큼"", ""자연은"", ""건강한"", ""지혜를"", ""전해주는"", ""평화로운"", ""이곳"", ""풀에서"", ""이들이"", ""자연이"", ""전해주는"", ""조화로움과"", ""속에"", ""숨겨진"", ""가능성을"", ""발견하기를"", ""바라요""]","[""건강식"", ""자연식"", ""채식"", ""버섯페스토"", ""샐러드"", ""계절의지혜"", ""가을"", ""율무쿠스쿠스"", ""풀발효부엌""]","[""계절을"", ""적시는"", ""가느다란"", ""빗줄기"", ""사이로"", ""자연이"", ""완연한"", ""가을을"", ""맞이하는"", ""동안"", ""부엌에서는"", ""율무"", ""쿠스쿠스"", ""샐러드를"", ""준비했답니다"", ""여름에는"", ""바질과"", ""아몬드"", ""캐슈넛을"", ""갈아"", ""만든"", ""페스토에"", ""율무를"", ""버무려"", ""여름"", ""과일을"", ""곁들인"", ""쿠스쿠스를"", ""내어"", ""드렸더랬지요"", ""가을"", ""풀의"", ""부엌에서는"", ""깊은"", ""풍미의"", ""브라운"", ""양송이와"", ""송로"", ""오일로"", ""페스토를"", ""만들어"", ""고소한"", ""율무를"", ""버무리고"", ""단호박"", ""뿌리"", ""채소를"", ""구워"", ""무화과와"", ""화이트"", ""와인"", ""비니거"", ""솔잎"", ""매실"", ""드레싱을"", ""곁들인"", ""샐러드를"", ""요리해"", ""드리려해요"", ""계절의"", ""변화를"", ""존중하는"", ""만큼"", ""자연은"", ""건강한"", ""지혜를"", ""전해주는"", ""평화로운"", ""이곳"", ""풀에서"", ""이들이"", ""자연이"", ""전해주는"", ""조화로움과"", ""속에"", ""숨겨진"", ""가능성을"", ""발견하기를"", ""바라요"", ""건강식"", ""자연식"", ""채식"", ""버섯페스토"", ""샐러드"", ""계절의지혜"", ""가을"", ""율무쿠스쿠스"", ""풀발효부엌""]"
https://www.instagram.com/p/DN9oi8gE-Ll/,"🔍 인홈[익산 영등동 브런치 카페: 인홈] #인홈오늘 전익군이 소개할 맛집은 익산 영등동에 위치한 브런치 카페 ‘인홈’입니다!🏡인홈은 개인적으로 ‘아지트’라는 말이 참 잘 어울리는 공간이에요. 엔틱한 분위기와 사장님의 취향 가득한 공간이 너무 포근한 브런치 카페입니다!🪑🍃- Ikgun‘s Pick🥪 단호박 샌드위치직접 만든 단호박 무스와 치즈, 토마토 양배추까지! 든든하고 맛있는 제가 기대하던 단호박 샌드위치 맛이었어요!🥗 치킨텐더 샐러드치킨텐더가 기대 이상으로 정말 바삭하고 맛있었어요. 드레싱은 유자오렌지였는데 소스도 맘에 쏙 들었습니다!+ 토마토 주스도 맛있는데 오늘은 익은 토마토가 없어서 영상에 못 담았네요ㅜㅜ 아메리카노 맛도 너무 좋지만 토마토 주스도 추천합니다🫶🏻햇살 가득한 낮에 방문하셔서 맛있는 브런치와 엔틱한 분위기 가득 맛보고 가세요!!💕전주, 익산, 군산의 더 많은 정보가 궁금하다면, @jeonikgun 팔로우🫶🏻💬 @inhome_iksan 🕵️‍♀️전익군 수사 평점 : 4.8/5 🔍운영시간:월-금) 9:00 ~ 21:00토) 10:00 ~ 21:00일) 정기휴무🔍위치: 전북 익산시 동서로49길 26 1층🔍전화번호: 0507-1390-4523",인홈오늘,인홈 익산 영등동 브런치 카페 인홈 #인홈오늘 전익군이 소개할 맛집은 익산 영등동에 위치한 브런치 카페 인홈 입니다 인홈은 개인적으로 아지트 라는 말이 참 잘 어울리는 공간이에요 엔틱한 분위기와 사장님의 취향 가득한 공간이 너무 포근한 브런치 카페입니다 단호박 샌드위치직접 만든 단호박 무스와 치즈 토마토 양배추까지 든든하고 맛있는 제가 기대하던 단호박 샌드위치 맛이었어요 치킨텐더 샐러드치킨텐더가 기대 이상으로 정말 바삭하고 맛있었어요 드레싱은 유자오렌지였는데 소스도 맘에 쏙 들었습니다 토마토 주스도 맛있는데 오늘은 익은 토마토가 없어서 영상에 못 담았네요ㅜㅜ 아메리카노 맛도 너무 좋지만 토마토 주스도 추천합니다 햇살 가득한 낮에 방문하셔서 맛있는 브런치와 엔틱한 분위기 가득 맛보고 가세요 전주 익산 군산의 더 많은 정보가 궁금하다면 팔로우 전익군 수사 평점 운영시간 월 금 토 일 정기휴무 위치 전북 익산시 동서로 길 층 전화번호,"[""인홈"", ""익산"", ""영등동"", ""브런치"", ""카페"", ""인홈"", ""전익군이"", ""소개할"", ""맛집은"", ""익산"", ""영등동에"", ""위치한"", ""브런치"", ""카페"", ""인홈"", ""인홈은"", ""개인적으로"", ""아지트"", ""라는"", ""말이"", ""어울리는"", ""공간이에요"", ""엔틱한"", ""분위기와"", ""사장님의"", ""취향"", ""가득한"", ""공간이"", ""포근한"", ""브런치"", ""카페입니다"", ""단호박"", ""샌드위치직접"", ""만든"", ""단호박"", ""무스와"", ""치즈"", ""토마토"", ""양배추까지"", ""든든하고"", ""기대하던"", ""단호박"", ""샌드위치"", ""맛이었어요"", ""치킨텐더"", ""샐러드치킨텐더가"", ""기대"", ""이상으로"", ""바삭하고"", ""맛있었어요"", ""드레싱은"", ""유자오렌지였는데"", ""소스도"", ""맘에"", ""들었습니다"", ""토마토"", ""주스도"", ""맛있는데"", ""익은"", ""토마토가"", ""없어서"", ""영상에"", ""담았네요ㅜㅜ"", ""아메리카노"", ""맛도"", ""좋지만"", ""토마토"", ""주스도"", ""햇살"", ""가득한"", ""낮에"", ""방문하셔서"", ""브런치와"", ""엔틱한"", ""분위기"", ""맛보고"", ""가세요"", ""전주"", ""익산"", ""군산의"", ""정보가"", ""궁금하다면"", ""전익군"", ""수사"", ""평점"", ""운영시간"", ""정기휴무"", ""위치"", ""전북"", ""익산시"", ""동서로"", ""전화번호""]","[""인홈오늘""]","[""인홈"", ""익산"", ""영등동"", ""브런치"", ""카페"", ""인홈"", ""전익군이"", ""소개할"", ""맛집은"", ""익산"", ""영등동에"", ""위치한"", ""브런치"", ""카페"", ""인홈"", ""인홈은"", ""개인적으로"", ""아지트"", ""라는"", ""말이"", ""어울리는"", ""공간이에요"", ""엔틱한"", ""분위기와"", ""사장님의"", ""취향"", ""가득한"", ""공간이"", ""포근한"", ""브런치"", ""카페입니다"", ""단호박"", ""샌드위치직접"", ""만든"", ""단호박"", ""무스와"", ""치즈"", ""토마토"", ""양배추까지"", ""든든하고"", ""기대하던"", ""단호박"", ""샌드위치"", ""맛이었어요"", ""치킨텐더"", ""샐러드치킨텐더가"", ""기대"", ""이상으로"", ""바삭하고"", ""맛있었어요"", ""드레싱은"", ""유자오렌지였는데"", ""소스도"", ""맘에"", ""들었습니다"", ""토마토"", ""주스도"", ""맛있는데"", ""익은"", ""토마토가"", ""없어서"", ""영상에"", ""담았네요ㅜㅜ"", ""아메리카노"", ""맛도"", ""좋지만"", ""토마토"", ""주스도"", ""햇살"", ""가득한"", ""낮에"", ""방문하셔서"", ""브런치와"", ""엔틱한"", ""분위기"", ""맛보고"", ""가세요"", ""전주"", ""익산"", ""군산의"", ""정보가"", ""궁금하다면"", ""전익군"", ""수사"", ""평점"", ""운영시간"", ""정기휴무"", ""위치"", ""전북"", ""익산시"", ""동서로"", ""전화번호"", ""인홈오늘""]"
https://www.instagram.com/p/DPi92t0j86y/,<오늘의 저녁 집밥>다들 연휴 잘 보내시고 계신가요😆저는 친정과 시댁에서 남이 해준 밥을 열심히 먹고...🐷5일만에 집밥으로 돌아왔습니당ㅎㅎ ✔️LA갈비친정에서 가져온 라갈비!시댁에서도 라갈비 친정에서도 라갈비며칠동안 계속 라갈비만 먹는 즁...🤣✔️알배추전지난주에 알배추전 해먹었는데 넘 맛있었어서또 해 먹었어요😍👍✔️들깨미역국요건 남편이 만든 들깨미역국~🌟✔️샐러드너무 기름진 것만 먹어서 샐러드...ㅎ✔️파김치_,,오늘의 저녁 집밥 다들 연휴 잘 보내시고 계신가요 저는 친정과 시댁에서 남이 해준 밥을 열심히 먹고 일만에 집밥으로 돌아왔습니당ㅎㅎ 갈비친정에서 가져온 라갈비 시댁에서도 라갈비 친정에서도 라갈비며칠동안 계속 라갈비만 먹는 즁 알배추전지난주에 알배추전 해먹었는데 넘 맛있었어서또 해 먹었어요 들깨미역국요건 남편이 만든 들깨미역국 샐러드너무 기름진 것만 먹어서 샐러드 ㅎ 파김치,"[""저녁"", ""집밥"", ""보내시고"", ""계신가요"", ""친정과"", ""시댁에서"", ""남이"", ""해준"", ""밥을"", ""열심히"", ""일만에"", ""집밥으로"", ""돌아왔습니당ㅎㅎ"", ""갈비친정에서"", ""가져온"", ""라갈비"", ""시댁에서도"", ""라갈비"", ""친정에서도"", ""라갈비며칠동안"", ""라갈비만"", ""알배추전지난주에"", ""알배추전"", ""해먹었는데"", ""맛있었어서또"", ""들깨미역국요건"", ""남편이"", ""만든"", ""들깨미역국"", ""샐러드너무"", ""기름진"", ""것만"", ""먹어서"", ""샐러드"", ""파김치""]","[""저녁"", ""집밥"", ""보내시고"", ""계신가요"", ""친정과"", ""시댁에서"", ""남이"", ""해준"", ""밥을"", ""열심히"", ""일만에"", ""집밥으로"", ""돌아왔습니당ㅎㅎ"", ""갈비친정에서"", ""가져온"", ""라갈비"", ""시댁에서도"", ""라갈비"", ""친정에서도"", ""라갈비며칠동안"", ""라갈비만"", ""알배추전지난주에"", ""알배추전"", ""해먹었는데"", ""맛있었어서또"", ""들깨미역국요건"", ""남편이"", ""만든"", ""들깨미역국"", ""샐러드너무"", ""기름진"", ""것만"", ""먹어서"", ""샐러드"", ""파김치""]","[""저녁"", ""집밥"", ""보내시고"", ""계신가요"", ""친정과"", ""시댁에서"", ""남이"", ""해준"", ""밥을"", ""열심히"", ""일만에"", ""집밥으로"", ""돌아왔습니당ㅎㅎ"", ""갈비친정에서"", ""가져온"", ""라갈비"", ""시댁에서도"", ""라갈비"", ""친정에서도"", ""라갈비며칠동안"", ""라갈비만"", ""알배추전지난주에"", ""알배추전"", ""해먹었는데"", ""맛있었어서또"", ""들깨미역국요건"", ""남편이"", ""만든"", ""들깨미역국"", ""샐러드너무"", ""기름진"", ""것만"", ""먹어서"", ""샐러드"", ""파김치"", ""저녁"", ""집밥"", ""보내시고"", ""계신가요"", ""친정과"", ""시댁에서"", ""남이"", ""해준"", ""밥을"", ""열심히"", ""일만에"", ""집밥으로"", ""돌아왔습니당ㅎㅎ"", ""갈비친정에서"", ""가져온"", ""라갈비"", ""시댁에서도"", ""라갈비"", ""친정에서도"", ""라갈비며칠동안"", ""라갈비만"", ""알배추전지난주에"", ""알배추전"", ""해먹었는데"", ""맛있었어서또"", ""들깨미역국요건"", ""남편이"", ""만든"", ""들깨미역국"", ""샐러드너무"", ""기름진"", ""것만"", ""먹어서"", ""샐러드"", ""파김치""]"
https://www.instagram.com/p/DOIdyQpE8TF/,"안녕하세요 샐러드오입니다“가볍지만 든든하게,오늘도 나를 위한 한 끼.”🥦오늘의 샐러드: 갈릭구운새우 & 들기름청포묵“새우의 풍미, 청포묵의 담백함.매일 달라서 더 기다려지는 샐러드 시간.”<배송신청>-——————✅ 대기업 영양팀장출신의✅ 現) 식품영양&조리학과 교수,✅ 건강식 대표가  만드는 건강한 한끼!🎓샐러드 전문가에게 맡기세요📞상담문의➡️카카오톡 샐러드오검색-채팅하기➡️전화/문자 010 5507 9515...#다이어트식단 #다이어트도시락 #유지어터#유지어터식단#샐러드#구미샐러드#구미샐러드정기배송#건강식#샌드위치#단체행사도시락",다이어트식단;다이어트도시락;유지어터;유지어터식단;샐러드;구미샐러드;구미샐러드정기배송;건강식;샌드위치;단체행사도시락,안녕하세요 샐러드오입니다 가볍지만 든든하게 오늘도 나를 위한 한 끼 오늘의 샐러드 갈릭구운새우 들기름청포묵 새우의 풍미 청포묵의 담백함 매일 달라서 더 기다려지는 샐러드 시간 배송신청 대기업 영양팀장출신의 식품영양 조리학과 교수 건강식 대표가 만드는 건강한 한끼 샐러드 전문가에게 맡기세요 상담문의 카카오톡 샐러드오검색 채팅하기 전화 문자 #다이어트식단 #다이어트도시락 #유지어터#유지어터식단#샐러드#구미샐러드#구미샐러드정기배송#건강식#샌드위치#단체행사도시락,"[""샐러드오입니다"", ""가볍지만"", ""든든하게"", ""나를"", ""샐러드"", ""갈릭구운새우"", ""들기름청포묵"", ""새우의"", ""풍미"", ""청포묵의"", ""담백함"", ""매일"", ""달라서"", ""기다려지는"", ""샐러드"", ""시간"", ""배송신청"", ""대기업"", ""영양팀장출신의"", ""식품영양"", ""조리학과"", ""교수"", ""건강식"", ""대표가"", ""건강한"", ""한끼"", ""샐러드"", ""전문가에게"", ""맡기세요"", ""상담문의"", ""카카오톡"", ""샐러드오검색"", ""채팅하기"", ""전화"", ""문자""]","[""다이어트식단"", ""다이어트도시락"", ""유지어터"", ""유지어터식단"", ""샐러드"", ""구미샐러드"", ""구미샐러드정기배송"", ""건강식"", ""샌드위치"", ""단체행사도시락""]","[""샐러드오입니다"", ""가볍지만"", ""든든하게"", ""나를"", ""샐러드"", ""갈릭구운새우"", ""들기름청포묵"", ""새우의"", ""풍미"", ""청포묵의"", ""담백함"", ""매일"", ""달라서"", ""기다려지는"", ""샐러드"", ""시간"", ""배송신청"", ""대기업"", ""영양팀장출신의"", ""식품영양"", ""조리학과"", ""교수"", ""건강식"", ""대표가"", ""건강한"", ""한끼"", ""샐러드"", ""전문가에게"", ""맡기세요"", ""상담문의"", ""카카오톡"", ""샐러드오검색"", ""채팅하기"", ""전화"", ""문자"", ""다이어트식단"", ""다이어트도시락"", ""유지어터"", ""유지어터식단"", ""샐러드"", ""구미샐러드"", ""구미샐러드정기배송"", ""건강식"", ""샌드위치"", ""단체행사도시락""]"
https://www.instagram.com/p/DOpaA4VEozg/,"병아리콩 샐러드와 피타브레드피타브레드 여러 조각으로 잘라서샐러드 담아 먹었어요샐러드는 병아리콩, 오이, 토마토, 적양파, 페타치즈드레싱은 올리브오일, 레몬즙, 소금, 다목적 시즈닝샐러드가 상큼해서 담백한 피타브레드랑 너무 잘 어울리는데한 조각씩 싸먹는? 담아먹는? 재미가 있어요😋",,병아리콩 샐러드와 피타브레드피타브레드 여러 조각으로 잘라서샐러드 담아 먹었어요샐러드는 병아리콩 오이 토마토 적양파 페타치즈드레싱은 올리브오일 레몬즙 소금 다목적 시즈닝샐러드가 상큼해서 담백한 피타브레드랑 너무 잘 어울리는데한 조각씩 싸먹는 담아먹는 재미가 있어요,"[""병아리콩"", ""샐러드와"", ""피타브레드피타브레드"", ""조각으로"", ""잘라서샐러드"", ""먹었어요샐러드는"", ""병아리콩"", ""오이"", ""토마토"", ""적양파"", ""페타치즈드레싱은"", ""올리브오일"", ""레몬즙"", ""소금"", ""다목적"", ""시즈닝샐러드가"", ""상큼해서"", ""담백한"", ""피타브레드랑"", ""어울리는데한"", ""조각씩"", ""싸먹는"", ""담아먹는"", ""재미가""]","[""병아리콩"", ""샐러드와"", ""피타브레드피타브레드"", ""조각으로"", ""잘라서샐러드"", ""먹었어요샐러드는"", ""병아리콩"", ""오이"", ""토마토"", ""적양파"", ""페타치즈드레싱은"", ""올리브오일"", ""레몬즙"", ""소금"", ""다목적"", ""시즈닝샐러드가"", ""상큼해서"", ""담백한"", ""피타브레드랑"", ""어울리는데한"", ""조각씩"", ""싸먹는"", ""담아먹는"", ""재미가""]","[""병아리콩"", ""샐러드와"", ""피타브레드피타브레드"", ""조각으로"", ""잘라서샐러드"", ""먹었어요샐러드는"", ""병아리콩"", ""오이"", ""토마토"", ""적양파"", ""페타치즈드레싱은"", ""올리브오일"", ""레몬즙"", ""소금"", ""다목적"", ""시즈닝샐러드가"", ""상큼해서"", ""담백한"", ""피타브레드랑"", ""어울리는데한"", ""조각씩"", ""싸먹는"", ""담아먹는"", ""재미가"", ""병아리콩"", ""샐러드와"", ""피타브레드피타브레드"", ""조각으로"", ""잘라서샐러드"", ""먹었어요샐러드는"", ""병아리콩"", ""오이"", ""토마토"", ""적양파"", ""페타치즈드레싱은"", ""올리브오일"", ""레몬즙"", ""소금"", ""다목적"", ""시즈닝샐러드가"", ""상큼해서"", ""담백한"", ""피타브레드랑"", ""어울리는데한"", ""조각씩"", ""싸먹는"", ""담아먹는"", ""재미가""]"
https://www.instagram.com/p/DPIKGRFEhTX/,가벼운 샐러드 #한그릇 들 🥣,한그릇,가벼운 샐러드 #한그릇 들,"[""가벼운"", ""샐러드""]","[""한그릇""]","[""가벼운"", ""샐러드"", ""한그릇""]"
https://www.instagram.com/p/DN9T__vEgck/c/18027393266514697/,".울동네만~~비가 억수같이 쏟아져 아침인줄도 모르고~~아침은 복숭아 듬뿍 복숭아샐러드.복숭아 하나 살만발라 레몬즙 2T, 꿀 1T 넣고 곱게 갈아준다.소금 세꼬집, 후추, 올리브오일 3T넣고 열심섞에 향긋 달콤 드레싱.와일드루꼴라 두줌 올리브오일만 살짝 버무려 담고 복숭아, 청무화과 듬뿍 담고 부라타치즈하나~~까먹었다가 사진찍고나서야 커피담다 @coffeedamda_ 견과류구이 한줌 올려.올리브오일 두른 팬에 사워도우 노릇하게 구워 상큼하게~~...#집밥 #108호샐러드 #108호복숭아샐러드 #복숭아샐러드 #샐러드",집밥;108호샐러드;108호복숭아샐러드;복숭아샐러드;샐러드,울동네만 비가 억수같이 쏟아져 아침인줄도 모르고 아침은 복숭아 듬뿍 복숭아샐러드 복숭아 하나 살만발라 레몬즙 꿀 넣고 곱게 갈아준다 소금 세꼬집 후추 올리브오일 넣고 열심섞에 향긋 달콤 드레싱 와일드루꼴라 두줌 올리브오일만 살짝 버무려 담고 복숭아 청무화과 듬뿍 담고 부라타치즈하나 까먹었다가 사진찍고나서야 커피담다 견과류구이 한줌 올려 올리브오일 두른 팬에 사워도우 노릇하게 구워 상큼하게 #집밥 # 호샐러드 # 호복숭아샐러드 #복숭아샐러드 #샐러드,"[""울동네만"", ""비가"", ""억수같이"", ""쏟아져"", ""아침인줄도"", ""모르고"", ""아침은"", ""복숭아"", ""복숭아샐러드"", ""복숭아"", ""살만발라"", ""레몬즙"", ""곱게"", ""갈아준다"", ""소금"", ""세꼬집"", ""후추"", ""올리브오일"", ""열심섞에"", ""향긋"", ""달콤"", ""드레싱"", ""와일드루꼴라"", ""두줌"", ""올리브오일만"", ""버무려"", ""담고"", ""복숭아"", ""청무화과"", ""담고"", ""부라타치즈하나"", ""까먹었다가"", ""사진찍고나서야"", ""커피담다"", ""견과류구이"", ""한줌"", ""올리브오일"", ""두른"", ""팬에"", ""사워도우"", ""노릇하게"", ""구워"", ""상큼하게"", ""호샐러드"", ""호복숭아샐러드""]","[""집밥"", ""호샐러드"", ""호복숭아샐러드"", ""복숭아샐러드"", ""샐러드""]","[""울동네만"", ""비가"", ""억수같이"", ""쏟아져"", ""아침인줄도"", ""모르고"", ""아침은"", ""복숭아"", ""복숭아샐러드"", ""복숭아"", ""살만발라"", ""레몬즙"", ""곱게"", ""갈아준다"", ""소금"", ""세꼬집"", ""후추"", ""올리브오일"", ""열심섞에"", ""향긋"", ""달콤"", ""드레싱"", ""와일드루꼴라"", ""두줌"", ""올리브오일만"", ""버무려"", ""담고"", ""복숭아"", ""청무화과"", ""담고"", ""부라타치즈하나"", ""까먹었다가"", ""사진찍고나서야"", ""커피담다"", ""견과류구이"", ""한줌"", ""올리브오일"", ""두른"", ""팬에"", ""사워도우"", ""노릇하게"", ""구워"", ""상큼하게"", ""호샐러드"", ""호복숭아샐러드"", ""집밥"", ""호샐러드"", ""호복숭아샐러드"", ""복숭아샐러드"", ""샐러드""]"
https://www.instagram.com/p/DI_PrV_zr_I/,"‼️샐러드레시피10가지ㆍㆍ1.한끼샐러드ㆍ감자,삶은계란,초당옥수수,방울토마토,야채등 듬뿍올리기ㆍ✅드레싱: 마요네즈2T 그릭요거트3T 레몬즙1T 설탕2/3T 소금1/2t 후추톡톡ㆍ2.케이준치킨샐러드ㆍ샐러드야채듬뿍,방울토마토,시판치킨텐더나 남은치킨ㆍ✅드레싱:마요네즈5T 머스타드2T 올리고당2T 파마산치즈1T 다진양파3T 다진피클3T 후추ㆍ3.닭가슴살샐러드ㆍ오이1개는 채썰고 적양파1/4개 소금1/2t넣고 10분간절인후 물기꼭짜주고닭가슴살찢어주고 사과,청상추채썰기ㆍ✅드레싱:마요네즈3.5T 들깨가루1T. 홀그레인또는연겨자1t꿀1t 레몬즙1t 소금약간ㆍㆍ4.토마토카프레제ㆍ짭잘이토마토4개,모짜렐라치즈,바질,ㆍ✅드레싱:다진양파1T 발사믹1T 올리브유2T 레몬즙1/2T 꿀1T 소금약간ㆍㆍ5.레몬드레싱ㆍ야채듬뿍 넣고싶은거넣으세요 삶은달걀이나 토마토 오이등ㆍ✅드레싱:올리브유4T 레몬즙2T 홀그레인1t 소금2꼬집 꿀2T마늘1개 바로다져넣기 파슬리나허브ㆍㆍ6.참외샐러드ㆍ참외한개는 씨를 바른후 체에걸러 참외즙내리기ㆍ✅드레싱:참외즙 올리브유2T 레몬즙1Tㆍㆍ7.밤호박샐러드ㆍ밤호박한개 썰어준후 드레싱에버무린후 에프180도10분리코타치즈와 다진견과류 와함께담기ㆍ✅드레싱:소금0.3T 메이플시럽4T 올리브유5Tㆍㆍ8.자두샐러드ㆍ자두2개 슬라이스하기,방울토마토와,크림치즈나그릭요거트겉들이기ㆍ✅드레싱:소금약간,후추갈갈,올리브유1T 화이트발사믹1/2Tㆍㆍ9.복숭아샐러드(신선이나천도뵈숭아)ㆍ복숭아한입크기로썬후브라타치즈 찢어올리고 프로슈토찢어올린후바질찢어올리고소금약간,올리브유 발사믹뿌려주기ㆍㆍ10.감자,브로콜리샐러드ㆍ감자,브로콜리,계란 쪄서준비ㆍ✅드레싱:땅콩버터1T 마요네즈3T 간장1/2T 올리브유1T 알룰로스1T 깨갈갈ㆍ어떤거부터해드실거에요?😄😄ㆍㆍ발사믹과 브라타치즈 땅콩버터는 제가먹는거 링크올러놨어요@coe2493 ㆍㆍ유용하셨길ㆍㆍ#샐러드#다이어트#샐러드레시피",샐러드;다이어트;샐러드레시피,샐러드레시피 가지ㆍㆍ 한끼샐러드ㆍ감자 삶은계란 초당옥수수 방울토마토 야채등 듬뿍올리기ㆍ 드레싱 마요네즈 그릭요거트 레몬즙 설탕 소금 후추톡톡ㆍ 케이준치킨샐러드ㆍ샐러드야채듬뿍 방울토마토 시판치킨텐더나 남은치킨ㆍ 드레싱 마요네즈 머스타드 올리고당 파마산치즈 다진양파 다진피클 후추ㆍ 닭가슴살샐러드ㆍ오이 개는 채썰고 적양파 개 소금 넣고 분간절인후 물기꼭짜주고닭가슴살찢어주고 사과 청상추채썰기ㆍ 드레싱 마요네즈 들깨가루 홀그레인또는연겨자 꿀 레몬즙 소금약간ㆍㆍ 토마토카프레제ㆍ짭잘이토마토 개 모짜렐라치즈 바질 ㆍ 드레싱 다진양파 발사믹 올리브유 레몬즙 꿀 소금약간ㆍㆍ 레몬드레싱ㆍ야채듬뿍 넣고싶은거넣으세요 삶은달걀이나 토마토 오이등ㆍ 드레싱 올리브유 레몬즙 홀그레인 소금 꼬집 꿀 마늘 개 바로다져넣기 파슬리나허브ㆍㆍ 참외샐러드ㆍ참외한개는 씨를 바른후 체에걸러 참외즙내리기ㆍ 드레싱 참외즙 올리브유 레몬즙 ㆍㆍ 밤호박샐러드ㆍ밤호박한개 썰어준후 드레싱에버무린후 에프 도 분리코타치즈와 다진견과류 와함께담기ㆍ 드레싱 소금 메이플시럽 올리브유 ㆍㆍ 자두샐러드ㆍ자두 개 슬라이스하기 방울토마토와 크림치즈나그릭요거트겉들이기ㆍ 드레싱 소금약간 후추갈갈 올리브유 화이트발사믹 ㆍㆍ 복숭아샐러드 신선이나천도뵈숭아 ㆍ복숭아한입크기로썬후브라타치즈 찢어올리고 프로슈토찢어올린후바질찢어올리고소금약간 올리브유 발사믹뿌려주기ㆍㆍ 감자 브로콜리샐러드ㆍ감자 브로콜리 계란 쪄서준비ㆍ 드레싱 땅콩버터 마요네즈 간장 올리브유 알룰로스 깨갈갈ㆍ어떤거부터해드실거에요 ㆍㆍ발사믹과 브라타치즈 땅콩버터는 제가먹는거 링크올러놨어요 ㆍㆍ유용하셨길ㆍㆍ#샐러드#다이어트#샐러드레시피,"[""샐러드레시피"", ""가지ㆍㆍ"", ""한끼샐러드ㆍ감자"", ""삶은계란"", ""초당옥수수"", ""방울토마토"", ""야채등"", ""듬뿍올리기ㆍ"", ""드레싱"", ""마요네즈"", ""그릭요거트"", ""레몬즙"", ""설탕"", ""소금"", ""후추톡톡ㆍ"", ""케이준치킨샐러드ㆍ샐러드야채듬뿍"", ""방울토마토"", ""시판치킨텐더나"", ""남은치킨ㆍ"", ""드레싱"", ""마요네즈"", ""머스타드"", ""올리고당"", ""파마산치즈"", ""다진양파"", ""다진피클"", ""후추ㆍ"", ""닭가슴살샐러드ㆍ오이"", ""개는"", ""채썰고"", ""적양파"", ""소금"", ""분간절인후"", ""물기꼭짜주고닭가슴살찢어주고"", ""사과"", ""청상추채썰기ㆍ"", ""드레싱"", ""마요네즈"", ""들깨가루"", ""홀그레인또는연겨자"", ""레몬즙"", ""소금약간ㆍㆍ"", ""토마토카프레제ㆍ짭잘이토마토"", ""모짜렐라치즈"", ""바질"", ""드레싱"", ""다진양파"", ""발사믹"", ""올리브유"", ""레몬즙"", ""소금약간ㆍㆍ"", ""레몬드레싱ㆍ야채듬뿍"", ""넣고싶은거넣으세요"", ""삶은달걀이나"", ""토마토"", ""오이등ㆍ"", ""드레싱"", ""올리브유"", ""레몬즙"", ""홀그레인"", ""소금"", ""꼬집"", ""마늘"", ""바로다져넣기"", ""파슬리나허브ㆍㆍ"", ""참외샐러드ㆍ참외한개는"", ""씨를"", ""바른후"", ""체에걸러"", ""참외즙내리기ㆍ"", ""드레싱"", ""참외즙"", ""올리브유"", ""레몬즙"", ""ㆍㆍ"", ""밤호박샐러드ㆍ밤호박한개"", ""썰어준후"", ""드레싱에버무린후"", ""에프"", ""분리코타치즈와"", ""다진견과류"", ""와함께담기ㆍ"", ""드레싱"", ""소금"", ""메이플시럽"", ""올리브유"", ""ㆍㆍ"", ""자두샐러드ㆍ자두"", ""슬라이스하기"", ""방울토마토와"", ""크림치즈나그릭요거트겉들이기ㆍ"", ""드레싱"", ""소금약간"", ""후추갈갈"", ""올리브유"", ""화이트발사믹"", ""ㆍㆍ"", ""복숭아샐러드"", ""신선이나천도뵈숭아"", ""ㆍ복숭아한입크기로썬후브라타치즈"", ""찢어올리고"", ""프로슈토찢어올린후바질찢어올리고소금약간"", ""올리브유"", ""발사믹뿌려주기ㆍㆍ"", ""감자"", ""브로콜리샐러드ㆍ감자"", ""브로콜리"", ""계란"", ""쪄서준비ㆍ"", ""드레싱"", ""땅콩버터"", ""마요네즈"", ""간장"", ""올리브유"", ""알룰로스"", ""깨갈갈ㆍ어떤거부터해드실거에요"", ""ㆍㆍ발사믹과"", ""브라타치즈"", ""땅콩버터는"", ""제가먹는거"", ""링크올러놨어요"", ""ㆍㆍ유용하셨길ㆍㆍ""]","[""샐러드"", ""다이어트"", ""샐러드레시피""]","[""샐러드레시피"", ""가지ㆍㆍ"", ""한끼샐러드ㆍ감자"", ""삶은계란"", ""초당옥수수"", ""방울토마토"", ""야채등"", ""듬뿍올리기ㆍ"", ""드레싱"", ""마요네즈"", ""그릭요거트"", ""레몬즙"", ""설탕"", ""소금"", ""후추톡톡ㆍ"", ""케이준치킨샐러드ㆍ샐러드야채듬뿍"", ""방울토마토"", ""시판치킨텐더나"", ""남은치킨ㆍ"", ""드레싱"", ""마요네즈"", ""머스타드"", ""올리고당"", ""파마산치즈"", ""다진양파"", ""다진피클"", ""후추ㆍ"", ""닭가슴살샐러드ㆍ오이"", ""개는"", ""채썰고"", ""적양파"", ""소금"", ""분간절인후"", ""물기꼭짜주고닭가슴살찢어주고"", ""사과"", ""청상추채썰기ㆍ"", ""드레싱"", ""마요네즈"", ""들깨가루"", ""홀그레인또는연겨자"", ""레몬즙"", ""소금약간ㆍㆍ"", ""토마토카프레제ㆍ짭잘이토마토"", ""모짜렐라치즈"", ""바질"", ""드레싱"", ""다진양파"", ""발사믹"", ""올리브유"", ""레몬즙"", ""소금약간ㆍㆍ"", ""레몬드레싱ㆍ야채듬뿍"", ""넣고싶은거넣으세요"", ""삶은달걀이나"", ""토마토"", ""오이등ㆍ"", ""드레싱"", ""올리브유"", ""레몬즙"", ""홀그레인"", ""소금"", ""꼬집"", ""마늘"", ""바로다져넣기"", ""파슬리나허브ㆍㆍ"", ""참외샐러드ㆍ참외한개는"", ""씨를"", ""바른후"", ""체에걸러"", ""참외즙내리기ㆍ"", ""드레싱"", ""참외즙"", ""올리브유"", ""레몬즙"", ""ㆍㆍ"", ""밤호박샐러드ㆍ밤호박한개"", ""썰어준후"", ""드레싱에버무린후"", ""에프"", ""분리코타치즈와"", ""다진견과류"", ""와함께담기ㆍ"", ""드레싱"", ""소금"", ""메이플시럽"", ""올리브유"", ""ㆍㆍ"", ""자두샐러드ㆍ자두"", ""슬라이스하기"", ""방울토마토와"", ""크림치즈나그릭요거트겉들이기ㆍ"", ""드레싱"", ""소금약간"", ""후추갈갈"", ""올리브유"", ""화이트발사믹"", ""ㆍㆍ"", ""복숭아샐러드"", ""신선이나천도뵈숭아"", ""ㆍ복숭아한입크기로썬후브라타치즈"", ""찢어올리고"", ""프로슈토찢어올린후바질찢어올리고소금약간"", ""올리브유"", ""발사믹뿌려주기ㆍㆍ"", ""감자"", ""브로콜리샐러드ㆍ감자"", ""브로콜리"", ""계란"", ""쪄서준비ㆍ"", ""드레싱"", ""땅콩버터"", ""마요네즈"", ""간장"", ""올리브유"", ""알룰로스"", ""깨갈갈ㆍ어떤거부터해드실거에요"", ""ㆍㆍ발사믹과"", ""브라타치즈"", ""땅콩버터는"", ""제가먹는거"", ""링크올러놨어요"", ""ㆍㆍ유용하셨길ㆍㆍ"", ""샐러드"", ""다이어트"", ""샐러드레시피""]"
https://www.instagram.com/p/DMzcMDtxWN4/,"#그린보이즈 #제품제공 @greenboyz.kr 수비드 닭가슴살 샐러드8월 #그린보이즈신촌점 엠버서더가 되었어요🥗🐣다이어트 의지 더 활활 타오르게 만들어주시는 𐔌ᵔ ˶ᐢᗜᐢ˶ ͡ 𐦯ᡣ𐭩회사랑도 그렇게 멀지 않아서 꾸준히 먹으러 와야겠다고 다짐💪🏾오늘 마침 사내 연수라 출근 안하는 김에 아침에 운동 해주고, 스타벅스 가서 줌으로 수업 좀 듣다가점심시간 샐러드 먹으러 고고싱 ꙳ʕㅇ̆̈ʔ ⁼³초록색감 가득했던 그린보이즈 신촌점!키오스크 주문도 간편하고, 너무 더운 요즘 물까지 제공🌈정말 메뉴가 많은데 첫 방문이니까 국룰 닭가슴살 샐러드 시켰어요🐣수비드에 무엇보다 부드러움 끝판왕이라고 광고 하시는데,,, 한입 먹자마자 진짜 지구 말고 우주 끝판왕 인정이요👏🏻 왜 집에서는 이런 부드러운 닭가슴살을 못 먹는거죠😢 양이 엄청 실해서 단백질도 풍족하게 먹을 수 있어요 ~♪ ♫ ~♥~ 계란도 적당한 반숙에 무엇보다 이 노란 색감이🐣🐥💛적당히 간이 나게 하는 역할을 해서 꼬숩 맛있어요! 이런 삶은 계란은 또 처음이라 신기한 사람👀신촌 놀러갈 일 있으면 꼭 들려보세용🥗그린보이즈 메뉴 다 먹어봐야지🤍...#신촌 #샐러드 #신촌맛집 #닭가슴살샐러드 #닭가슴살 #수비드 #수비드닭가슴살 #salad #샐러드맛집 #포케맛집 #포케 #당근라페 #다이어트 #다이어트식단 #식단 #식단일기 #먹스타그램 #맛스타그램 #홍대 #홍대맛집 #바프식단 #다이어트외식 #건강식 #클린식 #탄단지 #diet #운동하는여자",그린보이즈;제품제공;그린보이즈신촌점;신촌;샐러드;신촌맛집;닭가슴살샐러드;닭가슴살;수비드;수비드닭가슴살;salad;샐러드맛집;포케맛집;포케;당근라페;다이어트;다이어트식단;식단;식단일기;먹스타그램;맛스타그램;홍대;홍대맛집;바프식단;다이어트외식;건강식;클린식;탄단지;diet;운동하는여자,#그린보이즈 #제품제공 수비드 닭가슴살 샐러드 월 #그린보이즈신촌점 엠버서더가 되었어요 다이어트 의지 더 활활 타오르게 만들어주시는 회사랑도 그렇게 멀지 않아서 꾸준히 먹으러 와야겠다고 다짐 오늘 마침 사내 연수라 출근 안하는 김에 아침에 운동 해주고 스타벅스 가서 줌으로 수업 좀 듣다가점심시간 샐러드 먹으러 고고싱 ㅇ 초록색감 가득했던 그린보이즈 신촌점 키오스크 주문도 간편하고 너무 더운 요즘 물까지 제공 정말 메뉴가 많은데 첫 방문이니까 국룰 닭가슴살 샐러드 시켰어요 수비드에 무엇보다 부드러움 끝판왕이라고 광고 하시는데 한입 먹자마자 진짜 지구 말고 우주 끝판왕 인정이요 왜 집에서는 이런 부드러운 닭가슴살을 못 먹는거죠 양이 엄청 실해서 단백질도 풍족하게 먹을 수 있어요 계란도 적당한 반숙에 무엇보다 이 노란 색감이 적당히 간이 나게 하는 역할을 해서 꼬숩 맛있어요 이런 삶은 계란은 또 처음이라 신기한 사람 신촌 놀러갈 일 있으면 꼭 들려보세용 그린보이즈 메뉴 다 먹어봐야지 #신촌 #샐러드 #신촌맛집 #닭가슴살샐러드 #닭가슴살 #수비드 #수비드닭가슴살 # #샐러드맛집 #포케맛집 #포케 #당근라페 #다이어트 #다이어트식단 #식단 #식단일기 #먹스타그램 #맛스타그램 #홍대 #홍대맛집 #바프식단 #다이어트외식 #건강식 #클린식 #탄단지 # #운동하는여자,"[""수비드"", ""닭가슴살"", ""샐러드"", ""엠버서더가"", ""되었어요"", ""다이어트"", ""의지"", ""활활"", ""타오르게"", ""만들어주시는"", ""회사랑도"", ""그렇게"", ""멀지"", ""않아서"", ""와야겠다고"", ""다짐"", ""마침"", ""사내"", ""연수라"", ""출근"", ""안하는"", ""김에"", ""아침에"", ""운동"", ""해주고"", ""스타벅스"", ""가서"", ""줌으로"", ""듣다가점심시간"", ""샐러드"", ""고고싱"", ""초록색감"", ""가득했던"", ""그린보이즈"", ""신촌점"", ""키오스크"", ""주문도"", ""간편하고"", ""더운"", ""물까지"", ""제공"", ""많은데"", ""방문이니까"", ""국룰"", ""닭가슴살"", ""샐러드"", ""시켰어요"", ""수비드에"", ""무엇보다"", ""부드러움"", ""끝판왕이라고"", ""광고"", ""하시는데"", ""한입"", ""먹자마자"", ""지구"", ""말고"", ""우주"", ""끝판왕"", ""인정이요"", ""집에서는"", ""부드러운"", ""닭가슴살을"", ""먹는거죠"", ""실해서"", ""단백질도"", ""풍족하게"", ""계란도"", ""적당한"", ""반숙에"", ""무엇보다"", ""노란"", ""색감이"", ""적당히"", ""간이"", ""나게"", ""역할을"", ""꼬숩"", ""계란은"", ""처음이라"", ""신기한"", ""신촌"", ""놀러갈"", ""있으면"", ""들려보세용"", ""그린보이즈"", ""먹어봐야지""]","[""그린보이즈"", ""제품제공"", ""그린보이즈신촌점"", ""신촌"", ""샐러드"", ""신촌맛집"", ""닭가슴살샐러드"", ""닭가슴살"", ""수비드"", ""수비드닭가슴살"", ""샐러드맛집"", ""포케맛집"", ""포케"", ""당근라페"", ""다이어트"", ""다이어트식단"", ""식단"", ""식단일기"", ""먹스타그램"", ""맛스타그램"", ""홍대"", ""홍대맛집"", ""바프식단"", ""다이어트외식"", ""건강식"", ""클린식"", ""탄단지"", ""운동하는여자""]","[""수비드"", ""닭가슴살"", ""샐러드"", ""엠버서더가"", ""되었어요"", ""다이어트"", ""의지"", ""활활"", ""타오르게"", ""만들어주시는"", ""회사랑도"", ""그렇게"", ""멀지"", ""않아서"", ""와야겠다고"", ""다짐"", ""마침"", ""사내"", ""연수라"", ""출근"", ""안하는"", ""김에"", ""아침에"", ""운동"", ""해주고"", ""스타벅스"", ""가서"", ""줌으로"", ""듣다가점심시간"", ""샐러드"", ""고고싱"", ""초록색감"", ""가득했던"", ""그린보이즈"", ""신촌점"", ""키오스크"", ""주문도"", ""간편하고"", ""더운"", ""물까지"", ""제공"", ""많은데"", ""방문이니까"", ""국룰"", ""닭가슴살"", ""샐러드"", ""시켰어요"", ""수비드에"", ""무엇보다"", ""부드러움"", ""끝판왕이라고"", ""광고"", ""하시는데"", ""한입"", ""먹자마자"", ""지구"", ""말고"", ""우주"", ""끝판왕"", ""인정이요"", ""집에서는"", ""부드러운"", ""닭가슴살을"", ""먹는거죠"", ""실해서"", ""단백질도"", ""풍족하게"", ""계란도"", ""적당한"", ""반숙에"", ""무엇보다"", ""노란"", ""색감이"", ""적당히"", ""간이"", ""나게"", ""역할을"", ""꼬숩"", ""계란은"", ""처음이라"", ""신기한"", ""신촌"", ""놀러갈"", ""있으면"", ""들려보세용"", ""그린보이즈"", ""먹어봐야지"", ""그린보이즈"", ""제품제공"", ""그린보이즈신촌점"", ""신촌"", ""샐러드"", ""신촌맛집"", ""닭가슴살샐러드"", ""닭가슴살"", ""수비드"", ""수비드닭가슴살"", ""샐러드맛집"", ""포케맛집"", ""포케"", ""당근라페"", ""다이어트"", ""다이어트식단"", ""식단"", ""식단일기"", ""먹스타그램"", ""맛스타그램"", ""홍대"", ""홍대맛집"", ""바프식단"", ""다이어트외식"", ""건강식"", ""클린식"", ""탄단지"", ""운동하는여자""]"
https://www.instagram.com/p/DPsPJWpEp-a/,"누오바테라와 함께한 샐러드 한 그릇 | 제품제공길었던 추석 연휴가 끝나고,오늘은 속을 조금 쉬게 해주고 싶어서 가볍게 샐러드를 만들었어요루꼴라, 토마토, 양파, 아보카도, 삶은계란에 전자레인지에 30초~1분만 데운 누오바테라 쓰리그레인을 올리고, 마지막엔 올리브유 한 바퀴, 소금, 후추 톡톡, 치즈를 살짝 갈아 마무리🥗 쓰리그레인에는 메밀, 퀴노아, 치아씨드가 들어 있어서샐러드와 가장 잘 어울리고, 고소하면서도 담백한 곡물 식감이 부드러운 아보카도랑 참 잘 어울려요.생각보다 훨씬 든든하고 풍미도 깊었답니다✨긴 연휴 끝, 몸과 마음을 리셋하기 좋은 한 그릇 어떠세요💚⬇️ 누오바테라 구매처https://smartstore.naver.com/insou#누오바테라 #쓰리그레인 #이탈리아곡물 #클린이팅 #지중해식단 #곡물샐러드 #다이어트식단 #혈당관리 #항산화 #홈브런치 #간편식 #레디투쿡 #클린식단 #샐러드 #브런치 #지중해식샐러드",누오바테라;쓰리그레인;이탈리아곡물;클린이팅;지중해식단;곡물샐러드;다이어트식단;혈당관리;항산화;홈브런치;간편식;레디투쿡;클린식단;샐러드;브런치;지중해식샐러드,누오바테라와 함께한 샐러드 한 그릇 제품제공길었던 추석 연휴가 끝나고 오늘은 속을 조금 쉬게 해주고 싶어서 가볍게 샐러드를 만들었어요루꼴라 토마토 양파 아보카도 삶은계란에 전자레인지에 초 분만 데운 누오바테라 쓰리그레인을 올리고 마지막엔 올리브유 한 바퀴 소금 후추 톡톡 치즈를 살짝 갈아 마무리 쓰리그레인에는 메밀 퀴노아 치아씨드가 들어 있어서샐러드와 가장 잘 어울리고 고소하면서도 담백한 곡물 식감이 부드러운 아보카도랑 참 잘 어울려요 생각보다 훨씬 든든하고 풍미도 깊었답니다 긴 연휴 끝 몸과 마음을 리셋하기 좋은 한 그릇 어떠세요 누오바테라 구매처 #쓰리그레인 #이탈리아곡물 #클린이팅 #지중해식단 #곡물샐러드 #다이어트식단 #혈당관리 #항산화 #홈브런치 #간편식 #레디투쿡 #클린식단 #샐러드 #브런치 #지중해식샐러드,"[""누오바테라와"", ""함께한"", ""샐러드"", ""제품제공길었던"", ""추석"", ""연휴가"", ""끝나고"", ""속을"", ""쉬게"", ""해주고"", ""싶어서"", ""가볍게"", ""샐러드를"", ""만들었어요루꼴라"", ""토마토"", ""양파"", ""아보카도"", ""삶은계란에"", ""전자레인지에"", ""분만"", ""데운"", ""누오바테라"", ""쓰리그레인을"", ""마지막엔"", ""올리브유"", ""바퀴"", ""소금"", ""후추"", ""톡톡"", ""치즈를"", ""갈아"", ""마무리"", ""쓰리그레인에는"", ""메밀"", ""퀴노아"", ""치아씨드가"", ""들어"", ""있어서샐러드와"", ""어울리고"", ""고소하면서도"", ""담백한"", ""곡물"", ""식감이"", ""부드러운"", ""아보카도랑"", ""어울려요"", ""생각보다"", ""훨씬"", ""든든하고"", ""풍미도"", ""깊었답니다"", ""몸과"", ""마음을"", ""리셋하기"", ""어떠세요"", ""누오바테라"", ""구매처""]","[""누오바테라"", ""쓰리그레인"", ""이탈리아곡물"", ""클린이팅"", ""지중해식단"", ""곡물샐러드"", ""다이어트식단"", ""혈당관리"", ""항산화"", ""홈브런치"", ""간편식"", ""레디투쿡"", ""클린식단"", ""샐러드"", ""브런치"", ""지중해식샐러드""]","[""누오바테라와"", ""함께한"", ""샐러드"", ""제품제공길었던"", ""추석"", ""연휴가"", ""끝나고"", ""속을"", ""쉬게"", ""해주고"", ""싶어서"", ""가볍게"", ""샐러드를"", ""만들었어요루꼴라"", ""토마토"", ""양파"", ""아보카도"", ""삶은계란에"", ""전자레인지에"", ""분만"", ""데운"", ""누오바테라"", ""쓰리그레인을"", ""마지막엔"", ""올리브유"", ""바퀴"", ""소금"", ""후추"", ""톡톡"", ""치즈를"", ""갈아"", ""마무리"", ""쓰리그레인에는"", ""메밀"", ""퀴노아"", ""치아씨드가"", ""들어"", ""있어서샐러드와"", ""어울리고"", ""고소하면서도"", ""담백한"", ""곡물"", ""식감이"", ""부드러운"", ""아보카도랑"", ""어울려요"", ""생각보다"", ""훨씬"", ""든든하고"", ""풍미도"", ""깊었답니다"", ""몸과"", ""마음을"", ""리셋하기"", ""어떠세요"", ""누오바테라"", ""구매처"", ""누오바테라"", ""쓰리그레인"", ""이탈리아곡물"", ""클린이팅"", ""지중해식단"", ""곡물샐러드"", ""다이어트식단"", ""혈당관리"", ""항산화"", ""홈브런치"", ""간편식"", ""레디투쿡"", ""클린식단"", ""샐러드"", ""브런치"", ""지중해식샐러드""]"
https://www.instagram.com/p/DNS1XXjpuCX/,"🌿민트 라임 드레싱을 곁들인여러가지 참외 새우 샐러드🍈-엄마 서울 온 날!모녀 조식 한상❣️그 중 정말 맛있었던 샐러드 레시피알려드릴게요!상큼한 민트 라임 드레싱이랑홍새우, 여러가지 참외들 맛 조합이 정말 잘 어울리거든요🫧부드럽고 고소한 부라타까지 푹 찍어 먹으면정말이지 육각형 꽉 찬 샐러드🥗저 샐러드 진짜 좀 칩니다 믿고 해드세요😉-궁금했던 토종 참외들을 사부작사부작 구매해참외 부자가 되어 보았는데요🤓참외는 오이, 멜론, 수박과 같은 박과 친구이다보니,어떤 것은 좀 더 오이스럽기도,어떤 것은 멜론스럽기도 해서골라 먹어보는 재미가 있답니다!🌹요 샐러드에는 개구리 참외, 사과 참외, 노지 노랑 참외를사용했어요!✔️개구리 참외는 보기와는 다르게 껍질이 아주 연하지만단맛이 거의 없고 오이향 없이 오이스러운 맛이 나고요,(참외스러운 달콤한 맛이 전혀 없어요!)✔️사과 참외는 단맛이 조금 약하고 미세한 산미가 있어개인적으로 최애!✔️노지 노랑 참외는 참외 특유의 단맛에 깊은 풍미가 있어참외 러버들은 홀라당 마음을 빼앗겨 버릴 듯..💛🛒구매@marchefriends @lsangrin.coolwell 노지 노랑 참외@6007blue 개구리, 배, 사과, 청참외- ✅재료- 주재료: 참외 2개(일반 노란 참외 기준), 부라타 치즈, 홍새우 8마리, 생바질잎 약간- 소스 재료: 민트잎 8~10장, 올리브유 2T, 라임 1/2개(라임즙 1.5~2T), 꿀 1/2~1T, 소금 1t, 후추 약간✅레시피1. 홍새우는 끓는 물에 데친 후, 얼음물에 식혔다가 껍질을 까서 준비한다.2. 참외는 씨를 파내고 다양한 모양으로 썬 후(보트 모양, 깍둑 썰기 등), 접시에 놓는다.3. 부라타 치즈, 홍새우, 바질잎을 올린다.4. 민트잎을 잘게 썰고, 라임즙을 짠 후, 후추를 제외한 소스 재료를 잘 섞어 샐러드에 고루 뿌린다. 후추는 마지막에 뿌려 마무리 한다. -🫧사진에 있는 다른 것들- 땅콩 호박 수프- 구스베리 - 찬우물농장 찰옥수수(너무 맛있어서 지금도 먹는 중🖤)",,민트 라임 드레싱을 곁들인여러가지 참외 새우 샐러드 엄마 서울 온 날 모녀 조식 한상 그 중 정말 맛있었던 샐러드 레시피알려드릴게요 상큼한 민트 라임 드레싱이랑홍새우 여러가지 참외들 맛 조합이 정말 잘 어울리거든요 부드럽고 고소한 부라타까지 푹 찍어 먹으면정말이지 육각형 꽉 찬 샐러드 저 샐러드 진짜 좀 칩니다 믿고 해드세요 궁금했던 토종 참외들을 사부작사부작 구매해참외 부자가 되어 보았는데요 참외는 오이 멜론 수박과 같은 박과 친구이다보니 어떤 것은 좀 더 오이스럽기도 어떤 것은 멜론스럽기도 해서골라 먹어보는 재미가 있답니다 요 샐러드에는 개구리 참외 사과 참외 노지 노랑 참외를사용했어요 개구리 참외는 보기와는 다르게 껍질이 아주 연하지만단맛이 거의 없고 오이향 없이 오이스러운 맛이 나고요 참외스러운 달콤한 맛이 전혀 없어요 사과 참외는 단맛이 조금 약하고 미세한 산미가 있어개인적으로 최애 노지 노랑 참외는 참외 특유의 단맛에 깊은 풍미가 있어참외 러버들은 홀라당 마음을 빼앗겨 버릴 듯 구매 노지 노랑 참외 개구리 배 사과 청참외 재료 주재료 참외 개 일반 노란 참외 기준 부라타 치즈 홍새우 마리 생바질잎 약간 소스 재료 민트잎 장 올리브유 라임 개 라임즙 꿀 소금 후추 약간 레시피 홍새우는 끓는 물에 데친 후 얼음물에 식혔다가 껍질을 까서 준비한다 참외는 씨를 파내고 다양한 모양으로 썬 후 보트 모양 깍둑 썰기 등 접시에 놓는다 부라타 치즈 홍새우 바질잎을 올린다 민트잎을 잘게 썰고 라임즙을 짠 후 후추를 제외한 소스 재료를 잘 섞어 샐러드에 고루 뿌린다 후추는 마지막에 뿌려 마무리 한다 사진에 있는 다른 것들 땅콩 호박 수프 구스베리 찬우물농장 찰옥수수 너무 맛있어서 지금도 먹는 중,"[""민트"", ""라임"", ""드레싱을"", ""곁들인여러가지"", ""참외"", ""새우"", ""샐러드"", ""모녀"", ""조식"", ""한상"", ""맛있었던"", ""샐러드"", ""레시피알려드릴게요"", ""상큼한"", ""민트"", ""라임"", ""드레싱이랑홍새우"", ""여러가지"", ""참외들"", ""조합이"", ""어울리거든요"", ""부드럽고"", ""고소한"", ""부라타까지"", ""찍어"", ""먹으면정말이지"", ""육각형"", ""샐러드"", ""샐러드"", ""칩니다"", ""믿고"", ""해드세요"", ""궁금했던"", ""토종"", ""참외들을"", ""사부작사부작"", ""구매해참외"", ""부자가"", ""보았는데요"", ""참외는"", ""오이"", ""멜론"", ""수박과"", ""박과"", ""친구이다보니"", ""것은"", ""오이스럽기도"", ""것은"", ""멜론스럽기도"", ""해서골라"", ""먹어보는"", ""재미가"", ""있답니다"", ""샐러드에는"", ""개구리"", ""참외"", ""사과"", ""참외"", ""노지"", ""노랑"", ""참외를사용했어요"", ""개구리"", ""참외는"", ""보기와는"", ""다르게"", ""껍질이"", ""연하지만단맛이"", ""없고"", ""오이향"", ""오이스러운"", ""나고요"", ""참외스러운"", ""달콤한"", ""전혀"", ""없어요"", ""사과"", ""참외는"", ""단맛이"", ""약하고"", ""미세한"", ""산미가"", ""있어개인적으로"", ""최애"", ""노지"", ""노랑"", ""참외는"", ""참외"", ""특유의"", ""단맛에"", ""깊은"", ""풍미가"", ""있어참외"", ""러버들은"", ""홀라당"", ""마음을"", ""빼앗겨"", ""버릴"", ""노지"", ""노랑"", ""참외"", ""개구리"", ""사과"", ""청참외"", ""재료"", ""주재료"", ""참외"", ""일반"", ""노란"", ""참외"", ""기준"", ""부라타"", ""치즈"", ""홍새우"", ""마리"", ""생바질잎"", ""소스"", ""재료"", ""민트잎"", ""올리브유"", ""라임"", ""라임즙"", ""소금"", ""후추"", ""레시피"", ""홍새우는"", ""끓는"", ""물에"", ""데친"", ""얼음물에"", ""식혔다가"", ""껍질을"", ""까서"", ""준비한다"", ""참외는"", ""씨를"", ""파내고"", ""다양한"", ""모양으로"", ""보트"", ""모양"", ""깍둑"", ""썰기"", ""접시에"", ""놓는다"", ""부라타"", ""치즈"", ""홍새우"", ""바질잎을"", ""올린다"", ""민트잎을"", ""잘게"", ""썰고"", ""라임즙을"", ""후추를"", ""제외한"", ""소스"", ""재료를"", ""샐러드에"", ""고루"", ""뿌린다"", ""후추는"", ""마지막에"", ""뿌려"", ""마무리"", ""한다"", ""사진에"", ""것들"", ""땅콩"", ""호박"", ""수프"", ""구스베리"", ""찬우물농장"", ""찰옥수수"", ""지금도""]","[""민트"", ""라임"", ""드레싱을"", ""곁들인여러가지"", ""참외"", ""새우"", ""샐러드"", ""모녀"", ""조식"", ""한상"", ""맛있었던"", ""샐러드"", ""레시피알려드릴게요"", ""상큼한"", ""민트"", ""라임"", ""드레싱이랑홍새우"", ""여러가지"", ""참외들"", ""조합이"", ""어울리거든요"", ""부드럽고"", ""고소한"", ""부라타까지"", ""찍어"", ""먹으면정말이지"", ""육각형"", ""샐러드"", ""샐러드"", ""칩니다"", ""믿고"", ""해드세요"", ""궁금했던"", ""토종"", ""참외들을"", ""사부작사부작"", ""구매해참외"", ""부자가"", ""보았는데요"", ""참외는"", ""오이"", ""멜론"", ""수박과"", ""박과"", ""친구이다보니"", ""것은"", ""오이스럽기도"", ""것은"", ""멜론스럽기도"", ""해서골라"", ""먹어보는"", ""재미가"", ""있답니다"", ""샐러드에는"", ""개구리"", ""참외"", ""사과"", ""참외"", ""노지"", ""노랑"", ""참외를사용했어요"", ""개구리"", ""참외는"", ""보기와는"", ""다르게"", ""껍질이"", ""연하지만단맛이"", ""없고"", ""오이향"", ""오이스러운"", ""나고요"", ""참외스러운"", ""달콤한"", ""전혀"", ""없어요"", ""사과"", ""참외는"", ""단맛이"", ""약하고"", ""미세한"", ""산미가"", ""있어개인적으로"", ""최애"", ""노지"", ""노랑"", ""참외는"", ""참외"", ""특유의"", ""단맛에"", ""깊은"", ""풍미가"", ""있어참외"", ""러버들은"", ""홀라당"", ""마음을"", ""빼앗겨"", ""버릴"", ""노지"", ""노랑"", ""참외"", ""개구리"", ""사과"", ""청참외"", ""재료"", ""주재료"", ""참외"", ""일반"", ""노란"", ""참외"", ""기준"", ""부라타"", ""치즈"", ""홍새우"", ""마리"", ""생바질잎"", ""소스"", ""재료"", ""민트잎"", ""올리브유"", ""라임"", ""라임즙"", ""소금"", ""후추"", ""레시피"", ""홍새우는"", ""끓는"", ""물에"", ""데친"", ""얼음물에"", ""식혔다가"", ""껍질을"", ""까서"", ""준비한다"", ""참외는"", ""씨를"", ""파내고"", ""다양한"", ""모양으로"", ""보트"", ""모양"", ""깍둑"", ""썰기"", ""접시에"", ""놓는다"", ""부라타"", ""치즈"", ""홍새우"", ""바질잎을"", ""올린다"", ""민트잎을"", ""잘게"", ""썰고"", ""라임즙을"", ""후추를"", ""제외한"", ""소스"", ""재료를"", ""샐러드에"", ""고루"", ""뿌린다"", ""후추는"", ""마지막에"", ""뿌려"", ""마무리"", ""한다"", ""사진에"", ""것들"", ""땅콩"", ""호박"", ""수프"", ""구스베리"", ""찬우물농장"", ""찰옥수수"", ""지금도""]","[""민트"", ""라임"", ""드레싱을"", ""곁들인여러가지"", ""참외"", ""새우"", ""샐러드"", ""모녀"", ""조식"", ""한상"", ""맛있었던"", ""샐러드"", ""레시피알려드릴게요"", ""상큼한"", ""민트"", ""라임"", ""드레싱이랑홍새우"", ""여러가지"", ""참외들"", ""조합이"", ""어울리거든요"", ""부드럽고"", ""고소한"", ""부라타까지"", ""찍어"", ""먹으면정말이지"", ""육각형"", ""샐러드"", ""샐러드"", ""칩니다"", ""믿고"", ""해드세요"", ""궁금했던"", ""토종"", ""참외들을"", ""사부작사부작"", ""구매해참외"", ""부자가"", ""보았는데요"", ""참외는"", ""오이"", ""멜론"", ""수박과"", ""박과"", ""친구이다보니"", ""것은"", ""오이스럽기도"", ""것은"", ""멜론스럽기도"", ""해서골라"", ""먹어보는"", ""재미가"", ""있답니다"", ""샐러드에는"", ""개구리"", ""참외"", ""사과"", ""참외"", ""노지"", ""노랑"", ""참외를사용했어요"", ""개구리"", ""참외는"", ""보기와는"", ""다르게"", ""껍질이"", ""연하지만단맛이"", ""없고"", ""오이향"", ""오이스러운"", ""나고요"", ""참외스러운"", ""달콤한"", ""전혀"", ""없어요"", ""사과"", ""참외는"", ""단맛이"", ""약하고"", ""미세한"", ""산미가"", ""있어개인적으로"", ""최애"", ""노지"", ""노랑"", ""참외는"", ""참외"", ""특유의"", ""단맛에"", ""깊은"", ""풍미가"", ""있어참외"", ""러버들은"", ""홀라당"", ""마음을"", ""빼앗겨"", ""버릴"", ""노지"", ""노랑"", ""참외"", ""개구리"", ""사과"", ""청참외"", ""재료"", ""주재료"", ""참외"", ""일반"", ""노란"", ""참외"", ""기준"", ""부라타"", ""치즈"", ""홍새우"", ""마리"", ""생바질잎"", ""소스"", ""재료"", ""민트잎"", ""올리브유"", ""라임"", ""라임즙"", ""소금"", ""후추"", ""레시피"", ""홍새우는"", ""끓는"", ""물에"", ""데친"", ""얼음물에"", ""식혔다가"", ""껍질을"", ""까서"", ""준비한다"", ""참외는"", ""씨를"", ""파내고"", ""다양한"", ""모양으로"", ""보트"", ""모양"", ""깍둑"", ""썰기"", ""접시에"", ""놓는다"", ""부라타"", ""치즈"", ""홍새우"", ""바질잎을"", ""올린다"", ""민트잎을"", ""잘게"", ""썰고"", ""라임즙을"", ""후추를"", ""제외한"", ""소스"", ""재료를"", ""샐러드에"", ""고루"", ""뿌린다"", ""후추는"", ""마지막에"", ""뿌려"", ""마무리"", ""한다"", ""사진에"", ""것들"", ""땅콩"", ""호박"", ""수프"", ""구스베리"", ""찬우물농장"", ""찰옥수수"", ""지금도"", ""민트"", ""라임"", ""드레싱을"", ""곁들인여러가지"", ""참외"", ""새우"", ""샐러드"", ""모녀"", ""조식"", ""한상"", ""맛있었던"", ""샐러드"", ""레시피알려드릴게요"", ""상큼한"", ""민트"", ""라임"", ""드레싱이랑홍새우"", ""여러가지"", ""참외들"", ""조합이"", ""어울리거든요"", ""부드럽고"", ""고소한"", ""부라타까지"", ""찍어"", ""먹으면정말이지"", ""육각형"", ""샐러드"", ""샐러드"", ""칩니다"", ""믿고"", ""해드세요"", ""궁금했던"", ""토종"", ""참외들을"", ""사부작사부작"", ""구매해참외"", ""부자가"", ""보았는데요"", ""참외는"", ""오이"", ""멜론"", ""수박과"", ""박과"", ""친구이다보니"", ""것은"", ""오이스럽기도"", ""것은"", ""멜론스럽기도"", ""해서골라"", ""먹어보는"", ""재미가"", ""있답니다"", ""샐러드에는"", ""개구리"", ""참외"", ""사과"", ""참외"", ""노지"", ""노랑"", ""참외를사용했어요"", ""개구리"", ""참외는"", ""보기와는"", ""다르게"", ""껍질이"", ""연하지만단맛이"", ""없고"", ""오이향"", ""오이스러운"", ""나고요"", ""참외스러운"", ""달콤한"", ""전혀"", ""없어요"", ""사과"", ""참외는"", ""단맛이"", ""약하고"", ""미세한"", ""산미가"", ""있어개인적으로"", ""최애"", ""노지"", ""노랑"", ""참외는"", ""참외"", ""특유의"", ""단맛에"", ""깊은"", ""풍미가"", ""있어참외"", ""러버들은"", ""홀라당"", ""마음을"", ""빼앗겨"", ""버릴"", ""노지"", ""노랑"", ""참외"", ""개구리"", ""사과"", ""청참외"", ""재료"", ""주재료"", ""참외"", ""일반"", ""노란"", ""참외"", ""기준"", ""부라타"", ""치즈"", ""홍새우"", ""마리"", ""생바질잎"", ""소스"", ""재료"", ""민트잎"", ""올리브유"", ""라임"", ""라임즙"", ""소금"", ""후추"", ""레시피"", ""홍새우는"", ""끓는"", ""물에"", ""데친"", ""얼음물에"", ""식혔다가"", ""껍질을"", ""까서"", ""준비한다"", ""참외는"", ""씨를"", ""파내고"", ""다양한"", ""모양으로"", ""보트"", ""모양"", ""깍둑"", ""썰기"", ""접시에"", ""놓는다"", ""부라타"", ""치즈"", ""홍새우"", ""바질잎을"", ""올린다"", ""민트잎을"", ""잘게"", ""썰고"", ""라임즙을"", ""후추를"", ""제외한"", ""소스"", ""재료를"", ""샐러드에"", ""고루"", ""뿌린다"", ""후추는"", ""마지막에"", ""뿌려"", ""마무리"", ""한다"", ""사진에"", ""것들"", ""땅콩"", ""호박"", ""수프"", ""구스베리"", ""찬우물농장"", ""찰옥수수"", ""지금도""]"
https://www.instagram.com/p/DF4dXf3yexT/,"맨날 내 고구마 탐내는 무서운넘..우리집 금기어 ’고구마’말하면 바로 어디서 다다다닥 뛰오는 소리 들림.가끔 대화속에 ‘고구마’ 어쩌구하구 녹여보는데그것도 알아차려 기가막힘. 아이구 똑똑해 천재견아세상에이런일이 나가자 그러는데 그냥 내새끼어서똑똑한걸로 할게요🤪샐러드, 야채 밀프랩 해놓고 남은건 다 때려느 비빔 막국수 마지막 치팅한거야이번주 다여트도 레디 땅..#샐러드 #밀프랩 #천재견 #그냥도치맘",샐러드;밀프랩;천재견;그냥도치맘,맨날 내 고구마 탐내는 무서운넘 우리집 금기어 고구마 말하면 바로 어디서 다다다닥 뛰오는 소리 들림 가끔 대화속에 고구마 어쩌구하구 녹여보는데그것도 알아차려 기가막힘 아이구 똑똑해 천재견아세상에이런일이 나가자 그러는데 그냥 내새끼어서똑똑한걸로 할게요 샐러드 야채 밀프랩 해놓고 남은건 다 때려느 비빔 막국수 마지막 치팅한거야이번주 다여트도 레디 땅 #샐러드 #밀프랩 #천재견 #그냥도치맘,"[""맨날"", ""고구마"", ""탐내는"", ""무서운넘"", ""우리집"", ""금기어"", ""고구마"", ""말하면"", ""어디서"", ""다다다닥"", ""뛰오는"", ""소리"", ""들림"", ""가끔"", ""대화속에"", ""고구마"", ""어쩌구하구"", ""녹여보는데그것도"", ""알아차려"", ""기가막힘"", ""아이구"", ""똑똑해"", ""천재견아세상에이런일이"", ""나가자"", ""그러는데"", ""내새끼어서똑똑한걸로"", ""할게요"", ""샐러드"", ""야채"", ""밀프랩"", ""해놓고"", ""남은건"", ""때려느"", ""비빔"", ""막국수"", ""마지막"", ""치팅한거야이번주"", ""다여트도"", ""레디""]","[""샐러드"", ""밀프랩"", ""천재견"", ""그냥도치맘""]","[""맨날"", ""고구마"", ""탐내는"", ""무서운넘"", ""우리집"", ""금기어"", ""고구마"", ""말하면"", ""어디서"", ""다다다닥"", ""뛰오는"", ""소리"", ""들림"", ""가끔"", ""대화속에"", ""고구마"", ""어쩌구하구"", ""녹여보는데그것도"", ""알아차려"", ""기가막힘"", ""아이구"", ""똑똑해"", ""천재견아세상에이런일이"", ""나가자"", ""그러는데"", ""내새끼어서똑똑한걸로"", ""할게요"", ""샐러드"", ""야채"", ""밀프랩"", ""해놓고"", ""남은건"", ""때려느"", ""비빔"", ""막국수"", ""마지막"", ""치팅한거야이번주"", ""다여트도"", ""레디"", ""샐러드"", ""밀프랩"", ""천재견"", ""그냥도치맘""]"
https://www.instagram.com/p/DQIi8ZWk7iD/,굿모닝입니당🙆🏻어쩐지 오늘은 날씨가 덜 추운것 같은건 기분탓일까용~?🤔목요일 하루도 빠이팅입니당 :) 커피와 디저트가 땡기실 땐 데이원에 놀러오세용❤️#서산카페 #예천동카페 #데이원 #day1 #서산푸딩 #서산카이막 #서산디저트 #햄치즈파니니 #토스트 #치아바타샌드위치 #샐러드 #가을시즌메뉴🍁 #무화과카이막 #무화과바나나주스 #딸기바나나주스 #이벤트진행중❤️,서산카페;예천동카페;데이원;day1;서산푸딩;서산카이막;서산디저트;햄치즈파니니;토스트;치아바타샌드위치;샐러드;가을시즌메뉴🍁;무화과카이막;무화과바나나주스;딸기바나나주스;이벤트진행중❤️,굿모닝입니당 어쩐지 오늘은 날씨가 덜 추운것 같은건 기분탓일까용 목요일 하루도 빠이팅입니당 커피와 디저트가 땡기실 땐 데이원에 놀러오세용 #서산카페 #예천동카페 #데이원 # #서산푸딩 #서산카이막 #서산디저트 #햄치즈파니니 #토스트 #치아바타샌드위치 #샐러드 #가을시즌메뉴 #무화과카이막 #무화과바나나주스 #딸기바나나주스 #이벤트진행중,"[""굿모닝입니당"", ""어쩐지"", ""날씨가"", ""추운것"", ""같은건"", ""기분탓일까용"", ""목요일"", ""하루도"", ""빠이팅입니당"", ""커피와"", ""디저트가"", ""땡기실"", ""데이원에"", ""놀러오세용""]","[""서산카페"", ""예천동카페"", ""데이원"", ""서산푸딩"", ""서산카이막"", ""서산디저트"", ""햄치즈파니니"", ""토스트"", ""치아바타샌드위치"", ""샐러드"", ""가을시즌메뉴"", ""무화과카이막"", ""무화과바나나주스"", ""딸기바나나주스"", ""이벤트진행중""]","[""굿모닝입니당"", ""어쩐지"", ""날씨가"", ""추운것"", ""같은건"", ""기분탓일까용"", ""목요일"", ""하루도"", ""빠이팅입니당"", ""커피와"", ""디저트가"", ""땡기실"", ""데이원에"", ""놀러오세용"", ""서산카페"", ""예천동카페"", ""데이원"", ""서산푸딩"", ""서산카이막"", ""서산디저트"", ""햄치즈파니니"", ""토스트"", ""치아바타샌드위치"", ""샐러드"", ""가을시즌메뉴"", ""무화과카이막"", ""무화과바나나주스"", ""딸기바나나주스"", ""이벤트진행중""]"
https://www.instagram.com/p/DQA2Nh3gAqo/,#샐러디안양대점 #샐러드 #안양어반포레자연앤e편한세상,샐러디안양대점;샐러드;안양어반포레자연앤e편한세상,#샐러디안양대점 #샐러드 #안양어반포레자연앤 편한세상,"[""편한세상""]","[""샐러디안양대점"", ""샐러드"", ""안양어반포레자연앤"", ""편한세상""]","[""편한세상"", ""샐러디안양대점"", ""샐러드"", ""안양어반포레자연앤"", ""편한세상""]"
https://www.instagram.com/p/DQIp4D2gSsy/,촌스마마 오픈했습니다~~~^^.오늘 날씨 넘 좋아요샌드위치 샐러드와 함께동화정원 피크닉 어떠세요!!!넘 좋을것같은~~~^^..#촌스마마_화_수_목_금_낮12시오픈입니다#촌스마마 #핸드메이드 #많이달지않은마카롱 #쫀득한마카롱#좋은재료와정성은진리다 #마카롱 #샐러드 #샌드위치 #마카롱맛집 #샌드위치맛집 #샐러드맛집 #곡성 #남원 #순천 #광주 #곡성뚝방마켓 #곡성마카,촌스마마_화_수_목_금_낮12시오픈입니다;촌스마마;핸드메이드;많이달지않은마카롱;쫀득한마카롱;좋은재료와정성은진리다;마카롱;샐러드;샌드위치;마카롱맛집;샌드위치맛집;샐러드맛집;곡성;남원;순천;광주;곡성뚝방마켓;곡성마카,촌스마마 오픈했습니다 오늘 날씨 넘 좋아요샌드위치 샐러드와 함께동화정원 피크닉 어떠세요 넘 좋을것같은 #촌스마마 화 수 목 금 낮 시오픈입니다#촌스마마 #핸드메이드 #많이달지않은마카롱 #쫀득한마카롱#좋은재료와정성은진리다 #마카롱 #샐러드 #샌드위치 #마카롱맛집 #샌드위치맛집 #샐러드맛집 #곡성 #남원 #순천 #광주 #곡성뚝방마켓 #곡성마카,"[""촌스마마"", ""오픈했습니다"", ""날씨"", ""좋아요샌드위치"", ""샐러드와"", ""함께동화정원"", ""피크닉"", ""어떠세요"", ""좋을것같은""]","[""촌스마마"", ""촌스마마"", ""핸드메이드"", ""많이달지않은마카롱"", ""쫀득한마카롱"", ""좋은재료와정성은진리다"", ""마카롱"", ""샐러드"", ""샌드위치"", ""마카롱맛집"", ""샌드위치맛집"", ""샐러드맛집"", ""곡성"", ""남원"", ""순천"", ""광주"", ""곡성마카""]","[""촌스마마"", ""오픈했습니다"", ""날씨"", ""좋아요샌드위치"", ""샐러드와"", ""함께동화정원"", ""피크닉"", ""어떠세요"", ""좋을것같은"", ""촌스마마"", ""촌스마마"", ""핸드메이드"", ""많이달지않은마카롱"", ""쫀득한마카롱"", ""좋은재료와정성은진리다"", ""마카롱"", ""샐러드"", ""샌드위치"", ""마카롱맛집"", ""샌드위치맛집"", ""샐러드맛집"", ""곡성"", ""남원"", ""순천"", ""광주"", ""곡성마카""]"
https://www.instagram.com/p/DQIRGqkk1Tc/,".오늘 아침은 어찌 하다보니 반찬이 많아졌어요.나물 좋아하는 아드님 밥 비벼주려고 #시래기국 끓이다가 곁들일 반찬으로 #어묵볶음 을 만들었는데, 와이프님이 #샐러드 도 하고, 어제 남은 #마라건두부볶음 도 내놓고, 참치도 꺼내놨네요.장거리 출근하다보니 목요일이 너무 힘든데, 먹고 힘내야겠어요.#파주아빠 #아들바보 #집밥기록 #아침메뉴 #시래기최고",시래기국;어묵볶음;샐러드;마라건두부볶음;파주아빠;아들바보;집밥기록;아침메뉴;시래기최고,오늘 아침은 어찌 하다보니 반찬이 많아졌어요 나물 좋아하는 아드님 밥 비벼주려고 #시래기국 끓이다가 곁들일 반찬으로 #어묵볶음 을 만들었는데 와이프님이 #샐러드 도 하고 어제 남은 #마라건두부볶음 도 내놓고 참치도 꺼내놨네요 장거리 출근하다보니 목요일이 너무 힘든데 먹고 힘내야겠어요 #파주아빠 #아들바보 #집밥기록 #아침메뉴 #시래기최고,"[""아침은"", ""어찌"", ""하다보니"", ""반찬이"", ""많아졌어요"", ""나물"", ""좋아하는"", ""아드님"", ""비벼주려고"", ""끓이다가"", ""곁들일"", ""반찬으로"", ""와이프님이"", ""내놓고"", ""참치도"", ""꺼내놨네요"", ""장거리"", ""출근하다보니"", ""목요일이"", ""힘든데"", ""힘내야겠어요""]","[""시래기국"", ""어묵볶음"", ""샐러드"", ""마라건두부볶음"", ""파주아빠"", ""아들바보"", ""집밥기록"", ""아침메뉴"", ""시래기최고""]","[""아침은"", ""어찌"", ""하다보니"", ""반찬이"", ""많아졌어요"", ""나물"", ""좋아하는"", ""아드님"", ""비벼주려고"", ""끓이다가"", ""곁들일"", ""반찬으로"", ""와이프님이"", ""내놓고"", ""참치도"", ""꺼내놨네요"", ""장거리"", ""출근하다보니"", ""목요일이"", ""힘든데"", ""힘내야겠어요"", ""시래기국"", ""어묵볶음"", ""샐러드"", ""마라건두부볶음"", ""파주아빠"", ""아들바보"", ""집밥기록"", ""아침메뉴"", ""시래기최고""]"
https://www.instagram.com/p/DQIk5_pkrNx/,#오늘의메뉴 #고추찜닭 #수제탕수육 #잡채#수육아채무침 #미니우동 #샐러드 #유부초밥 ##과일,오늘의메뉴;고추찜닭;수제탕수육;잡채;수육아채무침;미니우동;샐러드;유부초밥;과일,#오늘의메뉴 #고추찜닭 #수제탕수육 #잡채#수육아채무침 #미니우동 #샐러드 #유부초밥 ##과일,[],"[""오늘의메뉴"", ""고추찜닭"", ""수제탕수육"", ""잡채"", ""수육아채무침"", ""미니우동"", ""샐러드"", ""유부초밥"", ""과일""]","[""오늘의메뉴"", ""고추찜닭"", ""수제탕수육"", ""잡채"", ""수육아채무침"", ""미니우동"", ""샐러드"", ""유부초밥"", ""과일""]"
https://www.instagram.com/p/DQHB9p-kaGZ/,"[오늘의 메뉴]✔️부대찌개set(육수,햄,치즈,라면,야채)✔️국내산연근조림✔️애호박느타리버섯볶음✔️무말랭이고춧잎무침🥗미니와플 브런치 샐러드 & 오리엔탈 드레싱🥗☑️깔끔하고 다양한 메뉴가 집앞까지 배달되는 ,☑️합리적인 가격으로 훌륭한 음식과 서비스가 제공되는 ,☑️정갈한찬 인천서구점 이용안내는 👇🏻👇🏻👇🏻👇🏻👇🏻💛정갈한찬 인천서구점 홈페이지에서 주문 및 이용안내 확인 가능합니다💛프로필링크 & 네이버에 정갈한찬 인천서구점 검색💛[문의]💛카톡ID : chan7394📞 :010-8362-7394#부대찌개set(육수,햄,치즈,라면,야채)#국내산연근조림#애호박느타리볶음#무말랭이고춧잎무침#미니와플브런치샐러드&오리엔탈드레싱#인천서구#청라#김포#김포반찬#구래동반찬#구래동반찬배달#운양동반찬#운양동반찬배달#마산동반찬#마산동반찬배달#송도반찬#송도반찬배달#송도반찬맛집#검단신도시#장기동반찬#장기동반찬배달#당일배송#당일조리#정갈한찬인천서구점#샐러드#오늘메뉴#가정식반찬#집밥",부대찌개set;국내산연근조림;애호박느타리볶음;무말랭이고춧잎무침;미니와플브런치샐러드;인천서구;청라;김포;김포반찬;구래동반찬;구래동반찬배달;운양동반찬;운양동반찬배달;마산동반찬;마산동반찬배달;송도반찬;송도반찬배달;송도반찬맛집;검단신도시;장기동반찬;장기동반찬배달;당일배송;당일조리;정갈한찬인천서구점;샐러드;오늘메뉴;가정식반찬;집밥,오늘의 메뉴 부대찌개 육수 햄 치즈 라면 야채 국내산연근조림 애호박느타리버섯볶음 무말랭이고춧잎무침 미니와플 브런치 샐러드 오리엔탈 드레싱 깔끔하고 다양한 메뉴가 집앞까지 배달되는 합리적인 가격으로 훌륭한 음식과 서비스가 제공되는 정갈한찬 인천서구점 이용안내는 정갈한찬 인천서구점 홈페이지에서 주문 및 이용안내 확인 가능합니다 프로필링크 네이버에 정갈한찬 인천서구점 검색 문의 카톡 #부대찌개 육수 햄 치즈 라면 야채 #국내산연근조림#애호박느타리볶음#무말랭이고춧잎무침#미니와플브런치샐러드 오리엔탈드레싱#인천서구#청라#김포#김포반찬#구래동반찬#구래동반찬배달#운양동반찬#운양동반찬배달#마산동반찬#마산동반찬배달#송도반찬#송도반찬배달#송도반찬맛집#검단신도시#장기동반찬#장기동반찬배달#당일배송#당일조리#정갈한찬인천서구점#샐러드#오늘메뉴#가정식반찬#집밥,"[""부대찌개"", ""육수"", ""치즈"", ""라면"", ""야채"", ""국내산연근조림"", ""애호박느타리버섯볶음"", ""무말랭이고춧잎무침"", ""미니와플"", ""브런치"", ""샐러드"", ""오리엔탈"", ""드레싱"", ""깔끔하고"", ""다양한"", ""집앞까지"", ""배달되는"", ""합리적인"", ""가격으로"", ""훌륭한"", ""음식과"", ""제공되는"", ""정갈한찬"", ""인천서구점"", ""이용안내는"", ""정갈한찬"", ""인천서구점"", ""홈페이지에서"", ""주문"", ""이용안내"", ""확인"", ""프로필링크"", ""네이버에"", ""정갈한찬"", ""인천서구점"", ""검색"", ""카톡"", ""육수"", ""치즈"", ""라면"", ""야채"", ""오리엔탈드레싱""]","[""부대찌개"", ""국내산연근조림"", ""애호박느타리볶음"", ""무말랭이고춧잎무침"", ""미니와플브런치샐러드"", ""인천서구"", ""청라"", ""김포"", ""김포반찬"", ""구래동반찬"", ""구래동반찬배달"", ""운양동반찬"", ""운양동반찬배달"", ""마산동반찬"", ""마산동반찬배달"", ""송도반찬"", ""송도반찬배달"", ""송도반찬맛집"", ""검단신도시"", ""장기동반찬"", ""장기동반찬배달"", ""당일배송"", ""당일조리"", ""정갈한찬인천서구점"", ""샐러드"", ""오늘메뉴"", ""가정식반찬"", ""집밥""]","[""부대찌개"", ""육수"", ""치즈"", ""라면"", ""야채"", ""국내산연근조림"", ""애호박느타리버섯볶음"", ""무말랭이고춧잎무침"", ""미니와플"", ""브런치"", ""샐러드"", ""오리엔탈"", ""드레싱"", ""깔끔하고"", ""다양한"", ""집앞까지"", ""배달되는"", ""합리적인"", ""가격으로"", ""훌륭한"", ""음식과"", ""제공되는"", ""정갈한찬"", ""인천서구점"", ""이용안내는"", ""정갈한찬"", ""인천서구점"", ""홈페이지에서"", ""주문"", ""이용안내"", ""확인"", ""프로필링크"", ""네이버에"", ""정갈한찬"", ""인천서구점"", ""검색"", ""카톡"", ""육수"", ""치즈"", ""라면"", ""야채"", ""오리엔탈드레싱"", ""부대찌개"", ""국내산연근조림"", ""애호박느타리볶음"", ""무말랭이고춧잎무침"", ""미니와플브런치샐러드"", ""인천서구"", ""청라"", ""김포"", ""김포반찬"", ""구래동반찬"", ""구래동반찬배달"", ""운양동반찬"", ""운양동반찬배달"", ""마산동반찬"", ""마산동반찬배달"", ""송도반찬"", ""송도반찬배달"", ""송도반찬맛집"", ""검단신도시"", ""장기동반찬"", ""장기동반찬배달"", ""당일배송"", ""당일조리"", ""정갈한찬인천서구점"", ""샐러드"", ""오늘메뉴"", ""가정식반찬"", ""집밥""]"
https://www.instagram.com/p/DQJU9roExUo/,#다이어트식단 #자취생집밥 #현미밥 #두부계란찜 #깻잎 #오이고추 #양파피클 #샐러드 #배추숙주찜 #오늘점심 #오늘간식 #오늘저녁 #식단일기,다이어트식단;자취생집밥;현미밥;두부계란찜;깻잎;오이고추;양파피클;샐러드;배추숙주찜;오늘점심;오늘간식;오늘저녁;식단일기,#다이어트식단 #자취생집밥 #현미밥 #두부계란찜 #깻잎 #오이고추 #양파피클 #샐러드 #배추숙주찜 #오늘점심 #오늘간식 #오늘저녁 #식단일기,[],"[""다이어트식단"", ""자취생집밥"", ""현미밥"", ""두부계란찜"", ""깻잎"", ""오이고추"", ""양파피클"", ""샐러드"", ""배추숙주찜"", ""오늘점심"", ""오늘간식"", ""오늘저녁"", ""식단일기""]","[""다이어트식단"", ""자취생집밥"", ""현미밥"", ""두부계란찜"", ""깻잎"", ""오이고추"", ""양파피클"", ""샐러드"", ""배추숙주찜"", ""오늘점심"", ""오늘간식"", ""오늘저녁"", ""식단일기""]"
https://www.instagram.com/p/DQGDHnXk-pv/,오늘따라 더 이쁘게 포장된거 같은 느낌!!!#래채베이커리 #샌드위치 #샐러드 #햄치즈에그샌드위치 #머쉬룸바질치아바타샌드위치 #본레스하바티샌드위치 #그릭샐러드 #콥샐러드 #닭가슴살크랜베리샌드위치 #떡갈비당근라페샌드위치,래채베이커리;샌드위치;샐러드;햄치즈에그샌드위치;머쉬룸바질치아바타샌드위치;본레스하바티샌드위치;그릭샐러드;콥샐러드;닭가슴살크랜베리샌드위치;떡갈비당근라페샌드위치,오늘따라 더 이쁘게 포장된거 같은 느낌 #래채베이커리 #샌드위치 #샐러드 #햄치즈에그샌드위치 #머쉬룸바질치아바타샌드위치 #본레스하바티샌드위치 #그릭샐러드 #콥샐러드 #닭가슴살크랜베리샌드위치 #떡갈비당근라페샌드위치,"[""오늘따라"", ""이쁘게"", ""포장된거"", ""느낌""]","[""래채베이커리"", ""샌드위치"", ""샐러드"", ""햄치즈에그샌드위치"", ""머쉬룸바질치아바타샌드위치"", ""본레스하바티샌드위치"", ""그릭샐러드"", ""콥샐러드"", ""닭가슴살크랜베리샌드위치"", ""떡갈비당근라페샌드위치""]","[""오늘따라"", ""이쁘게"", ""포장된거"", ""느낌"", ""래채베이커리"", ""샌드위치"", ""샐러드"", ""햄치즈에그샌드위치"", ""머쉬룸바질치아바타샌드위치"", ""본레스하바티샌드위치"", ""그릭샐러드"", ""콥샐러드"", ""닭가슴살크랜베리샌드위치"", ""떡갈비당근라페샌드위치""]"
https://www.instagram.com/p/DQJFffrEkvJ/c/18073164308227017/,"투움바 파스타는 페투치니 면으로🍝🥗애들한테 주문받고 후다닥 해줌,,🩷🩷새우는 탱글탱글하게 마지막에🦐생크림 넣어서 촉촉 꾸떡🥢🤍🤍🧈🧂냉털해서 채소도 싹 볶아...반찬도 싹!!!샐러드랑 참나물무침에 오이무침까지 꿀 조합✨전날_ 굽네치킨에 짜슐랭까지💛생각 해보니 추성훈 광고하는 메뉴들만 먹었네... 거의 추성훈의 날 💪 추성훈 먹방 박살내기👊🙃🥰언제 먹었더라, 오모리 김치찌개 컵라면ㅎㅎ 짱맛!!!꼭 먹어 보세유.. 면은 못 참아유😋💗💗🥹.......#투움바파스타#페투치니#홈파스타 #굽네치킨#짜슐랭#추성훈의날#오모리라면#오모리컵라면#꼭드세요#면은못참지#냉털요리#집밥스타그램#추성훈먹방#굽네장각구이#투움바파스타만들기#생크림넣고파스타#파스타먹는날#홈쿡#홈메이드#샐러드#먹방스타그램#베이글중독#신랑표라떼#중독성#오운완#오랜만에운동#딸셋맘이다그램#서자매네일상ᰔᰔᰔ#일상기록",투움바파스타;페투치니;홈파스타;굽네치킨;짜슐랭;추성훈의날;오모리라면;오모리컵라면;꼭드세요;면은못참지;냉털요리;집밥스타그램;추성훈먹방;굽네장각구이;투움바파스타만들기;생크림넣고파스타;파스타먹는날;홈쿡;홈메이드;샐러드;먹방스타그램;베이글중독;신랑표라떼;중독성;오운완;오랜만에운동;딸셋맘이다그램;서자매네일상;일상기록,투움바 파스타는 페투치니 면으로 애들한테 주문받고 후다닥 해줌 새우는 탱글탱글하게 마지막에 생크림 넣어서 촉촉 꾸떡 냉털해서 채소도 싹 볶아 반찬도 싹 샐러드랑 참나물무침에 오이무침까지 꿀 조합 전날 굽네치킨에 짜슐랭까지 생각 해보니 추성훈 광고하는 메뉴들만 먹었네 거의 추성훈의 날 추성훈 먹방 박살내기 언제 먹었더라 오모리 김치찌개 컵라면ㅎㅎ 짱맛 꼭 먹어 보세유 면은 못 참아유 #투움바파스타#페투치니#홈파스타 #굽네치킨#짜슐랭#추성훈의날#오모리라면#오모리컵라면#꼭드세요#면은못참지#냉털요리#집밥스타그램#추성훈먹방#굽네장각구이#투움바파스타만들기#생크림넣고파스타#파스타먹는날#홈쿡#홈메이드#샐러드#먹방스타그램#베이글중독#신랑표라떼#중독성#오운완#오랜만에운동#딸셋맘이다그램#서자매네일상 #일상기록,"[""투움바"", ""파스타는"", ""페투치니"", ""면으로"", ""애들한테"", ""주문받고"", ""후다닥"", ""해줌"", ""새우는"", ""탱글탱글하게"", ""마지막에"", ""생크림"", ""넣어서"", ""촉촉"", ""꾸떡"", ""냉털해서"", ""채소도"", ""볶아"", ""반찬도"", ""샐러드랑"", ""참나물무침에"", ""오이무침까지"", ""전날"", ""굽네치킨에"", ""짜슐랭까지"", ""생각"", ""해보니"", ""추성훈"", ""광고하는"", ""메뉴들만"", ""먹었네"", ""추성훈의"", ""추성훈"", ""먹방"", ""박살내기"", ""언제"", ""먹었더라"", ""오모리"", ""김치찌개"", ""컵라면ㅎㅎ"", ""짱맛"", ""먹어"", ""보세유"", ""면은"", ""참아유""]","[""투움바파스타"", ""페투치니"", ""홈파스타"", ""굽네치킨"", ""짜슐랭"", ""추성훈의날"", ""오모리라면"", ""오모리컵라면"", ""꼭드세요"", ""면은못참지"", ""냉털요리"", ""집밥스타그램"", ""추성훈먹방"", ""굽네장각구이"", ""투움바파스타만들기"", ""생크림넣고파스타"", ""파스타먹는날"", ""홈쿡"", ""홈메이드"", ""샐러드"", ""먹방스타그램"", ""베이글중독"", ""신랑표라떼"", ""중독성"", ""오운완"", ""오랜만에운동"", ""딸셋맘이다그램"", ""서자매네일상"", ""일상기록""]","[""투움바"", ""파스타는"", ""페투치니"", ""면으로"", ""애들한테"", ""주문받고"", ""후다닥"", ""해줌"", ""새우는"", ""탱글탱글하게"", ""마지막에"", ""생크림"", ""넣어서"", ""촉촉"", ""꾸떡"", ""냉털해서"", ""채소도"", ""볶아"", ""반찬도"", ""샐러드랑"", ""참나물무침에"", ""오이무침까지"", ""전날"", ""굽네치킨에"", ""짜슐랭까지"", ""생각"", ""해보니"", ""추성훈"", ""광고하는"", ""메뉴들만"", ""먹었네"", ""추성훈의"", ""추성훈"", ""먹방"", ""박살내기"", ""언제"", ""먹었더라"", ""오모리"", ""김치찌개"", ""컵라면ㅎㅎ"", ""짱맛"", ""먹어"", ""보세유"", ""면은"", ""참아유"", ""투움바파스타"", ""페투치니"", ""홈파스타"", ""굽네치킨"", ""짜슐랭"", ""추성훈의날"", ""오모리라면"", ""오모리컵라면"", ""꼭드세요"", ""면은못참지"", ""냉털요리"", ""집밥스타그램"", ""추성훈먹방"", ""굽네장각구이"", ""투움바파스타만들기"", ""생크림넣고파스타"", ""파스타먹는날"", ""홈쿡"", ""홈메이드"", ""샐러드"", ""먹방스타그램"", ""베이글중독"", ""신랑표라떼"", ""중독성"", ""오운완"", ""오랜만에운동"", ""딸셋맘이다그램"", ""서자매네일상"", ""일상기록""]"
https://www.instagram.com/p/DQCKexJk9Pf/c/18414517705113980/,간장돼지불고기 &샐러드 한상 #오나의집밥#맛있는한끼#간장돼지불고기#샐러드#루이보스티❤️오늘의 메뉴는 간장돼지불고기 &샐러드 한상 이에요 *간장돼지불고기는돼지고기 앞다리살로 준비해요 후라이펜에 아보카도오일 두르고 돼지고기 먼저 볶다가 소스(진간장 맛술 후추 다진마늘 다진생강 참치액젓 멸치액젓 참기름 통깨)넣고 볶아주다가 대파넣고  물기  없이 바싹 볶아주면 완성이에요 접시에 담은후 통깨 뿌려주세요 *샐러드는 양배추 오이 사과 귤 접시에 담은후 마요네즈 올리브오일 화이트발사믹 글레이즈 뿌려주면 완성이에요 밑반찬과 따뜻한 루이보스티 준비해서 저녁 맛있게 먹었어요 ☘️ 오늘도 집밥은 사랑 💕 💗 💖 입니다,오나의집밥;맛있는한끼;간장돼지불고기;샐러드;루이보스티,간장돼지불고기 샐러드 한상 #오나의집밥#맛있는한끼#간장돼지불고기#샐러드#루이보스티 오늘의 메뉴는 간장돼지불고기 샐러드 한상 이에요 간장돼지불고기는돼지고기 앞다리살로 준비해요 후라이펜에 아보카도오일 두르고 돼지고기 먼저 볶다가 소스 진간장 맛술 후추 다진마늘 다진생강 참치액젓 멸치액젓 참기름 통깨 넣고 볶아주다가 대파넣고 물기 없이 바싹 볶아주면 완성이에요 접시에 담은후 통깨 뿌려주세요 샐러드는 양배추 오이 사과 귤 접시에 담은후 마요네즈 올리브오일 화이트발사믹 글레이즈 뿌려주면 완성이에요 밑반찬과 따뜻한 루이보스티 준비해서 저녁 맛있게 먹었어요 오늘도 집밥은 사랑 입니다,"[""간장돼지불고기"", ""샐러드"", ""한상"", ""간장돼지불고기"", ""샐러드"", ""한상"", ""이에요"", ""간장돼지불고기는돼지고기"", ""앞다리살로"", ""준비해요"", ""후라이펜에"", ""아보카도오일"", ""두르고"", ""돼지고기"", ""볶다가"", ""소스"", ""진간장"", ""맛술"", ""후추"", ""다진마늘"", ""다진생강"", ""참치액젓"", ""멸치액젓"", ""참기름"", ""통깨"", ""볶아주다가"", ""대파넣고"", ""물기"", ""바싹"", ""볶아주면"", ""완성이에요"", ""접시에"", ""담은후"", ""통깨"", ""뿌려주세요"", ""샐러드는"", ""양배추"", ""오이"", ""사과"", ""접시에"", ""담은후"", ""마요네즈"", ""올리브오일"", ""화이트발사믹"", ""글레이즈"", ""뿌려주면"", ""완성이에요"", ""밑반찬과"", ""따뜻한"", ""루이보스티"", ""준비해서"", ""저녁"", ""집밥은"", ""사랑""]","[""오나의집밥"", ""맛있는한끼"", ""간장돼지불고기"", ""샐러드"", ""루이보스티""]","[""간장돼지불고기"", ""샐러드"", ""한상"", ""간장돼지불고기"", ""샐러드"", ""한상"", ""이에요"", ""간장돼지불고기는돼지고기"", ""앞다리살로"", ""준비해요"", ""후라이펜에"", ""아보카도오일"", ""두르고"", ""돼지고기"", ""볶다가"", ""소스"", ""진간장"", ""맛술"", ""후추"", ""다진마늘"", ""다진생강"", ""참치액젓"", ""멸치액젓"", ""참기름"", ""통깨"", ""볶아주다가"", ""대파넣고"", ""물기"", ""바싹"", ""볶아주면"", ""완성이에요"", ""접시에"", ""담은후"", ""통깨"", ""뿌려주세요"", ""샐러드는"", ""양배추"", ""오이"", ""사과"", ""접시에"", ""담은후"", ""마요네즈"", ""올리브오일"", ""화이트발사믹"", ""글레이즈"", ""뿌려주면"", ""완성이에요"", ""밑반찬과"", ""따뜻한"", ""루이보스티"", ""준비해서"", ""저녁"", ""집밥은"", ""사랑"", ""오나의집밥"", ""맛있는한끼"", ""간장돼지불고기"", ""샐러드"", ""루이보스티""]"
https://www.instagram.com/p/DPqjV3_EhYM/,"#광고 조곰 있으면 또 한살 더먹는거 같은데 건강관리 해야겠다 싶고요요즘 들어 아삭아삭한 샐러드가 맛있기도 해서하루 한 끼는 샐러드로 챙겨먹고 있는데,직접 만들어 먹다보니 야채들 관리하는게 쉬운일이 아니더라구요 그래서 선택하게된 포켓샐러드 정기배송! 🥗깨끗하게 세척되어 손질된 채소는 진공포장으로 되어있어 아주 싱싱하고24가지의 다양한 종류로 기호에 맞게 선택해서 즐길 수 있어서 꾸준하게 드시는 분들에게 만족스러운 선택이 될 것 같아요 현재 홈페이지 신규 가입 시 첫 구매 버라이어티 4팩 19,900원, 첫 정기배송 30,000원 쿠폰팩 발급중이니 샐러드 좋아하시는분들 구경해보세요! ⠀⠀⠀@pocketsalad_official #포켓샐러드 #샐러드 #다이어트식단 #샐러드식단 #다이어터 #다이어트식단 #온더테이블 #온더플레이트 #집스타그램 #집꾸미기 #홈데코 #homestyling#apartmenttherapy #livingroomdecor #livingroomstyle #샐러드가필요할땐 #포켓샐러드 #홈카페 #하루한끼 #샐러드추천 #다이어트 #다이어트샐러드 #샐러드정기배송",광고;포켓샐러드;샐러드;다이어트식단;샐러드식단;다이어터;온더테이블;온더플레이트;집스타그램;집꾸미기;홈데코;homestyling;apartmenttherapy;livingroomdecor;livingroomstyle;샐러드가필요할땐;홈카페;하루한끼;샐러드추천;다이어트;다이어트샐러드;샐러드정기배송,#광고 조곰 있으면 또 한살 더먹는거 같은데 건강관리 해야겠다 싶고요요즘 들어 아삭아삭한 샐러드가 맛있기도 해서하루 한 끼는 샐러드로 챙겨먹고 있는데 직접 만들어 먹다보니 야채들 관리하는게 쉬운일이 아니더라구요 그래서 선택하게된 포켓샐러드 정기배송 깨끗하게 세척되어 손질된 채소는 진공포장으로 되어있어 아주 싱싱하고 가지의 다양한 종류로 기호에 맞게 선택해서 즐길 수 있어서 꾸준하게 드시는 분들에게 만족스러운 선택이 될 것 같아요 현재 홈페이지 신규 가입 시 첫 구매 버라이어티 팩 원 첫 정기배송 원 쿠폰팩 발급중이니 샐러드 좋아하시는분들 구경해보세요 #포켓샐러드 #샐러드 #다이어트식단 #샐러드식단 #다이어터 #다이어트식단 #온더테이블 #온더플레이트 #집스타그램 #집꾸미기 #홈데코 # # # # #샐러드가필요할땐 #포켓샐러드 #홈카페 #하루한끼 #샐러드추천 #다이어트 #다이어트샐러드 #샐러드정기배송,"[""조곰"", ""있으면"", ""한살"", ""더먹는거"", ""같은데"", ""건강관리"", ""해야겠다"", ""싶고요요즘"", ""들어"", ""아삭아삭한"", ""샐러드가"", ""맛있기도"", ""해서하루"", ""끼는"", ""샐러드로"", ""챙겨먹고"", ""있는데"", ""만들어"", ""먹다보니"", ""야채들"", ""관리하는게"", ""쉬운일이"", ""아니더라구요"", ""선택하게된"", ""포켓샐러드"", ""정기배송"", ""깨끗하게"", ""세척되어"", ""손질된"", ""채소는"", ""진공포장으로"", ""되어있어"", ""싱싱하고"", ""가지의"", ""다양한"", ""종류로"", ""기호에"", ""맞게"", ""선택해서"", ""꾸준하게"", ""드시는"", ""분들에게"", ""만족스러운"", ""선택이"", ""현재"", ""홈페이지"", ""신규"", ""가입"", ""버라이어티"", ""정기배송"", ""쿠폰팩"", ""발급중이니"", ""샐러드"", ""좋아하시는분들"", ""구경해보세요""]","[""광고"", ""포켓샐러드"", ""샐러드"", ""다이어트식단"", ""샐러드식단"", ""다이어터"", ""온더테이블"", ""온더플레이트"", ""집스타그램"", ""집꾸미기"", ""홈데코"", ""샐러드가필요할땐"", ""홈카페"", ""하루한끼"", ""샐러드추천"", ""다이어트"", ""다이어트샐러드"", ""샐러드정기배송""]","[""조곰"", ""있으면"", ""한살"", ""더먹는거"", ""같은데"", ""건강관리"", ""해야겠다"", ""싶고요요즘"", ""들어"", ""아삭아삭한"", ""샐러드가"", ""맛있기도"", ""해서하루"", ""끼는"", ""샐러드로"", ""챙겨먹고"", ""있는데"", ""만들어"", ""먹다보니"", ""야채들"", ""관리하는게"", ""쉬운일이"", ""아니더라구요"", ""선택하게된"", ""포켓샐러드"", ""정기배송"", ""깨끗하게"", ""세척되어"", ""손질된"", ""채소는"", ""진공포장으로"", ""되어있어"", ""싱싱하고"", ""가지의"", ""다양한"", ""종류로"", ""기호에"", ""맞게"", ""선택해서"", ""꾸준하게"", ""드시는"", ""분들에게"", ""만족스러운"", ""선택이"", ""현재"", ""홈페이지"", ""신규"", ""가입"", ""버라이어티"", ""정기배송"", ""쿠폰팩"", ""발급중이니"", ""샐러드"", ""좋아하시는분들"", ""구경해보세요"", ""광고"", ""포켓샐러드"", ""샐러드"", ""다이어트식단"", ""샐러드식단"", ""다이어터"", ""온더테이블"", ""온더플레이트"", ""집스타그램"", ""집꾸미기"", ""홈데코"", ""샐러드가필요할땐"", ""홈카페"", ""하루한끼"", ""샐러드추천"", ""다이어트"", ""다이어트샐러드"", ""샐러드정기배송""]"
https://www.instagram.com/p/DP7wTpPE8xQ/c/18429578983099414/,"#협찬 #식단일기10월 18일 #야미쏘식단 💪닭가슴살 샐러드🐓🥗요즘엔 비가 정말 자주 오는것 같당다음주부턴 기온이 확 떨어지던데인친님들 감기 조심😷오늘 식단은 신선한 #샐러드 가 땡겨서#바르닭서포터즈 #바르닭즈 활동으로 받은#닭가슴살 을 넣어 샐러드를 만들어 먹었따우드접시에 샐러드 야채 듬뿍 담고오이, 적채, 올리브, 크래미 등을 올려주고#바르닭 #훈제닭가슴살 이랑 구운계란더해주면 맛있는 #닭가슴살샐러드 완성👍드레싱은 깔끔하게 오리엔탈을 뿌려서 먹었고가볍지만 든든한 #다이어트식단 이라 만족쓰!#바르닭훈제닭가슴살 은 100% 국내산 닭을참나무 훈연공법으로 더욱 부드럽고 촉촉하게즐길수 있고 고단백에 부담없는 칼로리라 강추😆오리지널, 허브&페퍼 두가지 맛으로취향에 따라 즐길수 있어서 굿굿~오늘도 건강하고 맛있는 한끼 클리어😎샐러드로 몸에 신선함을 가득충전한 느낌이라 좋당그나저나 이놈의 감기는도대체 언제 떨어지는지🤧덕분에 요번 주말도 집콕 당첨이다ㅋㅋ..#다이어트식단 #식단기록 #다이어트 #좋아요반사",협찬;식단일기10월;야미쏘식단;샐러드;바르닭서포터즈;바르닭즈;닭가슴살;바르닭;훈제닭가슴살;닭가슴살샐러드;다이어트식단;바르닭훈제닭가슴살;식단기록;다이어트;좋아요반사,#협찬 #식단일기 월 일 #야미쏘식단 닭가슴살 샐러드 요즘엔 비가 정말 자주 오는것 같당다음주부턴 기온이 확 떨어지던데인친님들 감기 조심 오늘 식단은 신선한 #샐러드 가 땡겨서#바르닭서포터즈 #바르닭즈 활동으로 받은#닭가슴살 을 넣어 샐러드를 만들어 먹었따우드접시에 샐러드 야채 듬뿍 담고오이 적채 올리브 크래미 등을 올려주고#바르닭 #훈제닭가슴살 이랑 구운계란더해주면 맛있는 #닭가슴살샐러드 완성 드레싱은 깔끔하게 오리엔탈을 뿌려서 먹었고가볍지만 든든한 #다이어트식단 이라 만족쓰 #바르닭훈제닭가슴살 은 국내산 닭을참나무 훈연공법으로 더욱 부드럽고 촉촉하게즐길수 있고 고단백에 부담없는 칼로리라 강추 오리지널 허브 페퍼 두가지 맛으로취향에 따라 즐길수 있어서 굿굿 오늘도 건강하고 맛있는 한끼 클리어 샐러드로 몸에 신선함을 가득충전한 느낌이라 좋당그나저나 이놈의 감기는도대체 언제 떨어지는지 덕분에 요번 주말도 집콕 당첨이다ㅋㅋ #다이어트식단 #식단기록 #다이어트 #좋아요반사,"[""닭가슴살"", ""샐러드"", ""요즘엔"", ""비가"", ""오는것"", ""같당다음주부턴"", ""기온이"", ""떨어지던데인친님들"", ""감기"", ""조심"", ""식단은"", ""신선한"", ""땡겨서"", ""활동으로"", ""받은"", ""샐러드를"", ""만들어"", ""먹었따우드접시에"", ""샐러드"", ""야채"", ""담고오이"", ""적채"", ""올리브"", ""크래미"", ""등을"", ""올려주고"", ""이랑"", ""구운계란더해주면"", ""완성"", ""드레싱은"", ""깔끔하게"", ""오리엔탈을"", ""뿌려서"", ""먹었고가볍지만"", ""든든한"", ""이라"", ""만족쓰"", ""국내산"", ""닭을참나무"", ""훈연공법으로"", ""부드럽고"", ""촉촉하게즐길수"", ""있고"", ""고단백에"", ""부담없는"", ""칼로리라"", ""강추"", ""오리지널"", ""허브"", ""페퍼"", ""두가지"", ""맛으로취향에"", ""즐길수"", ""굿굿"", ""건강하고"", ""한끼"", ""클리어"", ""샐러드로"", ""몸에"", ""신선함을"", ""가득충전한"", ""느낌이라"", ""좋당그나저나"", ""이놈의"", ""감기는도대체"", ""언제"", ""떨어지는지"", ""덕분에"", ""요번"", ""주말도"", ""집콕"", ""당첨이다ㅋㅋ""]","[""식단일기"", ""야미쏘식단"", ""샐러드"", ""바르닭서포터즈"", ""바르닭즈"", ""닭가슴살"", ""바르닭"", ""훈제닭가슴살"", ""닭가슴살샐러드"", ""다이어트식단"", ""바르닭훈제닭가슴살"", ""식단기록"", ""다이어트"", ""좋아요반사""]","[""닭가슴살"", ""샐러드"", ""요즘엔"", ""비가"", ""오는것"", ""같당다음주부턴"", ""기온이"", ""떨어지던데인친님들"", ""감기"", ""조심"", ""식단은"", ""신선한"", ""땡겨서"", ""활동으로"", ""받은"", ""샐러드를"", ""만들어"", ""먹었따우드접시에"", ""샐러드"", ""야채"", ""담고오이"", ""적채"", ""올리브"", ""크래미"", ""등을"", ""올려주고"", ""이랑"", ""구운계란더해주면"", ""완성"", ""드레싱은"", ""깔끔하게"", ""오리엔탈을"", ""뿌려서"", ""먹었고가볍지만"", ""든든한"", ""이라"", ""만족쓰"", ""국내산"", ""닭을참나무"", ""훈연공법으로"", ""부드럽고"", ""촉촉하게즐길수"", ""있고"", ""고단백에"", ""부담없는"", ""칼로리라"", ""강추"", ""오리지널"", ""허브"", ""페퍼"", ""두가지"", ""맛으로취향에"", ""즐길수"", ""굿굿"", ""건강하고"", ""한끼"", ""클리어"", ""샐러드로"", ""몸에"", ""신선함을"", ""가득충전한"", ""느낌이라"", ""좋당그나저나"", ""이놈의"", ""감기는도대체"", ""언제"", ""떨어지는지"", ""덕분에"", ""요번"", ""주말도"", ""집콕"", ""당첨이다ㅋㅋ"", ""식단일기"", ""야미쏘식단"", ""샐러드"", ""바르닭서포터즈"", ""바르닭즈"", ""닭가슴살"", ""바르닭"", ""훈제닭가슴살"", ""닭가슴살샐러드"", ""다이어트식단"", ""바르닭훈제닭가슴살"", ""식단기록"", ""다이어트"", ""좋아요반사""]"
https://www.instagram.com/p/DOcyD4UgTal/c/17971535402931235/,"💚무화과리코타치즈샐러드💚작년에 비해 올해 너무 잘 먹는당!!! 역시 한 번 먹어보면 두번째 먹는 건 쉽지:)얘드라 무화과랑 치즈만 골라가지마!! 다른 애들은 그럼 채소만 먹게되자나,,배려해서 한두개씩만 들고가기‼️#무화과 #리코타치즈 #샐러드 #급식 #급식스타그램 #영양교사 #학교급식 #고등급식 #단체급식 #교육급식 #중식 #점심 #경북 #경북급식",무화과;리코타치즈;샐러드;급식;급식스타그램;영양교사;학교급식;고등급식;단체급식;교육급식;중식;점심;경북;경북급식,무화과리코타치즈샐러드 작년에 비해 올해 너무 잘 먹는당 역시 한 번 먹어보면 두번째 먹는 건 쉽지 얘드라 무화과랑 치즈만 골라가지마 다른 애들은 그럼 채소만 먹게되자나 배려해서 한두개씩만 들고가기 #무화과 #리코타치즈 #샐러드 #급식 #급식스타그램 #영양교사 #학교급식 #고등급식 #단체급식 #교육급식 #중식 #점심 #경북 #경북급식,"[""무화과리코타치즈샐러드"", ""작년에"", ""비해"", ""올해"", ""먹는당"", ""먹어보면"", ""두번째"", ""쉽지"", ""얘드라"", ""무화과랑"", ""치즈만"", ""골라가지마"", ""애들은"", ""그럼"", ""채소만"", ""먹게되자나"", ""배려해서"", ""한두개씩만"", ""들고가기""]","[""무화과"", ""리코타치즈"", ""샐러드"", ""급식"", ""급식스타그램"", ""영양교사"", ""학교급식"", ""고등급식"", ""단체급식"", ""교육급식"", ""중식"", ""점심"", ""경북"", ""경북급식""]","[""무화과리코타치즈샐러드"", ""작년에"", ""비해"", ""올해"", ""먹는당"", ""먹어보면"", ""두번째"", ""쉽지"", ""얘드라"", ""무화과랑"", ""치즈만"", ""골라가지마"", ""애들은"", ""그럼"", ""채소만"", ""먹게되자나"", ""배려해서"", ""한두개씩만"", ""들고가기"", ""무화과"", ""리코타치즈"", ""샐러드"", ""급식"", ""급식스타그램"", ""영양교사"", ""학교급식"", ""고등급식"", ""단체급식"", ""교육급식"", ""중식"", ""점심"", ""경북"", ""경북급식""]"
https://www.instagram.com/p/DPvPn4fEXOc/c/18094229341745421/,업종 변경을 앞두고 가장 기본이 되는 샌드위치부터 정성껏 배우셨어요! 탄탄한 기초 위에 새로운 메뉴로 멋진 리뉴얼 이루시길 응원합니다🙂🙏🏻,,업종 변경을 앞두고 가장 기본이 되는 샌드위치부터 정성껏 배우셨어요 탄탄한 기초 위에 새로운 메뉴로 멋진 리뉴얼 이루시길 응원합니다,"[""업종"", ""변경을"", ""앞두고"", ""기본이"", ""샌드위치부터"", ""정성껏"", ""배우셨어요"", ""탄탄한"", ""기초"", ""멋진"", ""리뉴얼"", ""이루시길"", ""응원합니다""]","[""업종"", ""변경을"", ""앞두고"", ""기본이"", ""샌드위치부터"", ""정성껏"", ""배우셨어요"", ""탄탄한"", ""기초"", ""멋진"", ""리뉴얼"", ""이루시길"", ""응원합니다""]","[""업종"", ""변경을"", ""앞두고"", ""기본이"", ""샌드위치부터"", ""정성껏"", ""배우셨어요"", ""탄탄한"", ""기초"", ""멋진"", ""리뉴얼"", ""이루시길"", ""응원합니다"", ""업종"", ""변경을"", ""앞두고"", ""기본이"", ""샌드위치부터"", ""정성껏"", ""배우셨어요"", ""탄탄한"", ""기초"", ""멋진"", ""리뉴얼"", ""이루시길"", ""응원합니다""]"
https://www.instagram.com/p/DQHSugdAVht/c/18107675866603007/,✨오늘 저녁은 훈제 치킨 샐러드에요✨저녁이 늦어져서 급하게 치킨 굽고냉장고에 있던 팩 샐러드 꺼냈어요배고프고 피곤해🫠다들 저녁 맛있는거 드세요🙂,,오늘 저녁은 훈제 치킨 샐러드에요 저녁이 늦어져서 급하게 치킨 굽고냉장고에 있던 팩 샐러드 꺼냈어요배고프고 피곤해 다들 저녁 맛있는거 드세요,"[""저녁은"", ""훈제"", ""치킨"", ""샐러드에요"", ""저녁이"", ""늦어져서"", ""급하게"", ""치킨"", ""굽고냉장고에"", ""있던"", ""샐러드"", ""꺼냈어요배고프고"", ""피곤해"", ""저녁"", ""맛있는거""]","[""저녁은"", ""훈제"", ""치킨"", ""샐러드에요"", ""저녁이"", ""늦어져서"", ""급하게"", ""치킨"", ""굽고냉장고에"", ""있던"", ""샐러드"", ""꺼냈어요배고프고"", ""피곤해"", ""저녁"", ""맛있는거""]","[""저녁은"", ""훈제"", ""치킨"", ""샐러드에요"", ""저녁이"", ""늦어져서"", ""급하게"", ""치킨"", ""굽고냉장고에"", ""있던"", ""샐러드"", ""꺼냈어요배고프고"", ""피곤해"", ""저녁"", ""맛있는거"", ""저녁은"", ""훈제"", ""치킨"", ""샐러드에요"", ""저녁이"", ""늦어져서"", ""급하게"", ""치킨"", ""굽고냉장고에"", ""있던"", ""샐러드"", ""꺼냈어요배고프고"", ""피곤해"", ""저녁"", ""맛있는거""]"
https://www.instagram.com/p/DN785cuCTnd/,"회사 8월을 마감하니 새삼 9월이 가까워졌다는게 실감나는군용..😞9월은 바프와 바디챌린지의 막달과 동시에개강이슈까지 겹쳐버리기 ~ 빨간날도 없고 아주 끔찍한 한달이 될 것만 같은 이기분 🧐그나저나 요즘 식단을 많이 하니까 사진함이 아주 넘쳐나요 ꙳ʕㅇ̆̈ʔ ⁼³사진 정리 겸 최근 일주일의 냉털 식단 공개쓰..!닭은 빠지지 않는구만요. 탄수는 이것저것 먹어보려 하고 있어요.. 대신 빵은 입터질까봐 못 먹겠고 최대한 자제하면서,, 대리만족으로 아부지 도시락 싸드리는 중이에요(* ॑ᵕ ॑* )♡내일은 오랜만에 아가시절부터 쭉 함께한 친구들과 강릉을 가는데,조개구이만 뿌수고 오기로 한 사람🦪🐚비가 안와야할텐데 말이죠☔️ 이번 여행에서도 식단하고 오겠습니다..💪🏾...#식단 #바프 #바디프로필 #바프준비 #식단모음 #식단모음집 #식단추천 #다이어트 #다이어트식단 #다이어터 #샐러드 #닭밥야 #닭호야 #바르닭 #닭안심살 #닭가슴살 #새우 #탄단지 #건강식 #직장인도시락 #다이어트도시락 #다이어트메뉴 #salad #foodie #운동하는여자 #다이어트소통",식단;바프;바디프로필;바프준비;식단모음;식단모음집;식단추천;다이어트;다이어트식단;다이어터;샐러드;닭밥야;닭호야;바르닭;닭안심살;닭가슴살;새우;탄단지;건강식;직장인도시락;다이어트도시락;다이어트메뉴;salad;foodie;운동하는여자;다이어트소통,회사 월을 마감하니 새삼 월이 가까워졌다는게 실감나는군용 월은 바프와 바디챌린지의 막달과 동시에개강이슈까지 겹쳐버리기 빨간날도 없고 아주 끔찍한 한달이 될 것만 같은 이기분 그나저나 요즘 식단을 많이 하니까 사진함이 아주 넘쳐나요 ㅇ 사진 정리 겸 최근 일주일의 냉털 식단 공개쓰 닭은 빠지지 않는구만요 탄수는 이것저것 먹어보려 하고 있어요 대신 빵은 입터질까봐 못 먹겠고 최대한 자제하면서 대리만족으로 아부지 도시락 싸드리는 중이에요 내일은 오랜만에 아가시절부터 쭉 함께한 친구들과 강릉을 가는데 조개구이만 뿌수고 오기로 한 사람 비가 안와야할텐데 말이죠 이번 여행에서도 식단하고 오겠습니다 #식단 #바프 #바디프로필 #바프준비 #식단모음 #식단모음집 #식단추천 #다이어트 #다이어트식단 #다이어터 #샐러드 #닭밥야 #닭호야 #바르닭 #닭안심살 #닭가슴살 #새우 #탄단지 #건강식 #직장인도시락 #다이어트도시락 #다이어트메뉴 # # #운동하는여자 #다이어트소통,"[""회사"", ""월을"", ""마감하니"", ""새삼"", ""월이"", ""가까워졌다는게"", ""실감나는군용"", ""월은"", ""바프와"", ""바디챌린지의"", ""막달과"", ""동시에개강이슈까지"", ""겹쳐버리기"", ""빨간날도"", ""없고"", ""끔찍한"", ""한달이"", ""것만"", ""이기분"", ""그나저나"", ""식단을"", ""하니까"", ""사진함이"", ""넘쳐나요"", ""사진"", ""정리"", ""최근"", ""일주일의"", ""냉털"", ""식단"", ""공개쓰"", ""닭은"", ""빠지지"", ""않는구만요"", ""탄수는"", ""이것저것"", ""먹어보려"", ""대신"", ""빵은"", ""입터질까봐"", ""먹겠고"", ""자제하면서"", ""대리만족으로"", ""아부지"", ""도시락"", ""싸드리는"", ""중이에요"", ""내일은"", ""아가시절부터"", ""함께한"", ""친구들과"", ""강릉을"", ""가는데"", ""조개구이만"", ""뿌수고"", ""오기로"", ""비가"", ""안와야할텐데"", ""말이죠"", ""여행에서도"", ""식단하고"", ""오겠습니다""]","[""식단"", ""바프"", ""바디프로필"", ""바프준비"", ""식단모음"", ""식단모음집"", ""식단추천"", ""다이어트"", ""다이어트식단"", ""다이어터"", ""샐러드"", ""닭밥야"", ""닭호야"", ""바르닭"", ""닭안심살"", ""닭가슴살"", ""새우"", ""탄단지"", ""건강식"", ""직장인도시락"", ""다이어트도시락"", ""다이어트메뉴"", ""운동하는여자"", ""다이어트소통""]","[""회사"", ""월을"", ""마감하니"", ""새삼"", ""월이"", ""가까워졌다는게"", ""실감나는군용"", ""월은"", ""바프와"", ""바디챌린지의"", ""막달과"", ""동시에개강이슈까지"", ""겹쳐버리기"", ""빨간날도"", ""없고"", ""끔찍한"", ""한달이"", ""것만"", ""이기분"", ""그나저나"", ""식단을"", ""하니까"", ""사진함이"", ""넘쳐나요"", ""사진"", ""정리"", ""최근"", ""일주일의"", ""냉털"", ""식단"", ""공개쓰"", ""닭은"", ""빠지지"", ""않는구만요"", ""탄수는"", ""이것저것"", ""먹어보려"", ""대신"", ""빵은"", ""입터질까봐"", ""먹겠고"", ""자제하면서"", ""대리만족으로"", ""아부지"", ""도시락"", ""싸드리는"", ""중이에요"", ""내일은"", ""아가시절부터"", ""함께한"", ""친구들과"", ""강릉을"", ""가는데"", ""조개구이만"", ""뿌수고"", ""오기로"", ""비가"", ""안와야할텐데"", ""말이죠"", ""여행에서도"", ""식단하고"", ""오겠습니다"", ""식단"", ""바프"", ""바디프로필"", ""바프준비"", ""식단모음"", ""식단모음집"", ""식단추천"", ""다이어트"", ""다이어트식단"", ""다이어터"", ""샐러드"", ""닭밥야"", ""닭호야"", ""바르닭"", ""닭안심살"", ""닭가슴살"", ""새우"", ""탄단지"", ""건강식"", ""직장인도시락"", ""다이어트도시락"", ""다이어트메뉴"", ""운동하는여자"", ""다이어트소통""]"
https://www.instagram.com/p/DQBhSMQj9bg/,お疲れさまです😋🍻😋こんばんは🤗ちょうどいい気温になってきたけどこれ続いて欲しいわ🤭でも朝晩肌寒いから夜からお仕事の人は風邪ひかないようにインフルも流行ってるし手洗いうがいして体調に気をつけて下さいね(❤ˆ﹀ˆ*)人(*ˆ﹀ˆ❤)今日の  #おうち食堂 は ミックスフライ  #定食ハムカツ じゃがいもフライ チキンカツレタスキャベツ人参 トマト きゅうりの  #サラダいんげん人参大根の豚巻きたまご豆腐大根豆腐お揚げさんの  #味噌汁 鮭の混ぜご飯でした😋🍻😋今日も夜はゆっくりほっこり疲れとってね😋🍻😋 #おうちごはん  #夜ごはん  #晩ごはん  #てづくりごはん365 #料理  #手料理  #家庭料理  #yummy  #yummyfood  #料理好きな人と繋がりたい  #miso  #soup  #salad  #japanesefood  #밥 #맛있는 #요리 #샐러드,yummy;yummyfood;miso;soup;salad;japanesefood;밥;맛있는;요리;샐러드,# # # # # # # # # # # # # # # # # # #밥 #맛있는 #요리 #샐러드,[],"[""요리"", ""샐러드""]","[""요리"", ""샐러드""]"
https://www.instagram.com/p/DPXm3bJDwd2/c/17968502234956155/,".아침.남편님도 나도 아무 약속없는 날이 얼마만인지.진짜 늘어지게 잤다.아침은 일어나 호제가 @hoze_ga 등심 한덩이 굽고,어제 오랜만에 마미핸즈 @mommy_hands_baking_atelier 쌤 뵙고~~들여온 토마토바게뜨를 데워 아침.드레싱은 마늘 7알 굵게 다져 올리브오일 2T 두르고 작은팬에 중약불로 마늘을 노릇하게 향을 내고 체에걸러 마늘과 오일을 분리에 마늘이 타지않게 해두고.#108호맛간장 1T, 발사믹식초 1T, 레몬즙 1T, 꿀 1T, 소금 세꼬집, 후추 잘 섞은 후 마늘기름,마늘,참비름 쬐끔 넣고 열심 흔들어 검칠맛최고 드레싱....#집밥 #108호샐러드 #108호스테이크샐러드 #샐러드 #스테이크샐러드 #salad",108호맛간장;집밥;108호샐러드;108호스테이크샐러드;샐러드;스테이크샐러드;salad,아침 남편님도 나도 아무 약속없는 날이 얼마만인지 진짜 늘어지게 잤다 아침은 일어나 호제가 등심 한덩이 굽고 어제 오랜만에 마미핸즈 쌤 뵙고 들여온 토마토바게뜨를 데워 아침 드레싱은 마늘 알 굵게 다져 올리브오일 두르고 작은팬에 중약불로 마늘을 노릇하게 향을 내고 체에걸러 마늘과 오일을 분리에 마늘이 타지않게 해두고 # 호맛간장 발사믹식초 레몬즙 꿀 소금 세꼬집 후추 잘 섞은 후 마늘기름 마늘 참비름 쬐끔 넣고 열심 흔들어 검칠맛최고 드레싱 #집밥 # 호샐러드 # 호스테이크샐러드 #샐러드 #스테이크샐러드 #,"[""아침"", ""남편님도"", ""나도"", ""약속없는"", ""날이"", ""얼마만인지"", ""늘어지게"", ""잤다"", ""아침은"", ""일어나"", ""호제가"", ""등심"", ""한덩이"", ""굽고"", ""마미핸즈"", ""뵙고"", ""들여온"", ""토마토바게뜨를"", ""데워"", ""아침"", ""드레싱은"", ""마늘"", ""굵게"", ""다져"", ""올리브오일"", ""두르고"", ""작은팬에"", ""중약불로"", ""마늘을"", ""노릇하게"", ""향을"", ""내고"", ""체에걸러"", ""마늘과"", ""오일을"", ""분리에"", ""마늘이"", ""타지않게"", ""해두고"", ""호맛간장"", ""발사믹식초"", ""레몬즙"", ""소금"", ""세꼬집"", ""후추"", ""섞은"", ""마늘기름"", ""마늘"", ""참비름"", ""쬐끔"", ""열심"", ""흔들어"", ""검칠맛최고"", ""드레싱"", ""호샐러드"", ""호스테이크샐러드""]","[""호맛간장"", ""집밥"", ""호샐러드"", ""호스테이크샐러드"", ""샐러드"", ""스테이크샐러드""]","[""아침"", ""남편님도"", ""나도"", ""약속없는"", ""날이"", ""얼마만인지"", ""늘어지게"", ""잤다"", ""아침은"", ""일어나"", ""호제가"", ""등심"", ""한덩이"", ""굽고"", ""마미핸즈"", ""뵙고"", ""들여온"", ""토마토바게뜨를"", ""데워"", ""아침"", ""드레싱은"", ""마늘"", ""굵게"", ""다져"", ""올리브오일"", ""두르고"", ""작은팬에"", ""중약불로"", ""마늘을"", ""노릇하게"", ""향을"", ""내고"", ""체에걸러"", ""마늘과"", ""오일을"", ""분리에"", ""마늘이"", ""타지않게"", ""해두고"", ""호맛간장"", ""발사믹식초"", ""레몬즙"", ""소금"", ""세꼬집"", ""후추"", ""섞은"", ""마늘기름"", ""마늘"", ""참비름"", ""쬐끔"", ""열심"", ""흔들어"", ""검칠맛최고"", ""드레싱"", ""호샐러드"", ""호스테이크샐러드"", ""호맛간장"", ""집밥"", ""호샐러드"", ""호스테이크샐러드"", ""샐러드"", ""스테이크샐러드""]"
https://www.instagram.com/p/DOU0MYskobk/,"알감자 버터구이,오이리본 페타치즈 샐러드로 시작하는 월요일🥒🥑🥔🍳감자 처돌이인데이번 여름엔 식단하느라 감자를 많이 못먹었네요😆이렇게 맛있는 감자인데😭",,알감자 버터구이 오이리본 페타치즈 샐러드로 시작하는 월요일 감자 처돌이인데이번 여름엔 식단하느라 감자를 많이 못먹었네요 이렇게 맛있는 감자인데,"[""알감자"", ""버터구이"", ""오이리본"", ""페타치즈"", ""샐러드로"", ""시작하는"", ""월요일"", ""감자"", ""처돌이인데이번"", ""여름엔"", ""식단하느라"", ""감자를"", ""못먹었네요"", ""감자인데""]","[""알감자"", ""버터구이"", ""오이리본"", ""페타치즈"", ""샐러드로"", ""시작하는"", ""월요일"", ""감자"", ""처돌이인데이번"", ""여름엔"", ""식단하느라"", ""감자를"", ""못먹었네요"", ""감자인데""]","[""알감자"", ""버터구이"", ""오이리본"", ""페타치즈"", ""샐러드로"", ""시작하는"", ""월요일"", ""감자"", ""처돌이인데이번"", ""여름엔"", ""식단하느라"", ""감자를"", ""못먹었네요"", ""감자인데"", ""알감자"", ""버터구이"", ""오이리본"", ""페타치즈"", ""샐러드로"", ""시작하는"", ""월요일"", ""감자"", ""처돌이인데이번"", ""여름엔"", ""식단하느라"", ""감자를"", ""못먹었네요"", ""감자인데""]"
https://www.instagram.com/p/DPknNH0klqo/,"오늘은 내돈내산!제가 요즘 자주 사용하는 그릇을 소개해드리려고 해요!!최근에 정말 자주 손이 가는 그릇은바로 ‘라휘그(@lafigue.shop )’에서 판매하는 제품들이에요!제가 좋아하는 도자기 재질, 그리고 정갈하면서도 흔하지 않은 디자인이라 볼 때마다 예뻐서 자꾸 손이 가더라구요🤍제 피드에는 꼭 하나씩 등장하는 라휘그 그릇들…!그릇에 대해 잘 몰라서 예전엔 무조건 스타우브나  이케아에서만 구매했는데, 라휘그 덕분에 그릇의 맛을 알게 되었답니다🫶🏻✨오늘의 피드는 라휘그 제품에 담은 양식 한상과그동안 피드에 등장했던 라휘그 제품들이에요🤍🤍 피자💛 아보카도&토마토 샐러드🤍 토마토 해물 파스타💛 한우 등심 스테이크피자는 도우 생지를 구매해서 처음 만들어봤는데…!오버쿡이 되어버린…😢여러분, 오늘이 마지막 휴일이죠!남은 휴일 알차고 행복하게 보내보시자구요>.<🤍🤍#홈쿡 #집밥 #피자 #파스타 #샐러드 #양식 #홈파티 #홈파티음식 #그릇추천 #도자기그릇 #라휘그 #그릇편집샵 #요리 #요리그램",홈쿡;집밥;피자;파스타;샐러드;양식;홈파티;홈파티음식;그릇추천;도자기그릇;라휘그;그릇편집샵;요리;요리그램,오늘은 내돈내산 제가 요즘 자주 사용하는 그릇을 소개해드리려고 해요 최근에 정말 자주 손이 가는 그릇은바로 라휘그 에서 판매하는 제품들이에요 제가 좋아하는 도자기 재질 그리고 정갈하면서도 흔하지 않은 디자인이라 볼 때마다 예뻐서 자꾸 손이 가더라구요 제 피드에는 꼭 하나씩 등장하는 라휘그 그릇들 그릇에 대해 잘 몰라서 예전엔 무조건 스타우브나 이케아에서만 구매했는데 라휘그 덕분에 그릇의 맛을 알게 되었답니다 오늘의 피드는 라휘그 제품에 담은 양식 한상과그동안 피드에 등장했던 라휘그 제품들이에요 피자 아보카도 토마토 샐러드 토마토 해물 파스타 한우 등심 스테이크피자는 도우 생지를 구매해서 처음 만들어봤는데 오버쿡이 되어버린 여러분 오늘이 마지막 휴일이죠 남은 휴일 알차고 행복하게 보내보시자구요 #홈쿡 #집밥 #피자 #파스타 #샐러드 #양식 #홈파티 #홈파티음식 #그릇추천 #도자기그릇 #라휘그 #그릇편집샵 #요리 #요리그램,"[""내돈내산"", ""사용하는"", ""그릇을"", ""소개해드리려고"", ""최근에"", ""손이"", ""가는"", ""그릇은바로"", ""라휘그"", ""판매하는"", ""제품들이에요"", ""좋아하는"", ""도자기"", ""재질"", ""정갈하면서도"", ""흔하지"", ""디자인이라"", ""때마다"", ""예뻐서"", ""자꾸"", ""손이"", ""가더라구요"", ""피드에는"", ""하나씩"", ""등장하는"", ""라휘그"", ""그릇들"", ""그릇에"", ""대해"", ""몰라서"", ""예전엔"", ""무조건"", ""스타우브나"", ""이케아에서만"", ""구매했는데"", ""라휘그"", ""덕분에"", ""그릇의"", ""알게"", ""되었답니다"", ""피드는"", ""라휘그"", ""제품에"", ""양식"", ""한상과그동안"", ""피드에"", ""등장했던"", ""라휘그"", ""제품들이에요"", ""피자"", ""아보카도"", ""토마토"", ""샐러드"", ""토마토"", ""해물"", ""파스타"", ""한우"", ""등심"", ""스테이크피자는"", ""도우"", ""생지를"", ""구매해서"", ""처음"", ""만들어봤는데"", ""오버쿡이"", ""되어버린"", ""여러분"", ""오늘이"", ""마지막"", ""휴일이죠"", ""휴일"", ""알차고"", ""행복하게"", ""보내보시자구요""]","[""홈쿡"", ""집밥"", ""피자"", ""파스타"", ""샐러드"", ""양식"", ""홈파티"", ""홈파티음식"", ""그릇추천"", ""도자기그릇"", ""라휘그"", ""그릇편집샵"", ""요리"", ""요리그램""]","[""내돈내산"", ""사용하는"", ""그릇을"", ""소개해드리려고"", ""최근에"", ""손이"", ""가는"", ""그릇은바로"", ""라휘그"", ""판매하는"", ""제품들이에요"", ""좋아하는"", ""도자기"", ""재질"", ""정갈하면서도"", ""흔하지"", ""디자인이라"", ""때마다"", ""예뻐서"", ""자꾸"", ""손이"", ""가더라구요"", ""피드에는"", ""하나씩"", ""등장하는"", ""라휘그"", ""그릇들"", ""그릇에"", ""대해"", ""몰라서"", ""예전엔"", ""무조건"", ""스타우브나"", ""이케아에서만"", ""구매했는데"", ""라휘그"", ""덕분에"", ""그릇의"", ""알게"", ""되었답니다"", ""피드는"", ""라휘그"", ""제품에"", ""양식"", ""한상과그동안"", ""피드에"", ""등장했던"", ""라휘그"", ""제품들이에요"", ""피자"", ""아보카도"", ""토마토"", ""샐러드"", ""토마토"", ""해물"", ""파스타"", ""한우"", ""등심"", ""스테이크피자는"", ""도우"", ""생지를"", ""구매해서"", ""처음"", ""만들어봤는데"", ""오버쿡이"", ""되어버린"", ""여러분"", ""오늘이"", ""마지막"", ""휴일이죠"", ""휴일"", ""알차고"", ""행복하게"", ""보내보시자구요"", ""홈쿡"", ""집밥"", ""피자"", ""파스타"", ""샐러드"", ""양식"", ""홈파티"", ""홈파티음식"", ""그릇추천"", ""도자기그릇"", ""라휘그"", ""그릇편집샵"", ""요리"", ""요리그램""]"
https://www.instagram.com/p/DQETeShCddR/,"#협찬 @pocketsalad_official 간단하게 한 끼 챙기고 싶을 때, 포켓샐러드! 아침을 잘 챙겨 먹지 않았는데요즘은 포켓샐러드 덕분에 간편하면서도 든든하고,무엇보다 건강하게 챙겨 먹고 있어요!☺️손질, 세척 필요 없이뜯어서 바로 먹기만 하면 되니까 정말 편하더라구요!진공포장이라 신선하고 아삭한 식감 그대로,토핑도 푸짐하고, 드레싱까지 어쩜 이렇게 맛있는지!무려 25종의 다양한 샐러드로 골라 먹는 재미까지 있답니다:)👍🏻간편하게 즐기는 건강한 한 끼,포켓샐러드로 해결해보세요☺️홈페이지 신규 가입 시첫 구매 버라이어티 4팩 19,900원!첫 정기배송 시 30,000원 쿠폰팩 발급 중💚#포켓샐러드 #샐러드 #다이어트 #건강식단 #샐러드추천",협찬;포켓샐러드;샐러드;다이어트;건강식단;샐러드추천,#협찬 간단하게 한 끼 챙기고 싶을 때 포켓샐러드 아침을 잘 챙겨 먹지 않았는데요즘은 포켓샐러드 덕분에 간편하면서도 든든하고 무엇보다 건강하게 챙겨 먹고 있어요 손질 세척 필요 없이뜯어서 바로 먹기만 하면 되니까 정말 편하더라구요 진공포장이라 신선하고 아삭한 식감 그대로 토핑도 푸짐하고 드레싱까지 어쩜 이렇게 맛있는지 무려 종의 다양한 샐러드로 골라 먹는 재미까지 있답니다 간편하게 즐기는 건강한 한 끼 포켓샐러드로 해결해보세요 홈페이지 신규 가입 시첫 구매 버라이어티 팩 원 첫 정기배송 시 원 쿠폰팩 발급 중 #포켓샐러드 #샐러드 #다이어트 #건강식단 #샐러드추천,"[""챙기고"", ""싶을"", ""포켓샐러드"", ""아침을"", ""먹지"", ""않았는데요즘은"", ""포켓샐러드"", ""덕분에"", ""간편하면서도"", ""든든하고"", ""무엇보다"", ""건강하게"", ""손질"", ""세척"", ""필요"", ""없이뜯어서"", ""먹기만"", ""하면"", ""되니까"", ""편하더라구요"", ""진공포장이라"", ""신선하고"", ""아삭한"", ""식감"", ""토핑도"", ""푸짐하고"", ""드레싱까지"", ""어쩜"", ""맛있는지"", ""무려"", ""종의"", ""다양한"", ""샐러드로"", ""골라"", ""재미까지"", ""있답니다"", ""간편하게"", ""즐기는"", ""건강한"", ""포켓샐러드로"", ""해결해보세요"", ""홈페이지"", ""신규"", ""가입"", ""시첫"", ""버라이어티"", ""정기배송"", ""쿠폰팩"", ""발급""]","[""포켓샐러드"", ""샐러드"", ""다이어트"", ""건강식단"", ""샐러드추천""]","[""챙기고"", ""싶을"", ""포켓샐러드"", ""아침을"", ""먹지"", ""않았는데요즘은"", ""포켓샐러드"", ""덕분에"", ""간편하면서도"", ""든든하고"", ""무엇보다"", ""건강하게"", ""손질"", ""세척"", ""필요"", ""없이뜯어서"", ""먹기만"", ""하면"", ""되니까"", ""편하더라구요"", ""진공포장이라"", ""신선하고"", ""아삭한"", ""식감"", ""토핑도"", ""푸짐하고"", ""드레싱까지"", ""어쩜"", ""맛있는지"", ""무려"", ""종의"", ""다양한"", ""샐러드로"", ""골라"", ""재미까지"", ""있답니다"", ""간편하게"", ""즐기는"", ""건강한"", ""포켓샐러드로"", ""해결해보세요"", ""홈페이지"", ""신규"", ""가입"", ""시첫"", ""버라이어티"", ""정기배송"", ""쿠폰팩"", ""발급"", ""포켓샐러드"", ""샐러드"", ""다이어트"", ""건강식단"", ""샐러드추천""]"
https://www.instagram.com/p/DOibPfjDyNb/,오늘은 남편의 생일~🎵🎶좋아하는 것들로 차려본 저녁식탁~세 식구 다 포식했다~😋나이대로 꽂기엔 초가 너무 많아질듯하여 달랑 한 개만 ㅋㅋ ~ 🎂여보 생일 축하해~🥳😍😘#남편생일#좋아하는것들로차린식탁#고구마튀김#모둠전#장어구이#연어회#LA갈비#샐러드#잡채#데블드에그#여보생일축하해❤️#파리바게트파란라벨#아라비아핀란드#빌레로이앤보흐루스티카나#크로니덴움브라#붉은노을#남편애창곡,남편생일;좋아하는것들로차린식탁;고구마튀김;모둠전;장어구이;연어회;LA갈비;샐러드;잡채;데블드에그;여보생일축하해;파리바게트파란라벨;아라비아핀란드;빌레로이앤보흐루스티카나;크로니덴움브라;붉은노을;남편애창곡,오늘은 남편의 생일 좋아하는 것들로 차려본 저녁식탁 세 식구 다 포식했다 나이대로 꽂기엔 초가 너무 많아질듯하여 달랑 한 개만 ㅋㅋ 여보 생일 축하해 #남편생일#좋아하는것들로차린식탁#고구마튀김#모둠전#장어구이#연어회# 갈비#샐러드#잡채#데블드에그#여보생일축하해 #파리바게트파란라벨#아라비아핀란드#빌레로이앤보흐루스티카나#크로니덴움브라#붉은노을#남편애창곡,"[""남편의"", ""생일"", ""좋아하는"", ""것들로"", ""차려본"", ""저녁식탁"", ""식구"", ""포식했다"", ""나이대로"", ""꽂기엔"", ""초가"", ""많아질듯하여"", ""달랑"", ""개만"", ""ㅋㅋ"", ""여보"", ""생일"", ""축하해"", ""갈비""]","[""남편생일"", ""좋아하는것들로차린식탁"", ""고구마튀김"", ""모둠전"", ""장어구이"", ""연어회"", ""갈비"", ""샐러드"", ""잡채"", ""데블드에그"", ""여보생일축하해"", ""파리바게트파란라벨"", ""아라비아핀란드"", ""빌레로이앤보흐루스티카나"", ""크로니덴움브라"", ""붉은노을"", ""남편애창곡""]","[""남편의"", ""생일"", ""좋아하는"", ""것들로"", ""차려본"", ""저녁식탁"", ""식구"", ""포식했다"", ""나이대로"", ""꽂기엔"", ""초가"", ""많아질듯하여"", ""달랑"", ""개만"", ""ㅋㅋ"", ""여보"", ""생일"", ""축하해"", ""갈비"", ""남편생일"", ""좋아하는것들로차린식탁"", ""고구마튀김"", ""모둠전"", ""장어구이"", ""연어회"", ""갈비"", ""샐러드"", ""잡채"", ""데블드에그"", ""여보생일축하해"", ""파리바게트파란라벨"", ""아라비아핀란드"", ""빌레로이앤보흐루스티카나"", ""크로니덴움브라"", ""붉은노을"", ""남편애창곡""]"
https://www.instagram.com/p/DJ8ieg5TobQ/,"오늘도 더워요!!냉방중 입니다.5월22일 목요일.원하시는 구성, 시간, 장소, 배달~~단체 간식 주문은~~죠샌드위치샐러드여주점여주죠샌드위치감사합니다.메뉴에 없는 구성도 예산에 맞춰일정에 맞춰 구성해서 단체 주문 가능합니다.문의주세요. 031-881-0107죠샌드위치 여주점경기 여주시 세종로 389, 1층https://naver.me/xmrHCQLY #죠샌드위치샐러드여주점 이 있습니다.#단체주문 문의환영 3,800원부터 구성변경 #여주맛집 여주행사간식 단체간식 학교간식 학원간식 교회간식 체육대회간식 행사간식 031-881-0107구성, 가격 최대한 맞춰원하시는 시간 배달 해드립니다. 지드림카드 여주사랑카드#샌드위치 #샐러드 음료 무료배달 치아바타 빠네디까사1.배달의민족 무료배달 최소주문 15,000원https://baemin.me/MEXGVIRmq2.요기요 배달비 5,000원최소주문 8,300원(할인쿠폰제공 ~5,000)https://yogiyo.onelink.me/BlI7/643hdoss3.배달특급 배달비 2,200원~최소주문 12,000원(지역화폐, 여주사랑카드, #지드림카드, #G드림카드 )",죠샌드위치샐러드여주점;단체주문;여주맛집;샌드위치;샐러드;지드림카드;G드림카드,오늘도 더워요 냉방중 입니다 월 일 목요일 원하시는 구성 시간 장소 배달 단체 간식 주문은 죠샌드위치샐러드여주점여주죠샌드위치감사합니다 메뉴에 없는 구성도 예산에 맞춰일정에 맞춰 구성해서 단체 주문 가능합니다 문의주세요 죠샌드위치 여주점경기 여주시 세종로 층 #죠샌드위치샐러드여주점 이 있습니다 #단체주문 문의환영 원부터 구성변경 #여주맛집 여주행사간식 단체간식 학교간식 학원간식 교회간식 체육대회간식 행사간식 구성 가격 최대한 맞춰원하시는 시간 배달 해드립니다 지드림카드 여주사랑카드#샌드위치 #샐러드 음료 무료배달 치아바타 빠네디까사 배달의민족 무료배달 최소주문 원 배달비 원최소주문 원 할인쿠폰제공 배달비 원 최소주문 원 지역화폐 여주사랑카드 #지드림카드 # 드림카드,"[""더워요"", ""냉방중"", ""목요일"", ""원하시는"", ""구성"", ""시간"", ""장소"", ""배달"", ""간식"", ""주문은"", ""죠샌드위치샐러드여주점여주죠샌드위치감사합니다"", ""메뉴에"", ""구성도"", ""예산에"", ""맞춰일정에"", ""구성해서"", ""주문"", ""죠샌드위치"", ""여주점경기"", ""여주시"", ""세종로"", ""문의환영"", ""원부터"", ""구성변경"", ""여주행사간식"", ""단체간식"", ""학교간식"", ""학원간식"", ""교회간식"", ""체육대회간식"", ""행사간식"", ""구성"", ""맞춰원하시는"", ""시간"", ""배달"", ""해드립니다"", ""지드림카드"", ""음료"", ""무료배달"", ""치아바타"", ""빠네디까사"", ""배달의민족"", ""무료배달"", ""배달비"", ""원최소주문"", ""할인쿠폰제공"", ""배달비"", ""지역화폐"", ""드림카드""]","[""죠샌드위치샐러드여주점"", ""여주맛집"", ""샌드위치"", ""샐러드"", ""지드림카드"", ""드림카드""]","[""더워요"", ""냉방중"", ""목요일"", ""원하시는"", ""구성"", ""시간"", ""장소"", ""배달"", ""간식"", ""주문은"", ""죠샌드위치샐러드여주점여주죠샌드위치감사합니다"", ""메뉴에"", ""구성도"", ""예산에"", ""맞춰일정에"", ""구성해서"", ""주문"", ""죠샌드위치"", ""여주점경기"", ""여주시"", ""세종로"", ""문의환영"", ""원부터"", ""구성변경"", ""여주행사간식"", ""단체간식"", ""학교간식"", ""학원간식"", ""교회간식"", ""체육대회간식"", ""행사간식"", ""구성"", ""맞춰원하시는"", ""시간"", ""배달"", ""해드립니다"", ""지드림카드"", ""음료"", ""무료배달"", ""치아바타"", ""빠네디까사"", ""배달의민족"", ""무료배달"", ""배달비"", ""원최소주문"", ""할인쿠폰제공"", ""배달비"", ""지역화폐"", ""드림카드"", ""죠샌드위치샐러드여주점"", ""여주맛집"", ""샌드위치"", ""샐러드"", ""지드림카드"", ""드림카드""]"
https://www.instagram.com/p/DP5fY_FERdx/,"퀴즈⁉️ 이 중 첫번째로 중요한일은?골라주세요😳1. 공복15시간⏰️, 운동 80분후 단백질 위해 닭가슴살부터 먹는다2. 다이어트의 기본, 식이섬유 브로콜리🥦 부터 먹는다3. 지지직, 시끄러운 라디오📻부터 고친다4. 사진찍느라 저혈당🫠, 달달한 과자🍫부터 먹는다5. 얼음🧊이 녹아가는 사과주스🍹부터 먹는다6. 라디오 아래 깨끗한 테이블부터 (빨래, , ,)치운다어떤게 제일 중요한가요?😳사진찍다보니 궁금하네요👻@eurogusto_ 스페인산 착즙사과주스✨️ 맛있네요🍎#먹스타그램#먹스타맞팔 #푸드스타일리스트 #푸드플레이팅 #다이어트식단 #집밥요리 #호락밥상 #오늘메뉴 #홈브런치 #오늘점심 #사과주스 #샐러드",먹스타그램;먹스타맞팔;푸드스타일리스트;푸드플레이팅;다이어트식단;집밥요리;호락밥상;오늘메뉴;홈브런치;오늘점심;사과주스;샐러드,퀴즈 이 중 첫번째로 중요한일은 골라주세요 공복 시간 운동 분후 단백질 위해 닭가슴살부터 먹는다 다이어트의 기본 식이섬유 브로콜리 부터 먹는다 지지직 시끄러운 라디오 부터 고친다 사진찍느라 저혈당 달달한 과자 부터 먹는다 얼음 이 녹아가는 사과주스 부터 먹는다 라디오 아래 깨끗한 테이블부터 빨래 치운다어떤게 제일 중요한가요 사진찍다보니 궁금하네요 스페인산 착즙사과주스 맛있네요 #먹스타그램#먹스타맞팔 #푸드스타일리스트 #푸드플레이팅 #다이어트식단 #집밥요리 #호락밥상 #오늘메뉴 #홈브런치 #오늘점심 #사과주스 #샐러드,"[""퀴즈"", ""첫번째로"", ""중요한일은"", ""골라주세요"", ""공복"", ""시간"", ""운동"", ""분후"", ""단백질"", ""닭가슴살부터"", ""다이어트의"", ""식이섬유"", ""브로콜리"", ""지지직"", ""시끄러운"", ""라디오"", ""고친다"", ""사진찍느라"", ""저혈당"", ""달달한"", ""과자"", ""얼음"", ""녹아가는"", ""사과주스"", ""라디오"", ""아래"", ""깨끗한"", ""테이블부터"", ""빨래"", ""치운다어떤게"", ""중요한가요"", ""사진찍다보니"", ""궁금하네요"", ""스페인산"", ""착즙사과주스"", ""맛있네요""]","[""먹스타그램"", ""먹스타맞팔"", ""푸드스타일리스트"", ""푸드플레이팅"", ""다이어트식단"", ""집밥요리"", ""호락밥상"", ""오늘메뉴"", ""홈브런치"", ""오늘점심"", ""사과주스"", ""샐러드""]","[""퀴즈"", ""첫번째로"", ""중요한일은"", ""골라주세요"", ""공복"", ""시간"", ""운동"", ""분후"", ""단백질"", ""닭가슴살부터"", ""다이어트의"", ""식이섬유"", ""브로콜리"", ""지지직"", ""시끄러운"", ""라디오"", ""고친다"", ""사진찍느라"", ""저혈당"", ""달달한"", ""과자"", ""얼음"", ""녹아가는"", ""사과주스"", ""라디오"", ""아래"", ""깨끗한"", ""테이블부터"", ""빨래"", ""치운다어떤게"", ""중요한가요"", ""사진찍다보니"", ""궁금하네요"", ""스페인산"", ""착즙사과주스"", ""맛있네요"", ""먹스타그램"", ""먹스타맞팔"", ""푸드스타일리스트"", ""푸드플레이팅"", ""다이어트식단"", ""집밥요리"", ""호락밥상"", ""오늘메뉴"", ""홈브런치"", ""오늘점심"", ""사과주스"", ""샐러드""]"
https://www.instagram.com/p/DP5fY_FERdx/c/18108417946605758/,"퀴즈⁉️ 이 중 첫번째로 중요한일은?골라주세요😳1. 공복15시간⏰️, 운동 80분후 단백질 위해 닭가슴살부터 먹는다2. 다이어트의 기본, 식이섬유 브로콜리🥦 부터 먹는다3. 지지직, 시끄러운 라디오📻부터 고친다4. 사진찍느라 저혈당🫠, 달달한 과자🍫부터 먹는다5. 얼음🧊이 녹아가는 사과주스🍹부터 먹는다6. 라디오 아래 깨끗한 테이블부터 (빨래, , ,)치운다어떤게 제일 중요한가요?😳사진찍다보니 궁금하네요👻@eurogusto_ 스페인산 착즙사과주스✨️ 맛있네요🍎#먹스타그램#먹스타맞팔 #푸드스타일리스트 #푸드플레이팅 #다이어트식단 #집밥요리 #호락밥상 #오늘메뉴 #홈브런치 #오늘점심 #사과주스 #샐러드",먹스타그램;먹스타맞팔;푸드스타일리스트;푸드플레이팅;다이어트식단;집밥요리;호락밥상;오늘메뉴;홈브런치;오늘점심;사과주스;샐러드,퀴즈 이 중 첫번째로 중요한일은 골라주세요 공복 시간 운동 분후 단백질 위해 닭가슴살부터 먹는다 다이어트의 기본 식이섬유 브로콜리 부터 먹는다 지지직 시끄러운 라디오 부터 고친다 사진찍느라 저혈당 달달한 과자 부터 먹는다 얼음 이 녹아가는 사과주스 부터 먹는다 라디오 아래 깨끗한 테이블부터 빨래 치운다어떤게 제일 중요한가요 사진찍다보니 궁금하네요 스페인산 착즙사과주스 맛있네요 #먹스타그램#먹스타맞팔 #푸드스타일리스트 #푸드플레이팅 #다이어트식단 #집밥요리 #호락밥상 #오늘메뉴 #홈브런치 #오늘점심 #사과주스 #샐러드,"[""퀴즈"", ""첫번째로"", ""중요한일은"", ""골라주세요"", ""공복"", ""시간"", ""운동"", ""분후"", ""단백질"", ""닭가슴살부터"", ""다이어트의"", ""식이섬유"", ""브로콜리"", ""지지직"", ""시끄러운"", ""라디오"", ""고친다"", ""사진찍느라"", ""저혈당"", ""달달한"", ""과자"", ""얼음"", ""녹아가는"", ""사과주스"", ""라디오"", ""아래"", ""깨끗한"", ""테이블부터"", ""빨래"", ""치운다어떤게"", ""중요한가요"", ""사진찍다보니"", ""궁금하네요"", ""스페인산"", ""착즙사과주스"", ""맛있네요""]","[""먹스타그램"", ""먹스타맞팔"", ""푸드스타일리스트"", ""푸드플레이팅"", ""다이어트식단"", ""집밥요리"", ""호락밥상"", ""오늘메뉴"", ""홈브런치"", ""오늘점심"", ""사과주스"", ""샐러드""]","[""퀴즈"", ""첫번째로"", ""중요한일은"", ""골라주세요"", ""공복"", ""시간"", ""운동"", ""분후"", ""단백질"", ""닭가슴살부터"", ""다이어트의"", ""식이섬유"", ""브로콜리"", ""지지직"", ""시끄러운"", ""라디오"", ""고친다"", ""사진찍느라"", ""저혈당"", ""달달한"", ""과자"", ""얼음"", ""녹아가는"", ""사과주스"", ""라디오"", ""아래"", ""깨끗한"", ""테이블부터"", ""빨래"", ""치운다어떤게"", ""중요한가요"", ""사진찍다보니"", ""궁금하네요"", ""스페인산"", ""착즙사과주스"", ""맛있네요"", ""먹스타그램"", ""먹스타맞팔"", ""푸드스타일리스트"", ""푸드플레이팅"", ""다이어트식단"", ""집밥요리"", ""호락밥상"", ""오늘메뉴"", ""홈브런치"", ""오늘점심"", ""사과주스"", ""샐러드""]"
https://www.instagram.com/p/DQGtfx7ETlO/,"[알로버 Pick 포케 이야기]오늘 하루, 입맛이 심심하다면? 톡 쏘는 매력으로 기분까지 확 살려주는스파이시 크림연어 포케를 추천할게요✨신선한 사시미 그레이드 연어에크리미하면서도 매콤한 스파이시 크림소스가 더해져한입마다 부드러움과 자극이 동시에🧡톡톡 터지는 날치알과 아삭한 피클이 킥!베이스는 현미곤약밥으로 선택해건강하게 가볍지만 포만감은 그대로🍚매운맛 뒤에 깔끔함이 남아서마지막 한 숟갈까지 질리지 않아요😋매콤하게 에너지 충전하고 싶을 때스파이시 크림연어 포케로 하루를 리프레시 해보세요🍣Not just a SALAD but the PERFECT bowl!••섹시한 건강 미인, 건강 훈남의 라이프스타일! #알로하포케 #포케 #포케맛집 #샐러드 #연어 #연어포케 #서울카페 #서울맛집 #seoulfood #koreatrip #koreafood #단백질간식",알로하포케;포케;포케맛집;샐러드;연어;연어포케;서울카페;서울맛집;seoulfood;koreatrip;koreafood;단백질간식,알로버 포케 이야기 오늘 하루 입맛이 심심하다면 톡 쏘는 매력으로 기분까지 확 살려주는스파이시 크림연어 포케를 추천할게요 신선한 사시미 그레이드 연어에크리미하면서도 매콤한 스파이시 크림소스가 더해져한입마다 부드러움과 자극이 동시에 톡톡 터지는 날치알과 아삭한 피클이 킥 베이스는 현미곤약밥으로 선택해건강하게 가볍지만 포만감은 그대로 매운맛 뒤에 깔끔함이 남아서마지막 한 숟갈까지 질리지 않아요 매콤하게 에너지 충전하고 싶을 때스파이시 크림연어 포케로 하루를 리프레시 해보세요 섹시한 건강 미인 건강 훈남의 라이프스타일 #알로하포케 #포케 #포케맛집 #샐러드 #연어 #연어포케 #서울카페 #서울맛집 # # # #단백질간식,"[""알로버"", ""포케"", ""이야기"", ""하루"", ""입맛이"", ""심심하다면"", ""쏘는"", ""매력으로"", ""기분까지"", ""살려주는스파이시"", ""크림연어"", ""포케를"", ""추천할게요"", ""신선한"", ""사시미"", ""그레이드"", ""연어에크리미하면서도"", ""매콤한"", ""스파이시"", ""크림소스가"", ""더해져한입마다"", ""부드러움과"", ""자극이"", ""동시에"", ""톡톡"", ""터지는"", ""날치알과"", ""아삭한"", ""피클이"", ""베이스는"", ""현미곤약밥으로"", ""선택해건강하게"", ""가볍지만"", ""포만감은"", ""매운맛"", ""뒤에"", ""깔끔함이"", ""남아서마지막"", ""숟갈까지"", ""질리지"", ""않아요"", ""매콤하게"", ""에너지"", ""충전하고"", ""싶을"", ""때스파이시"", ""크림연어"", ""포케로"", ""하루를"", ""리프레시"", ""해보세요"", ""섹시한"", ""건강"", ""미인"", ""건강"", ""훈남의"", ""라이프스타일""]","[""알로하포케"", ""포케"", ""포케맛집"", ""샐러드"", ""연어"", ""연어포케"", ""서울카페"", ""서울맛집"", ""단백질간식""]","[""알로버"", ""포케"", ""이야기"", ""하루"", ""입맛이"", ""심심하다면"", ""쏘는"", ""매력으로"", ""기분까지"", ""살려주는스파이시"", ""크림연어"", ""포케를"", ""추천할게요"", ""신선한"", ""사시미"", ""그레이드"", ""연어에크리미하면서도"", ""매콤한"", ""스파이시"", ""크림소스가"", ""더해져한입마다"", ""부드러움과"", ""자극이"", ""동시에"", ""톡톡"", ""터지는"", ""날치알과"", ""아삭한"", ""피클이"", ""베이스는"", ""현미곤약밥으로"", ""선택해건강하게"", ""가볍지만"", ""포만감은"", ""매운맛"", ""뒤에"", ""깔끔함이"", ""남아서마지막"", ""숟갈까지"", ""질리지"", ""않아요"", ""매콤하게"", ""에너지"", ""충전하고"", ""싶을"", ""때스파이시"", ""크림연어"", ""포케로"", ""하루를"", ""리프레시"", ""해보세요"", ""섹시한"", ""건강"", ""미인"", ""건강"", ""훈남의"", ""라이프스타일"", ""알로하포케"", ""포케"", ""포케맛집"", ""샐러드"", ""연어"", ""연어포케"", ""서울카페"", ""서울맛집"", ""단백질간식""]"
https://www.instagram.com/p/DQF1IbjkyFa/c/18080006471085707/,"📅 10월 22일 수요일프린샌드위치 호매실점 오픈했습니다!🥪오늘도 활기차게 시작해요✨매장에서 드시고 가시는 분들께 인기 폭발인 메뉴,치킨텐더 샐러드🥗 💛“드레싱 뿌려주세요!” 하시면정말 팍팍! 듬뿍! 시원하게 뿌려드립니다❣️저의 최애 샐러드이기도 해요🤗건강하고 맛있는 하루, 프린과 함께하세요💚",,월 일 수요일프린샌드위치 호매실점 오픈했습니다 오늘도 활기차게 시작해요 매장에서 드시고 가시는 분들께 인기 폭발인 메뉴 치킨텐더 샐러드 드레싱 뿌려주세요 하시면정말 팍팍 듬뿍 시원하게 뿌려드립니다 저의 최애 샐러드이기도 해요 건강하고 맛있는 하루 프린과 함께하세요,"[""수요일프린샌드위치"", ""호매실점"", ""오픈했습니다"", ""활기차게"", ""시작해요"", ""매장에서"", ""드시고"", ""가시는"", ""분들께"", ""인기"", ""폭발인"", ""치킨텐더"", ""샐러드"", ""드레싱"", ""뿌려주세요"", ""하시면정말"", ""팍팍"", ""시원하게"", ""뿌려드립니다"", ""저의"", ""최애"", ""샐러드이기도"", ""건강하고"", ""하루"", ""프린과"", ""함께하세요""]","[""수요일프린샌드위치"", ""호매실점"", ""오픈했습니다"", ""활기차게"", ""시작해요"", ""매장에서"", ""드시고"", ""가시는"", ""분들께"", ""인기"", ""폭발인"", ""치킨텐더"", ""샐러드"", ""드레싱"", ""뿌려주세요"", ""하시면정말"", ""팍팍"", ""시원하게"", ""뿌려드립니다"", ""저의"", ""최애"", ""샐러드이기도"", ""건강하고"", ""하루"", ""프린과"", ""함께하세요""]","[""수요일프린샌드위치"", ""호매실점"", ""오픈했습니다"", ""활기차게"", ""시작해요"", ""매장에서"", ""드시고"", ""가시는"", ""분들께"", ""인기"", ""폭발인"", ""치킨텐더"", ""샐러드"", ""드레싱"", ""뿌려주세요"", ""하시면정말"", ""팍팍"", ""시원하게"", ""뿌려드립니다"", ""저의"", ""최애"", ""샐러드이기도"", ""건강하고"", ""하루"", ""프린과"", ""함께하세요"", ""수요일프린샌드위치"", ""호매실점"", ""오픈했습니다"", ""활기차게"", ""시작해요"", ""매장에서"", ""드시고"", ""가시는"", ""분들께"", ""인기"", ""폭발인"", ""치킨텐더"", ""샐러드"", ""드레싱"", ""뿌려주세요"", ""하시면정말"", ""팍팍"", ""시원하게"", ""뿌려드립니다"", ""저의"", ""최애"", ""샐러드이기도"", ""건강하고"", ""하루"", ""프린과"", ""함께하세요""]"
https://www.instagram.com/p/DP0F25rEbPy/c/18045063071421099/,#251015 #오늘의도시락#식단도시락 #다이어트도시락추석연휴 끝나고 속죄하기 위해 샐러드 싸왔었는데월요일에 제육쌈밥 먹고 화요일에 고추짬뽕 먹었어요속죄가 아니라 그냥 죄를 쌓고 있는거죠..사실 오늘 먹었어야했는데 서브웨이 시켜먹었습니다..이건 집에가서 저녁으로 먹을게요.....🤣목-금은 또 출장이 있어서 지역 맛집을 가지않을까싶습니다!!혹시 안동 맛집 아시면 추천해주세용💙오늘도 점심 맛있게 드세요❣️#샐러드,251015;오늘의도시락;식단도시락;다이어트도시락;샐러드,# #오늘의도시락#식단도시락 #다이어트도시락추석연휴 끝나고 속죄하기 위해 샐러드 싸왔었는데월요일에 제육쌈밥 먹고 화요일에 고추짬뽕 먹었어요속죄가 아니라 그냥 죄를 쌓고 있는거죠 사실 오늘 먹었어야했는데 서브웨이 시켜먹었습니다 이건 집에가서 저녁으로 먹을게요 목 금은 또 출장이 있어서 지역 맛집을 가지않을까싶습니다 혹시 안동 맛집 아시면 추천해주세용 오늘도 점심 맛있게 드세요 #샐러드,"[""끝나고"", ""속죄하기"", ""샐러드"", ""싸왔었는데월요일에"", ""제육쌈밥"", ""화요일에"", ""고추짬뽕"", ""먹었어요속죄가"", ""아니라"", ""죄를"", ""쌓고"", ""있는거죠"", ""사실"", ""먹었어야했는데"", ""서브웨이"", ""시켜먹었습니다"", ""이건"", ""집에가서"", ""저녁으로"", ""먹을게요"", ""금은"", ""출장이"", ""지역"", ""맛집을"", ""가지않을까싶습니다"", ""안동"", ""맛집"", ""아시면"", ""추천해주세용"", ""점심""]","[""오늘의도시락"", ""식단도시락"", ""다이어트도시락"", ""샐러드""]","[""끝나고"", ""속죄하기"", ""샐러드"", ""싸왔었는데월요일에"", ""제육쌈밥"", ""화요일에"", ""고추짬뽕"", ""먹었어요속죄가"", ""아니라"", ""죄를"", ""쌓고"", ""있는거죠"", ""사실"", ""먹었어야했는데"", ""서브웨이"", ""시켜먹었습니다"", ""이건"", ""집에가서"", ""저녁으로"", ""먹을게요"", ""금은"", ""출장이"", ""지역"", ""맛집을"", ""가지않을까싶습니다"", ""안동"", ""맛집"", ""아시면"", ""추천해주세용"", ""점심"", ""오늘의도시락"", ""식단도시락"", ""다이어트도시락"", ""샐러드""]"
https://www.instagram.com/p/DQItqrdkStx/c/17877066864423362/,"2025.10.23 목요일🍎👉 월,화,수,목요일 12시 오픈 👉 금,토,일요일 및 공휴일 휴무❤️해피테이블은 민생회복 소비쿠폰 사용가능 매장입니다🙇‍♀️ 🥗샐러드 👉 치킨텐더 / 와사비크래미 / 수제리코타치즈🥪통밀식빵샌드위치 👉 에그햄 / 크래미🥪트러플잠봉소금빵샌드위치🍞생식빵 👉 나왔어요. 컷팅은 1시 이후 가능🥐소금빵 👉 플레인 / 명란  ❤️월,화,수,목요일 12시~6시💛재료 소진시 일찍 마감합니다  ‼️영업시간 안내(2025년 10월 22일 수정)❤️ 월, 화, 수,목요일  12시 오픈 / 6시마감 ❤️👉준비된 제품 소진시 조기 마감합니다👉금, 토, 일요일 및 공휴일은 정기휴무입니다 #해피테이블#수제디저트 #빵#샐러드 #샌드위치",해피테이블;수제디저트;빵;샐러드;샌드위치,목요일 월 화 수 목요일 시 오픈 금 토 일요일 및 공휴일 휴무 해피테이블은 민생회복 소비쿠폰 사용가능 매장입니다 샐러드 치킨텐더 와사비크래미 수제리코타치즈 통밀식빵샌드위치 에그햄 크래미 트러플잠봉소금빵샌드위치 생식빵 나왔어요 컷팅은 시 이후 가능 소금빵 플레인 명란 월 화 수 목요일 시 시 재료 소진시 일찍 마감합니다 영업시간 안내 년 월 일 수정 월 화 수 목요일 시 오픈 시마감 준비된 제품 소진시 조기 마감합니다 금 토 일요일 및 공휴일은 정기휴무입니다 #해피테이블#수제디저트 #빵#샐러드 #샌드위치,"[""목요일"", ""목요일"", ""오픈"", ""일요일"", ""공휴일"", ""휴무"", ""해피테이블은"", ""민생회복"", ""소비쿠폰"", ""사용가능"", ""매장입니다"", ""샐러드"", ""치킨텐더"", ""와사비크래미"", ""수제리코타치즈"", ""통밀식빵샌드위치"", ""에그햄"", ""크래미"", ""트러플잠봉소금빵샌드위치"", ""생식빵"", ""나왔어요"", ""컷팅은"", ""이후"", ""소금빵"", ""플레인"", ""명란"", ""목요일"", ""재료"", ""소진시"", ""일찍"", ""마감합니다"", ""영업시간"", ""안내"", ""수정"", ""목요일"", ""오픈"", ""시마감"", ""준비된"", ""소진시"", ""조기"", ""마감합니다"", ""일요일"", ""공휴일은"", ""정기휴무입니다""]","[""해피테이블"", ""수제디저트"", ""샐러드"", ""샌드위치""]","[""목요일"", ""목요일"", ""오픈"", ""일요일"", ""공휴일"", ""휴무"", ""해피테이블은"", ""민생회복"", ""소비쿠폰"", ""사용가능"", ""매장입니다"", ""샐러드"", ""치킨텐더"", ""와사비크래미"", ""수제리코타치즈"", ""통밀식빵샌드위치"", ""에그햄"", ""크래미"", ""트러플잠봉소금빵샌드위치"", ""생식빵"", ""나왔어요"", ""컷팅은"", ""이후"", ""소금빵"", ""플레인"", ""명란"", ""목요일"", ""재료"", ""소진시"", ""일찍"", ""마감합니다"", ""영업시간"", ""안내"", ""수정"", ""목요일"", ""오픈"", ""시마감"", ""준비된"", ""소진시"", ""조기"", ""마감합니다"", ""일요일"", ""공휴일은"", ""정기휴무입니다"", ""해피테이블"", ""수제디저트"", ""샐러드"", ""샌드위치""]"
https://www.instagram.com/p/DQFtZ2Pk_1k/,25년 10월 22일(수)입니다.✔보리쌀밥✔매콤 닭갈비 볶음✔호박채전✔꽃맛살 굴소스 볶음✔베이컨 감자채 볶음✔고사리 볶음✔백김치✔파송송 달걀국✔오늘의 샐러드: 불고기 타코 샐러드🍱직장인 도시락 & 단체모임도시락 🍚압력솥밥 모든메뉴 당일조리 원칙🚛무료 배송 & 잔반 용기 회수☎전화문의 : 010-7721-8377🆔카톡문의 : foodbox777 [친구추가 후 문의] #점심도시락#점심배달#샌드위치맛집#직장인도시락#의정부맛집#의정부도시락#민락동밥집#샐러드#기업도시락#병원도시락#사무실도시락#도시락#정기배송#월밥#도시락배달#단체도시락#도시락맛집#회사도시락#푸드박스#중식도시락#양주맛집#한끼#양주도시락#배달비무료#송우리도시락#포천도시락#정기도시락#샐러드도시락#동두천도시락,점심도시락;점심배달;샌드위치맛집;직장인도시락;의정부맛집;의정부도시락;민락동밥집;샐러드;기업도시락;병원도시락;사무실도시락;도시락;정기배송;월밥;도시락배달;단체도시락;도시락맛집;회사도시락;푸드박스;중식도시락;양주맛집;한끼;양주도시락;배달비무료;송우리도시락;포천도시락;정기도시락;샐러드도시락;동두천도시락,년 월 일 수 입니다 보리쌀밥 매콤 닭갈비 볶음 호박채전 꽃맛살 굴소스 볶음 베이컨 감자채 볶음 고사리 볶음 백김치 파송송 달걀국 오늘의 샐러드 불고기 타코 샐러드 직장인 도시락 단체모임도시락 압력솥밥 모든메뉴 당일조리 원칙 무료 배송 잔반 용기 회수 전화문의 카톡문의 친구추가 후 문의 #점심도시락#점심배달#샌드위치맛집#직장인도시락#의정부맛집#의정부도시락#민락동밥집#샐러드#기업도시락#병원도시락#사무실도시락#도시락#정기배송#월밥#도시락배달#단체도시락#도시락맛집#회사도시락#푸드박스#중식도시락#양주맛집#한끼#양주도시락#배달비무료#송우리도시락#포천도시락#정기도시락#샐러드도시락#동두천도시락,"[""보리쌀밥"", ""매콤"", ""닭갈비"", ""볶음"", ""호박채전"", ""꽃맛살"", ""굴소스"", ""볶음"", ""베이컨"", ""감자채"", ""볶음"", ""고사리"", ""볶음"", ""백김치"", ""파송송"", ""달걀국"", ""샐러드"", ""불고기"", ""타코"", ""샐러드"", ""직장인"", ""도시락"", ""단체모임도시락"", ""압력솥밥"", ""모든메뉴"", ""당일조리"", ""원칙"", ""배송"", ""잔반"", ""용기"", ""회수"", ""카톡문의"", ""친구추가""]","[""점심도시락"", ""점심배달"", ""샌드위치맛집"", ""직장인도시락"", ""의정부맛집"", ""의정부도시락"", ""민락동밥집"", ""샐러드"", ""기업도시락"", ""병원도시락"", ""사무실도시락"", ""도시락"", ""정기배송"", ""월밥"", ""도시락배달"", ""단체도시락"", ""도시락맛집"", ""회사도시락"", ""푸드박스"", ""중식도시락"", ""양주맛집"", ""한끼"", ""양주도시락"", ""배달비무료"", ""송우리도시락"", ""포천도시락"", ""정기도시락"", ""샐러드도시락"", ""동두천도시락""]","[""보리쌀밥"", ""매콤"", ""닭갈비"", ""볶음"", ""호박채전"", ""꽃맛살"", ""굴소스"", ""볶음"", ""베이컨"", ""감자채"", ""볶음"", ""고사리"", ""볶음"", ""백김치"", ""파송송"", ""달걀국"", ""샐러드"", ""불고기"", ""타코"", ""샐러드"", ""직장인"", ""도시락"", ""단체모임도시락"", ""압력솥밥"", ""모든메뉴"", ""당일조리"", ""원칙"", ""배송"", ""잔반"", ""용기"", ""회수"", ""카톡문의"", ""친구추가"", ""점심도시락"", ""점심배달"", ""샌드위치맛집"", ""직장인도시락"", ""의정부맛집"", ""의정부도시락"", ""민락동밥집"", ""샐러드"", ""기업도시락"", ""병원도시락"", ""사무실도시락"", ""도시락"", ""정기배송"", ""월밥"", ""도시락배달"", ""단체도시락"", ""도시락맛집"", ""회사도시락"", ""푸드박스"", ""중식도시락"", ""양주맛집"", ""한끼"", ""양주도시락"", ""배달비무료"", ""송우리도시락"", ""포천도시락"", ""정기도시락"", ""샐러드도시락"", ""동두천도시락""]"
https://www.instagram.com/p/CxnFEowyroc/c/17909194919776820/,서브웨이 샐러드 맛있게 먹는 법✨️집에 깜빠뉴가 있어서 어떻게 먹을까~~ 생각하다가 서브웨이에서 데리야끼 치킨 샐러드를 포장해왔어요!!💓집에서 스크램블 에그 해서 깜빠뉴 구운 거에 올려먹으니까 미친 맛이더라구요?!😳😳💕꼭 한번 해먹어 보세요!!👍👍(양도 진짜 많아서 배불러요ㅎㅎ)#서브웨이 #서브웨이꿀조합 #서브웨이샐러드 #서브웨이추천 #서브웨이레시피 #깜빠뉴 #샐러드 #샌드위치 #샌드위치그램 #먹스타그램  #먹팔,서브웨이;서브웨이꿀조합;서브웨이샐러드;서브웨이추천;서브웨이레시피;깜빠뉴;샐러드;샌드위치;샌드위치그램;먹스타그램;먹팔,서브웨이 샐러드 맛있게 먹는 법 집에 깜빠뉴가 있어서 어떻게 먹을까 생각하다가 서브웨이에서 데리야끼 치킨 샐러드를 포장해왔어요 집에서 스크램블 에그 해서 깜빠뉴 구운 거에 올려먹으니까 미친 맛이더라구요 꼭 한번 해먹어 보세요 양도 진짜 많아서 배불러요ㅎㅎ #서브웨이 #서브웨이꿀조합 #서브웨이샐러드 #서브웨이추천 #서브웨이레시피 #깜빠뉴 #샐러드 #샌드위치 #샌드위치그램 #먹스타그램 #먹팔,"[""서브웨이"", ""샐러드"", ""깜빠뉴가"", ""어떻게"", ""먹을까"", ""생각하다가"", ""서브웨이에서"", ""데리야끼"", ""치킨"", ""샐러드를"", ""포장해왔어요"", ""집에서"", ""스크램블"", ""에그"", ""깜빠뉴"", ""구운"", ""거에"", ""올려먹으니까"", ""미친"", ""맛이더라구요"", ""해먹어"", ""보세요"", ""양도"", ""배불러요ㅎㅎ""]","[""서브웨이"", ""서브웨이꿀조합"", ""서브웨이샐러드"", ""서브웨이추천"", ""서브웨이레시피"", ""깜빠뉴"", ""샐러드"", ""샌드위치"", ""샌드위치그램"", ""먹스타그램"", ""먹팔""]","[""서브웨이"", ""샐러드"", ""깜빠뉴가"", ""어떻게"", ""먹을까"", ""생각하다가"", ""서브웨이에서"", ""데리야끼"", ""치킨"", ""샐러드를"", ""포장해왔어요"", ""집에서"", ""스크램블"", ""에그"", ""깜빠뉴"", ""구운"", ""거에"", ""올려먹으니까"", ""미친"", ""맛이더라구요"", ""해먹어"", ""보세요"", ""양도"", ""배불러요ㅎㅎ"", ""서브웨이"", ""서브웨이꿀조합"", ""서브웨이샐러드"", ""서브웨이추천"", ""서브웨이레시피"", ""깜빠뉴"", ""샐러드"", ""샌드위치"", ""샌드위치그램"", ""먹스타그램"", ""먹팔""]"
https://www.instagram.com/p/DNFJMdgSDAE/,"오늘의 힐링식🫶🏻하… 예…왜 2:30만 되면 눈떠서 수유하고,,동그랗게 눈을 뜨는지 😨에라모르겠다 하고 남편이랑 자는척했는데 그렇게 2시간을어둠속에서 놀다가 4시가 되서웃음소리가 더 신나졌길래 자는척 그만하고 아기띠 옆잠배게콜라보로 강제취침 시켰,,,,,그 와중에 8시에 눈뜬 따님,,,저는 어젯밤부터 먹고싶었던단호박에그슬럿을 해먹어봅니다…요즘 단호박이 느므 맛나더라거요?다이어트 음식이라지만한 통 다먹고 치즈 가득 넣었는데무슨 소용,,,,😇지금은 또 아랫집 인테리어 공사로아기띠로 재우고 있습니다만…..조금 더 재우다가 카시트로 옮겨심기해서문센갈때까지 자는게 목표에요,,,,,,제발 슬아,,, 도와줘🫶🏻🎃아주 간단한데 맛있는 레싶미니 단호박 전자렌지 2분 👉🏻 뚜껑따고 씨 제거안 썰리면 더 돌려요 👉🏻 트리플 눈꽃 치즈 한 두 어줌,,계란 한 알, 노른자 포크 콕 👉🏻눈꽃치즈로 가득 채우고 전자레인지 2분 👉🏻 에어프라이어 예열없이 치즈 녹을때 까지만!단호박과 계란 크기에 따라 다르겠지만아주 초크초크 하게 잘익었어유🥹#단호박에그슬럿  #홈브런치",단호박에그슬럿;홈브런치,오늘의 힐링식 하 예 왜 만 되면 눈떠서 수유하고 동그랗게 눈을 뜨는지 에라모르겠다 하고 남편이랑 자는척했는데 그렇게 시간을어둠속에서 놀다가 시가 되서웃음소리가 더 신나졌길래 자는척 그만하고 아기띠 옆잠배게콜라보로 강제취침 시켰 그 와중에 시에 눈뜬 따님 저는 어젯밤부터 먹고싶었던단호박에그슬럿을 해먹어봅니다 요즘 단호박이 느므 맛나더라거요 다이어트 음식이라지만한 통 다먹고 치즈 가득 넣었는데무슨 소용 지금은 또 아랫집 인테리어 공사로아기띠로 재우고 있습니다만 조금 더 재우다가 카시트로 옮겨심기해서문센갈때까지 자는게 목표에요 제발 슬아 도와줘 아주 간단한데 맛있는 레싶미니 단호박 전자렌지 분 뚜껑따고 씨 제거안 썰리면 더 돌려요 트리플 눈꽃 치즈 한 두 어줌 계란 한 알 노른자 포크 콕 눈꽃치즈로 가득 채우고 전자레인지 분 에어프라이어 예열없이 치즈 녹을때 까지만 단호박과 계란 크기에 따라 다르겠지만아주 초크초크 하게 잘익었어유 #단호박에그슬럿 #홈브런치,"[""힐링식"", ""되면"", ""눈떠서"", ""수유하고"", ""동그랗게"", ""눈을"", ""뜨는지"", ""에라모르겠다"", ""남편이랑"", ""자는척했는데"", ""그렇게"", ""시간을어둠속에서"", ""놀다가"", ""시가"", ""되서웃음소리가"", ""신나졌길래"", ""자는척"", ""그만하고"", ""아기띠"", ""옆잠배게콜라보로"", ""강제취침"", ""시켰"", ""와중에"", ""시에"", ""눈뜬"", ""따님"", ""어젯밤부터"", ""먹고싶었던단호박에그슬럿을"", ""해먹어봅니다"", ""단호박이"", ""느므"", ""맛나더라거요"", ""다이어트"", ""음식이라지만한"", ""다먹고"", ""치즈"", ""넣었는데무슨"", ""소용"", ""지금은"", ""아랫집"", ""인테리어"", ""공사로아기띠로"", ""재우고"", ""있습니다만"", ""재우다가"", ""카시트로"", ""옮겨심기해서문센갈때까지"", ""자는게"", ""목표에요"", ""제발"", ""슬아"", ""도와줘"", ""간단한데"", ""레싶미니"", ""단호박"", ""전자렌지"", ""뚜껑따고"", ""제거안"", ""썰리면"", ""돌려요"", ""트리플"", ""눈꽃"", ""치즈"", ""어줌"", ""계란"", ""노른자"", ""포크"", ""눈꽃치즈로"", ""채우고"", ""전자레인지"", ""에어프라이어"", ""예열없이"", ""치즈"", ""녹을때"", ""까지만"", ""단호박과"", ""계란"", ""크기에"", ""다르겠지만아주"", ""초크초크"", ""하게"", ""잘익었어유""]","[""단호박에그슬럿"", ""홈브런치""]","[""힐링식"", ""되면"", ""눈떠서"", ""수유하고"", ""동그랗게"", ""눈을"", ""뜨는지"", ""에라모르겠다"", ""남편이랑"", ""자는척했는데"", ""그렇게"", ""시간을어둠속에서"", ""놀다가"", ""시가"", ""되서웃음소리가"", ""신나졌길래"", ""자는척"", ""그만하고"", ""아기띠"", ""옆잠배게콜라보로"", ""강제취침"", ""시켰"", ""와중에"", ""시에"", ""눈뜬"", ""따님"", ""어젯밤부터"", ""먹고싶었던단호박에그슬럿을"", ""해먹어봅니다"", ""단호박이"", ""느므"", ""맛나더라거요"", ""다이어트"", ""음식이라지만한"", ""다먹고"", ""치즈"", ""넣었는데무슨"", ""소용"", ""지금은"", ""아랫집"", ""인테리어"", ""공사로아기띠로"", ""재우고"", ""있습니다만"", ""재우다가"", ""카시트로"", ""옮겨심기해서문센갈때까지"", ""자는게"", ""목표에요"", ""제발"", ""슬아"", ""도와줘"", ""간단한데"", ""레싶미니"", ""단호박"", ""전자렌지"", ""뚜껑따고"", ""제거안"", ""썰리면"", ""돌려요"", ""트리플"", ""눈꽃"", ""치즈"", ""어줌"", ""계란"", ""노른자"", ""포크"", ""눈꽃치즈로"", ""채우고"", ""전자레인지"", ""에어프라이어"", ""예열없이"", ""치즈"", ""녹을때"", ""까지만"", ""단호박과"", ""계란"", ""크기에"", ""다르겠지만아주"", ""초크초크"", ""하게"", ""잘익었어유"", ""단호박에그슬럿"", ""홈브런치""]"
https://www.instagram.com/p/DPTPnqlkWOC/c/17926032534111379/,"베이글 샌드위치 수업에 이어 두 번째로 선택해 주신 포케 & 파스타 샐러드💚 매장 오픈을 위해 메뉴 하나하나 꼼꼼히 준비해 나가고 계셔서, 분명 좋은 결과로 이어질 거라 믿습니다☺️ 진심으로 응원할게요✨",,베이글 샌드위치 수업에 이어 두 번째로 선택해 주신 포케 파스타 샐러드 매장 오픈을 위해 메뉴 하나하나 꼼꼼히 준비해 나가고 계셔서 분명 좋은 결과로 이어질 거라 믿습니다 진심으로 응원할게요,"[""베이글"", ""샌드위치"", ""수업에"", ""이어"", ""번째로"", ""선택해"", ""주신"", ""포케"", ""파스타"", ""샐러드"", ""오픈을"", ""하나하나"", ""꼼꼼히"", ""준비해"", ""나가고"", ""계셔서"", ""결과로"", ""이어질"", ""거라"", ""믿습니다"", ""진심으로"", ""응원할게요""]","[""베이글"", ""샌드위치"", ""수업에"", ""이어"", ""번째로"", ""선택해"", ""주신"", ""포케"", ""파스타"", ""샐러드"", ""오픈을"", ""하나하나"", ""꼼꼼히"", ""준비해"", ""나가고"", ""계셔서"", ""결과로"", ""이어질"", ""거라"", ""믿습니다"", ""진심으로"", ""응원할게요""]","[""베이글"", ""샌드위치"", ""수업에"", ""이어"", ""번째로"", ""선택해"", ""주신"", ""포케"", ""파스타"", ""샐러드"", ""오픈을"", ""하나하나"", ""꼼꼼히"", ""준비해"", ""나가고"", ""계셔서"", ""결과로"", ""이어질"", ""거라"", ""믿습니다"", ""진심으로"", ""응원할게요"", ""베이글"", ""샌드위치"", ""수업에"", ""이어"", ""번째로"", ""선택해"", ""주신"", ""포케"", ""파스타"", ""샐러드"", ""오픈을"", ""하나하나"", ""꼼꼼히"", ""준비해"", ""나가고"", ""계셔서"", ""결과로"", ""이어질"", ""거라"", ""믿습니다"", ""진심으로"", ""응원할게요""]"
https://www.instagram.com/p/DP02podkTSC/,"#정기배송 #도시락 #샐러드 #샌드위치좋아서 하는 사람을 아무도 이길 수 없다죠?음식을 만드는 걸 참 좋아하는 사람들이 모여서,매일매일 왁자지껄 최선을 다하고 있습니다.오늘도 이 마음이 전해지길 바라며-즐거운 하루의 끼니가 되었길 바래봅니다.행복하세요~ 꼭이요!!♡⃛ 010-7222-1958",정기배송;도시락;샐러드;샌드위치좋아서,#정기배송 #도시락 #샐러드 #샌드위치좋아서 하는 사람을 아무도 이길 수 없다죠 음식을 만드는 걸 참 좋아하는 사람들이 모여서 매일매일 왁자지껄 최선을 다하고 있습니다 오늘도 이 마음이 전해지길 바라며 즐거운 하루의 끼니가 되었길 바래봅니다 행복하세요 꼭이요,"[""사람을"", ""아무도"", ""이길"", ""없다죠"", ""음식을"", ""좋아하는"", ""사람들이"", ""모여서"", ""매일매일"", ""왁자지껄"", ""최선을"", ""다하고"", ""전해지길"", ""바라며"", ""즐거운"", ""하루의"", ""끼니가"", ""되었길"", ""바래봅니다"", ""행복하세요"", ""꼭이요""]","[""정기배송"", ""도시락"", ""샐러드"", ""샌드위치좋아서""]","[""사람을"", ""아무도"", ""이길"", ""없다죠"", ""음식을"", ""좋아하는"", ""사람들이"", ""모여서"", ""매일매일"", ""왁자지껄"", ""최선을"", ""다하고"", ""전해지길"", ""바라며"", ""즐거운"", ""하루의"", ""끼니가"", ""되었길"", ""바래봅니다"", ""행복하세요"", ""꼭이요"", ""정기배송"", ""도시락"", ""샐러드"", ""샌드위치좋아서""]"
https://www.instagram.com/p/DPXvjT4CfMN/,"늘 다이어터인 이유👀🍰다시 돌아온 빵순이 식단..✨ 한번 먹으면 입터질까봐 두달 꾹 참았는데,, 예,, 입이 터졌어요🥖🍞🥪🥯🥐🥨히히 역시나 너무 맛도리고 다 먹고싶은 마음에 매 끼니마다 옹기종기 썰어서 모든 맛 맛보는 중이에요..😉💛 진정한 오마카세..ㅎ윤달은 역시 원물맛집인 곳이 분명. 매번 색다른 맛들 추가해주는 것도 좋은데 그 원물맛들이 잘 느껴져서 너무 좋아요. 역시 에프굽얼먹은 진리.그리고..! 매번 윤달 주구장창 먹다가 쑤니맘이 추가 되었는데요! 좀 색다른 식감에 신기방기. 치덕치덕한데 뭔가 윤달과는 다른 치덕함이랄까. 콩볼도, 프로틴바도 먹어봤는데 왜 쑤니맘 하는지 알겠꼬요,, 아주 지갑 거덜날 일만 생기겠어요☺️그래도 늘 빵 먹기 전에는 본식전 샐러드+단백질 잊지말긔~~♪ ♫ ~♥~ 그나저나 어제 라식을 해서 하루종일 세상이 흐릿했는데 오늘 아침은 또 괜찮아서 바로 피드 올려봅니다👀 곧 맑아질 세상을 기대하며~ 다들 햅삐햅삐 추석이에요🌟...#윤달 #윤달베이커리 #쑤니맘 #쑤니맘베이커리 #비건 #비건빵 #다이어트빵 #프로틴빵 #스콘 #프로틴스콘 #귀리 #귀리스콘 #건강빵 #다이어터 #다이어트소통 #빵순이 #빵스타그램 #건강식 #샐러드 #혈당 #저당 #건강스콘 #빵맛집 #다이어트간식 #식사빵",윤달;윤달베이커리;쑤니맘;쑤니맘베이커리;비건;비건빵;다이어트빵;프로틴빵;스콘;프로틴스콘;귀리;귀리스콘;건강빵;다이어터;다이어트소통;빵순이;빵스타그램;건강식;샐러드;혈당;저당;건강스콘;빵맛집;다이어트간식;식사빵,늘 다이어터인 이유 다시 돌아온 빵순이 식단 한번 먹으면 입터질까봐 두달 꾹 참았는데 예 입이 터졌어요 히히 역시나 너무 맛도리고 다 먹고싶은 마음에 매 끼니마다 옹기종기 썰어서 모든 맛 맛보는 중이에요 진정한 오마카세 ㅎ윤달은 역시 원물맛집인 곳이 분명 매번 색다른 맛들 추가해주는 것도 좋은데 그 원물맛들이 잘 느껴져서 너무 좋아요 역시 에프굽얼먹은 진리 그리고 매번 윤달 주구장창 먹다가 쑤니맘이 추가 되었는데요 좀 색다른 식감에 신기방기 치덕치덕한데 뭔가 윤달과는 다른 치덕함이랄까 콩볼도 프로틴바도 먹어봤는데 왜 쑤니맘 하는지 알겠꼬요 아주 지갑 거덜날 일만 생기겠어요 그래도 늘 빵 먹기 전에는 본식전 샐러드 단백질 잊지말긔 그나저나 어제 라식을 해서 하루종일 세상이 흐릿했는데 오늘 아침은 또 괜찮아서 바로 피드 올려봅니다 곧 맑아질 세상을 기대하며 다들 햅삐햅삐 추석이에요 #윤달 #윤달베이커리 #쑤니맘 #쑤니맘베이커리 #비건 #비건빵 #다이어트빵 #프로틴빵 #스콘 #프로틴스콘 #귀리 #귀리스콘 #건강빵 #다이어터 #다이어트소통 #빵순이 #빵스타그램 #건강식 #샐러드 #혈당 #저당 #건강스콘 #빵맛집 #다이어트간식 #식사빵,"[""다이어터인"", ""이유"", ""돌아온"", ""빵순이"", ""식단"", ""입터질까봐"", ""두달"", ""참았는데"", ""입이"", ""터졌어요"", ""히히"", ""역시나"", ""맛도리고"", ""먹고싶은"", ""마음에"", ""끼니마다"", ""옹기종기"", ""썰어서"", ""맛보는"", ""중이에요"", ""진정한"", ""오마카세"", ""ㅎ윤달은"", ""원물맛집인"", ""곳이"", ""매번"", ""색다른"", ""맛들"", ""추가해주는"", ""것도"", ""좋은데"", ""원물맛들이"", ""느껴져서"", ""에프굽얼먹은"", ""진리"", ""매번"", ""윤달"", ""주구장창"", ""먹다가"", ""쑤니맘이"", ""되었는데요"", ""색다른"", ""식감에"", ""신기방기"", ""치덕치덕한데"", ""뭔가"", ""윤달과는"", ""치덕함이랄까"", ""콩볼도"", ""프로틴바도"", ""먹어봤는데"", ""쑤니맘"", ""하는지"", ""알겠꼬요"", ""지갑"", ""거덜날"", ""일만"", ""생기겠어요"", ""먹기"", ""전에는"", ""본식전"", ""샐러드"", ""단백질"", ""잊지말긔"", ""그나저나"", ""라식을"", ""하루종일"", ""세상이"", ""흐릿했는데"", ""아침은"", ""괜찮아서"", ""피드"", ""올려봅니다"", ""맑아질"", ""세상을"", ""기대하며"", ""햅삐햅삐"", ""추석이에요""]","[""윤달"", ""윤달베이커리"", ""쑤니맘"", ""쑤니맘베이커리"", ""비건"", ""비건빵"", ""다이어트빵"", ""프로틴빵"", ""스콘"", ""프로틴스콘"", ""귀리"", ""귀리스콘"", ""건강빵"", ""다이어터"", ""다이어트소통"", ""빵순이"", ""빵스타그램"", ""건강식"", ""샐러드"", ""혈당"", ""저당"", ""건강스콘"", ""빵맛집"", ""다이어트간식"", ""식사빵""]","[""다이어터인"", ""이유"", ""돌아온"", ""빵순이"", ""식단"", ""입터질까봐"", ""두달"", ""참았는데"", ""입이"", ""터졌어요"", ""히히"", ""역시나"", ""맛도리고"", ""먹고싶은"", ""마음에"", ""끼니마다"", ""옹기종기"", ""썰어서"", ""맛보는"", ""중이에요"", ""진정한"", ""오마카세"", ""ㅎ윤달은"", ""원물맛집인"", ""곳이"", ""매번"", ""색다른"", ""맛들"", ""추가해주는"", ""것도"", ""좋은데"", ""원물맛들이"", ""느껴져서"", ""에프굽얼먹은"", ""진리"", ""매번"", ""윤달"", ""주구장창"", ""먹다가"", ""쑤니맘이"", ""되었는데요"", ""색다른"", ""식감에"", ""신기방기"", ""치덕치덕한데"", ""뭔가"", ""윤달과는"", ""치덕함이랄까"", ""콩볼도"", ""프로틴바도"", ""먹어봤는데"", ""쑤니맘"", ""하는지"", ""알겠꼬요"", ""지갑"", ""거덜날"", ""일만"", ""생기겠어요"", ""먹기"", ""전에는"", ""본식전"", ""샐러드"", ""단백질"", ""잊지말긔"", ""그나저나"", ""라식을"", ""하루종일"", ""세상이"", ""흐릿했는데"", ""아침은"", ""괜찮아서"", ""피드"", ""올려봅니다"", ""맑아질"", ""세상을"", ""기대하며"", ""햅삐햅삐"", ""추석이에요"", ""윤달"", ""윤달베이커리"", ""쑤니맘"", ""쑤니맘베이커리"", ""비건"", ""비건빵"", ""다이어트빵"", ""프로틴빵"", ""스콘"", ""프로틴스콘"", ""귀리"", ""귀리스콘"", ""건강빵"", ""다이어터"", ""다이어트소통"", ""빵순이"", ""빵스타그램"", ""건강식"", ""샐러드"", ""혈당"", ""저당"", ""건강스콘"", ""빵맛집"", ""다이어트간식"", ""식사빵""]"
https://www.instagram.com/p/DPCRjt2kkRN/c/18033833873709677/,"_에그베이컨팬케이크 n 시즈널샐러드._미국식 팬케이크를 애정하는 내게 알고리즘으로 미국식 팬케이크를 판다는걸 알게되 눈여겨보던 광흥창 브런치숍 ‘밀카페 우프’.주말엔 역시 브런치, 드디어 이곳을 입성!아담하지만 깔끔하고 부담스럽지않은 분위기, 아끼지않은 재료와 퀄 좋은 브런치를 만날 수 있던 곳.다른 브런치메뉴도 궁금해짐.._‘에그 베이컨 팬케이크’🥞.퐁신 부드럽고 찰진 고소 담백한 팬케이크에 달콤향긋하게 감싸는 메이플 시럽, 뽀독한 소세지와 베이컨이 짭잘함으로 팬케이크와 만나 단짠 마성의 맛을 연출해주고 고소한 계란이 더해져 단백질 충전 업.크기도 두둑하니 포만감 가득하게 즐길 수 있다._‘시즈널 샐러드’🥗🍑.복숭아 시즌에 방문해 천도복숭아 가득 올려진 시즈널 샐러드새콤 산뜻한 소스에 아삭한 천도와 야채들이 프레쉬함을 주고 리코타치즈가 크리미함을 준다.역시 아끼지않은 재료들은 물론 비타민 야채 충전에 굿._밀카페우프",,에그베이컨팬케이크 시즈널샐러드 미국식 팬케이크를 애정하는 내게 알고리즘으로 미국식 팬케이크를 판다는걸 알게되 눈여겨보던 광흥창 브런치숍 밀카페 우프 주말엔 역시 브런치 드디어 이곳을 입성 아담하지만 깔끔하고 부담스럽지않은 분위기 아끼지않은 재료와 퀄 좋은 브런치를 만날 수 있던 곳 다른 브런치메뉴도 궁금해짐 에그 베이컨 팬케이크 퐁신 부드럽고 찰진 고소 담백한 팬케이크에 달콤향긋하게 감싸는 메이플 시럽 뽀독한 소세지와 베이컨이 짭잘함으로 팬케이크와 만나 단짠 마성의 맛을 연출해주고 고소한 계란이 더해져 단백질 충전 업 크기도 두둑하니 포만감 가득하게 즐길 수 있다 시즈널 샐러드 복숭아 시즌에 방문해 천도복숭아 가득 올려진 시즈널 샐러드새콤 산뜻한 소스에 아삭한 천도와 야채들이 프레쉬함을 주고 리코타치즈가 크리미함을 준다 역시 아끼지않은 재료들은 물론 비타민 야채 충전에 굿 밀카페우프,"[""에그베이컨팬케이크"", ""시즈널샐러드"", ""미국식"", ""팬케이크를"", ""애정하는"", ""내게"", ""알고리즘으로"", ""미국식"", ""팬케이크를"", ""판다는걸"", ""알게되"", ""눈여겨보던"", ""광흥창"", ""브런치숍"", ""밀카페"", ""우프"", ""주말엔"", ""브런치"", ""이곳을"", ""입성"", ""아담하지만"", ""깔끔하고"", ""부담스럽지않은"", ""분위기"", ""아끼지않은"", ""재료와"", ""브런치를"", ""만날"", ""있던"", ""브런치메뉴도"", ""궁금해짐"", ""에그"", ""베이컨"", ""팬케이크"", ""퐁신"", ""부드럽고"", ""찰진"", ""고소"", ""담백한"", ""팬케이크에"", ""달콤향긋하게"", ""감싸는"", ""메이플"", ""시럽"", ""뽀독한"", ""소세지와"", ""베이컨이"", ""짭잘함으로"", ""팬케이크와"", ""만나"", ""단짠"", ""마성의"", ""연출해주고"", ""고소한"", ""계란이"", ""더해져"", ""단백질"", ""충전"", ""크기도"", ""두둑하니"", ""포만감"", ""가득하게"", ""시즈널"", ""샐러드"", ""복숭아"", ""시즌에"", ""방문해"", ""천도복숭아"", ""올려진"", ""시즈널"", ""샐러드새콤"", ""산뜻한"", ""소스에"", ""아삭한"", ""천도와"", ""야채들이"", ""프레쉬함을"", ""주고"", ""리코타치즈가"", ""크리미함을"", ""준다"", ""아끼지않은"", ""재료들은"", ""물론"", ""비타민"", ""야채"", ""충전에"", ""밀카페우프""]","[""에그베이컨팬케이크"", ""시즈널샐러드"", ""미국식"", ""팬케이크를"", ""애정하는"", ""내게"", ""알고리즘으로"", ""미국식"", ""팬케이크를"", ""판다는걸"", ""알게되"", ""눈여겨보던"", ""광흥창"", ""브런치숍"", ""밀카페"", ""우프"", ""주말엔"", ""브런치"", ""이곳을"", ""입성"", ""아담하지만"", ""깔끔하고"", ""부담스럽지않은"", ""분위기"", ""아끼지않은"", ""재료와"", ""브런치를"", ""만날"", ""있던"", ""브런치메뉴도"", ""궁금해짐"", ""에그"", ""베이컨"", ""팬케이크"", ""퐁신"", ""부드럽고"", ""찰진"", ""고소"", ""담백한"", ""팬케이크에"", ""달콤향긋하게"", ""감싸는"", ""메이플"", ""시럽"", ""뽀독한"", ""소세지와"", ""베이컨이"", ""짭잘함으로"", ""팬케이크와"", ""만나"", ""단짠"", ""마성의"", ""연출해주고"", ""고소한"", ""계란이"", ""더해져"", ""단백질"", ""충전"", ""크기도"", ""두둑하니"", ""포만감"", ""가득하게"", ""시즈널"", ""샐러드"", ""복숭아"", ""시즌에"", ""방문해"", ""천도복숭아"", ""올려진"", ""시즈널"", ""샐러드새콤"", ""산뜻한"", ""소스에"", ""아삭한"", ""천도와"", ""야채들이"", ""프레쉬함을"", ""주고"", ""리코타치즈가"", ""크리미함을"", ""준다"", ""아끼지않은"", ""재료들은"", ""물론"", ""비타민"", ""야채"", ""충전에"", ""밀카페우프""]","[""에그베이컨팬케이크"", ""시즈널샐러드"", ""미국식"", ""팬케이크를"", ""애정하는"", ""내게"", ""알고리즘으로"", ""미국식"", ""팬케이크를"", ""판다는걸"", ""알게되"", ""눈여겨보던"", ""광흥창"", ""브런치숍"", ""밀카페"", ""우프"", ""주말엔"", ""브런치"", ""이곳을"", ""입성"", ""아담하지만"", ""깔끔하고"", ""부담스럽지않은"", ""분위기"", ""아끼지않은"", ""재료와"", ""브런치를"", ""만날"", ""있던"", ""브런치메뉴도"", ""궁금해짐"", ""에그"", ""베이컨"", ""팬케이크"", ""퐁신"", ""부드럽고"", ""찰진"", ""고소"", ""담백한"", ""팬케이크에"", ""달콤향긋하게"", ""감싸는"", ""메이플"", ""시럽"", ""뽀독한"", ""소세지와"", ""베이컨이"", ""짭잘함으로"", ""팬케이크와"", ""만나"", ""단짠"", ""마성의"", ""연출해주고"", ""고소한"", ""계란이"", ""더해져"", ""단백질"", ""충전"", ""크기도"", ""두둑하니"", ""포만감"", ""가득하게"", ""시즈널"", ""샐러드"", ""복숭아"", ""시즌에"", ""방문해"", ""천도복숭아"", ""올려진"", ""시즈널"", ""샐러드새콤"", ""산뜻한"", ""소스에"", ""아삭한"", ""천도와"", ""야채들이"", ""프레쉬함을"", ""주고"", ""리코타치즈가"", ""크리미함을"", ""준다"", ""아끼지않은"", ""재료들은"", ""물론"", ""비타민"", ""야채"", ""충전에"", ""밀카페우프"", ""에그베이컨팬케이크"", ""시즈널샐러드"", ""미국식"", ""팬케이크를"", ""애정하는"", ""내게"", ""알고리즘으로"", ""미국식"", ""팬케이크를"", ""판다는걸"", ""알게되"", ""눈여겨보던"", ""광흥창"", ""브런치숍"", ""밀카페"", ""우프"", ""주말엔"", ""브런치"", ""이곳을"", ""입성"", ""아담하지만"", ""깔끔하고"", ""부담스럽지않은"", ""분위기"", ""아끼지않은"", ""재료와"", ""브런치를"", ""만날"", ""있던"", ""브런치메뉴도"", ""궁금해짐"", ""에그"", ""베이컨"", ""팬케이크"", ""퐁신"", ""부드럽고"", ""찰진"", ""고소"", ""담백한"", ""팬케이크에"", ""달콤향긋하게"", ""감싸는"", ""메이플"", ""시럽"", ""뽀독한"", ""소세지와"", ""베이컨이"", ""짭잘함으로"", ""팬케이크와"", ""만나"", ""단짠"", ""마성의"", ""연출해주고"", ""고소한"", ""계란이"", ""더해져"", ""단백질"", ""충전"", ""크기도"", ""두둑하니"", ""포만감"", ""가득하게"", ""시즈널"", ""샐러드"", ""복숭아"", ""시즌에"", ""방문해"", ""천도복숭아"", ""올려진"", ""시즈널"", ""샐러드새콤"", ""산뜻한"", ""소스에"", ""아삭한"", ""천도와"", ""야채들이"", ""프레쉬함을"", ""주고"", ""리코타치즈가"", ""크리미함을"", ""준다"", ""아끼지않은"", ""재료들은"", ""물론"", ""비타민"", ""야채"", ""충전에"", ""밀카페우프""]"
https://www.instagram.com/p/DPz6X__geEt/,명절때 많이 먹었으니 빼야지 빼야지 빼야지...어제 도착한 영월토마토에 보코치즈올리고사과에는 땅콩버터베이비케일에 치킨텐더올려 브로콜리는 올리브유에 오븐행 오늘 아침한끼#샐러드#혼밥#다이어트#아침메뉴추천#아침메뉴#아침식사,샐러드;혼밥;다이어트;아침메뉴추천;아침메뉴;아침식사,명절때 많이 먹었으니 빼야지 빼야지 빼야지 어제 도착한 영월토마토에 보코치즈올리고사과에는 땅콩버터베이비케일에 치킨텐더올려 브로콜리는 올리브유에 오븐행 오늘 아침한끼#샐러드#혼밥#다이어트#아침메뉴추천#아침메뉴#아침식사,"[""명절때"", ""먹었으니"", ""빼야지"", ""빼야지"", ""빼야지"", ""도착한"", ""영월토마토에"", ""보코치즈올리고사과에는"", ""땅콩버터베이비케일에"", ""치킨텐더올려"", ""브로콜리는"", ""올리브유에"", ""오븐행"", ""아침한끼""]","[""샐러드"", ""혼밥"", ""다이어트"", ""아침메뉴추천"", ""아침메뉴"", ""아침식사""]","[""명절때"", ""먹었으니"", ""빼야지"", ""빼야지"", ""빼야지"", ""도착한"", ""영월토마토에"", ""보코치즈올리고사과에는"", ""땅콩버터베이비케일에"", ""치킨텐더올려"", ""브로콜리는"", ""올리브유에"", ""오븐행"", ""아침한끼"", ""샐러드"", ""혼밥"", ""다이어트"", ""아침메뉴추천"", ""아침메뉴"", ""아침식사""]"
https://www.instagram.com/p/DOdFkCrEh_s/,"어제의 식단 원플레이트🥗항상 먹는 조합에 아무도 안먹는 무화과는 양껏 담아서 혼자 다먹기(벌써 세 박스째 혼자 먹고 있는건 비밀🤭)어제 오늘 날씨도 넘 좋았지만 일교차도 심한데갑자기 생각났어요!! 어?? 환절기 비염, 재채기를 안 하네?아마도 꾸준한 운동으로 인해 면역력이 올라간게 아닌가 하는 생각이 드네요와!! 🥹👍여러분~ 운동하세요💪🏃‍♀️",,어제의 식단 원플레이트 항상 먹는 조합에 아무도 안먹는 무화과는 양껏 담아서 혼자 다먹기 벌써 세 박스째 혼자 먹고 있는건 비밀 어제 오늘 날씨도 넘 좋았지만 일교차도 심한데갑자기 생각났어요 어 환절기 비염 재채기를 안 하네 아마도 꾸준한 운동으로 인해 면역력이 올라간게 아닌가 하는 생각이 드네요와 여러분 운동하세요,"[""어제의"", ""식단"", ""원플레이트"", ""조합에"", ""아무도"", ""안먹는"", ""무화과는"", ""양껏"", ""담아서"", ""혼자"", ""다먹기"", ""벌써"", ""박스째"", ""혼자"", ""있는건"", ""비밀"", ""날씨도"", ""좋았지만"", ""일교차도"", ""심한데갑자기"", ""생각났어요"", ""환절기"", ""비염"", ""재채기를"", ""하네"", ""아마도"", ""꾸준한"", ""운동으로"", ""인해"", ""면역력이"", ""올라간게"", ""아닌가"", ""생각이"", ""드네요와"", ""여러분"", ""운동하세요""]","[""어제의"", ""식단"", ""원플레이트"", ""조합에"", ""아무도"", ""안먹는"", ""무화과는"", ""양껏"", ""담아서"", ""혼자"", ""다먹기"", ""벌써"", ""박스째"", ""혼자"", ""있는건"", ""비밀"", ""날씨도"", ""좋았지만"", ""일교차도"", ""심한데갑자기"", ""생각났어요"", ""환절기"", ""비염"", ""재채기를"", ""하네"", ""아마도"", ""꾸준한"", ""운동으로"", ""인해"", ""면역력이"", ""올라간게"", ""아닌가"", ""생각이"", ""드네요와"", ""여러분"", ""운동하세요""]","[""어제의"", ""식단"", ""원플레이트"", ""조합에"", ""아무도"", ""안먹는"", ""무화과는"", ""양껏"", ""담아서"", ""혼자"", ""다먹기"", ""벌써"", ""박스째"", ""혼자"", ""있는건"", ""비밀"", ""날씨도"", ""좋았지만"", ""일교차도"", ""심한데갑자기"", ""생각났어요"", ""환절기"", ""비염"", ""재채기를"", ""하네"", ""아마도"", ""꾸준한"", ""운동으로"", ""인해"", ""면역력이"", ""올라간게"", ""아닌가"", ""생각이"", ""드네요와"", ""여러분"", ""운동하세요"", ""어제의"", ""식단"", ""원플레이트"", ""조합에"", ""아무도"", ""안먹는"", ""무화과는"", ""양껏"", ""담아서"", ""혼자"", ""다먹기"", ""벌써"", ""박스째"", ""혼자"", ""있는건"", ""비밀"", ""날씨도"", ""좋았지만"", ""일교차도"", ""심한데갑자기"", ""생각났어요"", ""환절기"", ""비염"", ""재채기를"", ""하네"", ""아마도"", ""꾸준한"", ""운동으로"", ""인해"", ""면역력이"", ""올라간게"", ""아닌가"", ""생각이"", ""드네요와"", ""여러분"", ""운동하세요""]"
https://www.instagram.com/p/DI-b4gORdmS/,"안녕하세요😆 핏을 요리하다, 쿡핏입니다🫡🧡어느덧 4월의 끝자락이네요🥹시간이 참 빨리 흐르네요‼️쿡핏의 5월 휴무일을 안내드립니다👍✅5월5일 월요일 어린이날&부처님오신날✅5월6일 화요일 대체공휴일기존휴무일 토요일,일요일 외 5월5-6일 2일동안 휴무입니다^^매장 방문시 참고부탁드려요😍🌸#쿡핏 #다이어트샐러드 #다이어터성지 #샐러드맛집 #굴포천샐러드 #삼산동샐러드 #식단맛집 #샐러드 #다이어트식단",쿡핏;다이어트샐러드;다이어터성지;샐러드맛집;굴포천샐러드;삼산동샐러드;식단맛집;샐러드;다이어트식단,안녕하세요 핏을 요리하다 쿡핏입니다 어느덧 월의 끝자락이네요 시간이 참 빨리 흐르네요 쿡핏의 월 휴무일을 안내드립니다 월 일 월요일 어린이날 부처님오신날 월 일 화요일 대체공휴일기존휴무일 토요일 일요일 외 월 일 일동안 휴무입니다 매장 방문시 참고부탁드려요 #쿡핏 #다이어트샐러드 #다이어터성지 #샐러드맛집 #굴포천샐러드 #삼산동샐러드 #식단맛집 #샐러드 #다이어트식단,"[""핏을"", ""요리하다"", ""쿡핏입니다"", ""어느덧"", ""월의"", ""끝자락이네요"", ""시간이"", ""빨리"", ""흐르네요"", ""쿡핏의"", ""휴무일을"", ""안내드립니다"", ""월요일"", ""어린이날"", ""부처님오신날"", ""화요일"", ""대체공휴일기존휴무일"", ""토요일"", ""일요일"", ""일동안"", ""휴무입니다"", ""방문시"", ""참고부탁드려요""]","[""쿡핏"", ""다이어트샐러드"", ""다이어터성지"", ""샐러드맛집"", ""굴포천샐러드"", ""삼산동샐러드"", ""식단맛집"", ""샐러드"", ""다이어트식단""]","[""핏을"", ""요리하다"", ""쿡핏입니다"", ""어느덧"", ""월의"", ""끝자락이네요"", ""시간이"", ""빨리"", ""흐르네요"", ""쿡핏의"", ""휴무일을"", ""안내드립니다"", ""월요일"", ""어린이날"", ""부처님오신날"", ""화요일"", ""대체공휴일기존휴무일"", ""토요일"", ""일요일"", ""일동안"", ""휴무입니다"", ""방문시"", ""참고부탁드려요"", ""쿡핏"", ""다이어트샐러드"", ""다이어터성지"", ""샐러드맛집"", ""굴포천샐러드"", ""삼산동샐러드"", ""식단맛집"", ""샐러드"", ""다이어트식단""]"
https://www.instagram.com/p/DO9hC6bEg0I/,".샌드위치 싸먹고 남은 소금집 잠봉으로 아침은 잠봉샐러드.샐러드야채에 잠봉과 잘어울리는 것들~~시나노골드 햇사과, 토마토, 그린올리브에달콤바삭하게 구운 호두강정 한줌.마늘1알 곱게 갈고.레몬즙 1.5T, 꿀 1T, 소금 네꼬집, 후추, 레몬제스트 조금 섞어올리브오일 2T 뻑뻑해지도록 섞어 레몬드레싱.빵을 한조각 구울까 하다가 친구가 나눔해준 흑임자인절미 냉동실 넣지말자며~~함께 더해 아침....#집밥 #108호샐러드 #108호잠봉샐러드 #잠봉샐러드 #샐러드",집밥;108호샐러드;108호잠봉샐러드;잠봉샐러드;샐러드,샌드위치 싸먹고 남은 소금집 잠봉으로 아침은 잠봉샐러드 샐러드야채에 잠봉과 잘어울리는 것들 시나노골드 햇사과 토마토 그린올리브에달콤바삭하게 구운 호두강정 한줌 마늘 알 곱게 갈고 레몬즙 꿀 소금 네꼬집 후추 레몬제스트 조금 섞어올리브오일 뻑뻑해지도록 섞어 레몬드레싱 빵을 한조각 구울까 하다가 친구가 나눔해준 흑임자인절미 냉동실 넣지말자며 함께 더해 아침 #집밥 # 호샐러드 # 호잠봉샐러드 #잠봉샐러드 #샐러드,"[""샌드위치"", ""싸먹고"", ""소금집"", ""잠봉으로"", ""아침은"", ""잠봉샐러드"", ""샐러드야채에"", ""잠봉과"", ""잘어울리는"", ""것들"", ""시나노골드"", ""햇사과"", ""토마토"", ""그린올리브에달콤바삭하게"", ""구운"", ""호두강정"", ""한줌"", ""마늘"", ""곱게"", ""갈고"", ""레몬즙"", ""소금"", ""네꼬집"", ""후추"", ""레몬제스트"", ""섞어올리브오일"", ""뻑뻑해지도록"", ""레몬드레싱"", ""빵을"", ""한조각"", ""구울까"", ""하다가"", ""친구가"", ""나눔해준"", ""흑임자인절미"", ""냉동실"", ""넣지말자며"", ""함께"", ""더해"", ""아침"", ""호샐러드"", ""호잠봉샐러드""]","[""집밥"", ""호샐러드"", ""호잠봉샐러드"", ""잠봉샐러드"", ""샐러드""]","[""샌드위치"", ""싸먹고"", ""소금집"", ""잠봉으로"", ""아침은"", ""잠봉샐러드"", ""샐러드야채에"", ""잠봉과"", ""잘어울리는"", ""것들"", ""시나노골드"", ""햇사과"", ""토마토"", ""그린올리브에달콤바삭하게"", ""구운"", ""호두강정"", ""한줌"", ""마늘"", ""곱게"", ""갈고"", ""레몬즙"", ""소금"", ""네꼬집"", ""후추"", ""레몬제스트"", ""섞어올리브오일"", ""뻑뻑해지도록"", ""레몬드레싱"", ""빵을"", ""한조각"", ""구울까"", ""하다가"", ""친구가"", ""나눔해준"", ""흑임자인절미"", ""냉동실"", ""넣지말자며"", ""함께"", ""더해"", ""아침"", ""호샐러드"", ""호잠봉샐러드"", ""집밥"", ""호샐러드"", ""호잠봉샐러드"", ""잠봉샐러드"", ""샐러드""]"
https://www.instagram.com/p/DJSx9jezRq_/c/18010012049561322/,🥗샐러드정기배송 - B타입🥗샐러드정기배송🥪​​다양한 구성으로 푸짐하고 알차게 만들어신선하고 건강하게 맛있는 샐러드🥗​​🍭요일 : 월/수/금🍭시간 : 오전- 9~1시 / 오후- 3~6시🍭주2회 / 주3회 선택가능​동선에따라 오전오후로 나뉩니다장소와 수량에따라 조금 더 먼곳도 가능 하오니 매장으로 바로 문의 부탁드립니다^^📞010-8853-7238,,샐러드정기배송 타입 샐러드정기배송 다양한 구성으로 푸짐하고 알차게 만들어신선하고 건강하게 맛있는 샐러드 요일 월 수 금 시간 오전 시 오후 시 주 회 주 회 선택가능 동선에따라 오전오후로 나뉩니다장소와 수량에따라 조금 더 먼곳도 가능 하오니 매장으로 바로 문의 부탁드립니다,"[""샐러드정기배송"", ""타입"", ""샐러드정기배송"", ""다양한"", ""푸짐하고"", ""알차게"", ""만들어신선하고"", ""건강하게"", ""샐러드"", ""요일"", ""시간"", ""오전"", ""오후"", ""선택가능"", ""동선에따라"", ""오전오후로"", ""나뉩니다장소와"", ""수량에따라"", ""먼곳도"", ""하오니"", ""매장으로""]","[""샐러드정기배송"", ""타입"", ""샐러드정기배송"", ""다양한"", ""푸짐하고"", ""알차게"", ""만들어신선하고"", ""건강하게"", ""샐러드"", ""요일"", ""시간"", ""오전"", ""오후"", ""선택가능"", ""동선에따라"", ""오전오후로"", ""나뉩니다장소와"", ""수량에따라"", ""먼곳도"", ""하오니"", ""매장으로""]","[""샐러드정기배송"", ""타입"", ""샐러드정기배송"", ""다양한"", ""푸짐하고"", ""알차게"", ""만들어신선하고"", ""건강하게"", ""샐러드"", ""요일"", ""시간"", ""오전"", ""오후"", ""선택가능"", ""동선에따라"", ""오전오후로"", ""나뉩니다장소와"", ""수량에따라"", ""먼곳도"", ""하오니"", ""매장으로"", ""샐러드정기배송"", ""타입"", ""샐러드정기배송"", ""다양한"", ""푸짐하고"", ""알차게"", ""만들어신선하고"", ""건강하게"", ""샐러드"", ""요일"", ""시간"", ""오전"", ""오후"", ""선택가능"", ""동선에따라"", ""오전오후로"", ""나뉩니다장소와"", ""수량에따라"", ""먼곳도"", ""하오니"", ""매장으로""]"
https://www.instagram.com/p/DPLj37-Etio/,"제품제공이번 주말에는 오랜만에 양식 브런치 한상을 차려봤습니다!🤍 오믈렛 & 구운야채🤎 팬케이크🤍 샐러드오늘은 조금 특별한 브런치를 만들어봤는데,바로 실리팟 아이템으로만 완성했어요!❤️최근에 실리팟을 쓰게 되면서 모든 채소를 실리팟에 보관하는데, 정말 신선도가 오래가더라구요!!이걸 몰랐던 예전이 아쉬울 정도랍니다…🫶🏻✨오믈렛과 팬케이크는 컵 지퍼백에 넣어 간편하게 만들었는데요, 밀폐력이 좋아 넣고 흔들어 섞어주기만 하면 끝!그리고 제가 제일 자주 사용하는 실리팟 조리도구,집게·스파튤라·뒤집개·국자까지! 요리에 활용도가 정말 좋아요✨장비가 좋아지니 요리 실력까지 업! 되는 기분입니다 >.<🏷️ @silipot_official #실리팟 #실리팟실리콘지퍼백 #실리콘지퍼백 #홈쿡 #집밥 #요리그램 #푸드스타그램 #홈브런치 #실리팟실리콘조리도구 #팬케이크 #샐러드 #오믈렛",실리팟;실리팟실리콘지퍼백;실리콘지퍼백;홈쿡;집밥;요리그램;푸드스타그램;홈브런치;실리팟실리콘조리도구;팬케이크;샐러드;오믈렛,제품제공이번 주말에는 오랜만에 양식 브런치 한상을 차려봤습니다 오믈렛 구운야채 팬케이크 샐러드오늘은 조금 특별한 브런치를 만들어봤는데 바로 실리팟 아이템으로만 완성했어요 최근에 실리팟을 쓰게 되면서 모든 채소를 실리팟에 보관하는데 정말 신선도가 오래가더라구요 이걸 몰랐던 예전이 아쉬울 정도랍니다 오믈렛과 팬케이크는 컵 지퍼백에 넣어 간편하게 만들었는데요 밀폐력이 좋아 넣고 흔들어 섞어주기만 하면 끝 그리고 제가 제일 자주 사용하는 실리팟 조리도구 집게 스파튤라 뒤집개 국자까지 요리에 활용도가 정말 좋아요 장비가 좋아지니 요리 실력까지 업 되는 기분입니다 #실리팟 #실리팟실리콘지퍼백 #실리콘지퍼백 #홈쿡 #집밥 #요리그램 #푸드스타그램 #홈브런치 #실리팟실리콘조리도구 #팬케이크 #샐러드 #오믈렛,"[""제품제공이번"", ""주말에는"", ""양식"", ""브런치"", ""한상을"", ""차려봤습니다"", ""오믈렛"", ""구운야채"", ""팬케이크"", ""샐러드오늘은"", ""브런치를"", ""만들어봤는데"", ""실리팟"", ""아이템으로만"", ""완성했어요"", ""최근에"", ""실리팟을"", ""쓰게"", ""되면서"", ""채소를"", ""실리팟에"", ""보관하는데"", ""신선도가"", ""오래가더라구요"", ""이걸"", ""몰랐던"", ""예전이"", ""아쉬울"", ""정도랍니다"", ""오믈렛과"", ""팬케이크는"", ""지퍼백에"", ""간편하게"", ""만들었는데요"", ""밀폐력이"", ""좋아"", ""흔들어"", ""섞어주기만"", ""하면"", ""사용하는"", ""실리팟"", ""조리도구"", ""집게"", ""스파튤라"", ""뒤집개"", ""국자까지"", ""요리에"", ""활용도가"", ""장비가"", ""좋아지니"", ""요리"", ""실력까지"", ""기분입니다""]","[""실리팟"", ""실리팟실리콘지퍼백"", ""실리콘지퍼백"", ""홈쿡"", ""집밥"", ""요리그램"", ""푸드스타그램"", ""홈브런치"", ""실리팟실리콘조리도구"", ""팬케이크"", ""샐러드"", ""오믈렛""]","[""제품제공이번"", ""주말에는"", ""양식"", ""브런치"", ""한상을"", ""차려봤습니다"", ""오믈렛"", ""구운야채"", ""팬케이크"", ""샐러드오늘은"", ""브런치를"", ""만들어봤는데"", ""실리팟"", ""아이템으로만"", ""완성했어요"", ""최근에"", ""실리팟을"", ""쓰게"", ""되면서"", ""채소를"", ""실리팟에"", ""보관하는데"", ""신선도가"", ""오래가더라구요"", ""이걸"", ""몰랐던"", ""예전이"", ""아쉬울"", ""정도랍니다"", ""오믈렛과"", ""팬케이크는"", ""지퍼백에"", ""간편하게"", ""만들었는데요"", ""밀폐력이"", ""좋아"", ""흔들어"", ""섞어주기만"", ""하면"", ""사용하는"", ""실리팟"", ""조리도구"", ""집게"", ""스파튤라"", ""뒤집개"", ""국자까지"", ""요리에"", ""활용도가"", ""장비가"", ""좋아지니"", ""요리"", ""실력까지"", ""기분입니다"", ""실리팟"", ""실리팟실리콘지퍼백"", ""실리콘지퍼백"", ""홈쿡"", ""집밥"", ""요리그램"", ""푸드스타그램"", ""홈브런치"", ""실리팟실리콘조리도구"", ""팬케이크"", ""샐러드"", ""오믈렛""]"
https://www.instagram.com/p/DQI76BYAQRJ/c/18033021776513656/,"다양한 메뉴를 주문해주신 고객님께 잘 전달해 드렸습니다 :)예약해주시면 시간맞춰 준비해드리고 있어요!맛있게 드셨길 바라고 또 주문해 주세요 😍신선하고 정성스레 준비해 드리겠습니다!!#샐러드#샌드위치#스페셜베이글#아메리카노위클리베이글 강서점은,평일 07시, 주말 08시 오픈합니다.⛳️ 신해블루지움 주차장입구에서 빨간간판을 찾아보세요 :) 현대커넥트 맞은편😋#청주베이글#청주샌드위치#청주맛집#단체주문#생연어#잠봉뵈르#에그마요#베이글샌드위치#위클리베이글강서점#위클리베이글#터미널맛집#청주터미널#베이글",샐러드;샌드위치;스페셜베이글;아메리카노;청주베이글;청주샌드위치;청주맛집;단체주문;생연어;잠봉뵈르;에그마요;베이글샌드위치;위클리베이글강서점;위클리베이글;터미널맛집;청주터미널;베이글,다양한 메뉴를 주문해주신 고객님께 잘 전달해 드렸습니다 예약해주시면 시간맞춰 준비해드리고 있어요 맛있게 드셨길 바라고 또 주문해 주세요 신선하고 정성스레 준비해 드리겠습니다 #샐러드#샌드위치#스페셜베이글#아메리카노위클리베이글 강서점은 평일 시 주말 시 오픈합니다 신해블루지움 주차장입구에서 빨간간판을 찾아보세요 현대커넥트 맞은편 #청주베이글#청주샌드위치#청주맛집#단체주문#생연어#잠봉뵈르#에그마요#베이글샌드위치#위클리베이글강서점#위클리베이글#터미널맛집#청주터미널#베이글,"[""다양한"", ""메뉴를"", ""주문해주신"", ""고객님께"", ""전달해"", ""드렸습니다"", ""예약해주시면"", ""시간맞춰"", ""준비해드리고"", ""드셨길"", ""바라고"", ""주문해"", ""신선하고"", ""정성스레"", ""준비해"", ""드리겠습니다"", ""강서점은"", ""평일"", ""주말"", ""오픈합니다"", ""신해블루지움"", ""주차장입구에서"", ""빨간간판을"", ""찾아보세요"", ""현대커넥트"", ""맞은편""]","[""샐러드"", ""샌드위치"", ""스페셜베이글"", ""아메리카노"", ""청주베이글"", ""청주샌드위치"", ""청주맛집"", ""생연어"", ""잠봉뵈르"", ""에그마요"", ""베이글샌드위치"", ""위클리베이글강서점"", ""위클리베이글"", ""터미널맛집"", ""청주터미널"", ""베이글""]","[""다양한"", ""메뉴를"", ""주문해주신"", ""고객님께"", ""전달해"", ""드렸습니다"", ""예약해주시면"", ""시간맞춰"", ""준비해드리고"", ""드셨길"", ""바라고"", ""주문해"", ""신선하고"", ""정성스레"", ""준비해"", ""드리겠습니다"", ""강서점은"", ""평일"", ""주말"", ""오픈합니다"", ""신해블루지움"", ""주차장입구에서"", ""빨간간판을"", ""찾아보세요"", ""현대커넥트"", ""맞은편"", ""샐러드"", ""샌드위치"", ""스페셜베이글"", ""아메리카노"", ""청주베이글"", ""청주샌드위치"", ""청주맛집"", ""생연어"", ""잠봉뵈르"", ""에그마요"", ""베이글샌드위치"", ""위클리베이글강서점"", ""위클리베이글"", ""터미널맛집"", ""청주터미널"", ""베이글""]"
https://www.instagram.com/p/C0YKyf0S-tv/,🙋🏻‍♀️어제 밤 피드에 배 샐러드 아이디어를 주고가신 인친님❣️비록 루꼴라는 없지만 있는 재료 활용해서 샐러드 완성!넘넘넘 맛있는 샐러드랑 홍차로 티타임 가졌어요🫖참외샐러드랑 같은 느낌으로 배를 얇게 써는게 관건!소스는 올리브오일 홀그레인머스타드 레몬즙 꿀 후추블루베리 발사믹펄 핑크페퍼로 뽀인트!진짜 루꼴라까지 깔아주면 비주얼 넘 좋을 것 같아요😍새콤달콤 배 샐러드 꼭 드셔보세요🍐+ 수전증 챌린지 ㅋㅋㅋㅋㅋㅋㅋㅋㅋㅋㅋㅋㅋ🍴,,어제 밤 피드에 배 샐러드 아이디어를 주고가신 인친님 비록 루꼴라는 없지만 있는 재료 활용해서 샐러드 완성 넘넘넘 맛있는 샐러드랑 홍차로 티타임 가졌어요 참외샐러드랑 같은 느낌으로 배를 얇게 써는게 관건 소스는 올리브오일 홀그레인머스타드 레몬즙 꿀 후추블루베리 발사믹펄 핑크페퍼로 뽀인트 진짜 루꼴라까지 깔아주면 비주얼 넘 좋을 것 같아요 새콤달콤 배 샐러드 꼭 드셔보세요 수전증 챌린지 ㅋㅋㅋㅋㅋㅋㅋㅋㅋㅋㅋㅋㅋ,"[""피드에"", ""샐러드"", ""아이디어를"", ""주고가신"", ""인친님"", ""비록"", ""루꼴라는"", ""없지만"", ""재료"", ""활용해서"", ""샐러드"", ""완성"", ""넘넘넘"", ""샐러드랑"", ""홍차로"", ""티타임"", ""가졌어요"", ""참외샐러드랑"", ""느낌으로"", ""배를"", ""얇게"", ""써는게"", ""관건"", ""올리브오일"", ""홀그레인머스타드"", ""레몬즙"", ""후추블루베리"", ""발사믹펄"", ""핑크페퍼로"", ""뽀인트"", ""루꼴라까지"", ""깔아주면"", ""비주얼"", ""좋을"", ""새콤달콤"", ""샐러드"", ""수전증"", ""챌린지"", ""ㅋㅋㅋㅋㅋㅋㅋㅋㅋㅋㅋㅋㅋ""]","[""피드에"", ""샐러드"", ""아이디어를"", ""주고가신"", ""인친님"", ""비록"", ""루꼴라는"", ""없지만"", ""재료"", ""활용해서"", ""샐러드"", ""완성"", ""넘넘넘"", ""샐러드랑"", ""홍차로"", ""티타임"", ""가졌어요"", ""참외샐러드랑"", ""느낌으로"", ""배를"", ""얇게"", ""써는게"", ""관건"", ""올리브오일"", ""홀그레인머스타드"", ""레몬즙"", ""후추블루베리"", ""발사믹펄"", ""핑크페퍼로"", ""뽀인트"", ""루꼴라까지"", ""깔아주면"", ""비주얼"", ""좋을"", ""새콤달콤"", ""샐러드"", ""수전증"", ""챌린지"", ""ㅋㅋㅋㅋㅋㅋㅋㅋㅋㅋㅋㅋㅋ""]","[""피드에"", ""샐러드"", ""아이디어를"", ""주고가신"", ""인친님"", ""비록"", ""루꼴라는"", ""없지만"", ""재료"", ""활용해서"", ""샐러드"", ""완성"", ""넘넘넘"", ""샐러드랑"", ""홍차로"", ""티타임"", ""가졌어요"", ""참외샐러드랑"", ""느낌으로"", ""배를"", ""얇게"", ""써는게"", ""관건"", ""올리브오일"", ""홀그레인머스타드"", ""레몬즙"", ""후추블루베리"", ""발사믹펄"", ""핑크페퍼로"", ""뽀인트"", ""루꼴라까지"", ""깔아주면"", ""비주얼"", ""좋을"", ""새콤달콤"", ""샐러드"", ""수전증"", ""챌린지"", ""ㅋㅋㅋㅋㅋㅋㅋㅋㅋㅋㅋㅋㅋ"", ""피드에"", ""샐러드"", ""아이디어를"", ""주고가신"", ""인친님"", ""비록"", ""루꼴라는"", ""없지만"", ""재료"", ""활용해서"", ""샐러드"", ""완성"", ""넘넘넘"", ""샐러드랑"", ""홍차로"", ""티타임"", ""가졌어요"", ""참외샐러드랑"", ""느낌으로"", ""배를"", ""얇게"", ""써는게"", ""관건"", ""올리브오일"", ""홀그레인머스타드"", ""레몬즙"", ""후추블루베리"", ""발사믹펄"", ""핑크페퍼로"", ""뽀인트"", ""루꼴라까지"", ""깔아주면"", ""비주얼"", ""좋을"", ""새콤달콤"", ""샐러드"", ""수전증"", ""챌린지"", ""ㅋㅋㅋㅋㅋㅋㅋㅋㅋㅋㅋㅋㅋ""]"
https://www.instagram.com/p/DJz-fWPzMAe/c/18055560647194825/,"빵은 기본! 커피, 샌드위치, 샐러드, 파스타, 빙수까지🫡언제든 편하게 오셔서 맛있게 드셔주세요!오늘도 잘 부탁드립니다〰️🖤#동두천빵집 #동두천카페 #동두천맛집#동두천베이커리 #브레드타임베이커리",동두천빵집;동두천카페;동두천맛집;동두천베이커리;브레드타임베이커리,빵은 기본 커피 샌드위치 샐러드 파스타 빙수까지 언제든 편하게 오셔서 맛있게 드셔주세요 오늘도 잘 부탁드립니다 #동두천빵집 #동두천카페 #동두천맛집#동두천베이커리 #브레드타임베이커리,"[""빵은"", ""커피"", ""샌드위치"", ""샐러드"", ""파스타"", ""빙수까지"", ""편하게"", ""오셔서"", ""드셔주세요""]","[""동두천빵집"", ""동두천카페"", ""동두천맛집"", ""동두천베이커리"", ""브레드타임베이커리""]","[""빵은"", ""커피"", ""샌드위치"", ""샐러드"", ""파스타"", ""빙수까지"", ""편하게"", ""오셔서"", ""드셔주세요"", ""동두천빵집"", ""동두천카페"", ""동두천맛집"", ""동두천베이커리"", ""브레드타임베이커리""]"
https://www.instagram.com/p/DPdTba8k8EM/,"#광고#보세페 1년에 단 한 번!!온·오프라인 동시 진행되는 보니타하우스 세일 페스타가 돌아왔어요🎉전품목 최저가 혜택이라 이번 기회는 절대 놓칠 수 없죠! 저는 이번에💙 체코 전통 도자기 브랜드 체스키포슬란💙 감각적인 커트러리 보겐 미네뜨아이템들을 데려왔어요☺️ ⸻ 🍽️ [체스키포슬란 - 프라하화이트 시리즈]200년 전통 장인의 손길이 담긴 포슬린✨은은한 광택과 우아한 디자인이 정말 매력적이에요- 스프볼 세트- 플라워 원형 접시 (19cm)- 플라워 타원형 샐러드 접시 (23cm)이렇게 구성해봤는데, 테이블 분위기가 완전 달라져요😘 ⸻ 🍴 [보겐 미네뜨 커트러리]클래식하면서도 실용적인 디자인에가격까지 착해서 깜짝 놀랐어요!진짜 이 퀄리티, 보세페가 아니면 못 만나요🙌 #보니타하우스 @_bonitahouse 🏡 보니타하우스는 해외에서 주목받는 리빙 아이템을프리미엄 큐레이션으로 소개하는 공간이에요이번 보세페 덕분에 오래 두고 아껴 쓸 아이템들을더 합리적인 가격에 데려올 수 있어서 완전 만족❤️ 클래식한 테이블웨어나 홈카페 감성 아이템을 찾고 있다면이번 보세페 전품목 최저가 꼭 구경해보세요!우리 집 식탁이 더 특별해질 거예요🥂 #전품목최저가 #체스키포슬란 #프라하화이트 #클래식테이블웨어 #홈카페감성 #감성식탁 #리빙아이템추천 #보니타즈 #서포터즈증정 #지름신강림 #홈스토랑 #이쁜그릇 #샐러드 #과일플레이트",광고;보세페;보니타하우스;전품목최저가;체스키포슬란;프라하화이트;클래식테이블웨어;홈카페감성;감성식탁;리빙아이템추천;보니타즈;서포터즈증정;지름신강림;홈스토랑;이쁜그릇;샐러드;과일플레이트,#광고#보세페 년에 단 한 번 온 오프라인 동시 진행되는 보니타하우스 세일 페스타가 돌아왔어요 전품목 최저가 혜택이라 이번 기회는 절대 놓칠 수 없죠 저는 이번에 체코 전통 도자기 브랜드 체스키포슬란 감각적인 커트러리 보겐 미네뜨아이템들을 데려왔어요 체스키포슬란 프라하화이트 시리즈 년 전통 장인의 손길이 담긴 포슬린 은은한 광택과 우아한 디자인이 정말 매력적이에요 스프볼 세트 플라워 원형 접시 플라워 타원형 샐러드 접시 이렇게 구성해봤는데 테이블 분위기가 완전 달라져요 보겐 미네뜨 커트러리 클래식하면서도 실용적인 디자인에가격까지 착해서 깜짝 놀랐어요 진짜 이 퀄리티 보세페가 아니면 못 만나요 #보니타하우스 보니타하우스는 해외에서 주목받는 리빙 아이템을프리미엄 큐레이션으로 소개하는 공간이에요이번 보세페 덕분에 오래 두고 아껴 쓸 아이템들을더 합리적인 가격에 데려올 수 있어서 완전 만족 클래식한 테이블웨어나 홈카페 감성 아이템을 찾고 있다면이번 보세페 전품목 최저가 꼭 구경해보세요 우리 집 식탁이 더 특별해질 거예요 #전품목최저가 #체스키포슬란 #프라하화이트 #클래식테이블웨어 #홈카페감성 #감성식탁 #리빙아이템추천 #보니타즈 #서포터즈증정 #지름신강림 #홈스토랑 #이쁜그릇 #샐러드 #과일플레이트,"[""년에"", ""오프라인"", ""동시"", ""진행되는"", ""보니타하우스"", ""세일"", ""페스타가"", ""돌아왔어요"", ""전품목"", ""최저가"", ""혜택이라"", ""기회는"", ""절대"", ""놓칠"", ""없죠"", ""이번에"", ""체코"", ""전통"", ""도자기"", ""체스키포슬란"", ""감각적인"", ""커트러리"", ""보겐"", ""미네뜨아이템들을"", ""데려왔어요"", ""체스키포슬란"", ""프라하화이트"", ""시리즈"", ""전통"", ""장인의"", ""손길이"", ""담긴"", ""포슬린"", ""은은한"", ""광택과"", ""우아한"", ""디자인이"", ""매력적이에요"", ""스프볼"", ""세트"", ""플라워"", ""원형"", ""플라워"", ""타원형"", ""샐러드"", ""구성해봤는데"", ""분위기가"", ""달라져요"", ""보겐"", ""미네뜨"", ""커트러리"", ""클래식하면서도"", ""실용적인"", ""디자인에가격까지"", ""착해서"", ""깜짝"", ""놀랐어요"", ""퀄리티"", ""보세페가"", ""아니면"", ""만나요"", ""보니타하우스는"", ""해외에서"", ""주목받는"", ""리빙"", ""아이템을프리미엄"", ""큐레이션으로"", ""소개하는"", ""공간이에요이번"", ""보세페"", ""덕분에"", ""오래"", ""두고"", ""아껴"", ""아이템들을더"", ""합리적인"", ""가격에"", ""데려올"", ""만족"", ""클래식한"", ""테이블웨어나"", ""홈카페"", ""감성"", ""아이템을"", ""찾고"", ""있다면이번"", ""보세페"", ""전품목"", ""최저가"", ""구경해보세요"", ""식탁이"", ""특별해질"", ""거예요""]","[""광고"", ""보세페"", ""보니타하우스"", ""전품목최저가"", ""체스키포슬란"", ""프라하화이트"", ""클래식테이블웨어"", ""홈카페감성"", ""감성식탁"", ""리빙아이템추천"", ""보니타즈"", ""서포터즈증정"", ""지름신강림"", ""홈스토랑"", ""이쁜그릇"", ""샐러드"", ""과일플레이트""]","[""년에"", ""오프라인"", ""동시"", ""진행되는"", ""보니타하우스"", ""세일"", ""페스타가"", ""돌아왔어요"", ""전품목"", ""최저가"", ""혜택이라"", ""기회는"", ""절대"", ""놓칠"", ""없죠"", ""이번에"", ""체코"", ""전통"", ""도자기"", ""체스키포슬란"", ""감각적인"", ""커트러리"", ""보겐"", ""미네뜨아이템들을"", ""데려왔어요"", ""체스키포슬란"", ""프라하화이트"", ""시리즈"", ""전통"", ""장인의"", ""손길이"", ""담긴"", ""포슬린"", ""은은한"", ""광택과"", ""우아한"", ""디자인이"", ""매력적이에요"", ""스프볼"", ""세트"", ""플라워"", ""원형"", ""플라워"", ""타원형"", ""샐러드"", ""구성해봤는데"", ""분위기가"", ""달라져요"", ""보겐"", ""미네뜨"", ""커트러리"", ""클래식하면서도"", ""실용적인"", ""디자인에가격까지"", ""착해서"", ""깜짝"", ""놀랐어요"", ""퀄리티"", ""보세페가"", ""아니면"", ""만나요"", ""보니타하우스는"", ""해외에서"", ""주목받는"", ""리빙"", ""아이템을프리미엄"", ""큐레이션으로"", ""소개하는"", ""공간이에요이번"", ""보세페"", ""덕분에"", ""오래"", ""두고"", ""아껴"", ""아이템들을더"", ""합리적인"", ""가격에"", ""데려올"", ""만족"", ""클래식한"", ""테이블웨어나"", ""홈카페"", ""감성"", ""아이템을"", ""찾고"", ""있다면이번"", ""보세페"", ""전품목"", ""최저가"", ""구경해보세요"", ""식탁이"", ""특별해질"", ""거예요"", ""광고"", ""보세페"", ""보니타하우스"", ""전품목최저가"", ""체스키포슬란"", ""프라하화이트"", ""클래식테이블웨어"", ""홈카페감성"", ""감성식탁"", ""리빙아이템추천"", ""보니타즈"", ""서포터즈증정"", ""지름신강림"", ""홈스토랑"", ""이쁜그릇"", ""샐러드"", ""과일플레이트""]"
https://www.instagram.com/p/DNploApy02Q/c/18073053557023024/,도시락싸는거 자체가 부지런..ㅋㅋㅋㅋㅋㅋ#도시락 #직장인 #부라타치즈 #무화과 #샐러드 #토스트 #존맛 #얼리버드 #부지런 #짤퀸,도시락;직장인;부라타치즈;무화과;샐러드;토스트;존맛;얼리버드;부지런;짤퀸,도시락싸는거 자체가 부지런 ㅋㅋㅋㅋㅋㅋ#도시락 #직장인 #부라타치즈 #무화과 #샐러드 #토스트 #존맛 #얼리버드 #부지런 #짤퀸,"[""도시락싸는거"", ""자체가"", ""부지런"", ""ㅋㅋㅋㅋㅋㅋ""]","[""도시락"", ""직장인"", ""부라타치즈"", ""무화과"", ""샐러드"", ""토스트"", ""존맛"", ""얼리버드"", ""부지런"", ""짤퀸""]","[""도시락싸는거"", ""자체가"", ""부지런"", ""ㅋㅋㅋㅋㅋㅋ"", ""도시락"", ""직장인"", ""부라타치즈"", ""무화과"", ""샐러드"", ""토스트"", ""존맛"", ""얼리버드"", ""부지런"", ""짤퀸""]"
https://www.instagram.com/p/DNFlgrJuDN2/,"다이어트엔 이게 최고! 이렇게 드셔요 ~갱년기 증상이 하나둘 찾아와 몸도 마음도 변하는 시기엔무엇보다 먹거리가 중요해요🥢절대 굶지 말고 잘 챙겨먹어어해요잘  지나가 보겠습니다😊재료아보카도 반개두부반모양상추와 샐러드채소자색양파 조금소스간장1T올리브유2T참기름1T들기름1T발사믹식초1T다진마늘1t홀그래인머스타드1t꿀은 취향껏 ….☑️두부는 끓는물에 후루룩 삶아 체에 밭쳐 물기를빼먹기좋게 잘라요☑️아보카도와 야채믹스 준비해요☑️소스믹스해요☑️볼에 야채믹스, 아보카도, 두부 올리고 소스뿌려요배부르고 맛있는데 건강한 다이어트도 된답니다 #샐러드#아보카도샐러드#아보카도두부샐러드#다이어트#갱년기극복#갱년기식단#다이어트식단#건강식단#건강관리#집밥#한국#korea#냉장고털기",샐러드;아보카도샐러드;아보카도두부샐러드;다이어트;갱년기극복;갱년기식단;다이어트식단;건강식단;건강관리;집밥;한국;korea;냉장고털기,다이어트엔 이게 최고 이렇게 드셔요 갱년기 증상이 하나둘 찾아와 몸도 마음도 변하는 시기엔무엇보다 먹거리가 중요해요 절대 굶지 말고 잘 챙겨먹어어해요잘 지나가 보겠습니다 재료아보카도 반개두부반모양상추와 샐러드채소자색양파 조금소스간장 올리브유 참기름 들기름 발사믹식초 다진마늘 홀그래인머스타드 꿀은 취향껏 두부는 끓는물에 후루룩 삶아 체에 밭쳐 물기를빼먹기좋게 잘라요 아보카도와 야채믹스 준비해요 소스믹스해요 볼에 야채믹스 아보카도 두부 올리고 소스뿌려요배부르고 맛있는데 건강한 다이어트도 된답니다 #샐러드#아보카도샐러드#아보카도두부샐러드#다이어트#갱년기극복#갱년기식단#다이어트식단#건강식단#건강관리#집밥#한국# #냉장고털기,"[""다이어트엔"", ""이게"", ""최고"", ""드셔요"", ""갱년기"", ""증상이"", ""하나둘"", ""찾아와"", ""몸도"", ""마음도"", ""변하는"", ""시기엔무엇보다"", ""먹거리가"", ""중요해요"", ""절대"", ""굶지"", ""말고"", ""챙겨먹어어해요잘"", ""지나가"", ""보겠습니다"", ""재료아보카도"", ""반개두부반모양상추와"", ""샐러드채소자색양파"", ""조금소스간장"", ""올리브유"", ""참기름"", ""들기름"", ""발사믹식초"", ""다진마늘"", ""홀그래인머스타드"", ""꿀은"", ""취향껏"", ""두부는"", ""끓는물에"", ""후루룩"", ""삶아"", ""체에"", ""밭쳐"", ""물기를빼먹기좋게"", ""잘라요"", ""아보카도와"", ""야채믹스"", ""준비해요"", ""소스믹스해요"", ""볼에"", ""야채믹스"", ""아보카도"", ""두부"", ""소스뿌려요배부르고"", ""맛있는데"", ""건강한"", ""다이어트도"", ""된답니다""]","[""샐러드"", ""아보카도샐러드"", ""아보카도두부샐러드"", ""다이어트"", ""갱년기극복"", ""갱년기식단"", ""다이어트식단"", ""건강식단"", ""건강관리"", ""집밥"", ""한국"", ""냉장고털기""]","[""다이어트엔"", ""이게"", ""최고"", ""드셔요"", ""갱년기"", ""증상이"", ""하나둘"", ""찾아와"", ""몸도"", ""마음도"", ""변하는"", ""시기엔무엇보다"", ""먹거리가"", ""중요해요"", ""절대"", ""굶지"", ""말고"", ""챙겨먹어어해요잘"", ""지나가"", ""보겠습니다"", ""재료아보카도"", ""반개두부반모양상추와"", ""샐러드채소자색양파"", ""조금소스간장"", ""올리브유"", ""참기름"", ""들기름"", ""발사믹식초"", ""다진마늘"", ""홀그래인머스타드"", ""꿀은"", ""취향껏"", ""두부는"", ""끓는물에"", ""후루룩"", ""삶아"", ""체에"", ""밭쳐"", ""물기를빼먹기좋게"", ""잘라요"", ""아보카도와"", ""야채믹스"", ""준비해요"", ""소스믹스해요"", ""볼에"", ""야채믹스"", ""아보카도"", ""두부"", ""소스뿌려요배부르고"", ""맛있는데"", ""건강한"", ""다이어트도"", ""된답니다"", ""샐러드"", ""아보카도샐러드"", ""아보카도두부샐러드"", ""다이어트"", ""갱년기극복"", ""갱년기식단"", ""다이어트식단"", ""건강식단"", ""건강관리"", ""집밥"", ""한국"", ""냉장고털기""]"
https://www.instagram.com/p/DQBlNvbkVP0/,"#제품제공 아이가 첫 시험을 보고 돌아왔어요잘하고 싶다고, 스스로 준비도 많이 했거든요시험 볼 때 손이 떨리고 너무 긴장됐다고 하네요T엄마는 역시 T스타일로 위로를 해줬는데… 과연 위로가 되었을까요 ㅋㅋ🤔 출출하다고 해서아이가 좋아하는 간식을 만들어줬어요요즘 딸이 구운 빵과 샐러드에 푹 빠져 있거든요 그 위에 고쎄 콘디멘토 리제르바 15년산 발사믹식초를 곁들이면 맛이 두 배, 세 배는 풍부해져요이탈리아 모데나 지방의 전통 방식으로 만들어첨가물 없이 오직 시간의 힘으로, 여러 종류의 나무통에서 숙성했다고 해요그래서인지 맛이 확실히 다르더라고요 첫맛은 부드럽게 달콤하고, 뒤로 갈수록 은은한 산미가 고급스럽게 퍼져밸런스가 참 좋아요🕊@treeaz_namuzon #온더테이블 #플레이팅 #발사믹식초 #발사믹식초추천 #고쎄콘디멘토 #treeaz #홈카페 #샐러드 #샐러드맛집 #홈카페메뉴 #homecafe #homecaferecipe #tabledecorations #tableseting #테이블스타일링",제품제공;온더테이블;플레이팅;발사믹식초;발사믹식초추천;고쎄콘디멘토;treeaz;홈카페;샐러드;샐러드맛집;홈카페메뉴;homecafe;homecaferecipe;tabledecorations;tableseting;테이블스타일링,#제품제공 아이가 첫 시험을 보고 돌아왔어요잘하고 싶다고 스스로 준비도 많이 했거든요시험 볼 때 손이 떨리고 너무 긴장됐다고 하네요 엄마는 역시 스타일로 위로를 해줬는데 과연 위로가 되었을까요 ㅋㅋ 출출하다고 해서아이가 좋아하는 간식을 만들어줬어요요즘 딸이 구운 빵과 샐러드에 푹 빠져 있거든요 그 위에 고쎄 콘디멘토 리제르바 년산 발사믹식초를 곁들이면 맛이 두 배 세 배는 풍부해져요이탈리아 모데나 지방의 전통 방식으로 만들어첨가물 없이 오직 시간의 힘으로 여러 종류의 나무통에서 숙성했다고 해요그래서인지 맛이 확실히 다르더라고요 첫맛은 부드럽게 달콤하고 뒤로 갈수록 은은한 산미가 고급스럽게 퍼져밸런스가 참 좋아요 #온더테이블 #플레이팅 #발사믹식초 #발사믹식초추천 #고쎄콘디멘토 # #홈카페 #샐러드 #샐러드맛집 #홈카페메뉴 # # # # #테이블스타일링,"[""아이가"", ""시험을"", ""돌아왔어요잘하고"", ""싶다고"", ""스스로"", ""준비도"", ""했거든요시험"", ""손이"", ""떨리고"", ""긴장됐다고"", ""하네요"", ""엄마는"", ""스타일로"", ""위로를"", ""해줬는데"", ""과연"", ""위로가"", ""되었을까요"", ""ㅋㅋ"", ""출출하다고"", ""해서아이가"", ""좋아하는"", ""간식을"", ""만들어줬어요요즘"", ""딸이"", ""구운"", ""빵과"", ""샐러드에"", ""빠져"", ""있거든요"", ""고쎄"", ""콘디멘토"", ""리제르바"", ""년산"", ""발사믹식초를"", ""곁들이면"", ""배는"", ""풍부해져요이탈리아"", ""모데나"", ""지방의"", ""전통"", ""방식으로"", ""만들어첨가물"", ""오직"", ""시간의"", ""힘으로"", ""종류의"", ""나무통에서"", ""숙성했다고"", ""해요그래서인지"", ""확실히"", ""다르더라고요"", ""첫맛은"", ""부드럽게"", ""달콤하고"", ""뒤로"", ""갈수록"", ""은은한"", ""산미가"", ""고급스럽게"", ""퍼져밸런스가""]","[""제품제공"", ""온더테이블"", ""플레이팅"", ""발사믹식초"", ""발사믹식초추천"", ""고쎄콘디멘토"", ""홈카페"", ""샐러드"", ""샐러드맛집"", ""홈카페메뉴"", ""테이블스타일링""]","[""아이가"", ""시험을"", ""돌아왔어요잘하고"", ""싶다고"", ""스스로"", ""준비도"", ""했거든요시험"", ""손이"", ""떨리고"", ""긴장됐다고"", ""하네요"", ""엄마는"", ""스타일로"", ""위로를"", ""해줬는데"", ""과연"", ""위로가"", ""되었을까요"", ""ㅋㅋ"", ""출출하다고"", ""해서아이가"", ""좋아하는"", ""간식을"", ""만들어줬어요요즘"", ""딸이"", ""구운"", ""빵과"", ""샐러드에"", ""빠져"", ""있거든요"", ""고쎄"", ""콘디멘토"", ""리제르바"", ""년산"", ""발사믹식초를"", ""곁들이면"", ""배는"", ""풍부해져요이탈리아"", ""모데나"", ""지방의"", ""전통"", ""방식으로"", ""만들어첨가물"", ""오직"", ""시간의"", ""힘으로"", ""종류의"", ""나무통에서"", ""숙성했다고"", ""해요그래서인지"", ""확실히"", ""다르더라고요"", ""첫맛은"", ""부드럽게"", ""달콤하고"", ""뒤로"", ""갈수록"", ""은은한"", ""산미가"", ""고급스럽게"", ""퍼져밸런스가"", ""제품제공"", ""온더테이블"", ""플레이팅"", ""발사믹식초"", ""발사믹식초추천"", ""고쎄콘디멘토"", ""홈카페"", ""샐러드"", ""샐러드맛집"", ""홈카페메뉴"", ""테이블스타일링""]"
https://www.instagram.com/p/DQBlNvbkVP0/c/17920024374178920/,"#제품제공 아이가 첫 시험을 보고 돌아왔어요잘하고 싶다고, 스스로 준비도 많이 했거든요시험 볼 때 손이 떨리고 너무 긴장됐다고 하네요T엄마는 역시 T스타일로 위로를 해줬는데… 과연 위로가 되었을까요 ㅋㅋ🤔 출출하다고 해서아이가 좋아하는 간식을 만들어줬어요요즘 딸이 구운 빵과 샐러드에 푹 빠져 있거든요 그 위에 고쎄 콘디멘토 리제르바 15년산 발사믹식초를 곁들이면 맛이 두 배, 세 배는 풍부해져요이탈리아 모데나 지방의 전통 방식으로 만들어첨가물 없이 오직 시간의 힘으로, 여러 종류의 나무통에서 숙성했다고 해요그래서인지 맛이 확실히 다르더라고요 첫맛은 부드럽게 달콤하고, 뒤로 갈수록 은은한 산미가 고급스럽게 퍼져밸런스가 참 좋아요🕊@treeaz_namuzon #온더테이블 #플레이팅 #발사믹식초 #발사믹식초추천 #고쎄콘디멘토 #treeaz #홈카페 #샐러드 #샐러드맛집 #홈카페메뉴 #homecafe #homecaferecipe #tabledecorations #tableseting #테이블스타일링",제품제공;온더테이블;플레이팅;발사믹식초;발사믹식초추천;고쎄콘디멘토;treeaz;홈카페;샐러드;샐러드맛집;홈카페메뉴;homecafe;homecaferecipe;tabledecorations;tableseting;테이블스타일링,#제품제공 아이가 첫 시험을 보고 돌아왔어요잘하고 싶다고 스스로 준비도 많이 했거든요시험 볼 때 손이 떨리고 너무 긴장됐다고 하네요 엄마는 역시 스타일로 위로를 해줬는데 과연 위로가 되었을까요 ㅋㅋ 출출하다고 해서아이가 좋아하는 간식을 만들어줬어요요즘 딸이 구운 빵과 샐러드에 푹 빠져 있거든요 그 위에 고쎄 콘디멘토 리제르바 년산 발사믹식초를 곁들이면 맛이 두 배 세 배는 풍부해져요이탈리아 모데나 지방의 전통 방식으로 만들어첨가물 없이 오직 시간의 힘으로 여러 종류의 나무통에서 숙성했다고 해요그래서인지 맛이 확실히 다르더라고요 첫맛은 부드럽게 달콤하고 뒤로 갈수록 은은한 산미가 고급스럽게 퍼져밸런스가 참 좋아요 #온더테이블 #플레이팅 #발사믹식초 #발사믹식초추천 #고쎄콘디멘토 # #홈카페 #샐러드 #샐러드맛집 #홈카페메뉴 # # # # #테이블스타일링,"[""아이가"", ""시험을"", ""돌아왔어요잘하고"", ""싶다고"", ""스스로"", ""준비도"", ""했거든요시험"", ""손이"", ""떨리고"", ""긴장됐다고"", ""하네요"", ""엄마는"", ""스타일로"", ""위로를"", ""해줬는데"", ""과연"", ""위로가"", ""되었을까요"", ""ㅋㅋ"", ""출출하다고"", ""해서아이가"", ""좋아하는"", ""간식을"", ""만들어줬어요요즘"", ""딸이"", ""구운"", ""빵과"", ""샐러드에"", ""빠져"", ""있거든요"", ""고쎄"", ""콘디멘토"", ""리제르바"", ""년산"", ""발사믹식초를"", ""곁들이면"", ""배는"", ""풍부해져요이탈리아"", ""모데나"", ""지방의"", ""전통"", ""방식으로"", ""만들어첨가물"", ""오직"", ""시간의"", ""힘으로"", ""종류의"", ""나무통에서"", ""숙성했다고"", ""해요그래서인지"", ""확실히"", ""다르더라고요"", ""첫맛은"", ""부드럽게"", ""달콤하고"", ""뒤로"", ""갈수록"", ""은은한"", ""산미가"", ""고급스럽게"", ""퍼져밸런스가""]","[""제품제공"", ""온더테이블"", ""플레이팅"", ""발사믹식초"", ""발사믹식초추천"", ""고쎄콘디멘토"", ""홈카페"", ""샐러드"", ""샐러드맛집"", ""홈카페메뉴"", ""테이블스타일링""]","[""아이가"", ""시험을"", ""돌아왔어요잘하고"", ""싶다고"", ""스스로"", ""준비도"", ""했거든요시험"", ""손이"", ""떨리고"", ""긴장됐다고"", ""하네요"", ""엄마는"", ""스타일로"", ""위로를"", ""해줬는데"", ""과연"", ""위로가"", ""되었을까요"", ""ㅋㅋ"", ""출출하다고"", ""해서아이가"", ""좋아하는"", ""간식을"", ""만들어줬어요요즘"", ""딸이"", ""구운"", ""빵과"", ""샐러드에"", ""빠져"", ""있거든요"", ""고쎄"", ""콘디멘토"", ""리제르바"", ""년산"", ""발사믹식초를"", ""곁들이면"", ""배는"", ""풍부해져요이탈리아"", ""모데나"", ""지방의"", ""전통"", ""방식으로"", ""만들어첨가물"", ""오직"", ""시간의"", ""힘으로"", ""종류의"", ""나무통에서"", ""숙성했다고"", ""해요그래서인지"", ""확실히"", ""다르더라고요"", ""첫맛은"", ""부드럽게"", ""달콤하고"", ""뒤로"", ""갈수록"", ""은은한"", ""산미가"", ""고급스럽게"", ""퍼져밸런스가"", ""제품제공"", ""온더테이블"", ""플레이팅"", ""발사믹식초"", ""발사믹식초추천"", ""고쎄콘디멘토"", ""홈카페"", ""샐러드"", ""샐러드맛집"", ""홈카페메뉴"", ""테이블스타일링""]"
https://www.instagram.com/p/DQE5YejDz3j/,점심 오랜만에 나가서 먹음#20251022 #아점저 #샐러드 #식단 #필라테스 #저속노화 #diet #오운완 #포케올데이,20251022;아점저;샐러드;식단;필라테스;저속노화;diet;오운완;포케올데이,점심 오랜만에 나가서 먹음# #아점저 #샐러드 #식단 #필라테스 #저속노화 # #오운완 #포케올데이,"[""점심"", ""나가서"", ""먹음""]","[""아점저"", ""샐러드"", ""식단"", ""필라테스"", ""저속노화"", ""오운완"", ""포케올데이""]","[""점심"", ""나가서"", ""먹음"", ""아점저"", ""샐러드"", ""식단"", ""필라테스"", ""저속노화"", ""오운완"", ""포케올데이""]"
https://www.instagram.com/p/DQHEl0uk3_w/,이거 보고 고양이밥이라는데..? 🐈캣닢🌿과 생선🐟#샐러드맛집 #샐러드 #먹스타그램 #일기장 #고양이간식 #저녁,샐러드맛집;샐러드;먹스타그램;일기장;고양이간식;저녁,이거 보고 고양이밥이라는데 캣닢 과 생선 #샐러드맛집 #샐러드 #먹스타그램 #일기장 #고양이간식 #저녁,"[""고양이밥이라는데"", ""캣닢"", ""생선""]","[""샐러드맛집"", ""샐러드"", ""먹스타그램"", ""일기장"", ""고양이간식"", ""저녁""]","[""고양이밥이라는데"", ""캣닢"", ""생선"", ""샐러드맛집"", ""샐러드"", ""먹스타그램"", ""일기장"", ""고양이간식"", ""저녁""]"
https://www.instagram.com/p/DQGuTI6kkpj/c/17964688598979792/,1차로 카페가고 2차는 집에서 티타임 ☕️🍵잘 먹었숨니당🍰🥗👍💕👏👏..#냠냠 #브런치 #티타임 #샐러드 #프렌치토스트,냠냠;브런치;티타임;샐러드;프렌치토스트,차로 카페가고 차는 집에서 티타임 잘 먹었숨니당 #냠냠 #브런치 #티타임 #샐러드 #프렌치토스트,"[""차로"", ""카페가고"", ""차는"", ""집에서"", ""티타임"", ""먹었숨니당""]","[""냠냠"", ""브런치"", ""티타임"", ""샐러드"", ""프렌치토스트""]","[""차로"", ""카페가고"", ""차는"", ""집에서"", ""티타임"", ""먹었숨니당"", ""냠냠"", ""브런치"", ""티타임"", ""샐러드"", ""프렌치토스트""]"
https://www.instagram.com/p/DQG6F8MEZx9/c/18207022054312155/,- #샐러드 #연어 #허브 #이파리 #레드소렐허브를샀는데 생선이랑 잘 어울린다길래 연어도 삼어찌 먹어얄지 고민하다 나무처럼 옆에 심어봄ㅋㅋ#연어3일째 맛은 있지만 중삼이는 당분간은 안먹고싶다함ㅋㅋㅋ#소렐 이름기억안나서 찾아냄ㅋㅋㅋㅋ,샐러드;연어;허브;이파리;레드소렐허브를샀는데;연어3일째;소렐,#샐러드 #연어 #허브 #이파리 #레드소렐허브를샀는데 생선이랑 잘 어울린다길래 연어도 삼어찌 먹어얄지 고민하다 나무처럼 옆에 심어봄ㅋㅋ#연어 일째 맛은 있지만 중삼이는 당분간은 안먹고싶다함ㅋㅋㅋ#소렐 이름기억안나서 찾아냄ㅋㅋㅋㅋ,"[""생선이랑"", ""어울린다길래"", ""연어도"", ""삼어찌"", ""먹어얄지"", ""고민하다"", ""나무처럼"", ""옆에"", ""심어봄ㅋㅋ"", ""일째"", ""있지만"", ""중삼이는"", ""당분간은"", ""안먹고싶다함ㅋㅋㅋ"", ""이름기억안나서"", ""찾아냄ㅋㅋㅋㅋ""]","[""샐러드"", ""연어"", ""허브"", ""이파리"", ""레드소렐허브를샀는데"", ""연어"", ""일째"", ""소렐""]","[""생선이랑"", ""어울린다길래"", ""연어도"", ""삼어찌"", ""먹어얄지"", ""고민하다"", ""나무처럼"", ""옆에"", ""심어봄ㅋㅋ"", ""일째"", ""있지만"", ""중삼이는"", ""당분간은"", ""안먹고싶다함ㅋㅋㅋ"", ""이름기억안나서"", ""찾아냄ㅋㅋㅋㅋ"", ""샐러드"", ""연어"", ""허브"", ""이파리"", ""레드소렐허브를샀는데"", ""연어"", ""일째"", ""소렐""]"
https://www.instagram.com/p/DQIngjYDwKE/,"10월 23일 목요일 메뉴입니다!!🍎출근길이 너무 막혀 이상하다 하면서 보니, 도로에 사고가 있네요.다소 지루한 것 같지만 무탈한 일상이 정말 감사한 걸 느끼는 아침이었어요.오늘도 맛점하시고, 편안한 오후 이어가셔요 ~💕구수한 #사골미역국뭉근하게 푹 익힌 #돈등뼈찜 준비했습니다 ~쫄깃한 #버섯야채부침개 와달콤한 #소떡소떡 준비했구요#도토리묵무침 과 #숙주나물#수제알타리김치후식:) #알새우칩   #숭늉  #샐러드준비했습니다 ~🥰",사골미역국뭉근하게;돈등뼈찜;버섯야채부침개;소떡소떡;도토리묵무침;숙주나물;수제알타리김치후식;알새우칩;숭늉;샐러드준비했습니다,월 일 목요일 메뉴입니다 출근길이 너무 막혀 이상하다 하면서 보니 도로에 사고가 있네요 다소 지루한 것 같지만 무탈한 일상이 정말 감사한 걸 느끼는 아침이었어요 오늘도 맛점하시고 편안한 오후 이어가셔요 구수한 #사골미역국뭉근하게 푹 익힌 #돈등뼈찜 준비했습니다 쫄깃한 #버섯야채부침개 와달콤한 #소떡소떡 준비했구요#도토리묵무침 과 #숙주나물#수제알타리김치후식 #알새우칩 #숭늉 #샐러드준비했습니다,"[""목요일"", ""메뉴입니다"", ""출근길이"", ""막혀"", ""이상하다"", ""하면서"", ""보니"", ""도로에"", ""사고가"", ""있네요"", ""다소"", ""지루한"", ""같지만"", ""무탈한"", ""일상이"", ""감사한"", ""느끼는"", ""아침이었어요"", ""맛점하시고"", ""편안한"", ""오후"", ""이어가셔요"", ""구수한"", ""익힌"", ""준비했습니다"", ""쫄깃한"", ""와달콤한"", ""준비했구요""]","[""사골미역국뭉근하게"", ""돈등뼈찜"", ""버섯야채부침개"", ""소떡소떡"", ""도토리묵무침"", ""숙주나물"", ""수제알타리김치후식"", ""알새우칩"", ""숭늉"", ""샐러드준비했습니다""]","[""목요일"", ""메뉴입니다"", ""출근길이"", ""막혀"", ""이상하다"", ""하면서"", ""보니"", ""도로에"", ""사고가"", ""있네요"", ""다소"", ""지루한"", ""같지만"", ""무탈한"", ""일상이"", ""감사한"", ""느끼는"", ""아침이었어요"", ""맛점하시고"", ""편안한"", ""오후"", ""이어가셔요"", ""구수한"", ""익힌"", ""준비했습니다"", ""쫄깃한"", ""와달콤한"", ""준비했구요"", ""사골미역국뭉근하게"", ""돈등뼈찜"", ""버섯야채부침개"", ""소떡소떡"", ""도토리묵무침"", ""숙주나물"", ""수제알타리김치후식"", ""알새우칩"", ""숭늉"", ""샐러드준비했습니다""]"
https://www.instagram.com/p/DPnYXwaj8x_/,"𝑭𝒆𝒆𝒍 𝒊𝒕, 𝑻𝒂𝒔𝒕𝒆 𝒊𝒕, 𝑭𝒆𝒂𝒔𝒕𝒂!콩은 단순한 재료가 아니라, 우리의 식탁을 지켜온 소중한 자산!그래서 페스타는 국내산 콩 100%만 고집합니다.안심하고 즐길 수 있는 정직한 맛,그게 바로 페스타의 약속이에요💚....#Feasta #페스타 #페스토 #콩페스토 #국내산콩 #저당페스토 #단백질소스",Feasta;페스타;페스토;콩페스토;국내산콩;저당페스토;단백질소스,콩은 단순한 재료가 아니라 우리의 식탁을 지켜온 소중한 자산 그래서 페스타는 국내산 콩 만 고집합니다 안심하고 즐길 수 있는 정직한 맛 그게 바로 페스타의 약속이에요 # #페스타 #페스토 #콩페스토 #국내산콩 #저당페스토 #단백질소스,"[""콩은"", ""단순한"", ""재료가"", ""아니라"", ""우리의"", ""식탁을"", ""지켜온"", ""소중한"", ""자산"", ""페스타는"", ""국내산"", ""고집합니다"", ""안심하고"", ""정직한"", ""그게"", ""페스타의"", ""약속이에요""]","[""페스타"", ""페스토"", ""콩페스토"", ""국내산콩"", ""저당페스토"", ""단백질소스""]","[""콩은"", ""단순한"", ""재료가"", ""아니라"", ""우리의"", ""식탁을"", ""지켜온"", ""소중한"", ""자산"", ""페스타는"", ""국내산"", ""고집합니다"", ""안심하고"", ""정직한"", ""그게"", ""페스타의"", ""약속이에요"", ""페스타"", ""페스토"", ""콩페스토"", ""국내산콩"", ""저당페스토"", ""단백질소스""]"
https://www.instagram.com/p/DQIklkZAVWx/,"10월 23일(목) 닭가슴살 샐러드🐰타르타르드레싱프리미엄 채전월요채전 ~ 금요채전까지월요채전  두부면파스타 샐러드 화요채전  리코타치즈 샐러드수요채전  쉬림프 샐러드 목요채전  닭가슴살 샐러드 금요채전  오리훈제 샐러드 이외 기본샐러드메인 샐러드로 스테이크 샐러드, 연어 샐러드,  함박 샐러드가 있습니다*^^* 🥗 🥗 🥗 🥗 🥗 🥗 🥗 🥗 스마트팜으로 유러피안야채 그외 야채등을 키우고 있으니 구경도 하시고 드시기도 하시고 ㅋㅋ건강쥬스 (야채를 다 씻고 잘라 갈아드려요), 커피, 수제 그릭요거트, 수제청 에이드도 있으니 맛보러 오세용 🥤🥤🥤매장문의)054-283-8312#포항#샐러드#에이드#그릭요거트#단체주문#과일컵#커피#아라비카원두#유러피안채소#요일샐러드#더치커피#포항맛집#이동#까페#다이어트",포항;샐러드;에이드;그릭요거트;단체주문;과일컵;커피;아라비카원두;유러피안채소;요일샐러드;더치커피;포항맛집;이동;까페;다이어트,월 일 목 닭가슴살 샐러드 타르타르드레싱프리미엄 채전월요채전 금요채전까지월요채전 두부면파스타 샐러드 화요채전 리코타치즈 샐러드수요채전 쉬림프 샐러드 목요채전 닭가슴살 샐러드 금요채전 오리훈제 샐러드 이외 기본샐러드메인 샐러드로 스테이크 샐러드 연어 샐러드 함박 샐러드가 있습니다 스마트팜으로 유러피안야채 그외 야채등을 키우고 있으니 구경도 하시고 드시기도 하시고 ㅋㅋ건강쥬스 야채를 다 씻고 잘라 갈아드려요 커피 수제 그릭요거트 수제청 에이드도 있으니 맛보러 오세용 매장문의 #포항#샐러드#에이드#그릭요거트#단체주문#과일컵#커피#아라비카원두#유러피안채소#요일샐러드#더치커피#포항맛집#이동#까페#다이어트,"[""닭가슴살"", ""샐러드"", ""타르타르드레싱프리미엄"", ""채전월요채전"", ""금요채전까지월요채전"", ""두부면파스타"", ""샐러드"", ""화요채전"", ""리코타치즈"", ""샐러드수요채전"", ""쉬림프"", ""샐러드"", ""목요채전"", ""닭가슴살"", ""샐러드"", ""금요채전"", ""오리훈제"", ""샐러드"", ""이외"", ""기본샐러드메인"", ""샐러드로"", ""스테이크"", ""샐러드"", ""연어"", ""샐러드"", ""함박"", ""샐러드가"", ""스마트팜으로"", ""유러피안야채"", ""그외"", ""야채등을"", ""키우고"", ""구경도"", ""하시고"", ""드시기도"", ""하시고"", ""ㅋㅋ건강쥬스"", ""야채를"", ""씻고"", ""갈아드려요"", ""커피"", ""수제"", ""그릭요거트"", ""수제청"", ""에이드도"", ""맛보러"", ""오세용"", ""매장문의""]","[""포항"", ""샐러드"", ""에이드"", ""그릭요거트"", ""과일컵"", ""커피"", ""아라비카원두"", ""유러피안채소"", ""요일샐러드"", ""더치커피"", ""포항맛집"", ""이동"", ""까페"", ""다이어트""]","[""닭가슴살"", ""샐러드"", ""타르타르드레싱프리미엄"", ""채전월요채전"", ""금요채전까지월요채전"", ""두부면파스타"", ""샐러드"", ""화요채전"", ""리코타치즈"", ""샐러드수요채전"", ""쉬림프"", ""샐러드"", ""목요채전"", ""닭가슴살"", ""샐러드"", ""금요채전"", ""오리훈제"", ""샐러드"", ""이외"", ""기본샐러드메인"", ""샐러드로"", ""스테이크"", ""샐러드"", ""연어"", ""샐러드"", ""함박"", ""샐러드가"", ""스마트팜으로"", ""유러피안야채"", ""그외"", ""야채등을"", ""키우고"", ""구경도"", ""하시고"", ""드시기도"", ""하시고"", ""ㅋㅋ건강쥬스"", ""야채를"", ""씻고"", ""갈아드려요"", ""커피"", ""수제"", ""그릭요거트"", ""수제청"", ""에이드도"", ""맛보러"", ""오세용"", ""매장문의"", ""포항"", ""샐러드"", ""에이드"", ""그릭요거트"", ""과일컵"", ""커피"", ""아라비카원두"", ""유러피안채소"", ""요일샐러드"", ""더치커피"", ""포항맛집"", ""이동"", ""까페"", ""다이어트""]"
https://www.instagram.com/p/DQHbzRLkg5z/c/17984891975884990/,9월 29일 식단🥗무화과 & 수제 리코타 치즈 with자몽화이트발사믹💛칠리콘카르네 라이스,,월 일 식단 무화과 수제 리코타 치즈 자몽화이트발사믹 칠리콘카르네 라이스,"[""식단"", ""무화과"", ""수제"", ""리코타"", ""치즈"", ""자몽화이트발사믹"", ""칠리콘카르네"", ""라이스""]","[""식단"", ""무화과"", ""수제"", ""리코타"", ""치즈"", ""자몽화이트발사믹"", ""칠리콘카르네"", ""라이스""]","[""식단"", ""무화과"", ""수제"", ""리코타"", ""치즈"", ""자몽화이트발사믹"", ""칠리콘카르네"", ""라이스"", ""식단"", ""무화과"", ""수제"", ""리코타"", ""치즈"", ""자몽화이트발사믹"", ""칠리콘카르네"", ""라이스""]"
https://www.instagram.com/p/DQJBfXXEu6C/c/18023889248576737/,.제106회 전국체육대회(대한민국 올림픽🇰🇷)샐럽부부가 응원하고 후원합니다🥊.#세종특별자치시 #반곡동 #집현동 #주민 #샐럽부부 #샐러드 #샌드위치 #포케 #전문점 #샐러드카페 #세종시맛집 #반곡동맛집 #사랑의열매 #착한가게 #777호 #매장 #제106회전국체육대회 #복싱종목 #대학부 #금메달 #3연패 #고등부 #동메달 #3년연속메달획득 #축하합니다,세종특별자치시;반곡동;집현동;주민;샐럽부부;샐러드;샌드위치;포케;전문점;샐러드카페;세종시맛집;반곡동맛집;사랑의열매;착한가게;777호;매장;제106회전국체육대회;복싱종목;대학부;금메달;3연패;고등부;동메달;3년연속메달획득;축하합니다,제 회 전국체육대회 대한민국 올림픽 샐럽부부가 응원하고 후원합니다 #세종특별자치시 #반곡동 #집현동 #주민 #샐럽부부 #샐러드 #샌드위치 #포케 #전문점 #샐러드카페 #세종시맛집 #반곡동맛집 #사랑의열매 #착한가게 # 호 #매장 #제 회전국체육대회 #복싱종목 #대학부 #금메달 # 연패 #고등부 #동메달 # 년연속메달획득 #축하합니다,"[""전국체육대회"", ""대한민국"", ""올림픽"", ""샐럽부부가"", ""응원하고"", ""후원합니다"", ""회전국체육대회"", ""연패"", ""년연속메달획득""]","[""세종특별자치시"", ""반곡동"", ""집현동"", ""주민"", ""샐럽부부"", ""샐러드"", ""샌드위치"", ""포케"", ""전문점"", ""샐러드카페"", ""세종시맛집"", ""반곡동맛집"", ""사랑의열매"", ""착한가게"", ""회전국체육대회"", ""복싱종목"", ""대학부"", ""금메달"", ""연패"", ""고등부"", ""동메달"", ""년연속메달획득"", ""축하합니다""]","[""전국체육대회"", ""대한민국"", ""올림픽"", ""샐럽부부가"", ""응원하고"", ""후원합니다"", ""회전국체육대회"", ""연패"", ""년연속메달획득"", ""세종특별자치시"", ""반곡동"", ""집현동"", ""주민"", ""샐럽부부"", ""샐러드"", ""샌드위치"", ""포케"", ""전문점"", ""샐러드카페"", ""세종시맛집"", ""반곡동맛집"", ""사랑의열매"", ""착한가게"", ""회전국체육대회"", ""복싱종목"", ""대학부"", ""금메달"", ""연패"", ""고등부"", ""동메달"", ""년연속메달획득"", ""축하합니다""]"
https://www.instagram.com/p/DPckLqPAXDC/c/17909867163233927/,"🌕 미리 따뜻한 인사 전해주신 사장님들, 감사합니다. 모두 풍성하고 행복한 명절 보내세요💗",,미리 따뜻한 인사 전해주신 사장님들 감사합니다 모두 풍성하고 행복한 명절 보내세요,"[""따뜻한"", ""인사"", ""전해주신"", ""사장님들"", ""풍성하고"", ""행복한"", ""명절"", ""보내세요""]","[""따뜻한"", ""인사"", ""전해주신"", ""사장님들"", ""풍성하고"", ""행복한"", ""명절"", ""보내세요""]","[""따뜻한"", ""인사"", ""전해주신"", ""사장님들"", ""풍성하고"", ""행복한"", ""명절"", ""보내세요"", ""따뜻한"", ""인사"", ""전해주신"", ""사장님들"", ""풍성하고"", ""행복한"", ""명절"", ""보내세요""]"
https://www.instagram.com/p/DPvBd1Nk1YT/,"안녕하세요!배달 보온도시락&샐러드 전문업체 푸디스퀘어 입니다🍱【10.13중식 도시락 샐러드 메뉴🍴】👍푸디스퀘어를 선택하는 이유✔️매일 다른메뉴✔️기다림 없는 배송✔️탁월한 보온(4시간)✔️뒤처리(※샐러드는 수거 서비스가 지원되지않습니다)✏️사용 설명서✔️기업 전용 도시락&샐러드 배송 서비스✔️3명 이상의 인원부터 서비스가 이용가능✔️주 3~4회 주문을 기본✔️결제방식은 월 말 결제(후불결제)를 기본으로하며 매월 첫째 주 금요일에 결제를 진행⚠️도시락, 샐러드는 세트가 아닙니다.각각 따로 주문 가능합니다⚠️샐러드는 당일주문이 불가합니다⚠️📍연락처 010-9676-3990📍전화문의  월~금 7:00~17:00매일 인스타그램에서 메뉴 갱신중🍴 질문이나 문의사항은 인스타그램 DM 또는 연락처 로 연락주세요.오늘도 좋은 하루 보내십시오💫#맛스타 #맛스타그램 #맛있다 #푸드스타그램 #또먹고싶다 #맛집#오늘뭐먹지 #food#foodfic #instafood #도시락 #샐러드#salad #lunchbox #lunch #점심 #점심메뉴",맛스타;맛스타그램;맛있다;푸드스타그램;또먹고싶다;맛집;오늘뭐먹지;food;foodfic;instafood;도시락;샐러드;salad;lunchbox;lunch;점심;점심메뉴,안녕하세요 배달 보온도시락 샐러드 전문업체 푸디스퀘어 입니다 중식 도시락 샐러드 메뉴 푸디스퀘어를 선택하는 이유 매일 다른메뉴 기다림 없는 배송 탁월한 보온 시간 뒤처리 샐러드는 수거 서비스가 지원되지않습니다 사용 설명서 기업 전용 도시락 샐러드 배송 서비스 명 이상의 인원부터 서비스가 이용가능 주 회 주문을 기본 결제방식은 월 말 결제 후불결제 를 기본으로하며 매월 첫째 주 금요일에 결제를 진행 도시락 샐러드는 세트가 아닙니다 각각 따로 주문 가능합니다 샐러드는 당일주문이 불가합니다 연락처 전화문의 월 금 매일 인스타그램에서 메뉴 갱신중 질문이나 문의사항은 인스타그램 또는 연락처 로 연락주세요 오늘도 좋은 하루 보내십시오 #맛스타 #맛스타그램 #맛있다 #푸드스타그램 #또먹고싶다 #맛집#오늘뭐먹지 # # # #도시락 #샐러드# # # #점심 #점심메뉴,"[""배달"", ""보온도시락"", ""샐러드"", ""전문업체"", ""푸디스퀘어"", ""중식"", ""도시락"", ""샐러드"", ""푸디스퀘어를"", ""선택하는"", ""이유"", ""매일"", ""다른메뉴"", ""기다림"", ""배송"", ""탁월한"", ""보온"", ""시간"", ""뒤처리"", ""샐러드는"", ""수거"", ""지원되지않습니다"", ""사용"", ""설명서"", ""기업"", ""도시락"", ""샐러드"", ""배송"", ""서비스"", ""이상의"", ""인원부터"", ""이용가능"", ""주문을"", ""결제방식은"", ""결제"", ""후불결제"", ""기본으로하며"", ""매월"", ""첫째"", ""금요일에"", ""결제를"", ""도시락"", ""샐러드는"", ""세트가"", ""아닙니다"", ""주문"", ""샐러드는"", ""당일주문이"", ""불가합니다"", ""매일"", ""인스타그램에서"", ""갱신중"", ""질문이나"", ""문의사항은"", ""인스타그램"", ""연락주세요"", ""하루"", ""보내십시오""]","[""맛스타"", ""맛스타그램"", ""푸드스타그램"", ""또먹고싶다"", ""맛집"", ""오늘뭐먹지"", ""도시락"", ""샐러드"", ""점심"", ""점심메뉴""]","[""배달"", ""보온도시락"", ""샐러드"", ""전문업체"", ""푸디스퀘어"", ""중식"", ""도시락"", ""샐러드"", ""푸디스퀘어를"", ""선택하는"", ""이유"", ""매일"", ""다른메뉴"", ""기다림"", ""배송"", ""탁월한"", ""보온"", ""시간"", ""뒤처리"", ""샐러드는"", ""수거"", ""지원되지않습니다"", ""사용"", ""설명서"", ""기업"", ""도시락"", ""샐러드"", ""배송"", ""서비스"", ""이상의"", ""인원부터"", ""이용가능"", ""주문을"", ""결제방식은"", ""결제"", ""후불결제"", ""기본으로하며"", ""매월"", ""첫째"", ""금요일에"", ""결제를"", ""도시락"", ""샐러드는"", ""세트가"", ""아닙니다"", ""주문"", ""샐러드는"", ""당일주문이"", ""불가합니다"", ""매일"", ""인스타그램에서"", ""갱신중"", ""질문이나"", ""문의사항은"", ""인스타그램"", ""연락주세요"", ""하루"", ""보내십시오"", ""맛스타"", ""맛스타그램"", ""푸드스타그램"", ""또먹고싶다"", ""맛집"", ""오늘뭐먹지"", ""도시락"", ""샐러드"", ""점심"", ""점심메뉴""]"
https://www.instagram.com/p/DPOnLh7kj4_/,"국밥말고 건강하고 맛있는 식단으로 포케 한그릇 하실래예👍🏻💚하와이의 여유를 한 그릇에 담아주는 알로하 포케 학동점에서 초대를 해주셨어요✨다이어트할때 약속이 생기면 먼저 생각나는게 포케인것 같은데 여기가 정말 딱입니다!!저는 연어러버라 스파이시 크림 연어포케와100% 감자로 만든 감자스프 , 신선한 레몬으로 만든 비타민 레몬에이드로든든하고 클린한 한끼 채우고 왔어요🥗✔️ 가공 없는 생야채&신선한 생선 • 원육 사용✔️ 식단 취향을 존중한 여러가지 베이스, 단백질, 수퍼푸드를 활용한 토핑으로 나만의 포케샐러드 ✔️ 환경보호를 위한 옥수수 전분 100%로 만든 친환경 포장 용기 강민경님도 픽한 이 집, 포케가 생각난다면 알로하 포케로 한끼 어떠세요❤️#포케맛집 #강남샐러드맛집 #강남맛집 #강남 #서울 #다이어트음식 #샐러드맛집 #식단",포케맛집;강남샐러드맛집;강남맛집;강남;서울;다이어트음식;샐러드맛집;식단,국밥말고 건강하고 맛있는 식단으로 포케 한그릇 하실래예 하와이의 여유를 한 그릇에 담아주는 알로하 포케 학동점에서 초대를 해주셨어요 다이어트할때 약속이 생기면 먼저 생각나는게 포케인것 같은데 여기가 정말 딱입니다 저는 연어러버라 스파이시 크림 연어포케와 감자로 만든 감자스프 신선한 레몬으로 만든 비타민 레몬에이드로든든하고 클린한 한끼 채우고 왔어요 가공 없는 생야채 신선한 생선 원육 사용 식단 취향을 존중한 여러가지 베이스 단백질 수퍼푸드를 활용한 토핑으로 나만의 포케샐러드 환경보호를 위한 옥수수 전분 로 만든 친환경 포장 용기 강민경님도 픽한 이 집 포케가 생각난다면 알로하 포케로 한끼 어떠세요 #포케맛집 #강남샐러드맛집 #강남맛집 #강남 #서울 #다이어트음식 #샐러드맛집 #식단,"[""국밥말고"", ""건강하고"", ""식단으로"", ""포케"", ""한그릇"", ""하실래예"", ""하와이의"", ""여유를"", ""그릇에"", ""담아주는"", ""알로하"", ""포케"", ""학동점에서"", ""초대를"", ""해주셨어요"", ""다이어트할때"", ""약속이"", ""생기면"", ""생각나는게"", ""포케인것"", ""같은데"", ""여기가"", ""딱입니다"", ""연어러버라"", ""스파이시"", ""크림"", ""연어포케와"", ""감자로"", ""만든"", ""감자스프"", ""신선한"", ""레몬으로"", ""만든"", ""비타민"", ""레몬에이드로든든하고"", ""클린한"", ""한끼"", ""채우고"", ""왔어요"", ""가공"", ""생야채"", ""신선한"", ""생선"", ""원육"", ""사용"", ""식단"", ""취향을"", ""존중한"", ""여러가지"", ""베이스"", ""단백질"", ""수퍼푸드를"", ""활용한"", ""토핑으로"", ""나만의"", ""포케샐러드"", ""환경보호를"", ""옥수수"", ""전분"", ""만든"", ""친환경"", ""포장"", ""용기"", ""강민경님도"", ""픽한"", ""포케가"", ""생각난다면"", ""알로하"", ""포케로"", ""한끼"", ""어떠세요""]","[""포케맛집"", ""강남샐러드맛집"", ""강남맛집"", ""강남"", ""다이어트음식"", ""샐러드맛집"", ""식단""]","[""국밥말고"", ""건강하고"", ""식단으로"", ""포케"", ""한그릇"", ""하실래예"", ""하와이의"", ""여유를"", ""그릇에"", ""담아주는"", ""알로하"", ""포케"", ""학동점에서"", ""초대를"", ""해주셨어요"", ""다이어트할때"", ""약속이"", ""생기면"", ""생각나는게"", ""포케인것"", ""같은데"", ""여기가"", ""딱입니다"", ""연어러버라"", ""스파이시"", ""크림"", ""연어포케와"", ""감자로"", ""만든"", ""감자스프"", ""신선한"", ""레몬으로"", ""만든"", ""비타민"", ""레몬에이드로든든하고"", ""클린한"", ""한끼"", ""채우고"", ""왔어요"", ""가공"", ""생야채"", ""신선한"", ""생선"", ""원육"", ""사용"", ""식단"", ""취향을"", ""존중한"", ""여러가지"", ""베이스"", ""단백질"", ""수퍼푸드를"", ""활용한"", ""토핑으로"", ""나만의"", ""포케샐러드"", ""환경보호를"", ""옥수수"", ""전분"", ""만든"", ""친환경"", ""포장"", ""용기"", ""강민경님도"", ""픽한"", ""포케가"", ""생각난다면"", ""알로하"", ""포케로"", ""한끼"", ""어떠세요"", ""포케맛집"", ""강남샐러드맛집"", ""강남맛집"", ""강남"", ""다이어트음식"", ""샐러드맛집"", ""식단""]"
https://www.instagram.com/p/DQJuKspDzvy/,냉장고에 양배추 지분이 많아서뭘 만들까 하다가 오늘 저녁은추억의 옛날 토스트 당첨!🥪🥪.토스트 만들고 남은 로메인으로샐러드도 아주 한가득~~🥗.속이 뚠뚠하게 알차서 그런지반만 먹어도 든든하네👍.남은 건 내일 오전 커피타임과 함께🥰🥰🥰..#집밥#요리#koreanfood#간식#onmytable#homecook#먹스타#egg#tomato#집밥#banana#인스타푸드#푸드스타그램#vegetable#바나나#옛날토스트#빵순이#홈쿡#홈메이드#빵식#냠냠#저녁#과일스타그램#과일#요리스타그램#빵스타그램#salad#샐러드#뚠뚠이토스트#toast#토스트,집밥;요리;koreanfood;간식;onmytable;homecook;먹스타;egg;tomato;banana;인스타푸드;푸드스타그램;vegetable;바나나;옛날토스트;빵순이;홈쿡;홈메이드;빵식;냠냠;저녁;과일스타그램;과일;요리스타그램;빵스타그램;salad;샐러드;뚠뚠이토스트;toast;토스트,냉장고에 양배추 지분이 많아서뭘 만들까 하다가 오늘 저녁은추억의 옛날 토스트 당첨 토스트 만들고 남은 로메인으로샐러드도 아주 한가득 속이 뚠뚠하게 알차서 그런지반만 먹어도 든든하네 남은 건 내일 오전 커피타임과 함께 #집밥#요리# #간식# # #먹스타# # #집밥# #인스타푸드#푸드스타그램# #바나나#옛날토스트#빵순이#홈쿡#홈메이드#빵식#냠냠#저녁#과일스타그램#과일#요리스타그램#빵스타그램# #샐러드#뚠뚠이토스트# #토스트,"[""냉장고에"", ""양배추"", ""지분이"", ""많아서뭘"", ""만들까"", ""하다가"", ""저녁은추억의"", ""옛날"", ""토스트"", ""당첨"", ""토스트"", ""만들고"", ""로메인으로샐러드도"", ""한가득"", ""속이"", ""뚠뚠하게"", ""알차서"", ""그런지반만"", ""든든하네"", ""오전"", ""커피타임과"", ""함께""]","[""집밥"", ""요리"", ""간식"", ""먹스타"", ""인스타푸드"", ""푸드스타그램"", ""바나나"", ""옛날토스트"", ""빵순이"", ""홈쿡"", ""홈메이드"", ""빵식"", ""냠냠"", ""저녁"", ""과일스타그램"", ""과일"", ""요리스타그램"", ""빵스타그램"", ""샐러드"", ""뚠뚠이토스트"", ""토스트""]","[""냉장고에"", ""양배추"", ""지분이"", ""많아서뭘"", ""만들까"", ""하다가"", ""저녁은추억의"", ""옛날"", ""토스트"", ""당첨"", ""토스트"", ""만들고"", ""로메인으로샐러드도"", ""한가득"", ""속이"", ""뚠뚠하게"", ""알차서"", ""그런지반만"", ""든든하네"", ""오전"", ""커피타임과"", ""함께"", ""집밥"", ""요리"", ""간식"", ""먹스타"", ""인스타푸드"", ""푸드스타그램"", ""바나나"", ""옛날토스트"", ""빵순이"", ""홈쿡"", ""홈메이드"", ""빵식"", ""냠냠"", ""저녁"", ""과일스타그램"", ""과일"", ""요리스타그램"", ""빵스타그램"", ""샐러드"", ""뚠뚠이토스트"", ""토스트""]"
https://www.instagram.com/p/DQA5LwtE_f-/,소화되면 0칼로리 식품들!@다이어트하는 친구 알려주기!,,소화되면 칼로리 식품들 다이어트하는 친구 알려주기,"[""소화되면"", ""칼로리"", ""식품들"", ""다이어트하는"", ""친구"", ""알려주기""]","[""소화되면"", ""칼로리"", ""식품들"", ""다이어트하는"", ""친구"", ""알려주기""]","[""소화되면"", ""칼로리"", ""식품들"", ""다이어트하는"", ""친구"", ""알려주기"", ""소화되면"", ""칼로리"", ""식품들"", ""다이어트하는"", ""친구"", ""알려주기""]"
https://www.instagram.com/p/DPCq2Qyk45O/c/18084012688928827/,".아침은 호제가 @hoze_ga 새로 들인 등심 한덩이 구웠다.샐러드야채에 그린빈스 버터 두르고 진득하게 구워주고,살큼 삶아 냉동해둔 청태콩도 한줌 꺼내 끓는물부어 녹이고.토마토와 황도를 더하고.#108호맛간장 1.5T, 글림 @gleam_cafe_ 땅콩버터 1T, 레몬즙 1T, 화이트발사믹식초 1T, 꿀 2t, 후추 잘 섞어주고 올리브오일 2T 섞어 드레싱.친구가 구워다준 부추빵도 따뜻하게 데워 완벽해진 아침....#집밥 #108호샐러드 #108호스테이크샐러드 #스테이크샐러드 #샐러드 #salad",108호맛간장;집밥;108호샐러드;108호스테이크샐러드;스테이크샐러드;샐러드;salad,아침은 호제가 새로 들인 등심 한덩이 구웠다 샐러드야채에 그린빈스 버터 두르고 진득하게 구워주고 살큼 삶아 냉동해둔 청태콩도 한줌 꺼내 끓는물부어 녹이고 토마토와 황도를 더하고 # 호맛간장 글림 땅콩버터 레몬즙 화이트발사믹식초 꿀 후추 잘 섞어주고 올리브오일 섞어 드레싱 친구가 구워다준 부추빵도 따뜻하게 데워 완벽해진 아침 #집밥 # 호샐러드 # 호스테이크샐러드 #스테이크샐러드 #샐러드 #,"[""아침은"", ""호제가"", ""새로"", ""들인"", ""등심"", ""한덩이"", ""구웠다"", ""샐러드야채에"", ""그린빈스"", ""버터"", ""두르고"", ""진득하게"", ""구워주고"", ""살큼"", ""삶아"", ""냉동해둔"", ""청태콩도"", ""한줌"", ""꺼내"", ""끓는물부어"", ""녹이고"", ""토마토와"", ""황도를"", ""더하고"", ""호맛간장"", ""글림"", ""땅콩버터"", ""레몬즙"", ""화이트발사믹식초"", ""후추"", ""섞어주고"", ""올리브오일"", ""드레싱"", ""친구가"", ""구워다준"", ""부추빵도"", ""따뜻하게"", ""데워"", ""완벽해진"", ""아침"", ""호샐러드"", ""호스테이크샐러드""]","[""호맛간장"", ""집밥"", ""호샐러드"", ""호스테이크샐러드"", ""스테이크샐러드"", ""샐러드""]","[""아침은"", ""호제가"", ""새로"", ""들인"", ""등심"", ""한덩이"", ""구웠다"", ""샐러드야채에"", ""그린빈스"", ""버터"", ""두르고"", ""진득하게"", ""구워주고"", ""살큼"", ""삶아"", ""냉동해둔"", ""청태콩도"", ""한줌"", ""꺼내"", ""끓는물부어"", ""녹이고"", ""토마토와"", ""황도를"", ""더하고"", ""호맛간장"", ""글림"", ""땅콩버터"", ""레몬즙"", ""화이트발사믹식초"", ""후추"", ""섞어주고"", ""올리브오일"", ""드레싱"", ""친구가"", ""구워다준"", ""부추빵도"", ""따뜻하게"", ""데워"", ""완벽해진"", ""아침"", ""호샐러드"", ""호스테이크샐러드"", ""호맛간장"", ""집밥"", ""호샐러드"", ""호스테이크샐러드"", ""스테이크샐러드"", ""샐러드""]"
https://www.instagram.com/p/DPTOyWqEvsq/c/18079393613061230/,연휴 전 마지막 식단??며칠 전 짧았던 여행에서의 폭식과거의 열흘 동안 이어지는 연휴 때문에 식단이 위태로운🤣에라모르겠다 송편은 너무 먹고싶거든요🤭#너무긴연휴는별로,너무긴연휴는별로,연휴 전 마지막 식단 며칠 전 짧았던 여행에서의 폭식과거의 열흘 동안 이어지는 연휴 때문에 식단이 위태로운 에라모르겠다 송편은 너무 먹고싶거든요 #너무긴연휴는별로,"[""마지막"", ""식단"", ""며칠"", ""짧았던"", ""여행에서의"", ""폭식과거의"", ""열흘"", ""동안"", ""이어지는"", ""식단이"", ""위태로운"", ""에라모르겠다"", ""송편은"", ""먹고싶거든요""]","[""너무긴연휴는별로""]","[""마지막"", ""식단"", ""며칠"", ""짧았던"", ""여행에서의"", ""폭식과거의"", ""열흘"", ""동안"", ""이어지는"", ""식단이"", ""위태로운"", ""에라모르겠다"", ""송편은"", ""먹고싶거든요"", ""너무긴연휴는별로""]"
https://www.instagram.com/p/DMgogz9z3Md/,[ 7월 25일 / 양배추에그마요샌드위치와 샐러드 ]#밍키식단 👧🏻• 신라명과 (@shillabakeryi ) 호밀빵+ 2조각• 양배추 50g• 삶은 달걀 2개• 안단잼 (@andan_jam ) 딸기잼• 쿠지리스 포레스트그린• 소금• 홀그레인머스타드• 하인즈 (@heinz_kr_official ) 마요네즈• 써브웨이 (@subwaykorea ) 미니로티세리치킨 샐러드• 비비드키친 (@vividkitchen_official ) 저칼로리 치폴레소스🫧 회사 창립기념일덕분에 출근없이 여유로운 금요일 아침 .ᐟ주말에 한국 돌아오는 비행기에서 리틀포레스트를 보는데양배추샌드위치가 갑자기 엄청 먹고싶어졌거든요 ꔛꕤ귀찮아서 미루고 있다가 쉬는 날 기념 만들어봤어요 .ᐟ샌드위치만 먹을까 하다가 써브웨이샐러드가 생각나서산책삼아 미니로티세리치킨 샐러드도 포장해왔어요 ꔛꕤ금요일 아침을 이렇게 여유롭게 즐길 수 있다니갑작스럽게 너무 행복한 거 있죠 ⸌☻ັ⸍꙳다음주부터는 회사 일이 더 바빠지겠지만이번주까지는 생각 안하고 여유를 즐기려구요 😊그럼 다들 오늘하루도 행복가득한 금요일 보내시길 바라요 ☘️🫧#직장인도시락 #도시락 #식사기록 #집밥 #오늘의도시락 #다이어트도시락 #간단요리 #점심도시락 #식단공유 #리틀포레스트 #양배추샌드위치 #써브웨이 #샐러드 #お弁当記録 #丼弁当 #식단기록 #bento #lunchbox,밍키식단;직장인도시락;도시락;식사기록;집밥;오늘의도시락;다이어트도시락;간단요리;점심도시락;식단공유;리틀포레스트;양배추샌드위치;써브웨이;샐러드;식단기록;bento;lunchbox,월 일 양배추에그마요샌드위치와 샐러드 #밍키식단 신라명과 호밀빵 조각 양배추 삶은 달걀 개 안단잼 딸기잼 쿠지리스 포레스트그린 소금 홀그레인머스타드 하인즈 마요네즈 써브웨이 미니로티세리치킨 샐러드 비비드키친 저칼로리 치폴레소스 회사 창립기념일덕분에 출근없이 여유로운 금요일 아침 주말에 한국 돌아오는 비행기에서 리틀포레스트를 보는데양배추샌드위치가 갑자기 엄청 먹고싶어졌거든요 귀찮아서 미루고 있다가 쉬는 날 기념 만들어봤어요 샌드위치만 먹을까 하다가 써브웨이샐러드가 생각나서산책삼아 미니로티세리치킨 샐러드도 포장해왔어요 금요일 아침을 이렇게 여유롭게 즐길 수 있다니갑작스럽게 너무 행복한 거 있죠 다음주부터는 회사 일이 더 바빠지겠지만이번주까지는 생각 안하고 여유를 즐기려구요 그럼 다들 오늘하루도 행복가득한 금요일 보내시길 바라요 #직장인도시락 #도시락 #식사기록 #집밥 #오늘의도시락 #다이어트도시락 #간단요리 #점심도시락 #식단공유 #리틀포레스트 #양배추샌드위치 #써브웨이 #샐러드 # # #식단기록 # #,"[""양배추에그마요샌드위치와"", ""샐러드"", ""신라명과"", ""호밀빵"", ""조각"", ""양배추"", ""달걀"", ""안단잼"", ""딸기잼"", ""쿠지리스"", ""포레스트그린"", ""소금"", ""홀그레인머스타드"", ""하인즈"", ""마요네즈"", ""써브웨이"", ""미니로티세리치킨"", ""샐러드"", ""비비드키친"", ""저칼로리"", ""치폴레소스"", ""회사"", ""창립기념일덕분에"", ""출근없이"", ""여유로운"", ""아침"", ""한국"", ""돌아오는"", ""비행기에서"", ""리틀포레스트를"", ""보는데양배추샌드위치가"", ""먹고싶어졌거든요"", ""귀찮아서"", ""미루고"", ""있다가"", ""쉬는"", ""기념"", ""샌드위치만"", ""먹을까"", ""하다가"", ""써브웨이샐러드가"", ""생각나서산책삼아"", ""미니로티세리치킨"", ""샐러드도"", ""포장해왔어요"", ""아침을"", ""여유롭게"", ""있다니갑작스럽게"", ""행복한"", ""있죠"", ""다음주부터는"", ""회사"", ""일이"", ""바빠지겠지만이번주까지는"", ""생각"", ""안하고"", ""여유를"", ""즐기려구요"", ""그럼"", ""오늘하루도"", ""행복가득한"", ""보내시길"", ""바라요""]","[""밍키식단"", ""직장인도시락"", ""도시락"", ""식사기록"", ""집밥"", ""오늘의도시락"", ""다이어트도시락"", ""간단요리"", ""점심도시락"", ""식단공유"", ""리틀포레스트"", ""양배추샌드위치"", ""써브웨이"", ""샐러드"", ""식단기록""]","[""양배추에그마요샌드위치와"", ""샐러드"", ""신라명과"", ""호밀빵"", ""조각"", ""양배추"", ""달걀"", ""안단잼"", ""딸기잼"", ""쿠지리스"", ""포레스트그린"", ""소금"", ""홀그레인머스타드"", ""하인즈"", ""마요네즈"", ""써브웨이"", ""미니로티세리치킨"", ""샐러드"", ""비비드키친"", ""저칼로리"", ""치폴레소스"", ""회사"", ""창립기념일덕분에"", ""출근없이"", ""여유로운"", ""아침"", ""한국"", ""돌아오는"", ""비행기에서"", ""리틀포레스트를"", ""보는데양배추샌드위치가"", ""먹고싶어졌거든요"", ""귀찮아서"", ""미루고"", ""있다가"", ""쉬는"", ""기념"", ""샌드위치만"", ""먹을까"", ""하다가"", ""써브웨이샐러드가"", ""생각나서산책삼아"", ""미니로티세리치킨"", ""샐러드도"", ""포장해왔어요"", ""아침을"", ""여유롭게"", ""있다니갑작스럽게"", ""행복한"", ""있죠"", ""다음주부터는"", ""회사"", ""일이"", ""바빠지겠지만이번주까지는"", ""생각"", ""안하고"", ""여유를"", ""즐기려구요"", ""그럼"", ""오늘하루도"", ""행복가득한"", ""보내시길"", ""바라요"", ""밍키식단"", ""직장인도시락"", ""도시락"", ""식사기록"", ""집밥"", ""오늘의도시락"", ""다이어트도시락"", ""간단요리"", ""점심도시락"", ""식단공유"", ""리틀포레스트"", ""양배추샌드위치"", ""써브웨이"", ""샐러드"", ""식단기록""]"
https://www.instagram.com/p/DON0UjYEcnA/,#와인모임 #샤샤뉴몽라쉐 #소금집샌드위치 #채끝스테이크 #샐러드  #걸절이 #부라타샐러드 금요일 와인모임. 4시간이 모자랄 정도로 웃고 마시며 행복한 시간 보내고 왔어요. 솜씨 좋은 분이 두분이나 계시니 저는 와인만 잘 고르면 될 듯요. 몽라쉐 22빈도 넘 맛있었어요. #winetime #chateaudelamaltroy #chassagnemontrachet1ercru #steak #salad #freshkimch #buratacheesesalad #fruits #desserts,와인모임;샤샤뉴몽라쉐;소금집샌드위치;채끝스테이크;샐러드;걸절이;부라타샐러드;winetime;chateaudelamaltroy;chassagnemontrachet1ercru;steak;salad;freshkimch;buratacheesesalad;fruits;desserts,#와인모임 #샤샤뉴몽라쉐 #소금집샌드위치 #채끝스테이크 #샐러드 #걸절이 #부라타샐러드 금요일 와인모임 시간이 모자랄 정도로 웃고 마시며 행복한 시간 보내고 왔어요 솜씨 좋은 분이 두분이나 계시니 저는 와인만 잘 고르면 될 듯요 몽라쉐 빈도 넘 맛있었어요 # # # # # # # # #,"[""와인모임"", ""시간이"", ""모자랄"", ""정도로"", ""웃고"", ""마시며"", ""행복한"", ""시간"", ""보내고"", ""왔어요"", ""솜씨"", ""분이"", ""두분이나"", ""계시니"", ""와인만"", ""고르면"", ""듯요"", ""몽라쉐"", ""빈도"", ""맛있었어요""]","[""와인모임"", ""샤샤뉴몽라쉐"", ""소금집샌드위치"", ""채끝스테이크"", ""샐러드"", ""걸절이"", ""부라타샐러드""]","[""와인모임"", ""시간이"", ""모자랄"", ""정도로"", ""웃고"", ""마시며"", ""행복한"", ""시간"", ""보내고"", ""왔어요"", ""솜씨"", ""분이"", ""두분이나"", ""계시니"", ""와인만"", ""고르면"", ""듯요"", ""몽라쉐"", ""빈도"", ""맛있었어요"", ""와인모임"", ""샤샤뉴몽라쉐"", ""소금집샌드위치"", ""채끝스테이크"", ""샐러드"", ""걸절이"", ""부라타샐러드""]"
https://www.instagram.com/p/DNfZCUwTN0V/,"여름과 어울리는 간단한 샐러드 아이디어 몇개 제안 드려볼께요!! _모르타델라 토마토 샐러드모르타델라와 방울토마토, 리코타치즈, 바질잎과 후추, 드레싱은 담백하게 올리브유 살짝_론지노 무화과 샐러드론지노와 무화과, 루꼴라, 리코타치즈, 발사믹 드레싱 살짝_코파 복숭아 샐러드코파와 복숭아, 부라타 치즈, 루꼴라, 후추 살짝즐거운 하루 되세요!!#소금집 #샐러드 #모르타델라 #론지노 #코파",소금집;샐러드;모르타델라;론지노;코파,여름과 어울리는 간단한 샐러드 아이디어 몇개 제안 드려볼께요 모르타델라 토마토 샐러드모르타델라와 방울토마토 리코타치즈 바질잎과 후추 드레싱은 담백하게 올리브유 살짝 론지노 무화과 샐러드론지노와 무화과 루꼴라 리코타치즈 발사믹 드레싱 살짝 코파 복숭아 샐러드코파와 복숭아 부라타 치즈 루꼴라 후추 살짝즐거운 하루 되세요 #소금집 #샐러드 #모르타델라 #론지노 #코파,"[""여름과"", ""어울리는"", ""간단한"", ""샐러드"", ""아이디어"", ""몇개"", ""제안"", ""드려볼께요"", ""모르타델라"", ""토마토"", ""샐러드모르타델라와"", ""방울토마토"", ""리코타치즈"", ""바질잎과"", ""후추"", ""드레싱은"", ""담백하게"", ""올리브유"", ""론지노"", ""무화과"", ""샐러드론지노와"", ""무화과"", ""루꼴라"", ""리코타치즈"", ""발사믹"", ""드레싱"", ""코파"", ""복숭아"", ""샐러드코파와"", ""복숭아"", ""부라타"", ""치즈"", ""루꼴라"", ""후추"", ""살짝즐거운"", ""하루"", ""되세요""]","[""소금집"", ""샐러드"", ""모르타델라"", ""론지노"", ""코파""]","[""여름과"", ""어울리는"", ""간단한"", ""샐러드"", ""아이디어"", ""몇개"", ""제안"", ""드려볼께요"", ""모르타델라"", ""토마토"", ""샐러드모르타델라와"", ""방울토마토"", ""리코타치즈"", ""바질잎과"", ""후추"", ""드레싱은"", ""담백하게"", ""올리브유"", ""론지노"", ""무화과"", ""샐러드론지노와"", ""무화과"", ""루꼴라"", ""리코타치즈"", ""발사믹"", ""드레싱"", ""코파"", ""복숭아"", ""샐러드코파와"", ""복숭아"", ""부라타"", ""치즈"", ""루꼴라"", ""후추"", ""살짝즐거운"", ""하루"", ""되세요"", ""소금집"", ""샐러드"", ""모르타델라"", ""론지노"", ""코파""]"
https://www.instagram.com/p/DN2hlAO5IEQ/,"아침,점심,저녁,간식 이모저모1. 연근 샐러드와 콩물에 아침2. 피타브레드에 타르 참치 스프레드,두부 넣고 먹은 점심(그믐 바이트 참치 스프레드에 씹히는 궁채가 너무 맛있음)3. 과일 오픈 샌드위치4. 그믐바이트 키트로 만든 김밥5. 핫한 @gmeum_ 김밥 키트✨ (내돈내산)🥣연근샐러드 볼은 @younhee_chanjang .",,아침 점심 저녁 간식 이모저모 연근 샐러드와 콩물에 아침 피타브레드에 타르 참치 스프레드 두부 넣고 먹은 점심 그믐 바이트 참치 스프레드에 씹히는 궁채가 너무 맛있음 과일 오픈 샌드위치 그믐바이트 키트로 만든 김밥 핫한 김밥 키트 내돈내산 연근샐러드 볼은,"[""아침"", ""점심"", ""저녁"", ""간식"", ""이모저모"", ""연근"", ""샐러드와"", ""콩물에"", ""아침"", ""피타브레드에"", ""타르"", ""참치"", ""스프레드"", ""두부"", ""점심"", ""그믐"", ""바이트"", ""참치"", ""스프레드에"", ""씹히는"", ""궁채가"", ""맛있음"", ""과일"", ""오픈"", ""샌드위치"", ""그믐바이트"", ""키트로"", ""만든"", ""김밥"", ""핫한"", ""김밥"", ""키트"", ""내돈내산"", ""연근샐러드"", ""볼은""]","[""아침"", ""점심"", ""저녁"", ""간식"", ""이모저모"", ""연근"", ""샐러드와"", ""콩물에"", ""아침"", ""피타브레드에"", ""타르"", ""참치"", ""스프레드"", ""두부"", ""점심"", ""그믐"", ""바이트"", ""참치"", ""스프레드에"", ""씹히는"", ""궁채가"", ""맛있음"", ""과일"", ""오픈"", ""샌드위치"", ""그믐바이트"", ""키트로"", ""만든"", ""김밥"", ""핫한"", ""김밥"", ""키트"", ""내돈내산"", ""연근샐러드"", ""볼은""]","[""아침"", ""점심"", ""저녁"", ""간식"", ""이모저모"", ""연근"", ""샐러드와"", ""콩물에"", ""아침"", ""피타브레드에"", ""타르"", ""참치"", ""스프레드"", ""두부"", ""점심"", ""그믐"", ""바이트"", ""참치"", ""스프레드에"", ""씹히는"", ""궁채가"", ""맛있음"", ""과일"", ""오픈"", ""샌드위치"", ""그믐바이트"", ""키트로"", ""만든"", ""김밥"", ""핫한"", ""김밥"", ""키트"", ""내돈내산"", ""연근샐러드"", ""볼은"", ""아침"", ""점심"", ""저녁"", ""간식"", ""이모저모"", ""연근"", ""샐러드와"", ""콩물에"", ""아침"", ""피타브레드에"", ""타르"", ""참치"", ""스프레드"", ""두부"", ""점심"", ""그믐"", ""바이트"", ""참치"", ""스프레드에"", ""씹히는"", ""궁채가"", ""맛있음"", ""과일"", ""오픈"", ""샌드위치"", ""그믐바이트"", ""키트로"", ""만든"", ""김밥"", ""핫한"", ""김밥"", ""키트"", ""내돈내산"", ""연근샐러드"", ""볼은""]"
https://www.instagram.com/p/DQGlYmtEn9t/,48가지 재료로 완성된현대인을 위한 새로운 샐러드🥗⠀이제 식사 전 Dr. 샐러드 한 포로건강한 야채 습관을 만들어 보세요💚⠀라이프 리밸런싱의 첫걸음1일 1생식 라이프밀⠀⠀⠀#이롬 #라이프밀 #생식 #라이프스타일 #황성주 #샐러드 #채소 #야채 #야채습관 #간편샐러드⠀,이롬;라이프밀;생식;라이프스타일;황성주;샐러드;채소;야채;야채습관;간편샐러드,가지 재료로 완성된현대인을 위한 새로운 샐러드 이제 식사 전 샐러드 한 포로건강한 야채 습관을 만들어 보세요 라이프 리밸런싱의 첫걸음 일 생식 라이프밀 #이롬 #라이프밀 #생식 #라이프스타일 #황성주 #샐러드 #채소 #야채 #야채습관 #간편샐러드,"[""재료로"", ""완성된현대인을"", ""샐러드"", ""식사"", ""샐러드"", ""포로건강한"", ""야채"", ""습관을"", ""만들어"", ""보세요"", ""라이프"", ""리밸런싱의"", ""첫걸음"", ""생식"", ""라이프밀""]","[""이롬"", ""라이프밀"", ""생식"", ""라이프스타일"", ""황성주"", ""샐러드"", ""채소"", ""야채"", ""야채습관"", ""간편샐러드""]","[""재료로"", ""완성된현대인을"", ""샐러드"", ""식사"", ""샐러드"", ""포로건강한"", ""야채"", ""습관을"", ""만들어"", ""보세요"", ""라이프"", ""리밸런싱의"", ""첫걸음"", ""생식"", ""라이프밀"", ""이롬"", ""라이프밀"", ""생식"", ""라이프스타일"", ""황성주"", ""샐러드"", ""채소"", ""야채"", ""야채습관"", ""간편샐러드""]"
https://www.instagram.com/p/DONyjiGkdZk/,"맛도리천국✨주말이 되기전에 지난 주말에 먹은 밥상 올려봅니다. 어쩌다보니 시작한게 많아서 바쁜 나날을 보내고 있어요… 그래도 밥은 잘 챙겨먹고있어요! 그저께 올린 피드에 살짝 등장한 단호박영양찜을 좋아해주셔서 제대로 올려봅니다!!!단호박스프, 단호박죽, 단호박 그냥 쪄서 다 맛있게 먹었는데 새로운거 해보고싶어서 냉털도 할겸 #한살림 @hansalim_official #찹쌀백미 구매해서 #단호박영양찜 ! 얼마전 포도워크샵에서 @daddy_podo 켐벨포도로 만든 #포도잼 먹을라고 #닭봉 #닭윙 오븐에 굽고 당근, 대파도 함께! 루꼴라에 양파 채썰고 아카시아꽃절임 올려 올리브오일과 발사믹으로 상큼한 #샐러드 ! 단호박영양찜은 우엉이 킥이었고 짭짤한 찹쌀밥이랑 단호박 너무 잘어울리고,  포도잼은 처음인데 너무너무 맛있어서 닭보다 빵이 더 잘어울릴거같지만, 닭의 향패턴과 포도의 향패턴이 비슷해서 잘어울려요. 곰이가 고오급진 닭요리를 먹는거같다고! 🎃단호박영양찜 - 단호박, 찹쌀, 수수, 흑미, 당근, 우엉, 호두, 대추 1. 찹쌀은 잘 불리고 수수와 흑미를 섞어 당근, 우엉 같이 밥을 짓고 2. 단호박을 아주 살짝 쪄서 뚜껑을 파내고 속을 긁어내요 3. 다된 찹쌀밥에 간장과 참기름 섞어 4. 단호박에 차곡차곡 넣고 마지막에 호두, 대추 올려 뚜껑 덮어 5. 찜기에서 15분 정도 쪄주면 완성✨왕 큰 단호박이라서 밥 2인분이 다 들어가고 8등분해서 아침마다 든든하게 먹고 있어요. #돌곰식탁 #돌곰요리 #저녁메뉴 #홈쿡 #집밥 #건강식 #채소요리 #단호박요리 #koreanfood #korean",한살림;찹쌀백미;단호박영양찜;포도잼;닭봉;닭윙;샐러드;돌곰식탁;돌곰요리;저녁메뉴;홈쿡;집밥;건강식;채소요리;단호박요리;koreanfood;korean,맛도리천국 주말이 되기전에 지난 주말에 먹은 밥상 올려봅니다 어쩌다보니 시작한게 많아서 바쁜 나날을 보내고 있어요 그래도 밥은 잘 챙겨먹고있어요 그저께 올린 피드에 살짝 등장한 단호박영양찜을 좋아해주셔서 제대로 올려봅니다 단호박스프 단호박죽 단호박 그냥 쪄서 다 맛있게 먹었는데 새로운거 해보고싶어서 냉털도 할겸 #한살림 #찹쌀백미 구매해서 #단호박영양찜 얼마전 포도워크샵에서 켐벨포도로 만든 #포도잼 먹을라고 #닭봉 #닭윙 오븐에 굽고 당근 대파도 함께 루꼴라에 양파 채썰고 아카시아꽃절임 올려 올리브오일과 발사믹으로 상큼한 #샐러드 단호박영양찜은 우엉이 킥이었고 짭짤한 찹쌀밥이랑 단호박 너무 잘어울리고 포도잼은 처음인데 너무너무 맛있어서 닭보다 빵이 더 잘어울릴거같지만 닭의 향패턴과 포도의 향패턴이 비슷해서 잘어울려요 곰이가 고오급진 닭요리를 먹는거같다고 단호박영양찜 단호박 찹쌀 수수 흑미 당근 우엉 호두 대추 찹쌀은 잘 불리고 수수와 흑미를 섞어 당근 우엉 같이 밥을 짓고 단호박을 아주 살짝 쪄서 뚜껑을 파내고 속을 긁어내요 다된 찹쌀밥에 간장과 참기름 섞어 단호박에 차곡차곡 넣고 마지막에 호두 대추 올려 뚜껑 덮어 찜기에서 분 정도 쪄주면 완성 왕 큰 단호박이라서 밥 인분이 다 들어가고 등분해서 아침마다 든든하게 먹고 있어요 #돌곰식탁 #돌곰요리 #저녁메뉴 #홈쿡 #집밥 #건강식 #채소요리 #단호박요리 # #,"[""맛도리천국"", ""주말이"", ""되기전에"", ""밥상"", ""올려봅니다"", ""어쩌다보니"", ""시작한게"", ""바쁜"", ""나날을"", ""보내고"", ""밥은"", ""챙겨먹고있어요"", ""그저께"", ""올린"", ""피드에"", ""등장한"", ""단호박영양찜을"", ""좋아해주셔서"", ""올려봅니다"", ""단호박스프"", ""단호박죽"", ""단호박"", ""쪄서"", ""먹었는데"", ""새로운거"", ""해보고싶어서"", ""냉털도"", ""할겸"", ""구매해서"", ""얼마전"", ""포도워크샵에서"", ""켐벨포도로"", ""만든"", ""먹을라고"", ""오븐에"", ""굽고"", ""당근"", ""대파도"", ""함께"", ""루꼴라에"", ""양파"", ""채썰고"", ""아카시아꽃절임"", ""올리브오일과"", ""발사믹으로"", ""상큼한"", ""단호박영양찜은"", ""우엉이"", ""킥이었고"", ""짭짤한"", ""찹쌀밥이랑"", ""단호박"", ""잘어울리고"", ""포도잼은"", ""처음인데"", ""너무너무"", ""닭보다"", ""빵이"", ""잘어울릴거같지만"", ""닭의"", ""향패턴과"", ""포도의"", ""향패턴이"", ""비슷해서"", ""잘어울려요"", ""곰이가"", ""고오급진"", ""닭요리를"", ""먹는거같다고"", ""단호박영양찜"", ""단호박"", ""찹쌀"", ""수수"", ""흑미"", ""당근"", ""우엉"", ""호두"", ""대추"", ""찹쌀은"", ""불리고"", ""수수와"", ""흑미를"", ""당근"", ""우엉"", ""밥을"", ""짓고"", ""단호박을"", ""쪄서"", ""뚜껑을"", ""파내고"", ""속을"", ""긁어내요"", ""다된"", ""찹쌀밥에"", ""간장과"", ""참기름"", ""단호박에"", ""차곡차곡"", ""마지막에"", ""호두"", ""대추"", ""뚜껑"", ""덮어"", ""찜기에서"", ""쪄주면"", ""완성"", ""단호박이라서"", ""인분이"", ""들어가고"", ""등분해서"", ""아침마다"", ""든든하게""]","[""한살림"", ""찹쌀백미"", ""단호박영양찜"", ""포도잼"", ""닭봉"", ""닭윙"", ""샐러드"", ""돌곰식탁"", ""돌곰요리"", ""저녁메뉴"", ""홈쿡"", ""집밥"", ""건강식"", ""채소요리"", ""단호박요리""]","[""맛도리천국"", ""주말이"", ""되기전에"", ""밥상"", ""올려봅니다"", ""어쩌다보니"", ""시작한게"", ""바쁜"", ""나날을"", ""보내고"", ""밥은"", ""챙겨먹고있어요"", ""그저께"", ""올린"", ""피드에"", ""등장한"", ""단호박영양찜을"", ""좋아해주셔서"", ""올려봅니다"", ""단호박스프"", ""단호박죽"", ""단호박"", ""쪄서"", ""먹었는데"", ""새로운거"", ""해보고싶어서"", ""냉털도"", ""할겸"", ""구매해서"", ""얼마전"", ""포도워크샵에서"", ""켐벨포도로"", ""만든"", ""먹을라고"", ""오븐에"", ""굽고"", ""당근"", ""대파도"", ""함께"", ""루꼴라에"", ""양파"", ""채썰고"", ""아카시아꽃절임"", ""올리브오일과"", ""발사믹으로"", ""상큼한"", ""단호박영양찜은"", ""우엉이"", ""킥이었고"", ""짭짤한"", ""찹쌀밥이랑"", ""단호박"", ""잘어울리고"", ""포도잼은"", ""처음인데"", ""너무너무"", ""닭보다"", ""빵이"", ""잘어울릴거같지만"", ""닭의"", ""향패턴과"", ""포도의"", ""향패턴이"", ""비슷해서"", ""잘어울려요"", ""곰이가"", ""고오급진"", ""닭요리를"", ""먹는거같다고"", ""단호박영양찜"", ""단호박"", ""찹쌀"", ""수수"", ""흑미"", ""당근"", ""우엉"", ""호두"", ""대추"", ""찹쌀은"", ""불리고"", ""수수와"", ""흑미를"", ""당근"", ""우엉"", ""밥을"", ""짓고"", ""단호박을"", ""쪄서"", ""뚜껑을"", ""파내고"", ""속을"", ""긁어내요"", ""다된"", ""찹쌀밥에"", ""간장과"", ""참기름"", ""단호박에"", ""차곡차곡"", ""마지막에"", ""호두"", ""대추"", ""뚜껑"", ""덮어"", ""찜기에서"", ""쪄주면"", ""완성"", ""단호박이라서"", ""인분이"", ""들어가고"", ""등분해서"", ""아침마다"", ""든든하게"", ""한살림"", ""찹쌀백미"", ""단호박영양찜"", ""포도잼"", ""닭봉"", ""닭윙"", ""샐러드"", ""돌곰식탁"", ""돌곰요리"", ""저녁메뉴"", ""홈쿡"", ""집밥"", ""건강식"", ""채소요리"", ""단호박요리""]"
https://www.instagram.com/p/DN2Eu6h0k0f/,안녕하세요 맬친님덜 오늘은!!배송 받자마자 사알짝 녹은 이 부라타치즈그냥 냉동실로 보내줄 수 없어서후다닥 샐러드를 만들어 드렸어요늘 맛만 보고 우리집 철봉님한테 토스해요든든하게 먹고싶을 때 좋은 샐러드로무려 한우가 들어갔습니다?부라타 찢어 올리뷰 콸콸 볶아낸 한우소보로와 구운 피스타쵸를 섞어디종 샐러드에 버무린 채소와 곁들여 먹으면속도 든든 영양도 든든 먹은 것 같아 입 안터지는샐러드 완성입니다제가 머스터드 샐러드 소스를 만들어 먹게 된 이후저의 샐러드 섭취 비율이 많이 늘어났어요이탈리아와 프랑스에서는 이 방식이 기본이라규 하니꼭 맨들어 드셔보시와요* 올리브 오일 4* 레드 와인 식초 2* 다진 마늘 1* 디종 머스타드 1* 1/2 레몬 주스(즙)* 마늘 분태 1/2 티스푼* 갓 갈은 후추 1/2티스푼또 하나의 킥이 있는데 이거슨 제가 릴스를 쪄내면 올리보께요과연....언제..🤔#맬브라운 #멜브라운 #맬브런치 #샐러드 #부라타치즈#burrata #saladrecipe #healtyeating #그릇#그릇가게 #카네수즈 #샌드플레이트 #카페창업 #샐러드레시피,맬브라운;멜브라운;맬브런치;샐러드;부라타치즈;burrata;saladrecipe;healtyeating;그릇;그릇가게;카네수즈;샌드플레이트;카페창업;샐러드레시피,안녕하세요 맬친님덜 오늘은 배송 받자마자 사알짝 녹은 이 부라타치즈그냥 냉동실로 보내줄 수 없어서후다닥 샐러드를 만들어 드렸어요늘 맛만 보고 우리집 철봉님한테 토스해요든든하게 먹고싶을 때 좋은 샐러드로무려 한우가 들어갔습니다 부라타 찢어 올리뷰 콸콸 볶아낸 한우소보로와 구운 피스타쵸를 섞어디종 샐러드에 버무린 채소와 곁들여 먹으면속도 든든 영양도 든든 먹은 것 같아 입 안터지는샐러드 완성입니다제가 머스터드 샐러드 소스를 만들어 먹게 된 이후저의 샐러드 섭취 비율이 많이 늘어났어요이탈리아와 프랑스에서는 이 방식이 기본이라규 하니꼭 맨들어 드셔보시와요 올리브 오일 레드 와인 식초 다진 마늘 디종 머스타드 레몬 주스 즙 마늘 분태 티스푼 갓 갈은 후추 티스푼또 하나의 킥이 있는데 이거슨 제가 릴스를 쪄내면 올리보께요과연 언제 #맬브라운 #멜브라운 #맬브런치 #샐러드 #부라타치즈# # # #그릇#그릇가게 #카네수즈 #샌드플레이트 #카페창업 #샐러드레시피,"[""맬친님덜"", ""배송"", ""받자마자"", ""사알짝"", ""녹은"", ""부라타치즈그냥"", ""냉동실로"", ""보내줄"", ""없어서후다닥"", ""샐러드를"", ""만들어"", ""드렸어요늘"", ""맛만"", ""우리집"", ""철봉님한테"", ""토스해요든든하게"", ""먹고싶을"", ""샐러드로무려"", ""한우가"", ""들어갔습니다"", ""부라타"", ""찢어"", ""올리뷰"", ""콸콸"", ""볶아낸"", ""한우소보로와"", ""구운"", ""피스타쵸를"", ""섞어디종"", ""샐러드에"", ""버무린"", ""채소와"", ""곁들여"", ""먹으면속도"", ""든든"", ""영양도"", ""든든"", ""같아"", ""안터지는샐러드"", ""완성입니다제가"", ""머스터드"", ""샐러드"", ""소스를"", ""만들어"", ""먹게"", ""이후저의"", ""샐러드"", ""섭취"", ""비율이"", ""늘어났어요이탈리아와"", ""프랑스에서는"", ""방식이"", ""기본이라규"", ""하니꼭"", ""맨들어"", ""드셔보시와요"", ""올리브"", ""오일"", ""레드"", ""와인"", ""식초"", ""다진"", ""마늘"", ""디종"", ""머스타드"", ""레몬"", ""주스"", ""마늘"", ""분태"", ""티스푼"", ""갈은"", ""후추"", ""티스푼또"", ""하나의"", ""킥이"", ""있는데"", ""이거슨"", ""릴스를"", ""쪄내면"", ""올리보께요과연"", ""언제""]","[""맬브라운"", ""멜브라운"", ""맬브런치"", ""샐러드"", ""부라타치즈"", ""그릇가게"", ""카네수즈"", ""샌드플레이트"", ""카페창업"", ""샐러드레시피""]","[""맬친님덜"", ""배송"", ""받자마자"", ""사알짝"", ""녹은"", ""부라타치즈그냥"", ""냉동실로"", ""보내줄"", ""없어서후다닥"", ""샐러드를"", ""만들어"", ""드렸어요늘"", ""맛만"", ""우리집"", ""철봉님한테"", ""토스해요든든하게"", ""먹고싶을"", ""샐러드로무려"", ""한우가"", ""들어갔습니다"", ""부라타"", ""찢어"", ""올리뷰"", ""콸콸"", ""볶아낸"", ""한우소보로와"", ""구운"", ""피스타쵸를"", ""섞어디종"", ""샐러드에"", ""버무린"", ""채소와"", ""곁들여"", ""먹으면속도"", ""든든"", ""영양도"", ""든든"", ""같아"", ""안터지는샐러드"", ""완성입니다제가"", ""머스터드"", ""샐러드"", ""소스를"", ""만들어"", ""먹게"", ""이후저의"", ""샐러드"", ""섭취"", ""비율이"", ""늘어났어요이탈리아와"", ""프랑스에서는"", ""방식이"", ""기본이라규"", ""하니꼭"", ""맨들어"", ""드셔보시와요"", ""올리브"", ""오일"", ""레드"", ""와인"", ""식초"", ""다진"", ""마늘"", ""디종"", ""머스타드"", ""레몬"", ""주스"", ""마늘"", ""분태"", ""티스푼"", ""갈은"", ""후추"", ""티스푼또"", ""하나의"", ""킥이"", ""있는데"", ""이거슨"", ""릴스를"", ""쪄내면"", ""올리보께요과연"", ""언제"", ""맬브라운"", ""멜브라운"", ""맬브런치"", ""샐러드"", ""부라타치즈"", ""그릇가게"", ""카네수즈"", ""샌드플레이트"", ""카페창업"", ""샐러드레시피""]"
https://www.instagram.com/p/DQGykBBEhor/,"#언니네 #마산양덕동이번에 좋은 기회가 생겨 가게 오픈 합니다 !한 평생 일만 하던 놈이 욕심이 많아서24시 무인 매장을 하나 오픈 합니다.(본업은 그대로 열심히 합니다🔥)샐러드, 샌드위치, 포케커피, 치아바타, 미니버거 등여러가지 메뉴들로 구성 되어 있습니다.24시 무인매장으로 언제든 이용 가능하시고아침부터 저녁까지는 배달도 가능합니다. 10월 28일 오픈합니다.많이 찾아주시면 감사하겠습니다🙇🏻‍♂️마산회원구 양덕로 140, 1층 언니네@eonnine_sand_3 < 팔로우 필수 !#24시무인매장 #단채주문환영#샌드위치 #샐러드 #포케 #커피#치아바타 #미니버거",언니네;마산양덕동이번에;24시무인매장;단채주문환영;샌드위치;샐러드;포케;커피;치아바타;미니버거,#언니네 #마산양덕동이번에 좋은 기회가 생겨 가게 오픈 합니다 한 평생 일만 하던 놈이 욕심이 많아서 시 무인 매장을 하나 오픈 합니다 본업은 그대로 열심히 합니다 샐러드 샌드위치 포케커피 치아바타 미니버거 등여러가지 메뉴들로 구성 되어 있습니다 시 무인매장으로 언제든 이용 가능하시고아침부터 저녁까지는 배달도 가능합니다 월 일 오픈합니다 많이 찾아주시면 감사하겠습니다 마산회원구 양덕로 층 언니네 팔로우 필수 # 시무인매장 #단채주문환영#샌드위치 #샐러드 #포케 #커피#치아바타 #미니버거,"[""기회가"", ""생겨"", ""가게"", ""오픈"", ""평생"", ""일만"", ""하던"", ""놈이"", ""욕심이"", ""무인"", ""매장을"", ""오픈"", ""본업은"", ""열심히"", ""샐러드"", ""샌드위치"", ""포케커피"", ""치아바타"", ""미니버거"", ""등여러가지"", ""메뉴들로"", ""구성"", ""무인매장으로"", ""가능하시고아침부터"", ""저녁까지는"", ""배달도"", ""오픈합니다"", ""찾아주시면"", ""감사하겠습니다"", ""마산회원구"", ""양덕로"", ""언니네"", ""시무인매장""]","[""언니네"", ""마산양덕동이번에"", ""시무인매장"", ""단채주문환영"", ""샌드위치"", ""샐러드"", ""포케"", ""커피"", ""치아바타"", ""미니버거""]","[""기회가"", ""생겨"", ""가게"", ""오픈"", ""평생"", ""일만"", ""하던"", ""놈이"", ""욕심이"", ""무인"", ""매장을"", ""오픈"", ""본업은"", ""열심히"", ""샐러드"", ""샌드위치"", ""포케커피"", ""치아바타"", ""미니버거"", ""등여러가지"", ""메뉴들로"", ""구성"", ""무인매장으로"", ""가능하시고아침부터"", ""저녁까지는"", ""배달도"", ""오픈합니다"", ""찾아주시면"", ""감사하겠습니다"", ""마산회원구"", ""양덕로"", ""언니네"", ""시무인매장"", ""언니네"", ""마산양덕동이번에"", ""시무인매장"", ""단채주문환영"", ""샌드위치"", ""샐러드"", ""포케"", ""커피"", ""치아바타"", ""미니버거""]"
https://www.instagram.com/p/DQGykBBEhor/c/17966155880826518/,"#언니네 #마산양덕동이번에 좋은 기회가 생겨 가게 오픈 합니다 !한 평생 일만 하던 놈이 욕심이 많아서24시 무인 매장을 하나 오픈 합니다.(본업은 그대로 열심히 합니다🔥)샐러드, 샌드위치, 포케커피, 치아바타, 미니버거 등여러가지 메뉴들로 구성 되어 있습니다.24시 무인매장으로 언제든 이용 가능하시고아침부터 저녁까지는 배달도 가능합니다. 10월 28일 오픈합니다.많이 찾아주시면 감사하겠습니다🙇🏻‍♂️마산회원구 양덕로 140, 1층 언니네@eonnine_sand_3 < 팔로우 필수 !#24시무인매장 #단채주문환영#샌드위치 #샐러드 #포케 #커피#치아바타 #미니버거",언니네;마산양덕동이번에;24시무인매장;단채주문환영;샌드위치;샐러드;포케;커피;치아바타;미니버거,#언니네 #마산양덕동이번에 좋은 기회가 생겨 가게 오픈 합니다 한 평생 일만 하던 놈이 욕심이 많아서 시 무인 매장을 하나 오픈 합니다 본업은 그대로 열심히 합니다 샐러드 샌드위치 포케커피 치아바타 미니버거 등여러가지 메뉴들로 구성 되어 있습니다 시 무인매장으로 언제든 이용 가능하시고아침부터 저녁까지는 배달도 가능합니다 월 일 오픈합니다 많이 찾아주시면 감사하겠습니다 마산회원구 양덕로 층 언니네 팔로우 필수 # 시무인매장 #단채주문환영#샌드위치 #샐러드 #포케 #커피#치아바타 #미니버거,"[""기회가"", ""생겨"", ""가게"", ""오픈"", ""평생"", ""일만"", ""하던"", ""놈이"", ""욕심이"", ""무인"", ""매장을"", ""오픈"", ""본업은"", ""열심히"", ""샐러드"", ""샌드위치"", ""포케커피"", ""치아바타"", ""미니버거"", ""등여러가지"", ""메뉴들로"", ""구성"", ""무인매장으로"", ""가능하시고아침부터"", ""저녁까지는"", ""배달도"", ""오픈합니다"", ""찾아주시면"", ""감사하겠습니다"", ""마산회원구"", ""양덕로"", ""언니네"", ""시무인매장""]","[""언니네"", ""마산양덕동이번에"", ""시무인매장"", ""단채주문환영"", ""샌드위치"", ""샐러드"", ""포케"", ""커피"", ""치아바타"", ""미니버거""]","[""기회가"", ""생겨"", ""가게"", ""오픈"", ""평생"", ""일만"", ""하던"", ""놈이"", ""욕심이"", ""무인"", ""매장을"", ""오픈"", ""본업은"", ""열심히"", ""샐러드"", ""샌드위치"", ""포케커피"", ""치아바타"", ""미니버거"", ""등여러가지"", ""메뉴들로"", ""구성"", ""무인매장으로"", ""가능하시고아침부터"", ""저녁까지는"", ""배달도"", ""오픈합니다"", ""찾아주시면"", ""감사하겠습니다"", ""마산회원구"", ""양덕로"", ""언니네"", ""시무인매장"", ""언니네"", ""마산양덕동이번에"", ""시무인매장"", ""단채주문환영"", ""샌드위치"", ""샐러드"", ""포케"", ""커피"", ""치아바타"", ""미니버거""]"
https://www.instagram.com/p/DP5Iaz9ieaf/,#우리뷔페오늘의메뉴 #치킨까스#메추리알조림#풋고추#샐러드#북어채볶음 #얼갈이나물#어묵탕#후식누룽지20251017금요일#,우리뷔페오늘의메뉴;치킨까스;메추리알조림;풋고추;샐러드;북어채볶음;얼갈이나물;어묵탕;후식누룽지20251017금요일,#우리뷔페오늘의메뉴 #치킨까스#메추리알조림#풋고추#샐러드#북어채볶음 #얼갈이나물#어묵탕#후식누룽지 금요일#,[],"[""우리뷔페오늘의메뉴"", ""치킨까스"", ""메추리알조림"", ""풋고추"", ""샐러드"", ""북어채볶음"", ""얼갈이나물"", ""어묵탕"", ""후식누룽지""]","[""우리뷔페오늘의메뉴"", ""치킨까스"", ""메추리알조림"", ""풋고추"", ""샐러드"", ""북어채볶음"", ""얼갈이나물"", ""어묵탕"", ""후식누룽지""]"
https://www.instagram.com/p/DPyDS04E4_A/c/17907873792252614/,"〰️오늘의 메뉴〰️#클래식샐러드 추석 연휴에 맛있는 거 많이 먹었더니클린한 샐러드가 먹고싶어서 오늘은 신선한 야채들로 샐러드🥗🍴재료는 냉장고 속 재료와 입맛에 맞게 넣어보아요🤭🌿클래식 샐러드🌿양상추, 토마토, 삶은 계란, 양파, 콘옥수수, 아몬드소스는 오리엔탈로 픽🤎",클래식샐러드,오늘의 메뉴 #클래식샐러드 추석 연휴에 맛있는 거 많이 먹었더니클린한 샐러드가 먹고싶어서 오늘은 신선한 야채들로 샐러드 재료는 냉장고 속 재료와 입맛에 맞게 넣어보아요 클래식 샐러드 양상추 토마토 삶은 계란 양파 콘옥수수 아몬드소스는 오리엔탈로 픽,"[""추석"", ""연휴에"", ""먹었더니클린한"", ""샐러드가"", ""먹고싶어서"", ""신선한"", ""야채들로"", ""샐러드"", ""재료는"", ""냉장고"", ""재료와"", ""입맛에"", ""맞게"", ""넣어보아요"", ""클래식"", ""샐러드"", ""양상추"", ""토마토"", ""계란"", ""양파"", ""콘옥수수"", ""아몬드소스는"", ""오리엔탈로""]","[""클래식샐러드""]","[""추석"", ""연휴에"", ""먹었더니클린한"", ""샐러드가"", ""먹고싶어서"", ""신선한"", ""야채들로"", ""샐러드"", ""재료는"", ""냉장고"", ""재료와"", ""입맛에"", ""맞게"", ""넣어보아요"", ""클래식"", ""샐러드"", ""양상추"", ""토마토"", ""계란"", ""양파"", ""콘옥수수"", ""아몬드소스는"", ""오리엔탈로"", ""클래식샐러드""]"
https://www.instagram.com/p/DQG1aX-gWNV/,#붓카케우동 #연어 #연어초밥 #샐러드 #미역국 #일식연어 해먹는게 이득? vs 사먹는게 이득? 🍣참깨드레싱소스 마요네즈4 + 레몬즙1 + 올리고당1 + 참깨,붓카케우동;연어;연어초밥;샐러드;미역국;일식연어,#붓카케우동 #연어 #연어초밥 #샐러드 #미역국 #일식연어 해먹는게 이득 사먹는게 이득 참깨드레싱소스 마요네즈 레몬즙 올리고당 참깨,"[""해먹는게"", ""이득"", ""사먹는게"", ""이득"", ""참깨드레싱소스"", ""마요네즈"", ""레몬즙"", ""올리고당"", ""참깨""]","[""붓카케우동"", ""연어"", ""연어초밥"", ""샐러드"", ""미역국"", ""일식연어""]","[""해먹는게"", ""이득"", ""사먹는게"", ""이득"", ""참깨드레싱소스"", ""마요네즈"", ""레몬즙"", ""올리고당"", ""참깨"", ""붓카케우동"", ""연어"", ""연어초밥"", ""샐러드"", ""미역국"", ""일식연어""]"
https://www.instagram.com/p/DQIgPPmE1UG/,"오늘도 10시에 오픈했어요!시원한 가을 날씨라 걷기에도 너무나 좋은 날이네요👀🎶이런 날에는 맛있고 든든한 브런치인 거 아시죠?비스트로에이에서 시간별로 준비된 브런치 메뉴가 있답니다. 놓치지 마세요😚🍽️📍주차권 1시간 30분 지원📍매장 이용 고객님 한정, 빵 구매시 20%할인📍네이버 예약 방문 시, 데일리 스프 제공📍온누리 상품권 이용 가능📍민생회복 소비쿠폰 사용시, 디너롤 4입 1개 증정",,오늘도 시에 오픈했어요 시원한 가을 날씨라 걷기에도 너무나 좋은 날이네요 이런 날에는 맛있고 든든한 브런치인 거 아시죠 비스트로에이에서 시간별로 준비된 브런치 메뉴가 있답니다 놓치지 마세요 주차권 시간 분 지원 매장 이용 고객님 한정 빵 구매시 할인 네이버 예약 방문 시 데일리 스프 제공 온누리 상품권 이용 가능 민생회복 소비쿠폰 사용시 디너롤 입 개 증정,"[""시에"", ""오픈했어요"", ""시원한"", ""가을"", ""날씨라"", ""걷기에도"", ""너무나"", ""날이네요"", ""날에는"", ""든든한"", ""브런치인"", ""아시죠"", ""비스트로에이에서"", ""시간별로"", ""준비된"", ""브런치"", ""있답니다"", ""놓치지"", ""마세요"", ""주차권"", ""시간"", ""지원"", ""고객님"", ""한정"", ""구매시"", ""할인"", ""예약"", ""방문"", ""데일리"", ""스프"", ""제공"", ""온누리"", ""상품권"", ""민생회복"", ""소비쿠폰"", ""사용시"", ""디너롤"", ""증정""]","[""시에"", ""오픈했어요"", ""시원한"", ""가을"", ""날씨라"", ""걷기에도"", ""너무나"", ""날이네요"", ""날에는"", ""든든한"", ""브런치인"", ""아시죠"", ""비스트로에이에서"", ""시간별로"", ""준비된"", ""브런치"", ""있답니다"", ""놓치지"", ""마세요"", ""주차권"", ""시간"", ""지원"", ""고객님"", ""한정"", ""구매시"", ""할인"", ""예약"", ""방문"", ""데일리"", ""스프"", ""제공"", ""온누리"", ""상품권"", ""민생회복"", ""소비쿠폰"", ""사용시"", ""디너롤"", ""증정""]","[""시에"", ""오픈했어요"", ""시원한"", ""가을"", ""날씨라"", ""걷기에도"", ""너무나"", ""날이네요"", ""날에는"", ""든든한"", ""브런치인"", ""아시죠"", ""비스트로에이에서"", ""시간별로"", ""준비된"", ""브런치"", ""있답니다"", ""놓치지"", ""마세요"", ""주차권"", ""시간"", ""지원"", ""고객님"", ""한정"", ""구매시"", ""할인"", ""예약"", ""방문"", ""데일리"", ""스프"", ""제공"", ""온누리"", ""상품권"", ""민생회복"", ""소비쿠폰"", ""사용시"", ""디너롤"", ""증정"", ""시에"", ""오픈했어요"", ""시원한"", ""가을"", ""날씨라"", ""걷기에도"", ""너무나"", ""날이네요"", ""날에는"", ""든든한"", ""브런치인"", ""아시죠"", ""비스트로에이에서"", ""시간별로"", ""준비된"", ""브런치"", ""있답니다"", ""놓치지"", ""마세요"", ""주차권"", ""시간"", ""지원"", ""고객님"", ""한정"", ""구매시"", ""할인"", ""예약"", ""방문"", ""데일리"", ""스프"", ""제공"", ""온누리"", ""상품권"", ""민생회복"", ""소비쿠폰"", ""사용시"", ""디너롤"", ""증정""]"
https://www.instagram.com/p/DQF4xVPksEk/c/18094965169755648/,"Four Seasons Salad 🥣[ 가을하모니 샐러드 ]제철 과일인 단감, 배, 샤인머스켓의 은은한 달콤함에 하몽의 짭조름한 풍미가 더해져, 부드럽게 어우러지는 가을의 맛 샐러드입니다.",,가을하모니 샐러드 제철 과일인 단감 배 샤인머스켓의 은은한 달콤함에 하몽의 짭조름한 풍미가 더해져 부드럽게 어우러지는 가을의 맛 샐러드입니다,"[""가을하모니"", ""샐러드"", ""제철"", ""과일인"", ""단감"", ""샤인머스켓의"", ""은은한"", ""달콤함에"", ""하몽의"", ""짭조름한"", ""풍미가"", ""더해져"", ""부드럽게"", ""어우러지는"", ""가을의"", ""샐러드입니다""]","[""가을하모니"", ""샐러드"", ""제철"", ""과일인"", ""단감"", ""샤인머스켓의"", ""은은한"", ""달콤함에"", ""하몽의"", ""짭조름한"", ""풍미가"", ""더해져"", ""부드럽게"", ""어우러지는"", ""가을의"", ""샐러드입니다""]","[""가을하모니"", ""샐러드"", ""제철"", ""과일인"", ""단감"", ""샤인머스켓의"", ""은은한"", ""달콤함에"", ""하몽의"", ""짭조름한"", ""풍미가"", ""더해져"", ""부드럽게"", ""어우러지는"", ""가을의"", ""샐러드입니다"", ""가을하모니"", ""샐러드"", ""제철"", ""과일인"", ""단감"", ""샤인머스켓의"", ""은은한"", ""달콤함에"", ""하몽의"", ""짭조름한"", ""풍미가"", ""더해져"", ""부드럽게"", ""어우러지는"", ""가을의"", ""샐러드입니다""]"
https://www.instagram.com/p/DQIxZVWAezU/,#일산 #꼬치가 #닭꼬치 #수제닭꼬치 #맵닭꼬치세트 #청양마요 #매콤 #폭탄 #양배추샐러드 #샐러드 #맛남.....#일산맛집 #맛집 #음식 #기록 #데일리 #일기 #일상 #소소 #먹방 #소식 #건강 #반주,일산;꼬치가;닭꼬치;수제닭꼬치;맵닭꼬치세트;청양마요;매콤;폭탄;양배추샐러드;샐러드;맛남;일산맛집;맛집;음식;기록;데일리;일기;일상;소소;먹방;소식;건강;반주,#일산 #꼬치가 #닭꼬치 #수제닭꼬치 #맵닭꼬치세트 #청양마요 #매콤 #폭탄 #양배추샐러드 #샐러드 #맛남 #일산맛집 #맛집 #음식 #기록 #데일리 #일기 #일상 #소소 #먹방 #소식 #건강 #반주,[],"[""일산"", ""꼬치가"", ""닭꼬치"", ""수제닭꼬치"", ""맵닭꼬치세트"", ""청양마요"", ""매콤"", ""폭탄"", ""양배추샐러드"", ""샐러드"", ""맛남"", ""일산맛집"", ""맛집"", ""기록"", ""데일리"", ""일기"", ""일상"", ""소소"", ""먹방"", ""소식"", ""건강"", ""반주""]","[""일산"", ""꼬치가"", ""닭꼬치"", ""수제닭꼬치"", ""맵닭꼬치세트"", ""청양마요"", ""매콤"", ""폭탄"", ""양배추샐러드"", ""샐러드"", ""맛남"", ""일산맛집"", ""맛집"", ""기록"", ""데일리"", ""일기"", ""일상"", ""소소"", ""먹방"", ""소식"", ""건강"", ""반주""]"
https://www.instagram.com/p/DQIrUPLkcCu/,매일 다양한 덮밥으로도시락을 만나보세요! 든든한 한끼를 간단한 덮밥으로!추운날씨에도 따뜻하게 먹을 수 있는발열덮밥으로 한끼하신다면따뜻하게! 든든하게!식사를 할수있답니다!오늘 하루도 든든한 한끼로즐거운 하루! 행복한 식사시간되세요!#전주 #전주도시락#도시락#전주도시락맛집#전주직장인#직장인도시락#도시락맛집#샐러드#직장인샐러드#직장인도시락#도시락맛집,전주;전주도시락;도시락;전주도시락맛집;전주직장인;직장인도시락;도시락맛집;샐러드;직장인샐러드,매일 다양한 덮밥으로도시락을 만나보세요 든든한 한끼를 간단한 덮밥으로 추운날씨에도 따뜻하게 먹을 수 있는발열덮밥으로 한끼하신다면따뜻하게 든든하게 식사를 할수있답니다 오늘 하루도 든든한 한끼로즐거운 하루 행복한 식사시간되세요 #전주 #전주도시락#도시락#전주도시락맛집#전주직장인#직장인도시락#도시락맛집#샐러드#직장인샐러드#직장인도시락#도시락맛집,"[""매일"", ""다양한"", ""덮밥으로도시락을"", ""든든한"", ""한끼를"", ""간단한"", ""덮밥으로"", ""추운날씨에도"", ""따뜻하게"", ""있는발열덮밥으로"", ""한끼하신다면따뜻하게"", ""든든하게"", ""할수있답니다"", ""하루도"", ""든든한"", ""한끼로즐거운"", ""하루"", ""행복한"", ""식사시간되세요""]","[""전주"", ""전주도시락"", ""도시락"", ""전주도시락맛집"", ""전주직장인"", ""직장인도시락"", ""도시락맛집"", ""샐러드"", ""직장인샐러드""]","[""매일"", ""다양한"", ""덮밥으로도시락을"", ""든든한"", ""한끼를"", ""간단한"", ""덮밥으로"", ""추운날씨에도"", ""따뜻하게"", ""있는발열덮밥으로"", ""한끼하신다면따뜻하게"", ""든든하게"", ""할수있답니다"", ""하루도"", ""든든한"", ""한끼로즐거운"", ""하루"", ""행복한"", ""식사시간되세요"", ""전주"", ""전주도시락"", ""도시락"", ""전주도시락맛집"", ""전주직장인"", ""직장인도시락"", ""도시락맛집"", ""샐러드"", ""직장인샐러드""]"
https://www.instagram.com/p/DQGD7_HkgPh/c/17868654813462859/,"-*간혈적단식 후 매일 첫끼 이렇게 먹음 3kg 그냥 빠지겠네 🥚계란이랑 🧈버터 들어가서먹고 나면 한참 동안 배가 안고픔 👍🏻👍🏻스테비아방토🍅로 해야 두배로 맛나요 ☺️단맛,짠맛,포만감까지 다 느끼는 #다이어트식단",다이어트식단,간혈적단식 후 매일 첫끼 이렇게 먹음 그냥 빠지겠네 계란이랑 버터 들어가서먹고 나면 한참 동안 배가 안고픔 스테비아방토 로 해야 두배로 맛나요 단맛 짠맛 포만감까지 다 느끼는 #다이어트식단,"[""간혈적단식"", ""매일"", ""첫끼"", ""먹음"", ""빠지겠네"", ""계란이랑"", ""버터"", ""들어가서먹고"", ""나면"", ""한참"", ""동안"", ""배가"", ""안고픔"", ""스테비아방토"", ""해야"", ""두배로"", ""맛나요"", ""단맛"", ""짠맛"", ""포만감까지"", ""느끼는""]","[""다이어트식단""]","[""간혈적단식"", ""매일"", ""첫끼"", ""먹음"", ""빠지겠네"", ""계란이랑"", ""버터"", ""들어가서먹고"", ""나면"", ""한참"", ""동안"", ""배가"", ""안고픔"", ""스테비아방토"", ""해야"", ""두배로"", ""맛나요"", ""단맛"", ""짠맛"", ""포만감까지"", ""느끼는"", ""다이어트식단""]"
https://www.instagram.com/p/DI2Nucbz2QH/c/17876514603311771/,"야채 듬뿍 들어간 야채 샌드위치💚 오랫동안 꾸준히 사랑받는 메뉴입니다🙂 ARiMi는 따로 판매를 하지 않습니다. 구매 문의를 종종 주시는데, 제품을 구매하실 수는 없답니다.",,야채 듬뿍 들어간 야채 샌드위치 오랫동안 꾸준히 사랑받는 메뉴입니다 는 따로 판매를 하지 않습니다 구매 문의를 종종 주시는데 제품을 구매하실 수는 없답니다,"[""야채"", ""들어간"", ""야채"", ""샌드위치"", ""오랫동안"", ""사랑받는"", ""메뉴입니다"", ""판매를"", ""하지"", ""않습니다"", ""문의를"", ""종종"", ""주시는데"", ""제품을"", ""구매하실"", ""수는"", ""없답니다""]","[""야채"", ""들어간"", ""야채"", ""샌드위치"", ""오랫동안"", ""사랑받는"", ""메뉴입니다"", ""판매를"", ""하지"", ""않습니다"", ""문의를"", ""종종"", ""주시는데"", ""제품을"", ""구매하실"", ""수는"", ""없답니다""]","[""야채"", ""들어간"", ""야채"", ""샌드위치"", ""오랫동안"", ""사랑받는"", ""메뉴입니다"", ""판매를"", ""하지"", ""않습니다"", ""문의를"", ""종종"", ""주시는데"", ""제품을"", ""구매하실"", ""수는"", ""없답니다"", ""야채"", ""들어간"", ""야채"", ""샌드위치"", ""오랫동안"", ""사랑받는"", ""메뉴입니다"", ""판매를"", ""하지"", ""않습니다"", ""문의를"", ""종종"", ""주시는데"", ""제품을"", ""구매하실"", ""수는"", ""없답니다""]"
https://www.instagram.com/p/DP2yILdEpl3/,"아보카도 새우시즈닝 샌드위치🥑🍤🥬연휴 끝나고 생각보다 몸무게의 변화가 크게 없었어서(오예👍)이제 굳이 식단을 안 해도 되겠다 싶은거에요공복 운동은 계속하고 건강한 식재료로 먹고 싶은대로 먹기😋그래서 오늘은쫀득한 식감의 메바쥬 @mebaju_bakery 쌀 치아바타에프릴아이스, 아보카도, 메바쥬 샌드위치소스,메바주 매직시즈닝 뿌려서 구운 새우 조합으로샌드위치 만들었는데 너무 맛있어서 입에서 눈물이🤤🤤샌드위치 소스 너무 맛있고매직 시즈닝 버무린 새우도 너무 맛있는데요거는 활용도가 정말 많아 보여요감자, 고기, 샐러드 등에 챱챱 뿌리면 다 맛있을것 같아요이름 그대로 왼전 매직 시즈닝👍샌드위치 먹고 있어도 머릿속에 감자에 뿌려서 먹고 싶은 생각뿐🤣🤣",,아보카도 새우시즈닝 샌드위치 연휴 끝나고 생각보다 몸무게의 변화가 크게 없었어서 오예 이제 굳이 식단을 안 해도 되겠다 싶은거에요공복 운동은 계속하고 건강한 식재료로 먹고 싶은대로 먹기 그래서 오늘은쫀득한 식감의 메바쥬 쌀 치아바타에프릴아이스 아보카도 메바쥬 샌드위치소스 메바주 매직시즈닝 뿌려서 구운 새우 조합으로샌드위치 만들었는데 너무 맛있어서 입에서 눈물이 샌드위치 소스 너무 맛있고매직 시즈닝 버무린 새우도 너무 맛있는데요거는 활용도가 정말 많아 보여요감자 고기 샐러드 등에 챱챱 뿌리면 다 맛있을것 같아요이름 그대로 왼전 매직 시즈닝 샌드위치 먹고 있어도 머릿속에 감자에 뿌려서 먹고 싶은 생각뿐,"[""아보카도"", ""새우시즈닝"", ""샌드위치"", ""끝나고"", ""생각보다"", ""몸무게의"", ""변화가"", ""크게"", ""없었어서"", ""오예"", ""굳이"", ""식단을"", ""되겠다"", ""싶은거에요공복"", ""운동은"", ""계속하고"", ""건강한"", ""식재료로"", ""싶은대로"", ""먹기"", ""오늘은쫀득한"", ""식감의"", ""메바쥬"", ""치아바타에프릴아이스"", ""아보카도"", ""메바쥬"", ""샌드위치소스"", ""메바주"", ""매직시즈닝"", ""뿌려서"", ""구운"", ""새우"", ""조합으로샌드위치"", ""입에서"", ""눈물이"", ""샌드위치"", ""소스"", ""맛있고매직"", ""시즈닝"", ""버무린"", ""새우도"", ""맛있는데요거는"", ""활용도가"", ""보여요감자"", ""고기"", ""샐러드"", ""등에"", ""챱챱"", ""뿌리면"", ""맛있을것"", ""같아요이름"", ""왼전"", ""매직"", ""시즈닝"", ""샌드위치"", ""있어도"", ""머릿속에"", ""감자에"", ""뿌려서"", ""생각뿐""]","[""아보카도"", ""새우시즈닝"", ""샌드위치"", ""끝나고"", ""생각보다"", ""몸무게의"", ""변화가"", ""크게"", ""없었어서"", ""오예"", ""굳이"", ""식단을"", ""되겠다"", ""싶은거에요공복"", ""운동은"", ""계속하고"", ""건강한"", ""식재료로"", ""싶은대로"", ""먹기"", ""오늘은쫀득한"", ""식감의"", ""메바쥬"", ""치아바타에프릴아이스"", ""아보카도"", ""메바쥬"", ""샌드위치소스"", ""메바주"", ""매직시즈닝"", ""뿌려서"", ""구운"", ""새우"", ""조합으로샌드위치"", ""입에서"", ""눈물이"", ""샌드위치"", ""소스"", ""맛있고매직"", ""시즈닝"", ""버무린"", ""새우도"", ""맛있는데요거는"", ""활용도가"", ""보여요감자"", ""고기"", ""샐러드"", ""등에"", ""챱챱"", ""뿌리면"", ""맛있을것"", ""같아요이름"", ""왼전"", ""매직"", ""시즈닝"", ""샌드위치"", ""있어도"", ""머릿속에"", ""감자에"", ""뿌려서"", ""생각뿐""]","[""아보카도"", ""새우시즈닝"", ""샌드위치"", ""끝나고"", ""생각보다"", ""몸무게의"", ""변화가"", ""크게"", ""없었어서"", ""오예"", ""굳이"", ""식단을"", ""되겠다"", ""싶은거에요공복"", ""운동은"", ""계속하고"", ""건강한"", ""식재료로"", ""싶은대로"", ""먹기"", ""오늘은쫀득한"", ""식감의"", ""메바쥬"", ""치아바타에프릴아이스"", ""아보카도"", ""메바쥬"", ""샌드위치소스"", ""메바주"", ""매직시즈닝"", ""뿌려서"", ""구운"", ""새우"", ""조합으로샌드위치"", ""입에서"", ""눈물이"", ""샌드위치"", ""소스"", ""맛있고매직"", ""시즈닝"", ""버무린"", ""새우도"", ""맛있는데요거는"", ""활용도가"", ""보여요감자"", ""고기"", ""샐러드"", ""등에"", ""챱챱"", ""뿌리면"", ""맛있을것"", ""같아요이름"", ""왼전"", ""매직"", ""시즈닝"", ""샌드위치"", ""있어도"", ""머릿속에"", ""감자에"", ""뿌려서"", ""생각뿐"", ""아보카도"", ""새우시즈닝"", ""샌드위치"", ""끝나고"", ""생각보다"", ""몸무게의"", ""변화가"", ""크게"", ""없었어서"", ""오예"", ""굳이"", ""식단을"", ""되겠다"", ""싶은거에요공복"", ""운동은"", ""계속하고"", ""건강한"", ""식재료로"", ""싶은대로"", ""먹기"", ""오늘은쫀득한"", ""식감의"", ""메바쥬"", ""치아바타에프릴아이스"", ""아보카도"", ""메바쥬"", ""샌드위치소스"", ""메바주"", ""매직시즈닝"", ""뿌려서"", ""구운"", ""새우"", ""조합으로샌드위치"", ""입에서"", ""눈물이"", ""샌드위치"", ""소스"", ""맛있고매직"", ""시즈닝"", ""버무린"", ""새우도"", ""맛있는데요거는"", ""활용도가"", ""보여요감자"", ""고기"", ""샐러드"", ""등에"", ""챱챱"", ""뿌리면"", ""맛있을것"", ""같아요이름"", ""왼전"", ""매직"", ""시즈닝"", ""샌드위치"", ""있어도"", ""머릿속에"", ""감자에"", ""뿌려서"", ""생각뿐""]"
https://www.instagram.com/p/DQIXJcykpWO/,.와 진짜 마니 마셨담서...😵소맥으루 시작해서 양주 그리고 맥주...🤣🤣🤣와 이리 마신날이.. 올만이넹🤭🤭🤭회에 여러가지 맛난거 마니마니 먹고 술도 무지무지 마니 마시공~😍😍😍술병을 찍었어야했는뎅~😂😂😂진짜 즐겁게 한잔했넹~😁😁...#회 #홍어 #전어 #튀김 #메로구이 #전어구이 #멍게 #전복 #문어 #오징어무침 #샐러드 #부추전 #소주 #맥주 #소맥 #양주,회;홍어;전어;튀김;메로구이;전어구이;멍게;전복;문어;오징어무침;샐러드;부추전;소주;맥주;소맥;양주,와 진짜 마니 마셨담서 소맥으루 시작해서 양주 그리고 맥주 와 이리 마신날이 올만이넹 회에 여러가지 맛난거 마니마니 먹고 술도 무지무지 마니 마시공 술병을 찍었어야했는뎅 진짜 즐겁게 한잔했넹 #회 #홍어 #전어 #튀김 #메로구이 #전어구이 #멍게 #전복 #문어 #오징어무침 #샐러드 #부추전 #소주 #맥주 #소맥 #양주,"[""마니"", ""마셨담서"", ""소맥으루"", ""시작해서"", ""양주"", ""맥주"", ""이리"", ""마신날이"", ""올만이넹"", ""회에"", ""여러가지"", ""맛난거"", ""마니마니"", ""술도"", ""무지무지"", ""마니"", ""마시공"", ""술병을"", ""찍었어야했는뎅"", ""즐겁게"", ""한잔했넹""]","[""홍어"", ""전어"", ""튀김"", ""메로구이"", ""전어구이"", ""멍게"", ""전복"", ""문어"", ""오징어무침"", ""샐러드"", ""부추전"", ""소주"", ""맥주"", ""소맥"", ""양주""]","[""마니"", ""마셨담서"", ""소맥으루"", ""시작해서"", ""양주"", ""맥주"", ""이리"", ""마신날이"", ""올만이넹"", ""회에"", ""여러가지"", ""맛난거"", ""마니마니"", ""술도"", ""무지무지"", ""마니"", ""마시공"", ""술병을"", ""찍었어야했는뎅"", ""즐겁게"", ""한잔했넹"", ""홍어"", ""전어"", ""튀김"", ""메로구이"", ""전어구이"", ""멍게"", ""전복"", ""문어"", ""오징어무침"", ""샐러드"", ""부추전"", ""소주"", ""맥주"", ""소맥"", ""양주""]"
https://www.instagram.com/p/DQIwlu_EjuO/,#점심#사내식당#팽이맑은국 #불고기낚지비빔밥#고로케#케찹#김치#샐러드,점심;사내식당;팽이맑은국;불고기낚지비빔밥;고로케;케찹;김치;샐러드,#점심#사내식당#팽이맑은국 #불고기낚지비빔밥#고로케#케찹#김치#샐러드,[],"[""점심"", ""사내식당"", ""팽이맑은국"", ""불고기낚지비빔밥"", ""고로케"", ""케찹"", ""김치"", ""샐러드""]","[""점심"", ""사내식당"", ""팽이맑은국"", ""불고기낚지비빔밥"", ""고로케"", ""케찹"", ""김치"", ""샐러드""]"
https://www.instagram.com/p/DP3KuuAE4pf/c/17943491763061610/,"메종 무슈 11~12월 클래스 오픈 공지의 마지막은 <유러피안 테이블(가정식)> 정규반 입니다.✅ 클래스 요리 라인업 (총 35종)✔️ 수프 7종✔️ 샐러드 4종✔️ 샌드위치 7종✔️ 디핑 소스 & 스프레드 9종✔️ 브런치 & 파스타 8종*클래스에 대한 자세한 내용과 문의 및 신청은 프로필 링크의 블로그 공지글 참고 바랍니다.메종 무슈에서 운영하고 있는 클래스는 크게 정규반과 원데이 클래스로 나뉩니다. 원데이 클래스는 물리적인 시간에 한계가 있기에 조금은 기술적인 부분에 집중합니다. 4주, 8주 과정의 정규반은 이 기술적인 부분에 기본기와 밀도, 그리고 응용력을 더합니다. 본질적인 이론과 원리, 시스템, 그리고 여기에 활용과 응용이라는 ‘노하우 전수’에 조금 더 초점을 맞춥니다. 오신 분들 모두 ‘자신들만의 요리’를 완성하실 수 있도록 조금 더 애를 씁니다.이 과정을 거쳐 태어난 요리들은 여러분만의 <고메 유러피안 테이블>을 만들어줍니다. 유러피안 고메숍을 연상시키는 비주얼은 절로 눈이 가고, 기본기를 다져 새로이 태어난 요리들의 맛에 절로 놀라움을 느낍니다. 어느 지역에 방문해도 동일한 디스플레이와 포장, 메뉴얼로 익숙한 편안함을 주는 대기업 브랜드와는 완벽히 차별화를 둔, 러프한 개성을 담은(이를테면 포장지를 벗겨내 신선함과 다양한 색감을 그대로 드러내는) 여러분만의 브랜드로 고객들의 기억에 자리합니다.✅ 클래스 일정✔️11~12월- 주중 오전 클래스-✅ 클래스 포인트✔️ 이론이 아닌 실습으로 익히는 유러피안 요리 이론과 상품화- 유럽 가정식을 직접 만들고 직접 맛보는 현장 실습 교육- 유럽 가정식의 이론과 원리, 레시피와 메뉴 교육은 기본✔️ 재료 맛의 다양한 활용- 재료 본연의 이해를 통한 맛과 텍스처의 다양한 구현 - 조리 과정에서 나오는 풍미의 기술적 구현 및 활용✔️ 메뉴 구성 & 베리에이션- 하나의 채소가 수프가 되고, 스튜가 되고, 샐러드가 되는 과정 교육- 다양한 재료의 상호 접목을 통한 나만의 메뉴 구성안 가이딩_✅ 클래스 커리큘럼✔️ 1주차- 클래식 프렌치 : 프랑스 빵을 활용한 정통 프랑스 가정식 & 재해석 요리✔️ 2주차 - 다채로운 이탈리안 가정식 : 따뜻하고 정겨운 이탈리아 가정식을 브런치로 풀어내다✔️ 3주차- 북유럽&지중해의 건강한 가정식 : 유럽 북부와 남부의 건강하고 담백한 요리를 사워도우에 담다✔️ 4주차- 인터내셔널 인기 디핑소스&샌드위치, 브런치 구성 : 샌드위치/브런치의 실전 구성과 브랜딩, 포장 패키징여러분만의 ‘유러피안 마르쉐’를 만들어보세요. 고맙습니다.Being Myself Food '나다움' 요리, 메종 무슈",,메종 무슈 월 클래스 오픈 공지의 마지막은 유러피안 테이블 가정식 정규반 입니다 클래스 요리 라인업 총 종 수프 종 샐러드 종 샌드위치 종 디핑 소스 스프레드 종 브런치 파스타 종 클래스에 대한 자세한 내용과 문의 및 신청은 프로필 링크의 블로그 공지글 참고 바랍니다 메종 무슈에서 운영하고 있는 클래스는 크게 정규반과 원데이 클래스로 나뉩니다 원데이 클래스는 물리적인 시간에 한계가 있기에 조금은 기술적인 부분에 집중합니다 주 주 과정의 정규반은 이 기술적인 부분에 기본기와 밀도 그리고 응용력을 더합니다 본질적인 이론과 원리 시스템 그리고 여기에 활용과 응용이라는 노하우 전수 에 조금 더 초점을 맞춥니다 오신 분들 모두 자신들만의 요리 를 완성하실 수 있도록 조금 더 애를 씁니다 이 과정을 거쳐 태어난 요리들은 여러분만의 고메 유러피안 테이블 을 만들어줍니다 유러피안 고메숍을 연상시키는 비주얼은 절로 눈이 가고 기본기를 다져 새로이 태어난 요리들의 맛에 절로 놀라움을 느낍니다 어느 지역에 방문해도 동일한 디스플레이와 포장 메뉴얼로 익숙한 편안함을 주는 대기업 브랜드와는 완벽히 차별화를 둔 러프한 개성을 담은 이를테면 포장지를 벗겨내 신선함과 다양한 색감을 그대로 드러내는 여러분만의 브랜드로 고객들의 기억에 자리합니다 클래스 일정 월 주중 오전 클래스 클래스 포인트 이론이 아닌 실습으로 익히는 유러피안 요리 이론과 상품화 유럽 가정식을 직접 만들고 직접 맛보는 현장 실습 교육 유럽 가정식의 이론과 원리 레시피와 메뉴 교육은 기본 재료 맛의 다양한 활용 재료 본연의 이해를 통한 맛과 텍스처의 다양한 구현 조리 과정에서 나오는 풍미의 기술적 구현 및 활용 메뉴 구성 베리에이션 하나의 채소가 수프가 되고 스튜가 되고 샐러드가 되는 과정 교육 다양한 재료의 상호 접목을 통한 나만의 메뉴 구성안 가이딩 클래스 커리큘럼 주차 클래식 프렌치 프랑스 빵을 활용한 정통 프랑스 가정식 재해석 요리 주차 다채로운 이탈리안 가정식 따뜻하고 정겨운 이탈리아 가정식을 브런치로 풀어내다 주차 북유럽 지중해의 건강한 가정식 유럽 북부와 남부의 건강하고 담백한 요리를 사워도우에 담다 주차 인터내셔널 인기 디핑소스 샌드위치 브런치 구성 샌드위치 브런치의 실전 구성과 브랜딩 포장 패키징여러분만의 유러피안 마르쉐 를 만들어보세요 고맙습니다 나다움 요리 메종 무슈,"[""메종"", ""무슈"", ""클래스"", ""오픈"", ""공지의"", ""마지막은"", ""유러피안"", ""가정식"", ""정규반"", ""클래스"", ""요리"", ""라인업"", ""수프"", ""샐러드"", ""샌드위치"", ""디핑"", ""소스"", ""스프레드"", ""브런치"", ""파스타"", ""클래스에"", ""대한"", ""자세한"", ""내용과"", ""신청은"", ""링크의"", ""블로그"", ""공지글"", ""참고"", ""바랍니다"", ""메종"", ""무슈에서"", ""운영하고"", ""클래스는"", ""크게"", ""정규반과"", ""원데이"", ""클래스로"", ""나뉩니다"", ""원데이"", ""클래스는"", ""물리적인"", ""시간에"", ""한계가"", ""있기에"", ""조금은"", ""기술적인"", ""부분에"", ""집중합니다"", ""과정의"", ""정규반은"", ""기술적인"", ""부분에"", ""기본기와"", ""밀도"", ""응용력을"", ""더합니다"", ""본질적인"", ""이론과"", ""원리"", ""시스템"", ""여기에"", ""활용과"", ""응용이라는"", ""노하우"", ""전수"", ""초점을"", ""맞춥니다"", ""오신"", ""분들"", ""자신들만의"", ""요리"", ""완성하실"", ""애를"", ""씁니다"", ""과정을"", ""거쳐"", ""태어난"", ""요리들은"", ""여러분만의"", ""고메"", ""유러피안"", ""만들어줍니다"", ""유러피안"", ""고메숍을"", ""연상시키는"", ""비주얼은"", ""절로"", ""눈이"", ""가고"", ""기본기를"", ""다져"", ""새로이"", ""태어난"", ""요리들의"", ""맛에"", ""절로"", ""놀라움을"", ""느낍니다"", ""어느"", ""지역에"", ""방문해도"", ""동일한"", ""디스플레이와"", ""포장"", ""메뉴얼로"", ""익숙한"", ""편안함을"", ""주는"", ""대기업"", ""브랜드와는"", ""완벽히"", ""차별화를"", ""러프한"", ""개성을"", ""이를테면"", ""포장지를"", ""벗겨내"", ""신선함과"", ""다양한"", ""색감을"", ""드러내는"", ""여러분만의"", ""브랜드로"", ""고객들의"", ""기억에"", ""자리합니다"", ""클래스"", ""일정"", ""주중"", ""오전"", ""클래스"", ""클래스"", ""포인트"", ""이론이"", ""아닌"", ""실습으로"", ""익히는"", ""유러피안"", ""요리"", ""이론과"", ""상품화"", ""유럽"", ""가정식을"", ""만들고"", ""맛보는"", ""현장"", ""실습"", ""교육"", ""유럽"", ""가정식의"", ""이론과"", ""원리"", ""레시피와"", ""교육은"", ""재료"", ""다양한"", ""활용"", ""재료"", ""본연의"", ""이해를"", ""통한"", ""맛과"", ""텍스처의"", ""다양한"", ""구현"", ""조리"", ""과정에서"", ""나오는"", ""풍미의"", ""기술적"", ""구현"", ""활용"", ""구성"", ""베리에이션"", ""하나의"", ""채소가"", ""수프가"", ""스튜가"", ""샐러드가"", ""과정"", ""교육"", ""다양한"", ""재료의"", ""상호"", ""접목을"", ""통한"", ""나만의"", ""구성안"", ""가이딩"", ""클래스"", ""커리큘럼"", ""클래식"", ""프렌치"", ""프랑스"", ""빵을"", ""활용한"", ""정통"", ""프랑스"", ""가정식"", ""재해석"", ""요리"", ""다채로운"", ""이탈리안"", ""가정식"", ""따뜻하고"", ""정겨운"", ""이탈리아"", ""가정식을"", ""브런치로"", ""풀어내다"", ""북유럽"", ""지중해의"", ""건강한"", ""가정식"", ""유럽"", ""북부와"", ""남부의"", ""건강하고"", ""담백한"", ""요리를"", ""사워도우에"", ""담다"", ""인터내셔널"", ""인기"", ""디핑소스"", ""샌드위치"", ""브런치"", ""구성"", ""샌드위치"", ""브런치의"", ""실전"", ""구성과"", ""브랜딩"", ""포장"", ""패키징여러분만의"", ""유러피안"", ""마르쉐"", ""만들어보세요"", ""고맙습니다"", ""나다움"", ""요리"", ""메종"", ""무슈""]","[""메종"", ""무슈"", ""클래스"", ""오픈"", ""공지의"", ""마지막은"", ""유러피안"", ""가정식"", ""정규반"", ""클래스"", ""요리"", ""라인업"", ""수프"", ""샐러드"", ""샌드위치"", ""디핑"", ""소스"", ""스프레드"", ""브런치"", ""파스타"", ""클래스에"", ""대한"", ""자세한"", ""내용과"", ""신청은"", ""링크의"", ""블로그"", ""공지글"", ""참고"", ""바랍니다"", ""메종"", ""무슈에서"", ""운영하고"", ""클래스는"", ""크게"", ""정규반과"", ""원데이"", ""클래스로"", ""나뉩니다"", ""원데이"", ""클래스는"", ""물리적인"", ""시간에"", ""한계가"", ""있기에"", ""조금은"", ""기술적인"", ""부분에"", ""집중합니다"", ""과정의"", ""정규반은"", ""기술적인"", ""부분에"", ""기본기와"", ""밀도"", ""응용력을"", ""더합니다"", ""본질적인"", ""이론과"", ""원리"", ""시스템"", ""여기에"", ""활용과"", ""응용이라는"", ""노하우"", ""전수"", ""초점을"", ""맞춥니다"", ""오신"", ""분들"", ""자신들만의"", ""요리"", ""완성하실"", ""애를"", ""씁니다"", ""과정을"", ""거쳐"", ""태어난"", ""요리들은"", ""여러분만의"", ""고메"", ""유러피안"", ""만들어줍니다"", ""유러피안"", ""고메숍을"", ""연상시키는"", ""비주얼은"", ""절로"", ""눈이"", ""가고"", ""기본기를"", ""다져"", ""새로이"", ""태어난"", ""요리들의"", ""맛에"", ""절로"", ""놀라움을"", ""느낍니다"", ""어느"", ""지역에"", ""방문해도"", ""동일한"", ""디스플레이와"", ""포장"", ""메뉴얼로"", ""익숙한"", ""편안함을"", ""주는"", ""대기업"", ""브랜드와는"", ""완벽히"", ""차별화를"", ""러프한"", ""개성을"", ""이를테면"", ""포장지를"", ""벗겨내"", ""신선함과"", ""다양한"", ""색감을"", ""드러내는"", ""여러분만의"", ""브랜드로"", ""고객들의"", ""기억에"", ""자리합니다"", ""클래스"", ""일정"", ""주중"", ""오전"", ""클래스"", ""클래스"", ""포인트"", ""이론이"", ""아닌"", ""실습으로"", ""익히는"", ""유러피안"", ""요리"", ""이론과"", ""상품화"", ""유럽"", ""가정식을"", ""만들고"", ""맛보는"", ""현장"", ""실습"", ""교육"", ""유럽"", ""가정식의"", ""이론과"", ""원리"", ""레시피와"", ""교육은"", ""재료"", ""다양한"", ""활용"", ""재료"", ""본연의"", ""이해를"", ""통한"", ""맛과"", ""텍스처의"", ""다양한"", ""구현"", ""조리"", ""과정에서"", ""나오는"", ""풍미의"", ""기술적"", ""구현"", ""활용"", ""구성"", ""베리에이션"", ""하나의"", ""채소가"", ""수프가"", ""스튜가"", ""샐러드가"", ""과정"", ""교육"", ""다양한"", ""재료의"", ""상호"", ""접목을"", ""통한"", ""나만의"", ""구성안"", ""가이딩"", ""클래스"", ""커리큘럼"", ""클래식"", ""프렌치"", ""프랑스"", ""빵을"", ""활용한"", ""정통"", ""프랑스"", ""가정식"", ""재해석"", ""요리"", ""다채로운"", ""이탈리안"", ""가정식"", ""따뜻하고"", ""정겨운"", ""이탈리아"", ""가정식을"", ""브런치로"", ""풀어내다"", ""북유럽"", ""지중해의"", ""건강한"", ""가정식"", ""유럽"", ""북부와"", ""남부의"", ""건강하고"", ""담백한"", ""요리를"", ""사워도우에"", ""담다"", ""인터내셔널"", ""인기"", ""디핑소스"", ""샌드위치"", ""브런치"", ""구성"", ""샌드위치"", ""브런치의"", ""실전"", ""구성과"", ""브랜딩"", ""포장"", ""패키징여러분만의"", ""유러피안"", ""마르쉐"", ""만들어보세요"", ""고맙습니다"", ""나다움"", ""요리"", ""메종"", ""무슈""]","[""메종"", ""무슈"", ""클래스"", ""오픈"", ""공지의"", ""마지막은"", ""유러피안"", ""가정식"", ""정규반"", ""클래스"", ""요리"", ""라인업"", ""수프"", ""샐러드"", ""샌드위치"", ""디핑"", ""소스"", ""스프레드"", ""브런치"", ""파스타"", ""클래스에"", ""대한"", ""자세한"", ""내용과"", ""신청은"", ""링크의"", ""블로그"", ""공지글"", ""참고"", ""바랍니다"", ""메종"", ""무슈에서"", ""운영하고"", ""클래스는"", ""크게"", ""정규반과"", ""원데이"", ""클래스로"", ""나뉩니다"", ""원데이"", ""클래스는"", ""물리적인"", ""시간에"", ""한계가"", ""있기에"", ""조금은"", ""기술적인"", ""부분에"", ""집중합니다"", ""과정의"", ""정규반은"", ""기술적인"", ""부분에"", ""기본기와"", ""밀도"", ""응용력을"", ""더합니다"", ""본질적인"", ""이론과"", ""원리"", ""시스템"", ""여기에"", ""활용과"", ""응용이라는"", ""노하우"", ""전수"", ""초점을"", ""맞춥니다"", ""오신"", ""분들"", ""자신들만의"", ""요리"", ""완성하실"", ""애를"", ""씁니다"", ""과정을"", ""거쳐"", ""태어난"", ""요리들은"", ""여러분만의"", ""고메"", ""유러피안"", ""만들어줍니다"", ""유러피안"", ""고메숍을"", ""연상시키는"", ""비주얼은"", ""절로"", ""눈이"", ""가고"", ""기본기를"", ""다져"", ""새로이"", ""태어난"", ""요리들의"", ""맛에"", ""절로"", ""놀라움을"", ""느낍니다"", ""어느"", ""지역에"", ""방문해도"", ""동일한"", ""디스플레이와"", ""포장"", ""메뉴얼로"", ""익숙한"", ""편안함을"", ""주는"", ""대기업"", ""브랜드와는"", ""완벽히"", ""차별화를"", ""러프한"", ""개성을"", ""이를테면"", ""포장지를"", ""벗겨내"", ""신선함과"", ""다양한"", ""색감을"", ""드러내는"", ""여러분만의"", ""브랜드로"", ""고객들의"", ""기억에"", ""자리합니다"", ""클래스"", ""일정"", ""주중"", ""오전"", ""클래스"", ""클래스"", ""포인트"", ""이론이"", ""아닌"", ""실습으로"", ""익히는"", ""유러피안"", ""요리"", ""이론과"", ""상품화"", ""유럽"", ""가정식을"", ""만들고"", ""맛보는"", ""현장"", ""실습"", ""교육"", ""유럽"", ""가정식의"", ""이론과"", ""원리"", ""레시피와"", ""교육은"", ""재료"", ""다양한"", ""활용"", ""재료"", ""본연의"", ""이해를"", ""통한"", ""맛과"", ""텍스처의"", ""다양한"", ""구현"", ""조리"", ""과정에서"", ""나오는"", ""풍미의"", ""기술적"", ""구현"", ""활용"", ""구성"", ""베리에이션"", ""하나의"", ""채소가"", ""수프가"", ""스튜가"", ""샐러드가"", ""과정"", ""교육"", ""다양한"", ""재료의"", ""상호"", ""접목을"", ""통한"", ""나만의"", ""구성안"", ""가이딩"", ""클래스"", ""커리큘럼"", ""클래식"", ""프렌치"", ""프랑스"", ""빵을"", ""활용한"", ""정통"", ""프랑스"", ""가정식"", ""재해석"", ""요리"", ""다채로운"", ""이탈리안"", ""가정식"", ""따뜻하고"", ""정겨운"", ""이탈리아"", ""가정식을"", ""브런치로"", ""풀어내다"", ""북유럽"", ""지중해의"", ""건강한"", ""가정식"", ""유럽"", ""북부와"", ""남부의"", ""건강하고"", ""담백한"", ""요리를"", ""사워도우에"", ""담다"", ""인터내셔널"", ""인기"", ""디핑소스"", ""샌드위치"", ""브런치"", ""구성"", ""샌드위치"", ""브런치의"", ""실전"", ""구성과"", ""브랜딩"", ""포장"", ""패키징여러분만의"", ""유러피안"", ""마르쉐"", ""만들어보세요"", ""고맙습니다"", ""나다움"", ""요리"", ""메종"", ""무슈"", ""메종"", ""무슈"", ""클래스"", ""오픈"", ""공지의"", ""마지막은"", ""유러피안"", ""가정식"", ""정규반"", ""클래스"", ""요리"", ""라인업"", ""수프"", ""샐러드"", ""샌드위치"", ""디핑"", ""소스"", ""스프레드"", ""브런치"", ""파스타"", ""클래스에"", ""대한"", ""자세한"", ""내용과"", ""신청은"", ""링크의"", ""블로그"", ""공지글"", ""참고"", ""바랍니다"", ""메종"", ""무슈에서"", ""운영하고"", ""클래스는"", ""크게"", ""정규반과"", ""원데이"", ""클래스로"", ""나뉩니다"", ""원데이"", ""클래스는"", ""물리적인"", ""시간에"", ""한계가"", ""있기에"", ""조금은"", ""기술적인"", ""부분에"", ""집중합니다"", ""과정의"", ""정규반은"", ""기술적인"", ""부분에"", ""기본기와"", ""밀도"", ""응용력을"", ""더합니다"", ""본질적인"", ""이론과"", ""원리"", ""시스템"", ""여기에"", ""활용과"", ""응용이라는"", ""노하우"", ""전수"", ""초점을"", ""맞춥니다"", ""오신"", ""분들"", ""자신들만의"", ""요리"", ""완성하실"", ""애를"", ""씁니다"", ""과정을"", ""거쳐"", ""태어난"", ""요리들은"", ""여러분만의"", ""고메"", ""유러피안"", ""만들어줍니다"", ""유러피안"", ""고메숍을"", ""연상시키는"", ""비주얼은"", ""절로"", ""눈이"", ""가고"", ""기본기를"", ""다져"", ""새로이"", ""태어난"", ""요리들의"", ""맛에"", ""절로"", ""놀라움을"", ""느낍니다"", ""어느"", ""지역에"", ""방문해도"", ""동일한"", ""디스플레이와"", ""포장"", ""메뉴얼로"", ""익숙한"", ""편안함을"", ""주는"", ""대기업"", ""브랜드와는"", ""완벽히"", ""차별화를"", ""러프한"", ""개성을"", ""이를테면"", ""포장지를"", ""벗겨내"", ""신선함과"", ""다양한"", ""색감을"", ""드러내는"", ""여러분만의"", ""브랜드로"", ""고객들의"", ""기억에"", ""자리합니다"", ""클래스"", ""일정"", ""주중"", ""오전"", ""클래스"", ""클래스"", ""포인트"", ""이론이"", ""아닌"", ""실습으로"", ""익히는"", ""유러피안"", ""요리"", ""이론과"", ""상품화"", ""유럽"", ""가정식을"", ""만들고"", ""맛보는"", ""현장"", ""실습"", ""교육"", ""유럽"", ""가정식의"", ""이론과"", ""원리"", ""레시피와"", ""교육은"", ""재료"", ""다양한"", ""활용"", ""재료"", ""본연의"", ""이해를"", ""통한"", ""맛과"", ""텍스처의"", ""다양한"", ""구현"", ""조리"", ""과정에서"", ""나오는"", ""풍미의"", ""기술적"", ""구현"", ""활용"", ""구성"", ""베리에이션"", ""하나의"", ""채소가"", ""수프가"", ""스튜가"", ""샐러드가"", ""과정"", ""교육"", ""다양한"", ""재료의"", ""상호"", ""접목을"", ""통한"", ""나만의"", ""구성안"", ""가이딩"", ""클래스"", ""커리큘럼"", ""클래식"", ""프렌치"", ""프랑스"", ""빵을"", ""활용한"", ""정통"", ""프랑스"", ""가정식"", ""재해석"", ""요리"", ""다채로운"", ""이탈리안"", ""가정식"", ""따뜻하고"", ""정겨운"", ""이탈리아"", ""가정식을"", ""브런치로"", ""풀어내다"", ""북유럽"", ""지중해의"", ""건강한"", ""가정식"", ""유럽"", ""북부와"", ""남부의"", ""건강하고"", ""담백한"", ""요리를"", ""사워도우에"", ""담다"", ""인터내셔널"", ""인기"", ""디핑소스"", ""샌드위치"", ""브런치"", ""구성"", ""샌드위치"", ""브런치의"", ""실전"", ""구성과"", ""브랜딩"", ""포장"", ""패키징여러분만의"", ""유러피안"", ""마르쉐"", ""만들어보세요"", ""고맙습니다"", ""나다움"", ""요리"", ""메종"", ""무슈""]"
https://www.instagram.com/p/DP-GrCKElYj/c/18061171568451466/,".일요일아침은 치킨샐러드.닭다리살 큰 기름은 떼내고 씻어 물기를 꼼꼼히 닦아내고 소금,후추 살짝 밑간하고올리브오일 두르고 노릇하게 구워주었다.샐러드야채에 시나노골드, 토마토, 샤인머스켓.소금넣고 끓는물에 아삭하게 삶아준 청태콩을 듬뿍 올려주고.발사믹식초 1T, 레몬즙 1T, 꿀 1T, 홀그레인머스터드 1/2T,  #108호맛간장 2t, 마늘1알 갈아넣고, 소금 2꼬집, 후추 넣어 잘 섞어 준 후올리브오일 2T 넣고 흔들어 발사믹드레싱*Booth108맛간장은 오늘저녁 8시 오픈해요....#집밥 #108호샐러드 #108호치킨샐러드 #108호드레싱 #샐러드 #치킨샐러드",108호맛간장;집밥;108호샐러드;108호치킨샐러드;108호드레싱;샐러드;치킨샐러드,일요일아침은 치킨샐러드 닭다리살 큰 기름은 떼내고 씻어 물기를 꼼꼼히 닦아내고 소금 후추 살짝 밑간하고올리브오일 두르고 노릇하게 구워주었다 샐러드야채에 시나노골드 토마토 샤인머스켓 소금넣고 끓는물에 아삭하게 삶아준 청태콩을 듬뿍 올려주고 발사믹식초 레몬즙 꿀 홀그레인머스터드 # 호맛간장 마늘 알 갈아넣고 소금 꼬집 후추 넣어 잘 섞어 준 후올리브오일 넣고 흔들어 발사믹드레싱 맛간장은 오늘저녁 시 오픈해요 #집밥 # 호샐러드 # 호치킨샐러드 # 호드레싱 #샐러드 #치킨샐러드,"[""일요일아침은"", ""치킨샐러드"", ""닭다리살"", ""기름은"", ""떼내고"", ""씻어"", ""물기를"", ""꼼꼼히"", ""닦아내고"", ""소금"", ""후추"", ""밑간하고올리브오일"", ""두르고"", ""노릇하게"", ""구워주었다"", ""샐러드야채에"", ""시나노골드"", ""토마토"", ""샤인머스켓"", ""소금넣고"", ""끓는물에"", ""아삭하게"", ""삶아준"", ""청태콩을"", ""올려주고"", ""발사믹식초"", ""레몬즙"", ""홀그레인머스터드"", ""호맛간장"", ""마늘"", ""갈아넣고"", ""소금"", ""꼬집"", ""후추"", ""후올리브오일"", ""흔들어"", ""발사믹드레싱"", ""맛간장은"", ""오늘저녁"", ""오픈해요"", ""호샐러드"", ""호치킨샐러드"", ""호드레싱""]","[""호맛간장"", ""집밥"", ""호샐러드"", ""호치킨샐러드"", ""호드레싱"", ""샐러드"", ""치킨샐러드""]","[""일요일아침은"", ""치킨샐러드"", ""닭다리살"", ""기름은"", ""떼내고"", ""씻어"", ""물기를"", ""꼼꼼히"", ""닦아내고"", ""소금"", ""후추"", ""밑간하고올리브오일"", ""두르고"", ""노릇하게"", ""구워주었다"", ""샐러드야채에"", ""시나노골드"", ""토마토"", ""샤인머스켓"", ""소금넣고"", ""끓는물에"", ""아삭하게"", ""삶아준"", ""청태콩을"", ""올려주고"", ""발사믹식초"", ""레몬즙"", ""홀그레인머스터드"", ""호맛간장"", ""마늘"", ""갈아넣고"", ""소금"", ""꼬집"", ""후추"", ""후올리브오일"", ""흔들어"", ""발사믹드레싱"", ""맛간장은"", ""오늘저녁"", ""오픈해요"", ""호샐러드"", ""호치킨샐러드"", ""호드레싱"", ""호맛간장"", ""집밥"", ""호샐러드"", ""호치킨샐러드"", ""호드레싱"", ""샐러드"", ""치킨샐러드""]"
https://www.instagram.com/p/DOlQEHME8Vp/,#협찬 #화덕피자맛집 #핏제리아오대학로본점피자러버 소니아가 너무나 좋아하는곳특히 핏제리아오 본점 잴 좋아함가게 야외분위기가 완전 외국에 온듯 예쁘고(요즘같은 날씨에 완전 채고채고)너무너무 친절하셔서 다녀오면 항상 기부니가죠흠이번에는 기본 좋아하는 피자와진짜 찐 맛나는 라구파스타랑깔라마리까지 골고루 야무지게 시키고플러스신라면 툼바 나폴리탄 바스켓셋뚜까지함께 즐겨보았뚬여기 와보고싶어하셨던지인 쉐프님과 둘이가서 배가 터졌던🤣피자도우가 진짜 쫄깃쫄깃 맛있어서남은피자 몽땅 데려와서피자쟁이 소니아 그주의 식사로알차게 또 잘 즐김 꺅재료가 모두 너무 신선하고 맛있어서멘날맨날 먹을수 있음 히히이번에도 너무너무 맛있게 잘먹었어요감사합니다 🥰 @pizzeria_o_official,협찬;화덕피자맛집;핏제리아오대학로본점피자러버,#협찬 #화덕피자맛집 #핏제리아오대학로본점피자러버 소니아가 너무나 좋아하는곳특히 핏제리아오 본점 잴 좋아함가게 야외분위기가 완전 외국에 온듯 예쁘고 요즘같은 날씨에 완전 채고채고 너무너무 친절하셔서 다녀오면 항상 기부니가죠흠이번에는 기본 좋아하는 피자와진짜 찐 맛나는 라구파스타랑깔라마리까지 골고루 야무지게 시키고플러스신라면 툼바 나폴리탄 바스켓셋뚜까지함께 즐겨보았뚬여기 와보고싶어하셨던지인 쉐프님과 둘이가서 배가 터졌던 피자도우가 진짜 쫄깃쫄깃 맛있어서남은피자 몽땅 데려와서피자쟁이 소니아 그주의 식사로알차게 또 잘 즐김 꺅재료가 모두 너무 신선하고 맛있어서멘날맨날 먹을수 있음 히히이번에도 너무너무 맛있게 잘먹었어요감사합니다,"[""소니아가"", ""너무나"", ""좋아하는곳특히"", ""핏제리아오"", ""본점"", ""좋아함가게"", ""야외분위기가"", ""외국에"", ""온듯"", ""예쁘고"", ""요즘같은"", ""날씨에"", ""채고채고"", ""너무너무"", ""친절하셔서"", ""다녀오면"", ""기부니가죠흠이번에는"", ""좋아하는"", ""피자와진짜"", ""맛나는"", ""라구파스타랑깔라마리까지"", ""골고루"", ""야무지게"", ""시키고플러스신라면"", ""툼바"", ""나폴리탄"", ""바스켓셋뚜까지함께"", ""즐겨보았뚬여기"", ""와보고싶어하셨던지인"", ""쉐프님과"", ""둘이가서"", ""배가"", ""터졌던"", ""피자도우가"", ""쫄깃쫄깃"", ""맛있어서남은피자"", ""몽땅"", ""데려와서피자쟁이"", ""소니아"", ""그주의"", ""식사로알차게"", ""즐김"", ""꺅재료가"", ""신선하고"", ""맛있어서멘날맨날"", ""먹을수"", ""있음"", ""히히이번에도"", ""너무너무"", ""잘먹었어요감사합니다""]","[""화덕피자맛집"", ""핏제리아오대학로본점피자러버""]","[""소니아가"", ""너무나"", ""좋아하는곳특히"", ""핏제리아오"", ""본점"", ""좋아함가게"", ""야외분위기가"", ""외국에"", ""온듯"", ""예쁘고"", ""요즘같은"", ""날씨에"", ""채고채고"", ""너무너무"", ""친절하셔서"", ""다녀오면"", ""기부니가죠흠이번에는"", ""좋아하는"", ""피자와진짜"", ""맛나는"", ""라구파스타랑깔라마리까지"", ""골고루"", ""야무지게"", ""시키고플러스신라면"", ""툼바"", ""나폴리탄"", ""바스켓셋뚜까지함께"", ""즐겨보았뚬여기"", ""와보고싶어하셨던지인"", ""쉐프님과"", ""둘이가서"", ""배가"", ""터졌던"", ""피자도우가"", ""쫄깃쫄깃"", ""맛있어서남은피자"", ""몽땅"", ""데려와서피자쟁이"", ""소니아"", ""그주의"", ""식사로알차게"", ""즐김"", ""꺅재료가"", ""신선하고"", ""맛있어서멘날맨날"", ""먹을수"", ""있음"", ""히히이번에도"", ""너무너무"", ""잘먹었어요감사합니다"", ""화덕피자맛집"", ""핏제리아오대학로본점피자러버""]"
https://www.instagram.com/p/DPxfsywEtjV/,"브레드 딥소스🫒🥨 | #제품제공요즘 브런치할 때 꼭 함께하는홀리스톤 엑스트라 버진 올리브오일 🍃고대의 땅 그리스 로도스섬에서 무농약으로 재배된 어린 올리브를손으로 직접 수확해 만든 프리미엄 오일이에요.폴리페놀 함량 799mg/kg, 산도 **0.4%**로과일향과 허브향이 가득하고,살짝 매운 여운이 남는 진짜 ‘좋은 오일’이에요.오늘은 이 오일로 간단한 브레드 딥소스를 만들어봤어요🥖접시에 올리브오일을 붓고,파슬리·크러쉬드페퍼·소금·후추·치즈를 갈아 넣은 뒤발사믹식초와 메이플시럽을 한 바퀴 둘러주면 완성!메바쥬 미니 치아바타를 찍어 먹으면고소하고 은은한 단맛에 향긋함까지 퍼져요✨진짜 너무 맛있어서 기절이에요…🤍이 조합, 꼭 해보세요.그냥 한 스푼 생으로 먹어도 좋은 오일이지만,이렇게 간단한 딥소스로 즐기면 더 맛있게 즐길 수 있답니다💚패키지도 고급스러워서 선물용으로도 추천드려요!🏷️ 올리브오일 @holiston_kr 🏷️ 미니 쌀치아바타 @mebaju_bakery #브런치 #홈브런치 #브레드딥소스 #올리브오일딥소스 #홀리스톤올리브오일 #엑스트라버진올리브오일 #프리미엄올리브오일 #올리브오일 #올리브오일추천 #샌드위치 #메바쥬 #샐러드 #brunch #sandwich #oliveoil #breaddip",제품제공요즘;브런치;홈브런치;브레드딥소스;올리브오일딥소스;홀리스톤올리브오일;엑스트라버진올리브오일;프리미엄올리브오일;올리브오일;올리브오일추천;샌드위치;메바쥬;샐러드;brunch;sandwich;oliveoil;breaddip,브레드 딥소스 #제품제공요즘 브런치할 때 꼭 함께하는홀리스톤 엑스트라 버진 올리브오일 고대의 땅 그리스 로도스섬에서 무농약으로 재배된 어린 올리브를손으로 직접 수확해 만든 프리미엄 오일이에요 폴리페놀 함량 산도 로과일향과 허브향이 가득하고 살짝 매운 여운이 남는 진짜 좋은 오일 이에요 오늘은 이 오일로 간단한 브레드 딥소스를 만들어봤어요 접시에 올리브오일을 붓고 파슬리 크러쉬드페퍼 소금 후추 치즈를 갈아 넣은 뒤발사믹식초와 메이플시럽을 한 바퀴 둘러주면 완성 메바쥬 미니 치아바타를 찍어 먹으면고소하고 은은한 단맛에 향긋함까지 퍼져요 진짜 너무 맛있어서 기절이에요 이 조합 꼭 해보세요 그냥 한 스푼 생으로 먹어도 좋은 오일이지만 이렇게 간단한 딥소스로 즐기면 더 맛있게 즐길 수 있답니다 패키지도 고급스러워서 선물용으로도 추천드려요 올리브오일 미니 쌀치아바타 #브런치 #홈브런치 #브레드딥소스 #올리브오일딥소스 #홀리스톤올리브오일 #엑스트라버진올리브오일 #프리미엄올리브오일 #올리브오일 #올리브오일추천 #샌드위치 #메바쥬 #샐러드 # # # #,"[""브레드"", ""딥소스"", ""브런치할"", ""함께하는홀리스톤"", ""엑스트라"", ""버진"", ""올리브오일"", ""고대의"", ""그리스"", ""로도스섬에서"", ""무농약으로"", ""재배된"", ""어린"", ""올리브를손으로"", ""수확해"", ""만든"", ""프리미엄"", ""오일이에요"", ""폴리페놀"", ""함량"", ""산도"", ""로과일향과"", ""허브향이"", ""가득하고"", ""매운"", ""여운이"", ""남는"", ""오일"", ""이에요"", ""오일로"", ""간단한"", ""브레드"", ""딥소스를"", ""접시에"", ""올리브오일을"", ""붓고"", ""파슬리"", ""크러쉬드페퍼"", ""소금"", ""후추"", ""치즈를"", ""갈아"", ""넣은"", ""뒤발사믹식초와"", ""메이플시럽을"", ""바퀴"", ""둘러주면"", ""완성"", ""메바쥬"", ""미니"", ""치아바타를"", ""찍어"", ""먹으면고소하고"", ""은은한"", ""단맛에"", ""향긋함까지"", ""퍼져요"", ""기절이에요"", ""해보세요"", ""스푼"", ""생으로"", ""오일이지만"", ""간단한"", ""딥소스로"", ""즐기면"", ""있답니다"", ""패키지도"", ""고급스러워서"", ""선물용으로도"", ""추천드려요"", ""올리브오일"", ""미니"", ""쌀치아바타""]","[""제품제공요즘"", ""브런치"", ""홈브런치"", ""브레드딥소스"", ""올리브오일딥소스"", ""홀리스톤올리브오일"", ""엑스트라버진올리브오일"", ""프리미엄올리브오일"", ""올리브오일"", ""올리브오일추천"", ""샌드위치"", ""메바쥬"", ""샐러드""]","[""브레드"", ""딥소스"", ""브런치할"", ""함께하는홀리스톤"", ""엑스트라"", ""버진"", ""올리브오일"", ""고대의"", ""그리스"", ""로도스섬에서"", ""무농약으로"", ""재배된"", ""어린"", ""올리브를손으로"", ""수확해"", ""만든"", ""프리미엄"", ""오일이에요"", ""폴리페놀"", ""함량"", ""산도"", ""로과일향과"", ""허브향이"", ""가득하고"", ""매운"", ""여운이"", ""남는"", ""오일"", ""이에요"", ""오일로"", ""간단한"", ""브레드"", ""딥소스를"", ""접시에"", ""올리브오일을"", ""붓고"", ""파슬리"", ""크러쉬드페퍼"", ""소금"", ""후추"", ""치즈를"", ""갈아"", ""넣은"", ""뒤발사믹식초와"", ""메이플시럽을"", ""바퀴"", ""둘러주면"", ""완성"", ""메바쥬"", ""미니"", ""치아바타를"", ""찍어"", ""먹으면고소하고"", ""은은한"", ""단맛에"", ""향긋함까지"", ""퍼져요"", ""기절이에요"", ""해보세요"", ""스푼"", ""생으로"", ""오일이지만"", ""간단한"", ""딥소스로"", ""즐기면"", ""있답니다"", ""패키지도"", ""고급스러워서"", ""선물용으로도"", ""추천드려요"", ""올리브오일"", ""미니"", ""쌀치아바타"", ""제품제공요즘"", ""브런치"", ""홈브런치"", ""브레드딥소스"", ""올리브오일딥소스"", ""홀리스톤올리브오일"", ""엑스트라버진올리브오일"", ""프리미엄올리브오일"", ""올리브오일"", ""올리브오일추천"", ""샌드위치"", ""메바쥬"", ""샐러드""]"
https://www.instagram.com/p/DBxc3bKyyMd/,행복한 그릇쇼핑🛍️예쁜 그릇에 담아먹으면 더 맛있고 행복하구〰️다들 그런거죠?? ㅋㅋㅋㅋ̆̈ @jijinbubu_table 피드에서 보고 반해서 산 그릇인데뭘 담아도 잘 어울리고 많이 무겁지 않아서 자주 사용중이에요!@hyunju_20211211 님 피드에서 본 🍐배샐러드를 만들어봤어요 @hui.recipe 님 레시피로 저는 감을 추가로 넣었어요!구운 견과류눈 필수! 치즈가득가득 필수👍🏻👍🏻👍🏻남편이랑 먹다가 너무 맛있어서 배랑 감 리필치즈 리필리필해서 배불리 먹었어요😋요거요거 그냥 먹어도 맛있지만 시원하게 칠링한 화이트와인이랑 넘넘 잘 어울려요! 꼭 와인이랑 드셔보세용🥂아가들 어제 2개월 예방접종 후 미열이 나서 새벽내내 보초 섰는데 열나는게 진짜 무섭더라구요 오늘도 무사히 지나가길🥺어느덧 10월 마지막날이네요 🍁가을 즐기지도 못하고 끝나서 아쉬워요🥹다음주부터 많이 추워진다는데 감기 조심하시고 예쁜 하늘보며 오늘도 화이팅 하세요🤎,,행복한 그릇쇼핑 예쁜 그릇에 담아먹으면 더 맛있고 행복하구 다들 그런거죠 ㅋㅋㅋㅋ 피드에서 보고 반해서 산 그릇인데뭘 담아도 잘 어울리고 많이 무겁지 않아서 자주 사용중이에요 님 피드에서 본 배샐러드를 만들어봤어요 님 레시피로 저는 감을 추가로 넣었어요 구운 견과류눈 필수 치즈가득가득 필수 남편이랑 먹다가 너무 맛있어서 배랑 감 리필치즈 리필리필해서 배불리 먹었어요 요거요거 그냥 먹어도 맛있지만 시원하게 칠링한 화이트와인이랑 넘넘 잘 어울려요 꼭 와인이랑 드셔보세용 아가들 어제 개월 예방접종 후 미열이 나서 새벽내내 보초 섰는데 열나는게 진짜 무섭더라구요 오늘도 무사히 지나가길 어느덧 월 마지막날이네요 가을 즐기지도 못하고 끝나서 아쉬워요 다음주부터 많이 추워진다는데 감기 조심하시고 예쁜 하늘보며 오늘도 화이팅 하세요,"[""행복한"", ""그릇쇼핑"", ""예쁜"", ""그릇에"", ""담아먹으면"", ""행복하구"", ""그런거죠"", ""ㅋㅋㅋㅋ"", ""피드에서"", ""반해서"", ""그릇인데뭘"", ""담아도"", ""어울리고"", ""무겁지"", ""않아서"", ""사용중이에요"", ""피드에서"", ""배샐러드를"", ""레시피로"", ""감을"", ""추가로"", ""넣었어요"", ""구운"", ""견과류눈"", ""치즈가득가득"", ""남편이랑"", ""먹다가"", ""배랑"", ""리필치즈"", ""리필리필해서"", ""배불리"", ""요거요거"", ""맛있지만"", ""시원하게"", ""칠링한"", ""화이트와인이랑"", ""넘넘"", ""어울려요"", ""와인이랑"", ""드셔보세용"", ""아가들"", ""개월"", ""예방접종"", ""미열이"", ""나서"", ""새벽내내"", ""보초"", ""섰는데"", ""열나는게"", ""무섭더라구요"", ""무사히"", ""지나가길"", ""어느덧"", ""마지막날이네요"", ""가을"", ""즐기지도"", ""못하고"", ""끝나서"", ""아쉬워요"", ""다음주부터"", ""추워진다는데"", ""감기"", ""조심하시고"", ""예쁜"", ""하늘보며"", ""화이팅"", ""하세요""]","[""행복한"", ""그릇쇼핑"", ""예쁜"", ""그릇에"", ""담아먹으면"", ""행복하구"", ""그런거죠"", ""ㅋㅋㅋㅋ"", ""피드에서"", ""반해서"", ""그릇인데뭘"", ""담아도"", ""어울리고"", ""무겁지"", ""않아서"", ""사용중이에요"", ""피드에서"", ""배샐러드를"", ""레시피로"", ""감을"", ""추가로"", ""넣었어요"", ""구운"", ""견과류눈"", ""치즈가득가득"", ""남편이랑"", ""먹다가"", ""배랑"", ""리필치즈"", ""리필리필해서"", ""배불리"", ""요거요거"", ""맛있지만"", ""시원하게"", ""칠링한"", ""화이트와인이랑"", ""넘넘"", ""어울려요"", ""와인이랑"", ""드셔보세용"", ""아가들"", ""개월"", ""예방접종"", ""미열이"", ""나서"", ""새벽내내"", ""보초"", ""섰는데"", ""열나는게"", ""무섭더라구요"", ""무사히"", ""지나가길"", ""어느덧"", ""마지막날이네요"", ""가을"", ""즐기지도"", ""못하고"", ""끝나서"", ""아쉬워요"", ""다음주부터"", ""추워진다는데"", ""감기"", ""조심하시고"", ""예쁜"", ""하늘보며"", ""화이팅"", ""하세요""]","[""행복한"", ""그릇쇼핑"", ""예쁜"", ""그릇에"", ""담아먹으면"", ""행복하구"", ""그런거죠"", ""ㅋㅋㅋㅋ"", ""피드에서"", ""반해서"", ""그릇인데뭘"", ""담아도"", ""어울리고"", ""무겁지"", ""않아서"", ""사용중이에요"", ""피드에서"", ""배샐러드를"", ""레시피로"", ""감을"", ""추가로"", ""넣었어요"", ""구운"", ""견과류눈"", ""치즈가득가득"", ""남편이랑"", ""먹다가"", ""배랑"", ""리필치즈"", ""리필리필해서"", ""배불리"", ""요거요거"", ""맛있지만"", ""시원하게"", ""칠링한"", ""화이트와인이랑"", ""넘넘"", ""어울려요"", ""와인이랑"", ""드셔보세용"", ""아가들"", ""개월"", ""예방접종"", ""미열이"", ""나서"", ""새벽내내"", ""보초"", ""섰는데"", ""열나는게"", ""무섭더라구요"", ""무사히"", ""지나가길"", ""어느덧"", ""마지막날이네요"", ""가을"", ""즐기지도"", ""못하고"", ""끝나서"", ""아쉬워요"", ""다음주부터"", ""추워진다는데"", ""감기"", ""조심하시고"", ""예쁜"", ""하늘보며"", ""화이팅"", ""하세요"", ""행복한"", ""그릇쇼핑"", ""예쁜"", ""그릇에"", ""담아먹으면"", ""행복하구"", ""그런거죠"", ""ㅋㅋㅋㅋ"", ""피드에서"", ""반해서"", ""그릇인데뭘"", ""담아도"", ""어울리고"", ""무겁지"", ""않아서"", ""사용중이에요"", ""피드에서"", ""배샐러드를"", ""레시피로"", ""감을"", ""추가로"", ""넣었어요"", ""구운"", ""견과류눈"", ""치즈가득가득"", ""남편이랑"", ""먹다가"", ""배랑"", ""리필치즈"", ""리필리필해서"", ""배불리"", ""요거요거"", ""맛있지만"", ""시원하게"", ""칠링한"", ""화이트와인이랑"", ""넘넘"", ""어울려요"", ""와인이랑"", ""드셔보세용"", ""아가들"", ""개월"", ""예방접종"", ""미열이"", ""나서"", ""새벽내내"", ""보초"", ""섰는데"", ""열나는게"", ""무섭더라구요"", ""무사히"", ""지나가길"", ""어느덧"", ""마지막날이네요"", ""가을"", ""즐기지도"", ""못하고"", ""끝나서"", ""아쉬워요"", ""다음주부터"", ""추워진다는데"", ""감기"", ""조심하시고"", ""예쁜"", ""하늘보며"", ""화이팅"", ""하세요""]"
https://www.instagram.com/p/DN2Ff3vZhj8/,"살짝 구운 천도 복숭아 샐러드”#친해지고싶은채소 이번 여름에는 복숭아 많이 먹어야지 생각하고 뭐가 그리 바쁜지 3~4번 밖에 못 먹었네요. 그래서 오늘은 잘 익은 천도 복숭아를 그릴에 살짝 구워 오이, 루꼴라, 모차렐라 치즈를 넣은 샐러드를 만들어 보려고해요.오늘의 주인공 천도 복숭아를 그릴에 구우면살짝 단맛도 올라오고 구운향도 나서즐겨 만들어 먹는 여름 샐러드입니다. 혹시 천도 복숭아가 후숙이 덜 되었을 때는 팬에 설탕을 넣고 천도 복숭아를 구워 넣으면 훨씬 맛있습니다. 참고해 주시면 됩니다. 아직은 여름 같은 날씨에 새콤달콤한 천도 복숭아 샐러드를 먹으니 기분이 좋네요.재료 잘 익은 천도 복숭아 2개 손질한 와일드 루꼴라 30g 미니 오이 1개 프레시 모차렐라 치즈 1/2개 적 양파 1/4개 드레싱 발사믹 비니거 2작은술 올리브 오일 1.5큰술 꿀 1작은술 소금, 후추 약간 만들기 1.  드레싱은 분량대로 고루 섞는다. 2.  오이는 슬라이스하고 모짜렐라 치즈는 먹기 좋게 자른다. 3.  적 양파는 최대한 얇게 채 썬다. 4.  천도 복숭아는 반으로 칼집을 넣고 2등분한 뒤 씨를 제거한다.5.  총 6등분하여 볼에 넣고 소금, 후추, 설탕, 올리브 오일에 버무린다.6.  그릴 팬을 달궈 천도 복숭아에 그릴 자국이 나오도록 살짝 굽는다. 7.  복숭아는 식혀주고 완성 그릇에 와일드 루꼴라를 담아 주세요.8.  복숭아, 오이, 적 양파, 모차렐라를 보기 좋게 올려 주세요.9.  먹기 직전에 드레싱을 뿌리고 가볍게 버무려 먹으면 완성입니다. #홈카페#홈쿡#홈브런치#브런치맛집#간단요리#초보요리#신혼요리#1인밥상#혼밥#한그릇요리#집밥#간식스타그램#샐러드#온더테이블#빈티지그릇#살림스타그램#그릭요거트#foodstagram#푸드스타일링#쿡방#먹방그램#맛스타그램 #요리스타그램#샐러드맛집#샐러드식단#복숭아#복숭아샐러드#サラダ",친해지고싶은채소;홈카페;홈쿡;홈브런치;브런치맛집;간단요리;초보요리;신혼요리;1인밥상;혼밥;한그릇요리;집밥;간식스타그램;샐러드;온더테이블;빈티지그릇;살림스타그램;그릭요거트;foodstagram;푸드스타일링;쿡방;먹방그램;맛스타그램;요리스타그램;샐러드맛집;샐러드식단;복숭아;복숭아샐러드,살짝 구운 천도 복숭아 샐러드 #친해지고싶은채소 이번 여름에는 복숭아 많이 먹어야지 생각하고 뭐가 그리 바쁜지 번 밖에 못 먹었네요 그래서 오늘은 잘 익은 천도 복숭아를 그릴에 살짝 구워 오이 루꼴라 모차렐라 치즈를 넣은 샐러드를 만들어 보려고해요 오늘의 주인공 천도 복숭아를 그릴에 구우면살짝 단맛도 올라오고 구운향도 나서즐겨 만들어 먹는 여름 샐러드입니다 혹시 천도 복숭아가 후숙이 덜 되었을 때는 팬에 설탕을 넣고 천도 복숭아를 구워 넣으면 훨씬 맛있습니다 참고해 주시면 됩니다 아직은 여름 같은 날씨에 새콤달콤한 천도 복숭아 샐러드를 먹으니 기분이 좋네요 재료 잘 익은 천도 복숭아 개 손질한 와일드 루꼴라 미니 오이 개 프레시 모차렐라 치즈 개 적 양파 개 드레싱 발사믹 비니거 작은술 올리브 오일 큰술 꿀 작은술 소금 후추 약간 만들기 드레싱은 분량대로 고루 섞는다 오이는 슬라이스하고 모짜렐라 치즈는 먹기 좋게 자른다 적 양파는 최대한 얇게 채 썬다 천도 복숭아는 반으로 칼집을 넣고 등분한 뒤 씨를 제거한다 총 등분하여 볼에 넣고 소금 후추 설탕 올리브 오일에 버무린다 그릴 팬을 달궈 천도 복숭아에 그릴 자국이 나오도록 살짝 굽는다 복숭아는 식혀주고 완성 그릇에 와일드 루꼴라를 담아 주세요 복숭아 오이 적 양파 모차렐라를 보기 좋게 올려 주세요 먹기 직전에 드레싱을 뿌리고 가볍게 버무려 먹으면 완성입니다 #홈카페#홈쿡#홈브런치#브런치맛집#간단요리#초보요리#신혼요리# 인밥상#혼밥#한그릇요리#집밥#간식스타그램#샐러드#온더테이블#빈티지그릇#살림스타그램#그릭요거트# #푸드스타일링#쿡방#먹방그램#맛스타그램 #요리스타그램#샐러드맛집#샐러드식단#복숭아#복숭아샐러드#,"[""구운"", ""복숭아"", ""샐러드"", ""여름에는"", ""복숭아"", ""먹어야지"", ""생각하고"", ""뭐가"", ""그리"", ""바쁜지"", ""밖에"", ""먹었네요"", ""익은"", ""복숭아를"", ""그릴에"", ""구워"", ""오이"", ""루꼴라"", ""모차렐라"", ""치즈를"", ""넣은"", ""샐러드를"", ""만들어"", ""보려고해요"", ""주인공"", ""복숭아를"", ""그릴에"", ""구우면살짝"", ""단맛도"", ""올라오고"", ""구운향도"", ""나서즐겨"", ""만들어"", ""여름"", ""샐러드입니다"", ""복숭아가"", ""후숙이"", ""되었을"", ""때는"", ""팬에"", ""설탕을"", ""복숭아를"", ""구워"", ""넣으면"", ""훨씬"", ""맛있습니다"", ""참고해"", ""주시면"", ""됩니다"", ""아직은"", ""여름"", ""날씨에"", ""새콤달콤한"", ""복숭아"", ""샐러드를"", ""기분이"", ""좋네요"", ""재료"", ""익은"", ""복숭아"", ""손질한"", ""와일드"", ""루꼴라"", ""미니"", ""오이"", ""프레시"", ""모차렐라"", ""치즈"", ""양파"", ""드레싱"", ""발사믹"", ""비니거"", ""작은술"", ""올리브"", ""오일"", ""큰술"", ""작은술"", ""소금"", ""후추"", ""만들기"", ""드레싱은"", ""분량대로"", ""고루"", ""섞는다"", ""오이는"", ""슬라이스하고"", ""모짜렐라"", ""치즈는"", ""먹기"", ""좋게"", ""자른다"", ""양파는"", ""얇게"", ""썬다"", ""복숭아는"", ""반으로"", ""칼집을"", ""등분한"", ""씨를"", ""제거한다"", ""등분하여"", ""볼에"", ""소금"", ""후추"", ""설탕"", ""올리브"", ""오일에"", ""버무린다"", ""그릴"", ""팬을"", ""달궈"", ""복숭아에"", ""그릴"", ""자국이"", ""나오도록"", ""굽는다"", ""복숭아는"", ""식혀주고"", ""완성"", ""그릇에"", ""와일드"", ""루꼴라를"", ""복숭아"", ""오이"", ""양파"", ""모차렐라를"", ""보기"", ""좋게"", ""먹기"", ""직전에"", ""드레싱을"", ""뿌리고"", ""가볍게"", ""버무려"", ""완성입니다"", ""인밥상""]","[""친해지고싶은채소"", ""홈카페"", ""홈쿡"", ""홈브런치"", ""브런치맛집"", ""간단요리"", ""초보요리"", ""신혼요리"", ""인밥상"", ""혼밥"", ""한그릇요리"", ""집밥"", ""간식스타그램"", ""샐러드"", ""온더테이블"", ""빈티지그릇"", ""살림스타그램"", ""그릭요거트"", ""푸드스타일링"", ""쿡방"", ""먹방그램"", ""맛스타그램"", ""요리스타그램"", ""샐러드맛집"", ""샐러드식단"", ""복숭아"", ""복숭아샐러드""]","[""구운"", ""복숭아"", ""샐러드"", ""여름에는"", ""복숭아"", ""먹어야지"", ""생각하고"", ""뭐가"", ""그리"", ""바쁜지"", ""밖에"", ""먹었네요"", ""익은"", ""복숭아를"", ""그릴에"", ""구워"", ""오이"", ""루꼴라"", ""모차렐라"", ""치즈를"", ""넣은"", ""샐러드를"", ""만들어"", ""보려고해요"", ""주인공"", ""복숭아를"", ""그릴에"", ""구우면살짝"", ""단맛도"", ""올라오고"", ""구운향도"", ""나서즐겨"", ""만들어"", ""여름"", ""샐러드입니다"", ""복숭아가"", ""후숙이"", ""되었을"", ""때는"", ""팬에"", ""설탕을"", ""복숭아를"", ""구워"", ""넣으면"", ""훨씬"", ""맛있습니다"", ""참고해"", ""주시면"", ""됩니다"", ""아직은"", ""여름"", ""날씨에"", ""새콤달콤한"", ""복숭아"", ""샐러드를"", ""기분이"", ""좋네요"", ""재료"", ""익은"", ""복숭아"", ""손질한"", ""와일드"", ""루꼴라"", ""미니"", ""오이"", ""프레시"", ""모차렐라"", ""치즈"", ""양파"", ""드레싱"", ""발사믹"", ""비니거"", ""작은술"", ""올리브"", ""오일"", ""큰술"", ""작은술"", ""소금"", ""후추"", ""만들기"", ""드레싱은"", ""분량대로"", ""고루"", ""섞는다"", ""오이는"", ""슬라이스하고"", ""모짜렐라"", ""치즈는"", ""먹기"", ""좋게"", ""자른다"", ""양파는"", ""얇게"", ""썬다"", ""복숭아는"", ""반으로"", ""칼집을"", ""등분한"", ""씨를"", ""제거한다"", ""등분하여"", ""볼에"", ""소금"", ""후추"", ""설탕"", ""올리브"", ""오일에"", ""버무린다"", ""그릴"", ""팬을"", ""달궈"", ""복숭아에"", ""그릴"", ""자국이"", ""나오도록"", ""굽는다"", ""복숭아는"", ""식혀주고"", ""완성"", ""그릇에"", ""와일드"", ""루꼴라를"", ""복숭아"", ""오이"", ""양파"", ""모차렐라를"", ""보기"", ""좋게"", ""먹기"", ""직전에"", ""드레싱을"", ""뿌리고"", ""가볍게"", ""버무려"", ""완성입니다"", ""인밥상"", ""친해지고싶은채소"", ""홈카페"", ""홈쿡"", ""홈브런치"", ""브런치맛집"", ""간단요리"", ""초보요리"", ""신혼요리"", ""인밥상"", ""혼밥"", ""한그릇요리"", ""집밥"", ""간식스타그램"", ""샐러드"", ""온더테이블"", ""빈티지그릇"", ""살림스타그램"", ""그릭요거트"", ""푸드스타일링"", ""쿡방"", ""먹방그램"", ""맛스타그램"", ""요리스타그램"", ""샐러드맛집"", ""샐러드식단"", ""복숭아"", ""복숭아샐러드""]"
https://www.instagram.com/p/DNUFOOTzch7/,선물같은일상 #원픽샌드위치샐러드 #샐러드 #부산맛집 #샌드위치 #일상,원픽샌드위치샐러드;샐러드;부산맛집;샌드위치;일상,선물같은일상 #원픽샌드위치샐러드 #샐러드 #부산맛집 #샌드위치 #일상,"[""선물같은일상""]","[""원픽샌드위치샐러드"", ""샐러드"", ""부산맛집"", ""샌드위치"", ""일상""]","[""선물같은일상"", ""원픽샌드위치샐러드"", ""샐러드"", ""부산맛집"", ""샌드위치"", ""일상""]"
https://www.instagram.com/p/DO7VW3oj2Hg/,"#홈브런치건강하고 맛있는 아침 식단🥗그릇에 샐러드 채소 깔고내가 좋아하는 소고기, 닭가슴살, 두부, 단호박, 바질뇨끼 가득 올려주기💚⠀🔅샐러드 드레싱들기름2, 간장1, 다진마늘1, 홀그레인1, 알룰로스0.5, 레몬즙1, 후추 갈갈⠀⠀⠀⠀#온더테이블 #홈메이드 #단백질식단 #샐러드 #한그릇요리 #아침메뉴 #요리 #쿡스타그램",홈브런치건강하고;온더테이블;홈메이드;단백질식단;샐러드;한그릇요리;아침메뉴;요리;쿡스타그램,#홈브런치건강하고 맛있는 아침 식단 그릇에 샐러드 채소 깔고내가 좋아하는 소고기 닭가슴살 두부 단호박 바질뇨끼 가득 올려주기 샐러드 드레싱들기름 간장 다진마늘 홀그레인 알룰로스 레몬즙 후추 갈갈 #온더테이블 #홈메이드 #단백질식단 #샐러드 #한그릇요리 #아침메뉴 #요리 #쿡스타그램,"[""아침"", ""식단"", ""그릇에"", ""샐러드"", ""채소"", ""깔고내가"", ""좋아하는"", ""소고기"", ""닭가슴살"", ""두부"", ""단호박"", ""바질뇨끼"", ""올려주기"", ""샐러드"", ""드레싱들기름"", ""간장"", ""다진마늘"", ""홀그레인"", ""알룰로스"", ""레몬즙"", ""후추"", ""갈갈""]","[""홈브런치건강하고"", ""온더테이블"", ""홈메이드"", ""단백질식단"", ""샐러드"", ""한그릇요리"", ""아침메뉴"", ""요리"", ""쿡스타그램""]","[""아침"", ""식단"", ""그릇에"", ""샐러드"", ""채소"", ""깔고내가"", ""좋아하는"", ""소고기"", ""닭가슴살"", ""두부"", ""단호박"", ""바질뇨끼"", ""올려주기"", ""샐러드"", ""드레싱들기름"", ""간장"", ""다진마늘"", ""홀그레인"", ""알룰로스"", ""레몬즙"", ""후추"", ""갈갈"", ""홈브런치건강하고"", ""온더테이블"", ""홈메이드"", ""단백질식단"", ""샐러드"", ""한그릇요리"", ""아침메뉴"", ""요리"", ""쿡스타그램""]"
https://www.instagram.com/p/DPBFnVNAZUC/,"#EVENT 9월엔 한결 여유롭게!낮과 밤의 길이가 같아지는 추분,곡식이 무르익어 수확을 준비하는 때에요.🌾들판은 황금빛으로 물들고우리의 식탁도 풍성해질 시기죠.마음에도 평온과 행복이 깃들었나요?🌤️낮과 밤이 균형을 이루는 것처럼,추분의 따스한 햇살처럼우리의 마음에도 여유와 행복이 머물도록 건강한 균형을 찾아봐요.⚖️🙂어느새 함께 여유를 나누고픈 생각이 들 거에요.📍스윗밸런스 응원 이벤트① 스윗밸런스 오피셜 인스타그램 팔로우하기② 댓글로 ‘9월엔 한결 여유롭게!’ 남기기🎁이벤트 선물 및 당첨 인원 (3명)- 컬리 New 저당 밸런스 샐러드 2종📅 9/25(목) ~ 9/29(월)동안 이벤트 진행💡9/30(화) 개별 DM으로 당첨자 발표💥스토리 리그램 진행 시 당첨 확률 UP",EVENT,# 월엔 한결 여유롭게 낮과 밤의 길이가 같아지는 추분 곡식이 무르익어 수확을 준비하는 때에요 들판은 황금빛으로 물들고우리의 식탁도 풍성해질 시기죠 마음에도 평온과 행복이 깃들었나요 낮과 밤이 균형을 이루는 것처럼 추분의 따스한 햇살처럼우리의 마음에도 여유와 행복이 머물도록 건강한 균형을 찾아봐요 어느새 함께 여유를 나누고픈 생각이 들 거에요 스윗밸런스 응원 이벤트 스윗밸런스 오피셜 인스타그램 팔로우하기 댓글로 월엔 한결 여유롭게 남기기 이벤트 선물 및 당첨 인원 명 컬리 저당 밸런스 샐러드 종 목 월 동안 이벤트 진행 화 개별 으로 당첨자 발표 스토리 리그램 진행 시 당첨 확률,"[""월엔"", ""한결"", ""여유롭게"", ""낮과"", ""밤의"", ""길이가"", ""같아지는"", ""추분"", ""곡식이"", ""무르익어"", ""수확을"", ""준비하는"", ""때에요"", ""들판은"", ""황금빛으로"", ""물들고우리의"", ""식탁도"", ""풍성해질"", ""시기죠"", ""마음에도"", ""평온과"", ""행복이"", ""깃들었나요"", ""낮과"", ""밤이"", ""균형을"", ""이루는"", ""것처럼"", ""추분의"", ""따스한"", ""햇살처럼우리의"", ""마음에도"", ""여유와"", ""행복이"", ""머물도록"", ""건강한"", ""균형을"", ""찾아봐요"", ""어느새"", ""함께"", ""여유를"", ""나누고픈"", ""생각이"", ""거에요"", ""스윗밸런스"", ""응원"", ""이벤트"", ""스윗밸런스"", ""오피셜"", ""인스타그램"", ""팔로우하기"", ""댓글로"", ""월엔"", ""한결"", ""여유롭게"", ""남기기"", ""이벤트"", ""선물"", ""당첨"", ""인원"", ""컬리"", ""저당"", ""밸런스"", ""샐러드"", ""동안"", ""이벤트"", ""개별"", ""당첨자"", ""발표"", ""스토리"", ""리그램"", ""당첨"", ""확률""]",[],"[""월엔"", ""한결"", ""여유롭게"", ""낮과"", ""밤의"", ""길이가"", ""같아지는"", ""추분"", ""곡식이"", ""무르익어"", ""수확을"", ""준비하는"", ""때에요"", ""들판은"", ""황금빛으로"", ""물들고우리의"", ""식탁도"", ""풍성해질"", ""시기죠"", ""마음에도"", ""평온과"", ""행복이"", ""깃들었나요"", ""낮과"", ""밤이"", ""균형을"", ""이루는"", ""것처럼"", ""추분의"", ""따스한"", ""햇살처럼우리의"", ""마음에도"", ""여유와"", ""행복이"", ""머물도록"", ""건강한"", ""균형을"", ""찾아봐요"", ""어느새"", ""함께"", ""여유를"", ""나누고픈"", ""생각이"", ""거에요"", ""스윗밸런스"", ""응원"", ""이벤트"", ""스윗밸런스"", ""오피셜"", ""인스타그램"", ""팔로우하기"", ""댓글로"", ""월엔"", ""한결"", ""여유롭게"", ""남기기"", ""이벤트"", ""선물"", ""당첨"", ""인원"", ""컬리"", ""저당"", ""밸런스"", ""샐러드"", ""동안"", ""이벤트"", ""개별"", ""당첨자"", ""발표"", ""스토리"", ""리그램"", ""당첨"", ""확률""]"
https://www.instagram.com/p/DOIj7YJD4v1/,"채칼 5분컷 오이레시피 5종✔️살빠져요 저장먼저하자💚✅️오이 얼리면 아삭함2배오이 채썰고 소금에 10분절이고물기 꽉짜서 냉동용기에 소분드실때는 찬물 해동후 물기짜주세요✔️깨드레싱진간장1T알룰로스 1T참기름 1T깨3T(초퍼에 갈아주세요)저당마요네즈 1T레몬즙 1T밥반찬, 김밥 속재료👌깨소금,참기름만 넣어도 맛있어요✅️그릭요거트참치샐러드✅️물결무늬오이무침양파같이 넣기고추가루, 알룰로스,다진마늘,식초,알룰로스깨소금 넣고 버무려주세요✅️말아먹는 또띠아롤적채,오이,당근,닭가슴살 넣고스리라차+저당마요네즈오이효능🥒🥒- 칼로리 거의 0*→ 100g당 10~12kcal - 수분 95% → 부기 빼는 데 도움, 포만감 ↑ - 식이섬유 풍부→ 장 건강, 배변 원활 - 비타민 C & 항산화 성분 → 피부톤 개선, 노화 예방 - 칼륨 가득 → 체내 나트륨 배출 → 혈압 관리 - 아삭 식감→ 다이어트 중 씹는 만족감 줘서 폭식 방지 채칼로 빠르고,얇게 다이어트식단만들어드세요채칼&탈수기 공구🔛구매는 프로필링크 하단클릭@soori_table",,채칼 분컷 오이레시피 종 살빠져요 저장먼저하자 오이 얼리면 아삭함 배오이 채썰고 소금에 분절이고물기 꽉짜서 냉동용기에 소분드실때는 찬물 해동후 물기짜주세요 깨드레싱진간장 알룰로스 참기름 깨 초퍼에 갈아주세요 저당마요네즈 레몬즙 밥반찬 김밥 속재료 깨소금 참기름만 넣어도 맛있어요 그릭요거트참치샐러드 물결무늬오이무침양파같이 넣기고추가루 알룰로스 다진마늘 식초 알룰로스깨소금 넣고 버무려주세요 말아먹는 또띠아롤적채 오이 당근 닭가슴살 넣고스리라차 저당마요네즈오이효능 칼로리 거의 당 수분 부기 빼는 데 도움 포만감 식이섬유 풍부 장 건강 배변 원활 비타민 항산화 성분 피부톤 개선 노화 예방 칼륨 가득 체내 나트륨 배출 혈압 관리 아삭 식감 다이어트 중 씹는 만족감 줘서 폭식 방지 채칼로 빠르고 얇게 다이어트식단만들어드세요채칼 탈수기 공구 구매는 프로필링크 하단클릭,"[""채칼"", ""분컷"", ""오이레시피"", ""살빠져요"", ""저장먼저하자"", ""오이"", ""얼리면"", ""아삭함"", ""배오이"", ""채썰고"", ""소금에"", ""분절이고물기"", ""꽉짜서"", ""냉동용기에"", ""소분드실때는"", ""찬물"", ""해동후"", ""물기짜주세요"", ""깨드레싱진간장"", ""알룰로스"", ""참기름"", ""초퍼에"", ""갈아주세요"", ""저당마요네즈"", ""레몬즙"", ""밥반찬"", ""김밥"", ""속재료"", ""깨소금"", ""참기름만"", ""넣어도"", ""그릭요거트참치샐러드"", ""물결무늬오이무침양파같이"", ""넣기고추가루"", ""알룰로스"", ""다진마늘"", ""식초"", ""알룰로스깨소금"", ""버무려주세요"", ""말아먹는"", ""또띠아롤적채"", ""오이"", ""당근"", ""닭가슴살"", ""넣고스리라차"", ""저당마요네즈오이효능"", ""칼로리"", ""수분"", ""부기"", ""빼는"", ""도움"", ""포만감"", ""식이섬유"", ""풍부"", ""건강"", ""배변"", ""원활"", ""비타민"", ""항산화"", ""성분"", ""피부톤"", ""개선"", ""노화"", ""예방"", ""칼륨"", ""체내"", ""나트륨"", ""배출"", ""혈압"", ""관리"", ""아삭"", ""식감"", ""다이어트"", ""씹는"", ""만족감"", ""줘서"", ""폭식"", ""방지"", ""채칼로"", ""빠르고"", ""얇게"", ""다이어트식단만들어드세요채칼"", ""탈수기"", ""공구"", ""구매는"", ""프로필링크"", ""하단클릭""]","[""채칼"", ""분컷"", ""오이레시피"", ""살빠져요"", ""저장먼저하자"", ""오이"", ""얼리면"", ""아삭함"", ""배오이"", ""채썰고"", ""소금에"", ""분절이고물기"", ""꽉짜서"", ""냉동용기에"", ""소분드실때는"", ""찬물"", ""해동후"", ""물기짜주세요"", ""깨드레싱진간장"", ""알룰로스"", ""참기름"", ""초퍼에"", ""갈아주세요"", ""저당마요네즈"", ""레몬즙"", ""밥반찬"", ""김밥"", ""속재료"", ""깨소금"", ""참기름만"", ""넣어도"", ""그릭요거트참치샐러드"", ""물결무늬오이무침양파같이"", ""넣기고추가루"", ""알룰로스"", ""다진마늘"", ""식초"", ""알룰로스깨소금"", ""버무려주세요"", ""말아먹는"", ""또띠아롤적채"", ""오이"", ""당근"", ""닭가슴살"", ""넣고스리라차"", ""저당마요네즈오이효능"", ""칼로리"", ""수분"", ""부기"", ""빼는"", ""도움"", ""포만감"", ""식이섬유"", ""풍부"", ""건강"", ""배변"", ""원활"", ""비타민"", ""항산화"", ""성분"", ""피부톤"", ""개선"", ""노화"", ""예방"", ""칼륨"", ""체내"", ""나트륨"", ""배출"", ""혈압"", ""관리"", ""아삭"", ""식감"", ""다이어트"", ""씹는"", ""만족감"", ""줘서"", ""폭식"", ""방지"", ""채칼로"", ""빠르고"", ""얇게"", ""다이어트식단만들어드세요채칼"", ""탈수기"", ""공구"", ""구매는"", ""프로필링크"", ""하단클릭""]","[""채칼"", ""분컷"", ""오이레시피"", ""살빠져요"", ""저장먼저하자"", ""오이"", ""얼리면"", ""아삭함"", ""배오이"", ""채썰고"", ""소금에"", ""분절이고물기"", ""꽉짜서"", ""냉동용기에"", ""소분드실때는"", ""찬물"", ""해동후"", ""물기짜주세요"", ""깨드레싱진간장"", ""알룰로스"", ""참기름"", ""초퍼에"", ""갈아주세요"", ""저당마요네즈"", ""레몬즙"", ""밥반찬"", ""김밥"", ""속재료"", ""깨소금"", ""참기름만"", ""넣어도"", ""그릭요거트참치샐러드"", ""물결무늬오이무침양파같이"", ""넣기고추가루"", ""알룰로스"", ""다진마늘"", ""식초"", ""알룰로스깨소금"", ""버무려주세요"", ""말아먹는"", ""또띠아롤적채"", ""오이"", ""당근"", ""닭가슴살"", ""넣고스리라차"", ""저당마요네즈오이효능"", ""칼로리"", ""수분"", ""부기"", ""빼는"", ""도움"", ""포만감"", ""식이섬유"", ""풍부"", ""건강"", ""배변"", ""원활"", ""비타민"", ""항산화"", ""성분"", ""피부톤"", ""개선"", ""노화"", ""예방"", ""칼륨"", ""체내"", ""나트륨"", ""배출"", ""혈압"", ""관리"", ""아삭"", ""식감"", ""다이어트"", ""씹는"", ""만족감"", ""줘서"", ""폭식"", ""방지"", ""채칼로"", ""빠르고"", ""얇게"", ""다이어트식단만들어드세요채칼"", ""탈수기"", ""공구"", ""구매는"", ""프로필링크"", ""하단클릭"", ""채칼"", ""분컷"", ""오이레시피"", ""살빠져요"", ""저장먼저하자"", ""오이"", ""얼리면"", ""아삭함"", ""배오이"", ""채썰고"", ""소금에"", ""분절이고물기"", ""꽉짜서"", ""냉동용기에"", ""소분드실때는"", ""찬물"", ""해동후"", ""물기짜주세요"", ""깨드레싱진간장"", ""알룰로스"", ""참기름"", ""초퍼에"", ""갈아주세요"", ""저당마요네즈"", ""레몬즙"", ""밥반찬"", ""김밥"", ""속재료"", ""깨소금"", ""참기름만"", ""넣어도"", ""그릭요거트참치샐러드"", ""물결무늬오이무침양파같이"", ""넣기고추가루"", ""알룰로스"", ""다진마늘"", ""식초"", ""알룰로스깨소금"", ""버무려주세요"", ""말아먹는"", ""또띠아롤적채"", ""오이"", ""당근"", ""닭가슴살"", ""넣고스리라차"", ""저당마요네즈오이효능"", ""칼로리"", ""수분"", ""부기"", ""빼는"", ""도움"", ""포만감"", ""식이섬유"", ""풍부"", ""건강"", ""배변"", ""원활"", ""비타민"", ""항산화"", ""성분"", ""피부톤"", ""개선"", ""노화"", ""예방"", ""칼륨"", ""체내"", ""나트륨"", ""배출"", ""혈압"", ""관리"", ""아삭"", ""식감"", ""다이어트"", ""씹는"", ""만족감"", ""줘서"", ""폭식"", ""방지"", ""채칼로"", ""빠르고"", ""얇게"", ""다이어트식단만들어드세요채칼"", ""탈수기"", ""공구"", ""구매는"", ""프로필링크"", ""하단클릭""]"
https://www.instagram.com/p/DN8NEv8j4Wa/,⭕️살빠지는 아침식단⭕️오늘도 건강한 한끼🤭또 저녁에 올리는건 낼아침 식단에 도움되시라는 이유를 만들어봅니다ㅋㄱ🎯재료🎯ㆍ구운계란ㅡ한끼에 2개씩 먹어요!ㆍ사과+땅콩버터 ㅡ꿀조합 아시죠?😉ㆍ블루베리 ㅡ곰곰 냉동 먹어요.ㆍ루꼴라ㅡ향긋해서 좋아해요ㆍ고구마ㅡ삶듯이 반정도찌면 색깔이 이렇게돼요!ㆍ오렌지ㅡ카라카라오렌지 달콤한 자몽맛이 나요👍🏼ㆍ그린빈 ㅡ구어먹으면 너무 맛있어요~ㆍ아보카도 ㅡ익으면 소금만뿌려도 맛있어요!ㆍ방울토마토ㅡ방울토마토를 4등분하니까 엄청 많아보이죠✌️🎯살빠지는 만능 샐러드 드레싱🎯▪️올리브오일2T▪️레몬즙2T▪️홀그레인머스타드1/2T▪️알룰로스조금.소금.후추▶️만능드레싱입니다~!!사실 우리 평생동안 치킨 밀가루 과자 빵 햄버거 라면으로 내몸을 채웠었잖아요😂지금 부터라도 내몸을 위해서 건강한 음식위주로 먹으려고 노력중이에요!!🎯건강한 음식으로 식단을 바꾸고 나면▪️자극적인 음식생각이 줄어들고▪️식탐도 줄어들고▪️컨디션이 좋아지고▪️피부도 좋아져요▪️뭐니뭐니해도 다이어트가 쉬워짐👍사실 평생 먹었던 식습관인데하루아침에 한번에 바꾸긴 쉽지않죠🤭그러니 매일 조금씩만우리 건강한 식단으로 바꿔봐요😍🎯제가 주로 먹는 식단에는▪️단백질ㅡ계란.닭가슴살.소고기.콩.두부▪️지방ㅡ땅콩버터.아보카도.견과류.올리브오일▪️탄수화물ㅡ현미.단호박.고구마.저당밥.과일.야채▪️과일ㅡ사과.블루베리.제철과일▪️야채ㅡ양상추.로메인.당근.파프리카.오이.주로 이렇게 애용하고 있어요~!!💰뽀너스 하나더🎯먹는양을 조절하는꿀팁 알려드릴께요!!✔️그릇에 먹을 만큼만 담아 먹으면ㅡ과식을 방지 할수있어요!ㅡ내가 먹은 양이 얼마나 되는지도 알수있어요!✔️음식을 작게 잘라서 먹으면ㅡ시각적으로 양이 많아 보이기 때문에ㅡ뇌가 양이 많다고 생각해서ㅡ포만감을 빠르게 느끼게됩니다!✔️접시도 작은거에 담으면ㅡ상대적으로 음식양이 많아 보이는 효과가 있어요!ㅡ뇌를 속이기🤭✔️내가 먹은 음식이 내 몸이 됩니다!!오늘도 건강한 음식으로 내몸을 가득 채워주세요❤️#다이어트식단 #다이어트정보 #샐러드식단 #다이어트샐러드 #샐러드도시락 #살빠지는샐러드식단 #샐러드 #3040다이어트 #4050다이어트#다이어트일상#아침식단#다이어트식단레시피#살빠지는식단#아침식단#살빠지는아침식단,다이어트식단;다이어트정보;샐러드식단;다이어트샐러드;샐러드도시락;살빠지는샐러드식단;샐러드;3040다이어트;4050다이어트;다이어트일상;아침식단;다이어트식단레시피;살빠지는식단;살빠지는아침식단,살빠지는 아침식단 오늘도 건강한 한끼 또 저녁에 올리는건 낼아침 식단에 도움되시라는 이유를 만들어봅니다ㅋㄱ 재료 ㆍ구운계란ㅡ한끼에 개씩 먹어요 ㆍ사과 땅콩버터 ㅡ꿀조합 아시죠 ㆍ블루베리 ㅡ곰곰 냉동 먹어요 ㆍ루꼴라ㅡ향긋해서 좋아해요ㆍ고구마ㅡ삶듯이 반정도찌면 색깔이 이렇게돼요 ㆍ오렌지ㅡ카라카라오렌지 달콤한 자몽맛이 나요 ㆍ그린빈 ㅡ구어먹으면 너무 맛있어요 ㆍ아보카도 ㅡ익으면 소금만뿌려도 맛있어요 ㆍ방울토마토ㅡ방울토마토를 등분하니까 엄청 많아보이죠 살빠지는 만능 샐러드 드레싱 올리브오일 레몬즙 홀그레인머스타드 알룰로스조금 소금 후추 만능드레싱입니다 사실 우리 평생동안 치킨 밀가루 과자 빵 햄버거 라면으로 내몸을 채웠었잖아요 지금 부터라도 내몸을 위해서 건강한 음식위주로 먹으려고 노력중이에요 건강한 음식으로 식단을 바꾸고 나면 자극적인 음식생각이 줄어들고 식탐도 줄어들고 컨디션이 좋아지고 피부도 좋아져요 뭐니뭐니해도 다이어트가 쉬워짐 사실 평생 먹었던 식습관인데하루아침에 한번에 바꾸긴 쉽지않죠 그러니 매일 조금씩만우리 건강한 식단으로 바꿔봐요 제가 주로 먹는 식단에는 단백질ㅡ계란 닭가슴살 소고기 콩 두부 지방ㅡ땅콩버터 아보카도 견과류 올리브오일 탄수화물ㅡ현미 단호박 고구마 저당밥 과일 야채 과일ㅡ사과 블루베리 제철과일 야채ㅡ양상추 로메인 당근 파프리카 오이 주로 이렇게 애용하고 있어요 뽀너스 하나더 먹는양을 조절하는꿀팁 알려드릴께요 그릇에 먹을 만큼만 담아 먹으면ㅡ과식을 방지 할수있어요 ㅡ내가 먹은 양이 얼마나 되는지도 알수있어요 음식을 작게 잘라서 먹으면ㅡ시각적으로 양이 많아 보이기 때문에ㅡ뇌가 양이 많다고 생각해서ㅡ포만감을 빠르게 느끼게됩니다 접시도 작은거에 담으면ㅡ상대적으로 음식양이 많아 보이는 효과가 있어요 ㅡ뇌를 속이기 내가 먹은 음식이 내 몸이 됩니다 오늘도 건강한 음식으로 내몸을 가득 채워주세요 #다이어트식단 #다이어트정보 #샐러드식단 #다이어트샐러드 #샐러드도시락 #살빠지는샐러드식단 #샐러드 # 다이어트 # 다이어트#다이어트일상#아침식단#다이어트식단레시피#살빠지는식단#아침식단#살빠지는아침식단,"[""살빠지는"", ""아침식단"", ""건강한"", ""한끼"", ""저녁에"", ""올리는건"", ""낼아침"", ""식단에"", ""도움되시라는"", ""이유를"", ""만들어봅니다ㅋㄱ"", ""재료"", ""ㆍ구운계란ㅡ한끼에"", ""개씩"", ""먹어요"", ""ㆍ사과"", ""땅콩버터"", ""ㅡ꿀조합"", ""아시죠"", ""ㆍ블루베리"", ""ㅡ곰곰"", ""냉동"", ""먹어요"", ""ㆍ루꼴라ㅡ향긋해서"", ""좋아해요ㆍ고구마ㅡ삶듯이"", ""반정도찌면"", ""색깔이"", ""이렇게돼요"", ""ㆍ오렌지ㅡ카라카라오렌지"", ""달콤한"", ""자몽맛이"", ""나요"", ""ㆍ그린빈"", ""ㅡ구어먹으면"", ""ㆍ아보카도"", ""ㅡ익으면"", ""소금만뿌려도"", ""ㆍ방울토마토ㅡ방울토마토를"", ""등분하니까"", ""많아보이죠"", ""살빠지는"", ""만능"", ""샐러드"", ""드레싱"", ""올리브오일"", ""레몬즙"", ""홀그레인머스타드"", ""알룰로스조금"", ""소금"", ""후추"", ""만능드레싱입니다"", ""사실"", ""평생동안"", ""치킨"", ""밀가루"", ""과자"", ""햄버거"", ""라면으로"", ""내몸을"", ""채웠었잖아요"", ""지금"", ""부터라도"", ""내몸을"", ""위해서"", ""건강한"", ""음식위주로"", ""먹으려고"", ""노력중이에요"", ""건강한"", ""음식으로"", ""식단을"", ""바꾸고"", ""나면"", ""자극적인"", ""음식생각이"", ""줄어들고"", ""식탐도"", ""줄어들고"", ""컨디션이"", ""좋아지고"", ""피부도"", ""좋아져요"", ""뭐니뭐니해도"", ""다이어트가"", ""쉬워짐"", ""사실"", ""평생"", ""먹었던"", ""식습관인데하루아침에"", ""한번에"", ""바꾸긴"", ""쉽지않죠"", ""그러니"", ""매일"", ""조금씩만우리"", ""건강한"", ""식단으로"", ""바꿔봐요"", ""주로"", ""식단에는"", ""단백질ㅡ계란"", ""닭가슴살"", ""소고기"", ""두부"", ""지방ㅡ땅콩버터"", ""아보카도"", ""견과류"", ""올리브오일"", ""탄수화물ㅡ현미"", ""단호박"", ""고구마"", ""저당밥"", ""과일"", ""야채"", ""과일ㅡ사과"", ""블루베리"", ""제철과일"", ""야채ㅡ양상추"", ""로메인"", ""당근"", ""파프리카"", ""오이"", ""주로"", ""애용하고"", ""뽀너스"", ""하나더"", ""먹는양을"", ""조절하는꿀팁"", ""알려드릴께요"", ""그릇에"", ""만큼만"", ""먹으면ㅡ과식을"", ""방지"", ""할수있어요"", ""ㅡ내가"", ""얼마나"", ""되는지도"", ""알수있어요"", ""음식을"", ""작게"", ""잘라서"", ""먹으면ㅡ시각적으로"", ""보이기"", ""때문에ㅡ뇌가"", ""많다고"", ""생각해서ㅡ포만감을"", ""빠르게"", ""느끼게됩니다"", ""접시도"", ""작은거에"", ""담으면ㅡ상대적으로"", ""음식양이"", ""보이는"", ""효과가"", ""ㅡ뇌를"", ""속이기"", ""내가"", ""음식이"", ""몸이"", ""됩니다"", ""건강한"", ""음식으로"", ""내몸을"", ""채워주세요"", ""다이어트"", ""다이어트""]","[""다이어트식단"", ""다이어트정보"", ""샐러드식단"", ""다이어트샐러드"", ""샐러드도시락"", ""살빠지는샐러드식단"", ""샐러드"", ""다이어트"", ""다이어트"", ""다이어트일상"", ""아침식단"", ""다이어트식단레시피"", ""살빠지는식단"", ""살빠지는아침식단""]","[""살빠지는"", ""아침식단"", ""건강한"", ""한끼"", ""저녁에"", ""올리는건"", ""낼아침"", ""식단에"", ""도움되시라는"", ""이유를"", ""만들어봅니다ㅋㄱ"", ""재료"", ""ㆍ구운계란ㅡ한끼에"", ""개씩"", ""먹어요"", ""ㆍ사과"", ""땅콩버터"", ""ㅡ꿀조합"", ""아시죠"", ""ㆍ블루베리"", ""ㅡ곰곰"", ""냉동"", ""먹어요"", ""ㆍ루꼴라ㅡ향긋해서"", ""좋아해요ㆍ고구마ㅡ삶듯이"", ""반정도찌면"", ""색깔이"", ""이렇게돼요"", ""ㆍ오렌지ㅡ카라카라오렌지"", ""달콤한"", ""자몽맛이"", ""나요"", ""ㆍ그린빈"", ""ㅡ구어먹으면"", ""ㆍ아보카도"", ""ㅡ익으면"", ""소금만뿌려도"", ""ㆍ방울토마토ㅡ방울토마토를"", ""등분하니까"", ""많아보이죠"", ""살빠지는"", ""만능"", ""샐러드"", ""드레싱"", ""올리브오일"", ""레몬즙"", ""홀그레인머스타드"", ""알룰로스조금"", ""소금"", ""후추"", ""만능드레싱입니다"", ""사실"", ""평생동안"", ""치킨"", ""밀가루"", ""과자"", ""햄버거"", ""라면으로"", ""내몸을"", ""채웠었잖아요"", ""지금"", ""부터라도"", ""내몸을"", ""위해서"", ""건강한"", ""음식위주로"", ""먹으려고"", ""노력중이에요"", ""건강한"", ""음식으로"", ""식단을"", ""바꾸고"", ""나면"", ""자극적인"", ""음식생각이"", ""줄어들고"", ""식탐도"", ""줄어들고"", ""컨디션이"", ""좋아지고"", ""피부도"", ""좋아져요"", ""뭐니뭐니해도"", ""다이어트가"", ""쉬워짐"", ""사실"", ""평생"", ""먹었던"", ""식습관인데하루아침에"", ""한번에"", ""바꾸긴"", ""쉽지않죠"", ""그러니"", ""매일"", ""조금씩만우리"", ""건강한"", ""식단으로"", ""바꿔봐요"", ""주로"", ""식단에는"", ""단백질ㅡ계란"", ""닭가슴살"", ""소고기"", ""두부"", ""지방ㅡ땅콩버터"", ""아보카도"", ""견과류"", ""올리브오일"", ""탄수화물ㅡ현미"", ""단호박"", ""고구마"", ""저당밥"", ""과일"", ""야채"", ""과일ㅡ사과"", ""블루베리"", ""제철과일"", ""야채ㅡ양상추"", ""로메인"", ""당근"", ""파프리카"", ""오이"", ""주로"", ""애용하고"", ""뽀너스"", ""하나더"", ""먹는양을"", ""조절하는꿀팁"", ""알려드릴께요"", ""그릇에"", ""만큼만"", ""먹으면ㅡ과식을"", ""방지"", ""할수있어요"", ""ㅡ내가"", ""얼마나"", ""되는지도"", ""알수있어요"", ""음식을"", ""작게"", ""잘라서"", ""먹으면ㅡ시각적으로"", ""보이기"", ""때문에ㅡ뇌가"", ""많다고"", ""생각해서ㅡ포만감을"", ""빠르게"", ""느끼게됩니다"", ""접시도"", ""작은거에"", ""담으면ㅡ상대적으로"", ""음식양이"", ""보이는"", ""효과가"", ""ㅡ뇌를"", ""속이기"", ""내가"", ""음식이"", ""몸이"", ""됩니다"", ""건강한"", ""음식으로"", ""내몸을"", ""채워주세요"", ""다이어트"", ""다이어트"", ""다이어트식단"", ""다이어트정보"", ""샐러드식단"", ""다이어트샐러드"", ""샐러드도시락"", ""살빠지는샐러드식단"", ""샐러드"", ""다이어트"", ""다이어트"", ""다이어트일상"", ""아침식단"", ""다이어트식단레시피"", ""살빠지는식단"", ""살빠지는아침식단""]"
https://www.instagram.com/p/DQIoNj-AfDy/,"10월23일 목요일누구나 5천원할인1.땡겨요 (10월엔.누구나 5천원 할인)최소주문 12,000원 https://fdofd.ddangyo.com/gateway1.html?QtdjiF2( #여주사랑카드, #온누리상품권 )2.배달특급 ( 10월엔.누구나 5천원 할인)최소주문 12,000원https://app.specialdelivery.co.kr/customer/shareshop?shopId=S210056119( #여주사랑카드, #지드림카드, #G드림카드 )3.배달의민족 최소주문 12,000원https://baemin.me/MEXGVIRmq4.요기요 최소주문 8,300원https://yogiyo.onelink.me/BlI7/643hdoss새벽에도, 심야에도원하시는 구성, 시간, 장소, 배달~~단체 간식 주문은~~죠샌드위치샐러드여주점여주죠샌드위치감사합니다.메뉴에 없는 구성도 예산에 맞춰일정에 맞춰 구성해서 단체 주문 가능합니다.문의주세요. 031-881-0107죠샌드위치 여주점경기 여주시 세종로 389, 1층 #죠샌드위치샐러드여주점 이 있습니다.#단체주문 문의환영 3,800원부터 구성변경 #여주맛집 여주행사간식 단체간식 학교간식 학원간식 교회간식 체육대회간식 행사간식 031-881-0107구성, 가격 최대한 맞춰원하시는 시간 배달 해드립니다. #샌드위치 #샐러드 음료 치아바타 빠네디까사#죠샌드위치샐러드여주점 #여주맛집 #단체주문 #샌드위치 #민생회복 #샌드위치원탑 #샌드위치맛집",여주사랑카드;온누리상품권;지드림카드;G드림카드;죠샌드위치샐러드여주점;단체주문;여주맛집;샌드위치;샐러드;민생회복;샌드위치원탑;샌드위치맛집,월 일 목요일누구나 천원할인 땡겨요 월엔 누구나 천원 할인 최소주문 원 #여주사랑카드 #온누리상품권 배달특급 월엔 누구나 천원 할인 최소주문 원 #여주사랑카드 #지드림카드 # 드림카드 배달의민족 최소주문 원 최소주문 원 심야에도원하시는 구성 시간 장소 배달 단체 간식 주문은 죠샌드위치샐러드여주점여주죠샌드위치감사합니다 메뉴에 없는 구성도 예산에 맞춰일정에 맞춰 구성해서 단체 주문 가능합니다 문의주세요 죠샌드위치 여주점경기 여주시 세종로 층 #죠샌드위치샐러드여주점 이 있습니다 #단체주문 문의환영 원부터 구성변경 #여주맛집 여주행사간식 단체간식 학교간식 학원간식 교회간식 체육대회간식 행사간식 구성 가격 최대한 맞춰원하시는 시간 배달 해드립니다 #샌드위치 #샐러드 음료 치아바타 빠네디까사#죠샌드위치샐러드여주점 #여주맛집 #단체주문 #샌드위치 #민생회복 #샌드위치원탑 #샌드위치맛집,"[""목요일누구나"", ""천원할인"", ""땡겨요"", ""월엔"", ""누구나"", ""천원"", ""할인"", ""배달특급"", ""월엔"", ""누구나"", ""천원"", ""할인"", ""드림카드"", ""배달의민족"", ""심야에도원하시는"", ""구성"", ""시간"", ""장소"", ""배달"", ""간식"", ""주문은"", ""죠샌드위치샐러드여주점여주죠샌드위치감사합니다"", ""메뉴에"", ""구성도"", ""예산에"", ""맞춰일정에"", ""구성해서"", ""주문"", ""죠샌드위치"", ""여주점경기"", ""여주시"", ""세종로"", ""문의환영"", ""원부터"", ""구성변경"", ""여주행사간식"", ""단체간식"", ""학교간식"", ""학원간식"", ""교회간식"", ""체육대회간식"", ""행사간식"", ""구성"", ""맞춰원하시는"", ""시간"", ""배달"", ""해드립니다"", ""음료"", ""치아바타"", ""빠네디까사""]","[""온누리상품권"", ""지드림카드"", ""드림카드"", ""죠샌드위치샐러드여주점"", ""여주맛집"", ""샌드위치"", ""샐러드"", ""민생회복"", ""샌드위치원탑"", ""샌드위치맛집""]","[""목요일누구나"", ""천원할인"", ""땡겨요"", ""월엔"", ""누구나"", ""천원"", ""할인"", ""배달특급"", ""월엔"", ""누구나"", ""천원"", ""할인"", ""드림카드"", ""배달의민족"", ""심야에도원하시는"", ""구성"", ""시간"", ""장소"", ""배달"", ""간식"", ""주문은"", ""죠샌드위치샐러드여주점여주죠샌드위치감사합니다"", ""메뉴에"", ""구성도"", ""예산에"", ""맞춰일정에"", ""구성해서"", ""주문"", ""죠샌드위치"", ""여주점경기"", ""여주시"", ""세종로"", ""문의환영"", ""원부터"", ""구성변경"", ""여주행사간식"", ""단체간식"", ""학교간식"", ""학원간식"", ""교회간식"", ""체육대회간식"", ""행사간식"", ""구성"", ""맞춰원하시는"", ""시간"", ""배달"", ""해드립니다"", ""음료"", ""치아바타"", ""빠네디까사"", ""온누리상품권"", ""지드림카드"", ""드림카드"", ""죠샌드위치샐러드여주점"", ""여주맛집"", ""샌드위치"", ""샐러드"", ""민생회복"", ""샌드위치원탑"", ""샌드위치맛집""]"
https://www.instagram.com/p/DQIqPIdkps7/,안녕하세요 라까사입니다:)요즘들어 날씨가 확 쌀쌀해졌어요!따뜻한 라까사 오셔서 식사 어떠세요~?오늘도 직접 면을 만들며 라까사는 활짝 오픈했습니다:)...#발산역맛집 #발산 #생면파스타 #생면파스타맛집 #라까사 #lacasa #이탈리안레스토랑 #이탈리안가정식 #이태리요리 #파스타맛집 #피자맛집 #화이트볼로네제 #발산와인 #발산맥주 #와인 #맥주 #라자냐 #팔로우 #좋아요 #채끝등심 #뇨끼 #샐러드 #선팔 #뇨끼 #뇨끼맛집  #pasta #pizza#마곡맛집 #마곡양식 #마곡파스타 #마곡,발산역맛집;발산;생면파스타;생면파스타맛집;라까사;lacasa;이탈리안레스토랑;이탈리안가정식;이태리요리;파스타맛집;피자맛집;화이트볼로네제;발산와인;발산맥주;와인;맥주;라자냐;팔로우;좋아요;채끝등심;뇨끼;샐러드;선팔;뇨끼맛집;pasta;pizza;마곡맛집;마곡양식;마곡파스타;마곡,안녕하세요 라까사입니다 요즘들어 날씨가 확 쌀쌀해졌어요 따뜻한 라까사 오셔서 식사 어떠세요 오늘도 직접 면을 만들며 라까사는 활짝 오픈했습니다 #발산역맛집 #발산 #생면파스타 #생면파스타맛집 #라까사 # #이탈리안레스토랑 #이탈리안가정식 #이태리요리 #파스타맛집 #피자맛집 #화이트볼로네제 #발산와인 #발산맥주 #와인 #맥주 #라자냐 #팔로우 #좋아요 #채끝등심 #뇨끼 #샐러드 #선팔 #뇨끼 #뇨끼맛집 # # #마곡맛집 #마곡양식 #마곡파스타 #마곡,"[""라까사입니다"", ""요즘들어"", ""날씨가"", ""쌀쌀해졌어요"", ""따뜻한"", ""라까사"", ""오셔서"", ""식사"", ""어떠세요"", ""면을"", ""만들며"", ""라까사는"", ""활짝"", ""오픈했습니다""]","[""발산역맛집"", ""발산"", ""생면파스타"", ""생면파스타맛집"", ""라까사"", ""이탈리안레스토랑"", ""이탈리안가정식"", ""이태리요리"", ""파스타맛집"", ""피자맛집"", ""화이트볼로네제"", ""발산와인"", ""발산맥주"", ""와인"", ""맥주"", ""라자냐"", ""채끝등심"", ""뇨끼"", ""샐러드"", ""선팔"", ""뇨끼맛집"", ""마곡맛집"", ""마곡양식"", ""마곡파스타"", ""마곡""]","[""라까사입니다"", ""요즘들어"", ""날씨가"", ""쌀쌀해졌어요"", ""따뜻한"", ""라까사"", ""오셔서"", ""식사"", ""어떠세요"", ""면을"", ""만들며"", ""라까사는"", ""활짝"", ""오픈했습니다"", ""발산역맛집"", ""발산"", ""생면파스타"", ""생면파스타맛집"", ""라까사"", ""이탈리안레스토랑"", ""이탈리안가정식"", ""이태리요리"", ""파스타맛집"", ""피자맛집"", ""화이트볼로네제"", ""발산와인"", ""발산맥주"", ""와인"", ""맥주"", ""라자냐"", ""채끝등심"", ""뇨끼"", ""샐러드"", ""선팔"", ""뇨끼맛집"", ""마곡맛집"", ""마곡양식"", ""마곡파스타"", ""마곡""]"
https://www.instagram.com/p/DQIlj55EgXy/,25.10.23(목) 뽕스오픈☺️.오늘은 단호박샌드위치 통밀빵 변경으로시작합니다!내일 단체주문으로 뽕스 매장운영은 힘듭니다참고해주세요😭오늘 오후부터도 작고 소중한 뽕스매장에 재료로가득찰 예정이라 홀이용은 불가할듯합니다!.#광혜원 #광혜원카페 #광혜원샌드위치 #광혜원샐러드 #광혜원포케 #뽕s샌드 #뽕스샌드 #광혜원맛집 #카페 #일상 #cafe #커피 #샌드위치 #샐러드 #포케 #먹스타그램,광혜원;광혜원카페;광혜원샌드위치;광혜원샐러드;광혜원포케;뽕s샌드;뽕스샌드;광혜원맛집;카페;일상;cafe;커피;샌드위치;샐러드;포케;먹스타그램,목 뽕스오픈 오늘은 단호박샌드위치 통밀빵 변경으로시작합니다 내일 단체주문으로 뽕스 매장운영은 힘듭니다참고해주세요 오늘 오후부터도 작고 소중한 뽕스매장에 재료로가득찰 예정이라 홀이용은 불가할듯합니다 #광혜원 #광혜원카페 #광혜원샌드위치 #광혜원샐러드 #광혜원포케 #뽕 샌드 #뽕스샌드 #광혜원맛집 #카페 #일상 # #커피 #샌드위치 #샐러드 #포케 #먹스타그램,"[""뽕스오픈"", ""단호박샌드위치"", ""통밀빵"", ""변경으로시작합니다"", ""단체주문으로"", ""뽕스"", ""매장운영은"", ""힘듭니다참고해주세요"", ""오후부터도"", ""작고"", ""소중한"", ""뽕스매장에"", ""재료로가득찰"", ""예정이라"", ""홀이용은"", ""불가할듯합니다"", ""샌드""]","[""광혜원"", ""광혜원카페"", ""광혜원샌드위치"", ""광혜원샐러드"", ""광혜원포케"", ""샌드"", ""뽕스샌드"", ""광혜원맛집"", ""카페"", ""일상"", ""커피"", ""샌드위치"", ""샐러드"", ""포케"", ""먹스타그램""]","[""뽕스오픈"", ""단호박샌드위치"", ""통밀빵"", ""변경으로시작합니다"", ""단체주문으로"", ""뽕스"", ""매장운영은"", ""힘듭니다참고해주세요"", ""오후부터도"", ""작고"", ""소중한"", ""뽕스매장에"", ""재료로가득찰"", ""예정이라"", ""홀이용은"", ""불가할듯합니다"", ""샌드"", ""광혜원"", ""광혜원카페"", ""광혜원샌드위치"", ""광혜원샐러드"", ""광혜원포케"", ""샌드"", ""뽕스샌드"", ""광혜원맛집"", ""카페"", ""일상"", ""커피"", ""샌드위치"", ""샐러드"", ""포케"", ""먹스타그램""]"
https://www.instagram.com/p/DQDXPNDE_vI/,맛있게 먹자 #아침 #우유 #샐러드 #야채 #식빵 #우유,아침;우유;샐러드;야채;식빵,맛있게 먹자 #아침 #우유 #샐러드 #야채 #식빵 #우유,"[""먹자""]","[""아침"", ""우유"", ""샐러드"", ""야채"", ""식빵""]","[""먹자"", ""아침"", ""우유"", ""샐러드"", ""야채"", ""식빵""]"
https://www.instagram.com/p/DP0vIrCCUQA/c/18075738866516550/,갈수록 맛있는 음식은 몸에 안좋은듯 한번씩 샐러드 드시고 원할한 배출과 건강을 챙기셔요 :)동편마을 버스정류장에 위치한 샐러디치 오도씨입니다 강력추천해요 ㅋ #동편마을 #샐러드 #샐러디치 #샐러디치오도씨 #안양샐러드 #건강식 #웰빙 #야채섭취 #salade #오리 #오리고기 #오리샐러드,동편마을;샐러드;샐러디치;샐러디치오도씨;안양샐러드;건강식;웰빙;야채섭취;salade;오리;오리고기;오리샐러드,갈수록 맛있는 음식은 몸에 안좋은듯 한번씩 샐러드 드시고 원할한 배출과 건강을 챙기셔요 동편마을 버스정류장에 위치한 샐러디치 오도씨입니다 강력추천해요 ㅋ #동편마을 #샐러드 #샐러디치 #샐러디치오도씨 #안양샐러드 #건강식 #웰빙 #야채섭취 # #오리 #오리고기 #오리샐러드,"[""갈수록"", ""음식은"", ""몸에"", ""안좋은듯"", ""한번씩"", ""샐러드"", ""드시고"", ""원할한"", ""배출과"", ""챙기셔요"", ""동편마을"", ""버스정류장에"", ""위치한"", ""샐러디치"", ""오도씨입니다"", ""강력추천해요""]","[""동편마을"", ""샐러드"", ""샐러디치"", ""샐러디치오도씨"", ""안양샐러드"", ""건강식"", ""웰빙"", ""야채섭취"", ""오리"", ""오리고기"", ""오리샐러드""]","[""갈수록"", ""음식은"", ""몸에"", ""안좋은듯"", ""한번씩"", ""샐러드"", ""드시고"", ""원할한"", ""배출과"", ""챙기셔요"", ""동편마을"", ""버스정류장에"", ""위치한"", ""샐러디치"", ""오도씨입니다"", ""강력추천해요"", ""동편마을"", ""샐러드"", ""샐러디치"", ""샐러디치오도씨"", ""안양샐러드"", ""건강식"", ""웰빙"", ""야채섭취"", ""오리"", ""오리고기"", ""오리샐러드""]"
https://www.instagram.com/p/DQF-lmcgT4I/,나 먹자고 하는 야간 샐러드 작업.한통 가득 만들어 놓으면 든든해.어느 쉬는날 여유롭게 아점으로 냠냠.요즘 바게트에 빠져있는. 풍덩. ㅎㅎ#샐러드 #오이 #양파 #토마토 #발사믹샐러드 #바게트 #브런치 #아점 #청주 #페스코베지테리언 #채식지향,샐러드;오이;양파;토마토;발사믹샐러드;바게트;브런치;아점;청주;페스코베지테리언;채식지향,나 먹자고 하는 야간 샐러드 작업 한통 가득 만들어 놓으면 든든해 어느 쉬는날 여유롭게 아점으로 냠냠 요즘 바게트에 빠져있는 풍덩 ㅎㅎ#샐러드 #오이 #양파 #토마토 #발사믹샐러드 #바게트 #브런치 #아점 #청주 #페스코베지테리언 #채식지향,"[""먹자고"", ""야간"", ""샐러드"", ""작업"", ""한통"", ""만들어"", ""놓으면"", ""든든해"", ""어느"", ""쉬는날"", ""여유롭게"", ""아점으로"", ""냠냠"", ""바게트에"", ""빠져있는"", ""풍덩""]","[""샐러드"", ""오이"", ""양파"", ""토마토"", ""발사믹샐러드"", ""바게트"", ""브런치"", ""아점"", ""청주"", ""페스코베지테리언"", ""채식지향""]","[""먹자고"", ""야간"", ""샐러드"", ""작업"", ""한통"", ""만들어"", ""놓으면"", ""든든해"", ""어느"", ""쉬는날"", ""여유롭게"", ""아점으로"", ""냠냠"", ""바게트에"", ""빠져있는"", ""풍덩"", ""샐러드"", ""오이"", ""양파"", ""토마토"", ""발사믹샐러드"", ""바게트"", ""브런치"", ""아점"", ""청주"", ""페스코베지테리언"", ""채식지향""]"
https://www.instagram.com/p/DQEV2gzkRuc/,"여기서~ 브런치는,언제나 맛있다.ㅎㅎ#이른아침#여기는#울동네#여기#브런치#담백하고#싱싱하고#맛있다#뜨아#아아#스프#샐러드#샌드위치#즐겁게#담소#우리얘기#사는얘기#오늘도#소확행#도우님의",이른아침;여기는;울동네;여기;브런치;담백하고;싱싱하고;맛있다;뜨아;아아;스프;샐러드;샌드위치;즐겁게;담소;우리얘기;사는얘기;오늘도;소확행;도우님의,여기서 브런치는 언제나 맛있다 ㅎㅎ#이른아침#여기는#울동네#여기#브런치#담백하고#싱싱하고#맛있다#뜨아#아아#스프#샐러드#샌드위치#즐겁게#담소#우리얘기#사는얘기#오늘도#소확행#도우님의,"[""여기서"", ""브런치는""]","[""이른아침"", ""여기는"", ""울동네"", ""여기"", ""브런치"", ""담백하고"", ""싱싱하고"", ""뜨아"", ""아아"", ""스프"", ""샐러드"", ""샌드위치"", ""즐겁게"", ""담소"", ""우리얘기"", ""사는얘기"", ""소확행"", ""도우님의""]","[""여기서"", ""브런치는"", ""이른아침"", ""여기는"", ""울동네"", ""여기"", ""브런치"", ""담백하고"", ""싱싱하고"", ""뜨아"", ""아아"", ""스프"", ""샐러드"", ""샌드위치"", ""즐겁게"", ""담소"", ""우리얘기"", ""사는얘기"", ""소확행"", ""도우님의""]"
https://www.instagram.com/p/DQIru9EEuB3/,🍱[오늘의 도시락]양배추 듬뿍 넣은 향라육슬🌶️호라산밀 잡곡 곤약밥🌾그리고 계절 과일 샐러드🥗#점심 #직장인 #도시락 #오늘의도시락 #오늘의메뉴 #집밥 #한그릇요리 #향라육슬 #곤약밥 #덮밥 #샐러드 #샐러드도시락 #제철 #과일 #식단기록 #식단일기,점심;직장인;도시락;오늘의도시락;오늘의메뉴;집밥;한그릇요리;향라육슬;곤약밥;덮밥;샐러드;샐러드도시락;제철;과일;식단기록;식단일기,오늘의 도시락 양배추 듬뿍 넣은 향라육슬 호라산밀 잡곡 곤약밥 그리고 계절 과일 샐러드 #점심 #직장인 #도시락 #오늘의도시락 #오늘의메뉴 #집밥 #한그릇요리 #향라육슬 #곤약밥 #덮밥 #샐러드 #샐러드도시락 #제철 #과일 #식단기록 #식단일기,"[""도시락"", ""양배추"", ""넣은"", ""향라육슬"", ""호라산밀"", ""잡곡"", ""곤약밥"", ""계절"", ""과일"", ""샐러드""]","[""점심"", ""직장인"", ""도시락"", ""오늘의도시락"", ""오늘의메뉴"", ""집밥"", ""한그릇요리"", ""향라육슬"", ""곤약밥"", ""덮밥"", ""샐러드"", ""샐러드도시락"", ""제철"", ""과일"", ""식단기록"", ""식단일기""]","[""도시락"", ""양배추"", ""넣은"", ""향라육슬"", ""호라산밀"", ""잡곡"", ""곤약밥"", ""계절"", ""과일"", ""샐러드"", ""점심"", ""직장인"", ""도시락"", ""오늘의도시락"", ""오늘의메뉴"", ""집밥"", ""한그릇요리"", ""향라육슬"", ""곤약밥"", ""덮밥"", ""샐러드"", ""샐러드도시락"", ""제철"", ""과일"", ""식단기록"", ""식단일기""]"
https://www.instagram.com/p/DQGHILID7L4/,#집밥 샐러드는 역시 예뻐야 먹고싶지🥗바지락술찜.. 국물이 예술🐚추석에 찐 3키로가 1키로뿐이 안빠져…식중에 샐러드 함께 먹기 !생짜로 안먹는건 못함! 평소보다 건강한 식단으로 술먹기 😋#행복하면됐지뭐 #잘먹고잘살기 #잘먹기 #잘함 #식단 #식단중#행복한돼지 #건강한돼지 #다이어터 #다이어트 #유지어터#바지락술찜 #샐러드 #샐러드식단 #술 #술안주,집밥;행복하면됐지뭐;잘먹고잘살기;잘먹기;잘함;식단;식단중;행복한돼지;건강한돼지;다이어터;다이어트;유지어터;바지락술찜;샐러드;샐러드식단;술;술안주,#집밥 샐러드는 역시 예뻐야 먹고싶지 바지락술찜 국물이 예술 추석에 찐 키로가 키로뿐이 안빠져 식중에 샐러드 함께 먹기 생짜로 안먹는건 못함 평소보다 건강한 식단으로 술먹기 #행복하면됐지뭐 #잘먹고잘살기 #잘먹기 #잘함 #식단 #식단중#행복한돼지 #건강한돼지 #다이어터 #다이어트 #유지어터#바지락술찜 #샐러드 #샐러드식단 #술 #술안주,"[""샐러드는"", ""예뻐야"", ""먹고싶지"", ""바지락술찜"", ""국물이"", ""예술"", ""추석에"", ""키로가"", ""키로뿐이"", ""안빠져"", ""식중에"", ""샐러드"", ""함께"", ""먹기"", ""생짜로"", ""안먹는건"", ""못함"", ""평소보다"", ""건강한"", ""식단으로"", ""술먹기""]","[""집밥"", ""행복하면됐지뭐"", ""잘먹고잘살기"", ""잘먹기"", ""잘함"", ""식단"", ""식단중"", ""행복한돼지"", ""건강한돼지"", ""다이어터"", ""다이어트"", ""유지어터"", ""바지락술찜"", ""샐러드"", ""샐러드식단"", ""술안주""]","[""샐러드는"", ""예뻐야"", ""먹고싶지"", ""바지락술찜"", ""국물이"", ""예술"", ""추석에"", ""키로가"", ""키로뿐이"", ""안빠져"", ""식중에"", ""샐러드"", ""함께"", ""먹기"", ""생짜로"", ""안먹는건"", ""못함"", ""평소보다"", ""건강한"", ""식단으로"", ""술먹기"", ""집밥"", ""행복하면됐지뭐"", ""잘먹고잘살기"", ""잘먹기"", ""잘함"", ""식단"", ""식단중"", ""행복한돼지"", ""건강한돼지"", ""다이어터"", ""다이어트"", ""유지어터"", ""바지락술찜"", ""샐러드"", ""샐러드식단"", ""술안주""]"
https://www.instagram.com/p/DPxYwvQD6uA/,🩷25년 10월 1주차 샐러드🩷⠀ ⠀ ⠀ #영양사그램 #영양사스타그램 #영양사 #일상 #단체급식 #급식 #오피스 #식판샷 #직원식당 #메뉴추천 #오늘의메뉴 #식단기록 #급식 #급식스타그램 #메뉴 #식단 #먹스타 #맛집 #먹스타그램 #맛스타그램 #오늘의메뉴 #좋아요 #인스타 #❤️ #신세계푸드 #점심메뉴 #간편식 #샐러드,영양사그램;영양사스타그램;영양사;일상;단체급식;급식;오피스;식판샷;직원식당;메뉴추천;오늘의메뉴;식단기록;급식스타그램;메뉴;식단;먹스타;맛집;먹스타그램;맛스타그램;좋아요;인스타;신세계푸드;점심메뉴;간편식;샐러드,년 월 주차 샐러드 #영양사그램 #영양사스타그램 #영양사 #일상 #단체급식 #급식 #오피스 #식판샷 #직원식당 #메뉴추천 #오늘의메뉴 #식단기록 #급식 #급식스타그램 #메뉴 #식단 #먹스타 #맛집 #먹스타그램 #맛스타그램 #오늘의메뉴 #좋아요 #인스타 # #신세계푸드 #점심메뉴 #간편식 #샐러드,"[""샐러드""]","[""영양사그램"", ""영양사스타그램"", ""영양사"", ""일상"", ""단체급식"", ""급식"", ""오피스"", ""식판샷"", ""직원식당"", ""메뉴추천"", ""오늘의메뉴"", ""식단기록"", ""급식스타그램"", ""식단"", ""먹스타"", ""맛집"", ""먹스타그램"", ""맛스타그램"", ""인스타"", ""신세계푸드"", ""점심메뉴"", ""간편식"", ""샐러드""]","[""샐러드"", ""영양사그램"", ""영양사스타그램"", ""영양사"", ""일상"", ""단체급식"", ""급식"", ""오피스"", ""식판샷"", ""직원식당"", ""메뉴추천"", ""오늘의메뉴"", ""식단기록"", ""급식스타그램"", ""식단"", ""먹스타"", ""맛집"", ""먹스타그램"", ""맛스타그램"", ""인스타"", ""신세계푸드"", ""점심메뉴"", ""간편식"", ""샐러드""]"
https://www.instagram.com/p/DQEVNo_kR2_/,"♡떼깔고운 쑝여사표 샐러드""----------------------------------매장영업은 하지않아요.예약문의 및 픽업만 가능합니다.예약/문의 : 010-8050-0631#왈가닥 쑝여사#왈가닥쑝여사#쑝여사#원주#원주샐러드새벽배송#원주샐러드정기배송#원주샐러드맛집#원주샐러드도시락#새벽배송#원주샐러드#원주새벽배송#정기구독#샐러드 새벽배송#샌드위치#햄치즈#에그포테이토#컵과일#착즙#과일착즙#과일케익#생과일케익#도시락#유부초밥#수제요거트#단체주문#예약주문",왈가닥;왈가닥쑝여사;쑝여사;원주;원주샐러드새벽배송;원주샐러드정기배송;원주샐러드맛집;원주샐러드도시락;새벽배송;원주샐러드;원주새벽배송;정기구독;샐러드;샌드위치;햄치즈;에그포테이토;컵과일;착즙;과일착즙;과일케익;생과일케익;도시락;유부초밥;수제요거트;단체주문;예약주문,떼깔고운 쑝여사표 샐러드 매장영업은 하지않아요 예약문의 및 픽업만 가능합니다 예약 문의 #왈가닥 쑝여사#왈가닥쑝여사#쑝여사#원주#원주샐러드새벽배송#원주샐러드정기배송#원주샐러드맛집#원주샐러드도시락#새벽배송#원주샐러드#원주새벽배송#정기구독#샐러드 새벽배송#샌드위치#햄치즈#에그포테이토#컵과일#착즙#과일착즙#과일케익#생과일케익#도시락#유부초밥#수제요거트#단체주문#예약주문,"[""떼깔고운"", ""쑝여사표"", ""샐러드"", ""매장영업은"", ""하지않아요"", ""예약문의"", ""픽업만"", ""예약"", ""쑝여사"", ""새벽배송""]","[""왈가닥"", ""왈가닥쑝여사"", ""쑝여사"", ""원주"", ""원주샐러드새벽배송"", ""원주샐러드정기배송"", ""원주샐러드맛집"", ""원주샐러드도시락"", ""새벽배송"", ""원주샐러드"", ""원주새벽배송"", ""정기구독"", ""샐러드"", ""샌드위치"", ""햄치즈"", ""에그포테이토"", ""컵과일"", ""착즙"", ""과일착즙"", ""과일케익"", ""생과일케익"", ""도시락"", ""유부초밥"", ""수제요거트"", ""예약주문""]","[""떼깔고운"", ""쑝여사표"", ""샐러드"", ""매장영업은"", ""하지않아요"", ""예약문의"", ""픽업만"", ""예약"", ""쑝여사"", ""새벽배송"", ""왈가닥"", ""왈가닥쑝여사"", ""쑝여사"", ""원주"", ""원주샐러드새벽배송"", ""원주샐러드정기배송"", ""원주샐러드맛집"", ""원주샐러드도시락"", ""새벽배송"", ""원주샐러드"", ""원주새벽배송"", ""정기구독"", ""샐러드"", ""샌드위치"", ""햄치즈"", ""에그포테이토"", ""컵과일"", ""착즙"", ""과일착즙"", ""과일케익"", ""생과일케익"", ""도시락"", ""유부초밥"", ""수제요거트"", ""예약주문""]"
https://www.instagram.com/p/DQEaIdZkttL/c/17981514005866414/,"#제품제공 #20251021어쩌죠? 가을이라서 그런가 식욕이 아주 왕성해요. 🐷 오늘 저녁은 클린하게 먹어야 죄책감이 덜 할 것 같아한 봉지씩 간편하게 먹을 수 있는 저스트그린 유러피안 샐러드와 스틱채소로 차려봤어요. 싱그럽고 산뜻하게 다양한 레시피로 즐길 수 있어 좋아요. 🥗야채 구성도 좋고 아삭아삭 씹히는 식감에 입이 심심할 틈이 없네요. 🤣🌱 유러피안 가든믹스샐러드를 리스모양으로 잡고 구슬모짜렐라치즈, 샤인머스캣을 올려 상큼한 레몬드레싱을 뿌려 먹으면 신선한식감이 매력 넘쳐요. 🌱 유러피안 그린믹스세척을 하지 않아도 바로 먹을 수 있는 자연 그대로의 샐러드에 담백한 두부면을 올리고 오리엔탈드레싱을 부어 섞어주면 영양가득한 콜드파스타로 변신해요. 🌱 스노우 양배추 샐러드얇게 채 썰은 양배추로 코울슬로 만들면 입안을 개운하고 상큼 새콤 달콤하게해줘 호불호 없는 입맛 돋구기로 너무 좋아요. ✅ 현재 저스트그린 네이버 스토어에서 세트 구매시 랜덤으로 1개 추가 증정 이벤트 진행하고 있으니 관심 있으신 분들은 구경가보세요. 🍀 우리, 하루에 한끼 정도는 채소식단으로 건강해지고 몸이 가벼워지는 느낌을 함께해요. 😘🏷️ @justgreen_official_ #저스트그린 #유러피안샐러드 #스틱채소 #샐러드 #샐러드정기구독 #건강식 #클린식단 #저스트그린앰버서더 #저속노화식단 #키링쿡 #키링의따뜻한식탁",제품제공;20251021어쩌죠;저스트그린;유러피안샐러드;스틱채소;샐러드;샐러드정기구독;건강식;클린식단;저스트그린앰버서더;저속노화식단;키링쿡;키링의따뜻한식탁,#제품제공 # 어쩌죠 가을이라서 그런가 식욕이 아주 왕성해요 오늘 저녁은 클린하게 먹어야 죄책감이 덜 할 것 같아한 봉지씩 간편하게 먹을 수 있는 저스트그린 유러피안 샐러드와 스틱채소로 차려봤어요 싱그럽고 산뜻하게 다양한 레시피로 즐길 수 있어 좋아요 야채 구성도 좋고 아삭아삭 씹히는 식감에 입이 심심할 틈이 없네요 유러피안 가든믹스샐러드를 리스모양으로 잡고 구슬모짜렐라치즈 샤인머스캣을 올려 상큼한 레몬드레싱을 뿌려 먹으면 신선한식감이 매력 넘쳐요 유러피안 그린믹스세척을 하지 않아도 바로 먹을 수 있는 자연 그대로의 샐러드에 담백한 두부면을 올리고 오리엔탈드레싱을 부어 섞어주면 영양가득한 콜드파스타로 변신해요 스노우 양배추 샐러드얇게 채 썰은 양배추로 코울슬로 만들면 입안을 개운하고 상큼 새콤 달콤하게해줘 호불호 없는 입맛 돋구기로 너무 좋아요 현재 저스트그린 네이버 스토어에서 세트 구매시 랜덤으로 개 추가 증정 이벤트 진행하고 있으니 관심 있으신 분들은 구경가보세요 우리 하루에 한끼 정도는 채소식단으로 건강해지고 몸이 가벼워지는 느낌을 함께해요 #저스트그린 #유러피안샐러드 #스틱채소 #샐러드 #샐러드정기구독 #건강식 #클린식단 #저스트그린앰버서더 #저속노화식단 #키링쿡 #키링의따뜻한식탁,"[""어쩌죠"", ""가을이라서"", ""그런가"", ""식욕이"", ""왕성해요"", ""저녁은"", ""클린하게"", ""먹어야"", ""죄책감이"", ""같아한"", ""봉지씩"", ""간편하게"", ""저스트그린"", ""유러피안"", ""샐러드와"", ""스틱채소로"", ""차려봤어요"", ""싱그럽고"", ""산뜻하게"", ""다양한"", ""레시피로"", ""야채"", ""구성도"", ""좋고"", ""아삭아삭"", ""씹히는"", ""식감에"", ""입이"", ""심심할"", ""틈이"", ""없네요"", ""유러피안"", ""가든믹스샐러드를"", ""리스모양으로"", ""잡고"", ""구슬모짜렐라치즈"", ""샤인머스캣을"", ""상큼한"", ""레몬드레싱을"", ""뿌려"", ""신선한식감이"", ""매력"", ""넘쳐요"", ""유러피안"", ""그린믹스세척을"", ""하지"", ""않아도"", ""자연"", ""그대로의"", ""샐러드에"", ""담백한"", ""두부면을"", ""오리엔탈드레싱을"", ""부어"", ""섞어주면"", ""영양가득한"", ""콜드파스타로"", ""변신해요"", ""스노우"", ""양배추"", ""샐러드얇게"", ""썰은"", ""양배추로"", ""코울슬로"", ""만들면"", ""입안을"", ""개운하고"", ""상큼"", ""새콤"", ""달콤하게해줘"", ""호불호"", ""입맛"", ""돋구기로"", ""현재"", ""저스트그린"", ""스토어에서"", ""세트"", ""구매시"", ""랜덤으로"", ""증정"", ""이벤트"", ""진행하고"", ""관심"", ""있으신"", ""분들은"", ""구경가보세요"", ""하루에"", ""한끼"", ""정도는"", ""채소식단으로"", ""건강해지고"", ""몸이"", ""가벼워지는"", ""느낌을"", ""함께해요""]","[""제품제공"", ""어쩌죠"", ""저스트그린"", ""유러피안샐러드"", ""스틱채소"", ""샐러드"", ""샐러드정기구독"", ""건강식"", ""클린식단"", ""저스트그린앰버서더"", ""저속노화식단"", ""키링쿡"", ""키링의따뜻한식탁""]","[""어쩌죠"", ""가을이라서"", ""그런가"", ""식욕이"", ""왕성해요"", ""저녁은"", ""클린하게"", ""먹어야"", ""죄책감이"", ""같아한"", ""봉지씩"", ""간편하게"", ""저스트그린"", ""유러피안"", ""샐러드와"", ""스틱채소로"", ""차려봤어요"", ""싱그럽고"", ""산뜻하게"", ""다양한"", ""레시피로"", ""야채"", ""구성도"", ""좋고"", ""아삭아삭"", ""씹히는"", ""식감에"", ""입이"", ""심심할"", ""틈이"", ""없네요"", ""유러피안"", ""가든믹스샐러드를"", ""리스모양으로"", ""잡고"", ""구슬모짜렐라치즈"", ""샤인머스캣을"", ""상큼한"", ""레몬드레싱을"", ""뿌려"", ""신선한식감이"", ""매력"", ""넘쳐요"", ""유러피안"", ""그린믹스세척을"", ""하지"", ""않아도"", ""자연"", ""그대로의"", ""샐러드에"", ""담백한"", ""두부면을"", ""오리엔탈드레싱을"", ""부어"", ""섞어주면"", ""영양가득한"", ""콜드파스타로"", ""변신해요"", ""스노우"", ""양배추"", ""샐러드얇게"", ""썰은"", ""양배추로"", ""코울슬로"", ""만들면"", ""입안을"", ""개운하고"", ""상큼"", ""새콤"", ""달콤하게해줘"", ""호불호"", ""입맛"", ""돋구기로"", ""현재"", ""저스트그린"", ""스토어에서"", ""세트"", ""구매시"", ""랜덤으로"", ""증정"", ""이벤트"", ""진행하고"", ""관심"", ""있으신"", ""분들은"", ""구경가보세요"", ""하루에"", ""한끼"", ""정도는"", ""채소식단으로"", ""건강해지고"", ""몸이"", ""가벼워지는"", ""느낌을"", ""함께해요"", ""제품제공"", ""어쩌죠"", ""저스트그린"", ""유러피안샐러드"", ""스틱채소"", ""샐러드"", ""샐러드정기구독"", ""건강식"", ""클린식단"", ""저스트그린앰버서더"", ""저속노화식단"", ""키링쿡"", ""키링의따뜻한식탁""]"
https://www.instagram.com/p/DPoVADbExmK/,#샐러드#산책#스트래스해소,샐러드;산책;스트래스해소,#샐러드#산책#스트래스해소,[],"[""샐러드"", ""산책"", ""스트래스해소""]","[""샐러드"", ""산책"", ""스트래스해소""]"
https://www.instagram.com/p/DQGHKQ4EnYo/c/17848536612583218/,"🧡 안녕하세요 카페이너그입니다 🧡배우 서하준님 일본 팬카페에서 찾아주셔서 이른시간 나와 맛있게 열심히 준비한 햄치즈샌드위치, 에그햄샌드위치, 과일컵 그리고 샌드위치도시락세트 입니다 ◡̎ 수량이 많아 준비하는데 시간이 꽤 걸렸지만 찾아주시고 만족해서 다시 연락을 주실때면 늘 뿌듯하고 기쁘답니다 ! ㅎㅎ 스티커는 도안준비되어있으시다면 빠르게 제작 가능하시고 사진만 있으셔도 최대한 맞춰 준비해 드립니다 ◡̎ 언제든 편하게 찾아주세요 ~  ⠀ ⠀📮DM, 카카오톡채널 : 카페이너그🎀문구프린트, 리본 서비스 - 추가비용🙅🏻‍♀️🛺매장픽업,택배,배달,퀵서비스💌단체주문은 최소 3일전 문의주세요 ◡̎  ⠀ ⠀",,안녕하세요 카페이너그입니다 배우 서하준님 일본 팬카페에서 찾아주셔서 이른시간 나와 맛있게 열심히 준비한 햄치즈샌드위치 에그햄샌드위치 과일컵 그리고 샌드위치도시락세트 입니다 수량이 많아 준비하는데 시간이 꽤 걸렸지만 찾아주시고 만족해서 다시 연락을 주실때면 늘 뿌듯하고 기쁘답니다 ㅎㅎ 스티커는 도안준비되어있으시다면 빠르게 제작 가능하시고 사진만 있으셔도 최대한 맞춰 준비해 드립니다 언제든 편하게 찾아주세요 카카오톡채널 카페이너그 문구프린트 리본 서비스 추가비용 매장픽업 택배 배달 퀵서비스 단체주문은 최소 일전 문의주세요,"[""카페이너그입니다"", ""배우"", ""서하준님"", ""일본"", ""팬카페에서"", ""찾아주셔서"", ""이른시간"", ""나와"", ""열심히"", ""준비한"", ""햄치즈샌드위치"", ""에그햄샌드위치"", ""과일컵"", ""샌드위치도시락세트"", ""수량이"", ""준비하는데"", ""시간이"", ""걸렸지만"", ""찾아주시고"", ""만족해서"", ""연락을"", ""주실때면"", ""뿌듯하고"", ""기쁘답니다"", ""스티커는"", ""도안준비되어있으시다면"", ""빠르게"", ""제작"", ""가능하시고"", ""사진만"", ""있으셔도"", ""준비해"", ""드립니다"", ""편하게"", ""찾아주세요"", ""카카오톡채널"", ""카페이너그"", ""문구프린트"", ""리본"", ""서비스"", ""추가비용"", ""매장픽업"", ""택배"", ""배달"", ""퀵서비스"", ""단체주문은"", ""최소"", ""일전""]","[""카페이너그입니다"", ""배우"", ""서하준님"", ""일본"", ""팬카페에서"", ""찾아주셔서"", ""이른시간"", ""나와"", ""열심히"", ""준비한"", ""햄치즈샌드위치"", ""에그햄샌드위치"", ""과일컵"", ""샌드위치도시락세트"", ""수량이"", ""준비하는데"", ""시간이"", ""걸렸지만"", ""찾아주시고"", ""만족해서"", ""연락을"", ""주실때면"", ""뿌듯하고"", ""기쁘답니다"", ""스티커는"", ""도안준비되어있으시다면"", ""빠르게"", ""제작"", ""가능하시고"", ""사진만"", ""있으셔도"", ""준비해"", ""드립니다"", ""편하게"", ""찾아주세요"", ""카카오톡채널"", ""카페이너그"", ""문구프린트"", ""리본"", ""서비스"", ""추가비용"", ""매장픽업"", ""택배"", ""배달"", ""퀵서비스"", ""단체주문은"", ""최소"", ""일전""]","[""카페이너그입니다"", ""배우"", ""서하준님"", ""일본"", ""팬카페에서"", ""찾아주셔서"", ""이른시간"", ""나와"", ""열심히"", ""준비한"", ""햄치즈샌드위치"", ""에그햄샌드위치"", ""과일컵"", ""샌드위치도시락세트"", ""수량이"", ""준비하는데"", ""시간이"", ""걸렸지만"", ""찾아주시고"", ""만족해서"", ""연락을"", ""주실때면"", ""뿌듯하고"", ""기쁘답니다"", ""스티커는"", ""도안준비되어있으시다면"", ""빠르게"", ""제작"", ""가능하시고"", ""사진만"", ""있으셔도"", ""준비해"", ""드립니다"", ""편하게"", ""찾아주세요"", ""카카오톡채널"", ""카페이너그"", ""문구프린트"", ""리본"", ""서비스"", ""추가비용"", ""매장픽업"", ""택배"", ""배달"", ""퀵서비스"", ""단체주문은"", ""최소"", ""일전"", ""카페이너그입니다"", ""배우"", ""서하준님"", ""일본"", ""팬카페에서"", ""찾아주셔서"", ""이른시간"", ""나와"", ""열심히"", ""준비한"", ""햄치즈샌드위치"", ""에그햄샌드위치"", ""과일컵"", ""샌드위치도시락세트"", ""수량이"", ""준비하는데"", ""시간이"", ""걸렸지만"", ""찾아주시고"", ""만족해서"", ""연락을"", ""주실때면"", ""뿌듯하고"", ""기쁘답니다"", ""스티커는"", ""도안준비되어있으시다면"", ""빠르게"", ""제작"", ""가능하시고"", ""사진만"", ""있으셔도"", ""준비해"", ""드립니다"", ""편하게"", ""찾아주세요"", ""카카오톡채널"", ""카페이너그"", ""문구프린트"", ""리본"", ""서비스"", ""추가비용"", ""매장픽업"", ""택배"", ""배달"", ""퀵서비스"", ""단체주문은"", ""최소"", ""일전""]"
https://www.instagram.com/p/DP3SUVskUue/,#첫줄🤗 첫영 준비하시는울 클라라 쌤을 위한밥상 ♡오전에 만나첫영 친구들선물 구입하고울집으로 휘리릭대충 준비 해놓고나갔지만누군가 기다리고 있으니맘이 급...😅😅😅도란도란이런저런세상사는이야기담에 또 놀러오세요^^#일상스타그램🐥 #인니라이프🇮🇩 #첫영성체 #선물구입 #avila #싹쓸어옴#브런치 #그녀를위한밥상 #과일바구니#감사해요 #공주도없는뎅 #뚠뚠이김밥 #컬리플라강정 #도은키친 #최애메뉴 #샐러드 #모밀국수#요리스타그램🍳 #요리하는여자👩🏻‍🍳 #온더테이블 #가정식 #비오는날#사진참못찍는다 #😅😅😅,첫줄;일상스타그램;인니라이프;첫영성체;선물구입;avila;싹쓸어옴;브런치;그녀를위한밥상;과일바구니;감사해요;공주도없는뎅;뚠뚠이김밥;컬리플라강정;도은키친;최애메뉴;샐러드;모밀국수;요리스타그램;요리하는여자;온더테이블;가정식;비오는날;사진참못찍는다,#첫줄 첫영 준비하시는울 클라라 쌤을 위한밥상 오전에 만나첫영 친구들선물 구입하고울집으로 휘리릭대충 준비 해놓고나갔지만누군가 기다리고 있으니맘이 급 도란도란이런저런세상사는이야기담에 또 놀러오세요 #일상스타그램 #인니라이프 #첫영성체 #선물구입 # #싹쓸어옴#브런치 #그녀를위한밥상 #과일바구니#감사해요 #공주도없는뎅 #뚠뚠이김밥 #컬리플라강정 #도은키친 #최애메뉴 #샐러드 #모밀국수#요리스타그램 #요리하는여자 #온더테이블 #가정식 #비오는날#사진참못찍는다 #,"[""첫영"", ""준비하시는울"", ""클라라"", ""쌤을"", ""위한밥상"", ""오전에"", ""만나첫영"", ""친구들선물"", ""구입하고울집으로"", ""휘리릭대충"", ""준비"", ""해놓고나갔지만누군가"", ""기다리고"", ""있으니맘이"", ""도란도란이런저런세상사는이야기담에"", ""놀러오세요""]","[""첫줄"", ""일상스타그램"", ""인니라이프"", ""첫영성체"", ""선물구입"", ""싹쓸어옴"", ""브런치"", ""그녀를위한밥상"", ""과일바구니"", ""감사해요"", ""공주도없는뎅"", ""뚠뚠이김밥"", ""컬리플라강정"", ""도은키친"", ""최애메뉴"", ""샐러드"", ""모밀국수"", ""요리스타그램"", ""요리하는여자"", ""온더테이블"", ""가정식"", ""비오는날"", ""사진참못찍는다""]","[""첫영"", ""준비하시는울"", ""클라라"", ""쌤을"", ""위한밥상"", ""오전에"", ""만나첫영"", ""친구들선물"", ""구입하고울집으로"", ""휘리릭대충"", ""준비"", ""해놓고나갔지만누군가"", ""기다리고"", ""있으니맘이"", ""도란도란이런저런세상사는이야기담에"", ""놀러오세요"", ""첫줄"", ""일상스타그램"", ""인니라이프"", ""첫영성체"", ""선물구입"", ""싹쓸어옴"", ""브런치"", ""그녀를위한밥상"", ""과일바구니"", ""감사해요"", ""공주도없는뎅"", ""뚠뚠이김밥"", ""컬리플라강정"", ""도은키친"", ""최애메뉴"", ""샐러드"", ""모밀국수"", ""요리스타그램"", ""요리하는여자"", ""온더테이블"", ""가정식"", ""비오는날"", ""사진참못찍는다""]"
https://www.instagram.com/p/DQIis22Emuf/,"🥐 바다를 바라보며 즐기는 여유로운 브런치! 맛있는 크루아상과 상큼한 샐러드, 시원한 음료까지 완벽한 조합이네요. 🌊✨#브런치 #카페 #바다 #크루아상 #샐러드 #한국 #일상 #데일리 #brunch #cafe #sea #croissant #salad #korea #바다뷰 #힐링 #카페스타그램 #브런치스타그램",브런치;카페;바다;크루아상;샐러드;한국;일상;데일리;brunch;cafe;sea;croissant;salad;korea;바다뷰;힐링;카페스타그램;브런치스타그램,바다를 바라보며 즐기는 여유로운 브런치 맛있는 크루아상과 상큼한 샐러드 시원한 음료까지 완벽한 조합이네요 #브런치 #카페 #바다 #크루아상 #샐러드 #한국 #일상 #데일리 # # # # # # #바다뷰 #힐링 #카페스타그램 #브런치스타그램,"[""바다를"", ""바라보며"", ""즐기는"", ""여유로운"", ""브런치"", ""크루아상과"", ""상큼한"", ""샐러드"", ""시원한"", ""음료까지"", ""완벽한"", ""조합이네요""]","[""브런치"", ""카페"", ""바다"", ""크루아상"", ""샐러드"", ""한국"", ""일상"", ""데일리"", ""바다뷰"", ""힐링"", ""카페스타그램"", ""브런치스타그램""]","[""바다를"", ""바라보며"", ""즐기는"", ""여유로운"", ""브런치"", ""크루아상과"", ""상큼한"", ""샐러드"", ""시원한"", ""음료까지"", ""완벽한"", ""조합이네요"", ""브런치"", ""카페"", ""바다"", ""크루아상"", ""샐러드"", ""한국"", ""일상"", ""데일리"", ""바다뷰"", ""힐링"", ""카페스타그램"", ""브런치스타그램""]"
https://www.instagram.com/p/DQDHrwvEqnQ/c/18323922691244224/,건강한 한끼챙기기 도전중 🫧🍯🥗#샐러드 #밀프랩 #mealpreps #mealprepsunday #breakfasttime☕️,샐러드;밀프랩;mealpreps;mealprepsunday;breakfasttime,건강한 한끼챙기기 도전중 #샐러드 #밀프랩 # # #,"[""건강한"", ""한끼챙기기"", ""도전중""]","[""샐러드"", ""밀프랩""]","[""건강한"", ""한끼챙기기"", ""도전중"", ""샐러드"", ""밀프랩""]"
https://www.instagram.com/p/DQI3qcZEeRd/c/18063266000142130/,"오늘의 식단🍽️자주 등장하는 땅콩호박~,~프랑스 치즈 Lincet Brillat-savarin 올려서 구워먹기🧀씨앗&아몬드 좀 뿌려주고🤎이번 땅콩호박은 크기가 좀 커서 한번에는 못먹고 남은건 보관해서 점심에 먹었어용!날씨가 추웠다가 조금 풀렸다가 오락가락,,,마음도 싱숭생숭 한 요즘이지만,,,,운동으로 이겨내자!!!!💪🏽오늘 쉴까,,,고민했지만 고민하지 말고 갈것!!!!ㅎㅎㅎ⠀⠀⠀⠀⠀⠀⠀⠀⠀⠀⠀⠀⠀⠀⠀⠀⠀ ⠀⠀⠀⠀⠀⠀⠀⠀⠀⠀⠀⠀⠀⠀⠀⠀⠀ #식단 #식단추천 #식단관리 #식단일지 #식단공유 #다이어트 #다이어트식단 #땅콩호박 #샐러드 #운동 #헬스 #eatclean #healthy #healthyfoods #healthylife #healthylifestyle #gym #gymmotivation #butternutsquash",식단;식단추천;식단관리;식단일지;식단공유;다이어트;다이어트식단;땅콩호박;샐러드;운동;헬스;eatclean;healthy;healthyfoods;healthylife;healthylifestyle;gym;gymmotivation;butternutsquash,오늘의 식단 자주 등장하는 땅콩호박 프랑스 치즈 올려서 구워먹기 씨앗 아몬드 좀 뿌려주고 이번 땅콩호박은 크기가 좀 커서 한번에는 못먹고 남은건 보관해서 점심에 먹었어용 날씨가 추웠다가 조금 풀렸다가 오락가락 마음도 싱숭생숭 한 요즘이지만 운동으로 이겨내자 오늘 쉴까 고민했지만 고민하지 말고 갈것 ㅎㅎㅎ #식단 #식단추천 #식단관리 #식단일지 #식단공유 #다이어트 #다이어트식단 #땅콩호박 #샐러드 #운동 #헬스 # # # # # # # #,"[""식단"", ""등장하는"", ""땅콩호박"", ""프랑스"", ""치즈"", ""올려서"", ""구워먹기"", ""씨앗"", ""아몬드"", ""뿌려주고"", ""땅콩호박은"", ""크기가"", ""커서"", ""한번에는"", ""못먹고"", ""남은건"", ""보관해서"", ""점심에"", ""먹었어용"", ""날씨가"", ""추웠다가"", ""풀렸다가"", ""오락가락"", ""마음도"", ""싱숭생숭"", ""요즘이지만"", ""운동으로"", ""이겨내자"", ""쉴까"", ""고민했지만"", ""고민하지"", ""말고"", ""갈것"", ""ㅎㅎㅎ""]","[""식단"", ""식단추천"", ""식단관리"", ""식단일지"", ""식단공유"", ""다이어트"", ""다이어트식단"", ""땅콩호박"", ""샐러드"", ""운동"", ""헬스""]","[""식단"", ""등장하는"", ""땅콩호박"", ""프랑스"", ""치즈"", ""올려서"", ""구워먹기"", ""씨앗"", ""아몬드"", ""뿌려주고"", ""땅콩호박은"", ""크기가"", ""커서"", ""한번에는"", ""못먹고"", ""남은건"", ""보관해서"", ""점심에"", ""먹었어용"", ""날씨가"", ""추웠다가"", ""풀렸다가"", ""오락가락"", ""마음도"", ""싱숭생숭"", ""요즘이지만"", ""운동으로"", ""이겨내자"", ""쉴까"", ""고민했지만"", ""고민하지"", ""말고"", ""갈것"", ""ㅎㅎㅎ"", ""식단"", ""식단추천"", ""식단관리"", ""식단일지"", ""식단공유"", ""다이어트"", ""다이어트식단"", ""땅콩호박"", ""샐러드"", ""운동"", ""헬스""]"
https://www.instagram.com/p/DQJcZF9EiZg/,"처음엔 안됐던 동작이 점점 늘어가고 성공 했을 때 ! 얼마나 기쁜지 몰라요🤭 포기하지 말고 꾸준히 열심히 해봅시다 🔥👍🏻...✔️개인 샤워시설 ✔️박스 양 옆 걱정없는 넓은 주차공간✔️바벨 드랍 가능!✔️카톡,dm 문의✔️대관문의환영📞010-2109-5230🍀일산.운정.교하.파주 크로스핏📦운정신도시 140평규모 창고형 크로스핏박스🏋‍♂️🏋‍♀️다이어트/근력강화/체력증진🇰🇷 경기도 파주시 오도동25-5 (장명산길135)📍운정홈플러스 차량 10분거리/신교하농협 도보10분📖 코치 자격사항:생활체육지도자 2급(보디빌딩),KACEP, NSCA CPT, CROSSFIT LEVEL1#크로스핏 #일산크로스핏 #운정크로스핏 #파주크로스핏 #다이어트 #다이어트맛집 #식단 #운동 #일상 #데일리 #피트니스 #헬스 #건강 #샐러드 #운동하는남자 #런닝#운동하는여자 #눈바디 #운스타그램 #몸스타그램 #소통 #선팔 #맞팔 #인친 #팔로우 #좋아요 #다이렉트#follow",크로스핏;일산크로스핏;운정크로스핏;파주크로스핏;다이어트;다이어트맛집;식단;운동;일상;데일리;피트니스;헬스;건강;샐러드;운동하는남자;런닝;운동하는여자;눈바디;운스타그램;몸스타그램;소통;선팔;맞팔;인친;팔로우;좋아요;다이렉트;follow,처음엔 안됐던 동작이 점점 늘어가고 성공 했을 때 얼마나 기쁜지 몰라요 포기하지 말고 꾸준히 열심히 해봅시다 개인 샤워시설 박스 양 옆 걱정없는 넓은 주차공간 바벨 드랍 가능 카톡 문의 대관문의환영 일산 운정 교하 파주 크로스핏 운정신도시 평규모 창고형 크로스핏박스 다이어트 근력강화 체력증진 경기도 파주시 오도동 장명산길 운정홈플러스 차량 분거리 신교하농협 도보 분 코치 자격사항 생활체육지도자 급 보디빌딩 #크로스핏 #일산크로스핏 #운정크로스핏 #파주크로스핏 #다이어트 #다이어트맛집 #식단 #운동 #일상 #데일리 #피트니스 #헬스 #건강 #샐러드 #운동하는남자 #런닝#운동하는여자 #눈바디 #운스타그램 #몸스타그램 #소통 #선팔 #맞팔 #인친 #팔로우 #좋아요 #다이렉트#,"[""처음엔"", ""안됐던"", ""동작이"", ""점점"", ""늘어가고"", ""성공"", ""했을"", ""얼마나"", ""기쁜지"", ""몰라요"", ""포기하지"", ""말고"", ""열심히"", ""해봅시다"", ""개인"", ""샤워시설"", ""박스"", ""걱정없는"", ""넓은"", ""주차공간"", ""바벨"", ""드랍"", ""카톡"", ""대관문의환영"", ""일산"", ""운정"", ""교하"", ""파주"", ""크로스핏"", ""운정신도시"", ""평규모"", ""창고형"", ""크로스핏박스"", ""다이어트"", ""근력강화"", ""체력증진"", ""경기도"", ""파주시"", ""오도동"", ""장명산길"", ""운정홈플러스"", ""차량"", ""분거리"", ""신교하농협"", ""도보"", ""코치"", ""자격사항"", ""생활체육지도자"", ""보디빌딩""]","[""크로스핏"", ""일산크로스핏"", ""운정크로스핏"", ""파주크로스핏"", ""다이어트"", ""다이어트맛집"", ""식단"", ""운동"", ""일상"", ""데일리"", ""피트니스"", ""헬스"", ""건강"", ""샐러드"", ""운동하는남자"", ""런닝"", ""운동하는여자"", ""눈바디"", ""운스타그램"", ""몸스타그램"", ""소통"", ""선팔"", ""맞팔"", ""인친"", ""다이렉트""]","[""처음엔"", ""안됐던"", ""동작이"", ""점점"", ""늘어가고"", ""성공"", ""했을"", ""얼마나"", ""기쁜지"", ""몰라요"", ""포기하지"", ""말고"", ""열심히"", ""해봅시다"", ""개인"", ""샤워시설"", ""박스"", ""걱정없는"", ""넓은"", ""주차공간"", ""바벨"", ""드랍"", ""카톡"", ""대관문의환영"", ""일산"", ""운정"", ""교하"", ""파주"", ""크로스핏"", ""운정신도시"", ""평규모"", ""창고형"", ""크로스핏박스"", ""다이어트"", ""근력강화"", ""체력증진"", ""경기도"", ""파주시"", ""오도동"", ""장명산길"", ""운정홈플러스"", ""차량"", ""분거리"", ""신교하농협"", ""도보"", ""코치"", ""자격사항"", ""생활체육지도자"", ""보디빌딩"", ""크로스핏"", ""일산크로스핏"", ""운정크로스핏"", ""파주크로스핏"", ""다이어트"", ""다이어트맛집"", ""식단"", ""운동"", ""일상"", ""데일리"", ""피트니스"", ""헬스"", ""건강"", ""샐러드"", ""운동하는남자"", ""런닝"", ""운동하는여자"", ""눈바디"", ""운스타그램"", ""몸스타그램"", ""소통"", ""선팔"", ""맞팔"", ""인친"", ""다이렉트""]"
https://www.instagram.com/p/DOYhrN_kqvg/,"⠀📌 뭐먹을랩 호암점▪ 043-848-6508▪ 충북 충주시 호암대로 122[닭가슴살 포케 7,900원 etc.]포케 맛집으로 유명한 [뭐먹을랩]충주 호암동에 드디어 2호점 오픈!!식품영양학과 출신 현직 트레이너 사장님이진짜 완벽하게 연구한 한 끼❤️식단이 어려우신 분들은사장님이 직접 영양 상담도 진행해줌가성비 넘치는 포케, 스테이크를이제 호암동에서도 즐길 수 있다니 행복💚✅ 오리훈제 포케 8,900원✅ 목살 스테이크 8,900원✅ 음료(제로아이스티, 프로틴, 저당요거트 등)푸짐한 포케와 스테이크가단돈 7,900원 부터 시작하는데충주에서 가장 가성비 좋은 듯🎉신선함은 그대로, 가격도 부담 없어서MZ 취향 제대로 저격🎯건국대 글로컬 1호점부터 호암동 2호점까지여긴 그냥 다이어터들의 성지가볍게 다이어트 식단, 건강식,든든한 한 끼까지 모두 만족😎합리적인 가격으로집까지 신선하게 배송해 주는정기구독 서비스도 있다는 점 잊지 말라구~✨#충주 #충주시 #충주포케 #충주샐러드 #충주다이어트 #충주식단 #뭐먹을랩 #충주뭐먹을랩 #뭐먹을랩호암점 #충주맛집 #충주핫플 #포케 #샐러드",충주;충주시;충주포케;충주샐러드;충주다이어트;충주식단;뭐먹을랩;충주뭐먹을랩;뭐먹을랩호암점;충주맛집;충주핫플;포케;샐러드,뭐먹을랩 호암점 충북 충주시 호암대로 닭가슴살 포케 원 포케 맛집으로 유명한 뭐먹을랩 충주 호암동에 드디어 호점 오픈 식품영양학과 출신 현직 트레이너 사장님이진짜 완벽하게 연구한 한 끼 식단이 어려우신 분들은사장님이 직접 영양 상담도 진행해줌가성비 넘치는 포케 스테이크를이제 호암동에서도 즐길 수 있다니 행복 오리훈제 포케 원 목살 스테이크 원 음료 제로아이스티 프로틴 저당요거트 등 푸짐한 포케와 스테이크가단돈 원 부터 시작하는데충주에서 가장 가성비 좋은 듯 신선함은 그대로 가격도 부담 없어서 취향 제대로 저격 건국대 글로컬 호점부터 호암동 호점까지여긴 그냥 다이어터들의 성지가볍게 다이어트 식단 건강식 든든한 한 끼까지 모두 만족 합리적인 가격으로집까지 신선하게 배송해 주는정기구독 서비스도 있다는 점 잊지 말라구 #충주 #충주시 #충주포케 #충주샐러드 #충주다이어트 #충주식단 #뭐먹을랩 #충주뭐먹을랩 #뭐먹을랩호암점 #충주맛집 #충주핫플 #포케 #샐러드,"[""뭐먹을랩"", ""호암점"", ""충북"", ""충주시"", ""호암대로"", ""닭가슴살"", ""포케"", ""포케"", ""맛집으로"", ""유명한"", ""뭐먹을랩"", ""충주"", ""호암동에"", ""호점"", ""오픈"", ""식품영양학과"", ""출신"", ""현직"", ""트레이너"", ""사장님이진짜"", ""완벽하게"", ""연구한"", ""식단이"", ""어려우신"", ""분들은사장님이"", ""영양"", ""상담도"", ""진행해줌가성비"", ""넘치는"", ""포케"", ""스테이크를이제"", ""호암동에서도"", ""있다니"", ""행복"", ""오리훈제"", ""포케"", ""목살"", ""스테이크"", ""음료"", ""제로아이스티"", ""프로틴"", ""저당요거트"", ""푸짐한"", ""포케와"", ""스테이크가단돈"", ""시작하는데충주에서"", ""가성비"", ""신선함은"", ""가격도"", ""부담"", ""없어서"", ""취향"", ""저격"", ""건국대"", ""글로컬"", ""호점부터"", ""호암동"", ""호점까지여긴"", ""다이어터들의"", ""성지가볍게"", ""다이어트"", ""식단"", ""건강식"", ""든든한"", ""끼까지"", ""만족"", ""합리적인"", ""가격으로집까지"", ""신선하게"", ""배송해"", ""주는정기구독"", ""서비스도"", ""있다는"", ""잊지"", ""말라구""]","[""충주"", ""충주시"", ""충주포케"", ""충주샐러드"", ""충주다이어트"", ""충주식단"", ""뭐먹을랩"", ""충주뭐먹을랩"", ""뭐먹을랩호암점"", ""충주맛집"", ""충주핫플"", ""포케"", ""샐러드""]","[""뭐먹을랩"", ""호암점"", ""충북"", ""충주시"", ""호암대로"", ""닭가슴살"", ""포케"", ""포케"", ""맛집으로"", ""유명한"", ""뭐먹을랩"", ""충주"", ""호암동에"", ""호점"", ""오픈"", ""식품영양학과"", ""출신"", ""현직"", ""트레이너"", ""사장님이진짜"", ""완벽하게"", ""연구한"", ""식단이"", ""어려우신"", ""분들은사장님이"", ""영양"", ""상담도"", ""진행해줌가성비"", ""넘치는"", ""포케"", ""스테이크를이제"", ""호암동에서도"", ""있다니"", ""행복"", ""오리훈제"", ""포케"", ""목살"", ""스테이크"", ""음료"", ""제로아이스티"", ""프로틴"", ""저당요거트"", ""푸짐한"", ""포케와"", ""스테이크가단돈"", ""시작하는데충주에서"", ""가성비"", ""신선함은"", ""가격도"", ""부담"", ""없어서"", ""취향"", ""저격"", ""건국대"", ""글로컬"", ""호점부터"", ""호암동"", ""호점까지여긴"", ""다이어터들의"", ""성지가볍게"", ""다이어트"", ""식단"", ""건강식"", ""든든한"", ""끼까지"", ""만족"", ""합리적인"", ""가격으로집까지"", ""신선하게"", ""배송해"", ""주는정기구독"", ""서비스도"", ""있다는"", ""잊지"", ""말라구"", ""충주"", ""충주시"", ""충주포케"", ""충주샐러드"", ""충주다이어트"", ""충주식단"", ""뭐먹을랩"", ""충주뭐먹을랩"", ""뭐먹을랩호암점"", ""충주맛집"", ""충주핫플"", ""포케"", ""샐러드""]"
https://www.instagram.com/p/DM9JEybJExb/,"<써브웨이 신메뉴> 결국, 나와버렸읍니다🤦‍♂써브웨이에신메뉴 떴다;;부드럽게 찢은풀드포크와신선한 채소로깊고 풍성한>풀드포크타코 샐러드<와매콤한 쉬림프와채소 조합의>스파이시 쉬림프타코 샐러드<까지통밀 또띠야도함께 제공한다고..오늘부터10월 6일까지한정 판매된다고 하니놓치지 말고먹으러 ㄱㄱ결국, 써브웨이 타코는 못 참지📍#써브웨이📁타코 샐러드#써브웨이신상 #샌드위치 #샌드위치맛집 #타코 #샐러드",써브웨이;써브웨이신상;샌드위치;샌드위치맛집;타코;샐러드,써브웨이 신메뉴 결국 나와버렸읍니다 써브웨이에신메뉴 떴다 부드럽게 찢은풀드포크와신선한 채소로깊고 풍성한 풀드포크타코 샐러드 와매콤한 쉬림프와채소 조합의 스파이시 쉬림프타코 샐러드 까지통밀 또띠야도함께 제공한다고 오늘부터 월 일까지한정 판매된다고 하니놓치지 말고먹으러 ㄱㄱ결국 써브웨이 타코는 못 참지 #써브웨이 타코 샐러드#써브웨이신상 #샌드위치 #샌드위치맛집 #타코 #샐러드,"[""써브웨이"", ""신메뉴"", ""결국"", ""나와버렸읍니다"", ""써브웨이에신메뉴"", ""떴다"", ""부드럽게"", ""찢은풀드포크와신선한"", ""채소로깊고"", ""풍성한"", ""풀드포크타코"", ""샐러드"", ""와매콤한"", ""쉬림프와채소"", ""조합의"", ""스파이시"", ""쉬림프타코"", ""샐러드"", ""까지통밀"", ""또띠야도함께"", ""제공한다고"", ""오늘부터"", ""일까지한정"", ""판매된다고"", ""하니놓치지"", ""말고먹으러"", ""ㄱㄱ결국"", ""써브웨이"", ""타코는"", ""참지"", ""타코"", ""샐러드""]","[""써브웨이"", ""써브웨이신상"", ""샌드위치"", ""샌드위치맛집"", ""타코"", ""샐러드""]","[""써브웨이"", ""신메뉴"", ""결국"", ""나와버렸읍니다"", ""써브웨이에신메뉴"", ""떴다"", ""부드럽게"", ""찢은풀드포크와신선한"", ""채소로깊고"", ""풍성한"", ""풀드포크타코"", ""샐러드"", ""와매콤한"", ""쉬림프와채소"", ""조합의"", ""스파이시"", ""쉬림프타코"", ""샐러드"", ""까지통밀"", ""또띠야도함께"", ""제공한다고"", ""오늘부터"", ""일까지한정"", ""판매된다고"", ""하니놓치지"", ""말고먹으러"", ""ㄱㄱ결국"", ""써브웨이"", ""타코는"", ""참지"", ""타코"", ""샐러드"", ""써브웨이"", ""써브웨이신상"", ""샌드위치"", ""샌드위치맛집"", ""타코"", ""샐러드""]"
https://www.instagram.com/p/DIoDZX2SlEp/c/18091875535575319/,맛있어 ㅎㅎ 근데 비싸 ㅠㅠ...#포케 #포케샐러드 #샐러드 #비싸다 #가격 #ㅎㄷㄷ #슬로우켈리 #알로하포케 #올라포케 #샐러디 #크리스피프레시 #그리너 #포케올데이,포케;포케샐러드;샐러드;비싸다;가격;슬로우켈리;알로하포케;올라포케;샐러디;크리스피프레시;그리너;포케올데이,맛있어 ㅎㅎ 근데 비싸 ㅠㅠ #포케 #포케샐러드 #샐러드 #비싸다 #가격 #ㅎㄷㄷ #슬로우켈리 #알로하포케 #올라포케 #샐러디 #크리스피프레시 #그리너 #포케올데이,"[""맛있어"", ""근데"", ""비싸"", ""ㅠㅠ""]","[""포케"", ""포케샐러드"", ""샐러드"", ""비싸다"", ""슬로우켈리"", ""알로하포케"", ""올라포케"", ""샐러디"", ""크리스피프레시"", ""그리너"", ""포케올데이""]","[""맛있어"", ""근데"", ""비싸"", ""ㅠㅠ"", ""포케"", ""포케샐러드"", ""샐러드"", ""비싸다"", ""슬로우켈리"", ""알로하포케"", ""올라포케"", ""샐러디"", ""크리스피프레시"", ""그리너"", ""포케올데이""]"
https://www.instagram.com/p/DN9zblhgKsG/,"닭가슴살 포케 | 제품제공다이어트 하실 때 한식 땡기시는 분들,햇살닭 된장찌개맛 & 볶음김치맛 닭가슴살 드셔보세요! 🍲🥢저는 볶음김치맛으로 포케 스타일 한 그릇을 만들어봤어요🥗상추, 루꼴라, 당근라페, 오이, 양배추, 파프리카에 닭가슴살을 올려주면 든든하면서도 건강한 한 끼 완성✨쌈 채소에 싸 먹어도 맛있고, 소스가 넉넉하게 들어 있어서 야채랑 함께 비벼 먹기에도 딱이에요💯✔ 118kcal (된장찌개맛 기준)✔ 단백질 21g 고단백 충전✔ 국내산 닭가슴살, 12시간 저온숙성 + 스팀 조리로 부드러운 식감👉 9/3까지 공식몰 출시 기념 1,237원 (~65% 할인) 이벤트 진행 중!🏷️ 닭가슴살 @haetsal_dak 🏷️ 접시, 스프볼 @gruceramic #햇살닭 #햇살닭후기 #햇살닭닭가슴살 #닭가슴살추천 #소스통살 #닭가슴살 #닭가슴살추천 #소스닭가슴살 #한식소스닭가슴살 #한식통살 #닭가슴살포케 #포케 #샐러드 #다이어트 #식단 #이천도자기마을 #이천도자기 #그루도자기",햇살닭;햇살닭후기;햇살닭닭가슴살;닭가슴살추천;소스통살;닭가슴살;소스닭가슴살;한식소스닭가슴살;한식통살;닭가슴살포케;포케;샐러드;다이어트;식단;이천도자기마을;이천도자기;그루도자기,닭가슴살 포케 제품제공다이어트 하실 때 한식 땡기시는 분들 햇살닭 된장찌개맛 볶음김치맛 닭가슴살 드셔보세요 저는 볶음김치맛으로 포케 스타일 한 그릇을 만들어봤어요 상추 루꼴라 당근라페 오이 양배추 파프리카에 닭가슴살을 올려주면 든든하면서도 건강한 한 끼 완성 쌈 채소에 싸 먹어도 맛있고 소스가 넉넉하게 들어 있어서 야채랑 함께 비벼 먹기에도 딱이에요 된장찌개맛 기준 단백질 고단백 충전 국내산 닭가슴살 시간 저온숙성 스팀 조리로 부드러운 식감 까지 공식몰 출시 기념 원 할인 이벤트 진행 중 닭가슴살 접시 스프볼 #햇살닭 #햇살닭후기 #햇살닭닭가슴살 #닭가슴살추천 #소스통살 #닭가슴살 #닭가슴살추천 #소스닭가슴살 #한식소스닭가슴살 #한식통살 #닭가슴살포케 #포케 #샐러드 #다이어트 #식단 #이천도자기마을 #이천도자기 #그루도자기,"[""닭가슴살"", ""포케"", ""제품제공다이어트"", ""하실"", ""한식"", ""땡기시는"", ""분들"", ""햇살닭"", ""된장찌개맛"", ""볶음김치맛"", ""닭가슴살"", ""볶음김치맛으로"", ""포케"", ""스타일"", ""그릇을"", ""상추"", ""루꼴라"", ""당근라페"", ""오이"", ""양배추"", ""파프리카에"", ""닭가슴살을"", ""올려주면"", ""든든하면서도"", ""건강한"", ""완성"", ""채소에"", ""소스가"", ""넉넉하게"", ""들어"", ""야채랑"", ""함께"", ""비벼"", ""먹기에도"", ""딱이에요"", ""된장찌개맛"", ""기준"", ""단백질"", ""고단백"", ""충전"", ""국내산"", ""닭가슴살"", ""시간"", ""저온숙성"", ""스팀"", ""조리로"", ""부드러운"", ""식감"", ""공식몰"", ""출시"", ""기념"", ""할인"", ""이벤트"", ""닭가슴살"", ""스프볼""]","[""햇살닭"", ""햇살닭후기"", ""햇살닭닭가슴살"", ""닭가슴살추천"", ""소스통살"", ""닭가슴살"", ""소스닭가슴살"", ""한식소스닭가슴살"", ""한식통살"", ""닭가슴살포케"", ""포케"", ""샐러드"", ""다이어트"", ""식단"", ""이천도자기마을"", ""이천도자기"", ""그루도자기""]","[""닭가슴살"", ""포케"", ""제품제공다이어트"", ""하실"", ""한식"", ""땡기시는"", ""분들"", ""햇살닭"", ""된장찌개맛"", ""볶음김치맛"", ""닭가슴살"", ""볶음김치맛으로"", ""포케"", ""스타일"", ""그릇을"", ""상추"", ""루꼴라"", ""당근라페"", ""오이"", ""양배추"", ""파프리카에"", ""닭가슴살을"", ""올려주면"", ""든든하면서도"", ""건강한"", ""완성"", ""채소에"", ""소스가"", ""넉넉하게"", ""들어"", ""야채랑"", ""함께"", ""비벼"", ""먹기에도"", ""딱이에요"", ""된장찌개맛"", ""기준"", ""단백질"", ""고단백"", ""충전"", ""국내산"", ""닭가슴살"", ""시간"", ""저온숙성"", ""스팀"", ""조리로"", ""부드러운"", ""식감"", ""공식몰"", ""출시"", ""기념"", ""할인"", ""이벤트"", ""닭가슴살"", ""스프볼"", ""햇살닭"", ""햇살닭후기"", ""햇살닭닭가슴살"", ""닭가슴살추천"", ""소스통살"", ""닭가슴살"", ""소스닭가슴살"", ""한식소스닭가슴살"", ""한식통살"", ""닭가슴살포케"", ""포케"", ""샐러드"", ""다이어트"", ""식단"", ""이천도자기마을"", ""이천도자기"", ""그루도자기""]"
https://www.instagram.com/p/DOdagd9E1Z5/c/18308527276222996/,#협찬 #화덕피자맛집 #핏제리아오합정지난토요 점심 냠냠언제나 다 너무너무맛있뚬도우가 진짜 쫄깃쫄깃재료가 모두 너무 신선하고 맛있어서멘날맨날 먹을수 있을거같음 히히이번에도 너무너무 맛있게 잘먹었어요감사합니다 🥰 @pizzeria_o_official,협찬;화덕피자맛집;핏제리아오합정지난토요,#협찬 #화덕피자맛집 #핏제리아오합정지난토요 점심 냠냠언제나 다 너무너무맛있뚬도우가 진짜 쫄깃쫄깃재료가 모두 너무 신선하고 맛있어서멘날맨날 먹을수 있을거같음 히히이번에도 너무너무 맛있게 잘먹었어요감사합니다,"[""점심"", ""냠냠언제나"", ""너무너무맛있뚬도우가"", ""쫄깃쫄깃재료가"", ""신선하고"", ""맛있어서멘날맨날"", ""먹을수"", ""있을거같음"", ""히히이번에도"", ""너무너무"", ""잘먹었어요감사합니다""]","[""화덕피자맛집"", ""핏제리아오합정지난토요""]","[""점심"", ""냠냠언제나"", ""너무너무맛있뚬도우가"", ""쫄깃쫄깃재료가"", ""신선하고"", ""맛있어서멘날맨날"", ""먹을수"", ""있을거같음"", ""히히이번에도"", ""너무너무"", ""잘먹었어요감사합니다"", ""화덕피자맛집"", ""핏제리아오합정지난토요""]"
https://www.instagram.com/p/DOvdP2Hj9nh/,<오늘의 저녁 집밥>✔️갈치구이갈치에 소금간하고 부침가루 좀 뭍혀 구웠더니완전 겉바속촉으로 넘 잘 구워져서 매우 만족스러워요🤍✔️감자전아 원래 감자전 엄청 잘 굽는데🥹🥹🥹오늘 약간 태워버린 감자전....주륵....하지만 맛은 있어요🤣✔️순두부찌개칼칼한 순찌🧡✔️샐러드블루베리랑 샤인머스켓 넣어서 상콤한 샐러드~✔️깍두기&무생채,,오늘의 저녁 집밥 갈치구이갈치에 소금간하고 부침가루 좀 뭍혀 구웠더니완전 겉바속촉으로 넘 잘 구워져서 매우 만족스러워요 감자전아 원래 감자전 엄청 잘 굽는데 오늘 약간 태워버린 감자전 주륵 하지만 맛은 있어요 순두부찌개칼칼한 순찌 샐러드블루베리랑 샤인머스켓 넣어서 상콤한 샐러드 깍두기 무생채,"[""저녁"", ""집밥"", ""갈치구이갈치에"", ""소금간하고"", ""부침가루"", ""뭍혀"", ""구웠더니완전"", ""겉바속촉으로"", ""구워져서"", ""만족스러워요"", ""감자전아"", ""원래"", ""감자전"", ""굽는데"", ""태워버린"", ""감자전"", ""주륵"", ""하지만"", ""순두부찌개칼칼한"", ""순찌"", ""샐러드블루베리랑"", ""샤인머스켓"", ""넣어서"", ""상콤한"", ""샐러드"", ""깍두기"", ""무생채""]","[""저녁"", ""집밥"", ""갈치구이갈치에"", ""소금간하고"", ""부침가루"", ""뭍혀"", ""구웠더니완전"", ""겉바속촉으로"", ""구워져서"", ""만족스러워요"", ""감자전아"", ""원래"", ""감자전"", ""굽는데"", ""태워버린"", ""감자전"", ""주륵"", ""하지만"", ""순두부찌개칼칼한"", ""순찌"", ""샐러드블루베리랑"", ""샤인머스켓"", ""넣어서"", ""상콤한"", ""샐러드"", ""깍두기"", ""무생채""]","[""저녁"", ""집밥"", ""갈치구이갈치에"", ""소금간하고"", ""부침가루"", ""뭍혀"", ""구웠더니완전"", ""겉바속촉으로"", ""구워져서"", ""만족스러워요"", ""감자전아"", ""원래"", ""감자전"", ""굽는데"", ""태워버린"", ""감자전"", ""주륵"", ""하지만"", ""순두부찌개칼칼한"", ""순찌"", ""샐러드블루베리랑"", ""샤인머스켓"", ""넣어서"", ""상콤한"", ""샐러드"", ""깍두기"", ""무생채"", ""저녁"", ""집밥"", ""갈치구이갈치에"", ""소금간하고"", ""부침가루"", ""뭍혀"", ""구웠더니완전"", ""겉바속촉으로"", ""구워져서"", ""만족스러워요"", ""감자전아"", ""원래"", ""감자전"", ""굽는데"", ""태워버린"", ""감자전"", ""주륵"", ""하지만"", ""순두부찌개칼칼한"", ""순찌"", ""샐러드블루베리랑"", ""샤인머스켓"", ""넣어서"", ""상콤한"", ""샐러드"", ""깍두기"", ""무생채""]"
https://www.instagram.com/p/DQIpCFtEvUf/,"⏰️ 10월 23일 (목요일) 정상영업중 입니다 🫡매주 수요일 정기 휴무 ( 브레이크타임 ❌️ )Open  11:00  Closed 22:00신선한 샐러드와 푸짐한 양으로 든든한 한끼를 즐겨보세요 🥗🚩 경기도 안양시 동안구 시민대로 131번길 101층 페어리우즈 브런치 카페 / 안양 , 범계#범계 #범계맛집 #범계역 #범계카페 #안양 #안양맛집 #파스타 #파스타맛집 #샐러드 #샐러드맛집 #카페 #카페추천 #커피 #커피맛집 #디저트 #디저트카페",범계;범계맛집;범계역;범계카페;안양;안양맛집;파스타;파스타맛집;샐러드;샐러드맛집;카페;카페추천;커피;커피맛집;디저트;디저트카페,월 일 목요일 정상영업중 입니다 매주 수요일 정기 휴무 브레이크타임 신선한 샐러드와 푸짐한 양으로 든든한 한끼를 즐겨보세요 경기도 안양시 동안구 시민대로 번길 층 페어리우즈 브런치 카페 안양 범계#범계 #범계맛집 #범계역 #범계카페 #안양 #안양맛집 #파스타 #파스타맛집 #샐러드 #샐러드맛집 #카페 #카페추천 #커피 #커피맛집 #디저트 #디저트카페,"[""목요일"", ""정상영업중"", ""매주"", ""수요일"", ""정기"", ""휴무"", ""브레이크타임"", ""신선한"", ""샐러드와"", ""푸짐한"", ""양으로"", ""든든한"", ""한끼를"", ""즐겨보세요"", ""경기도"", ""안양시"", ""동안구"", ""시민대로"", ""번길"", ""페어리우즈"", ""브런치"", ""카페"", ""안양"", ""범계""]","[""범계"", ""범계맛집"", ""범계역"", ""범계카페"", ""안양"", ""안양맛집"", ""파스타"", ""파스타맛집"", ""샐러드"", ""샐러드맛집"", ""카페"", ""카페추천"", ""커피"", ""커피맛집"", ""디저트"", ""디저트카페""]","[""목요일"", ""정상영업중"", ""매주"", ""수요일"", ""정기"", ""휴무"", ""브레이크타임"", ""신선한"", ""샐러드와"", ""푸짐한"", ""양으로"", ""든든한"", ""한끼를"", ""즐겨보세요"", ""경기도"", ""안양시"", ""동안구"", ""시민대로"", ""번길"", ""페어리우즈"", ""브런치"", ""카페"", ""안양"", ""범계"", ""범계"", ""범계맛집"", ""범계역"", ""범계카페"", ""안양"", ""안양맛집"", ""파스타"", ""파스타맛집"", ""샐러드"", ""샐러드맛집"", ""카페"", ""카페추천"", ""커피"", ""커피맛집"", ""디저트"", ""디저트카페""]"
https://www.instagram.com/p/DQDm6kFEt6l/,#아침식사샐러드는 둘찌의 픽밥은 먹여야겠다는 나의 픽의 콜라보주먹밥 하려다 계란먹이고 싶어서 급 #계란말이주먹밥김이 없어 김가루를 섞어주고깻잎 깔아서 함께 말아주면 향긋함 up‼️#단백질식단 #아침식단 #등교식사 #샐러드 #간편한아침,아침식사;계란말이주먹밥;단백질식단;아침식단;등교식사;샐러드;간편한아침,#아침식사샐러드는 둘찌의 픽밥은 먹여야겠다는 나의 픽의 콜라보주먹밥 하려다 계란먹이고 싶어서 급 #계란말이주먹밥김이 없어 김가루를 섞어주고깻잎 깔아서 함께 말아주면 향긋함 #단백질식단 #아침식단 #등교식사 #샐러드 #간편한아침,"[""둘찌의"", ""픽밥은"", ""먹여야겠다는"", ""나의"", ""픽의"", ""콜라보주먹밥"", ""하려다"", ""계란먹이고"", ""싶어서"", ""없어"", ""김가루를"", ""섞어주고깻잎"", ""깔아서"", ""함께"", ""말아주면"", ""향긋함""]","[""아침식사"", ""계란말이주먹밥"", ""단백질식단"", ""아침식단"", ""등교식사"", ""샐러드"", ""간편한아침""]","[""둘찌의"", ""픽밥은"", ""먹여야겠다는"", ""나의"", ""픽의"", ""콜라보주먹밥"", ""하려다"", ""계란먹이고"", ""싶어서"", ""없어"", ""김가루를"", ""섞어주고깻잎"", ""깔아서"", ""함께"", ""말아주면"", ""향긋함"", ""아침식사"", ""계란말이주먹밥"", ""단백질식단"", ""아침식단"", ""등교식사"", ""샐러드"", ""간편한아침""]"
https://www.instagram.com/p/DQGQW0HE3ey/,감자그린빈샐러드감자2개잘라서 끓는물에 5분삶고 1분전에 그린빈 넣기 찬물에 헹궈놓구 올리브유3.레몬즙1.홀그레인머스터드1/2.소금.후추파슬리.올리브있음 다져넣고 양파다져넣구 소스완성근사한 요리가 됨^^그린빈은 마켓컬리에 유기농그린빈냉동제품여기저기 넣어서 쓰시기좋아요~#감자그린빈샐러드#야채과일식#야채과일식도시락 #건강식#건강도시락#점심도시락#샐러드#샐러드도시락,감자그린빈샐러드;야채과일식;야채과일식도시락;건강식;건강도시락;점심도시락;샐러드;샐러드도시락,감자그린빈샐러드감자 개잘라서 끓는물에 분삶고 분전에 그린빈 넣기 찬물에 헹궈놓구 올리브유 레몬즙 홀그레인머스터드 소금 후추파슬리 올리브있음 다져넣고 양파다져넣구 소스완성근사한 요리가 됨 그린빈은 마켓컬리에 유기농그린빈냉동제품여기저기 넣어서 쓰시기좋아요 #감자그린빈샐러드#야채과일식#야채과일식도시락 #건강식#건강도시락#점심도시락#샐러드#샐러드도시락,"[""감자그린빈샐러드감자"", ""개잘라서"", ""끓는물에"", ""분삶고"", ""분전에"", ""그린빈"", ""넣기"", ""찬물에"", ""헹궈놓구"", ""올리브유"", ""레몬즙"", ""홀그레인머스터드"", ""소금"", ""후추파슬리"", ""올리브있음"", ""다져넣고"", ""양파다져넣구"", ""소스완성근사한"", ""요리가"", ""그린빈은"", ""마켓컬리에"", ""유기농그린빈냉동제품여기저기"", ""넣어서"", ""쓰시기좋아요""]","[""감자그린빈샐러드"", ""야채과일식"", ""야채과일식도시락"", ""건강식"", ""건강도시락"", ""점심도시락"", ""샐러드"", ""샐러드도시락""]","[""감자그린빈샐러드감자"", ""개잘라서"", ""끓는물에"", ""분삶고"", ""분전에"", ""그린빈"", ""넣기"", ""찬물에"", ""헹궈놓구"", ""올리브유"", ""레몬즙"", ""홀그레인머스터드"", ""소금"", ""후추파슬리"", ""올리브있음"", ""다져넣고"", ""양파다져넣구"", ""소스완성근사한"", ""요리가"", ""그린빈은"", ""마켓컬리에"", ""유기농그린빈냉동제품여기저기"", ""넣어서"", ""쓰시기좋아요"", ""감자그린빈샐러드"", ""야채과일식"", ""야채과일식도시락"", ""건강식"", ""건강도시락"", ""점심도시락"", ""샐러드"", ""샐러드도시락""]"
https://www.instagram.com/p/DQEfPoHk90o/,#샐러드 #먹스타그램 #일상 #맛스타그램 #다이어트 #파스타 #salad #맛집 #소통 #daily #다이어트식단 #샌드위치,샐러드;먹스타그램;일상;맛스타그램;다이어트;파스타;salad;맛집;소통;daily;다이어트식단;샌드위치,#샐러드 #먹스타그램 #일상 #맛스타그램 #다이어트 #파스타 # #맛집 #소통 # #다이어트식단 #샌드위치,[],"[""샐러드"", ""먹스타그램"", ""일상"", ""맛스타그램"", ""다이어트"", ""파스타"", ""맛집"", ""소통"", ""다이어트식단"", ""샌드위치""]","[""샐러드"", ""먹스타그램"", ""일상"", ""맛스타그램"", ""다이어트"", ""파스타"", ""맛집"", ""소통"", ""다이어트식단"", ""샌드위치""]"
https://www.instagram.com/p/DQFvUP0kxbE/,"> 달리는커피 장산역점 <매일 open 8:00 ~ last order 20:00- 매일 손질한 야채- 주문 즉시 조리- 실속 있는 양, 합리적인 가격단체주문, 예약주문 가능합니다:)051.704.6834#해운대 #장산역맛집 #카페 #샌드위치 #sandwich #샐러드 #salad #라이스볼 #ricebowl #다이어트 #단체주문 #단체주문환영🙆🏻‍♀️🙆🏻🙆🏻‍♂️",해운대;장산역맛집;카페;샌드위치;sandwich;샐러드;salad;라이스볼;ricebowl;다이어트;단체주문;단체주문환영🙆🏻,달리는커피 장산역점 매일 매일 손질한 야채 주문 즉시 조리 실속 있는 양 합리적인 가격단체주문 예약주문 가능합니다 #해운대 #장산역맛집 #카페 #샌드위치 # #샐러드 # #라이스볼 # #다이어트 #단체주문 #단체주문환영,"[""달리는커피"", ""장산역점"", ""매일"", ""매일"", ""손질한"", ""야채"", ""주문"", ""즉시"", ""조리"", ""실속"", ""합리적인"", ""가격단체주문"", ""예약주문""]","[""해운대"", ""장산역맛집"", ""카페"", ""샌드위치"", ""샐러드"", ""라이스볼"", ""다이어트"", ""단체주문환영""]","[""달리는커피"", ""장산역점"", ""매일"", ""매일"", ""손질한"", ""야채"", ""주문"", ""즉시"", ""조리"", ""실속"", ""합리적인"", ""가격단체주문"", ""예약주문"", ""해운대"", ""장산역맛집"", ""카페"", ""샌드위치"", ""샐러드"", ""라이스볼"", ""다이어트"", ""단체주문환영""]"
https://www.instagram.com/p/DPiYSmfEhow/,"..맛있는것,,..#82올리언즈 #샐러드",82올리언즈;샐러드,맛있는것 # 올리언즈 #샐러드,"[""맛있는것"", ""올리언즈""]","[""올리언즈"", ""샐러드""]","[""맛있는것"", ""올리언즈"", ""올리언즈"", ""샐러드""]"
https://www.instagram.com/p/DQGR6MfAQFu/,#또띠아월남쌈샐러드 .6시 마감때까지 있게끔넉넉하게 준비했어요 천천히 방문주세요 .별미중에 별미 #샐러드 에요😋😋..#촌스마마_화_수_목_금_낮12시오픈입니다#촌스마마 #핸드메이드 #많이달지않은마카롱 #쫀득한마카롱#좋은재료와정성은진리다 #마카롱 #샐러드 #샌드위치 #마카롱맛집 #샌드위치맛집 #샐러드맛집 #곡성 #남원 #순천 #광주 #곡성뚝방마켓 #곡성마카롱,또띠아월남쌈샐러드;샐러드;촌스마마_화_수_목_금_낮12시오픈입니다;촌스마마;핸드메이드;많이달지않은마카롱;쫀득한마카롱;좋은재료와정성은진리다;마카롱;샌드위치;마카롱맛집;샌드위치맛집;샐러드맛집;곡성;남원;순천;광주;곡성뚝방마켓;곡성마카롱,#또띠아월남쌈샐러드 시 마감때까지 있게끔넉넉하게 준비했어요 천천히 방문주세요 별미중에 별미 #샐러드 에요 #촌스마마 화 수 목 금 낮 시오픈입니다#촌스마마 #핸드메이드 #많이달지않은마카롱 #쫀득한마카롱#좋은재료와정성은진리다 #마카롱 #샐러드 #샌드위치 #마카롱맛집 #샌드위치맛집 #샐러드맛집 #곡성 #남원 #순천 #광주 #곡성뚝방마켓 #곡성마카롱,"[""마감때까지"", ""있게끔넉넉하게"", ""준비했어요"", ""천천히"", ""방문주세요"", ""별미중에"", ""별미"", ""에요""]","[""또띠아월남쌈샐러드"", ""샐러드"", ""촌스마마"", ""촌스마마"", ""핸드메이드"", ""많이달지않은마카롱"", ""쫀득한마카롱"", ""좋은재료와정성은진리다"", ""마카롱"", ""샌드위치"", ""마카롱맛집"", ""샌드위치맛집"", ""샐러드맛집"", ""곡성"", ""남원"", ""순천"", ""광주""]","[""마감때까지"", ""있게끔넉넉하게"", ""준비했어요"", ""천천히"", ""방문주세요"", ""별미중에"", ""별미"", ""에요"", ""또띠아월남쌈샐러드"", ""샐러드"", ""촌스마마"", ""촌스마마"", ""핸드메이드"", ""많이달지않은마카롱"", ""쫀득한마카롱"", ""좋은재료와정성은진리다"", ""마카롱"", ""샌드위치"", ""마카롱맛집"", ""샌드위치맛집"", ""샐러드맛집"", ""곡성"", ""남원"", ""순천"", ""광주""]"
https://www.instagram.com/p/DQJHnpzkzyT/,20251023 목요일 냠냠이들오늘은 세련된 반찬들을 만들어봤어요. 샐러드의 버섯은 발사믹으로 졸였구요.꼬막비빔밥에 표고튀겨서 강정해봤구요야미야미 연어 스테이크에 도라지 초무침에 부드러운 동태전까지 오늘은 반찬 사들고 부모님댁에 가셔서 같이 드셔보세요 좋아하실겁니다. 국과 짜글이도 있으니 오셔서 더 골라가세요^^그외에도 국 김치 마른반찬 나물 김밥 주먹밥 샐러드등 여러가지 있어요.그외에도 국 김치 마른반찬 나물 김밥 주먹밥 샐러드등 여러가지 있어요.#냠냠테이블갈마점#냠냠테이블세종점#오늘은뭐먹지?#조미료×#집밥#엄마반찬#갈마동반찬#괴정동반찬#둔산자이#경성큰마을#배민#대전반찬,냠냠테이블갈마점;냠냠테이블세종점;오늘은뭐먹지;조미료;집밥;엄마반찬;갈마동반찬;괴정동반찬;둔산자이;경성큰마을;배민;대전반찬,목요일 냠냠이들오늘은 세련된 반찬들을 만들어봤어요 샐러드의 버섯은 발사믹으로 졸였구요 꼬막비빔밥에 표고튀겨서 강정해봤구요야미야미 연어 스테이크에 도라지 초무침에 부드러운 동태전까지 오늘은 반찬 사들고 부모님댁에 가셔서 같이 드셔보세요 좋아하실겁니다 국과 짜글이도 있으니 오셔서 더 골라가세요 그외에도 국 김치 마른반찬 나물 김밥 주먹밥 샐러드등 여러가지 있어요 그외에도 국 김치 마른반찬 나물 김밥 주먹밥 샐러드등 여러가지 있어요 #냠냠테이블갈마점#냠냠테이블세종점#오늘은뭐먹지 #조미료 #집밥#엄마반찬#갈마동반찬#괴정동반찬#둔산자이#경성큰마을#배민#대전반찬,"[""목요일"", ""냠냠이들오늘은"", ""세련된"", ""반찬들을"", ""샐러드의"", ""버섯은"", ""발사믹으로"", ""졸였구요"", ""꼬막비빔밥에"", ""표고튀겨서"", ""강정해봤구요야미야미"", ""연어"", ""스테이크에"", ""도라지"", ""초무침에"", ""부드러운"", ""동태전까지"", ""반찬"", ""사들고"", ""부모님댁에"", ""가셔서"", ""좋아하실겁니다"", ""국과"", ""짜글이도"", ""오셔서"", ""골라가세요"", ""그외에도"", ""김치"", ""마른반찬"", ""나물"", ""김밥"", ""주먹밥"", ""샐러드등"", ""여러가지"", ""그외에도"", ""김치"", ""마른반찬"", ""나물"", ""김밥"", ""주먹밥"", ""샐러드등"", ""여러가지""]","[""냠냠테이블갈마점"", ""냠냠테이블세종점"", ""오늘은뭐먹지"", ""조미료"", ""집밥"", ""엄마반찬"", ""갈마동반찬"", ""괴정동반찬"", ""둔산자이"", ""경성큰마을"", ""배민"", ""대전반찬""]","[""목요일"", ""냠냠이들오늘은"", ""세련된"", ""반찬들을"", ""샐러드의"", ""버섯은"", ""발사믹으로"", ""졸였구요"", ""꼬막비빔밥에"", ""표고튀겨서"", ""강정해봤구요야미야미"", ""연어"", ""스테이크에"", ""도라지"", ""초무침에"", ""부드러운"", ""동태전까지"", ""반찬"", ""사들고"", ""부모님댁에"", ""가셔서"", ""좋아하실겁니다"", ""국과"", ""짜글이도"", ""오셔서"", ""골라가세요"", ""그외에도"", ""김치"", ""마른반찬"", ""나물"", ""김밥"", ""주먹밥"", ""샐러드등"", ""여러가지"", ""그외에도"", ""김치"", ""마른반찬"", ""나물"", ""김밥"", ""주먹밥"", ""샐러드등"", ""여러가지"", ""냠냠테이블갈마점"", ""냠냠테이블세종점"", ""오늘은뭐먹지"", ""조미료"", ""집밥"", ""엄마반찬"", ""갈마동반찬"", ""괴정동반찬"", ""둔산자이"", ""경성큰마을"", ""배민"", ""대전반찬""]"
https://www.instagram.com/p/DQIesM9krfg/,#오늘의김남매(251023)Open : 11am - 6pm🌞페퍼로니에그마요 샌드위치를 이렇게 오픈형으로도 드셔보세요!친구분들하고 나눠드시기도 너무 좋아요☺️🤎Fresh happiness🤎🥗🥪🍲🍙💚LovePeaceMusic#송파카페#석촌카페#송파브런치#브런치맛집#잠실브런치#석촌브런치#송파맛집#석촌맛집#잠실맛집#송파#석촌#잠실#송파데이트#송파동 #샐러드#샌드위치#다이어트#식단#오늘뭐먹지#한끼#혼밥#혼술#베들링턴테리어#잠실데이트#잠실브런치#석촌브런치#송파역브런치#석촌역브런치#베들링턴테리어,오늘의김남매;송파카페;석촌카페;송파브런치;브런치맛집;잠실브런치;석촌브런치;송파맛집;석촌맛집;잠실맛집;송파;석촌;잠실;송파데이트;송파동;샐러드;샌드위치;다이어트;식단;오늘뭐먹지;한끼;혼밥;혼술;베들링턴테리어;잠실데이트;송파역브런치;석촌역브런치,#오늘의김남매 페퍼로니에그마요 샌드위치를 이렇게 오픈형으로도 드셔보세요 친구분들하고 나눠드시기도 너무 좋아요 #송파카페#석촌카페#송파브런치#브런치맛집#잠실브런치#석촌브런치#송파맛집#석촌맛집#잠실맛집#송파#석촌#잠실#송파데이트#송파동 #샐러드#샌드위치#다이어트#식단#오늘뭐먹지#한끼#혼밥#혼술#베들링턴테리어#잠실데이트#잠실브런치#석촌브런치#송파역브런치#석촌역브런치#베들링턴테리어,"[""페퍼로니에그마요"", ""샌드위치를"", ""오픈형으로도"", ""친구분들하고"", ""나눠드시기도""]","[""오늘의김남매"", ""송파카페"", ""석촌카페"", ""송파브런치"", ""브런치맛집"", ""잠실브런치"", ""석촌브런치"", ""송파맛집"", ""석촌맛집"", ""잠실맛집"", ""송파"", ""석촌"", ""잠실"", ""송파데이트"", ""송파동"", ""샐러드"", ""샌드위치"", ""다이어트"", ""식단"", ""오늘뭐먹지"", ""한끼"", ""혼밥"", ""혼술"", ""베들링턴테리어"", ""잠실데이트"", ""송파역브런치"", ""석촌역브런치""]","[""페퍼로니에그마요"", ""샌드위치를"", ""오픈형으로도"", ""친구분들하고"", ""나눠드시기도"", ""오늘의김남매"", ""송파카페"", ""석촌카페"", ""송파브런치"", ""브런치맛집"", ""잠실브런치"", ""석촌브런치"", ""송파맛집"", ""석촌맛집"", ""잠실맛집"", ""송파"", ""석촌"", ""잠실"", ""송파데이트"", ""송파동"", ""샐러드"", ""샌드위치"", ""다이어트"", ""식단"", ""오늘뭐먹지"", ""한끼"", ""혼밥"", ""혼술"", ""베들링턴테리어"", ""잠실데이트"", ""송파역브런치"", ""석촌역브런치""]"
https://www.instagram.com/p/DQEU-LpEjYy/,이든 카페 샐러드 & 샌드위치#김해 #내외동#서광아파트#이든카페 #샐러드#샌드위치 #배민#먹깨비#쿠팡이츠,김해;내외동;서광아파트;이든카페;샐러드;샌드위치;배민;먹깨비;쿠팡이츠,이든 카페 샐러드 샌드위치#김해 #내외동#서광아파트#이든카페 #샐러드#샌드위치 #배민#먹깨비#쿠팡이츠,"[""이든"", ""카페"", ""샐러드"", ""샌드위치""]","[""김해"", ""내외동"", ""서광아파트"", ""이든카페"", ""샐러드"", ""샌드위치"", ""배민"", ""먹깨비"", ""쿠팡이츠""]","[""이든"", ""카페"", ""샐러드"", ""샌드위치"", ""김해"", ""내외동"", ""서광아파트"", ""이든카페"", ""샐러드"", ""샌드위치"", ""배민"", ""먹깨비"", ""쿠팡이츠""]"
https://www.instagram.com/p/DQIrqRSkQHP/,든든하게 한끼 할수있는 샐러드로! 오늘도 찾아가는 밥아조씨입니다라이트한 식사와 건강한 식단을찾고있는 분들도 선택할수있는 밥아조씨 샐러드!다양한 구성과 매일 다른 구성으로샐러드를 준비합니다!직접고른 식재료들로맛을 담고 정성을 담아서당일 준비해서 무료배송하는밥아조씨!!한끼 메뉴고민없이 하루의행복한 식사를 함께해보세요!#전주#전주도시락#도시락맛집#샐러드#샐러드맛집#전주샐러드#샐러드도시락#전주직장인#직장인#전주도시락맛집#덮밥#전주샐러드추천,전주;전주도시락;도시락맛집;샐러드;샐러드맛집;전주샐러드;샐러드도시락;전주직장인;직장인;전주도시락맛집;덮밥;전주샐러드추천,든든하게 한끼 할수있는 샐러드로 오늘도 찾아가는 밥아조씨입니다라이트한 식사와 건강한 식단을찾고있는 분들도 선택할수있는 밥아조씨 샐러드 다양한 구성과 매일 다른 구성으로샐러드를 준비합니다 직접고른 식재료들로맛을 담고 정성을 담아서당일 준비해서 무료배송하는밥아조씨 한끼 메뉴고민없이 하루의행복한 식사를 함께해보세요 #전주#전주도시락#도시락맛집#샐러드#샐러드맛집#전주샐러드#샐러드도시락#전주직장인#직장인#전주도시락맛집#덮밥#전주샐러드추천,"[""든든하게"", ""한끼"", ""할수있는"", ""샐러드로"", ""찾아가는"", ""밥아조씨입니다라이트한"", ""식사와"", ""건강한"", ""식단을찾고있는"", ""분들도"", ""선택할수있는"", ""밥아조씨"", ""샐러드"", ""다양한"", ""구성과"", ""매일"", ""구성으로샐러드를"", ""준비합니다"", ""직접고른"", ""식재료들로맛을"", ""담고"", ""정성을"", ""담아서당일"", ""준비해서"", ""무료배송하는밥아조씨"", ""한끼"", ""메뉴고민없이"", ""하루의행복한"", ""함께해보세요""]","[""전주"", ""전주도시락"", ""도시락맛집"", ""샐러드"", ""샐러드맛집"", ""전주샐러드"", ""샐러드도시락"", ""전주직장인"", ""직장인"", ""전주도시락맛집"", ""덮밥"", ""전주샐러드추천""]","[""든든하게"", ""한끼"", ""할수있는"", ""샐러드로"", ""찾아가는"", ""밥아조씨입니다라이트한"", ""식사와"", ""건강한"", ""식단을찾고있는"", ""분들도"", ""선택할수있는"", ""밥아조씨"", ""샐러드"", ""다양한"", ""구성과"", ""매일"", ""구성으로샐러드를"", ""준비합니다"", ""직접고른"", ""식재료들로맛을"", ""담고"", ""정성을"", ""담아서당일"", ""준비해서"", ""무료배송하는밥아조씨"", ""한끼"", ""메뉴고민없이"", ""하루의행복한"", ""함께해보세요"", ""전주"", ""전주도시락"", ""도시락맛집"", ""샐러드"", ""샐러드맛집"", ""전주샐러드"", ""샐러드도시락"", ""전주직장인"", ""직장인"", ""전주도시락맛집"", ""덮밥"", ""전주샐러드추천""]"
https://www.instagram.com/p/DPfWHBQkn68/,"불고기 분짜🥗명절에 불고기 먹고 남은 거 많으시죠?저 역시 그래서 남은 불고기로 초간단 분짜를 만들었어요✨레시피는 간단해요!불고기는 그대로 드셔도 되고 멸치액젓, 다진마늘 조금 더 추가해서 볶아주셔도 좋아요😋찍어 먹는 느억맘 소스는 유튜브에 홍석천님이 알려주신 레시피가 있길래 그대로 만들었어요.🔖느억맘 소스[설탕 3, 피시소스 3, 물 한컵 반, 식초 2.5, 레몬즙]여기에 당근 조금 잘라 넣고, 매콤한 게 좋으시면 청양고추 추가해도 좋습니다!면은 두유면으로 간단하게 준비했고샐러드 야채 가득가득 넣어 같이 먹었습니당💚명절 음식 질릴 때 상큼하게 먹기 너무 좋은 메뉴예요🧡",,불고기 분짜 명절에 불고기 먹고 남은 거 많으시죠 저 역시 그래서 남은 불고기로 초간단 분짜를 만들었어요 레시피는 간단해요 불고기는 그대로 드셔도 되고 멸치액젓 다진마늘 조금 더 추가해서 볶아주셔도 좋아요 찍어 먹는 느억맘 소스는 유튜브에 홍석천님이 알려주신 레시피가 있길래 그대로 만들었어요 느억맘 소스 설탕 피시소스 물 한컵 반 식초 레몬즙 여기에 당근 조금 잘라 넣고 매콤한 게 좋으시면 청양고추 추가해도 좋습니다 면은 두유면으로 간단하게 준비했고샐러드 야채 가득가득 넣어 같이 먹었습니당 명절 음식 질릴 때 상큼하게 먹기 너무 좋은 메뉴예요,"[""불고기"", ""분짜"", ""명절에"", ""불고기"", ""많으시죠"", ""불고기로"", ""초간단"", ""분짜를"", ""만들었어요"", ""레시피는"", ""간단해요"", ""불고기는"", ""드셔도"", ""멸치액젓"", ""다진마늘"", ""추가해서"", ""볶아주셔도"", ""찍어"", ""느억맘"", ""유튜브에"", ""홍석천님이"", ""알려주신"", ""레시피가"", ""있길래"", ""만들었어요"", ""느억맘"", ""소스"", ""설탕"", ""피시소스"", ""한컵"", ""식초"", ""레몬즙"", ""여기에"", ""당근"", ""매콤한"", ""좋으시면"", ""청양고추"", ""추가해도"", ""좋습니다"", ""면은"", ""두유면으로"", ""준비했고샐러드"", ""야채"", ""가득가득"", ""먹었습니당"", ""명절"", ""질릴"", ""상큼하게"", ""먹기"", ""메뉴예요""]","[""불고기"", ""분짜"", ""명절에"", ""불고기"", ""많으시죠"", ""불고기로"", ""초간단"", ""분짜를"", ""만들었어요"", ""레시피는"", ""간단해요"", ""불고기는"", ""드셔도"", ""멸치액젓"", ""다진마늘"", ""추가해서"", ""볶아주셔도"", ""찍어"", ""느억맘"", ""유튜브에"", ""홍석천님이"", ""알려주신"", ""레시피가"", ""있길래"", ""만들었어요"", ""느억맘"", ""소스"", ""설탕"", ""피시소스"", ""한컵"", ""식초"", ""레몬즙"", ""여기에"", ""당근"", ""매콤한"", ""좋으시면"", ""청양고추"", ""추가해도"", ""좋습니다"", ""면은"", ""두유면으로"", ""준비했고샐러드"", ""야채"", ""가득가득"", ""먹었습니당"", ""명절"", ""질릴"", ""상큼하게"", ""먹기"", ""메뉴예요""]","[""불고기"", ""분짜"", ""명절에"", ""불고기"", ""많으시죠"", ""불고기로"", ""초간단"", ""분짜를"", ""만들었어요"", ""레시피는"", ""간단해요"", ""불고기는"", ""드셔도"", ""멸치액젓"", ""다진마늘"", ""추가해서"", ""볶아주셔도"", ""찍어"", ""느억맘"", ""유튜브에"", ""홍석천님이"", ""알려주신"", ""레시피가"", ""있길래"", ""만들었어요"", ""느억맘"", ""소스"", ""설탕"", ""피시소스"", ""한컵"", ""식초"", ""레몬즙"", ""여기에"", ""당근"", ""매콤한"", ""좋으시면"", ""청양고추"", ""추가해도"", ""좋습니다"", ""면은"", ""두유면으로"", ""준비했고샐러드"", ""야채"", ""가득가득"", ""먹었습니당"", ""명절"", ""질릴"", ""상큼하게"", ""먹기"", ""메뉴예요"", ""불고기"", ""분짜"", ""명절에"", ""불고기"", ""많으시죠"", ""불고기로"", ""초간단"", ""분짜를"", ""만들었어요"", ""레시피는"", ""간단해요"", ""불고기는"", ""드셔도"", ""멸치액젓"", ""다진마늘"", ""추가해서"", ""볶아주셔도"", ""찍어"", ""느억맘"", ""유튜브에"", ""홍석천님이"", ""알려주신"", ""레시피가"", ""있길래"", ""만들었어요"", ""느억맘"", ""소스"", ""설탕"", ""피시소스"", ""한컵"", ""식초"", ""레몬즙"", ""여기에"", ""당근"", ""매콤한"", ""좋으시면"", ""청양고추"", ""추가해도"", ""좋습니다"", ""면은"", ""두유면으로"", ""준비했고샐러드"", ""야채"", ""가득가득"", ""먹었습니당"", ""명절"", ""질릴"", ""상큼하게"", ""먹기"", ""메뉴예요""]"
https://www.instagram.com/p/DL6y3jwSuS-/c/17970401699874647/,2025.7.10 목요일 오전 단체주문오늘도 단체주문 감사합니다~ 😄휴무날 오전에 배송완료까지 하고 휴무!!목요일 휴무에도 예약주시면 배송해드립니다 ~!!부담없이 문의주세요 ~☎️ 031-403-4818#달리는커피 #달커와동점 #안산와동 #와동카페 #안산카페 #커피맛집 #안산맛집 #버블티 #샐러드 #커피 #샌드위치 #토스트 #다이어트 #다이어터 #배달카페 #카페 #안산와동점 #디저트 #브런치 #단체주문 #예약주문 #목요일휴무 #라이스볼 #라볼 #포케 #현미밥 #땡겨요 #배달특급,달리는커피;달커와동점;안산와동;와동카페;안산카페;커피맛집;안산맛집;버블티;샐러드;커피;샌드위치;토스트;다이어트;다이어터;배달카페;카페;안산와동점;디저트;브런치;단체주문;예약주문;목요일휴무;라이스볼;라볼;포케;현미밥;땡겨요;배달특급,목요일 오전 단체주문오늘도 단체주문 감사합니다 휴무날 오전에 배송완료까지 하고 휴무 목요일 휴무에도 예약주시면 배송해드립니다 부담없이 문의주세요 #달리는커피 #달커와동점 #안산와동 #와동카페 #안산카페 #커피맛집 #안산맛집 #버블티 #샐러드 #커피 #샌드위치 #토스트 #다이어트 #다이어터 #배달카페 #카페 #안산와동점 #디저트 #브런치 #단체주문 #예약주문 #목요일휴무 #라이스볼 #라볼 #포케 #현미밥 #땡겨요 #배달특급,"[""목요일"", ""오전"", ""단체주문오늘도"", ""휴무날"", ""오전에"", ""배송완료까지"", ""휴무"", ""목요일"", ""휴무에도"", ""예약주시면"", ""배송해드립니다"", ""부담없이""]","[""달리는커피"", ""달커와동점"", ""안산와동"", ""와동카페"", ""안산카페"", ""커피맛집"", ""안산맛집"", ""버블티"", ""샐러드"", ""커피"", ""샌드위치"", ""토스트"", ""다이어트"", ""다이어터"", ""배달카페"", ""카페"", ""안산와동점"", ""디저트"", ""브런치"", ""예약주문"", ""목요일휴무"", ""라이스볼"", ""라볼"", ""포케"", ""현미밥"", ""땡겨요"", ""배달특급""]","[""목요일"", ""오전"", ""단체주문오늘도"", ""휴무날"", ""오전에"", ""배송완료까지"", ""휴무"", ""목요일"", ""휴무에도"", ""예약주시면"", ""배송해드립니다"", ""부담없이"", ""달리는커피"", ""달커와동점"", ""안산와동"", ""와동카페"", ""안산카페"", ""커피맛집"", ""안산맛집"", ""버블티"", ""샐러드"", ""커피"", ""샌드위치"", ""토스트"", ""다이어트"", ""다이어터"", ""배달카페"", ""카페"", ""안산와동점"", ""디저트"", ""브런치"", ""예약주문"", ""목요일휴무"", ""라이스볼"", ""라볼"", ""포케"", ""현미밥"", ""땡겨요"", ""배달특급""]"
https://www.instagram.com/p/DJIk3xrTYo5/,"5월02일  금요일.임시 휴무죠샌드위치샐러드여주점 여주죠샌드위치감사합니다.메뉴에 없는 구성도 예산에 맞춰일정에 맞춰 구성해서 단체 주문 가능합니다.문의주세요. 031-881-0107죠샌드위치 여주점경기 여주시 세종로 389, 1층https://naver.me/xmrHCQLY #죠샌드위치샐러드여주점 이 있습니다.#단체주문 문의환영 3,800원부터 구성변경 #여주맛집 여주행사간식 단체간식 학교간식 학원간식 교회간식 체육대회간식 행사간식 031-881-0107구성, 가격 최대한 맞춰원하시는 시간 배달 해드립니다. 지드림카드 여주사랑카드#샌드위치 #샐러드 음료 무료배달 치아바타 빠네디까사1.배달의민족 무료배달 최소주문 15,000원https://baemin.me/MEXGVIRmq2.요기요 배달비 5,000원최소주문 8,300원(할인쿠폰제공 ~5,000)https://yogiyo.onelink.me/BlI7/643hdoss3.배달특급 배달비 2,200원~최소주문 12,000원(지역화폐, 여주사랑카드, #지드림카드, #G드림카드 )",죠샌드위치샐러드여주점;단체주문;여주맛집;샌드위치;샐러드;지드림카드;G드림카드,월 일 금요일 임시 휴무죠샌드위치샐러드여주점 여주죠샌드위치감사합니다 메뉴에 없는 구성도 예산에 맞춰일정에 맞춰 구성해서 단체 주문 가능합니다 문의주세요 죠샌드위치 여주점경기 여주시 세종로 층 #죠샌드위치샐러드여주점 이 있습니다 #단체주문 문의환영 원부터 구성변경 #여주맛집 여주행사간식 단체간식 학교간식 학원간식 교회간식 체육대회간식 행사간식 구성 가격 최대한 맞춰원하시는 시간 배달 해드립니다 지드림카드 여주사랑카드#샌드위치 #샐러드 음료 무료배달 치아바타 빠네디까사 배달의민족 무료배달 최소주문 원 배달비 원최소주문 원 할인쿠폰제공 배달비 원 최소주문 원 지역화폐 여주사랑카드 #지드림카드 # 드림카드,"[""임시"", ""휴무죠샌드위치샐러드여주점"", ""여주죠샌드위치감사합니다"", ""메뉴에"", ""구성도"", ""예산에"", ""맞춰일정에"", ""구성해서"", ""주문"", ""죠샌드위치"", ""여주점경기"", ""여주시"", ""세종로"", ""문의환영"", ""원부터"", ""구성변경"", ""여주행사간식"", ""단체간식"", ""학교간식"", ""학원간식"", ""교회간식"", ""체육대회간식"", ""행사간식"", ""구성"", ""맞춰원하시는"", ""시간"", ""배달"", ""해드립니다"", ""지드림카드"", ""음료"", ""무료배달"", ""치아바타"", ""빠네디까사"", ""배달의민족"", ""무료배달"", ""배달비"", ""원최소주문"", ""할인쿠폰제공"", ""배달비"", ""지역화폐"", ""드림카드""]","[""죠샌드위치샐러드여주점"", ""여주맛집"", ""샌드위치"", ""샐러드"", ""지드림카드"", ""드림카드""]","[""임시"", ""휴무죠샌드위치샐러드여주점"", ""여주죠샌드위치감사합니다"", ""메뉴에"", ""구성도"", ""예산에"", ""맞춰일정에"", ""구성해서"", ""주문"", ""죠샌드위치"", ""여주점경기"", ""여주시"", ""세종로"", ""문의환영"", ""원부터"", ""구성변경"", ""여주행사간식"", ""단체간식"", ""학교간식"", ""학원간식"", ""교회간식"", ""체육대회간식"", ""행사간식"", ""구성"", ""맞춰원하시는"", ""시간"", ""배달"", ""해드립니다"", ""지드림카드"", ""음료"", ""무료배달"", ""치아바타"", ""빠네디까사"", ""배달의민족"", ""무료배달"", ""배달비"", ""원최소주문"", ""할인쿠폰제공"", ""배달비"", ""지역화폐"", ""드림카드"", ""죠샌드위치샐러드여주점"", ""여주맛집"", ""샌드위치"", ""샐러드"", ""지드림카드"", ""드림카드""]"
https://www.instagram.com/p/DPx48KPE3t2/c/18532149178031606/,"기존 한살림 농충사과식초가 너무 무거웠지 ㅋ 일반 발사믹보다 덜 시고 향기로운 달콤, 한살림답지 않은 되게 장식적인 유리병 패키지로 수입 고급 발사믹등과 경쟁력 있어! 모든 샐러드에 오일 없이 쪼로록 흘리면 매우 많은 채소를 먹을 수 있는 쉬운 방법 #자연식물식 #비건 #채식 #채식밥상 #샐러드 #저속노화식단 #한살림 #사과라이트발사믹 #채소많이먹기",자연식물식;비건;채식;채식밥상;샐러드;저속노화식단;한살림;사과라이트발사믹;채소많이먹기,기존 한살림 농충사과식초가 너무 무거웠지 ㅋ 일반 발사믹보다 덜 시고 향기로운 달콤 한살림답지 않은 되게 장식적인 유리병 패키지로 수입 고급 발사믹등과 경쟁력 있어 모든 샐러드에 오일 없이 쪼로록 흘리면 매우 많은 채소를 먹을 수 있는 쉬운 방법 #자연식물식 #비건 #채식 #채식밥상 #샐러드 #저속노화식단 #한살림 #사과라이트발사믹 #채소많이먹기,"[""한살림"", ""농충사과식초가"", ""무거웠지"", ""일반"", ""발사믹보다"", ""시고"", ""향기로운"", ""달콤"", ""한살림답지"", ""되게"", ""장식적인"", ""유리병"", ""패키지로"", ""수입"", ""고급"", ""발사믹등과"", ""경쟁력"", ""샐러드에"", ""오일"", ""쪼로록"", ""흘리면"", ""채소를"", ""쉬운"", ""방법""]","[""자연식물식"", ""비건"", ""채식"", ""채식밥상"", ""샐러드"", ""저속노화식단"", ""한살림"", ""사과라이트발사믹"", ""채소많이먹기""]","[""한살림"", ""농충사과식초가"", ""무거웠지"", ""일반"", ""발사믹보다"", ""시고"", ""향기로운"", ""달콤"", ""한살림답지"", ""되게"", ""장식적인"", ""유리병"", ""패키지로"", ""수입"", ""고급"", ""발사믹등과"", ""경쟁력"", ""샐러드에"", ""오일"", ""쪼로록"", ""흘리면"", ""채소를"", ""쉬운"", ""방법"", ""자연식물식"", ""비건"", ""채식"", ""채식밥상"", ""샐러드"", ""저속노화식단"", ""한살림"", ""사과라이트발사믹"", ""채소많이먹기""]"
https://www.instagram.com/p/DPyGHcLDqpA/,<10월 14일 당일 생산 오후 재고>연어 다량수비드 다량쉬림프 품절잠봉 품절핫치킨 품절슬라이스 2하루전 전화 예약시 10프로 할인 진행 중입니다~♡0507-1493-7960아래칸은 하루전 제품 10프로 할인 판매 중입니다~!!#용산맛집 #용산샐러드 #용산샐러드맛집 #도시락 #건강샐러드 #24시식당 #용산역맛집 #샐러드,용산맛집;용산샐러드;용산샐러드맛집;도시락;건강샐러드;24시식당;용산역맛집;샐러드,월 일 당일 생산 오후 재고 연어 다량수비드 다량쉬림프 품절잠봉 품절핫치킨 품절슬라이스 하루전 전화 예약시 프로 할인 진행 중입니다 아래칸은 하루전 제품 프로 할인 판매 중입니다 #용산맛집 #용산샐러드 #용산샐러드맛집 #도시락 #건강샐러드 # 시식당 #용산역맛집 #샐러드,"[""당일"", ""생산"", ""오후"", ""재고"", ""연어"", ""다량수비드"", ""다량쉬림프"", ""품절잠봉"", ""품절핫치킨"", ""품절슬라이스"", ""하루전"", ""전화"", ""예약시"", ""프로"", ""할인"", ""중입니다"", ""아래칸은"", ""하루전"", ""프로"", ""할인"", ""판매"", ""중입니다""]","[""용산맛집"", ""용산샐러드"", ""용산샐러드맛집"", ""도시락"", ""건강샐러드"", ""용산역맛집"", ""샐러드""]","[""당일"", ""생산"", ""오후"", ""재고"", ""연어"", ""다량수비드"", ""다량쉬림프"", ""품절잠봉"", ""품절핫치킨"", ""품절슬라이스"", ""하루전"", ""전화"", ""예약시"", ""프로"", ""할인"", ""중입니다"", ""아래칸은"", ""하루전"", ""프로"", ""할인"", ""판매"", ""중입니다"", ""용산맛집"", ""용산샐러드"", ""용산샐러드맛집"", ""도시락"", ""건강샐러드"", ""용산역맛집"", ""샐러드""]"
https://www.instagram.com/p/DNfjVZVyTG3/,"#광고 🍲 단백질·맛·건강 모두 챙기는 한 끼! 전자레인지 3분 완성 ‘닭가슴살 야채찜’ 💪부드러운 레드벨벳 슬기픽 닭가슴살과 고소한 저당 흑임자참깨 드레싱의 완벽 조합!The더건강한 닭가슴살 직화통살구이와백설 슈가라이트 저당 흑임자참깨 드레싱으로간단하고 맛있게 즐기는 야채찜을 만들었어요.🍗 촉촉하고 담백한 닭가슴살12시간 저온 숙성과 오븐 직화로 구워 겉은 노릇하고 속은 촉촉한 식감!닭고기 본연의 감칠맛과 담백함이 그대로 살아있어 집에서 갓 만든 듯한 풍미를 느낄 수 있어요.단독으로 먹어도 질리지 않고, 샐러드나 다양한 레시피에 곁들여도 잘 어울려요.💪 고단백·25% 나트륨 저감단백질은 높이고, 나트륨은 25% 줄여서 더 건강하게!식단 관리를 중요시하는 분들에게 딱이에요.🥗 맛있는 저당 드레싱저당이라 맛이 없을 거라는 걱정은 NO!오리엔탈, 흑임자참깨, 리얼키위 드레싱 모두 풍부한 맛으로 식단에 포인트를 더해줘요맛있게 먹으면서도 당·칼로리를 줄일 수 있어요.⚖ 저당·칼로리 50% DOWN기존 대비 칼로리를 절반으로 줄인 설계로, 부담 없이 즐길 수 있는 드레싱이에요.⸻📍 지금 할인 중!‘레드벨벳 슬기픽 제품 아래 링크에서 할인 중’👉https://cjcj.onelink.me/ld2w/pptygjjb⸻제품명: The더건강한 닭가슴살 직화통살구이, The더건강한 닭가슴살 통살구이페퍼제조원: 씨제이제일제당(주) 진천BLOSSOM CAMPUS제품명: 저당 오리엔탈 드레싱 / 저당 흑임자참깨 드레싱 / 저당 리얼키위 드레싱제조원: (주)동방푸드마스타맛있게 먹으면서 건강까지 챙기는 똑똑한 식단 🍃오늘 저녁은 가볍지만 든든하게, 닭가슴살 야채찜으로 완성해 보세요!⸻#The더건강한닭가슴살 #슬기픽닭가슴살 #슈가라이트저당소스 #슬기픽저당소스 #닭가슴살정착템 #식단버프템 #맛도리어터 #레드벨벳슬기픽닭가슴살 #레드벨벳슬기픽저당소스#슈가라이트드레싱 #닭가슴살레시피 #건강식단 #샐러드 #저당드레싱 #단백질간식 #오븐직화 #식단관리 #야채찜",광고;The더건강한닭가슴살;슬기픽닭가슴살;슈가라이트저당소스;슬기픽저당소스;닭가슴살정착템;식단버프템;맛도리어터;레드벨벳슬기픽닭가슴살;레드벨벳슬기픽저당소스;슈가라이트드레싱;닭가슴살레시피;건강식단;샐러드;저당드레싱;단백질간식;오븐직화;식단관리;야채찜,#광고 단백질 맛 건강 모두 챙기는 한 끼 전자레인지 분 완성 닭가슴살 야채찜 부드러운 레드벨벳 슬기픽 닭가슴살과 고소한 저당 흑임자참깨 드레싱의 완벽 조합 더건강한 닭가슴살 직화통살구이와백설 슈가라이트 저당 흑임자참깨 드레싱으로간단하고 맛있게 즐기는 야채찜을 만들었어요 촉촉하고 담백한 닭가슴살 시간 저온 숙성과 오븐 직화로 구워 겉은 노릇하고 속은 촉촉한 식감 닭고기 본연의 감칠맛과 담백함이 그대로 살아있어 집에서 갓 만든 듯한 풍미를 느낄 수 있어요 단독으로 먹어도 질리지 않고 샐러드나 다양한 레시피에 곁들여도 잘 어울려요 고단백 나트륨 저감단백질은 높이고 나트륨은 줄여서 더 건강하게 식단 관리를 중요시하는 분들에게 딱이에요 맛있는 저당 드레싱저당이라 맛이 없을 거라는 걱정은 오리엔탈 흑임자참깨 리얼키위 드레싱 모두 풍부한 맛으로 식단에 포인트를 더해줘요맛있게 먹으면서도 당 칼로리를 줄일 수 있어요 저당 칼로리 기존 대비 칼로리를 절반으로 줄인 설계로 부담 없이 즐길 수 있는 드레싱이에요 지금 할인 중 레드벨벳 슬기픽 제품 아래 링크에서 할인 중 더건강한 닭가슴살 직화통살구이 더건강한 닭가슴살 통살구이페퍼제조원 씨제이제일제당 주 진천 제품명 저당 오리엔탈 드레싱 저당 흑임자참깨 드레싱 저당 리얼키위 드레싱제조원 주 동방푸드마스타맛있게 먹으면서 건강까지 챙기는 똑똑한 식단 오늘 저녁은 가볍지만 든든하게 닭가슴살 야채찜으로 완성해 보세요 # 더건강한닭가슴살 #슬기픽닭가슴살 #슈가라이트저당소스 #슬기픽저당소스 #닭가슴살정착템 #식단버프템 #맛도리어터 #레드벨벳슬기픽닭가슴살 #레드벨벳슬기픽저당소스#슈가라이트드레싱 #닭가슴살레시피 #건강식단 #샐러드 #저당드레싱 #단백질간식 #오븐직화 #식단관리 #야채찜,"[""단백질"", ""건강"", ""챙기는"", ""전자레인지"", ""완성"", ""닭가슴살"", ""야채찜"", ""부드러운"", ""레드벨벳"", ""슬기픽"", ""닭가슴살과"", ""고소한"", ""저당"", ""흑임자참깨"", ""드레싱의"", ""완벽"", ""더건강한"", ""닭가슴살"", ""직화통살구이와백설"", ""슈가라이트"", ""저당"", ""흑임자참깨"", ""드레싱으로간단하고"", ""즐기는"", ""야채찜을"", ""만들었어요"", ""촉촉하고"", ""담백한"", ""닭가슴살"", ""시간"", ""저온"", ""숙성과"", ""오븐"", ""직화로"", ""구워"", ""겉은"", ""노릇하고"", ""속은"", ""촉촉한"", ""식감"", ""닭고기"", ""본연의"", ""감칠맛과"", ""담백함이"", ""살아있어"", ""집에서"", ""만든"", ""듯한"", ""풍미를"", ""느낄"", ""단독으로"", ""질리지"", ""않고"", ""샐러드나"", ""다양한"", ""레시피에"", ""곁들여도"", ""어울려요"", ""고단백"", ""나트륨"", ""저감단백질은"", ""높이고"", ""나트륨은"", ""줄여서"", ""건강하게"", ""식단"", ""관리를"", ""중요시하는"", ""분들에게"", ""딱이에요"", ""저당"", ""드레싱저당이라"", ""없을"", ""거라는"", ""걱정은"", ""오리엔탈"", ""흑임자참깨"", ""리얼키위"", ""드레싱"", ""풍부한"", ""맛으로"", ""식단에"", ""포인트를"", ""더해줘요맛있게"", ""먹으면서도"", ""칼로리를"", ""줄일"", ""저당"", ""칼로리"", ""대비"", ""칼로리를"", ""절반으로"", ""줄인"", ""설계로"", ""부담"", ""드레싱이에요"", ""지금"", ""할인"", ""레드벨벳"", ""슬기픽"", ""아래"", ""링크에서"", ""할인"", ""더건강한"", ""닭가슴살"", ""직화통살구이"", ""더건강한"", ""닭가슴살"", ""통살구이페퍼제조원"", ""씨제이제일제당"", ""진천"", ""제품명"", ""저당"", ""오리엔탈"", ""드레싱"", ""저당"", ""흑임자참깨"", ""드레싱"", ""저당"", ""리얼키위"", ""드레싱제조원"", ""동방푸드마스타맛있게"", ""먹으면서"", ""건강까지"", ""챙기는"", ""똑똑한"", ""식단"", ""저녁은"", ""가볍지만"", ""든든하게"", ""닭가슴살"", ""야채찜으로"", ""완성해"", ""보세요"", ""더건강한닭가슴살""]","[""광고"", ""더건강한닭가슴살"", ""슬기픽닭가슴살"", ""슈가라이트저당소스"", ""슬기픽저당소스"", ""닭가슴살정착템"", ""식단버프템"", ""맛도리어터"", ""레드벨벳슬기픽닭가슴살"", ""레드벨벳슬기픽저당소스"", ""슈가라이트드레싱"", ""닭가슴살레시피"", ""건강식단"", ""샐러드"", ""저당드레싱"", ""단백질간식"", ""오븐직화"", ""식단관리"", ""야채찜""]","[""단백질"", ""건강"", ""챙기는"", ""전자레인지"", ""완성"", ""닭가슴살"", ""야채찜"", ""부드러운"", ""레드벨벳"", ""슬기픽"", ""닭가슴살과"", ""고소한"", ""저당"", ""흑임자참깨"", ""드레싱의"", ""완벽"", ""더건강한"", ""닭가슴살"", ""직화통살구이와백설"", ""슈가라이트"", ""저당"", ""흑임자참깨"", ""드레싱으로간단하고"", ""즐기는"", ""야채찜을"", ""만들었어요"", ""촉촉하고"", ""담백한"", ""닭가슴살"", ""시간"", ""저온"", ""숙성과"", ""오븐"", ""직화로"", ""구워"", ""겉은"", ""노릇하고"", ""속은"", ""촉촉한"", ""식감"", ""닭고기"", ""본연의"", ""감칠맛과"", ""담백함이"", ""살아있어"", ""집에서"", ""만든"", ""듯한"", ""풍미를"", ""느낄"", ""단독으로"", ""질리지"", ""않고"", ""샐러드나"", ""다양한"", ""레시피에"", ""곁들여도"", ""어울려요"", ""고단백"", ""나트륨"", ""저감단백질은"", ""높이고"", ""나트륨은"", ""줄여서"", ""건강하게"", ""식단"", ""관리를"", ""중요시하는"", ""분들에게"", ""딱이에요"", ""저당"", ""드레싱저당이라"", ""없을"", ""거라는"", ""걱정은"", ""오리엔탈"", ""흑임자참깨"", ""리얼키위"", ""드레싱"", ""풍부한"", ""맛으로"", ""식단에"", ""포인트를"", ""더해줘요맛있게"", ""먹으면서도"", ""칼로리를"", ""줄일"", ""저당"", ""칼로리"", ""대비"", ""칼로리를"", ""절반으로"", ""줄인"", ""설계로"", ""부담"", ""드레싱이에요"", ""지금"", ""할인"", ""레드벨벳"", ""슬기픽"", ""아래"", ""링크에서"", ""할인"", ""더건강한"", ""닭가슴살"", ""직화통살구이"", ""더건강한"", ""닭가슴살"", ""통살구이페퍼제조원"", ""씨제이제일제당"", ""진천"", ""제품명"", ""저당"", ""오리엔탈"", ""드레싱"", ""저당"", ""흑임자참깨"", ""드레싱"", ""저당"", ""리얼키위"", ""드레싱제조원"", ""동방푸드마스타맛있게"", ""먹으면서"", ""건강까지"", ""챙기는"", ""똑똑한"", ""식단"", ""저녁은"", ""가볍지만"", ""든든하게"", ""닭가슴살"", ""야채찜으로"", ""완성해"", ""보세요"", ""더건강한닭가슴살"", ""광고"", ""더건강한닭가슴살"", ""슬기픽닭가슴살"", ""슈가라이트저당소스"", ""슬기픽저당소스"", ""닭가슴살정착템"", ""식단버프템"", ""맛도리어터"", ""레드벨벳슬기픽닭가슴살"", ""레드벨벳슬기픽저당소스"", ""슈가라이트드레싱"", ""닭가슴살레시피"", ""건강식단"", ""샐러드"", ""저당드레싱"", ""단백질간식"", ""오븐직화"", ""식단관리"", ""야채찜""]"
https://www.instagram.com/p/DA7x0YJS9A-/,"“엄마 찬스!! 무화과 샐러드 “ with 마지시모 올리브 오일 (@majisimo_olive ) 무화과 샐러드 한 번 더 만들어 먹어야지 생각하고 있었는데 뭔가 통했는지 엄마의 지인 분이 무화과를 선물해 주셨습니다. 그래서 예쁜 무화과만 골라 샐러드를 만들었는데샐러드 하면 욕심이 많아지는 저는 무화과외에 크루통, 호두, 미니 모차렐라, 루꼴라를 토핑으로 넉넉히 넣어 한끼로 든든하게 먹을 수 있는 샐러드를 만들었습니다. 그리고 샐러드의 포인트 드레싱은 상큼한 레몬즙에 요즘 애용하고 있는 신선한 맛이 좋은 마지시모 올리브 오일을 넉넉히 넣어드레싱을 만들었습니다. (@majisimo_olive)토핑과 드레싱이 준비되면 완성 그릇에 예쁘게 토핑을 올리고 먹기 직전에 드레싱을 뿌려 가볍게 섞어 먹으면 완성입니다. 완성된 샐러드를 한 입 먹어보니 달콤하고 무화과와 상큼한 레몬드레싱, 샐러드 토핑들이 입을 즐겁게 해 주는 것 같습니다. 재료 무화과 5개 바게트 크루통 10개 (넉넉한 사이즈)손질한 루꼴라 1줌 (30g)호두 1/4컵 (또는 캔디드 호두)미니 모차렐라 10개 드레싱 레몬즙 1큰술꿀 1작은술 ~1/2큰술 곱게 다진 양파 1큰술 마지시모 올리브 오일 2큰술 소금 약간 ** 레몬 제스트 약간 만들기 1.  드레싱은 분량대로 고루 섞어 준비한다. 2.  무화과는 꼭지를 제거하고 동그랗게 3~4 등분한다.3.  미니 모차렐라는 키친타월로 물기를 제거한다. 4.  완성 접시에 무화과, 루꼴라, 크루통, 미니 모차렐라를 보기 좋게 올린다. 5.  드레싱은 소스 볼에 담아 먹기 직전에 뿌려 완성한다. #홈카페#홈쿡#홈브런치#간단요리#초보요리#신혼요리#1인밥상#한그릇요리#집밥#간식스타그램#온더테이블#빈티지그릇#foodie#살림스타그램 #foodstagram#푸드스타일링#맛스타그램#요리스타그램#샐러드#채소요리#veggie#무화과#무화과샐러드#샐러드맛집#figsalad#그릇스타그램#마지시모올리브오일#oliveoil",홈카페;홈쿡;홈브런치;간단요리;초보요리;신혼요리;1인밥상;한그릇요리;집밥;간식스타그램;온더테이블;빈티지그릇;foodie;살림스타그램;foodstagram;푸드스타일링;맛스타그램;요리스타그램;샐러드;채소요리;veggie;무화과;무화과샐러드;샐러드맛집;figsalad;그릇스타그램;마지시모올리브오일;oliveoil,엄마 찬스 무화과 샐러드 마지시모 올리브 오일 무화과 샐러드 한 번 더 만들어 먹어야지 생각하고 있었는데 뭔가 통했는지 엄마의 지인 분이 무화과를 선물해 주셨습니다 그래서 예쁜 무화과만 골라 샐러드를 만들었는데샐러드 하면 욕심이 많아지는 저는 무화과외에 크루통 호두 미니 모차렐라 루꼴라를 토핑으로 넉넉히 넣어 한끼로 든든하게 먹을 수 있는 샐러드를 만들었습니다 그리고 샐러드의 포인트 드레싱은 상큼한 레몬즙에 요즘 애용하고 있는 신선한 맛이 좋은 마지시모 올리브 오일을 넉넉히 넣어드레싱을 만들었습니다 토핑과 드레싱이 준비되면 완성 그릇에 예쁘게 토핑을 올리고 먹기 직전에 드레싱을 뿌려 가볍게 섞어 먹으면 완성입니다 완성된 샐러드를 한 입 먹어보니 달콤하고 무화과와 상큼한 레몬드레싱 샐러드 토핑들이 입을 즐겁게 해 주는 것 같습니다 재료 무화과 개 바게트 크루통 개 넉넉한 사이즈 손질한 루꼴라 줌 호두 컵 또는 캔디드 호두 미니 모차렐라 개 드레싱 레몬즙 큰술꿀 작은술 큰술 곱게 다진 양파 큰술 마지시모 올리브 오일 큰술 소금 약간 레몬 제스트 약간 만들기 드레싱은 분량대로 고루 섞어 준비한다 무화과는 꼭지를 제거하고 동그랗게 등분한다 미니 모차렐라는 키친타월로 물기를 제거한다 완성 접시에 무화과 루꼴라 크루통 미니 모차렐라를 보기 좋게 올린다 드레싱은 소스 볼에 담아 먹기 직전에 뿌려 완성한다 #홈카페#홈쿡#홈브런치#간단요리#초보요리#신혼요리# 인밥상#한그릇요리#집밥#간식스타그램#온더테이블#빈티지그릇# #살림스타그램 # #푸드스타일링#맛스타그램#요리스타그램#샐러드#채소요리# #무화과#무화과샐러드#샐러드맛집# #그릇스타그램#마지시모올리브오일#,"[""찬스"", ""무화과"", ""샐러드"", ""마지시모"", ""올리브"", ""오일"", ""무화과"", ""샐러드"", ""만들어"", ""먹어야지"", ""생각하고"", ""있었는데"", ""뭔가"", ""통했는지"", ""엄마의"", ""지인"", ""분이"", ""무화과를"", ""선물해"", ""주셨습니다"", ""예쁜"", ""무화과만"", ""골라"", ""샐러드를"", ""만들었는데샐러드"", ""하면"", ""욕심이"", ""많아지는"", ""무화과외에"", ""크루통"", ""호두"", ""미니"", ""모차렐라"", ""루꼴라를"", ""토핑으로"", ""넉넉히"", ""한끼로"", ""든든하게"", ""샐러드를"", ""만들었습니다"", ""샐러드의"", ""포인트"", ""드레싱은"", ""상큼한"", ""레몬즙에"", ""애용하고"", ""신선한"", ""마지시모"", ""올리브"", ""오일을"", ""넉넉히"", ""넣어드레싱을"", ""만들었습니다"", ""토핑과"", ""드레싱이"", ""준비되면"", ""완성"", ""그릇에"", ""예쁘게"", ""토핑을"", ""먹기"", ""직전에"", ""드레싱을"", ""뿌려"", ""가볍게"", ""완성입니다"", ""완성된"", ""샐러드를"", ""먹어보니"", ""달콤하고"", ""무화과와"", ""상큼한"", ""레몬드레싱"", ""샐러드"", ""토핑들이"", ""입을"", ""즐겁게"", ""주는"", ""같습니다"", ""재료"", ""무화과"", ""바게트"", ""크루통"", ""넉넉한"", ""사이즈"", ""손질한"", ""루꼴라"", ""호두"", ""캔디드"", ""호두"", ""미니"", ""모차렐라"", ""드레싱"", ""레몬즙"", ""큰술꿀"", ""작은술"", ""큰술"", ""곱게"", ""다진"", ""양파"", ""큰술"", ""마지시모"", ""올리브"", ""오일"", ""큰술"", ""소금"", ""레몬"", ""제스트"", ""만들기"", ""드레싱은"", ""분량대로"", ""고루"", ""준비한다"", ""무화과는"", ""꼭지를"", ""제거하고"", ""동그랗게"", ""등분한다"", ""미니"", ""모차렐라는"", ""키친타월로"", ""물기를"", ""제거한다"", ""완성"", ""접시에"", ""무화과"", ""루꼴라"", ""크루통"", ""미니"", ""모차렐라를"", ""보기"", ""좋게"", ""올린다"", ""드레싱은"", ""소스"", ""볼에"", ""먹기"", ""직전에"", ""뿌려"", ""완성한다"", ""인밥상""]","[""홈카페"", ""홈쿡"", ""홈브런치"", ""간단요리"", ""초보요리"", ""신혼요리"", ""인밥상"", ""한그릇요리"", ""집밥"", ""간식스타그램"", ""온더테이블"", ""빈티지그릇"", ""살림스타그램"", ""푸드스타일링"", ""맛스타그램"", ""요리스타그램"", ""샐러드"", ""채소요리"", ""무화과"", ""무화과샐러드"", ""샐러드맛집"", ""그릇스타그램"", ""마지시모올리브오일""]","[""찬스"", ""무화과"", ""샐러드"", ""마지시모"", ""올리브"", ""오일"", ""무화과"", ""샐러드"", ""만들어"", ""먹어야지"", ""생각하고"", ""있었는데"", ""뭔가"", ""통했는지"", ""엄마의"", ""지인"", ""분이"", ""무화과를"", ""선물해"", ""주셨습니다"", ""예쁜"", ""무화과만"", ""골라"", ""샐러드를"", ""만들었는데샐러드"", ""하면"", ""욕심이"", ""많아지는"", ""무화과외에"", ""크루통"", ""호두"", ""미니"", ""모차렐라"", ""루꼴라를"", ""토핑으로"", ""넉넉히"", ""한끼로"", ""든든하게"", ""샐러드를"", ""만들었습니다"", ""샐러드의"", ""포인트"", ""드레싱은"", ""상큼한"", ""레몬즙에"", ""애용하고"", ""신선한"", ""마지시모"", ""올리브"", ""오일을"", ""넉넉히"", ""넣어드레싱을"", ""만들었습니다"", ""토핑과"", ""드레싱이"", ""준비되면"", ""완성"", ""그릇에"", ""예쁘게"", ""토핑을"", ""먹기"", ""직전에"", ""드레싱을"", ""뿌려"", ""가볍게"", ""완성입니다"", ""완성된"", ""샐러드를"", ""먹어보니"", ""달콤하고"", ""무화과와"", ""상큼한"", ""레몬드레싱"", ""샐러드"", ""토핑들이"", ""입을"", ""즐겁게"", ""주는"", ""같습니다"", ""재료"", ""무화과"", ""바게트"", ""크루통"", ""넉넉한"", ""사이즈"", ""손질한"", ""루꼴라"", ""호두"", ""캔디드"", ""호두"", ""미니"", ""모차렐라"", ""드레싱"", ""레몬즙"", ""큰술꿀"", ""작은술"", ""큰술"", ""곱게"", ""다진"", ""양파"", ""큰술"", ""마지시모"", ""올리브"", ""오일"", ""큰술"", ""소금"", ""레몬"", ""제스트"", ""만들기"", ""드레싱은"", ""분량대로"", ""고루"", ""준비한다"", ""무화과는"", ""꼭지를"", ""제거하고"", ""동그랗게"", ""등분한다"", ""미니"", ""모차렐라는"", ""키친타월로"", ""물기를"", ""제거한다"", ""완성"", ""접시에"", ""무화과"", ""루꼴라"", ""크루통"", ""미니"", ""모차렐라를"", ""보기"", ""좋게"", ""올린다"", ""드레싱은"", ""소스"", ""볼에"", ""먹기"", ""직전에"", ""뿌려"", ""완성한다"", ""인밥상"", ""홈카페"", ""홈쿡"", ""홈브런치"", ""간단요리"", ""초보요리"", ""신혼요리"", ""인밥상"", ""한그릇요리"", ""집밥"", ""간식스타그램"", ""온더테이블"", ""빈티지그릇"", ""살림스타그램"", ""푸드스타일링"", ""맛스타그램"", ""요리스타그램"", ""샐러드"", ""채소요리"", ""무화과"", ""무화과샐러드"", ""샐러드맛집"", ""그릇스타그램"", ""마지시모올리브오일""]"
https://www.instagram.com/p/DO8DrAQAfl-/,"#Event스윗밸런스가 샐러드 사랑으로 어느새 11주년을 맞이했어요! 짝짝!👏스윗밸런스는 모두가 건강하고 맛있게 하루를 보내기를 바래요.그래서 우리는 이런 이벤트를 준비했어요.[스윗밸런스도 건강해지고, 같이 건강해지자!]럭키드로우 혜택을 받는 스윗밸런스 스텝 5명이 직접 선정하는 1+1❤️11주년이니까. 같이 건강해지자구요!👥📍댓글 이벤트① 스윗밸런스 오피셜 인스타그램 팔로우하기② 댓글로 스윗밸런스 11주년 축하하기🎁이벤트 선물 및 당첨 인원 (5명)- 스윗밸런스 샐러드 랜덤 박스📅 9/23(화)~ 9/28(일)  동안 이벤트 진행💥스토리 리그램 진행 시 당첨 확률 UP💡 9/29(월) 개별 DM으로 당첨자 발표 😮깜짝 스토리도 기대해줘요💫",Event,# 스윗밸런스가 샐러드 사랑으로 어느새 주년을 맞이했어요 짝짝 스윗밸런스는 모두가 건강하고 맛있게 하루를 보내기를 바래요 그래서 우리는 이런 이벤트를 준비했어요 스윗밸런스도 건강해지고 같이 건강해지자 럭키드로우 혜택을 받는 스윗밸런스 스텝 명이 직접 선정하는 주년이니까 같이 건강해지자구요 댓글 이벤트 스윗밸런스 오피셜 인스타그램 팔로우하기 댓글로 스윗밸런스 주년 축하하기 이벤트 선물 및 당첨 인원 명 스윗밸런스 샐러드 랜덤 박스 화 일 동안 이벤트 진행 스토리 리그램 진행 시 당첨 확률 월 개별 으로 당첨자 발표 깜짝 스토리도 기대해줘요,"[""스윗밸런스가"", ""샐러드"", ""사랑으로"", ""어느새"", ""주년을"", ""맞이했어요"", ""짝짝"", ""스윗밸런스는"", ""모두가"", ""건강하고"", ""하루를"", ""보내기를"", ""바래요"", ""우리는"", ""이벤트를"", ""준비했어요"", ""스윗밸런스도"", ""건강해지고"", ""건강해지자"", ""럭키드로우"", ""혜택을"", ""받는"", ""스윗밸런스"", ""스텝"", ""명이"", ""선정하는"", ""주년이니까"", ""건강해지자구요"", ""댓글"", ""이벤트"", ""스윗밸런스"", ""오피셜"", ""인스타그램"", ""팔로우하기"", ""댓글로"", ""스윗밸런스"", ""주년"", ""축하하기"", ""이벤트"", ""선물"", ""당첨"", ""인원"", ""스윗밸런스"", ""샐러드"", ""랜덤"", ""박스"", ""동안"", ""이벤트"", ""스토리"", ""리그램"", ""당첨"", ""확률"", ""개별"", ""당첨자"", ""발표"", ""깜짝"", ""스토리도"", ""기대해줘요""]",[],"[""스윗밸런스가"", ""샐러드"", ""사랑으로"", ""어느새"", ""주년을"", ""맞이했어요"", ""짝짝"", ""스윗밸런스는"", ""모두가"", ""건강하고"", ""하루를"", ""보내기를"", ""바래요"", ""우리는"", ""이벤트를"", ""준비했어요"", ""스윗밸런스도"", ""건강해지고"", ""건강해지자"", ""럭키드로우"", ""혜택을"", ""받는"", ""스윗밸런스"", ""스텝"", ""명이"", ""선정하는"", ""주년이니까"", ""건강해지자구요"", ""댓글"", ""이벤트"", ""스윗밸런스"", ""오피셜"", ""인스타그램"", ""팔로우하기"", ""댓글로"", ""스윗밸런스"", ""주년"", ""축하하기"", ""이벤트"", ""선물"", ""당첨"", ""인원"", ""스윗밸런스"", ""샐러드"", ""랜덤"", ""박스"", ""동안"", ""이벤트"", ""스토리"", ""리그램"", ""당첨"", ""확률"", ""개별"", ""당첨자"", ""발표"", ""깜짝"", ""스토리도"", ""기대해줘요""]"
https://www.instagram.com/p/DOV23VXgfyW/,".무화과 치즈보드🥭요즘 무화과 제철이라 너무 맛있어요무화과 무슨 맛인지 모르겠다 하시면요렇게 입문해보세요와인안주로도 좋은 무화과 치즈보드❤️리코타치즈(크림치즈,그릭요거트 가능)을접시에 예쁘게 깔고 무화과를 잘라 얹으면 끝!어떤 제철 과일이라도 좋아요.질 좋은 엑스트라버진 올리브오일 듬뿍 뿌려주면근사하고 맛있는 와인안주 완성. 너무 쉽죠?이번 올리브오일 활용 레시피들은 와인안주들로 준비했으니까 1탄에 이어 2탄3탄도 같이 만들어 봐요^^-------------------------------------------🟢갓성비 엑스트라버진 올리브오일내일 9(화) 오전 10시 커밍쑨🔔#알림 설정 필수!유기농 100%산도 0.15폴리페놀 590mg스페인산 햇 올리브오일27도 이하로 8시간이내 냉압착 해서 만든 프리미엄 오일스펙도 좋은데 500ml 병당 2만원!첫 공구 런칭 특가로 내일만 특별 할인 더!!500ml 21500원--특별가 20900원500ml 2병 42900원---특별가 41400원(무배)‼️첫공구 런칭 #이벤트(추첨)레드 발사믹 2메달 증정신세계 상품권 증정------------------------------------------신선한 풀향과 과일향이 너무 좋은 오일이니까내일 만나요❤️#동미동영상#요리동영상#레시피#와인안주",알림;이벤트;동미동영상;요리동영상;레시피;와인안주,무화과 치즈보드 요즘 무화과 제철이라 너무 맛있어요무화과 무슨 맛인지 모르겠다 하시면요렇게 입문해보세요와인안주로도 좋은 무화과 치즈보드 리코타치즈 크림치즈 그릭요거트 가능 을접시에 예쁘게 깔고 무화과를 잘라 얹으면 끝 어떤 제철 과일이라도 좋아요 질 좋은 엑스트라버진 올리브오일 듬뿍 뿌려주면근사하고 맛있는 와인안주 완성 너무 쉽죠 이번 올리브오일 활용 레시피들은 와인안주들로 준비했으니까 탄에 이어 탄 탄도 같이 만들어 봐요 갓성비 엑스트라버진 올리브오일내일 화 오전 시 커밍쑨 #알림 설정 필수 유기농 산도 폴리페놀 스페인산 햇 올리브오일 도 이하로 시간이내 냉압착 해서 만든 프리미엄 오일스펙도 좋은데 병당 만원 첫 공구 런칭 특가로 내일만 특별 할인 더 원 특별가 원 병 원 특별가 원 무배 첫공구 런칭 #이벤트 추첨 레드 발사믹 메달 증정신세계 상품권 증정 신선한 풀향과 과일향이 너무 좋은 오일이니까내일 만나요 #동미동영상#요리동영상#레시피#와인안주,"[""무화과"", ""치즈보드"", ""무화과"", ""제철이라"", ""맛있어요무화과"", ""맛인지"", ""모르겠다"", ""하시면요렇게"", ""입문해보세요와인안주로도"", ""무화과"", ""치즈보드"", ""리코타치즈"", ""크림치즈"", ""그릭요거트"", ""을접시에"", ""예쁘게"", ""깔고"", ""무화과를"", ""얹으면"", ""제철"", ""과일이라도"", ""엑스트라버진"", ""올리브오일"", ""뿌려주면근사하고"", ""와인안주"", ""완성"", ""쉽죠"", ""올리브오일"", ""활용"", ""레시피들은"", ""와인안주들로"", ""준비했으니까"", ""탄에"", ""이어"", ""탄도"", ""만들어"", ""봐요"", ""갓성비"", ""엑스트라버진"", ""올리브오일내일"", ""오전"", ""커밍쑨"", ""설정"", ""유기농"", ""산도"", ""폴리페놀"", ""스페인산"", ""올리브오일"", ""이하로"", ""시간이내"", ""냉압착"", ""만든"", ""프리미엄"", ""오일스펙도"", ""좋은데"", ""병당"", ""만원"", ""공구"", ""런칭"", ""특가로"", ""내일만"", ""특별"", ""할인"", ""특별가"", ""특별가"", ""무배"", ""첫공구"", ""런칭"", ""추첨"", ""레드"", ""발사믹"", ""메달"", ""증정신세계"", ""상품권"", ""증정"", ""신선한"", ""풀향과"", ""과일향이"", ""오일이니까내일"", ""만나요""]","[""알림"", ""이벤트"", ""동미동영상"", ""요리동영상"", ""레시피"", ""와인안주""]","[""무화과"", ""치즈보드"", ""무화과"", ""제철이라"", ""맛있어요무화과"", ""맛인지"", ""모르겠다"", ""하시면요렇게"", ""입문해보세요와인안주로도"", ""무화과"", ""치즈보드"", ""리코타치즈"", ""크림치즈"", ""그릭요거트"", ""을접시에"", ""예쁘게"", ""깔고"", ""무화과를"", ""얹으면"", ""제철"", ""과일이라도"", ""엑스트라버진"", ""올리브오일"", ""뿌려주면근사하고"", ""와인안주"", ""완성"", ""쉽죠"", ""올리브오일"", ""활용"", ""레시피들은"", ""와인안주들로"", ""준비했으니까"", ""탄에"", ""이어"", ""탄도"", ""만들어"", ""봐요"", ""갓성비"", ""엑스트라버진"", ""올리브오일내일"", ""오전"", ""커밍쑨"", ""설정"", ""유기농"", ""산도"", ""폴리페놀"", ""스페인산"", ""올리브오일"", ""이하로"", ""시간이내"", ""냉압착"", ""만든"", ""프리미엄"", ""오일스펙도"", ""좋은데"", ""병당"", ""만원"", ""공구"", ""런칭"", ""특가로"", ""내일만"", ""특별"", ""할인"", ""특별가"", ""특별가"", ""무배"", ""첫공구"", ""런칭"", ""추첨"", ""레드"", ""발사믹"", ""메달"", ""증정신세계"", ""상품권"", ""증정"", ""신선한"", ""풀향과"", ""과일향이"", ""오일이니까내일"", ""만나요"", ""알림"", ""이벤트"", ""동미동영상"", ""요리동영상"", ""레시피"", ""와인안주""]"
https://www.instagram.com/p/DPC_IvDksHH/,샤머 부라타 샐러드그린그린 싱그러운 색상샤머에 부라타 한덩이면달콤 고소한 샐러드🤍💚화이트 발사믹 올리브 오일만뿌려도 고급스러운 맛이에요🍽️꽃접시 꽃볼☕️까멜리아 찻잔 할인중🛒프로필 링크로 구경 가세요,,샤머 부라타 샐러드그린그린 싱그러운 색상샤머에 부라타 한덩이면달콤 고소한 샐러드 화이트 발사믹 올리브 오일만뿌려도 고급스러운 맛이에요 꽃접시 꽃볼 까멜리아 찻잔 할인중 프로필 링크로 구경 가세요,"[""샤머"", ""부라타"", ""샐러드그린그린"", ""싱그러운"", ""색상샤머에"", ""부라타"", ""한덩이면달콤"", ""고소한"", ""샐러드"", ""화이트"", ""발사믹"", ""올리브"", ""오일만뿌려도"", ""고급스러운"", ""맛이에요"", ""꽃접시"", ""꽃볼"", ""까멜리아"", ""찻잔"", ""할인중"", ""링크로"", ""구경"", ""가세요""]","[""샤머"", ""부라타"", ""샐러드그린그린"", ""싱그러운"", ""색상샤머에"", ""부라타"", ""한덩이면달콤"", ""고소한"", ""샐러드"", ""화이트"", ""발사믹"", ""올리브"", ""오일만뿌려도"", ""고급스러운"", ""맛이에요"", ""꽃접시"", ""꽃볼"", ""까멜리아"", ""찻잔"", ""할인중"", ""링크로"", ""구경"", ""가세요""]","[""샤머"", ""부라타"", ""샐러드그린그린"", ""싱그러운"", ""색상샤머에"", ""부라타"", ""한덩이면달콤"", ""고소한"", ""샐러드"", ""화이트"", ""발사믹"", ""올리브"", ""오일만뿌려도"", ""고급스러운"", ""맛이에요"", ""꽃접시"", ""꽃볼"", ""까멜리아"", ""찻잔"", ""할인중"", ""링크로"", ""구경"", ""가세요"", ""샤머"", ""부라타"", ""샐러드그린그린"", ""싱그러운"", ""색상샤머에"", ""부라타"", ""한덩이면달콤"", ""고소한"", ""샐러드"", ""화이트"", ""발사믹"", ""올리브"", ""오일만뿌려도"", ""고급스러운"", ""맛이에요"", ""꽃접시"", ""꽃볼"", ""까멜리아"", ""찻잔"", ""할인중"", ""링크로"", ""구경"", ""가세요""]"
https://www.instagram.com/p/DQIdt9ZEkog/c/18003986819818388/,"물기 안생기는 과일 사라다 . .가을은 한정판 사과의 계절 🍂🍎감홍 & 시나노골드,과일세척기로 깨끗하게 씻고한 입 크기로 썰어요오이와 게살도 큐브 모양으로 준비 🥒🦀볼에 과일들을 담고제주 유라 감귤 하나 추가 🍊저당 마요 + 요거트 + 아티키 꿀 마지막 킥! 바삭한 빵가루 톡톡→ 사라다에 물기 안 생기고바삭한 식감 + 고소함까지 업!맛있게 버무리면 완성 사과 아삭, 귤·오이 상큼다채로운 식감과 맛 !..🍎 사과계의 왕! 명품 감홍사과10월 초~11월 초 단 한 달만 수확되는상위 1% 프리미엄 품종.겉은 거칠지만 속은 향긋하고 아삭!한입 베어 물면 과즙 팡팡, 단맛 폭발!한 번 먹으면 사과 기준이 달라지는 진짜 사과예요.몰리짱이 직접 맛보고 고른,아삭하고 달콤한 진짜 감홍사과만 담았어요.✔️ 평균 당도 15~17 Brix✔️ 진하고 향긋한 단맛✔️ 과즙 가득 아삭한 식감✔️ 아이 간식부터 부모님 선물까지 모두 만족🍏 시나노골드 사과1999년 일본에서 등록된 신품종으로,‘골든델리셔스’와 ‘천추’를 교배해 탄생한 고당도 황금사과얇은 껍질에 단단한 과육, 풍부한 과즙까지겉은 초록빛에서 노오란빛으로 익어가며작은 주근깨가 매력 포인트예요.✔️ 평균 당도 14~16 Brix✔️ 새콤달콤 완벽 밸런스✔️ 달콤한 향과 아삭한 식감✔️ “한 번 먹으면 계속 찾게 되는” 중독적인 맛.❇️사과 효능 사과는 알칼리성 식품으로식이섬유가 풍부해 장 활동을 원활하게 돕고,혈관 속 나쁜 콜레스테롤 배출에 도움을 주며동맥경화·혈압 상승 억제에도 효과적이에요.맛있게 드시면서 건강도 챙기세요! ▪️10월 한정판 감홍사과 +시나노골드 6차 오픈 ▪️평균 당도 14~17Brix▪️부모님 선물 ,아이 간식  모두 추천▪️22일부터 배송 ▪️프로필 링크에서 구매 가능해요 .. .#감홍사과 #시나노골드#사과 #운동 #간식 #부모님선물  #샐러드",감홍사과;시나노골드;사과;운동;간식;부모님선물;샐러드,물기 안생기는 과일 사라다 가을은 한정판 사과의 계절 감홍 시나노골드 과일세척기로 깨끗하게 씻고한 입 크기로 썰어요오이와 게살도 큐브 모양으로 준비 볼에 과일들을 담고제주 유라 감귤 하나 추가 저당 마요 요거트 아티키 꿀 마지막 킥 바삭한 빵가루 톡톡 사라다에 물기 안 생기고바삭한 식감 고소함까지 업 맛있게 버무리면 완성 사과 아삭 귤 오이 상큼다채로운 식감과 맛 사과계의 왕 명품 감홍사과 월 초 월 초 단 한 달만 수확되는상위 프리미엄 품종 겉은 거칠지만 속은 향긋하고 아삭 한입 베어 물면 과즙 팡팡 단맛 폭발 한 번 먹으면 사과 기준이 달라지는 진짜 사과예요 몰리짱이 직접 맛보고 고른 아삭하고 달콤한 진짜 감홍사과만 담았어요 평균 당도 진하고 향긋한 단맛 과즙 가득 아삭한 식감 아이 간식부터 부모님 선물까지 모두 만족 시나노골드 사과 년 일본에서 등록된 신품종으로 골든델리셔스 와 천추 를 교배해 탄생한 고당도 황금사과얇은 껍질에 단단한 과육 풍부한 과즙까지겉은 초록빛에서 노오란빛으로 익어가며작은 주근깨가 매력 포인트예요 평균 당도 새콤달콤 완벽 밸런스 달콤한 향과 아삭한 식감 한 번 먹으면 계속 찾게 되는 중독적인 맛 사과 효능 사과는 알칼리성 식품으로식이섬유가 풍부해 장 활동을 원활하게 돕고 혈관 속 나쁜 콜레스테롤 배출에 도움을 주며동맥경화 혈압 상승 억제에도 효과적이에요 맛있게 드시면서 건강도 챙기세요 월 한정판 감홍사과 시나노골드 차 오픈 평균 당도 부모님 선물 아이 간식 모두 추천 일부터 배송 프로필 링크에서 구매 가능해요 #감홍사과 #시나노골드#사과 #운동 #간식 #부모님선물 #샐러드,"[""물기"", ""안생기는"", ""과일"", ""사라다"", ""가을은"", ""한정판"", ""사과의"", ""계절"", ""감홍"", ""시나노골드"", ""과일세척기로"", ""깨끗하게"", ""씻고한"", ""크기로"", ""썰어요오이와"", ""게살도"", ""큐브"", ""모양으로"", ""준비"", ""볼에"", ""과일들을"", ""담고제주"", ""유라"", ""감귤"", ""저당"", ""마요"", ""요거트"", ""아티키"", ""마지막"", ""바삭한"", ""빵가루"", ""톡톡"", ""사라다에"", ""물기"", ""생기고바삭한"", ""식감"", ""고소함까지"", ""버무리면"", ""완성"", ""사과"", ""아삭"", ""오이"", ""상큼다채로운"", ""식감과"", ""사과계의"", ""명품"", ""감홍사과"", ""달만"", ""수확되는상위"", ""프리미엄"", ""품종"", ""겉은"", ""거칠지만"", ""속은"", ""향긋하고"", ""아삭"", ""한입"", ""베어"", ""물면"", ""과즙"", ""팡팡"", ""단맛"", ""폭발"", ""사과"", ""기준이"", ""달라지는"", ""사과예요"", ""몰리짱이"", ""맛보고"", ""고른"", ""아삭하고"", ""달콤한"", ""감홍사과만"", ""담았어요"", ""평균"", ""당도"", ""진하고"", ""향긋한"", ""단맛"", ""과즙"", ""아삭한"", ""식감"", ""아이"", ""간식부터"", ""부모님"", ""선물까지"", ""만족"", ""시나노골드"", ""사과"", ""일본에서"", ""등록된"", ""신품종으로"", ""골든델리셔스"", ""천추"", ""교배해"", ""탄생한"", ""고당도"", ""황금사과얇은"", ""껍질에"", ""단단한"", ""과육"", ""풍부한"", ""과즙까지겉은"", ""초록빛에서"", ""노오란빛으로"", ""익어가며작은"", ""주근깨가"", ""매력"", ""포인트예요"", ""평균"", ""당도"", ""새콤달콤"", ""완벽"", ""밸런스"", ""달콤한"", ""향과"", ""아삭한"", ""식감"", ""찾게"", ""중독적인"", ""사과"", ""효능"", ""사과는"", ""알칼리성"", ""식품으로식이섬유가"", ""풍부해"", ""활동을"", ""원활하게"", ""돕고"", ""혈관"", ""나쁜"", ""콜레스테롤"", ""배출에"", ""도움을"", ""주며동맥경화"", ""혈압"", ""상승"", ""억제에도"", ""효과적이에요"", ""드시면서"", ""건강도"", ""챙기세요"", ""한정판"", ""감홍사과"", ""시나노골드"", ""오픈"", ""평균"", ""당도"", ""부모님"", ""선물"", ""아이"", ""간식"", ""일부터"", ""배송"", ""링크에서"", ""가능해요""]","[""감홍사과"", ""시나노골드"", ""사과"", ""운동"", ""간식"", ""부모님선물"", ""샐러드""]","[""물기"", ""안생기는"", ""과일"", ""사라다"", ""가을은"", ""한정판"", ""사과의"", ""계절"", ""감홍"", ""시나노골드"", ""과일세척기로"", ""깨끗하게"", ""씻고한"", ""크기로"", ""썰어요오이와"", ""게살도"", ""큐브"", ""모양으로"", ""준비"", ""볼에"", ""과일들을"", ""담고제주"", ""유라"", ""감귤"", ""저당"", ""마요"", ""요거트"", ""아티키"", ""마지막"", ""바삭한"", ""빵가루"", ""톡톡"", ""사라다에"", ""물기"", ""생기고바삭한"", ""식감"", ""고소함까지"", ""버무리면"", ""완성"", ""사과"", ""아삭"", ""오이"", ""상큼다채로운"", ""식감과"", ""사과계의"", ""명품"", ""감홍사과"", ""달만"", ""수확되는상위"", ""프리미엄"", ""품종"", ""겉은"", ""거칠지만"", ""속은"", ""향긋하고"", ""아삭"", ""한입"", ""베어"", ""물면"", ""과즙"", ""팡팡"", ""단맛"", ""폭발"", ""사과"", ""기준이"", ""달라지는"", ""사과예요"", ""몰리짱이"", ""맛보고"", ""고른"", ""아삭하고"", ""달콤한"", ""감홍사과만"", ""담았어요"", ""평균"", ""당도"", ""진하고"", ""향긋한"", ""단맛"", ""과즙"", ""아삭한"", ""식감"", ""아이"", ""간식부터"", ""부모님"", ""선물까지"", ""만족"", ""시나노골드"", ""사과"", ""일본에서"", ""등록된"", ""신품종으로"", ""골든델리셔스"", ""천추"", ""교배해"", ""탄생한"", ""고당도"", ""황금사과얇은"", ""껍질에"", ""단단한"", ""과육"", ""풍부한"", ""과즙까지겉은"", ""초록빛에서"", ""노오란빛으로"", ""익어가며작은"", ""주근깨가"", ""매력"", ""포인트예요"", ""평균"", ""당도"", ""새콤달콤"", ""완벽"", ""밸런스"", ""달콤한"", ""향과"", ""아삭한"", ""식감"", ""찾게"", ""중독적인"", ""사과"", ""효능"", ""사과는"", ""알칼리성"", ""식품으로식이섬유가"", ""풍부해"", ""활동을"", ""원활하게"", ""돕고"", ""혈관"", ""나쁜"", ""콜레스테롤"", ""배출에"", ""도움을"", ""주며동맥경화"", ""혈압"", ""상승"", ""억제에도"", ""효과적이에요"", ""드시면서"", ""건강도"", ""챙기세요"", ""한정판"", ""감홍사과"", ""시나노골드"", ""오픈"", ""평균"", ""당도"", ""부모님"", ""선물"", ""아이"", ""간식"", ""일부터"", ""배송"", ""링크에서"", ""가능해요"", ""감홍사과"", ""시나노골드"", ""사과"", ""운동"", ""간식"", ""부모님선물"", ""샐러드""]"
https://www.instagram.com/p/DOTNJByEjxR/,"두부 샐러드와 야채 구이조금 색다른 소스를 먹어 보고 싶어서 채소들 잘게 썰어이것저것 넣어봤는데 꽤나 맛있더라구요!한번에 조금 넉넉히 만들어 냉장고에 일주일 둬도 괜찮았어요.올리브오일2T 화이트 발사믹1T 홀그레인 머스타드1t소금 한꼬집,후추 양파,오이,파프리카가 소스에 자작할 정도의 비율두부 샐러드의 두부는 소금,후추 간을 해서 (생략 가능)에프 200도에 10분 정도 구우면 담백하고 쫄깃하게 먹을 수 있어요. 토마토와 루꼴라는 필수 조합 🍅",,두부 샐러드와 야채 구이조금 색다른 소스를 먹어 보고 싶어서 채소들 잘게 썰어이것저것 넣어봤는데 꽤나 맛있더라구요 한번에 조금 넉넉히 만들어 냉장고에 일주일 둬도 괜찮았어요 올리브오일 화이트 발사믹 홀그레인 머스타드 소금 한꼬집 후추 양파 오이 파프리카가 소스에 자작할 정도의 비율두부 샐러드의 두부는 소금 후추 간을 해서 생략 가능 에프 도에 분 정도 구우면 담백하고 쫄깃하게 먹을 수 있어요 토마토와 루꼴라는 필수 조합,"[""두부"", ""샐러드와"", ""야채"", ""구이조금"", ""색다른"", ""소스를"", ""먹어"", ""싶어서"", ""채소들"", ""잘게"", ""썰어이것저것"", ""넣어봤는데"", ""꽤나"", ""맛있더라구요"", ""한번에"", ""넉넉히"", ""만들어"", ""냉장고에"", ""일주일"", ""둬도"", ""괜찮았어요"", ""올리브오일"", ""화이트"", ""발사믹"", ""홀그레인"", ""머스타드"", ""소금"", ""한꼬집"", ""후추"", ""양파"", ""오이"", ""파프리카가"", ""소스에"", ""자작할"", ""정도의"", ""비율두부"", ""샐러드의"", ""두부는"", ""소금"", ""후추"", ""간을"", ""생략"", ""에프"", ""도에"", ""구우면"", ""담백하고"", ""쫄깃하게"", ""토마토와"", ""루꼴라는""]","[""두부"", ""샐러드와"", ""야채"", ""구이조금"", ""색다른"", ""소스를"", ""먹어"", ""싶어서"", ""채소들"", ""잘게"", ""썰어이것저것"", ""넣어봤는데"", ""꽤나"", ""맛있더라구요"", ""한번에"", ""넉넉히"", ""만들어"", ""냉장고에"", ""일주일"", ""둬도"", ""괜찮았어요"", ""올리브오일"", ""화이트"", ""발사믹"", ""홀그레인"", ""머스타드"", ""소금"", ""한꼬집"", ""후추"", ""양파"", ""오이"", ""파프리카가"", ""소스에"", ""자작할"", ""정도의"", ""비율두부"", ""샐러드의"", ""두부는"", ""소금"", ""후추"", ""간을"", ""생략"", ""에프"", ""도에"", ""구우면"", ""담백하고"", ""쫄깃하게"", ""토마토와"", ""루꼴라는""]","[""두부"", ""샐러드와"", ""야채"", ""구이조금"", ""색다른"", ""소스를"", ""먹어"", ""싶어서"", ""채소들"", ""잘게"", ""썰어이것저것"", ""넣어봤는데"", ""꽤나"", ""맛있더라구요"", ""한번에"", ""넉넉히"", ""만들어"", ""냉장고에"", ""일주일"", ""둬도"", ""괜찮았어요"", ""올리브오일"", ""화이트"", ""발사믹"", ""홀그레인"", ""머스타드"", ""소금"", ""한꼬집"", ""후추"", ""양파"", ""오이"", ""파프리카가"", ""소스에"", ""자작할"", ""정도의"", ""비율두부"", ""샐러드의"", ""두부는"", ""소금"", ""후추"", ""간을"", ""생략"", ""에프"", ""도에"", ""구우면"", ""담백하고"", ""쫄깃하게"", ""토마토와"", ""루꼴라는"", ""두부"", ""샐러드와"", ""야채"", ""구이조금"", ""색다른"", ""소스를"", ""먹어"", ""싶어서"", ""채소들"", ""잘게"", ""썰어이것저것"", ""넣어봤는데"", ""꽤나"", ""맛있더라구요"", ""한번에"", ""넉넉히"", ""만들어"", ""냉장고에"", ""일주일"", ""둬도"", ""괜찮았어요"", ""올리브오일"", ""화이트"", ""발사믹"", ""홀그레인"", ""머스타드"", ""소금"", ""한꼬집"", ""후추"", ""양파"", ""오이"", ""파프리카가"", ""소스에"", ""자작할"", ""정도의"", ""비율두부"", ""샐러드의"", ""두부는"", ""소금"", ""후추"", ""간을"", ""생략"", ""에프"", ""도에"", ""구우면"", ""담백하고"", ""쫄깃하게"", ""토마토와"", ""루꼴라는""]"
https://www.instagram.com/p/DPlWC5bAWXp/,#서브웨이 #서브웨이샐러드오늘은 산뜻하고 가볍게 먹고싶어서 서브웨이가서샐러드사고 슈퍼에서 또띠아 사다가 저녁해결요🥗쉬림프샐러드에 폴드포크링 아보카도 추가했더니완전 푸짐해서 둘이 먹었는데도 배부르더라구요🤗샐러드 섞어서 구운 또띠아에 올려도 타코처럼 먹구스낵랩처럼 싸서도 먹었어요🌮🌯샐러드 조금 남겨서 도리토스 위에 올려서 맥주안주로먹었는데 이거 찐추천요👍✨️꼭 드셔보세요!#서브웨이쉬림프샐러드 #서브웨이폴드포크샐러드  #샐러드 #타코 #워킹타코 #도리토스 #도리토스타코 #맥주안주 #집밥 #신혼밥상 #신혼집밥 #간단메뉴,서브웨이;서브웨이샐러드오늘은;서브웨이쉬림프샐러드;서브웨이폴드포크샐러드;샐러드;타코;워킹타코;도리토스;도리토스타코;맥주안주;집밥;신혼밥상;신혼집밥;간단메뉴,#서브웨이 #서브웨이샐러드오늘은 산뜻하고 가볍게 먹고싶어서 서브웨이가서샐러드사고 슈퍼에서 또띠아 사다가 저녁해결요 쉬림프샐러드에 폴드포크링 아보카도 추가했더니완전 푸짐해서 둘이 먹었는데도 배부르더라구요 샐러드 섞어서 구운 또띠아에 올려도 타코처럼 먹구스낵랩처럼 싸서도 먹었어요 샐러드 조금 남겨서 도리토스 위에 올려서 맥주안주로먹었는데 이거 찐추천요 꼭 드셔보세요 #서브웨이쉬림프샐러드 #서브웨이폴드포크샐러드 #샐러드 #타코 #워킹타코 #도리토스 #도리토스타코 #맥주안주 #집밥 #신혼밥상 #신혼집밥 #간단메뉴,"[""산뜻하고"", ""가볍게"", ""먹고싶어서"", ""서브웨이가서샐러드사고"", ""슈퍼에서"", ""또띠아"", ""사다가"", ""저녁해결요"", ""쉬림프샐러드에"", ""폴드포크링"", ""아보카도"", ""추가했더니완전"", ""푸짐해서"", ""둘이"", ""먹었는데도"", ""배부르더라구요"", ""샐러드"", ""섞어서"", ""구운"", ""또띠아에"", ""올려도"", ""타코처럼"", ""먹구스낵랩처럼"", ""싸서도"", ""샐러드"", ""남겨서"", ""도리토스"", ""올려서"", ""맥주안주로먹었는데"", ""찐추천요""]","[""서브웨이"", ""서브웨이샐러드오늘은"", ""서브웨이쉬림프샐러드"", ""서브웨이폴드포크샐러드"", ""샐러드"", ""타코"", ""워킹타코"", ""도리토스"", ""도리토스타코"", ""맥주안주"", ""집밥"", ""신혼밥상"", ""신혼집밥"", ""간단메뉴""]","[""산뜻하고"", ""가볍게"", ""먹고싶어서"", ""서브웨이가서샐러드사고"", ""슈퍼에서"", ""또띠아"", ""사다가"", ""저녁해결요"", ""쉬림프샐러드에"", ""폴드포크링"", ""아보카도"", ""추가했더니완전"", ""푸짐해서"", ""둘이"", ""먹었는데도"", ""배부르더라구요"", ""샐러드"", ""섞어서"", ""구운"", ""또띠아에"", ""올려도"", ""타코처럼"", ""먹구스낵랩처럼"", ""싸서도"", ""샐러드"", ""남겨서"", ""도리토스"", ""올려서"", ""맥주안주로먹었는데"", ""찐추천요"", ""서브웨이"", ""서브웨이샐러드오늘은"", ""서브웨이쉬림프샐러드"", ""서브웨이폴드포크샐러드"", ""샐러드"", ""타코"", ""워킹타코"", ""도리토스"", ""도리토스타코"", ""맥주안주"", ""집밥"", ""신혼밥상"", ""신혼집밥"", ""간단메뉴""]"
https://www.instagram.com/p/DQDaanhk3Sa/,요즘 다이어트로 이렇개 먹어봅니다.#다이어트 #식단 #샐러드,다이어트;식단;샐러드,요즘 다이어트로 이렇개 먹어봅니다 #다이어트 #식단 #샐러드,"[""다이어트로"", ""이렇개"", ""먹어봅니다""]","[""다이어트"", ""식단"", ""샐러드""]","[""다이어트로"", ""이렇개"", ""먹어봅니다"", ""다이어트"", ""식단"", ""샐러드""]"
https://www.instagram.com/p/DQF6T81ExxP/,"10월 22일(수) 쉬림프 샐러드🐰타르타르드레싱초록초록 싱싱한 샐러드 야채들위로😄버터를넣고 채전만의 양념으로 맛있게 볶아낸 쉬림프가 가득 올려졌어요 ♡그밖에 빨강방울토마토,구운 애호박,구운 마늘쫑, 구운 브로콜리,구운 미니 새송이버섯,구운 파프리카,구운 새송이버섯,스위트콘,아몬드,크린베리,오렌지로 구성한 맛있는 쉬림프 샐러드가~건강하게 완성이 되었습니다😊이번주도 여전히 비가오는 날씨속에 급격하게 추워졌어요감기 특별히 조심하시기 바래요♡♡매장문의)054-283-8312#포항#샐러드#에이드#그릭요거트#단체주문#과일컵#커피#아라비카원두#유러피안채소#요일샐러드#더치커피#포항맛집#이동#까페#다이어트#건강주스",포항;샐러드;에이드;그릭요거트;단체주문;과일컵;커피;아라비카원두;유러피안채소;요일샐러드;더치커피;포항맛집;이동;까페;다이어트;건강주스,월 일 수 쉬림프 샐러드 타르타르드레싱초록초록 싱싱한 샐러드 야채들위로 버터를넣고 채전만의 양념으로 맛있게 볶아낸 쉬림프가 가득 올려졌어요 그밖에 빨강방울토마토 구운 애호박 구운 마늘쫑 구운 브로콜리 구운 미니 새송이버섯 구운 파프리카 구운 새송이버섯 스위트콘 아몬드 크린베리 오렌지로 구성한 맛있는 쉬림프 샐러드가 건강하게 완성이 되었습니다 이번주도 여전히 비가오는 날씨속에 급격하게 추워졌어요감기 특별히 조심하시기 바래요 매장문의 #포항#샐러드#에이드#그릭요거트#단체주문#과일컵#커피#아라비카원두#유러피안채소#요일샐러드#더치커피#포항맛집#이동#까페#다이어트#건강주스,"[""쉬림프"", ""샐러드"", ""타르타르드레싱초록초록"", ""싱싱한"", ""샐러드"", ""야채들위로"", ""버터를넣고"", ""채전만의"", ""양념으로"", ""볶아낸"", ""쉬림프가"", ""올려졌어요"", ""그밖에"", ""빨강방울토마토"", ""구운"", ""애호박"", ""구운"", ""마늘쫑"", ""구운"", ""브로콜리"", ""구운"", ""미니"", ""새송이버섯"", ""구운"", ""파프리카"", ""구운"", ""새송이버섯"", ""스위트콘"", ""아몬드"", ""크린베리"", ""오렌지로"", ""구성한"", ""쉬림프"", ""샐러드가"", ""건강하게"", ""완성이"", ""되었습니다"", ""이번주도"", ""여전히"", ""비가오는"", ""날씨속에"", ""급격하게"", ""추워졌어요감기"", ""특별히"", ""조심하시기"", ""바래요"", ""매장문의""]","[""포항"", ""샐러드"", ""에이드"", ""그릭요거트"", ""과일컵"", ""커피"", ""아라비카원두"", ""유러피안채소"", ""요일샐러드"", ""더치커피"", ""포항맛집"", ""이동"", ""까페"", ""다이어트"", ""건강주스""]","[""쉬림프"", ""샐러드"", ""타르타르드레싱초록초록"", ""싱싱한"", ""샐러드"", ""야채들위로"", ""버터를넣고"", ""채전만의"", ""양념으로"", ""볶아낸"", ""쉬림프가"", ""올려졌어요"", ""그밖에"", ""빨강방울토마토"", ""구운"", ""애호박"", ""구운"", ""마늘쫑"", ""구운"", ""브로콜리"", ""구운"", ""미니"", ""새송이버섯"", ""구운"", ""파프리카"", ""구운"", ""새송이버섯"", ""스위트콘"", ""아몬드"", ""크린베리"", ""오렌지로"", ""구성한"", ""쉬림프"", ""샐러드가"", ""건강하게"", ""완성이"", ""되었습니다"", ""이번주도"", ""여전히"", ""비가오는"", ""날씨속에"", ""급격하게"", ""추워졌어요감기"", ""특별히"", ""조심하시기"", ""바래요"", ""매장문의"", ""포항"", ""샐러드"", ""에이드"", ""그릭요거트"", ""과일컵"", ""커피"", ""아라비카원두"", ""유러피안채소"", ""요일샐러드"", ""더치커피"", ""포항맛집"", ""이동"", ""까페"", ""다이어트"", ""건강주스""]"
https://www.instagram.com/p/DPx6m-qgVjo/c/18081892936999996/,너무 맛난 #오이 #크래미 #샐러드 새로운 다이어트 #요리 좋다규!! #구운계란 이랑 맛나게 😋 #핫샐러드 #콜드샐러드 이렇게 먹고 #사과 🍎 먹고 #요거트 먹고 마이 먹습니다🤣 오늘도 굿데이👍🏻,오이;크래미;샐러드;요리;구운계란;핫샐러드;콜드샐러드;사과;요거트,너무 맛난 #오이 #크래미 #샐러드 새로운 다이어트 #요리 좋다규 #구운계란 이랑 맛나게 #핫샐러드 #콜드샐러드 이렇게 먹고 #사과 먹고 #요거트 먹고 마이 먹습니다 오늘도 굿데이,"[""맛난"", ""다이어트"", ""좋다규"", ""이랑"", ""맛나게"", ""마이"", ""먹습니다"", ""굿데이""]","[""오이"", ""크래미"", ""샐러드"", ""요리"", ""구운계란"", ""핫샐러드"", ""콜드샐러드"", ""사과"", ""요거트""]","[""맛난"", ""다이어트"", ""좋다규"", ""이랑"", ""맛나게"", ""마이"", ""먹습니다"", ""굿데이"", ""오이"", ""크래미"", ""샐러드"", ""요리"", ""구운계란"", ""핫샐러드"", ""콜드샐러드"", ""사과"", ""요거트""]"
https://www.instagram.com/p/DQGbVhfCdx6/,점심 가벼운 샐러드로 배를 채웠다. 노란 소스와 보라빛 드래곤프루트가 대비된다. 채소 먹는 습관을 유지한다. #일상 #샐러드 #드래곤프루트 #노란소스 #대비 #healthy,일상;샐러드;드래곤프루트;노란소스;대비;healthy,점심 가벼운 샐러드로 배를 채웠다 노란 소스와 보라빛 드래곤프루트가 대비된다 채소 먹는 습관을 유지한다 #일상 #샐러드 #드래곤프루트 #노란소스 #대비 #,"[""점심"", ""가벼운"", ""샐러드로"", ""배를"", ""채웠다"", ""노란"", ""소스와"", ""보라빛"", ""드래곤프루트가"", ""대비된다"", ""채소"", ""습관을"", ""유지한다""]","[""일상"", ""샐러드"", ""드래곤프루트"", ""노란소스"", ""대비""]","[""점심"", ""가벼운"", ""샐러드로"", ""배를"", ""채웠다"", ""노란"", ""소스와"", ""보라빛"", ""드래곤프루트가"", ""대비된다"", ""채소"", ""습관을"", ""유지한다"", ""일상"", ""샐러드"", ""드래곤프루트"", ""노란소스"", ""대비""]"
https://www.instagram.com/p/DP_JbA6khqC/c/18095703709748485/,오늘 저녁 푸짐허다♡#샐러드#다이어트어쩌다#다이어트아닌 다이어트#더먹네ㅋ#다이어트#,샐러드;다이어트어쩌다;다이어트아닌;더먹네ㅋ;다이어트,오늘 저녁 푸짐허다 #샐러드#다이어트어쩌다#다이어트아닌 다이어트#더먹네ㅋ#다이어트#,"[""저녁"", ""푸짐허다"", ""다이어트""]","[""샐러드"", ""다이어트어쩌다"", ""다이어트아닌"", ""더먹네ㅋ"", ""다이어트""]","[""저녁"", ""푸짐허다"", ""다이어트"", ""샐러드"", ""다이어트어쩌다"", ""다이어트아닌"", ""더먹네ㅋ"", ""다이어트""]"
https://www.instagram.com/p/DQGI7c8j_Kh/,육회먹구 남은소고기로  양배추 양파 올리브 당근  올리브유에 볶고 소고기볶고  생 레몬🍋 뿌려주기 #샐러드#소고기샐러드#간단샐러드#샐러드식단#샐러드그램,샐러드;소고기샐러드;간단샐러드;샐러드식단;샐러드그램,육회먹구 남은소고기로 양배추 양파 올리브 당근 올리브유에 볶고 소고기볶고 생 레몬 뿌려주기 #샐러드#소고기샐러드#간단샐러드#샐러드식단#샐러드그램,"[""육회먹구"", ""남은소고기로"", ""양배추"", ""양파"", ""올리브"", ""당근"", ""올리브유에"", ""볶고"", ""소고기볶고"", ""레몬"", ""뿌려주기""]","[""샐러드"", ""소고기샐러드"", ""간단샐러드"", ""샐러드식단"", ""샐러드그램""]","[""육회먹구"", ""남은소고기로"", ""양배추"", ""양파"", ""올리브"", ""당근"", ""올리브유에"", ""볶고"", ""소고기볶고"", ""레몬"", ""뿌려주기"", ""샐러드"", ""소고기샐러드"", ""간단샐러드"", ""샐러드식단"", ""샐러드그램""]"
https://www.instagram.com/p/DOgNCNXCcq2/,"#떡갈비  #샐러드 #닭가슴살 #샌드위치  #남원샐러드 #예촌샐러드 #남원포케 #포케 #남원특별자치도 #남원단체주문 #예약제 #광한루샐러드 #배민 #요기요  #네이버떡갈비 샐러드, 닭가슴살 샐러드~~~^^",떡갈비;샐러드;닭가슴살;샌드위치;남원샐러드;예촌샐러드;남원포케;포케;남원특별자치도;남원단체주문;예약제;광한루샐러드;배민;요기요;네이버떡갈비,#떡갈비 #샐러드 #닭가슴살 #샌드위치 #남원샐러드 #예촌샐러드 #남원포케 #포케 #남원특별자치도 #남원단체주문 #예약제 #광한루샐러드 #배민 #요기요 #네이버떡갈비 샐러드 닭가슴살 샐러드,"[""샐러드"", ""닭가슴살"", ""샐러드""]","[""떡갈비"", ""샐러드"", ""닭가슴살"", ""샌드위치"", ""남원샐러드"", ""예촌샐러드"", ""남원포케"", ""포케"", ""남원특별자치도"", ""남원단체주문"", ""예약제"", ""광한루샐러드"", ""배민"", ""요기요"", ""네이버떡갈비""]","[""샐러드"", ""닭가슴살"", ""샐러드"", ""떡갈비"", ""샐러드"", ""닭가슴살"", ""샌드위치"", ""남원샐러드"", ""예촌샐러드"", ""남원포케"", ""포케"", ""남원특별자치도"", ""남원단체주문"", ""예약제"", ""광한루샐러드"", ""배민"", ""요기요"", ""네이버떡갈비""]"
https://www.instagram.com/p/DQIO4rzk1BR/,.#운동 후 #프레쉬 하게 #샐러드 느낌이지만현실은 #탄수화물 폭탄이네 #화반.#감성 가득 #아기자기 #소품 가득#핸드메이드 #소품샵 #파파마켓 예쁜것들천지#오랜만에 만나서 너무 반가웠어요.#삼냥제과 #소금빵 #케이크 #휘낭시에 #에그타르트#카페투어 일은 안하니?.#한우등심 #살치살 #육회 한우통볏국 #된장술밥#꾸석지 한우 소고기.#세모집 #대하 #오징어튀김 #새우머리버터구이3차까지 간 그대들이여 대단하오.하루종일 밖에 있은 느낌이야#24시간이모자라#쳬력보충 하러 간건데 #리스타트 해야할 판,운동;프레쉬;샐러드;탄수화물;화반;감성;아기자기;소품;핸드메이드;소품샵;파파마켓;오랜만에;삼냥제과;소금빵;케이크;휘낭시에;에그타르트;카페투어;한우등심;살치살;육회;된장술밥;꾸석지;세모집;대하;오징어튀김;새우머리버터구이3차까지;24시간이모자라;쳬력보충;리스타트,#운동 후 #프레쉬 하게 #샐러드 느낌이지만현실은 #탄수화물 폭탄이네 #화반 #감성 가득 #아기자기 #소품 가득#핸드메이드 #소품샵 #파파마켓 예쁜것들천지#오랜만에 만나서 너무 반가웠어요 #삼냥제과 #소금빵 #케이크 #휘낭시에 #에그타르트#카페투어 일은 안하니 #한우등심 #살치살 #육회 한우통볏국 #된장술밥#꾸석지 한우 소고기 #세모집 #대하 #오징어튀김 #새우머리버터구이 차까지 간 그대들이여 대단하오 하루종일 밖에 있은 느낌이야# 시간이모자라#쳬력보충 하러 간건데 #리스타트 해야할 판,"[""하게"", ""느낌이지만현실은"", ""폭탄이네"", ""예쁜것들천지"", ""만나서"", ""반가웠어요"", ""일은"", ""안하니"", ""한우통볏국"", ""한우"", ""소고기"", ""차까지"", ""그대들이여"", ""대단하오"", ""하루종일"", ""밖에"", ""있은"", ""느낌이야"", ""시간이모자라"", ""하러"", ""간건데"", ""해야할""]","[""운동"", ""프레쉬"", ""샐러드"", ""탄수화물"", ""화반"", ""감성"", ""아기자기"", ""소품"", ""핸드메이드"", ""소품샵"", ""파파마켓"", ""삼냥제과"", ""소금빵"", ""케이크"", ""휘낭시에"", ""에그타르트"", ""카페투어"", ""한우등심"", ""살치살"", ""육회"", ""된장술밥"", ""꾸석지"", ""세모집"", ""대하"", ""오징어튀김"", ""새우머리버터구이"", ""차까지"", ""시간이모자라"", ""쳬력보충"", ""리스타트""]","[""하게"", ""느낌이지만현실은"", ""폭탄이네"", ""예쁜것들천지"", ""만나서"", ""반가웠어요"", ""일은"", ""안하니"", ""한우통볏국"", ""한우"", ""소고기"", ""차까지"", ""그대들이여"", ""대단하오"", ""하루종일"", ""밖에"", ""있은"", ""느낌이야"", ""시간이모자라"", ""하러"", ""간건데"", ""해야할"", ""운동"", ""프레쉬"", ""샐러드"", ""탄수화물"", ""화반"", ""감성"", ""아기자기"", ""소품"", ""핸드메이드"", ""소품샵"", ""파파마켓"", ""삼냥제과"", ""소금빵"", ""케이크"", ""휘낭시에"", ""에그타르트"", ""카페투어"", ""한우등심"", ""살치살"", ""육회"", ""된장술밥"", ""꾸석지"", ""세모집"", ""대하"", ""오징어튀김"", ""새우머리버터구이"", ""차까지"", ""시간이모자라"", ""쳬력보충"", ""리스타트""]"
https://www.instagram.com/p/DQI818Qkj-B/,#샐러드 #샐러드 #맛살 #계란후라이 #eggs ##tomato #샌드위치 #sandwich #tomato #tangerine #출근 #직장인 #아침식사 #아침 #아침밥 #올리브오일 #연근조림 #연근 #가을 #가을타나봐,샐러드;맛살;계란후라이;eggs;tomato;샌드위치;sandwich;tangerine;출근;직장인;아침식사;아침;아침밥;올리브오일;연근조림;연근;가을;가을타나봐,#샐러드 #샐러드 #맛살 #계란후라이 # ## #샌드위치 # # # #출근 #직장인 #아침식사 #아침 #아침밥 #올리브오일 #연근조림 #연근 #가을 #가을타나봐,[],"[""샐러드"", ""맛살"", ""계란후라이"", ""샌드위치"", ""출근"", ""직장인"", ""아침식사"", ""아침"", ""아침밥"", ""올리브오일"", ""연근조림"", ""연근"", ""가을"", ""가을타나봐""]","[""샐러드"", ""맛살"", ""계란후라이"", ""샌드위치"", ""출근"", ""직장인"", ""아침식사"", ""아침"", ""아침밥"", ""올리브오일"", ""연근조림"", ""연근"", ""가을"", ""가을타나봐""]"
https://www.instagram.com/p/DQIjLgEAbYp/,♡마샹스사천마샹스 사천점에서도 파티가 가능합니다^^얼마전 있었던 칠순 파티였어요.연말파티 마샹스와 함께 하세요.멋지게 만들어드릴게요 ~~~♡..#마샹스#마샹스사천#마샹스남해#마샹스삼천포#브런치카페#카페#다이닝#와인#맥주#파스타#스테이크#샐러드#다이어트#다이어트식단#스무디#아보카도#해물파스타#남해#테라스카페#파티#과일컵#도시락#박스케이터링,마샹스;마샹스사천;마샹스남해;마샹스삼천포;브런치카페;카페;다이닝;와인;맥주;파스타;스테이크;샐러드;다이어트;다이어트식단;스무디;아보카도;해물파스타;남해;테라스카페;파티;과일컵;도시락;박스케이터링,마샹스사천마샹스 사천점에서도 파티가 가능합니다 얼마전 있었던 칠순 파티였어요 연말파티 마샹스와 함께 하세요 멋지게 만들어드릴게요 #마샹스#마샹스사천#마샹스남해#마샹스삼천포#브런치카페#카페#다이닝#와인#맥주#파스타#스테이크#샐러드#다이어트#다이어트식단#스무디#아보카도#해물파스타#남해#테라스카페#파티#과일컵#도시락#박스케이터링,"[""마샹스사천마샹스"", ""사천점에서도"", ""파티가"", ""얼마전"", ""있었던"", ""칠순"", ""파티였어요"", ""연말파티"", ""마샹스와"", ""함께"", ""하세요"", ""멋지게"", ""만들어드릴게요""]","[""마샹스"", ""마샹스사천"", ""마샹스남해"", ""마샹스삼천포"", ""브런치카페"", ""카페"", ""다이닝"", ""와인"", ""맥주"", ""파스타"", ""스테이크"", ""샐러드"", ""다이어트"", ""다이어트식단"", ""스무디"", ""아보카도"", ""해물파스타"", ""남해"", ""테라스카페"", ""파티"", ""과일컵"", ""도시락"", ""박스케이터링""]","[""마샹스사천마샹스"", ""사천점에서도"", ""파티가"", ""얼마전"", ""있었던"", ""칠순"", ""파티였어요"", ""연말파티"", ""마샹스와"", ""함께"", ""하세요"", ""멋지게"", ""만들어드릴게요"", ""마샹스"", ""마샹스사천"", ""마샹스남해"", ""마샹스삼천포"", ""브런치카페"", ""카페"", ""다이닝"", ""와인"", ""맥주"", ""파스타"", ""스테이크"", ""샐러드"", ""다이어트"", ""다이어트식단"", ""스무디"", ""아보카도"", ""해물파스타"", ""남해"", ""테라스카페"", ""파티"", ""과일컵"", ""도시락"", ""박스케이터링""]"
https://www.instagram.com/p/DQG-hYvjxOL/c/18535420549065508/,SAUCIT의 7가지 소스를 소개합니다.(콰트로치즈퐁듀)치즈의 풍미를 가득 담아낸 치즈 딥앤딥 소스딥한 치즈의 풍미를 즐기고 싶은 고객님들에게 추천합니다.BOLDSAUCEBOLDERFLAVORS,,의 가지 소스를 소개합니다 콰트로치즈퐁듀 치즈의 풍미를 가득 담아낸 치즈 딥앤딥 소스딥한 치즈의 풍미를 즐기고 싶은 고객님들에게 추천합니다,"[""소스를"", ""콰트로치즈퐁듀"", ""치즈의"", ""풍미를"", ""담아낸"", ""치즈"", ""딥앤딥"", ""소스딥한"", ""치즈의"", ""풍미를"", ""즐기고"", ""고객님들에게""]","[""소스를"", ""콰트로치즈퐁듀"", ""치즈의"", ""풍미를"", ""담아낸"", ""치즈"", ""딥앤딥"", ""소스딥한"", ""치즈의"", ""풍미를"", ""즐기고"", ""고객님들에게""]","[""소스를"", ""콰트로치즈퐁듀"", ""치즈의"", ""풍미를"", ""담아낸"", ""치즈"", ""딥앤딥"", ""소스딥한"", ""치즈의"", ""풍미를"", ""즐기고"", ""고객님들에게"", ""소스를"", ""콰트로치즈퐁듀"", ""치즈의"", ""풍미를"", ""담아낸"", ""치즈"", ""딥앤딥"", ""소스딥한"", ""치즈의"", ""풍미를"", ""즐기고"", ""고객님들에게""]"
https://www.instagram.com/p/DLjeDIiBlKK/,"미미헌브레드 신메뉴 - 이제 미미헌브에드에서 든든한 샐러드까지 즐겨보세요.✔ 닭고기 샐러드 – 퍽퍽함 없이 촉촉하고 부드럽게✔ 에그 샐러드 – 담백하게, 산뜻하게! 닭가슴살이 살짝 물릴 땐 요걸로 딱!견과류부터 신선한 과일까지 듬뿍!드레싱은 입맛 따라 선택하세요(7가지) 💚유자레몬, 키위흑임자, 파인애플오리엔탈, 차콜레마요드레싱, 어니언 드레싱✨ 홀에서 바로 드셔도 좋고, 포장도 가능해요.맛있는 빵, 시원한 음료, 그리고이젠 건강한 샐러드까지!오늘 점심은 미미헌브레드로 정해요 🍽️#샐러드 #미미헌브레드 #강서구빵집 #빵집 #강서구카페",샐러드;미미헌브레드;강서구빵집;빵집;강서구카페,미미헌브레드 신메뉴 이제 미미헌브에드에서 든든한 샐러드까지 즐겨보세요 닭고기 샐러드 퍽퍽함 없이 촉촉하고 부드럽게 에그 샐러드 담백하게 산뜻하게 닭가슴살이 살짝 물릴 땐 요걸로 딱 견과류부터 신선한 과일까지 듬뿍 드레싱은 입맛 따라 선택하세요 가지 유자레몬 키위흑임자 파인애플오리엔탈 차콜레마요드레싱 어니언 드레싱 홀에서 바로 드셔도 좋고 포장도 가능해요 맛있는 빵 시원한 음료 그리고이젠 건강한 샐러드까지 오늘 점심은 미미헌브레드로 정해요 #샐러드 #미미헌브레드 #강서구빵집 #빵집 #강서구카페,"[""미미헌브레드"", ""신메뉴"", ""미미헌브에드에서"", ""든든한"", ""샐러드까지"", ""즐겨보세요"", ""닭고기"", ""샐러드"", ""퍽퍽함"", ""촉촉하고"", ""부드럽게"", ""에그"", ""샐러드"", ""담백하게"", ""산뜻하게"", ""닭가슴살이"", ""물릴"", ""요걸로"", ""견과류부터"", ""신선한"", ""과일까지"", ""드레싱은"", ""입맛"", ""선택하세요"", ""유자레몬"", ""키위흑임자"", ""파인애플오리엔탈"", ""차콜레마요드레싱"", ""어니언"", ""드레싱"", ""홀에서"", ""드셔도"", ""좋고"", ""포장도"", ""가능해요"", ""시원한"", ""음료"", ""그리고이젠"", ""건강한"", ""샐러드까지"", ""점심은"", ""미미헌브레드로"", ""정해요""]","[""샐러드"", ""미미헌브레드"", ""강서구빵집"", ""빵집"", ""강서구카페""]","[""미미헌브레드"", ""신메뉴"", ""미미헌브에드에서"", ""든든한"", ""샐러드까지"", ""즐겨보세요"", ""닭고기"", ""샐러드"", ""퍽퍽함"", ""촉촉하고"", ""부드럽게"", ""에그"", ""샐러드"", ""담백하게"", ""산뜻하게"", ""닭가슴살이"", ""물릴"", ""요걸로"", ""견과류부터"", ""신선한"", ""과일까지"", ""드레싱은"", ""입맛"", ""선택하세요"", ""유자레몬"", ""키위흑임자"", ""파인애플오리엔탈"", ""차콜레마요드레싱"", ""어니언"", ""드레싱"", ""홀에서"", ""드셔도"", ""좋고"", ""포장도"", ""가능해요"", ""시원한"", ""음료"", ""그리고이젠"", ""건강한"", ""샐러드까지"", ""점심은"", ""미미헌브레드로"", ""정해요"", ""샐러드"", ""미미헌브레드"", ""강서구빵집"", ""빵집"", ""강서구카페""]"
https://www.instagram.com/p/DNn8Q2jzcwA/c/18232598662293846/,"#시금치피자 최화정 시금치피자를 응용한 시금치또띠아비주얼 포기 포기 ~~ 접어서 냅따 종이컵에 줘벌여 ~~ ! 맛있으면 장땡시금치에 올리브유, 흑후추, 소금 진짜 약간 버물버물베이컨은 잘게 썰어 볶아 준비방울토마토(대) 4등분 준비소스 : 그릭요거트 0.8K, 마요네즈, 물엿또띠아 팬에 굽 -> 반 자르기 -> 소스 바르기 -> 시금치, 베이컨, 방울토마토 -> 눈꽃치즈, 그라나파다노치즈 갈갈 -> 접기사이즈부터 시작해서 고민 오백만개였지만 이건 진짜 소스랑 치즈가 다 했다지인짜 너무 맛있고 시금치 맛 1도 안난다고 하셔서 또 줄라구요 ❤️#신메뉴 #들기름유부메밀면유부가 저거 보다는 많이 들어갔는데요 ~~간단한데 맛도 있어서 적극츄쳔 추가 배식도 많았어우#부추비빔밥원래 빨갛게 나가는건데 .. ㅠㅠ 조리계획표에 빨갛게라고 안 써뒀어 ㅜㅜ#홍합탕...#영양사#조리사#단체급식#요리#레시피#또띠아#다이어트#food#foodstagram#맛집#맛점#식당#구내식당#샐러드#식단공유#식단#메뉴#메뉴공유#8월#8월메뉴#시금치요리#피자#양식#식단기록",시금치피자;신메뉴;들기름유부메밀면유부가;부추비빔밥원래;홍합탕;영양사;조리사;단체급식;요리;레시피;또띠아;다이어트;food;foodstagram;맛집;맛점;식당;구내식당;샐러드;식단공유;식단;메뉴;메뉴공유;8월;8월메뉴;시금치요리;피자;양식;식단기록,#시금치피자 최화정 시금치피자를 응용한 시금치또띠아비주얼 포기 포기 접어서 냅따 종이컵에 줘벌여 맛있으면 장땡시금치에 올리브유 흑후추 소금 진짜 약간 버물버물베이컨은 잘게 썰어 볶아 준비방울토마토 대 등분 준비소스 그릭요거트 마요네즈 물엿또띠아 팬에 굽 반 자르기 소스 바르기 시금치 베이컨 방울토마토 눈꽃치즈 그라나파다노치즈 갈갈 접기사이즈부터 시작해서 고민 오백만개였지만 이건 진짜 소스랑 치즈가 다 했다지인짜 너무 맛있고 시금치 맛 도 안난다고 하셔서 또 줄라구요 #신메뉴 #들기름유부메밀면유부가 저거 보다는 많이 들어갔는데요 간단한데 맛도 있어서 적극츄쳔 추가 배식도 많았어우#부추비빔밥원래 빨갛게 나가는건데 ㅠㅠ 조리계획표에 빨갛게라고 안 써뒀어 ㅜㅜ#홍합탕 #영양사#조리사#단체급식#요리#레시피#또띠아#다이어트# # #맛집#맛점#식당#구내식당#샐러드#식단공유#식단#메뉴#메뉴공유# 월# 월메뉴#시금치요리#피자#양식#식단기록,"[""최화정"", ""시금치피자를"", ""응용한"", ""시금치또띠아비주얼"", ""포기"", ""포기"", ""접어서"", ""냅따"", ""종이컵에"", ""줘벌여"", ""맛있으면"", ""장땡시금치에"", ""올리브유"", ""흑후추"", ""소금"", ""버물버물베이컨은"", ""잘게"", ""썰어"", ""볶아"", ""준비방울토마토"", ""등분"", ""준비소스"", ""그릭요거트"", ""마요네즈"", ""물엿또띠아"", ""팬에"", ""자르기"", ""소스"", ""바르기"", ""시금치"", ""베이컨"", ""방울토마토"", ""눈꽃치즈"", ""그라나파다노치즈"", ""갈갈"", ""접기사이즈부터"", ""시작해서"", ""고민"", ""오백만개였지만"", ""이건"", ""소스랑"", ""치즈가"", ""했다지인짜"", ""시금치"", ""안난다고"", ""하셔서"", ""줄라구요"", ""저거"", ""보다는"", ""들어갔는데요"", ""간단한데"", ""맛도"", ""적극츄쳔"", ""배식도"", ""많았어우"", ""빨갛게"", ""나가는건데"", ""ㅠㅠ"", ""조리계획표에"", ""빨갛게라고"", ""써뒀어"", ""ㅜㅜ"", ""월메뉴""]","[""시금치피자"", ""신메뉴"", ""들기름유부메밀면유부가"", ""부추비빔밥원래"", ""홍합탕"", ""영양사"", ""조리사"", ""단체급식"", ""요리"", ""레시피"", ""또띠아"", ""다이어트"", ""맛집"", ""맛점"", ""식당"", ""구내식당"", ""샐러드"", ""식단공유"", ""식단"", ""메뉴공유"", ""월메뉴"", ""시금치요리"", ""피자"", ""양식"", ""식단기록""]","[""최화정"", ""시금치피자를"", ""응용한"", ""시금치또띠아비주얼"", ""포기"", ""포기"", ""접어서"", ""냅따"", ""종이컵에"", ""줘벌여"", ""맛있으면"", ""장땡시금치에"", ""올리브유"", ""흑후추"", ""소금"", ""버물버물베이컨은"", ""잘게"", ""썰어"", ""볶아"", ""준비방울토마토"", ""등분"", ""준비소스"", ""그릭요거트"", ""마요네즈"", ""물엿또띠아"", ""팬에"", ""자르기"", ""소스"", ""바르기"", ""시금치"", ""베이컨"", ""방울토마토"", ""눈꽃치즈"", ""그라나파다노치즈"", ""갈갈"", ""접기사이즈부터"", ""시작해서"", ""고민"", ""오백만개였지만"", ""이건"", ""소스랑"", ""치즈가"", ""했다지인짜"", ""시금치"", ""안난다고"", ""하셔서"", ""줄라구요"", ""저거"", ""보다는"", ""들어갔는데요"", ""간단한데"", ""맛도"", ""적극츄쳔"", ""배식도"", ""많았어우"", ""빨갛게"", ""나가는건데"", ""ㅠㅠ"", ""조리계획표에"", ""빨갛게라고"", ""써뒀어"", ""ㅜㅜ"", ""월메뉴"", ""시금치피자"", ""신메뉴"", ""들기름유부메밀면유부가"", ""부추비빔밥원래"", ""홍합탕"", ""영양사"", ""조리사"", ""단체급식"", ""요리"", ""레시피"", ""또띠아"", ""다이어트"", ""맛집"", ""맛점"", ""식당"", ""구내식당"", ""샐러드"", ""식단공유"", ""식단"", ""메뉴공유"", ""월메뉴"", ""시금치요리"", ""피자"", ""양식"", ""식단기록""]"
https://www.instagram.com/p/DP2y5J7kxAw/,#오늘의디저트알룰로스 뿌린~무화과+샤인+그릭요거트 샐러드💚맛있오..☺️#무화과 #그릭요거트,오늘의디저트알룰로스;무화과;그릭요거트,#오늘의디저트알룰로스 뿌린 무화과 샤인 그릭요거트 샐러드 맛있오 #무화과 #그릭요거트,"[""뿌린"", ""무화과"", ""샤인"", ""그릭요거트"", ""샐러드"", ""맛있오""]","[""오늘의디저트알룰로스"", ""무화과"", ""그릭요거트""]","[""뿌린"", ""무화과"", ""샤인"", ""그릭요거트"", ""샐러드"", ""맛있오"", ""오늘의디저트알룰로스"", ""무화과"", ""그릭요거트""]"
https://www.instagram.com/p/DPqJVO3EiQU/,"추석연휴 끝내고 재료준비 완료!이번주 과일들은 상큼함으로 준비했습니다점보그린키위 향긋한샤인머스켓월요배송으로 맛있게 배송해드리겠습니다🚚........전화상담 0316747004 / 01048047004.카카오페이지링크: https://pf.kakao.com/_HWMEj.카카오톡에서 “샐러디하우스” 검색해주세요~: ).네이버스마트스토어링크: https://smartstore.naver.com/saladyhouse/products/7552805178....🥦소중한 나의 식단 1일1샐러드.🥦매일 다른 다양한 샐러드.🥦회원님 문앞까지 무료 배송🚚🥦당일 구입. 당일 제조. 당일 배송🚛🥦한끼 식사 대용 약 400g 샐러드.🥦칼로리 높은 마요네즈 드레싱.❌🥦올리브 오일을 베이스로한 수제 드레싱!🥦하루 한끼만 관리하셔도 일상이 달라집니다.🍅배송지역)천안, 아산, 평택, 송탄, 안성🍅주문 및 문의는 상단 링크를 참고해주세요😊...#안성#공도#평택#송탄#천안#아산#안성샐러드#평택샐러드#천안샐러드#샐러드#샐러디하우스#샐러드배송#샐러드배달#샐러드도시락#샐러드정기배송#건강식샐러드#건강식식단#식단조절#식단관리#건강관리#1일1식#운동#헬스#자기관리#다이어트#정기배송",안성;공도;평택;송탄;천안;아산;안성샐러드;평택샐러드;천안샐러드;샐러드;샐러디하우스;샐러드배송;샐러드배달;샐러드도시락;샐러드정기배송;건강식샐러드;건강식식단;식단조절;식단관리;건강관리;1일1식;운동;헬스;자기관리;다이어트;정기배송,추석연휴 끝내고 재료준비 완료 이번주 과일들은 상큼함으로 준비했습니다점보그린키위 향긋한샤인머스켓월요배송으로 맛있게 배송해드리겠습니다 전화상담 카카오페이지링크 샐러디하우스 검색해주세요 네이버스마트스토어링크 나의 식단 일 샐러드 매일 다른 다양한 샐러드 회원님 문앞까지 무료 배송 당일 구입 당일 제조 당일 배송 한끼 식사 대용 약 샐러드 칼로리 높은 마요네즈 드레싱 올리브 오일을 베이스로한 수제 드레싱 하루 한끼만 관리하셔도 일상이 달라집니다 배송지역 천안 아산 평택 송탄 안성 주문 및 문의는 상단 링크를 참고해주세요 #안성#공도#평택#송탄#천안#아산#안성샐러드#평택샐러드#천안샐러드#샐러드#샐러디하우스#샐러드배송#샐러드배달#샐러드도시락#샐러드정기배송#건강식샐러드#건강식식단#식단조절#식단관리#건강관리# 일 식#운동#헬스#자기관리#다이어트#정기배송,"[""추석연휴"", ""끝내고"", ""재료준비"", ""완료"", ""이번주"", ""과일들은"", ""상큼함으로"", ""준비했습니다점보그린키위"", ""향긋한샤인머스켓월요배송으로"", ""배송해드리겠습니다"", ""전화상담"", ""카카오페이지링크"", ""샐러디하우스"", ""검색해주세요"", ""네이버스마트스토어링크"", ""나의"", ""식단"", ""샐러드"", ""매일"", ""다양한"", ""샐러드"", ""회원님"", ""문앞까지"", ""배송"", ""당일"", ""구입"", ""당일"", ""제조"", ""당일"", ""배송"", ""한끼"", ""식사"", ""대용"", ""샐러드"", ""칼로리"", ""높은"", ""마요네즈"", ""드레싱"", ""올리브"", ""오일을"", ""베이스로한"", ""수제"", ""드레싱"", ""하루"", ""한끼만"", ""관리하셔도"", ""일상이"", ""달라집니다"", ""배송지역"", ""천안"", ""아산"", ""평택"", ""송탄"", ""안성"", ""주문"", ""문의는"", ""상단"", ""링크를"", ""참고해주세요""]","[""안성"", ""공도"", ""평택"", ""송탄"", ""천안"", ""아산"", ""안성샐러드"", ""평택샐러드"", ""천안샐러드"", ""샐러드"", ""샐러디하우스"", ""샐러드배송"", ""샐러드배달"", ""샐러드도시락"", ""샐러드정기배송"", ""건강식샐러드"", ""건강식식단"", ""식단조절"", ""식단관리"", ""건강관리"", ""운동"", ""헬스"", ""자기관리"", ""다이어트"", ""정기배송""]","[""추석연휴"", ""끝내고"", ""재료준비"", ""완료"", ""이번주"", ""과일들은"", ""상큼함으로"", ""준비했습니다점보그린키위"", ""향긋한샤인머스켓월요배송으로"", ""배송해드리겠습니다"", ""전화상담"", ""카카오페이지링크"", ""샐러디하우스"", ""검색해주세요"", ""네이버스마트스토어링크"", ""나의"", ""식단"", ""샐러드"", ""매일"", ""다양한"", ""샐러드"", ""회원님"", ""문앞까지"", ""배송"", ""당일"", ""구입"", ""당일"", ""제조"", ""당일"", ""배송"", ""한끼"", ""식사"", ""대용"", ""샐러드"", ""칼로리"", ""높은"", ""마요네즈"", ""드레싱"", ""올리브"", ""오일을"", ""베이스로한"", ""수제"", ""드레싱"", ""하루"", ""한끼만"", ""관리하셔도"", ""일상이"", ""달라집니다"", ""배송지역"", ""천안"", ""아산"", ""평택"", ""송탄"", ""안성"", ""주문"", ""문의는"", ""상단"", ""링크를"", ""참고해주세요"", ""안성"", ""공도"", ""평택"", ""송탄"", ""천안"", ""아산"", ""안성샐러드"", ""평택샐러드"", ""천안샐러드"", ""샐러드"", ""샐러디하우스"", ""샐러드배송"", ""샐러드배달"", ""샐러드도시락"", ""샐러드정기배송"", ""건강식샐러드"", ""건강식식단"", ""식단조절"", ""식단관리"", ""건강관리"", ""운동"", ""헬스"", ""자기관리"", ""다이어트"", ""정기배송""]"
https://www.instagram.com/p/DQIherPgc7z/,오늘의 샐러드 .#우삼겹메밀면샐러드 #또띠아월남쌈샐러드 준비했어요 ..#촌스마마_화_수_목_금_낮12시오픈입니다#촌스마마 #핸드메이드 #많이달지않은마카롱 #쫀득한마카롱#좋은재료와정성은진리다 #마카롱 #샐러드 #샌드위치 #마카롱맛집 #샌드위치맛집 #샐러드맛집 #곡성 #남원 #순천 #광주 #곡성뚝방마켓 #곡성마카롱,우삼겹메밀면샐러드;또띠아월남쌈샐러드;촌스마마_화_수_목_금_낮12시오픈입니다;촌스마마;핸드메이드;많이달지않은마카롱;쫀득한마카롱;좋은재료와정성은진리다;마카롱;샐러드;샌드위치;마카롱맛집;샌드위치맛집;샐러드맛집;곡성;남원;순천;광주;곡성뚝방마켓;곡성마카롱,오늘의 샐러드 #우삼겹메밀면샐러드 #또띠아월남쌈샐러드 준비했어요 #촌스마마 화 수 목 금 낮 시오픈입니다#촌스마마 #핸드메이드 #많이달지않은마카롱 #쫀득한마카롱#좋은재료와정성은진리다 #마카롱 #샐러드 #샌드위치 #마카롱맛집 #샌드위치맛집 #샐러드맛집 #곡성 #남원 #순천 #광주 #곡성뚝방마켓 #곡성마카롱,"[""샐러드"", ""준비했어요""]","[""우삼겹메밀면샐러드"", ""또띠아월남쌈샐러드"", ""촌스마마"", ""촌스마마"", ""핸드메이드"", ""많이달지않은마카롱"", ""쫀득한마카롱"", ""좋은재료와정성은진리다"", ""마카롱"", ""샐러드"", ""샌드위치"", ""마카롱맛집"", ""샌드위치맛집"", ""샐러드맛집"", ""곡성"", ""남원"", ""순천"", ""광주""]","[""샐러드"", ""준비했어요"", ""우삼겹메밀면샐러드"", ""또띠아월남쌈샐러드"", ""촌스마마"", ""촌스마마"", ""핸드메이드"", ""많이달지않은마카롱"", ""쫀득한마카롱"", ""좋은재료와정성은진리다"", ""마카롱"", ""샐러드"", ""샌드위치"", ""마카롱맛집"", ""샌드위치맛집"", ""샐러드맛집"", ""곡성"", ""남원"", ""순천"", ""광주""]"
https://www.instagram.com/p/DP2dqddEla8/,"🍛라이스 페이퍼 채소들과 카레닭생각보다 아쉬웠지만 사진이 아까워 남겨보는 기록🙄라이스 페이퍼로 감싼 채소에 뭐가 잘 어우러질까,곁들일 게 있을까 고민해보다가 생각해본 조합✨먼저 썰어낸 채소들은 물 묻힌 라이스 페이퍼에 감싸서에어프라이어에 넣어 구워내고주방 한 켠, 눈에 들어온 아기용 카레소스궁금한 마음에 하나 가져와 데친 닭안심살 버무리기🐔그러다 문득 연근이 떠올라 라이스 페이퍼 채소는 줄이고대신 연근을 찜기로 익혀냈다😌예상과 달리 허전한 색감에 부랴부랴 연근에 방토라도 얹어봅니다아기용 카레소스라 그런건지, 닭안심살에 비하여 양이 부족했던 건지맛은 연해서 조금 아쉬웠지만 라이스 페이퍼 채소,그리고 카레소스로 버무린 닭고기의 조합은 나름 괜찮았던 것 같아서기록해보는 이번의 식사🫠사진에는 없지만 김치도 곁들였고-굳이 라이스 페이퍼가 아닌 다른 식으로도 활용해보면 나쁘지 않을 것 같다- 하는 생각이 들었던 식사에요🤔",,라이스 페이퍼 채소들과 카레닭생각보다 아쉬웠지만 사진이 아까워 남겨보는 기록 라이스 페이퍼로 감싼 채소에 뭐가 잘 어우러질까 곁들일 게 있을까 고민해보다가 생각해본 조합 먼저 썰어낸 채소들은 물 묻힌 라이스 페이퍼에 감싸서에어프라이어에 넣어 구워내고주방 한 켠 눈에 들어온 아기용 카레소스궁금한 마음에 하나 가져와 데친 닭안심살 버무리기 그러다 문득 연근이 떠올라 라이스 페이퍼 채소는 줄이고대신 연근을 찜기로 익혀냈다 예상과 달리 허전한 색감에 부랴부랴 연근에 방토라도 얹어봅니다아기용 카레소스라 그런건지 닭안심살에 비하여 양이 부족했던 건지맛은 연해서 조금 아쉬웠지만 라이스 페이퍼 채소 그리고 카레소스로 버무린 닭고기의 조합은 나름 괜찮았던 것 같아서기록해보는 이번의 식사 사진에는 없지만 김치도 곁들였고 굳이 라이스 페이퍼가 아닌 다른 식으로도 활용해보면 나쁘지 않을 것 같다 하는 생각이 들었던 식사에요,"[""라이스"", ""페이퍼"", ""채소들과"", ""카레닭생각보다"", ""아쉬웠지만"", ""사진이"", ""아까워"", ""남겨보는"", ""기록"", ""라이스"", ""페이퍼로"", ""감싼"", ""채소에"", ""뭐가"", ""어우러질까"", ""곁들일"", ""있을까"", ""고민해보다가"", ""생각해본"", ""썰어낸"", ""채소들은"", ""묻힌"", ""라이스"", ""페이퍼에"", ""감싸서에어프라이어에"", ""구워내고주방"", ""눈에"", ""들어온"", ""아기용"", ""카레소스궁금한"", ""마음에"", ""가져와"", ""데친"", ""닭안심살"", ""버무리기"", ""그러다"", ""문득"", ""연근이"", ""떠올라"", ""라이스"", ""페이퍼"", ""채소는"", ""줄이고대신"", ""연근을"", ""찜기로"", ""익혀냈다"", ""예상과"", ""달리"", ""허전한"", ""색감에"", ""부랴부랴"", ""연근에"", ""방토라도"", ""얹어봅니다아기용"", ""카레소스라"", ""그런건지"", ""닭안심살에"", ""비하여"", ""부족했던"", ""건지맛은"", ""연해서"", ""아쉬웠지만"", ""라이스"", ""페이퍼"", ""채소"", ""카레소스로"", ""버무린"", ""닭고기의"", ""조합은"", ""나름"", ""괜찮았던"", ""같아서기록해보는"", ""이번의"", ""식사"", ""사진에는"", ""없지만"", ""김치도"", ""곁들였고"", ""굳이"", ""라이스"", ""페이퍼가"", ""아닌"", ""식으로도"", ""활용해보면"", ""나쁘지"", ""않을"", ""생각이"", ""들었던"", ""식사에요""]","[""라이스"", ""페이퍼"", ""채소들과"", ""카레닭생각보다"", ""아쉬웠지만"", ""사진이"", ""아까워"", ""남겨보는"", ""기록"", ""라이스"", ""페이퍼로"", ""감싼"", ""채소에"", ""뭐가"", ""어우러질까"", ""곁들일"", ""있을까"", ""고민해보다가"", ""생각해본"", ""썰어낸"", ""채소들은"", ""묻힌"", ""라이스"", ""페이퍼에"", ""감싸서에어프라이어에"", ""구워내고주방"", ""눈에"", ""들어온"", ""아기용"", ""카레소스궁금한"", ""마음에"", ""가져와"", ""데친"", ""닭안심살"", ""버무리기"", ""그러다"", ""문득"", ""연근이"", ""떠올라"", ""라이스"", ""페이퍼"", ""채소는"", ""줄이고대신"", ""연근을"", ""찜기로"", ""익혀냈다"", ""예상과"", ""달리"", ""허전한"", ""색감에"", ""부랴부랴"", ""연근에"", ""방토라도"", ""얹어봅니다아기용"", ""카레소스라"", ""그런건지"", ""닭안심살에"", ""비하여"", ""부족했던"", ""건지맛은"", ""연해서"", ""아쉬웠지만"", ""라이스"", ""페이퍼"", ""채소"", ""카레소스로"", ""버무린"", ""닭고기의"", ""조합은"", ""나름"", ""괜찮았던"", ""같아서기록해보는"", ""이번의"", ""식사"", ""사진에는"", ""없지만"", ""김치도"", ""곁들였고"", ""굳이"", ""라이스"", ""페이퍼가"", ""아닌"", ""식으로도"", ""활용해보면"", ""나쁘지"", ""않을"", ""생각이"", ""들었던"", ""식사에요""]","[""라이스"", ""페이퍼"", ""채소들과"", ""카레닭생각보다"", ""아쉬웠지만"", ""사진이"", ""아까워"", ""남겨보는"", ""기록"", ""라이스"", ""페이퍼로"", ""감싼"", ""채소에"", ""뭐가"", ""어우러질까"", ""곁들일"", ""있을까"", ""고민해보다가"", ""생각해본"", ""썰어낸"", ""채소들은"", ""묻힌"", ""라이스"", ""페이퍼에"", ""감싸서에어프라이어에"", ""구워내고주방"", ""눈에"", ""들어온"", ""아기용"", ""카레소스궁금한"", ""마음에"", ""가져와"", ""데친"", ""닭안심살"", ""버무리기"", ""그러다"", ""문득"", ""연근이"", ""떠올라"", ""라이스"", ""페이퍼"", ""채소는"", ""줄이고대신"", ""연근을"", ""찜기로"", ""익혀냈다"", ""예상과"", ""달리"", ""허전한"", ""색감에"", ""부랴부랴"", ""연근에"", ""방토라도"", ""얹어봅니다아기용"", ""카레소스라"", ""그런건지"", ""닭안심살에"", ""비하여"", ""부족했던"", ""건지맛은"", ""연해서"", ""아쉬웠지만"", ""라이스"", ""페이퍼"", ""채소"", ""카레소스로"", ""버무린"", ""닭고기의"", ""조합은"", ""나름"", ""괜찮았던"", ""같아서기록해보는"", ""이번의"", ""식사"", ""사진에는"", ""없지만"", ""김치도"", ""곁들였고"", ""굳이"", ""라이스"", ""페이퍼가"", ""아닌"", ""식으로도"", ""활용해보면"", ""나쁘지"", ""않을"", ""생각이"", ""들었던"", ""식사에요"", ""라이스"", ""페이퍼"", ""채소들과"", ""카레닭생각보다"", ""아쉬웠지만"", ""사진이"", ""아까워"", ""남겨보는"", ""기록"", ""라이스"", ""페이퍼로"", ""감싼"", ""채소에"", ""뭐가"", ""어우러질까"", ""곁들일"", ""있을까"", ""고민해보다가"", ""생각해본"", ""썰어낸"", ""채소들은"", ""묻힌"", ""라이스"", ""페이퍼에"", ""감싸서에어프라이어에"", ""구워내고주방"", ""눈에"", ""들어온"", ""아기용"", ""카레소스궁금한"", ""마음에"", ""가져와"", ""데친"", ""닭안심살"", ""버무리기"", ""그러다"", ""문득"", ""연근이"", ""떠올라"", ""라이스"", ""페이퍼"", ""채소는"", ""줄이고대신"", ""연근을"", ""찜기로"", ""익혀냈다"", ""예상과"", ""달리"", ""허전한"", ""색감에"", ""부랴부랴"", ""연근에"", ""방토라도"", ""얹어봅니다아기용"", ""카레소스라"", ""그런건지"", ""닭안심살에"", ""비하여"", ""부족했던"", ""건지맛은"", ""연해서"", ""아쉬웠지만"", ""라이스"", ""페이퍼"", ""채소"", ""카레소스로"", ""버무린"", ""닭고기의"", ""조합은"", ""나름"", ""괜찮았던"", ""같아서기록해보는"", ""이번의"", ""식사"", ""사진에는"", ""없지만"", ""김치도"", ""곁들였고"", ""굳이"", ""라이스"", ""페이퍼가"", ""아닌"", ""식으로도"", ""활용해보면"", ""나쁘지"", ""않을"", ""생각이"", ""들었던"", ""식사에요""]"
https://www.instagram.com/p/DQIsHCeEccb/,다양한 도시락들로 오늘 하루도행복한 식사를 맞이할수있는도시락전문점 밥아조씨 입니다직원들 식사메뉴 걱정하실필요없이하루의 식사시간을 밥아조씨와 함께 해보신다면 든든한 하루와 맛있는 식사를 할수있어요!회사에 식재료 저장해둘필요없이밥아조씨가 직접고른 재료로당일 요리해서 맛있는 도시락을준비한답니다!당일 조리와 당일 무료배송하는맛있는 밥아조씨와 함께해요!#전주#전주도시락#도시락#샐러드#덮밥#직장인#직장인도시락#도시락맛집#전주도시락맛집추천#도시락추천#전주도시락추천,전주;전주도시락;도시락;샐러드;덮밥;직장인;직장인도시락;도시락맛집;전주도시락맛집추천;도시락추천;전주도시락추천,다양한 도시락들로 오늘 하루도행복한 식사를 맞이할수있는도시락전문점 밥아조씨 입니다직원들 식사메뉴 걱정하실필요없이하루의 식사시간을 밥아조씨와 함께 해보신다면 든든한 하루와 맛있는 식사를 할수있어요 회사에 식재료 저장해둘필요없이밥아조씨가 직접고른 재료로당일 요리해서 맛있는 도시락을준비한답니다 당일 조리와 당일 무료배송하는맛있는 밥아조씨와 함께해요 #전주#전주도시락#도시락#샐러드#덮밥#직장인#직장인도시락#도시락맛집#전주도시락맛집추천#도시락추천#전주도시락추천,"[""다양한"", ""도시락들로"", ""하루도행복한"", ""맞이할수있는도시락전문점"", ""밥아조씨"", ""입니다직원들"", ""식사메뉴"", ""걱정하실필요없이하루의"", ""식사시간을"", ""밥아조씨와"", ""함께"", ""해보신다면"", ""든든한"", ""하루와"", ""할수있어요"", ""회사에"", ""식재료"", ""저장해둘필요없이밥아조씨가"", ""직접고른"", ""재료로당일"", ""요리해서"", ""도시락을준비한답니다"", ""당일"", ""조리와"", ""당일"", ""무료배송하는맛있는"", ""밥아조씨와"", ""함께해요""]","[""전주"", ""전주도시락"", ""도시락"", ""샐러드"", ""덮밥"", ""직장인"", ""직장인도시락"", ""도시락맛집"", ""전주도시락맛집추천"", ""도시락추천"", ""전주도시락추천""]","[""다양한"", ""도시락들로"", ""하루도행복한"", ""맞이할수있는도시락전문점"", ""밥아조씨"", ""입니다직원들"", ""식사메뉴"", ""걱정하실필요없이하루의"", ""식사시간을"", ""밥아조씨와"", ""함께"", ""해보신다면"", ""든든한"", ""하루와"", ""할수있어요"", ""회사에"", ""식재료"", ""저장해둘필요없이밥아조씨가"", ""직접고른"", ""재료로당일"", ""요리해서"", ""도시락을준비한답니다"", ""당일"", ""조리와"", ""당일"", ""무료배송하는맛있는"", ""밥아조씨와"", ""함께해요"", ""전주"", ""전주도시락"", ""도시락"", ""샐러드"", ""덮밥"", ""직장인"", ""직장인도시락"", ""도시락맛집"", ""전주도시락맛집추천"", ""도시락추천"", ""전주도시락추천""]"
https://www.instagram.com/p/DQAzSESE-LZ/c/17988333293893467/,"10월 20일 월요일프린샌드위치 호매실점 오픈했습니다! 🥪☀️오늘은 오픈하자마자 샐러드와 포케 주문이 폭주 중이에요! 🥗🐟주말 동안 맛있는 음식 많이 즐기셨죠? 😋이제 프린샌드위치와 함께 다시 건강한 식단으로 돌아오세요💛신선하고 든든하게, 오늘도 프린하세요✨",,월 일 월요일프린샌드위치 호매실점 오픈했습니다 오늘은 오픈하자마자 샐러드와 포케 주문이 폭주 중이에요 주말 동안 맛있는 음식 많이 즐기셨죠 이제 프린샌드위치와 함께 다시 건강한 식단으로 돌아오세요 신선하고 든든하게 오늘도 프린하세요,"[""월요일프린샌드위치"", ""호매실점"", ""오픈했습니다"", ""오픈하자마자"", ""샐러드와"", ""포케"", ""주문이"", ""폭주"", ""중이에요"", ""주말"", ""동안"", ""즐기셨죠"", ""프린샌드위치와"", ""함께"", ""건강한"", ""식단으로"", ""돌아오세요"", ""신선하고"", ""든든하게"", ""프린하세요""]","[""월요일프린샌드위치"", ""호매실점"", ""오픈했습니다"", ""오픈하자마자"", ""샐러드와"", ""포케"", ""주문이"", ""폭주"", ""중이에요"", ""주말"", ""동안"", ""즐기셨죠"", ""프린샌드위치와"", ""함께"", ""건강한"", ""식단으로"", ""돌아오세요"", ""신선하고"", ""든든하게"", ""프린하세요""]","[""월요일프린샌드위치"", ""호매실점"", ""오픈했습니다"", ""오픈하자마자"", ""샐러드와"", ""포케"", ""주문이"", ""폭주"", ""중이에요"", ""주말"", ""동안"", ""즐기셨죠"", ""프린샌드위치와"", ""함께"", ""건강한"", ""식단으로"", ""돌아오세요"", ""신선하고"", ""든든하게"", ""프린하세요"", ""월요일프린샌드위치"", ""호매실점"", ""오픈했습니다"", ""오픈하자마자"", ""샐러드와"", ""포케"", ""주문이"", ""폭주"", ""중이에요"", ""주말"", ""동안"", ""즐기셨죠"", ""프린샌드위치와"", ""함께"", ""건강한"", ""식단으로"", ""돌아오세요"", ""신선하고"", ""든든하게"", ""프린하세요""]"
https://www.instagram.com/p/DQBliZFgVCh/c/17990687774716811/,"𝑭𝒆𝒆𝒍 𝒊𝒕, 𝑻𝒂𝒔𝒕𝒆 𝒊𝒕, 𝑭𝒆𝒂𝒔𝒕𝒂!🍄 트러플 동부콩 페스토 등장! ✨국내산 동부콩에느타리버섯·표고버섯, 그리고 트러플을 더했어요.🥢 버섯의 깊은 감칠맛과콩의 부드러운 풍미가 어우러져,입안 가득 고급스럽고 깔끔한 맛을 선사합니다.👉 은은한 트러플 향이 퍼지는 순간,페스타만의 품격이 느껴질 거예요🤍트러플의 깊이, 동부콩의 부드러움 —이 조화로 완성된 새로운 미식의 세계를 만나보세요!....#비건 #혈당관리 #비건레시피#Feasta #페스타 #페스토 #신선제조#국내산콩 #수제페스토 #프레시메이드 #당일제조",비건;혈당관리;비건레시피;Feasta;페스타;페스토;신선제조;국내산콩;수제페스토;프레시메이드;당일제조,트러플 동부콩 페스토 등장 국내산 동부콩에느타리버섯 표고버섯 그리고 트러플을 더했어요 버섯의 깊은 감칠맛과콩의 부드러운 풍미가 어우러져 입안 가득 고급스럽고 깔끔한 맛을 선사합니다 은은한 트러플 향이 퍼지는 순간 페스타만의 품격이 느껴질 거예요 트러플의 깊이 동부콩의 부드러움 이 조화로 완성된 새로운 미식의 세계를 만나보세요 #비건 #혈당관리 #비건레시피# #페스타 #페스토 #신선제조#국내산콩 #수제페스토 #프레시메이드 #당일제조,"[""트러플"", ""동부콩"", ""페스토"", ""등장"", ""국내산"", ""동부콩에느타리버섯"", ""표고버섯"", ""트러플을"", ""더했어요"", ""버섯의"", ""깊은"", ""감칠맛과콩의"", ""부드러운"", ""풍미가"", ""어우러져"", ""입안"", ""고급스럽고"", ""깔끔한"", ""선사합니다"", ""은은한"", ""트러플"", ""퍼지는"", ""순간"", ""페스타만의"", ""품격이"", ""느껴질"", ""거예요"", ""트러플의"", ""깊이"", ""동부콩의"", ""부드러움"", ""조화로"", ""완성된"", ""미식의"", ""세계를""]","[""비건"", ""혈당관리"", ""비건레시피"", ""페스타"", ""페스토"", ""신선제조"", ""국내산콩"", ""수제페스토"", ""프레시메이드"", ""당일제조""]","[""트러플"", ""동부콩"", ""페스토"", ""등장"", ""국내산"", ""동부콩에느타리버섯"", ""표고버섯"", ""트러플을"", ""더했어요"", ""버섯의"", ""깊은"", ""감칠맛과콩의"", ""부드러운"", ""풍미가"", ""어우러져"", ""입안"", ""고급스럽고"", ""깔끔한"", ""선사합니다"", ""은은한"", ""트러플"", ""퍼지는"", ""순간"", ""페스타만의"", ""품격이"", ""느껴질"", ""거예요"", ""트러플의"", ""깊이"", ""동부콩의"", ""부드러움"", ""조화로"", ""완성된"", ""미식의"", ""세계를"", ""비건"", ""혈당관리"", ""비건레시피"", ""페스타"", ""페스토"", ""신선제조"", ""국내산콩"", ""수제페스토"", ""프레시메이드"", ""당일제조""]"
https://www.instagram.com/p/DPsCp68komr/,"누구나 이용가능한 트레이더스열린 창고형 매장에 가치를 더하다#트레이더스고양#TRADERS고양#스타필드고양🌟샐러드 신상품🌟- 상품 : 스테이크&에그포테이토 샐러드- 가격 : 9,980원- 진열위치 : 즉석조리매장 앞 냉장 평대- 두가지 샐러드를 하나로 즐기는 듀얼 샐러드- 달콤 짭짤한 스테이크와 달달한 에그포테이토가 그대로!#신상품 #샐러드 #즉석조리 #스테이크 #에그포테이토#다이어트 #건강 #식단 #간편함 #한끼 #뚝딱#간식 #추천 #운동 #운린이 #건강한몸 #만들기#트레이더스홀세일클럽#트레이더스홀세일클럽고양점@traders_wholesale_club💚",트레이더스고양;TRADERS고양;스타필드고양;신상품;샐러드;즉석조리;스테이크;에그포테이토;다이어트;건강;식단;간편함;한끼;뚝딱;간식;추천;운동;운린이;건강한몸;만들기;트레이더스홀세일클럽;트레이더스홀세일클럽고양점,누구나 이용가능한 트레이더스열린 창고형 매장에 가치를 더하다#트레이더스고양# 고양#스타필드고양 샐러드 신상품 상품 스테이크 에그포테이토 샐러드 가격 원 진열위치 즉석조리매장 앞 냉장 평대 두가지 샐러드를 하나로 즐기는 듀얼 샐러드 달콤 짭짤한 스테이크와 달달한 에그포테이토가 그대로 #신상품 #샐러드 #즉석조리 #스테이크 #에그포테이토#다이어트 #건강 #식단 #간편함 #한끼 #뚝딱#간식 #추천 #운동 #운린이 #건강한몸 #만들기#트레이더스홀세일클럽#트레이더스홀세일클럽고양점,"[""누구나"", ""이용가능한"", ""트레이더스열린"", ""창고형"", ""매장에"", ""가치를"", ""더하다"", ""고양"", ""샐러드"", ""신상품"", ""상품"", ""스테이크"", ""에그포테이토"", ""샐러드"", ""진열위치"", ""즉석조리매장"", ""냉장"", ""평대"", ""두가지"", ""샐러드를"", ""하나로"", ""즐기는"", ""듀얼"", ""샐러드"", ""달콤"", ""짭짤한"", ""스테이크와"", ""달달한"", ""에그포테이토가""]","[""트레이더스고양"", ""고양"", ""스타필드고양"", ""신상품"", ""샐러드"", ""즉석조리"", ""스테이크"", ""에그포테이토"", ""다이어트"", ""건강"", ""식단"", ""간편함"", ""한끼"", ""뚝딱"", ""간식"", ""운동"", ""운린이"", ""건강한몸"", ""만들기"", ""트레이더스홀세일클럽"", ""트레이더스홀세일클럽고양점""]","[""누구나"", ""이용가능한"", ""트레이더스열린"", ""창고형"", ""매장에"", ""가치를"", ""더하다"", ""고양"", ""샐러드"", ""신상품"", ""상품"", ""스테이크"", ""에그포테이토"", ""샐러드"", ""진열위치"", ""즉석조리매장"", ""냉장"", ""평대"", ""두가지"", ""샐러드를"", ""하나로"", ""즐기는"", ""듀얼"", ""샐러드"", ""달콤"", ""짭짤한"", ""스테이크와"", ""달달한"", ""에그포테이토가"", ""트레이더스고양"", ""고양"", ""스타필드고양"", ""신상품"", ""샐러드"", ""즉석조리"", ""스테이크"", ""에그포테이토"", ""다이어트"", ""건강"", ""식단"", ""간편함"", ""한끼"", ""뚝딱"", ""간식"", ""운동"", ""운린이"", ""건강한몸"", ""만들기"", ""트레이더스홀세일클럽"", ""트레이더스홀세일클럽고양점""]"
https://www.instagram.com/p/DPTkNI0E6ME/,"#협찬@mommydaddy_official에서 보내주신이너 부스터 활성엽산 ⋆⑅˚₊요즘 왜 이렇게 바뿌죠 ( ･ᴗ･̥̥̥ )그래도 건강하고 예쁘게 챙겨 먹으려 노력 중이에요 .ᐟ 𖦹요 이너 부스터 활성엽산은여성에게 꼬옥 필요한 7종 비타민과 미네랄이 함유되어 있고,식약처 기능성 인정 + 특허받은 활성형 엽산을사용했다고 해요 𓂃 𓈒레몬맛 분말이라 부담 없이 먹기 좋고,개별 포장되어 있어 가지고 다니기에도 편리해요 👜불규칙한 일상으로 컨디션 케어가 필요하신 분들께추천드립니다 ₍ᐢ._.ᐢ₎♡ ༘아 그리구우 모두 행복하고 웃음이 가득한명절 보내세요 🍀 - 🩶감사합니다 @mommydaddy_official ♥",협찬,#협찬 에서 보내주신이너 부스터 활성엽산 요즘 왜 이렇게 바뿌죠 그래도 건강하고 예쁘게 챙겨 먹으려 노력 중이에요 요 이너 부스터 활성엽산은여성에게 꼬옥 필요한 종 비타민과 미네랄이 함유되어 있고 식약처 기능성 인정 특허받은 활성형 엽산을사용했다고 해요 레몬맛 분말이라 부담 없이 먹기 좋고 개별 포장되어 있어 가지고 다니기에도 편리해요 불규칙한 일상으로 컨디션 케어가 필요하신 분들께추천드립니다 아 그리구우 모두 행복하고 웃음이 가득한명절 보내세요 감사합니다,"[""보내주신이너"", ""부스터"", ""활성엽산"", ""바뿌죠"", ""건강하고"", ""예쁘게"", ""먹으려"", ""노력"", ""중이에요"", ""이너"", ""부스터"", ""활성엽산은여성에게"", ""꼬옥"", ""필요한"", ""비타민과"", ""미네랄이"", ""함유되어"", ""있고"", ""식약처"", ""기능성"", ""인정"", ""특허받은"", ""활성형"", ""엽산을사용했다고"", ""레몬맛"", ""분말이라"", ""부담"", ""먹기"", ""좋고"", ""개별"", ""포장되어"", ""가지고"", ""다니기에도"", ""편리해요"", ""불규칙한"", ""일상으로"", ""컨디션"", ""케어가"", ""필요하신"", ""분들께추천드립니다"", ""그리구우"", ""행복하고"", ""웃음이"", ""가득한명절"", ""보내세요""]",[],"[""보내주신이너"", ""부스터"", ""활성엽산"", ""바뿌죠"", ""건강하고"", ""예쁘게"", ""먹으려"", ""노력"", ""중이에요"", ""이너"", ""부스터"", ""활성엽산은여성에게"", ""꼬옥"", ""필요한"", ""비타민과"", ""미네랄이"", ""함유되어"", ""있고"", ""식약처"", ""기능성"", ""인정"", ""특허받은"", ""활성형"", ""엽산을사용했다고"", ""레몬맛"", ""분말이라"", ""부담"", ""먹기"", ""좋고"", ""개별"", ""포장되어"", ""가지고"", ""다니기에도"", ""편리해요"", ""불규칙한"", ""일상으로"", ""컨디션"", ""케어가"", ""필요하신"", ""분들께추천드립니다"", ""그리구우"", ""행복하고"", ""웃음이"", ""가득한명절"", ""보내세요""]"
https://www.instagram.com/p/DJislIDzxeM/,"오늘 날씨 완전 미쳤다. 라고 표현할만큼 좋네요5월12일 월요일.단체주문은~~죠샌드위치샐러드여주점여주죠샌드위치감사합니다.메뉴에 없는 구성도 예산에 맞춰일정에 맞춰 구성해서 단체 주문 가능합니다.문의주세요. 031-881-0107죠샌드위치 여주점경기 여주시 세종로 389, 1층https://naver.me/xmrHCQLY #죠샌드위치샐러드여주점 이 있습니다.#단체주문 문의환영 3,800원부터 구성변경 #여주맛집 여주행사간식 단체간식 학교간식 학원간식 교회간식 체육대회간식 행사간식 031-881-0107구성, 가격 최대한 맞춰원하시는 시간 배달 해드립니다. 지드림카드 여주사랑카드#샌드위치 #샐러드 음료 무료배달 치아바타 빠네디까사1.배달의민족 무료배달 최소주문 15,000원https://baemin.me/MEXGVIRmq2.요기요 배달비 5,000원최소주문 8,300원(할인쿠폰제공 ~5,000)https://yogiyo.onelink.me/BlI7/643hdoss3.배달특급 배달비 2,200원~최소주문 12,000원(지역화폐, 여주사랑카드, #지드림카드, #G드림카드 )",죠샌드위치샐러드여주점;단체주문;여주맛집;샌드위치;샐러드;지드림카드;G드림카드,오늘 날씨 완전 미쳤다 라고 표현할만큼 좋네요 월 일 월요일 단체주문은 죠샌드위치샐러드여주점여주죠샌드위치감사합니다 메뉴에 없는 구성도 예산에 맞춰일정에 맞춰 구성해서 단체 주문 가능합니다 문의주세요 죠샌드위치 여주점경기 여주시 세종로 층 #죠샌드위치샐러드여주점 이 있습니다 #단체주문 문의환영 원부터 구성변경 #여주맛집 여주행사간식 단체간식 학교간식 학원간식 교회간식 체육대회간식 행사간식 구성 가격 최대한 맞춰원하시는 시간 배달 해드립니다 지드림카드 여주사랑카드#샌드위치 #샐러드 음료 무료배달 치아바타 빠네디까사 배달의민족 무료배달 최소주문 원 배달비 원최소주문 원 할인쿠폰제공 배달비 원 최소주문 원 지역화폐 여주사랑카드 #지드림카드 # 드림카드,"[""날씨"", ""미쳤다"", ""라고"", ""표현할만큼"", ""좋네요"", ""월요일"", ""단체주문은"", ""죠샌드위치샐러드여주점여주죠샌드위치감사합니다"", ""메뉴에"", ""구성도"", ""예산에"", ""맞춰일정에"", ""구성해서"", ""주문"", ""죠샌드위치"", ""여주점경기"", ""여주시"", ""세종로"", ""문의환영"", ""원부터"", ""구성변경"", ""여주행사간식"", ""단체간식"", ""학교간식"", ""학원간식"", ""교회간식"", ""체육대회간식"", ""행사간식"", ""구성"", ""맞춰원하시는"", ""시간"", ""배달"", ""해드립니다"", ""지드림카드"", ""음료"", ""무료배달"", ""치아바타"", ""빠네디까사"", ""배달의민족"", ""무료배달"", ""배달비"", ""원최소주문"", ""할인쿠폰제공"", ""배달비"", ""지역화폐"", ""드림카드""]","[""죠샌드위치샐러드여주점"", ""여주맛집"", ""샌드위치"", ""샐러드"", ""지드림카드"", ""드림카드""]","[""날씨"", ""미쳤다"", ""라고"", ""표현할만큼"", ""좋네요"", ""월요일"", ""단체주문은"", ""죠샌드위치샐러드여주점여주죠샌드위치감사합니다"", ""메뉴에"", ""구성도"", ""예산에"", ""맞춰일정에"", ""구성해서"", ""주문"", ""죠샌드위치"", ""여주점경기"", ""여주시"", ""세종로"", ""문의환영"", ""원부터"", ""구성변경"", ""여주행사간식"", ""단체간식"", ""학교간식"", ""학원간식"", ""교회간식"", ""체육대회간식"", ""행사간식"", ""구성"", ""맞춰원하시는"", ""시간"", ""배달"", ""해드립니다"", ""지드림카드"", ""음료"", ""무료배달"", ""치아바타"", ""빠네디까사"", ""배달의민족"", ""무료배달"", ""배달비"", ""원최소주문"", ""할인쿠폰제공"", ""배달비"", ""지역화폐"", ""드림카드"", ""죠샌드위치샐러드여주점"", ""여주맛집"", ""샌드위치"", ""샐러드"", ""지드림카드"", ""드림카드""]"
https://www.instagram.com/p/C_tuxNgzFk-/,"#샐러드굿모닝♥️아침 꼭 챙겨드세요!아침을 거르면 비만 당뇨의 발병 위험이 높다고 해요!실제로 아침을 거르면 간식이나 군것질로폭식할 위험이 높아집니다.또 공복 시간이 길어지면 혈당이 과도하게 낮아져 다음 식사 때 과식이나 폭식을 하게 되면 혈당이 치솟게 되요!🔺 햘당 스파크- 말 그대로 혈당이 널뛰듯 뛰어요아침 식사를 거르면 혈당에 영향을 주는 호르몬인 코르티솔과 글루카곤의 분비도 많아져요실제로 하버드 공중보건대에서 성인 남성 2만9206명을 16년간 추적 분석한 결과, 아침 식사를 하지 않은 사람들의 당뇨병 발생률이 하루 세끼를 챙겨 먹은 사람보다 21%나 더 높았다고 하니 아침 바쁘고 귀찮아도 꼭 챙겨드세요🫶쪼이언니는 전날 샐러드 한접시를미리 만들어서 #빨간물 한잔과 꼭 함께 해요😉제 피드가 도움이 되셨다면팔로우 @joy_hi81 [ ❤️ ] 좋아요❤️ 저장⬇️ 공유✈️[ 댓글 ] 댓글로 찐소통 해주세요😁#초간단#초간단레시피 #다이어트식단 #다이어트레시피 #다이어트일기",샐러드굿모닝;빨간물;초간단;초간단레시피;다이어트식단;다이어트레시피;다이어트일기,#샐러드굿모닝 아침 꼭 챙겨드세요 아침을 거르면 비만 당뇨의 발병 위험이 높다고 해요 실제로 아침을 거르면 간식이나 군것질로폭식할 위험이 높아집니다 또 공복 시간이 길어지면 혈당이 과도하게 낮아져 다음 식사 때 과식이나 폭식을 하게 되면 혈당이 치솟게 되요 햘당 스파크 말 그대로 혈당이 널뛰듯 뛰어요아침 식사를 거르면 혈당에 영향을 주는 호르몬인 코르티솔과 글루카곤의 분비도 많아져요실제로 하버드 공중보건대에서 성인 남성 만 명을 년간 추적 분석한 결과 아침 식사를 하지 않은 사람들의 당뇨병 발생률이 하루 세끼를 챙겨 먹은 사람보다 나 더 높았다고 하니 아침 바쁘고 귀찮아도 꼭 챙겨드세요 쪼이언니는 전날 샐러드 한접시를미리 만들어서 #빨간물 한잔과 꼭 함께 해요 제 피드가 도움이 되셨다면팔로우 좋아요 저장 공유 댓글 댓글로 찐소통 해주세요 #초간단#초간단레시피 #다이어트식단 #다이어트레시피 #다이어트일기,"[""아침"", ""챙겨드세요"", ""아침을"", ""거르면"", ""비만"", ""당뇨의"", ""발병"", ""위험이"", ""높다고"", ""실제로"", ""아침을"", ""거르면"", ""간식이나"", ""군것질로폭식할"", ""위험이"", ""높아집니다"", ""공복"", ""시간이"", ""길어지면"", ""혈당이"", ""과도하게"", ""낮아져"", ""다음"", ""식사"", ""과식이나"", ""폭식을"", ""하게"", ""되면"", ""혈당이"", ""치솟게"", ""되요"", ""햘당"", ""스파크"", ""혈당이"", ""널뛰듯"", ""뛰어요아침"", ""거르면"", ""혈당에"", ""영향을"", ""주는"", ""호르몬인"", ""코르티솔과"", ""글루카곤의"", ""분비도"", ""많아져요실제로"", ""하버드"", ""공중보건대에서"", ""성인"", ""남성"", ""명을"", ""년간"", ""추적"", ""분석한"", ""결과"", ""아침"", ""하지"", ""사람들의"", ""당뇨병"", ""발생률이"", ""하루"", ""세끼를"", ""사람보다"", ""높았다고"", ""하니"", ""아침"", ""바쁘고"", ""귀찮아도"", ""챙겨드세요"", ""쪼이언니는"", ""전날"", ""샐러드"", ""한접시를미리"", ""만들어서"", ""한잔과"", ""함께"", ""피드가"", ""도움이"", ""되셨다면팔로우"", ""저장"", ""공유"", ""댓글"", ""댓글로"", ""찐소통"", ""해주세요""]","[""샐러드굿모닝"", ""빨간물"", ""초간단"", ""초간단레시피"", ""다이어트식단"", ""다이어트레시피"", ""다이어트일기""]","[""아침"", ""챙겨드세요"", ""아침을"", ""거르면"", ""비만"", ""당뇨의"", ""발병"", ""위험이"", ""높다고"", ""실제로"", ""아침을"", ""거르면"", ""간식이나"", ""군것질로폭식할"", ""위험이"", ""높아집니다"", ""공복"", ""시간이"", ""길어지면"", ""혈당이"", ""과도하게"", ""낮아져"", ""다음"", ""식사"", ""과식이나"", ""폭식을"", ""하게"", ""되면"", ""혈당이"", ""치솟게"", ""되요"", ""햘당"", ""스파크"", ""혈당이"", ""널뛰듯"", ""뛰어요아침"", ""거르면"", ""혈당에"", ""영향을"", ""주는"", ""호르몬인"", ""코르티솔과"", ""글루카곤의"", ""분비도"", ""많아져요실제로"", ""하버드"", ""공중보건대에서"", ""성인"", ""남성"", ""명을"", ""년간"", ""추적"", ""분석한"", ""결과"", ""아침"", ""하지"", ""사람들의"", ""당뇨병"", ""발생률이"", ""하루"", ""세끼를"", ""사람보다"", ""높았다고"", ""하니"", ""아침"", ""바쁘고"", ""귀찮아도"", ""챙겨드세요"", ""쪼이언니는"", ""전날"", ""샐러드"", ""한접시를미리"", ""만들어서"", ""한잔과"", ""함께"", ""피드가"", ""도움이"", ""되셨다면팔로우"", ""저장"", ""공유"", ""댓글"", ""댓글로"", ""찐소통"", ""해주세요"", ""샐러드굿모닝"", ""빨간물"", ""초간단"", ""초간단레시피"", ""다이어트식단"", ""다이어트레시피"", ""다이어트일기""]"
https://www.instagram.com/p/DP0TWOCksll/,오늘의 점심 #샐러드 #마녀스프 #닭가슴살을 먹고 버터쿠키도 왕창 추가로..^^; 나름 단백질 많이 먹으려는 노오력,샐러드;마녀스프;닭가슴살,오늘의 점심 #샐러드 #마녀스프 #닭가슴살을 먹고 버터쿠키도 왕창 추가로 나름 단백질 많이 먹으려는 노오력,"[""점심"", ""버터쿠키도"", ""왕창"", ""추가로"", ""나름"", ""단백질"", ""먹으려는"", ""노오력""]","[""샐러드"", ""마녀스프"", ""닭가슴살""]","[""점심"", ""버터쿠키도"", ""왕창"", ""추가로"", ""나름"", ""단백질"", ""먹으려는"", ""노오력"", ""샐러드"", ""마녀스프"", ""닭가슴살""]"
https://www.instagram.com/p/DQGHaKDD6XB/,#샐러드 #탄수화물 #단백질 #디저트 #커피,샐러드;탄수화물;단백질;디저트;커피,#샐러드 #탄수화물 #단백질 #디저트 #커피,[],"[""샐러드"", ""탄수화물"", ""단백질"", ""디저트"", ""커피""]","[""샐러드"", ""탄수화물"", ""단백질"", ""디저트"", ""커피""]"
https://www.instagram.com/p/DQEYcCXEujL/c/18053297297651682/,"• 비스큐 꽃게 파스타🦀새우와 꽃게를 끓여, 진한 비스큐소스를 이용해 만든 파스타🏡전남 광양시 항만13로 39 1층 엔다이브🕝영업시간 11:00~21:00 - 20:30 (브레이크타임) 15:00-17:00✔️사전 예약 가능✔️모임,단체 이용 가능✔️포장 및 배달 가능✔️전용 주차장 주차 가능✔️콜키지 가능 (유료)✔️유아의자 (0)",,비스큐 꽃게 파스타 새우와 꽃게를 끓여 진한 비스큐소스를 이용해 만든 파스타 전남 광양시 항만 로 층 엔다이브 영업시간 브레이크타임 사전 예약 가능 모임 단체 이용 가능 포장 및 배달 가능 전용 주차장 주차 가능 콜키지 가능 유료 유아의자,"[""비스큐"", ""꽃게"", ""파스타"", ""새우와"", ""꽃게를"", ""끓여"", ""비스큐소스를"", ""이용해"", ""만든"", ""파스타"", ""전남"", ""광양시"", ""항만"", ""엔다이브"", ""영업시간"", ""브레이크타임"", ""사전"", ""예약"", ""모임"", ""포장"", ""배달"", ""주차장"", ""콜키지"", ""유료"", ""유아의자""]","[""비스큐"", ""꽃게"", ""파스타"", ""새우와"", ""꽃게를"", ""끓여"", ""비스큐소스를"", ""이용해"", ""만든"", ""파스타"", ""전남"", ""광양시"", ""항만"", ""엔다이브"", ""영업시간"", ""브레이크타임"", ""사전"", ""예약"", ""모임"", ""포장"", ""배달"", ""주차장"", ""콜키지"", ""유료"", ""유아의자""]","[""비스큐"", ""꽃게"", ""파스타"", ""새우와"", ""꽃게를"", ""끓여"", ""비스큐소스를"", ""이용해"", ""만든"", ""파스타"", ""전남"", ""광양시"", ""항만"", ""엔다이브"", ""영업시간"", ""브레이크타임"", ""사전"", ""예약"", ""모임"", ""포장"", ""배달"", ""주차장"", ""콜키지"", ""유료"", ""유아의자"", ""비스큐"", ""꽃게"", ""파스타"", ""새우와"", ""꽃게를"", ""끓여"", ""비스큐소스를"", ""이용해"", ""만든"", ""파스타"", ""전남"", ""광양시"", ""항만"", ""엔다이브"", ""영업시간"", ""브레이크타임"", ""사전"", ""예약"", ""모임"", ""포장"", ""배달"", ""주차장"", ""콜키지"", ""유료"", ""유아의자""]"
https://www.instagram.com/p/DQGNvehkiaa/,"유부초밥과 샐러드🥗밥에는 날치알과 단무지가 들어갔어요🤭 상상이 가는 맛있는 맛 아시죠?! 먹기 전엔 부족한가 싶었는데 다 먹으니 적당히 배부르네요.ﾟ+.(・∀・)ﾟ+.ﾟ오늘은 자면서 조금 추워서 전기매트를 꽂아야 하나 고민했슴당,,, 아직 10월이라 자존심 상하는데(?) 그냥 켤까봐요🫠 그럼 아침에 일어나는 게 더 힘들겠쪼.....?🥺_#도시락 #도시락메뉴추천 #직장인도시락 #회사도시락 #점메추 #점심메뉴추천 #저메추 #저녁메뉴추천 #유부초밥 #샐러드 #도시락모음 #오늘의도시락모음 #먹스타그램 #도시락스타그램 #먹팔 #맞팔 #lunchbox #homemade #madebymom #엄마가싸주는도시락 #오늘의도시락 #오도 #🍱",도시락;도시락메뉴추천;직장인도시락;회사도시락;점메추;점심메뉴추천;저메추;저녁메뉴추천;유부초밥;샐러드;도시락모음;오늘의도시락모음;먹스타그램;도시락스타그램;먹팔;맞팔;lunchbox;homemade;madebymom;엄마가싸주는도시락;오늘의도시락;오도;🍱,유부초밥과 샐러드 밥에는 날치알과 단무지가 들어갔어요 상상이 가는 맛있는 맛 아시죠 먹기 전엔 부족한가 싶었는데 다 먹으니 적당히 배부르네요 오늘은 자면서 조금 추워서 전기매트를 꽂아야 하나 고민했슴당 아직 월이라 자존심 상하는데 그냥 켤까봐요 그럼 아침에 일어나는 게 더 힘들겠쪼 #도시락 #도시락메뉴추천 #직장인도시락 #회사도시락 #점메추 #점심메뉴추천 #저메추 #저녁메뉴추천 #유부초밥 #샐러드 #도시락모음 #오늘의도시락모음 #먹스타그램 #도시락스타그램 #먹팔 #맞팔 # # # #엄마가싸주는도시락 #오늘의도시락 #오도 #,"[""유부초밥과"", ""샐러드"", ""밥에는"", ""날치알과"", ""단무지가"", ""들어갔어요"", ""상상이"", ""가는"", ""아시죠"", ""먹기"", ""전엔"", ""부족한가"", ""싶었는데"", ""적당히"", ""배부르네요"", ""자면서"", ""추워서"", ""전기매트를"", ""꽂아야"", ""고민했슴당"", ""아직"", ""월이라"", ""자존심"", ""상하는데"", ""켤까봐요"", ""그럼"", ""아침에"", ""일어나는"", ""힘들겠쪼""]","[""도시락"", ""도시락메뉴추천"", ""직장인도시락"", ""회사도시락"", ""점메추"", ""점심메뉴추천"", ""저메추"", ""저녁메뉴추천"", ""유부초밥"", ""샐러드"", ""도시락모음"", ""오늘의도시락모음"", ""먹스타그램"", ""도시락스타그램"", ""먹팔"", ""맞팔"", ""엄마가싸주는도시락"", ""오늘의도시락"", ""오도""]","[""유부초밥과"", ""샐러드"", ""밥에는"", ""날치알과"", ""단무지가"", ""들어갔어요"", ""상상이"", ""가는"", ""아시죠"", ""먹기"", ""전엔"", ""부족한가"", ""싶었는데"", ""적당히"", ""배부르네요"", ""자면서"", ""추워서"", ""전기매트를"", ""꽂아야"", ""고민했슴당"", ""아직"", ""월이라"", ""자존심"", ""상하는데"", ""켤까봐요"", ""그럼"", ""아침에"", ""일어나는"", ""힘들겠쪼"", ""도시락"", ""도시락메뉴추천"", ""직장인도시락"", ""회사도시락"", ""점메추"", ""점심메뉴추천"", ""저메추"", ""저녁메뉴추천"", ""유부초밥"", ""샐러드"", ""도시락모음"", ""오늘의도시락모음"", ""먹스타그램"", ""도시락스타그램"", ""먹팔"", ""맞팔"", ""엄마가싸주는도시락"", ""오늘의도시락"", ""오도""]"
https://www.instagram.com/p/DQBxjRED1p2/,#크림파스타 #목살스테이크 #샐러드 #요리 #자취,크림파스타;목살스테이크;샐러드;요리;자취,#크림파스타 #목살스테이크 #샐러드 #요리 #자취,[],"[""크림파스타"", ""목살스테이크"", ""샐러드"", ""요리"", ""자취""]","[""크림파스타"", ""목살스테이크"", ""샐러드"", ""요리"", ""자취""]"
https://www.instagram.com/p/DP2lpvYidfX/,#우리뷔페오늘의메뉴#갈비산적구이 #카레라이스#어묵볶음#샐러드#콩나물무침#생김치#참치찌개#후식누룽지20251016목요일#,우리뷔페오늘의메뉴;갈비산적구이;카레라이스;어묵볶음;샐러드;콩나물무침;생김치;참치찌개;후식누룽지20251016목요일,#우리뷔페오늘의메뉴#갈비산적구이 #카레라이스#어묵볶음#샐러드#콩나물무침#생김치#참치찌개#후식누룽지 목요일#,"[""목요일""]","[""우리뷔페오늘의메뉴"", ""갈비산적구이"", ""카레라이스"", ""어묵볶음"", ""샐러드"", ""콩나물무침"", ""생김치"", ""참치찌개"", ""후식누룽지"", ""목요일""]","[""목요일"", ""우리뷔페오늘의메뉴"", ""갈비산적구이"", ""카레라이스"", ""어묵볶음"", ""샐러드"", ""콩나물무침"", ""생김치"", ""참치찌개"", ""후식누룽지"", ""목요일""]"
https://www.instagram.com/p/DP6BI0YgeRt/c/18090643141865837/,"오늘 저녁 샐러드는 드레싱이 메인입니다! (진심)​엄마표 흑임자+발사믹, 감성언니표 오이발효식초에... 저희 집 필수템 #햄프리 #햄프씨드오일 샤악 뿌려주면!! 🤤👍​맛있는데 건강까지 챙기는 건 치트키 아닌가요? 🤭오늘 하루도 고생한 우리 잘 먹자!Thanks to @hemplee_me @neesangjun​#햄프에ㅁㅊㄴ와이프 #햄프리 #오늘의저녁 #샐러드 #맛있게건강해지는법",햄프리;햄프씨드오일;햄프에ㅁㅊㄴ와이프;오늘의저녁;샐러드;맛있게건강해지는법,오늘 저녁 샐러드는 드레싱이 메인입니다 진심 엄마표 흑임자 발사믹 감성언니표 오이발효식초에 저희 집 필수템 #햄프리 #햄프씨드오일 샤악 뿌려주면 맛있는데 건강까지 챙기는 건 치트키 아닌가요 오늘 하루도 고생한 우리 잘 먹자 #햄프에ㅁㅊㄴ와이프 #햄프리 #오늘의저녁 #샐러드 #맛있게건강해지는법,"[""저녁"", ""샐러드는"", ""드레싱이"", ""메인입니다"", ""진심"", ""엄마표"", ""흑임자"", ""발사믹"", ""감성언니표"", ""오이발효식초에"", ""저희"", ""필수템"", ""샤악"", ""뿌려주면"", ""맛있는데"", ""건강까지"", ""챙기는"", ""치트키"", ""아닌가요"", ""하루도"", ""고생한"", ""먹자""]","[""햄프리"", ""햄프씨드오일"", ""햄프에ㅁㅊㄴ와이프"", ""오늘의저녁"", ""샐러드"", ""맛있게건강해지는법""]","[""저녁"", ""샐러드는"", ""드레싱이"", ""메인입니다"", ""진심"", ""엄마표"", ""흑임자"", ""발사믹"", ""감성언니표"", ""오이발효식초에"", ""저희"", ""필수템"", ""샤악"", ""뿌려주면"", ""맛있는데"", ""건강까지"", ""챙기는"", ""치트키"", ""아닌가요"", ""하루도"", ""고생한"", ""먹자"", ""햄프리"", ""햄프씨드오일"", ""햄프에ㅁㅊㄴ와이프"", ""오늘의저녁"", ""샐러드"", ""맛있게건강해지는법""]"
https://www.instagram.com/p/DQBGPZzDGYY/,#샐러드#수제,샐러드;수제,#샐러드#수제,[],"[""샐러드"", ""수제""]","[""샐러드"", ""수제""]"
https://www.instagram.com/p/DQGC5MkD7Qs/,"10월 22일 수요일 메뉴입니다!!🫐주중 한 가운데를 지나고 있네요수요일은 다소 지루하다시는데, 맛점하시고 활기찬 오후 이어가셔요 ~💕구수한 #어뭇뭇국과아삭한 #콩나물밥 준비했습니다 ~고소한 #가자미튀김밥친구 #햄베이컨김치볶음남녀노소 좋아하는 #한식잡채#생양념깻잎지#무생채#포기김치 준비했습니다 ~후식:) #사과잼토스트  #매실쥬스  #샐러드 🤩",어뭇뭇국과아삭한;콩나물밥;가자미튀김밥친구;햄베이컨김치볶음남녀노소;한식잡채;생양념깻잎지;무생채;포기김치;사과잼토스트;매실쥬스;샐러드,월 일 수요일 메뉴입니다 주중 한 가운데를 지나고 있네요수요일은 다소 지루하다시는데 맛점하시고 활기찬 오후 이어가셔요 구수한 #어뭇뭇국과아삭한 #콩나물밥 준비했습니다 고소한 #가자미튀김밥친구 #햄베이컨김치볶음남녀노소 좋아하는 #한식잡채#생양념깻잎지#무생채#포기김치 준비했습니다 후식 #사과잼토스트 #매실쥬스 #샐러드,"[""수요일"", ""메뉴입니다"", ""주중"", ""가운데를"", ""지나고"", ""있네요수요일은"", ""다소"", ""지루하다시는데"", ""맛점하시고"", ""활기찬"", ""오후"", ""이어가셔요"", ""구수한"", ""준비했습니다"", ""고소한"", ""좋아하는"", ""준비했습니다"", ""후식""]","[""어뭇뭇국과아삭한"", ""콩나물밥"", ""가자미튀김밥친구"", ""햄베이컨김치볶음남녀노소"", ""한식잡채"", ""생양념깻잎지"", ""무생채"", ""포기김치"", ""사과잼토스트"", ""매실쥬스"", ""샐러드""]","[""수요일"", ""메뉴입니다"", ""주중"", ""가운데를"", ""지나고"", ""있네요수요일은"", ""다소"", ""지루하다시는데"", ""맛점하시고"", ""활기찬"", ""오후"", ""이어가셔요"", ""구수한"", ""준비했습니다"", ""고소한"", ""좋아하는"", ""준비했습니다"", ""후식"", ""어뭇뭇국과아삭한"", ""콩나물밥"", ""가자미튀김밥친구"", ""햄베이컨김치볶음남녀노소"", ""한식잡채"", ""생양념깻잎지"", ""무생채"", ""포기김치"", ""사과잼토스트"", ""매실쥬스"", ""샐러드""]"
https://www.instagram.com/p/DQDMBaVkr8p/,2025.10.21(화)• 낫또비빔밥 오이고추무침• 주먹밥 샐러드 두유      #1인가구 #나를위한요리 #집밥 #도시락#낫또비빔밥 #오이고추무침#주먹밥 #샐러드 #두유,1인가구;나를위한요리;집밥;도시락;낫또비빔밥;오이고추무침;주먹밥;샐러드;두유,화 낫또비빔밥 오이고추무침 주먹밥 샐러드 두유 # 인가구 #나를위한요리 #집밥 #도시락#낫또비빔밥 #오이고추무침#주먹밥 #샐러드 #두유,"[""낫또비빔밥"", ""오이고추무침"", ""주먹밥"", ""샐러드"", ""두유"", ""인가구""]","[""인가구"", ""나를위한요리"", ""집밥"", ""도시락"", ""낫또비빔밥"", ""오이고추무침"", ""주먹밥"", ""샐러드"", ""두유""]","[""낫또비빔밥"", ""오이고추무침"", ""주먹밥"", ""샐러드"", ""두유"", ""인가구"", ""인가구"", ""나를위한요리"", ""집밥"", ""도시락"", ""낫또비빔밥"", ""오이고추무침"", ""주먹밥"", ""샐러드"", ""두유""]"
https://www.instagram.com/p/DP0nIpygEvf/c/17963006462988670/,샐러드와 메인과 후식을 한그릇에💛요 이쁜 접시는 언젠가 위시에 넣어놨었는데지인이 센스있게 선물로 보내줬어요카톡에 생일 오픈도 안했건만몇몇은 기억하고 챙겨줘서 감사하네요~#점심 #샐러드 #브런치 #홈카페 #에포크,점심;샐러드;브런치;홈카페;에포크,샐러드와 메인과 후식을 한그릇에 요 이쁜 접시는 언젠가 위시에 넣어놨었는데지인이 센스있게 선물로 보내줬어요카톡에 생일 오픈도 안했건만몇몇은 기억하고 챙겨줘서 감사하네요 #점심 #샐러드 #브런치 #홈카페 #에포크,"[""샐러드와"", ""메인과"", ""후식을"", ""한그릇에"", ""이쁜"", ""접시는"", ""언젠가"", ""위시에"", ""넣어놨었는데지인이"", ""센스있게"", ""선물로"", ""보내줬어요카톡에"", ""생일"", ""오픈도"", ""안했건만몇몇은"", ""기억하고"", ""챙겨줘서"", ""감사하네요""]","[""점심"", ""샐러드"", ""브런치"", ""홈카페"", ""에포크""]","[""샐러드와"", ""메인과"", ""후식을"", ""한그릇에"", ""이쁜"", ""접시는"", ""언젠가"", ""위시에"", ""넣어놨었는데지인이"", ""센스있게"", ""선물로"", ""보내줬어요카톡에"", ""생일"", ""오픈도"", ""안했건만몇몇은"", ""기억하고"", ""챙겨줘서"", ""감사하네요"", ""점심"", ""샐러드"", ""브런치"", ""홈카페"", ""에포크""]"
https://www.instagram.com/p/DPKsoBsj23T/,🩷9월 4주차 샐러드🩷⠀ ⠀ #영양사그램 #영양사스타그램 #영양사 #일상 #단체급식 #급식 #오피스 #식판샷 #직원식당 #메뉴추천 #오늘의메뉴 #식단기록 #급식 #급식스타그램 #메뉴 #식단 #먹스타 #맛집 #먹스타그램 #맛스타그램 #오늘의메뉴 #좋아요 #인스타 #❤️ #신세계푸드 #점심메뉴 #간편식 #샐러드,영양사그램;영양사스타그램;영양사;일상;단체급식;급식;오피스;식판샷;직원식당;메뉴추천;오늘의메뉴;식단기록;급식스타그램;메뉴;식단;먹스타;맛집;먹스타그램;맛스타그램;좋아요;인스타;신세계푸드;점심메뉴;간편식;샐러드,월 주차 샐러드 #영양사그램 #영양사스타그램 #영양사 #일상 #단체급식 #급식 #오피스 #식판샷 #직원식당 #메뉴추천 #오늘의메뉴 #식단기록 #급식 #급식스타그램 #메뉴 #식단 #먹스타 #맛집 #먹스타그램 #맛스타그램 #오늘의메뉴 #좋아요 #인스타 # #신세계푸드 #점심메뉴 #간편식 #샐러드,"[""샐러드""]","[""영양사그램"", ""영양사스타그램"", ""영양사"", ""일상"", ""단체급식"", ""급식"", ""오피스"", ""식판샷"", ""직원식당"", ""메뉴추천"", ""오늘의메뉴"", ""식단기록"", ""급식스타그램"", ""식단"", ""먹스타"", ""맛집"", ""먹스타그램"", ""맛스타그램"", ""인스타"", ""신세계푸드"", ""점심메뉴"", ""간편식"", ""샐러드""]","[""샐러드"", ""영양사그램"", ""영양사스타그램"", ""영양사"", ""일상"", ""단체급식"", ""급식"", ""오피스"", ""식판샷"", ""직원식당"", ""메뉴추천"", ""오늘의메뉴"", ""식단기록"", ""급식스타그램"", ""식단"", ""먹스타"", ""맛집"", ""먹스타그램"", ""맛스타그램"", ""인스타"", ""신세계푸드"", ""점심메뉴"", ""간편식"", ""샐러드""]"
https://www.instagram.com/p/DQHPbwQE6SC/c/18391438483126404/,"요기요,배민,쿠팡이츠 가격인상 안내수수료 압박과 물가상승으로 인해서 부득이하게 요기요와 배민의 포케 가격을 1000원 올렸습니다.홀과 배달특급은 기존 가격과 동일합니다.전화포장/전화배달도 기존 가격으로 가능하니 많은 이용부탁드립니다!(배달요금 시내 2500원, 5그릇이상 배달시 배달비 무료)단체주문 가격상담 언제나 환영합니다😄",,요기요 배민 쿠팡이츠 가격인상 안내수수료 압박과 물가상승으로 인해서 부득이하게 요기요와 배민의 포케 가격을 원 올렸습니다 홀과 배달특급은 기존 가격과 동일합니다 전화포장 전화배달도 기존 가격으로 가능하니 많은 이용부탁드립니다 배달요금 시내 원 그릇이상 배달시 배달비 무료 단체주문 가격상담 언제나 환영합니다,"[""요기요"", ""배민"", ""쿠팡이츠"", ""가격인상"", ""안내수수료"", ""압박과"", ""물가상승으로"", ""인해서"", ""부득이하게"", ""요기요와"", ""배민의"", ""포케"", ""가격을"", ""올렸습니다"", ""홀과"", ""배달특급은"", ""가격과"", ""동일합니다"", ""전화포장"", ""전화배달도"", ""가격으로"", ""이용부탁드립니다"", ""배달요금"", ""시내"", ""그릇이상"", ""배달시"", ""배달비"", ""가격상담"", ""환영합니다""]","[""요기요"", ""배민"", ""쿠팡이츠"", ""가격인상"", ""안내수수료"", ""압박과"", ""물가상승으로"", ""인해서"", ""부득이하게"", ""요기요와"", ""배민의"", ""포케"", ""가격을"", ""올렸습니다"", ""홀과"", ""배달특급은"", ""가격과"", ""동일합니다"", ""전화포장"", ""전화배달도"", ""가격으로"", ""이용부탁드립니다"", ""배달요금"", ""시내"", ""그릇이상"", ""배달시"", ""배달비"", ""가격상담"", ""환영합니다""]","[""요기요"", ""배민"", ""쿠팡이츠"", ""가격인상"", ""안내수수료"", ""압박과"", ""물가상승으로"", ""인해서"", ""부득이하게"", ""요기요와"", ""배민의"", ""포케"", ""가격을"", ""올렸습니다"", ""홀과"", ""배달특급은"", ""가격과"", ""동일합니다"", ""전화포장"", ""전화배달도"", ""가격으로"", ""이용부탁드립니다"", ""배달요금"", ""시내"", ""그릇이상"", ""배달시"", ""배달비"", ""가격상담"", ""환영합니다"", ""요기요"", ""배민"", ""쿠팡이츠"", ""가격인상"", ""안내수수료"", ""압박과"", ""물가상승으로"", ""인해서"", ""부득이하게"", ""요기요와"", ""배민의"", ""포케"", ""가격을"", ""올렸습니다"", ""홀과"", ""배달특급은"", ""가격과"", ""동일합니다"", ""전화포장"", ""전화배달도"", ""가격으로"", ""이용부탁드립니다"", ""배달요금"", ""시내"", ""그릇이상"", ""배달시"", ""배달비"", ""가격상담"", ""환영합니다""]"
https://www.instagram.com/p/DOU1WwykZ89/c/18057241325454448/,요즘 자주먹는 샐러드~오늘은 목살스테끼… 이거 다이어트식 맞니…아닌거같은ㅋㅋㅋㅋ 맛있어 ㅜㅜ#다이어트 #샐러드,다이어트;샐러드,요즘 자주먹는 샐러드 오늘은 목살스테끼 이거 다이어트식 맞니 아닌거같은ㅋㅋㅋㅋ 맛있어 ㅜㅜ#다이어트 #샐러드,"[""자주먹는"", ""샐러드"", ""목살스테끼"", ""다이어트식"", ""맞니"", ""아닌거같은ㅋㅋㅋㅋ"", ""맛있어"", ""ㅜㅜ""]","[""다이어트"", ""샐러드""]","[""자주먹는"", ""샐러드"", ""목살스테끼"", ""다이어트식"", ""맞니"", ""아닌거같은ㅋㅋㅋㅋ"", ""맛있어"", ""ㅜㅜ"", ""다이어트"", ""샐러드""]"
https://www.instagram.com/p/DQHZn5mk6lw/,"안녕하세요 오버랩입니다!🙂🙂🙂저희는 얼마전부터 비건 메뉴를 옵션에 넣어 스페셜 메뉴로 판매 하고 있습니다!❤️ 중동지역 음식인 후무스부터 시작이네요! 레바논 해외 파병 근무를 다녀온 경험과 여러곳에서 맛 본 고수님들의 후무스를 기억하여 맛을 냈습니다😋😋쯔란 시즈닝으로 맛을 낸 칠리 오일과 불향을 낸 채소, 그리고 오버랩에서 직접 만든 피타브래드를 곁들였습니다. .좋은날 맛있고 건강한 오버랩의 음식과 함께 멋진 하루를 열어보세요!!🫶🫶.Hello from OVERLAP! 🙂🙂🙂We’ve recently added vegan options to our special menu❤️We’re starting off with Hummus, a dish that comes from the Middle East..It is inspired by my time serving in Lebanon as an army cook, and by the unforgettable hummus I tasted from many talented chefs around the world, I tried to recreate that same flavor here at OVERLAP!😋😋.It comes with chili oil seasoned with cumin (tz’ran), charred vegetables, and our homemade Pita bread!🥯🍞🥐🥖 .We simply recommend starting your day with something delicious, healthy, and full of flavor at OVERLAP! 🫶🫶.#데이트코스#예약#일상#소통#부산#해운대#서울#셀피#팔로우#인스타그램#오버랩#부산오버랩#브런치#아닌티타운#아난티#부산힐튼#맛집#프렌치레스토랑#부산레스토랑#팔로워#좋아요#파스타#샐러드#오버랩부산#대관#돌잔치#웨딩#조리기능장#양식조리기능장",데이트코스;예약;일상;소통;부산;해운대;서울;셀피;팔로우;인스타그램;오버랩;부산오버랩;브런치;아닌티타운;아난티;부산힐튼;맛집;프렌치레스토랑;부산레스토랑;팔로워;좋아요;파스타;샐러드;오버랩부산;대관;돌잔치;웨딩;조리기능장;양식조리기능장,안녕하세요 오버랩입니다 저희는 얼마전부터 비건 메뉴를 옵션에 넣어 스페셜 메뉴로 판매 하고 있습니다 중동지역 음식인 후무스부터 시작이네요 레바논 해외 파병 근무를 다녀온 경험과 여러곳에서 맛 본 고수님들의 후무스를 기억하여 맛을 냈습니다 쯔란 시즈닝으로 맛을 낸 칠리 오일과 불향을 낸 채소 그리고 오버랩에서 직접 만든 피타브래드를 곁들였습니다 좋은날 맛있고 건강한 오버랩의 음식과 함께 멋진 하루를 열어보세요 #데이트코스#예약#일상#소통#부산#해운대#서울#셀피#팔로우#인스타그램#오버랩#부산오버랩#브런치#아닌티타운#아난티#부산힐튼#맛집#프렌치레스토랑#부산레스토랑#팔로워#좋아요#파스타#샐러드#오버랩부산#대관#돌잔치#웨딩#조리기능장#양식조리기능장,"[""오버랩입니다"", ""저희는"", ""얼마전부터"", ""비건"", ""메뉴를"", ""옵션에"", ""스페셜"", ""판매"", ""중동지역"", ""음식인"", ""후무스부터"", ""시작이네요"", ""레바논"", ""해외"", ""파병"", ""근무를"", ""다녀온"", ""경험과"", ""여러곳에서"", ""고수님들의"", ""후무스를"", ""기억하여"", ""냈습니다"", ""쯔란"", ""시즈닝으로"", ""칠리"", ""오일과"", ""불향을"", ""채소"", ""오버랩에서"", ""만든"", ""피타브래드를"", ""곁들였습니다"", ""좋은날"", ""건강한"", ""오버랩의"", ""음식과"", ""함께"", ""멋진"", ""하루를"", ""열어보세요""]","[""데이트코스"", ""예약"", ""일상"", ""소통"", ""부산"", ""해운대"", ""셀피"", ""인스타그램"", ""오버랩"", ""부산오버랩"", ""브런치"", ""아닌티타운"", ""아난티"", ""부산힐튼"", ""맛집"", ""프렌치레스토랑"", ""부산레스토랑"", ""팔로워"", ""파스타"", ""샐러드"", ""오버랩부산"", ""대관"", ""돌잔치"", ""웨딩"", ""조리기능장"", ""양식조리기능장""]","[""오버랩입니다"", ""저희는"", ""얼마전부터"", ""비건"", ""메뉴를"", ""옵션에"", ""스페셜"", ""판매"", ""중동지역"", ""음식인"", ""후무스부터"", ""시작이네요"", ""레바논"", ""해외"", ""파병"", ""근무를"", ""다녀온"", ""경험과"", ""여러곳에서"", ""고수님들의"", ""후무스를"", ""기억하여"", ""냈습니다"", ""쯔란"", ""시즈닝으로"", ""칠리"", ""오일과"", ""불향을"", ""채소"", ""오버랩에서"", ""만든"", ""피타브래드를"", ""곁들였습니다"", ""좋은날"", ""건강한"", ""오버랩의"", ""음식과"", ""함께"", ""멋진"", ""하루를"", ""열어보세요"", ""데이트코스"", ""예약"", ""일상"", ""소통"", ""부산"", ""해운대"", ""셀피"", ""인스타그램"", ""오버랩"", ""부산오버랩"", ""브런치"", ""아닌티타운"", ""아난티"", ""부산힐튼"", ""맛집"", ""프렌치레스토랑"", ""부산레스토랑"", ""팔로워"", ""파스타"", ""샐러드"", ""오버랩부산"", ""대관"", ""돌잔치"", ""웨딩"", ""조리기능장"", ""양식조리기능장""]"
https://www.instagram.com/p/DQEcgYtE0Gs/c/17849184888548506/,고단한 하루의 힐링 밥상 #아보카도 #샐러드 #꽃등심 #코니숑,아보카도;샐러드;꽃등심;코니숑,고단한 하루의 힐링 밥상 #아보카도 #샐러드 #꽃등심 #코니숑,"[""고단한"", ""하루의"", ""힐링"", ""밥상""]","[""아보카도"", ""샐러드"", ""꽃등심"", ""코니숑""]","[""고단한"", ""하루의"", ""힐링"", ""밥상"", ""아보카도"", ""샐러드"", ""꽃등심"", ""코니숑""]"
https://www.instagram.com/p/DPxzLbwgQAK/,국내산 돼지고기로맛있게 양념해서 만든#분짜샐러드 마니싸랑해주세용~~~.모든 메뉴들 여유있습니다 ..#촌스마마_화_수_목_금_낮12시오픈입니다#촌스마마 #핸드메이드 #많이달지않은마카롱 #쫀득한마카롱#좋은재료와정성은진리다 #마카롱 #샐러드 #샌드위치 #마카롱맛집 #샌드위치맛집 #샐러드맛집 #곡성 솔드아웃 #순천 #광주 #곡성뚝방마켓 #곡성마카롱,분짜샐러드;촌스마마_화_수_목_금_낮12시오픈입니다;촌스마마;핸드메이드;많이달지않은마카롱;쫀득한마카롱;좋은재료와정성은진리다;마카롱;샐러드;샌드위치;마카롱맛집;샌드위치맛집;샐러드맛집;곡성;순천;광주;곡성뚝방마켓;곡성마카롱,국내산 돼지고기로맛있게 양념해서 만든#분짜샐러드 마니싸랑해주세용 모든 메뉴들 여유있습니다 #촌스마마 화 수 목 금 낮 시오픈입니다#촌스마마 #핸드메이드 #많이달지않은마카롱 #쫀득한마카롱#좋은재료와정성은진리다 #마카롱 #샐러드 #샌드위치 #마카롱맛집 #샌드위치맛집 #샐러드맛집 #곡성 솔드아웃 #순천 #광주 #곡성뚝방마켓 #곡성마카롱,"[""국내산"", ""돼지고기로맛있게"", ""양념해서"", ""만든"", ""마니싸랑해주세용"", ""메뉴들"", ""여유있습니다"", ""솔드아웃""]","[""분짜샐러드"", ""촌스마마"", ""촌스마마"", ""핸드메이드"", ""많이달지않은마카롱"", ""쫀득한마카롱"", ""좋은재료와정성은진리다"", ""마카롱"", ""샐러드"", ""샌드위치"", ""마카롱맛집"", ""샌드위치맛집"", ""샐러드맛집"", ""곡성"", ""순천"", ""광주""]","[""국내산"", ""돼지고기로맛있게"", ""양념해서"", ""만든"", ""마니싸랑해주세용"", ""메뉴들"", ""여유있습니다"", ""솔드아웃"", ""분짜샐러드"", ""촌스마마"", ""촌스마마"", ""핸드메이드"", ""많이달지않은마카롱"", ""쫀득한마카롱"", ""좋은재료와정성은진리다"", ""마카롱"", ""샐러드"", ""샌드위치"", ""마카롱맛집"", ""샌드위치맛집"", ""샐러드맛집"", ""곡성"", ""순천"", ""광주""]"
https://www.instagram.com/p/DMtbYTAzjKb/,"요즘 식단 모음 zip 🏡저녁만 되면 도시락 싸느라 바쁜 요즘. 제 도시락 싸면서 아부지 도시락도 같이 싸드리고 있어요🐣다이어트는 같이해야 하는 법💪🏾단백질은 최애 닭가슴살 돌려가며 넣어주고(한끼 30g 정도 먹어요)탄수도 팥친자답게 팥 혹은 귀리밥 섞어가며 먹고 있어요✨상사말고 동기들이랑 밥 먹어야 할 때에는 샐러드 먹으러 가자며 조르기,, 윗분들이랑 먹을 때에는 어쩔 수 없지만 😢 회사 근처 중식 백짬뽕 좋더라구요? 유독 해산물이랑 야채가 정말 많아서 면 한 젓가락 안 먹어도 배부르더라고요. 그렇게 혼자 쿰쩍쿰쩍 다이어트에 적응해나가고 있는 중. 입 안 터지려면 빵을 줄이는게 맞긴 한 것 같아요… 내 소중한 빵.. 빵순이라.. 매일이 다이어터의 삶이었겠죠..?😚 당분간 열심히 닭을 먹어보겠습니다 🍗...#식단 #도시락 #다이어트도시락 #닭가슴살도시락 #닭밥야 #식단도시락 #직장인도시락 #밀프랩 #닭가슴살 #치킨 #탄단지 #샐러드 #포케 #닭가슴살샐러드 #다이어트 #다이어터 #다이어트식단 #식단일기 #오운완 #운동하는여자 #salad #poke #먹스타그램 #맛집 #맛스타그램 #다이어트레시피 #바프식단 #바프준비 #ㅇㅇㅇ #헬스타그램",식단;도시락;다이어트도시락;닭가슴살도시락;닭밥야;식단도시락;직장인도시락;밀프랩;닭가슴살;치킨;탄단지;샐러드;포케;닭가슴살샐러드;다이어트;다이어터;다이어트식단;식단일기;오운완;운동하는여자;salad;poke;먹스타그램;맛집;맛스타그램;다이어트레시피;바프식단;바프준비;헬스타그램,요즘 식단 모음 저녁만 되면 도시락 싸느라 바쁜 요즘 제 도시락 싸면서 아부지 도시락도 같이 싸드리고 있어요 다이어트는 같이해야 하는 법 단백질은 최애 닭가슴살 돌려가며 넣어주고 한끼 정도 먹어요 탄수도 팥친자답게 팥 혹은 귀리밥 섞어가며 먹고 있어요 상사말고 동기들이랑 밥 먹어야 할 때에는 샐러드 먹으러 가자며 조르기 윗분들이랑 먹을 때에는 어쩔 수 없지만 회사 근처 중식 백짬뽕 좋더라구요 유독 해산물이랑 야채가 정말 많아서 면 한 젓가락 안 먹어도 배부르더라고요 그렇게 혼자 쿰쩍쿰쩍 다이어트에 적응해나가고 있는 중 입 안 터지려면 빵을 줄이는게 맞긴 한 것 같아요 내 소중한 빵 빵순이라 매일이 다이어터의 삶이었겠죠 당분간 열심히 닭을 먹어보겠습니다 #식단 #도시락 #다이어트도시락 #닭가슴살도시락 #닭밥야 #식단도시락 #직장인도시락 #밀프랩 #닭가슴살 #치킨 #탄단지 #샐러드 #포케 #닭가슴살샐러드 #다이어트 #다이어터 #다이어트식단 #식단일기 #오운완 #운동하는여자 # # #먹스타그램 #맛집 #맛스타그램 #다이어트레시피 #바프식단 #바프준비 #ㅇㅇㅇ #헬스타그램,"[""식단"", ""모음"", ""저녁만"", ""되면"", ""도시락"", ""싸느라"", ""바쁜"", ""도시락"", ""싸면서"", ""아부지"", ""도시락도"", ""싸드리고"", ""다이어트는"", ""같이해야"", ""단백질은"", ""최애"", ""닭가슴살"", ""돌려가며"", ""넣어주고"", ""한끼"", ""먹어요"", ""탄수도"", ""팥친자답게"", ""혹은"", ""귀리밥"", ""섞어가며"", ""상사말고"", ""동기들이랑"", ""먹어야"", ""때에는"", ""샐러드"", ""가자며"", ""조르기"", ""윗분들이랑"", ""때에는"", ""어쩔"", ""없지만"", ""회사"", ""근처"", ""중식"", ""백짬뽕"", ""좋더라구요"", ""유독"", ""해산물이랑"", ""야채가"", ""젓가락"", ""배부르더라고요"", ""그렇게"", ""혼자"", ""쿰쩍쿰쩍"", ""다이어트에"", ""적응해나가고"", ""터지려면"", ""빵을"", ""줄이는게"", ""맞긴"", ""소중한"", ""빵순이라"", ""매일이"", ""다이어터의"", ""삶이었겠죠"", ""당분간"", ""열심히"", ""닭을"", ""먹어보겠습니다""]","[""식단"", ""도시락"", ""다이어트도시락"", ""닭가슴살도시락"", ""닭밥야"", ""식단도시락"", ""직장인도시락"", ""밀프랩"", ""닭가슴살"", ""치킨"", ""탄단지"", ""샐러드"", ""포케"", ""닭가슴살샐러드"", ""다이어트"", ""다이어터"", ""다이어트식단"", ""식단일기"", ""오운완"", ""운동하는여자"", ""먹스타그램"", ""맛집"", ""맛스타그램"", ""다이어트레시피"", ""바프식단"", ""바프준비"", ""헬스타그램""]","[""식단"", ""모음"", ""저녁만"", ""되면"", ""도시락"", ""싸느라"", ""바쁜"", ""도시락"", ""싸면서"", ""아부지"", ""도시락도"", ""싸드리고"", ""다이어트는"", ""같이해야"", ""단백질은"", ""최애"", ""닭가슴살"", ""돌려가며"", ""넣어주고"", ""한끼"", ""먹어요"", ""탄수도"", ""팥친자답게"", ""혹은"", ""귀리밥"", ""섞어가며"", ""상사말고"", ""동기들이랑"", ""먹어야"", ""때에는"", ""샐러드"", ""가자며"", ""조르기"", ""윗분들이랑"", ""때에는"", ""어쩔"", ""없지만"", ""회사"", ""근처"", ""중식"", ""백짬뽕"", ""좋더라구요"", ""유독"", ""해산물이랑"", ""야채가"", ""젓가락"", ""배부르더라고요"", ""그렇게"", ""혼자"", ""쿰쩍쿰쩍"", ""다이어트에"", ""적응해나가고"", ""터지려면"", ""빵을"", ""줄이는게"", ""맞긴"", ""소중한"", ""빵순이라"", ""매일이"", ""다이어터의"", ""삶이었겠죠"", ""당분간"", ""열심히"", ""닭을"", ""먹어보겠습니다"", ""식단"", ""도시락"", ""다이어트도시락"", ""닭가슴살도시락"", ""닭밥야"", ""식단도시락"", ""직장인도시락"", ""밀프랩"", ""닭가슴살"", ""치킨"", ""탄단지"", ""샐러드"", ""포케"", ""닭가슴살샐러드"", ""다이어트"", ""다이어터"", ""다이어트식단"", ""식단일기"", ""오운완"", ""운동하는여자"", ""먹스타그램"", ""맛집"", ""맛스타그램"", ""다이어트레시피"", ""바프식단"", ""바프준비"", ""헬스타그램""]"
https://www.instagram.com/p/DQB5lVnkXHi/,..드디어 목화솜이 터졌다올해들어 세 번째 솜인데 비가 많이 와서 그런지 예쁘진 않다차양막에 걸려 제대로 자라지 못한 오크라는 비 덕에 부드럽다#옥상정원 #도시원예 #도시농부 #농작물일지 #수확물#수확물요리 #펜넬 #펜넬씨앗 #바질소금 #닭조림 #샐러드 #과일말리기 #건조청귤 #건조자몽 #목화솜 #오크라얼마나 키가 크는지 알 수 없는 펜넬이 꽃이 지고 씨앗을 맺었다인도에서는 입가심으로 펜넬 씨앗을 씹어 입냄새를 없앤다는데나도 씹어 보았다옥상에서 키운건 차로 마시려고 산 인도산 씨앗보다 훨씬 상큼하고향도 좋다 개운한 향이 입안 가득 퍼진다나의 1년을 마감하는 갈무리겨울잠을 자야하는 동물들처럼 겨울 날 준비를 하나씩자몽은 3월말경이 제일 맛있는 듯추석 때 선물 받은 자몽과 청귤청 담그면서 몇 개 남겨두었던청귤도 얇게 편으로 썰어 건조기에서 말려 놓고바질은 수분 좀 말려 5년 넘게 간수 뺀 천일염과 함께 갈아소금 만들었는데 아직 바질 수분 함량이 높아 함지박에 담아건조 시간을 더해 본다닭조림 몇 개 남아 있던거를 토치 작업 했더니 숯불향이 난다먹고 입가심 하라고 펜넬 씨앗도 한 쪽에 올리고옥상 채소들과 오렌지 함께한 샐러드는 레몬올리브유를 뿌리니맛이 또 색다르다밤은 제법 쌀쌀하다나는 아직 옥상의 밤을 제대로 즐기지도 못했는데잦은 비와 긴 연휴로 도둑 맞은거 같은 시월이 아쉽다,옥상정원;도시원예;도시농부;농작물일지;수확물;수확물요리;펜넬;펜넬씨앗;바질소금;닭조림;샐러드;과일말리기;건조청귤;건조자몽;목화솜;오크라얼마나,드디어 목화솜이 터졌다올해들어 세 번째 솜인데 비가 많이 와서 그런지 예쁘진 않다차양막에 걸려 제대로 자라지 못한 오크라는 비 덕에 부드럽다#옥상정원 #도시원예 #도시농부 #농작물일지 #수확물#수확물요리 #펜넬 #펜넬씨앗 #바질소금 #닭조림 #샐러드 #과일말리기 #건조청귤 #건조자몽 #목화솜 #오크라얼마나 키가 크는지 알 수 없는 펜넬이 꽃이 지고 씨앗을 맺었다인도에서는 입가심으로 펜넬 씨앗을 씹어 입냄새를 없앤다는데나도 씹어 보았다옥상에서 키운건 차로 마시려고 산 인도산 씨앗보다 훨씬 상큼하고향도 좋다 개운한 향이 입안 가득 퍼진다나의 년을 마감하는 갈무리겨울잠을 자야하는 동물들처럼 겨울 날 준비를 하나씩자몽은 월말경이 제일 맛있는 듯추석 때 선물 받은 자몽과 청귤청 담그면서 몇 개 남겨두었던청귤도 얇게 편으로 썰어 건조기에서 말려 놓고바질은 수분 좀 말려 년 넘게 간수 뺀 천일염과 함께 갈아소금 만들었는데 아직 바질 수분 함량이 높아 함지박에 담아건조 시간을 더해 본다닭조림 몇 개 남아 있던거를 토치 작업 했더니 숯불향이 난다먹고 입가심 하라고 펜넬 씨앗도 한 쪽에 올리고옥상 채소들과 오렌지 함께한 샐러드는 레몬올리브유를 뿌리니맛이 또 색다르다밤은 제법 쌀쌀하다나는 아직 옥상의 밤을 제대로 즐기지도 못했는데잦은 비와 긴 연휴로 도둑 맞은거 같은 시월이 아쉽다,"[""목화솜이"", ""터졌다올해들어"", ""번째"", ""솜인데"", ""비가"", ""와서"", ""예쁘진"", ""않다차양막에"", ""걸려"", ""자라지"", ""못한"", ""오크라는"", ""덕에"", ""부드럽다"", ""키가"", ""크는지"", ""펜넬이"", ""꽃이"", ""지고"", ""씨앗을"", ""맺었다인도에서는"", ""입가심으로"", ""펜넬"", ""씨앗을"", ""씹어"", ""입냄새를"", ""없앤다는데나도"", ""씹어"", ""보았다옥상에서"", ""키운건"", ""차로"", ""마시려고"", ""인도산"", ""씨앗보다"", ""훨씬"", ""상큼하고향도"", ""좋다"", ""개운한"", ""입안"", ""퍼진다나의"", ""년을"", ""마감하는"", ""갈무리겨울잠을"", ""자야하는"", ""동물들처럼"", ""겨울"", ""준비를"", ""하나씩자몽은"", ""월말경이"", ""듯추석"", ""선물"", ""받은"", ""자몽과"", ""청귤청"", ""담그면서"", ""남겨두었던청귤도"", ""얇게"", ""편으로"", ""썰어"", ""건조기에서"", ""말려"", ""놓고바질은"", ""수분"", ""말려"", ""넘게"", ""간수"", ""천일염과"", ""함께"", ""갈아소금"", ""아직"", ""바질"", ""수분"", ""함량이"", ""높아"", ""함지박에"", ""담아건조"", ""시간을"", ""더해"", ""본다닭조림"", ""남아"", ""있던거를"", ""토치"", ""작업"", ""했더니"", ""숯불향이"", ""난다먹고"", ""입가심"", ""하라고"", ""펜넬"", ""씨앗도"", ""쪽에"", ""올리고옥상"", ""채소들과"", ""오렌지"", ""함께한"", ""샐러드는"", ""레몬올리브유를"", ""뿌리니맛이"", ""색다르다밤은"", ""제법"", ""쌀쌀하다나는"", ""아직"", ""옥상의"", ""밤을"", ""즐기지도"", ""못했는데잦은"", ""비와"", ""연휴로"", ""도둑"", ""맞은거"", ""시월이"", ""아쉽다""]","[""옥상정원"", ""도시원예"", ""도시농부"", ""농작물일지"", ""수확물"", ""수확물요리"", ""펜넬"", ""펜넬씨앗"", ""바질소금"", ""닭조림"", ""샐러드"", ""과일말리기"", ""건조청귤"", ""건조자몽"", ""목화솜"", ""오크라얼마나""]","[""목화솜이"", ""터졌다올해들어"", ""번째"", ""솜인데"", ""비가"", ""와서"", ""예쁘진"", ""않다차양막에"", ""걸려"", ""자라지"", ""못한"", ""오크라는"", ""덕에"", ""부드럽다"", ""키가"", ""크는지"", ""펜넬이"", ""꽃이"", ""지고"", ""씨앗을"", ""맺었다인도에서는"", ""입가심으로"", ""펜넬"", ""씨앗을"", ""씹어"", ""입냄새를"", ""없앤다는데나도"", ""씹어"", ""보았다옥상에서"", ""키운건"", ""차로"", ""마시려고"", ""인도산"", ""씨앗보다"", ""훨씬"", ""상큼하고향도"", ""좋다"", ""개운한"", ""입안"", ""퍼진다나의"", ""년을"", ""마감하는"", ""갈무리겨울잠을"", ""자야하는"", ""동물들처럼"", ""겨울"", ""준비를"", ""하나씩자몽은"", ""월말경이"", ""듯추석"", ""선물"", ""받은"", ""자몽과"", ""청귤청"", ""담그면서"", ""남겨두었던청귤도"", ""얇게"", ""편으로"", ""썰어"", ""건조기에서"", ""말려"", ""놓고바질은"", ""수분"", ""말려"", ""넘게"", ""간수"", ""천일염과"", ""함께"", ""갈아소금"", ""아직"", ""바질"", ""수분"", ""함량이"", ""높아"", ""함지박에"", ""담아건조"", ""시간을"", ""더해"", ""본다닭조림"", ""남아"", ""있던거를"", ""토치"", ""작업"", ""했더니"", ""숯불향이"", ""난다먹고"", ""입가심"", ""하라고"", ""펜넬"", ""씨앗도"", ""쪽에"", ""올리고옥상"", ""채소들과"", ""오렌지"", ""함께한"", ""샐러드는"", ""레몬올리브유를"", ""뿌리니맛이"", ""색다르다밤은"", ""제법"", ""쌀쌀하다나는"", ""아직"", ""옥상의"", ""밤을"", ""즐기지도"", ""못했는데잦은"", ""비와"", ""연휴로"", ""도둑"", ""맞은거"", ""시월이"", ""아쉽다"", ""옥상정원"", ""도시원예"", ""도시농부"", ""농작물일지"", ""수확물"", ""수확물요리"", ""펜넬"", ""펜넬씨앗"", ""바질소금"", ""닭조림"", ""샐러드"", ""과일말리기"", ""건조청귤"", ""건조자몽"", ""목화솜"", ""오크라얼마나""]"
https://www.instagram.com/p/DQEqq37Elmt/,+7  지난 일주일 치열하게 살았다 -2.4빠진건 수분이겠지만 나는 조금 더 가벼워졌고. 매끼 야채와닭가슴살을 산더미처럼 쌓아먹구있지만 깨끗한 음식이라면 칼로리대비 생각보다 많은양을 먹을수있다는걸 🧏‍♀️ 사실 나 ..여전히 떡볶이가 먹고싶지만 몇십년 맘껏 먹었는데 고작몇달 못참아?!!! 라며 이겨내는중 떡볶이대신 황태채라도 씹어..보자 (⁎⁍̴̆Ɛ⁍̴̆⁎)2주차도 빠이팅🔥✔️단백질늘리기 ✔️열운한만큼 잘 쉬어주기20251021#다이어트일기 #다이어터 #식단 #식단기록 #운동영상 #헬린이 #헬린이그램 #식단공유 #샐러드 #샐러드식단 #다이어트식단 #운동하는여자 #40로감량 #유지어터가보쟈,다이어트일기;다이어터;식단;식단기록;운동영상;헬린이;헬린이그램;식단공유;샐러드;샐러드식단;다이어트식단;운동하는여자;40로감량;유지어터가보쟈,지난 일주일 치열하게 살았다 빠진건 수분이겠지만 나는 조금 더 가벼워졌고 매끼 야채와닭가슴살을 산더미처럼 쌓아먹구있지만 깨끗한 음식이라면 칼로리대비 생각보다 많은양을 먹을수있다는걸 사실 나 여전히 떡볶이가 먹고싶지만 몇십년 맘껏 먹었는데 고작몇달 못참아 라며 이겨내는중 떡볶이대신 황태채라도 씹어 보자 주차도 빠이팅 단백질늘리기 열운한만큼 잘 쉬어주기 #다이어트일기 #다이어터 #식단 #식단기록 #운동영상 #헬린이 #헬린이그램 #식단공유 #샐러드 #샐러드식단 #다이어트식단 #운동하는여자 # 로감량 #유지어터가보쟈,"[""일주일"", ""치열하게"", ""살았다"", ""빠진건"", ""수분이겠지만"", ""나는"", ""가벼워졌고"", ""매끼"", ""야채와닭가슴살을"", ""산더미처럼"", ""쌓아먹구있지만"", ""깨끗한"", ""음식이라면"", ""칼로리대비"", ""생각보다"", ""많은양을"", ""먹을수있다는걸"", ""사실"", ""여전히"", ""떡볶이가"", ""먹고싶지만"", ""몇십년"", ""맘껏"", ""먹었는데"", ""고작몇달"", ""못참아"", ""라며"", ""이겨내는중"", ""떡볶이대신"", ""황태채라도"", ""씹어"", ""보자"", ""주차도"", ""빠이팅"", ""단백질늘리기"", ""열운한만큼"", ""쉬어주기"", ""로감량""]","[""다이어트일기"", ""다이어터"", ""식단"", ""식단기록"", ""운동영상"", ""헬린이"", ""헬린이그램"", ""식단공유"", ""샐러드"", ""샐러드식단"", ""다이어트식단"", ""운동하는여자"", ""로감량"", ""유지어터가보쟈""]","[""일주일"", ""치열하게"", ""살았다"", ""빠진건"", ""수분이겠지만"", ""나는"", ""가벼워졌고"", ""매끼"", ""야채와닭가슴살을"", ""산더미처럼"", ""쌓아먹구있지만"", ""깨끗한"", ""음식이라면"", ""칼로리대비"", ""생각보다"", ""많은양을"", ""먹을수있다는걸"", ""사실"", ""여전히"", ""떡볶이가"", ""먹고싶지만"", ""몇십년"", ""맘껏"", ""먹었는데"", ""고작몇달"", ""못참아"", ""라며"", ""이겨내는중"", ""떡볶이대신"", ""황태채라도"", ""씹어"", ""보자"", ""주차도"", ""빠이팅"", ""단백질늘리기"", ""열운한만큼"", ""쉬어주기"", ""로감량"", ""다이어트일기"", ""다이어터"", ""식단"", ""식단기록"", ""운동영상"", ""헬린이"", ""헬린이그램"", ""식단공유"", ""샐러드"", ""샐러드식단"", ""다이어트식단"", ""운동하는여자"", ""로감량"", ""유지어터가보쟈""]"
https://www.instagram.com/p/DO759nMEqBS/,삶은 달걀 넘 질려서사워도우에 스크렘블에그 올리고 브리치즈도 툭툭 올렸더니너무 맛있네요!! 빵은 역시👍홍로 사과 푸석푸석 해서 잘 안 먹었는데빨간색이 너무 예뻐서 홀리듯이 산 요 홍로는 달콤하니 너무 맛있어요피스타치오버터까지 발라 먹으니 더 맛있는🍎😋,,삶은 달걀 넘 질려서사워도우에 스크렘블에그 올리고 브리치즈도 툭툭 올렸더니너무 맛있네요 빵은 역시 홍로 사과 푸석푸석 해서 잘 안 먹었는데빨간색이 너무 예뻐서 홀리듯이 산 요 홍로는 달콤하니 너무 맛있어요피스타치오버터까지 발라 먹으니 더 맛있는,"[""달걀"", ""질려서사워도우에"", ""스크렘블에그"", ""브리치즈도"", ""툭툭"", ""올렸더니너무"", ""맛있네요"", ""빵은"", ""홍로"", ""사과"", ""푸석푸석"", ""먹었는데빨간색이"", ""예뻐서"", ""홀리듯이"", ""홍로는"", ""달콤하니"", ""맛있어요피스타치오버터까지"", ""발라""]","[""달걀"", ""질려서사워도우에"", ""스크렘블에그"", ""브리치즈도"", ""툭툭"", ""올렸더니너무"", ""맛있네요"", ""빵은"", ""홍로"", ""사과"", ""푸석푸석"", ""먹었는데빨간색이"", ""예뻐서"", ""홀리듯이"", ""홍로는"", ""달콤하니"", ""맛있어요피스타치오버터까지"", ""발라""]","[""달걀"", ""질려서사워도우에"", ""스크렘블에그"", ""브리치즈도"", ""툭툭"", ""올렸더니너무"", ""맛있네요"", ""빵은"", ""홍로"", ""사과"", ""푸석푸석"", ""먹었는데빨간색이"", ""예뻐서"", ""홀리듯이"", ""홍로는"", ""달콤하니"", ""맛있어요피스타치오버터까지"", ""발라"", ""달걀"", ""질려서사워도우에"", ""스크렘블에그"", ""브리치즈도"", ""툭툭"", ""올렸더니너무"", ""맛있네요"", ""빵은"", ""홍로"", ""사과"", ""푸석푸석"", ""먹었는데빨간색이"", ""예뻐서"", ""홀리듯이"", ""홍로는"", ""달콤하니"", ""맛있어요피스타치오버터까지"", ""발라""]"
https://www.instagram.com/p/DPvxhooj02k/,<10월 13일 당일 생산 오후 재고>연어 2수비드 1쉬림프 1잠봉 품절핫치킨 2슬라이스 품절#용산맛집 #용산샐러드 #용산샐러드맛집 #도시락 #건강샐러드 #24시식당 #용산역맛집 #샐러드,용산맛집;용산샐러드;용산샐러드맛집;도시락;건강샐러드;24시식당;용산역맛집;샐러드,월 일 당일 생산 오후 재고 연어 수비드 쉬림프 잠봉 품절핫치킨 슬라이스 품절#용산맛집 #용산샐러드 #용산샐러드맛집 #도시락 #건강샐러드 # 시식당 #용산역맛집 #샐러드,"[""당일"", ""생산"", ""오후"", ""재고"", ""연어"", ""수비드"", ""쉬림프"", ""잠봉"", ""품절핫치킨"", ""슬라이스"", ""품절""]","[""용산맛집"", ""용산샐러드"", ""용산샐러드맛집"", ""도시락"", ""건강샐러드"", ""용산역맛집"", ""샐러드""]","[""당일"", ""생산"", ""오후"", ""재고"", ""연어"", ""수비드"", ""쉬림프"", ""잠봉"", ""품절핫치킨"", ""슬라이스"", ""품절"", ""용산맛집"", ""용산샐러드"", ""용산샐러드맛집"", ""도시락"", ""건강샐러드"", ""용산역맛집"", ""샐러드""]"
https://www.instagram.com/p/DQGp3yVEt8y/,"Ver 1.-매일 다른 반찬으로 다채롭게 즐기는 점심!우리 모두들 맛있게 먹고 열심히 일하자구요💪평범한 하루를 더 특별하게밥온다와 함께 해요주문은 프로필 링크에서!Every day, Special day !#커스텀샐러드 #샐러드커스텀 #부산정기도시락 #부산정기배송도시락 #밥온다 #샐러드도시락 #도시락자랑 #샐러드맛집 #샐러드 #부산도시락배달 #부산도시락 #부산샐러드",커스텀샐러드;샐러드커스텀;부산정기도시락;부산정기배송도시락;밥온다;샐러드도시락;도시락자랑;샐러드맛집;샐러드;부산도시락배달;부산도시락;부산샐러드,매일 다른 반찬으로 다채롭게 즐기는 점심 우리 모두들 맛있게 먹고 열심히 일하자구요 평범한 하루를 더 특별하게밥온다와 함께 해요주문은 프로필 링크에서 #커스텀샐러드 #샐러드커스텀 #부산정기도시락 #부산정기배송도시락 #밥온다 #샐러드도시락 #도시락자랑 #샐러드맛집 #샐러드 #부산도시락배달 #부산도시락 #부산샐러드,"[""매일"", ""반찬으로"", ""다채롭게"", ""즐기는"", ""점심"", ""모두들"", ""열심히"", ""일하자구요"", ""평범한"", ""하루를"", ""특별하게밥온다와"", ""함께"", ""해요주문은"", ""링크에서""]","[""커스텀샐러드"", ""샐러드커스텀"", ""부산정기도시락"", ""부산정기배송도시락"", ""밥온다"", ""샐러드도시락"", ""도시락자랑"", ""샐러드맛집"", ""샐러드"", ""부산도시락배달"", ""부산도시락"", ""부산샐러드""]","[""매일"", ""반찬으로"", ""다채롭게"", ""즐기는"", ""점심"", ""모두들"", ""열심히"", ""일하자구요"", ""평범한"", ""하루를"", ""특별하게밥온다와"", ""함께"", ""해요주문은"", ""링크에서"", ""커스텀샐러드"", ""샐러드커스텀"", ""부산정기도시락"", ""부산정기배송도시락"", ""밥온다"", ""샐러드도시락"", ""도시락자랑"", ""샐러드맛집"", ""샐러드"", ""부산도시락배달"", ""부산도시락"", ""부산샐러드""]"
https://www.instagram.com/p/DOS6FyHEcts/,"#협찬 #제품제공옛날 옛날적 80여년 전 저 멀리 이탈리아 남부풀리이 중심부에 있는 디몰페타 프란토이아에는올리브에 아주 진심인 가족들이 살고 있었어요.” 전통적인 냉압착 방식 “을 통해 올리브 열매의신선함과 그대로 담아내면서도 현대 기술을 접목해수확, 생산, 병입까지 위생적인 환경에서 품질관리를하며 깨끗한 올리브 오일을 만들었어요.디몰페타 올리브오일은 자신들의 자부심이 담긴올리브오일을 “ 독점으로 공식 수입” 해 줄 곳을찾던 중 “ 이태리푸드마켓 ” 이라는 곳과 인연을맺게 되었어요.그러던 중 야마가 많이 도는 한 친구를 발견하고적당히 균형있는 약간의 매운맛, 풀향이 조화로운독특한 풍미를 가진#디몰페타유기농올리아로라올리브오일 과산도가 낮고 매운맛이 적어 데일리로 사용하기딱 좋은 #디몰페타유기농페렌자나올리브오일을 맛 볼 수 있는 좋은 기회를 주었답니다야마가 많이 돌던 그 친구는 병원에 계시던어머니를 모시고 다시 집으로 돌아가자마자디몰페타 유기농 올리아로라 올리브오일로라부부 말고 #냥부부토스트 도 맹글어 먹고(냐옹이식빵 올리브오일에 굽기,땅콩버터 파우더,땅콩분태,알룰로스,저당초코잼,두유 =수염,얼룩 귀저칼로리 저당 딸기잼으로 레드립💄💋)#난이제지쳤새우땡초파스타 도 먹었고요(콩담백면+옥수수면+땡초+두유+새우살+노른자)#고단백바게트 엪굽 후 #화이트발사믹 과 찍먹#샐러드 ( 드레싱으로 활용 ) 도 먹었어요,,(올리브 오일+화이트발사믹+레몬즙+알룰로스)성격이 자주 욱 하는 게 특징이던 야마 친구는다몰페타 올리아로라오일처럼 조화로운 성격을가지게 되었다고 하는 아주 따뜻한 이야기가전해져 내려온다는 ^^,, ‎ ‧₊˚ 𓏲⋆🌿. ⋆다덜 저녁 맛나게 마싯게 드시고요 🍚( ’༥‘ 🥢 )저는 아까 돌다 말았던 피드마실 돌고 오겠슨 —̳͟͞͞♡제 사정을 듣고 무조건적인 배려를 해 주셨던이태리푸드마켓에 다시 한 번 감사의 말씀을드립니다. 정말 진심으로 감사합니다. 덕분에마음 편히 엄마 간병 하고 돌아왔습니다 *⋆♡⃛ෆ⃛ෆ⃛ ♡♡[τ̲̅н̲̅a̲̅и̲̅κ̲̅ ч̲̅o̲̅u̲̅]ᴗ͈ₒᴗ͈♡디몰페타 유기농 올리브오일은 🤌🏻 @italy__foodmarket 🫒#이태리푸드마켓 #디몰페타 #디벨라레시피#올리브오일 #엑스트라버진올리브오일",협찬;제품제공옛날;디몰페타유기농올리아로라올리브오일;디몰페타유기농페렌자나올리브오일을;냥부부토스트;난이제지쳤새우땡초파스타;고단백바게트;화이트발사믹;샐러드;이태리푸드마켓;디몰페타;디벨라레시피;올리브오일;엑스트라버진올리브오일,#협찬 #제품제공옛날 옛날적 여년 전 저 멀리 이탈리아 남부풀리이 중심부에 있는 디몰페타 프란토이아에는올리브에 아주 진심인 가족들이 살고 있었어요 전통적인 냉압착 방식 을 통해 올리브 열매의신선함과 그대로 담아내면서도 현대 기술을 접목해수확 생산 병입까지 위생적인 환경에서 품질관리를하며 깨끗한 올리브 오일을 만들었어요 디몰페타 올리브오일은 자신들의 자부심이 담긴올리브오일을 독점으로 공식 수입 해 줄 곳을찾던 중 이태리푸드마켓 이라는 곳과 인연을맺게 되었어요 그러던 중 야마가 많이 도는 한 친구를 발견하고적당히 균형있는 약간의 매운맛 풀향이 조화로운독특한 풍미를 가진#디몰페타유기농올리아로라올리브오일 과산도가 낮고 매운맛이 적어 데일리로 사용하기딱 좋은 #디몰페타유기농페렌자나올리브오일을 맛 볼 수 있는 좋은 기회를 주었답니다야마가 많이 돌던 그 친구는 병원에 계시던어머니를 모시고 다시 집으로 돌아가자마자디몰페타 유기농 올리아로라 올리브오일로라부부 말고 #냥부부토스트 도 맹글어 먹고 냐옹이식빵 올리브오일에 굽기 땅콩버터 파우더 땅콩분태 알룰로스 저당초코잼 두유 수염 얼룩 귀저칼로리 저당 딸기잼으로 레드립 #난이제지쳤새우땡초파스타 도 먹었고요 콩담백면 옥수수면 땡초 두유 새우살 노른자 #고단백바게트 엪굽 후 #화이트발사믹 과 찍먹#샐러드 드레싱으로 활용 도 먹었어요 올리브 오일 화이트발사믹 레몬즙 알룰로스 성격이 자주 욱 하는 게 특징이던 야마 친구는다몰페타 올리아로라오일처럼 조화로운 성격을가지게 되었다고 하는 아주 따뜻한 이야기가전해져 내려온다는 다덜 저녁 맛나게 마싯게 드시고요 저는 아까 돌다 말았던 피드마실 돌고 오겠슨 제 사정을 듣고 무조건적인 배려를 해 주셨던이태리푸드마켓에 다시 한 번 감사의 말씀을드립니다 정말 진심으로 감사합니다 덕분에마음 편히 엄마 간병 하고 돌아왔습니다 디몰페타 유기농 올리브오일은 #이태리푸드마켓 #디몰페타 #디벨라레시피#올리브오일 #엑스트라버진올리브오일,"[""옛날적"", ""여년"", ""멀리"", ""이탈리아"", ""남부풀리이"", ""중심부에"", ""디몰페타"", ""프란토이아에는올리브에"", ""진심인"", ""가족들이"", ""살고"", ""있었어요"", ""전통적인"", ""냉압착"", ""방식"", ""통해"", ""올리브"", ""열매의신선함과"", ""담아내면서도"", ""현대"", ""기술을"", ""접목해수확"", ""생산"", ""병입까지"", ""위생적인"", ""환경에서"", ""품질관리를하며"", ""깨끗한"", ""올리브"", ""오일을"", ""만들었어요"", ""디몰페타"", ""올리브오일은"", ""자신들의"", ""자부심이"", ""담긴올리브오일을"", ""독점으로"", ""공식"", ""수입"", ""곳을찾던"", ""이태리푸드마켓"", ""이라는"", ""곳과"", ""인연을맺게"", ""되었어요"", ""그러던"", ""야마가"", ""도는"", ""친구를"", ""발견하고적당히"", ""균형있는"", ""약간의"", ""매운맛"", ""풀향이"", ""조화로운독특한"", ""풍미를"", ""가진"", ""과산도가"", ""낮고"", ""매운맛이"", ""적어"", ""데일리로"", ""사용하기딱"", ""기회를"", ""주었답니다야마가"", ""돌던"", ""친구는"", ""병원에"", ""계시던어머니를"", ""모시고"", ""집으로"", ""돌아가자마자디몰페타"", ""유기농"", ""올리아로라"", ""올리브오일로라부부"", ""말고"", ""맹글어"", ""냐옹이식빵"", ""올리브오일에"", ""굽기"", ""땅콩버터"", ""파우더"", ""땅콩분태"", ""알룰로스"", ""저당초코잼"", ""두유"", ""수염"", ""얼룩"", ""귀저칼로리"", ""저당"", ""딸기잼으로"", ""레드립"", ""먹었고요"", ""콩담백면"", ""옥수수면"", ""땡초"", ""두유"", ""새우살"", ""노른자"", ""엪굽"", ""찍먹"", ""드레싱으로"", ""활용"", ""올리브"", ""오일"", ""화이트발사믹"", ""레몬즙"", ""알룰로스"", ""성격이"", ""특징이던"", ""야마"", ""친구는다몰페타"", ""올리아로라오일처럼"", ""조화로운"", ""성격을가지게"", ""되었다고"", ""따뜻한"", ""이야기가전해져"", ""내려온다는"", ""다덜"", ""저녁"", ""맛나게"", ""마싯게"", ""드시고요"", ""아까"", ""돌다"", ""말았던"", ""피드마실"", ""돌고"", ""오겠슨"", ""사정을"", ""듣고"", ""무조건적인"", ""배려를"", ""주셨던이태리푸드마켓에"", ""감사의"", ""말씀을드립니다"", ""진심으로"", ""덕분에마음"", ""편히"", ""간병"", ""돌아왔습니다"", ""디몰페타"", ""유기농"", ""올리브오일은""]","[""제품제공옛날"", ""디몰페타유기농올리아로라올리브오일"", ""디몰페타유기농페렌자나올리브오일을"", ""냥부부토스트"", ""난이제지쳤새우땡초파스타"", ""고단백바게트"", ""화이트발사믹"", ""샐러드"", ""이태리푸드마켓"", ""디몰페타"", ""디벨라레시피"", ""올리브오일"", ""엑스트라버진올리브오일""]","[""옛날적"", ""여년"", ""멀리"", ""이탈리아"", ""남부풀리이"", ""중심부에"", ""디몰페타"", ""프란토이아에는올리브에"", ""진심인"", ""가족들이"", ""살고"", ""있었어요"", ""전통적인"", ""냉압착"", ""방식"", ""통해"", ""올리브"", ""열매의신선함과"", ""담아내면서도"", ""현대"", ""기술을"", ""접목해수확"", ""생산"", ""병입까지"", ""위생적인"", ""환경에서"", ""품질관리를하며"", ""깨끗한"", ""올리브"", ""오일을"", ""만들었어요"", ""디몰페타"", ""올리브오일은"", ""자신들의"", ""자부심이"", ""담긴올리브오일을"", ""독점으로"", ""공식"", ""수입"", ""곳을찾던"", ""이태리푸드마켓"", ""이라는"", ""곳과"", ""인연을맺게"", ""되었어요"", ""그러던"", ""야마가"", ""도는"", ""친구를"", ""발견하고적당히"", ""균형있는"", ""약간의"", ""매운맛"", ""풀향이"", ""조화로운독특한"", ""풍미를"", ""가진"", ""과산도가"", ""낮고"", ""매운맛이"", ""적어"", ""데일리로"", ""사용하기딱"", ""기회를"", ""주었답니다야마가"", ""돌던"", ""친구는"", ""병원에"", ""계시던어머니를"", ""모시고"", ""집으로"", ""돌아가자마자디몰페타"", ""유기농"", ""올리아로라"", ""올리브오일로라부부"", ""말고"", ""맹글어"", ""냐옹이식빵"", ""올리브오일에"", ""굽기"", ""땅콩버터"", ""파우더"", ""땅콩분태"", ""알룰로스"", ""저당초코잼"", ""두유"", ""수염"", ""얼룩"", ""귀저칼로리"", ""저당"", ""딸기잼으로"", ""레드립"", ""먹었고요"", ""콩담백면"", ""옥수수면"", ""땡초"", ""두유"", ""새우살"", ""노른자"", ""엪굽"", ""찍먹"", ""드레싱으로"", ""활용"", ""올리브"", ""오일"", ""화이트발사믹"", ""레몬즙"", ""알룰로스"", ""성격이"", ""특징이던"", ""야마"", ""친구는다몰페타"", ""올리아로라오일처럼"", ""조화로운"", ""성격을가지게"", ""되었다고"", ""따뜻한"", ""이야기가전해져"", ""내려온다는"", ""다덜"", ""저녁"", ""맛나게"", ""마싯게"", ""드시고요"", ""아까"", ""돌다"", ""말았던"", ""피드마실"", ""돌고"", ""오겠슨"", ""사정을"", ""듣고"", ""무조건적인"", ""배려를"", ""주셨던이태리푸드마켓에"", ""감사의"", ""말씀을드립니다"", ""진심으로"", ""덕분에마음"", ""편히"", ""간병"", ""돌아왔습니다"", ""디몰페타"", ""유기농"", ""올리브오일은"", ""제품제공옛날"", ""디몰페타유기농올리아로라올리브오일"", ""디몰페타유기농페렌자나올리브오일을"", ""냥부부토스트"", ""난이제지쳤새우땡초파스타"", ""고단백바게트"", ""화이트발사믹"", ""샐러드"", ""이태리푸드마켓"", ""디몰페타"", ""디벨라레시피"", ""올리브오일"", ""엑스트라버진올리브오일""]"
https://www.instagram.com/p/DOS6FyHEcts/c/17933326337964154/,"#협찬 #제품제공옛날 옛날적 80여년 전 저 멀리 이탈리아 남부풀리이 중심부에 있는 디몰페타 프란토이아에는올리브에 아주 진심인 가족들이 살고 있었어요.” 전통적인 냉압착 방식 “을 통해 올리브 열매의신선함과 그대로 담아내면서도 현대 기술을 접목해수확, 생산, 병입까지 위생적인 환경에서 품질관리를하며 깨끗한 올리브 오일을 만들었어요.디몰페타 올리브오일은 자신들의 자부심이 담긴올리브오일을 “ 독점으로 공식 수입” 해 줄 곳을찾던 중 “ 이태리푸드마켓 ” 이라는 곳과 인연을맺게 되었어요.그러던 중 야마가 많이 도는 한 친구를 발견하고적당히 균형있는 약간의 매운맛, 풀향이 조화로운독특한 풍미를 가진#디몰페타유기농올리아로라올리브오일 과산도가 낮고 매운맛이 적어 데일리로 사용하기딱 좋은 #디몰페타유기농페렌자나올리브오일을 맛 볼 수 있는 좋은 기회를 주었답니다야마가 많이 돌던 그 친구는 병원에 계시던어머니를 모시고 다시 집으로 돌아가자마자디몰페타 유기농 올리아로라 올리브오일로라부부 말고 #냥부부토스트 도 맹글어 먹고(냐옹이식빵 올리브오일에 굽기,땅콩버터 파우더,땅콩분태,알룰로스,저당초코잼,두유 =수염,얼룩 귀저칼로리 저당 딸기잼으로 레드립💄💋)#난이제지쳤새우땡초파스타 도 먹었고요(콩담백면+옥수수면+땡초+두유+새우살+노른자)#고단백바게트 엪굽 후 #화이트발사믹 과 찍먹#샐러드 ( 드레싱으로 활용 ) 도 먹었어요,,(올리브 오일+화이트발사믹+레몬즙+알룰로스)성격이 자주 욱 하는 게 특징이던 야마 친구는다몰페타 올리아로라오일처럼 조화로운 성격을가지게 되었다고 하는 아주 따뜻한 이야기가전해져 내려온다는 ^^,, ‎ ‧₊˚ 𓏲⋆🌿. ⋆다덜 저녁 맛나게 마싯게 드시고요 🍚( ’༥‘ 🥢 )저는 아까 돌다 말았던 피드마실 돌고 오겠슨 —̳͟͞͞♡제 사정을 듣고 무조건적인 배려를 해 주셨던이태리푸드마켓에 다시 한 번 감사의 말씀을드립니다. 정말 진심으로 감사합니다. 덕분에마음 편히 엄마 간병 하고 돌아왔습니다 *⋆♡⃛ෆ⃛ෆ⃛ ♡♡[τ̲̅н̲̅a̲̅и̲̅κ̲̅ ч̲̅o̲̅u̲̅]ᴗ͈ₒᴗ͈♡디몰페타 유기농 올리브오일은 🤌🏻 @italy__foodmarket 🫒#이태리푸드마켓 #디몰페타 #디벨라레시피#올리브오일 #엑스트라버진올리브오일",협찬;제품제공옛날;디몰페타유기농올리아로라올리브오일;디몰페타유기농페렌자나올리브오일을;냥부부토스트;난이제지쳤새우땡초파스타;고단백바게트;화이트발사믹;샐러드;이태리푸드마켓;디몰페타;디벨라레시피;올리브오일;엑스트라버진올리브오일,#협찬 #제품제공옛날 옛날적 여년 전 저 멀리 이탈리아 남부풀리이 중심부에 있는 디몰페타 프란토이아에는올리브에 아주 진심인 가족들이 살고 있었어요 전통적인 냉압착 방식 을 통해 올리브 열매의신선함과 그대로 담아내면서도 현대 기술을 접목해수확 생산 병입까지 위생적인 환경에서 품질관리를하며 깨끗한 올리브 오일을 만들었어요 디몰페타 올리브오일은 자신들의 자부심이 담긴올리브오일을 독점으로 공식 수입 해 줄 곳을찾던 중 이태리푸드마켓 이라는 곳과 인연을맺게 되었어요 그러던 중 야마가 많이 도는 한 친구를 발견하고적당히 균형있는 약간의 매운맛 풀향이 조화로운독특한 풍미를 가진#디몰페타유기농올리아로라올리브오일 과산도가 낮고 매운맛이 적어 데일리로 사용하기딱 좋은 #디몰페타유기농페렌자나올리브오일을 맛 볼 수 있는 좋은 기회를 주었답니다야마가 많이 돌던 그 친구는 병원에 계시던어머니를 모시고 다시 집으로 돌아가자마자디몰페타 유기농 올리아로라 올리브오일로라부부 말고 #냥부부토스트 도 맹글어 먹고 냐옹이식빵 올리브오일에 굽기 땅콩버터 파우더 땅콩분태 알룰로스 저당초코잼 두유 수염 얼룩 귀저칼로리 저당 딸기잼으로 레드립 #난이제지쳤새우땡초파스타 도 먹었고요 콩담백면 옥수수면 땡초 두유 새우살 노른자 #고단백바게트 엪굽 후 #화이트발사믹 과 찍먹#샐러드 드레싱으로 활용 도 먹었어요 올리브 오일 화이트발사믹 레몬즙 알룰로스 성격이 자주 욱 하는 게 특징이던 야마 친구는다몰페타 올리아로라오일처럼 조화로운 성격을가지게 되었다고 하는 아주 따뜻한 이야기가전해져 내려온다는 다덜 저녁 맛나게 마싯게 드시고요 저는 아까 돌다 말았던 피드마실 돌고 오겠슨 제 사정을 듣고 무조건적인 배려를 해 주셨던이태리푸드마켓에 다시 한 번 감사의 말씀을드립니다 정말 진심으로 감사합니다 덕분에마음 편히 엄마 간병 하고 돌아왔습니다 디몰페타 유기농 올리브오일은 #이태리푸드마켓 #디몰페타 #디벨라레시피#올리브오일 #엑스트라버진올리브오일,"[""옛날적"", ""여년"", ""멀리"", ""이탈리아"", ""남부풀리이"", ""중심부에"", ""디몰페타"", ""프란토이아에는올리브에"", ""진심인"", ""가족들이"", ""살고"", ""있었어요"", ""전통적인"", ""냉압착"", ""방식"", ""통해"", ""올리브"", ""열매의신선함과"", ""담아내면서도"", ""현대"", ""기술을"", ""접목해수확"", ""생산"", ""병입까지"", ""위생적인"", ""환경에서"", ""품질관리를하며"", ""깨끗한"", ""올리브"", ""오일을"", ""만들었어요"", ""디몰페타"", ""올리브오일은"", ""자신들의"", ""자부심이"", ""담긴올리브오일을"", ""독점으로"", ""공식"", ""수입"", ""곳을찾던"", ""이태리푸드마켓"", ""이라는"", ""곳과"", ""인연을맺게"", ""되었어요"", ""그러던"", ""야마가"", ""도는"", ""친구를"", ""발견하고적당히"", ""균형있는"", ""약간의"", ""매운맛"", ""풀향이"", ""조화로운독특한"", ""풍미를"", ""가진"", ""과산도가"", ""낮고"", ""매운맛이"", ""적어"", ""데일리로"", ""사용하기딱"", ""기회를"", ""주었답니다야마가"", ""돌던"", ""친구는"", ""병원에"", ""계시던어머니를"", ""모시고"", ""집으로"", ""돌아가자마자디몰페타"", ""유기농"", ""올리아로라"", ""올리브오일로라부부"", ""말고"", ""맹글어"", ""냐옹이식빵"", ""올리브오일에"", ""굽기"", ""땅콩버터"", ""파우더"", ""땅콩분태"", ""알룰로스"", ""저당초코잼"", ""두유"", ""수염"", ""얼룩"", ""귀저칼로리"", ""저당"", ""딸기잼으로"", ""레드립"", ""먹었고요"", ""콩담백면"", ""옥수수면"", ""땡초"", ""두유"", ""새우살"", ""노른자"", ""엪굽"", ""찍먹"", ""드레싱으로"", ""활용"", ""올리브"", ""오일"", ""화이트발사믹"", ""레몬즙"", ""알룰로스"", ""성격이"", ""특징이던"", ""야마"", ""친구는다몰페타"", ""올리아로라오일처럼"", ""조화로운"", ""성격을가지게"", ""되었다고"", ""따뜻한"", ""이야기가전해져"", ""내려온다는"", ""다덜"", ""저녁"", ""맛나게"", ""마싯게"", ""드시고요"", ""아까"", ""돌다"", ""말았던"", ""피드마실"", ""돌고"", ""오겠슨"", ""사정을"", ""듣고"", ""무조건적인"", ""배려를"", ""주셨던이태리푸드마켓에"", ""감사의"", ""말씀을드립니다"", ""진심으로"", ""덕분에마음"", ""편히"", ""간병"", ""돌아왔습니다"", ""디몰페타"", ""유기농"", ""올리브오일은""]","[""제품제공옛날"", ""디몰페타유기농올리아로라올리브오일"", ""디몰페타유기농페렌자나올리브오일을"", ""냥부부토스트"", ""난이제지쳤새우땡초파스타"", ""고단백바게트"", ""화이트발사믹"", ""샐러드"", ""이태리푸드마켓"", ""디몰페타"", ""디벨라레시피"", ""올리브오일"", ""엑스트라버진올리브오일""]","[""옛날적"", ""여년"", ""멀리"", ""이탈리아"", ""남부풀리이"", ""중심부에"", ""디몰페타"", ""프란토이아에는올리브에"", ""진심인"", ""가족들이"", ""살고"", ""있었어요"", ""전통적인"", ""냉압착"", ""방식"", ""통해"", ""올리브"", ""열매의신선함과"", ""담아내면서도"", ""현대"", ""기술을"", ""접목해수확"", ""생산"", ""병입까지"", ""위생적인"", ""환경에서"", ""품질관리를하며"", ""깨끗한"", ""올리브"", ""오일을"", ""만들었어요"", ""디몰페타"", ""올리브오일은"", ""자신들의"", ""자부심이"", ""담긴올리브오일을"", ""독점으로"", ""공식"", ""수입"", ""곳을찾던"", ""이태리푸드마켓"", ""이라는"", ""곳과"", ""인연을맺게"", ""되었어요"", ""그러던"", ""야마가"", ""도는"", ""친구를"", ""발견하고적당히"", ""균형있는"", ""약간의"", ""매운맛"", ""풀향이"", ""조화로운독특한"", ""풍미를"", ""가진"", ""과산도가"", ""낮고"", ""매운맛이"", ""적어"", ""데일리로"", ""사용하기딱"", ""기회를"", ""주었답니다야마가"", ""돌던"", ""친구는"", ""병원에"", ""계시던어머니를"", ""모시고"", ""집으로"", ""돌아가자마자디몰페타"", ""유기농"", ""올리아로라"", ""올리브오일로라부부"", ""말고"", ""맹글어"", ""냐옹이식빵"", ""올리브오일에"", ""굽기"", ""땅콩버터"", ""파우더"", ""땅콩분태"", ""알룰로스"", ""저당초코잼"", ""두유"", ""수염"", ""얼룩"", ""귀저칼로리"", ""저당"", ""딸기잼으로"", ""레드립"", ""먹었고요"", ""콩담백면"", ""옥수수면"", ""땡초"", ""두유"", ""새우살"", ""노른자"", ""엪굽"", ""찍먹"", ""드레싱으로"", ""활용"", ""올리브"", ""오일"", ""화이트발사믹"", ""레몬즙"", ""알룰로스"", ""성격이"", ""특징이던"", ""야마"", ""친구는다몰페타"", ""올리아로라오일처럼"", ""조화로운"", ""성격을가지게"", ""되었다고"", ""따뜻한"", ""이야기가전해져"", ""내려온다는"", ""다덜"", ""저녁"", ""맛나게"", ""마싯게"", ""드시고요"", ""아까"", ""돌다"", ""말았던"", ""피드마실"", ""돌고"", ""오겠슨"", ""사정을"", ""듣고"", ""무조건적인"", ""배려를"", ""주셨던이태리푸드마켓에"", ""감사의"", ""말씀을드립니다"", ""진심으로"", ""덕분에마음"", ""편히"", ""간병"", ""돌아왔습니다"", ""디몰페타"", ""유기농"", ""올리브오일은"", ""제품제공옛날"", ""디몰페타유기농올리아로라올리브오일"", ""디몰페타유기농페렌자나올리브오일을"", ""냥부부토스트"", ""난이제지쳤새우땡초파스타"", ""고단백바게트"", ""화이트발사믹"", ""샐러드"", ""이태리푸드마켓"", ""디몰페타"", ""디벨라레시피"", ""올리브오일"", ""엑스트라버진올리브오일""]"
https://www.instagram.com/p/DPum4Xmk2Ga/,"🥗샐미닛 구성 변경🥗기나긴 연휴 잘 보내셨나요🙌🏻너~무 쉬어서 허리가 다 아프더라구요.열심히 먹었으니 우리 디톡스 해야죠!?연휴동안 샐미닛은 구성이 조금 변경 되었어요!기존에 레귤러, 라지 두가지 사이즈가중간 어디쯤으로 타협되어(라지 양에 더 가까운😎)한가지 사이즈의 샐러드로 변경되었습니다.용기가 깊어서 기존보다 양이 적어보일 수도 있는데중량은 라지에 더 가까워요👍🏼샌드위치도 내용물이 사알짝 줄어들고금액이 좀 더 저렴해졌어요🫶🏻착한가격 샐미닛 만나보세요🧡#샐러드미닛 #샐러드 #샌드위치",샐러드미닛;샐러드;샌드위치,샐미닛 구성 변경 기나긴 연휴 잘 보내셨나요 너 무 쉬어서 허리가 다 아프더라구요 열심히 먹었으니 우리 디톡스 해야죠 연휴동안 샐미닛은 구성이 조금 변경 되었어요 기존에 레귤러 라지 두가지 사이즈가중간 어디쯤으로 타협되어 라지 양에 더 가까운 한가지 사이즈의 샐러드로 변경되었습니다 용기가 깊어서 기존보다 양이 적어보일 수도 있는데중량은 라지에 더 가까워요 샌드위치도 내용물이 사알짝 줄어들고금액이 좀 더 저렴해졌어요 착한가격 샐미닛 만나보세요 #샐러드미닛 #샐러드 #샌드위치,"[""샐미닛"", ""구성"", ""변경"", ""기나긴"", ""보내셨나요"", ""쉬어서"", ""허리가"", ""아프더라구요"", ""열심히"", ""먹었으니"", ""디톡스"", ""해야죠"", ""연휴동안"", ""샐미닛은"", ""구성이"", ""변경"", ""되었어요"", ""기존에"", ""레귤러"", ""라지"", ""두가지"", ""사이즈가중간"", ""어디쯤으로"", ""타협되어"", ""라지"", ""양에"", ""가까운"", ""한가지"", ""사이즈의"", ""샐러드로"", ""변경되었습니다"", ""용기가"", ""깊어서"", ""기존보다"", ""적어보일"", ""수도"", ""있는데중량은"", ""라지에"", ""가까워요"", ""샌드위치도"", ""내용물이"", ""사알짝"", ""줄어들고금액이"", ""저렴해졌어요"", ""착한가격"", ""샐미닛""]","[""샐러드미닛"", ""샐러드"", ""샌드위치""]","[""샐미닛"", ""구성"", ""변경"", ""기나긴"", ""보내셨나요"", ""쉬어서"", ""허리가"", ""아프더라구요"", ""열심히"", ""먹었으니"", ""디톡스"", ""해야죠"", ""연휴동안"", ""샐미닛은"", ""구성이"", ""변경"", ""되었어요"", ""기존에"", ""레귤러"", ""라지"", ""두가지"", ""사이즈가중간"", ""어디쯤으로"", ""타협되어"", ""라지"", ""양에"", ""가까운"", ""한가지"", ""사이즈의"", ""샐러드로"", ""변경되었습니다"", ""용기가"", ""깊어서"", ""기존보다"", ""적어보일"", ""수도"", ""있는데중량은"", ""라지에"", ""가까워요"", ""샌드위치도"", ""내용물이"", ""사알짝"", ""줄어들고금액이"", ""저렴해졌어요"", ""착한가격"", ""샐미닛"", ""샐러드미닛"", ""샐러드"", ""샌드위치""]"
https://www.instagram.com/p/DQCH-3Ikit0/c/18064773857375473/,#낙지연포탕#돈육볶음#브로콜리꽃맛살무침#군만두#샐러드연포탕이 주말에 외식했던 샤브올데이보다 깊은맛이!! good#영양#급식#인기메뉴#상차림#식판샷#머먹지#소통#공유#잔반제로#맛그램,낙지연포탕;돈육볶음;브로콜리꽃맛살무침;군만두;샐러드연포탕이;영양;급식;인기메뉴;상차림;식판샷;머먹지;소통;공유;잔반제로;맛그램,#낙지연포탕#돈육볶음#브로콜리꽃맛살무침#군만두#샐러드연포탕이 주말에 외식했던 샤브올데이보다 깊은맛이 #영양#급식#인기메뉴#상차림#식판샷#머먹지#소통#공유#잔반제로#맛그램,"[""외식했던"", ""샤브올데이보다"", ""깊은맛이""]","[""낙지연포탕"", ""돈육볶음"", ""브로콜리꽃맛살무침"", ""군만두"", ""샐러드연포탕이"", ""영양"", ""급식"", ""인기메뉴"", ""상차림"", ""식판샷"", ""머먹지"", ""소통"", ""공유"", ""잔반제로"", ""맛그램""]","[""외식했던"", ""샤브올데이보다"", ""깊은맛이"", ""낙지연포탕"", ""돈육볶음"", ""브로콜리꽃맛살무침"", ""군만두"", ""샐러드연포탕이"", ""영양"", ""급식"", ""인기메뉴"", ""상차림"", ""식판샷"", ""머먹지"", ""소통"", ""공유"", ""잔반제로"", ""맛그램""]"
https://www.instagram.com/p/DP5tyEkj1FN/c/18057687299234941/,#샐러드17일 늦은 점심.허기채우고...건강생각해서 ...닭고기는 수비드요리라고 합니다촉촉하게맛나게요.소스는 모르지만  좀 매콤하니 좋네.,샐러드17일,#샐러드 일 늦은 점심 허기채우고 건강생각해서 닭고기는 수비드요리라고 합니다촉촉하게맛나게요 소스는 모르지만 좀 매콤하니 좋네,"[""늦은"", ""점심"", ""허기채우고"", ""건강생각해서"", ""닭고기는"", ""수비드요리라고"", ""합니다촉촉하게맛나게요"", ""모르지만"", ""매콤하니"", ""좋네""]","[""샐러드""]","[""늦은"", ""점심"", ""허기채우고"", ""건강생각해서"", ""닭고기는"", ""수비드요리라고"", ""합니다촉촉하게맛나게요"", ""모르지만"", ""매콤하니"", ""좋네"", ""샐러드""]"
https://www.instagram.com/p/DJHEENZSDvb/,오늘은 간단하게 샐러드파스타🥗미즈에서 먹는거처럼 해달라고..비슷한지는 모르겠네 ㅎㅎㅎㅎ,,오늘은 간단하게 샐러드파스타 미즈에서 먹는거처럼 해달라고 비슷한지는 모르겠네 ㅎㅎㅎㅎ,"[""샐러드파스타"", ""미즈에서"", ""먹는거처럼"", ""해달라고"", ""비슷한지는"", ""모르겠네"", ""ㅎㅎㅎㅎ""]","[""샐러드파스타"", ""미즈에서"", ""먹는거처럼"", ""해달라고"", ""비슷한지는"", ""모르겠네"", ""ㅎㅎㅎㅎ""]","[""샐러드파스타"", ""미즈에서"", ""먹는거처럼"", ""해달라고"", ""비슷한지는"", ""모르겠네"", ""ㅎㅎㅎㅎ"", ""샐러드파스타"", ""미즈에서"", ""먹는거처럼"", ""해달라고"", ""비슷한지는"", ""모르겠네"", ""ㅎㅎㅎㅎ""]"
https://www.instagram.com/p/DQJN1pkE--U/,10.23 석식입니다.  맛저하세요 ~^^ #어묵국#김치제육#군만두#찰도너츠#숙주나물#궁채나물#미역초무침#샐러드..#논현1647#논현역점심#신사역점심#논현맛집#신사맛집#신사저녁#논현저녁#논현밥집#신사밥집#단체회식#소모임#한식뷔페#강남구내식당#직장인점심#집밥이최고#위생등급 매우우수업체#백반맛집,어묵국;김치제육;군만두;찰도너츠;숙주나물;궁채나물;미역초무침;샐러드;논현1647;논현역점심;신사역점심;논현맛집;신사맛집;신사저녁;논현저녁;논현밥집;신사밥집;단체회식;소모임;한식뷔페;강남구내식당;직장인점심;집밥이최고;위생등급;백반맛집,석식입니다 맛저하세요 #어묵국#김치제육#군만두#찰도너츠#숙주나물#궁채나물#미역초무침#샐러드 #논현 #논현역점심#신사역점심#논현맛집#신사맛집#신사저녁#논현저녁#논현밥집#신사밥집#단체회식#소모임#한식뷔페#강남구내식당#직장인점심#집밥이최고#위생등급 매우우수업체#백반맛집,"[""석식입니다"", ""맛저하세요"", ""매우우수업체""]","[""어묵국"", ""김치제육"", ""군만두"", ""찰도너츠"", ""숙주나물"", ""궁채나물"", ""미역초무침"", ""샐러드"", ""논현"", ""논현역점심"", ""신사역점심"", ""논현맛집"", ""신사맛집"", ""신사저녁"", ""논현저녁"", ""논현밥집"", ""신사밥집"", ""단체회식"", ""소모임"", ""한식뷔페"", ""강남구내식당"", ""직장인점심"", ""집밥이최고"", ""위생등급"", ""백반맛집""]","[""석식입니다"", ""맛저하세요"", ""매우우수업체"", ""어묵국"", ""김치제육"", ""군만두"", ""찰도너츠"", ""숙주나물"", ""궁채나물"", ""미역초무침"", ""샐러드"", ""논현"", ""논현역점심"", ""신사역점심"", ""논현맛집"", ""신사맛집"", ""신사저녁"", ""논현저녁"", ""논현밥집"", ""신사밥집"", ""단체회식"", ""소모임"", ""한식뷔페"", ""강남구내식당"", ""직장인점심"", ""집밥이최고"", ""위생등급"", ""백반맛집""]"
https://www.instagram.com/p/DPJaH7DgQG2/c/18062345045078759/,"찾고 또 찾고, 돌고 또 돌아…결국엔 ARiMi의 스테디셀러, 야채 샌드위치로💚오픈하실 매장에서도 많은 분들의 사랑받으며잘 판매되길 진심으로 바랍니다🥰",,찾고 또 찾고 돌고 또 돌아 결국엔 의 스테디셀러 야채 샌드위치로 오픈하실 매장에서도 많은 분들의 사랑받으며잘 판매되길 진심으로 바랍니다,"[""찾고"", ""찾고"", ""돌고"", ""돌아"", ""결국엔"", ""스테디셀러"", ""야채"", ""샌드위치로"", ""오픈하실"", ""매장에서도"", ""분들의"", ""사랑받으며잘"", ""판매되길"", ""진심으로"", ""바랍니다""]","[""찾고"", ""찾고"", ""돌고"", ""돌아"", ""결국엔"", ""스테디셀러"", ""야채"", ""샌드위치로"", ""오픈하실"", ""매장에서도"", ""분들의"", ""사랑받으며잘"", ""판매되길"", ""진심으로"", ""바랍니다""]","[""찾고"", ""찾고"", ""돌고"", ""돌아"", ""결국엔"", ""스테디셀러"", ""야채"", ""샌드위치로"", ""오픈하실"", ""매장에서도"", ""분들의"", ""사랑받으며잘"", ""판매되길"", ""진심으로"", ""바랍니다"", ""찾고"", ""찾고"", ""돌고"", ""돌아"", ""결국엔"", ""스테디셀러"", ""야채"", ""샌드위치로"", ""오픈하실"", ""매장에서도"", ""분들의"", ""사랑받으며잘"", ""판매되길"", ""진심으로"", ""바랍니다""]"
https://www.instagram.com/p/DQBu_3ngay_/,다들 주말 잘 보내셨나효~~🤗 저는 담달에 저희 친동생 결혼식이 있어 급 샐러드를… ㅋㅋㅋㅋㅋㅋ🥗 다이어트 어떻게 하는지 알면서 못하겠오요.. ㅋㅋㅋㅋㅠㅠㅠㅠ 휴우~ 일요일 아점으로 #풀무원디자인밀 샐러드와 제주도에서 사왔던 #우무 푸딩과 복숭아와 아이스라떼! 남편과 아쥬 맛있게 먹었어요ㅎㅎ요즘 한끼라도 다이어트를 해보려구 풀무원디자인밀에서 매일 배송 받아서 먹구 있는데 다양한 맛에 신선하고 포장과 배송도 넘 맘에 들어서 아주 만족하고 있답니당 아래에 장점들 정리 해볼게용📝풀무원 디자인밀 샐러드♡ᐝ1. 배송 받는 전날 밤11시-12시쯤 집 대문에 아이스팩과 함께 보냉백에 샐러드를 넣어서 걸어둡니다2. 포장이 깔끔하고 분리수거하기도 편리해요3. 매번 다른 맛으로 샐러드 특유의 지겨움이 없이 없어요4. 양이 꽤 돼서 든든한 한 끼로 충분해요5. 늘 신선한 재료들로 건강한 한 끼를 먹을 수 있어요6. 재료 준비가 힘들고 매일 신선한 제품으로 집 앞에 딱 도착한 샐러드 먹고 싶다면 강추용! ㅎㅎ#신혼부부 #풀무원 #샐러드 #디자인밀 #풀무원디자인밀 #다이어트 #다이어트식단 #먹스타그램 #홈스타그램 #신혼일기 #일상 #주말 #집밥 #브런치 #점메추,풀무원디자인밀;우무;신혼부부;풀무원;샐러드;디자인밀;다이어트;다이어트식단;먹스타그램;홈스타그램;신혼일기;일상;주말;집밥;브런치;점메추,다들 주말 잘 보내셨나효 저는 담달에 저희 친동생 결혼식이 있어 급 샐러드를 ㅋㅋㅋㅋㅋㅋ 다이어트 어떻게 하는지 알면서 못하겠오요 ㅋㅋㅋㅋㅠㅠㅠㅠ 휴우 일요일 아점으로 #풀무원디자인밀 샐러드와 제주도에서 사왔던 #우무 푸딩과 복숭아와 아이스라떼 남편과 아쥬 맛있게 먹었어요ㅎㅎ요즘 한끼라도 다이어트를 해보려구 풀무원디자인밀에서 매일 배송 받아서 먹구 있는데 다양한 맛에 신선하고 포장과 배송도 넘 맘에 들어서 아주 만족하고 있답니당 아래에 장점들 정리 해볼게용 풀무원 디자인밀 샐러드 배송 받는 전날 밤 시 시쯤 집 대문에 아이스팩과 함께 보냉백에 샐러드를 넣어서 걸어둡니다 포장이 깔끔하고 분리수거하기도 편리해요 매번 다른 맛으로 샐러드 특유의 지겨움이 없이 없어요 양이 꽤 돼서 든든한 한 끼로 충분해요 늘 신선한 재료들로 건강한 한 끼를 먹을 수 있어요 재료 준비가 힘들고 매일 신선한 제품으로 집 앞에 딱 도착한 샐러드 먹고 싶다면 강추용 ㅎㅎ#신혼부부 #풀무원 #샐러드 #디자인밀 #풀무원디자인밀 #다이어트 #다이어트식단 #먹스타그램 #홈스타그램 #신혼일기 #일상 #주말 #집밥 #브런치 #점메추,"[""주말"", ""보내셨나효"", ""담달에"", ""저희"", ""친동생"", ""결혼식이"", ""샐러드를"", ""ㅋㅋㅋㅋㅋㅋ"", ""다이어트"", ""어떻게"", ""하는지"", ""알면서"", ""못하겠오요"", ""ㅋㅋㅋㅋㅠㅠㅠㅠ"", ""휴우"", ""일요일"", ""아점으로"", ""샐러드와"", ""제주도에서"", ""사왔던"", ""푸딩과"", ""복숭아와"", ""아이스라떼"", ""남편과"", ""아쥬"", ""먹었어요ㅎㅎ요즘"", ""한끼라도"", ""다이어트를"", ""해보려구"", ""풀무원디자인밀에서"", ""매일"", ""배송"", ""받아서"", ""먹구"", ""있는데"", ""다양한"", ""맛에"", ""신선하고"", ""포장과"", ""배송도"", ""맘에"", ""들어서"", ""만족하고"", ""있답니당"", ""아래에"", ""장점들"", ""정리"", ""해볼게용"", ""풀무원"", ""디자인밀"", ""샐러드"", ""배송"", ""받는"", ""전날"", ""시쯤"", ""대문에"", ""아이스팩과"", ""함께"", ""보냉백에"", ""샐러드를"", ""넣어서"", ""걸어둡니다"", ""포장이"", ""깔끔하고"", ""분리수거하기도"", ""편리해요"", ""매번"", ""맛으로"", ""샐러드"", ""특유의"", ""지겨움이"", ""없어요"", ""돼서"", ""든든한"", ""끼로"", ""충분해요"", ""신선한"", ""재료들로"", ""건강한"", ""재료"", ""준비가"", ""힘들고"", ""매일"", ""신선한"", ""제품으로"", ""앞에"", ""도착한"", ""샐러드"", ""싶다면"", ""강추용""]","[""풀무원디자인밀"", ""우무"", ""신혼부부"", ""풀무원"", ""샐러드"", ""디자인밀"", ""다이어트"", ""다이어트식단"", ""먹스타그램"", ""홈스타그램"", ""신혼일기"", ""일상"", ""주말"", ""집밥"", ""브런치"", ""점메추""]","[""주말"", ""보내셨나효"", ""담달에"", ""저희"", ""친동생"", ""결혼식이"", ""샐러드를"", ""ㅋㅋㅋㅋㅋㅋ"", ""다이어트"", ""어떻게"", ""하는지"", ""알면서"", ""못하겠오요"", ""ㅋㅋㅋㅋㅠㅠㅠㅠ"", ""휴우"", ""일요일"", ""아점으로"", ""샐러드와"", ""제주도에서"", ""사왔던"", ""푸딩과"", ""복숭아와"", ""아이스라떼"", ""남편과"", ""아쥬"", ""먹었어요ㅎㅎ요즘"", ""한끼라도"", ""다이어트를"", ""해보려구"", ""풀무원디자인밀에서"", ""매일"", ""배송"", ""받아서"", ""먹구"", ""있는데"", ""다양한"", ""맛에"", ""신선하고"", ""포장과"", ""배송도"", ""맘에"", ""들어서"", ""만족하고"", ""있답니당"", ""아래에"", ""장점들"", ""정리"", ""해볼게용"", ""풀무원"", ""디자인밀"", ""샐러드"", ""배송"", ""받는"", ""전날"", ""시쯤"", ""대문에"", ""아이스팩과"", ""함께"", ""보냉백에"", ""샐러드를"", ""넣어서"", ""걸어둡니다"", ""포장이"", ""깔끔하고"", ""분리수거하기도"", ""편리해요"", ""매번"", ""맛으로"", ""샐러드"", ""특유의"", ""지겨움이"", ""없어요"", ""돼서"", ""든든한"", ""끼로"", ""충분해요"", ""신선한"", ""재료들로"", ""건강한"", ""재료"", ""준비가"", ""힘들고"", ""매일"", ""신선한"", ""제품으로"", ""앞에"", ""도착한"", ""샐러드"", ""싶다면"", ""강추용"", ""풀무원디자인밀"", ""우무"", ""신혼부부"", ""풀무원"", ""샐러드"", ""디자인밀"", ""다이어트"", ""다이어트식단"", ""먹스타그램"", ""홈스타그램"", ""신혼일기"", ""일상"", ""주말"", ""집밥"", ""브런치"", ""점메추""]"
https://www.instagram.com/p/DQBF3miD5E_/c/18096080038702771/,"#보스턴샐러드하우스부산 지사동점이 오픈합니다.포케, 샐러드, 파스타, 그릭요거트 등 다채로운 메뉴 구성으로 지사동동에서 인사드립니다.주소 : 부산광역시 강서구 과학산단로2로 20번길, 40, 1층일부(지사동)식사 : 매장식사, 배민, 포장​배달 플랫폼 오픈은 10월 말부터 실시할 계획이며, 매장에서 많은 고객님 만나뵙기를 희망합니다.​컷팅과일과 그릭요거트의 조합컷팅과일과 샐러드의 조합포케, 파스타, 미국식 핫도그 등 다양하고 맛있는 메뉴만 엄선하여 고객님께 제공하겠습니다.​그럼 오늘도 보스턴샐러드하우스 하세요.감사합니다.​PLUS GREEN TO YOUR DAY~!!BOSTON SALAD HOUSE.#지사동 #부산 #샐러드 #포케 #부산샐러드 #지사동샐러드 #샐러드부산 #부산포케 #부산포케샐러드 #보스턴시그니처샐러드 #캐리비안파스타샐러드 #부산맛집 #샐러드부산맛집 #지사동도시락 #지사동 #대박과일 #컷팅과일 #지사동포케 #지사동그릭요거트 #보스턴샐러드하우스지사동점",보스턴샐러드하우스;지사동;부산;샐러드;포케;부산샐러드;지사동샐러드;샐러드부산;부산포케;부산포케샐러드;보스턴시그니처샐러드;캐리비안파스타샐러드;부산맛집;샐러드부산맛집;지사동도시락;대박과일;컷팅과일;지사동포케;지사동그릭요거트;보스턴샐러드하우스지사동점,#보스턴샐러드하우스부산 지사동점이 오픈합니다 포케 샐러드 파스타 그릭요거트 등 다채로운 메뉴 구성으로 지사동동에서 인사드립니다 주소 부산광역시 강서구 과학산단로 로 번길 층일부 지사동 식사 매장식사 배민 포장 배달 플랫폼 오픈은 월 말부터 실시할 계획이며 매장에서 많은 고객님 만나뵙기를 희망합니다 컷팅과일과 그릭요거트의 조합컷팅과일과 샐러드의 조합포케 파스타 미국식 핫도그 등 다양하고 맛있는 메뉴만 엄선하여 고객님께 제공하겠습니다 그럼 오늘도 보스턴샐러드하우스 하세요 감사합니다 #지사동 #부산 #샐러드 #포케 #부산샐러드 #지사동샐러드 #샐러드부산 #부산포케 #부산포케샐러드 #보스턴시그니처샐러드 #캐리비안파스타샐러드 #부산맛집 #샐러드부산맛집 #지사동도시락 #지사동 #대박과일 #컷팅과일 #지사동포케 #지사동그릭요거트 #보스턴샐러드하우스지사동점,"[""지사동점이"", ""오픈합니다"", ""포케"", ""샐러드"", ""파스타"", ""그릭요거트"", ""다채로운"", ""지사동동에서"", ""인사드립니다"", ""주소"", ""부산광역시"", ""강서구"", ""과학산단로"", ""번길"", ""층일부"", ""지사동"", ""식사"", ""매장식사"", ""배민"", ""포장"", ""배달"", ""플랫폼"", ""오픈은"", ""말부터"", ""실시할"", ""계획이며"", ""매장에서"", ""고객님"", ""만나뵙기를"", ""희망합니다"", ""컷팅과일과"", ""그릭요거트의"", ""조합컷팅과일과"", ""샐러드의"", ""조합포케"", ""파스타"", ""미국식"", ""핫도그"", ""다양하고"", ""메뉴만"", ""엄선하여"", ""고객님께"", ""제공하겠습니다"", ""그럼"", ""보스턴샐러드하우스"", ""하세요""]","[""보스턴샐러드하우스"", ""지사동"", ""부산"", ""샐러드"", ""포케"", ""부산샐러드"", ""지사동샐러드"", ""샐러드부산"", ""부산포케"", ""부산포케샐러드"", ""보스턴시그니처샐러드"", ""캐리비안파스타샐러드"", ""부산맛집"", ""샐러드부산맛집"", ""지사동도시락"", ""대박과일"", ""컷팅과일"", ""지사동포케"", ""지사동그릭요거트"", ""보스턴샐러드하우스지사동점""]","[""지사동점이"", ""오픈합니다"", ""포케"", ""샐러드"", ""파스타"", ""그릭요거트"", ""다채로운"", ""지사동동에서"", ""인사드립니다"", ""주소"", ""부산광역시"", ""강서구"", ""과학산단로"", ""번길"", ""층일부"", ""지사동"", ""식사"", ""매장식사"", ""배민"", ""포장"", ""배달"", ""플랫폼"", ""오픈은"", ""말부터"", ""실시할"", ""계획이며"", ""매장에서"", ""고객님"", ""만나뵙기를"", ""희망합니다"", ""컷팅과일과"", ""그릭요거트의"", ""조합컷팅과일과"", ""샐러드의"", ""조합포케"", ""파스타"", ""미국식"", ""핫도그"", ""다양하고"", ""메뉴만"", ""엄선하여"", ""고객님께"", ""제공하겠습니다"", ""그럼"", ""보스턴샐러드하우스"", ""하세요"", ""보스턴샐러드하우스"", ""지사동"", ""부산"", ""샐러드"", ""포케"", ""부산샐러드"", ""지사동샐러드"", ""샐러드부산"", ""부산포케"", ""부산포케샐러드"", ""보스턴시그니처샐러드"", ""캐리비안파스타샐러드"", ""부산맛집"", ""샐러드부산맛집"", ""지사동도시락"", ""대박과일"", ""컷팅과일"", ""지사동포케"", ""지사동그릭요거트"", ""보스턴샐러드하우스지사동점""]"
https://www.instagram.com/p/DPiijiAkW5C/,"진해 광화동 맘마미아17💛샐러드파스타와 파니니가 유명한 브런치 맛집🤤경남 창원시 진해구 중원로 44 맘마미아17매주 월요일 정기휴무영업시간 11 : 00 - 20 : 00브레이크 타임 15 : 00 - 16 : 00(당일 예약 10시~11시 가능)☎️ 0507-1306-3943🚘 매장 앞 주차 & 골목길 주차주문한 메뉴 : 차돌박이 샐러드 파스타 13,900원불고기 치즈 파니니 11,900원 돌체 콘 스프 7,900원✔️맘마미아 17은 샐러드와 파니니 전문점이며 위치는 진해 중원로터리 농협과 cu 편의점 사잇길로 들어오면 진해제과 바로 맞은편에 있어요 ❣️매장이 협소해 배달이나 포장도 많이 하는 것 같고 10시~11시까지 당일예약이 가능하니 참고 ✨시그니처 콥 샐러드와 차돌박이 파스타 샐러드, 목살 스테이크 샐러드, 불고기 파니니가 인기 메뉴✨✔️차돌박이 파스타 샐러드는 맘마미아 누적 판매 1등 메뉴로 야들야들 차돌박이와 신선한 계절 채소가 들어간 듀럼밀 파스타 샐러드에용 🥗수제 발사믹 소스가 들어가있어 잘 섞어 먹어야하며 안에 들어있는 차돌박이와 샐러드 & 파스타면이 잘 어울렸고 ~양도 푸짐해서 든든한 한 끼로도 좋을 것 같더라구요💕불고기 치즈 파니니는 딱딱하지 않은 치아바타 빵 안에 소 불고기와 치즈가 듬뿍 들어가 있어 맛있어용 😛돌체 콘 스프는 달달한 옥수수 크림 스프맛이 나며 옥수수 맛이 진해서 좋았고  위에 바삭한 크루통이 같이 씹혀 맛있고 사이드로 시키기 딱 좋았어용 ㅎㅎㅎ#샐러드파스타🥗 #파니니맛집 인정🫶자세한 내용은 네이버 블로그 참고 ❣️맛있는 일상과 솔직한 리뷰~! 🔥서이추 환영 (love13225) 네이버 아이디 검색 🔥#진해 #진해맛집 #진해브런치 #진해브런치카페 #맘마미아17 #진해브런치맛집 #진해중원로타리카페 #차돌박이샐러드파스타 #불고기치즈파니니 #파니니맛집 #샐러드 #파스타 #먹팔맞팔 #instagram #먹팔환영#먹스타그램 #먹스타그램맞팔 #선팔하면맞팔🙌 #선팔하면맞팔가요👌",샐러드파스타;파니니맛집;진해;진해맛집;진해브런치;진해브런치카페;맘마미아17;진해브런치맛집;진해중원로타리카페;차돌박이샐러드파스타;불고기치즈파니니;샐러드;파스타;먹팔맞팔;instagram;먹팔환영;먹스타그램;먹스타그램맞팔;선팔하면맞팔;선팔하면맞팔가요,진해 광화동 맘마미아 샐러드파스타와 파니니가 유명한 브런치 맛집 경남 창원시 진해구 중원로 맘마미아 매주 월요일 정기휴무영업시간 브레이크 타임 당일 예약 시 시 가능 매장 앞 주차 골목길 주차주문한 메뉴 차돌박이 샐러드 파스타 원불고기 치즈 파니니 원 돌체 콘 스프 원 맘마미아 은 샐러드와 파니니 전문점이며 위치는 진해 중원로터리 농협과 편의점 사잇길로 들어오면 진해제과 바로 맞은편에 있어요 매장이 협소해 배달이나 포장도 많이 하는 것 같고 시 시까지 당일예약이 가능하니 참고 시그니처 콥 샐러드와 차돌박이 파스타 샐러드 목살 스테이크 샐러드 불고기 파니니가 인기 메뉴 차돌박이 파스타 샐러드는 맘마미아 누적 판매 등 메뉴로 야들야들 차돌박이와 신선한 계절 채소가 들어간 듀럼밀 파스타 샐러드에용 수제 발사믹 소스가 들어가있어 잘 섞어 먹어야하며 안에 들어있는 차돌박이와 샐러드 파스타면이 잘 어울렸고 양도 푸짐해서 든든한 한 끼로도 좋을 것 같더라구요 불고기 치즈 파니니는 딱딱하지 않은 치아바타 빵 안에 소 불고기와 치즈가 듬뿍 들어가 있어 맛있어용 돌체 콘 스프는 달달한 옥수수 크림 스프맛이 나며 옥수수 맛이 진해서 좋았고 위에 바삭한 크루통이 같이 씹혀 맛있고 사이드로 시키기 딱 좋았어용 ㅎㅎㅎ#샐러드파스타 #파니니맛집 인정 자세한 내용은 네이버 블로그 참고 맛있는 일상과 솔직한 리뷰 서이추 환영 네이버 아이디 검색 #진해 #진해맛집 #진해브런치 #진해브런치카페 #맘마미아 #진해브런치맛집 #진해중원로타리카페 #차돌박이샐러드파스타 #불고기치즈파니니 #파니니맛집 #샐러드 #파스타 #먹팔맞팔 # #먹팔환영#먹스타그램 #먹스타그램맞팔 #선팔하면맞팔 #선팔하면맞팔가요,"[""진해"", ""광화동"", ""맘마미아"", ""샐러드파스타와"", ""파니니가"", ""유명한"", ""브런치"", ""맛집"", ""경남"", ""창원시"", ""진해구"", ""중원로"", ""맘마미아"", ""매주"", ""월요일"", ""정기휴무영업시간"", ""브레이크"", ""타임"", ""당일"", ""예약"", ""골목길"", ""주차주문한"", ""차돌박이"", ""샐러드"", ""파스타"", ""원불고기"", ""치즈"", ""파니니"", ""돌체"", ""스프"", ""맘마미아"", ""샐러드와"", ""파니니"", ""전문점이며"", ""위치는"", ""진해"", ""중원로터리"", ""농협과"", ""편의점"", ""사잇길로"", ""들어오면"", ""진해제과"", ""맞은편에"", ""매장이"", ""협소해"", ""배달이나"", ""포장도"", ""같고"", ""시까지"", ""당일예약이"", ""참고"", ""시그니처"", ""샐러드와"", ""차돌박이"", ""파스타"", ""샐러드"", ""목살"", ""스테이크"", ""샐러드"", ""불고기"", ""파니니가"", ""인기"", ""차돌박이"", ""파스타"", ""샐러드는"", ""맘마미아"", ""누적"", ""판매"", ""야들야들"", ""차돌박이와"", ""신선한"", ""계절"", ""채소가"", ""들어간"", ""듀럼밀"", ""파스타"", ""샐러드에용"", ""수제"", ""발사믹"", ""소스가"", ""들어가있어"", ""먹어야하며"", ""안에"", ""들어있는"", ""차돌박이와"", ""샐러드"", ""파스타면이"", ""어울렸고"", ""양도"", ""푸짐해서"", ""든든한"", ""끼로도"", ""좋을"", ""같더라구요"", ""불고기"", ""치즈"", ""파니니는"", ""딱딱하지"", ""치아바타"", ""안에"", ""불고기와"", ""치즈가"", ""들어가"", ""맛있어용"", ""돌체"", ""스프는"", ""달달한"", ""옥수수"", ""크림"", ""스프맛이"", ""나며"", ""옥수수"", ""진해서"", ""좋았고"", ""바삭한"", ""크루통이"", ""씹혀"", ""사이드로"", ""시키기"", ""좋았어용"", ""ㅎㅎㅎ"", ""인정"", ""자세한"", ""내용은"", ""블로그"", ""참고"", ""일상과"", ""솔직한"", ""리뷰"", ""서이추"", ""환영"", ""아이디"", ""검색""]","[""샐러드파스타"", ""파니니맛집"", ""진해"", ""진해맛집"", ""진해브런치"", ""진해브런치카페"", ""맘마미아"", ""진해브런치맛집"", ""진해중원로타리카페"", ""차돌박이샐러드파스타"", ""불고기치즈파니니"", ""샐러드"", ""파스타"", ""먹팔맞팔"", ""먹팔환영"", ""먹스타그램"", ""먹스타그램맞팔"", ""선팔하면맞팔"", ""선팔하면맞팔가요""]","[""진해"", ""광화동"", ""맘마미아"", ""샐러드파스타와"", ""파니니가"", ""유명한"", ""브런치"", ""맛집"", ""경남"", ""창원시"", ""진해구"", ""중원로"", ""맘마미아"", ""매주"", ""월요일"", ""정기휴무영업시간"", ""브레이크"", ""타임"", ""당일"", ""예약"", ""골목길"", ""주차주문한"", ""차돌박이"", ""샐러드"", ""파스타"", ""원불고기"", ""치즈"", ""파니니"", ""돌체"", ""스프"", ""맘마미아"", ""샐러드와"", ""파니니"", ""전문점이며"", ""위치는"", ""진해"", ""중원로터리"", ""농협과"", ""편의점"", ""사잇길로"", ""들어오면"", ""진해제과"", ""맞은편에"", ""매장이"", ""협소해"", ""배달이나"", ""포장도"", ""같고"", ""시까지"", ""당일예약이"", ""참고"", ""시그니처"", ""샐러드와"", ""차돌박이"", ""파스타"", ""샐러드"", ""목살"", ""스테이크"", ""샐러드"", ""불고기"", ""파니니가"", ""인기"", ""차돌박이"", ""파스타"", ""샐러드는"", ""맘마미아"", ""누적"", ""판매"", ""야들야들"", ""차돌박이와"", ""신선한"", ""계절"", ""채소가"", ""들어간"", ""듀럼밀"", ""파스타"", ""샐러드에용"", ""수제"", ""발사믹"", ""소스가"", ""들어가있어"", ""먹어야하며"", ""안에"", ""들어있는"", ""차돌박이와"", ""샐러드"", ""파스타면이"", ""어울렸고"", ""양도"", ""푸짐해서"", ""든든한"", ""끼로도"", ""좋을"", ""같더라구요"", ""불고기"", ""치즈"", ""파니니는"", ""딱딱하지"", ""치아바타"", ""안에"", ""불고기와"", ""치즈가"", ""들어가"", ""맛있어용"", ""돌체"", ""스프는"", ""달달한"", ""옥수수"", ""크림"", ""스프맛이"", ""나며"", ""옥수수"", ""진해서"", ""좋았고"", ""바삭한"", ""크루통이"", ""씹혀"", ""사이드로"", ""시키기"", ""좋았어용"", ""ㅎㅎㅎ"", ""인정"", ""자세한"", ""내용은"", ""블로그"", ""참고"", ""일상과"", ""솔직한"", ""리뷰"", ""서이추"", ""환영"", ""아이디"", ""검색"", ""샐러드파스타"", ""파니니맛집"", ""진해"", ""진해맛집"", ""진해브런치"", ""진해브런치카페"", ""맘마미아"", ""진해브런치맛집"", ""진해중원로타리카페"", ""차돌박이샐러드파스타"", ""불고기치즈파니니"", ""샐러드"", ""파스타"", ""먹팔맞팔"", ""먹팔환영"", ""먹스타그램"", ""먹스타그램맞팔"", ""선팔하면맞팔"", ""선팔하면맞팔가요""]"
https://www.instagram.com/p/DPL2QqXEgLK/,"✨쿠팡 체험단으로서 무상으로 제공받아 남기는 리뷰입니다 ✨@coupang 🥗백설 아몬드 호두 드레싱먼저 맛은 고소함이 가득 느껴지고, 아몬드와 호두의 풍미가 잘 어우러져서 샐러드에 뿌려먹으니 정말 맛있네요일반 드레싱보다 부드럽고 고소한 깊은 맛이 나서 그냥 채소에만 뿌려도 충분히 맛있고 전 또띠아에 싸서 고기와 함께 먹었어요 남편이 좋아하네요^^로켓프레시로 안전하게 포장되어 배송되니 안심하고 구매할수 있어요샐러드뿐만 아니라 다양한 요리에 활용할 수 있는 고소한 드레싱!재구매 의사 100% 있습니다. 💯#쿠팡 #쿠팡체험단 #백설드레싱 #아몬드호두드레싱 #샐러드드레싱 #샐러드맛집 #고소한드레싱 #다이어트식단 #샐러드추천 #백설 #샐러드",쿠팡;쿠팡체험단;백설드레싱;아몬드호두드레싱;샐러드드레싱;샐러드맛집;고소한드레싱;다이어트식단;샐러드추천;백설;샐러드,쿠팡 체험단으로서 무상으로 제공받아 남기는 리뷰입니다 백설 아몬드 호두 드레싱먼저 맛은 고소함이 가득 느껴지고 아몬드와 호두의 풍미가 잘 어우러져서 샐러드에 뿌려먹으니 정말 맛있네요일반 드레싱보다 부드럽고 고소한 깊은 맛이 나서 그냥 채소에만 뿌려도 충분히 맛있고 전 또띠아에 싸서 고기와 함께 먹었어요 남편이 좋아하네요 로켓프레시로 안전하게 포장되어 배송되니 안심하고 구매할수 있어요샐러드뿐만 아니라 다양한 요리에 활용할 수 있는 고소한 드레싱 재구매 의사 있습니다 #쿠팡 #쿠팡체험단 #백설드레싱 #아몬드호두드레싱 #샐러드드레싱 #샐러드맛집 #고소한드레싱 #다이어트식단 #샐러드추천 #백설 #샐러드,"[""쿠팡"", ""체험단으로서"", ""무상으로"", ""제공받아"", ""남기는"", ""리뷰입니다"", ""백설"", ""아몬드"", ""호두"", ""드레싱먼저"", ""고소함이"", ""느껴지고"", ""아몬드와"", ""호두의"", ""풍미가"", ""어우러져서"", ""샐러드에"", ""뿌려먹으니"", ""맛있네요일반"", ""드레싱보다"", ""부드럽고"", ""고소한"", ""깊은"", ""나서"", ""채소에만"", ""뿌려도"", ""충분히"", ""또띠아에"", ""싸서"", ""고기와"", ""함께"", ""남편이"", ""좋아하네요"", ""로켓프레시로"", ""안전하게"", ""포장되어"", ""배송되니"", ""안심하고"", ""구매할수"", ""있어요샐러드뿐만"", ""아니라"", ""다양한"", ""요리에"", ""활용할"", ""고소한"", ""드레싱"", ""재구매"", ""의사""]","[""쿠팡"", ""쿠팡체험단"", ""백설드레싱"", ""아몬드호두드레싱"", ""샐러드드레싱"", ""샐러드맛집"", ""고소한드레싱"", ""다이어트식단"", ""샐러드추천"", ""백설"", ""샐러드""]","[""쿠팡"", ""체험단으로서"", ""무상으로"", ""제공받아"", ""남기는"", ""리뷰입니다"", ""백설"", ""아몬드"", ""호두"", ""드레싱먼저"", ""고소함이"", ""느껴지고"", ""아몬드와"", ""호두의"", ""풍미가"", ""어우러져서"", ""샐러드에"", ""뿌려먹으니"", ""맛있네요일반"", ""드레싱보다"", ""부드럽고"", ""고소한"", ""깊은"", ""나서"", ""채소에만"", ""뿌려도"", ""충분히"", ""또띠아에"", ""싸서"", ""고기와"", ""함께"", ""남편이"", ""좋아하네요"", ""로켓프레시로"", ""안전하게"", ""포장되어"", ""배송되니"", ""안심하고"", ""구매할수"", ""있어요샐러드뿐만"", ""아니라"", ""다양한"", ""요리에"", ""활용할"", ""고소한"", ""드레싱"", ""재구매"", ""의사"", ""쿠팡"", ""쿠팡체험단"", ""백설드레싱"", ""아몬드호두드레싱"", ""샐러드드레싱"", ""샐러드맛집"", ""고소한드레싱"", ""다이어트식단"", ""샐러드추천"", ""백설"", ""샐러드""]"
https://www.instagram.com/p/DP8AE_BEZ2G/c/18375250315147707/,아기 궁뎅이빵과 베이글여기에 버터와 크렌베리잼 조합은 진심 최고😋👍반숙 달걀과 프릴아이스 + 오이에 샌드위치 소스사과에 넛버터 까지오랜만의 주말 홈조식 제대로 즐겼잖아요흐린 날씨만 빼면 완벽한 주말의 시작입니다😍✨주말 브런치✨ with @mebaju_bakery,,아기 궁뎅이빵과 베이글여기에 버터와 크렌베리잼 조합은 진심 최고 반숙 달걀과 프릴아이스 오이에 샌드위치 소스사과에 넛버터 까지오랜만의 주말 홈조식 제대로 즐겼잖아요흐린 날씨만 빼면 완벽한 주말의 시작입니다 주말 브런치,"[""아기"", ""궁뎅이빵과"", ""베이글여기에"", ""버터와"", ""크렌베리잼"", ""조합은"", ""진심"", ""최고"", ""반숙"", ""달걀과"", ""프릴아이스"", ""오이에"", ""샌드위치"", ""소스사과에"", ""넛버터"", ""까지오랜만의"", ""주말"", ""홈조식"", ""즐겼잖아요흐린"", ""날씨만"", ""빼면"", ""완벽한"", ""주말의"", ""시작입니다"", ""주말"", ""브런치""]","[""아기"", ""궁뎅이빵과"", ""베이글여기에"", ""버터와"", ""크렌베리잼"", ""조합은"", ""진심"", ""최고"", ""반숙"", ""달걀과"", ""프릴아이스"", ""오이에"", ""샌드위치"", ""소스사과에"", ""넛버터"", ""까지오랜만의"", ""주말"", ""홈조식"", ""즐겼잖아요흐린"", ""날씨만"", ""빼면"", ""완벽한"", ""주말의"", ""시작입니다"", ""주말"", ""브런치""]","[""아기"", ""궁뎅이빵과"", ""베이글여기에"", ""버터와"", ""크렌베리잼"", ""조합은"", ""진심"", ""최고"", ""반숙"", ""달걀과"", ""프릴아이스"", ""오이에"", ""샌드위치"", ""소스사과에"", ""넛버터"", ""까지오랜만의"", ""주말"", ""홈조식"", ""즐겼잖아요흐린"", ""날씨만"", ""빼면"", ""완벽한"", ""주말의"", ""시작입니다"", ""주말"", ""브런치"", ""아기"", ""궁뎅이빵과"", ""베이글여기에"", ""버터와"", ""크렌베리잼"", ""조합은"", ""진심"", ""최고"", ""반숙"", ""달걀과"", ""프릴아이스"", ""오이에"", ""샌드위치"", ""소스사과에"", ""넛버터"", ""까지오랜만의"", ""주말"", ""홈조식"", ""즐겼잖아요흐린"", ""날씨만"", ""빼면"", ""완벽한"", ""주말의"", ""시작입니다"", ""주말"", ""브런치""]"
https://www.instagram.com/p/DNW-_ZVSLw_/,".제 샐러드엔 항상 빠지지 않는게 올리브오일이죠~오로셀레스테 유기농 올리브오일과 함께한 샐러드🍃@oroceleste_official오로셀레스테 올리브오일 한바퀴로 마무한 샐러드예요.고품질의 스페인산 올리브만 골라 저온에서 짜내서신선함과 영양이 그대로 살아있는 오일이에요인증받은 유기농 올리브로 만들어 믿고 먹을 수 있고특허받은 친환경 추출법 덕분에 좋은 성분도 듬뿍! .직접 맛보니 산뜻한 향과 깔끔한 풍미가 샐러드 재료와 정말 환상적으로 어울리네요.샐러드뿐 아니라 요거트, 빵, 파스타, 구운 채소 등 어디에든 건강하게 활용할 수 있어요. 매일 아침 공복 한 스푼이 항산화와 피부 건강에 도움을 준다는 건 다들 알고 계시죠?좋은 오일 알아보고 계시다면, 오로셀레스테 추천드려요 이제 집에서도 쉽게 프리미엄 오일을 즐길 수 있어요.#제품협찬 #오로셀레스테 #올리브오일 #올리브오일추천 #올리브오일요리 #샐러드  #저속노화 #올리브유요리 #스페인올리브오일",제품협찬;오로셀레스테;올리브오일;올리브오일추천;올리브오일요리;샐러드;저속노화;올리브유요리;스페인올리브오일,제 샐러드엔 항상 빠지지 않는게 올리브오일이죠 오로셀레스테 유기농 올리브오일과 함께한 샐러드 오로셀레스테 올리브오일 한바퀴로 마무한 샐러드예요 고품질의 스페인산 올리브만 골라 저온에서 짜내서신선함과 영양이 그대로 살아있는 오일이에요인증받은 유기농 올리브로 만들어 믿고 먹을 수 있고특허받은 친환경 추출법 덕분에 좋은 성분도 듬뿍 직접 맛보니 산뜻한 향과 깔끔한 풍미가 샐러드 재료와 정말 환상적으로 어울리네요 샐러드뿐 아니라 요거트 빵 파스타 구운 채소 등 어디에든 건강하게 활용할 수 있어요 매일 아침 공복 한 스푼이 항산화와 피부 건강에 도움을 준다는 건 다들 알고 계시죠 좋은 오일 알아보고 계시다면 오로셀레스테 추천드려요 이제 집에서도 쉽게 프리미엄 오일을 즐길 수 있어요 #제품협찬 #오로셀레스테 #올리브오일 #올리브오일추천 #올리브오일요리 #샐러드 #저속노화 #올리브유요리 #스페인올리브오일,"[""샐러드엔"", ""빠지지"", ""않는게"", ""올리브오일이죠"", ""오로셀레스테"", ""유기농"", ""올리브오일과"", ""함께한"", ""샐러드"", ""오로셀레스테"", ""올리브오일"", ""한바퀴로"", ""마무한"", ""샐러드예요"", ""고품질의"", ""스페인산"", ""올리브만"", ""골라"", ""저온에서"", ""짜내서신선함과"", ""영양이"", ""살아있는"", ""오일이에요인증받은"", ""유기농"", ""올리브로"", ""만들어"", ""믿고"", ""있고특허받은"", ""친환경"", ""추출법"", ""덕분에"", ""성분도"", ""맛보니"", ""산뜻한"", ""향과"", ""깔끔한"", ""풍미가"", ""샐러드"", ""재료와"", ""환상적으로"", ""어울리네요"", ""샐러드뿐"", ""아니라"", ""요거트"", ""파스타"", ""구운"", ""채소"", ""어디에든"", ""건강하게"", ""활용할"", ""매일"", ""아침"", ""공복"", ""스푼이"", ""항산화와"", ""피부"", ""건강에"", ""도움을"", ""준다는"", ""알고"", ""계시죠"", ""오일"", ""알아보고"", ""계시다면"", ""오로셀레스테"", ""추천드려요"", ""집에서도"", ""쉽게"", ""프리미엄"", ""오일을""]","[""제품협찬"", ""오로셀레스테"", ""올리브오일"", ""올리브오일추천"", ""올리브오일요리"", ""샐러드"", ""저속노화"", ""올리브유요리"", ""스페인올리브오일""]","[""샐러드엔"", ""빠지지"", ""않는게"", ""올리브오일이죠"", ""오로셀레스테"", ""유기농"", ""올리브오일과"", ""함께한"", ""샐러드"", ""오로셀레스테"", ""올리브오일"", ""한바퀴로"", ""마무한"", ""샐러드예요"", ""고품질의"", ""스페인산"", ""올리브만"", ""골라"", ""저온에서"", ""짜내서신선함과"", ""영양이"", ""살아있는"", ""오일이에요인증받은"", ""유기농"", ""올리브로"", ""만들어"", ""믿고"", ""있고특허받은"", ""친환경"", ""추출법"", ""덕분에"", ""성분도"", ""맛보니"", ""산뜻한"", ""향과"", ""깔끔한"", ""풍미가"", ""샐러드"", ""재료와"", ""환상적으로"", ""어울리네요"", ""샐러드뿐"", ""아니라"", ""요거트"", ""파스타"", ""구운"", ""채소"", ""어디에든"", ""건강하게"", ""활용할"", ""매일"", ""아침"", ""공복"", ""스푼이"", ""항산화와"", ""피부"", ""건강에"", ""도움을"", ""준다는"", ""알고"", ""계시죠"", ""오일"", ""알아보고"", ""계시다면"", ""오로셀레스테"", ""추천드려요"", ""집에서도"", ""쉽게"", ""프리미엄"", ""오일을"", ""제품협찬"", ""오로셀레스테"", ""올리브오일"", ""올리브오일추천"", ""올리브오일요리"", ""샐러드"", ""저속노화"", ""올리브유요리"", ""스페인올리브오일""]"
https://www.instagram.com/p/DP6K3s0CfIe/,"#뽈뽀샐러드 🐙🥔쫄깃하게 씹히는 문어랑삶은 감자로 담백한 샐러드를 만들었어요❤️감자가 메인이다 보니 그냥 먹으면 살짝 퍽퍽할 수 있는데,올리브의 짭조름함과 홀그레인 머스타드의 톡쏘는 상큼함이균형을 잘 잡아줘서 맛있게 먹었답니다!허브 덕후답게 이탈리안 파슬리도 같이 올려줬는데 간만에 지중해맛 제대로 스쳤네요😙🏛️🌿그리고 🔥드.디.어. 주말🔥내일 저는 무려 ‘에버랜드’에 도전하러갑니다🐯🎢👀부디 눈치게임에 성공하길 바라며 여러분도 즐겁고 편안한 주말 보내세요!#간단한한끼 #샐러드 #샐러드레시피 #문어감자샐러드 #플렉시테리언 #채식지향 #쉬운채식 #띵순이식단",뽈뽀샐러드;간단한한끼;샐러드;샐러드레시피;문어감자샐러드;플렉시테리언;채식지향;쉬운채식;띵순이식단,#뽈뽀샐러드 쫄깃하게 씹히는 문어랑삶은 감자로 담백한 샐러드를 만들었어요 감자가 메인이다 보니 그냥 먹으면 살짝 퍽퍽할 수 있는데 올리브의 짭조름함과 홀그레인 머스타드의 톡쏘는 상큼함이균형을 잘 잡아줘서 맛있게 먹었답니다 허브 덕후답게 이탈리안 파슬리도 같이 올려줬는데 간만에 지중해맛 제대로 스쳤네요 그리고 드 디 어 주말 내일 저는 무려 에버랜드 에 도전하러갑니다 부디 눈치게임에 성공하길 바라며 여러분도 즐겁고 편안한 주말 보내세요 #간단한한끼 #샐러드 #샐러드레시피 #문어감자샐러드 #플렉시테리언 #채식지향 #쉬운채식 #띵순이식단,"[""쫄깃하게"", ""씹히는"", ""문어랑삶은"", ""감자로"", ""담백한"", ""샐러드를"", ""만들었어요"", ""감자가"", ""메인이다"", ""보니"", ""퍽퍽할"", ""있는데"", ""올리브의"", ""짭조름함과"", ""홀그레인"", ""머스타드의"", ""톡쏘는"", ""상큼함이균형을"", ""잡아줘서"", ""먹었답니다"", ""허브"", ""덕후답게"", ""이탈리안"", ""파슬리도"", ""올려줬는데"", ""간만에"", ""지중해맛"", ""스쳤네요"", ""주말"", ""무려"", ""에버랜드"", ""도전하러갑니다"", ""부디"", ""눈치게임에"", ""성공하길"", ""바라며"", ""여러분도"", ""즐겁고"", ""편안한"", ""주말"", ""보내세요""]","[""뽈뽀샐러드"", ""간단한한끼"", ""샐러드"", ""샐러드레시피"", ""문어감자샐러드"", ""플렉시테리언"", ""채식지향"", ""쉬운채식"", ""띵순이식단""]","[""쫄깃하게"", ""씹히는"", ""문어랑삶은"", ""감자로"", ""담백한"", ""샐러드를"", ""만들었어요"", ""감자가"", ""메인이다"", ""보니"", ""퍽퍽할"", ""있는데"", ""올리브의"", ""짭조름함과"", ""홀그레인"", ""머스타드의"", ""톡쏘는"", ""상큼함이균형을"", ""잡아줘서"", ""먹었답니다"", ""허브"", ""덕후답게"", ""이탈리안"", ""파슬리도"", ""올려줬는데"", ""간만에"", ""지중해맛"", ""스쳤네요"", ""주말"", ""무려"", ""에버랜드"", ""도전하러갑니다"", ""부디"", ""눈치게임에"", ""성공하길"", ""바라며"", ""여러분도"", ""즐겁고"", ""편안한"", ""주말"", ""보내세요"", ""뽈뽀샐러드"", ""간단한한끼"", ""샐러드"", ""샐러드레시피"", ""문어감자샐러드"", ""플렉시테리언"", ""채식지향"", ""쉬운채식"", ""띵순이식단""]"
https://www.instagram.com/p/DQIgaprk0ZO/c/18118159426534438/,"🔥소비기한임박세일🔥베이커리에서 소세지빵, 피자빵, 햄버거, 샌드위치 등 기타 소를 이용한 요리를 할 때 다양하게 사용하는 미국산 후버 머스타드를😍넘나 저렴하게 www.wellbaking.com에서 쇼핑하구 맛있는 머스타드소스 Get 하세요~😁 ㆍ여러분곁엔 언제나 #웰베이킹",웰베이킹,소비기한임박세일 베이커리에서 소세지빵 피자빵 햄버거 샌드위치 등 기타 소를 이용한 요리를 할 때 다양하게 사용하는 미국산 후버 머스타드를 넘나 저렴하게 쇼핑하구 맛있는 머스타드소스 하세요 ㆍ여러분곁엔 언제나 #웰베이킹,"[""소비기한임박세일"", ""베이커리에서"", ""소세지빵"", ""피자빵"", ""햄버거"", ""샌드위치"", ""기타"", ""소를"", ""이용한"", ""요리를"", ""다양하게"", ""사용하는"", ""미국산"", ""후버"", ""머스타드를"", ""넘나"", ""저렴하게"", ""쇼핑하구"", ""머스타드소스"", ""하세요"", ""ㆍ여러분곁엔""]","[""웰베이킹""]","[""소비기한임박세일"", ""베이커리에서"", ""소세지빵"", ""피자빵"", ""햄버거"", ""샌드위치"", ""기타"", ""소를"", ""이용한"", ""요리를"", ""다양하게"", ""사용하는"", ""미국산"", ""후버"", ""머스타드를"", ""넘나"", ""저렴하게"", ""쇼핑하구"", ""머스타드소스"", ""하세요"", ""ㆍ여러분곁엔"", ""웰베이킹""]"
https://www.instagram.com/p/DOIIQgPj21J/c/18069664558935948/,"저장하고 소중한 친구, 가족에게도 공유해주세요✨* 각 채소의 성분에 대한 설명입니다인스턴트, 튀김, 구운 고기, 치킨, 술 .. 맛있죠😊그런데 이런거만 먹다보면.. 30대가 지나면 늙..기 시작해요🥺제가 같이 느끼고 있는 30대 중반 약사인데요✅요즘 제가 식습관을 많이 바꿨거든요✔️맛있는데 몸에 좋지는 않은 것들을 다 끊을 수는 없지만 그래도 몸에 좋은 아이들을 신경써서 이제는 챙겨주자구요!초록의 힘, 초록 채소들을 무시하셨다면!! 이 아이들이 갖는 수많은 기능들을 한번 봐주세요💚‼️ 몸에 안 좋은 것만 먹고 있는 것 같은 걱정되는 소중한 분들께도 공유해서 알려주시고➡️ 꼭 제품으로가 아니더라도, 시중에 잘 구할 수 있는 채소들이니! 조금만 더 신경써서 챙겨주세요❤️ 고생한 나에게! 이런 좋은 것들이 꼭 필요해요🫶🏻온오프라인에서 열심히 상담하는, 현직 14년차 약사 두둥실팜 신약사에게 궁금하신 점은 편하게 댓글이나 디엠으로 남겨주세요🩵 매일 올라오는 건강정보 재밌게 전달해드릴게요:)#채소 #건강식 #건강꿀팁 #샐러드 #샐러드레시피",채소;건강식;건강꿀팁;샐러드;샐러드레시피,저장하고 소중한 친구 가족에게도 공유해주세요 각 채소의 성분에 대한 설명입니다인스턴트 튀김 구운 고기 치킨 술 맛있죠 그런데 이런거만 먹다보면 대가 지나면 늙 기 시작해요 제가 같이 느끼고 있는 대 중반 약사인데요 요즘 제가 식습관을 많이 바꿨거든요 맛있는데 몸에 좋지는 않은 것들을 다 끊을 수는 없지만 그래도 몸에 좋은 아이들을 신경써서 이제는 챙겨주자구요 초록의 힘 초록 채소들을 무시하셨다면 이 아이들이 갖는 수많은 기능들을 한번 봐주세요 몸에 안 좋은 것만 먹고 있는 것 같은 걱정되는 소중한 분들께도 공유해서 알려주시고 꼭 제품으로가 아니더라도 시중에 잘 구할 수 있는 채소들이니 조금만 더 신경써서 챙겨주세요 고생한 나에게 이런 좋은 것들이 꼭 필요해요 온오프라인에서 열심히 상담하는 현직 년차 약사 두둥실팜 신약사에게 궁금하신 점은 편하게 댓글이나 디엠으로 남겨주세요 매일 올라오는 건강정보 재밌게 전달해드릴게요 #채소 #건강식 #건강꿀팁 #샐러드 #샐러드레시피,"[""저장하고"", ""소중한"", ""친구"", ""가족에게도"", ""공유해주세요"", ""채소의"", ""성분에"", ""대한"", ""설명입니다인스턴트"", ""튀김"", ""구운"", ""고기"", ""치킨"", ""맛있죠"", ""이런거만"", ""먹다보면"", ""대가"", ""지나면"", ""시작해요"", ""느끼고"", ""중반"", ""약사인데요"", ""식습관을"", ""바꿨거든요"", ""맛있는데"", ""몸에"", ""좋지는"", ""것들을"", ""끊을"", ""수는"", ""없지만"", ""몸에"", ""아이들을"", ""신경써서"", ""이제는"", ""챙겨주자구요"", ""초록의"", ""초록"", ""채소들을"", ""무시하셨다면"", ""아이들이"", ""갖는"", ""수많은"", ""기능들을"", ""봐주세요"", ""몸에"", ""것만"", ""걱정되는"", ""소중한"", ""분들께도"", ""공유해서"", ""알려주시고"", ""제품으로가"", ""아니더라도"", ""시중에"", ""구할"", ""채소들이니"", ""조금만"", ""신경써서"", ""챙겨주세요"", ""고생한"", ""나에게"", ""것들이"", ""필요해요"", ""온오프라인에서"", ""열심히"", ""상담하는"", ""현직"", ""년차"", ""약사"", ""두둥실팜"", ""신약사에게"", ""궁금하신"", ""점은"", ""편하게"", ""댓글이나"", ""디엠으로"", ""남겨주세요"", ""매일"", ""올라오는"", ""건강정보"", ""재밌게"", ""전달해드릴게요""]","[""채소"", ""건강식"", ""건강꿀팁"", ""샐러드"", ""샐러드레시피""]","[""저장하고"", ""소중한"", ""친구"", ""가족에게도"", ""공유해주세요"", ""채소의"", ""성분에"", ""대한"", ""설명입니다인스턴트"", ""튀김"", ""구운"", ""고기"", ""치킨"", ""맛있죠"", ""이런거만"", ""먹다보면"", ""대가"", ""지나면"", ""시작해요"", ""느끼고"", ""중반"", ""약사인데요"", ""식습관을"", ""바꿨거든요"", ""맛있는데"", ""몸에"", ""좋지는"", ""것들을"", ""끊을"", ""수는"", ""없지만"", ""몸에"", ""아이들을"", ""신경써서"", ""이제는"", ""챙겨주자구요"", ""초록의"", ""초록"", ""채소들을"", ""무시하셨다면"", ""아이들이"", ""갖는"", ""수많은"", ""기능들을"", ""봐주세요"", ""몸에"", ""것만"", ""걱정되는"", ""소중한"", ""분들께도"", ""공유해서"", ""알려주시고"", ""제품으로가"", ""아니더라도"", ""시중에"", ""구할"", ""채소들이니"", ""조금만"", ""신경써서"", ""챙겨주세요"", ""고생한"", ""나에게"", ""것들이"", ""필요해요"", ""온오프라인에서"", ""열심히"", ""상담하는"", ""현직"", ""년차"", ""약사"", ""두둥실팜"", ""신약사에게"", ""궁금하신"", ""점은"", ""편하게"", ""댓글이나"", ""디엠으로"", ""남겨주세요"", ""매일"", ""올라오는"", ""건강정보"", ""재밌게"", ""전달해드릴게요"", ""채소"", ""건강식"", ""건강꿀팁"", ""샐러드"", ""샐러드레시피""]"
https://www.instagram.com/p/DQJCJJhkgra/c/18062721869431814/,"안녕하세요~ 오늘은  호반써밋 1차 퍼스트  어린이집 앞 이벤트 입니다~다양한 키의 아이들을 위해 발판을 두개✌️ 준비하였어요 다양하고 알차게 꽉꽉 채워 왓어요~ 많이 방문 부탁드립니다~선물용 박스가 추가되어  집들이,얼집선물,친구생일 등등에예쁘게 담아드려요~ 🎁포장비 없으니 언제든 요청 주세요쿠퍼스,윌,하루야채,슈퍼백,야쿠르트 다 들어가요👍*코코 안전수칙*1.발판을 올라오고 내려올때 항상 조심해주세요 ~2.순서대로 차근차근 두명이 동시에 올라오면 위험해요~3.코코의 문을 열고 닫을때 얼굴 및 손 살짝 띄우기 ~😍인스타 팔로우 하고 코코를 만나서 인증하면 매니저의 소소한 선물 증정해드려요~#거북섬#거북섬맛집 #거북섬카페 #거북섬웨이브파크 #거북섬야쿠르트#거북섬야쿠르트매니저#거북섬금강펜테리움 #거북섬호반써밋더프라임 #거북섬호반 #거북섬호반써밋#거북섬퍼스트애비뉴 #거북섬파라곤 #프레딧 #시흥 #시흥시 #야쿠르트 #음료 #발효유 #발효유산균 #발효유와우유는역시hy #건강 #어린이 #아이들 #무료배송 #정기배송 #샐러드 #샌드위치 #우유 #계란",거북섬;거북섬맛집;거북섬카페;거북섬웨이브파크;거북섬야쿠르트;거북섬야쿠르트매니저;거북섬금강펜테리움;거북섬호반써밋더프라임;거북섬호반;거북섬호반써밋;거북섬퍼스트애비뉴;거북섬파라곤;프레딧;시흥;시흥시;야쿠르트;음료;발효유;발효유산균;발효유와우유는역시hy;건강;어린이;아이들;무료배송;정기배송;샐러드;샌드위치;우유;계란,안녕하세요 오늘은 호반써밋 차 퍼스트 어린이집 앞 이벤트 입니다 다양한 키의 아이들을 위해 발판을 두개 준비하였어요 다양하고 알차게 꽉꽉 채워 왓어요 많이 방문 부탁드립니다 선물용 박스가 추가되어 집들이 얼집선물 친구생일 등등에예쁘게 담아드려요 포장비 없으니 언제든 요청 주세요쿠퍼스 윌 하루야채 슈퍼백 야쿠르트 다 들어가요 코코 안전수칙 발판을 올라오고 내려올때 항상 조심해주세요 순서대로 차근차근 두명이 동시에 올라오면 위험해요 코코의 문을 열고 닫을때 얼굴 및 손 살짝 띄우기 인스타 팔로우 하고 코코를 만나서 인증하면 매니저의 소소한 선물 증정해드려요 #거북섬#거북섬맛집 #거북섬카페 #거북섬웨이브파크 #거북섬야쿠르트#거북섬야쿠르트매니저#거북섬금강펜테리움 #거북섬호반써밋더프라임 #거북섬호반 #거북섬호반써밋#거북섬퍼스트애비뉴 #거북섬파라곤 #프레딧 #시흥 #시흥시 #야쿠르트 #음료 #발효유 #발효유산균 #발효유와우유는역시 #건강 #어린이 #아이들 #무료배송 #정기배송 #샐러드 #샌드위치 #우유 #계란,"[""호반써밋"", ""퍼스트"", ""어린이집"", ""이벤트"", ""다양한"", ""키의"", ""아이들을"", ""발판을"", ""두개"", ""준비하였어요"", ""다양하고"", ""알차게"", ""꽉꽉"", ""채워"", ""왓어요"", ""방문"", ""선물용"", ""박스가"", ""추가되어"", ""집들이"", ""얼집선물"", ""친구생일"", ""등등에예쁘게"", ""담아드려요"", ""포장비"", ""없으니"", ""요청"", ""주세요쿠퍼스"", ""하루야채"", ""슈퍼백"", ""야쿠르트"", ""들어가요"", ""코코"", ""안전수칙"", ""발판을"", ""올라오고"", ""내려올때"", ""조심해주세요"", ""순서대로"", ""차근차근"", ""두명이"", ""동시에"", ""올라오면"", ""위험해요"", ""코코의"", ""문을"", ""열고"", ""닫을때"", ""얼굴"", ""띄우기"", ""인스타"", ""코코를"", ""만나서"", ""인증하면"", ""매니저의"", ""소소한"", ""선물"", ""증정해드려요""]","[""거북섬"", ""거북섬맛집"", ""거북섬카페"", ""거북섬웨이브파크"", ""거북섬야쿠르트"", ""거북섬야쿠르트매니저"", ""거북섬금강펜테리움"", ""거북섬호반써밋더프라임"", ""거북섬호반"", ""거북섬호반써밋"", ""거북섬퍼스트애비뉴"", ""거북섬파라곤"", ""프레딧"", ""시흥"", ""시흥시"", ""야쿠르트"", ""음료"", ""발효유"", ""발효유산균"", ""발효유와우유는역시"", ""건강"", ""어린이"", ""아이들"", ""무료배송"", ""정기배송"", ""샐러드"", ""샌드위치"", ""우유"", ""계란""]","[""호반써밋"", ""퍼스트"", ""어린이집"", ""이벤트"", ""다양한"", ""키의"", ""아이들을"", ""발판을"", ""두개"", ""준비하였어요"", ""다양하고"", ""알차게"", ""꽉꽉"", ""채워"", ""왓어요"", ""방문"", ""선물용"", ""박스가"", ""추가되어"", ""집들이"", ""얼집선물"", ""친구생일"", ""등등에예쁘게"", ""담아드려요"", ""포장비"", ""없으니"", ""요청"", ""주세요쿠퍼스"", ""하루야채"", ""슈퍼백"", ""야쿠르트"", ""들어가요"", ""코코"", ""안전수칙"", ""발판을"", ""올라오고"", ""내려올때"", ""조심해주세요"", ""순서대로"", ""차근차근"", ""두명이"", ""동시에"", ""올라오면"", ""위험해요"", ""코코의"", ""문을"", ""열고"", ""닫을때"", ""얼굴"", ""띄우기"", ""인스타"", ""코코를"", ""만나서"", ""인증하면"", ""매니저의"", ""소소한"", ""선물"", ""증정해드려요"", ""거북섬"", ""거북섬맛집"", ""거북섬카페"", ""거북섬웨이브파크"", ""거북섬야쿠르트"", ""거북섬야쿠르트매니저"", ""거북섬금강펜테리움"", ""거북섬호반써밋더프라임"", ""거북섬호반"", ""거북섬호반써밋"", ""거북섬퍼스트애비뉴"", ""거북섬파라곤"", ""프레딧"", ""시흥"", ""시흥시"", ""야쿠르트"", ""음료"", ""발효유"", ""발효유산균"", ""발효유와우유는역시"", ""건강"", ""어린이"", ""아이들"", ""무료배송"", ""정기배송"", ""샐러드"", ""샌드위치"", ""우유"", ""계란""]"
https://www.instagram.com/p/DQGh0hoEa7q/c/18079248824115904/,💚11월 메뉴 보드💚🥗샐러드 신메뉴• 씨푸드 포케• 우삼겹 & 크런치 보리 샐러드• 갈릭 허브 닭다리 구이 샐러드🍱단백질 도시락 신메뉴• 수육 플래터• 아보카도 명란 덮밥• 쉬림프 크림 커리 플래터,,월 메뉴 보드 샐러드 신메뉴 씨푸드 포케 우삼겹 크런치 보리 샐러드 갈릭 허브 닭다리 구이 샐러드 단백질 도시락 신메뉴 수육 플래터 아보카도 명란 덮밥 쉬림프 크림 커리 플래터,"[""보드"", ""샐러드"", ""신메뉴"", ""씨푸드"", ""포케"", ""우삼겹"", ""크런치"", ""보리"", ""샐러드"", ""갈릭"", ""허브"", ""닭다리"", ""구이"", ""샐러드"", ""단백질"", ""도시락"", ""신메뉴"", ""수육"", ""플래터"", ""아보카도"", ""명란"", ""덮밥"", ""쉬림프"", ""크림"", ""커리"", ""플래터""]","[""보드"", ""샐러드"", ""신메뉴"", ""씨푸드"", ""포케"", ""우삼겹"", ""크런치"", ""보리"", ""샐러드"", ""갈릭"", ""허브"", ""닭다리"", ""구이"", ""샐러드"", ""단백질"", ""도시락"", ""신메뉴"", ""수육"", ""플래터"", ""아보카도"", ""명란"", ""덮밥"", ""쉬림프"", ""크림"", ""커리"", ""플래터""]","[""보드"", ""샐러드"", ""신메뉴"", ""씨푸드"", ""포케"", ""우삼겹"", ""크런치"", ""보리"", ""샐러드"", ""갈릭"", ""허브"", ""닭다리"", ""구이"", ""샐러드"", ""단백질"", ""도시락"", ""신메뉴"", ""수육"", ""플래터"", ""아보카도"", ""명란"", ""덮밥"", ""쉬림프"", ""크림"", ""커리"", ""플래터"", ""보드"", ""샐러드"", ""신메뉴"", ""씨푸드"", ""포케"", ""우삼겹"", ""크런치"", ""보리"", ""샐러드"", ""갈릭"", ""허브"", ""닭다리"", ""구이"", ""샐러드"", ""단백질"", ""도시락"", ""신메뉴"", ""수육"", ""플래터"", ""아보카도"", ""명란"", ""덮밥"", ""쉬림프"", ""크림"", ""커리"", ""플래터""]"
https://www.instagram.com/p/DP7jsznATLG/,"#실리포터 #제품제공 나들이 가기 딱 좋은 요즘 ! 🌳집이 가장 좋은 만년 집순이지만 ,,너무 덥지도, 춥지도 않은 딱 요맘떼만 즐길 수 있는 가을 나들이는 못 참쥬 ☺️지난 번에 넘 맛있게 먹었던 #연어샐러드 조합 🥗오늘은 #도시락 으로 싸봤는데 넘넘 알차고 예쁘더라구요. 여러분도 도시락 들고 가을 나들이 떠나보는 거 어떠신가요 ?",실리포터;제품제공;연어샐러드;도시락,#실리포터 #제품제공 나들이 가기 딱 좋은 요즘 집이 가장 좋은 만년 집순이지만 너무 덥지도 춥지도 않은 딱 요맘떼만 즐길 수 있는 가을 나들이는 못 참쥬 지난 번에 넘 맛있게 먹었던 #연어샐러드 조합 오늘은 #도시락 으로 싸봤는데 넘넘 알차고 예쁘더라구요 여러분도 도시락 들고 가을 나들이 떠나보는 거 어떠신가요,"[""나들이"", ""가기"", ""집이"", ""만년"", ""집순이지만"", ""덥지도"", ""춥지도"", ""요맘떼만"", ""가을"", ""나들이는"", ""참쥬"", ""번에"", ""먹었던"", ""싸봤는데"", ""넘넘"", ""알차고"", ""예쁘더라구요"", ""여러분도"", ""도시락"", ""들고"", ""가을"", ""나들이"", ""떠나보는"", ""어떠신가요""]","[""실리포터"", ""제품제공"", ""연어샐러드"", ""도시락""]","[""나들이"", ""가기"", ""집이"", ""만년"", ""집순이지만"", ""덥지도"", ""춥지도"", ""요맘떼만"", ""가을"", ""나들이는"", ""참쥬"", ""번에"", ""먹었던"", ""싸봤는데"", ""넘넘"", ""알차고"", ""예쁘더라구요"", ""여러분도"", ""도시락"", ""들고"", ""가을"", ""나들이"", ""떠나보는"", ""어떠신가요"", ""실리포터"", ""제품제공"", ""연어샐러드"", ""도시락""]"
https://www.instagram.com/p/DPoIWeFkpPD/c/18325282198208855/,벌써 몇번째 만들어먹은지 모를 그리스식 샐러드 #호리아티키 와 가장 좋아하는 소금빵 조합으로 차려본 오늘의 #홈카페 🥐☕️호리아티키 레시피는 지난 피드를 참고해주세요😉연휴끝나고 불어난 몸을위해 아침일찍 운동도 해내고 먹었더니 꿀맛같았어요🩷🤗갑자기 차렸는데 플레이팅도 맘에드는 그런날이이었네요.길었던 추석연휴 즐겁게 마무리하세요🌸..#플레이팅#샐러드#페타치즈#온더테이블#집스타그램#그릇#소일베이커#소금빵#onmytable.,호리아티키;홈카페;플레이팅;샐러드;페타치즈;온더테이블;집스타그램;그릇;소일베이커;소금빵;onmytable,벌써 몇번째 만들어먹은지 모를 그리스식 샐러드 #호리아티키 와 가장 좋아하는 소금빵 조합으로 차려본 오늘의 #홈카페 호리아티키 레시피는 지난 피드를 참고해주세요 연휴끝나고 불어난 몸을위해 아침일찍 운동도 해내고 먹었더니 꿀맛같았어요 갑자기 차렸는데 플레이팅도 맘에드는 그런날이이었네요 길었던 추석연휴 즐겁게 마무리하세요 #플레이팅#샐러드#페타치즈#온더테이블#집스타그램#그릇#소일베이커#소금빵#,"[""벌써"", ""몇번째"", ""만들어먹은지"", ""모를"", ""그리스식"", ""샐러드"", ""좋아하는"", ""소금빵"", ""조합으로"", ""차려본"", ""호리아티키"", ""레시피는"", ""피드를"", ""참고해주세요"", ""연휴끝나고"", ""불어난"", ""몸을위해"", ""아침일찍"", ""운동도"", ""해내고"", ""먹었더니"", ""꿀맛같았어요"", ""차렸는데"", ""플레이팅도"", ""맘에드는"", ""그런날이이었네요"", ""길었던"", ""추석연휴"", ""즐겁게"", ""마무리하세요""]","[""호리아티키"", ""홈카페"", ""플레이팅"", ""샐러드"", ""페타치즈"", ""온더테이블"", ""집스타그램"", ""소일베이커"", ""소금빵""]","[""벌써"", ""몇번째"", ""만들어먹은지"", ""모를"", ""그리스식"", ""샐러드"", ""좋아하는"", ""소금빵"", ""조합으로"", ""차려본"", ""호리아티키"", ""레시피는"", ""피드를"", ""참고해주세요"", ""연휴끝나고"", ""불어난"", ""몸을위해"", ""아침일찍"", ""운동도"", ""해내고"", ""먹었더니"", ""꿀맛같았어요"", ""차렸는데"", ""플레이팅도"", ""맘에드는"", ""그런날이이었네요"", ""길었던"", ""추석연휴"", ""즐겁게"", ""마무리하세요"", ""호리아티키"", ""홈카페"", ""플레이팅"", ""샐러드"", ""페타치즈"", ""온더테이블"", ""집스타그램"", ""소일베이커"", ""소금빵""]"
https://www.instagram.com/p/DQI4xwYkZOH/c/17911696728090677/,"사과 팬케이크 ..시나노골드 동그랗게 썰고 씨는 쏙~ 파내어 그릭요거트와 땅콩잼 슥슥~견과류 올리고 시나몬가루 톡톡 ✨달콤+고소한 조합맛있는 다이어트 😋비타민 듬뿍올가을 간식은 시나노골드 🍏.몸값 비싼 명품 감홍사과 🍎“너무 비싸서 아쉬웠어요” 하셨던 분들,이번엔 조금 더 합리적인 가격으로 올해 마지막 엥콜 ~사과계의 명품, 사과계의 왕 👑국내 사과 중 가장 높은 당도,아삭아삭 과즙이 풍부하고,적당한 산미와 달콤함이 어우러진 사과계의 명품 ! 감홍사과 !! 비타민 가득한 새콤달콤 시나노골드 사과와 함께 만나보세요 .두 품종 사과 모두국내 사과 중 가장 높은 당도와 완벽한 밸런스!10월 단 한 달!지금만 맛볼 수 있는한정판 명품 사과 🍎🍏놓치면 내년까지 기다려야 해요.❇️ 몰리짱 추천 ! 감홍사과 3kg 6만원대!아삭 +과즙 팡팡 달콤 완벽한 사과 이런 감홍, 시중에서 구하기 힘들어요 😋❇️구매완료 댓글 이벤트구매후 댓글 남겨주시면 3-5분에게 시나노골드 사과 보내 드립니다..🍎 사과계의 왕! 명품 감홍사과10월 초~11월 초 단 한 달만 수확되는상위 1% 프리미엄 품종.겉은 거칠지만 속은 향긋하고 아삭!한입 베어 물면 과즙 팡팡, 단맛 폭발!한 번 먹으면 사과 기준이 달라지는 진짜 사과예요.몰리짱이 직접 맛보고 고른,아삭하고 달콤한 진짜 감홍사과만 담았어요.✔️ 평균 당도 15~17 Brix✔️ 진하고 향긋한 단맛✔️ 과즙 가득 아삭한 식감✔️ 아이 간식부터 부모님 선물까지 모두 만족🍏 시나노골드 사과1999년 일본에서 등록된 신품종으로,‘골든델리셔스’와 ‘천추’를 교배해 탄생한 고당도 황금사과얇은 껍질에 단단한 과육, 풍부한 과즙까지겉은 초록빛에서 노오란빛으로 익어가며작은 주근깨가 매력 포인트예요.✔️ 평균 당도 14~16 Brix✔️ 새콤달콤 완벽 밸런스✔️ 달콤한 향과 아삭한 식감✔️ “한 번 먹으면 계속 찾게 되는” 중독적인 맛.❇️사과 효능 사과는 알칼리성 식품으로식이섬유가 풍부해 장 활동을 원활하게 돕고,혈관 속 나쁜 콜레스테롤 배출에 도움을 주며동맥경화·혈압 상승 억제에도 효과적이에요.맛있게 드시면서 건강도 챙기세요! ▪️10월 한정판 감홍사과 +시나노골드 6차 오픈 ▪️평균 당도 14~17Brix▪️부모님 선물 ,아이 간식  모두 추천▪️22일부터 배송 ▪️프로필 링크에서 구매 가능해요 .. .#감홍사과 #시나노골드#사과 #운동 #간식 #부모님선물  #샐러드",감홍사과;시나노골드;사과;운동;간식;부모님선물;샐러드,사과 팬케이크 시나노골드 동그랗게 썰고 씨는 쏙 파내어 그릭요거트와 땅콩잼 슥슥 견과류 올리고 시나몬가루 톡톡 달콤 고소한 조합맛있는 다이어트 비타민 듬뿍올가을 간식은 시나노골드 몸값 비싼 명품 감홍사과 너무 비싸서 아쉬웠어요 하셨던 분들 이번엔 조금 더 합리적인 가격으로 올해 마지막 엥콜 사과계의 명품 사과계의 왕 국내 사과 중 가장 높은 당도 아삭아삭 과즙이 풍부하고 적당한 산미와 달콤함이 어우러진 사과계의 명품 감홍사과 비타민 가득한 새콤달콤 시나노골드 사과와 함께 만나보세요 두 품종 사과 모두국내 사과 중 가장 높은 당도와 완벽한 밸런스 월 단 한 달 지금만 맛볼 수 있는한정판 명품 사과 놓치면 내년까지 기다려야 해요 몰리짱 추천 감홍사과 만원대 아삭 과즙 팡팡 달콤 완벽한 사과 이런 감홍 시중에서 구하기 힘들어요 구매완료 댓글 이벤트구매후 댓글 남겨주시면 분에게 시나노골드 사과 보내 드립니다 사과계의 왕 명품 감홍사과 월 초 월 초 단 한 달만 수확되는상위 프리미엄 품종 겉은 거칠지만 속은 향긋하고 아삭 한입 베어 물면 과즙 팡팡 단맛 폭발 한 번 먹으면 사과 기준이 달라지는 진짜 사과예요 몰리짱이 직접 맛보고 고른 아삭하고 달콤한 진짜 감홍사과만 담았어요 평균 당도 진하고 향긋한 단맛 과즙 가득 아삭한 식감 아이 간식부터 부모님 선물까지 모두 만족 시나노골드 사과 년 일본에서 등록된 신품종으로 골든델리셔스 와 천추 를 교배해 탄생한 고당도 황금사과얇은 껍질에 단단한 과육 풍부한 과즙까지겉은 초록빛에서 노오란빛으로 익어가며작은 주근깨가 매력 포인트예요 평균 당도 새콤달콤 완벽 밸런스 달콤한 향과 아삭한 식감 한 번 먹으면 계속 찾게 되는 중독적인 맛 사과 효능 사과는 알칼리성 식품으로식이섬유가 풍부해 장 활동을 원활하게 돕고 혈관 속 나쁜 콜레스테롤 배출에 도움을 주며동맥경화 혈압 상승 억제에도 효과적이에요 맛있게 드시면서 건강도 챙기세요 월 한정판 감홍사과 시나노골드 차 오픈 평균 당도 부모님 선물 아이 간식 모두 추천 일부터 배송 프로필 링크에서 구매 가능해요 #감홍사과 #시나노골드#사과 #운동 #간식 #부모님선물 #샐러드,"[""사과"", ""팬케이크"", ""시나노골드"", ""동그랗게"", ""썰고"", ""씨는"", ""파내어"", ""그릭요거트와"", ""땅콩잼"", ""슥슥"", ""견과류"", ""시나몬가루"", ""톡톡"", ""달콤"", ""고소한"", ""조합맛있는"", ""다이어트"", ""비타민"", ""듬뿍올가을"", ""간식은"", ""시나노골드"", ""몸값"", ""비싼"", ""명품"", ""감홍사과"", ""비싸서"", ""아쉬웠어요"", ""하셨던"", ""분들"", ""이번엔"", ""합리적인"", ""가격으로"", ""올해"", ""마지막"", ""엥콜"", ""사과계의"", ""명품"", ""사과계의"", ""국내"", ""사과"", ""높은"", ""당도"", ""아삭아삭"", ""과즙이"", ""풍부하고"", ""적당한"", ""산미와"", ""달콤함이"", ""어우러진"", ""사과계의"", ""명품"", ""감홍사과"", ""비타민"", ""가득한"", ""새콤달콤"", ""시나노골드"", ""사과와"", ""함께"", ""품종"", ""사과"", ""모두국내"", ""사과"", ""높은"", ""당도와"", ""완벽한"", ""밸런스"", ""지금만"", ""맛볼"", ""있는한정판"", ""명품"", ""사과"", ""놓치면"", ""내년까지"", ""기다려야"", ""몰리짱"", ""감홍사과"", ""만원대"", ""아삭"", ""과즙"", ""팡팡"", ""달콤"", ""완벽한"", ""사과"", ""감홍"", ""시중에서"", ""구하기"", ""힘들어요"", ""구매완료"", ""댓글"", ""이벤트구매후"", ""댓글"", ""남겨주시면"", ""분에게"", ""시나노골드"", ""사과"", ""보내"", ""드립니다"", ""사과계의"", ""명품"", ""감홍사과"", ""달만"", ""수확되는상위"", ""프리미엄"", ""품종"", ""겉은"", ""거칠지만"", ""속은"", ""향긋하고"", ""아삭"", ""한입"", ""베어"", ""물면"", ""과즙"", ""팡팡"", ""단맛"", ""폭발"", ""사과"", ""기준이"", ""달라지는"", ""사과예요"", ""몰리짱이"", ""맛보고"", ""고른"", ""아삭하고"", ""달콤한"", ""감홍사과만"", ""담았어요"", ""평균"", ""당도"", ""진하고"", ""향긋한"", ""단맛"", ""과즙"", ""아삭한"", ""식감"", ""아이"", ""간식부터"", ""부모님"", ""선물까지"", ""만족"", ""시나노골드"", ""사과"", ""일본에서"", ""등록된"", ""신품종으로"", ""골든델리셔스"", ""천추"", ""교배해"", ""탄생한"", ""고당도"", ""황금사과얇은"", ""껍질에"", ""단단한"", ""과육"", ""풍부한"", ""과즙까지겉은"", ""초록빛에서"", ""노오란빛으로"", ""익어가며작은"", ""주근깨가"", ""매력"", ""포인트예요"", ""평균"", ""당도"", ""새콤달콤"", ""완벽"", ""밸런스"", ""달콤한"", ""향과"", ""아삭한"", ""식감"", ""찾게"", ""중독적인"", ""사과"", ""효능"", ""사과는"", ""알칼리성"", ""식품으로식이섬유가"", ""풍부해"", ""활동을"", ""원활하게"", ""돕고"", ""혈관"", ""나쁜"", ""콜레스테롤"", ""배출에"", ""도움을"", ""주며동맥경화"", ""혈압"", ""상승"", ""억제에도"", ""효과적이에요"", ""드시면서"", ""건강도"", ""챙기세요"", ""한정판"", ""감홍사과"", ""시나노골드"", ""오픈"", ""평균"", ""당도"", ""부모님"", ""선물"", ""아이"", ""간식"", ""일부터"", ""배송"", ""링크에서"", ""가능해요""]","[""감홍사과"", ""시나노골드"", ""사과"", ""운동"", ""간식"", ""부모님선물"", ""샐러드""]","[""사과"", ""팬케이크"", ""시나노골드"", ""동그랗게"", ""썰고"", ""씨는"", ""파내어"", ""그릭요거트와"", ""땅콩잼"", ""슥슥"", ""견과류"", ""시나몬가루"", ""톡톡"", ""달콤"", ""고소한"", ""조합맛있는"", ""다이어트"", ""비타민"", ""듬뿍올가을"", ""간식은"", ""시나노골드"", ""몸값"", ""비싼"", ""명품"", ""감홍사과"", ""비싸서"", ""아쉬웠어요"", ""하셨던"", ""분들"", ""이번엔"", ""합리적인"", ""가격으로"", ""올해"", ""마지막"", ""엥콜"", ""사과계의"", ""명품"", ""사과계의"", ""국내"", ""사과"", ""높은"", ""당도"", ""아삭아삭"", ""과즙이"", ""풍부하고"", ""적당한"", ""산미와"", ""달콤함이"", ""어우러진"", ""사과계의"", ""명품"", ""감홍사과"", ""비타민"", ""가득한"", ""새콤달콤"", ""시나노골드"", ""사과와"", ""함께"", ""품종"", ""사과"", ""모두국내"", ""사과"", ""높은"", ""당도와"", ""완벽한"", ""밸런스"", ""지금만"", ""맛볼"", ""있는한정판"", ""명품"", ""사과"", ""놓치면"", ""내년까지"", ""기다려야"", ""몰리짱"", ""감홍사과"", ""만원대"", ""아삭"", ""과즙"", ""팡팡"", ""달콤"", ""완벽한"", ""사과"", ""감홍"", ""시중에서"", ""구하기"", ""힘들어요"", ""구매완료"", ""댓글"", ""이벤트구매후"", ""댓글"", ""남겨주시면"", ""분에게"", ""시나노골드"", ""사과"", ""보내"", ""드립니다"", ""사과계의"", ""명품"", ""감홍사과"", ""달만"", ""수확되는상위"", ""프리미엄"", ""품종"", ""겉은"", ""거칠지만"", ""속은"", ""향긋하고"", ""아삭"", ""한입"", ""베어"", ""물면"", ""과즙"", ""팡팡"", ""단맛"", ""폭발"", ""사과"", ""기준이"", ""달라지는"", ""사과예요"", ""몰리짱이"", ""맛보고"", ""고른"", ""아삭하고"", ""달콤한"", ""감홍사과만"", ""담았어요"", ""평균"", ""당도"", ""진하고"", ""향긋한"", ""단맛"", ""과즙"", ""아삭한"", ""식감"", ""아이"", ""간식부터"", ""부모님"", ""선물까지"", ""만족"", ""시나노골드"", ""사과"", ""일본에서"", ""등록된"", ""신품종으로"", ""골든델리셔스"", ""천추"", ""교배해"", ""탄생한"", ""고당도"", ""황금사과얇은"", ""껍질에"", ""단단한"", ""과육"", ""풍부한"", ""과즙까지겉은"", ""초록빛에서"", ""노오란빛으로"", ""익어가며작은"", ""주근깨가"", ""매력"", ""포인트예요"", ""평균"", ""당도"", ""새콤달콤"", ""완벽"", ""밸런스"", ""달콤한"", ""향과"", ""아삭한"", ""식감"", ""찾게"", ""중독적인"", ""사과"", ""효능"", ""사과는"", ""알칼리성"", ""식품으로식이섬유가"", ""풍부해"", ""활동을"", ""원활하게"", ""돕고"", ""혈관"", ""나쁜"", ""콜레스테롤"", ""배출에"", ""도움을"", ""주며동맥경화"", ""혈압"", ""상승"", ""억제에도"", ""효과적이에요"", ""드시면서"", ""건강도"", ""챙기세요"", ""한정판"", ""감홍사과"", ""시나노골드"", ""오픈"", ""평균"", ""당도"", ""부모님"", ""선물"", ""아이"", ""간식"", ""일부터"", ""배송"", ""링크에서"", ""가능해요"", ""감홍사과"", ""시나노골드"", ""사과"", ""운동"", ""간식"", ""부모님선물"", ""샐러드""]"
https://www.instagram.com/p/DPQ7sPfkoAC/c/17971591694950077/,샐러드로 전하는 마음🩵한살림 무화과꽃 언니의 샤인머스켓루꼴라부라타치즈밀봄숲 호밀빵와인 무화과 조림#샐러드,샐러드,샐러드로 전하는 마음 한살림 무화과꽃 언니의 샤인머스켓루꼴라부라타치즈밀봄숲 호밀빵와인 무화과 조림#샐러드,"[""샐러드로"", ""전하는"", ""마음"", ""한살림"", ""무화과꽃"", ""언니의"", ""샤인머스켓루꼴라부라타치즈밀봄숲"", ""호밀빵와인"", ""무화과"", ""조림""]","[""샐러드""]","[""샐러드로"", ""전하는"", ""마음"", ""한살림"", ""무화과꽃"", ""언니의"", ""샤인머스켓루꼴라부라타치즈밀봄숲"", ""호밀빵와인"", ""무화과"", ""조림"", ""샐러드""]"
https://www.instagram.com/p/DHSUZTFzPdP/c/18003065264754713/,"🥬🥕샐러드 소스 이렇게 정착했어요💚건강을 위한 저속노화, 혈당관리를 위해 하루 한끼는 야채 샐러드를 즐겨먹고 있어요저는 생야채보다는 쪄서 먹는 식감을 더 선호하기에 삼일에 한번 대용량 찜기로 한번에 쪄버립니다👍🏻 살림이든 집밥이든 간편한 루틴을 만드는 것에 중점을 두고자 해요루틴이 생기면 건강한 집밥 챙겨먹을 수 있어요☺️식사를 할 때 무조건 야채만 먹기보다 우리몸에 꼭 필요한 영양소인 탄수화물 ‘밥‘ 도 중요한데요요즘 빅토리사님( @victorisamom ) 공구에서 혈당 늦추기로 유명한 피로를 구입해 지어봤는데 진짜 쫀득 쫀득 너무 맛있어서 추천 합니다~ 파로🥹💕💕저는 먹자마자 시댁에 바로 보내드리고 저희집것 다시 구매했어요🤣이렇게 밥과 함께 샐러드를 맛있게 즐기려고 소스도 만들어봤는데 저 이렇게 정착합니다🫡👍🏻👍🏻👍🏻샐러드와 밥에 반신반의하는 신랑도 좋아하는 소스 맛1️⃣ 밀폐용기에 냉털, 좋아하는 야채 등 넣어주세요2️⃣ 소스 : 올리브오일4, 간장3, 식초1(저는 발사믹식초 1 추가 했어요), 알룰로스2(취향껏), 다진마늘1, 깨(없어도 무방)3️⃣ 냉장고에서 삼일 정도 보관하며 맛 변하지 않고 편하게 드실 수 있어요냉장고에는 야채만 보관하고 꺼내서 저는 살짝 데워, 밥 추가해서 소스와 함께 비벼 먹습니다계란(반숙 맛있더라구요), 불고기 등 취향껏 단백질도 추가❣️간단하고 건강을 지킬 수 있는 집밥루틴을 생활화 해보세요💚",,샐러드 소스 이렇게 정착했어요 건강을 위한 저속노화 혈당관리를 위해 하루 한끼는 야채 샐러드를 즐겨먹고 있어요저는 생야채보다는 쪄서 먹는 식감을 더 선호하기에 삼일에 한번 대용량 찜기로 한번에 쪄버립니다 살림이든 집밥이든 간편한 루틴을 만드는 것에 중점을 두고자 해요루틴이 생기면 건강한 집밥 챙겨먹을 수 있어요 식사를 할 때 무조건 야채만 먹기보다 우리몸에 꼭 필요한 영양소인 탄수화물 밥 도 중요한데요요즘 빅토리사님 공구에서 혈당 늦추기로 유명한 피로를 구입해 지어봤는데 진짜 쫀득 쫀득 너무 맛있어서 추천 합니다 파로 저는 먹자마자 시댁에 바로 보내드리고 저희집것 다시 구매했어요 이렇게 밥과 함께 샐러드를 맛있게 즐기려고 소스도 만들어봤는데 저 이렇게 정착합니다 샐러드와 밥에 반신반의하는 신랑도 좋아하는 소스 맛 밀폐용기에 냉털 좋아하는 야채 등 넣어주세요 소스 올리브오일 간장 식초 저는 발사믹식초 추가 했어요 알룰로스 취향껏 다진마늘 깨 없어도 무방 냉장고에서 삼일 정도 보관하며 맛 변하지 않고 편하게 드실 수 있어요냉장고에는 야채만 보관하고 꺼내서 저는 살짝 데워 밥 추가해서 소스와 함께 비벼 먹습니다계란 반숙 맛있더라구요 불고기 등 취향껏 단백질도 추가 간단하고 건강을 지킬 수 있는 집밥루틴을 생활화 해보세요,"[""샐러드"", ""소스"", ""정착했어요"", ""저속노화"", ""혈당관리를"", ""하루"", ""한끼는"", ""야채"", ""샐러드를"", ""즐겨먹고"", ""있어요저는"", ""생야채보다는"", ""쪄서"", ""식감을"", ""선호하기에"", ""삼일에"", ""대용량"", ""찜기로"", ""한번에"", ""쪄버립니다"", ""살림이든"", ""집밥이든"", ""간편한"", ""루틴을"", ""것에"", ""중점을"", ""두고자"", ""해요루틴이"", ""생기면"", ""건강한"", ""집밥"", ""챙겨먹을"", ""무조건"", ""야채만"", ""먹기보다"", ""우리몸에"", ""필요한"", ""영양소인"", ""탄수화물"", ""중요한데요요즘"", ""빅토리사님"", ""공구에서"", ""혈당"", ""늦추기로"", ""유명한"", ""피로를"", ""구입해"", ""지어봤는데"", ""쫀득"", ""쫀득"", ""파로"", ""먹자마자"", ""시댁에"", ""보내드리고"", ""저희집것"", ""구매했어요"", ""밥과"", ""함께"", ""샐러드를"", ""즐기려고"", ""소스도"", ""만들어봤는데"", ""정착합니다"", ""샐러드와"", ""밥에"", ""반신반의하는"", ""신랑도"", ""좋아하는"", ""소스"", ""밀폐용기에"", ""냉털"", ""좋아하는"", ""야채"", ""넣어주세요"", ""소스"", ""올리브오일"", ""간장"", ""식초"", ""발사믹식초"", ""했어요"", ""알룰로스"", ""취향껏"", ""다진마늘"", ""없어도"", ""무방"", ""냉장고에서"", ""삼일"", ""보관하며"", ""변하지"", ""않고"", ""편하게"", ""드실"", ""있어요냉장고에는"", ""야채만"", ""보관하고"", ""꺼내서"", ""데워"", ""추가해서"", ""소스와"", ""함께"", ""비벼"", ""먹습니다계란"", ""반숙"", ""맛있더라구요"", ""불고기"", ""취향껏"", ""단백질도"", ""간단하고"", ""지킬"", ""집밥루틴을"", ""생활화"", ""해보세요""]","[""샐러드"", ""소스"", ""정착했어요"", ""저속노화"", ""혈당관리를"", ""하루"", ""한끼는"", ""야채"", ""샐러드를"", ""즐겨먹고"", ""있어요저는"", ""생야채보다는"", ""쪄서"", ""식감을"", ""선호하기에"", ""삼일에"", ""대용량"", ""찜기로"", ""한번에"", ""쪄버립니다"", ""살림이든"", ""집밥이든"", ""간편한"", ""루틴을"", ""것에"", ""중점을"", ""두고자"", ""해요루틴이"", ""생기면"", ""건강한"", ""집밥"", ""챙겨먹을"", ""무조건"", ""야채만"", ""먹기보다"", ""우리몸에"", ""필요한"", ""영양소인"", ""탄수화물"", ""중요한데요요즘"", ""빅토리사님"", ""공구에서"", ""혈당"", ""늦추기로"", ""유명한"", ""피로를"", ""구입해"", ""지어봤는데"", ""쫀득"", ""쫀득"", ""파로"", ""먹자마자"", ""시댁에"", ""보내드리고"", ""저희집것"", ""구매했어요"", ""밥과"", ""함께"", ""샐러드를"", ""즐기려고"", ""소스도"", ""만들어봤는데"", ""정착합니다"", ""샐러드와"", ""밥에"", ""반신반의하는"", ""신랑도"", ""좋아하는"", ""소스"", ""밀폐용기에"", ""냉털"", ""좋아하는"", ""야채"", ""넣어주세요"", ""소스"", ""올리브오일"", ""간장"", ""식초"", ""발사믹식초"", ""했어요"", ""알룰로스"", ""취향껏"", ""다진마늘"", ""없어도"", ""무방"", ""냉장고에서"", ""삼일"", ""보관하며"", ""변하지"", ""않고"", ""편하게"", ""드실"", ""있어요냉장고에는"", ""야채만"", ""보관하고"", ""꺼내서"", ""데워"", ""추가해서"", ""소스와"", ""함께"", ""비벼"", ""먹습니다계란"", ""반숙"", ""맛있더라구요"", ""불고기"", ""취향껏"", ""단백질도"", ""간단하고"", ""지킬"", ""집밥루틴을"", ""생활화"", ""해보세요""]","[""샐러드"", ""소스"", ""정착했어요"", ""저속노화"", ""혈당관리를"", ""하루"", ""한끼는"", ""야채"", ""샐러드를"", ""즐겨먹고"", ""있어요저는"", ""생야채보다는"", ""쪄서"", ""식감을"", ""선호하기에"", ""삼일에"", ""대용량"", ""찜기로"", ""한번에"", ""쪄버립니다"", ""살림이든"", ""집밥이든"", ""간편한"", ""루틴을"", ""것에"", ""중점을"", ""두고자"", ""해요루틴이"", ""생기면"", ""건강한"", ""집밥"", ""챙겨먹을"", ""무조건"", ""야채만"", ""먹기보다"", ""우리몸에"", ""필요한"", ""영양소인"", ""탄수화물"", ""중요한데요요즘"", ""빅토리사님"", ""공구에서"", ""혈당"", ""늦추기로"", ""유명한"", ""피로를"", ""구입해"", ""지어봤는데"", ""쫀득"", ""쫀득"", ""파로"", ""먹자마자"", ""시댁에"", ""보내드리고"", ""저희집것"", ""구매했어요"", ""밥과"", ""함께"", ""샐러드를"", ""즐기려고"", ""소스도"", ""만들어봤는데"", ""정착합니다"", ""샐러드와"", ""밥에"", ""반신반의하는"", ""신랑도"", ""좋아하는"", ""소스"", ""밀폐용기에"", ""냉털"", ""좋아하는"", ""야채"", ""넣어주세요"", ""소스"", ""올리브오일"", ""간장"", ""식초"", ""발사믹식초"", ""했어요"", ""알룰로스"", ""취향껏"", ""다진마늘"", ""없어도"", ""무방"", ""냉장고에서"", ""삼일"", ""보관하며"", ""변하지"", ""않고"", ""편하게"", ""드실"", ""있어요냉장고에는"", ""야채만"", ""보관하고"", ""꺼내서"", ""데워"", ""추가해서"", ""소스와"", ""함께"", ""비벼"", ""먹습니다계란"", ""반숙"", ""맛있더라구요"", ""불고기"", ""취향껏"", ""단백질도"", ""간단하고"", ""지킬"", ""집밥루틴을"", ""생활화"", ""해보세요"", ""샐러드"", ""소스"", ""정착했어요"", ""저속노화"", ""혈당관리를"", ""하루"", ""한끼는"", ""야채"", ""샐러드를"", ""즐겨먹고"", ""있어요저는"", ""생야채보다는"", ""쪄서"", ""식감을"", ""선호하기에"", ""삼일에"", ""대용량"", ""찜기로"", ""한번에"", ""쪄버립니다"", ""살림이든"", ""집밥이든"", ""간편한"", ""루틴을"", ""것에"", ""중점을"", ""두고자"", ""해요루틴이"", ""생기면"", ""건강한"", ""집밥"", ""챙겨먹을"", ""무조건"", ""야채만"", ""먹기보다"", ""우리몸에"", ""필요한"", ""영양소인"", ""탄수화물"", ""중요한데요요즘"", ""빅토리사님"", ""공구에서"", ""혈당"", ""늦추기로"", ""유명한"", ""피로를"", ""구입해"", ""지어봤는데"", ""쫀득"", ""쫀득"", ""파로"", ""먹자마자"", ""시댁에"", ""보내드리고"", ""저희집것"", ""구매했어요"", ""밥과"", ""함께"", ""샐러드를"", ""즐기려고"", ""소스도"", ""만들어봤는데"", ""정착합니다"", ""샐러드와"", ""밥에"", ""반신반의하는"", ""신랑도"", ""좋아하는"", ""소스"", ""밀폐용기에"", ""냉털"", ""좋아하는"", ""야채"", ""넣어주세요"", ""소스"", ""올리브오일"", ""간장"", ""식초"", ""발사믹식초"", ""했어요"", ""알룰로스"", ""취향껏"", ""다진마늘"", ""없어도"", ""무방"", ""냉장고에서"", ""삼일"", ""보관하며"", ""변하지"", ""않고"", ""편하게"", ""드실"", ""있어요냉장고에는"", ""야채만"", ""보관하고"", ""꺼내서"", ""데워"", ""추가해서"", ""소스와"", ""함께"", ""비벼"", ""먹습니다계란"", ""반숙"", ""맛있더라구요"", ""불고기"", ""취향껏"", ""단백질도"", ""간단하고"", ""지킬"", ""집밥루틴을"", ""생활화"", ""해보세요""]"
https://www.instagram.com/p/DM9UmYHSb8Q/,"써브웨이에서 드디어 나온 유명 꿀조합⁉️써브웨이 타코샐러드 먹는 법이 엄청 유명해서많은 분들이 아보카도,슈레드치즈,소스 넣어주문했는데 아예 그 조합이 메뉴로 출시됐어요🫢스파이시 쉬림프 타코샐러드&폴드포크 타코샐러드2가지맛으로 출시됐는데 같이 오는 또띠아에싸먹으면 진짜 꿀맛🫢🫢또띠아도 통밀또띠아인듯??소스,야채는 선택불가인데 못먹는 야채는뺄 수 있어요! 소스는 치폴레소스&랜치소스고정으로 변경불가능!배달시키면 소스 따로오는데 다 뿌리지말고조금씩 넣어가며 먹는 걸 추천!다 뿌리면 엄청 느끼해져서 금방 물리거든요😆이번 신상 타코샐러드 좋아하시는 분들꼭 드셔보세요!!+나쵸랑 같이 팔아도 맛있을듯...#써브웨이신상#써브웨이#타코샐러드#서브웨이#써스웨이타코샐러드#써브웨이샐러드#샐러드#신상리뷰#신상#샐러드맛집#치폴레#써브웨이꿀조합",써브웨이신상;써브웨이;타코샐러드;서브웨이;써스웨이타코샐러드;써브웨이샐러드;샐러드;신상리뷰;신상;샐러드맛집;치폴레;써브웨이꿀조합,써브웨이에서 드디어 나온 유명 꿀조합 써브웨이 타코샐러드 먹는 법이 엄청 유명해서많은 분들이 아보카도 슈레드치즈 소스 넣어주문했는데 아예 그 조합이 메뉴로 출시됐어요 스파이시 쉬림프 타코샐러드 폴드포크 타코샐러드 가지맛으로 출시됐는데 같이 오는 또띠아에싸먹으면 진짜 꿀맛 또띠아도 통밀또띠아인듯 소스 야채는 선택불가인데 못먹는 야채는뺄 수 있어요 소스는 치폴레소스 랜치소스고정으로 변경불가능 배달시키면 소스 따로오는데 다 뿌리지말고조금씩 넣어가며 먹는 걸 추천 다 뿌리면 엄청 느끼해져서 금방 물리거든요 이번 신상 타코샐러드 좋아하시는 분들꼭 드셔보세요 나쵸랑 같이 팔아도 맛있을듯 #써브웨이신상#써브웨이#타코샐러드#서브웨이#써스웨이타코샐러드#써브웨이샐러드#샐러드#신상리뷰#신상#샐러드맛집#치폴레#써브웨이꿀조합,"[""써브웨이에서"", ""나온"", ""유명"", ""꿀조합"", ""써브웨이"", ""타코샐러드"", ""법이"", ""유명해서많은"", ""분들이"", ""아보카도"", ""슈레드치즈"", ""소스"", ""넣어주문했는데"", ""아예"", ""조합이"", ""출시됐어요"", ""스파이시"", ""쉬림프"", ""타코샐러드"", ""폴드포크"", ""타코샐러드"", ""가지맛으로"", ""출시됐는데"", ""오는"", ""또띠아에싸먹으면"", ""꿀맛"", ""또띠아도"", ""통밀또띠아인듯"", ""소스"", ""야채는"", ""선택불가인데"", ""못먹는"", ""야채는뺄"", ""치폴레소스"", ""랜치소스고정으로"", ""변경불가능"", ""배달시키면"", ""소스"", ""따로오는데"", ""뿌리지말고조금씩"", ""넣어가며"", ""뿌리면"", ""느끼해져서"", ""금방"", ""물리거든요"", ""신상"", ""타코샐러드"", ""좋아하시는"", ""분들꼭"", ""나쵸랑"", ""팔아도"", ""맛있을듯""]","[""써브웨이신상"", ""써브웨이"", ""타코샐러드"", ""서브웨이"", ""써스웨이타코샐러드"", ""써브웨이샐러드"", ""샐러드"", ""신상리뷰"", ""신상"", ""샐러드맛집"", ""치폴레"", ""써브웨이꿀조합""]","[""써브웨이에서"", ""나온"", ""유명"", ""꿀조합"", ""써브웨이"", ""타코샐러드"", ""법이"", ""유명해서많은"", ""분들이"", ""아보카도"", ""슈레드치즈"", ""소스"", ""넣어주문했는데"", ""아예"", ""조합이"", ""출시됐어요"", ""스파이시"", ""쉬림프"", ""타코샐러드"", ""폴드포크"", ""타코샐러드"", ""가지맛으로"", ""출시됐는데"", ""오는"", ""또띠아에싸먹으면"", ""꿀맛"", ""또띠아도"", ""통밀또띠아인듯"", ""소스"", ""야채는"", ""선택불가인데"", ""못먹는"", ""야채는뺄"", ""치폴레소스"", ""랜치소스고정으로"", ""변경불가능"", ""배달시키면"", ""소스"", ""따로오는데"", ""뿌리지말고조금씩"", ""넣어가며"", ""뿌리면"", ""느끼해져서"", ""금방"", ""물리거든요"", ""신상"", ""타코샐러드"", ""좋아하시는"", ""분들꼭"", ""나쵸랑"", ""팔아도"", ""맛있을듯"", ""써브웨이신상"", ""써브웨이"", ""타코샐러드"", ""서브웨이"", ""써스웨이타코샐러드"", ""써브웨이샐러드"", ""샐러드"", ""신상리뷰"", ""신상"", ""샐러드맛집"", ""치폴레"", ""써브웨이꿀조합""]"
https://www.instagram.com/p/Ci6XKu-PGjH/,[치팅전 서브웨이 샐러드]어제는 저녁에 치팅이 예정되어 있었는데 무엇을 먹게 될지 미리 알수가 없었어요. 😅보통은 치팅 종목이 단백질이면 미리 탄수를 좀 먹어주고. 탄수로 치팅하게 되면 미리 단백질을 먹어주는데 어제는 메뉴가 뭔지 미리 물어볼수 없었어서 그냥 간단히 샐러드 먹어주었습니다. 🥗🥗서브웨이에서 쉬림프 샐러드로 선택 치즈 제외한 칼로리는 67kcal였구요. 저는 슈레드 치즈를 선택해서 54kcal추가 되었어요. 소스는 올리브유와 소금 후추. 야채는 절임류는 제외하였습니다. 꽤 배부르더라구요 !! 다음에는 새우를 두배로 추가하는 것도 좋을것 같다고 생각했습니다. 오늘은 어제 치팅을 걷어내며 살짝 절식해주겠습니다 (평소 섭취의 70%정도) 모두들 즐거운 일요일 되세요 ❤️❤️#서브웨이 #서브웨이다이어트 #서브웨이꿀조합 #샐러드 #샐러드다이어트 #샐러드맛집 #서브웨이샐러드 #다이어터 #다이어트 #체중조절 #치팅 #급찐급빠 #체중감량 #체중관리,서브웨이;서브웨이다이어트;서브웨이꿀조합;샐러드;샐러드다이어트;샐러드맛집;서브웨이샐러드;다이어터;다이어트;체중조절;치팅;급찐급빠;체중감량;체중관리,치팅전 서브웨이 샐러드 어제는 저녁에 치팅이 예정되어 있었는데 무엇을 먹게 될지 미리 알수가 없었어요 보통은 치팅 종목이 단백질이면 미리 탄수를 좀 먹어주고 탄수로 치팅하게 되면 미리 단백질을 먹어주는데 어제는 메뉴가 뭔지 미리 물어볼수 없었어서 그냥 간단히 샐러드 먹어주었습니다 서브웨이에서 쉬림프 샐러드로 선택 치즈 제외한 칼로리는 였구요 저는 슈레드 치즈를 선택해서 추가 되었어요 소스는 올리브유와 소금 후추 야채는 절임류는 제외하였습니다 꽤 배부르더라구요 다음에는 새우를 두배로 추가하는 것도 좋을것 같다고 생각했습니다 오늘은 어제 치팅을 걷어내며 살짝 절식해주겠습니다 평소 섭취의 정도 모두들 즐거운 일요일 되세요 #서브웨이 #서브웨이다이어트 #서브웨이꿀조합 #샐러드 #샐러드다이어트 #샐러드맛집 #서브웨이샐러드 #다이어터 #다이어트 #체중조절 #치팅 #급찐급빠 #체중감량 #체중관리,"[""치팅전"", ""서브웨이"", ""샐러드"", ""어제는"", ""저녁에"", ""치팅이"", ""예정되어"", ""있었는데"", ""무엇을"", ""먹게"", ""될지"", ""알수가"", ""없었어요"", ""보통은"", ""치팅"", ""종목이"", ""단백질이면"", ""탄수를"", ""먹어주고"", ""탄수로"", ""치팅하게"", ""되면"", ""단백질을"", ""먹어주는데"", ""어제는"", ""뭔지"", ""물어볼수"", ""없었어서"", ""간단히"", ""샐러드"", ""먹어주었습니다"", ""서브웨이에서"", ""쉬림프"", ""샐러드로"", ""선택"", ""치즈"", ""제외한"", ""칼로리는"", ""였구요"", ""슈레드"", ""치즈를"", ""선택해서"", ""되었어요"", ""올리브유와"", ""소금"", ""후추"", ""야채는"", ""절임류는"", ""제외하였습니다"", ""배부르더라구요"", ""다음에는"", ""새우를"", ""두배로"", ""추가하는"", ""것도"", ""좋을것"", ""같다고"", ""생각했습니다"", ""치팅을"", ""걷어내며"", ""절식해주겠습니다"", ""평소"", ""섭취의"", ""모두들"", ""즐거운"", ""일요일"", ""되세요""]","[""서브웨이"", ""서브웨이다이어트"", ""서브웨이꿀조합"", ""샐러드"", ""샐러드다이어트"", ""샐러드맛집"", ""서브웨이샐러드"", ""다이어터"", ""다이어트"", ""체중조절"", ""치팅"", ""급찐급빠"", ""체중감량"", ""체중관리""]","[""치팅전"", ""서브웨이"", ""샐러드"", ""어제는"", ""저녁에"", ""치팅이"", ""예정되어"", ""있었는데"", ""무엇을"", ""먹게"", ""될지"", ""알수가"", ""없었어요"", ""보통은"", ""치팅"", ""종목이"", ""단백질이면"", ""탄수를"", ""먹어주고"", ""탄수로"", ""치팅하게"", ""되면"", ""단백질을"", ""먹어주는데"", ""어제는"", ""뭔지"", ""물어볼수"", ""없었어서"", ""간단히"", ""샐러드"", ""먹어주었습니다"", ""서브웨이에서"", ""쉬림프"", ""샐러드로"", ""선택"", ""치즈"", ""제외한"", ""칼로리는"", ""였구요"", ""슈레드"", ""치즈를"", ""선택해서"", ""되었어요"", ""올리브유와"", ""소금"", ""후추"", ""야채는"", ""절임류는"", ""제외하였습니다"", ""배부르더라구요"", ""다음에는"", ""새우를"", ""두배로"", ""추가하는"", ""것도"", ""좋을것"", ""같다고"", ""생각했습니다"", ""치팅을"", ""걷어내며"", ""절식해주겠습니다"", ""평소"", ""섭취의"", ""모두들"", ""즐거운"", ""일요일"", ""되세요"", ""서브웨이"", ""서브웨이다이어트"", ""서브웨이꿀조합"", ""샐러드"", ""샐러드다이어트"", ""샐러드맛집"", ""서브웨이샐러드"", ""다이어터"", ""다이어트"", ""체중조절"", ""치팅"", ""급찐급빠"", ""체중감량"", ""체중관리""]"
https://www.instagram.com/p/DP6K3s0CfIe/c/18074803778137915/,"#뽈뽀샐러드 🐙🥔쫄깃하게 씹히는 문어랑삶은 감자로 담백한 샐러드를 만들었어요❤️감자가 메인이다 보니 그냥 먹으면 살짝 퍽퍽할 수 있는데,올리브의 짭조름함과 홀그레인 머스타드의 톡쏘는 상큼함이균형을 잘 잡아줘서 맛있게 먹었답니다!허브 덕후답게 이탈리안 파슬리도 같이 올려줬는데 간만에 지중해맛 제대로 스쳤네요😙🏛️🌿그리고 🔥드.디.어. 주말🔥내일 저는 무려 ‘에버랜드’에 도전하러갑니다🐯🎢👀부디 눈치게임에 성공하길 바라며 여러분도 즐겁고 편안한 주말 보내세요!#간단한한끼 #샐러드 #샐러드레시피 #문어감자샐러드 #플렉시테리언 #채식지향 #쉬운채식 #띵순이식단",뽈뽀샐러드;간단한한끼;샐러드;샐러드레시피;문어감자샐러드;플렉시테리언;채식지향;쉬운채식;띵순이식단,#뽈뽀샐러드 쫄깃하게 씹히는 문어랑삶은 감자로 담백한 샐러드를 만들었어요 감자가 메인이다 보니 그냥 먹으면 살짝 퍽퍽할 수 있는데 올리브의 짭조름함과 홀그레인 머스타드의 톡쏘는 상큼함이균형을 잘 잡아줘서 맛있게 먹었답니다 허브 덕후답게 이탈리안 파슬리도 같이 올려줬는데 간만에 지중해맛 제대로 스쳤네요 그리고 드 디 어 주말 내일 저는 무려 에버랜드 에 도전하러갑니다 부디 눈치게임에 성공하길 바라며 여러분도 즐겁고 편안한 주말 보내세요 #간단한한끼 #샐러드 #샐러드레시피 #문어감자샐러드 #플렉시테리언 #채식지향 #쉬운채식 #띵순이식단,"[""쫄깃하게"", ""씹히는"", ""문어랑삶은"", ""감자로"", ""담백한"", ""샐러드를"", ""만들었어요"", ""감자가"", ""메인이다"", ""보니"", ""퍽퍽할"", ""있는데"", ""올리브의"", ""짭조름함과"", ""홀그레인"", ""머스타드의"", ""톡쏘는"", ""상큼함이균형을"", ""잡아줘서"", ""먹었답니다"", ""허브"", ""덕후답게"", ""이탈리안"", ""파슬리도"", ""올려줬는데"", ""간만에"", ""지중해맛"", ""스쳤네요"", ""주말"", ""무려"", ""에버랜드"", ""도전하러갑니다"", ""부디"", ""눈치게임에"", ""성공하길"", ""바라며"", ""여러분도"", ""즐겁고"", ""편안한"", ""주말"", ""보내세요""]","[""뽈뽀샐러드"", ""간단한한끼"", ""샐러드"", ""샐러드레시피"", ""문어감자샐러드"", ""플렉시테리언"", ""채식지향"", ""쉬운채식"", ""띵순이식단""]","[""쫄깃하게"", ""씹히는"", ""문어랑삶은"", ""감자로"", ""담백한"", ""샐러드를"", ""만들었어요"", ""감자가"", ""메인이다"", ""보니"", ""퍽퍽할"", ""있는데"", ""올리브의"", ""짭조름함과"", ""홀그레인"", ""머스타드의"", ""톡쏘는"", ""상큼함이균형을"", ""잡아줘서"", ""먹었답니다"", ""허브"", ""덕후답게"", ""이탈리안"", ""파슬리도"", ""올려줬는데"", ""간만에"", ""지중해맛"", ""스쳤네요"", ""주말"", ""무려"", ""에버랜드"", ""도전하러갑니다"", ""부디"", ""눈치게임에"", ""성공하길"", ""바라며"", ""여러분도"", ""즐겁고"", ""편안한"", ""주말"", ""보내세요"", ""뽈뽀샐러드"", ""간단한한끼"", ""샐러드"", ""샐러드레시피"", ""문어감자샐러드"", ""플렉시테리언"", ""채식지향"", ""쉬운채식"", ""띵순이식단""]"
https://www.instagram.com/p/DP7jsznATLG/c/18041760497478515/,"#실리포터 #제품제공 나들이 가기 딱 좋은 요즘 ! 🌳집이 가장 좋은 만년 집순이지만 ,,너무 덥지도, 춥지도 않은 딱 요맘떼만 즐길 수 있는 가을 나들이는 못 참쥬 ☺️지난 번에 넘 맛있게 먹었던 #연어샐러드 조합 🥗오늘은 #도시락 으로 싸봤는데 넘넘 알차고 예쁘더라구요. 여러분도 도시락 들고 가을 나들이 떠나보는 거 어떠신가요 ?",실리포터;제품제공;연어샐러드;도시락,#실리포터 #제품제공 나들이 가기 딱 좋은 요즘 집이 가장 좋은 만년 집순이지만 너무 덥지도 춥지도 않은 딱 요맘떼만 즐길 수 있는 가을 나들이는 못 참쥬 지난 번에 넘 맛있게 먹었던 #연어샐러드 조합 오늘은 #도시락 으로 싸봤는데 넘넘 알차고 예쁘더라구요 여러분도 도시락 들고 가을 나들이 떠나보는 거 어떠신가요,"[""나들이"", ""가기"", ""집이"", ""만년"", ""집순이지만"", ""덥지도"", ""춥지도"", ""요맘떼만"", ""가을"", ""나들이는"", ""참쥬"", ""번에"", ""먹었던"", ""싸봤는데"", ""넘넘"", ""알차고"", ""예쁘더라구요"", ""여러분도"", ""도시락"", ""들고"", ""가을"", ""나들이"", ""떠나보는"", ""어떠신가요""]","[""실리포터"", ""제품제공"", ""연어샐러드"", ""도시락""]","[""나들이"", ""가기"", ""집이"", ""만년"", ""집순이지만"", ""덥지도"", ""춥지도"", ""요맘떼만"", ""가을"", ""나들이는"", ""참쥬"", ""번에"", ""먹었던"", ""싸봤는데"", ""넘넘"", ""알차고"", ""예쁘더라구요"", ""여러분도"", ""도시락"", ""들고"", ""가을"", ""나들이"", ""떠나보는"", ""어떠신가요"", ""실리포터"", ""제품제공"", ""연어샐러드"", ""도시락""]"
https://www.instagram.com/p/DM9UmYHSb8Q/c/17991552107822129/,"써브웨이에서 드디어 나온 유명 꿀조합⁉️써브웨이 타코샐러드 먹는 법이 엄청 유명해서많은 분들이 아보카도,슈레드치즈,소스 넣어주문했는데 아예 그 조합이 메뉴로 출시됐어요🫢스파이시 쉬림프 타코샐러드&폴드포크 타코샐러드2가지맛으로 출시됐는데 같이 오는 또띠아에싸먹으면 진짜 꿀맛🫢🫢또띠아도 통밀또띠아인듯??소스,야채는 선택불가인데 못먹는 야채는뺄 수 있어요! 소스는 치폴레소스&랜치소스고정으로 변경불가능!배달시키면 소스 따로오는데 다 뿌리지말고조금씩 넣어가며 먹는 걸 추천!다 뿌리면 엄청 느끼해져서 금방 물리거든요😆이번 신상 타코샐러드 좋아하시는 분들꼭 드셔보세요!!+나쵸랑 같이 팔아도 맛있을듯...#써브웨이신상#써브웨이#타코샐러드#서브웨이#써스웨이타코샐러드#써브웨이샐러드#샐러드#신상리뷰#신상#샐러드맛집#치폴레#써브웨이꿀조합",써브웨이신상;써브웨이;타코샐러드;서브웨이;써스웨이타코샐러드;써브웨이샐러드;샐러드;신상리뷰;신상;샐러드맛집;치폴레;써브웨이꿀조합,써브웨이에서 드디어 나온 유명 꿀조합 써브웨이 타코샐러드 먹는 법이 엄청 유명해서많은 분들이 아보카도 슈레드치즈 소스 넣어주문했는데 아예 그 조합이 메뉴로 출시됐어요 스파이시 쉬림프 타코샐러드 폴드포크 타코샐러드 가지맛으로 출시됐는데 같이 오는 또띠아에싸먹으면 진짜 꿀맛 또띠아도 통밀또띠아인듯 소스 야채는 선택불가인데 못먹는 야채는뺄 수 있어요 소스는 치폴레소스 랜치소스고정으로 변경불가능 배달시키면 소스 따로오는데 다 뿌리지말고조금씩 넣어가며 먹는 걸 추천 다 뿌리면 엄청 느끼해져서 금방 물리거든요 이번 신상 타코샐러드 좋아하시는 분들꼭 드셔보세요 나쵸랑 같이 팔아도 맛있을듯 #써브웨이신상#써브웨이#타코샐러드#서브웨이#써스웨이타코샐러드#써브웨이샐러드#샐러드#신상리뷰#신상#샐러드맛집#치폴레#써브웨이꿀조합,"[""써브웨이에서"", ""나온"", ""유명"", ""꿀조합"", ""써브웨이"", ""타코샐러드"", ""법이"", ""유명해서많은"", ""분들이"", ""아보카도"", ""슈레드치즈"", ""소스"", ""넣어주문했는데"", ""아예"", ""조합이"", ""출시됐어요"", ""스파이시"", ""쉬림프"", ""타코샐러드"", ""폴드포크"", ""타코샐러드"", ""가지맛으로"", ""출시됐는데"", ""오는"", ""또띠아에싸먹으면"", ""꿀맛"", ""또띠아도"", ""통밀또띠아인듯"", ""소스"", ""야채는"", ""선택불가인데"", ""못먹는"", ""야채는뺄"", ""치폴레소스"", ""랜치소스고정으로"", ""변경불가능"", ""배달시키면"", ""소스"", ""따로오는데"", ""뿌리지말고조금씩"", ""넣어가며"", ""뿌리면"", ""느끼해져서"", ""금방"", ""물리거든요"", ""신상"", ""타코샐러드"", ""좋아하시는"", ""분들꼭"", ""나쵸랑"", ""팔아도"", ""맛있을듯""]","[""써브웨이신상"", ""써브웨이"", ""타코샐러드"", ""서브웨이"", ""써스웨이타코샐러드"", ""써브웨이샐러드"", ""샐러드"", ""신상리뷰"", ""신상"", ""샐러드맛집"", ""치폴레"", ""써브웨이꿀조합""]","[""써브웨이에서"", ""나온"", ""유명"", ""꿀조합"", ""써브웨이"", ""타코샐러드"", ""법이"", ""유명해서많은"", ""분들이"", ""아보카도"", ""슈레드치즈"", ""소스"", ""넣어주문했는데"", ""아예"", ""조합이"", ""출시됐어요"", ""스파이시"", ""쉬림프"", ""타코샐러드"", ""폴드포크"", ""타코샐러드"", ""가지맛으로"", ""출시됐는데"", ""오는"", ""또띠아에싸먹으면"", ""꿀맛"", ""또띠아도"", ""통밀또띠아인듯"", ""소스"", ""야채는"", ""선택불가인데"", ""못먹는"", ""야채는뺄"", ""치폴레소스"", ""랜치소스고정으로"", ""변경불가능"", ""배달시키면"", ""소스"", ""따로오는데"", ""뿌리지말고조금씩"", ""넣어가며"", ""뿌리면"", ""느끼해져서"", ""금방"", ""물리거든요"", ""신상"", ""타코샐러드"", ""좋아하시는"", ""분들꼭"", ""나쵸랑"", ""팔아도"", ""맛있을듯"", ""써브웨이신상"", ""써브웨이"", ""타코샐러드"", ""서브웨이"", ""써스웨이타코샐러드"", ""써브웨이샐러드"", ""샐러드"", ""신상리뷰"", ""신상"", ""샐러드맛집"", ""치폴레"", ""써브웨이꿀조합""]"
https://www.instagram.com/p/Ci6XKu-PGjH/c/17982397621620461/,[치팅전 서브웨이 샐러드]어제는 저녁에 치팅이 예정되어 있었는데 무엇을 먹게 될지 미리 알수가 없었어요. 😅보통은 치팅 종목이 단백질이면 미리 탄수를 좀 먹어주고. 탄수로 치팅하게 되면 미리 단백질을 먹어주는데 어제는 메뉴가 뭔지 미리 물어볼수 없었어서 그냥 간단히 샐러드 먹어주었습니다. 🥗🥗서브웨이에서 쉬림프 샐러드로 선택 치즈 제외한 칼로리는 67kcal였구요. 저는 슈레드 치즈를 선택해서 54kcal추가 되었어요. 소스는 올리브유와 소금 후추. 야채는 절임류는 제외하였습니다. 꽤 배부르더라구요 !! 다음에는 새우를 두배로 추가하는 것도 좋을것 같다고 생각했습니다. 오늘은 어제 치팅을 걷어내며 살짝 절식해주겠습니다 (평소 섭취의 70%정도) 모두들 즐거운 일요일 되세요 ❤️❤️#서브웨이 #서브웨이다이어트 #서브웨이꿀조합 #샐러드 #샐러드다이어트 #샐러드맛집 #서브웨이샐러드 #다이어터 #다이어트 #체중조절 #치팅 #급찐급빠 #체중감량 #체중관리,서브웨이;서브웨이다이어트;서브웨이꿀조합;샐러드;샐러드다이어트;샐러드맛집;서브웨이샐러드;다이어터;다이어트;체중조절;치팅;급찐급빠;체중감량;체중관리,치팅전 서브웨이 샐러드 어제는 저녁에 치팅이 예정되어 있었는데 무엇을 먹게 될지 미리 알수가 없었어요 보통은 치팅 종목이 단백질이면 미리 탄수를 좀 먹어주고 탄수로 치팅하게 되면 미리 단백질을 먹어주는데 어제는 메뉴가 뭔지 미리 물어볼수 없었어서 그냥 간단히 샐러드 먹어주었습니다 서브웨이에서 쉬림프 샐러드로 선택 치즈 제외한 칼로리는 였구요 저는 슈레드 치즈를 선택해서 추가 되었어요 소스는 올리브유와 소금 후추 야채는 절임류는 제외하였습니다 꽤 배부르더라구요 다음에는 새우를 두배로 추가하는 것도 좋을것 같다고 생각했습니다 오늘은 어제 치팅을 걷어내며 살짝 절식해주겠습니다 평소 섭취의 정도 모두들 즐거운 일요일 되세요 #서브웨이 #서브웨이다이어트 #서브웨이꿀조합 #샐러드 #샐러드다이어트 #샐러드맛집 #서브웨이샐러드 #다이어터 #다이어트 #체중조절 #치팅 #급찐급빠 #체중감량 #체중관리,"[""치팅전"", ""서브웨이"", ""샐러드"", ""어제는"", ""저녁에"", ""치팅이"", ""예정되어"", ""있었는데"", ""무엇을"", ""먹게"", ""될지"", ""알수가"", ""없었어요"", ""보통은"", ""치팅"", ""종목이"", ""단백질이면"", ""탄수를"", ""먹어주고"", ""탄수로"", ""치팅하게"", ""되면"", ""단백질을"", ""먹어주는데"", ""어제는"", ""뭔지"", ""물어볼수"", ""없었어서"", ""간단히"", ""샐러드"", ""먹어주었습니다"", ""서브웨이에서"", ""쉬림프"", ""샐러드로"", ""선택"", ""치즈"", ""제외한"", ""칼로리는"", ""였구요"", ""슈레드"", ""치즈를"", ""선택해서"", ""되었어요"", ""올리브유와"", ""소금"", ""후추"", ""야채는"", ""절임류는"", ""제외하였습니다"", ""배부르더라구요"", ""다음에는"", ""새우를"", ""두배로"", ""추가하는"", ""것도"", ""좋을것"", ""같다고"", ""생각했습니다"", ""치팅을"", ""걷어내며"", ""절식해주겠습니다"", ""평소"", ""섭취의"", ""모두들"", ""즐거운"", ""일요일"", ""되세요""]","[""서브웨이"", ""서브웨이다이어트"", ""서브웨이꿀조합"", ""샐러드"", ""샐러드다이어트"", ""샐러드맛집"", ""서브웨이샐러드"", ""다이어터"", ""다이어트"", ""체중조절"", ""치팅"", ""급찐급빠"", ""체중감량"", ""체중관리""]","[""치팅전"", ""서브웨이"", ""샐러드"", ""어제는"", ""저녁에"", ""치팅이"", ""예정되어"", ""있었는데"", ""무엇을"", ""먹게"", ""될지"", ""알수가"", ""없었어요"", ""보통은"", ""치팅"", ""종목이"", ""단백질이면"", ""탄수를"", ""먹어주고"", ""탄수로"", ""치팅하게"", ""되면"", ""단백질을"", ""먹어주는데"", ""어제는"", ""뭔지"", ""물어볼수"", ""없었어서"", ""간단히"", ""샐러드"", ""먹어주었습니다"", ""서브웨이에서"", ""쉬림프"", ""샐러드로"", ""선택"", ""치즈"", ""제외한"", ""칼로리는"", ""였구요"", ""슈레드"", ""치즈를"", ""선택해서"", ""되었어요"", ""올리브유와"", ""소금"", ""후추"", ""야채는"", ""절임류는"", ""제외하였습니다"", ""배부르더라구요"", ""다음에는"", ""새우를"", ""두배로"", ""추가하는"", ""것도"", ""좋을것"", ""같다고"", ""생각했습니다"", ""치팅을"", ""걷어내며"", ""절식해주겠습니다"", ""평소"", ""섭취의"", ""모두들"", ""즐거운"", ""일요일"", ""되세요"", ""서브웨이"", ""서브웨이다이어트"", ""서브웨이꿀조합"", ""샐러드"", ""샐러드다이어트"", ""샐러드맛집"", ""서브웨이샐러드"", ""다이어터"", ""다이어트"", ""체중조절"", ""치팅"", ""급찐급빠"", ""체중감량"", ""체중관리""]"
https://www.instagram.com/p/DQF80x9EgSG/,화요일#점심#닭#로스트치킨#반#고추절임#레몬#무순#샐러드,점심;닭;로스트치킨;반;고추절임;레몬;무순;샐러드,화요일#점심#닭#로스트치킨#반#고추절임#레몬#무순#샐러드,"[""화요일""]","[""점심"", ""로스트치킨"", ""고추절임"", ""레몬"", ""무순"", ""샐러드""]","[""화요일"", ""점심"", ""로스트치킨"", ""고추절임"", ""레몬"", ""무순"", ""샐러드""]"
https://www.instagram.com/p/DQGOfk-Ec1O/c/17929862481000331/,"2025.10.22 수요일🍎👉 월,화,수,목요일 12시 오픈 👉 금,토,일요일 및 공휴일 휴무❤️해피테이블은 민생회복 소비쿠폰 사용가능 매장입니다🙇‍♀️ 🥗샐러드 👉 치킨텐더 / 수제리코타치즈 / 와사비크래미🥪통밀식빵샌드위치 👉 에그햄 / 크래미🥪트러플잠봉소금빵샌드위치🍞생식빵 👉 나왔어요. 컷팅 가능🥐소금빵 👉 플레인 / 명란  ❤️월,화,수,목요일 12시~6시💛재료 소진시 일찍 마감합니다  ‼️영업시간 안내(2025년 10월 22일 수정)❤️ 월, 화, 수,목요일  12시 오픈 / 6시마감 ❤️👉준비된 제품 소진시 조기 마감합니다👉금, 토, 일요일 및 공휴일은 정기휴무입니다 #해피테이블#수제디저트 #빵#샐러드 #샌드위치",해피테이블;수제디저트;빵;샐러드;샌드위치,수요일 월 화 수 목요일 시 오픈 금 토 일요일 및 공휴일 휴무 해피테이블은 민생회복 소비쿠폰 사용가능 매장입니다 샐러드 치킨텐더 수제리코타치즈 와사비크래미 통밀식빵샌드위치 에그햄 크래미 트러플잠봉소금빵샌드위치 생식빵 나왔어요 컷팅 가능 소금빵 플레인 명란 월 화 수 목요일 시 시 재료 소진시 일찍 마감합니다 영업시간 안내 년 월 일 수정 월 화 수 목요일 시 오픈 시마감 준비된 제품 소진시 조기 마감합니다 금 토 일요일 및 공휴일은 정기휴무입니다 #해피테이블#수제디저트 #빵#샐러드 #샌드위치,"[""수요일"", ""목요일"", ""오픈"", ""일요일"", ""공휴일"", ""휴무"", ""해피테이블은"", ""민생회복"", ""소비쿠폰"", ""사용가능"", ""매장입니다"", ""샐러드"", ""치킨텐더"", ""수제리코타치즈"", ""와사비크래미"", ""통밀식빵샌드위치"", ""에그햄"", ""크래미"", ""트러플잠봉소금빵샌드위치"", ""생식빵"", ""나왔어요"", ""컷팅"", ""소금빵"", ""플레인"", ""명란"", ""목요일"", ""재료"", ""소진시"", ""일찍"", ""마감합니다"", ""영업시간"", ""안내"", ""수정"", ""목요일"", ""오픈"", ""시마감"", ""준비된"", ""소진시"", ""조기"", ""마감합니다"", ""일요일"", ""공휴일은"", ""정기휴무입니다""]","[""해피테이블"", ""수제디저트"", ""샐러드"", ""샌드위치""]","[""수요일"", ""목요일"", ""오픈"", ""일요일"", ""공휴일"", ""휴무"", ""해피테이블은"", ""민생회복"", ""소비쿠폰"", ""사용가능"", ""매장입니다"", ""샐러드"", ""치킨텐더"", ""수제리코타치즈"", ""와사비크래미"", ""통밀식빵샌드위치"", ""에그햄"", ""크래미"", ""트러플잠봉소금빵샌드위치"", ""생식빵"", ""나왔어요"", ""컷팅"", ""소금빵"", ""플레인"", ""명란"", ""목요일"", ""재료"", ""소진시"", ""일찍"", ""마감합니다"", ""영업시간"", ""안내"", ""수정"", ""목요일"", ""오픈"", ""시마감"", ""준비된"", ""소진시"", ""조기"", ""마감합니다"", ""일요일"", ""공휴일은"", ""정기휴무입니다"", ""해피테이블"", ""수제디저트"", ""샐러드"", ""샌드위치""]"
https://www.instagram.com/p/DL8XlgWR3J0/c/17960214074802655/,🚚 7/4 새벽 정기 배송 - 그릴드 치킨 포케항상 찾아주셔서 감사합니다 ~~오늘도 맛있게 드셨길 바랄게요 🤍🗓️ 샐러드 새벽 정기배송 신청받고 있어요🍀 다이어트만을 위함이 아닌 한 끼 식사 대용 샐러드입니다!👀✏️ 프로필 링크에 있는 정기배송 안내/신청서를 읽고 작성해 주세요!🔍 문의는 카카오톡 채널[폴라니 노형]으로 부탁드려요🎁 전 메뉴 포장 가능🍽️ 홀에서 식사 가능🏍️ 배달의민족에서 주문 가능합니다!,,새벽 정기 배송 그릴드 치킨 포케항상 찾아주셔서 감사합니다 오늘도 맛있게 드셨길 바랄게요 샐러드 새벽 정기배송 신청받고 있어요 다이어트만을 위함이 아닌 한 끼 식사 대용 샐러드입니다 프로필 링크에 있는 정기배송 안내 신청서를 읽고 작성해 주세요 문의는 카카오톡 채널 폴라니 노형 으로 부탁드려요 전 메뉴 포장 가능 홀에서 식사 가능 배달의민족에서 주문 가능합니다,"[""새벽"", ""정기"", ""배송"", ""그릴드"", ""치킨"", ""포케항상"", ""찾아주셔서"", ""드셨길"", ""바랄게요"", ""샐러드"", ""새벽"", ""정기배송"", ""신청받고"", ""다이어트만을"", ""위함이"", ""아닌"", ""식사"", ""대용"", ""샐러드입니다"", ""링크에"", ""정기배송"", ""안내"", ""신청서를"", ""읽고"", ""작성해"", ""문의는"", ""카카오톡"", ""채널"", ""폴라니"", ""노형"", ""부탁드려요"", ""포장"", ""홀에서"", ""식사"", ""배달의민족에서"", ""주문""]","[""새벽"", ""정기"", ""배송"", ""그릴드"", ""치킨"", ""포케항상"", ""찾아주셔서"", ""드셨길"", ""바랄게요"", ""샐러드"", ""새벽"", ""정기배송"", ""신청받고"", ""다이어트만을"", ""위함이"", ""아닌"", ""식사"", ""대용"", ""샐러드입니다"", ""링크에"", ""정기배송"", ""안내"", ""신청서를"", ""읽고"", ""작성해"", ""문의는"", ""카카오톡"", ""채널"", ""폴라니"", ""노형"", ""부탁드려요"", ""포장"", ""홀에서"", ""식사"", ""배달의민족에서"", ""주문""]","[""새벽"", ""정기"", ""배송"", ""그릴드"", ""치킨"", ""포케항상"", ""찾아주셔서"", ""드셨길"", ""바랄게요"", ""샐러드"", ""새벽"", ""정기배송"", ""신청받고"", ""다이어트만을"", ""위함이"", ""아닌"", ""식사"", ""대용"", ""샐러드입니다"", ""링크에"", ""정기배송"", ""안내"", ""신청서를"", ""읽고"", ""작성해"", ""문의는"", ""카카오톡"", ""채널"", ""폴라니"", ""노형"", ""부탁드려요"", ""포장"", ""홀에서"", ""식사"", ""배달의민족에서"", ""주문"", ""새벽"", ""정기"", ""배송"", ""그릴드"", ""치킨"", ""포케항상"", ""찾아주셔서"", ""드셨길"", ""바랄게요"", ""샐러드"", ""새벽"", ""정기배송"", ""신청받고"", ""다이어트만을"", ""위함이"", ""아닌"", ""식사"", ""대용"", ""샐러드입니다"", ""링크에"", ""정기배송"", ""안내"", ""신청서를"", ""읽고"", ""작성해"", ""문의는"", ""카카오톡"", ""채널"", ""폴라니"", ""노형"", ""부탁드려요"", ""포장"", ""홀에서"", ""식사"", ""배달의민족에서"", ""주문""]"
https://www.instagram.com/p/DQA3HIDExp1/,#오늘의점심#오늘의저녁#알찬식단 #알찬푸드 #구내식당 #한식뷔페 #구로맛집 #구로디지털구내식당#구로구내식당 #구디구내식당 #밥집 #점심 #도시락 #테이크아웃 #샐러드 #샐러드맛집 #대륭포스트타워7차,오늘의점심;오늘의저녁;알찬식단;알찬푸드;구내식당;한식뷔페;구로맛집;구로디지털구내식당;구로구내식당;구디구내식당;밥집;점심;도시락;테이크아웃;샐러드;샐러드맛집;대륭포스트타워7차,#오늘의점심#오늘의저녁#알찬식단 #알찬푸드 #구내식당 #한식뷔페 #구로맛집 #구로디지털구내식당#구로구내식당 #구디구내식당 #밥집 #점심 #도시락 #테이크아웃 #샐러드 #샐러드맛집 #대륭포스트타워 차,[],"[""오늘의점심"", ""오늘의저녁"", ""알찬식단"", ""알찬푸드"", ""구내식당"", ""한식뷔페"", ""구로맛집"", ""구로디지털구내식당"", ""구로구내식당"", ""구디구내식당"", ""밥집"", ""점심"", ""도시락"", ""테이크아웃"", ""샐러드"", ""샐러드맛집"", ""대륭포스트타워""]","[""오늘의점심"", ""오늘의저녁"", ""알찬식단"", ""알찬푸드"", ""구내식당"", ""한식뷔페"", ""구로맛집"", ""구로디지털구내식당"", ""구로구내식당"", ""구디구내식당"", ""밥집"", ""점심"", ""도시락"", ""테이크아웃"", ""샐러드"", ""샐러드맛집"", ""대륭포스트타워""]"
https://www.instagram.com/p/DQD9xxhiQgN/,"_#체험단 #구월동카페 #구월동샐러드 #구월동샌드위치 #구월아시아드맛집 #구월동맛집 #구월동데이트 - 장소: 달리는커피 인천구월아시아점(인천 남동구 인하로 616 1층 112호)- 메뉴: 바질불고기 샌드위치(9,900원), 연어샐러드(10,900원), 토마토쥬스(5,000원), 아메리카노(2,800원)- 기타사항: 주차가능아낌없는 재료로 만든 샌드위치와 샐러드 냠냠-!🍀샌드위치는 자고로 뚱뚱한 샌드위치라고 생각하는데, 딱 완내스!야채와 불고기, 바질페스토의 조합이 최고였던게 바질 향이 은은하게 퍼지니 극락이였어요✨연어 샐러드도 맞춤형 소스로 달달 상큼해서 맛있었고, 신선하니 거부감이 전혀 없었어요❤️이전에 배달로도 여러번 먹어본 달리는커피 였는데, 매장 방문해서 먹으니 또다른 신선함을 경험하고 왔네요!상가안에 위치해서 접근성도 쉽고, 샌디치는 단체 주문하기 딱 좋은거 아시죠✨야구장갈때도 포장해서 가져가기 딱 추천❤️💛🩷사장님도 너무 친절하셔서 매일오고 싶은 매장이자냐☺️오늘부터 단골 리스트로 저장!💘#샌드위치 #샐러드 #샌드위치맛집 #샐러드맛집 #먹방 #먹스타그램 #데이트 #다이어트 #다이어트식단 #식단 #먹스타 #맛집 #인천맛집 #인천야구장 #인천야구장맛집 #배달의민족 #쿠팡이츠 #맛 #맛스타그램 #데이트",체험단;구월동카페;구월동샐러드;구월동샌드위치;구월아시아드맛집;구월동맛집;구월동데이트;샌드위치;샐러드;샌드위치맛집;샐러드맛집;먹방;먹스타그램;데이트;다이어트;다이어트식단;식단;먹스타;맛집;인천맛집;인천야구장;인천야구장맛집;배달의민족;쿠팡이츠;맛;맛스타그램,#체험단 #구월동카페 #구월동샐러드 #구월동샌드위치 #구월아시아드맛집 #구월동맛집 #구월동데이트 장소 달리는커피 인천구월아시아점 인천 남동구 인하로 층 호 메뉴 바질불고기 샌드위치 원 연어샐러드 원 토마토쥬스 원 아메리카노 원 기타사항 주차가능아낌없는 재료로 만든 샌드위치와 샐러드 냠냠 샌드위치는 자고로 뚱뚱한 샌드위치라고 생각하는데 딱 완내스 야채와 불고기 바질페스토의 조합이 최고였던게 바질 향이 은은하게 퍼지니 극락이였어요 연어 샐러드도 맞춤형 소스로 달달 상큼해서 맛있었고 신선하니 거부감이 전혀 없었어요 이전에 배달로도 여러번 먹어본 달리는커피 였는데 매장 방문해서 먹으니 또다른 신선함을 경험하고 왔네요 상가안에 위치해서 접근성도 쉽고 샌디치는 단체 주문하기 딱 좋은거 아시죠 야구장갈때도 포장해서 가져가기 딱 추천 사장님도 너무 친절하셔서 매일오고 싶은 매장이자냐 오늘부터 단골 리스트로 저장 #샌드위치 #샐러드 #샌드위치맛집 #샐러드맛집 #먹방 #먹스타그램 #데이트 #다이어트 #다이어트식단 #식단 #먹스타 #맛집 #인천맛집 #인천야구장 #인천야구장맛집 #배달의민족 #쿠팡이츠 #맛 #맛스타그램 #데이트,"[""장소"", ""달리는커피"", ""인천구월아시아점"", ""인천"", ""남동구"", ""인하로"", ""바질불고기"", ""샌드위치"", ""연어샐러드"", ""토마토쥬스"", ""아메리카노"", ""기타사항"", ""주차가능아낌없는"", ""재료로"", ""만든"", ""샌드위치와"", ""샐러드"", ""냠냠"", ""샌드위치는"", ""자고로"", ""뚱뚱한"", ""샌드위치라고"", ""생각하는데"", ""완내스"", ""야채와"", ""불고기"", ""바질페스토의"", ""조합이"", ""최고였던게"", ""바질"", ""은은하게"", ""퍼지니"", ""극락이였어요"", ""연어"", ""샐러드도"", ""맞춤형"", ""소스로"", ""달달"", ""상큼해서"", ""맛있었고"", ""신선하니"", ""거부감이"", ""전혀"", ""없었어요"", ""이전에"", ""배달로도"", ""여러번"", ""먹어본"", ""달리는커피"", ""였는데"", ""방문해서"", ""또다른"", ""신선함을"", ""경험하고"", ""왔네요"", ""상가안에"", ""위치해서"", ""접근성도"", ""쉽고"", ""샌디치는"", ""주문하기"", ""좋은거"", ""아시죠"", ""야구장갈때도"", ""포장해서"", ""가져가기"", ""사장님도"", ""친절하셔서"", ""매일오고"", ""매장이자냐"", ""오늘부터"", ""단골"", ""리스트로"", ""저장""]","[""체험단"", ""구월동카페"", ""구월동샐러드"", ""구월동샌드위치"", ""구월아시아드맛집"", ""구월동맛집"", ""구월동데이트"", ""샌드위치"", ""샐러드"", ""샌드위치맛집"", ""샐러드맛집"", ""먹방"", ""먹스타그램"", ""데이트"", ""다이어트"", ""다이어트식단"", ""식단"", ""먹스타"", ""맛집"", ""인천맛집"", ""인천야구장"", ""인천야구장맛집"", ""배달의민족"", ""쿠팡이츠"", ""맛스타그램""]","[""장소"", ""달리는커피"", ""인천구월아시아점"", ""인천"", ""남동구"", ""인하로"", ""바질불고기"", ""샌드위치"", ""연어샐러드"", ""토마토쥬스"", ""아메리카노"", ""기타사항"", ""주차가능아낌없는"", ""재료로"", ""만든"", ""샌드위치와"", ""샐러드"", ""냠냠"", ""샌드위치는"", ""자고로"", ""뚱뚱한"", ""샌드위치라고"", ""생각하는데"", ""완내스"", ""야채와"", ""불고기"", ""바질페스토의"", ""조합이"", ""최고였던게"", ""바질"", ""은은하게"", ""퍼지니"", ""극락이였어요"", ""연어"", ""샐러드도"", ""맞춤형"", ""소스로"", ""달달"", ""상큼해서"", ""맛있었고"", ""신선하니"", ""거부감이"", ""전혀"", ""없었어요"", ""이전에"", ""배달로도"", ""여러번"", ""먹어본"", ""달리는커피"", ""였는데"", ""방문해서"", ""또다른"", ""신선함을"", ""경험하고"", ""왔네요"", ""상가안에"", ""위치해서"", ""접근성도"", ""쉽고"", ""샌디치는"", ""주문하기"", ""좋은거"", ""아시죠"", ""야구장갈때도"", ""포장해서"", ""가져가기"", ""사장님도"", ""친절하셔서"", ""매일오고"", ""매장이자냐"", ""오늘부터"", ""단골"", ""리스트로"", ""저장"", ""체험단"", ""구월동카페"", ""구월동샐러드"", ""구월동샌드위치"", ""구월아시아드맛집"", ""구월동맛집"", ""구월동데이트"", ""샌드위치"", ""샐러드"", ""샌드위치맛집"", ""샐러드맛집"", ""먹방"", ""먹스타그램"", ""데이트"", ""다이어트"", ""다이어트식단"", ""식단"", ""먹스타"", ""맛집"", ""인천맛집"", ""인천야구장"", ""인천야구장맛집"", ""배달의민족"", ""쿠팡이츠"", ""맛스타그램""]"
https://www.instagram.com/p/DP2tzNnE2HR/c/18022981256572057/,#오늘점심은뭐먹지 #샐러드 💛🧡❤️ 마시썽,오늘점심은뭐먹지;샐러드,#오늘점심은뭐먹지 #샐러드 마시썽,"[""마시썽""]","[""오늘점심은뭐먹지"", ""샐러드""]","[""마시썽"", ""오늘점심은뭐먹지"", ""샐러드""]"
https://www.instagram.com/p/DQHX8cLE_ri/c/17973648599945377/,"💁‍♀️ 엄마 헐렁한 식단&운동 D+10(2025.10.22)❤️🕘 아침 : 카프레제샐러드, 구운달걀, 빵🥪, 스타벅스 바닐라크림콜드브루☕️&식후 타바타10분, 산책 60분🕑 점심 : 토마토🍅, 닭꼬치🕘 저녁 : 샐러드🥗, 순대볶음👶 아기 야무진 이유식 🍼🕦 이유식 1 : 쌀현미+닭고기, 당근, 브로콜리, 완두콩 100g🕓 이유식 2 : 쌀오트밀+소고기, 단호박, 청경채, 사과 100g오와랑 단둘이 스타벅스 데이트❤️달달한 커피 한잔☕️산책 후 오와는 신나게 이유식 완밥👶🥰이유식 떠 주는게 조금만 늦어도 자꾸 짜증을😭그래도 잘 먹어주니 다행🥰 #육아 #식단관리 #식단기록 #이유식 #이유식중기 #이유식 식단 #필라테스 #스트레칭 #타바타 #이유식완밥 #닭꼬치 #카프레제 #구운달걀 #샐러드 #순대볶음",육아;식단관리;식단기록;이유식;이유식중기;필라테스;스트레칭;타바타;이유식완밥;닭꼬치;카프레제;구운달걀;샐러드;순대볶음,엄마 헐렁한 식단 운동 아침 카프레제샐러드 구운달걀 빵 스타벅스 바닐라크림콜드브루 식후 타바타 분 산책 분 점심 토마토 닭꼬치 저녁 샐러드 순대볶음 아기 야무진 이유식 이유식 쌀현미 닭고기 당근 브로콜리 완두콩 이유식 쌀오트밀 소고기 단호박 청경채 사과 오와랑 단둘이 스타벅스 데이트 달달한 커피 한잔 산책 후 오와는 신나게 이유식 완밥 이유식 떠 주는게 조금만 늦어도 자꾸 짜증을 그래도 잘 먹어주니 다행 #육아 #식단관리 #식단기록 #이유식 #이유식중기 #이유식 식단 #필라테스 #스트레칭 #타바타 #이유식완밥 #닭꼬치 #카프레제 #구운달걀 #샐러드 #순대볶음,"[""헐렁한"", ""식단"", ""운동"", ""아침"", ""카프레제샐러드"", ""구운달걀"", ""스타벅스"", ""바닐라크림콜드브루"", ""식후"", ""타바타"", ""산책"", ""점심"", ""토마토"", ""닭꼬치"", ""저녁"", ""샐러드"", ""순대볶음"", ""아기"", ""야무진"", ""이유식"", ""이유식"", ""쌀현미"", ""닭고기"", ""당근"", ""브로콜리"", ""완두콩"", ""이유식"", ""쌀오트밀"", ""소고기"", ""단호박"", ""청경채"", ""사과"", ""오와랑"", ""단둘이"", ""스타벅스"", ""데이트"", ""달달한"", ""커피"", ""한잔"", ""산책"", ""오와는"", ""신나게"", ""이유식"", ""완밥"", ""이유식"", ""주는게"", ""조금만"", ""늦어도"", ""자꾸"", ""짜증을"", ""먹어주니"", ""다행"", ""식단""]","[""육아"", ""식단관리"", ""식단기록"", ""이유식"", ""이유식중기"", ""필라테스"", ""스트레칭"", ""타바타"", ""이유식완밥"", ""닭꼬치"", ""카프레제"", ""구운달걀"", ""샐러드"", ""순대볶음""]","[""헐렁한"", ""식단"", ""운동"", ""아침"", ""카프레제샐러드"", ""구운달걀"", ""스타벅스"", ""바닐라크림콜드브루"", ""식후"", ""타바타"", ""산책"", ""점심"", ""토마토"", ""닭꼬치"", ""저녁"", ""샐러드"", ""순대볶음"", ""아기"", ""야무진"", ""이유식"", ""이유식"", ""쌀현미"", ""닭고기"", ""당근"", ""브로콜리"", ""완두콩"", ""이유식"", ""쌀오트밀"", ""소고기"", ""단호박"", ""청경채"", ""사과"", ""오와랑"", ""단둘이"", ""스타벅스"", ""데이트"", ""달달한"", ""커피"", ""한잔"", ""산책"", ""오와는"", ""신나게"", ""이유식"", ""완밥"", ""이유식"", ""주는게"", ""조금만"", ""늦어도"", ""자꾸"", ""짜증을"", ""먹어주니"", ""다행"", ""식단"", ""육아"", ""식단관리"", ""식단기록"", ""이유식"", ""이유식중기"", ""필라테스"", ""스트레칭"", ""타바타"", ""이유식완밥"", ""닭꼬치"", ""카프레제"", ""구운달걀"", ""샐러드"", ""순대볶음""]"
https://www.instagram.com/p/DP6EKRvEzo6/,"✔️ 지중해식 샐러드오랜만에 샐러드를 만들어봤어요.거의 한달째 냉장고에 묵혀있었던 유러피안 샐러드;키친타올 감싸 보관하니 오래가더라구요👍🏻간단히 오이랑 올리브 삶은계란소스는 올리브오일 듬뿍, 화이트발사믹, 알룰로스를 뿌리면 끝!소스 안뿌린거 같은데 열심히 뿌림주의😂건강한데 새콤달콤 넘 맛있어요..💚방토 추가하면 더 맛있으니 참고하세요🍅드뎌 주말이 왔네요〰️모두 불금 보내세요!",,지중해식 샐러드오랜만에 샐러드를 만들어봤어요 거의 한달째 냉장고에 묵혀있었던 유러피안 샐러드 키친타올 감싸 보관하니 오래가더라구요 간단히 오이랑 올리브 삶은계란소스는 올리브오일 듬뿍 화이트발사믹 알룰로스를 뿌리면 끝 소스 안뿌린거 같은데 열심히 뿌림주의 건강한데 새콤달콤 넘 맛있어요 방토 추가하면 더 맛있으니 참고하세요 드뎌 주말이 왔네요 모두 불금 보내세요,"[""지중해식"", ""샐러드오랜만에"", ""샐러드를"", ""한달째"", ""냉장고에"", ""묵혀있었던"", ""유러피안"", ""샐러드"", ""키친타올"", ""감싸"", ""보관하니"", ""오래가더라구요"", ""간단히"", ""오이랑"", ""올리브"", ""삶은계란소스는"", ""올리브오일"", ""화이트발사믹"", ""알룰로스를"", ""뿌리면"", ""소스"", ""안뿌린거"", ""같은데"", ""열심히"", ""뿌림주의"", ""건강한데"", ""새콤달콤"", ""방토"", ""추가하면"", ""맛있으니"", ""참고하세요"", ""드뎌"", ""주말이"", ""왔네요"", ""불금"", ""보내세요""]","[""지중해식"", ""샐러드오랜만에"", ""샐러드를"", ""한달째"", ""냉장고에"", ""묵혀있었던"", ""유러피안"", ""샐러드"", ""키친타올"", ""감싸"", ""보관하니"", ""오래가더라구요"", ""간단히"", ""오이랑"", ""올리브"", ""삶은계란소스는"", ""올리브오일"", ""화이트발사믹"", ""알룰로스를"", ""뿌리면"", ""소스"", ""안뿌린거"", ""같은데"", ""열심히"", ""뿌림주의"", ""건강한데"", ""새콤달콤"", ""방토"", ""추가하면"", ""맛있으니"", ""참고하세요"", ""드뎌"", ""주말이"", ""왔네요"", ""불금"", ""보내세요""]","[""지중해식"", ""샐러드오랜만에"", ""샐러드를"", ""한달째"", ""냉장고에"", ""묵혀있었던"", ""유러피안"", ""샐러드"", ""키친타올"", ""감싸"", ""보관하니"", ""오래가더라구요"", ""간단히"", ""오이랑"", ""올리브"", ""삶은계란소스는"", ""올리브오일"", ""화이트발사믹"", ""알룰로스를"", ""뿌리면"", ""소스"", ""안뿌린거"", ""같은데"", ""열심히"", ""뿌림주의"", ""건강한데"", ""새콤달콤"", ""방토"", ""추가하면"", ""맛있으니"", ""참고하세요"", ""드뎌"", ""주말이"", ""왔네요"", ""불금"", ""보내세요"", ""지중해식"", ""샐러드오랜만에"", ""샐러드를"", ""한달째"", ""냉장고에"", ""묵혀있었던"", ""유러피안"", ""샐러드"", ""키친타올"", ""감싸"", ""보관하니"", ""오래가더라구요"", ""간단히"", ""오이랑"", ""올리브"", ""삶은계란소스는"", ""올리브오일"", ""화이트발사믹"", ""알룰로스를"", ""뿌리면"", ""소스"", ""안뿌린거"", ""같은데"", ""열심히"", ""뿌림주의"", ""건강한데"", ""새콤달콤"", ""방토"", ""추가하면"", ""맛있으니"", ""참고하세요"", ""드뎌"", ""주말이"", ""왔네요"", ""불금"", ""보내세요""]"
https://www.instagram.com/p/DQBA6E6gftl/,".안녕하세요. 하남샌드입니다. ☺️저희의 첫 단체주문이 들어왔어요 👏👏달달한 카야잼과 부드러운 에그마요가 듬뿍 들어간 샌드위치,병원 세미나 간식으로 하프 샌드위치 56개로 준비해드렸어요.행사·모임·간식타임 등 여럿이 함께하는 자리엔부드럽고 달달한 카야잼 샌드위치가 간식으로 딱인 것 같아요. 😆단체주문 / 맞춤 수량 / 픽업 및 배달 모두 가능하니편하게 문의주세요 💌#광주맛집 #광주샌드위치 #광산구맛집 #광산구샌드위치 #샌드위치맛집 #단체주문 #단체예약 #샌드위치 #샐러드 #포케 #컵과일 #런치박스 #답례품 #행사간식 #캔커피 #캔음료",광주맛집;광주샌드위치;광산구맛집;광산구샌드위치;샌드위치맛집;단체주문;단체예약;샌드위치;샐러드;포케;컵과일;런치박스;답례품;행사간식;캔커피;캔음료,안녕하세요 하남샌드입니다 저희의 첫 단체주문이 들어왔어요 달달한 카야잼과 부드러운 에그마요가 듬뿍 들어간 샌드위치 병원 세미나 간식으로 하프 샌드위치 개로 준비해드렸어요 행사 모임 간식타임 등 여럿이 함께하는 자리엔부드럽고 달달한 카야잼 샌드위치가 간식으로 딱인 것 같아요 단체주문 맞춤 수량 픽업 및 배달 모두 가능하니편하게 문의주세요 #광주맛집 #광주샌드위치 #광산구맛집 #광산구샌드위치 #샌드위치맛집 #단체주문 #단체예약 #샌드위치 #샐러드 #포케 #컵과일 #런치박스 #답례품 #행사간식 #캔커피 #캔음료,"[""하남샌드입니다"", ""저희의"", ""단체주문이"", ""들어왔어요"", ""달달한"", ""카야잼과"", ""부드러운"", ""에그마요가"", ""들어간"", ""샌드위치"", ""병원"", ""세미나"", ""간식으로"", ""하프"", ""샌드위치"", ""개로"", ""준비해드렸어요"", ""행사"", ""모임"", ""간식타임"", ""여럿이"", ""함께하는"", ""자리엔부드럽고"", ""달달한"", ""카야잼"", ""샌드위치가"", ""간식으로"", ""딱인"", ""맞춤"", ""수량"", ""픽업"", ""배달"", ""가능하니편하게""]","[""광주맛집"", ""광주샌드위치"", ""광산구맛집"", ""광산구샌드위치"", ""샌드위치맛집"", ""단체예약"", ""샌드위치"", ""샐러드"", ""포케"", ""컵과일"", ""런치박스"", ""답례품"", ""행사간식"", ""캔커피"", ""캔음료""]","[""하남샌드입니다"", ""저희의"", ""단체주문이"", ""들어왔어요"", ""달달한"", ""카야잼과"", ""부드러운"", ""에그마요가"", ""들어간"", ""샌드위치"", ""병원"", ""세미나"", ""간식으로"", ""하프"", ""샌드위치"", ""개로"", ""준비해드렸어요"", ""행사"", ""모임"", ""간식타임"", ""여럿이"", ""함께하는"", ""자리엔부드럽고"", ""달달한"", ""카야잼"", ""샌드위치가"", ""간식으로"", ""딱인"", ""맞춤"", ""수량"", ""픽업"", ""배달"", ""가능하니편하게"", ""광주맛집"", ""광주샌드위치"", ""광산구맛집"", ""광산구샌드위치"", ""샌드위치맛집"", ""단체예약"", ""샌드위치"", ""샐러드"", ""포케"", ""컵과일"", ""런치박스"", ""답례품"", ""행사간식"", ""캔커피"", ""캔음료""]"
https://www.instagram.com/p/DQDa_AEE1ZP/,"오늘의 식단🥗🥙(feat.엄마💓)보통 샐러드 먹을 때 올리브오일+소금+후추 조합으로 먹는데,집에 엄마가 새로사신 발사믹 있길래 올만에 먹어봤어요ㅎㅎ올만에 먹으니까 맛있어요😋올리브는 트레이더스껀데 안에 파프리카 모양이 넘 이쁜🌟어제부터 몸이 무겁더니 정직한 몸,,,마법시작🔮마법은 왜이리 빨리도 오는지,,,그래도 규칙적으로 하는거에 감사!살짝쿵 마법통+근육통 있어서 상태봐서 저녁에 운동가거나 아님 쉬어야겠어요🥹#식단 #식단추천 #식단관리 #식단일지 #식단공유 #다이어트 #다이어트식단 #샐러드 #eatclean #healthy #healthyfood #salade #salad #diet #dietfood #gym #gymmotivation #gymrat #nutrition #dietetique #dietetics",식단;식단추천;식단관리;식단일지;식단공유;다이어트;다이어트식단;샐러드;eatclean;healthy;healthyfood;salade;salad;diet;dietfood;gym;gymmotivation;gymrat;nutrition;dietetique;dietetics,오늘의 식단 엄마 보통 샐러드 먹을 때 올리브오일 소금 후추 조합으로 먹는데 집에 엄마가 새로사신 발사믹 있길래 올만에 먹어봤어요ㅎㅎ올만에 먹으니까 맛있어요 올리브는 트레이더스껀데 안에 파프리카 모양이 넘 이쁜 어제부터 몸이 무겁더니 정직한 몸 마법시작 마법은 왜이리 빨리도 오는지 그래도 규칙적으로 하는거에 감사 살짝쿵 마법통 근육통 있어서 상태봐서 저녁에 운동가거나 아님 쉬어야겠어요 #식단 #식단추천 #식단관리 #식단일지 #식단공유 #다이어트 #다이어트식단 #샐러드 # # # # # # # # # # # # #,"[""식단"", ""보통"", ""샐러드"", ""올리브오일"", ""소금"", ""후추"", ""조합으로"", ""먹는데"", ""엄마가"", ""새로사신"", ""발사믹"", ""있길래"", ""올만에"", ""먹어봤어요ㅎㅎ올만에"", ""먹으니까"", ""올리브는"", ""트레이더스껀데"", ""안에"", ""파프리카"", ""모양이"", ""이쁜"", ""어제부터"", ""몸이"", ""무겁더니"", ""정직한"", ""마법시작"", ""마법은"", ""왜이리"", ""빨리도"", ""오는지"", ""규칙적으로"", ""하는거에"", ""감사"", ""살짝쿵"", ""마법통"", ""근육통"", ""상태봐서"", ""저녁에"", ""운동가거나"", ""아님"", ""쉬어야겠어요""]","[""식단"", ""식단추천"", ""식단관리"", ""식단일지"", ""식단공유"", ""다이어트"", ""다이어트식단"", ""샐러드""]","[""식단"", ""보통"", ""샐러드"", ""올리브오일"", ""소금"", ""후추"", ""조합으로"", ""먹는데"", ""엄마가"", ""새로사신"", ""발사믹"", ""있길래"", ""올만에"", ""먹어봤어요ㅎㅎ올만에"", ""먹으니까"", ""올리브는"", ""트레이더스껀데"", ""안에"", ""파프리카"", ""모양이"", ""이쁜"", ""어제부터"", ""몸이"", ""무겁더니"", ""정직한"", ""마법시작"", ""마법은"", ""왜이리"", ""빨리도"", ""오는지"", ""규칙적으로"", ""하는거에"", ""감사"", ""살짝쿵"", ""마법통"", ""근육통"", ""상태봐서"", ""저녁에"", ""운동가거나"", ""아님"", ""쉬어야겠어요"", ""식단"", ""식단추천"", ""식단관리"", ""식단일지"", ""식단공유"", ""다이어트"", ""다이어트식단"", ""샐러드""]"
https://www.instagram.com/p/DQDjcp_E4W2/,"안녕하세요!배달 보온도시락&샐러드 전문업체 푸디스퀘어 입니다🍱【10.21중식 도시락 샐러드 메뉴🍴】👍푸디스퀘어를 선택하는 이유✔️매일 다른메뉴✔️기다림 없는 배송✔️탁월한 보온(4시간)✔️뒤처리(※샐러드는 수거 서비스가 지원되지않습니다)✏️사용 설명서✔️기업 전용 도시락&샐러드 배송 서비스✔️3명 이상의 인원부터 서비스가 이용가능✔️주 3~4회 주문을 기본✔️결제방식은 월 말 결제(후불결제)를 기본으로하며 매월 첫째 주 금요일에 결제를 진행⚠️도시락, 샐러드는 세트가 아닙니다.각각 따로 주문 가능합니다⚠️샐러드는 당일주문이 불가합니다⚠️📍연락처 010-9676-3990📍전화문의  월~금 7:00~17:00매일 인스타그램에서 메뉴 갱신중🍴 질문이나 문의사항은 인스타그램 DM 또는 연락처 로 연락주세요.오늘도 좋은 하루 보내십시오💫#맛스타 #맛스타그램 #맛있다 #푸드스타그램 #또먹고싶다 #맛집#오늘뭐먹지 #food#foodfic #instafood #도시락 #샐러드#salad #lunchbox #lunch #점심 #점심메뉴",맛스타;맛스타그램;맛있다;푸드스타그램;또먹고싶다;맛집;오늘뭐먹지;food;foodfic;instafood;도시락;샐러드;salad;lunchbox;lunch;점심;점심메뉴,안녕하세요 배달 보온도시락 샐러드 전문업체 푸디스퀘어 입니다 중식 도시락 샐러드 메뉴 푸디스퀘어를 선택하는 이유 매일 다른메뉴 기다림 없는 배송 탁월한 보온 시간 뒤처리 샐러드는 수거 서비스가 지원되지않습니다 사용 설명서 기업 전용 도시락 샐러드 배송 서비스 명 이상의 인원부터 서비스가 이용가능 주 회 주문을 기본 결제방식은 월 말 결제 후불결제 를 기본으로하며 매월 첫째 주 금요일에 결제를 진행 도시락 샐러드는 세트가 아닙니다 각각 따로 주문 가능합니다 샐러드는 당일주문이 불가합니다 연락처 전화문의 월 금 매일 인스타그램에서 메뉴 갱신중 질문이나 문의사항은 인스타그램 또는 연락처 로 연락주세요 오늘도 좋은 하루 보내십시오 #맛스타 #맛스타그램 #맛있다 #푸드스타그램 #또먹고싶다 #맛집#오늘뭐먹지 # # # #도시락 #샐러드# # # #점심 #점심메뉴,"[""배달"", ""보온도시락"", ""샐러드"", ""전문업체"", ""푸디스퀘어"", ""중식"", ""도시락"", ""샐러드"", ""푸디스퀘어를"", ""선택하는"", ""이유"", ""매일"", ""다른메뉴"", ""기다림"", ""배송"", ""탁월한"", ""보온"", ""시간"", ""뒤처리"", ""샐러드는"", ""수거"", ""지원되지않습니다"", ""사용"", ""설명서"", ""기업"", ""도시락"", ""샐러드"", ""배송"", ""서비스"", ""이상의"", ""인원부터"", ""이용가능"", ""주문을"", ""결제방식은"", ""결제"", ""후불결제"", ""기본으로하며"", ""매월"", ""첫째"", ""금요일에"", ""결제를"", ""도시락"", ""샐러드는"", ""세트가"", ""아닙니다"", ""주문"", ""샐러드는"", ""당일주문이"", ""불가합니다"", ""매일"", ""인스타그램에서"", ""갱신중"", ""질문이나"", ""문의사항은"", ""인스타그램"", ""연락주세요"", ""하루"", ""보내십시오""]","[""맛스타"", ""맛스타그램"", ""푸드스타그램"", ""또먹고싶다"", ""맛집"", ""오늘뭐먹지"", ""도시락"", ""샐러드"", ""점심"", ""점심메뉴""]","[""배달"", ""보온도시락"", ""샐러드"", ""전문업체"", ""푸디스퀘어"", ""중식"", ""도시락"", ""샐러드"", ""푸디스퀘어를"", ""선택하는"", ""이유"", ""매일"", ""다른메뉴"", ""기다림"", ""배송"", ""탁월한"", ""보온"", ""시간"", ""뒤처리"", ""샐러드는"", ""수거"", ""지원되지않습니다"", ""사용"", ""설명서"", ""기업"", ""도시락"", ""샐러드"", ""배송"", ""서비스"", ""이상의"", ""인원부터"", ""이용가능"", ""주문을"", ""결제방식은"", ""결제"", ""후불결제"", ""기본으로하며"", ""매월"", ""첫째"", ""금요일에"", ""결제를"", ""도시락"", ""샐러드는"", ""세트가"", ""아닙니다"", ""주문"", ""샐러드는"", ""당일주문이"", ""불가합니다"", ""매일"", ""인스타그램에서"", ""갱신중"", ""질문이나"", ""문의사항은"", ""인스타그램"", ""연락주세요"", ""하루"", ""보내십시오"", ""맛스타"", ""맛스타그램"", ""푸드스타그램"", ""또먹고싶다"", ""맛집"", ""오늘뭐먹지"", ""도시락"", ""샐러드"", ""점심"", ""점심메뉴""]"
https://www.instagram.com/p/DQIpwLfEvrM/,"🍽 동탄튼튼한방병원 항암면역식단오늘의 건강 한 끼✨몸과 마음이 회복될 수 있도록,면역력 향상에 도움을 주는 영양 밸런스로 준비했습니다.🥢 식단 구성#흑미밥 1/2#베테랑칼국수#갈비만두#꼬막살초무침#양파짱아찌#겉절이#참치무조림#샐러드#누룽지정성껏 준비한 따뜻한 식사 한 그릇이환자분들의 회복 여정에 든든한 힘이 되길 바랍니다 🌿💚 면역을 키우는 식사,건강을 돌보는 마음.동탄튼튼한방병원은 환자분의 회복을 함께합니다.-⭐상담/문의 : 카카오톡 @튼튼한방병원⭐📞1동탄점 : 1566-8375📞2동탄점 : 1566-8327📱입원문의(상담실) : 010-3213-8375-#동탄튼튼한방병원 #항암면역식단 #병원식단 #건강식단 #항암식단#면역식단 #웰빙식단 #힐링푸드 #한방면역치료 #환자식단 #영양밸런스#동탄한방병원 #동탄2튼튼한방병원 #동탄맛있는병원 #건강회복식",흑미밥;베테랑칼국수;갈비만두;꼬막살초무침;양파짱아찌;겉절이;참치무조림;샐러드;누룽지정성껏;동탄튼튼한방병원;항암면역식단;병원식단;건강식단;항암식단;면역식단;웰빙식단;힐링푸드;한방면역치료;환자식단;영양밸런스;동탄한방병원;동탄2튼튼한방병원;동탄맛있는병원;건강회복식,동탄튼튼한방병원 항암면역식단오늘의 건강 한 끼 몸과 마음이 회복될 수 있도록 면역력 향상에 도움을 주는 영양 밸런스로 준비했습니다 식단 구성#흑미밥 #베테랑칼국수#갈비만두#꼬막살초무침#양파짱아찌#겉절이#참치무조림#샐러드#누룽지정성껏 준비한 따뜻한 식사 한 그릇이환자분들의 회복 여정에 든든한 힘이 되길 바랍니다 면역을 키우는 식사 건강을 돌보는 마음 동탄튼튼한방병원은 환자분의 회복을 함께합니다 상담 문의 카카오톡 튼튼한방병원 동탄점 동탄점 입원문의 상담실 #동탄튼튼한방병원 #항암면역식단 #병원식단 #건강식단 #항암식단#면역식단 #웰빙식단 #힐링푸드 #한방면역치료 #환자식단 #영양밸런스#동탄한방병원 #동탄 튼튼한방병원 #동탄맛있는병원 #건강회복식,"[""동탄튼튼한방병원"", ""항암면역식단오늘의"", ""건강"", ""몸과"", ""회복될"", ""면역력"", ""향상에"", ""도움을"", ""주는"", ""영양"", ""밸런스로"", ""준비했습니다"", ""식단"", ""구성"", ""준비한"", ""따뜻한"", ""식사"", ""그릇이환자분들의"", ""회복"", ""여정에"", ""든든한"", ""힘이"", ""되길"", ""바랍니다"", ""면역을"", ""키우는"", ""식사"", ""돌보는"", ""마음"", ""동탄튼튼한방병원은"", ""환자분의"", ""회복을"", ""함께합니다"", ""상담"", ""카카오톡"", ""튼튼한방병원"", ""동탄점"", ""동탄점"", ""입원문의"", ""상담실"", ""튼튼한방병원""]","[""흑미밥"", ""베테랑칼국수"", ""갈비만두"", ""꼬막살초무침"", ""양파짱아찌"", ""겉절이"", ""참치무조림"", ""샐러드"", ""누룽지정성껏"", ""동탄튼튼한방병원"", ""항암면역식단"", ""병원식단"", ""건강식단"", ""항암식단"", ""면역식단"", ""웰빙식단"", ""힐링푸드"", ""한방면역치료"", ""환자식단"", ""영양밸런스"", ""동탄한방병원"", ""동탄"", ""튼튼한방병원"", ""동탄맛있는병원"", ""건강회복식""]","[""동탄튼튼한방병원"", ""항암면역식단오늘의"", ""건강"", ""몸과"", ""회복될"", ""면역력"", ""향상에"", ""도움을"", ""주는"", ""영양"", ""밸런스로"", ""준비했습니다"", ""식단"", ""구성"", ""준비한"", ""따뜻한"", ""식사"", ""그릇이환자분들의"", ""회복"", ""여정에"", ""든든한"", ""힘이"", ""되길"", ""바랍니다"", ""면역을"", ""키우는"", ""식사"", ""돌보는"", ""마음"", ""동탄튼튼한방병원은"", ""환자분의"", ""회복을"", ""함께합니다"", ""상담"", ""카카오톡"", ""튼튼한방병원"", ""동탄점"", ""동탄점"", ""입원문의"", ""상담실"", ""튼튼한방병원"", ""흑미밥"", ""베테랑칼국수"", ""갈비만두"", ""꼬막살초무침"", ""양파짱아찌"", ""겉절이"", ""참치무조림"", ""샐러드"", ""누룽지정성껏"", ""동탄튼튼한방병원"", ""항암면역식단"", ""병원식단"", ""건강식단"", ""항암식단"", ""면역식단"", ""웰빙식단"", ""힐링푸드"", ""한방면역치료"", ""환자식단"", ""영양밸런스"", ""동탄한방병원"", ""동탄"", ""튼튼한방병원"", ""동탄맛있는병원"", ""건강회복식""]"
https://www.instagram.com/p/DNDI3MvR_og/c/18394935610140717/,"요즘 식단 모음🏠(6일차 -3kg)도시락통 세개 챙겨야 하는 사람. 🙋🏻‍♀️운동복 오전 오후 두벌씩 챙겨야 하는 사람. 🙋🏻‍♀️🙋🏻‍♀️가방 결국 두개씩 들고 다니는 사람. 🙋🏻‍♀️🙋🏻‍♀️🙋🏻‍♀️매일 디저트 먹방만 주구장창 보다가 자는 사람. 🙋🏻‍♀️🙋🏻‍♀️🙋🏻‍♀️🙋🏻‍♀️1-2.@barudak_official 한입 닭가슴살 갈릭맛 저번에 대량으로 쟁여서 열심히 먹어주고 있는 식단러.한입 크기라 따로 자르지 않고 그냥 냅다 냉장 해동된 상태에서 에어프라이어에 넣으면 되어 너무 좋아요.밤호박도 아주 파근파근 렌지땡 해서 잘 싸들고 다닌답니다.3.@barudak_official 소스품은 닭가슴살이었는데,, 바프 찍는다고 소스를 없앤 극단녀. 근데 여전히 촉촉하고 은은하게 맛 나는 것이 이것만으로도 충분히 만족스러운 사람..✨ 저처럼 급하게 빼지 않을 거면 바르닭 소스맛집이니 꼭 같이 드세요. 그나저나 달달구리 고구마 먹으면 입터짐을 주체하지 못해서 고구마인 척 하는 홍감자를 사보았는데요. 요놈 아주 만족스럽답니다😘4-5.@barudak_official 어김없이 등장한 한입 닭가슴살 갈릭맛. 거기에 할미입맛력 물씬 오른 이 할미는 감자 팥 완두 층층이 쌓아 도시락으로도 들고 다닙니다. 진짜 포만감이 너무 커서 주말에 만들어 먹고 이거 회사 도시락으로 먹으면 딱이겠다 싶더라고요. 회사에서 맨날 뒤돌면 배고픈 사람인데, 이날 하루종일 배불렀다 중말. 식이섬유 많으니까 부담스럽지 않을 양만큼만 드세요. 콩순이들은 장건강 특히 필수✨6-7.@greenboyz.kr 그린보이즈 파스타 샐러드 버전은 파스타가 최애인 저희 아부지가 제일 사랑하세요. 시금치 페스토가 다른 가게들과 차별되면서, 고기와 파스타의 꿀조합을 만든달까🍝 저는 촉쵹쵹한 수비드 닭찌 샐러드가 최애예요. 세상 부드러워서 술술 넘어가고 양도 실한 것이 포만감 오래가요. 다이어트하면서 포만감이 제일 중요한 요즘🤤8-9. @cjcheiljedang The 더건강한 닭가슴살냉장닭찌 그대로 넣을 수 있어서 도시락 싸기 귀찮은 날 최선의 선택이에요. 주말에 헬스장 갔다가 당근 거래하러 아부지랑 가는 길에 또 야무지게 도시락 챙겨 갔드랍죠. ...사실 두달 열심히 하면 바프 준비할 수 있을 것 같은데, 당장 다음주에 방콕 여행을 가는 사람..🫠🇹🇭그래서 그런지 마음이 쪼꼼 더 급한 것 같아요. 이미 약속된 거 취소도 못하고 심지어 둘이 가서 나 혼자 닭을 먹겠다 하기에도 눈치 보이는 현실🥹 양조절하기로 하고, 대신 이번주 더 열심히 다이어트 해봅니다🐣오늘도 집에 가서 해야 할 일. 도시락 싸기. ...#바르닭 #바핏크루 #바르닭즈 #바르닭서포터즈 #닭가슴살 #콩순이 #팥 #팥앙금 #저당팥 #도시락 #밀프랩 #직장인도시락 #다이어트도시락 #다이어터 #바프식단 #식단 #식단일기 #다이어트 #다이어트식단 #다이어터 #직장인다이어트 #운동하는여자 #요리스타그램 #홈쿡 #집밥 #감자 #샐러드 #그린보이즈 #홍대맛집 #그린보이즈홍대점 #일상",바르닭;바핏크루;바르닭즈;바르닭서포터즈;닭가슴살;콩순이;팥;팥앙금;저당팥;도시락;밀프랩;직장인도시락;다이어트도시락;다이어터;바프식단;식단;식단일기;다이어트;다이어트식단;직장인다이어트;운동하는여자;요리스타그램;홈쿡;집밥;감자;샐러드;그린보이즈;홍대맛집;그린보이즈홍대점;일상,요즘 식단 모음 일차 도시락통 세개 챙겨야 하는 사람 운동복 오전 오후 두벌씩 챙겨야 하는 사람 가방 결국 두개씩 들고 다니는 사람 매일 디저트 먹방만 주구장창 보다가 자는 사람 한입 닭가슴살 갈릭맛 저번에 대량으로 쟁여서 열심히 먹어주고 있는 식단러 한입 크기라 따로 자르지 않고 그냥 냅다 냉장 해동된 상태에서 에어프라이어에 넣으면 되어 너무 좋아요 밤호박도 아주 파근파근 렌지땡 해서 잘 싸들고 다닌답니다 소스품은 닭가슴살이었는데 바프 찍는다고 소스를 없앤 극단녀 근데 여전히 촉촉하고 은은하게 맛 나는 것이 이것만으로도 충분히 만족스러운 사람 저처럼 급하게 빼지 않을 거면 바르닭 소스맛집이니 꼭 같이 드세요 그나저나 달달구리 고구마 먹으면 입터짐을 주체하지 못해서 고구마인 척 하는 홍감자를 사보았는데요 요놈 아주 만족스럽답니다 어김없이 등장한 한입 닭가슴살 갈릭맛 거기에 할미입맛력 물씬 오른 이 할미는 감자 팥 완두 층층이 쌓아 도시락으로도 들고 다닙니다 진짜 포만감이 너무 커서 주말에 만들어 먹고 이거 회사 도시락으로 먹으면 딱이겠다 싶더라고요 회사에서 맨날 뒤돌면 배고픈 사람인데 이날 하루종일 배불렀다 중말 식이섬유 많으니까 부담스럽지 않을 양만큼만 드세요 콩순이들은 장건강 특히 필수 그린보이즈 파스타 샐러드 버전은 파스타가 최애인 저희 아부지가 제일 사랑하세요 시금치 페스토가 다른 가게들과 차별되면서 고기와 파스타의 꿀조합을 만든달까 저는 촉쵹쵹한 수비드 닭찌 샐러드가 최애예요 세상 부드러워서 술술 넘어가고 양도 실한 것이 포만감 오래가요 다이어트하면서 포만감이 제일 중요한 요즘 더건강한 닭가슴살냉장닭찌 그대로 넣을 수 있어서 도시락 싸기 귀찮은 날 최선의 선택이에요 주말에 헬스장 갔다가 당근 거래하러 아부지랑 가는 길에 또 야무지게 도시락 챙겨 갔드랍죠 사실 두달 열심히 하면 바프 준비할 수 있을 것 같은데 당장 다음주에 방콕 여행을 가는 사람 그래서 그런지 마음이 쪼꼼 더 급한 것 같아요 이미 약속된 거 취소도 못하고 심지어 둘이 가서 나 혼자 닭을 먹겠다 하기에도 눈치 보이는 현실 양조절하기로 하고 대신 이번주 더 열심히 다이어트 해봅니다 오늘도 집에 가서 해야 할 일 도시락 싸기 #바르닭 #바핏크루 #바르닭즈 #바르닭서포터즈 #닭가슴살 #콩순이 #팥 #팥앙금 #저당팥 #도시락 #밀프랩 #직장인도시락 #다이어트도시락 #다이어터 #바프식단 #식단 #식단일기 #다이어트 #다이어트식단 #다이어터 #직장인다이어트 #운동하는여자 #요리스타그램 #홈쿡 #집밥 #감자 #샐러드 #그린보이즈 #홍대맛집 #그린보이즈홍대점 #일상,"[""식단"", ""모음"", ""일차"", ""도시락통"", ""세개"", ""챙겨야"", ""운동복"", ""오전"", ""오후"", ""두벌씩"", ""챙겨야"", ""가방"", ""결국"", ""두개씩"", ""들고"", ""다니는"", ""매일"", ""디저트"", ""먹방만"", ""주구장창"", ""보다가"", ""자는"", ""한입"", ""닭가슴살"", ""갈릭맛"", ""저번에"", ""대량으로"", ""쟁여서"", ""열심히"", ""먹어주고"", ""식단러"", ""한입"", ""크기라"", ""자르지"", ""않고"", ""냅다"", ""냉장"", ""해동된"", ""상태에서"", ""에어프라이어에"", ""넣으면"", ""밤호박도"", ""파근파근"", ""렌지땡"", ""싸들고"", ""다닌답니다"", ""소스품은"", ""닭가슴살이었는데"", ""바프"", ""찍는다고"", ""소스를"", ""없앤"", ""극단녀"", ""근데"", ""여전히"", ""촉촉하고"", ""은은하게"", ""나는"", ""것이"", ""이것만으로도"", ""충분히"", ""만족스러운"", ""저처럼"", ""급하게"", ""빼지"", ""않을"", ""거면"", ""바르닭"", ""소스맛집이니"", ""그나저나"", ""달달구리"", ""고구마"", ""입터짐을"", ""주체하지"", ""못해서"", ""고구마인"", ""홍감자를"", ""사보았는데요"", ""요놈"", ""만족스럽답니다"", ""어김없이"", ""등장한"", ""한입"", ""닭가슴살"", ""갈릭맛"", ""거기에"", ""할미입맛력"", ""물씬"", ""오른"", ""할미는"", ""감자"", ""완두"", ""층층이"", ""쌓아"", ""도시락으로도"", ""들고"", ""다닙니다"", ""포만감이"", ""커서"", ""만들어"", ""회사"", ""도시락으로"", ""딱이겠다"", ""싶더라고요"", ""회사에서"", ""맨날"", ""뒤돌면"", ""배고픈"", ""사람인데"", ""이날"", ""하루종일"", ""배불렀다"", ""중말"", ""식이섬유"", ""많으니까"", ""부담스럽지"", ""않을"", ""양만큼만"", ""콩순이들은"", ""장건강"", ""특히"", ""그린보이즈"", ""파스타"", ""샐러드"", ""버전은"", ""파스타가"", ""최애인"", ""저희"", ""아부지가"", ""사랑하세요"", ""시금치"", ""페스토가"", ""가게들과"", ""차별되면서"", ""고기와"", ""파스타의"", ""꿀조합을"", ""만든달까"", ""촉쵹쵹한"", ""수비드"", ""닭찌"", ""샐러드가"", ""최애예요"", ""세상"", ""부드러워서"", ""술술"", ""넘어가고"", ""양도"", ""실한"", ""것이"", ""포만감"", ""오래가요"", ""다이어트하면서"", ""포만감이"", ""중요한"", ""더건강한"", ""닭가슴살냉장닭찌"", ""넣을"", ""도시락"", ""싸기"", ""귀찮은"", ""최선의"", ""선택이에요"", ""헬스장"", ""갔다가"", ""당근"", ""거래하러"", ""아부지랑"", ""가는"", ""길에"", ""야무지게"", ""도시락"", ""갔드랍죠"", ""사실"", ""두달"", ""열심히"", ""하면"", ""바프"", ""준비할"", ""있을"", ""같은데"", ""당장"", ""다음주에"", ""방콕"", ""여행을"", ""가는"", ""쪼꼼"", ""급한"", ""이미"", ""약속된"", ""취소도"", ""못하고"", ""심지어"", ""둘이"", ""가서"", ""혼자"", ""닭을"", ""먹겠다"", ""하기에도"", ""눈치"", ""보이는"", ""현실"", ""양조절하기로"", ""대신"", ""이번주"", ""열심히"", ""다이어트"", ""해봅니다"", ""가서"", ""해야"", ""도시락"", ""싸기""]","[""바르닭"", ""바핏크루"", ""바르닭즈"", ""바르닭서포터즈"", ""닭가슴살"", ""콩순이"", ""팥앙금"", ""저당팥"", ""도시락"", ""밀프랩"", ""직장인도시락"", ""다이어트도시락"", ""다이어터"", ""바프식단"", ""식단"", ""식단일기"", ""다이어트"", ""다이어트식단"", ""직장인다이어트"", ""운동하는여자"", ""요리스타그램"", ""홈쿡"", ""집밥"", ""감자"", ""샐러드"", ""그린보이즈"", ""홍대맛집"", ""그린보이즈홍대점"", ""일상""]","[""식단"", ""모음"", ""일차"", ""도시락통"", ""세개"", ""챙겨야"", ""운동복"", ""오전"", ""오후"", ""두벌씩"", ""챙겨야"", ""가방"", ""결국"", ""두개씩"", ""들고"", ""다니는"", ""매일"", ""디저트"", ""먹방만"", ""주구장창"", ""보다가"", ""자는"", ""한입"", ""닭가슴살"", ""갈릭맛"", ""저번에"", ""대량으로"", ""쟁여서"", ""열심히"", ""먹어주고"", ""식단러"", ""한입"", ""크기라"", ""자르지"", ""않고"", ""냅다"", ""냉장"", ""해동된"", ""상태에서"", ""에어프라이어에"", ""넣으면"", ""밤호박도"", ""파근파근"", ""렌지땡"", ""싸들고"", ""다닌답니다"", ""소스품은"", ""닭가슴살이었는데"", ""바프"", ""찍는다고"", ""소스를"", ""없앤"", ""극단녀"", ""근데"", ""여전히"", ""촉촉하고"", ""은은하게"", ""나는"", ""것이"", ""이것만으로도"", ""충분히"", ""만족스러운"", ""저처럼"", ""급하게"", ""빼지"", ""않을"", ""거면"", ""바르닭"", ""소스맛집이니"", ""그나저나"", ""달달구리"", ""고구마"", ""입터짐을"", ""주체하지"", ""못해서"", ""고구마인"", ""홍감자를"", ""사보았는데요"", ""요놈"", ""만족스럽답니다"", ""어김없이"", ""등장한"", ""한입"", ""닭가슴살"", ""갈릭맛"", ""거기에"", ""할미입맛력"", ""물씬"", ""오른"", ""할미는"", ""감자"", ""완두"", ""층층이"", ""쌓아"", ""도시락으로도"", ""들고"", ""다닙니다"", ""포만감이"", ""커서"", ""만들어"", ""회사"", ""도시락으로"", ""딱이겠다"", ""싶더라고요"", ""회사에서"", ""맨날"", ""뒤돌면"", ""배고픈"", ""사람인데"", ""이날"", ""하루종일"", ""배불렀다"", ""중말"", ""식이섬유"", ""많으니까"", ""부담스럽지"", ""않을"", ""양만큼만"", ""콩순이들은"", ""장건강"", ""특히"", ""그린보이즈"", ""파스타"", ""샐러드"", ""버전은"", ""파스타가"", ""최애인"", ""저희"", ""아부지가"", ""사랑하세요"", ""시금치"", ""페스토가"", ""가게들과"", ""차별되면서"", ""고기와"", ""파스타의"", ""꿀조합을"", ""만든달까"", ""촉쵹쵹한"", ""수비드"", ""닭찌"", ""샐러드가"", ""최애예요"", ""세상"", ""부드러워서"", ""술술"", ""넘어가고"", ""양도"", ""실한"", ""것이"", ""포만감"", ""오래가요"", ""다이어트하면서"", ""포만감이"", ""중요한"", ""더건강한"", ""닭가슴살냉장닭찌"", ""넣을"", ""도시락"", ""싸기"", ""귀찮은"", ""최선의"", ""선택이에요"", ""헬스장"", ""갔다가"", ""당근"", ""거래하러"", ""아부지랑"", ""가는"", ""길에"", ""야무지게"", ""도시락"", ""갔드랍죠"", ""사실"", ""두달"", ""열심히"", ""하면"", ""바프"", ""준비할"", ""있을"", ""같은데"", ""당장"", ""다음주에"", ""방콕"", ""여행을"", ""가는"", ""쪼꼼"", ""급한"", ""이미"", ""약속된"", ""취소도"", ""못하고"", ""심지어"", ""둘이"", ""가서"", ""혼자"", ""닭을"", ""먹겠다"", ""하기에도"", ""눈치"", ""보이는"", ""현실"", ""양조절하기로"", ""대신"", ""이번주"", ""열심히"", ""다이어트"", ""해봅니다"", ""가서"", ""해야"", ""도시락"", ""싸기"", ""바르닭"", ""바핏크루"", ""바르닭즈"", ""바르닭서포터즈"", ""닭가슴살"", ""콩순이"", ""팥앙금"", ""저당팥"", ""도시락"", ""밀프랩"", ""직장인도시락"", ""다이어트도시락"", ""다이어터"", ""바프식단"", ""식단"", ""식단일기"", ""다이어트"", ""다이어트식단"", ""직장인다이어트"", ""운동하는여자"", ""요리스타그램"", ""홈쿡"", ""집밥"", ""감자"", ""샐러드"", ""그린보이즈"", ""홍대맛집"", ""그린보이즈홍대점"", ""일상""]"
https://www.instagram.com/p/DP5le9kAIdb/c/17902320630143622/,"✨선선한 계절, 입맛 살려줄 훈제란 꿀조합높아진 하늘, 선선한 바람🍂가을엔 마음도, 식탁도 가볍고 균형 잡히게 챙겨보세요!흥생농장 서포터즈들이직접 먹고 반한 훈제란 조합을 소개합니다!🙌🥣훈제란 + 마녀스프: 제철 채소로 만든 따뜻한 마녀스프에 훈제란 하나.속은 든든하게, 칼로리는 가볍게!🍗훈제란 + 닭가슴살: 단백질이 필요한 계절에도 걱정 없는 조합!건강한 몸을 위한 데일리 단백질 식단💪🥗훈제란 + 샐러드: 아삭한 채소에 훈제란 쏙!입맛 돋우는 가을 샐러드로 가볍고 산뜻하게🌿🥪훈제란 + 샌드위치: 고소한 빵 사이로 퍼지는 훈제향~가을 소풍 도시락 메뉴로도 찰떡이에요🍁#흥생농장 #흥생농장훈제란 #훈제란 #이벤트 #서포터즈 #식단 #일상공유 #흥생농장서포터즈 #흥생농장챌린지 #꿀조합 #마녀스프 #닭가슴살 #샐러드 #샌드위치",흥생농장;흥생농장훈제란;훈제란;이벤트;서포터즈;식단;일상공유;흥생농장서포터즈;흥생농장챌린지;꿀조합;마녀스프;닭가슴살;샐러드;샌드위치,선선한 계절 입맛 살려줄 훈제란 꿀조합높아진 하늘 선선한 바람 가을엔 마음도 식탁도 가볍고 균형 잡히게 챙겨보세요 흥생농장 서포터즈들이직접 먹고 반한 훈제란 조합을 소개합니다 훈제란 마녀스프 제철 채소로 만든 따뜻한 마녀스프에 훈제란 하나 속은 든든하게 칼로리는 가볍게 훈제란 닭가슴살 단백질이 필요한 계절에도 걱정 없는 조합 건강한 몸을 위한 데일리 단백질 식단 훈제란 샐러드 아삭한 채소에 훈제란 쏙 입맛 돋우는 가을 샐러드로 가볍고 산뜻하게 훈제란 샌드위치 고소한 빵 사이로 퍼지는 훈제향 가을 소풍 도시락 메뉴로도 찰떡이에요 #흥생농장 #흥생농장훈제란 #훈제란 #이벤트 #서포터즈 #식단 #일상공유 #흥생농장서포터즈 #흥생농장챌린지 #꿀조합 #마녀스프 #닭가슴살 #샐러드 #샌드위치,"[""선선한"", ""계절"", ""입맛"", ""살려줄"", ""훈제란"", ""꿀조합높아진"", ""하늘"", ""선선한"", ""바람"", ""가을엔"", ""마음도"", ""식탁도"", ""가볍고"", ""균형"", ""잡히게"", ""챙겨보세요"", ""흥생농장"", ""서포터즈들이직접"", ""반한"", ""훈제란"", ""조합을"", ""훈제란"", ""마녀스프"", ""제철"", ""채소로"", ""만든"", ""따뜻한"", ""마녀스프에"", ""훈제란"", ""속은"", ""든든하게"", ""칼로리는"", ""가볍게"", ""훈제란"", ""닭가슴살"", ""단백질이"", ""필요한"", ""계절에도"", ""걱정"", ""건강한"", ""몸을"", ""데일리"", ""단백질"", ""식단"", ""훈제란"", ""샐러드"", ""아삭한"", ""채소에"", ""훈제란"", ""입맛"", ""돋우는"", ""가을"", ""샐러드로"", ""가볍고"", ""산뜻하게"", ""훈제란"", ""샌드위치"", ""고소한"", ""사이로"", ""퍼지는"", ""훈제향"", ""가을"", ""소풍"", ""도시락"", ""메뉴로도"", ""찰떡이에요""]","[""흥생농장"", ""흥생농장훈제란"", ""훈제란"", ""이벤트"", ""서포터즈"", ""식단"", ""일상공유"", ""흥생농장서포터즈"", ""흥생농장챌린지"", ""꿀조합"", ""마녀스프"", ""닭가슴살"", ""샐러드"", ""샌드위치""]","[""선선한"", ""계절"", ""입맛"", ""살려줄"", ""훈제란"", ""꿀조합높아진"", ""하늘"", ""선선한"", ""바람"", ""가을엔"", ""마음도"", ""식탁도"", ""가볍고"", ""균형"", ""잡히게"", ""챙겨보세요"", ""흥생농장"", ""서포터즈들이직접"", ""반한"", ""훈제란"", ""조합을"", ""훈제란"", ""마녀스프"", ""제철"", ""채소로"", ""만든"", ""따뜻한"", ""마녀스프에"", ""훈제란"", ""속은"", ""든든하게"", ""칼로리는"", ""가볍게"", ""훈제란"", ""닭가슴살"", ""단백질이"", ""필요한"", ""계절에도"", ""걱정"", ""건강한"", ""몸을"", ""데일리"", ""단백질"", ""식단"", ""훈제란"", ""샐러드"", ""아삭한"", ""채소에"", ""훈제란"", ""입맛"", ""돋우는"", ""가을"", ""샐러드로"", ""가볍고"", ""산뜻하게"", ""훈제란"", ""샌드위치"", ""고소한"", ""사이로"", ""퍼지는"", ""훈제향"", ""가을"", ""소풍"", ""도시락"", ""메뉴로도"", ""찰떡이에요"", ""흥생농장"", ""흥생농장훈제란"", ""훈제란"", ""이벤트"", ""서포터즈"", ""식단"", ""일상공유"", ""흥생농장서포터즈"", ""흥생농장챌린지"", ""꿀조합"", ""마녀스프"", ""닭가슴살"", ""샐러드"", ""샌드위치""]"
https://www.instagram.com/p/DPM-1vwkqaz/,".진짜 올해 마지막 천도복숭아겠지 하며~~복숭아 1개 웻지로 잘라 버터 녹여 달군 팬에 복숭아를 굽다가 메이플시럽 1T넣고 달콤향긋하게 졸여내고복숭아 한가는 반은 웻지로 잘라 생으로~~나머지반은 레몬즙 1T, 꿀 1T, 화이트발사믹식초 1T, 소금 서너꼬집넣고 곱게 갈아 올리브오일 3T 넣고 한번 더 슬쩍 갈아 드레싱.와일드루꼴라, 구운복숭아와 생복숭아, 부라타치즈, 커피담다 @coffeedamda_ 견과류구이 한줌 슬쩍 다져 올리고 드레싱뿌려 맛있게~~...#집밥 #108호복숭아구이부라타치즈샐러드 #108호샐러드 #샐러드 #부라타치즈 #복숭아구이 #salad",집밥;108호복숭아구이부라타치즈샐러드;108호샐러드;샐러드;부라타치즈;복숭아구이;salad,진짜 올해 마지막 천도복숭아겠지 하며 복숭아 개 웻지로 잘라 버터 녹여 달군 팬에 복숭아를 굽다가 메이플시럽 넣고 달콤향긋하게 졸여내고복숭아 한가는 반은 웻지로 잘라 생으로 나머지반은 레몬즙 꿀 화이트발사믹식초 소금 서너꼬집넣고 곱게 갈아 올리브오일 넣고 한번 더 슬쩍 갈아 드레싱 와일드루꼴라 구운복숭아와 생복숭아 부라타치즈 커피담다 견과류구이 한줌 슬쩍 다져 올리고 드레싱뿌려 맛있게 #집밥 # 호복숭아구이부라타치즈샐러드 # 호샐러드 #샐러드 #부라타치즈 #복숭아구이 #,"[""올해"", ""마지막"", ""천도복숭아겠지"", ""하며"", ""복숭아"", ""웻지로"", ""버터"", ""녹여"", ""달군"", ""팬에"", ""복숭아를"", ""굽다가"", ""메이플시럽"", ""달콤향긋하게"", ""졸여내고복숭아"", ""한가는"", ""반은"", ""웻지로"", ""생으로"", ""나머지반은"", ""레몬즙"", ""화이트발사믹식초"", ""소금"", ""서너꼬집넣고"", ""곱게"", ""갈아"", ""올리브오일"", ""슬쩍"", ""갈아"", ""드레싱"", ""와일드루꼴라"", ""구운복숭아와"", ""생복숭아"", ""부라타치즈"", ""커피담다"", ""견과류구이"", ""한줌"", ""슬쩍"", ""다져"", ""드레싱뿌려"", ""호복숭아구이부라타치즈샐러드"", ""호샐러드""]","[""집밥"", ""호복숭아구이부라타치즈샐러드"", ""호샐러드"", ""샐러드"", ""부라타치즈"", ""복숭아구이""]","[""올해"", ""마지막"", ""천도복숭아겠지"", ""하며"", ""복숭아"", ""웻지로"", ""버터"", ""녹여"", ""달군"", ""팬에"", ""복숭아를"", ""굽다가"", ""메이플시럽"", ""달콤향긋하게"", ""졸여내고복숭아"", ""한가는"", ""반은"", ""웻지로"", ""생으로"", ""나머지반은"", ""레몬즙"", ""화이트발사믹식초"", ""소금"", ""서너꼬집넣고"", ""곱게"", ""갈아"", ""올리브오일"", ""슬쩍"", ""갈아"", ""드레싱"", ""와일드루꼴라"", ""구운복숭아와"", ""생복숭아"", ""부라타치즈"", ""커피담다"", ""견과류구이"", ""한줌"", ""슬쩍"", ""다져"", ""드레싱뿌려"", ""호복숭아구이부라타치즈샐러드"", ""호샐러드"", ""집밥"", ""호복숭아구이부라타치즈샐러드"", ""호샐러드"", ""샐러드"", ""부라타치즈"", ""복숭아구이""]"
https://www.instagram.com/p/DQGdBYBkjPJ/,"#협찬근처 운동인&다이어터 분들에겐 이미 유명한다이어트식 맛집 짐키친 다녀왔어요이게 다이어트식 이라고? 싶을정도로플레이팅도 너무 이쁘고 맛도 진짜 일반식과 비교해도절대 떨어지는 맛이 아니랍니다✔️주문메뉴🥩비프스테이크 13,000원 / 452KCAL스테이크 양도 적당하고 너무 맛있어요강황밥이랑 신선한 야채와 부드러운 수비드 스테이크 조합이 너무 잘 어울리고🦐해산물토마토파스타 12,000원 /327KCAL토마토 파스타 소스가 진짜 너무 맛있어서완전 싹 비웠답니다유산균도 챙겨주는 센스와 친절하고 깔끔하고 맛있어서자주방문할꺼같아요(🙌운동인은 할인도 된데요)짐키친 서면점📍부산광역시 부산진구 전포동 692-2 1층 짐키친 🕖 매일 11:00-22:00📞 0507-1344-8974🍳 포장, 배달, 단체, 무선인터넷, 간편결제, 주차, 반려동물 동반가능🏆🏆부산진구 맛집랭킹 4년연속 1위🏆🏆2023 kcia 소비자산업평가 1위2023 klca 소비자산업평가 1위2024 kcia 소비자산업평가 1위2024 klca 소비자산업평가 1위2025 kcia 소비자산업평가 1위2025 kcia 소비자산업평가 외식업 1위@gymkitchen_seomyeon#서면샐러드 #서면헬스 #다이어트 #식단#샐러드 #서면맛집 #서면운동 #서면데이트#전포동샐러드#다이어트식단",협찬근처;서면샐러드;서면헬스;다이어트;식단;샐러드;서면맛집;서면운동;서면데이트;전포동샐러드;다이어트식단,#협찬근처 운동인 다이어터 분들에겐 이미 유명한다이어트식 맛집 짐키친 다녀왔어요이게 다이어트식 이라고 싶을정도로플레이팅도 너무 이쁘고 맛도 진짜 일반식과 비교해도절대 떨어지는 맛이 아니랍니다 주문메뉴 비프스테이크 원 스테이크 양도 적당하고 너무 맛있어요강황밥이랑 신선한 야채와 부드러운 수비드 스테이크 조합이 너무 잘 어울리고 해산물토마토파스타 원 토마토 파스타 소스가 진짜 너무 맛있어서완전 싹 비웠답니다유산균도 챙겨주는 센스와 친절하고 깔끔하고 맛있어서자주방문할꺼같아요 운동인은 할인도 된데요 짐키친 서면점 부산광역시 부산진구 전포동 층 짐키친 매일 포장 배달 단체 무선인터넷 간편결제 주차 반려동물 동반가능 부산진구 맛집랭킹 년연속 위 소비자산업평가 위 소비자산업평가 위 소비자산업평가 위 소비자산업평가 위 소비자산업평가 위 소비자산업평가 외식업 위 #서면샐러드 #서면헬스 #다이어트 #식단#샐러드 #서면맛집 #서면운동 #서면데이트#전포동샐러드#다이어트식단,"[""운동인"", ""다이어터"", ""분들에겐"", ""이미"", ""유명한다이어트식"", ""맛집"", ""짐키친"", ""다녀왔어요이게"", ""다이어트식"", ""이라고"", ""싶을정도로플레이팅도"", ""이쁘고"", ""맛도"", ""일반식과"", ""비교해도절대"", ""떨어지는"", ""아니랍니다"", ""주문메뉴"", ""비프스테이크"", ""스테이크"", ""양도"", ""적당하고"", ""맛있어요강황밥이랑"", ""신선한"", ""야채와"", ""부드러운"", ""수비드"", ""스테이크"", ""조합이"", ""어울리고"", ""해산물토마토파스타"", ""토마토"", ""파스타"", ""소스가"", ""맛있어서완전"", ""비웠답니다유산균도"", ""챙겨주는"", ""센스와"", ""친절하고"", ""깔끔하고"", ""맛있어서자주방문할꺼같아요"", ""운동인은"", ""할인도"", ""된데요"", ""짐키친"", ""서면점"", ""부산광역시"", ""부산진구"", ""전포동"", ""짐키친"", ""매일"", ""포장"", ""배달"", ""무선인터넷"", ""간편결제"", ""반려동물"", ""동반가능"", ""부산진구"", ""맛집랭킹"", ""년연속"", ""소비자산업평가"", ""소비자산업평가"", ""소비자산업평가"", ""소비자산업평가"", ""소비자산업평가"", ""소비자산업평가"", ""외식업""]","[""협찬근처"", ""서면샐러드"", ""서면헬스"", ""다이어트"", ""식단"", ""샐러드"", ""서면맛집"", ""서면운동"", ""서면데이트"", ""전포동샐러드"", ""다이어트식단""]","[""운동인"", ""다이어터"", ""분들에겐"", ""이미"", ""유명한다이어트식"", ""맛집"", ""짐키친"", ""다녀왔어요이게"", ""다이어트식"", ""이라고"", ""싶을정도로플레이팅도"", ""이쁘고"", ""맛도"", ""일반식과"", ""비교해도절대"", ""떨어지는"", ""아니랍니다"", ""주문메뉴"", ""비프스테이크"", ""스테이크"", ""양도"", ""적당하고"", ""맛있어요강황밥이랑"", ""신선한"", ""야채와"", ""부드러운"", ""수비드"", ""스테이크"", ""조합이"", ""어울리고"", ""해산물토마토파스타"", ""토마토"", ""파스타"", ""소스가"", ""맛있어서완전"", ""비웠답니다유산균도"", ""챙겨주는"", ""센스와"", ""친절하고"", ""깔끔하고"", ""맛있어서자주방문할꺼같아요"", ""운동인은"", ""할인도"", ""된데요"", ""짐키친"", ""서면점"", ""부산광역시"", ""부산진구"", ""전포동"", ""짐키친"", ""매일"", ""포장"", ""배달"", ""무선인터넷"", ""간편결제"", ""반려동물"", ""동반가능"", ""부산진구"", ""맛집랭킹"", ""년연속"", ""소비자산업평가"", ""소비자산업평가"", ""소비자산업평가"", ""소비자산업평가"", ""소비자산업평가"", ""소비자산업평가"", ""외식업"", ""협찬근처"", ""서면샐러드"", ""서면헬스"", ""다이어트"", ""식단"", ""샐러드"", ""서면맛집"", ""서면운동"", ""서면데이트"", ""전포동샐러드"", ""다이어트식단""]"
https://www.instagram.com/p/DP81zCik_dU/c/18132117892475310/,"메종 무슈 <유러피안 테이블(가정식)>은 ‘유럽 빵을 중심으로 식사를 디자인하는 클래스’입니다.새로이 개선된 <유러피안 테이블(가정식)> 정규반 세부 메뉴 라인업 소개 드립니다. 다양한 유러피안 요리 라인업의 활용성과 응용력을 통해 매장의 변화를 도모해보세요.✅ 클래스 요리 라인업 (총 35종)✔️ 수프 7종✔️ 샐러드 4종✔️ 샌드위치 7종✔️ 디핑 소스 & 스프레드 9종✔️ 브런치 & 파스타 8종*클래스에 대한 자세한 내용과 문의 및 신청은 프로필 링크의 블로그 공지글 참고 바랍니다.빵을 주인공으로 만들어주는 요리 구성력을 훈련합니다.특별한 장비 없이, 익숙한 재료를 유럽 감성으로 변주하는 법을 배웁니다.나의 매장에 맞는 방식으로 직접 시도하고, 조합하고, 응용할 수 있게 도와 드립니다.여러분만의 ‘유러피안 마르쉐’를 만들어보세요. 고맙습니다.Being Myself Food '나다움' 요리, 메종 무슈",,메종 무슈 유러피안 테이블 가정식 은 유럽 빵을 중심으로 식사를 디자인하는 클래스 입니다 새로이 개선된 유러피안 테이블 가정식 정규반 세부 메뉴 라인업 소개 드립니다 다양한 유러피안 요리 라인업의 활용성과 응용력을 통해 매장의 변화를 도모해보세요 클래스 요리 라인업 총 종 수프 종 샐러드 종 샌드위치 종 디핑 소스 스프레드 종 브런치 파스타 종 클래스에 대한 자세한 내용과 문의 및 신청은 프로필 링크의 블로그 공지글 참고 바랍니다 빵을 주인공으로 만들어주는 요리 구성력을 훈련합니다 특별한 장비 없이 익숙한 재료를 유럽 감성으로 변주하는 법을 배웁니다 나의 매장에 맞는 방식으로 직접 시도하고 조합하고 응용할 수 있게 도와 드립니다 여러분만의 유러피안 마르쉐 를 만들어보세요 고맙습니다 나다움 요리 메종 무슈,"[""메종"", ""무슈"", ""유러피안"", ""가정식"", ""유럽"", ""빵을"", ""중심으로"", ""디자인하는"", ""클래스"", ""새로이"", ""개선된"", ""유러피안"", ""가정식"", ""정규반"", ""세부"", ""라인업"", ""소개"", ""드립니다"", ""다양한"", ""유러피안"", ""요리"", ""라인업의"", ""활용성과"", ""응용력을"", ""통해"", ""매장의"", ""변화를"", ""도모해보세요"", ""클래스"", ""요리"", ""라인업"", ""수프"", ""샐러드"", ""샌드위치"", ""디핑"", ""소스"", ""스프레드"", ""브런치"", ""파스타"", ""클래스에"", ""대한"", ""자세한"", ""내용과"", ""신청은"", ""링크의"", ""블로그"", ""공지글"", ""참고"", ""바랍니다"", ""빵을"", ""주인공으로"", ""만들어주는"", ""요리"", ""구성력을"", ""훈련합니다"", ""장비"", ""익숙한"", ""재료를"", ""유럽"", ""감성으로"", ""변주하는"", ""법을"", ""배웁니다"", ""나의"", ""매장에"", ""맞는"", ""방식으로"", ""시도하고"", ""조합하고"", ""응용할"", ""있게"", ""도와"", ""드립니다"", ""여러분만의"", ""유러피안"", ""마르쉐"", ""만들어보세요"", ""고맙습니다"", ""나다움"", ""요리"", ""메종"", ""무슈""]","[""메종"", ""무슈"", ""유러피안"", ""가정식"", ""유럽"", ""빵을"", ""중심으로"", ""디자인하는"", ""클래스"", ""새로이"", ""개선된"", ""유러피안"", ""가정식"", ""정규반"", ""세부"", ""라인업"", ""소개"", ""드립니다"", ""다양한"", ""유러피안"", ""요리"", ""라인업의"", ""활용성과"", ""응용력을"", ""통해"", ""매장의"", ""변화를"", ""도모해보세요"", ""클래스"", ""요리"", ""라인업"", ""수프"", ""샐러드"", ""샌드위치"", ""디핑"", ""소스"", ""스프레드"", ""브런치"", ""파스타"", ""클래스에"", ""대한"", ""자세한"", ""내용과"", ""신청은"", ""링크의"", ""블로그"", ""공지글"", ""참고"", ""바랍니다"", ""빵을"", ""주인공으로"", ""만들어주는"", ""요리"", ""구성력을"", ""훈련합니다"", ""장비"", ""익숙한"", ""재료를"", ""유럽"", ""감성으로"", ""변주하는"", ""법을"", ""배웁니다"", ""나의"", ""매장에"", ""맞는"", ""방식으로"", ""시도하고"", ""조합하고"", ""응용할"", ""있게"", ""도와"", ""드립니다"", ""여러분만의"", ""유러피안"", ""마르쉐"", ""만들어보세요"", ""고맙습니다"", ""나다움"", ""요리"", ""메종"", ""무슈""]","[""메종"", ""무슈"", ""유러피안"", ""가정식"", ""유럽"", ""빵을"", ""중심으로"", ""디자인하는"", ""클래스"", ""새로이"", ""개선된"", ""유러피안"", ""가정식"", ""정규반"", ""세부"", ""라인업"", ""소개"", ""드립니다"", ""다양한"", ""유러피안"", ""요리"", ""라인업의"", ""활용성과"", ""응용력을"", ""통해"", ""매장의"", ""변화를"", ""도모해보세요"", ""클래스"", ""요리"", ""라인업"", ""수프"", ""샐러드"", ""샌드위치"", ""디핑"", ""소스"", ""스프레드"", ""브런치"", ""파스타"", ""클래스에"", ""대한"", ""자세한"", ""내용과"", ""신청은"", ""링크의"", ""블로그"", ""공지글"", ""참고"", ""바랍니다"", ""빵을"", ""주인공으로"", ""만들어주는"", ""요리"", ""구성력을"", ""훈련합니다"", ""장비"", ""익숙한"", ""재료를"", ""유럽"", ""감성으로"", ""변주하는"", ""법을"", ""배웁니다"", ""나의"", ""매장에"", ""맞는"", ""방식으로"", ""시도하고"", ""조합하고"", ""응용할"", ""있게"", ""도와"", ""드립니다"", ""여러분만의"", ""유러피안"", ""마르쉐"", ""만들어보세요"", ""고맙습니다"", ""나다움"", ""요리"", ""메종"", ""무슈"", ""메종"", ""무슈"", ""유러피안"", ""가정식"", ""유럽"", ""빵을"", ""중심으로"", ""디자인하는"", ""클래스"", ""새로이"", ""개선된"", ""유러피안"", ""가정식"", ""정규반"", ""세부"", ""라인업"", ""소개"", ""드립니다"", ""다양한"", ""유러피안"", ""요리"", ""라인업의"", ""활용성과"", ""응용력을"", ""통해"", ""매장의"", ""변화를"", ""도모해보세요"", ""클래스"", ""요리"", ""라인업"", ""수프"", ""샐러드"", ""샌드위치"", ""디핑"", ""소스"", ""스프레드"", ""브런치"", ""파스타"", ""클래스에"", ""대한"", ""자세한"", ""내용과"", ""신청은"", ""링크의"", ""블로그"", ""공지글"", ""참고"", ""바랍니다"", ""빵을"", ""주인공으로"", ""만들어주는"", ""요리"", ""구성력을"", ""훈련합니다"", ""장비"", ""익숙한"", ""재료를"", ""유럽"", ""감성으로"", ""변주하는"", ""법을"", ""배웁니다"", ""나의"", ""매장에"", ""맞는"", ""방식으로"", ""시도하고"", ""조합하고"", ""응용할"", ""있게"", ""도와"", ""드립니다"", ""여러분만의"", ""유러피안"", ""마르쉐"", ""만들어보세요"", ""고맙습니다"", ""나다움"", ""요리"", ""메종"", ""무슈""]"
https://www.instagram.com/p/DO0kktzkTAj/c/18071438614928322/,#집밥주말엔 먹고 또 먹고하루종일 먹부림..🐷⠀⠀⠀⠀⠀#온더테이블 #신혼집 #한식 #가정식 #플레이팅 #식단 #반찬 #돈까스 #계란찜 #요리 #집밥메뉴,집밥주말엔;온더테이블;신혼집;한식;가정식;플레이팅;식단;반찬;돈까스;계란찜;요리;집밥메뉴,#집밥주말엔 먹고 또 먹고하루종일 먹부림 #온더테이블 #신혼집 #한식 #가정식 #플레이팅 #식단 #반찬 #돈까스 #계란찜 #요리 #집밥메뉴,"[""먹고하루종일"", ""먹부림""]","[""집밥주말엔"", ""온더테이블"", ""신혼집"", ""한식"", ""가정식"", ""플레이팅"", ""식단"", ""반찬"", ""돈까스"", ""계란찜"", ""요리"", ""집밥메뉴""]","[""먹고하루종일"", ""먹부림"", ""집밥주말엔"", ""온더테이블"", ""신혼집"", ""한식"", ""가정식"", ""플레이팅"", ""식단"", ""반찬"", ""돈까스"", ""계란찜"", ""요리"", ""집밥메뉴""]"
https://www.instagram.com/p/DQFrhJWk_k_/,10.22  점심메뉴입니다. 석식메뉴도 밑에 있습니다. 이번주는 매일매일 맛있는거같죠 ㅎ#부대찌개#함박스테이크#떡볶이#메추리알장조림#숙주나물#샐러드석식입니다.#돼지국밥#너비아니#코다리조림#샐러드..#논현1647#논현역점심#신사역점심#논현맛집#신사맛집#신사저녁#논현저녁#논현밥집#신사밥집#단체회식#소모임#한식뷔페#강남구내식당#직장인점심#집밥이최고#위생등급 매우우수업체#백반맛집,부대찌개;함박스테이크;떡볶이;메추리알장조림;숙주나물;샐러드;돼지국밥;너비아니;코다리조림;논현1647;논현역점심;신사역점심;논현맛집;신사맛집;신사저녁;논현저녁;논현밥집;신사밥집;단체회식;소모임;한식뷔페;강남구내식당;직장인점심;집밥이최고;위생등급;백반맛집,점심메뉴입니다 석식메뉴도 밑에 있습니다 이번주는 매일매일 맛있는거같죠 ㅎ#부대찌개#함박스테이크#떡볶이#메추리알장조림#숙주나물#샐러드석식입니다 #돼지국밥#너비아니#코다리조림#샐러드 #논현 #논현역점심#신사역점심#논현맛집#신사맛집#신사저녁#논현저녁#논현밥집#신사밥집#단체회식#소모임#한식뷔페#강남구내식당#직장인점심#집밥이최고#위생등급 매우우수업체#백반맛집,"[""점심메뉴입니다"", ""석식메뉴도"", ""밑에"", ""이번주는"", ""매일매일"", ""맛있는거같죠"", ""매우우수업체""]","[""부대찌개"", ""함박스테이크"", ""떡볶이"", ""메추리알장조림"", ""숙주나물"", ""샐러드"", ""돼지국밥"", ""너비아니"", ""코다리조림"", ""논현"", ""논현역점심"", ""신사역점심"", ""논현맛집"", ""신사맛집"", ""신사저녁"", ""논현저녁"", ""논현밥집"", ""신사밥집"", ""단체회식"", ""소모임"", ""한식뷔페"", ""강남구내식당"", ""직장인점심"", ""집밥이최고"", ""위생등급"", ""백반맛집""]","[""점심메뉴입니다"", ""석식메뉴도"", ""밑에"", ""이번주는"", ""매일매일"", ""맛있는거같죠"", ""매우우수업체"", ""부대찌개"", ""함박스테이크"", ""떡볶이"", ""메추리알장조림"", ""숙주나물"", ""샐러드"", ""돼지국밥"", ""너비아니"", ""코다리조림"", ""논현"", ""논현역점심"", ""신사역점심"", ""논현맛집"", ""신사맛집"", ""신사저녁"", ""논현저녁"", ""논현밥집"", ""신사밥집"", ""단체회식"", ""소모임"", ""한식뷔페"", ""강남구내식당"", ""직장인점심"", ""집밥이최고"", ""위생등급"", ""백반맛집""]"
https://www.instagram.com/p/DLOyR9zTAeN/,ㄷㄷㄷㄷㄷㄷ 이게 적자가 나네..#샐러드 #배달 #이슈 #화제 #돈 #가격 #수수료,샐러드;배달;이슈;화제;돈;가격;수수료,ㄷㄷㄷㄷㄷㄷ 이게 적자가 나네 #샐러드 #배달 #이슈 #화제 #돈 #가격 #수수료,"[""ㄷㄷㄷㄷㄷㄷ"", ""이게"", ""적자가"", ""나네""]","[""샐러드"", ""배달"", ""이슈"", ""화제"", ""수수료""]","[""ㄷㄷㄷㄷㄷㄷ"", ""이게"", ""적자가"", ""나네"", ""샐러드"", ""배달"", ""이슈"", ""화제"", ""수수료""]"
https://www.instagram.com/p/DOcqJ3EkQnA/,아니 너무 푸짐하잖앜ㅋㅋㅋㅋㅋㅋㅋㅋㅋㅋㅋ..@zzal.zup..#다이어트 #식단관리 #식단스타그램 #샐러드 #닭고야 #닭가슴살 #코끼리 #살크업 #돼지파티 #식단일기,다이어트;식단관리;식단스타그램;샐러드;닭고야;닭가슴살;코끼리;살크업;돼지파티;식단일기,아니 너무 푸짐하잖앜ㅋㅋㅋㅋㅋㅋㅋㅋㅋㅋㅋ #다이어트 #식단관리 #식단스타그램 #샐러드 #닭고야 #닭가슴살 #코끼리 #살크업 #돼지파티 #식단일기,"[""아니"", ""푸짐하잖앜ㅋㅋㅋㅋㅋㅋㅋㅋㅋㅋㅋ""]","[""다이어트"", ""식단관리"", ""식단스타그램"", ""샐러드"", ""닭고야"", ""닭가슴살"", ""코끼리"", ""살크업"", ""돼지파티"", ""식단일기""]","[""아니"", ""푸짐하잖앜ㅋㅋㅋㅋㅋㅋㅋㅋㅋㅋㅋ"", ""다이어트"", ""식단관리"", ""식단스타그램"", ""샐러드"", ""닭고야"", ""닭가슴살"", ""코끼리"", ""살크업"", ""돼지파티"", ""식단일기""]"
https://www.instagram.com/p/DNauR7nISWC/c/17940553515044568/,"샐러디 가격 내린다고요?👉🏻 @saladykorea샐러드·포케 전문 브랜드 샐러디가 8월 19일부터 일부 메뉴 가격을 낮춥니다.노릇노릇두부 포케볼은 9,200원 → 8,900원, 메밀면볼은 5,500원 → 5,000원, 바질파스타볼은 파스타면이 15g 늘어났지만 5,000원으로 더 가볍게 만나볼 수 있습니다.원재료와 운영 효율을 높여, 고물가 시대에도 건강하고 맛있는 한 끼를 더 부담 없이 즐길 수 있도록 한 건데요.바쁜 하루 속 가볍지만 든든하게, 다이어트 중에도 맛있게 먹을 수 있는 선택지라 더욱 반갑습니다. 샐러드를 사랑하는 분들이라면 꼭 기억해두세요.💚👩🏻‍💻 서이현📸 샐러디(SALADY), saladykorea",,샐러디 가격 내린다고요 샐러드 포케 전문 브랜드 샐러디가 월 일부터 일부 메뉴 가격을 낮춥니다 노릇노릇두부 포케볼은 원 원 메밀면볼은 원 원 바질파스타볼은 파스타면이 늘어났지만 원으로 더 가볍게 만나볼 수 있습니다 원재료와 운영 효율을 높여 고물가 시대에도 건강하고 맛있는 한 끼를 더 부담 없이 즐길 수 있도록 한 건데요 바쁜 하루 속 가볍지만 든든하게 다이어트 중에도 맛있게 먹을 수 있는 선택지라 더욱 반갑습니다 샐러드를 사랑하는 분들이라면 꼭 기억해두세요 서이현 샐러디,"[""샐러디"", ""내린다고요"", ""샐러드"", ""포케"", ""전문"", ""샐러디가"", ""일부터"", ""일부"", ""가격을"", ""낮춥니다"", ""노릇노릇두부"", ""포케볼은"", ""메밀면볼은"", ""바질파스타볼은"", ""파스타면이"", ""늘어났지만"", ""원으로"", ""가볍게"", ""만나볼"", ""원재료와"", ""운영"", ""효율을"", ""높여"", ""고물가"", ""시대에도"", ""건강하고"", ""부담"", ""건데요"", ""바쁜"", ""하루"", ""가볍지만"", ""든든하게"", ""다이어트"", ""중에도"", ""선택지라"", ""반갑습니다"", ""샐러드를"", ""사랑하는"", ""분들이라면"", ""기억해두세요"", ""서이현"", ""샐러디""]","[""샐러디"", ""내린다고요"", ""샐러드"", ""포케"", ""전문"", ""샐러디가"", ""일부터"", ""일부"", ""가격을"", ""낮춥니다"", ""노릇노릇두부"", ""포케볼은"", ""메밀면볼은"", ""바질파스타볼은"", ""파스타면이"", ""늘어났지만"", ""원으로"", ""가볍게"", ""만나볼"", ""원재료와"", ""운영"", ""효율을"", ""높여"", ""고물가"", ""시대에도"", ""건강하고"", ""부담"", ""건데요"", ""바쁜"", ""하루"", ""가볍지만"", ""든든하게"", ""다이어트"", ""중에도"", ""선택지라"", ""반갑습니다"", ""샐러드를"", ""사랑하는"", ""분들이라면"", ""기억해두세요"", ""서이현"", ""샐러디""]","[""샐러디"", ""내린다고요"", ""샐러드"", ""포케"", ""전문"", ""샐러디가"", ""일부터"", ""일부"", ""가격을"", ""낮춥니다"", ""노릇노릇두부"", ""포케볼은"", ""메밀면볼은"", ""바질파스타볼은"", ""파스타면이"", ""늘어났지만"", ""원으로"", ""가볍게"", ""만나볼"", ""원재료와"", ""운영"", ""효율을"", ""높여"", ""고물가"", ""시대에도"", ""건강하고"", ""부담"", ""건데요"", ""바쁜"", ""하루"", ""가볍지만"", ""든든하게"", ""다이어트"", ""중에도"", ""선택지라"", ""반갑습니다"", ""샐러드를"", ""사랑하는"", ""분들이라면"", ""기억해두세요"", ""서이현"", ""샐러디"", ""샐러디"", ""내린다고요"", ""샐러드"", ""포케"", ""전문"", ""샐러디가"", ""일부터"", ""일부"", ""가격을"", ""낮춥니다"", ""노릇노릇두부"", ""포케볼은"", ""메밀면볼은"", ""바질파스타볼은"", ""파스타면이"", ""늘어났지만"", ""원으로"", ""가볍게"", ""만나볼"", ""원재료와"", ""운영"", ""효율을"", ""높여"", ""고물가"", ""시대에도"", ""건강하고"", ""부담"", ""건데요"", ""바쁜"", ""하루"", ""가볍지만"", ""든든하게"", ""다이어트"", ""중에도"", ""선택지라"", ""반갑습니다"", ""샐러드를"", ""사랑하는"", ""분들이라면"", ""기억해두세요"", ""서이현"", ""샐러디""]"
https://www.instagram.com/p/DMhd_rIRMkF/,"#협찬 #제품제공 #포켓샐러드⠀🥗 요즘처럼 더운 날엔, 간편하고 시원하게 샐러드 한 팩!⠀애기낳고 빠진다던 살..육퇴 후 야식을 포기못해서 만삭 때 몸무게 바라보고 있는 거...저만 그런거 아니죠🥲 .ᐣ다이어트는 해야겠는데 이왕 먹을 거맛있고 다양하게 먹으면 좋잖아요 🥬하루 한 끼, 가볍게 ! 냉장고에 포켓샐러드만 있으면 걱정 없어요✨⠀종류가 너무 다양해서 고르기도 힘들었는데너무 맛있어서 다른 종류도 또 먹어보려구요…🤤🌽그릴닭가슴살볼 샐러드 옥수수톡➜ 탱글한 닭가슴살볼 + 톡톡 씹히는 옥수수 + 크런치 토핑 = 💛🧄 갈릭페퍼 로스트 닭다리살 샐러드➜ 로스트 치킨에 적당히 매콤한 소스까지 완전 요리가 따로 없어요 😋🐔 케이준 치킨텐더 샐러드➜ 클래식 그 자체, 치킨텐더에 신선한 샐러드는 말할 것도 없는 찰떡궁합 👏⠀📦 날짜 맞춰서 배송되니까 더운날에도 걱정없어요🧊 진공포장으로 며칠 보관해도 신선함 그대로 ꔛ🧀 토핑은 개별포장되어 위생적이라 좋아요⠀📍 포켓샐러드 공식 홈페이지 신규 가입 시첫 구매 버라이어티 4팩 19,900원!📍 첫 정기배송 신청 시 30,000원 쿠폰팩도 발급 중🎁⠀미루기만 했던 다이어트, 건강하고 간편한데맛있기까지 한 #포켓샐러드 어떠세요? 😋⠀Thanks to @pocketsalad_official#샐러드추천 #다이어트식단 #샐러드 #포켓샐러드정기배송 #포켓샐러드추천 #다이어트샐러드 #샐러드정기배송 #진공포장샐러드",협찬;제품제공;포켓샐러드;샐러드추천;다이어트식단;샐러드;포켓샐러드정기배송;포켓샐러드추천;다이어트샐러드;샐러드정기배송;진공포장샐러드,#협찬 #제품제공 #포켓샐러드 요즘처럼 더운 날엔 간편하고 시원하게 샐러드 한 팩 애기낳고 빠진다던 살 육퇴 후 야식을 포기못해서 만삭 때 몸무게 바라보고 있는 거 저만 그런거 아니죠 다이어트는 해야겠는데 이왕 먹을 거맛있고 다양하게 먹으면 좋잖아요 하루 한 끼 가볍게 냉장고에 포켓샐러드만 있으면 걱정 없어요 종류가 너무 다양해서 고르기도 힘들었는데너무 맛있어서 다른 종류도 또 먹어보려구요 그릴닭가슴살볼 샐러드 옥수수톡 탱글한 닭가슴살볼 톡톡 씹히는 옥수수 크런치 토핑 갈릭페퍼 로스트 닭다리살 샐러드 로스트 치킨에 적당히 매콤한 소스까지 완전 요리가 따로 없어요 케이준 치킨텐더 샐러드 클래식 그 자체 치킨텐더에 신선한 샐러드는 말할 것도 없는 찰떡궁합 날짜 맞춰서 배송되니까 더운날에도 걱정없어요 진공포장으로 며칠 보관해도 신선함 그대로 토핑은 개별포장되어 위생적이라 좋아요 포켓샐러드 공식 홈페이지 신규 가입 시첫 구매 버라이어티 팩 원 첫 정기배송 신청 시 원 쿠폰팩도 발급 중 미루기만 했던 다이어트 건강하고 간편한데맛있기까지 한 #포켓샐러드 어떠세요 #샐러드추천 #다이어트식단 #샐러드 #포켓샐러드정기배송 #포켓샐러드추천 #다이어트샐러드 #샐러드정기배송 #진공포장샐러드,"[""요즘처럼"", ""더운"", ""날엔"", ""간편하고"", ""시원하게"", ""샐러드"", ""애기낳고"", ""빠진다던"", ""육퇴"", ""야식을"", ""포기못해서"", ""만삭"", ""몸무게"", ""바라보고"", ""저만"", ""그런거"", ""아니죠"", ""다이어트는"", ""해야겠는데"", ""이왕"", ""거맛있고"", ""다양하게"", ""좋잖아요"", ""하루"", ""가볍게"", ""냉장고에"", ""포켓샐러드만"", ""있으면"", ""걱정"", ""없어요"", ""종류가"", ""다양해서"", ""고르기도"", ""힘들었는데너무"", ""종류도"", ""먹어보려구요"", ""그릴닭가슴살볼"", ""샐러드"", ""옥수수톡"", ""탱글한"", ""닭가슴살볼"", ""톡톡"", ""씹히는"", ""옥수수"", ""크런치"", ""토핑"", ""갈릭페퍼"", ""로스트"", ""닭다리살"", ""샐러드"", ""로스트"", ""치킨에"", ""적당히"", ""매콤한"", ""소스까지"", ""요리가"", ""없어요"", ""케이준"", ""치킨텐더"", ""샐러드"", ""클래식"", ""자체"", ""치킨텐더에"", ""신선한"", ""샐러드는"", ""말할"", ""것도"", ""찰떡궁합"", ""날짜"", ""맞춰서"", ""배송되니까"", ""더운날에도"", ""걱정없어요"", ""진공포장으로"", ""며칠"", ""보관해도"", ""신선함"", ""토핑은"", ""개별포장되어"", ""위생적이라"", ""포켓샐러드"", ""공식"", ""홈페이지"", ""신규"", ""가입"", ""시첫"", ""버라이어티"", ""정기배송"", ""신청"", ""쿠폰팩도"", ""발급"", ""미루기만"", ""했던"", ""다이어트"", ""건강하고"", ""간편한데맛있기까지"", ""어떠세요""]","[""제품제공"", ""포켓샐러드"", ""샐러드추천"", ""다이어트식단"", ""샐러드"", ""포켓샐러드정기배송"", ""포켓샐러드추천"", ""다이어트샐러드"", ""샐러드정기배송"", ""진공포장샐러드""]","[""요즘처럼"", ""더운"", ""날엔"", ""간편하고"", ""시원하게"", ""샐러드"", ""애기낳고"", ""빠진다던"", ""육퇴"", ""야식을"", ""포기못해서"", ""만삭"", ""몸무게"", ""바라보고"", ""저만"", ""그런거"", ""아니죠"", ""다이어트는"", ""해야겠는데"", ""이왕"", ""거맛있고"", ""다양하게"", ""좋잖아요"", ""하루"", ""가볍게"", ""냉장고에"", ""포켓샐러드만"", ""있으면"", ""걱정"", ""없어요"", ""종류가"", ""다양해서"", ""고르기도"", ""힘들었는데너무"", ""종류도"", ""먹어보려구요"", ""그릴닭가슴살볼"", ""샐러드"", ""옥수수톡"", ""탱글한"", ""닭가슴살볼"", ""톡톡"", ""씹히는"", ""옥수수"", ""크런치"", ""토핑"", ""갈릭페퍼"", ""로스트"", ""닭다리살"", ""샐러드"", ""로스트"", ""치킨에"", ""적당히"", ""매콤한"", ""소스까지"", ""요리가"", ""없어요"", ""케이준"", ""치킨텐더"", ""샐러드"", ""클래식"", ""자체"", ""치킨텐더에"", ""신선한"", ""샐러드는"", ""말할"", ""것도"", ""찰떡궁합"", ""날짜"", ""맞춰서"", ""배송되니까"", ""더운날에도"", ""걱정없어요"", ""진공포장으로"", ""며칠"", ""보관해도"", ""신선함"", ""토핑은"", ""개별포장되어"", ""위생적이라"", ""포켓샐러드"", ""공식"", ""홈페이지"", ""신규"", ""가입"", ""시첫"", ""버라이어티"", ""정기배송"", ""신청"", ""쿠폰팩도"", ""발급"", ""미루기만"", ""했던"", ""다이어트"", ""건강하고"", ""간편한데맛있기까지"", ""어떠세요"", ""제품제공"", ""포켓샐러드"", ""샐러드추천"", ""다이어트식단"", ""샐러드"", ""포켓샐러드정기배송"", ""포켓샐러드추천"", ""다이어트샐러드"", ""샐러드정기배송"", ""진공포장샐러드""]"
https://www.instagram.com/p/DQAafYoE0-z/,➰️제품제공#매크로온 #유키지루시 #란이밥상계단타기 37일✌️27층*6회 (먹기위해 살기위해‼️)동하 중학교 원서접수 두근세근🤍내년에 류류남매 둘다 입학😳마음이 울렁울렁 콩밭매는 중일본판매 No.1 👍100년 전통의 국민 치즈‼️유키지루시 메그밀크 치즈🧀치즈 파티 했어🥂역시 1위는 이유가 있어🤍구워먹는치즈 갈레트 만들었는데지글지글 풍미작살 최고야👍▫️포션치즈: 짭쪼롬해서 와인안주로 좋아▫️구워먹는 치즈: 토스트 갈레트랑 잘어울려▫️사케루 스트링 치즈:생유 100% 고소해서 샐러드에 뿌려먹기 좋아▫️미니 치즈 와사비: 알싸해서 크래커에 올려 술안주로 좋아🏷 @macro.on#일본치즈 #치즈 #메그밀크 #포션치즈 #치즈요리 #구워먹는치즈 #스트링치즈 #갈레트 #치즈샐러드 #샐러드 #salad #다이어트식단 #건강식단,매크로온;유키지루시;란이밥상계단타기;일본치즈;치즈;메그밀크;포션치즈;치즈요리;구워먹는치즈;스트링치즈;갈레트;치즈샐러드;샐러드;salad;다이어트식단;건강식단,제품제공#매크로온 #유키지루시 #란이밥상계단타기 일 층 회 먹기위해 살기위해 동하 중학교 원서접수 두근세근 내년에 류류남매 둘다 입학 마음이 울렁울렁 콩밭매는 중일본판매 년 전통의 국민 치즈 유키지루시 메그밀크 치즈 치즈 파티 했어 역시 위는 이유가 있어 구워먹는치즈 갈레트 만들었는데지글지글 풍미작살 최고야 포션치즈 짭쪼롬해서 와인안주로 좋아 구워먹는 치즈 토스트 갈레트랑 잘어울려 사케루 스트링 치즈 생유 고소해서 샐러드에 뿌려먹기 좋아 미니 치즈 와사비 알싸해서 크래커에 올려 술안주로 좋아 #일본치즈 #치즈 #메그밀크 #포션치즈 #치즈요리 #구워먹는치즈 #스트링치즈 #갈레트 #치즈샐러드 #샐러드 # #다이어트식단 #건강식단,"[""제품제공"", ""먹기위해"", ""살기위해"", ""동하"", ""중학교"", ""원서접수"", ""두근세근"", ""내년에"", ""류류남매"", ""둘다"", ""입학"", ""울렁울렁"", ""콩밭매는"", ""중일본판매"", ""전통의"", ""국민"", ""치즈"", ""유키지루시"", ""메그밀크"", ""치즈"", ""치즈"", ""파티"", ""했어"", ""위는"", ""이유가"", ""구워먹는치즈"", ""갈레트"", ""만들었는데지글지글"", ""풍미작살"", ""최고야"", ""포션치즈"", ""짭쪼롬해서"", ""와인안주로"", ""좋아"", ""구워먹는"", ""치즈"", ""토스트"", ""갈레트랑"", ""잘어울려"", ""사케루"", ""스트링"", ""치즈"", ""생유"", ""고소해서"", ""샐러드에"", ""뿌려먹기"", ""좋아"", ""미니"", ""치즈"", ""와사비"", ""알싸해서"", ""크래커에"", ""술안주로"", ""좋아""]","[""매크로온"", ""유키지루시"", ""란이밥상계단타기"", ""일본치즈"", ""치즈"", ""메그밀크"", ""포션치즈"", ""치즈요리"", ""구워먹는치즈"", ""스트링치즈"", ""갈레트"", ""치즈샐러드"", ""샐러드"", ""다이어트식단"", ""건강식단""]","[""제품제공"", ""먹기위해"", ""살기위해"", ""동하"", ""중학교"", ""원서접수"", ""두근세근"", ""내년에"", ""류류남매"", ""둘다"", ""입학"", ""울렁울렁"", ""콩밭매는"", ""중일본판매"", ""전통의"", ""국민"", ""치즈"", ""유키지루시"", ""메그밀크"", ""치즈"", ""치즈"", ""파티"", ""했어"", ""위는"", ""이유가"", ""구워먹는치즈"", ""갈레트"", ""만들었는데지글지글"", ""풍미작살"", ""최고야"", ""포션치즈"", ""짭쪼롬해서"", ""와인안주로"", ""좋아"", ""구워먹는"", ""치즈"", ""토스트"", ""갈레트랑"", ""잘어울려"", ""사케루"", ""스트링"", ""치즈"", ""생유"", ""고소해서"", ""샐러드에"", ""뿌려먹기"", ""좋아"", ""미니"", ""치즈"", ""와사비"", ""알싸해서"", ""크래커에"", ""술안주로"", ""좋아"", ""매크로온"", ""유키지루시"", ""란이밥상계단타기"", ""일본치즈"", ""치즈"", ""메그밀크"", ""포션치즈"", ""치즈요리"", ""구워먹는치즈"", ""스트링치즈"", ""갈레트"", ""치즈샐러드"", ""샐러드"", ""다이어트식단"", ""건강식단""]"
https://www.instagram.com/p/DQGnsdfkxtw/c/18532599688057040/,#샐러드 파스타 #베이컨#우삽겹#새우#샐러드소스,샐러드;베이컨;우삽겹;새우;샐러드소스,#샐러드 파스타 #베이컨#우삽겹#새우#샐러드소스,"[""파스타""]","[""샐러드"", ""베이컨"", ""우삽겹"", ""새우"", ""샐러드소스""]","[""파스타"", ""샐러드"", ""베이컨"", ""우삽겹"", ""새우"", ""샐러드소스""]"
https://www.instagram.com/p/DP5EeNzEzuV/,#도시락 #직장인도시락 #다이어트도시락...➡️ #샐러드 #봉시리얼.....✅ #251017 #점심 #점심밥상 #고우니샐러드,도시락;직장인도시락;다이어트도시락;샐러드;봉시리얼;251017;점심;점심밥상;고우니샐러드,#도시락 #직장인도시락 #다이어트도시락 #샐러드 #봉시리얼 # #점심 #점심밥상 #고우니샐러드,[],"[""도시락"", ""직장인도시락"", ""다이어트도시락"", ""샐러드"", ""봉시리얼"", ""점심"", ""점심밥상"", ""고우니샐러드""]","[""도시락"", ""직장인도시락"", ""다이어트도시락"", ""샐러드"", ""봉시리얼"", ""점심"", ""점심밥상"", ""고우니샐러드""]"
https://www.instagram.com/p/DP3MzMcEmTp/c/18534589612023844/,🥙#샌도 오랜만에 피드 업로드💕💕요즘 부쩍 샌도 소식을 궁금해 하셔요~제가 너무 뜸했나 싶기도 하네요😅발이 다쳐 부득이하게 가게를 내놓고 너무 조용했죠?후임 사장님이 계셔서 열심히 인수인계 중입니다!!다들 너무 걱정해 주셔서 감사한 마음이 큽니다~저는 10월 24일까지 영업 마무리 하고새로운 사장님께서 10월 26일부터 바로 이어서 하실거예요!제가 잘 가르쳐 드리고 있으니 많은 관심 부탁드려요🤗🤗처음이라 미흡한 점이 있더라도 너그럽게 봐주세요~😉🌱단체주문은 최소2~3일전 예약부탁드립니다채소와 친해지는 시간 샌도하세요🥗#통새우샌드위치 🍤#치킨텐더샌드위치 🐔,샌도;통새우샌드위치;치킨텐더샌드위치,#샌도 오랜만에 피드 업로드 요즘 부쩍 샌도 소식을 궁금해 하셔요 제가 너무 뜸했나 싶기도 하네요 발이 다쳐 부득이하게 가게를 내놓고 너무 조용했죠 후임 사장님이 계셔서 열심히 인수인계 중입니다 다들 너무 걱정해 주셔서 감사한 마음이 큽니다 저는 월 일까지 영업 마무리 하고새로운 사장님께서 월 일부터 바로 이어서 하실거예요 제가 잘 가르쳐 드리고 있으니 많은 관심 부탁드려요 처음이라 미흡한 점이 있더라도 너그럽게 봐주세요 단체주문은 최소 일전 예약부탁드립니다채소와 친해지는 시간 샌도하세요 #통새우샌드위치 #치킨텐더샌드위치,"[""피드"", ""업로드"", ""부쩍"", ""샌도"", ""소식을"", ""궁금해"", ""하셔요"", ""뜸했나"", ""싶기도"", ""하네요"", ""발이"", ""다쳐"", ""부득이하게"", ""가게를"", ""내놓고"", ""조용했죠"", ""후임"", ""사장님이"", ""계셔서"", ""열심히"", ""인수인계"", ""중입니다"", ""걱정해"", ""주셔서"", ""감사한"", ""큽니다"", ""일까지"", ""영업"", ""마무리"", ""하고새로운"", ""사장님께서"", ""일부터"", ""이어서"", ""하실거예요"", ""가르쳐"", ""드리고"", ""관심"", ""부탁드려요"", ""처음이라"", ""미흡한"", ""점이"", ""있더라도"", ""너그럽게"", ""봐주세요"", ""단체주문은"", ""최소"", ""일전"", ""예약부탁드립니다채소와"", ""친해지는"", ""시간"", ""샌도하세요""]","[""샌도"", ""통새우샌드위치"", ""치킨텐더샌드위치""]","[""피드"", ""업로드"", ""부쩍"", ""샌도"", ""소식을"", ""궁금해"", ""하셔요"", ""뜸했나"", ""싶기도"", ""하네요"", ""발이"", ""다쳐"", ""부득이하게"", ""가게를"", ""내놓고"", ""조용했죠"", ""후임"", ""사장님이"", ""계셔서"", ""열심히"", ""인수인계"", ""중입니다"", ""걱정해"", ""주셔서"", ""감사한"", ""큽니다"", ""일까지"", ""영업"", ""마무리"", ""하고새로운"", ""사장님께서"", ""일부터"", ""이어서"", ""하실거예요"", ""가르쳐"", ""드리고"", ""관심"", ""부탁드려요"", ""처음이라"", ""미흡한"", ""점이"", ""있더라도"", ""너그럽게"", ""봐주세요"", ""단체주문은"", ""최소"", ""일전"", ""예약부탁드립니다채소와"", ""친해지는"", ""시간"", ""샌도하세요"", ""샌도"", ""통새우샌드위치"", ""치킨텐더샌드위치""]"
https://www.instagram.com/p/DQCBJl_AYAX/,내일부터 나올이번주 화 수 목 금샐러드 샌드위치 라인업 올려요.😊핸드폰 010 9544 0373 으로 미리 문자로 예약주심 좋아요😊.화요일-바질닭가슴살샌드위치-새우버터갈릭샐러드(+수제파인콘스리라차드레싱).수요일-떡갈비에그샌드위치-또띠아월남쌈샐러드(+수제피넛드레싱) .목요일 -햄치즈에그샌드위치-우삼겹메밀면샐러드(+오리엔탈드레싱).금요일-어니언크래미샌드위치-콥샐러드(+수제요거트드레싱)..재료수급에 따라 변동될수도있어요 피드사진은 라인업과 다를수있습니다..#촌스마마_수_목_금_토_낮12시오픈입니다#촌스마마 #핸드메이드 #많이달지않은마카롱 #쫀득한마카롱 #좋은재료와정성은진리다 #마카롱 #샐러드 #샌드위치 #마카롱맛집 #샌드위치맛집 #샐러드맛집 #곡성 #남원 #순천 #광주 #곡성뚝방마켓 #곡성마카롱 #곡성디저트 #곡성맛집 #곡성여행 #달달 #달콤 #디저트 #굽스타그램,촌스마마_수_목_금_토_낮12시오픈입니다;촌스마마;핸드메이드;많이달지않은마카롱;쫀득한마카롱;좋은재료와정성은진리다;마카롱;샐러드;샌드위치;마카롱맛집;샌드위치맛집;샐러드맛집;곡성;남원;순천;광주;곡성뚝방마켓;곡성마카롱;곡성디저트;곡성맛집;곡성여행;달달;달콤;디저트;굽스타그램,내일부터 나올이번주 화 수 목 금샐러드 샌드위치 라인업 올려요 핸드폰 으로 미리 문자로 예약주심 좋아요 화요일 바질닭가슴살샌드위치 새우버터갈릭샐러드 수제파인콘스리라차드레싱 수요일 떡갈비에그샌드위치 또띠아월남쌈샐러드 수제피넛드레싱 목요일 햄치즈에그샌드위치 우삼겹메밀면샐러드 오리엔탈드레싱 금요일 어니언크래미샌드위치 콥샐러드 수제요거트드레싱 재료수급에 따라 변동될수도있어요 피드사진은 라인업과 다를수있습니다 #촌스마마 수 목 금 토 낮 시오픈입니다#촌스마마 #핸드메이드 #많이달지않은마카롱 #쫀득한마카롱 #좋은재료와정성은진리다 #마카롱 #샐러드 #샌드위치 #마카롱맛집 #샌드위치맛집 #샐러드맛집 #곡성 #남원 #순천 #광주 #곡성뚝방마켓 #곡성마카롱 #곡성디저트 #곡성맛집 #곡성여행 #달달 #달콤 #디저트 #굽스타그램,"[""내일부터"", ""나올이번주"", ""금샐러드"", ""샌드위치"", ""라인업"", ""올려요"", ""핸드폰"", ""문자로"", ""예약주심"", ""화요일"", ""바질닭가슴살샌드위치"", ""새우버터갈릭샐러드"", ""수제파인콘스리라차드레싱"", ""수요일"", ""떡갈비에그샌드위치"", ""또띠아월남쌈샐러드"", ""수제피넛드레싱"", ""목요일"", ""햄치즈에그샌드위치"", ""우삼겹메밀면샐러드"", ""오리엔탈드레싱"", ""어니언크래미샌드위치"", ""콥샐러드"", ""수제요거트드레싱"", ""재료수급에"", ""변동될수도있어요"", ""피드사진은"", ""라인업과"", ""다를수있습니다""]","[""촌스마마"", ""촌스마마"", ""핸드메이드"", ""많이달지않은마카롱"", ""쫀득한마카롱"", ""좋은재료와정성은진리다"", ""마카롱"", ""샐러드"", ""샌드위치"", ""마카롱맛집"", ""샌드위치맛집"", ""샐러드맛집"", ""곡성"", ""남원"", ""순천"", ""광주"", ""곡성디저트"", ""곡성맛집"", ""곡성여행"", ""달달"", ""달콤"", ""디저트"", ""굽스타그램""]","[""내일부터"", ""나올이번주"", ""금샐러드"", ""샌드위치"", ""라인업"", ""올려요"", ""핸드폰"", ""문자로"", ""예약주심"", ""화요일"", ""바질닭가슴살샌드위치"", ""새우버터갈릭샐러드"", ""수제파인콘스리라차드레싱"", ""수요일"", ""떡갈비에그샌드위치"", ""또띠아월남쌈샐러드"", ""수제피넛드레싱"", ""목요일"", ""햄치즈에그샌드위치"", ""우삼겹메밀면샐러드"", ""오리엔탈드레싱"", ""어니언크래미샌드위치"", ""콥샐러드"", ""수제요거트드레싱"", ""재료수급에"", ""변동될수도있어요"", ""피드사진은"", ""라인업과"", ""다를수있습니다"", ""촌스마마"", ""촌스마마"", ""핸드메이드"", ""많이달지않은마카롱"", ""쫀득한마카롱"", ""좋은재료와정성은진리다"", ""마카롱"", ""샐러드"", ""샌드위치"", ""마카롱맛집"", ""샌드위치맛집"", ""샐러드맛집"", ""곡성"", ""남원"", ""순천"", ""광주"", ""곡성디저트"", ""곡성맛집"", ""곡성여행"", ""달달"", ""달콤"", ""디저트"", ""굽스타그램""]"
https://www.instagram.com/p/DIzjs8khgsr/,#샌드위치 #샐러드 #샐러드맛집 #가산디지털역샌드위치맛집,샌드위치;샐러드;샐러드맛집;가산디지털역샌드위치맛집,#샌드위치 #샐러드 #샐러드맛집 #가산디지털역샌드위치맛집,[],"[""샌드위치"", ""샐러드"", ""샐러드맛집"", ""가산디지털역샌드위치맛집""]","[""샌드위치"", ""샐러드"", ""샐러드맛집"", ""가산디지털역샌드위치맛집""]"
https://www.instagram.com/p/DQCMARcEZHG/,저녁밥 사진 찍는 거 깜빡함.. 점심이랑 비슷하게 먹었습니다.#20251020 #아점 #샐러드 #식단 #저속노화 #diet #도시락 #사과대추,20251020;아점;샐러드;식단;저속노화;diet;도시락;사과대추,저녁밥 사진 찍는 거 깜빡함 점심이랑 비슷하게 먹었습니다 # #아점 #샐러드 #식단 #저속노화 # #도시락 #사과대추,"[""저녁밥"", ""사진"", ""찍는"", ""깜빡함"", ""점심이랑"", ""비슷하게"", ""먹었습니다""]","[""아점"", ""샐러드"", ""식단"", ""저속노화"", ""도시락"", ""사과대추""]","[""저녁밥"", ""사진"", ""찍는"", ""깜빡함"", ""점심이랑"", ""비슷하게"", ""먹었습니다"", ""아점"", ""샐러드"", ""식단"", ""저속노화"", ""도시락"", ""사과대추""]"
https://www.instagram.com/p/DQG-c8Rj201/c/18019950449785343/,SAUCIT의 7가지 소스를 소개합니다.(허브렌치딥소스)허브향과 산미가 적절하게 섞인 딥앤딥소스한국의 매콤한 맛을 즐기고 싶은 고객님들에게 추천합니다.BOLDSAUCEBOLDERFLAVORS,,의 가지 소스를 소개합니다 허브렌치딥소스 허브향과 산미가 적절하게 섞인 딥앤딥소스한국의 매콤한 맛을 즐기고 싶은 고객님들에게 추천합니다,"[""소스를"", ""허브렌치딥소스"", ""허브향과"", ""산미가"", ""적절하게"", ""섞인"", ""딥앤딥소스한국의"", ""매콤한"", ""즐기고"", ""고객님들에게""]","[""소스를"", ""허브렌치딥소스"", ""허브향과"", ""산미가"", ""적절하게"", ""섞인"", ""딥앤딥소스한국의"", ""매콤한"", ""즐기고"", ""고객님들에게""]","[""소스를"", ""허브렌치딥소스"", ""허브향과"", ""산미가"", ""적절하게"", ""섞인"", ""딥앤딥소스한국의"", ""매콤한"", ""즐기고"", ""고객님들에게"", ""소스를"", ""허브렌치딥소스"", ""허브향과"", ""산미가"", ""적절하게"", ""섞인"", ""딥앤딥소스한국의"", ""매콤한"", ""즐기고"", ""고객님들에게""]"
https://www.instagram.com/p/DLmnCufxJLd/,#포케올데이구미산동점 곡물밥 포케곡물밥+구운새우+유자간장오동통 고소한 새우 토핑에 상큼한 유자간장 소스로 여름의 맛 완성🤗#여름 #여름음식 #여름메뉴 #포케 #샐러드,포케올데이구미산동점;여름;여름음식;여름메뉴;포케;샐러드,#포케올데이구미산동점 곡물밥 포케곡물밥 구운새우 유자간장오동통 고소한 새우 토핑에 상큼한 유자간장 소스로 여름의 맛 완성 #여름 #여름음식 #여름메뉴 #포케 #샐러드,"[""곡물밥"", ""포케곡물밥"", ""구운새우"", ""유자간장오동통"", ""고소한"", ""새우"", ""토핑에"", ""상큼한"", ""유자간장"", ""소스로"", ""여름의"", ""완성""]","[""포케올데이구미산동점"", ""여름"", ""여름음식"", ""여름메뉴"", ""포케"", ""샐러드""]","[""곡물밥"", ""포케곡물밥"", ""구운새우"", ""유자간장오동통"", ""고소한"", ""새우"", ""토핑에"", ""상큼한"", ""유자간장"", ""소스로"", ""여름의"", ""완성"", ""포케올데이구미산동점"", ""여름"", ""여름음식"", ""여름메뉴"", ""포케"", ""샐러드""]"
https://www.instagram.com/p/DOJG0aSkumf/,レンコンフライ😋最近の晩ごはんはサラダが続いてます🥗たんぱく質は魚、卵、手作りサラダチキン、ステーキなどレンコンフライもほぼ毎日😋#レンコンフライ切って水にさらして、水気をしっかりふいて、そのまま素揚げか米粉をまぶして揚げます〜♬#cosoriairfryer #ノンフライヤー で揚げる220℃で5分、裏返して5分焼き色見ながら3分くらい🧐#味付け塩こしょう #いきなりスパイス など好きな塩こしょうで頂く😋焼き芋もノンフライヤーで♬🥰💕洗ってキッチンペーパーで包んでぬらしてアルミホイールで包む。200℃60分、そのまま放置つまようじで刺して確認❋❋❋#調節ご飯 #サラダ #晩ごはん #カロリーオフ #レンコン #鯛の昆布締め #焼き芋 #料理好きな人と繫がりたい #器好き #食卓風景 #いちの食卓 #lotusroot #salad  #cookingram #연근 #연근튀김 #집반찬 #집밥 #샐러드 #칼로리다운 #간단한저녁,cosoriairfryer;lotusroot;salad;cookingram;연근;연근튀김;집반찬;집밥;샐러드;칼로리다운;간단한저녁,# # # # # # # # # # # # # # # # # # # #연근 #연근튀김 #집반찬 #집밥 #샐러드 #칼로리다운 #간단한저녁,[],"[""연근"", ""연근튀김"", ""집반찬"", ""집밥"", ""샐러드"", ""칼로리다운"", ""간단한저녁""]","[""연근"", ""연근튀김"", ""집반찬"", ""집밥"", ""샐러드"", ""칼로리다운"", ""간단한저녁""]"
https://www.instagram.com/p/DQBKosrkfza/,#먹을복#오리탕#샐러드#홍게새우죽#도토리가루파전#해남고구마요즘  먹을복이 터진다 터져나아프다고  죽보내서요  본죽3만원표  홍게새우죽과  또 외숙모가  몸챙기라고  오리탕 만들어주고 처음 먹어보는 도토리가루가 든 파전도  울외숙모 표다 해남고구마 보내주시는분 감사  예쁜 샐러드  사주신분 그리고 오늘 일좀  도와줫다고생선구이 사준동생 요즘 먹을복들이 많네 건강한 먹을복이라 조심해서 먹는다,먹을복;오리탕;샐러드;홍게새우죽;도토리가루파전;해남고구마요즘,#먹을복#오리탕#샐러드#홍게새우죽#도토리가루파전#해남고구마요즘 먹을복이 터진다 터져나아프다고 죽보내서요 본죽 만원표 홍게새우죽과 또 외숙모가 몸챙기라고 오리탕 만들어주고 처음 먹어보는 도토리가루가 든 파전도 울외숙모 표다 해남고구마 보내주시는분 감사 예쁜 샐러드 사주신분 그리고 오늘 일좀 도와줫다고생선구이 사준동생 요즘 먹을복들이 많네 건강한 먹을복이라 조심해서 먹는다,"[""먹을복이"", ""터진다"", ""터져나아프다고"", ""죽보내서요"", ""본죽"", ""만원표"", ""홍게새우죽과"", ""외숙모가"", ""몸챙기라고"", ""오리탕"", ""만들어주고"", ""처음"", ""먹어보는"", ""도토리가루가"", ""파전도"", ""울외숙모"", ""표다"", ""해남고구마"", ""보내주시는분"", ""감사"", ""예쁜"", ""샐러드"", ""사주신분"", ""일좀"", ""도와줫다고생선구이"", ""사준동생"", ""먹을복들이"", ""많네"", ""건강한"", ""먹을복이라"", ""조심해서""]","[""먹을복"", ""오리탕"", ""샐러드"", ""홍게새우죽"", ""도토리가루파전"", ""해남고구마요즘""]","[""먹을복이"", ""터진다"", ""터져나아프다고"", ""죽보내서요"", ""본죽"", ""만원표"", ""홍게새우죽과"", ""외숙모가"", ""몸챙기라고"", ""오리탕"", ""만들어주고"", ""처음"", ""먹어보는"", ""도토리가루가"", ""파전도"", ""울외숙모"", ""표다"", ""해남고구마"", ""보내주시는분"", ""감사"", ""예쁜"", ""샐러드"", ""사주신분"", ""일좀"", ""도와줫다고생선구이"", ""사준동생"", ""먹을복들이"", ""많네"", ""건강한"", ""먹을복이라"", ""조심해서"", ""먹을복"", ""오리탕"", ""샐러드"", ""홍게새우죽"", ""도토리가루파전"", ""해남고구마요즘""]"
https://www.instagram.com/p/DQEUIhBESAP/,"[오늘의 메뉴]✔️새우된장찌개✔️김밥키트*4줄양(김밥김,김밥재료6종)✔️맵달밀떡볶이✔️김말이튀김🥗토마토 리코타치즈 샐러드 & 발사믹 드레싱🥗☑️깔끔하고 다양한 메뉴가 집앞까지 배달되는 ,☑️합리적인 가격으로 훌륭한 음식과 서비스가 제공되는 ,☑️정갈한찬 인천서구점 이용안내는 👇🏻👇🏻👇🏻👇🏻👇🏻💛정갈한찬 인천서구점 홈페이지에서 주문 및 이용안내 확인 가능합니다💛프로필링크 & 네이버에 정갈한찬 인천서구점 검색💛[문의]💛카톡ID : chan7394📞 :010-8362-7394#새우된장찌개#김밥키트*4줄양(김밥김,김밥재료6종)#맵달밀떡볶이#김말이튀김#토마토리코타치즈샐러드&발사믹드레싱#인천서구#청라#김포#김포반찬#구래동반찬#구래동반찬배달#운양동반찬#운양동반찬배달#마산동반찬#마산동반찬배달#송도반찬#송도반찬배달#송도반찬맛집#검단신도시#장기동반찬#장기동반찬배달#당일배송#당일조리#정갈한찬인천서구점#샐러드#오늘메뉴#가정식반찬#집밥",새우된장찌개;김밥키트;맵달밀떡볶이;김말이튀김;토마토리코타치즈샐러드;인천서구;청라;김포;김포반찬;구래동반찬;구래동반찬배달;운양동반찬;운양동반찬배달;마산동반찬;마산동반찬배달;송도반찬;송도반찬배달;송도반찬맛집;검단신도시;장기동반찬;장기동반찬배달;당일배송;당일조리;정갈한찬인천서구점;샐러드;오늘메뉴;가정식반찬;집밥,오늘의 메뉴 새우된장찌개 김밥키트 줄양 김밥김 김밥재료 종 맵달밀떡볶이 김말이튀김 토마토 리코타치즈 샐러드 발사믹 드레싱 깔끔하고 다양한 메뉴가 집앞까지 배달되는 합리적인 가격으로 훌륭한 음식과 서비스가 제공되는 정갈한찬 인천서구점 이용안내는 정갈한찬 인천서구점 홈페이지에서 주문 및 이용안내 확인 가능합니다 프로필링크 네이버에 정갈한찬 인천서구점 검색 문의 카톡 #새우된장찌개#김밥키트 줄양 김밥김 김밥재료 종 #맵달밀떡볶이#김말이튀김#토마토리코타치즈샐러드 발사믹드레싱#인천서구#청라#김포#김포반찬#구래동반찬#구래동반찬배달#운양동반찬#운양동반찬배달#마산동반찬#마산동반찬배달#송도반찬#송도반찬배달#송도반찬맛집#검단신도시#장기동반찬#장기동반찬배달#당일배송#당일조리#정갈한찬인천서구점#샐러드#오늘메뉴#가정식반찬#집밥,"[""새우된장찌개"", ""김밥키트"", ""줄양"", ""김밥김"", ""김밥재료"", ""맵달밀떡볶이"", ""김말이튀김"", ""토마토"", ""리코타치즈"", ""샐러드"", ""발사믹"", ""드레싱"", ""깔끔하고"", ""다양한"", ""집앞까지"", ""배달되는"", ""합리적인"", ""가격으로"", ""훌륭한"", ""음식과"", ""제공되는"", ""정갈한찬"", ""인천서구점"", ""이용안내는"", ""정갈한찬"", ""인천서구점"", ""홈페이지에서"", ""주문"", ""이용안내"", ""확인"", ""프로필링크"", ""네이버에"", ""정갈한찬"", ""인천서구점"", ""검색"", ""카톡"", ""줄양"", ""김밥김"", ""김밥재료"", ""발사믹드레싱""]","[""새우된장찌개"", ""김밥키트"", ""맵달밀떡볶이"", ""김말이튀김"", ""토마토리코타치즈샐러드"", ""인천서구"", ""청라"", ""김포"", ""김포반찬"", ""구래동반찬"", ""구래동반찬배달"", ""운양동반찬"", ""운양동반찬배달"", ""마산동반찬"", ""마산동반찬배달"", ""송도반찬"", ""송도반찬배달"", ""송도반찬맛집"", ""검단신도시"", ""장기동반찬"", ""장기동반찬배달"", ""당일배송"", ""당일조리"", ""정갈한찬인천서구점"", ""샐러드"", ""오늘메뉴"", ""가정식반찬"", ""집밥""]","[""새우된장찌개"", ""김밥키트"", ""줄양"", ""김밥김"", ""김밥재료"", ""맵달밀떡볶이"", ""김말이튀김"", ""토마토"", ""리코타치즈"", ""샐러드"", ""발사믹"", ""드레싱"", ""깔끔하고"", ""다양한"", ""집앞까지"", ""배달되는"", ""합리적인"", ""가격으로"", ""훌륭한"", ""음식과"", ""제공되는"", ""정갈한찬"", ""인천서구점"", ""이용안내는"", ""정갈한찬"", ""인천서구점"", ""홈페이지에서"", ""주문"", ""이용안내"", ""확인"", ""프로필링크"", ""네이버에"", ""정갈한찬"", ""인천서구점"", ""검색"", ""카톡"", ""줄양"", ""김밥김"", ""김밥재료"", ""발사믹드레싱"", ""새우된장찌개"", ""김밥키트"", ""맵달밀떡볶이"", ""김말이튀김"", ""토마토리코타치즈샐러드"", ""인천서구"", ""청라"", ""김포"", ""김포반찬"", ""구래동반찬"", ""구래동반찬배달"", ""운양동반찬"", ""운양동반찬배달"", ""마산동반찬"", ""마산동반찬배달"", ""송도반찬"", ""송도반찬배달"", ""송도반찬맛집"", ""검단신도시"", ""장기동반찬"", ""장기동반찬배달"", ""당일배송"", ""당일조리"", ""정갈한찬인천서구점"", ""샐러드"", ""오늘메뉴"", ""가정식반찬"", ""집밥""]"
https://www.instagram.com/p/DPoKMDBEmyp/,토마토 완두콩 샐러드와 표고버섯 스크렘블에그비만 오고 흐린 연휴라니 너무해그래도 바스키아 전시도 보고 한강서 자전거도 탔는데아직 이틀이나 남아서(이틀 날씨예보도 비??)그냥 웃음밖에 안나오는 역대급 긴 추석 연휴네요ㅋㅋㅋ🫢(반포 한강공원에서 잠실까지 자전거 라이딩 진심 강추입니다👍👍👍),,토마토 완두콩 샐러드와 표고버섯 스크렘블에그비만 오고 흐린 연휴라니 너무해그래도 바스키아 전시도 보고 한강서 자전거도 탔는데아직 이틀이나 남아서 이틀 날씨예보도 비 그냥 웃음밖에 안나오는 역대급 긴 추석 연휴네요ㅋㅋㅋ 반포 한강공원에서 잠실까지 자전거 라이딩 진심 강추입니다,"[""토마토"", ""완두콩"", ""샐러드와"", ""표고버섯"", ""스크렘블에그비만"", ""오고"", ""흐린"", ""연휴라니"", ""너무해그래도"", ""바스키아"", ""전시도"", ""한강서"", ""자전거도"", ""탔는데아직"", ""이틀이나"", ""남아서"", ""이틀"", ""날씨예보도"", ""웃음밖에"", ""안나오는"", ""역대급"", ""추석"", ""연휴네요ㅋㅋㅋ"", ""반포"", ""한강공원에서"", ""잠실까지"", ""자전거"", ""라이딩"", ""진심"", ""강추입니다""]","[""토마토"", ""완두콩"", ""샐러드와"", ""표고버섯"", ""스크렘블에그비만"", ""오고"", ""흐린"", ""연휴라니"", ""너무해그래도"", ""바스키아"", ""전시도"", ""한강서"", ""자전거도"", ""탔는데아직"", ""이틀이나"", ""남아서"", ""이틀"", ""날씨예보도"", ""웃음밖에"", ""안나오는"", ""역대급"", ""추석"", ""연휴네요ㅋㅋㅋ"", ""반포"", ""한강공원에서"", ""잠실까지"", ""자전거"", ""라이딩"", ""진심"", ""강추입니다""]","[""토마토"", ""완두콩"", ""샐러드와"", ""표고버섯"", ""스크렘블에그비만"", ""오고"", ""흐린"", ""연휴라니"", ""너무해그래도"", ""바스키아"", ""전시도"", ""한강서"", ""자전거도"", ""탔는데아직"", ""이틀이나"", ""남아서"", ""이틀"", ""날씨예보도"", ""웃음밖에"", ""안나오는"", ""역대급"", ""추석"", ""연휴네요ㅋㅋㅋ"", ""반포"", ""한강공원에서"", ""잠실까지"", ""자전거"", ""라이딩"", ""진심"", ""강추입니다"", ""토마토"", ""완두콩"", ""샐러드와"", ""표고버섯"", ""스크렘블에그비만"", ""오고"", ""흐린"", ""연휴라니"", ""너무해그래도"", ""바스키아"", ""전시도"", ""한강서"", ""자전거도"", ""탔는데아직"", ""이틀이나"", ""남아서"", ""이틀"", ""날씨예보도"", ""웃음밖에"", ""안나오는"", ""역대급"", ""추석"", ""연휴네요ㅋㅋㅋ"", ""반포"", ""한강공원에서"", ""잠실까지"", ""자전거"", ""라이딩"", ""진심"", ""강추입니다""]"
https://www.instagram.com/p/DP8xnVwkZO_/,주말 저녁 한식 한상#오나의집밥#맛있는한끼#한식저녁#샐러드#루이보스티❤️오늘의 메뉴는 주말 저녁 한식 한상 이에요제가 넘 좋아히는 황태미역국남푠 좋아하는 샐러드냉장고에 있는 나물들 꺼내고따뜻한 루이보스티 준비해서 주말 저녁 맛있게 먹었어요 ☘️ 우리집 둘째는 요즘 한창 맛있는 밤과 배와 고구마를 맛나게 드시구요 ♡♡♡오늘도 집밥은 사랑 💕 💗 💖 입니다,오나의집밥;맛있는한끼;한식저녁;샐러드;루이보스티,주말 저녁 한식 한상#오나의집밥#맛있는한끼#한식저녁#샐러드#루이보스티 오늘의 메뉴는 주말 저녁 한식 한상 이에요제가 넘 좋아히는 황태미역국남푠 좋아하는 샐러드냉장고에 있는 나물들 꺼내고따뜻한 루이보스티 준비해서 주말 저녁 맛있게 먹었어요 우리집 둘째는 요즘 한창 맛있는 밤과 배와 고구마를 맛나게 드시구요 오늘도 집밥은 사랑 입니다,"[""주말"", ""저녁"", ""한식"", ""한상"", ""주말"", ""저녁"", ""한식"", ""한상"", ""이에요제가"", ""좋아히는"", ""황태미역국남푠"", ""좋아하는"", ""샐러드냉장고에"", ""나물들"", ""꺼내고따뜻한"", ""루이보스티"", ""준비해서"", ""주말"", ""저녁"", ""우리집"", ""둘째는"", ""한창"", ""밤과"", ""배와"", ""고구마를"", ""맛나게"", ""드시구요"", ""집밥은"", ""사랑""]","[""오나의집밥"", ""맛있는한끼"", ""한식저녁"", ""샐러드"", ""루이보스티""]","[""주말"", ""저녁"", ""한식"", ""한상"", ""주말"", ""저녁"", ""한식"", ""한상"", ""이에요제가"", ""좋아히는"", ""황태미역국남푠"", ""좋아하는"", ""샐러드냉장고에"", ""나물들"", ""꺼내고따뜻한"", ""루이보스티"", ""준비해서"", ""주말"", ""저녁"", ""우리집"", ""둘째는"", ""한창"", ""밤과"", ""배와"", ""고구마를"", ""맛나게"", ""드시구요"", ""집밥은"", ""사랑"", ""오나의집밥"", ""맛있는한끼"", ""한식저녁"", ""샐러드"", ""루이보스티""]"
https://www.instagram.com/p/DQDVOvFgU3e/,".재활병원 150인분 단체 준비해드렸어요. 🥰가장 인기있는 ’하프 샌드위치 + 음료‘ 구성으로 정성껏 만들었습니다. 👏간단하지만 든든하게, 출출한 시간에 딱! 좋은 구성이에요.깔끔하고 담백한 햄치즈 샌드위치와 아침에 주스 조합은 단체 간식으로 인기가 정말 많아요. 🥪🧃많은 분들이 맛있게 드셨다는 소식에 오늘도 힘이 납니다 :) 💙 하남샌드 단체주문은✔️ 모든 구성은 예산에 맞게 변경 가능합니다.✔️ 런치박스와 컵과일은 20개 이상부터 가능합니다.✔️ 광주 및 전남 지역 배달 가능합니다. (배달비 별도)✔️ 원하시는 문구를 스티커로 제작해서 부착 가능합니다.✔️ 모든 예약은 전화 상담 후 확정해드리고 있습니다.☎️ 062 - 956 - 0998#광주맛집 #광주샌드위치 #광산구맛집 #광산구샌드위치 #하남3지구맛집 #하남3지구샌드위치 #샌드위치맛집 #단체주문 #단체예약 #샌드위치 #샐러드 #포케 #컵과일 #런치박스 #답례품 #행사간식 #캔커피 #캔음료",광주맛집;광주샌드위치;광산구맛집;광산구샌드위치;하남3지구맛집;하남3지구샌드위치;샌드위치맛집;단체주문;단체예약;샌드위치;샐러드;포케;컵과일;런치박스;답례품;행사간식;캔커피;캔음료,재활병원 인분 단체 준비해드렸어요 가장 인기있는 하프 샌드위치 음료 구성으로 정성껏 만들었습니다 간단하지만 든든하게 출출한 시간에 딱 좋은 구성이에요 깔끔하고 담백한 햄치즈 샌드위치와 아침에 주스 조합은 단체 간식으로 인기가 정말 많아요 많은 분들이 맛있게 드셨다는 소식에 오늘도 힘이 납니다 하남샌드 단체주문은 모든 구성은 예산에 맞게 변경 가능합니다 런치박스와 컵과일은 개 이상부터 가능합니다 광주 및 전남 지역 배달 가능합니다 배달비 별도 원하시는 문구를 스티커로 제작해서 부착 가능합니다 모든 예약은 전화 상담 후 확정해드리고 있습니다 #광주맛집 #광주샌드위치 #광산구맛집 #광산구샌드위치 #하남 지구맛집 #하남 지구샌드위치 #샌드위치맛집 #단체주문 #단체예약 #샌드위치 #샐러드 #포케 #컵과일 #런치박스 #답례품 #행사간식 #캔커피 #캔음료,"[""재활병원"", ""인분"", ""준비해드렸어요"", ""인기있는"", ""하프"", ""샌드위치"", ""음료"", ""정성껏"", ""만들었습니다"", ""간단하지만"", ""든든하게"", ""출출한"", ""시간에"", ""구성이에요"", ""깔끔하고"", ""담백한"", ""햄치즈"", ""샌드위치와"", ""아침에"", ""주스"", ""조합은"", ""간식으로"", ""인기가"", ""많아요"", ""분들이"", ""드셨다는"", ""소식에"", ""힘이"", ""납니다"", ""하남샌드"", ""단체주문은"", ""구성은"", ""예산에"", ""맞게"", ""변경"", ""런치박스와"", ""컵과일은"", ""이상부터"", ""광주"", ""전남"", ""지역"", ""배달"", ""배달비"", ""별도"", ""원하시는"", ""문구를"", ""스티커로"", ""제작해서"", ""부착"", ""예약은"", ""전화"", ""상담"", ""확정해드리고"", ""지구맛집"", ""지구샌드위치""]","[""광주맛집"", ""광주샌드위치"", ""광산구맛집"", ""광산구샌드위치"", ""하남"", ""지구맛집"", ""하남"", ""지구샌드위치"", ""샌드위치맛집"", ""단체예약"", ""샌드위치"", ""샐러드"", ""포케"", ""컵과일"", ""런치박스"", ""답례품"", ""행사간식"", ""캔커피"", ""캔음료""]","[""재활병원"", ""인분"", ""준비해드렸어요"", ""인기있는"", ""하프"", ""샌드위치"", ""음료"", ""정성껏"", ""만들었습니다"", ""간단하지만"", ""든든하게"", ""출출한"", ""시간에"", ""구성이에요"", ""깔끔하고"", ""담백한"", ""햄치즈"", ""샌드위치와"", ""아침에"", ""주스"", ""조합은"", ""간식으로"", ""인기가"", ""많아요"", ""분들이"", ""드셨다는"", ""소식에"", ""힘이"", ""납니다"", ""하남샌드"", ""단체주문은"", ""구성은"", ""예산에"", ""맞게"", ""변경"", ""런치박스와"", ""컵과일은"", ""이상부터"", ""광주"", ""전남"", ""지역"", ""배달"", ""배달비"", ""별도"", ""원하시는"", ""문구를"", ""스티커로"", ""제작해서"", ""부착"", ""예약은"", ""전화"", ""상담"", ""확정해드리고"", ""지구맛집"", ""지구샌드위치"", ""광주맛집"", ""광주샌드위치"", ""광산구맛집"", ""광산구샌드위치"", ""하남"", ""지구맛집"", ""하남"", ""지구샌드위치"", ""샌드위치맛집"", ""단체예약"", ""샌드위치"", ""샐러드"", ""포케"", ""컵과일"", ""런치박스"", ""답례품"", ""행사간식"", ""캔커피"", ""캔음료""]"
https://www.instagram.com/p/DNUnH8uxRpW/,"여름맛 복숭아 샐러드🍑🍑🍑이거 집에서 만든 비쥬얼 실화인가요😍이태리 미슐랭 3스타에서 요리하던 쉐프님이 전수해주신엄청 간단한데 상콤상콤 맛있는 복숭아 샐러드 레시피👍민트랑 복숭아가 이렇게 잘 어울릴 줄은 몰랐다능🥹파르마지아노 치즈칩🧀1분이면 만드는데 왜케 근사한거에요 !!!복숭아 좋아하시는 분들 손🍑🍑🍑요거 홈파티나 브런치에 올리거나 와인안주로 내놓으면물개박수 받을 느낌적인 느낌입니다😘.📌 사진 속 테이블 매트는 @heriter.atelier 제품이에요❤️친구네 집에가서 첫 눈에 보고 반해버린 테이블 매트라브랜드측에 바로 연락해서😘 최저가 공구 일정 잡아놨지요🙌📌 @29cm.home 랑 함께하는 프로젝트🤓 역대급 최저가로 데려와볼테니 다들 기대해주기룽❤️ 헤리터 테이블 매트 관심있던 분 계신가요 +_+📌 엄청 얇고 가벼운 스텐 재질로향균 99.99%라 음식을 바로 올릴 수도 있고,뜨거운 냄비 올려놔도 그을리지 않더라구요.비쥬얼 끝판왕이라 이거 하나로 식탁이 완전 고급져집니다 ㅎㅎㅎ 음식 흘리면 물로 씻어버리기 ~ 그동안 제가 찾던 완벽한 테이블 매트😍.➡️ 플레이팅 그릇은 @twl_shop ➡️ 무쇠팬은 @vermicular_korea ...#류니키친 #샐러드 #복숭아 #샐러드맛집 #헤리터 #테이블매트 #와인안주 #와인 #와인한잔 #와인테이스팅 #tablesettings #plating #tableware #wineanddine",류니키친;샐러드;복숭아;샐러드맛집;헤리터;테이블매트;와인안주;와인;와인한잔;와인테이스팅;tablesettings;plating;tableware;wineanddine,여름맛 복숭아 샐러드 이거 집에서 만든 비쥬얼 실화인가요 이태리 미슐랭 스타에서 요리하던 쉐프님이 전수해주신엄청 간단한데 상콤상콤 맛있는 복숭아 샐러드 레시피 민트랑 복숭아가 이렇게 잘 어울릴 줄은 몰랐다능 파르마지아노 치즈칩 분이면 만드는데 왜케 근사한거에요 복숭아 좋아하시는 분들 손 요거 홈파티나 브런치에 올리거나 와인안주로 내놓으면물개박수 받을 느낌적인 느낌입니다 사진 속 테이블 매트는 제품이에요 친구네 집에가서 첫 눈에 보고 반해버린 테이블 매트라브랜드측에 바로 연락해서 최저가 공구 일정 잡아놨지요 랑 함께하는 프로젝트 역대급 최저가로 데려와볼테니 다들 기대해주기룽 헤리터 테이블 매트 관심있던 분 계신가요 엄청 얇고 가벼운 스텐 재질로향균 라 음식을 바로 올릴 수도 있고 뜨거운 냄비 올려놔도 그을리지 않더라구요 비쥬얼 끝판왕이라 이거 하나로 식탁이 완전 고급져집니다 ㅎㅎㅎ 음식 흘리면 물로 씻어버리기 그동안 제가 찾던 완벽한 테이블 매트 플레이팅 그릇은 무쇠팬은 #류니키친 #샐러드 #복숭아 #샐러드맛집 #헤리터 #테이블매트 #와인안주 #와인 #와인한잔 #와인테이스팅 # # # #,"[""여름맛"", ""복숭아"", ""샐러드"", ""집에서"", ""만든"", ""비쥬얼"", ""실화인가요"", ""이태리"", ""미슐랭"", ""스타에서"", ""요리하던"", ""쉐프님이"", ""전수해주신엄청"", ""간단한데"", ""상콤상콤"", ""복숭아"", ""샐러드"", ""레시피"", ""민트랑"", ""복숭아가"", ""어울릴"", ""줄은"", ""몰랐다능"", ""파르마지아노"", ""치즈칩"", ""분이면"", ""만드는데"", ""왜케"", ""근사한거에요"", ""복숭아"", ""좋아하시는"", ""분들"", ""요거"", ""홈파티나"", ""브런치에"", ""올리거나"", ""와인안주로"", ""내놓으면물개박수"", ""받을"", ""느낌적인"", ""느낌입니다"", ""사진"", ""매트는"", ""제품이에요"", ""친구네"", ""집에가서"", ""눈에"", ""반해버린"", ""매트라브랜드측에"", ""연락해서"", ""최저가"", ""공구"", ""일정"", ""잡아놨지요"", ""함께하는"", ""프로젝트"", ""역대급"", ""최저가로"", ""데려와볼테니"", ""기대해주기룽"", ""헤리터"", ""매트"", ""관심있던"", ""계신가요"", ""얇고"", ""가벼운"", ""스텐"", ""재질로향균"", ""음식을"", ""올릴"", ""수도"", ""있고"", ""뜨거운"", ""냄비"", ""올려놔도"", ""그을리지"", ""않더라구요"", ""비쥬얼"", ""끝판왕이라"", ""하나로"", ""식탁이"", ""고급져집니다"", ""ㅎㅎㅎ"", ""흘리면"", ""물로"", ""씻어버리기"", ""그동안"", ""찾던"", ""완벽한"", ""매트"", ""플레이팅"", ""그릇은"", ""무쇠팬은""]","[""류니키친"", ""샐러드"", ""복숭아"", ""샐러드맛집"", ""헤리터"", ""테이블매트"", ""와인안주"", ""와인"", ""와인한잔"", ""와인테이스팅""]","[""여름맛"", ""복숭아"", ""샐러드"", ""집에서"", ""만든"", ""비쥬얼"", ""실화인가요"", ""이태리"", ""미슐랭"", ""스타에서"", ""요리하던"", ""쉐프님이"", ""전수해주신엄청"", ""간단한데"", ""상콤상콤"", ""복숭아"", ""샐러드"", ""레시피"", ""민트랑"", ""복숭아가"", ""어울릴"", ""줄은"", ""몰랐다능"", ""파르마지아노"", ""치즈칩"", ""분이면"", ""만드는데"", ""왜케"", ""근사한거에요"", ""복숭아"", ""좋아하시는"", ""분들"", ""요거"", ""홈파티나"", ""브런치에"", ""올리거나"", ""와인안주로"", ""내놓으면물개박수"", ""받을"", ""느낌적인"", ""느낌입니다"", ""사진"", ""매트는"", ""제품이에요"", ""친구네"", ""집에가서"", ""눈에"", ""반해버린"", ""매트라브랜드측에"", ""연락해서"", ""최저가"", ""공구"", ""일정"", ""잡아놨지요"", ""함께하는"", ""프로젝트"", ""역대급"", ""최저가로"", ""데려와볼테니"", ""기대해주기룽"", ""헤리터"", ""매트"", ""관심있던"", ""계신가요"", ""얇고"", ""가벼운"", ""스텐"", ""재질로향균"", ""음식을"", ""올릴"", ""수도"", ""있고"", ""뜨거운"", ""냄비"", ""올려놔도"", ""그을리지"", ""않더라구요"", ""비쥬얼"", ""끝판왕이라"", ""하나로"", ""식탁이"", ""고급져집니다"", ""ㅎㅎㅎ"", ""흘리면"", ""물로"", ""씻어버리기"", ""그동안"", ""찾던"", ""완벽한"", ""매트"", ""플레이팅"", ""그릇은"", ""무쇠팬은"", ""류니키친"", ""샐러드"", ""복숭아"", ""샐러드맛집"", ""헤리터"", ""테이블매트"", ""와인안주"", ""와인"", ""와인한잔"", ""와인테이스팅""]"
https://www.instagram.com/p/DOXireqAYVV/,"📝25.09.09.화#제품제공한 입 시리즈⍤오늘은 한 입에 쏙쏙 집어먹기 좋은 도시락으로 만들어봤어요ෆ̈쿠킹하루님 영상보며 밥도그를 한 입 크기로 잘라서 김밥처럼 먹었음 했는데 모양이 깔끔하진 않지만 요거 아이들이 좋아할 맛이네용ꔚ 반찬으로는 ‘명인만두’에서 보내주신 고기만두와 고추만두로 매콤새콤달콤한 비빔만두 만들었어요!둘 다 한 입에 쏙쏙 넣기 좋은 사이즈라 넘 귀엽고 도시락에 활용도가 좋을 것 같더라구요!🥩고기만두는 고기랑 채소가 꽉꽉 차있고 한 입에 넣으면 팡하고 간이 잘 되어 있는 고기맛이 확 퍼져요✨ 명절에 느낄 수 있는 맛있는 고기 소 느낌…!?🌶️고추만두는 알싸한 국내산 청양고추 향이 확 퍼지는데 입안에서는 크게 매운 맛이 나기보다 은은하게 개운한 매운맛이 나더라구요! 부담없이 계속 집어먹게 되는 맛!💭요즘 맛있는 만두 제품들 많지만, 역시 만두 전문점은 다르구나!! 하는 생각이 들면서 맛있게 먹었어요👀만둣국에도 찐•군만두에도 두루두루 다 좋을 것 같은데 저는 라면에 청양고추만두 톡톡 넣어주면 아주 국물까지 맛있어질 것 같은,,🍜🙈다들 명인만두 한 입씩 쏙쏙 넣고 가셔요💗🎁 명인만두 ( @mi_mandoo )#만두 #명인만두 #고기만두 #고추만두 #도시락 #직장인도시락 #남편도시락 #점심도시락 #집밥도시락 #집밥 #집밥요리 #집밥일기 #직장인점심 #점심메뉴추천 #도시락메뉴 #집밥메뉴 #수제도시락 #한식도시락 #한끼 #비빔만두 #소시지김밥 #밥도그 #샐러드",제품제공한;만두;명인만두;고기만두;고추만두;도시락;직장인도시락;남편도시락;점심도시락;집밥도시락;집밥;집밥요리;집밥일기;직장인점심;점심메뉴추천;도시락메뉴;집밥메뉴;수제도시락;한식도시락;한끼;비빔만두;소시지김밥;밥도그;샐러드,화#제품제공한 입 시리즈 오늘은 한 입에 쏙쏙 집어먹기 좋은 도시락으로 만들어봤어요 쿠킹하루님 영상보며 밥도그를 한 입 크기로 잘라서 김밥처럼 먹었음 했는데 모양이 깔끔하진 않지만 요거 아이들이 좋아할 맛이네용 반찬으로는 명인만두 에서 보내주신 고기만두와 고추만두로 매콤새콤달콤한 비빔만두 만들었어요 둘 다 한 입에 쏙쏙 넣기 좋은 사이즈라 넘 귀엽고 도시락에 활용도가 좋을 것 같더라구요 고기만두는 고기랑 채소가 꽉꽉 차있고 한 입에 넣으면 팡하고 간이 잘 되어 있는 고기맛이 확 퍼져요 명절에 느낄 수 있는 맛있는 고기 소 느낌 고추만두는 알싸한 국내산 청양고추 향이 확 퍼지는데 입안에서는 크게 매운 맛이 나기보다 은은하게 개운한 매운맛이 나더라구요 부담없이 계속 집어먹게 되는 맛 요즘 맛있는 만두 제품들 많지만 역시 만두 전문점은 다르구나 하는 생각이 들면서 맛있게 먹었어요 만둣국에도 찐 군만두에도 두루두루 다 좋을 것 같은데 저는 라면에 청양고추만두 톡톡 넣어주면 아주 국물까지 맛있어질 것 같은 다들 명인만두 한 입씩 쏙쏙 넣고 가셔요 명인만두 #만두 #명인만두 #고기만두 #고추만두 #도시락 #직장인도시락 #남편도시락 #점심도시락 #집밥도시락 #집밥 #집밥요리 #집밥일기 #직장인점심 #점심메뉴추천 #도시락메뉴 #집밥메뉴 #수제도시락 #한식도시락 #한끼 #비빔만두 #소시지김밥 #밥도그 #샐러드,"[""시리즈"", ""입에"", ""쏙쏙"", ""집어먹기"", ""도시락으로"", ""쿠킹하루님"", ""영상보며"", ""밥도그를"", ""크기로"", ""잘라서"", ""김밥처럼"", ""먹었음"", ""했는데"", ""모양이"", ""깔끔하진"", ""않지만"", ""요거"", ""아이들이"", ""좋아할"", ""맛이네용"", ""반찬으로는"", ""명인만두"", ""보내주신"", ""고기만두와"", ""고추만두로"", ""매콤새콤달콤한"", ""비빔만두"", ""만들었어요"", ""입에"", ""쏙쏙"", ""넣기"", ""사이즈라"", ""귀엽고"", ""도시락에"", ""활용도가"", ""좋을"", ""같더라구요"", ""고기만두는"", ""고기랑"", ""채소가"", ""꽉꽉"", ""차있고"", ""입에"", ""넣으면"", ""팡하고"", ""간이"", ""고기맛이"", ""퍼져요"", ""명절에"", ""느낄"", ""고기"", ""느낌"", ""고추만두는"", ""알싸한"", ""국내산"", ""청양고추"", ""퍼지는데"", ""입안에서는"", ""크게"", ""매운"", ""나기보다"", ""은은하게"", ""개운한"", ""매운맛이"", ""나더라구요"", ""부담없이"", ""집어먹게"", ""만두"", ""제품들"", ""많지만"", ""만두"", ""전문점은"", ""다르구나"", ""생각이"", ""들면서"", ""만둣국에도"", ""군만두에도"", ""두루두루"", ""좋을"", ""같은데"", ""라면에"", ""청양고추만두"", ""톡톡"", ""넣어주면"", ""국물까지"", ""맛있어질"", ""명인만두"", ""입씩"", ""쏙쏙"", ""가셔요"", ""명인만두""]","[""제품제공한"", ""만두"", ""명인만두"", ""고기만두"", ""고추만두"", ""도시락"", ""직장인도시락"", ""남편도시락"", ""점심도시락"", ""집밥도시락"", ""집밥"", ""집밥요리"", ""집밥일기"", ""직장인점심"", ""점심메뉴추천"", ""도시락메뉴"", ""집밥메뉴"", ""수제도시락"", ""한식도시락"", ""한끼"", ""비빔만두"", ""소시지김밥"", ""밥도그"", ""샐러드""]","[""시리즈"", ""입에"", ""쏙쏙"", ""집어먹기"", ""도시락으로"", ""쿠킹하루님"", ""영상보며"", ""밥도그를"", ""크기로"", ""잘라서"", ""김밥처럼"", ""먹었음"", ""했는데"", ""모양이"", ""깔끔하진"", ""않지만"", ""요거"", ""아이들이"", ""좋아할"", ""맛이네용"", ""반찬으로는"", ""명인만두"", ""보내주신"", ""고기만두와"", ""고추만두로"", ""매콤새콤달콤한"", ""비빔만두"", ""만들었어요"", ""입에"", ""쏙쏙"", ""넣기"", ""사이즈라"", ""귀엽고"", ""도시락에"", ""활용도가"", ""좋을"", ""같더라구요"", ""고기만두는"", ""고기랑"", ""채소가"", ""꽉꽉"", ""차있고"", ""입에"", ""넣으면"", ""팡하고"", ""간이"", ""고기맛이"", ""퍼져요"", ""명절에"", ""느낄"", ""고기"", ""느낌"", ""고추만두는"", ""알싸한"", ""국내산"", ""청양고추"", ""퍼지는데"", ""입안에서는"", ""크게"", ""매운"", ""나기보다"", ""은은하게"", ""개운한"", ""매운맛이"", ""나더라구요"", ""부담없이"", ""집어먹게"", ""만두"", ""제품들"", ""많지만"", ""만두"", ""전문점은"", ""다르구나"", ""생각이"", ""들면서"", ""만둣국에도"", ""군만두에도"", ""두루두루"", ""좋을"", ""같은데"", ""라면에"", ""청양고추만두"", ""톡톡"", ""넣어주면"", ""국물까지"", ""맛있어질"", ""명인만두"", ""입씩"", ""쏙쏙"", ""가셔요"", ""명인만두"", ""제품제공한"", ""만두"", ""명인만두"", ""고기만두"", ""고추만두"", ""도시락"", ""직장인도시락"", ""남편도시락"", ""점심도시락"", ""집밥도시락"", ""집밥"", ""집밥요리"", ""집밥일기"", ""직장인점심"", ""점심메뉴추천"", ""도시락메뉴"", ""집밥메뉴"", ""수제도시락"", ""한식도시락"", ""한끼"", ""비빔만두"", ""소시지김밥"", ""밥도그"", ""샐러드""]"
https://www.instagram.com/p/DP2vr9ykYQO/c/18060631961167799/,"건강한 유럽 가정식을 먹을 수 있는 잠실맛집 코티지에 다녀왔어요~자연주의, 저당, 제로 슈거를 콘셉🥦저칼로리 요리들을 파는 곳유기농 채소와 제철 식재료 사용풍부한 영양과 맛을 느낄 수 있음😋😋겉은 바삭 촉은 촉촉한 북유럽식 건강 로스트 치킨‼️부드럽게 썰리는 치킨은 육즙 가득 촉촉하면서 야들야들했고 담백한 맛에 은은하게 느껴지는 상큼 향긋한 허브 딜의 향과 버터의 풍미가 더해져 조화로움 저칼로리 건강 파스타 코티지 주키니 면 파스타‼️이곳의 시그니처 메뉴로 밀가루 면 대신 유기농 주키니로 만든 누들을 사용했는데 아삭하면서 시원하니 냉 파스타를 먹는 느낌! 담백 고소한 부드러운 수란에 비트, 감자, 브로콜리 등 구운 뿌리채소와 퀴노아가 들어있는데 소스가 맛있어 이게 채소가 맞나?라는 생각이 드는 맛산뜻한 풍미의 지중해 리코타 샐러드‼부드럽고 고소한 리코타 치즈 위에 상큼한 방울토마토, 달달한 청포도가 가득 올려져 나와 먹기 전부터 눈이 즐거웠고 발사믹 글레이즈와 엑스트라 버진 올리브오일로 폭발적인 풍미와 함께 입맛을 돋아줌주키니면파스타 제외 시그니처 메뉴인 차지키, 후무스 플레이트, 가지라쟈나에 요즘 유행하는 말차 음료도 있다고 하니 다음에 또 먹으러 가야겠다🥦🫛*반려동물 동반 가능(테라스 한정)✔️ 딜 버터 로스트치킨 19,800원코티지 주키니 면 파스타 19,000원지중해 리코타 샐러드 15,800원#히먹_잠실 #코티지서울 송파구 석촌호수로 274 1, 2층-송파나루역 1번 출구 도보 약 10분 소요-🕒 일~목 10:00 - 22:00 | 라스트 오더 20:00금~토 10:00 - 23:00 | 라스트 오더 21:00🚘 주차 불가(근처 공영주차장 이용)#잠실맛집 #송리단길맛집 #석촌호수 #건강식 #저칼로리 #저당 #파스타 #샐러드 #치킨",히먹_잠실;코티지서울;잠실맛집;송리단길맛집;석촌호수;건강식;저칼로리;저당;파스타;샐러드;치킨,건강한 유럽 가정식을 먹을 수 있는 잠실맛집 코티지에 다녀왔어요 자연주의 저당 제로 슈거를 콘셉 저칼로리 요리들을 파는 곳유기농 채소와 제철 식재료 사용풍부한 영양과 맛을 느낄 수 있음 겉은 바삭 촉은 촉촉한 북유럽식 건강 로스트 치킨 부드럽게 썰리는 치킨은 육즙 가득 촉촉하면서 야들야들했고 담백한 맛에 은은하게 느껴지는 상큼 향긋한 허브 딜의 향과 버터의 풍미가 더해져 조화로움 저칼로리 건강 파스타 코티지 주키니 면 파스타 이곳의 시그니처 메뉴로 밀가루 면 대신 유기농 주키니로 만든 누들을 사용했는데 아삭하면서 시원하니 냉 파스타를 먹는 느낌 담백 고소한 부드러운 수란에 비트 감자 브로콜리 등 구운 뿌리채소와 퀴노아가 들어있는데 소스가 맛있어 이게 채소가 맞나 라는 생각이 드는 맛산뜻한 풍미의 지중해 리코타 샐러드 부드럽고 고소한 리코타 치즈 위에 상큼한 방울토마토 달달한 청포도가 가득 올려져 나와 먹기 전부터 눈이 즐거웠고 발사믹 글레이즈와 엑스트라 버진 올리브오일로 폭발적인 풍미와 함께 입맛을 돋아줌주키니면파스타 제외 시그니처 메뉴인 차지키 후무스 플레이트 가지라쟈나에 요즘 유행하는 말차 음료도 있다고 하니 다음에 또 먹으러 가야겠다 반려동물 동반 가능 테라스 한정 딜 버터 로스트치킨 원코티지 주키니 면 파스타 원지중해 리코타 샐러드 원#히먹 잠실 #코티지서울 송파구 석촌호수로 층 송파나루역 번 출구 도보 약 분 소요 일 목 라스트 오더 금 토 라스트 오더 주차 불가 근처 공영주차장 이용 #잠실맛집 #송리단길맛집 #석촌호수 #건강식 #저칼로리 #저당 #파스타 #샐러드 #치킨,"[""건강한"", ""유럽"", ""가정식을"", ""잠실맛집"", ""코티지에"", ""다녀왔어요"", ""자연주의"", ""저당"", ""제로"", ""슈거를"", ""콘셉"", ""저칼로리"", ""요리들을"", ""파는"", ""곳유기농"", ""채소와"", ""제철"", ""식재료"", ""사용풍부한"", ""영양과"", ""느낄"", ""있음"", ""겉은"", ""바삭"", ""촉은"", ""촉촉한"", ""북유럽식"", ""건강"", ""로스트"", ""치킨"", ""부드럽게"", ""썰리는"", ""치킨은"", ""육즙"", ""촉촉하면서"", ""야들야들했고"", ""담백한"", ""맛에"", ""은은하게"", ""느껴지는"", ""상큼"", ""향긋한"", ""허브"", ""딜의"", ""향과"", ""버터의"", ""풍미가"", ""더해져"", ""조화로움"", ""저칼로리"", ""건강"", ""파스타"", ""코티지"", ""주키니"", ""파스타"", ""이곳의"", ""시그니처"", ""밀가루"", ""대신"", ""유기농"", ""주키니로"", ""만든"", ""누들을"", ""사용했는데"", ""아삭하면서"", ""시원하니"", ""파스타를"", ""느낌"", ""담백"", ""고소한"", ""부드러운"", ""수란에"", ""비트"", ""감자"", ""브로콜리"", ""구운"", ""뿌리채소와"", ""퀴노아가"", ""들어있는데"", ""소스가"", ""맛있어"", ""이게"", ""채소가"", ""맞나"", ""라는"", ""생각이"", ""드는"", ""맛산뜻한"", ""풍미의"", ""지중해"", ""리코타"", ""샐러드"", ""부드럽고"", ""고소한"", ""리코타"", ""치즈"", ""상큼한"", ""방울토마토"", ""달달한"", ""청포도가"", ""올려져"", ""나와"", ""먹기"", ""전부터"", ""눈이"", ""즐거웠고"", ""발사믹"", ""글레이즈와"", ""엑스트라"", ""버진"", ""올리브오일로"", ""폭발적인"", ""풍미와"", ""함께"", ""입맛을"", ""돋아줌주키니면파스타"", ""제외"", ""시그니처"", ""메뉴인"", ""차지키"", ""후무스"", ""플레이트"", ""가지라쟈나에"", ""유행하는"", ""말차"", ""음료도"", ""있다고"", ""하니"", ""다음에"", ""가야겠다"", ""반려동물"", ""동반"", ""테라스"", ""한정"", ""버터"", ""로스트치킨"", ""원코티지"", ""주키니"", ""파스타"", ""원지중해"", ""리코타"", ""샐러드"", ""잠실"", ""송파구"", ""석촌호수로"", ""송파나루역"", ""출구"", ""도보"", ""소요"", ""라스트"", ""오더"", ""라스트"", ""오더"", ""불가"", ""근처"", ""공영주차장""]","[""히먹"", ""잠실"", ""코티지서울"", ""잠실맛집"", ""송리단길맛집"", ""석촌호수"", ""건강식"", ""저칼로리"", ""저당"", ""파스타"", ""샐러드"", ""치킨""]","[""건강한"", ""유럽"", ""가정식을"", ""잠실맛집"", ""코티지에"", ""다녀왔어요"", ""자연주의"", ""저당"", ""제로"", ""슈거를"", ""콘셉"", ""저칼로리"", ""요리들을"", ""파는"", ""곳유기농"", ""채소와"", ""제철"", ""식재료"", ""사용풍부한"", ""영양과"", ""느낄"", ""있음"", ""겉은"", ""바삭"", ""촉은"", ""촉촉한"", ""북유럽식"", ""건강"", ""로스트"", ""치킨"", ""부드럽게"", ""썰리는"", ""치킨은"", ""육즙"", ""촉촉하면서"", ""야들야들했고"", ""담백한"", ""맛에"", ""은은하게"", ""느껴지는"", ""상큼"", ""향긋한"", ""허브"", ""딜의"", ""향과"", ""버터의"", ""풍미가"", ""더해져"", ""조화로움"", ""저칼로리"", ""건강"", ""파스타"", ""코티지"", ""주키니"", ""파스타"", ""이곳의"", ""시그니처"", ""밀가루"", ""대신"", ""유기농"", ""주키니로"", ""만든"", ""누들을"", ""사용했는데"", ""아삭하면서"", ""시원하니"", ""파스타를"", ""느낌"", ""담백"", ""고소한"", ""부드러운"", ""수란에"", ""비트"", ""감자"", ""브로콜리"", ""구운"", ""뿌리채소와"", ""퀴노아가"", ""들어있는데"", ""소스가"", ""맛있어"", ""이게"", ""채소가"", ""맞나"", ""라는"", ""생각이"", ""드는"", ""맛산뜻한"", ""풍미의"", ""지중해"", ""리코타"", ""샐러드"", ""부드럽고"", ""고소한"", ""리코타"", ""치즈"", ""상큼한"", ""방울토마토"", ""달달한"", ""청포도가"", ""올려져"", ""나와"", ""먹기"", ""전부터"", ""눈이"", ""즐거웠고"", ""발사믹"", ""글레이즈와"", ""엑스트라"", ""버진"", ""올리브오일로"", ""폭발적인"", ""풍미와"", ""함께"", ""입맛을"", ""돋아줌주키니면파스타"", ""제외"", ""시그니처"", ""메뉴인"", ""차지키"", ""후무스"", ""플레이트"", ""가지라쟈나에"", ""유행하는"", ""말차"", ""음료도"", ""있다고"", ""하니"", ""다음에"", ""가야겠다"", ""반려동물"", ""동반"", ""테라스"", ""한정"", ""버터"", ""로스트치킨"", ""원코티지"", ""주키니"", ""파스타"", ""원지중해"", ""리코타"", ""샐러드"", ""잠실"", ""송파구"", ""석촌호수로"", ""송파나루역"", ""출구"", ""도보"", ""소요"", ""라스트"", ""오더"", ""라스트"", ""오더"", ""불가"", ""근처"", ""공영주차장"", ""히먹"", ""잠실"", ""코티지서울"", ""잠실맛집"", ""송리단길맛집"", ""석촌호수"", ""건강식"", ""저칼로리"", ""저당"", ""파스타"", ""샐러드"", ""치킨""]"
https://www.instagram.com/p/DP0dGeVE-eR/,"“제철 배를 넣은 파마산치즈 & 루꼴라 샐러드” 즐거운 추석 보내셨나요? 오랜만에 인사드려요.길게 생각했던 연휴인데 벌써 일상 생활로 돌아왔네요.오늘은 추석에 남은 배를 가지고 샐러드를 만들어보려해요. 사과는 자주 요리했는데 배는 명절 아니고서야 만나기가 어렵네요. 우선 샐러드에 들어가는 토핑은 아삭하고 달콤한 배,루꼴라, 메이플 호두, 진한 맛이 좋은 파마산치즈를 넣어 단짠의 조합을 주었고 드레싱은 발사믹 드레싱을 곁들였어요.샐러드 플레이팅도 각각 재료를 나눠 담아 개인 그릇에 토핑을 올려 먹게 만들고 바게트를 구워 크림치즈와 버터를 곁들여 식사 대용으로 만들어 보았습니다.저는 배와 파마산 치즈의 단짠의 맛을 좋아하는데 브리나 까망베르를 곁들여 먹어도 좋아요.재료 배 1/2개 파르메산 치즈 50g 호두 10알+ 메이플 시럽 1과1/2큰술와일드 루꼴라 50g 미니 바게트 1개 + 크림치즈 또는 버터 올리브 오일 약간 드레싱 (고루 섞어 주세요)발사믹 드레싱 2/3큰술 +원당 1작은술+ 다진 양파(샬롯) 1큰술 +소금, 후추 약간+올리브 오일 1과1/2큰술 만드는 법 1.  작은 팬에 호두와 메이플 시럽을 넣고 중불에서 볶는다. 2.  시럽이 실타래처럼 되면 종이 호일을 깔고 호두를 식힌다.3.  배는 먹기 좋게 슬라이스하고 파마산치즈도 얇게 슬라이스 한다.4.  미니 바게트는 반을 잘라 올리브 오일을 두르고 굽는다. 5.  완성 그릇에 배, 슬라이스 파마산치즈, 메이플 호두, 루꼴라, 드레싱을 담는다. 6.  5의 접시에 바게트를 올리고 한 쪽에 치즈나 크림치즈를 곁들여내면 완성입니다. #홈카페#홈카페놀이#홈쿡#홈메이드#홈브런치#브런치맛집#간단요리#초보요리#신혼요리#1인밥상#혼밥#한그릇요리#집밥#집밥스타그램#간식스타그램#온더테이블#빈티지그릇#foodie#살림스타그램#foodstagram#푸드스타일링#맛스타그램#요리스타그램#샐러드#채소요리#veggie#배샐러드#호두샐러드#제철요리",홈카페;홈카페놀이;홈쿡;홈메이드;홈브런치;브런치맛집;간단요리;초보요리;신혼요리;1인밥상;혼밥;한그릇요리;집밥;집밥스타그램;간식스타그램;온더테이블;빈티지그릇;foodie;살림스타그램;foodstagram;푸드스타일링;맛스타그램;요리스타그램;샐러드;채소요리;veggie;배샐러드;호두샐러드;제철요리,제철 배를 넣은 파마산치즈 루꼴라 샐러드 즐거운 추석 보내셨나요 오랜만에 인사드려요 길게 생각했던 연휴인데 벌써 일상 생활로 돌아왔네요 오늘은 추석에 남은 배를 가지고 샐러드를 만들어보려해요 사과는 자주 요리했는데 배는 명절 아니고서야 만나기가 어렵네요 우선 샐러드에 들어가는 토핑은 아삭하고 달콤한 배 루꼴라 메이플 호두 진한 맛이 좋은 파마산치즈를 넣어 단짠의 조합을 주었고 드레싱은 발사믹 드레싱을 곁들였어요 샐러드 플레이팅도 각각 재료를 나눠 담아 개인 그릇에 토핑을 올려 먹게 만들고 바게트를 구워 크림치즈와 버터를 곁들여 식사 대용으로 만들어 보았습니다 저는 배와 파마산 치즈의 단짠의 맛을 좋아하는데 브리나 까망베르를 곁들여 먹어도 좋아요 재료 배 개 파르메산 치즈 호두 알 메이플 시럽 과 큰술와일드 루꼴라 미니 바게트 개 크림치즈 또는 버터 올리브 오일 약간 드레싱 고루 섞어 주세요 발사믹 드레싱 큰술 원당 작은술 다진 양파 샬롯 큰술 소금 후추 약간 올리브 오일 과 큰술 만드는 법 작은 팬에 호두와 메이플 시럽을 넣고 중불에서 볶는다 시럽이 실타래처럼 되면 종이 호일을 깔고 호두를 식힌다 배는 먹기 좋게 슬라이스하고 파마산치즈도 얇게 슬라이스 한다 미니 바게트는 반을 잘라 올리브 오일을 두르고 굽는다 완성 그릇에 배 슬라이스 파마산치즈 메이플 호두 루꼴라 드레싱을 담는다 의 접시에 바게트를 올리고 한 쪽에 치즈나 크림치즈를 곁들여내면 완성입니다 #홈카페#홈카페놀이#홈쿡#홈메이드#홈브런치#브런치맛집#간단요리#초보요리#신혼요리# 인밥상#혼밥#한그릇요리#집밥#집밥스타그램#간식스타그램#온더테이블#빈티지그릇# #살림스타그램# #푸드스타일링#맛스타그램#요리스타그램#샐러드#채소요리# #배샐러드#호두샐러드#제철요리,"[""제철"", ""배를"", ""넣은"", ""파마산치즈"", ""루꼴라"", ""샐러드"", ""즐거운"", ""추석"", ""보내셨나요"", ""인사드려요"", ""길게"", ""생각했던"", ""연휴인데"", ""벌써"", ""일상"", ""생활로"", ""돌아왔네요"", ""추석에"", ""배를"", ""가지고"", ""샐러드를"", ""만들어보려해요"", ""사과는"", ""요리했는데"", ""배는"", ""명절"", ""아니고서야"", ""만나기가"", ""어렵네요"", ""우선"", ""샐러드에"", ""들어가는"", ""토핑은"", ""아삭하고"", ""달콤한"", ""루꼴라"", ""메이플"", ""호두"", ""파마산치즈를"", ""단짠의"", ""조합을"", ""주었고"", ""드레싱은"", ""발사믹"", ""드레싱을"", ""곁들였어요"", ""샐러드"", ""플레이팅도"", ""재료를"", ""나눠"", ""개인"", ""그릇에"", ""토핑을"", ""먹게"", ""만들고"", ""바게트를"", ""구워"", ""크림치즈와"", ""버터를"", ""곁들여"", ""식사"", ""대용으로"", ""만들어"", ""보았습니다"", ""배와"", ""파마산"", ""치즈의"", ""단짠의"", ""좋아하는데"", ""브리나"", ""까망베르를"", ""곁들여"", ""재료"", ""파르메산"", ""치즈"", ""호두"", ""메이플"", ""시럽"", ""큰술와일드"", ""루꼴라"", ""미니"", ""바게트"", ""크림치즈"", ""버터"", ""올리브"", ""오일"", ""드레싱"", ""고루"", ""발사믹"", ""드레싱"", ""큰술"", ""원당"", ""작은술"", ""다진"", ""양파"", ""샬롯"", ""큰술"", ""소금"", ""후추"", ""올리브"", ""오일"", ""큰술"", ""작은"", ""팬에"", ""호두와"", ""메이플"", ""시럽을"", ""중불에서"", ""볶는다"", ""시럽이"", ""실타래처럼"", ""되면"", ""종이"", ""호일을"", ""깔고"", ""호두를"", ""식힌다"", ""배는"", ""먹기"", ""좋게"", ""슬라이스하고"", ""파마산치즈도"", ""얇게"", ""슬라이스"", ""한다"", ""미니"", ""바게트는"", ""반을"", ""올리브"", ""오일을"", ""두르고"", ""굽는다"", ""완성"", ""그릇에"", ""슬라이스"", ""파마산치즈"", ""메이플"", ""호두"", ""루꼴라"", ""드레싱을"", ""담는다"", ""접시에"", ""바게트를"", ""쪽에"", ""치즈나"", ""크림치즈를"", ""곁들여내면"", ""완성입니다"", ""인밥상""]","[""홈카페"", ""홈카페놀이"", ""홈쿡"", ""홈메이드"", ""홈브런치"", ""브런치맛집"", ""간단요리"", ""초보요리"", ""신혼요리"", ""인밥상"", ""혼밥"", ""한그릇요리"", ""집밥"", ""집밥스타그램"", ""간식스타그램"", ""온더테이블"", ""빈티지그릇"", ""살림스타그램"", ""푸드스타일링"", ""맛스타그램"", ""요리스타그램"", ""샐러드"", ""채소요리"", ""배샐러드"", ""호두샐러드"", ""제철요리""]","[""제철"", ""배를"", ""넣은"", ""파마산치즈"", ""루꼴라"", ""샐러드"", ""즐거운"", ""추석"", ""보내셨나요"", ""인사드려요"", ""길게"", ""생각했던"", ""연휴인데"", ""벌써"", ""일상"", ""생활로"", ""돌아왔네요"", ""추석에"", ""배를"", ""가지고"", ""샐러드를"", ""만들어보려해요"", ""사과는"", ""요리했는데"", ""배는"", ""명절"", ""아니고서야"", ""만나기가"", ""어렵네요"", ""우선"", ""샐러드에"", ""들어가는"", ""토핑은"", ""아삭하고"", ""달콤한"", ""루꼴라"", ""메이플"", ""호두"", ""파마산치즈를"", ""단짠의"", ""조합을"", ""주었고"", ""드레싱은"", ""발사믹"", ""드레싱을"", ""곁들였어요"", ""샐러드"", ""플레이팅도"", ""재료를"", ""나눠"", ""개인"", ""그릇에"", ""토핑을"", ""먹게"", ""만들고"", ""바게트를"", ""구워"", ""크림치즈와"", ""버터를"", ""곁들여"", ""식사"", ""대용으로"", ""만들어"", ""보았습니다"", ""배와"", ""파마산"", ""치즈의"", ""단짠의"", ""좋아하는데"", ""브리나"", ""까망베르를"", ""곁들여"", ""재료"", ""파르메산"", ""치즈"", ""호두"", ""메이플"", ""시럽"", ""큰술와일드"", ""루꼴라"", ""미니"", ""바게트"", ""크림치즈"", ""버터"", ""올리브"", ""오일"", ""드레싱"", ""고루"", ""발사믹"", ""드레싱"", ""큰술"", ""원당"", ""작은술"", ""다진"", ""양파"", ""샬롯"", ""큰술"", ""소금"", ""후추"", ""올리브"", ""오일"", ""큰술"", ""작은"", ""팬에"", ""호두와"", ""메이플"", ""시럽을"", ""중불에서"", ""볶는다"", ""시럽이"", ""실타래처럼"", ""되면"", ""종이"", ""호일을"", ""깔고"", ""호두를"", ""식힌다"", ""배는"", ""먹기"", ""좋게"", ""슬라이스하고"", ""파마산치즈도"", ""얇게"", ""슬라이스"", ""한다"", ""미니"", ""바게트는"", ""반을"", ""올리브"", ""오일을"", ""두르고"", ""굽는다"", ""완성"", ""그릇에"", ""슬라이스"", ""파마산치즈"", ""메이플"", ""호두"", ""루꼴라"", ""드레싱을"", ""담는다"", ""접시에"", ""바게트를"", ""쪽에"", ""치즈나"", ""크림치즈를"", ""곁들여내면"", ""완성입니다"", ""인밥상"", ""홈카페"", ""홈카페놀이"", ""홈쿡"", ""홈메이드"", ""홈브런치"", ""브런치맛집"", ""간단요리"", ""초보요리"", ""신혼요리"", ""인밥상"", ""혼밥"", ""한그릇요리"", ""집밥"", ""집밥스타그램"", ""간식스타그램"", ""온더테이블"", ""빈티지그릇"", ""살림스타그램"", ""푸드스타일링"", ""맛스타그램"", ""요리스타그램"", ""샐러드"", ""채소요리"", ""배샐러드"", ""호두샐러드"", ""제철요리""]"
https://www.instagram.com/p/DPz_W2UE0P3/c/18059551259568896/,NEW SALAD✨ 🔥가든 스모크덕 샐러드 훈제 오리의 진한 풍미에수확한 채소의 생기를 더하다🌿노릇하게 구운 단호박과 병아리콩바삭한 그래놀라 토핑까지 보기만 해도 든든해지는 한 그릇💙오늘은 어떤 샐러드로 맛있는 하루를 만들어 볼까? 신메뉴가 궁금하다면샐러드 먹으러 지금 바로 슬로우캘리로!🤗,,가든 스모크덕 샐러드 훈제 오리의 진한 풍미에수확한 채소의 생기를 더하다 노릇하게 구운 단호박과 병아리콩바삭한 그래놀라 토핑까지 보기만 해도 든든해지는 한 그릇 오늘은 어떤 샐러드로 맛있는 하루를 만들어 볼까 신메뉴가 궁금하다면샐러드 먹으러 지금 바로 슬로우캘리로,"[""가든"", ""스모크덕"", ""샐러드"", ""훈제"", ""오리의"", ""풍미에수확한"", ""채소의"", ""생기를"", ""더하다"", ""노릇하게"", ""구운"", ""단호박과"", ""병아리콩바삭한"", ""그래놀라"", ""토핑까지"", ""보기만"", ""든든해지는"", ""샐러드로"", ""하루를"", ""만들어"", ""볼까"", ""신메뉴가"", ""궁금하다면샐러드"", ""지금"", ""슬로우캘리로""]","[""가든"", ""스모크덕"", ""샐러드"", ""훈제"", ""오리의"", ""풍미에수확한"", ""채소의"", ""생기를"", ""더하다"", ""노릇하게"", ""구운"", ""단호박과"", ""병아리콩바삭한"", ""그래놀라"", ""토핑까지"", ""보기만"", ""든든해지는"", ""샐러드로"", ""하루를"", ""만들어"", ""볼까"", ""신메뉴가"", ""궁금하다면샐러드"", ""지금"", ""슬로우캘리로""]","[""가든"", ""스모크덕"", ""샐러드"", ""훈제"", ""오리의"", ""풍미에수확한"", ""채소의"", ""생기를"", ""더하다"", ""노릇하게"", ""구운"", ""단호박과"", ""병아리콩바삭한"", ""그래놀라"", ""토핑까지"", ""보기만"", ""든든해지는"", ""샐러드로"", ""하루를"", ""만들어"", ""볼까"", ""신메뉴가"", ""궁금하다면샐러드"", ""지금"", ""슬로우캘리로"", ""가든"", ""스모크덕"", ""샐러드"", ""훈제"", ""오리의"", ""풍미에수확한"", ""채소의"", ""생기를"", ""더하다"", ""노릇하게"", ""구운"", ""단호박과"", ""병아리콩바삭한"", ""그래놀라"", ""토핑까지"", ""보기만"", ""든든해지는"", ""샐러드로"", ""하루를"", ""만들어"", ""볼까"", ""신메뉴가"", ""궁금하다면샐러드"", ""지금"", ""슬로우캘리로""]"
https://www.instagram.com/p/DQJil6LET6I/,"🍀일산.운정.교하.파주 크로스핏⭐️미국 크로스핏 정식지부🏋‍♂️🏋‍♀️다이어트/근력강화/체력증진🇰🇷 경기도 고양시 일산서구 덕이로 328-12 1층 (삽다리사거리)☎️ 010.4384.5230📖 코치 자격사항:생활체육지도자 2급(보디빌딩),KACEP, NSCA CPT, CROSSFIT LV.2#크로스핏 #일산크로스핏 #운정크로스핏 #파주크로스핏 #다이어트 #다이어트맛집 #식단 #운동 #일상 #데일리 #피트니스 #헬스 #건강 #샐러드 #운동하는남자 #운동하는여자 #눈바디 #운스타그램 #몸스타그램 #소통 #선팔 #맞팔 #인친 #팔로우 #좋아요 #다이렉트 #문의#",크로스핏;일산크로스핏;운정크로스핏;파주크로스핏;다이어트;다이어트맛집;식단;운동;일상;데일리;피트니스;헬스;건강;샐러드;운동하는남자;운동하는여자;눈바디;운스타그램;몸스타그램;소통;선팔;맞팔;인친;팔로우;좋아요;다이렉트;문의,일산 운정 교하 파주 크로스핏 미국 크로스핏 정식지부 다이어트 근력강화 체력증진 경기도 고양시 일산서구 덕이로 층 삽다리사거리 코치 자격사항 생활체육지도자 급 보디빌딩 #크로스핏 #일산크로스핏 #운정크로스핏 #파주크로스핏 #다이어트 #다이어트맛집 #식단 #운동 #일상 #데일리 #피트니스 #헬스 #건강 #샐러드 #운동하는남자 #운동하는여자 #눈바디 #운스타그램 #몸스타그램 #소통 #선팔 #맞팔 #인친 #팔로우 #좋아요 #다이렉트 #문의#,"[""일산"", ""운정"", ""교하"", ""파주"", ""크로스핏"", ""미국"", ""크로스핏"", ""정식지부"", ""다이어트"", ""근력강화"", ""체력증진"", ""경기도"", ""고양시"", ""일산서구"", ""덕이로"", ""삽다리사거리"", ""코치"", ""자격사항"", ""생활체육지도자"", ""보디빌딩""]","[""크로스핏"", ""일산크로스핏"", ""운정크로스핏"", ""파주크로스핏"", ""다이어트"", ""다이어트맛집"", ""식단"", ""운동"", ""일상"", ""데일리"", ""피트니스"", ""헬스"", ""건강"", ""샐러드"", ""운동하는남자"", ""운동하는여자"", ""눈바디"", ""운스타그램"", ""몸스타그램"", ""소통"", ""선팔"", ""맞팔"", ""인친"", ""다이렉트""]","[""일산"", ""운정"", ""교하"", ""파주"", ""크로스핏"", ""미국"", ""크로스핏"", ""정식지부"", ""다이어트"", ""근력강화"", ""체력증진"", ""경기도"", ""고양시"", ""일산서구"", ""덕이로"", ""삽다리사거리"", ""코치"", ""자격사항"", ""생활체육지도자"", ""보디빌딩"", ""크로스핏"", ""일산크로스핏"", ""운정크로스핏"", ""파주크로스핏"", ""다이어트"", ""다이어트맛집"", ""식단"", ""운동"", ""일상"", ""데일리"", ""피트니스"", ""헬스"", ""건강"", ""샐러드"", ""운동하는남자"", ""운동하는여자"", ""눈바디"", ""운스타그램"", ""몸스타그램"", ""소통"", ""선팔"", ""맞팔"", ""인친"", ""다이렉트""]"
https://www.instagram.com/p/DPuu2cKk7Qr/c/18045443669389773/,"이번 연휴 때 너무 많이 먹었나 ..? 😅오늘은 건강식 위주로 먹어야겠다 ㅎ..ㅎ긴 연휴 동안 먹방만 찍은 사람 손 !!ㄴ 에디터 : 사실 접니다 .. ✋🏻🌶️ 맵고 짠 음식도 맛있지만,세상에 맛있는 채식이 이렇게 많답니다 🥬오늘은 한 끼라도 속 편하게 먹어보자고요 ! 🍃🗒️ 브랜드 정보 ❶ 베지스 @veggies.kitchen.and.bar📍서울 서대문구 홍연길 87 1층(연희동) ❷ 베지 스튜디오 @vegestudio_seoul🚏공덕역📍 서울 마포구 백범로 152 202동 1층 13호 ❸ 리프레쉬먼트 @re.fresh.ment🚏뚝섬역📍서울 성동구 금호산2길 20-1 ❹ 풀 발효부엌 @abcpul🚏망원역📍서울 마포구 포은로 89 2F 풀 발효부엌 ❺ 밸런스포케 @balancepoke🚏역삼역📍서울 강남구 강남대로94길 75 1층 ❻ 흑미원조2018 식물원김밥🚏서초역📍서울 서초구 서초대로38길 12 애비뉴상가 B119호에디터 | EOM DA HEE이미지 | ©️Knewnew, 각 브랜드 채널#비건맛집 #채식맛집 #건강식추천 #건강식맛집 #다이어트 #샐러드#카페추천 #맛집추천 #맛집투어",비건맛집;채식맛집;건강식추천;건강식맛집;다이어트;샐러드;카페추천;맛집추천;맛집투어,이번 연휴 때 너무 많이 먹었나 오늘은 건강식 위주로 먹어야겠다 ㅎ ㅎ긴 연휴 동안 먹방만 찍은 사람 손 ㄴ 에디터 사실 접니다 맵고 짠 음식도 맛있지만 세상에 맛있는 채식이 이렇게 많답니다 오늘은 한 끼라도 속 편하게 먹어보자고요 브랜드 정보 베지스 서울 서대문구 홍연길 층 연희동 베지 스튜디오 공덕역 서울 마포구 백범로 동 층 호 리프레쉬먼트 뚝섬역 서울 성동구 금호산 길 풀 발효부엌 망원역 서울 마포구 포은로 풀 발효부엌 밸런스포케 역삼역 서울 강남구 강남대로 길 층 흑미원조 식물원김밥 서초역 서울 서초구 서초대로 길 애비뉴상가 호에디터 이미지 각 브랜드 채널#비건맛집 #채식맛집 #건강식추천 #건강식맛집 #다이어트 #샐러드#카페추천 #맛집추천 #맛집투어,"[""먹었나"", ""건강식"", ""위주로"", ""먹어야겠다"", ""ㅎ긴"", ""동안"", ""먹방만"", ""찍은"", ""에디터"", ""사실"", ""접니다"", ""맵고"", ""음식도"", ""맛있지만"", ""세상에"", ""채식이"", ""많답니다"", ""끼라도"", ""편하게"", ""먹어보자고요"", ""정보"", ""베지스"", ""서대문구"", ""홍연길"", ""연희동"", ""베지"", ""스튜디오"", ""공덕역"", ""마포구"", ""백범로"", ""리프레쉬먼트"", ""뚝섬역"", ""성동구"", ""금호산"", ""발효부엌"", ""망원역"", ""마포구"", ""포은로"", ""발효부엌"", ""밸런스포케"", ""역삼역"", ""강남구"", ""강남대로"", ""흑미원조"", ""식물원김밥"", ""서초역"", ""서초구"", ""서초대로"", ""애비뉴상가"", ""호에디터"", ""이미지"", ""채널""]","[""비건맛집"", ""채식맛집"", ""건강식추천"", ""건강식맛집"", ""다이어트"", ""샐러드"", ""카페추천"", ""맛집추천"", ""맛집투어""]","[""먹었나"", ""건강식"", ""위주로"", ""먹어야겠다"", ""ㅎ긴"", ""동안"", ""먹방만"", ""찍은"", ""에디터"", ""사실"", ""접니다"", ""맵고"", ""음식도"", ""맛있지만"", ""세상에"", ""채식이"", ""많답니다"", ""끼라도"", ""편하게"", ""먹어보자고요"", ""정보"", ""베지스"", ""서대문구"", ""홍연길"", ""연희동"", ""베지"", ""스튜디오"", ""공덕역"", ""마포구"", ""백범로"", ""리프레쉬먼트"", ""뚝섬역"", ""성동구"", ""금호산"", ""발효부엌"", ""망원역"", ""마포구"", ""포은로"", ""발효부엌"", ""밸런스포케"", ""역삼역"", ""강남구"", ""강남대로"", ""흑미원조"", ""식물원김밥"", ""서초역"", ""서초구"", ""서초대로"", ""애비뉴상가"", ""호에디터"", ""이미지"", ""채널"", ""비건맛집"", ""채식맛집"", ""건강식추천"", ""건강식맛집"", ""다이어트"", ""샐러드"", ""카페추천"", ""맛집추천"", ""맛집투어""]"
https://www.instagram.com/p/DNKHNn6JQzo/,"📌아오리사과 퀴노아 샐러드퀴노아 50g (삶기전)아오리 사과 2개오이 1개토마토 1개양파 1/2개병아리콩 1캔당근 1/2개레몬제스트 1개 분량루꼴라 50g소금, 후추, 화이트 발사믹 6큰술, 올리브오일 7큰술1. 퀴노아는 소금 약간 넣어 삶아 물기 빼둡니다.2. 아오리 사과, 토마토, 양파는 똑같은 사이즈로 (정사각형) 작게 잘라주세요.3. 오이는 씨 빼고 잘라 준비합니다.4. 당근은 얇게 채썰어 준비하고 병아리콩은 캔 따서 물 따라 버리고 서너번 흐르는 물에 헹궈 물기 빼주세요.5. 루꼴라는 잘게 채썰고 레몬제스트 준비합니다. (될 수 있으면 유기농 레몬을 사용하고, 세척은 베이킹 소다와 식초 물에 담궈 뒀다가 다시 한번 더 베이킹 소다와 식초만 섞은 뻑뻑한 제형으로 닦듯이 문질러 헹궈 줍니다.)6. 볼에 모두 넣고 잘 섞어 서브합니다. (기호에 따라 참치캔 곁들여 먹거나 삶은 계란과 먹어도 맛있어요!)별거 아닌 레시피지만, 발란스가 좋았고아주 싱싱한 당근을 얇게 채썰어 넣으니씹는 맛이 너무 좋아서,샐러드 좋아하시는 분들 저처럼 맛나게 드실것 같아하나라도 더 공유해 드려요~♥️친정 엄마도 한 통 만들어 드렸는데,너무 맛있다고 전화 오셨네요!소금과 후추는 취향껏 추가해 드세요!😬#에밀리엣홈 #퀴노아샐러드 #샐러드 #저속노화 #화이트발사믹",에밀리엣홈;퀴노아샐러드;샐러드;저속노화;화이트발사믹,아오리사과 퀴노아 샐러드퀴노아 삶기전 아오리 사과 개오이 개토마토 개양파 개병아리콩 캔당근 개레몬제스트 개 분량루꼴라 소금 후추 화이트 발사믹 큰술 올리브오일 큰술 퀴노아는 소금 약간 넣어 삶아 물기 빼둡니다 아오리 사과 토마토 양파는 똑같은 사이즈로 정사각형 작게 잘라주세요 오이는 씨 빼고 잘라 준비합니다 당근은 얇게 채썰어 준비하고 병아리콩은 캔 따서 물 따라 버리고 서너번 흐르는 물에 헹궈 물기 빼주세요 루꼴라는 잘게 채썰고 레몬제스트 준비합니다 될 수 있으면 유기농 레몬을 사용하고 세척은 베이킹 소다와 식초 물에 담궈 뒀다가 다시 한번 더 베이킹 소다와 식초만 섞은 뻑뻑한 제형으로 닦듯이 문질러 헹궈 줍니다 볼에 모두 넣고 잘 섞어 서브합니다 기호에 따라 참치캔 곁들여 먹거나 삶은 계란과 먹어도 맛있어요 별거 아닌 레시피지만 발란스가 좋았고아주 싱싱한 당근을 얇게 채썰어 넣으니씹는 맛이 너무 좋아서 샐러드 좋아하시는 분들 저처럼 맛나게 드실것 같아하나라도 더 공유해 드려요 친정 엄마도 한 통 만들어 드렸는데 너무 맛있다고 전화 오셨네요 소금과 후추는 취향껏 추가해 드세요 #에밀리엣홈 #퀴노아샐러드 #샐러드 #저속노화 #화이트발사믹,"[""아오리사과"", ""퀴노아"", ""샐러드퀴노아"", ""삶기전"", ""아오리"", ""사과"", ""개오이"", ""개토마토"", ""개양파"", ""개병아리콩"", ""캔당근"", ""개레몬제스트"", ""분량루꼴라"", ""소금"", ""후추"", ""화이트"", ""발사믹"", ""큰술"", ""올리브오일"", ""큰술"", ""퀴노아는"", ""소금"", ""삶아"", ""물기"", ""빼둡니다"", ""아오리"", ""사과"", ""토마토"", ""양파는"", ""똑같은"", ""사이즈로"", ""정사각형"", ""작게"", ""잘라주세요"", ""오이는"", ""빼고"", ""준비합니다"", ""당근은"", ""얇게"", ""채썰어"", ""준비하고"", ""병아리콩은"", ""따서"", ""버리고"", ""서너번"", ""흐르는"", ""물에"", ""헹궈"", ""물기"", ""빼주세요"", ""루꼴라는"", ""잘게"", ""채썰고"", ""레몬제스트"", ""준비합니다"", ""있으면"", ""유기농"", ""레몬을"", ""사용하고"", ""세척은"", ""베이킹"", ""소다와"", ""식초"", ""물에"", ""담궈"", ""뒀다가"", ""베이킹"", ""소다와"", ""식초만"", ""섞은"", ""뻑뻑한"", ""제형으로"", ""닦듯이"", ""문질러"", ""헹궈"", ""줍니다"", ""볼에"", ""서브합니다"", ""기호에"", ""참치캔"", ""곁들여"", ""먹거나"", ""계란과"", ""별거"", ""아닌"", ""레시피지만"", ""발란스가"", ""좋았고아주"", ""싱싱한"", ""당근을"", ""얇게"", ""채썰어"", ""넣으니씹는"", ""좋아서"", ""샐러드"", ""좋아하시는"", ""분들"", ""저처럼"", ""맛나게"", ""드실것"", ""같아하나라도"", ""공유해"", ""드려요"", ""친정"", ""엄마도"", ""만들어"", ""드렸는데"", ""맛있다고"", ""전화"", ""오셨네요"", ""소금과"", ""후추는"", ""취향껏"", ""추가해""]","[""에밀리엣홈"", ""퀴노아샐러드"", ""샐러드"", ""저속노화"", ""화이트발사믹""]","[""아오리사과"", ""퀴노아"", ""샐러드퀴노아"", ""삶기전"", ""아오리"", ""사과"", ""개오이"", ""개토마토"", ""개양파"", ""개병아리콩"", ""캔당근"", ""개레몬제스트"", ""분량루꼴라"", ""소금"", ""후추"", ""화이트"", ""발사믹"", ""큰술"", ""올리브오일"", ""큰술"", ""퀴노아는"", ""소금"", ""삶아"", ""물기"", ""빼둡니다"", ""아오리"", ""사과"", ""토마토"", ""양파는"", ""똑같은"", ""사이즈로"", ""정사각형"", ""작게"", ""잘라주세요"", ""오이는"", ""빼고"", ""준비합니다"", ""당근은"", ""얇게"", ""채썰어"", ""준비하고"", ""병아리콩은"", ""따서"", ""버리고"", ""서너번"", ""흐르는"", ""물에"", ""헹궈"", ""물기"", ""빼주세요"", ""루꼴라는"", ""잘게"", ""채썰고"", ""레몬제스트"", ""준비합니다"", ""있으면"", ""유기농"", ""레몬을"", ""사용하고"", ""세척은"", ""베이킹"", ""소다와"", ""식초"", ""물에"", ""담궈"", ""뒀다가"", ""베이킹"", ""소다와"", ""식초만"", ""섞은"", ""뻑뻑한"", ""제형으로"", ""닦듯이"", ""문질러"", ""헹궈"", ""줍니다"", ""볼에"", ""서브합니다"", ""기호에"", ""참치캔"", ""곁들여"", ""먹거나"", ""계란과"", ""별거"", ""아닌"", ""레시피지만"", ""발란스가"", ""좋았고아주"", ""싱싱한"", ""당근을"", ""얇게"", ""채썰어"", ""넣으니씹는"", ""좋아서"", ""샐러드"", ""좋아하시는"", ""분들"", ""저처럼"", ""맛나게"", ""드실것"", ""같아하나라도"", ""공유해"", ""드려요"", ""친정"", ""엄마도"", ""만들어"", ""드렸는데"", ""맛있다고"", ""전화"", ""오셨네요"", ""소금과"", ""후추는"", ""취향껏"", ""추가해"", ""에밀리엣홈"", ""퀴노아샐러드"", ""샐러드"", ""저속노화"", ""화이트발사믹""]"
https://www.instagram.com/p/DKdxeJhT7cJ/,"6월04일 수요일.원하시는 구성, 시간, 장소, 배달~~단체 간식 주문은~~죠샌드위치샐러드여주점여주죠샌드위치감사합니다.메뉴에 없는 구성도 예산에 맞춰일정에 맞춰 구성해서 단체 주문 가능합니다.문의주세요. 031-881-0107죠샌드위치 여주점경기 여주시 세종로 389, 1층 #죠샌드위치샐러드여주점 이 있습니다.#단체주문 문의환영 3,800원부터 구성변경 #여주맛집 여주행사간식 단체간식 학교간식 학원간식 교회간식 체육대회간식 행사간식 031-881-0107구성, 가격 최대한 맞춰원하시는 시간 배달 해드립니다. 지드림카드 여주사랑카드#샌드위치 #샐러드 음료 무료배달 치아바타 빠네디까사1.배달의민족 최소주문 12,000원https://baemin.me/MEXGVIRmq2.요기요 최소주문 8,300원https://yogiyo.onelink.me/BlI7/643hdoss3.배달특급 최소주문 12,000원(지역화폐, 여주사랑카드, #지드림카드, #G드림카드 )",죠샌드위치샐러드여주점;단체주문;여주맛집;샌드위치;샐러드;지드림카드;G드림카드,월 일 수요일 원하시는 구성 시간 장소 배달 단체 간식 주문은 죠샌드위치샐러드여주점여주죠샌드위치감사합니다 메뉴에 없는 구성도 예산에 맞춰일정에 맞춰 구성해서 단체 주문 가능합니다 문의주세요 죠샌드위치 여주점경기 여주시 세종로 층 #죠샌드위치샐러드여주점 이 있습니다 #단체주문 문의환영 원부터 구성변경 #여주맛집 여주행사간식 단체간식 학교간식 학원간식 교회간식 체육대회간식 행사간식 구성 가격 최대한 맞춰원하시는 시간 배달 해드립니다 지드림카드 여주사랑카드#샌드위치 #샐러드 음료 무료배달 치아바타 빠네디까사 배달의민족 최소주문 원 최소주문 원 최소주문 원 지역화폐 여주사랑카드 #지드림카드 # 드림카드,"[""수요일"", ""원하시는"", ""구성"", ""시간"", ""장소"", ""배달"", ""간식"", ""주문은"", ""죠샌드위치샐러드여주점여주죠샌드위치감사합니다"", ""메뉴에"", ""구성도"", ""예산에"", ""맞춰일정에"", ""구성해서"", ""주문"", ""죠샌드위치"", ""여주점경기"", ""여주시"", ""세종로"", ""문의환영"", ""원부터"", ""구성변경"", ""여주행사간식"", ""단체간식"", ""학교간식"", ""학원간식"", ""교회간식"", ""체육대회간식"", ""행사간식"", ""구성"", ""맞춰원하시는"", ""시간"", ""배달"", ""해드립니다"", ""지드림카드"", ""음료"", ""무료배달"", ""치아바타"", ""빠네디까사"", ""배달의민족"", ""지역화폐"", ""드림카드""]","[""죠샌드위치샐러드여주점"", ""여주맛집"", ""샌드위치"", ""샐러드"", ""지드림카드"", ""드림카드""]","[""수요일"", ""원하시는"", ""구성"", ""시간"", ""장소"", ""배달"", ""간식"", ""주문은"", ""죠샌드위치샐러드여주점여주죠샌드위치감사합니다"", ""메뉴에"", ""구성도"", ""예산에"", ""맞춰일정에"", ""구성해서"", ""주문"", ""죠샌드위치"", ""여주점경기"", ""여주시"", ""세종로"", ""문의환영"", ""원부터"", ""구성변경"", ""여주행사간식"", ""단체간식"", ""학교간식"", ""학원간식"", ""교회간식"", ""체육대회간식"", ""행사간식"", ""구성"", ""맞춰원하시는"", ""시간"", ""배달"", ""해드립니다"", ""지드림카드"", ""음료"", ""무료배달"", ""치아바타"", ""빠네디까사"", ""배달의민족"", ""지역화폐"", ""드림카드"", ""죠샌드위치샐러드여주점"", ""여주맛집"", ""샌드위치"", ""샐러드"", ""지드림카드"", ""드림카드""]"
https://www.instagram.com/p/DM2YT_fvYix/c/18093126691634560/,지난주 토요일 #새참레시피 두부님 인스타 보고 만들어간 두부오이토마토샐러드🍅🥒 두부가 단단해서 생두부 그대로 넣고 만들었습니다~! 요즘 맛있는 토마토 오이 잔뜩 넣고 만들어 보세용🥰 소금은 3꼬집 정도 / 후추는 원하는 만큼 넣으셔요 ㅎㅎ 두부는 경주더두부의 수제손두부입니다! @the.dooboo,새참레시피,지난주 토요일 #새참레시피 두부님 인스타 보고 만들어간 두부오이토마토샐러드 두부가 단단해서 생두부 그대로 넣고 만들었습니다 요즘 맛있는 토마토 오이 잔뜩 넣고 만들어 보세용 소금은 꼬집 정도 후추는 원하는 만큼 넣으셔요 ㅎㅎ 두부는 경주더두부의 수제손두부입니다,"[""지난주"", ""토요일"", ""두부님"", ""인스타"", ""만들어간"", ""두부오이토마토샐러드"", ""두부가"", ""단단해서"", ""생두부"", ""만들었습니다"", ""토마토"", ""오이"", ""잔뜩"", ""만들어"", ""보세용"", ""소금은"", ""꼬집"", ""후추는"", ""원하는"", ""만큼"", ""넣으셔요"", ""두부는"", ""경주더두부의"", ""수제손두부입니다""]","[""새참레시피""]","[""지난주"", ""토요일"", ""두부님"", ""인스타"", ""만들어간"", ""두부오이토마토샐러드"", ""두부가"", ""단단해서"", ""생두부"", ""만들었습니다"", ""토마토"", ""오이"", ""잔뜩"", ""만들어"", ""보세용"", ""소금은"", ""꼬집"", ""후추는"", ""원하는"", ""만큼"", ""넣으셔요"", ""두부는"", ""경주더두부의"", ""수제손두부입니다"", ""새참레시피""]"
https://www.instagram.com/p/DQBG-QZEbge/,며칠전 브런치 카페에서먹었던 토마토 스프가 생각나레시피 찾아 만들었는데맛있어요~^^#일상소통 #일상기록 #집밥 #토마토스프#무화과#샐러드,일상소통;일상기록;집밥;토마토스프;무화과;샐러드,며칠전 브런치 카페에서먹었던 토마토 스프가 생각나레시피 찾아 만들었는데맛있어요 #일상소통 #일상기록 #집밥 #토마토스프#무화과#샐러드,"[""며칠전"", ""브런치"", ""카페에서먹었던"", ""토마토"", ""스프가"", ""생각나레시피"", ""찾아"", ""만들었는데맛있어요""]","[""일상소통"", ""일상기록"", ""집밥"", ""토마토스프"", ""무화과"", ""샐러드""]","[""며칠전"", ""브런치"", ""카페에서먹었던"", ""토마토"", ""스프가"", ""생각나레시피"", ""찾아"", ""만들었는데맛있어요"", ""일상소통"", ""일상기록"", ""집밥"", ""토마토스프"", ""무화과"", ""샐러드""]"
https://www.instagram.com/p/DP0cV3ek3ZH/,#점심 #홈쿡 #샐러드 #건강하게 #homecooking #요리소통 #집밥요리 #간단히먹기,점심;홈쿡;샐러드;건강하게;homecooking;요리소통;집밥요리;간단히먹기,#점심 #홈쿡 #샐러드 #건강하게 # #요리소통 #집밥요리 #간단히먹기,[],"[""점심"", ""홈쿡"", ""샐러드"", ""건강하게"", ""요리소통"", ""집밥요리"", ""간단히먹기""]","[""점심"", ""홈쿡"", ""샐러드"", ""건강하게"", ""요리소통"", ""집밥요리"", ""간단히먹기""]"
https://www.instagram.com/p/DQEFTbMDuPK/,프린샌드위치10호점이 드디어 오산에 오픈합니다🎊 📍오산세교점-경기도 오산시 세마역로19번길44 1층 101호11월초 오픈예정! 애견동반가능🐶30평대 넓고 쾌적한 매장에서 건강하고 맛있는 샌드위치.샐러드.건강주스 드시고가세요😁 (단체주문대환영🫶)#오산#세마역#샌드위치#샐러드#애견동반#샌드위치맛집,오산;세마역;샌드위치;샐러드;애견동반;샌드위치맛집,프린샌드위치 호점이 드디어 오산에 오픈합니다 오산세교점 경기도 오산시 세마역로 번길 층 호 월초 오픈예정 애견동반가능 평대 넓고 쾌적한 매장에서 건강하고 맛있는 샌드위치 샐러드 건강주스 드시고가세요 단체주문대환영 #오산#세마역#샌드위치#샐러드#애견동반#샌드위치맛집,"[""프린샌드위치"", ""호점이"", ""오산에"", ""오픈합니다"", ""오산세교점"", ""경기도"", ""오산시"", ""세마역로"", ""번길"", ""월초"", ""오픈예정"", ""애견동반가능"", ""평대"", ""넓고"", ""쾌적한"", ""매장에서"", ""건강하고"", ""샌드위치"", ""샐러드"", ""건강주스"", ""드시고가세요"", ""단체주문대환영""]","[""오산"", ""세마역"", ""샌드위치"", ""샐러드"", ""애견동반"", ""샌드위치맛집""]","[""프린샌드위치"", ""호점이"", ""오산에"", ""오픈합니다"", ""오산세교점"", ""경기도"", ""오산시"", ""세마역로"", ""번길"", ""월초"", ""오픈예정"", ""애견동반가능"", ""평대"", ""넓고"", ""쾌적한"", ""매장에서"", ""건강하고"", ""샌드위치"", ""샐러드"", ""건강주스"", ""드시고가세요"", ""단체주문대환영"", ""오산"", ""세마역"", ""샌드위치"", ""샐러드"", ""애견동반"", ""샌드위치맛집""]"
https://www.instagram.com/p/DPnS9skjzjB/,.👉아웃백 폭립👉샐러드👉시저드레싱.긴 연휴도 이제 끝..!...#금요일 #도시락 #추석 #폭립 #샐러드,금요일;도시락;추석;폭립;샐러드,아웃백 폭립 샐러드 시저드레싱 긴 연휴도 이제 끝 #금요일 #도시락 #추석 #폭립 #샐러드,"[""아웃백"", ""폭립"", ""샐러드"", ""시저드레싱"", ""연휴도""]","[""도시락"", ""추석"", ""폭립"", ""샐러드""]","[""아웃백"", ""폭립"", ""샐러드"", ""시저드레싱"", ""연휴도"", ""도시락"", ""추석"", ""폭립"", ""샐러드""]"
https://www.instagram.com/p/DQGJyISEhS0/c/18083905924798027/,"""오늘의 도시락""▪︎기장밥▪︎우삼겹 된장짜글이▪︎얼갈이 나물무침▪︎양념깻잎▪︎우엉조림▪︎배추김치▪︎콩나물 김치국""오늘의 포케샐러드""▪︎오리훈제 포케",,오늘의 도시락 기장밥 우삼겹 된장짜글이 얼갈이 나물무침 양념깻잎 우엉조림 배추김치 콩나물 김치국 오늘의 포케샐러드 오리훈제 포케,"[""도시락"", ""기장밥"", ""우삼겹"", ""된장짜글이"", ""얼갈이"", ""나물무침"", ""양념깻잎"", ""우엉조림"", ""배추김치"", ""콩나물"", ""김치국"", ""포케샐러드"", ""오리훈제"", ""포케""]","[""도시락"", ""기장밥"", ""우삼겹"", ""된장짜글이"", ""얼갈이"", ""나물무침"", ""양념깻잎"", ""우엉조림"", ""배추김치"", ""콩나물"", ""김치국"", ""포케샐러드"", ""오리훈제"", ""포케""]","[""도시락"", ""기장밥"", ""우삼겹"", ""된장짜글이"", ""얼갈이"", ""나물무침"", ""양념깻잎"", ""우엉조림"", ""배추김치"", ""콩나물"", ""김치국"", ""포케샐러드"", ""오리훈제"", ""포케"", ""도시락"", ""기장밥"", ""우삼겹"", ""된장짜글이"", ""얼갈이"", ""나물무침"", ""양념깻잎"", ""우엉조림"", ""배추김치"", ""콩나물"", ""김치국"", ""포케샐러드"", ""오리훈제"", ""포케""]"
https://www.instagram.com/p/DQDkBMUkuC_/,#obb_brunch .#오늘의메뉴 #애플브리치즈샌드위치 #어니언스프 #샐러드 #오비비브런치,obb_brunch;오늘의메뉴;애플브리치즈샌드위치;어니언스프;샐러드;오비비브런치,# #오늘의메뉴 #애플브리치즈샌드위치 #어니언스프 #샐러드 #오비비브런치,[],"[""오늘의메뉴"", ""애플브리치즈샌드위치"", ""어니언스프"", ""샐러드"", ""오비비브런치""]","[""오늘의메뉴"", ""애플브리치즈샌드위치"", ""어니언스프"", ""샐러드"", ""오비비브런치""]"
https://www.instagram.com/p/DQEzwBOk3I9/,#키위 #과일 #샐러드 #주스,키위;과일;샐러드;주스,#키위 #과일 #샐러드 #주스,[],"[""키위"", ""과일"", ""샐러드"", ""주스""]","[""키위"", ""과일"", ""샐러드"", ""주스""]"
https://www.instagram.com/p/DQIlgjVCVPJ/,목요일의 sagrak!함박 치즈토마토 현미리조또❤️오늘도 매장에서 뵈어용! 전메뉴 포장🎁 가능하니 🎁도 좋아요! 📌전화주문 후 픽업도 가능합니다!#땡겨요 포장주문 가능합니다!(땡겨요 주문은 사부작으로 검색해주세요!)#군자 #군자맛집 #뚱샌드위치 #샐러드#군자역맛집 #군자샌드위치맛집 #샐러드맛집 #스프맛집#군자샌드위치 #군자요거트 #그릭요거트 #군자그릭요거트 #sandwich #greekyogurt  #soup #salad사부작 사부작  직접 음식과 디저트를 만듭니다.,땡겨요;군자;군자맛집;뚱샌드위치;샐러드;군자역맛집;군자샌드위치맛집;샐러드맛집;스프맛집;군자샌드위치;군자요거트;그릭요거트;군자그릭요거트;sandwich;greekyogurt;soup;salad,목요일의 함박 치즈토마토 현미리조또 오늘도 매장에서 뵈어용 전메뉴 포장 가능하니 도 좋아요 전화주문 후 픽업도 가능합니다 #땡겨요 포장주문 가능합니다 땡겨요 주문은 사부작으로 검색해주세요 #군자 #군자맛집 #뚱샌드위치 #샐러드#군자역맛집 #군자샌드위치맛집 #샐러드맛집 #스프맛집#군자샌드위치 #군자요거트 #그릭요거트 #군자그릭요거트 # # # # 사부작 사부작 직접 음식과 디저트를 만듭니다,"[""목요일의"", ""함박"", ""치즈토마토"", ""현미리조또"", ""매장에서"", ""뵈어용"", ""전메뉴"", ""포장"", ""전화주문"", ""픽업도"", ""포장주문"", ""땡겨요"", ""주문은"", ""사부작으로"", ""검색해주세요"", ""사부작"", ""사부작"", ""음식과"", ""디저트를"", ""만듭니다""]","[""땡겨요"", ""군자"", ""군자맛집"", ""뚱샌드위치"", ""샐러드"", ""군자역맛집"", ""군자샌드위치맛집"", ""샐러드맛집"", ""스프맛집"", ""군자샌드위치"", ""군자요거트"", ""그릭요거트"", ""군자그릭요거트""]","[""목요일의"", ""함박"", ""치즈토마토"", ""현미리조또"", ""매장에서"", ""뵈어용"", ""전메뉴"", ""포장"", ""전화주문"", ""픽업도"", ""포장주문"", ""땡겨요"", ""주문은"", ""사부작으로"", ""검색해주세요"", ""사부작"", ""사부작"", ""음식과"", ""디저트를"", ""만듭니다"", ""땡겨요"", ""군자"", ""군자맛집"", ""뚱샌드위치"", ""샐러드"", ""군자역맛집"", ""군자샌드위치맛집"", ""샐러드맛집"", ""스프맛집"", ""군자샌드위치"", ""군자요거트"", ""그릭요거트"", ""군자그릭요거트""]"
https://www.instagram.com/p/DKieb0tBvel/,오늘의 샌드위치 .#어니언크래미샌드위치 준비했어요 ..#촌스마마_수_목_금_토_낮12시오픈입니다#촌스마마 #핸드메이드 #많이달지않은마카롱 #쫀득한마카롱#좋은재료와정성은진리다 #마카롱 #샐러드 #샌드위치 #마카롱맛집 #샌드위치맛집 #샐러드맛집 #곡성 #남원 #순천 #광주 #곡성뚝방마켓 #곡성마카롱 #곡성디저트 #곡성맛집 #곡성여행,어니언크래미샌드위치;촌스마마_수_목_금_토_낮12시오픈입니다;촌스마마;핸드메이드;많이달지않은마카롱;쫀득한마카롱;좋은재료와정성은진리다;마카롱;샐러드;샌드위치;마카롱맛집;샌드위치맛집;샐러드맛집;곡성;남원;순천;광주;곡성뚝방마켓;곡성마카롱;곡성디저트;곡성맛집;곡성여행,오늘의 샌드위치 #어니언크래미샌드위치 준비했어요 #촌스마마 수 목 금 토 낮 시오픈입니다#촌스마마 #핸드메이드 #많이달지않은마카롱 #쫀득한마카롱#좋은재료와정성은진리다 #마카롱 #샐러드 #샌드위치 #마카롱맛집 #샌드위치맛집 #샐러드맛집 #곡성 #남원 #순천 #광주 #곡성뚝방마켓 #곡성마카롱 #곡성디저트 #곡성맛집 #곡성여행,"[""샌드위치"", ""준비했어요""]","[""어니언크래미샌드위치"", ""촌스마마"", ""촌스마마"", ""핸드메이드"", ""많이달지않은마카롱"", ""쫀득한마카롱"", ""좋은재료와정성은진리다"", ""마카롱"", ""샐러드"", ""샌드위치"", ""마카롱맛집"", ""샌드위치맛집"", ""샐러드맛집"", ""곡성"", ""남원"", ""순천"", ""광주"", ""곡성디저트"", ""곡성맛집"", ""곡성여행""]","[""샌드위치"", ""준비했어요"", ""어니언크래미샌드위치"", ""촌스마마"", ""촌스마마"", ""핸드메이드"", ""많이달지않은마카롱"", ""쫀득한마카롱"", ""좋은재료와정성은진리다"", ""마카롱"", ""샐러드"", ""샌드위치"", ""마카롱맛집"", ""샌드위치맛집"", ""샐러드맛집"", ""곡성"", ""남원"", ""순천"", ""광주"", ""곡성디저트"", ""곡성맛집"", ""곡성여행""]"
https://www.instagram.com/p/DQG-0I_D_Wk/c/18138030991401571/,SAUCIT의 7가지 소스와 치킨을 이용한 맛있는 한 끼를 즐기세요.- 허니마요소스- 레드마요소스- 쌈장마요- 고추장크림- 허브렌치딥소스- 콰트로치즈퐁듀- 청양고추치미추리BOLDSAUCEBOLDERFLAVORS,,의 가지 소스와 치킨을 이용한 맛있는 한 끼를 즐기세요 허니마요소스 레드마요소스 쌈장마요 고추장크림 허브렌치딥소스 콰트로치즈퐁듀 청양고추치미추리,"[""소스와"", ""치킨을"", ""이용한"", ""즐기세요"", ""허니마요소스"", ""레드마요소스"", ""쌈장마요"", ""고추장크림"", ""허브렌치딥소스"", ""콰트로치즈퐁듀"", ""청양고추치미추리""]","[""소스와"", ""치킨을"", ""이용한"", ""즐기세요"", ""허니마요소스"", ""레드마요소스"", ""쌈장마요"", ""고추장크림"", ""허브렌치딥소스"", ""콰트로치즈퐁듀"", ""청양고추치미추리""]","[""소스와"", ""치킨을"", ""이용한"", ""즐기세요"", ""허니마요소스"", ""레드마요소스"", ""쌈장마요"", ""고추장크림"", ""허브렌치딥소스"", ""콰트로치즈퐁듀"", ""청양고추치미추리"", ""소스와"", ""치킨을"", ""이용한"", ""즐기세요"", ""허니마요소스"", ""레드마요소스"", ""쌈장마요"", ""고추장크림"", ""허브렌치딥소스"", ""콰트로치즈퐁듀"", ""청양고추치미추리""]"
https://www.instagram.com/p/DNjbGC6yIzq/,오늘도 화이팅입니다♡♡♡#샐러드 #샌드위치 #꽃차,샐러드;샌드위치;꽃차,오늘도 화이팅입니다 #샐러드 #샌드위치 #꽃차,"[""화이팅입니다""]","[""샐러드"", ""샌드위치"", ""꽃차""]","[""화이팅입니다"", ""샐러드"", ""샌드위치"", ""꽃차""]"
https://www.instagram.com/p/DQEYlH8kgJ8/,"🏡전남 광양시 항만13로 39 1층 엔다이브🕝영업시간 11:00~21:00 - 20:30 (브레이크타임) 15:00-17:00✔️사전 예약 가능✔️모임,단체 이용 가능✔️포장 및 배달 가능✔️전용 주차장 주차 가능✔️콜키지 가능 (유료)✔️유아의자 (0)",,전남 광양시 항만 로 층 엔다이브 영업시간 브레이크타임 사전 예약 가능 모임 단체 이용 가능 포장 및 배달 가능 전용 주차장 주차 가능 콜키지 가능 유료 유아의자,"[""전남"", ""광양시"", ""항만"", ""엔다이브"", ""영업시간"", ""브레이크타임"", ""사전"", ""예약"", ""모임"", ""포장"", ""배달"", ""주차장"", ""콜키지"", ""유료"", ""유아의자""]","[""전남"", ""광양시"", ""항만"", ""엔다이브"", ""영업시간"", ""브레이크타임"", ""사전"", ""예약"", ""모임"", ""포장"", ""배달"", ""주차장"", ""콜키지"", ""유료"", ""유아의자""]","[""전남"", ""광양시"", ""항만"", ""엔다이브"", ""영업시간"", ""브레이크타임"", ""사전"", ""예약"", ""모임"", ""포장"", ""배달"", ""주차장"", ""콜키지"", ""유료"", ""유아의자"", ""전남"", ""광양시"", ""항만"", ""엔다이브"", ""영업시간"", ""브레이크타임"", ""사전"", ""예약"", ""모임"", ""포장"", ""배달"", ""주차장"", ""콜키지"", ""유료"", ""유아의자""]"
https://www.instagram.com/p/DQIdREaEmcr/,"모두 평안한 나날 보내고 계신가요?오늘은 기쁜 소식 하나 전해드리려고 해요!바로 앤'브런치의 새로운 메뉴 출시 소식인데요.기존 메뉴로는 채워지지 않았던 허기진 마음 한구석을 따뜻하게 데워줄특별한 메뉴를 준비했답니다.이번 신메뉴는 앤'크로크마담인데요.크로크마담은 단순한 요리가 아니라,우리네 삶처럼 다채롭고 풍성할 브런치랍니다.바쁜 일상 속에서도빨간머리앤에서만큼은 온전히 나만의 시간을 가질 수 있길 바라며정성껏 준비했으니, 많은 관심 부탁드립니다.항상 빨간머리앤을 찾아주시는 모든 분께 진심으로 감사드리며,앞으로도 여러분의 몸과 마음에 작은 위안이 될 수 있도록 노력하겠습니다.그럼 오늘도 행복 가득한 하루 보내세요 ***** 건강을 디자인하는 브런치 ******🍰☕🍹🍧 🍴 아침 9시 오픈/주차가능/야외애견동반^^🎂생일/축하/감사/잔치/파티/모임 케이크 당일가능 (사전 10%할인/ 단골 20%할인) 🙇🚩사전예약시 케이크 및 수제청(5+1) 10%할인🚩☀ 당일 미니/우유/과일/생화(택) 레터링,그림 가능.❤ 지역화폐/온누리상품권/민생쿠폰 가능^^🍺맥주개시(버드와이저,코로나) 🍺#동탄빨간머리앤#동탄브런치#동탄케이크#동탄디저트#동탄커피#동탄카페#동탄맛집#동탄데이트#감성카페#브런치#동탄빙수#커피#데이트#동탐맘#수원맘#병점맘#만남#반모임#친구#디저트#피자#샐러드#생과일케이크#파니니#오픈토스트#동탄와인#파스타#샌드위치#동탄피크닉",동탄빨간머리앤;동탄브런치;동탄케이크;동탄디저트;동탄커피;동탄카페;동탄맛집;동탄데이트;감성카페;브런치;동탄빙수;커피;데이트;동탐맘;수원맘;병점맘;만남;반모임;친구;디저트;피자;샐러드;생과일케이크;파니니;오픈토스트;동탄와인;파스타;샌드위치;동탄피크닉,모두 평안한 나날 보내고 계신가요 오늘은 기쁜 소식 하나 전해드리려고 해요 바로 앤 브런치의 새로운 메뉴 출시 소식인데요 기존 메뉴로는 채워지지 않았던 허기진 마음 한구석을 따뜻하게 데워줄특별한 메뉴를 준비했답니다 이번 신메뉴는 앤 크로크마담인데요 크로크마담은 단순한 요리가 아니라 우리네 삶처럼 다채롭고 풍성할 브런치랍니다 바쁜 일상 속에서도빨간머리앤에서만큼은 온전히 나만의 시간을 가질 수 있길 바라며정성껏 준비했으니 많은 관심 부탁드립니다 항상 빨간머리앤을 찾아주시는 모든 분께 진심으로 감사드리며 앞으로도 여러분의 몸과 마음에 작은 위안이 될 수 있도록 노력하겠습니다 그럼 오늘도 행복 가득한 하루 보내세요 건강을 디자인하는 브런치 아침 시 오픈 주차가능 야외애견동반 생일 축하 감사 잔치 파티 모임 케이크 당일가능 사전 할인 단골 할인 사전예약시 케이크 및 수제청 할인 당일 미니 우유 과일 생화 택 레터링 그림 가능 지역화폐 온누리상품권 민생쿠폰 가능 맥주개시 버드와이저 코로나 #동탄빨간머리앤#동탄브런치#동탄케이크#동탄디저트#동탄커피#동탄카페#동탄맛집#동탄데이트#감성카페#브런치#동탄빙수#커피#데이트#동탐맘#수원맘#병점맘#만남#반모임#친구#디저트#피자#샐러드#생과일케이크#파니니#오픈토스트#동탄와인#파스타#샌드위치#동탄피크닉,"[""평안한"", ""나날"", ""보내고"", ""계신가요"", ""기쁜"", ""소식"", ""전해드리려고"", ""브런치의"", ""출시"", ""소식인데요"", ""메뉴로는"", ""채워지지"", ""않았던"", ""허기진"", ""마음"", ""한구석을"", ""따뜻하게"", ""데워줄특별한"", ""메뉴를"", ""준비했답니다"", ""신메뉴는"", ""크로크마담인데요"", ""크로크마담은"", ""단순한"", ""요리가"", ""아니라"", ""우리네"", ""삶처럼"", ""다채롭고"", ""풍성할"", ""브런치랍니다"", ""바쁜"", ""일상"", ""속에서도빨간머리앤에서만큼은"", ""온전히"", ""나만의"", ""시간을"", ""가질"", ""있길"", ""바라며정성껏"", ""준비했으니"", ""관심"", ""빨간머리앤을"", ""찾아주시는"", ""분께"", ""진심으로"", ""감사드리며"", ""앞으로도"", ""여러분의"", ""몸과"", ""마음에"", ""작은"", ""위안이"", ""노력하겠습니다"", ""그럼"", ""행복"", ""가득한"", ""하루"", ""보내세요"", ""디자인하는"", ""브런치"", ""아침"", ""오픈"", ""주차가능"", ""야외애견동반"", ""생일"", ""축하"", ""감사"", ""잔치"", ""파티"", ""모임"", ""케이크"", ""당일가능"", ""사전"", ""할인"", ""단골"", ""할인"", ""사전예약시"", ""케이크"", ""수제청"", ""할인"", ""당일"", ""미니"", ""우유"", ""과일"", ""생화"", ""레터링"", ""그림"", ""지역화폐"", ""온누리상품권"", ""민생쿠폰"", ""맥주개시"", ""버드와이저"", ""코로나""]","[""동탄빨간머리앤"", ""동탄브런치"", ""동탄케이크"", ""동탄디저트"", ""동탄커피"", ""동탄카페"", ""동탄맛집"", ""동탄데이트"", ""감성카페"", ""브런치"", ""동탄빙수"", ""커피"", ""데이트"", ""동탐맘"", ""수원맘"", ""병점맘"", ""만남"", ""반모임"", ""친구"", ""디저트"", ""피자"", ""샐러드"", ""생과일케이크"", ""파니니"", ""오픈토스트"", ""동탄와인"", ""파스타"", ""샌드위치"", ""동탄피크닉""]","[""평안한"", ""나날"", ""보내고"", ""계신가요"", ""기쁜"", ""소식"", ""전해드리려고"", ""브런치의"", ""출시"", ""소식인데요"", ""메뉴로는"", ""채워지지"", ""않았던"", ""허기진"", ""마음"", ""한구석을"", ""따뜻하게"", ""데워줄특별한"", ""메뉴를"", ""준비했답니다"", ""신메뉴는"", ""크로크마담인데요"", ""크로크마담은"", ""단순한"", ""요리가"", ""아니라"", ""우리네"", ""삶처럼"", ""다채롭고"", ""풍성할"", ""브런치랍니다"", ""바쁜"", ""일상"", ""속에서도빨간머리앤에서만큼은"", ""온전히"", ""나만의"", ""시간을"", ""가질"", ""있길"", ""바라며정성껏"", ""준비했으니"", ""관심"", ""빨간머리앤을"", ""찾아주시는"", ""분께"", ""진심으로"", ""감사드리며"", ""앞으로도"", ""여러분의"", ""몸과"", ""마음에"", ""작은"", ""위안이"", ""노력하겠습니다"", ""그럼"", ""행복"", ""가득한"", ""하루"", ""보내세요"", ""디자인하는"", ""브런치"", ""아침"", ""오픈"", ""주차가능"", ""야외애견동반"", ""생일"", ""축하"", ""감사"", ""잔치"", ""파티"", ""모임"", ""케이크"", ""당일가능"", ""사전"", ""할인"", ""단골"", ""할인"", ""사전예약시"", ""케이크"", ""수제청"", ""할인"", ""당일"", ""미니"", ""우유"", ""과일"", ""생화"", ""레터링"", ""그림"", ""지역화폐"", ""온누리상품권"", ""민생쿠폰"", ""맥주개시"", ""버드와이저"", ""코로나"", ""동탄빨간머리앤"", ""동탄브런치"", ""동탄케이크"", ""동탄디저트"", ""동탄커피"", ""동탄카페"", ""동탄맛집"", ""동탄데이트"", ""감성카페"", ""브런치"", ""동탄빙수"", ""커피"", ""데이트"", ""동탐맘"", ""수원맘"", ""병점맘"", ""만남"", ""반모임"", ""친구"", ""디저트"", ""피자"", ""샐러드"", ""생과일케이크"", ""파니니"", ""오픈토스트"", ""동탄와인"", ""파스타"", ""샌드위치"", ""동탄피크닉""]"
https://www.instagram.com/p/DQGXtudiVtZ/,#남원포케 #학교 #단체주문 #샐러드 #광한루 #테마파크 #샌드위치 #배민 #네이버 #요기요 #예촌 #그랑깨 #남원포케 단체주문 감사합니다 ~~^^,남원포케;학교;단체주문;샐러드;광한루;테마파크;샌드위치;배민;네이버;요기요;예촌;그랑깨,#남원포케 #학교 #단체주문 #샐러드 #광한루 #테마파크 #샌드위치 #배민 #네이버 #요기요 #예촌 #그랑깨 #남원포케 단체주문 감사합니다,[],"[""남원포케"", ""학교"", ""샐러드"", ""광한루"", ""테마파크"", ""샌드위치"", ""배민"", ""요기요"", ""예촌"", ""그랑깨""]","[""남원포케"", ""학교"", ""샐러드"", ""광한루"", ""테마파크"", ""샌드위치"", ""배민"", ""요기요"", ""예촌"", ""그랑깨""]"
https://www.instagram.com/p/DP3UqjtCTgL/,그린그릭  무화과리코타샐러드.연어아포카도샐러드.매콤닭가슴살포켓친절한사장님과 맛있는 샐러드 장기동그린그릭 추천#그린그릭#샐러드#포켓#맛집#맛집추천#오늘뭐먹지#다이어트#연어샐러드,그린그릭;샐러드;포켓;맛집;맛집추천;오늘뭐먹지;다이어트;연어샐러드,그린그릭 무화과리코타샐러드 연어아포카도샐러드 매콤닭가슴살포켓친절한사장님과 맛있는 샐러드 장기동그린그릭 추천#그린그릭#샐러드#포켓#맛집#맛집추천#오늘뭐먹지#다이어트#연어샐러드,"[""그린그릭"", ""무화과리코타샐러드"", ""연어아포카도샐러드"", ""매콤닭가슴살포켓친절한사장님과"", ""샐러드"", ""장기동그린그릭""]","[""그린그릭"", ""샐러드"", ""포켓"", ""맛집"", ""맛집추천"", ""오늘뭐먹지"", ""다이어트"", ""연어샐러드""]","[""그린그릭"", ""무화과리코타샐러드"", ""연어아포카도샐러드"", ""매콤닭가슴살포켓친절한사장님과"", ""샐러드"", ""장기동그린그릭"", ""그린그릭"", ""샐러드"", ""포켓"", ""맛집"", ""맛집추천"", ""오늘뭐먹지"", ""다이어트"", ""연어샐러드""]"
https://www.instagram.com/p/DP-Q4HZgVgL/,#Hello오랜만에 샐러드 한 바가지하하 코끼리가 살찌는 이유뭐든지 한 바가지 먹으면 살찜~~조금 남은 양상추1개 남았던 시들어가던 오이 반개먹다남긴 사과 4/1쪽아주 작은 귤 1개샤인머스캣 몇 알그리고호두와 아몬드오리엔탈 드레싱양상추와 오이의 아삭함과과일들이 자랑하는 저마다의단맛그리고견과류의 고소함적당히 뿌려진 소스가 간이 맞아서 맛있다.밥은 먹기 싫지만매일 먹어야하는 약들은 있고그러니뭐라도 먹어야하는매일의 아침...그래도이렇게 코끼리 처럼 먹을 생각은아니었는데...담다보니 한 바가지그래도 30분에 걸쳐 먹다보면바닥이 보인다.계절이 바뀌면 빨래가 또 한 바가지늦게까지 여름 이불을 덥던우리집 남자들도 이제 간절기 이불로 바뀌고커튼도 다 바꾸고 나니빨래 산...어여먹고 세탁기야 열일하자.#오늘의조식#샐러드#맛있어#따듯한커피#좋아,Hello오랜만에;오늘의조식;샐러드;맛있어;따듯한커피;좋아,# 오랜만에 샐러드 한 바가지하하 코끼리가 살찌는 이유뭐든지 한 바가지 먹으면 살찜 조금 남은 양상추 개 남았던 시들어가던 오이 반개먹다남긴 사과 쪽아주 작은 귤 개샤인머스캣 몇 알그리고호두와 아몬드오리엔탈 드레싱양상추와 오이의 아삭함과과일들이 자랑하는 저마다의단맛그리고견과류의 고소함적당히 뿌려진 소스가 간이 맞아서 맛있다 밥은 먹기 싫지만매일 먹어야하는 약들은 있고그러니뭐라도 먹어야하는매일의 아침 그래도이렇게 코끼리 처럼 먹을 생각은아니었는데 담다보니 한 바가지그래도 분에 걸쳐 먹다보면바닥이 보인다 계절이 바뀌면 빨래가 또 한 바가지늦게까지 여름 이불을 덥던우리집 남자들도 이제 간절기 이불로 바뀌고커튼도 다 바꾸고 나니빨래 산 어여먹고 세탁기야 열일하자 #오늘의조식#샐러드#맛있어#따듯한커피#좋아,"[""샐러드"", ""바가지하하"", ""코끼리가"", ""살찌는"", ""이유뭐든지"", ""바가지"", ""살찜"", ""양상추"", ""남았던"", ""시들어가던"", ""오이"", ""반개먹다남긴"", ""사과"", ""쪽아주"", ""작은"", ""개샤인머스캣"", ""알그리고호두와"", ""아몬드오리엔탈"", ""드레싱양상추와"", ""오이의"", ""아삭함과과일들이"", ""자랑하는"", ""저마다의단맛그리고견과류의"", ""고소함적당히"", ""뿌려진"", ""소스가"", ""간이"", ""맞아서"", ""밥은"", ""먹기"", ""싫지만매일"", ""먹어야하는"", ""약들은"", ""있고그러니뭐라도"", ""먹어야하는매일의"", ""아침"", ""그래도이렇게"", ""코끼리"", ""생각은아니었는데"", ""담다보니"", ""바가지그래도"", ""분에"", ""걸쳐"", ""먹다보면바닥이"", ""보인다"", ""계절이"", ""바뀌면"", ""빨래가"", ""바가지늦게까지"", ""여름"", ""이불을"", ""덥던우리집"", ""남자들도"", ""간절기"", ""이불로"", ""바뀌고커튼도"", ""바꾸고"", ""나니빨래"", ""어여먹고"", ""세탁기야"", ""열일하자""]","[""오늘의조식"", ""샐러드"", ""맛있어"", ""따듯한커피"", ""좋아""]","[""샐러드"", ""바가지하하"", ""코끼리가"", ""살찌는"", ""이유뭐든지"", ""바가지"", ""살찜"", ""양상추"", ""남았던"", ""시들어가던"", ""오이"", ""반개먹다남긴"", ""사과"", ""쪽아주"", ""작은"", ""개샤인머스캣"", ""알그리고호두와"", ""아몬드오리엔탈"", ""드레싱양상추와"", ""오이의"", ""아삭함과과일들이"", ""자랑하는"", ""저마다의단맛그리고견과류의"", ""고소함적당히"", ""뿌려진"", ""소스가"", ""간이"", ""맞아서"", ""밥은"", ""먹기"", ""싫지만매일"", ""먹어야하는"", ""약들은"", ""있고그러니뭐라도"", ""먹어야하는매일의"", ""아침"", ""그래도이렇게"", ""코끼리"", ""생각은아니었는데"", ""담다보니"", ""바가지그래도"", ""분에"", ""걸쳐"", ""먹다보면바닥이"", ""보인다"", ""계절이"", ""바뀌면"", ""빨래가"", ""바가지늦게까지"", ""여름"", ""이불을"", ""덥던우리집"", ""남자들도"", ""간절기"", ""이불로"", ""바뀌고커튼도"", ""바꾸고"", ""나니빨래"", ""어여먹고"", ""세탁기야"", ""열일하자"", ""오늘의조식"", ""샐러드"", ""맛있어"", ""따듯한커피"", ""좋아""]"
https://www.instagram.com/p/DPApMydEkYl/c/18054363638242512/,다래 바나나 그릭 요거트🥝🍌키위 미니어쳐 같은 귀여운 다래아주 건강한? 단맛😋오운완 후 식단과 함께한 요거트볼🥣,,다래 바나나 그릭 요거트 키위 미니어쳐 같은 귀여운 다래아주 건강한 단맛 오운완 후 식단과 함께한 요거트볼,"[""다래"", ""바나나"", ""그릭"", ""요거트"", ""키위"", ""미니어쳐"", ""귀여운"", ""다래아주"", ""건강한"", ""단맛"", ""오운완"", ""식단과"", ""함께한"", ""요거트볼""]","[""다래"", ""바나나"", ""그릭"", ""요거트"", ""키위"", ""미니어쳐"", ""귀여운"", ""다래아주"", ""건강한"", ""단맛"", ""오운완"", ""식단과"", ""함께한"", ""요거트볼""]","[""다래"", ""바나나"", ""그릭"", ""요거트"", ""키위"", ""미니어쳐"", ""귀여운"", ""다래아주"", ""건강한"", ""단맛"", ""오운완"", ""식단과"", ""함께한"", ""요거트볼"", ""다래"", ""바나나"", ""그릭"", ""요거트"", ""키위"", ""미니어쳐"", ""귀여운"", ""다래아주"", ""건강한"", ""단맛"", ""오운완"", ""식단과"", ""함께한"", ""요거트볼""]"
https://www.instagram.com/p/DPSjudlCJfV/,#협찬 아니 한식러버들이 더 좋아하는 다이어트 파스타 나온거 알아!? 프레퍼스 신메뉴가 출시되었는데 이거 완전 대박👍👍👍✅비프 청양 들기름 파스타 향부터 맛까지 고소한 풍미 가득한 국산 들기름 소스와 매콤한 국산 청양고추 토핑 그리고 통 들깨 토핑으로 식감까지 살려서 너무 맛있음❤️요즘 물가도 비싼데 가격도 합리적이라 요즘 샤로수길 가면 여기 관리하는 사람들 다 모인듯!?비프 와사비 덮밥은 고소한 흑미에 야들야들한 비프 그리고 알싸한 와사비 소스로 JMT!!서울대입구역 맛집 다이어트 식단 찾는 사람들은 서울대입구역 3번출구 프레퍼스로 고고❤️#프레퍼스 #다이어트 #샐러드 #저속노화 #건강식 #다이어트푸드 #food,협찬;프레퍼스;다이어트;샐러드;저속노화;건강식;다이어트푸드;food,#협찬 아니 한식러버들이 더 좋아하는 다이어트 파스타 나온거 알아 프레퍼스 신메뉴가 출시되었는데 이거 완전 대박 비프 청양 들기름 파스타 향부터 맛까지 고소한 풍미 가득한 국산 들기름 소스와 매콤한 국산 청양고추 토핑 그리고 통 들깨 토핑으로 식감까지 살려서 너무 맛있음 요즘 물가도 비싼데 가격도 합리적이라 요즘 샤로수길 가면 여기 관리하는 사람들 다 모인듯 비프 와사비 덮밥은 고소한 흑미에 야들야들한 비프 그리고 알싸한 와사비 소스로 서울대입구역 맛집 다이어트 식단 찾는 사람들은 서울대입구역 번출구 프레퍼스로 고고 #프레퍼스 #다이어트 #샐러드 #저속노화 #건강식 #다이어트푸드 #,"[""아니"", ""한식러버들이"", ""좋아하는"", ""다이어트"", ""파스타"", ""나온거"", ""알아"", ""프레퍼스"", ""신메뉴가"", ""출시되었는데"", ""대박"", ""비프"", ""청양"", ""들기름"", ""파스타"", ""향부터"", ""맛까지"", ""고소한"", ""풍미"", ""가득한"", ""국산"", ""들기름"", ""소스와"", ""매콤한"", ""국산"", ""청양고추"", ""토핑"", ""들깨"", ""토핑으로"", ""식감까지"", ""살려서"", ""맛있음"", ""물가도"", ""비싼데"", ""가격도"", ""합리적이라"", ""샤로수길"", ""가면"", ""여기"", ""관리하는"", ""사람들"", ""모인듯"", ""비프"", ""와사비"", ""덮밥은"", ""고소한"", ""흑미에"", ""야들야들한"", ""비프"", ""알싸한"", ""와사비"", ""소스로"", ""서울대입구역"", ""맛집"", ""다이어트"", ""식단"", ""찾는"", ""사람들은"", ""서울대입구역"", ""번출구"", ""프레퍼스로"", ""고고""]","[""프레퍼스"", ""다이어트"", ""샐러드"", ""저속노화"", ""건강식"", ""다이어트푸드""]","[""아니"", ""한식러버들이"", ""좋아하는"", ""다이어트"", ""파스타"", ""나온거"", ""알아"", ""프레퍼스"", ""신메뉴가"", ""출시되었는데"", ""대박"", ""비프"", ""청양"", ""들기름"", ""파스타"", ""향부터"", ""맛까지"", ""고소한"", ""풍미"", ""가득한"", ""국산"", ""들기름"", ""소스와"", ""매콤한"", ""국산"", ""청양고추"", ""토핑"", ""들깨"", ""토핑으로"", ""식감까지"", ""살려서"", ""맛있음"", ""물가도"", ""비싼데"", ""가격도"", ""합리적이라"", ""샤로수길"", ""가면"", ""여기"", ""관리하는"", ""사람들"", ""모인듯"", ""비프"", ""와사비"", ""덮밥은"", ""고소한"", ""흑미에"", ""야들야들한"", ""비프"", ""알싸한"", ""와사비"", ""소스로"", ""서울대입구역"", ""맛집"", ""다이어트"", ""식단"", ""찾는"", ""사람들은"", ""서울대입구역"", ""번출구"", ""프레퍼스로"", ""고고"", ""프레퍼스"", ""다이어트"", ""샐러드"", ""저속노화"", ""건강식"", ""다이어트푸드""]"
https://www.instagram.com/p/DPxGjhrE0gn/c/18072219593233188/,10.14  점심메뉴입니다. 석식메뉴도 밑에 있습니다. 어제 중식했으니 오늘은 한식이여 ㅎ#들깨버섯탕#목살김치찜#단호박&고구마튀김#고사리#오이.부추무침#샐러드석식입니다.#순살감자탕#치킨텐더#쫄면#메밀전병#샐러드...#논현1647#논현역점심#신사역점심#논현맛집#신사맛집#신사저녁#논현저녁#논현밥집#신사밥집#단체회식#소모임#한식뷔페#강남구내식당#직장인점심#집밥이최고#위생등급 매우우수업체#백반맛집,들깨버섯탕;목살김치찜;단호박;고사리;오이;샐러드;순살감자탕;치킨텐더;쫄면;메밀전병;논현1647;논현역점심;신사역점심;논현맛집;신사맛집;신사저녁;논현저녁;논현밥집;신사밥집;단체회식;소모임;한식뷔페;강남구내식당;직장인점심;집밥이최고;위생등급;백반맛집,점심메뉴입니다 석식메뉴도 밑에 있습니다 어제 중식했으니 오늘은 한식이여 ㅎ#들깨버섯탕#목살김치찜#단호박 고구마튀김#고사리#오이 부추무침#샐러드석식입니다 #순살감자탕#치킨텐더#쫄면#메밀전병#샐러드 #논현 #논현역점심#신사역점심#논현맛집#신사맛집#신사저녁#논현저녁#논현밥집#신사밥집#단체회식#소모임#한식뷔페#강남구내식당#직장인점심#집밥이최고#위생등급 매우우수업체#백반맛집,"[""점심메뉴입니다"", ""석식메뉴도"", ""밑에"", ""중식했으니"", ""한식이여"", ""고구마튀김"", ""부추무침"", ""매우우수업체""]","[""들깨버섯탕"", ""목살김치찜"", ""단호박"", ""고사리"", ""오이"", ""샐러드"", ""순살감자탕"", ""치킨텐더"", ""쫄면"", ""메밀전병"", ""논현"", ""논현역점심"", ""신사역점심"", ""논현맛집"", ""신사맛집"", ""신사저녁"", ""논현저녁"", ""논현밥집"", ""신사밥집"", ""단체회식"", ""소모임"", ""한식뷔페"", ""강남구내식당"", ""직장인점심"", ""집밥이최고"", ""위생등급"", ""백반맛집""]","[""점심메뉴입니다"", ""석식메뉴도"", ""밑에"", ""중식했으니"", ""한식이여"", ""고구마튀김"", ""부추무침"", ""매우우수업체"", ""들깨버섯탕"", ""목살김치찜"", ""단호박"", ""고사리"", ""오이"", ""샐러드"", ""순살감자탕"", ""치킨텐더"", ""쫄면"", ""메밀전병"", ""논현"", ""논현역점심"", ""신사역점심"", ""논현맛집"", ""신사맛집"", ""신사저녁"", ""논현저녁"", ""논현밥집"", ""신사밥집"", ""단체회식"", ""소모임"", ""한식뷔페"", ""강남구내식당"", ""직장인점심"", ""집밥이최고"", ""위생등급"", ""백반맛집""]"
https://www.instagram.com/p/DP3XbmtjysK/,<10월 16일 당일 생산 오후 재고>연어 1수비드 1쉬림프 3잠봉 2핫치킨 품절슬라이스 2아래칸은 하루전 제품 10프로 할인 판매 중입니다~#용산맛집 #용산샐러드 #용산샐러드맛집 #도시락 #건강샐러드 #24시식당 #용산역맛집 #샐러드,용산맛집;용산샐러드;용산샐러드맛집;도시락;건강샐러드;24시식당;용산역맛집;샐러드,월 일 당일 생산 오후 재고 연어 수비드 쉬림프 잠봉 핫치킨 품절슬라이스 아래칸은 하루전 제품 프로 할인 판매 중입니다 #용산맛집 #용산샐러드 #용산샐러드맛집 #도시락 #건강샐러드 # 시식당 #용산역맛집 #샐러드,"[""당일"", ""생산"", ""오후"", ""재고"", ""연어"", ""수비드"", ""쉬림프"", ""잠봉"", ""핫치킨"", ""품절슬라이스"", ""아래칸은"", ""하루전"", ""프로"", ""할인"", ""판매"", ""중입니다""]","[""용산맛집"", ""용산샐러드"", ""용산샐러드맛집"", ""도시락"", ""건강샐러드"", ""용산역맛집"", ""샐러드""]","[""당일"", ""생산"", ""오후"", ""재고"", ""연어"", ""수비드"", ""쉬림프"", ""잠봉"", ""핫치킨"", ""품절슬라이스"", ""아래칸은"", ""하루전"", ""프로"", ""할인"", ""판매"", ""중입니다"", ""용산맛집"", ""용산샐러드"", ""용산샐러드맛집"", ""도시락"", ""건강샐러드"", ""용산역맛집"", ""샐러드""]"
https://www.instagram.com/p/DP5cAK2kzG3/,"💚안녕하세요! 맛있는 샐러디입니다! 💚EVENT 공지📆😍[월간 샐러디 행사][그라브락스 연어 샐러디, 노릇두부단호박 샐러디, 탄단지 샐러디] 중 1개 선택 + 코크제로 에 2,400원 할인행사🥗❗️2,400원 할인가에 건강하고 맛있는 리프레시 세트를 만나보세요😉📆행사 기간: 10월 17일 (금) ~ 10월 30일 (목)가을과 함께 찾아온 월간 샐러디 행사! 많은 관심 부탁드립니다🥰💕유의 사항❗️- 리프레시 세트는 샐러디 매장 내 포스 및 키오스크, 샐러디 앱에서 구매 가능합니다.- 각 메뉴에 토핑 추가 가능하며, 추가시 토핑 비용만큼 추가 결제가 필요합니다.- 리프레시 세트 구매시에도 스탬프 적립 또는 할인쿠폰 사용이 가능합니다. (단, 할인쿠폰 사용시 스탬프 적립은 불가합니다.)#샐러디 #샐러디전북대점 #전북대 #맛집 #월간행사 #샐러드",샐러디;샐러디전북대점;전북대;맛집;월간행사;샐러드,안녕하세요 맛있는 샐러디입니다 공지 월간 샐러디 행사 그라브락스 연어 샐러디 노릇두부단호박 샐러디 탄단지 샐러디 중 개 선택 코크제로 에 원 할인행사 원 할인가에 건강하고 맛있는 리프레시 세트를 만나보세요 행사 기간 월 일 금 월 일 목 가을과 함께 찾아온 월간 샐러디 행사 많은 관심 부탁드립니다 유의 사항 리프레시 세트는 샐러디 매장 내 포스 및 키오스크 샐러디 앱에서 구매 가능합니다 각 메뉴에 토핑 추가 가능하며 추가시 토핑 비용만큼 추가 결제가 필요합니다 리프레시 세트 구매시에도 스탬프 적립 또는 할인쿠폰 사용이 가능합니다 단 할인쿠폰 사용시 스탬프 적립은 불가합니다 #샐러디 #샐러디전북대점 #전북대 #맛집 #월간행사 #샐러드,"[""샐러디입니다"", ""공지"", ""월간"", ""샐러디"", ""행사"", ""그라브락스"", ""연어"", ""샐러디"", ""노릇두부단호박"", ""샐러디"", ""탄단지"", ""샐러디"", ""선택"", ""코크제로"", ""할인행사"", ""할인가에"", ""건강하고"", ""리프레시"", ""세트를"", ""행사"", ""기간"", ""가을과"", ""함께"", ""찾아온"", ""월간"", ""샐러디"", ""행사"", ""관심"", ""유의"", ""사항"", ""리프레시"", ""세트는"", ""샐러디"", ""포스"", ""키오스크"", ""샐러디"", ""앱에서"", ""메뉴에"", ""토핑"", ""가능하며"", ""추가시"", ""토핑"", ""비용만큼"", ""결제가"", ""필요합니다"", ""리프레시"", ""세트"", ""구매시에도"", ""스탬프"", ""적립"", ""할인쿠폰"", ""사용이"", ""할인쿠폰"", ""사용시"", ""스탬프"", ""적립은"", ""불가합니다""]","[""샐러디"", ""샐러디전북대점"", ""전북대"", ""맛집"", ""월간행사"", ""샐러드""]","[""샐러디입니다"", ""공지"", ""월간"", ""샐러디"", ""행사"", ""그라브락스"", ""연어"", ""샐러디"", ""노릇두부단호박"", ""샐러디"", ""탄단지"", ""샐러디"", ""선택"", ""코크제로"", ""할인행사"", ""할인가에"", ""건강하고"", ""리프레시"", ""세트를"", ""행사"", ""기간"", ""가을과"", ""함께"", ""찾아온"", ""월간"", ""샐러디"", ""행사"", ""관심"", ""유의"", ""사항"", ""리프레시"", ""세트는"", ""샐러디"", ""포스"", ""키오스크"", ""샐러디"", ""앱에서"", ""메뉴에"", ""토핑"", ""가능하며"", ""추가시"", ""토핑"", ""비용만큼"", ""결제가"", ""필요합니다"", ""리프레시"", ""세트"", ""구매시에도"", ""스탬프"", ""적립"", ""할인쿠폰"", ""사용이"", ""할인쿠폰"", ""사용시"", ""스탬프"", ""적립은"", ""불가합니다"", ""샐러디"", ""샐러디전북대점"", ""전북대"", ""맛집"", ""월간행사"", ""샐러드""]"
https://www.instagram.com/p/DQAqnkBk9sM/c/17936940212963034/,⠀샤이니 멤버이자 배우 최민호 님에게 전달된코지리틀의 케이터링 박스입니다.알찬 구성으로 정성 담아 보냈더니스토리에 뿅~!🧚🏻‍♀️💕🍊⠀,,샤이니 멤버이자 배우 최민호 님에게 전달된코지리틀의 케이터링 박스입니다 알찬 구성으로 정성 담아 보냈더니스토리에 뿅,"[""샤이니"", ""멤버이자"", ""배우"", ""최민호"", ""님에게"", ""전달된코지리틀의"", ""케이터링"", ""박스입니다"", ""알찬"", ""정성"", ""보냈더니스토리에""]","[""샤이니"", ""멤버이자"", ""배우"", ""최민호"", ""님에게"", ""전달된코지리틀의"", ""케이터링"", ""박스입니다"", ""알찬"", ""정성"", ""보냈더니스토리에""]","[""샤이니"", ""멤버이자"", ""배우"", ""최민호"", ""님에게"", ""전달된코지리틀의"", ""케이터링"", ""박스입니다"", ""알찬"", ""정성"", ""보냈더니스토리에"", ""샤이니"", ""멤버이자"", ""배우"", ""최민호"", ""님에게"", ""전달된코지리틀의"", ""케이터링"", ""박스입니다"", ""알찬"", ""정성"", ""보냈더니스토리에""]"
https://www.instagram.com/p/DPtP6ueknr-/,"#공구마감안내[세끼판다] 삼시세끼 샐러드 내일 10/13(월)오전9시30분 주문 마감해요!한끼 식사로도 충분한 샐러드!점식식사대용및 손님오셨을때 이쁜 접시에 담아 드리면간단하고 맛있는 근사한 테이블 완성!오리쌈피에 싸서 드시면 더 맛있고 포만감 최고더라구요연휴동안 찐 살! 다이어트 하실 때 맛있게 샐러드 드시면서 다이어트하시기 딱 좋더라구요월,화까지 발송화,수요일에 샐러드 드실 분은 지금 주문주세요📌구매: 프로필링크 식품관공구마감:10/13(월) 9:30#세끼판다 #샐러드 #손님초대요리 #브런치",공구마감안내;세끼판다;샐러드;손님초대요리;브런치,#공구마감안내 세끼판다 삼시세끼 샐러드 내일 월 오전 시 분 주문 마감해요 한끼 식사로도 충분한 샐러드 점식식사대용및 손님오셨을때 이쁜 접시에 담아 드리면간단하고 맛있는 근사한 테이블 완성 오리쌈피에 싸서 드시면 더 맛있고 포만감 최고더라구요연휴동안 찐 살 다이어트 하실 때 맛있게 샐러드 드시면서 다이어트하시기 딱 좋더라구요월 화까지 발송화 수요일에 샐러드 드실 분은 지금 주문주세요 구매 프로필링크 식품관공구마감 월 #세끼판다 #샐러드 #손님초대요리 #브런치,"[""세끼판다"", ""삼시세끼"", ""샐러드"", ""오전"", ""주문"", ""마감해요"", ""한끼"", ""식사로도"", ""충분한"", ""샐러드"", ""점식식사대용및"", ""손님오셨을때"", ""이쁜"", ""접시에"", ""드리면간단하고"", ""근사한"", ""완성"", ""오리쌈피에"", ""싸서"", ""드시면"", ""포만감"", ""최고더라구요연휴동안"", ""다이어트"", ""하실"", ""샐러드"", ""드시면서"", ""다이어트하시기"", ""좋더라구요월"", ""화까지"", ""발송화"", ""수요일에"", ""샐러드"", ""드실"", ""분은"", ""지금"", ""주문주세요"", ""프로필링크"", ""식품관공구마감""]","[""공구마감안내"", ""세끼판다"", ""샐러드"", ""손님초대요리"", ""브런치""]","[""세끼판다"", ""삼시세끼"", ""샐러드"", ""오전"", ""주문"", ""마감해요"", ""한끼"", ""식사로도"", ""충분한"", ""샐러드"", ""점식식사대용및"", ""손님오셨을때"", ""이쁜"", ""접시에"", ""드리면간단하고"", ""근사한"", ""완성"", ""오리쌈피에"", ""싸서"", ""드시면"", ""포만감"", ""최고더라구요연휴동안"", ""다이어트"", ""하실"", ""샐러드"", ""드시면서"", ""다이어트하시기"", ""좋더라구요월"", ""화까지"", ""발송화"", ""수요일에"", ""샐러드"", ""드실"", ""분은"", ""지금"", ""주문주세요"", ""프로필링크"", ""식품관공구마감"", ""공구마감안내"", ""세끼판다"", ""샐러드"", ""손님초대요리"", ""브런치""]"
https://www.instagram.com/p/DPVqdXjkkzT/,"#협찬 | 𝑷𝒓𝒆𝒑𝒑𝒆𝒓𝒔연휴의 시작은 ?프레퍼스에서 가볍게 ! 🥗날씨가 점점 선선해지는 요즘든든하면서도 깔끔한 한 끼가 땡기더라고요 🍂마침 ❛ᴘʀᴇᴘᴘᴇʀs❜에서 신메뉴가 출시됐다길래 채오니랑 다녀왔어요 ◡̈이번에 새로 나온 메뉴는 ❛비프 청양 들기름 파스타❜ 💚오독오독 씹히는 통 들깨에알싸하게 톡 쏘는 국산 청양고추 🌶️거기에 고소한 국산 들기름 소스까지 더해져 한 입 먹자마자 완전 반해버렸어요 건강하면서도 자극적이지 않고무엇보다 느끼하지도 않은 맛이라 ‘이런 파스타면, 매일 먹고 싶다!’는 생각이 들었어요 🍝신메뉴와 함께 먹은 ❛포크 명이나물 덮밥❜ 도 정말 맛있어요 🫶🏻건강한 잡곡 밥과 야채위에 촉촉한 수비드 포크를 올리고 ~킥인 명이나물까지 올리면 😇 극락이에요!밥 한 숟가락 뜰 때마다 계속 감탄했어요! 이런 음식이라면 즐겁게 다이어트 할 수 있을 것 같아요!든든하면서도 가볍게 즐길 수 있는 식단을 찾으신다면,이번 프레퍼스 신 메뉴 꼭 한번 드셔보세요!분명 즐거운 식사시간이 될 거예요 ꔛ 🏷 𝒕𝒉𝒂𝒏𝒌𝒔 𝒕𝒐 @preppers.korea#프레퍼스 #다이어트 #샐러드 #저속노화 #건강식 #다이어트푸드 #food",협찬;프레퍼스;다이어트;샐러드;저속노화;건강식;다이어트푸드;food,#협찬 연휴의 시작은 프레퍼스에서 가볍게 날씨가 점점 선선해지는 요즘든든하면서도 깔끔한 한 끼가 땡기더라고요 마침 에서 신메뉴가 출시됐다길래 채오니랑 다녀왔어요 이번에 새로 나온 메뉴는 비프 청양 들기름 파스타 오독오독 씹히는 통 들깨에알싸하게 톡 쏘는 국산 청양고추 거기에 고소한 국산 들기름 소스까지 더해져 한 입 먹자마자 완전 반해버렸어요 건강하면서도 자극적이지 않고무엇보다 느끼하지도 않은 맛이라 이런 파스타면 매일 먹고 싶다 는 생각이 들었어요 신메뉴와 함께 먹은 포크 명이나물 덮밥 도 정말 맛있어요 건강한 잡곡 밥과 야채위에 촉촉한 수비드 포크를 올리고 킥인 명이나물까지 올리면 극락이에요 밥 한 숟가락 뜰 때마다 계속 감탄했어요 이런 음식이라면 즐겁게 다이어트 할 수 있을 것 같아요 든든하면서도 가볍게 즐길 수 있는 식단을 찾으신다면 이번 프레퍼스 신 메뉴 꼭 한번 드셔보세요 분명 즐거운 식사시간이 될 거예요 #프레퍼스 #다이어트 #샐러드 #저속노화 #건강식 #다이어트푸드 #,"[""연휴의"", ""시작은"", ""프레퍼스에서"", ""가볍게"", ""날씨가"", ""점점"", ""선선해지는"", ""요즘든든하면서도"", ""깔끔한"", ""끼가"", ""땡기더라고요"", ""마침"", ""신메뉴가"", ""출시됐다길래"", ""채오니랑"", ""다녀왔어요"", ""이번에"", ""새로"", ""나온"", ""비프"", ""청양"", ""들기름"", ""파스타"", ""오독오독"", ""씹히는"", ""들깨에알싸하게"", ""쏘는"", ""국산"", ""청양고추"", ""거기에"", ""고소한"", ""국산"", ""들기름"", ""소스까지"", ""더해져"", ""먹자마자"", ""반해버렸어요"", ""건강하면서도"", ""자극적이지"", ""않고무엇보다"", ""느끼하지도"", ""맛이라"", ""파스타면"", ""매일"", ""싶다"", ""생각이"", ""들었어요"", ""신메뉴와"", ""함께"", ""포크"", ""명이나물"", ""덮밥"", ""건강한"", ""잡곡"", ""밥과"", ""야채위에"", ""촉촉한"", ""수비드"", ""포크를"", ""킥인"", ""명이나물까지"", ""올리면"", ""극락이에요"", ""숟가락"", ""때마다"", ""감탄했어요"", ""음식이라면"", ""즐겁게"", ""다이어트"", ""있을"", ""든든하면서도"", ""가볍게"", ""식단을"", ""찾으신다면"", ""프레퍼스"", ""즐거운"", ""식사시간이"", ""거예요""]","[""프레퍼스"", ""다이어트"", ""샐러드"", ""저속노화"", ""건강식"", ""다이어트푸드""]","[""연휴의"", ""시작은"", ""프레퍼스에서"", ""가볍게"", ""날씨가"", ""점점"", ""선선해지는"", ""요즘든든하면서도"", ""깔끔한"", ""끼가"", ""땡기더라고요"", ""마침"", ""신메뉴가"", ""출시됐다길래"", ""채오니랑"", ""다녀왔어요"", ""이번에"", ""새로"", ""나온"", ""비프"", ""청양"", ""들기름"", ""파스타"", ""오독오독"", ""씹히는"", ""들깨에알싸하게"", ""쏘는"", ""국산"", ""청양고추"", ""거기에"", ""고소한"", ""국산"", ""들기름"", ""소스까지"", ""더해져"", ""먹자마자"", ""반해버렸어요"", ""건강하면서도"", ""자극적이지"", ""않고무엇보다"", ""느끼하지도"", ""맛이라"", ""파스타면"", ""매일"", ""싶다"", ""생각이"", ""들었어요"", ""신메뉴와"", ""함께"", ""포크"", ""명이나물"", ""덮밥"", ""건강한"", ""잡곡"", ""밥과"", ""야채위에"", ""촉촉한"", ""수비드"", ""포크를"", ""킥인"", ""명이나물까지"", ""올리면"", ""극락이에요"", ""숟가락"", ""때마다"", ""감탄했어요"", ""음식이라면"", ""즐겁게"", ""다이어트"", ""있을"", ""든든하면서도"", ""가볍게"", ""식단을"", ""찾으신다면"", ""프레퍼스"", ""즐거운"", ""식사시간이"", ""거예요"", ""프레퍼스"", ""다이어트"", ""샐러드"", ""저속노화"", ""건강식"", ""다이어트푸드""]"
https://www.instagram.com/p/DQCFPozEwvQ/c/17923517709160667/,우삼겹 메밀면 샐러드#세모면 으로 만들었는데 엄청 쫄깃해요 !어떻게 메밀 100%가 이렇게 쫄깃할 수 있는건지 🫢드레싱- 쯔유 1- 간장 0.5- 알룰로스 1- 들기름 2,세모면,우삼겹 메밀면 샐러드#세모면 으로 만들었는데 엄청 쫄깃해요 어떻게 메밀 가 이렇게 쫄깃할 수 있는건지 드레싱 쯔유 간장 알룰로스 들기름,"[""우삼겹"", ""메밀면"", ""샐러드"", ""쫄깃해요"", ""어떻게"", ""메밀"", ""쫄깃할"", ""있는건지"", ""드레싱"", ""쯔유"", ""간장"", ""알룰로스"", ""들기름""]","[""세모면""]","[""우삼겹"", ""메밀면"", ""샐러드"", ""쫄깃해요"", ""어떻게"", ""메밀"", ""쫄깃할"", ""있는건지"", ""드레싱"", ""쯔유"", ""간장"", ""알룰로스"", ""들기름"", ""세모면""]"
https://www.instagram.com/p/DP-EqCOkkqk/,#샐러드 #집에서밥먹자 #오리엔탈드레싱,샐러드;집에서밥먹자;오리엔탈드레싱,#샐러드 #집에서밥먹자 #오리엔탈드레싱,[],"[""샐러드"", ""집에서밥먹자"", ""오리엔탈드레싱""]","[""샐러드"", ""집에서밥먹자"", ""오리엔탈드레싱""]"
https://www.instagram.com/p/DP_Yy6VkagQ/,꿈같다#20251019 #저녁 #샐러드 #식단 #저속노화 #diet,20251019;저녁;샐러드;식단;저속노화;diet,꿈같다# #저녁 #샐러드 #식단 #저속노화 #,"[""꿈같다""]","[""저녁"", ""샐러드"", ""식단"", ""저속노화""]","[""꿈같다"", ""저녁"", ""샐러드"", ""식단"", ""저속노화""]"
https://www.instagram.com/p/DQIgIyJkzo4/,#영양사 #영양사그램 #영양사스타그램 #단체급식 #직원식당 #구내식당 #급 식 #식판 #식판샷 #다이어트 #맛집 #먹방 #먹팔 #직장인 #회사원 #회사 #여의도 #국회의사당 #여의나루 #여의도맛집 #여의도점심메뉴 #점심메뉴 #점심 #해장 #술스타그램 #인테기 #샐러드 #샌드위치 #한식,영양사;영양사그램;영양사스타그램;단체급식;직원식당;구내식당;급;식판;식판샷;다이어트;맛집;먹방;먹팔;직장인;회사원;회사;여의도;국회의사당;여의나루;여의도맛집;여의도점심메뉴;점심메뉴;점심;해장;술스타그램;인테기;샐러드;샌드위치;한식,#영양사 #영양사그램 #영양사스타그램 #단체급식 #직원식당 #구내식당 #급 식 #식판 #식판샷 #다이어트 #맛집 #먹방 #먹팔 #직장인 #회사원 #회사 #여의도 #국회의사당 #여의나루 #여의도맛집 #여의도점심메뉴 #점심메뉴 #점심 #해장 #술스타그램 #인테기 #샐러드 #샌드위치 #한식,[],"[""영양사"", ""영양사그램"", ""영양사스타그램"", ""단체급식"", ""직원식당"", ""구내식당"", ""식판"", ""식판샷"", ""다이어트"", ""맛집"", ""먹방"", ""먹팔"", ""직장인"", ""회사원"", ""회사"", ""여의도"", ""국회의사당"", ""여의나루"", ""여의도맛집"", ""여의도점심메뉴"", ""점심메뉴"", ""점심"", ""해장"", ""술스타그램"", ""인테기"", ""샐러드"", ""샌드위치"", ""한식""]","[""영양사"", ""영양사그램"", ""영양사스타그램"", ""단체급식"", ""직원식당"", ""구내식당"", ""식판"", ""식판샷"", ""다이어트"", ""맛집"", ""먹방"", ""먹팔"", ""직장인"", ""회사원"", ""회사"", ""여의도"", ""국회의사당"", ""여의나루"", ""여의도맛집"", ""여의도점심메뉴"", ""점심메뉴"", ""점심"", ""해장"", ""술스타그램"", ""인테기"", ""샐러드"", ""샌드위치"", ""한식""]"
https://www.instagram.com/p/DQEXx1uElDq/c/18063908396457069/,🥗매일 똑같이 먹어요^.ㅜ🥗샐러드에 올리브오일 소금 레몬즙아보카도 무화과수란에 생들기름 소금 후추#샐러드 #무화과 #아보카도에브리데이코끼리밥밥디라라…….,샐러드;무화과;아보카도에브리데이코끼리밥밥디라라,매일 똑같이 먹어요 ㅜ 샐러드에 올리브오일 소금 레몬즙아보카도 무화과수란에 생들기름 소금 후추#샐러드 #무화과 #아보카도에브리데이코끼리밥밥디라라,"[""매일"", ""똑같이"", ""먹어요"", ""샐러드에"", ""올리브오일"", ""소금"", ""레몬즙아보카도"", ""무화과수란에"", ""생들기름"", ""소금"", ""후추""]","[""샐러드"", ""무화과"", ""아보카도에브리데이코끼리밥밥디라라""]","[""매일"", ""똑같이"", ""먹어요"", ""샐러드에"", ""올리브오일"", ""소금"", ""레몬즙아보카도"", ""무화과수란에"", ""생들기름"", ""소금"", ""후추"", ""샐러드"", ""무화과"", ""아보카도에브리데이코끼리밥밥디라라""]"
https://www.instagram.com/p/DQGSC7Ikyt1/,🧡단체 주문🧡한양대학교에서 재주문해주신햄치즈 35개바질 30개아메리카노 20잔바닐라라떼 15잔레몬에이드 15잔자몽에이드 15잔총 130개 주문입니다🥰요즘들어 더더 신선해진 야채 덕분에더 맛있고 든든한 한끼로 제격일거라고 자부합니다🫶🏻💗음료는 캔으로 꼼꼼하게 포장해드리고 있어서단체주문해주시는 고객님들의 만족도가 굉장히 높답니다😝대량 단체 주문은 최소 2일 전 문의 부탁드립니다‼️주문 감사합니다 고객님💗💗💗#프린샌드위치 #프린샌드위치안산 #프린샌드위치안산고잔점 #안산샌드위치 #고잔샌드위치 #고잔역드위치 #고잔동샌드위치 #고잔신도시샌드위치 #중앙역샌드위치 #중앙동샌드위치 #안산샐러드 #고잔샐러드 #고잔역샐러드 #고잔신도시샐러드 #중앙역샐러드 #중앙동샐러드 #샐러드 #샐러드맛집 #샌드위치맛집 #안산맛집추천 #안산맛집탐방 #중앙역맛집 #중앙동맛집 #고잔역맛집 #고잔동맛집 #고잔신도시맛집 #샌드위치단체 #샐러드단체주문 #안산단체주문 #단체주문,프린샌드위치;프린샌드위치안산;프린샌드위치안산고잔점;안산샌드위치;고잔샌드위치;고잔역드위치;고잔동샌드위치;고잔신도시샌드위치;중앙역샌드위치;중앙동샌드위치;안산샐러드;고잔샐러드;고잔역샐러드;고잔신도시샐러드;중앙역샐러드;중앙동샐러드;샐러드;샐러드맛집;샌드위치맛집;안산맛집추천;안산맛집탐방;중앙역맛집;중앙동맛집;고잔역맛집;고잔동맛집;고잔신도시맛집;샌드위치단체;샐러드단체주문;안산단체주문;단체주문,단체 주문 한양대학교에서 재주문해주신햄치즈 개바질 개아메리카노 잔바닐라라떼 잔레몬에이드 잔자몽에이드 잔총 개 주문입니다 요즘들어 더더 신선해진 야채 덕분에더 맛있고 든든한 한끼로 제격일거라고 자부합니다 음료는 캔으로 꼼꼼하게 포장해드리고 있어서단체주문해주시는 고객님들의 만족도가 굉장히 높답니다 대량 단체 주문은 최소 일 전 문의 부탁드립니다 주문 감사합니다 고객님 #프린샌드위치 #프린샌드위치안산 #프린샌드위치안산고잔점 #안산샌드위치 #고잔샌드위치 #고잔역드위치 #고잔동샌드위치 #고잔신도시샌드위치 #중앙역샌드위치 #중앙동샌드위치 #안산샐러드 #고잔샐러드 #고잔역샐러드 #고잔신도시샐러드 #중앙역샐러드 #중앙동샐러드 #샐러드 #샐러드맛집 #샌드위치맛집 #안산맛집추천 #안산맛집탐방 #중앙역맛집 #중앙동맛집 #고잔역맛집 #고잔동맛집 #고잔신도시맛집 #샌드위치단체 #샐러드단체주문 #안산단체주문 #단체주문,"[""주문"", ""한양대학교에서"", ""재주문해주신햄치즈"", ""개바질"", ""개아메리카노"", ""잔바닐라라떼"", ""잔레몬에이드"", ""잔자몽에이드"", ""잔총"", ""주문입니다"", ""요즘들어"", ""더더"", ""신선해진"", ""야채"", ""덕분에더"", ""든든한"", ""한끼로"", ""제격일거라고"", ""자부합니다"", ""음료는"", ""캔으로"", ""꼼꼼하게"", ""포장해드리고"", ""있어서단체주문해주시는"", ""고객님들의"", ""만족도가"", ""굉장히"", ""높답니다"", ""대량"", ""주문은"", ""최소"", ""주문"", ""고객님""]","[""프린샌드위치"", ""프린샌드위치안산"", ""프린샌드위치안산고잔점"", ""안산샌드위치"", ""고잔샌드위치"", ""고잔역드위치"", ""고잔동샌드위치"", ""고잔신도시샌드위치"", ""중앙역샌드위치"", ""중앙동샌드위치"", ""안산샐러드"", ""고잔샐러드"", ""고잔역샐러드"", ""고잔신도시샐러드"", ""중앙역샐러드"", ""중앙동샐러드"", ""샐러드"", ""샐러드맛집"", ""샌드위치맛집"", ""안산맛집추천"", ""안산맛집탐방"", ""중앙역맛집"", ""중앙동맛집"", ""고잔역맛집"", ""고잔동맛집"", ""고잔신도시맛집"", ""샌드위치단체"", ""샐러드단체주문"", ""안산단체주문""]","[""주문"", ""한양대학교에서"", ""재주문해주신햄치즈"", ""개바질"", ""개아메리카노"", ""잔바닐라라떼"", ""잔레몬에이드"", ""잔자몽에이드"", ""잔총"", ""주문입니다"", ""요즘들어"", ""더더"", ""신선해진"", ""야채"", ""덕분에더"", ""든든한"", ""한끼로"", ""제격일거라고"", ""자부합니다"", ""음료는"", ""캔으로"", ""꼼꼼하게"", ""포장해드리고"", ""있어서단체주문해주시는"", ""고객님들의"", ""만족도가"", ""굉장히"", ""높답니다"", ""대량"", ""주문은"", ""최소"", ""주문"", ""고객님"", ""프린샌드위치"", ""프린샌드위치안산"", ""프린샌드위치안산고잔점"", ""안산샌드위치"", ""고잔샌드위치"", ""고잔역드위치"", ""고잔동샌드위치"", ""고잔신도시샌드위치"", ""중앙역샌드위치"", ""중앙동샌드위치"", ""안산샐러드"", ""고잔샐러드"", ""고잔역샐러드"", ""고잔신도시샐러드"", ""중앙역샐러드"", ""중앙동샐러드"", ""샐러드"", ""샐러드맛집"", ""샌드위치맛집"", ""안산맛집추천"", ""안산맛집탐방"", ""중앙역맛집"", ""중앙동맛집"", ""고잔역맛집"", ""고잔동맛집"", ""고잔신도시맛집"", ""샌드위치단체"", ""샐러드단체주문"", ""안산단체주문""]"
https://www.instagram.com/p/DQDlbSzkpN5/,#점심식단 #점심메뉴 #샐러드 #자연식물식 #당근라페 #바질페스토 #일상기록 #루틴기록 #러닝부부,점심식단;점심메뉴;샐러드;자연식물식;당근라페;바질페스토;일상기록;루틴기록;러닝부부,#점심식단 #점심메뉴 #샐러드 #자연식물식 #당근라페 #바질페스토 #일상기록 #루틴기록 #러닝부부,[],"[""점심식단"", ""점심메뉴"", ""샐러드"", ""자연식물식"", ""당근라페"", ""바질페스토"", ""일상기록"", ""루틴기록"", ""러닝부부""]","[""점심식단"", ""점심메뉴"", ""샐러드"", ""자연식물식"", ""당근라페"", ""바질페스토"", ""일상기록"", ""루틴기록"", ""러닝부부""]"
https://www.instagram.com/p/DQEqDp6CXGf/,#떡갈비 #닭가슴살 #샐러드 #포케 #단체주문 #남원 #샌드위치 #광한루 #예촌 #테마파크 #디카페인  #커피맛집  #네이버 #배민 #요기요요즘은 배달보다 포장주문이 많네요 ㅎ 주문주셔서 감사합니다 ~~~^^,떡갈비;닭가슴살;샐러드;포케;단체주문;남원;샌드위치;광한루;예촌;테마파크;디카페인;커피맛집;네이버;배민;요기요요즘은,#떡갈비 #닭가슴살 #샐러드 #포케 #단체주문 #남원 #샌드위치 #광한루 #예촌 #테마파크 #디카페인 #커피맛집 #네이버 #배민 #요기요요즘은 배달보다 포장주문이 많네요 ㅎ 주문주셔서 감사합니다,"[""배달보다"", ""포장주문이"", ""많네요"", ""주문주셔서""]","[""떡갈비"", ""닭가슴살"", ""샐러드"", ""포케"", ""남원"", ""샌드위치"", ""광한루"", ""예촌"", ""테마파크"", ""디카페인"", ""커피맛집"", ""배민"", ""요기요요즘은""]","[""배달보다"", ""포장주문이"", ""많네요"", ""주문주셔서"", ""떡갈비"", ""닭가슴살"", ""샐러드"", ""포케"", ""남원"", ""샌드위치"", ""광한루"", ""예촌"", ""테마파크"", ""디카페인"", ""커피맛집"", ""배민"", ""요기요요즘은""]"
https://www.instagram.com/p/DQG-kl3j36J/c/18109417102608984/,SAUCIT의 7가지 소스를 소개합니다.(청양고추치미추리)매콤한 청양고추와 아르헨티나 소스의 조합한국의 청양고추와 각종 허브의 맛을 한번에 느끼고 싶으신 고객님들에게 추천합니다.BOLDSAUCEBOLDERFLAVORS,,의 가지 소스를 소개합니다 청양고추치미추리 매콤한 청양고추와 아르헨티나 소스의 조합한국의 청양고추와 각종 허브의 맛을 한번에 느끼고 싶으신 고객님들에게 추천합니다,"[""소스를"", ""청양고추치미추리"", ""매콤한"", ""청양고추와"", ""아르헨티나"", ""소스의"", ""조합한국의"", ""청양고추와"", ""각종"", ""허브의"", ""한번에"", ""느끼고"", ""싶으신"", ""고객님들에게""]","[""소스를"", ""청양고추치미추리"", ""매콤한"", ""청양고추와"", ""아르헨티나"", ""소스의"", ""조합한국의"", ""청양고추와"", ""각종"", ""허브의"", ""한번에"", ""느끼고"", ""싶으신"", ""고객님들에게""]","[""소스를"", ""청양고추치미추리"", ""매콤한"", ""청양고추와"", ""아르헨티나"", ""소스의"", ""조합한국의"", ""청양고추와"", ""각종"", ""허브의"", ""한번에"", ""느끼고"", ""싶으신"", ""고객님들에게"", ""소스를"", ""청양고추치미추리"", ""매콤한"", ""청양고추와"", ""아르헨티나"", ""소스의"", ""조합한국의"", ""청양고추와"", ""각종"", ""허브의"", ""한번에"", ""느끼고"", ""싶으신"", ""고객님들에게""]"
https://www.instagram.com/p/DP2j193Et2S/,#오늘의메뉴 #목살양념구이 #불고기해물파전 #스크램블에그 #고추튀김 #깻잎튀김#김치잔치국수 #샐러드 #유부초밥,오늘의메뉴;목살양념구이;불고기해물파전;스크램블에그;고추튀김;깻잎튀김;김치잔치국수;샐러드;유부초밥,#오늘의메뉴 #목살양념구이 #불고기해물파전 #스크램블에그 #고추튀김 #깻잎튀김#김치잔치국수 #샐러드 #유부초밥,[],"[""오늘의메뉴"", ""목살양념구이"", ""불고기해물파전"", ""스크램블에그"", ""고추튀김"", ""깻잎튀김"", ""김치잔치국수"", ""샐러드"", ""유부초밥""]","[""오늘의메뉴"", ""목살양념구이"", ""불고기해물파전"", ""스크램블에그"", ""고추튀김"", ""깻잎튀김"", ""김치잔치국수"", ""샐러드"", ""유부초밥""]"
https://www.instagram.com/p/DQGmoulk3YB/,#오늘의저녁#오늘의점심#알찬식단 #알찬푸드 #구내식당 #한식뷔페 #구로맛집 #구로디지털구내식당#구로구내식당 #구디구내식당 #밥집 #점심 #도시락 #테이크아웃 #샐러드 #샐러드맛집 #대륭포스트타워7차,오늘의저녁;오늘의점심;알찬식단;알찬푸드;구내식당;한식뷔페;구로맛집;구로디지털구내식당;구로구내식당;구디구내식당;밥집;점심;도시락;테이크아웃;샐러드;샐러드맛집;대륭포스트타워7차,#오늘의저녁#오늘의점심#알찬식단 #알찬푸드 #구내식당 #한식뷔페 #구로맛집 #구로디지털구내식당#구로구내식당 #구디구내식당 #밥집 #점심 #도시락 #테이크아웃 #샐러드 #샐러드맛집 #대륭포스트타워 차,[],"[""오늘의저녁"", ""오늘의점심"", ""알찬식단"", ""알찬푸드"", ""구내식당"", ""한식뷔페"", ""구로맛집"", ""구로디지털구내식당"", ""구로구내식당"", ""구디구내식당"", ""밥집"", ""점심"", ""도시락"", ""테이크아웃"", ""샐러드"", ""샐러드맛집"", ""대륭포스트타워""]","[""오늘의저녁"", ""오늘의점심"", ""알찬식단"", ""알찬푸드"", ""구내식당"", ""한식뷔페"", ""구로맛집"", ""구로디지털구내식당"", ""구로구내식당"", ""구디구내식당"", ""밥집"", ""점심"", ""도시락"", ""테이크아웃"", ""샐러드"", ""샐러드맛집"", ""대륭포스트타워""]"
https://www.instagram.com/p/DJtEZbluST1/,"“말리부에서 샐러드 한 접시”미국 서부 해안에서 영감받은 오렌지 메뉴가 출시되었습니다. 세 가지 메뉴, 세가지 오렌지 풍경!🥗 말리부 오렌지가든 샐러드오렌지레몬드레싱에 버무린 오렌지와 제철채소에 부라타 치즈를 올려 같이 곁들여 먹는산뜻하고 달콤한 오렌지샐러드!!🧡도시마다 다른 오렌지의 무드, 지금 만나보세요.#굿사마리안레시피 #모스가든 #오렌지 #치킨 #그릴 #스타우브 #샐러드 #그린샐러드 #하이볼 #미국 #플로리다 #말리부 #선셋 #정원 #논현동맛집 #학동역맛집 #제철재료 #로컬재료",굿사마리안레시피;모스가든;오렌지;치킨;그릴;스타우브;샐러드;그린샐러드;하이볼;미국;플로리다;말리부;선셋;정원;논현동맛집;학동역맛집;제철재료;로컬재료,말리부에서 샐러드 한 접시 미국 서부 해안에서 영감받은 오렌지 메뉴가 출시되었습니다 세 가지 메뉴 세가지 오렌지 풍경 말리부 오렌지가든 샐러드오렌지레몬드레싱에 버무린 오렌지와 제철채소에 부라타 치즈를 올려 같이 곁들여 먹는산뜻하고 달콤한 오렌지샐러드 도시마다 다른 오렌지의 무드 지금 만나보세요 #굿사마리안레시피 #모스가든 #오렌지 #치킨 #그릴 #스타우브 #샐러드 #그린샐러드 #하이볼 #미국 #플로리다 #말리부 #선셋 #정원 #논현동맛집 #학동역맛집 #제철재료 #로컬재료,"[""말리부에서"", ""샐러드"", ""미국"", ""서부"", ""해안에서"", ""영감받은"", ""오렌지"", ""출시되었습니다"", ""세가지"", ""오렌지"", ""풍경"", ""말리부"", ""오렌지가든"", ""샐러드오렌지레몬드레싱에"", ""버무린"", ""오렌지와"", ""제철채소에"", ""부라타"", ""치즈를"", ""곁들여"", ""먹는산뜻하고"", ""달콤한"", ""오렌지샐러드"", ""도시마다"", ""오렌지의"", ""무드"", ""지금""]","[""굿사마리안레시피"", ""모스가든"", ""오렌지"", ""치킨"", ""그릴"", ""스타우브"", ""샐러드"", ""그린샐러드"", ""하이볼"", ""미국"", ""플로리다"", ""말리부"", ""선셋"", ""정원"", ""논현동맛집"", ""학동역맛집"", ""제철재료"", ""로컬재료""]","[""말리부에서"", ""샐러드"", ""미국"", ""서부"", ""해안에서"", ""영감받은"", ""오렌지"", ""출시되었습니다"", ""세가지"", ""오렌지"", ""풍경"", ""말리부"", ""오렌지가든"", ""샐러드오렌지레몬드레싱에"", ""버무린"", ""오렌지와"", ""제철채소에"", ""부라타"", ""치즈를"", ""곁들여"", ""먹는산뜻하고"", ""달콤한"", ""오렌지샐러드"", ""도시마다"", ""오렌지의"", ""무드"", ""지금"", ""굿사마리안레시피"", ""모스가든"", ""오렌지"", ""치킨"", ""그릴"", ""스타우브"", ""샐러드"", ""그린샐러드"", ""하이볼"", ""미국"", ""플로리다"", ""말리부"", ""선셋"", ""정원"", ""논현동맛집"", ""학동역맛집"", ""제철재료"", ""로컬재료""]"
https://www.instagram.com/p/DP1JR3wkeOc/,"⠀⠀⠀⠀⠀⠀⠀⠀⠀⠀⠀⠀⠀⠀⠀⠀⠀ 오늘은 밖에서 먹은 식단!!🥗🥙템페+후무스 샐러드 + 콤부차🍹템페랑 후무스를 좋아하게 된 이유💗템페는 인도네시아 콩 발효 음식이에요(혹시나 모르시는 분들을 위해..☺️) 한국은 청국장, 일본엔 낫또가 있다면 인도네시아는 템페.이곳에서 먹고 너무 맛나서 빠져버린..🥰이름도 이쁜 “안녕,로메🌱”진짜 오래전부터 단골이였는데매번 배달로 시켜먹다가 날좋아서 매장가서 먹었어요.사장님도 너무 친절하셔서 더더 힐링💗사진보니 또먹고싶어요>< 조만간 또가야지!!🫶🏼그리고 오늘 가슴운동하고 마무리 유산소로 마마했는데레벨을 좀 올렸더니 심박수 엄청 올라가더라구요🙀기록해두려고 후다닥 인증샷🔥내일도 마무리 마마로 해야지!!!!⠀⠀⠀⠀⠀⠀⠀⠀⠀⠀⠀⠀⠀⠀⠀⠀⠀ ⠀⠀⠀⠀⠀⠀⠀⠀⠀⠀⠀⠀⠀⠀⠀⠀⠀ ⠀⠀⠀⠀⠀⠀⠀⠀⠀⠀⠀⠀⠀⠀⠀⠀⠀ #식단 #식단추천 #식단관리 #식단일지 #식단공유 #샐러드 #템페샐러드 #템페 #다이어트 #다이어트식단 #tempeh #eatclean #healthyfood #healthy #healthylife #healthylifestyle #diet #dietfood #regime #salad #salade #nutrition #dietetique #gym #gymmotivation #gymrat",식단;식단추천;식단관리;식단일지;식단공유;샐러드;템페샐러드;템페;다이어트;다이어트식단;tempeh;eatclean;healthyfood;healthy;healthylife;healthylifestyle;diet;dietfood;regime;salad;salade;nutrition;dietetique;gym;gymmotivation;gymrat,오늘은 밖에서 먹은 식단 템페 후무스 샐러드 콤부차 템페랑 후무스를 좋아하게 된 이유 템페는 인도네시아 콩 발효 음식이에요 혹시나 모르시는 분들을 위해 한국은 청국장 일본엔 낫또가 있다면 인도네시아는 템페 이곳에서 먹고 너무 맛나서 빠져버린 이름도 이쁜 안녕 로메 진짜 오래전부터 단골이였는데매번 배달로 시켜먹다가 날좋아서 매장가서 먹었어요 사장님도 너무 친절하셔서 더더 힐링 사진보니 또먹고싶어요 조만간 또가야지 그리고 오늘 가슴운동하고 마무리 유산소로 마마했는데레벨을 좀 올렸더니 심박수 엄청 올라가더라구요 기록해두려고 후다닥 인증샷 내일도 마무리 마마로 해야지 #식단 #식단추천 #식단관리 #식단일지 #식단공유 #샐러드 #템페샐러드 #템페 #다이어트 #다이어트식단 # # # # # # # # # # # # # # # #,"[""밖에서"", ""식단"", ""템페"", ""후무스"", ""샐러드"", ""콤부차"", ""템페랑"", ""후무스를"", ""좋아하게"", ""이유"", ""템페는"", ""인도네시아"", ""발효"", ""음식이에요"", ""혹시나"", ""모르시는"", ""분들을"", ""한국은"", ""청국장"", ""일본엔"", ""낫또가"", ""있다면"", ""인도네시아는"", ""템페"", ""이곳에서"", ""맛나서"", ""빠져버린"", ""이름도"", ""이쁜"", ""안녕"", ""로메"", ""오래전부터"", ""단골이였는데매번"", ""배달로"", ""시켜먹다가"", ""날좋아서"", ""매장가서"", ""사장님도"", ""친절하셔서"", ""더더"", ""힐링"", ""사진보니"", ""또먹고싶어요"", ""조만간"", ""또가야지"", ""가슴운동하고"", ""마무리"", ""유산소로"", ""마마했는데레벨을"", ""올렸더니"", ""심박수"", ""올라가더라구요"", ""기록해두려고"", ""후다닥"", ""인증샷"", ""내일도"", ""마무리"", ""마마로"", ""해야지""]","[""식단"", ""식단추천"", ""식단관리"", ""식단일지"", ""식단공유"", ""샐러드"", ""템페샐러드"", ""템페"", ""다이어트"", ""다이어트식단""]","[""밖에서"", ""식단"", ""템페"", ""후무스"", ""샐러드"", ""콤부차"", ""템페랑"", ""후무스를"", ""좋아하게"", ""이유"", ""템페는"", ""인도네시아"", ""발효"", ""음식이에요"", ""혹시나"", ""모르시는"", ""분들을"", ""한국은"", ""청국장"", ""일본엔"", ""낫또가"", ""있다면"", ""인도네시아는"", ""템페"", ""이곳에서"", ""맛나서"", ""빠져버린"", ""이름도"", ""이쁜"", ""안녕"", ""로메"", ""오래전부터"", ""단골이였는데매번"", ""배달로"", ""시켜먹다가"", ""날좋아서"", ""매장가서"", ""사장님도"", ""친절하셔서"", ""더더"", ""힐링"", ""사진보니"", ""또먹고싶어요"", ""조만간"", ""또가야지"", ""가슴운동하고"", ""마무리"", ""유산소로"", ""마마했는데레벨을"", ""올렸더니"", ""심박수"", ""올라가더라구요"", ""기록해두려고"", ""후다닥"", ""인증샷"", ""내일도"", ""마무리"", ""마마로"", ""해야지"", ""식단"", ""식단추천"", ""식단관리"", ""식단일지"", ""식단공유"", ""샐러드"", ""템페샐러드"", ""템페"", ""다이어트"", ""다이어트식단""]"
https://www.instagram.com/p/DO49yg1Aa1I/,"먹는 거에 진심이라, 식료품 고를 때도 진심인 사람~🛒그래서 제가 요즘 백화점을 가면..제일 오래 머무는 곳은 바로 지하 1층 식품코너에요..세상에 신박한 식료품들이 얼마나 많은지😍거기만 가면 시간 가는 줄 모르고 구경하게 된다니까요🤣제 아침 루틴은 늘 올리브오일 + 레몬즙 한 잔 🫒🍋에게아 오일은 얼마 전 에쏘샷 공구 때도 보여드렸던 제품인데진짜 매일 아침마다 빠짐없이 챙겨 먹고 있어요오일 자체가 산뜻해서 공복에도 전혀 느끼하지 않고친정집에도 선물했더니 좋아하시고 친구들도 제 추천으로 사서“맛있다” 하면서 추가 구매까지 했을 만큼 만족도가 높았어요🤍그리고 이번에 새로 맛본 건 칠리 발사믹인데, 대박이에요🥹저는 원래 샐러드에 페퍼론치노까지 뿌려먹는 매운맛파인데발사믹에 칠리가 더해지니까 단맛 끝에 매콤쓰~칠리 발사믹은 먹어보지 못한 새로운 맛이라 진짜 신박했어요!✔️ 샐러드 + 구운 새우 🥗🦐✔️ 스테이크 🥩✔️ 해산물, 치아바타 같은 빵까지 OK🥖그리델리 무화과 발사믹도 정말 잘 먹고 있는데칠리 발사믹이랑은 다른 매력이라 번갈아 쓰는 재미가 있어요무화과는 달큰한 풍미, 칠리는 개운한 매콤함이 중독적✨👉🏻 에게아 올리브오일, 그리델리 발사믹은 현재 @hamnehome 님이 공구 진행 중이세요! (~9/24, 수)추석 선물로도 딱이라 저도 바로 추가 주문했지요🙆🏻‍♀️🤍맛잘알 닝꼬의 추천템, 믿고 꼭 드셔보세요😍#엑스트라버진올리브오일 #올리브오일 #칠리발사믹 #추석선물#온더테이블 #플레이팅 #샐러드 #홈스토랑 #홈브런치 #홈카페",엑스트라버진올리브오일;올리브오일;칠리발사믹;추석선물;온더테이블;플레이팅;샐러드;홈스토랑;홈브런치;홈카페,먹는 거에 진심이라 식료품 고를 때도 진심인 사람 그래서 제가 요즘 백화점을 가면 제일 오래 머무는 곳은 바로 지하 층 식품코너에요 세상에 신박한 식료품들이 얼마나 많은지 거기만 가면 시간 가는 줄 모르고 구경하게 된다니까요 제 아침 루틴은 늘 올리브오일 레몬즙 한 잔 에게아 오일은 얼마 전 에쏘샷 공구 때도 보여드렸던 제품인데진짜 매일 아침마다 빠짐없이 챙겨 먹고 있어요오일 자체가 산뜻해서 공복에도 전혀 느끼하지 않고친정집에도 선물했더니 좋아하시고 친구들도 제 추천으로 사서 맛있다 하면서 추가 구매까지 했을 만큼 만족도가 높았어요 그리고 이번에 새로 맛본 건 칠리 발사믹인데 대박이에요 저는 원래 샐러드에 페퍼론치노까지 뿌려먹는 매운맛파인데발사믹에 칠리가 더해지니까 단맛 끝에 매콤쓰 칠리 발사믹은 먹어보지 못한 새로운 맛이라 진짜 신박했어요 샐러드 구운 새우 스테이크 해산물 치아바타 같은 빵까지 그리델리 무화과 발사믹도 정말 잘 먹고 있는데칠리 발사믹이랑은 다른 매력이라 번갈아 쓰는 재미가 있어요무화과는 달큰한 풍미 칠리는 개운한 매콤함이 중독적 에게아 올리브오일 그리델리 발사믹은 현재 님이 공구 진행 중이세요 수 추석 선물로도 딱이라 저도 바로 추가 주문했지요 맛잘알 닝꼬의 추천템 믿고 꼭 드셔보세요 #엑스트라버진올리브오일 #올리브오일 #칠리발사믹 #추석선물#온더테이블 #플레이팅 #샐러드 #홈스토랑 #홈브런치 #홈카페,"[""거에"", ""진심이라"", ""식료품"", ""고를"", ""때도"", ""진심인"", ""백화점을"", ""가면"", ""오래"", ""머무는"", ""곳은"", ""지하"", ""식품코너에요"", ""세상에"", ""신박한"", ""식료품들이"", ""얼마나"", ""많은지"", ""거기만"", ""가면"", ""시간"", ""가는"", ""모르고"", ""구경하게"", ""된다니까요"", ""아침"", ""루틴은"", ""올리브오일"", ""레몬즙"", ""에게아"", ""오일은"", ""얼마"", ""에쏘샷"", ""공구"", ""때도"", ""보여드렸던"", ""제품인데진짜"", ""매일"", ""아침마다"", ""빠짐없이"", ""있어요오일"", ""자체가"", ""산뜻해서"", ""공복에도"", ""전혀"", ""느끼하지"", ""않고친정집에도"", ""선물했더니"", ""좋아하시고"", ""친구들도"", ""추천으로"", ""사서"", ""하면서"", ""구매까지"", ""했을"", ""만큼"", ""만족도가"", ""높았어요"", ""이번에"", ""새로"", ""맛본"", ""칠리"", ""발사믹인데"", ""대박이에요"", ""원래"", ""샐러드에"", ""페퍼론치노까지"", ""뿌려먹는"", ""매운맛파인데발사믹에"", ""칠리가"", ""더해지니까"", ""단맛"", ""끝에"", ""매콤쓰"", ""칠리"", ""발사믹은"", ""먹어보지"", ""못한"", ""맛이라"", ""신박했어요"", ""샐러드"", ""구운"", ""새우"", ""스테이크"", ""해산물"", ""치아바타"", ""빵까지"", ""그리델리"", ""무화과"", ""발사믹도"", ""있는데칠리"", ""발사믹이랑은"", ""매력이라"", ""번갈아"", ""쓰는"", ""재미가"", ""있어요무화과는"", ""달큰한"", ""풍미"", ""칠리는"", ""개운한"", ""매콤함이"", ""중독적"", ""에게아"", ""올리브오일"", ""그리델리"", ""발사믹은"", ""현재"", ""님이"", ""공구"", ""중이세요"", ""추석"", ""선물로도"", ""딱이라"", ""저도"", ""주문했지요"", ""맛잘알"", ""닝꼬의"", ""추천템"", ""믿고""]","[""엑스트라버진올리브오일"", ""올리브오일"", ""칠리발사믹"", ""추석선물"", ""온더테이블"", ""플레이팅"", ""샐러드"", ""홈스토랑"", ""홈브런치"", ""홈카페""]","[""거에"", ""진심이라"", ""식료품"", ""고를"", ""때도"", ""진심인"", ""백화점을"", ""가면"", ""오래"", ""머무는"", ""곳은"", ""지하"", ""식품코너에요"", ""세상에"", ""신박한"", ""식료품들이"", ""얼마나"", ""많은지"", ""거기만"", ""가면"", ""시간"", ""가는"", ""모르고"", ""구경하게"", ""된다니까요"", ""아침"", ""루틴은"", ""올리브오일"", ""레몬즙"", ""에게아"", ""오일은"", ""얼마"", ""에쏘샷"", ""공구"", ""때도"", ""보여드렸던"", ""제품인데진짜"", ""매일"", ""아침마다"", ""빠짐없이"", ""있어요오일"", ""자체가"", ""산뜻해서"", ""공복에도"", ""전혀"", ""느끼하지"", ""않고친정집에도"", ""선물했더니"", ""좋아하시고"", ""친구들도"", ""추천으로"", ""사서"", ""하면서"", ""구매까지"", ""했을"", ""만큼"", ""만족도가"", ""높았어요"", ""이번에"", ""새로"", ""맛본"", ""칠리"", ""발사믹인데"", ""대박이에요"", ""원래"", ""샐러드에"", ""페퍼론치노까지"", ""뿌려먹는"", ""매운맛파인데발사믹에"", ""칠리가"", ""더해지니까"", ""단맛"", ""끝에"", ""매콤쓰"", ""칠리"", ""발사믹은"", ""먹어보지"", ""못한"", ""맛이라"", ""신박했어요"", ""샐러드"", ""구운"", ""새우"", ""스테이크"", ""해산물"", ""치아바타"", ""빵까지"", ""그리델리"", ""무화과"", ""발사믹도"", ""있는데칠리"", ""발사믹이랑은"", ""매력이라"", ""번갈아"", ""쓰는"", ""재미가"", ""있어요무화과는"", ""달큰한"", ""풍미"", ""칠리는"", ""개운한"", ""매콤함이"", ""중독적"", ""에게아"", ""올리브오일"", ""그리델리"", ""발사믹은"", ""현재"", ""님이"", ""공구"", ""중이세요"", ""추석"", ""선물로도"", ""딱이라"", ""저도"", ""주문했지요"", ""맛잘알"", ""닝꼬의"", ""추천템"", ""믿고"", ""엑스트라버진올리브오일"", ""올리브오일"", ""칠리발사믹"", ""추석선물"", ""온더테이블"", ""플레이팅"", ""샐러드"", ""홈스토랑"", ""홈브런치"", ""홈카페""]"
https://www.instagram.com/p/DQF7OmtCPzP/,"#배샐러드🍐 맛있는 배가 나오면 꼭 만들어먹는 계절샐러드입니다 아삭아삭 달콤한 배, 쌉싸래한 루꼴라🌿, 꼬릿한 그라나파다노치즈🧀, 콕콕씹히는 꼬소한 견과가 아주 조화롭게 어울립니다 견과는 호두 아몬드 아무거나 상관없는데요 전 요즘 피스타치오에 꽂혔네요드레싱은 질좋은 올리브오일 🧂소금후추면 충분하지만 단맛을 원하시면 화이트발사믹 첨가하세요 오늘은 빵대신 맛있는 🌰햇밤 까먹었어요🐿 그리고모자 쓴 냥이들 마지막 모자(?) 올라유키한테 씌워볼까요😏 #일상의기록 #쉬운레서피 #샐러드 #햇밤 #구운계란 #제철재료 #냥스타그램 #14짤올라 #13짤유키 #출처_네이버 #베스트뿜",배샐러드;일상의기록;쉬운레서피;샐러드;햇밤;구운계란;제철재료;냥스타그램;14짤올라;13짤유키;출처_네이버;베스트뿜,#배샐러드 맛있는 배가 나오면 꼭 만들어먹는 계절샐러드입니다 아삭아삭 달콤한 배 쌉싸래한 루꼴라 꼬릿한 그라나파다노치즈 콕콕씹히는 꼬소한 견과가 아주 조화롭게 어울립니다 견과는 호두 아몬드 아무거나 상관없는데요 전 요즘 피스타치오에 꽂혔네요드레싱은 질좋은 올리브오일 소금후추면 충분하지만 단맛을 원하시면 화이트발사믹 첨가하세요 오늘은 빵대신 맛있는 햇밤 까먹었어요 그리고모자 쓴 냥이들 마지막 모자 올라유키한테 씌워볼까요 #일상의기록 #쉬운레서피 #샐러드 #햇밤 #구운계란 #제철재료 #냥스타그램 # 짤올라 # 짤유키 #출처 네이버 #베스트뿜,"[""배가"", ""나오면"", ""만들어먹는"", ""계절샐러드입니다"", ""아삭아삭"", ""달콤한"", ""쌉싸래한"", ""루꼴라"", ""꼬릿한"", ""그라나파다노치즈"", ""콕콕씹히는"", ""꼬소한"", ""견과가"", ""조화롭게"", ""어울립니다"", ""견과는"", ""호두"", ""아몬드"", ""아무거나"", ""상관없는데요"", ""피스타치오에"", ""꽂혔네요드레싱은"", ""질좋은"", ""올리브오일"", ""소금후추면"", ""충분하지만"", ""단맛을"", ""원하시면"", ""화이트발사믹"", ""첨가하세요"", ""빵대신"", ""햇밤"", ""까먹었어요"", ""그리고모자"", ""냥이들"", ""마지막"", ""모자"", ""올라유키한테"", ""씌워볼까요"", ""짤올라"", ""짤유키""]","[""배샐러드"", ""일상의기록"", ""쉬운레서피"", ""샐러드"", ""햇밤"", ""구운계란"", ""제철재료"", ""냥스타그램"", ""짤올라"", ""짤유키"", ""출처"", ""베스트뿜""]","[""배가"", ""나오면"", ""만들어먹는"", ""계절샐러드입니다"", ""아삭아삭"", ""달콤한"", ""쌉싸래한"", ""루꼴라"", ""꼬릿한"", ""그라나파다노치즈"", ""콕콕씹히는"", ""꼬소한"", ""견과가"", ""조화롭게"", ""어울립니다"", ""견과는"", ""호두"", ""아몬드"", ""아무거나"", ""상관없는데요"", ""피스타치오에"", ""꽂혔네요드레싱은"", ""질좋은"", ""올리브오일"", ""소금후추면"", ""충분하지만"", ""단맛을"", ""원하시면"", ""화이트발사믹"", ""첨가하세요"", ""빵대신"", ""햇밤"", ""까먹었어요"", ""그리고모자"", ""냥이들"", ""마지막"", ""모자"", ""올라유키한테"", ""씌워볼까요"", ""짤올라"", ""짤유키"", ""배샐러드"", ""일상의기록"", ""쉬운레서피"", ""샐러드"", ""햇밤"", ""구운계란"", ""제철재료"", ""냥스타그램"", ""짤올라"", ""짤유키"", ""출처"", ""베스트뿜""]"
https://www.instagram.com/p/DPlQY4ek6Wl/c/18398120860140320/,"가벼운 한 그릇 다이어트 식단🥗연휴간 다들 맛있는 거 많이 드셨나요?추석도 끝나고 이제 본격 다이어트 시작💪식이섬유 가득 채소와닭가슴살, 달걀 구워서한 그릇 뚝딱 만들어 보았어요.여러분도 나만의 다이어트 식단이 있다면댓글로 추천해 주세요.",,가벼운 한 그릇 다이어트 식단 연휴간 다들 맛있는 거 많이 드셨나요 추석도 끝나고 이제 본격 다이어트 시작 식이섬유 가득 채소와닭가슴살 달걀 구워서한 그릇 뚝딱 만들어 보았어요 여러분도 나만의 다이어트 식단이 있다면댓글로 추천해 주세요,"[""가벼운"", ""다이어트"", ""식단"", ""연휴간"", ""드셨나요"", ""추석도"", ""끝나고"", ""본격"", ""다이어트"", ""시작"", ""식이섬유"", ""채소와닭가슴살"", ""달걀"", ""구워서한"", ""뚝딱"", ""만들어"", ""보았어요"", ""여러분도"", ""나만의"", ""다이어트"", ""식단이"", ""있다면댓글로"", ""추천해""]","[""가벼운"", ""다이어트"", ""식단"", ""연휴간"", ""드셨나요"", ""추석도"", ""끝나고"", ""본격"", ""다이어트"", ""시작"", ""식이섬유"", ""채소와닭가슴살"", ""달걀"", ""구워서한"", ""뚝딱"", ""만들어"", ""보았어요"", ""여러분도"", ""나만의"", ""다이어트"", ""식단이"", ""있다면댓글로"", ""추천해""]","[""가벼운"", ""다이어트"", ""식단"", ""연휴간"", ""드셨나요"", ""추석도"", ""끝나고"", ""본격"", ""다이어트"", ""시작"", ""식이섬유"", ""채소와닭가슴살"", ""달걀"", ""구워서한"", ""뚝딱"", ""만들어"", ""보았어요"", ""여러분도"", ""나만의"", ""다이어트"", ""식단이"", ""있다면댓글로"", ""추천해"", ""가벼운"", ""다이어트"", ""식단"", ""연휴간"", ""드셨나요"", ""추석도"", ""끝나고"", ""본격"", ""다이어트"", ""시작"", ""식이섬유"", ""채소와닭가슴살"", ""달걀"", ""구워서한"", ""뚝딱"", ""만들어"", ""보았어요"", ""여러분도"", ""나만의"", ""다이어트"", ""식단이"", ""있다면댓글로"", ""추천해""]"
https://www.instagram.com/p/DNsdN8LZGQJ/c/18111852199523704/,",#발사믹식초 에 하몽 살짝 오리고  루꼴라면 고급 레스토랑 못지않은 #샐러드 완성👋 (with 빵도 곁들이면 식사),💪 건강하게  올리브오일 + 발사믹식초  듬뿍뿌린  건강한 샐러드 🥗 로 건강챙기세요.샐러드외에도 소고기구이, 🍦아이스크림 에 뿌려서 같이 드셔도 맛있어요.,🍽 로렌조발사믹식초  플래티넘(15년숙성) / 골드(12년숙성)🎁 고급스런 선물박스(쇼핑백증정)  🎎 #답례품  #선물 로도 많이들 찾으시는 제품입니다(사진참고),이탈리아의 전통 식초인 발사믹은 향이 좋고 깊은 맛을 지닌 포도식초예요.이탈리아어로 '향기가 좋다' 라는 뜻을 지닌만큼 향긋하고 묵직한 향과 깊은 풍미가 매력적이예요. 나무 배럴에서 발효.숙성의 과정을 거쳐 만들어지는데,밤나무,체리나무,향나무,뽕나무,떡갈나무,아카시아나무 등 여러오크통에 번갈아가면서 옮겨담아 숙성하는 디켄팅!을 통해 산미와 달콤함이 농축된 깊은 풍미의 발사믹이 탄생됩니다. ,,🍇 [라보니시마]화이트 안티코 발사믹 모데나 100ml​초산함량 : 5%점도 1.21g/ml포도농축액 65%,와인식초35%, 비건인증​200년 넘게 오랫동안 품격있는 발사믹을 생산해온 이탈리아 브랜드.오랜된 가문의 전통 제조 비법으로 만들어져 상큼한 과일향과 포도의 단맛이 매력인 제품입니다.발사믹 식초가 담겨있는 패키지부터 우아하고 고급스러워서 선물용으로도 추천드립니다., 👉 달쯔(프로필상단 링크 클릭 - ""발사믹 ""검색하시면 다양한 브랜드의 제품들을 특가할인가격으로 보실수 있습니다.추천드리는 제품은, ✔️ 로렌조 발사믹 모데나 IGP 플래티넘(15년숙성)✔️ 로렌조 발사믹 모데나 IGP 골드(12년숙성)✔️ 카스텔리 비앙코 화이트발사믹식초✔️  라보니시마 발사믹 2종✔️ 주세페주스티 발사믹  250ml✔️ [고체] 브랜드의 화이트 발사믹 콘디멘토(식초) 및 발사믹 (2년,4년숙성) 🥗🥩🧁샐러드에는 올리브오일이랑 기본, 일상에서 다양한 요리에 활용 가능하며, 아이스크림에 뿌려 맛과 향을 더해도 좋고,육류의 마리네이드로 잡내를 없애고 풍미를 살리는 용도로 활용 가능합니다. ,🍇 그외에도, 다양한 브랜드 #발사믹식초 카테고리에서 확인하세요💜 ,,#추석선물 #추석선물세트 #기업답례품  #기업단체선물 #답례품 문의가 많으신데요 ☺️ #지인선물 로도 인기좋아 많이 찾으시는🎁🛍  다양한 브랜드~ 3만원대부터 가격대별로#트러플선물세트  #미니트러플세트 #발사믹식초오일세트  #발사믹,올리브오일세트  #엑스트라버진올리브오일 (선물박스,쇼핑백무료증정)#티선물세트  특가할인 합니다!,#결혼답례품 #답례품 #공동문의 도 항상 많은제품들인데요 🙇‍♀️ 고급스런 브랜드박스에 🛍 쇼핑백무료증정  드립니다,▶️ 대량구매문의는,달쯔스토리  네이버쇼핑 톡톡하기  또는  📧 dalzstory@gmail.com ☎️ 070-4243-0998 문의 주세요🙇‍♀️, 𝐃𝐚𝐥𝐳'  달쯔 |  프로필링크 📍 알림받기하시면  ➕️ <7% 추가할인>부터  사은품증정까지! 📍 첫구매시 1,000원 / 재구매시 4% 적립금증정 📍 리뷰 남기시면  200 ~ 3,000원 적립금 증정! ,---------------------------------------------------------,💍 #결혼답례품 #돌잔치답례품 #명절선물 #단체선물 #기업선물 및 대량문의도 언제든지 문의주세요! 📍 프로필링크 :  @dalz_story 📍 네이버쇼핑 톡톡하기  또는  📧dalzstory@gmail.com ☎️ 070-4243-0998 문의 주세요,,",발사믹식초;샐러드;답례품;선물;추석선물;추석선물세트;기업답례품;기업단체선물;지인선물;트러플선물세트;미니트러플세트;발사믹식초오일세트;발사믹;엑스트라버진올리브오일;티선물세트;결혼답례품;공동문의;돌잔치답례품;명절선물;단체선물;기업선물,#발사믹식초 에 하몽 살짝 오리고 루꼴라면 고급 레스토랑 못지않은 #샐러드 완성 빵도 곁들이면 식사 건강하게 올리브오일 발사믹식초 듬뿍뿌린 건강한 샐러드 로 건강챙기세요 샐러드외에도 소고기구이 아이스크림 에 뿌려서 같이 드셔도 맛있어요 로렌조발사믹식초 플래티넘 년숙성 골드 년숙성 고급스런 선물박스 쇼핑백증정 #답례품 #선물 로도 많이들 찾으시는 제품입니다 사진참고 이탈리아의 전통 식초인 발사믹은 향이 좋고 깊은 맛을 지닌 포도식초예요 이탈리아어로 향기가 좋다 라는 뜻을 지닌만큼 향긋하고 묵직한 향과 깊은 풍미가 매력적이예요 나무 배럴에서 발효 숙성의 과정을 거쳐 만들어지는데 밤나무 체리나무 향나무 뽕나무 떡갈나무 아카시아나무 등 여러오크통에 번갈아가면서 옮겨담아 숙성하는 디켄팅 을 통해 산미와 달콤함이 농축된 깊은 풍미의 발사믹이 탄생됩니다 라보니시마 화이트 안티코 발사믹 모데나 초산함량 점도 포도농축액 와인식초 비건인증 년 넘게 오랫동안 품격있는 발사믹을 생산해온 이탈리아 브랜드 오랜된 가문의 전통 제조 비법으로 만들어져 상큼한 과일향과 포도의 단맛이 매력인 제품입니다 발사믹 식초가 담겨있는 패키지부터 우아하고 고급스러워서 선물용으로도 추천드립니다 달쯔 프로필상단 링크 클릭 발사믹 검색하시면 다양한 브랜드의 제품들을 특가할인가격으로 보실수 있습니다 추천드리는 제품은 로렌조 발사믹 모데나 플래티넘 년숙성 로렌조 발사믹 모데나 골드 년숙성 카스텔리 비앙코 화이트발사믹식초 라보니시마 발사믹 종 주세페주스티 발사믹 고체 브랜드의 화이트 발사믹 콘디멘토 식초 및 발사믹 년 년숙성 샐러드에는 올리브오일이랑 기본 일상에서 다양한 요리에 활용 가능하며 아이스크림에 뿌려 맛과 향을 더해도 좋고 육류의 마리네이드로 잡내를 없애고 풍미를 살리는 용도로 활용 가능합니다 그외에도 다양한 브랜드 #발사믹식초 카테고리에서 확인하세요 #추석선물 #추석선물세트 #기업답례품 #기업단체선물 #답례품 문의가 많으신데요 #지인선물 로도 인기좋아 많이 찾으시는 다양한 브랜드 만원대부터 가격대별로#트러플선물세트 #미니트러플세트 #발사믹식초오일세트 #발사믹 올리브오일세트 #엑스트라버진올리브오일 선물박스 쇼핑백무료증정 #티선물세트 특가할인 합니다 #결혼답례품 #답례품 #공동문의 도 항상 많은제품들인데요 고급스런 브랜드박스에 쇼핑백무료증정 드립니다 대량구매문의는 달쯔스토리 네이버쇼핑 톡톡하기 또는 문의 주세요 달쯔 프로필링크 알림받기하시면 추가할인 부터 사은품증정까지 첫구매시 원 재구매시 적립금증정 리뷰 남기시면 원 적립금 증정 #결혼답례품 #돌잔치답례품 #명절선물 #단체선물 #기업선물 및 대량문의도 언제든지 문의주세요 프로필링크 네이버쇼핑 톡톡하기 또는 문의 주세요,"[""하몽"", ""오리고"", ""루꼴라면"", ""고급"", ""레스토랑"", ""못지않은"", ""완성"", ""빵도"", ""곁들이면"", ""식사"", ""건강하게"", ""올리브오일"", ""발사믹식초"", ""듬뿍뿌린"", ""건강한"", ""샐러드"", ""건강챙기세요"", ""샐러드외에도"", ""소고기구이"", ""아이스크림"", ""뿌려서"", ""드셔도"", ""로렌조발사믹식초"", ""플래티넘"", ""년숙성"", ""골드"", ""년숙성"", ""고급스런"", ""선물박스"", ""쇼핑백증정"", ""로도"", ""많이들"", ""찾으시는"", ""제품입니다"", ""사진참고"", ""이탈리아의"", ""전통"", ""식초인"", ""발사믹은"", ""좋고"", ""깊은"", ""지닌"", ""포도식초예요"", ""이탈리아어로"", ""향기가"", ""좋다"", ""라는"", ""뜻을"", ""지닌만큼"", ""향긋하고"", ""묵직한"", ""향과"", ""깊은"", ""풍미가"", ""매력적이예요"", ""나무"", ""배럴에서"", ""발효"", ""숙성의"", ""과정을"", ""거쳐"", ""만들어지는데"", ""밤나무"", ""체리나무"", ""향나무"", ""뽕나무"", ""떡갈나무"", ""아카시아나무"", ""여러오크통에"", ""번갈아가면서"", ""옮겨담아"", ""숙성하는"", ""디켄팅"", ""통해"", ""산미와"", ""달콤함이"", ""농축된"", ""깊은"", ""풍미의"", ""발사믹이"", ""탄생됩니다"", ""라보니시마"", ""화이트"", ""안티코"", ""발사믹"", ""모데나"", ""초산함량"", ""점도"", ""포도농축액"", ""와인식초"", ""비건인증"", ""넘게"", ""오랫동안"", ""품격있는"", ""발사믹을"", ""생산해온"", ""이탈리아"", ""오랜된"", ""가문의"", ""전통"", ""제조"", ""비법으로"", ""만들어져"", ""상큼한"", ""과일향과"", ""포도의"", ""단맛이"", ""매력인"", ""제품입니다"", ""발사믹"", ""식초가"", ""담겨있는"", ""패키지부터"", ""우아하고"", ""고급스러워서"", ""선물용으로도"", ""추천드립니다"", ""달쯔"", ""프로필상단"", ""링크"", ""클릭"", ""발사믹"", ""검색하시면"", ""다양한"", ""브랜드의"", ""제품들을"", ""특가할인가격으로"", ""보실수"", ""추천드리는"", ""제품은"", ""로렌조"", ""발사믹"", ""모데나"", ""플래티넘"", ""년숙성"", ""로렌조"", ""발사믹"", ""모데나"", ""골드"", ""년숙성"", ""카스텔리"", ""비앙코"", ""화이트발사믹식초"", ""라보니시마"", ""발사믹"", ""주세페주스티"", ""발사믹"", ""고체"", ""브랜드의"", ""화이트"", ""발사믹"", ""콘디멘토"", ""식초"", ""발사믹"", ""년숙성"", ""샐러드에는"", ""올리브오일이랑"", ""일상에서"", ""다양한"", ""요리에"", ""활용"", ""가능하며"", ""아이스크림에"", ""뿌려"", ""맛과"", ""향을"", ""더해도"", ""좋고"", ""육류의"", ""마리네이드로"", ""잡내를"", ""없애고"", ""풍미를"", ""살리는"", ""용도로"", ""활용"", ""그외에도"", ""다양한"", ""카테고리에서"", ""확인하세요"", ""문의가"", ""많으신데요"", ""로도"", ""인기좋아"", ""찾으시는"", ""다양한"", ""만원대부터"", ""가격대별로"", ""올리브오일세트"", ""선물박스"", ""쇼핑백무료증정"", ""특가할인"", ""많은제품들인데요"", ""고급스런"", ""브랜드박스에"", ""쇼핑백무료증정"", ""드립니다"", ""대량구매문의는"", ""달쯔스토리"", ""네이버쇼핑"", ""톡톡하기"", ""달쯔"", ""프로필링크"", ""알림받기하시면"", ""추가할인"", ""사은품증정까지"", ""첫구매시"", ""재구매시"", ""적립금증정"", ""리뷰"", ""남기시면"", ""적립금"", ""증정"", ""대량문의도"", ""언제든지"", ""프로필링크"", ""네이버쇼핑"", ""톡톡하기""]","[""발사믹식초"", ""샐러드"", ""답례품"", ""선물"", ""추석선물"", ""추석선물세트"", ""기업답례품"", ""기업단체선물"", ""지인선물"", ""트러플선물세트"", ""미니트러플세트"", ""발사믹식초오일세트"", ""발사믹"", ""엑스트라버진올리브오일"", ""티선물세트"", ""결혼답례품"", ""공동문의"", ""돌잔치답례품"", ""명절선물"", ""단체선물"", ""기업선물""]","[""하몽"", ""오리고"", ""루꼴라면"", ""고급"", ""레스토랑"", ""못지않은"", ""완성"", ""빵도"", ""곁들이면"", ""식사"", ""건강하게"", ""올리브오일"", ""발사믹식초"", ""듬뿍뿌린"", ""건강한"", ""샐러드"", ""건강챙기세요"", ""샐러드외에도"", ""소고기구이"", ""아이스크림"", ""뿌려서"", ""드셔도"", ""로렌조발사믹식초"", ""플래티넘"", ""년숙성"", ""골드"", ""년숙성"", ""고급스런"", ""선물박스"", ""쇼핑백증정"", ""로도"", ""많이들"", ""찾으시는"", ""제품입니다"", ""사진참고"", ""이탈리아의"", ""전통"", ""식초인"", ""발사믹은"", ""좋고"", ""깊은"", ""지닌"", ""포도식초예요"", ""이탈리아어로"", ""향기가"", ""좋다"", ""라는"", ""뜻을"", ""지닌만큼"", ""향긋하고"", ""묵직한"", ""향과"", ""깊은"", ""풍미가"", ""매력적이예요"", ""나무"", ""배럴에서"", ""발효"", ""숙성의"", ""과정을"", ""거쳐"", ""만들어지는데"", ""밤나무"", ""체리나무"", ""향나무"", ""뽕나무"", ""떡갈나무"", ""아카시아나무"", ""여러오크통에"", ""번갈아가면서"", ""옮겨담아"", ""숙성하는"", ""디켄팅"", ""통해"", ""산미와"", ""달콤함이"", ""농축된"", ""깊은"", ""풍미의"", ""발사믹이"", ""탄생됩니다"", ""라보니시마"", ""화이트"", ""안티코"", ""발사믹"", ""모데나"", ""초산함량"", ""점도"", ""포도농축액"", ""와인식초"", ""비건인증"", ""넘게"", ""오랫동안"", ""품격있는"", ""발사믹을"", ""생산해온"", ""이탈리아"", ""오랜된"", ""가문의"", ""전통"", ""제조"", ""비법으로"", ""만들어져"", ""상큼한"", ""과일향과"", ""포도의"", ""단맛이"", ""매력인"", ""제품입니다"", ""발사믹"", ""식초가"", ""담겨있는"", ""패키지부터"", ""우아하고"", ""고급스러워서"", ""선물용으로도"", ""추천드립니다"", ""달쯔"", ""프로필상단"", ""링크"", ""클릭"", ""발사믹"", ""검색하시면"", ""다양한"", ""브랜드의"", ""제품들을"", ""특가할인가격으로"", ""보실수"", ""추천드리는"", ""제품은"", ""로렌조"", ""발사믹"", ""모데나"", ""플래티넘"", ""년숙성"", ""로렌조"", ""발사믹"", ""모데나"", ""골드"", ""년숙성"", ""카스텔리"", ""비앙코"", ""화이트발사믹식초"", ""라보니시마"", ""발사믹"", ""주세페주스티"", ""발사믹"", ""고체"", ""브랜드의"", ""화이트"", ""발사믹"", ""콘디멘토"", ""식초"", ""발사믹"", ""년숙성"", ""샐러드에는"", ""올리브오일이랑"", ""일상에서"", ""다양한"", ""요리에"", ""활용"", ""가능하며"", ""아이스크림에"", ""뿌려"", ""맛과"", ""향을"", ""더해도"", ""좋고"", ""육류의"", ""마리네이드로"", ""잡내를"", ""없애고"", ""풍미를"", ""살리는"", ""용도로"", ""활용"", ""그외에도"", ""다양한"", ""카테고리에서"", ""확인하세요"", ""문의가"", ""많으신데요"", ""로도"", ""인기좋아"", ""찾으시는"", ""다양한"", ""만원대부터"", ""가격대별로"", ""올리브오일세트"", ""선물박스"", ""쇼핑백무료증정"", ""특가할인"", ""많은제품들인데요"", ""고급스런"", ""브랜드박스에"", ""쇼핑백무료증정"", ""드립니다"", ""대량구매문의는"", ""달쯔스토리"", ""네이버쇼핑"", ""톡톡하기"", ""달쯔"", ""프로필링크"", ""알림받기하시면"", ""추가할인"", ""사은품증정까지"", ""첫구매시"", ""재구매시"", ""적립금증정"", ""리뷰"", ""남기시면"", ""적립금"", ""증정"", ""대량문의도"", ""언제든지"", ""프로필링크"", ""네이버쇼핑"", ""톡톡하기"", ""발사믹식초"", ""샐러드"", ""답례품"", ""선물"", ""추석선물"", ""추석선물세트"", ""기업답례품"", ""기업단체선물"", ""지인선물"", ""트러플선물세트"", ""미니트러플세트"", ""발사믹식초오일세트"", ""발사믹"", ""엑스트라버진올리브오일"", ""티선물세트"", ""결혼답례품"", ""공동문의"", ""돌잔치답례품"", ""명절선물"", ""단체선물"", ""기업선물""]"
https://www.instagram.com/p/DOxi899E6c8/c/17962582088974254/,🌈포케 가게 사장님이 함께 뛰며 건강한 한 걸음을 만들어가는 러닝 크루! 🏃‍♂️📌일시: 매주 수요일 저녁 8시(10월 1일 수요일 부터~)📌장소: 양재천 산책길(자세한 사항은 오픈 채팅방에 공지)📌참여대상: 양재천에서 건강하게 달리고 싶은 사람 누구나📌 참여인원: 제한 없음📌참가신청: 카카오톡 오픈 채팅방카카오톡 ‘서퍼스 포케 런닝크루’ 검색!📢참가비: 무료✨‘서퍼스 포케 할인'✨[포장 시 2천원 할인/ 매장 이용 시 음료 무료 제공]🌟카카오톡 오픈 채팅방 ‘서퍼스 포케 런닝크루’🌟,,포케 가게 사장님이 함께 뛰며 건강한 한 걸음을 만들어가는 러닝 크루 일시 매주 수요일 저녁 시 월 일 수요일 부터 장소 양재천 산책길 자세한 사항은 오픈 채팅방에 공지 참여대상 양재천에서 건강하게 달리고 싶은 사람 누구나 참여인원 제한 없음 참가신청 카카오톡 오픈 채팅방카카오톡 서퍼스 포케 런닝크루 검색 참가비 무료 서퍼스 포케 할인 포장 시 천원 할인 매장 이용 시 음료 무료 제공 카카오톡 오픈 채팅방 서퍼스 포케 런닝크루,"[""포케"", ""가게"", ""사장님이"", ""함께"", ""뛰며"", ""건강한"", ""걸음을"", ""만들어가는"", ""러닝"", ""크루"", ""일시"", ""매주"", ""수요일"", ""저녁"", ""수요일"", ""장소"", ""양재천"", ""산책길"", ""자세한"", ""사항은"", ""오픈"", ""채팅방에"", ""공지"", ""참여대상"", ""양재천에서"", ""건강하게"", ""달리고"", ""누구나"", ""참여인원"", ""제한"", ""없음"", ""참가신청"", ""카카오톡"", ""오픈"", ""채팅방카카오톡"", ""서퍼스"", ""포케"", ""런닝크루"", ""검색"", ""참가비"", ""서퍼스"", ""포케"", ""할인"", ""포장"", ""천원"", ""할인"", ""음료"", ""제공"", ""카카오톡"", ""오픈"", ""채팅방"", ""서퍼스"", ""포케"", ""런닝크루""]","[""포케"", ""가게"", ""사장님이"", ""함께"", ""뛰며"", ""건강한"", ""걸음을"", ""만들어가는"", ""러닝"", ""크루"", ""일시"", ""매주"", ""수요일"", ""저녁"", ""수요일"", ""장소"", ""양재천"", ""산책길"", ""자세한"", ""사항은"", ""오픈"", ""채팅방에"", ""공지"", ""참여대상"", ""양재천에서"", ""건강하게"", ""달리고"", ""누구나"", ""참여인원"", ""제한"", ""없음"", ""참가신청"", ""카카오톡"", ""오픈"", ""채팅방카카오톡"", ""서퍼스"", ""포케"", ""런닝크루"", ""검색"", ""참가비"", ""서퍼스"", ""포케"", ""할인"", ""포장"", ""천원"", ""할인"", ""음료"", ""제공"", ""카카오톡"", ""오픈"", ""채팅방"", ""서퍼스"", ""포케"", ""런닝크루""]","[""포케"", ""가게"", ""사장님이"", ""함께"", ""뛰며"", ""건강한"", ""걸음을"", ""만들어가는"", ""러닝"", ""크루"", ""일시"", ""매주"", ""수요일"", ""저녁"", ""수요일"", ""장소"", ""양재천"", ""산책길"", ""자세한"", ""사항은"", ""오픈"", ""채팅방에"", ""공지"", ""참여대상"", ""양재천에서"", ""건강하게"", ""달리고"", ""누구나"", ""참여인원"", ""제한"", ""없음"", ""참가신청"", ""카카오톡"", ""오픈"", ""채팅방카카오톡"", ""서퍼스"", ""포케"", ""런닝크루"", ""검색"", ""참가비"", ""서퍼스"", ""포케"", ""할인"", ""포장"", ""천원"", ""할인"", ""음료"", ""제공"", ""카카오톡"", ""오픈"", ""채팅방"", ""서퍼스"", ""포케"", ""런닝크루"", ""포케"", ""가게"", ""사장님이"", ""함께"", ""뛰며"", ""건강한"", ""걸음을"", ""만들어가는"", ""러닝"", ""크루"", ""일시"", ""매주"", ""수요일"", ""저녁"", ""수요일"", ""장소"", ""양재천"", ""산책길"", ""자세한"", ""사항은"", ""오픈"", ""채팅방에"", ""공지"", ""참여대상"", ""양재천에서"", ""건강하게"", ""달리고"", ""누구나"", ""참여인원"", ""제한"", ""없음"", ""참가신청"", ""카카오톡"", ""오픈"", ""채팅방카카오톡"", ""서퍼스"", ""포케"", ""런닝크루"", ""검색"", ""참가비"", ""서퍼스"", ""포케"", ""할인"", ""포장"", ""천원"", ""할인"", ""음료"", ""제공"", ""카카오톡"", ""오픈"", ""채팅방"", ""서퍼스"", ""포케"", ""런닝크루""]"
https://www.instagram.com/p/DQBkBD5kRRO/,"[Hawaii Mood]한국은 요즘처럼 환절기에 감기 걸리면 따뜻한 죽으로 속을 달래곤 하죠.부드럽고 소화 잘 되는 음식이 최고니까요!!그럼 따뜻한 섬, 하와이에서는 아플 때 어떤 음식을 먹을까요? 🌺사이민은 따뜻한 국물에 얇은 면이 들어간 하와이식 라멘으로감기 걸렸을 때나 몸이 피곤할 때 자주 먹어요🍜속을 편하게 풀어주고 국물 한입만으로도 기운이 도는 느낌!하와이 전통 음식인 포이는 타로 뿌리를 으깨 만든 부드러운 음식이에요.소화가 잘 되고 자극이 없어서 아픈 사람이나 아기에게도 자주 먹였다고 해요🤒하와이의 건강식이자 자연에서 온 힐링 푸드죠ㅎㅎ모두 감기 걸리지 않게 따뜻하게 챙겨 먹어요🧡알로하포케 추천-포케 추천: 피리피리 치킨 포케-사이드 추천: 홈스타일 칠리 스프Not just a SALAD but the PERFECT bowl!••섹시한 건강 미인, 건강 훈남의 라이프스타일! #알로하포케 #포케 #포케맛집 #샐러드 #샐러드맛집 #서울맛집 #seoul #강남포케 #식단공유 #건강요리 #샐러드레시피 #압구정카페",알로하포케;포케;포케맛집;샐러드;샐러드맛집;서울맛집;seoul;강남포케;식단공유;건강요리;샐러드레시피;압구정카페,한국은 요즘처럼 환절기에 감기 걸리면 따뜻한 죽으로 속을 달래곤 하죠 부드럽고 소화 잘 되는 음식이 최고니까요 그럼 따뜻한 섬 하와이에서는 아플 때 어떤 음식을 먹을까요 사이민은 따뜻한 국물에 얇은 면이 들어간 하와이식 라멘으로감기 걸렸을 때나 몸이 피곤할 때 자주 먹어요 속을 편하게 풀어주고 국물 한입만으로도 기운이 도는 느낌 하와이 전통 음식인 포이는 타로 뿌리를 으깨 만든 부드러운 음식이에요 소화가 잘 되고 자극이 없어서 아픈 사람이나 아기에게도 자주 먹였다고 해요 하와이의 건강식이자 자연에서 온 힐링 푸드죠ㅎㅎ모두 감기 걸리지 않게 따뜻하게 챙겨 먹어요 알로하포케 추천 포케 추천 피리피리 치킨 포케 사이드 추천 홈스타일 칠리 스프 섹시한 건강 미인 건강 훈남의 라이프스타일 #알로하포케 #포케 #포케맛집 #샐러드 #샐러드맛집 #서울맛집 # #강남포케 #식단공유 #건강요리 #샐러드레시피 #압구정카페,"[""한국은"", ""요즘처럼"", ""환절기에"", ""감기"", ""걸리면"", ""따뜻한"", ""죽으로"", ""속을"", ""달래곤"", ""하죠"", ""부드럽고"", ""소화"", ""음식이"", ""최고니까요"", ""그럼"", ""따뜻한"", ""하와이에서는"", ""아플"", ""음식을"", ""먹을까요"", ""사이민은"", ""따뜻한"", ""국물에"", ""얇은"", ""면이"", ""들어간"", ""하와이식"", ""라멘으로감기"", ""걸렸을"", ""때나"", ""몸이"", ""피곤할"", ""먹어요"", ""속을"", ""편하게"", ""풀어주고"", ""국물"", ""한입만으로도"", ""기운이"", ""도는"", ""느낌"", ""하와이"", ""전통"", ""음식인"", ""포이는"", ""타로"", ""뿌리를"", ""으깨"", ""만든"", ""부드러운"", ""음식이에요"", ""소화가"", ""자극이"", ""없어서"", ""아픈"", ""사람이나"", ""아기에게도"", ""먹였다고"", ""하와이의"", ""건강식이자"", ""자연에서"", ""힐링"", ""푸드죠ㅎㅎ모두"", ""감기"", ""걸리지"", ""않게"", ""따뜻하게"", ""먹어요"", ""알로하포케"", ""포케"", ""피리피리"", ""치킨"", ""포케"", ""사이드"", ""홈스타일"", ""칠리"", ""스프"", ""섹시한"", ""건강"", ""미인"", ""건강"", ""훈남의"", ""라이프스타일""]","[""알로하포케"", ""포케"", ""포케맛집"", ""샐러드"", ""샐러드맛집"", ""서울맛집"", ""강남포케"", ""식단공유"", ""건강요리"", ""샐러드레시피"", ""압구정카페""]","[""한국은"", ""요즘처럼"", ""환절기에"", ""감기"", ""걸리면"", ""따뜻한"", ""죽으로"", ""속을"", ""달래곤"", ""하죠"", ""부드럽고"", ""소화"", ""음식이"", ""최고니까요"", ""그럼"", ""따뜻한"", ""하와이에서는"", ""아플"", ""음식을"", ""먹을까요"", ""사이민은"", ""따뜻한"", ""국물에"", ""얇은"", ""면이"", ""들어간"", ""하와이식"", ""라멘으로감기"", ""걸렸을"", ""때나"", ""몸이"", ""피곤할"", ""먹어요"", ""속을"", ""편하게"", ""풀어주고"", ""국물"", ""한입만으로도"", ""기운이"", ""도는"", ""느낌"", ""하와이"", ""전통"", ""음식인"", ""포이는"", ""타로"", ""뿌리를"", ""으깨"", ""만든"", ""부드러운"", ""음식이에요"", ""소화가"", ""자극이"", ""없어서"", ""아픈"", ""사람이나"", ""아기에게도"", ""먹였다고"", ""하와이의"", ""건강식이자"", ""자연에서"", ""힐링"", ""푸드죠ㅎㅎ모두"", ""감기"", ""걸리지"", ""않게"", ""따뜻하게"", ""먹어요"", ""알로하포케"", ""포케"", ""피리피리"", ""치킨"", ""포케"", ""사이드"", ""홈스타일"", ""칠리"", ""스프"", ""섹시한"", ""건강"", ""미인"", ""건강"", ""훈남의"", ""라이프스타일"", ""알로하포케"", ""포케"", ""포케맛집"", ""샐러드"", ""샐러드맛집"", ""서울맛집"", ""강남포케"", ""식단공유"", ""건강요리"", ""샐러드레시피"", ""압구정카페""]"
https://www.instagram.com/p/DNpXeQDS_iy/c/17885940108224053/,"구운 복숭아와 샤인머스켓 그릭 샐러드 | 제품제공천도복숭아를 3킬로나 샀는데 맛이 없어요…(광고에 속음 -_-)너무 신맛만 있어서 머스코바도에 시나몬 가루를 섞어 버터에 구웠어요(그릴 팬에 구워 좀 더 맛있어 보이는 건 덤)그릭요거트 깔고 샤인머스캣도 올리고그래놀라 조금, 루꼴라도 조금🌿그리고 마지막 킥으로 제일 중요한 올리브오일 휘리릭!!제가 사용한 올리브오일은나무존 @namuzon 후에르타 로스 까뇨스 냉추출 엑스트라 버진 유기농 올리브오일인데요요즘 오일 풀링이 유명하죠저는 오일 풀링은 힘들어 샐러드에 듬뿍 뿌려서 먹는데요생으로 먹는 올리브오일은 산도가 중요하잖아요그래서 올리브오일 고를 때 산도를 꼭 확인하는데후에르타 로스 까뇨스 올리브오일은 냉압착에 산도가 0.09~0.14 이라서 매우 매우 안심😊폴리페놀 함량이 높아칼칼한 목 넘김이 부담스러울 수도 있지만이렇게 달큰한 과일과 그릭 요거트에 뿌리면신선한 풀 향의 올리브오일이 재료들을 아주 부드럽게 어우러지게 해줘요이 조합으로 한 입 먹으면 이마에 진실의 미간이 생기는 거 아실려나요😆😋#나무존 #후에르타로스까뇨스 #엑스트라버진올리브오일 #올리브오일추천",나무존;후에르타로스까뇨스;엑스트라버진올리브오일;올리브오일추천,구운 복숭아와 샤인머스켓 그릭 샐러드 제품제공천도복숭아를 킬로나 샀는데 맛이 없어요 광고에 속음 너무 신맛만 있어서 머스코바도에 시나몬 가루를 섞어 버터에 구웠어요 그릴 팬에 구워 좀 더 맛있어 보이는 건 덤 그릭요거트 깔고 샤인머스캣도 올리고그래놀라 조금 루꼴라도 조금 그리고 마지막 킥으로 제일 중요한 올리브오일 휘리릭 제가 사용한 올리브오일은나무존 후에르타 로스 까뇨스 냉추출 엑스트라 버진 유기농 올리브오일인데요요즘 오일 풀링이 유명하죠저는 오일 풀링은 힘들어 샐러드에 듬뿍 뿌려서 먹는데요생으로 먹는 올리브오일은 산도가 중요하잖아요그래서 올리브오일 고를 때 산도를 꼭 확인하는데후에르타 로스 까뇨스 올리브오일은 냉압착에 산도가 이라서 매우 매우 안심 폴리페놀 함량이 높아칼칼한 목 넘김이 부담스러울 수도 있지만이렇게 달큰한 과일과 그릭 요거트에 뿌리면신선한 풀 향의 올리브오일이 재료들을 아주 부드럽게 어우러지게 해줘요이 조합으로 한 입 먹으면 이마에 진실의 미간이 생기는 거 아실려나요 #나무존 #후에르타로스까뇨스 #엑스트라버진올리브오일 #올리브오일추천,"[""구운"", ""복숭아와"", ""샤인머스켓"", ""그릭"", ""샐러드"", ""제품제공천도복숭아를"", ""킬로나"", ""샀는데"", ""없어요"", ""광고에"", ""속음"", ""신맛만"", ""머스코바도에"", ""시나몬"", ""가루를"", ""버터에"", ""구웠어요"", ""그릴"", ""팬에"", ""구워"", ""맛있어"", ""보이는"", ""그릭요거트"", ""깔고"", ""샤인머스캣도"", ""올리고그래놀라"", ""루꼴라도"", ""마지막"", ""킥으로"", ""중요한"", ""올리브오일"", ""휘리릭"", ""사용한"", ""올리브오일은나무존"", ""후에르타"", ""로스"", ""까뇨스"", ""냉추출"", ""엑스트라"", ""버진"", ""유기농"", ""올리브오일인데요요즘"", ""오일"", ""풀링이"", ""유명하죠저는"", ""오일"", ""풀링은"", ""힘들어"", ""샐러드에"", ""뿌려서"", ""먹는데요생으로"", ""올리브오일은"", ""산도가"", ""중요하잖아요그래서"", ""올리브오일"", ""고를"", ""산도를"", ""확인하는데후에르타"", ""로스"", ""까뇨스"", ""올리브오일은"", ""냉압착에"", ""산도가"", ""이라서"", ""안심"", ""폴리페놀"", ""함량이"", ""높아칼칼한"", ""넘김이"", ""부담스러울"", ""수도"", ""있지만이렇게"", ""달큰한"", ""과일과"", ""그릭"", ""요거트에"", ""뿌리면신선한"", ""향의"", ""올리브오일이"", ""재료들을"", ""부드럽게"", ""어우러지게"", ""해줘요이"", ""조합으로"", ""이마에"", ""진실의"", ""미간이"", ""생기는"", ""아실려나요""]","[""나무존"", ""후에르타로스까뇨스"", ""엑스트라버진올리브오일"", ""올리브오일추천""]","[""구운"", ""복숭아와"", ""샤인머스켓"", ""그릭"", ""샐러드"", ""제품제공천도복숭아를"", ""킬로나"", ""샀는데"", ""없어요"", ""광고에"", ""속음"", ""신맛만"", ""머스코바도에"", ""시나몬"", ""가루를"", ""버터에"", ""구웠어요"", ""그릴"", ""팬에"", ""구워"", ""맛있어"", ""보이는"", ""그릭요거트"", ""깔고"", ""샤인머스캣도"", ""올리고그래놀라"", ""루꼴라도"", ""마지막"", ""킥으로"", ""중요한"", ""올리브오일"", ""휘리릭"", ""사용한"", ""올리브오일은나무존"", ""후에르타"", ""로스"", ""까뇨스"", ""냉추출"", ""엑스트라"", ""버진"", ""유기농"", ""올리브오일인데요요즘"", ""오일"", ""풀링이"", ""유명하죠저는"", ""오일"", ""풀링은"", ""힘들어"", ""샐러드에"", ""뿌려서"", ""먹는데요생으로"", ""올리브오일은"", ""산도가"", ""중요하잖아요그래서"", ""올리브오일"", ""고를"", ""산도를"", ""확인하는데후에르타"", ""로스"", ""까뇨스"", ""올리브오일은"", ""냉압착에"", ""산도가"", ""이라서"", ""안심"", ""폴리페놀"", ""함량이"", ""높아칼칼한"", ""넘김이"", ""부담스러울"", ""수도"", ""있지만이렇게"", ""달큰한"", ""과일과"", ""그릭"", ""요거트에"", ""뿌리면신선한"", ""향의"", ""올리브오일이"", ""재료들을"", ""부드럽게"", ""어우러지게"", ""해줘요이"", ""조합으로"", ""이마에"", ""진실의"", ""미간이"", ""생기는"", ""아실려나요"", ""나무존"", ""후에르타로스까뇨스"", ""엑스트라버진올리브오일"", ""올리브오일추천""]"
https://www.instagram.com/p/DQDL0h9k8oP/,10.21  점심메뉴입니다. 석식메뉴도 밑에 있습니다.#대구탕#대패목살구이#비빔만두#도라지볶음#다시마&양배추쌈#샐러드석식입니다.#참치김치찌개#찜닭#모듬튀김#샐러드...기타등등이요 #논현1647#논현역점심#신사역점심#논현맛집#신사맛집#신사저녁#논현저녁#논현밥집#신사밥집#단체회식#소모임#한식뷔페#강남구내식당#직장인점심#집밥이최고#위생등급 매우우수업체#백반맛집,대구탕;대패목살구이;비빔만두;도라지볶음;다시마;샐러드;참치김치찌개;찜닭;모듬튀김;논현1647;논현역점심;신사역점심;논현맛집;신사맛집;신사저녁;논현저녁;논현밥집;신사밥집;단체회식;소모임;한식뷔페;강남구내식당;직장인점심;집밥이최고;위생등급;백반맛집,점심메뉴입니다 석식메뉴도 밑에 있습니다 #대구탕#대패목살구이#비빔만두#도라지볶음#다시마 양배추쌈#샐러드석식입니다 #참치김치찌개#찜닭#모듬튀김#샐러드 기타등등이요 #논현 #논현역점심#신사역점심#논현맛집#신사맛집#신사저녁#논현저녁#논현밥집#신사밥집#단체회식#소모임#한식뷔페#강남구내식당#직장인점심#집밥이최고#위생등급 매우우수업체#백반맛집,"[""점심메뉴입니다"", ""석식메뉴도"", ""밑에"", ""양배추쌈"", ""기타등등이요"", ""매우우수업체""]","[""대구탕"", ""대패목살구이"", ""비빔만두"", ""도라지볶음"", ""다시마"", ""샐러드"", ""참치김치찌개"", ""찜닭"", ""모듬튀김"", ""논현"", ""논현역점심"", ""신사역점심"", ""논현맛집"", ""신사맛집"", ""신사저녁"", ""논현저녁"", ""논현밥집"", ""신사밥집"", ""단체회식"", ""소모임"", ""한식뷔페"", ""강남구내식당"", ""직장인점심"", ""집밥이최고"", ""위생등급"", ""백반맛집""]","[""점심메뉴입니다"", ""석식메뉴도"", ""밑에"", ""양배추쌈"", ""기타등등이요"", ""매우우수업체"", ""대구탕"", ""대패목살구이"", ""비빔만두"", ""도라지볶음"", ""다시마"", ""샐러드"", ""참치김치찌개"", ""찜닭"", ""모듬튀김"", ""논현"", ""논현역점심"", ""신사역점심"", ""논현맛집"", ""신사맛집"", ""신사저녁"", ""논현저녁"", ""논현밥집"", ""신사밥집"", ""단체회식"", ""소모임"", ""한식뷔페"", ""강남구내식당"", ""직장인점심"", ""집밥이최고"", ""위생등급"", ""백반맛집""]"
https://www.instagram.com/p/DPGACspkaHD/c/18131932336413404/,"식단, 복잡하면 실패😫운동하고 오면 허기지고 무언가 채워 넣고 싶은데대충 아무거나 먹을순 없죠ㅠ 운동했으니 당연히 건강하게 먹어주기!!🤭저는 지지고 볶고 오래걸리는건 꾸준한 식단이 될수 없다고 생각해요. 특히 육아와 일을 병행하는 전....(게으르다고는 절대 말 못하지 ㅋㅋㅋㅋ)점심을 오후 1시경에 먹는데 오늘먹은 간단하지만 건강한 식단 공유할께요!! 오늘은 특별히 저녁에 고기를 먹을 예정이라 더 간단히 먹었어요(시아버지 생신🎉🥳)🥬양배추+ 당근라페+올리브 오일🍦그릭 요거트 with 그레놀라,블루베리그릭 요거트와 당근라페는 평소에 항상 만들어 두는 식재료인데요, 만들기도 간단하고 만들어서 냉장고에 넣어두면 언제든 꺼내 먹을수 있으니 꼭 만들어 보셔요!!!🩷🥕 당근 라페	•당근 2~3개 (중간 크기)	•소금 1작은술	•레몬즙 2큰술	•올리브유 2큰술	•알룰로스 ½작은술 (선택)	•홀그레인 머스타드 1큰술만드는 법1.당근을 가늘게 채 썰어 큰 볼에 담습니다.2.소금 1작은술을 넣어 골고루 버무리고 10~15분 정도 절입니다.3.절여진 당근에서 나온 물기를 손으로 가볍게 짜서 제거합니다.4.레몬즙·올리브유·알룰로스·홀그레인머스타드 넣어 버무리기	👉 절여서 만든 당근 라페는 샌드위치 속재료나 고기 요리 곁들임으로 특히 잘 어울려요.🍦그릭요거트 만들기🥛서울우유 플레인 요거트 2.45L 한통을 유청분리기에 쏟어 넣고 2일 기다리면 완성!!!정말 간단하쥬?간단한 몇가지 레시피 숙지하고 만들어두면 일주일이 편하답니다!! 🤗건강하게 먹고 향복한 주말 되셔요🩷#유청분리기 #건강한식단 #운동하는엄마 #당근라페 #식단 #샐러드 #오늘뭐먹지? #그릭요거트유청분리기",유청분리기;건강한식단;운동하는엄마;당근라페;식단;샐러드;오늘뭐먹지;그릭요거트유청분리기,식단 복잡하면 실패 운동하고 오면 허기지고 무언가 채워 넣고 싶은데대충 아무거나 먹을순 없죠ㅠ 운동했으니 당연히 건강하게 먹어주기 저는 지지고 볶고 오래걸리는건 꾸준한 식단이 될수 없다고 생각해요 특히 육아와 일을 병행하는 전 게으르다고는 절대 말 못하지 ㅋㅋㅋㅋ 점심을 오후 시경에 먹는데 오늘먹은 간단하지만 건강한 식단 공유할께요 오늘은 특별히 저녁에 고기를 먹을 예정이라 더 간단히 먹었어요 시아버지 생신 양배추 당근라페 올리브 오일 그릭 요거트 그레놀라 블루베리그릭 요거트와 당근라페는 평소에 항상 만들어 두는 식재료인데요 만들기도 간단하고 만들어서 냉장고에 넣어두면 언제든 꺼내 먹을수 있으니 꼭 만들어 보셔요 당근 라페 당근 개 중간 크기 소금 작은술 레몬즙 큰술 올리브유 큰술 알룰로스 작은술 선택 홀그레인 머스타드 큰술만드는 법 당근을 가늘게 채 썰어 큰 볼에 담습니다 소금 작은술을 넣어 골고루 버무리고 분 정도 절입니다 절여진 당근에서 나온 물기를 손으로 가볍게 짜서 제거합니다 레몬즙 올리브유 알룰로스 홀그레인머스타드 넣어 버무리기 절여서 만든 당근 라페는 샌드위치 속재료나 고기 요리 곁들임으로 특히 잘 어울려요 그릭요거트 만들기 서울우유 플레인 요거트 한통을 유청분리기에 쏟어 넣고 일 기다리면 완성 정말 간단하쥬 간단한 몇가지 레시피 숙지하고 만들어두면 일주일이 편하답니다 건강하게 먹고 향복한 주말 되셔요 #유청분리기 #건강한식단 #운동하는엄마 #당근라페 #식단 #샐러드 #오늘뭐먹지 #그릭요거트유청분리기,"[""식단"", ""복잡하면"", ""실패"", ""운동하고"", ""오면"", ""허기지고"", ""무언가"", ""채워"", ""싶은데대충"", ""아무거나"", ""먹을순"", ""없죠ㅠ"", ""운동했으니"", ""당연히"", ""건강하게"", ""먹어주기"", ""지지고"", ""볶고"", ""오래걸리는건"", ""꾸준한"", ""식단이"", ""될수"", ""없다고"", ""생각해요"", ""특히"", ""육아와"", ""일을"", ""병행하는"", ""게으르다고는"", ""절대"", ""못하지"", ""ㅋㅋㅋㅋ"", ""점심을"", ""오후"", ""시경에"", ""먹는데"", ""오늘먹은"", ""간단하지만"", ""건강한"", ""식단"", ""공유할께요"", ""특별히"", ""저녁에"", ""고기를"", ""예정이라"", ""간단히"", ""시아버지"", ""생신"", ""양배추"", ""당근라페"", ""올리브"", ""오일"", ""그릭"", ""요거트"", ""그레놀라"", ""블루베리그릭"", ""요거트와"", ""당근라페는"", ""평소에"", ""만들어"", ""두는"", ""식재료인데요"", ""만들기도"", ""간단하고"", ""만들어서"", ""냉장고에"", ""넣어두면"", ""꺼내"", ""먹을수"", ""만들어"", ""보셔요"", ""당근"", ""라페"", ""당근"", ""중간"", ""크기"", ""소금"", ""작은술"", ""레몬즙"", ""큰술"", ""올리브유"", ""큰술"", ""알룰로스"", ""작은술"", ""선택"", ""홀그레인"", ""머스타드"", ""큰술만드는"", ""당근을"", ""가늘게"", ""썰어"", ""볼에"", ""담습니다"", ""소금"", ""작은술을"", ""골고루"", ""버무리고"", ""절입니다"", ""절여진"", ""당근에서"", ""나온"", ""물기를"", ""손으로"", ""가볍게"", ""짜서"", ""제거합니다"", ""레몬즙"", ""올리브유"", ""알룰로스"", ""홀그레인머스타드"", ""버무리기"", ""절여서"", ""만든"", ""당근"", ""라페는"", ""샌드위치"", ""속재료나"", ""고기"", ""요리"", ""곁들임으로"", ""특히"", ""어울려요"", ""그릭요거트"", ""만들기"", ""서울우유"", ""플레인"", ""요거트"", ""한통을"", ""유청분리기에"", ""쏟어"", ""기다리면"", ""완성"", ""간단하쥬"", ""간단한"", ""몇가지"", ""레시피"", ""숙지하고"", ""만들어두면"", ""일주일이"", ""편하답니다"", ""건강하게"", ""향복한"", ""주말"", ""되셔요""]","[""유청분리기"", ""건강한식단"", ""운동하는엄마"", ""당근라페"", ""식단"", ""샐러드"", ""오늘뭐먹지"", ""그릭요거트유청분리기""]","[""식단"", ""복잡하면"", ""실패"", ""운동하고"", ""오면"", ""허기지고"", ""무언가"", ""채워"", ""싶은데대충"", ""아무거나"", ""먹을순"", ""없죠ㅠ"", ""운동했으니"", ""당연히"", ""건강하게"", ""먹어주기"", ""지지고"", ""볶고"", ""오래걸리는건"", ""꾸준한"", ""식단이"", ""될수"", ""없다고"", ""생각해요"", ""특히"", ""육아와"", ""일을"", ""병행하는"", ""게으르다고는"", ""절대"", ""못하지"", ""ㅋㅋㅋㅋ"", ""점심을"", ""오후"", ""시경에"", ""먹는데"", ""오늘먹은"", ""간단하지만"", ""건강한"", ""식단"", ""공유할께요"", ""특별히"", ""저녁에"", ""고기를"", ""예정이라"", ""간단히"", ""시아버지"", ""생신"", ""양배추"", ""당근라페"", ""올리브"", ""오일"", ""그릭"", ""요거트"", ""그레놀라"", ""블루베리그릭"", ""요거트와"", ""당근라페는"", ""평소에"", ""만들어"", ""두는"", ""식재료인데요"", ""만들기도"", ""간단하고"", ""만들어서"", ""냉장고에"", ""넣어두면"", ""꺼내"", ""먹을수"", ""만들어"", ""보셔요"", ""당근"", ""라페"", ""당근"", ""중간"", ""크기"", ""소금"", ""작은술"", ""레몬즙"", ""큰술"", ""올리브유"", ""큰술"", ""알룰로스"", ""작은술"", ""선택"", ""홀그레인"", ""머스타드"", ""큰술만드는"", ""당근을"", ""가늘게"", ""썰어"", ""볼에"", ""담습니다"", ""소금"", ""작은술을"", ""골고루"", ""버무리고"", ""절입니다"", ""절여진"", ""당근에서"", ""나온"", ""물기를"", ""손으로"", ""가볍게"", ""짜서"", ""제거합니다"", ""레몬즙"", ""올리브유"", ""알룰로스"", ""홀그레인머스타드"", ""버무리기"", ""절여서"", ""만든"", ""당근"", ""라페는"", ""샌드위치"", ""속재료나"", ""고기"", ""요리"", ""곁들임으로"", ""특히"", ""어울려요"", ""그릭요거트"", ""만들기"", ""서울우유"", ""플레인"", ""요거트"", ""한통을"", ""유청분리기에"", ""쏟어"", ""기다리면"", ""완성"", ""간단하쥬"", ""간단한"", ""몇가지"", ""레시피"", ""숙지하고"", ""만들어두면"", ""일주일이"", ""편하답니다"", ""건강하게"", ""향복한"", ""주말"", ""되셔요"", ""유청분리기"", ""건강한식단"", ""운동하는엄마"", ""당근라페"", ""식단"", ""샐러드"", ""오늘뭐먹지"", ""그릭요거트유청분리기""]"
https://www.instagram.com/p/DPB4eZ9D18l/,자기야 나 이거 주문할래📸 언스플래쉬 / 각 브랜드,,자기야 나 이거 주문할래 언스플래쉬 각 브랜드,"[""자기야"", ""주문할래"", ""언스플래쉬""]","[""자기야"", ""주문할래"", ""언스플래쉬""]","[""자기야"", ""주문할래"", ""언스플래쉬"", ""자기야"", ""주문할래"", ""언스플래쉬""]"
https://www.instagram.com/p/DN11LH05O1I/c/18017554241757007/,"💚과일부자🙋🏻‍♀️복숭아, 샤인머스캣에 무화과까지…제가 좋아하는 과일들이 제철이라 행복💕저 지금 과일부자라구요🥰오랜만에 그릭샤인 만들어 먹었어요💚귀찮긴 하지만 또 만들어 접시에 담으면 예뻐서 기분 좋아요둥친님들🥰아침에 좀 선선해지는게 가을이 오려나요…또 이렇게 입방정 떨면 더울라나…🤣다들 수요고개 잘 넘겨 보아요💪",,과일부자 복숭아 샤인머스캣에 무화과까지 제가 좋아하는 과일들이 제철이라 행복 저 지금 과일부자라구요 오랜만에 그릭샤인 만들어 먹었어요 귀찮긴 하지만 또 만들어 접시에 담으면 예뻐서 기분 좋아요둥친님들 아침에 좀 선선해지는게 가을이 오려나요 또 이렇게 입방정 떨면 더울라나 다들 수요고개 잘 넘겨 보아요,"[""과일부자"", ""복숭아"", ""샤인머스캣에"", ""무화과까지"", ""좋아하는"", ""과일들이"", ""제철이라"", ""행복"", ""지금"", ""과일부자라구요"", ""그릭샤인"", ""만들어"", ""귀찮긴"", ""하지만"", ""만들어"", ""접시에"", ""담으면"", ""예뻐서"", ""기분"", ""좋아요둥친님들"", ""아침에"", ""선선해지는게"", ""가을이"", ""오려나요"", ""입방정"", ""떨면"", ""더울라나"", ""수요고개"", ""넘겨"", ""보아요""]","[""과일부자"", ""복숭아"", ""샤인머스캣에"", ""무화과까지"", ""좋아하는"", ""과일들이"", ""제철이라"", ""행복"", ""지금"", ""과일부자라구요"", ""그릭샤인"", ""만들어"", ""귀찮긴"", ""하지만"", ""만들어"", ""접시에"", ""담으면"", ""예뻐서"", ""기분"", ""좋아요둥친님들"", ""아침에"", ""선선해지는게"", ""가을이"", ""오려나요"", ""입방정"", ""떨면"", ""더울라나"", ""수요고개"", ""넘겨"", ""보아요""]","[""과일부자"", ""복숭아"", ""샤인머스캣에"", ""무화과까지"", ""좋아하는"", ""과일들이"", ""제철이라"", ""행복"", ""지금"", ""과일부자라구요"", ""그릭샤인"", ""만들어"", ""귀찮긴"", ""하지만"", ""만들어"", ""접시에"", ""담으면"", ""예뻐서"", ""기분"", ""좋아요둥친님들"", ""아침에"", ""선선해지는게"", ""가을이"", ""오려나요"", ""입방정"", ""떨면"", ""더울라나"", ""수요고개"", ""넘겨"", ""보아요"", ""과일부자"", ""복숭아"", ""샤인머스캣에"", ""무화과까지"", ""좋아하는"", ""과일들이"", ""제철이라"", ""행복"", ""지금"", ""과일부자라구요"", ""그릭샤인"", ""만들어"", ""귀찮긴"", ""하지만"", ""만들어"", ""접시에"", ""담으면"", ""예뻐서"", ""기분"", ""좋아요둥친님들"", ""아침에"", ""선선해지는게"", ""가을이"", ""오려나요"", ""입방정"", ""떨면"", ""더울라나"", ""수요고개"", ""넘겨"", ""보아요""]"
https://www.instagram.com/p/DQItScKk6u_/,공기가 찬 이 계절😄이면탱글탱글한 굴이 시작됩니다👍맛있는 굴 파스타를 준비했습니다!!맛있는 통영굴의 버터소스 맛 보시러 오세욤💕#치보#외대#경희대#한예종#맛집#즐거운#파스타#pasta#spaghetti#스파게티#salad#샐러드#이문동맛집#서울맛집#cibo#굴#oyster,치보;외대;경희대;한예종;맛집;즐거운;파스타;pasta;spaghetti;스파게티;salad;샐러드;이문동맛집;서울맛집;cibo;굴;oyster,공기가 찬 이 계절 이면탱글탱글한 굴이 시작됩니다 맛있는 굴 파스타를 준비했습니다 맛있는 통영굴의 버터소스 맛 보시러 오세욤 #치보#외대#경희대#한예종#맛집#즐거운#파스타# # #스파게티# #샐러드#이문동맛집#서울맛집# #굴#,"[""공기가"", ""계절"", ""이면탱글탱글한"", ""굴이"", ""시작됩니다"", ""파스타를"", ""준비했습니다"", ""통영굴의"", ""버터소스"", ""보시러"", ""오세욤""]","[""치보"", ""외대"", ""경희대"", ""한예종"", ""맛집"", ""즐거운"", ""파스타"", ""스파게티"", ""샐러드"", ""이문동맛집"", ""서울맛집""]","[""공기가"", ""계절"", ""이면탱글탱글한"", ""굴이"", ""시작됩니다"", ""파스타를"", ""준비했습니다"", ""통영굴의"", ""버터소스"", ""보시러"", ""오세욤"", ""치보"", ""외대"", ""경희대"", ""한예종"", ""맛집"", ""즐거운"", ""파스타"", ""스파게티"", ""샐러드"", ""이문동맛집"", ""서울맛집""]"
https://www.instagram.com/p/DP6TZNxgfYg/,😋이렇게 해서 먹으면 맛있다고 해서 따라해봄좋아 하는 식재료들이라 맛은…말해뭐해#꾸덕그릭요거트 #fresh #샐러드 #breakfast#music #everydaylife,꾸덕그릭요거트;fresh;샐러드;breakfast;music;everydaylife,이렇게 해서 먹으면 맛있다고 해서 따라해봄좋아 하는 식재료들이라 맛은 말해뭐해#꾸덕그릭요거트 # #샐러드 # # #,"[""맛있다고"", ""따라해봄좋아"", ""식재료들이라"", ""말해뭐해""]","[""꾸덕그릭요거트"", ""샐러드""]","[""맛있다고"", ""따라해봄좋아"", ""식재료들이라"", ""말해뭐해"", ""꾸덕그릭요거트"", ""샐러드""]"
https://www.instagram.com/p/DQENmCOEft6/,"20251021샐러드는 조금 남기고 바나나는 하나 더 먹었다. 강레오 쉐프님이 알려준 드레싱을 뿌려 먹었는데 꽤 괜찮았다. 원래는 화이트 와인 비니거 50ml,퓨어 올리브오일 100ml,엑스트라버진 오일 150ml,디종 머스타드 1t였는데, 엑스트라버진 올리브유를 250ml 넣고 그냥 홀그레인 머스타드를 1t 넣었다. 디종 머스타드는 구하기가 어려웠다.어제 지지난주엔가 사온 샐러드 반봉지를 버렸다. 그건  250g씩 2묶음이 한팩이었는데, 매일 매일 먹지 않으면 꼭 버리게 된다. 이번엔 사온건 400g짜리 한봉지인데 그래도 이게 나을 것 같다. 아무래도 샐러드를 매일 먹을 순 없으니.내일은 닭가슴살을 구워서 샐러드랑 같이 먹어야겠다. #샐러드 #집밥 #오늘집밥",샐러드;집밥;오늘집밥,샐러드는 조금 남기고 바나나는 하나 더 먹었다 강레오 쉐프님이 알려준 드레싱을 뿌려 먹었는데 꽤 괜찮았다 원래는 화이트 와인 비니거 퓨어 올리브오일 엑스트라버진 오일 디종 머스타드 였는데 엑스트라버진 올리브유를 넣고 그냥 홀그레인 머스타드를 넣었다 디종 머스타드는 구하기가 어려웠다 어제 지지난주엔가 사온 샐러드 반봉지를 버렸다 그건 씩 묶음이 한팩이었는데 매일 매일 먹지 않으면 꼭 버리게 된다 이번엔 사온건 짜리 한봉지인데 그래도 이게 나을 것 같다 아무래도 샐러드를 매일 먹을 순 없으니 내일은 닭가슴살을 구워서 샐러드랑 같이 먹어야겠다 #샐러드 #집밥 #오늘집밥,"[""샐러드는"", ""남기고"", ""바나나는"", ""먹었다"", ""강레오"", ""쉐프님이"", ""알려준"", ""드레싱을"", ""뿌려"", ""먹었는데"", ""괜찮았다"", ""원래는"", ""화이트"", ""와인"", ""비니거"", ""퓨어"", ""올리브오일"", ""엑스트라버진"", ""오일"", ""디종"", ""머스타드"", ""였는데"", ""엑스트라버진"", ""올리브유를"", ""홀그레인"", ""머스타드를"", ""넣었다"", ""디종"", ""머스타드는"", ""구하기가"", ""어려웠다"", ""지지난주엔가"", ""사온"", ""샐러드"", ""반봉지를"", ""버렸다"", ""그건"", ""묶음이"", ""한팩이었는데"", ""매일"", ""매일"", ""먹지"", ""않으면"", ""버리게"", ""된다"", ""이번엔"", ""사온건"", ""짜리"", ""한봉지인데"", ""이게"", ""나을"", ""아무래도"", ""샐러드를"", ""매일"", ""없으니"", ""내일은"", ""닭가슴살을"", ""구워서"", ""샐러드랑"", ""먹어야겠다""]","[""샐러드"", ""집밥"", ""오늘집밥""]","[""샐러드는"", ""남기고"", ""바나나는"", ""먹었다"", ""강레오"", ""쉐프님이"", ""알려준"", ""드레싱을"", ""뿌려"", ""먹었는데"", ""괜찮았다"", ""원래는"", ""화이트"", ""와인"", ""비니거"", ""퓨어"", ""올리브오일"", ""엑스트라버진"", ""오일"", ""디종"", ""머스타드"", ""였는데"", ""엑스트라버진"", ""올리브유를"", ""홀그레인"", ""머스타드를"", ""넣었다"", ""디종"", ""머스타드는"", ""구하기가"", ""어려웠다"", ""지지난주엔가"", ""사온"", ""샐러드"", ""반봉지를"", ""버렸다"", ""그건"", ""묶음이"", ""한팩이었는데"", ""매일"", ""매일"", ""먹지"", ""않으면"", ""버리게"", ""된다"", ""이번엔"", ""사온건"", ""짜리"", ""한봉지인데"", ""이게"", ""나을"", ""아무래도"", ""샐러드를"", ""매일"", ""없으니"", ""내일은"", ""닭가슴살을"", ""구워서"", ""샐러드랑"", ""먹어야겠다"", ""샐러드"", ""집밥"", ""오늘집밥""]"
https://www.instagram.com/p/DQJWILZkQ4E/c/18136790272455249/,날씨 선선해진 김에 밖에서 브런치 🍂🤎 맨날 놀먹하고 시퍼요 ㅎㅎㅎ ••• 🥗🥓🍴,,날씨 선선해진 김에 밖에서 브런치 맨날 놀먹하고 시퍼요 ㅎㅎㅎ,"[""날씨"", ""선선해진"", ""김에"", ""밖에서"", ""브런치"", ""맨날"", ""놀먹하고"", ""시퍼요"", ""ㅎㅎㅎ""]","[""날씨"", ""선선해진"", ""김에"", ""밖에서"", ""브런치"", ""맨날"", ""놀먹하고"", ""시퍼요"", ""ㅎㅎㅎ""]","[""날씨"", ""선선해진"", ""김에"", ""밖에서"", ""브런치"", ""맨날"", ""놀먹하고"", ""시퍼요"", ""ㅎㅎㅎ"", ""날씨"", ""선선해진"", ""김에"", ""밖에서"", ""브런치"", ""맨날"", ""놀먹하고"", ""시퍼요"", ""ㅎㅎㅎ""]"
https://www.instagram.com/p/DQEWhIKj8Ce/,널리 알려진 태국 음식인 솜땀그러나 일반 샐러드처럼 생긴 외양에 이끌려 처음 드시는 분들은 간혹 생각과 다른 솜땀의 맛에 놀라시곤 합니다.태국의 피시 소스인 남쁠라가 들어가 새콤하면서도 짭쪼름한 그 맛에 익숙하지 않으신거죠.그러나 그 맛에 익숙해지시고나면 솜땀 중독자가 될지도 모르니 조심하세요 ☝️#반타이 #태국음식점 #태국음식 #솜땀 #새콤짭조름#파파야샐러드 #샐러드 #파파야  #시외버스터미널근처맛집 #제주맛집 #제주가볼만한곳 #제주식당 #색다른메뉴,반타이;태국음식점;태국음식;솜땀;새콤짭조름;파파야샐러드;샐러드;파파야;시외버스터미널근처맛집;제주맛집;제주가볼만한곳;제주식당;색다른메뉴,널리 알려진 태국 음식인 솜땀그러나 일반 샐러드처럼 생긴 외양에 이끌려 처음 드시는 분들은 간혹 생각과 다른 솜땀의 맛에 놀라시곤 합니다 태국의 피시 소스인 남쁠라가 들어가 새콤하면서도 짭쪼름한 그 맛에 익숙하지 않으신거죠 그러나 그 맛에 익숙해지시고나면 솜땀 중독자가 될지도 모르니 조심하세요 #반타이 #태국음식점 #태국음식 #솜땀 #새콤짭조름#파파야샐러드 #샐러드 #파파야 #시외버스터미널근처맛집 #제주맛집 #제주가볼만한곳 #제주식당 #색다른메뉴,"[""널리"", ""알려진"", ""태국"", ""음식인"", ""솜땀그러나"", ""일반"", ""샐러드처럼"", ""생긴"", ""외양에"", ""이끌려"", ""처음"", ""드시는"", ""분들은"", ""간혹"", ""생각과"", ""솜땀의"", ""맛에"", ""놀라시곤"", ""태국의"", ""피시"", ""소스인"", ""남쁠라가"", ""들어가"", ""새콤하면서도"", ""짭쪼름한"", ""맛에"", ""익숙하지"", ""않으신거죠"", ""맛에"", ""익숙해지시고나면"", ""솜땀"", ""중독자가"", ""될지도"", ""모르니"", ""조심하세요""]","[""반타이"", ""태국음식점"", ""태국음식"", ""솜땀"", ""새콤짭조름"", ""파파야샐러드"", ""샐러드"", ""파파야"", ""시외버스터미널근처맛집"", ""제주맛집"", ""제주가볼만한곳"", ""제주식당"", ""색다른메뉴""]","[""널리"", ""알려진"", ""태국"", ""음식인"", ""솜땀그러나"", ""일반"", ""샐러드처럼"", ""생긴"", ""외양에"", ""이끌려"", ""처음"", ""드시는"", ""분들은"", ""간혹"", ""생각과"", ""솜땀의"", ""맛에"", ""놀라시곤"", ""태국의"", ""피시"", ""소스인"", ""남쁠라가"", ""들어가"", ""새콤하면서도"", ""짭쪼름한"", ""맛에"", ""익숙하지"", ""않으신거죠"", ""맛에"", ""익숙해지시고나면"", ""솜땀"", ""중독자가"", ""될지도"", ""모르니"", ""조심하세요"", ""반타이"", ""태국음식점"", ""태국음식"", ""솜땀"", ""새콤짭조름"", ""파파야샐러드"", ""샐러드"", ""파파야"", ""시외버스터미널근처맛집"", ""제주맛집"", ""제주가볼만한곳"", ""제주식당"", ""색다른메뉴""]"
https://www.instagram.com/p/DP6AWafkrn6/c/18408826006138466/,"(울산 화정동 카페, 신선함 가득 울산 동구 샌드위치 & 샐러드 맛집) - 복남이샌드 동구점 📌 주소 - 울산 동구 학문로 95-1 ☎️ 연락처 - 0507-1395-5673⏰ 영업시간 - 평일 10:00 - 20:30주말 10:00 - 15:00라스트오더 20:20🚘 주차 - 가게 주차장 없음오늘은 오늘은~~울산 화정동 카페의 베스트 메뉴인 깻잎불고기 샌드위치, 생연어 샐러드 주문했어요깻잎불고기 샌드위치 8,000원고소한 깻잎과 매콤한 불고기가 만나 신선한 채소화 함께 더해진 깻잎 불고기 샌드위치에요!한 입 베어물 때마다 입안 가득 퍼지는 진한 맛의 만족감을 느낄 수 있어요고소하고 쫄깃한 식빵 사이에 달콤 짭조름한 매콤 불고기가 가득 들어있어요아삭한 양상추, 상큼한 토마토 신선한 채소들도 듬뿍 들어가있어서 한끼 식사로 딱이에요생연어샐러드 9,000원신선하고 다양한 채소와방울토마토, 계란, 오렌지, 두부, 버섯이 골고루 올라가요!생연어샐러드와 찰떡궁합인 스리라차마요 소스로 선택했어요야채의 아삭한 식감과 생연어의 부드러움이 너무 잘어울려요!#울산맛집 #맛집 #샐러드 #샌드위치 #울산샐러드 #울산샌드위치 #복남이샌드",울산맛집;맛집;샐러드;샌드위치;울산샐러드;울산샌드위치;복남이샌드,울산 화정동 카페 신선함 가득 울산 동구 샌드위치 샐러드 맛집 복남이샌드 동구점 주소 울산 동구 학문로 연락처 영업시간 평일 주말 라스트오더 주차 가게 주차장 없음오늘은 오늘은 울산 화정동 카페의 베스트 메뉴인 깻잎불고기 샌드위치 생연어 샐러드 주문했어요깻잎불고기 샌드위치 원고소한 깻잎과 매콤한 불고기가 만나 신선한 채소화 함께 더해진 깻잎 불고기 샌드위치에요 한 입 베어물 때마다 입안 가득 퍼지는 진한 맛의 만족감을 느낄 수 있어요고소하고 쫄깃한 식빵 사이에 달콤 짭조름한 매콤 불고기가 가득 들어있어요아삭한 양상추 상큼한 토마토 신선한 채소들도 듬뿍 들어가있어서 한끼 식사로 딱이에요생연어샐러드 원신선하고 다양한 채소와방울토마토 계란 오렌지 두부 버섯이 골고루 올라가요 생연어샐러드와 찰떡궁합인 스리라차마요 소스로 선택했어요야채의 아삭한 식감과 생연어의 부드러움이 너무 잘어울려요 #울산맛집 #맛집 #샐러드 #샌드위치 #울산샐러드 #울산샌드위치 #복남이샌드,"[""울산"", ""화정동"", ""카페"", ""신선함"", ""울산"", ""동구"", ""샌드위치"", ""샐러드"", ""맛집"", ""복남이샌드"", ""동구점"", ""주소"", ""울산"", ""동구"", ""학문로"", ""영업시간"", ""평일"", ""주말"", ""라스트오더"", ""가게"", ""주차장"", ""없음오늘은"", ""울산"", ""화정동"", ""카페의"", ""베스트"", ""메뉴인"", ""깻잎불고기"", ""샌드위치"", ""생연어"", ""샐러드"", ""주문했어요깻잎불고기"", ""샌드위치"", ""원고소한"", ""깻잎과"", ""매콤한"", ""불고기가"", ""만나"", ""신선한"", ""채소화"", ""함께"", ""더해진"", ""깻잎"", ""불고기"", ""샌드위치에요"", ""베어물"", ""때마다"", ""입안"", ""퍼지는"", ""만족감을"", ""느낄"", ""있어요고소하고"", ""쫄깃한"", ""식빵"", ""사이에"", ""달콤"", ""짭조름한"", ""매콤"", ""불고기가"", ""들어있어요아삭한"", ""양상추"", ""상큼한"", ""토마토"", ""신선한"", ""채소들도"", ""들어가있어서"", ""한끼"", ""식사로"", ""딱이에요생연어샐러드"", ""원신선하고"", ""다양한"", ""채소와방울토마토"", ""계란"", ""오렌지"", ""두부"", ""버섯이"", ""골고루"", ""올라가요"", ""생연어샐러드와"", ""찰떡궁합인"", ""스리라차마요"", ""소스로"", ""선택했어요야채의"", ""아삭한"", ""식감과"", ""생연어의"", ""부드러움이"", ""잘어울려요""]","[""울산맛집"", ""맛집"", ""샐러드"", ""샌드위치"", ""울산샐러드"", ""울산샌드위치"", ""복남이샌드""]","[""울산"", ""화정동"", ""카페"", ""신선함"", ""울산"", ""동구"", ""샌드위치"", ""샐러드"", ""맛집"", ""복남이샌드"", ""동구점"", ""주소"", ""울산"", ""동구"", ""학문로"", ""영업시간"", ""평일"", ""주말"", ""라스트오더"", ""가게"", ""주차장"", ""없음오늘은"", ""울산"", ""화정동"", ""카페의"", ""베스트"", ""메뉴인"", ""깻잎불고기"", ""샌드위치"", ""생연어"", ""샐러드"", ""주문했어요깻잎불고기"", ""샌드위치"", ""원고소한"", ""깻잎과"", ""매콤한"", ""불고기가"", ""만나"", ""신선한"", ""채소화"", ""함께"", ""더해진"", ""깻잎"", ""불고기"", ""샌드위치에요"", ""베어물"", ""때마다"", ""입안"", ""퍼지는"", ""만족감을"", ""느낄"", ""있어요고소하고"", ""쫄깃한"", ""식빵"", ""사이에"", ""달콤"", ""짭조름한"", ""매콤"", ""불고기가"", ""들어있어요아삭한"", ""양상추"", ""상큼한"", ""토마토"", ""신선한"", ""채소들도"", ""들어가있어서"", ""한끼"", ""식사로"", ""딱이에요생연어샐러드"", ""원신선하고"", ""다양한"", ""채소와방울토마토"", ""계란"", ""오렌지"", ""두부"", ""버섯이"", ""골고루"", ""올라가요"", ""생연어샐러드와"", ""찰떡궁합인"", ""스리라차마요"", ""소스로"", ""선택했어요야채의"", ""아삭한"", ""식감과"", ""생연어의"", ""부드러움이"", ""잘어울려요"", ""울산맛집"", ""맛집"", ""샐러드"", ""샌드위치"", ""울산샐러드"", ""울산샌드위치"", ""복남이샌드""]"
https://www.instagram.com/p/DQBlVytCSK3/,집 근처에 덕수 파스타 란 곳이 있어서 가봤어요😄스파이시 알리오 올리오 파스타랑 토마토파스타 고기 샐러드 시켰어요파스타도 진짜 맛있는데 여기 샐러드 진짜 강추해요👍👍소스도 너무 맛있고 토핑도 가득 올려져있는게 진짜 최고였어요😆#덕수파스타 #파스타 #파스타맛집 #파스타그램 #알리오올리오 #알리오올리오파스타 #스파이시알리오올리오 #스파이시알리오올리오파스타 #양식 #양식맛집 #샐러드 #샐러드맛집 #토마토파스타 #춘천 #춘천맛집 #춘천여행 #고기샐러드 #맛집 #맛집추천 #맛스타그램 #선팔하면맞팔 #선팔 #맞팔 #친구해요 #맞팔해요,덕수파스타;파스타;파스타맛집;파스타그램;알리오올리오;알리오올리오파스타;스파이시알리오올리오;스파이시알리오올리오파스타;양식;양식맛집;샐러드;샐러드맛집;토마토파스타;춘천;춘천맛집;춘천여행;고기샐러드;맛집;맛집추천;맛스타그램;선팔하면맞팔;선팔;맞팔;친구해요;맞팔해요,집 근처에 덕수 파스타 란 곳이 있어서 가봤어요 스파이시 알리오 올리오 파스타랑 토마토파스타 고기 샐러드 시켰어요파스타도 진짜 맛있는데 여기 샐러드 진짜 강추해요 소스도 너무 맛있고 토핑도 가득 올려져있는게 진짜 최고였어요 #덕수파스타 #파스타 #파스타맛집 #파스타그램 #알리오올리오 #알리오올리오파스타 #스파이시알리오올리오 #스파이시알리오올리오파스타 #양식 #양식맛집 #샐러드 #샐러드맛집 #토마토파스타 #춘천 #춘천맛집 #춘천여행 #고기샐러드 #맛집 #맛집추천 #맛스타그램 #선팔하면맞팔 #선팔 #맞팔 #친구해요 #맞팔해요,"[""근처에"", ""덕수"", ""파스타"", ""곳이"", ""가봤어요"", ""스파이시"", ""알리오"", ""올리오"", ""파스타랑"", ""토마토파스타"", ""고기"", ""샐러드"", ""시켰어요파스타도"", ""맛있는데"", ""여기"", ""샐러드"", ""강추해요"", ""소스도"", ""토핑도"", ""올려져있는게"", ""최고였어요""]","[""덕수파스타"", ""파스타"", ""파스타맛집"", ""파스타그램"", ""알리오올리오"", ""알리오올리오파스타"", ""스파이시알리오올리오"", ""스파이시알리오올리오파스타"", ""양식"", ""양식맛집"", ""샐러드"", ""샐러드맛집"", ""토마토파스타"", ""춘천"", ""춘천맛집"", ""춘천여행"", ""고기샐러드"", ""맛집"", ""맛집추천"", ""맛스타그램"", ""선팔하면맞팔"", ""선팔"", ""맞팔"", ""친구해요"", ""맞팔해요""]","[""근처에"", ""덕수"", ""파스타"", ""곳이"", ""가봤어요"", ""스파이시"", ""알리오"", ""올리오"", ""파스타랑"", ""토마토파스타"", ""고기"", ""샐러드"", ""시켰어요파스타도"", ""맛있는데"", ""여기"", ""샐러드"", ""강추해요"", ""소스도"", ""토핑도"", ""올려져있는게"", ""최고였어요"", ""덕수파스타"", ""파스타"", ""파스타맛집"", ""파스타그램"", ""알리오올리오"", ""알리오올리오파스타"", ""스파이시알리오올리오"", ""스파이시알리오올리오파스타"", ""양식"", ""양식맛집"", ""샐러드"", ""샐러드맛집"", ""토마토파스타"", ""춘천"", ""춘천맛집"", ""춘천여행"", ""고기샐러드"", ""맛집"", ""맛집추천"", ""맛스타그램"", ""선팔하면맞팔"", ""선팔"", ""맞팔"", ""친구해요"", ""맞팔해요""]"
https://www.instagram.com/p/DP_MRh7karJ/,"러닝크루장 언니의 저녁 초대~❤️러닝이 아닌 식사와 수다로 만나는 즐거운 시간집이 아기자기 넘 예뻐서 자주 놀러가고싶었던 공간각자 준비한 음식들을 맛있게 먹으며 행복했던 식사서로에게 격려와 칭찬, 긍정의 에너지를 주는 사람들인생의 많은 변화를 겪고있는 최근 몇 년간내 인생에 있어서 지워야 하는 인연도 있었지만새롭게 생겨나는 인연도 많은 요즘이다.내가 어떻게 마음 먹고, 어떻게 행동하고, 어떠한 일들을 하느냐에 나의 감정의 기운도, 주위 환경도, 만나게되는 사람들도 함께 변화한다는걸 몸소 체득하고 있는 중이다.앞으로는 계속 좋은 일들과 좋은 사람들만 주위에 가득해라~!!!🤗🤗🤗😘😘😘#식사초대감사해요 #맛있는저녁식사 #파스타 #김밥 #샐러드 #러닝크루모임 #일상기록 #지난주일상 #수다와식사 #즐거운시간",식사초대감사해요;맛있는저녁식사;파스타;김밥;샐러드;러닝크루모임;일상기록;지난주일상;수다와식사;즐거운시간,러닝크루장 언니의 저녁 초대 러닝이 아닌 식사와 수다로 만나는 즐거운 시간집이 아기자기 넘 예뻐서 자주 놀러가고싶었던 공간각자 준비한 음식들을 맛있게 먹으며 행복했던 식사서로에게 격려와 칭찬 긍정의 에너지를 주는 사람들인생의 많은 변화를 겪고있는 최근 몇 년간내 인생에 있어서 지워야 하는 인연도 있었지만새롭게 생겨나는 인연도 많은 요즘이다 내가 어떻게 마음 먹고 어떻게 행동하고 어떠한 일들을 하느냐에 나의 감정의 기운도 주위 환경도 만나게되는 사람들도 함께 변화한다는걸 몸소 체득하고 있는 중이다 앞으로는 계속 좋은 일들과 좋은 사람들만 주위에 가득해라 #식사초대감사해요 #맛있는저녁식사 #파스타 #김밥 #샐러드 #러닝크루모임 #일상기록 #지난주일상 #수다와식사 #즐거운시간,"[""러닝크루장"", ""언니의"", ""저녁"", ""초대"", ""러닝이"", ""아닌"", ""식사와"", ""수다로"", ""만나는"", ""즐거운"", ""시간집이"", ""아기자기"", ""예뻐서"", ""놀러가고싶었던"", ""공간각자"", ""준비한"", ""음식들을"", ""먹으며"", ""행복했던"", ""식사서로에게"", ""격려와"", ""칭찬"", ""긍정의"", ""에너지를"", ""주는"", ""사람들인생의"", ""변화를"", ""겪고있는"", ""최근"", ""년간내"", ""인생에"", ""지워야"", ""인연도"", ""있었지만새롭게"", ""생겨나는"", ""인연도"", ""요즘이다"", ""내가"", ""어떻게"", ""마음"", ""어떻게"", ""행동하고"", ""어떠한"", ""일들을"", ""하느냐에"", ""나의"", ""감정의"", ""기운도"", ""주위"", ""환경도"", ""만나게되는"", ""사람들도"", ""함께"", ""변화한다는걸"", ""몸소"", ""체득하고"", ""중이다"", ""앞으로는"", ""일들과"", ""사람들만"", ""주위에"", ""가득해라""]","[""식사초대감사해요"", ""맛있는저녁식사"", ""파스타"", ""김밥"", ""샐러드"", ""러닝크루모임"", ""일상기록"", ""지난주일상"", ""수다와식사"", ""즐거운시간""]","[""러닝크루장"", ""언니의"", ""저녁"", ""초대"", ""러닝이"", ""아닌"", ""식사와"", ""수다로"", ""만나는"", ""즐거운"", ""시간집이"", ""아기자기"", ""예뻐서"", ""놀러가고싶었던"", ""공간각자"", ""준비한"", ""음식들을"", ""먹으며"", ""행복했던"", ""식사서로에게"", ""격려와"", ""칭찬"", ""긍정의"", ""에너지를"", ""주는"", ""사람들인생의"", ""변화를"", ""겪고있는"", ""최근"", ""년간내"", ""인생에"", ""지워야"", ""인연도"", ""있었지만새롭게"", ""생겨나는"", ""인연도"", ""요즘이다"", ""내가"", ""어떻게"", ""마음"", ""어떻게"", ""행동하고"", ""어떠한"", ""일들을"", ""하느냐에"", ""나의"", ""감정의"", ""기운도"", ""주위"", ""환경도"", ""만나게되는"", ""사람들도"", ""함께"", ""변화한다는걸"", ""몸소"", ""체득하고"", ""중이다"", ""앞으로는"", ""일들과"", ""사람들만"", ""주위에"", ""가득해라"", ""식사초대감사해요"", ""맛있는저녁식사"", ""파스타"", ""김밥"", ""샐러드"", ""러닝크루모임"", ""일상기록"", ""지난주일상"", ""수다와식사"", ""즐거운시간""]"
https://www.instagram.com/p/DP_BD5wE2kG/c/18100697929646598/,-재이는 내 입맛과 똑같이 닮아가네 알록달록 마카로니 샐러드도 좋아해요 🥣#마카로니샐러드 #샐러드 #모도리부엌,마카로니샐러드;샐러드;모도리부엌,재이는 내 입맛과 똑같이 닮아가네 알록달록 마카로니 샐러드도 좋아해요 #마카로니샐러드 #샐러드 #모도리부엌,"[""재이는"", ""입맛과"", ""똑같이"", ""닮아가네"", ""알록달록"", ""마카로니"", ""샐러드도"", ""좋아해요""]","[""마카로니샐러드"", ""샐러드"", ""모도리부엌""]","[""재이는"", ""입맛과"", ""똑같이"", ""닮아가네"", ""알록달록"", ""마카로니"", ""샐러드도"", ""좋아해요"", ""마카로니샐러드"", ""샐러드"", ""모도리부엌""]"
https://www.instagram.com/p/DJnC0UhzakS/,#샌드위치 #샐러드 #단체주문 #샌드위치단체주문 #가산디지털역샌드위치맛집 #가산디지털단지맛집,샌드위치;샐러드;단체주문;샌드위치단체주문;가산디지털역샌드위치맛집;가산디지털단지맛집,#샌드위치 #샐러드 #단체주문 #샌드위치단체주문 #가산디지털역샌드위치맛집 #가산디지털단지맛집,[],"[""샌드위치"", ""샐러드"", ""샌드위치단체주문"", ""가산디지털역샌드위치맛집"", ""가산디지털단지맛집""]","[""샌드위치"", ""샐러드"", ""샌드위치단체주문"", ""가산디지털역샌드위치맛집"", ""가산디지털단지맛집""]"
https://www.instagram.com/p/DQDCdbXE-Cp/,오늘의 점심식사 ~냉장고에 과일 이것저것 넣어주고 동결건조 무화과가 있어 함께하니 생 무화과 와는 또다른느낌~^^ ............오늘부터 다시 체중관리시작~~!!!찬바람이 불며 함께 찾아온 식욕폭발로 급격히 불어나는 살들과 다시 전투시작~??!!ㅎㅎ 파스타샐러드로 간단하게?? 점심해결~ 🥗🥗🥗..........#과일샐러드 #다이어트도시락 #다이어트식단 #야채폭탄 #퀴노아 #병아리콩 #무화과 #샐러드  #직장인도시락 #샐러드도시락 #직장인점심 #성수동맛집 #성수낙낙 #푸드스타그램 #요리스타그램 #먹스타그램,과일샐러드;다이어트도시락;다이어트식단;야채폭탄;퀴노아;병아리콩;무화과;샐러드;직장인도시락;샐러드도시락;직장인점심;성수동맛집;성수낙낙;푸드스타그램;요리스타그램;먹스타그램,오늘의 점심식사 냉장고에 과일 이것저것 넣어주고 동결건조 무화과가 있어 함께하니 생 무화과 와는 또다른느낌 오늘부터 다시 체중관리시작 찬바람이 불며 함께 찾아온 식욕폭발로 급격히 불어나는 살들과 다시 전투시작 ㅎㅎ 파스타샐러드로 간단하게 점심해결 #과일샐러드 #다이어트도시락 #다이어트식단 #야채폭탄 #퀴노아 #병아리콩 #무화과 #샐러드 #직장인도시락 #샐러드도시락 #직장인점심 #성수동맛집 #성수낙낙 #푸드스타그램 #요리스타그램 #먹스타그램,"[""점심식사"", ""냉장고에"", ""과일"", ""이것저것"", ""넣어주고"", ""동결건조"", ""무화과가"", ""함께하니"", ""무화과"", ""와는"", ""또다른느낌"", ""오늘부터"", ""체중관리시작"", ""찬바람이"", ""불며"", ""함께"", ""찾아온"", ""식욕폭발로"", ""급격히"", ""불어나는"", ""살들과"", ""전투시작"", ""파스타샐러드로"", ""점심해결""]","[""과일샐러드"", ""다이어트도시락"", ""다이어트식단"", ""야채폭탄"", ""퀴노아"", ""병아리콩"", ""무화과"", ""샐러드"", ""직장인도시락"", ""샐러드도시락"", ""직장인점심"", ""성수동맛집"", ""성수낙낙"", ""푸드스타그램"", ""요리스타그램"", ""먹스타그램""]","[""점심식사"", ""냉장고에"", ""과일"", ""이것저것"", ""넣어주고"", ""동결건조"", ""무화과가"", ""함께하니"", ""무화과"", ""와는"", ""또다른느낌"", ""오늘부터"", ""체중관리시작"", ""찬바람이"", ""불며"", ""함께"", ""찾아온"", ""식욕폭발로"", ""급격히"", ""불어나는"", ""살들과"", ""전투시작"", ""파스타샐러드로"", ""점심해결"", ""과일샐러드"", ""다이어트도시락"", ""다이어트식단"", ""야채폭탄"", ""퀴노아"", ""병아리콩"", ""무화과"", ""샐러드"", ""직장인도시락"", ""샐러드도시락"", ""직장인점심"", ""성수동맛집"", ""성수낙낙"", ""푸드스타그램"", ""요리스타그램"", ""먹스타그램""]"
https://www.instagram.com/p/DQGxetRks_w/c/18002117018822642/,"🥪 오늘의 베스트 조합, 에그샌드위치 + 샐러드 세트💛허그런치에서 꾸준히 주문 많은 인기 메뉴예요!! 신선한 채소와 부드러운 에그샌드위치 한입이면 기분 좋은 포만감ㅎㅎ회사 점심, 병원 식사, 단체 간식으로도 반응 최고!전국 어디든 무료배송으로 편하게 만나보세요 🚚💚",,오늘의 베스트 조합 에그샌드위치 샐러드 세트 허그런치에서 꾸준히 주문 많은 인기 메뉴예요 신선한 채소와 부드러운 에그샌드위치 한입이면 기분 좋은 포만감ㅎㅎ회사 점심 병원 식사 단체 간식으로도 반응 최고 전국 어디든 무료배송으로 편하게 만나보세요,"[""베스트"", ""에그샌드위치"", ""샐러드"", ""세트"", ""허그런치에서"", ""주문"", ""인기"", ""메뉴예요"", ""신선한"", ""채소와"", ""부드러운"", ""에그샌드위치"", ""한입이면"", ""기분"", ""포만감ㅎㅎ회사"", ""점심"", ""병원"", ""식사"", ""간식으로도"", ""반응"", ""최고"", ""전국"", ""어디든"", ""무료배송으로"", ""편하게""]","[""베스트"", ""에그샌드위치"", ""샐러드"", ""세트"", ""허그런치에서"", ""주문"", ""인기"", ""메뉴예요"", ""신선한"", ""채소와"", ""부드러운"", ""에그샌드위치"", ""한입이면"", ""기분"", ""포만감ㅎㅎ회사"", ""점심"", ""병원"", ""식사"", ""간식으로도"", ""반응"", ""최고"", ""전국"", ""어디든"", ""무료배송으로"", ""편하게""]","[""베스트"", ""에그샌드위치"", ""샐러드"", ""세트"", ""허그런치에서"", ""주문"", ""인기"", ""메뉴예요"", ""신선한"", ""채소와"", ""부드러운"", ""에그샌드위치"", ""한입이면"", ""기분"", ""포만감ㅎㅎ회사"", ""점심"", ""병원"", ""식사"", ""간식으로도"", ""반응"", ""최고"", ""전국"", ""어디든"", ""무료배송으로"", ""편하게"", ""베스트"", ""에그샌드위치"", ""샐러드"", ""세트"", ""허그런치에서"", ""주문"", ""인기"", ""메뉴예요"", ""신선한"", ""채소와"", ""부드러운"", ""에그샌드위치"", ""한입이면"", ""기분"", ""포만감ㅎㅎ회사"", ""점심"", ""병원"", ""식사"", ""간식으로도"", ""반응"", ""최고"", ""전국"", ""어디든"", ""무료배송으로"", ""편하게""]"
https://www.instagram.com/p/DNW0Y0cB5V7/,오늘의 샐러드 🇰🇷.#또띠아월남쌈샐러드 준비했어요 .또띠아와 수제피넛드레싱 함께드려요.채소와 고기를 또띠아에 싸서드레싱에 콕 찍어드심 👍 👍..#촌스마마_수_목_금_토_낮12시오픈입니다#촌스마마 #핸드메이드 #많이달지않은마카롱 #쫀득한마카롱#좋은재료와정성은진리다 #마카롱 #샐러드 #샌드위치 #마카롱맛집 #샌드위치맛집 #샐러드맛집 #곡성 #남원 #순천 #광주 #곡성뚝방마켓 #곡성마카롱,또띠아월남쌈샐러드;촌스마마_수_목_금_토_낮12시오픈입니다;촌스마마;핸드메이드;많이달지않은마카롱;쫀득한마카롱;좋은재료와정성은진리다;마카롱;샐러드;샌드위치;마카롱맛집;샌드위치맛집;샐러드맛집;곡성;남원;순천;광주;곡성뚝방마켓;곡성마카롱,오늘의 샐러드 #또띠아월남쌈샐러드 준비했어요 또띠아와 수제피넛드레싱 함께드려요 채소와 고기를 또띠아에 싸서드레싱에 콕 찍어드심 #촌스마마 수 목 금 토 낮 시오픈입니다#촌스마마 #핸드메이드 #많이달지않은마카롱 #쫀득한마카롱#좋은재료와정성은진리다 #마카롱 #샐러드 #샌드위치 #마카롱맛집 #샌드위치맛집 #샐러드맛집 #곡성 #남원 #순천 #광주 #곡성뚝방마켓 #곡성마카롱,"[""샐러드"", ""준비했어요"", ""또띠아와"", ""수제피넛드레싱"", ""함께드려요"", ""채소와"", ""고기를"", ""또띠아에"", ""싸서드레싱에"", ""찍어드심""]","[""또띠아월남쌈샐러드"", ""촌스마마"", ""촌스마마"", ""핸드메이드"", ""많이달지않은마카롱"", ""쫀득한마카롱"", ""좋은재료와정성은진리다"", ""마카롱"", ""샐러드"", ""샌드위치"", ""마카롱맛집"", ""샌드위치맛집"", ""샐러드맛집"", ""곡성"", ""남원"", ""순천"", ""광주""]","[""샐러드"", ""준비했어요"", ""또띠아와"", ""수제피넛드레싱"", ""함께드려요"", ""채소와"", ""고기를"", ""또띠아에"", ""싸서드레싱에"", ""찍어드심"", ""또띠아월남쌈샐러드"", ""촌스마마"", ""촌스마마"", ""핸드메이드"", ""많이달지않은마카롱"", ""쫀득한마카롱"", ""좋은재료와정성은진리다"", ""마카롱"", ""샐러드"", ""샌드위치"", ""마카롱맛집"", ""샌드위치맛집"", ""샐러드맛집"", ""곡성"", ""남원"", ""순천"", ""광주""]"
https://www.instagram.com/p/DP3OCbYkkdC/,"💙슬로우캘리 — 트러플버섯포케 (메밀면 변경)점심에 느긋하게, 슬로우캘리에서 포케를 먹으러 왔는데요!⸻첫인상은 푸짐하고 프레쉬하고 ‘향긋하다’?! ✨트러플향이 강하지 않게 퍼지면서버섯의 쫀득 고소함이 메밀면이랑 정말 잘 어울려요!일반 밥포케보다 훨씬 가볍고,먹고 나서도 속이 더 편한 느낌입니다🧘‍♀️메밀면이 탱글탱글하고 간이 잘 배 있어서소스랑 버섯이랑 조합이 진짜 찰떡이에요 😋트러플소스만 있는 줄 알았는데 섞어보니양이 적당하고 산미 있는 유자드레싱🍋이 있었어요!아주 밸런스가 딱 맞더라구요💥⸻비건이 아니어도 만족스러울 정도로 버섯이 많이 들어있고,무엇보다 메밀면 변경은 맛있는 포케의 킥인 것 같아요😎🙌비건식당을 찾아가지 않아도 쉅게 찾아볼 수 있는 샐러드집에서오늘은 세상에서 가장 쉬운 비건 한 끼 어떠신가요💙#비건 #샐러드 #식단 #다이어트 #슬로우캘리",비건;샐러드;식단;다이어트;슬로우캘리,슬로우캘리 트러플버섯포케 메밀면 변경 점심에 느긋하게 슬로우캘리에서 포케를 먹으러 왔는데요 첫인상은 푸짐하고 프레쉬하고 향긋하다 트러플향이 강하지 않게 퍼지면서버섯의 쫀득 고소함이 메밀면이랑 정말 잘 어울려요 일반 밥포케보다 훨씬 가볍고 먹고 나서도 속이 더 편한 느낌입니다 메밀면이 탱글탱글하고 간이 잘 배 있어서소스랑 버섯이랑 조합이 진짜 찰떡이에요 트러플소스만 있는 줄 알았는데 섞어보니양이 적당하고 산미 있는 유자드레싱 이 있었어요 아주 밸런스가 딱 맞더라구요 비건이 아니어도 만족스러울 정도로 버섯이 많이 들어있고 무엇보다 메밀면 변경은 맛있는 포케의 킥인 것 같아요 비건식당을 찾아가지 않아도 쉅게 찾아볼 수 있는 샐러드집에서오늘은 세상에서 가장 쉬운 비건 한 끼 어떠신가요 #비건 #샐러드 #식단 #다이어트 #슬로우캘리,"[""슬로우캘리"", ""트러플버섯포케"", ""메밀면"", ""변경"", ""점심에"", ""느긋하게"", ""슬로우캘리에서"", ""포케를"", ""왔는데요"", ""첫인상은"", ""푸짐하고"", ""프레쉬하고"", ""향긋하다"", ""트러플향이"", ""강하지"", ""않게"", ""퍼지면서버섯의"", ""쫀득"", ""고소함이"", ""메밀면이랑"", ""어울려요"", ""일반"", ""밥포케보다"", ""훨씬"", ""가볍고"", ""나서도"", ""속이"", ""편한"", ""느낌입니다"", ""메밀면이"", ""탱글탱글하고"", ""간이"", ""있어서소스랑"", ""버섯이랑"", ""조합이"", ""찰떡이에요"", ""트러플소스만"", ""알았는데"", ""섞어보니양이"", ""적당하고"", ""산미"", ""유자드레싱"", ""있었어요"", ""밸런스가"", ""맞더라구요"", ""비건이"", ""아니어도"", ""만족스러울"", ""정도로"", ""버섯이"", ""들어있고"", ""무엇보다"", ""메밀면"", ""변경은"", ""포케의"", ""킥인"", ""비건식당을"", ""찾아가지"", ""않아도"", ""쉅게"", ""찾아볼"", ""샐러드집에서오늘은"", ""세상에서"", ""쉬운"", ""비건"", ""어떠신가요""]","[""비건"", ""샐러드"", ""식단"", ""다이어트"", ""슬로우캘리""]","[""슬로우캘리"", ""트러플버섯포케"", ""메밀면"", ""변경"", ""점심에"", ""느긋하게"", ""슬로우캘리에서"", ""포케를"", ""왔는데요"", ""첫인상은"", ""푸짐하고"", ""프레쉬하고"", ""향긋하다"", ""트러플향이"", ""강하지"", ""않게"", ""퍼지면서버섯의"", ""쫀득"", ""고소함이"", ""메밀면이랑"", ""어울려요"", ""일반"", ""밥포케보다"", ""훨씬"", ""가볍고"", ""나서도"", ""속이"", ""편한"", ""느낌입니다"", ""메밀면이"", ""탱글탱글하고"", ""간이"", ""있어서소스랑"", ""버섯이랑"", ""조합이"", ""찰떡이에요"", ""트러플소스만"", ""알았는데"", ""섞어보니양이"", ""적당하고"", ""산미"", ""유자드레싱"", ""있었어요"", ""밸런스가"", ""맞더라구요"", ""비건이"", ""아니어도"", ""만족스러울"", ""정도로"", ""버섯이"", ""들어있고"", ""무엇보다"", ""메밀면"", ""변경은"", ""포케의"", ""킥인"", ""비건식당을"", ""찾아가지"", ""않아도"", ""쉅게"", ""찾아볼"", ""샐러드집에서오늘은"", ""세상에서"", ""쉬운"", ""비건"", ""어떠신가요"", ""비건"", ""샐러드"", ""식단"", ""다이어트"", ""슬로우캘리""]"
https://www.instagram.com/p/DQG8gZDEV8B/,ㅡ#짐키친분당점#리뷰 #네이버 ㅡ문의 031-713-5558네이버주문가능 - [짐키친분당점]#짐키친 #샐러드 #식단 #보디빌더 #건강 #몸매관리 #짐키친분당점 #예고 #예중 #헬스 #남녀노소#미금역#미금역맛집 #미금역pt #육아맘 #알바모집#브런치 #방어회 최고의 보상 아닐까요^^,짐키친분당점;리뷰;네이버;짐키친;샐러드;식단;보디빌더;건강;몸매관리;예고;예중;헬스;남녀노소;미금역;미금역맛집;미금역pt;육아맘;알바모집;브런치;방어회,ㅡ#짐키친분당점#리뷰 #네이버 ㅡ문의 네이버주문가능 짐키친분당점 #짐키친 #샐러드 #식단 #보디빌더 #건강 #몸매관리 #짐키친분당점 #예고 #예중 #헬스 #남녀노소#미금역#미금역맛집 #미금역 #육아맘 #알바모집#브런치 #방어회 최고의 보상 아닐까요,"[""ㅡ문의"", ""네이버주문가능"", ""짐키친분당점"", ""최고의"", ""보상"", ""아닐까요""]","[""짐키친분당점"", ""리뷰"", ""짐키친"", ""샐러드"", ""식단"", ""보디빌더"", ""건강"", ""몸매관리"", ""예고"", ""예중"", ""헬스"", ""남녀노소"", ""미금역"", ""미금역맛집"", ""미금역"", ""육아맘"", ""알바모집"", ""브런치"", ""방어회""]","[""ㅡ문의"", ""네이버주문가능"", ""짐키친분당점"", ""최고의"", ""보상"", ""아닐까요"", ""짐키친분당점"", ""리뷰"", ""짐키친"", ""샐러드"", ""식단"", ""보디빌더"", ""건강"", ""몸매관리"", ""예고"", ""예중"", ""헬스"", ""남녀노소"", ""미금역"", ""미금역맛집"", ""미금역"", ""육아맘"", ""알바모집"", ""브런치"", ""방어회""]"
https://www.instagram.com/p/DQIxPVZEqHZ/,"H's 트래블 맛집Laguna  호치민브런치 맛집, 고급스런 분위기...한국 같으면 가격이 엄청날 정도인데 역시 베트남은 가격부터 기쁨을 준다는~친구들과 창가에 앉아 담소 중~~오늘 하루가 기분좋은 출발!!#맛집#카페#라루나#브런치#팬케이크#샐러드#커피#행복#기쁨#감사#힐링",맛집;카페;라루나;브런치;팬케이크;샐러드;커피;행복;기쁨;감사;힐링,트래블 맛집 호치민브런치 맛집 고급스런 분위기 한국 같으면 가격이 엄청날 정도인데 역시 베트남은 가격부터 기쁨을 준다는 친구들과 창가에 앉아 담소 중 오늘 하루가 기분좋은 출발 #맛집#카페#라루나#브런치#팬케이크#샐러드#커피#행복#기쁨#감사#힐링,"[""트래블"", ""맛집"", ""호치민브런치"", ""맛집"", ""고급스런"", ""분위기"", ""한국"", ""같으면"", ""가격이"", ""엄청날"", ""정도인데"", ""베트남은"", ""가격부터"", ""기쁨을"", ""준다는"", ""친구들과"", ""창가에"", ""앉아"", ""담소"", ""하루가"", ""기분좋은"", ""출발""]","[""맛집"", ""카페"", ""라루나"", ""브런치"", ""팬케이크"", ""샐러드"", ""커피"", ""행복"", ""기쁨"", ""감사"", ""힐링""]","[""트래블"", ""맛집"", ""호치민브런치"", ""맛집"", ""고급스런"", ""분위기"", ""한국"", ""같으면"", ""가격이"", ""엄청날"", ""정도인데"", ""베트남은"", ""가격부터"", ""기쁨을"", ""준다는"", ""친구들과"", ""창가에"", ""앉아"", ""담소"", ""하루가"", ""기분좋은"", ""출발"", ""맛집"", ""카페"", ""라루나"", ""브런치"", ""팬케이크"", ""샐러드"", ""커피"", ""행복"", ""기쁨"", ""감사"", ""힐링""]"
https://www.instagram.com/p/DP-f7XZAaxO/,@sunny.bowl 🌱 serves the best pasta 🍝 in my opinion 🤓🤌Located in Sinchon close to EWHA Uni Station 🚉 you’ll find this gem of a restaurant 💎 I love the Bean Chicken salad 🍗 🥗 and can’t get enough of it with it‘s tangy dressing and perfect chicken pieces and delicious fresh greens. BUT this pasta dish is stunning as well! The ragu tempeh is the most creamy and delicious dish with intense and rich taste and a spicy Korean twist 🌶️ 🤤  it is a wonderful dish that I can’t even properly describe because it has so much flavour! The broccoli and beans pair well with the pasta and rich and plenty of delicious sauce 🥦 #sunnybowl #vegan #veganseoul #seoul #seoulfoodguide #seoulvegan #ewha #highproteinvegan #비건 #서울 #서울비건 #샐러드,sunnybowl;vegan;veganseoul;seoul;seoulfoodguide;seoulvegan;ewha;highproteinvegan;비건;서울;서울비건;샐러드,# # # # # # # # #비건 #서울 #서울비건 #샐러드,[],"[""비건"", ""서울비건"", ""샐러드""]","[""비건"", ""서울비건"", ""샐러드""]"
https://www.instagram.com/p/DP6qtlXE7XC/,요즘 #다이어트 를 조금씩 시작해보자 마음먹고서 #샐러드 가 그렇게 좋아지네 ^^ 예전같으면 뷔페나 샤브올데이 같은곳을 가면 기름지고 고기들에 달달구리 디저트들을 폭식할텐데ㅎㅎ엊그제 가족들과 방문한 샤브올데이에서도 샐러드 2접시에샤브샤브 고기만 먹고 칼국수 X 죽 X ㅡ 탄산대신 물 ^^오늘은 쿠팡으로 로켓프레시 #샐러드믹스 이거 좋네요ㅎ생각보다 야채들도 신선하고 양도 많고 굿 👍 👍 👍 드레싱도 로켓프레시로 새벽이면 배송 나이스!!이제 건강도 지키며 #다이어트 까지 !! 차근차근 시작.#건강이최고 #가족이최고,다이어트;샐러드;샐러드믹스;건강이최고;가족이최고,요즘 #다이어트 를 조금씩 시작해보자 마음먹고서 #샐러드 가 그렇게 좋아지네 예전같으면 뷔페나 샤브올데이 같은곳을 가면 기름지고 고기들에 달달구리 디저트들을 폭식할텐데ㅎㅎ엊그제 가족들과 방문한 샤브올데이에서도 샐러드 접시에샤브샤브 고기만 먹고 칼국수 죽 ㅡ 탄산대신 물 오늘은 쿠팡으로 로켓프레시 #샐러드믹스 이거 좋네요ㅎ생각보다 야채들도 신선하고 양도 많고 굿 드레싱도 로켓프레시로 새벽이면 배송 나이스 이제 건강도 지키며 #다이어트 까지 차근차근 시작 #건강이최고 #가족이최고,"[""조금씩"", ""시작해보자"", ""마음먹고서"", ""그렇게"", ""좋아지네"", ""예전같으면"", ""뷔페나"", ""샤브올데이"", ""같은곳을"", ""가면"", ""기름지고"", ""고기들에"", ""달달구리"", ""디저트들을"", ""폭식할텐데ㅎㅎ엊그제"", ""가족들과"", ""방문한"", ""샤브올데이에서도"", ""샐러드"", ""접시에샤브샤브"", ""고기만"", ""칼국수"", ""탄산대신"", ""쿠팡으로"", ""로켓프레시"", ""좋네요ㅎ생각보다"", ""야채들도"", ""신선하고"", ""양도"", ""많고"", ""드레싱도"", ""로켓프레시로"", ""새벽이면"", ""배송"", ""나이스"", ""건강도"", ""지키며"", ""차근차근"", ""시작""]","[""다이어트"", ""샐러드"", ""샐러드믹스"", ""건강이최고"", ""가족이최고""]","[""조금씩"", ""시작해보자"", ""마음먹고서"", ""그렇게"", ""좋아지네"", ""예전같으면"", ""뷔페나"", ""샤브올데이"", ""같은곳을"", ""가면"", ""기름지고"", ""고기들에"", ""달달구리"", ""디저트들을"", ""폭식할텐데ㅎㅎ엊그제"", ""가족들과"", ""방문한"", ""샤브올데이에서도"", ""샐러드"", ""접시에샤브샤브"", ""고기만"", ""칼국수"", ""탄산대신"", ""쿠팡으로"", ""로켓프레시"", ""좋네요ㅎ생각보다"", ""야채들도"", ""신선하고"", ""양도"", ""많고"", ""드레싱도"", ""로켓프레시로"", ""새벽이면"", ""배송"", ""나이스"", ""건강도"", ""지키며"", ""차근차근"", ""시작"", ""다이어트"", ""샐러드"", ""샐러드믹스"", ""건강이최고"", ""가족이최고""]"
https://www.instagram.com/p/DQGATpZk52m/c/17944452740935274/,밥생각은 읍고 떡갈비 하나 굽고샐러드랑 떡갈비에 노란자로 소스처럼 푹 찍어먹기소주안주 🤣🤣🤣#떡갈비#샐러드#집밥#술상,떡갈비;샐러드;집밥;술상,밥생각은 읍고 떡갈비 하나 굽고샐러드랑 떡갈비에 노란자로 소스처럼 푹 찍어먹기소주안주 #떡갈비#샐러드#집밥#술상,"[""밥생각은"", ""읍고"", ""떡갈비"", ""굽고샐러드랑"", ""떡갈비에"", ""노란자로"", ""소스처럼"", ""찍어먹기소주안주""]","[""떡갈비"", ""샐러드"", ""집밥"", ""술상""]","[""밥생각은"", ""읍고"", ""떡갈비"", ""굽고샐러드랑"", ""떡갈비에"", ""노란자로"", ""소스처럼"", ""찍어먹기소주안주"", ""떡갈비"", ""샐러드"", ""집밥"", ""술상""]"
https://www.instagram.com/p/DI2ahKiTwUS/,"4월25일  금 모 닝!!.죠샌드위치샐러드여주점여주죠샌드위치감사합니다.메뉴에 없는 구성도 예산에 맞춰일정에 맞춰 구성해서 단체 주문 가능합니다.문의주세요. 031-881-0107죠샌드위치 여주점경기 여주시 세종로 389, 1층https://naver.me/xmrHCQLY #죠샌드위치샐러드여주점 이 있습니다.#단체주문 문의환영 3,800원부터 구성변경 #여주맛집 여주행사간식 단체간식 학교간식 학원간식 교회간식 체육대회간식 행사간식 031-881-0107구성, 가격 최대한 맞춰원하시는 시간 배달 해드립니다. 지드림카드 여주사랑카드#샌드위치 #샐러드 음료 무료배달 치아바타 빠네디까사1.배달의민족 무료배달 최소주문 15,000원https://baemin.me/MEXGVIRmq2.요기요 배달비 5,000원최소주문 8,300원(할인쿠폰제공 ~5,000)https://yogiyo.onelink.me/BlI7/643hdoss3.배달특급 배달비 2,200원~최소주문 12,000원(지역화폐, 여주사랑카드, #지드림카드, #G드림카드 )",죠샌드위치샐러드여주점;단체주문;여주맛집;샌드위치;샐러드;지드림카드;G드림카드,월 일 금 모 닝 죠샌드위치샐러드여주점여주죠샌드위치감사합니다 메뉴에 없는 구성도 예산에 맞춰일정에 맞춰 구성해서 단체 주문 가능합니다 문의주세요 죠샌드위치 여주점경기 여주시 세종로 층 #죠샌드위치샐러드여주점 이 있습니다 #단체주문 문의환영 원부터 구성변경 #여주맛집 여주행사간식 단체간식 학교간식 학원간식 교회간식 체육대회간식 행사간식 구성 가격 최대한 맞춰원하시는 시간 배달 해드립니다 지드림카드 여주사랑카드#샌드위치 #샐러드 음료 무료배달 치아바타 빠네디까사 배달의민족 무료배달 최소주문 원 배달비 원최소주문 원 할인쿠폰제공 배달비 원 최소주문 원 지역화폐 여주사랑카드 #지드림카드 # 드림카드,"[""죠샌드위치샐러드여주점여주죠샌드위치감사합니다"", ""메뉴에"", ""구성도"", ""예산에"", ""맞춰일정에"", ""구성해서"", ""주문"", ""죠샌드위치"", ""여주점경기"", ""여주시"", ""세종로"", ""문의환영"", ""원부터"", ""구성변경"", ""여주행사간식"", ""단체간식"", ""학교간식"", ""학원간식"", ""교회간식"", ""체육대회간식"", ""행사간식"", ""구성"", ""맞춰원하시는"", ""시간"", ""배달"", ""해드립니다"", ""지드림카드"", ""음료"", ""무료배달"", ""치아바타"", ""빠네디까사"", ""배달의민족"", ""무료배달"", ""배달비"", ""원최소주문"", ""할인쿠폰제공"", ""배달비"", ""지역화폐"", ""드림카드""]","[""죠샌드위치샐러드여주점"", ""여주맛집"", ""샌드위치"", ""샐러드"", ""지드림카드"", ""드림카드""]","[""죠샌드위치샐러드여주점여주죠샌드위치감사합니다"", ""메뉴에"", ""구성도"", ""예산에"", ""맞춰일정에"", ""구성해서"", ""주문"", ""죠샌드위치"", ""여주점경기"", ""여주시"", ""세종로"", ""문의환영"", ""원부터"", ""구성변경"", ""여주행사간식"", ""단체간식"", ""학교간식"", ""학원간식"", ""교회간식"", ""체육대회간식"", ""행사간식"", ""구성"", ""맞춰원하시는"", ""시간"", ""배달"", ""해드립니다"", ""지드림카드"", ""음료"", ""무료배달"", ""치아바타"", ""빠네디까사"", ""배달의민족"", ""무료배달"", ""배달비"", ""원최소주문"", ""할인쿠폰제공"", ""배달비"", ""지역화폐"", ""드림카드"", ""죠샌드위치샐러드여주점"", ""여주맛집"", ""샌드위치"", ""샐러드"", ""지드림카드"", ""드림카드""]"
https://www.instagram.com/p/DQBLA_4jg51/,2025년 10월 20일점심 일단 다이어트... 샐러드 감동란#중식 #샐러드 #감동란 #다이어트 #배고파 #벌써 #슬퍼 #언제까지 #할지는 #나도모름,중식;샐러드;감동란;다이어트;배고파;벌써;슬퍼;언제까지;할지는;나도모름,년 월 일점심 일단 다이어트 샐러드 감동란#중식 #샐러드 #감동란 #다이어트 #배고파 #벌써 #슬퍼 #언제까지 #할지는 #나도모름,"[""일점심"", ""일단"", ""다이어트"", ""샐러드"", ""감동란""]","[""중식"", ""샐러드"", ""감동란"", ""다이어트"", ""배고파"", ""벌써"", ""슬퍼"", ""언제까지"", ""할지는"", ""나도모름""]","[""일점심"", ""일단"", ""다이어트"", ""샐러드"", ""감동란"", ""중식"", ""샐러드"", ""감동란"", ""다이어트"", ""배고파"", ""벌써"", ""슬퍼"", ""언제까지"", ""할지는"", ""나도모름""]"
https://www.instagram.com/p/DOa1UbwCSG3/,"메뉴판이 샌드위치로 가득한 심상치 않은 한남동 카페 댄스댄스댄스(@dancedancedance.kr). 알고 보니 김나영(@nayoungkeem)도 인정한 곳이었어요. 기본적인 닭가슴살 샌드위치는 물론, 난생 처음 보는 두부크림치즈, 꿀버터, 피스타치오 바게트 등 독특한 메뉴도 많습니다. 🥪샌드위치 천국 답게 계절 한정 메뉴도 있어요. 여름에는 옥수수, 가을에는 무화과, 겨울에는 딸기를 적극 이용하며 절기에 어울리는 맛을 선사하고 있죠. 진정 샌드위치 마니아라면, 적어도 여긴 절대 놓치면 안될 것 같아요. 🫢📌 댄스댄스댄스 한남점· 서울 용산구 독서당로 67· 매일 오전 8시 ~ 오후 8시-✅ 맛의 신대륙을 발견하고 싶다면,블림프 테이스트(@blimp.taste)를 팔로우하세요.Materials ㅣ © <김나영의 nofilterTV>, © dancedancedance.kr",,메뉴판이 샌드위치로 가득한 심상치 않은 한남동 카페 댄스댄스댄스 알고 보니 김나영 도 인정한 곳이었어요 기본적인 닭가슴살 샌드위치는 물론 난생 처음 보는 두부크림치즈 꿀버터 피스타치오 바게트 등 독특한 메뉴도 많습니다 샌드위치 천국 답게 계절 한정 메뉴도 있어요 여름에는 옥수수 가을에는 무화과 겨울에는 딸기를 적극 이용하며 절기에 어울리는 맛을 선사하고 있죠 진정 샌드위치 마니아라면 적어도 여긴 절대 놓치면 안될 것 같아요 댄스댄스댄스 한남점 서울 용산구 독서당로 매일 오전 시 오후 시 맛의 신대륙을 발견하고 싶다면 블림프 테이스트 를 팔로우하세요 ㅣ 김나영의,"[""메뉴판이"", ""샌드위치로"", ""가득한"", ""심상치"", ""한남동"", ""카페"", ""댄스댄스댄스"", ""알고"", ""보니"", ""김나영"", ""인정한"", ""곳이었어요"", ""기본적인"", ""닭가슴살"", ""샌드위치는"", ""물론"", ""난생"", ""처음"", ""보는"", ""두부크림치즈"", ""꿀버터"", ""피스타치오"", ""바게트"", ""독특한"", ""메뉴도"", ""많습니다"", ""샌드위치"", ""천국"", ""답게"", ""계절"", ""한정"", ""메뉴도"", ""여름에는"", ""옥수수"", ""가을에는"", ""무화과"", ""겨울에는"", ""딸기를"", ""적극"", ""이용하며"", ""절기에"", ""어울리는"", ""선사하고"", ""있죠"", ""진정"", ""샌드위치"", ""마니아라면"", ""적어도"", ""여긴"", ""절대"", ""놓치면"", ""안될"", ""댄스댄스댄스"", ""한남점"", ""용산구"", ""독서당로"", ""매일"", ""오전"", ""오후"", ""신대륙을"", ""발견하고"", ""싶다면"", ""블림프"", ""테이스트"", ""팔로우하세요"", ""김나영의""]","[""메뉴판이"", ""샌드위치로"", ""가득한"", ""심상치"", ""한남동"", ""카페"", ""댄스댄스댄스"", ""알고"", ""보니"", ""김나영"", ""인정한"", ""곳이었어요"", ""기본적인"", ""닭가슴살"", ""샌드위치는"", ""물론"", ""난생"", ""처음"", ""보는"", ""두부크림치즈"", ""꿀버터"", ""피스타치오"", ""바게트"", ""독특한"", ""메뉴도"", ""많습니다"", ""샌드위치"", ""천국"", ""답게"", ""계절"", ""한정"", ""메뉴도"", ""여름에는"", ""옥수수"", ""가을에는"", ""무화과"", ""겨울에는"", ""딸기를"", ""적극"", ""이용하며"", ""절기에"", ""어울리는"", ""선사하고"", ""있죠"", ""진정"", ""샌드위치"", ""마니아라면"", ""적어도"", ""여긴"", ""절대"", ""놓치면"", ""안될"", ""댄스댄스댄스"", ""한남점"", ""용산구"", ""독서당로"", ""매일"", ""오전"", ""오후"", ""신대륙을"", ""발견하고"", ""싶다면"", ""블림프"", ""테이스트"", ""팔로우하세요"", ""김나영의""]","[""메뉴판이"", ""샌드위치로"", ""가득한"", ""심상치"", ""한남동"", ""카페"", ""댄스댄스댄스"", ""알고"", ""보니"", ""김나영"", ""인정한"", ""곳이었어요"", ""기본적인"", ""닭가슴살"", ""샌드위치는"", ""물론"", ""난생"", ""처음"", ""보는"", ""두부크림치즈"", ""꿀버터"", ""피스타치오"", ""바게트"", ""독특한"", ""메뉴도"", ""많습니다"", ""샌드위치"", ""천국"", ""답게"", ""계절"", ""한정"", ""메뉴도"", ""여름에는"", ""옥수수"", ""가을에는"", ""무화과"", ""겨울에는"", ""딸기를"", ""적극"", ""이용하며"", ""절기에"", ""어울리는"", ""선사하고"", ""있죠"", ""진정"", ""샌드위치"", ""마니아라면"", ""적어도"", ""여긴"", ""절대"", ""놓치면"", ""안될"", ""댄스댄스댄스"", ""한남점"", ""용산구"", ""독서당로"", ""매일"", ""오전"", ""오후"", ""신대륙을"", ""발견하고"", ""싶다면"", ""블림프"", ""테이스트"", ""팔로우하세요"", ""김나영의"", ""메뉴판이"", ""샌드위치로"", ""가득한"", ""심상치"", ""한남동"", ""카페"", ""댄스댄스댄스"", ""알고"", ""보니"", ""김나영"", ""인정한"", ""곳이었어요"", ""기본적인"", ""닭가슴살"", ""샌드위치는"", ""물론"", ""난생"", ""처음"", ""보는"", ""두부크림치즈"", ""꿀버터"", ""피스타치오"", ""바게트"", ""독특한"", ""메뉴도"", ""많습니다"", ""샌드위치"", ""천국"", ""답게"", ""계절"", ""한정"", ""메뉴도"", ""여름에는"", ""옥수수"", ""가을에는"", ""무화과"", ""겨울에는"", ""딸기를"", ""적극"", ""이용하며"", ""절기에"", ""어울리는"", ""선사하고"", ""있죠"", ""진정"", ""샌드위치"", ""마니아라면"", ""적어도"", ""여긴"", ""절대"", ""놓치면"", ""안될"", ""댄스댄스댄스"", ""한남점"", ""용산구"", ""독서당로"", ""매일"", ""오전"", ""오후"", ""신대륙을"", ""발견하고"", ""싶다면"", ""블림프"", ""테이스트"", ""팔로우하세요"", ""김나영의""]"
https://www.instagram.com/p/DP5a7OTEmK3/c/18101649517714104/,🍤대구 샐러드 정기배송🥗날씨가 선선해지면서 아침저녁으로 운동하시는분들이 많이 늘었더라구요^^!!운동 하시면서 식단관리 안하시면 다이어트 힘들다는건 이제 다 알고 계시죠?💞화샐이가 여러분의 다이어트를 함께 하겠습니다!!🥗샐러드정기배송🥪​​다양한 구성으로 푸짐하고 알차게 만들어신선하고 건강하게 맛있는 샐러드🥗​​🍭요일 : 월/수/금🍭시간 : 오전- 9~1시 / 오후- 3~6시🍭주2회 / 주3회 선택가능​동선에따라 오전오후로 나뉩니다장소와 수량에따라 조금 더 먼곳도 가능 하오니 매장으로 바로 문의 부탁드립니다^^📞010-8853-7238,,대구 샐러드 정기배송 날씨가 선선해지면서 아침저녁으로 운동하시는분들이 많이 늘었더라구요 운동 하시면서 식단관리 안하시면 다이어트 힘들다는건 이제 다 알고 계시죠 화샐이가 여러분의 다이어트를 함께 하겠습니다 샐러드정기배송 다양한 구성으로 푸짐하고 알차게 만들어신선하고 건강하게 맛있는 샐러드 요일 월 수 금 시간 오전 시 오후 시 주 회 주 회 선택가능 동선에따라 오전오후로 나뉩니다장소와 수량에따라 조금 더 먼곳도 가능 하오니 매장으로 바로 문의 부탁드립니다,"[""대구"", ""샐러드"", ""정기배송"", ""날씨가"", ""선선해지면서"", ""아침저녁으로"", ""운동하시는분들이"", ""늘었더라구요"", ""운동"", ""하시면서"", ""식단관리"", ""안하시면"", ""다이어트"", ""힘들다는건"", ""알고"", ""계시죠"", ""화샐이가"", ""여러분의"", ""다이어트를"", ""함께"", ""하겠습니다"", ""샐러드정기배송"", ""다양한"", ""푸짐하고"", ""알차게"", ""만들어신선하고"", ""건강하게"", ""샐러드"", ""요일"", ""시간"", ""오전"", ""오후"", ""선택가능"", ""동선에따라"", ""오전오후로"", ""나뉩니다장소와"", ""수량에따라"", ""먼곳도"", ""하오니"", ""매장으로""]","[""대구"", ""샐러드"", ""정기배송"", ""날씨가"", ""선선해지면서"", ""아침저녁으로"", ""운동하시는분들이"", ""늘었더라구요"", ""운동"", ""하시면서"", ""식단관리"", ""안하시면"", ""다이어트"", ""힘들다는건"", ""알고"", ""계시죠"", ""화샐이가"", ""여러분의"", ""다이어트를"", ""함께"", ""하겠습니다"", ""샐러드정기배송"", ""다양한"", ""푸짐하고"", ""알차게"", ""만들어신선하고"", ""건강하게"", ""샐러드"", ""요일"", ""시간"", ""오전"", ""오후"", ""선택가능"", ""동선에따라"", ""오전오후로"", ""나뉩니다장소와"", ""수량에따라"", ""먼곳도"", ""하오니"", ""매장으로""]","[""대구"", ""샐러드"", ""정기배송"", ""날씨가"", ""선선해지면서"", ""아침저녁으로"", ""운동하시는분들이"", ""늘었더라구요"", ""운동"", ""하시면서"", ""식단관리"", ""안하시면"", ""다이어트"", ""힘들다는건"", ""알고"", ""계시죠"", ""화샐이가"", ""여러분의"", ""다이어트를"", ""함께"", ""하겠습니다"", ""샐러드정기배송"", ""다양한"", ""푸짐하고"", ""알차게"", ""만들어신선하고"", ""건강하게"", ""샐러드"", ""요일"", ""시간"", ""오전"", ""오후"", ""선택가능"", ""동선에따라"", ""오전오후로"", ""나뉩니다장소와"", ""수량에따라"", ""먼곳도"", ""하오니"", ""매장으로"", ""대구"", ""샐러드"", ""정기배송"", ""날씨가"", ""선선해지면서"", ""아침저녁으로"", ""운동하시는분들이"", ""늘었더라구요"", ""운동"", ""하시면서"", ""식단관리"", ""안하시면"", ""다이어트"", ""힘들다는건"", ""알고"", ""계시죠"", ""화샐이가"", ""여러분의"", ""다이어트를"", ""함께"", ""하겠습니다"", ""샐러드정기배송"", ""다양한"", ""푸짐하고"", ""알차게"", ""만들어신선하고"", ""건강하게"", ""샐러드"", ""요일"", ""시간"", ""오전"", ""오후"", ""선택가능"", ""동선에따라"", ""오전오후로"", ""나뉩니다장소와"", ""수량에따라"", ""먼곳도"", ""하오니"", ""매장으로""]"
https://www.instagram.com/p/DNAiBJPvVNt/,광고 아님.서브웨이에 스파이시 쉬림프 타코 샐러드가 새로 나와 아무 생각없이 시켰다.타코가 없었다. 난 정말 쉬림프와 타코면 참 맛있겠다 생각하고 시킨건데.타코가 그 타코가 아닌걸 다 담고 깨달았다.그림을 잘 볼 것을.타코야끼 중독자의 변.#다이어트 #샐러드 #서브웨이 #스파이시쉬림프타코샐러드 #난감,다이어트;샐러드;서브웨이;스파이시쉬림프타코샐러드;난감,광고 아님 서브웨이에 스파이시 쉬림프 타코 샐러드가 새로 나와 아무 생각없이 시켰다 타코가 없었다 난 정말 쉬림프와 타코면 참 맛있겠다 생각하고 시킨건데 타코가 그 타코가 아닌걸 다 담고 깨달았다 그림을 잘 볼 것을 타코야끼 중독자의 변 #다이어트 #샐러드 #서브웨이 #스파이시쉬림프타코샐러드 #난감,"[""광고"", ""아님"", ""서브웨이에"", ""스파이시"", ""쉬림프"", ""타코"", ""샐러드가"", ""새로"", ""나와"", ""생각없이"", ""시켰다"", ""타코가"", ""없었다"", ""쉬림프와"", ""타코면"", ""맛있겠다"", ""생각하고"", ""시킨건데"", ""타코가"", ""타코가"", ""아닌걸"", ""담고"", ""깨달았다"", ""그림을"", ""것을"", ""타코야끼"", ""중독자의""]","[""다이어트"", ""샐러드"", ""서브웨이"", ""스파이시쉬림프타코샐러드"", ""난감""]","[""광고"", ""아님"", ""서브웨이에"", ""스파이시"", ""쉬림프"", ""타코"", ""샐러드가"", ""새로"", ""나와"", ""생각없이"", ""시켰다"", ""타코가"", ""없었다"", ""쉬림프와"", ""타코면"", ""맛있겠다"", ""생각하고"", ""시킨건데"", ""타코가"", ""타코가"", ""아닌걸"", ""담고"", ""깨달았다"", ""그림을"", ""것을"", ""타코야끼"", ""중독자의"", ""다이어트"", ""샐러드"", ""서브웨이"", ""스파이시쉬림프타코샐러드"", ""난감""]"
https://www.instagram.com/p/DQD3CLEkvTO/,병원생활히면서 찐살을 빼고있습니다. 일일일식중.하지만. 내일은  우래옥...평냉은.포기할수없지 ^^;;; 😅 #두부카레#샐러드,두부카레;샐러드,병원생활히면서 찐살을 빼고있습니다 일일일식중 하지만 내일은 우래옥 평냉은 포기할수없지 #두부카레#샐러드,"[""병원생활히면서"", ""찐살을"", ""빼고있습니다"", ""일일일식중"", ""하지만"", ""내일은"", ""우래옥"", ""평냉은"", ""포기할수없지""]","[""두부카레"", ""샐러드""]","[""병원생활히면서"", ""찐살을"", ""빼고있습니다"", ""일일일식중"", ""하지만"", ""내일은"", ""우래옥"", ""평냉은"", ""포기할수없지"", ""두부카레"", ""샐러드""]"
https://www.instagram.com/p/DP0EN-Kkv3v/,⠀신선함이 가득 🍅부드러운 부라타 치즈와 상큼한 토마토그리고 달콤한 발사믹이 어우러진 완벽한 조화💛파스타와 함께 즐기는 가볍지만 특별한 한 끼오늘은 부라타토마토샐러드 어떠세요?⠀#부라타치즈 #샐러드 #부라타치즈샐러드#파스타맛집 #생면파스타#오늘의파스타 #봉천생면파스타 #봉생파 #사당맛집 #사당배달맛집 #방배맛집 #생면파스타 #생면 #파스타 #사당역 #비오는날 #야식 #배달의민족 #쿠팡이츠 #생면파스타 #방문포장,부라타치즈;샐러드;부라타치즈샐러드;파스타맛집;생면파스타;오늘의파스타;봉천생면파스타;봉생파;사당맛집;사당배달맛집;방배맛집;생면;파스타;사당역;비오는날;야식;배달의민족;쿠팡이츠;방문포장,신선함이 가득 부드러운 부라타 치즈와 상큼한 토마토그리고 달콤한 발사믹이 어우러진 완벽한 조화 파스타와 함께 즐기는 가볍지만 특별한 한 끼오늘은 부라타토마토샐러드 어떠세요 #부라타치즈 #샐러드 #부라타치즈샐러드#파스타맛집 #생면파스타#오늘의파스타 #봉천생면파스타 #봉생파 #사당맛집 #사당배달맛집 #방배맛집 #생면파스타 #생면 #파스타 #사당역 #비오는날 #야식 #배달의민족 #쿠팡이츠 #생면파스타 #방문포장,"[""신선함이"", ""부드러운"", ""부라타"", ""치즈와"", ""상큼한"", ""토마토그리고"", ""달콤한"", ""발사믹이"", ""어우러진"", ""완벽한"", ""조화"", ""파스타와"", ""함께"", ""즐기는"", ""가볍지만"", ""끼오늘은"", ""부라타토마토샐러드"", ""어떠세요""]","[""부라타치즈"", ""샐러드"", ""부라타치즈샐러드"", ""파스타맛집"", ""생면파스타"", ""오늘의파스타"", ""봉천생면파스타"", ""봉생파"", ""사당맛집"", ""사당배달맛집"", ""방배맛집"", ""생면"", ""파스타"", ""사당역"", ""비오는날"", ""야식"", ""배달의민족"", ""쿠팡이츠"", ""방문포장""]","[""신선함이"", ""부드러운"", ""부라타"", ""치즈와"", ""상큼한"", ""토마토그리고"", ""달콤한"", ""발사믹이"", ""어우러진"", ""완벽한"", ""조화"", ""파스타와"", ""함께"", ""즐기는"", ""가볍지만"", ""끼오늘은"", ""부라타토마토샐러드"", ""어떠세요"", ""부라타치즈"", ""샐러드"", ""부라타치즈샐러드"", ""파스타맛집"", ""생면파스타"", ""오늘의파스타"", ""봉천생면파스타"", ""봉생파"", ""사당맛집"", ""사당배달맛집"", ""방배맛집"", ""생면"", ""파스타"", ""사당역"", ""비오는날"", ""야식"", ""배달의민족"", ""쿠팡이츠"", ""방문포장""]"
https://www.instagram.com/p/DP8OfGqjon1/,아침 접시에 달걀과 햄을 펼친다. 초록 샐러드가 옆자리에서 상큼하다. 균형 잡힌 한 끼로 시작한다. #일상 #아침식사 #계란 #햄 #샐러드 #집밥 #morning,일상;아침식사;계란;햄;샐러드;집밥;morning,아침 접시에 달걀과 햄을 펼친다 초록 샐러드가 옆자리에서 상큼하다 균형 잡힌 한 끼로 시작한다 #일상 #아침식사 #계란 #햄 #샐러드 #집밥 #,"[""아침"", ""접시에"", ""달걀과"", ""햄을"", ""펼친다"", ""초록"", ""샐러드가"", ""옆자리에서"", ""상큼하다"", ""균형"", ""잡힌"", ""끼로"", ""시작한다""]","[""일상"", ""아침식사"", ""계란"", ""샐러드"", ""집밥""]","[""아침"", ""접시에"", ""달걀과"", ""햄을"", ""펼친다"", ""초록"", ""샐러드가"", ""옆자리에서"", ""상큼하다"", ""균형"", ""잡힌"", ""끼로"", ""시작한다"", ""일상"", ""아침식사"", ""계란"", ""샐러드"", ""집밥""]"
https://www.instagram.com/p/DQB-KtOEgj2/,아침부터 핏물빼고 만든#갈비찜#굴전#콩나물국#콩나물밥#샐러드#김치#집밥#저녁메뉴#야구하는아들#리틀야구#쑥쑥크자,갈비찜;굴전;콩나물국;콩나물밥;샐러드;김치;집밥;저녁메뉴;야구하는아들;리틀야구;쑥쑥크자,아침부터 핏물빼고 만든#갈비찜#굴전#콩나물국#콩나물밥#샐러드#김치#집밥#저녁메뉴#야구하는아들#리틀야구#쑥쑥크자,"[""아침부터"", ""핏물빼고"", ""만든""]","[""갈비찜"", ""굴전"", ""콩나물국"", ""콩나물밥"", ""샐러드"", ""김치"", ""집밥"", ""저녁메뉴"", ""야구하는아들"", ""리틀야구"", ""쑥쑥크자""]","[""아침부터"", ""핏물빼고"", ""만든"", ""갈비찜"", ""굴전"", ""콩나물국"", ""콩나물밥"", ""샐러드"", ""김치"", ""집밥"", ""저녁메뉴"", ""야구하는아들"", ""리틀야구"", ""쑥쑥크자""]"
https://www.instagram.com/p/DQF-0BZj04H/,#일프리모 #샐러드 #샐러드피자 #파스타,일프리모;샐러드;샐러드피자;파스타,#일프리모 #샐러드 #샐러드피자 #파스타,[],"[""일프리모"", ""샐러드"", ""샐러드피자"", ""파스타""]","[""일프리모"", ""샐러드"", ""샐러드피자"", ""파스타""]"
https://www.instagram.com/p/DP_P8g2E-rY/,"양배추, 오이, 양파에 모데나 발사믹 식초, 설탕, 소금을 넣고 살짝 버무리면 샐러드여기에 고춧가루 추가해서 버무리면 겉절이!! 😂😂새콤, 달콤, 매콤!!고기랑 먹어도 맛있고 피자, 햄버거, 토스트랑 먹으면 둘이서 먹다가 셋이 죽어도 모른다는~ 😂😂#풍류 #일상 #주부9단#요리조리연구소 #한식 #집밥 #저녁 #반찬#모데나발사믹식초 #샐러드 #겉절이",풍류;일상;주부9단;요리조리연구소;한식;집밥;저녁;반찬;모데나발사믹식초;샐러드;겉절이,양배추 오이 양파에 모데나 발사믹 식초 설탕 소금을 넣고 살짝 버무리면 샐러드여기에 고춧가루 추가해서 버무리면 겉절이 새콤 달콤 매콤 고기랑 먹어도 맛있고 피자 햄버거 토스트랑 먹으면 둘이서 먹다가 셋이 죽어도 모른다는 #풍류 #일상 #주부 단#요리조리연구소 #한식 #집밥 #저녁 #반찬#모데나발사믹식초 #샐러드 #겉절이,"[""양배추"", ""오이"", ""양파에"", ""모데나"", ""발사믹"", ""식초"", ""설탕"", ""소금을"", ""버무리면"", ""샐러드여기에"", ""고춧가루"", ""추가해서"", ""버무리면"", ""겉절이"", ""새콤"", ""달콤"", ""매콤"", ""고기랑"", ""피자"", ""햄버거"", ""토스트랑"", ""둘이서"", ""먹다가"", ""셋이"", ""죽어도"", ""모른다는""]","[""풍류"", ""일상"", ""주부"", ""요리조리연구소"", ""한식"", ""집밥"", ""저녁"", ""반찬"", ""모데나발사믹식초"", ""샐러드"", ""겉절이""]","[""양배추"", ""오이"", ""양파에"", ""모데나"", ""발사믹"", ""식초"", ""설탕"", ""소금을"", ""버무리면"", ""샐러드여기에"", ""고춧가루"", ""추가해서"", ""버무리면"", ""겉절이"", ""새콤"", ""달콤"", ""매콤"", ""고기랑"", ""피자"", ""햄버거"", ""토스트랑"", ""둘이서"", ""먹다가"", ""셋이"", ""죽어도"", ""모른다는"", ""풍류"", ""일상"", ""주부"", ""요리조리연구소"", ""한식"", ""집밥"", ""저녁"", ""반찬"", ""모데나발사믹식초"", ""샐러드"", ""겉절이""]"
https://www.instagram.com/p/DPsZWtLEkGe/,샐러드 밀프랩 만들어닭가슴살만 아침에 데워서 도시락으로 챙겨가고주말 아침은 간단히 모닝 토스트로 끝.#샐러드 밀프랩 #색감이 예뻐#일주일 회사 도시락#옛날 토스트,샐러드;색감이;일주일;옛날,샐러드 밀프랩 만들어닭가슴살만 아침에 데워서 도시락으로 챙겨가고주말 아침은 간단히 모닝 토스트로 끝 #샐러드 밀프랩 #색감이 예뻐#일주일 회사 도시락#옛날 토스트,"[""샐러드"", ""밀프랩"", ""만들어닭가슴살만"", ""아침에"", ""데워서"", ""도시락으로"", ""챙겨가고주말"", ""아침은"", ""간단히"", ""모닝"", ""토스트로"", ""밀프랩"", ""예뻐"", ""회사"", ""도시락"", ""토스트""]","[""샐러드"", ""색감이"", ""일주일"", ""옛날""]","[""샐러드"", ""밀프랩"", ""만들어닭가슴살만"", ""아침에"", ""데워서"", ""도시락으로"", ""챙겨가고주말"", ""아침은"", ""간단히"", ""모닝"", ""토스트로"", ""밀프랩"", ""예뻐"", ""회사"", ""도시락"", ""토스트"", ""샐러드"", ""색감이"", ""일주일"", ""옛날""]"
https://www.instagram.com/p/DP0SuAeEkcj/,"치커리 콘샐러드🌽어디에나 잘 어울리는 서브반찬!적채와 치커리, 옥수수의 컬러조합 완벽해!잘게 다진 올리브는 포인트💛떼샷을 보며 평화로워지는 마음 오늘도 화이팅#순천도시락 #순천 #수라간 #순천수라간 #샐러드 #치커리샐러드 #사이드메뉴 #콘샐러드 #단체급식 #위탁급식 #단체도시락 #급식",순천도시락;순천;수라간;순천수라간;샐러드;치커리샐러드;사이드메뉴;콘샐러드;단체급식;위탁급식;단체도시락;급식,치커리 콘샐러드 어디에나 잘 어울리는 서브반찬 적채와 치커리 옥수수의 컬러조합 완벽해 잘게 다진 올리브는 포인트 떼샷을 보며 평화로워지는 마음 오늘도 화이팅#순천도시락 #순천 #수라간 #순천수라간 #샐러드 #치커리샐러드 #사이드메뉴 #콘샐러드 #단체급식 #위탁급식 #단체도시락 #급식,"[""치커리"", ""콘샐러드"", ""어디에나"", ""어울리는"", ""서브반찬"", ""적채와"", ""치커리"", ""옥수수의"", ""컬러조합"", ""완벽해"", ""잘게"", ""다진"", ""올리브는"", ""포인트"", ""떼샷을"", ""보며"", ""평화로워지는"", ""마음"", ""화이팅""]","[""순천도시락"", ""순천"", ""수라간"", ""순천수라간"", ""샐러드"", ""치커리샐러드"", ""사이드메뉴"", ""콘샐러드"", ""단체급식"", ""위탁급식"", ""단체도시락"", ""급식""]","[""치커리"", ""콘샐러드"", ""어디에나"", ""어울리는"", ""서브반찬"", ""적채와"", ""치커리"", ""옥수수의"", ""컬러조합"", ""완벽해"", ""잘게"", ""다진"", ""올리브는"", ""포인트"", ""떼샷을"", ""보며"", ""평화로워지는"", ""마음"", ""화이팅"", ""순천도시락"", ""순천"", ""수라간"", ""순천수라간"", ""샐러드"", ""치커리샐러드"", ""사이드메뉴"", ""콘샐러드"", ""단체급식"", ""위탁급식"", ""단체도시락"", ""급식""]"
https://www.instagram.com/p/DP_X1adAWOb/,25.10.19.일저녁은 간단히 먹으려고 감자채전 부쳤는데 막걸리 마시겠다고계란이랑 사과 샐러드 만들고여기서 킥은 열무김치전기구이 통닭 먹을때 반찬으로 온거맛있어서 한통 남긴거😆#저녁메뉴 #건강식단 #저녁밥 #집밥 #반찬 #감자채전 #한그릇식단 #막걸리 #샐러드 #열무김치 #나박물김치,저녁메뉴;건강식단;저녁밥;집밥;반찬;감자채전;한그릇식단;막걸리;샐러드;열무김치;나박물김치,일저녁은 간단히 먹으려고 감자채전 부쳤는데 막걸리 마시겠다고계란이랑 사과 샐러드 만들고여기서 킥은 열무김치전기구이 통닭 먹을때 반찬으로 온거맛있어서 한통 남긴거 #저녁메뉴 #건강식단 #저녁밥 #집밥 #반찬 #감자채전 #한그릇식단 #막걸리 #샐러드 #열무김치 #나박물김치,"[""일저녁은"", ""간단히"", ""먹으려고"", ""감자채전"", ""부쳤는데"", ""막걸리"", ""마시겠다고계란이랑"", ""사과"", ""샐러드"", ""만들고여기서"", ""킥은"", ""열무김치전기구이"", ""통닭"", ""먹을때"", ""반찬으로"", ""온거맛있어서"", ""한통"", ""남긴거""]","[""저녁메뉴"", ""건강식단"", ""저녁밥"", ""집밥"", ""반찬"", ""감자채전"", ""한그릇식단"", ""막걸리"", ""샐러드"", ""열무김치"", ""나박물김치""]","[""일저녁은"", ""간단히"", ""먹으려고"", ""감자채전"", ""부쳤는데"", ""막걸리"", ""마시겠다고계란이랑"", ""사과"", ""샐러드"", ""만들고여기서"", ""킥은"", ""열무김치전기구이"", ""통닭"", ""먹을때"", ""반찬으로"", ""온거맛있어서"", ""한통"", ""남긴거"", ""저녁메뉴"", ""건강식단"", ""저녁밥"", ""집밥"", ""반찬"", ""감자채전"", ""한그릇식단"", ""막걸리"", ""샐러드"", ""열무김치"", ""나박물김치""]"
https://www.instagram.com/p/DQEV9rcEbPD/,"♡건강한 먹거리 ~""든든한 샐러드 ~""----------------------------------매장영업은 하지않아요.예약문의 및 픽업만 가능합니다.예약/문의 : 010-8050-0631#왈가닥 쑝여사#왈가닥쑝여사#쑝여사#원주#원주샐러드새벽배송#원주샐러드정기배송#원주샐러드맛집#원주샐러드도시락#새벽배송#원주샐러드#원주새벽배송#정기구독#샐러드 새벽배송#샌드위치#햄치즈#에그포테이토#컵과일#착즙#과일착즙#과일케익#생과일케익#도시락#유부초밥#수제요거트#단체주문#예약주문",왈가닥;왈가닥쑝여사;쑝여사;원주;원주샐러드새벽배송;원주샐러드정기배송;원주샐러드맛집;원주샐러드도시락;새벽배송;원주샐러드;원주새벽배송;정기구독;샐러드;샌드위치;햄치즈;에그포테이토;컵과일;착즙;과일착즙;과일케익;생과일케익;도시락;유부초밥;수제요거트;단체주문;예약주문,건강한 먹거리 든든한 샐러드 매장영업은 하지않아요 예약문의 및 픽업만 가능합니다 예약 문의 #왈가닥 쑝여사#왈가닥쑝여사#쑝여사#원주#원주샐러드새벽배송#원주샐러드정기배송#원주샐러드맛집#원주샐러드도시락#새벽배송#원주샐러드#원주새벽배송#정기구독#샐러드 새벽배송#샌드위치#햄치즈#에그포테이토#컵과일#착즙#과일착즙#과일케익#생과일케익#도시락#유부초밥#수제요거트#단체주문#예약주문,"[""건강한"", ""먹거리"", ""든든한"", ""샐러드"", ""매장영업은"", ""하지않아요"", ""예약문의"", ""픽업만"", ""예약"", ""쑝여사"", ""새벽배송""]","[""왈가닥"", ""왈가닥쑝여사"", ""쑝여사"", ""원주"", ""원주샐러드새벽배송"", ""원주샐러드정기배송"", ""원주샐러드맛집"", ""원주샐러드도시락"", ""새벽배송"", ""원주샐러드"", ""원주새벽배송"", ""정기구독"", ""샐러드"", ""샌드위치"", ""햄치즈"", ""에그포테이토"", ""컵과일"", ""착즙"", ""과일착즙"", ""과일케익"", ""생과일케익"", ""도시락"", ""유부초밥"", ""수제요거트"", ""예약주문""]","[""건강한"", ""먹거리"", ""든든한"", ""샐러드"", ""매장영업은"", ""하지않아요"", ""예약문의"", ""픽업만"", ""예약"", ""쑝여사"", ""새벽배송"", ""왈가닥"", ""왈가닥쑝여사"", ""쑝여사"", ""원주"", ""원주샐러드새벽배송"", ""원주샐러드정기배송"", ""원주샐러드맛집"", ""원주샐러드도시락"", ""새벽배송"", ""원주샐러드"", ""원주새벽배송"", ""정기구독"", ""샐러드"", ""샌드위치"", ""햄치즈"", ""에그포테이토"", ""컵과일"", ""착즙"", ""과일착즙"", ""과일케익"", ""생과일케익"", ""도시락"", ""유부초밥"", ""수제요거트"", ""예약주문""]"
https://www.instagram.com/p/DP-W2Ctj6JQ/c/17953801773011097/,아침밥상치아바타처리용 메뉴식구들한테 인기는 없었지만..열심히 만든 나 칭찬해🙂‍↕️어제 만들어 놓은 케일 스무디! 과일 많이! 코코넛워터까지넣으니 맛있음요~😋 #아침메뉴#샐러드#치아바타#케일스무디#블렌더사주세요#집밥,아침메뉴;샐러드;치아바타;케일스무디;블렌더사주세요;집밥,아침밥상치아바타처리용 메뉴식구들한테 인기는 없었지만 열심히 만든 나 칭찬해 어제 만들어 놓은 케일 스무디 과일 많이 코코넛워터까지넣으니 맛있음요 #아침메뉴#샐러드#치아바타#케일스무디#블렌더사주세요#집밥,"[""아침밥상치아바타처리용"", ""메뉴식구들한테"", ""인기는"", ""없었지만"", ""열심히"", ""만든"", ""칭찬해"", ""만들어"", ""놓은"", ""케일"", ""스무디"", ""과일"", ""코코넛워터까지넣으니"", ""맛있음요""]","[""아침메뉴"", ""샐러드"", ""치아바타"", ""케일스무디"", ""블렌더사주세요"", ""집밥""]","[""아침밥상치아바타처리용"", ""메뉴식구들한테"", ""인기는"", ""없었지만"", ""열심히"", ""만든"", ""칭찬해"", ""만들어"", ""놓은"", ""케일"", ""스무디"", ""과일"", ""코코넛워터까지넣으니"", ""맛있음요"", ""아침메뉴"", ""샐러드"", ""치아바타"", ""케일스무디"", ""블렌더사주세요"", ""집밥""]"
https://www.instagram.com/p/DP70yT6Ceb2/,#제품제공@osselection 💕@epirusvios.gr💕무화과샐러드🥗🫒 오늘은 건강하게 먹고싶은 아침이었는데 샐러드랑 딱 잘 어울리는 에피루스비오스 올리브오일 받게되어서 맛있는 샐러드 만들어 먹었어요🫒 에피루스비오스 올리브오일은 기준치 보다 훨씬 낮은 0.11산도를 가졌어요. 그리스 토종 단일품종으로 연간 딱3회만 수확되는 프리미엄오일 이라서 그런지 향이 진하고  올리브오일 자체로 너무 맛있어서 오랜만에 건강하고 신선한음식 섭취하는 기분 들더라구요❤️샐러드랑 같이먹어도 좋고 향이 진하고 오일자체가 워낙 건강하고 맛있어서 아침공복에 한잔씩 해도 딱 이겠더라구요. 저도 내일 아침 공복에 한잔 마시려구요! 맛이랑 향에 반해버렸어요😆😆요즘 육아로 요리도 못하고 배채우기 음식먹기 바빴는데 오랜만에 건강하게 먹으니까 기분 정말 좋네요 ㅎㅎ 다들  건강한 음식 드시고 행복한 주말 보내세요💕#샐러드#브런치#무화과샐러드#무화과#에피루스비오스올리브오일#올리브오일#올리브오일드레싱,제품제공;샐러드;브런치;무화과샐러드;무화과;에피루스비오스올리브오일;올리브오일;올리브오일드레싱,#제품제공 무화과샐러드 오늘은 건강하게 먹고싶은 아침이었는데 샐러드랑 딱 잘 어울리는 에피루스비오스 올리브오일 받게되어서 맛있는 샐러드 만들어 먹었어요 에피루스비오스 올리브오일은 기준치 보다 훨씬 낮은 산도를 가졌어요 그리스 토종 단일품종으로 연간 딱 회만 수확되는 프리미엄오일 이라서 그런지 향이 진하고 올리브오일 자체로 너무 맛있어서 오랜만에 건강하고 신선한음식 섭취하는 기분 들더라구요 샐러드랑 같이먹어도 좋고 향이 진하고 오일자체가 워낙 건강하고 맛있어서 아침공복에 한잔씩 해도 딱 이겠더라구요 저도 내일 아침 공복에 한잔 마시려구요 맛이랑 향에 반해버렸어요 요즘 육아로 요리도 못하고 배채우기 음식먹기 바빴는데 오랜만에 건강하게 먹으니까 기분 정말 좋네요 ㅎㅎ 다들 건강한 음식 드시고 행복한 주말 보내세요 #샐러드#브런치#무화과샐러드#무화과#에피루스비오스올리브오일#올리브오일#올리브오일드레싱,"[""무화과샐러드"", ""건강하게"", ""먹고싶은"", ""아침이었는데"", ""샐러드랑"", ""어울리는"", ""에피루스비오스"", ""올리브오일"", ""받게되어서"", ""샐러드"", ""만들어"", ""에피루스비오스"", ""올리브오일은"", ""기준치"", ""훨씬"", ""낮은"", ""산도를"", ""가졌어요"", ""그리스"", ""토종"", ""단일품종으로"", ""연간"", ""회만"", ""수확되는"", ""프리미엄오일"", ""이라서"", ""진하고"", ""올리브오일"", ""자체로"", ""건강하고"", ""신선한음식"", ""섭취하는"", ""기분"", ""들더라구요"", ""샐러드랑"", ""같이먹어도"", ""좋고"", ""진하고"", ""오일자체가"", ""워낙"", ""건강하고"", ""아침공복에"", ""한잔씩"", ""이겠더라구요"", ""저도"", ""아침"", ""공복에"", ""한잔"", ""마시려구요"", ""맛이랑"", ""향에"", ""반해버렸어요"", ""육아로"", ""요리도"", ""못하고"", ""배채우기"", ""음식먹기"", ""바빴는데"", ""건강하게"", ""먹으니까"", ""기분"", ""좋네요"", ""건강한"", ""드시고"", ""행복한"", ""주말"", ""보내세요""]","[""제품제공"", ""샐러드"", ""브런치"", ""무화과샐러드"", ""무화과"", ""에피루스비오스올리브오일"", ""올리브오일"", ""올리브오일드레싱""]","[""무화과샐러드"", ""건강하게"", ""먹고싶은"", ""아침이었는데"", ""샐러드랑"", ""어울리는"", ""에피루스비오스"", ""올리브오일"", ""받게되어서"", ""샐러드"", ""만들어"", ""에피루스비오스"", ""올리브오일은"", ""기준치"", ""훨씬"", ""낮은"", ""산도를"", ""가졌어요"", ""그리스"", ""토종"", ""단일품종으로"", ""연간"", ""회만"", ""수확되는"", ""프리미엄오일"", ""이라서"", ""진하고"", ""올리브오일"", ""자체로"", ""건강하고"", ""신선한음식"", ""섭취하는"", ""기분"", ""들더라구요"", ""샐러드랑"", ""같이먹어도"", ""좋고"", ""진하고"", ""오일자체가"", ""워낙"", ""건강하고"", ""아침공복에"", ""한잔씩"", ""이겠더라구요"", ""저도"", ""아침"", ""공복에"", ""한잔"", ""마시려구요"", ""맛이랑"", ""향에"", ""반해버렸어요"", ""육아로"", ""요리도"", ""못하고"", ""배채우기"", ""음식먹기"", ""바빴는데"", ""건강하게"", ""먹으니까"", ""기분"", ""좋네요"", ""건강한"", ""드시고"", ""행복한"", ""주말"", ""보내세요"", ""제품제공"", ""샐러드"", ""브런치"", ""무화과샐러드"", ""무화과"", ""에피루스비오스올리브오일"", ""올리브오일"", ""올리브오일드레싱""]"
https://www.instagram.com/p/DPtRNaXkf-m/,.#건강한식단#샐러드 🥗어제 텃밭에서 가져온 야채랑 방울토마토구석쟁이 한알 남아있던 시나노골드 1/4쪽슬랩 빵위에 리코타치즈+당근라페단백질 두유+삶은계란까지~,건강한식단;샐러드,#건강한식단#샐러드 어제 텃밭에서 가져온 야채랑 방울토마토구석쟁이 한알 남아있던 시나노골드 쪽슬랩 빵위에 리코타치즈 당근라페단백질 두유 삶은계란까지,"[""텃밭에서"", ""가져온"", ""야채랑"", ""방울토마토구석쟁이"", ""한알"", ""남아있던"", ""시나노골드"", ""쪽슬랩"", ""빵위에"", ""리코타치즈"", ""당근라페단백질"", ""두유"", ""삶은계란까지""]","[""건강한식단"", ""샐러드""]","[""텃밭에서"", ""가져온"", ""야채랑"", ""방울토마토구석쟁이"", ""한알"", ""남아있던"", ""시나노골드"", ""쪽슬랩"", ""빵위에"", ""리코타치즈"", ""당근라페단백질"", ""두유"", ""삶은계란까지"", ""건강한식단"", ""샐러드""]"
https://www.instagram.com/p/DOX77_LEW-7/,"미국 멕시칸 프랜차이즈 '치폴레', 드디어 내년 상반기 한국 상륙🔥부리토, 타코, 볼, 샐러드, 케사디야까지서브웨이처럼 원하는 재료와 토핑을 직접 고르는 방식으로,미국에서만 무려 3,700여 개 매장을 운영 중인 초인기 브랜드✨게다가 Z세대가 뽑은 ‘가장 선호하는 브랜드 2위’ 타이틀까지!내년 상반기, 아시아 첫 매장으로 서울 1호점을 열고전국 주요 도시 확장 + 배달 전략까지 함께 추진한다고..!@친구에게 이 소식을 알려주세요!📍 치폴레 (@chipotle )✔내년 상반기 오픈 예정📸 @chipotle#더핫플_소식 #치폴레 #chipotle #멕시칸푸드 #타코 #브리또 #샐러드",더핫플_소식;치폴레;chipotle;멕시칸푸드;타코;브리또;샐러드,미국 멕시칸 프랜차이즈 치폴레 드디어 내년 상반기 한국 상륙 부리토 타코 볼 샐러드 케사디야까지서브웨이처럼 원하는 재료와 토핑을 직접 고르는 방식으로 미국에서만 무려 여 개 매장을 운영 중인 초인기 브랜드 게다가 세대가 뽑은 가장 선호하는 브랜드 위 타이틀까지 내년 상반기 아시아 첫 매장으로 서울 호점을 열고전국 주요 도시 확장 배달 전략까지 함께 추진한다고 친구에게 이 소식을 알려주세요 치폴레 내년 상반기 오픈 예정 #더핫플 소식 #치폴레 # #멕시칸푸드 #타코 #브리또 #샐러드,"[""미국"", ""멕시칸"", ""프랜차이즈"", ""치폴레"", ""내년"", ""상반기"", ""한국"", ""상륙"", ""부리토"", ""타코"", ""샐러드"", ""케사디야까지서브웨이처럼"", ""원하는"", ""재료와"", ""토핑을"", ""고르는"", ""방식으로"", ""미국에서만"", ""무려"", ""매장을"", ""운영"", ""중인"", ""초인기"", ""게다가"", ""세대가"", ""뽑은"", ""선호하는"", ""타이틀까지"", ""내년"", ""상반기"", ""아시아"", ""매장으로"", ""호점을"", ""열고전국"", ""주요"", ""도시"", ""확장"", ""배달"", ""전략까지"", ""함께"", ""추진한다고"", ""친구에게"", ""소식을"", ""알려주세요"", ""치폴레"", ""내년"", ""상반기"", ""오픈"", ""예정"", ""소식""]","[""더핫플"", ""소식"", ""치폴레"", ""멕시칸푸드"", ""타코"", ""브리또"", ""샐러드""]","[""미국"", ""멕시칸"", ""프랜차이즈"", ""치폴레"", ""내년"", ""상반기"", ""한국"", ""상륙"", ""부리토"", ""타코"", ""샐러드"", ""케사디야까지서브웨이처럼"", ""원하는"", ""재료와"", ""토핑을"", ""고르는"", ""방식으로"", ""미국에서만"", ""무려"", ""매장을"", ""운영"", ""중인"", ""초인기"", ""게다가"", ""세대가"", ""뽑은"", ""선호하는"", ""타이틀까지"", ""내년"", ""상반기"", ""아시아"", ""매장으로"", ""호점을"", ""열고전국"", ""주요"", ""도시"", ""확장"", ""배달"", ""전략까지"", ""함께"", ""추진한다고"", ""친구에게"", ""소식을"", ""알려주세요"", ""치폴레"", ""내년"", ""상반기"", ""오픈"", ""예정"", ""소식"", ""더핫플"", ""소식"", ""치폴레"", ""멕시칸푸드"", ""타코"", ""브리또"", ""샐러드""]"
https://www.instagram.com/p/DPzpHYeE69p/,"[샐러드 파스타] 곰이모네 밥상🐻연휴동안 살 안찌셨나용?❤️저는 연휴내내 먹기만 했더니 살이 쪘어요ㅋㅋㅜㅜ 요즘 몸이 무겁네요~.~그래서 오늘은 클린식으로 샐러드 파스타 먹었어요🥗샐러드 파스타는 소스가 생명! 이거 소스 너무너무 맛나니까꼭 드셔보셨으면 좋겠어요💕밑에 레시피 참고해주세요 :)샐러드파스타는 구운새우, 버섯, 양파, 방울토마토 등 야채 듬뿍 넣고파스타면+ 양념소스 싸악~ 뿌려 비벼 먹으면 너무 맛나요🤤거기에 크리스피한 닭가슴살 치킨너겟과 후식으로 달콤한 배까지💛이정도면 클린식이 아닐지도...ㅋㅋㅋㅋㅋ먹는거에 진심이라한번먹을때 진심으로 먹네요👍남편이 처음엔 풀이 들어간 파스타라니...샐러드파스타 너무 싫다고 하다가한 입먹더니 너무 맛있다고 또해달라고 하네요🤣 오늘도 맛있는 식사하셔요❤️🍽오늘의 메뉴샐러드파스타 치킨너겟 배🍖샐러드 파스타 (2인)재료: 샐러드용야채(양상추), 새우 10마리, 방울토마토6개, 양파1개, 버섯(종류 상관없음), 파스타면 (500원 크기×1)⭐️소스-> 마늘2큰술, 간장4큰술, 굴소스2큰술, 식초2큰술, 설탕2큰술, 레몬즙2큰술, 올리브유2큰술, 후추한꼬집 1. 양파, 새우, 표고버섯을 볶아 준비해주세요2. 소스 모든 재료를 넣어 소스를 만들어주세요 3. 파스타면 10분 삶아주시고 찬물로 행궈 준비해주세요. (면 종류에 따라 삶는 시간 달라요. 파스타 기존 삶기 시간보다 더 삶아주세요)4. 넓은 볼에 모든재료를 먹기 좋게 담은 후 기호에 맞게 소스를 뿌려 드세요:) #다이어트 #클린식 #샐러드 #샐러드파스타 #소스 #치킨너겟 #배 #집밥스타그램 #오늘의집밥 #집밥일기 #집밥 #신혼부부 #한식 #오늘뭐먹지 #요리스타그램 #집에서한끼 #소소한행복 #집밥감성 #따뜻한한끼 #작은행복 #먹스타그램 #foodstagram #homecooking #homemade",다이어트;클린식;샐러드;샐러드파스타;소스;치킨너겟;배;집밥스타그램;오늘의집밥;집밥일기;집밥;신혼부부;한식;오늘뭐먹지;요리스타그램;집에서한끼;소소한행복;집밥감성;따뜻한한끼;작은행복;먹스타그램;foodstagram;homecooking;homemade,샐러드 파스타 곰이모네 밥상 연휴동안 살 안찌셨나용 저는 연휴내내 먹기만 했더니 살이 쪘어요ㅋㅋㅜㅜ 요즘 몸이 무겁네요 그래서 오늘은 클린식으로 샐러드 파스타 먹었어요 샐러드 파스타는 소스가 생명 이거 소스 너무너무 맛나니까꼭 드셔보셨으면 좋겠어요 밑에 레시피 참고해주세요 샐러드파스타는 구운새우 버섯 양파 방울토마토 등 야채 듬뿍 넣고파스타면 양념소스 싸악 뿌려 비벼 먹으면 너무 맛나요 거기에 크리스피한 닭가슴살 치킨너겟과 후식으로 달콤한 배까지 이정도면 클린식이 아닐지도 ㅋㅋㅋㅋㅋ먹는거에 진심이라한번먹을때 진심으로 먹네요 남편이 처음엔 풀이 들어간 파스타라니 샐러드파스타 너무 싫다고 하다가한 입먹더니 너무 맛있다고 또해달라고 하네요 오늘도 맛있는 식사하셔요 오늘의 메뉴샐러드파스타 치킨너겟 배 샐러드 파스타 인 재료 샐러드용야채 양상추 새우 마리 방울토마토 개 양파 개 버섯 종류 상관없음 파스타면 원 크기 소스 마늘 큰술 간장 큰술 굴소스 큰술 식초 큰술 설탕 큰술 레몬즙 큰술 올리브유 큰술 후추한꼬집 양파 새우 표고버섯을 볶아 준비해주세요 소스 모든 재료를 넣어 소스를 만들어주세요 파스타면 분 삶아주시고 찬물로 행궈 준비해주세요 면 종류에 따라 삶는 시간 달라요 파스타 기존 삶기 시간보다 더 삶아주세요 넓은 볼에 모든재료를 먹기 좋게 담은 후 기호에 맞게 소스를 뿌려 드세요 #다이어트 #클린식 #샐러드 #샐러드파스타 #소스 #치킨너겟 #배 #집밥스타그램 #오늘의집밥 #집밥일기 #집밥 #신혼부부 #한식 #오늘뭐먹지 #요리스타그램 #집에서한끼 #소소한행복 #집밥감성 #따뜻한한끼 #작은행복 #먹스타그램 # # #,"[""샐러드"", ""파스타"", ""곰이모네"", ""밥상"", ""연휴동안"", ""안찌셨나용"", ""연휴내내"", ""먹기만"", ""했더니"", ""살이"", ""쪘어요ㅋㅋㅜㅜ"", ""몸이"", ""무겁네요"", ""클린식으로"", ""샐러드"", ""파스타"", ""샐러드"", ""파스타는"", ""소스가"", ""생명"", ""소스"", ""너무너무"", ""맛나니까꼭"", ""드셔보셨으면"", ""좋겠어요"", ""밑에"", ""레시피"", ""참고해주세요"", ""샐러드파스타는"", ""구운새우"", ""버섯"", ""양파"", ""방울토마토"", ""야채"", ""넣고파스타면"", ""양념소스"", ""싸악"", ""뿌려"", ""비벼"", ""맛나요"", ""거기에"", ""크리스피한"", ""닭가슴살"", ""치킨너겟과"", ""후식으로"", ""달콤한"", ""배까지"", ""이정도면"", ""클린식이"", ""아닐지도"", ""ㅋㅋㅋㅋㅋ먹는거에"", ""진심이라한번먹을때"", ""진심으로"", ""먹네요"", ""남편이"", ""처음엔"", ""풀이"", ""들어간"", ""파스타라니"", ""샐러드파스타"", ""싫다고"", ""하다가한"", ""입먹더니"", ""맛있다고"", ""또해달라고"", ""하네요"", ""식사하셔요"", ""메뉴샐러드파스타"", ""치킨너겟"", ""샐러드"", ""파스타"", ""재료"", ""샐러드용야채"", ""양상추"", ""새우"", ""마리"", ""방울토마토"", ""양파"", ""버섯"", ""종류"", ""상관없음"", ""파스타면"", ""크기"", ""소스"", ""마늘"", ""큰술"", ""간장"", ""큰술"", ""굴소스"", ""큰술"", ""식초"", ""큰술"", ""설탕"", ""큰술"", ""레몬즙"", ""큰술"", ""올리브유"", ""큰술"", ""후추한꼬집"", ""양파"", ""새우"", ""표고버섯을"", ""볶아"", ""준비해주세요"", ""소스"", ""재료를"", ""소스를"", ""만들어주세요"", ""파스타면"", ""삶아주시고"", ""찬물로"", ""행궈"", ""준비해주세요"", ""종류에"", ""삶는"", ""시간"", ""달라요"", ""파스타"", ""삶기"", ""시간보다"", ""삶아주세요"", ""넓은"", ""볼에"", ""모든재료를"", ""먹기"", ""좋게"", ""기호에"", ""맞게"", ""소스를"", ""뿌려""]","[""다이어트"", ""클린식"", ""샐러드"", ""샐러드파스타"", ""소스"", ""치킨너겟"", ""집밥스타그램"", ""오늘의집밥"", ""집밥일기"", ""집밥"", ""신혼부부"", ""한식"", ""오늘뭐먹지"", ""요리스타그램"", ""집에서한끼"", ""소소한행복"", ""집밥감성"", ""따뜻한한끼"", ""작은행복"", ""먹스타그램""]","[""샐러드"", ""파스타"", ""곰이모네"", ""밥상"", ""연휴동안"", ""안찌셨나용"", ""연휴내내"", ""먹기만"", ""했더니"", ""살이"", ""쪘어요ㅋㅋㅜㅜ"", ""몸이"", ""무겁네요"", ""클린식으로"", ""샐러드"", ""파스타"", ""샐러드"", ""파스타는"", ""소스가"", ""생명"", ""소스"", ""너무너무"", ""맛나니까꼭"", ""드셔보셨으면"", ""좋겠어요"", ""밑에"", ""레시피"", ""참고해주세요"", ""샐러드파스타는"", ""구운새우"", ""버섯"", ""양파"", ""방울토마토"", ""야채"", ""넣고파스타면"", ""양념소스"", ""싸악"", ""뿌려"", ""비벼"", ""맛나요"", ""거기에"", ""크리스피한"", ""닭가슴살"", ""치킨너겟과"", ""후식으로"", ""달콤한"", ""배까지"", ""이정도면"", ""클린식이"", ""아닐지도"", ""ㅋㅋㅋㅋㅋ먹는거에"", ""진심이라한번먹을때"", ""진심으로"", ""먹네요"", ""남편이"", ""처음엔"", ""풀이"", ""들어간"", ""파스타라니"", ""샐러드파스타"", ""싫다고"", ""하다가한"", ""입먹더니"", ""맛있다고"", ""또해달라고"", ""하네요"", ""식사하셔요"", ""메뉴샐러드파스타"", ""치킨너겟"", ""샐러드"", ""파스타"", ""재료"", ""샐러드용야채"", ""양상추"", ""새우"", ""마리"", ""방울토마토"", ""양파"", ""버섯"", ""종류"", ""상관없음"", ""파스타면"", ""크기"", ""소스"", ""마늘"", ""큰술"", ""간장"", ""큰술"", ""굴소스"", ""큰술"", ""식초"", ""큰술"", ""설탕"", ""큰술"", ""레몬즙"", ""큰술"", ""올리브유"", ""큰술"", ""후추한꼬집"", ""양파"", ""새우"", ""표고버섯을"", ""볶아"", ""준비해주세요"", ""소스"", ""재료를"", ""소스를"", ""만들어주세요"", ""파스타면"", ""삶아주시고"", ""찬물로"", ""행궈"", ""준비해주세요"", ""종류에"", ""삶는"", ""시간"", ""달라요"", ""파스타"", ""삶기"", ""시간보다"", ""삶아주세요"", ""넓은"", ""볼에"", ""모든재료를"", ""먹기"", ""좋게"", ""기호에"", ""맞게"", ""소스를"", ""뿌려"", ""다이어트"", ""클린식"", ""샐러드"", ""샐러드파스타"", ""소스"", ""치킨너겟"", ""집밥스타그램"", ""오늘의집밥"", ""집밥일기"", ""집밥"", ""신혼부부"", ""한식"", ""오늘뭐먹지"", ""요리스타그램"", ""집에서한끼"", ""소소한행복"", ""집밥감성"", ""따뜻한한끼"", ""작은행복"", ""먹스타그램""]"
https://www.instagram.com/p/DQI1C1-D5RK/,"“마음의 온도를 담다”_ 오늘도💟매장음식 목요일 까지 준비됩니다✔️우리아이찬생선까스,궁중떡볶이,소세지야채볶음 준비되었습니다아이찬 단품은 매장에 소량 나왔습니다✔️오징어야채초무침오징어 아이가 잘먹죠?!!남은 야채와 초장은 납작만두나 군만두 구워서 함께 곁들여 드세요!!!😘제가 야채도 용기에 넣을 수 있는대로 다 넣었어요쫄면도 가능하실듯해요 여러 팁을 이용해 맛난게 드세요~~✔️등갈비강정오늘 드시는 분은 냉기만 빠지면 데우지 않아도 그냥 드셔요전자레인지도 가능합니다주말에 드실 분은 납작한 냄비나 팬에 중불에 양념이 타지 않게 두껑닫아 데우신후 마지막에 뚜껑열고 양념과 섞어 데워주세요이게 제일 맛있게 드시는 방법이예요 (제 경험으로~)밥솥 보온기능도 가능해요✔️한우만두전골아이랑 드실 수 있는 만두전골이예요샤브샤브처럼 야채 고기 더 넣으셔도 됩니다육수에 떡국도 가능해요✔️유니짜장과 햄야채볶음밥주말에 지낼 메뉴, 나들이 메뉴로도 좋지요~현장학습에도 활용하기도 good🫶🏻✔️밑반찬류, 단품메뉴 매장에 오셔서 골라보세용오늘도 건강하고 행복하세요💕...........#오늘도#5neuldo#가정간편식#바른먹거리##샐러드#집반찬#엄마의손맛#엄마반찬#우리아이반찬#광주반찬가게#수완지구반찬가게#신창동반찬가게#광주반찬#수완지구#수완지구반찬#신창동#신창동반찬#아이반찬#광주아기반찬#유아식#광주유아식#수완지구오늘도",오늘도;5neuldo;가정간편식;바른먹거리;샐러드;집반찬;엄마의손맛;엄마반찬;우리아이반찬;광주반찬가게;수완지구반찬가게;신창동반찬가게;광주반찬;수완지구;수완지구반찬;신창동;신창동반찬;아이반찬;광주아기반찬;유아식;광주유아식;수완지구오늘도,마음의 온도를 담다 오늘도 매장음식 목요일 까지 준비됩니다 우리아이찬생선까스 궁중떡볶이 소세지야채볶음 준비되었습니다아이찬 단품은 매장에 소량 나왔습니다 오징어야채초무침오징어 아이가 잘먹죠 남은 야채와 초장은 납작만두나 군만두 구워서 함께 곁들여 드세요 제가 야채도 용기에 넣을 수 있는대로 다 넣었어요쫄면도 가능하실듯해요 여러 팁을 이용해 맛난게 드세요 등갈비강정오늘 드시는 분은 냉기만 빠지면 데우지 않아도 그냥 드셔요전자레인지도 가능합니다주말에 드실 분은 납작한 냄비나 팬에 중불에 양념이 타지 않게 두껑닫아 데우신후 마지막에 뚜껑열고 양념과 섞어 데워주세요이게 제일 맛있게 드시는 방법이예요 제 경험으로 밥솥 보온기능도 가능해요 한우만두전골아이랑 드실 수 있는 만두전골이예요샤브샤브처럼 야채 고기 더 넣으셔도 됩니다육수에 떡국도 가능해요 유니짜장과 햄야채볶음밥주말에 지낼 메뉴 나들이 메뉴로도 좋지요 현장학습에도 활용하기도 밑반찬류 단품메뉴 매장에 오셔서 골라보세용오늘도 건강하고 행복하세요 #오늘도# #가정간편식#바른먹거리##샐러드#집반찬#엄마의손맛#엄마반찬#우리아이반찬#광주반찬가게#수완지구반찬가게#신창동반찬가게#광주반찬#수완지구#수완지구반찬#신창동#신창동반찬#아이반찬#광주아기반찬#유아식#광주유아식#수완지구오늘도,"[""마음의"", ""온도를"", ""담다"", ""매장음식"", ""목요일"", ""준비됩니다"", ""우리아이찬생선까스"", ""궁중떡볶이"", ""소세지야채볶음"", ""준비되었습니다아이찬"", ""단품은"", ""매장에"", ""소량"", ""나왔습니다"", ""오징어야채초무침오징어"", ""아이가"", ""잘먹죠"", ""야채와"", ""초장은"", ""납작만두나"", ""군만두"", ""구워서"", ""함께"", ""곁들여"", ""야채도"", ""용기에"", ""넣을"", ""있는대로"", ""넣었어요쫄면도"", ""가능하실듯해요"", ""팁을"", ""이용해"", ""맛난게"", ""등갈비강정오늘"", ""드시는"", ""분은"", ""냉기만"", ""빠지면"", ""데우지"", ""않아도"", ""드셔요전자레인지도"", ""가능합니다주말에"", ""드실"", ""분은"", ""납작한"", ""냄비나"", ""팬에"", ""중불에"", ""양념이"", ""타지"", ""않게"", ""두껑닫아"", ""데우신후"", ""마지막에"", ""뚜껑열고"", ""양념과"", ""데워주세요이게"", ""드시는"", ""방법이예요"", ""경험으로"", ""밥솥"", ""보온기능도"", ""가능해요"", ""한우만두전골아이랑"", ""드실"", ""만두전골이예요샤브샤브처럼"", ""야채"", ""고기"", ""넣으셔도"", ""됩니다육수에"", ""떡국도"", ""가능해요"", ""유니짜장과"", ""햄야채볶음밥주말에"", ""지낼"", ""나들이"", ""메뉴로도"", ""좋지요"", ""현장학습에도"", ""활용하기도"", ""밑반찬류"", ""단품메뉴"", ""매장에"", ""오셔서"", ""골라보세용오늘도"", ""건강하고"", ""행복하세요""]","[""가정간편식"", ""바른먹거리"", ""샐러드"", ""집반찬"", ""엄마의손맛"", ""엄마반찬"", ""우리아이반찬"", ""광주반찬가게"", ""수완지구반찬가게"", ""신창동반찬가게"", ""광주반찬"", ""수완지구"", ""수완지구반찬"", ""신창동"", ""신창동반찬"", ""아이반찬"", ""광주아기반찬"", ""유아식"", ""광주유아식"", ""수완지구오늘도""]","[""마음의"", ""온도를"", ""담다"", ""매장음식"", ""목요일"", ""준비됩니다"", ""우리아이찬생선까스"", ""궁중떡볶이"", ""소세지야채볶음"", ""준비되었습니다아이찬"", ""단품은"", ""매장에"", ""소량"", ""나왔습니다"", ""오징어야채초무침오징어"", ""아이가"", ""잘먹죠"", ""야채와"", ""초장은"", ""납작만두나"", ""군만두"", ""구워서"", ""함께"", ""곁들여"", ""야채도"", ""용기에"", ""넣을"", ""있는대로"", ""넣었어요쫄면도"", ""가능하실듯해요"", ""팁을"", ""이용해"", ""맛난게"", ""등갈비강정오늘"", ""드시는"", ""분은"", ""냉기만"", ""빠지면"", ""데우지"", ""않아도"", ""드셔요전자레인지도"", ""가능합니다주말에"", ""드실"", ""분은"", ""납작한"", ""냄비나"", ""팬에"", ""중불에"", ""양념이"", ""타지"", ""않게"", ""두껑닫아"", ""데우신후"", ""마지막에"", ""뚜껑열고"", ""양념과"", ""데워주세요이게"", ""드시는"", ""방법이예요"", ""경험으로"", ""밥솥"", ""보온기능도"", ""가능해요"", ""한우만두전골아이랑"", ""드실"", ""만두전골이예요샤브샤브처럼"", ""야채"", ""고기"", ""넣으셔도"", ""됩니다육수에"", ""떡국도"", ""가능해요"", ""유니짜장과"", ""햄야채볶음밥주말에"", ""지낼"", ""나들이"", ""메뉴로도"", ""좋지요"", ""현장학습에도"", ""활용하기도"", ""밑반찬류"", ""단품메뉴"", ""매장에"", ""오셔서"", ""골라보세용오늘도"", ""건강하고"", ""행복하세요"", ""가정간편식"", ""바른먹거리"", ""샐러드"", ""집반찬"", ""엄마의손맛"", ""엄마반찬"", ""우리아이반찬"", ""광주반찬가게"", ""수완지구반찬가게"", ""신창동반찬가게"", ""광주반찬"", ""수완지구"", ""수완지구반찬"", ""신창동"", ""신창동반찬"", ""아이반찬"", ""광주아기반찬"", ""유아식"", ""광주유아식"", ""수완지구오늘도""]"
https://www.instagram.com/p/DP0y_PKEt2S/c/17905408668125423/,_#제품제공 #데이즈온 #원데이알파cd #하루한포루틴 요즘 젊은 고객분들이 계속해서 선호하시는 샐러드 중인기 젤 많은건 역시나 닭가슴살샐러드🐔조식에 가볍게 먹고 가실 수 있게 제공했던날 ! 365다이어터인 영양갱은 샐러드에다이어터 화제성 1위 알파CD 도 같이 먹어봤는데 완죠니 파인애플 가루라서 거부감 없이 죠으다..삼실에 놓고 매일 한포씩 꾸준히 먹어봐야지 8ㅅ8-일품코너에 제공되는 #닭볶이 닭고기+떡볶이 ver 🍱탄폭(탄수화물폭탄)분식 메뉴 방지 위해서닭가슴살 넣어줬으니 요 메뉴도 사랑해쥬셨음 죠케써유어케 해도 안예쁜데 맛은 좋은 아귀찜도 한 컷 🤪,제품제공;데이즈온;원데이알파cd;하루한포루틴;닭볶이,#제품제공 #데이즈온 #원데이알파 #하루한포루틴 요즘 젊은 고객분들이 계속해서 선호하시는 샐러드 중인기 젤 많은건 역시나 닭가슴살샐러드 조식에 가볍게 먹고 가실 수 있게 제공했던날 다이어터인 영양갱은 샐러드에다이어터 화제성 위 알파 도 같이 먹어봤는데 완죠니 파인애플 가루라서 거부감 없이 죠으다 삼실에 놓고 매일 한포씩 꾸준히 먹어봐야지 ㅅ 일품코너에 제공되는 #닭볶이 닭고기 떡볶이 탄폭 탄수화물폭탄 분식 메뉴 방지 위해서닭가슴살 넣어줬으니 요 메뉴도 사랑해쥬셨음 죠케써유어케 해도 안예쁜데 맛은 좋은 아귀찜도 한 컷,"[""젊은"", ""고객분들이"", ""계속해서"", ""선호하시는"", ""샐러드"", ""중인기"", ""많은건"", ""역시나"", ""닭가슴살샐러드"", ""조식에"", ""가볍게"", ""가실"", ""있게"", ""제공했던날"", ""다이어터인"", ""영양갱은"", ""샐러드에다이어터"", ""화제성"", ""알파"", ""먹어봤는데"", ""완죠니"", ""파인애플"", ""가루라서"", ""거부감"", ""죠으다"", ""삼실에"", ""놓고"", ""매일"", ""한포씩"", ""먹어봐야지"", ""일품코너에"", ""제공되는"", ""닭고기"", ""떡볶이"", ""탄폭"", ""탄수화물폭탄"", ""분식"", ""방지"", ""위해서닭가슴살"", ""넣어줬으니"", ""메뉴도"", ""사랑해쥬셨음"", ""죠케써유어케"", ""안예쁜데"", ""아귀찜도""]","[""제품제공"", ""데이즈온"", ""원데이알파"", ""하루한포루틴"", ""닭볶이""]","[""젊은"", ""고객분들이"", ""계속해서"", ""선호하시는"", ""샐러드"", ""중인기"", ""많은건"", ""역시나"", ""닭가슴살샐러드"", ""조식에"", ""가볍게"", ""가실"", ""있게"", ""제공했던날"", ""다이어터인"", ""영양갱은"", ""샐러드에다이어터"", ""화제성"", ""알파"", ""먹어봤는데"", ""완죠니"", ""파인애플"", ""가루라서"", ""거부감"", ""죠으다"", ""삼실에"", ""놓고"", ""매일"", ""한포씩"", ""먹어봐야지"", ""일품코너에"", ""제공되는"", ""닭고기"", ""떡볶이"", ""탄폭"", ""탄수화물폭탄"", ""분식"", ""방지"", ""위해서닭가슴살"", ""넣어줬으니"", ""메뉴도"", ""사랑해쥬셨음"", ""죠케써유어케"", ""안예쁜데"", ""아귀찜도"", ""제품제공"", ""데이즈온"", ""원데이알파"", ""하루한포루틴"", ""닭볶이""]"
https://www.instagram.com/p/DQByfeCDyo5/,<10월 20일 당일 생산 오후 재고>연어 2수비드 4쉬림프 2잠봉 3핫치킨 2슬라이스 1#용산맛집 #용산샐러드 #용산샐러드맛집 #도시락 #건강샐러드 #24시식당 #용산역맛집 #샐러드,용산맛집;용산샐러드;용산샐러드맛집;도시락;건강샐러드;24시식당;용산역맛집;샐러드,월 일 당일 생산 오후 재고 연어 수비드 쉬림프 잠봉 핫치킨 슬라이스 #용산맛집 #용산샐러드 #용산샐러드맛집 #도시락 #건강샐러드 # 시식당 #용산역맛집 #샐러드,"[""당일"", ""생산"", ""오후"", ""재고"", ""연어"", ""수비드"", ""쉬림프"", ""잠봉"", ""핫치킨"", ""슬라이스""]","[""용산맛집"", ""용산샐러드"", ""용산샐러드맛집"", ""도시락"", ""건강샐러드"", ""용산역맛집"", ""샐러드""]","[""당일"", ""생산"", ""오후"", ""재고"", ""연어"", ""수비드"", ""쉬림프"", ""잠봉"", ""핫치킨"", ""슬라이스"", ""용산맛집"", ""용산샐러드"", ""용산샐러드맛집"", ""도시락"", ""건강샐러드"", ""용산역맛집"", ""샐러드""]"
https://www.instagram.com/p/DQGm8zhkj15/,"10월 22일(수) 메뉴입니다 ~♡볶음밥,#팽이장국,#멘츠까스,#중화풍볶음면,#매콤어묵볶음,#단무지무침,#샐러드,#열무김치#지족로한식점심 #지족동점심뷔페 #지족동맛집 #유성구다과케이터링 #유성구한식점심 #유성구도시락",팽이장국;멘츠까스;중화풍볶음면;매콤어묵볶음;단무지무침;샐러드;열무김치;지족로한식점심;지족동점심뷔페;지족동맛집;유성구다과케이터링;유성구한식점심;유성구도시락,월 일 수 메뉴입니다 볶음밥 #팽이장국 #멘츠까스 #중화풍볶음면 #매콤어묵볶음 #단무지무침 #샐러드 #열무김치#지족로한식점심 #지족동점심뷔페 #지족동맛집 #유성구다과케이터링 #유성구한식점심 #유성구도시락,"[""메뉴입니다"", ""볶음밥""]","[""팽이장국"", ""멘츠까스"", ""중화풍볶음면"", ""매콤어묵볶음"", ""단무지무침"", ""샐러드"", ""열무김치"", ""지족로한식점심"", ""지족동점심뷔페"", ""지족동맛집"", ""유성구다과케이터링"", ""유성구한식점심"", ""유성구도시락""]","[""메뉴입니다"", ""볶음밥"", ""팽이장국"", ""멘츠까스"", ""중화풍볶음면"", ""매콤어묵볶음"", ""단무지무침"", ""샐러드"", ""열무김치"", ""지족로한식점심"", ""지족동점심뷔페"", ""지족동맛집"", ""유성구다과케이터링"", ""유성구한식점심"", ""유성구도시락""]"
https://www.instagram.com/p/DQBElbbkxF4/,"안녕하세요!배달 보온도시락&샐러드 전문업체 푸디스퀘어 입니다🍱【10.20중식 도시락 샐러드 메뉴🍴】👍푸디스퀘어를 선택하는 이유✔️매일 다른메뉴✔️기다림 없는 배송✔️탁월한 보온(4시간)✔️뒤처리(※샐러드는 수거 서비스가 지원되지않습니다)✏️사용 설명서✔️기업 전용 도시락&샐러드 배송 서비스✔️3명 이상의 인원부터 서비스가 이용가능✔️주 3~4회 주문을 기본✔️결제방식은 월 말 결제(후불결제)를 기본으로하며 매월 첫째 주 금요일에 결제를 진행⚠️도시락, 샐러드는 세트가 아닙니다.각각 따로 주문 가능합니다⚠️샐러드는 당일주문이 불가합니다⚠️📍연락처 010-9676-3990📍전화문의  월~금 7:00~17:00매일 인스타그램에서 메뉴 갱신중🍴 질문이나 문의사항은 인스타그램 DM 또는 연락처 로 연락주세요.오늘도 좋은 하루 보내십시오💫#맛스타 #맛스타그램 #맛있다 #푸드스타그램 #또먹고싶다 #맛집#오늘뭐먹지 #food#foodfic #instafood #도시락 #샐러드#salad #lunchbox #lunch #점심 #점심메뉴",맛스타;맛스타그램;맛있다;푸드스타그램;또먹고싶다;맛집;오늘뭐먹지;food;foodfic;instafood;도시락;샐러드;salad;lunchbox;lunch;점심;점심메뉴,안녕하세요 배달 보온도시락 샐러드 전문업체 푸디스퀘어 입니다 중식 도시락 샐러드 메뉴 푸디스퀘어를 선택하는 이유 매일 다른메뉴 기다림 없는 배송 탁월한 보온 시간 뒤처리 샐러드는 수거 서비스가 지원되지않습니다 사용 설명서 기업 전용 도시락 샐러드 배송 서비스 명 이상의 인원부터 서비스가 이용가능 주 회 주문을 기본 결제방식은 월 말 결제 후불결제 를 기본으로하며 매월 첫째 주 금요일에 결제를 진행 도시락 샐러드는 세트가 아닙니다 각각 따로 주문 가능합니다 샐러드는 당일주문이 불가합니다 연락처 전화문의 월 금 매일 인스타그램에서 메뉴 갱신중 질문이나 문의사항은 인스타그램 또는 연락처 로 연락주세요 오늘도 좋은 하루 보내십시오 #맛스타 #맛스타그램 #맛있다 #푸드스타그램 #또먹고싶다 #맛집#오늘뭐먹지 # # # #도시락 #샐러드# # # #점심 #점심메뉴,"[""배달"", ""보온도시락"", ""샐러드"", ""전문업체"", ""푸디스퀘어"", ""중식"", ""도시락"", ""샐러드"", ""푸디스퀘어를"", ""선택하는"", ""이유"", ""매일"", ""다른메뉴"", ""기다림"", ""배송"", ""탁월한"", ""보온"", ""시간"", ""뒤처리"", ""샐러드는"", ""수거"", ""지원되지않습니다"", ""사용"", ""설명서"", ""기업"", ""도시락"", ""샐러드"", ""배송"", ""서비스"", ""이상의"", ""인원부터"", ""이용가능"", ""주문을"", ""결제방식은"", ""결제"", ""후불결제"", ""기본으로하며"", ""매월"", ""첫째"", ""금요일에"", ""결제를"", ""도시락"", ""샐러드는"", ""세트가"", ""아닙니다"", ""주문"", ""샐러드는"", ""당일주문이"", ""불가합니다"", ""매일"", ""인스타그램에서"", ""갱신중"", ""질문이나"", ""문의사항은"", ""인스타그램"", ""연락주세요"", ""하루"", ""보내십시오""]","[""맛스타"", ""맛스타그램"", ""푸드스타그램"", ""또먹고싶다"", ""맛집"", ""오늘뭐먹지"", ""도시락"", ""샐러드"", ""점심"", ""점심메뉴""]","[""배달"", ""보온도시락"", ""샐러드"", ""전문업체"", ""푸디스퀘어"", ""중식"", ""도시락"", ""샐러드"", ""푸디스퀘어를"", ""선택하는"", ""이유"", ""매일"", ""다른메뉴"", ""기다림"", ""배송"", ""탁월한"", ""보온"", ""시간"", ""뒤처리"", ""샐러드는"", ""수거"", ""지원되지않습니다"", ""사용"", ""설명서"", ""기업"", ""도시락"", ""샐러드"", ""배송"", ""서비스"", ""이상의"", ""인원부터"", ""이용가능"", ""주문을"", ""결제방식은"", ""결제"", ""후불결제"", ""기본으로하며"", ""매월"", ""첫째"", ""금요일에"", ""결제를"", ""도시락"", ""샐러드는"", ""세트가"", ""아닙니다"", ""주문"", ""샐러드는"", ""당일주문이"", ""불가합니다"", ""매일"", ""인스타그램에서"", ""갱신중"", ""질문이나"", ""문의사항은"", ""인스타그램"", ""연락주세요"", ""하루"", ""보내십시오"", ""맛스타"", ""맛스타그램"", ""푸드스타그램"", ""또먹고싶다"", ""맛집"", ""오늘뭐먹지"", ""도시락"", ""샐러드"", ""점심"", ""점심메뉴""]"
https://www.instagram.com/p/C-WVOKVyVon/,<무화과 샐러드> •제품제공오늘은 무화과 듬뿍 올려싱그러운 샐러드 만들었어요 🫶🏻원래 부라타 치즈 곁들이려 했는데얼마 전 변질된 식감에 화들짝 놀라서 😳보코치니로 대체했는데 요것도 넘 맛있네요 😮‍💨🤍산뜻한 프루티함과 매콤함이 매력적인헬스베버리지의 만자니아 품종 EVOO와포도 과즙의 달콤함과 와인식초의 새콤함이 어우러진구에르조니 발사믹 IGP 아르젠토를 사용했는데무화과와 너무 잘 어울리는 거 있죠 🫶🏻만드는 과정은 곧 릴스로 편집해 올릴게요 🙈그럼 산뜻한 하루 보내세요 🩵@healthbeverage_official #헬스베버리지#지중해서포터즈세트 #구에르조니 #하시엔다구즈만,헬스베버리지;지중해서포터즈세트;구에르조니;하시엔다구즈만,무화과 샐러드 제품제공오늘은 무화과 듬뿍 올려싱그러운 샐러드 만들었어요 원래 부라타 치즈 곁들이려 했는데얼마 전 변질된 식감에 화들짝 놀라서 보코치니로 대체했는데 요것도 넘 맛있네요 산뜻한 프루티함과 매콤함이 매력적인헬스베버리지의 만자니아 품종 와포도 과즙의 달콤함과 와인식초의 새콤함이 어우러진구에르조니 발사믹 아르젠토를 사용했는데무화과와 너무 잘 어울리는 거 있죠 만드는 과정은 곧 릴스로 편집해 올릴게요 그럼 산뜻한 하루 보내세요 #헬스베버리지#지중해서포터즈세트 #구에르조니 #하시엔다구즈만,"[""무화과"", ""샐러드"", ""제품제공오늘은"", ""무화과"", ""올려싱그러운"", ""샐러드"", ""만들었어요"", ""원래"", ""부라타"", ""치즈"", ""곁들이려"", ""했는데얼마"", ""변질된"", ""식감에"", ""화들짝"", ""놀라서"", ""보코치니로"", ""대체했는데"", ""요것도"", ""맛있네요"", ""산뜻한"", ""프루티함과"", ""매콤함이"", ""매력적인헬스베버리지의"", ""만자니아"", ""품종"", ""와포도"", ""과즙의"", ""달콤함과"", ""와인식초의"", ""새콤함이"", ""어우러진구에르조니"", ""발사믹"", ""아르젠토를"", ""사용했는데무화과와"", ""어울리는"", ""있죠"", ""과정은"", ""릴스로"", ""편집해"", ""올릴게요"", ""그럼"", ""산뜻한"", ""하루"", ""보내세요""]","[""헬스베버리지"", ""지중해서포터즈세트"", ""구에르조니"", ""하시엔다구즈만""]","[""무화과"", ""샐러드"", ""제품제공오늘은"", ""무화과"", ""올려싱그러운"", ""샐러드"", ""만들었어요"", ""원래"", ""부라타"", ""치즈"", ""곁들이려"", ""했는데얼마"", ""변질된"", ""식감에"", ""화들짝"", ""놀라서"", ""보코치니로"", ""대체했는데"", ""요것도"", ""맛있네요"", ""산뜻한"", ""프루티함과"", ""매콤함이"", ""매력적인헬스베버리지의"", ""만자니아"", ""품종"", ""와포도"", ""과즙의"", ""달콤함과"", ""와인식초의"", ""새콤함이"", ""어우러진구에르조니"", ""발사믹"", ""아르젠토를"", ""사용했는데무화과와"", ""어울리는"", ""있죠"", ""과정은"", ""릴스로"", ""편집해"", ""올릴게요"", ""그럼"", ""산뜻한"", ""하루"", ""보내세요"", ""헬스베버리지"", ""지중해서포터즈세트"", ""구에르조니"", ""하시엔다구즈만""]"
