token1,token2,co_docs,PMI,NPMI,PHI
마카롱,많이달지않은마카롱,11,3.9990343794971146,0.9999999992832981,0.9999999999999999
마카롱,마카롱맛집,11,3.9990343794971146,0.9999999992832981,0.9999999999999999
많이달지않은마카롱,마카롱맛집,11,3.9990343794971146,0.9999999992832981,0.9999999999999999
곡성,마카롱맛집,11,3.9990343794971146,0.9999999992832981,0.9999999999999999
곡성뚝방마켓,핸드메이드,11,3.9990343794971146,0.9999999992832981,0.9999999999999999
곡성뚝방마켓,마카롱,11,3.9990343794971146,0.9999999992832981,0.9999999999999999
곡성뚝방마켓,많이달지않은마카롱,11,3.9990343794971146,0.9999999992832981,0.9999999999999999
곡성뚝방마켓,마카롱맛집,11,3.9990343794971146,0.9999999992832981,0.9999999999999999
핸드메이드,마카롱,11,3.9990343794971146,0.9999999992832981,0.9999999999999999
핸드메이드,많이달지않은마카롱,11,3.9990343794971146,0.9999999992832981,0.9999999999999999
핸드메이드,마카롱맛집,11,3.9990343794971146,0.9999999992832981,0.9999999999999999
곡성,곡성뚝방마켓,11,3.9990343794971146,0.9999999992832981,0.9999999999999999
곡성,핸드메이드,11,3.9990343794971146,0.9999999992832981,0.9999999999999999
곡성,마카롱,11,3.9990343794971146,0.9999999992832981,0.9999999999999999
곡성,많이달지않은마카롱,11,3.9990343794971146,0.9999999992832981,0.9999999999999999
학교간식,체육대회간식,6,4.605170176088091,0.999999997871957,0.9999999999999998
구성해서,문의환영,6,4.605170176088091,0.999999997871957,0.9999999999999998
구성해서,체육대회간식,6,4.605170176088091,0.999999997871957,0.9999999999999998
구성해서,학교간식,6,4.605170176088091,0.999999997871957,0.9999999999999998
학원간식,문의환영,6,4.605170176088091,0.999999997871957,0.9999999999999998
학원간식,체육대회간식,6,4.605170176088091,0.999999997871957,0.9999999999999998
학원간식,학교간식,6,4.605170176088091,0.999999997871957,0.9999999999999998
체육대회간식,문의환영,6,4.605170176088091,0.999999997871957,0.9999999999999998
여주시,구성해서,6,4.605170176088091,0.999999997871957,0.9999999999999998
여주시,학원간식,6,4.605170176088091,0.999999997871957,0.9999999999999998
여주시,3800원부터,6,4.605170176088091,0.999999997871957,0.9999999999999998
여주시,교회간식,6,4.605170176088091,0.999999997871957,0.9999999999999998
맞춰일정에,문의환영,6,4.605170176088091,0.999999997871957,0.9999999999999998
학원간식,구성해서,6,4.605170176088091,0.999999997871957,0.9999999999999998
3800원부터,문의환영,6,4.605170176088091,0.999999997871957,0.9999999999999998
3800원부터,체육대회간식,6,4.605170176088091,0.999999997871957,0.9999999999999998
지드림카드,맞춰원하시는,6,4.605170176088091,0.999999997871957,0.9999999999999998
지드림카드,0318810107구성,6,4.605170176088091,0.999999997871957,0.9999999999999998
지드림카드,해드립니다,6,4.605170176088091,0.999999997871957,0.9999999999999998
지드림카드,죠샌드위치샐러드여주점,6,4.605170176088091,0.999999997871957,0.9999999999999998
지드림카드,여주맛집,6,4.605170176088091,0.999999997871957,0.9999999999999998
지드림카드,여주사랑카드,6,4.605170176088091,0.999999997871957,0.9999999999999998
여주맛집,0318810107죠샌드위치,6,4.605170176088091,0.999999997871957,0.9999999999999998
여주맛집,죠샌드위치샐러드여주점,6,4.605170176088091,0.999999997871957,0.9999999999999998
여주사랑카드,문의환영,6,4.605170176088091,0.999999997871957,0.9999999999999998
여주사랑카드,체육대회간식,6,4.605170176088091,0.999999997871957,0.9999999999999998
여주사랑카드,학교간식,6,4.605170176088091,0.999999997871957,0.9999999999999998
여주사랑카드,구성해서,6,4.605170176088091,0.999999997871957,0.9999999999999998
여주사랑카드,학원간식,6,4.605170176088091,0.999999997871957,0.9999999999999998
여주사랑카드,3800원부터,6,4.605170176088091,0.999999997871957,0.9999999999999998
지드림카드,있습니다단체주문,6,4.605170176088091,0.999999997871957,0.9999999999999998
지드림카드,가능합니다문의주세요,6,4.605170176088091,0.999999997871957,0.9999999999999998
지드림카드,여주행사간식,6,4.605170176088091,0.999999997871957,0.9999999999999998
지드림카드,세종로,6,4.605170176088091,0.999999997871957,0.9999999999999998
지드림카드,0318810107죠샌드위치,6,4.605170176088091,0.999999997871957,0.9999999999999998
지드림카드,문의환영,6,4.605170176088091,0.999999997871957,0.9999999999999998
지드림카드,체육대회간식,6,4.605170176088091,0.999999997871957,0.9999999999999998
지드림카드,학교간식,6,4.605170176088091,0.999999997871957,0.9999999999999998
여주맛집,여주시,6,4.605170176088091,0.999999997871957,0.9999999999999998
여주맛집,맞춰일정에,6,4.605170176088091,0.999999997871957,0.9999999999999998
여주맛집,G드림카드,6,4.605170176088091,0.999999997871957,0.9999999999999998
여주맛집,구성변경,6,4.605170176088091,0.999999997871957,0.9999999999999998
여주맛집,여주점경기,6,4.605170176088091,0.999999997871957,0.9999999999999998
여주맛집,단체간식,6,4.605170176088091,0.999999997871957,0.9999999999999998
여주맛집,맞춰원하시는,6,4.605170176088091,0.999999997871957,0.9999999999999998
여주맛집,0318810107구성,6,4.605170176088091,0.999999997871957,0.9999999999999998
여주사랑카드,있습니다단체주문,6,4.605170176088091,0.999999997871957,0.9999999999999998
여주사랑카드,가능합니다문의주세요,6,4.605170176088091,0.999999997871957,0.9999999999999998
여주사랑카드,여주행사간식,6,4.605170176088091,0.999999997871957,0.9999999999999998
여주사랑카드,세종로,6,4.605170176088091,0.999999997871957,0.9999999999999998
여주사랑카드,0318810107죠샌드위치,6,4.605170176088091,0.999999997871957,0.9999999999999998
여주사랑카드,죠샌드위치샐러드여주점,6,4.605170176088091,0.999999997871957,0.9999999999999998
여주사랑카드,여주맛집,6,4.605170176088091,0.999999997871957,0.9999999999999998
여주맛집,세종로,6,4.605170176088091,0.999999997871957,0.9999999999999998
foodfoodfic,수거,6,4.605170176088091,0.999999997871957,0.9999999999999998
foodfoodfic,주문을,6,4.605170176088091,0.999999997871957,0.9999999999999998
foodfoodfic,instafood,6,4.605170176088091,0.999999997871957,0.9999999999999998
foodfoodfic,맛집오늘뭐먹지,6,4.605170176088091,0.999999997871957,0.9999999999999998
foodfoodfic,또먹고싶다,6,4.605170176088091,0.999999997871957,0.9999999999999998
여주맛집,문의환영,6,4.605170176088091,0.999999997871957,0.9999999999999998
여주맛집,체육대회간식,6,4.605170176088091,0.999999997871957,0.9999999999999998
여주맛집,학교간식,6,4.605170176088091,0.999999997871957,0.9999999999999998
여주사랑카드,교회간식,6,4.605170176088091,0.999999997871957,0.9999999999999998
여주사랑카드,여주시,6,4.605170176088091,0.999999997871957,0.9999999999999998
여주사랑카드,맞춰일정에,6,4.605170176088091,0.999999997871957,0.9999999999999998
여주사랑카드,G드림카드,6,4.605170176088091,0.999999997871957,0.9999999999999998
여주맛집,구성해서,6,4.605170176088091,0.999999997871957,0.9999999999999998
여주맛집,학원간식,6,4.605170176088091,0.999999997871957,0.9999999999999998
여주맛집,3800원부터,6,4.605170176088091,0.999999997871957,0.9999999999999998
여주맛집,교회간식,6,4.605170176088091,0.999999997871957,0.9999999999999998
또먹고싶다,01096763990전화문의,6,4.605170176088091,0.999999997871957,0.9999999999999998
또먹고싶다,샐러드salad,6,4.605170176088091,0.999999997871957,0.9999999999999998
또먹고싶다,문의사항은,6,4.605170176088091,0.999999997871957,0.9999999999999998
또먹고싶다,수거,6,4.605170176088091,0.999999997871957,0.9999999999999998
또먹고싶다,주문을,6,4.605170176088091,0.999999997871957,0.9999999999999998
또먹고싶다,instafood,6,4.605170176088091,0.999999997871957,0.9999999999999998
또먹고싶다,맛집오늘뭐먹지,6,4.605170176088091,0.999999997871957,0.9999999999999998
또먹고싶다,푸디스퀘어,6,4.605170176088091,0.999999997871957,0.9999999999999998
여주맛집,해드립니다,6,4.605170176088091,0.999999997871957,0.9999999999999998
여주맛집,있습니다단체주문,6,4.605170176088091,0.999999997871957,0.9999999999999998
여주맛집,가능합니다문의주세요,6,4.605170176088091,0.999999997871957,0.9999999999999998
여주맛집,여주행사간식,6,4.605170176088091,0.999999997871957,0.9999999999999998
foodfoodfic,월금,6,4.605170176088091,0.999999997871957,0.9999999999999998
foodfoodfic,01096763990전화문의,6,4.605170176088091,0.999999997871957,0.9999999999999998
foodfoodfic,샐러드salad,6,4.605170176088091,0.999999997871957,0.9999999999999998
foodfoodfic,문의사항은,6,4.605170176088091,0.999999997871957,0.9999999999999998
맛집오늘뭐먹지,수거,6,4.605170176088091,0.999999997871957,0.9999999999999998
맛집오늘뭐먹지,주문을,6,4.605170176088091,0.999999997871957,0.9999999999999998
맛집오늘뭐먹지,instafood,6,4.605170176088091,0.999999997871957,0.9999999999999998
instafood,푸디스퀘어,6,4.605170176088091,0.999999997871957,0.9999999999999998
instafood,불가합니다연락처,6,4.605170176088091,0.999999997871957,0.9999999999999998
instafood,안녕하세요배달,6,4.605170176088091,0.999999997871957,0.9999999999999998
instafood,당일주문이,6,4.605170176088091,0.999999997871957,0.9999999999999998
instafood,월금,6,4.605170176088091,0.999999997871957,0.9999999999999998
foodfoodfic,푸디스퀘어,6,4.605170176088091,0.999999997871957,0.9999999999999998
foodfoodfic,불가합니다연락처,6,4.605170176088091,0.999999997871957,0.9999999999999998
foodfoodfic,안녕하세요배달,6,4.605170176088091,0.999999997871957,0.9999999999999998
foodfoodfic,당일주문이,6,4.605170176088091,0.999999997871957,0.9999999999999998
또먹고싶다,불가합니다연락처,6,4.605170176088091,0.999999997871957,0.9999999999999998
또먹고싶다,안녕하세요배달,6,4.605170176088091,0.999999997871957,0.9999999999999998
또먹고싶다,당일주문이,6,4.605170176088091,0.999999997871957,0.9999999999999998
또먹고싶다,월금,6,4.605170176088091,0.999999997871957,0.9999999999999998
주문을,수거,6,4.605170176088091,0.999999997871957,0.9999999999999998
주문을,푸디스퀘어,6,4.605170176088091,0.999999997871957,0.9999999999999998
주문을,불가합니다연락처,6,4.605170176088091,0.999999997871957,0.9999999999999998
주문을,안녕하세요배달,6,4.605170176088091,0.999999997871957,0.9999999999999998
주문을,당일주문이,6,4.605170176088091,0.999999997871957,0.9999999999999998
주문을,월금,6,4.605170176088091,0.999999997871957,0.9999999999999998
수거,푸디스퀘어,6,4.605170176088091,0.999999997871957,0.9999999999999998
수거,불가합니다연락처,6,4.605170176088091,0.999999997871957,0.9999999999999998
맛집오늘뭐먹지,푸디스퀘어,6,4.605170176088091,0.999999997871957,0.9999999999999998
맛집오늘뭐먹지,불가합니다연락처,6,4.605170176088091,0.999999997871957,0.9999999999999998
맛집오늘뭐먹지,안녕하세요배달,6,4.605170176088091,0.999999997871957,0.9999999999999998
맛집오늘뭐먹지,당일주문이,6,4.605170176088091,0.999999997871957,0.9999999999999998
맛집오늘뭐먹지,월금,6,4.605170176088091,0.999999997871957,0.9999999999999998
맛집오늘뭐먹지,01096763990전화문의,6,4.605170176088091,0.999999997871957,0.9999999999999998
맛집오늘뭐먹지,샐러드salad,6,4.605170176088091,0.999999997871957,0.9999999999999998
맛집오늘뭐먹지,문의사항은,6,4.605170176088091,0.999999997871957,0.9999999999999998
문의사항은,안녕하세요배달,6,4.605170176088091,0.999999997871957,0.9999999999999998
문의사항은,당일주문이,6,4.605170176088091,0.999999997871957,0.9999999999999998
문의사항은,월금,6,4.605170176088091,0.999999997871957,0.9999999999999998
문의사항은,01096763990전화문의,6,4.605170176088091,0.999999997871957,0.9999999999999998
문의사항은,샐러드salad,6,4.605170176088091,0.999999997871957,0.9999999999999998
샐러드salad,푸디스퀘어,6,4.605170176088091,0.999999997871957,0.9999999999999998
샐러드salad,불가합니다연락처,6,4.605170176088091,0.999999997871957,0.9999999999999998
샐러드salad,안녕하세요배달,6,4.605170176088091,0.999999997871957,0.9999999999999998
instafood,01096763990전화문의,6,4.605170176088091,0.999999997871957,0.9999999999999998
instafood,샐러드salad,6,4.605170176088091,0.999999997871957,0.9999999999999998
instafood,문의사항은,6,4.605170176088091,0.999999997871957,0.9999999999999998
instafood,수거,6,4.605170176088091,0.999999997871957,0.9999999999999998
instafood,주문을,6,4.605170176088091,0.999999997871957,0.9999999999999998
주문을,01096763990전화문의,6,4.605170176088091,0.999999997871957,0.9999999999999998
주문을,샐러드salad,6,4.605170176088091,0.999999997871957,0.9999999999999998
주문을,문의사항은,6,4.605170176088091,0.999999997871957,0.9999999999999998
월금,푸디스퀘어,6,4.605170176088091,0.999999997871957,0.9999999999999998
월금,불가합니다연락처,6,4.605170176088091,0.999999997871957,0.9999999999999998
월금,안녕하세요배달,6,4.605170176088091,0.999999997871957,0.9999999999999998
월금,당일주문이,6,4.605170176088091,0.999999997871957,0.9999999999999998
당일주문이,안녕하세요배달,6,4.605170176088091,0.999999997871957,0.9999999999999998
당일주문이,푸디스퀘어,6,4.605170176088091,0.999999997871957,0.9999999999999998
당일주문이,불가합니다연락처,6,4.605170176088091,0.999999997871957,0.9999999999999998
안녕하세요배달,푸디스퀘어,6,4.605170176088091,0.999999997871957,0.9999999999999998
수거,안녕하세요배달,6,4.605170176088091,0.999999997871957,0.9999999999999998
수거,당일주문이,6,4.605170176088091,0.999999997871957,0.9999999999999998
수거,월금,6,4.605170176088091,0.999999997871957,0.9999999999999998
수거,01096763990전화문의,6,4.605170176088091,0.999999997871957,0.9999999999999998
수거,샐러드salad,6,4.605170176088091,0.999999997871957,0.9999999999999998
수거,문의사항은,6,4.605170176088091,0.999999997871957,0.9999999999999998
문의사항은,푸디스퀘어,6,4.605170176088091,0.999999997871957,0.9999999999999998
문의사항은,불가합니다연락처,6,4.605170176088091,0.999999997871957,0.9999999999999998
재고연어,건강샐러드,6,4.605170176088091,0.999999997871957,0.9999999999999998
용산샐러드맛집,24시식당,6,4.605170176088091,0.999999997871957,0.9999999999999998
용산샐러드맛집,건강샐러드,6,4.605170176088091,0.999999997871957,0.9999999999999998
용산샐러드맛집,재고연어,6,4.605170176088091,0.999999997871957,0.9999999999999998
용산샐러드,24시식당,6,4.605170176088091,0.999999997871957,0.9999999999999998
용산샐러드,건강샐러드,6,4.605170176088091,0.999999997871957,0.9999999999999998
용산샐러드,재고연어,6,4.605170176088091,0.999999997871957,0.9999999999999998
용산샐러드,용산샐러드맛집,6,4.605170176088091,0.999999997871957,0.9999999999999998
샐러드salad,당일주문이,6,4.605170176088091,0.999999997871957,0.9999999999999998
샐러드salad,월금,6,4.605170176088091,0.999999997871957,0.9999999999999998
샐러드salad,01096763990전화문의,6,4.605170176088091,0.999999997871957,0.9999999999999998
01096763990전화문의,푸디스퀘어,6,4.605170176088091,0.999999997871957,0.9999999999999998
01096763990전화문의,불가합니다연락처,6,4.605170176088091,0.999999997871957,0.9999999999999998
01096763990전화문의,안녕하세요배달,6,4.605170176088091,0.999999997871957,0.9999999999999998
01096763990전화문의,당일주문이,6,4.605170176088091,0.999999997871957,0.9999999999999998
01096763990전화문의,월금,6,4.605170176088091,0.999999997871957,0.9999999999999998
죠샌드위치샐러드여주점,구성변경,6,4.605170176088091,0.999999997871957,0.9999999999999998
죠샌드위치샐러드여주점,여주점경기,6,4.605170176088091,0.999999997871957,0.9999999999999998
죠샌드위치샐러드여주점,단체간식,6,4.605170176088091,0.999999997871957,0.9999999999999998
죠샌드위치샐러드여주점,맞춰원하시는,6,4.605170176088091,0.999999997871957,0.9999999999999998
죠샌드위치샐러드여주점,0318810107구성,6,4.605170176088091,0.999999997871957,0.9999999999999998
죠샌드위치샐러드여주점,해드립니다,6,4.605170176088091,0.999999997871957,0.9999999999999998
죠샌드위치샐러드여주점,있습니다단체주문,6,4.605170176088091,0.999999997871957,0.9999999999999998
죠샌드위치샐러드여주점,가능합니다문의주세요,6,4.605170176088091,0.999999997871957,0.9999999999999998
안녕하세요배달,불가합니다연락처,6,4.605170176088091,0.999999997871957,0.9999999999999998
불가합니다연락처,푸디스퀘어,6,4.605170176088091,0.999999997871957,0.9999999999999998
용산역맛집,재고연어,6,4.605170176088091,0.999999997871957,0.9999999999999998
용산역맛집,용산샐러드맛집,6,4.605170176088091,0.999999997871957,0.9999999999999998
용산역맛집,용산샐러드,6,4.605170176088091,0.999999997871957,0.9999999999999998
죠샌드위치샐러드여주점,0318810107죠샌드위치,6,4.605170176088091,0.999999997871957,0.9999999999999998
건강샐러드,24시식당,6,4.605170176088091,0.999999997871957,0.9999999999999998
재고연어,24시식당,6,4.605170176088091,0.999999997871957,0.9999999999999998
0318810107죠샌드위치,가능합니다문의주세요,6,4.605170176088091,0.999999997871957,0.9999999999999998
0318810107죠샌드위치,여주행사간식,6,4.605170176088091,0.999999997871957,0.9999999999999998
0318810107죠샌드위치,세종로,6,4.605170176088091,0.999999997871957,0.9999999999999998
죠샌드위치샐러드여주점,문의환영,6,4.605170176088091,0.999999997871957,0.9999999999999998
죠샌드위치샐러드여주점,체육대회간식,6,4.605170176088091,0.999999997871957,0.9999999999999998
죠샌드위치샐러드여주점,학교간식,6,4.605170176088091,0.999999997871957,0.9999999999999998
죠샌드위치샐러드여주점,구성해서,6,4.605170176088091,0.999999997871957,0.9999999999999998
세종로,가능합니다문의주세요,6,4.605170176088091,0.999999997871957,0.9999999999999998
용산역맛집,24시식당,6,4.605170176088091,0.999999997871957,0.9999999999999998
용산역맛집,건강샐러드,6,4.605170176088091,0.999999997871957,0.9999999999999998
죠샌드위치샐러드여주점,학원간식,6,4.605170176088091,0.999999997871957,0.9999999999999998
죠샌드위치샐러드여주점,3800원부터,6,4.605170176088091,0.999999997871957,0.9999999999999998
죠샌드위치샐러드여주점,교회간식,6,4.605170176088091,0.999999997871957,0.9999999999999998
죠샌드위치샐러드여주점,여주시,6,4.605170176088091,0.999999997871957,0.9999999999999998
죠샌드위치샐러드여주점,맞춰일정에,6,4.605170176088091,0.999999997871957,0.9999999999999998
죠샌드위치샐러드여주점,G드림카드,6,4.605170176088091,0.999999997871957,0.9999999999999998
0318810107죠샌드위치,여주시,6,4.605170176088091,0.999999997871957,0.9999999999999998
0318810107죠샌드위치,맞춰일정에,6,4.605170176088091,0.999999997871957,0.9999999999999998
0318810107죠샌드위치,G드림카드,6,4.605170176088091,0.999999997871957,0.9999999999999998
0318810107죠샌드위치,구성변경,6,4.605170176088091,0.999999997871957,0.9999999999999998
세종로,체육대회간식,6,4.605170176088091,0.999999997871957,0.9999999999999998
세종로,학교간식,6,4.605170176088091,0.999999997871957,0.9999999999999998
세종로,구성해서,6,4.605170176088091,0.999999997871957,0.9999999999999998
세종로,학원간식,6,4.605170176088091,0.999999997871957,0.9999999999999998
죠샌드위치샐러드여주점,여주행사간식,6,4.605170176088091,0.999999997871957,0.9999999999999998
죠샌드위치샐러드여주점,세종로,6,4.605170176088091,0.999999997871957,0.9999999999999998
0318810107죠샌드위치,여주점경기,6,4.605170176088091,0.999999997871957,0.9999999999999998
0318810107죠샌드위치,단체간식,6,4.605170176088091,0.999999997871957,0.9999999999999998
0318810107죠샌드위치,맞춰원하시는,6,4.605170176088091,0.999999997871957,0.9999999999999998
0318810107죠샌드위치,0318810107구성,6,4.605170176088091,0.999999997871957,0.9999999999999998
0318810107죠샌드위치,해드립니다,6,4.605170176088091,0.999999997871957,0.9999999999999998
0318810107죠샌드위치,있습니다단체주문,6,4.605170176088091,0.999999997871957,0.9999999999999998
세종로,맞춰원하시는,6,4.605170176088091,0.999999997871957,0.9999999999999998
세종로,0318810107구성,6,4.605170176088091,0.999999997871957,0.9999999999999998
세종로,해드립니다,6,4.605170176088091,0.999999997871957,0.9999999999999998
세종로,있습니다단체주문,6,4.605170176088091,0.999999997871957,0.9999999999999998
여주행사간식,교회간식,6,4.605170176088091,0.999999997871957,0.9999999999999998
여주행사간식,여주시,6,4.605170176088091,0.999999997871957,0.9999999999999998
여주행사간식,맞춰일정에,6,4.605170176088091,0.999999997871957,0.9999999999999998
여주행사간식,G드림카드,6,4.605170176088091,0.999999997871957,0.9999999999999998
세종로,여주행사간식,6,4.605170176088091,0.999999997871957,0.9999999999999998
0318810107죠샌드위치,문의환영,6,4.605170176088091,0.999999997871957,0.9999999999999998
0318810107죠샌드위치,체육대회간식,6,4.605170176088091,0.999999997871957,0.9999999999999998
0318810107죠샌드위치,학교간식,6,4.605170176088091,0.999999997871957,0.9999999999999998
0318810107죠샌드위치,구성해서,6,4.605170176088091,0.999999997871957,0.9999999999999998
0318810107죠샌드위치,학원간식,6,4.605170176088091,0.999999997871957,0.9999999999999998
0318810107죠샌드위치,3800원부터,6,4.605170176088091,0.999999997871957,0.9999999999999998
0318810107죠샌드위치,교회간식,6,4.605170176088091,0.999999997871957,0.9999999999999998
세종로,문의환영,6,4.605170176088091,0.999999997871957,0.9999999999999998
가능합니다문의주세요,구성변경,6,4.605170176088091,0.999999997871957,0.9999999999999998
가능합니다문의주세요,여주점경기,6,4.605170176088091,0.999999997871957,0.9999999999999998
가능합니다문의주세요,단체간식,6,4.605170176088091,0.999999997871957,0.9999999999999998
가능합니다문의주세요,맞춰원하시는,6,4.605170176088091,0.999999997871957,0.9999999999999998
가능합니다문의주세요,0318810107구성,6,4.605170176088091,0.999999997871957,0.9999999999999998
가능합니다문의주세요,해드립니다,6,4.605170176088091,0.999999997871957,0.9999999999999998
가능합니다문의주세요,있습니다단체주문,6,4.605170176088091,0.999999997871957,0.9999999999999998
세종로,3800원부터,6,4.605170176088091,0.999999997871957,0.9999999999999998
세종로,교회간식,6,4.605170176088091,0.999999997871957,0.9999999999999998
세종로,여주시,6,4.605170176088091,0.999999997871957,0.9999999999999998
세종로,맞춰일정에,6,4.605170176088091,0.999999997871957,0.9999999999999998
세종로,G드림카드,6,4.605170176088091,0.999999997871957,0.9999999999999998
세종로,구성변경,6,4.605170176088091,0.999999997871957,0.9999999999999998
세종로,여주점경기,6,4.605170176088091,0.999999997871957,0.9999999999999998
세종로,단체간식,6,4.605170176088091,0.999999997871957,0.9999999999999998
있습니다단체주문,해드립니다,6,4.605170176088091,0.999999997871957,0.9999999999999998
가능합니다문의주세요,문의환영,6,4.605170176088091,0.999999997871957,0.9999999999999998
가능합니다문의주세요,체육대회간식,6,4.605170176088091,0.999999997871957,0.9999999999999998
가능합니다문의주세요,학교간식,6,4.605170176088091,0.999999997871957,0.9999999999999998
가능합니다문의주세요,구성해서,6,4.605170176088091,0.999999997871957,0.9999999999999998
가능합니다문의주세요,학원간식,6,4.605170176088091,0.999999997871957,0.9999999999999998
가능합니다문의주세요,3800원부터,6,4.605170176088091,0.999999997871957,0.9999999999999998
가능합니다문의주세요,교회간식,6,4.605170176088091,0.999999997871957,0.9999999999999998
여주행사간식,구성변경,6,4.605170176088091,0.999999997871957,0.9999999999999998
여주행사간식,여주점경기,6,4.605170176088091,0.999999997871957,0.9999999999999998
여주행사간식,단체간식,6,4.605170176088091,0.999999997871957,0.9999999999999998
여주행사간식,맞춰원하시는,6,4.605170176088091,0.999999997871957,0.9999999999999998
여주행사간식,0318810107구성,6,4.605170176088091,0.999999997871957,0.9999999999999998
여주행사간식,해드립니다,6,4.605170176088091,0.999999997871957,0.9999999999999998
여주행사간식,있습니다단체주문,6,4.605170176088091,0.999999997871957,0.9999999999999998
여주행사간식,가능합니다문의주세요,6,4.605170176088091,0.999999997871957,0.9999999999999998
있습니다단체주문,3800원부터,6,4.605170176088091,0.999999997871957,0.9999999999999998
있습니다단체주문,교회간식,6,4.605170176088091,0.999999997871957,0.9999999999999998
있습니다단체주문,여주시,6,4.605170176088091,0.999999997871957,0.9999999999999998
있습니다단체주문,맞춰일정에,6,4.605170176088091,0.999999997871957,0.9999999999999998
있습니다단체주문,G드림카드,6,4.605170176088091,0.999999997871957,0.9999999999999998
있습니다단체주문,구성변경,6,4.605170176088091,0.999999997871957,0.9999999999999998
있습니다단체주문,여주점경기,6,4.605170176088091,0.999999997871957,0.9999999999999998
있습니다단체주문,단체간식,6,4.605170176088091,0.999999997871957,0.9999999999999998
여주행사간식,문의환영,6,4.605170176088091,0.999999997871957,0.9999999999999998
여주행사간식,체육대회간식,6,4.605170176088091,0.999999997871957,0.9999999999999998
여주행사간식,학교간식,6,4.605170176088091,0.999999997871957,0.9999999999999998
여주행사간식,구성해서,6,4.605170176088091,0.999999997871957,0.9999999999999998
여주행사간식,학원간식,6,4.605170176088091,0.999999997871957,0.9999999999999998
여주행사간식,3800원부터,6,4.605170176088091,0.999999997871957,0.9999999999999998
있습니다단체주문,맞춰원하시는,6,4.605170176088091,0.999999997871957,0.9999999999999998
있습니다단체주문,0318810107구성,6,4.605170176088091,0.999999997871957,0.9999999999999998
해드립니다,맞춰일정에,6,4.605170176088091,0.999999997871957,0.9999999999999998
해드립니다,G드림카드,6,4.605170176088091,0.999999997871957,0.9999999999999998
해드립니다,구성변경,6,4.605170176088091,0.999999997871957,0.9999999999999998
해드립니다,여주점경기,6,4.605170176088091,0.999999997871957,0.9999999999999998
해드립니다,단체간식,6,4.605170176088091,0.999999997871957,0.9999999999999998
해드립니다,맞춰원하시는,6,4.605170176088091,0.999999997871957,0.9999999999999998
해드립니다,0318810107구성,6,4.605170176088091,0.999999997871957,0.9999999999999998
0318810107구성,문의환영,6,4.605170176088091,0.999999997871957,0.9999999999999998
가능합니다문의주세요,여주시,6,4.605170176088091,0.999999997871957,0.9999999999999998
가능합니다문의주세요,맞춰일정에,6,4.605170176088091,0.999999997871957,0.9999999999999998
가능합니다문의주세요,G드림카드,6,4.605170176088091,0.999999997871957,0.9999999999999998
있습니다단체주문,문의환영,6,4.605170176088091,0.999999997871957,0.9999999999999998
있습니다단체주문,체육대회간식,6,4.605170176088091,0.999999997871957,0.9999999999999998
있습니다단체주문,학교간식,6,4.605170176088091,0.999999997871957,0.9999999999999998
있습니다단체주문,구성해서,6,4.605170176088091,0.999999997871957,0.9999999999999998
있습니다단체주문,학원간식,6,4.605170176088091,0.999999997871957,0.9999999999999998
0318810107구성,G드림카드,6,4.605170176088091,0.999999997871957,0.9999999999999998
0318810107구성,구성변경,6,4.605170176088091,0.999999997871957,0.9999999999999998
0318810107구성,여주점경기,6,4.605170176088091,0.999999997871957,0.9999999999999998
0318810107구성,단체간식,6,4.605170176088091,0.999999997871957,0.9999999999999998
0318810107구성,맞춰원하시는,6,4.605170176088091,0.999999997871957,0.9999999999999998
맞춰원하시는,문의환영,6,4.605170176088091,0.999999997871957,0.9999999999999998
맞춰원하시는,체육대회간식,6,4.605170176088091,0.999999997871957,0.9999999999999998
맞춰원하시는,학교간식,6,4.605170176088091,0.999999997871957,0.9999999999999998
해드립니다,문의환영,6,4.605170176088091,0.999999997871957,0.9999999999999998
해드립니다,체육대회간식,6,4.605170176088091,0.999999997871957,0.9999999999999998
해드립니다,학교간식,6,4.605170176088091,0.999999997871957,0.9999999999999998
해드립니다,구성해서,6,4.605170176088091,0.999999997871957,0.9999999999999998
해드립니다,학원간식,6,4.605170176088091,0.999999997871957,0.9999999999999998
해드립니다,3800원부터,6,4.605170176088091,0.999999997871957,0.9999999999999998
해드립니다,교회간식,6,4.605170176088091,0.999999997871957,0.9999999999999998
해드립니다,여주시,6,4.605170176088091,0.999999997871957,0.9999999999999998
맞춰원하시는,여주점경기,6,4.605170176088091,0.999999997871957,0.9999999999999998
맞춰원하시는,단체간식,6,4.605170176088091,0.999999997871957,0.9999999999999998
단체간식,문의환영,6,4.605170176088091,0.999999997871957,0.9999999999999998
단체간식,체육대회간식,6,4.605170176088091,0.999999997871957,0.9999999999999998
단체간식,학교간식,6,4.605170176088091,0.999999997871957,0.9999999999999998
단체간식,구성해서,6,4.605170176088091,0.999999997871957,0.9999999999999998
단체간식,학원간식,6,4.605170176088091,0.999999997871957,0.9999999999999998
단체간식,3800원부터,6,4.605170176088091,0.999999997871957,0.9999999999999998
0318810107구성,체육대회간식,6,4.605170176088091,0.999999997871957,0.9999999999999998
0318810107구성,학교간식,6,4.605170176088091,0.999999997871957,0.9999999999999998
0318810107구성,구성해서,6,4.605170176088091,0.999999997871957,0.9999999999999998
0318810107구성,학원간식,6,4.605170176088091,0.999999997871957,0.9999999999999998
0318810107구성,3800원부터,6,4.605170176088091,0.999999997871957,0.9999999999999998
0318810107구성,교회간식,6,4.605170176088091,0.999999997871957,0.9999999999999998
0318810107구성,여주시,6,4.605170176088091,0.999999997871957,0.9999999999999998
0318810107구성,맞춰일정에,6,4.605170176088091,0.999999997871957,0.9999999999999998
여주점경기,학교간식,6,4.605170176088091,0.999999997871957,0.9999999999999998
여주점경기,구성해서,6,4.605170176088091,0.999999997871957,0.9999999999999998
여주점경기,학원간식,6,4.605170176088091,0.999999997871957,0.9999999999999998
여주점경기,3800원부터,6,4.605170176088091,0.999999997871957,0.9999999999999998
여주점경기,교회간식,6,4.605170176088091,0.999999997871957,0.9999999999999998
여주점경기,여주시,6,4.605170176088091,0.999999997871957,0.9999999999999998
여주점경기,맞춰일정에,6,4.605170176088091,0.999999997871957,0.9999999999999998
여주점경기,G드림카드,6,4.605170176088091,0.999999997871957,0.9999999999999998
맞춰원하시는,구성해서,6,4.605170176088091,0.999999997871957,0.9999999999999998
맞춰원하시는,학원간식,6,4.605170176088091,0.999999997871957,0.9999999999999998
맞춰원하시는,3800원부터,6,4.605170176088091,0.999999997871957,0.9999999999999998
맞춰원하시는,교회간식,6,4.605170176088091,0.999999997871957,0.9999999999999998
맞춰원하시는,여주시,6,4.605170176088091,0.999999997871957,0.9999999999999998
맞춰원하시는,맞춰일정에,6,4.605170176088091,0.999999997871957,0.9999999999999998
맞춰원하시는,G드림카드,6,4.605170176088091,0.999999997871957,0.9999999999999998
맞춰원하시는,구성변경,6,4.605170176088091,0.999999997871957,0.9999999999999998
구성변경,학원간식,6,4.605170176088091,0.999999997871957,0.9999999999999998
구성변경,3800원부터,6,4.605170176088091,0.999999997871957,0.9999999999999998
구성변경,교회간식,6,4.605170176088091,0.999999997871957,0.9999999999999998
구성변경,여주시,6,4.605170176088091,0.999999997871957,0.9999999999999998
구성변경,맞춰일정에,6,4.605170176088091,0.999999997871957,0.9999999999999998
구성변경,G드림카드,6,4.605170176088091,0.999999997871957,0.9999999999999998
맞춰일정에,체육대회간식,6,4.605170176088091,0.999999997871957,0.9999999999999998
맞춰일정에,학교간식,6,4.605170176088091,0.999999997871957,0.9999999999999998
단체간식,교회간식,6,4.605170176088091,0.999999997871957,0.9999999999999998
단체간식,여주시,6,4.605170176088091,0.999999997871957,0.9999999999999998
단체간식,맞춰일정에,6,4.605170176088091,0.999999997871957,0.9999999999999998
단체간식,G드림카드,6,4.605170176088091,0.999999997871957,0.9999999999999998
단체간식,구성변경,6,4.605170176088091,0.999999997871957,0.9999999999999998
단체간식,여주점경기,6,4.605170176088091,0.999999997871957,0.9999999999999998
여주점경기,문의환영,6,4.605170176088091,0.999999997871957,0.9999999999999998
여주점경기,체육대회간식,6,4.605170176088091,0.999999997871957,0.9999999999999998
G드림카드,구성해서,6,4.605170176088091,0.999999997871957,0.9999999999999998
G드림카드,학원간식,6,4.605170176088091,0.999999997871957,0.9999999999999998
G드림카드,3800원부터,6,4.605170176088091,0.999999997871957,0.9999999999999998
교회간식,학원간식,6,4.605170176088091,0.999999997871957,0.9999999999999998
교회간식,3800원부터,6,4.605170176088091,0.999999997871957,0.9999999999999998
여주시,문의환영,6,4.605170176088091,0.999999997871957,0.9999999999999998
여주시,체육대회간식,6,4.605170176088091,0.999999997871957,0.9999999999999998
여주시,학교간식,6,4.605170176088091,0.999999997871957,0.9999999999999998
여주점경기,구성변경,6,4.605170176088091,0.999999997871957,0.9999999999999998
G드림카드,교회간식,6,4.605170176088091,0.999999997871957,0.9999999999999998
G드림카드,여주시,6,4.605170176088091,0.999999997871957,0.9999999999999998
G드림카드,맞춰일정에,6,4.605170176088091,0.999999997871957,0.9999999999999998
구성변경,문의환영,6,4.605170176088091,0.999999997871957,0.9999999999999998
구성변경,체육대회간식,6,4.605170176088091,0.999999997871957,0.9999999999999998
구성변경,학교간식,6,4.605170176088091,0.999999997871957,0.9999999999999998
구성변경,구성해서,6,4.605170176088091,0.999999997871957,0.9999999999999998
3800원부터,학교간식,6,4.605170176088091,0.999999997871957,0.9999999999999998
3800원부터,구성해서,6,4.605170176088091,0.999999997871957,0.9999999999999998
3800원부터,학원간식,6,4.605170176088091,0.999999997871957,0.9999999999999998
교회간식,문의환영,6,4.605170176088091,0.999999997871957,0.9999999999999998
교회간식,체육대회간식,6,4.605170176088091,0.999999997871957,0.9999999999999998
교회간식,학교간식,6,4.605170176088091,0.999999997871957,0.9999999999999998
교회간식,구성해서,6,4.605170176088091,0.999999997871957,0.9999999999999998
학교간식,문의환영,6,4.605170176088091,0.999999997871957,0.9999999999999998
맞춰일정에,구성해서,6,4.605170176088091,0.999999997871957,0.9999999999999998
맞춰일정에,학원간식,6,4.605170176088091,0.999999997871957,0.9999999999999998
맞춰일정에,3800원부터,6,4.605170176088091,0.999999997871957,0.9999999999999998
맞춰일정에,교회간식,6,4.605170176088091,0.999999997871957,0.9999999999999998
맞춰일정에,여주시,6,4.605170176088091,0.999999997871957,0.9999999999999998
G드림카드,문의환영,6,4.605170176088091,0.999999997871957,0.9999999999999998
G드림카드,체육대회간식,6,4.605170176088091,0.999999997871957,0.9999999999999998
G드림카드,학교간식,6,4.605170176088091,0.999999997871957,0.9999999999999998
지드림카드,구성해서,6,4.605170176088091,0.999999997871957,0.9999999999999998
지드림카드,학원간식,6,4.605170176088091,0.999999997871957,0.9999999999999998
여주사랑카드,구성변경,6,4.605170176088091,0.999999997871957,0.9999999999999998
여주사랑카드,여주점경기,6,4.605170176088091,0.999999997871957,0.9999999999999998
여주사랑카드,단체간식,6,4.605170176088091,0.999999997871957,0.9999999999999998
여주사랑카드,맞춰원하시는,6,4.605170176088091,0.999999997871957,0.9999999999999998
여주사랑카드,0318810107구성,6,4.605170176088091,0.999999997871957,0.9999999999999998
여주사랑카드,해드립니다,6,4.605170176088091,0.999999997871957,0.9999999999999998
지드림카드,3800원부터,6,4.605170176088091,0.999999997871957,0.9999999999999998
지드림카드,교회간식,6,4.605170176088091,0.999999997871957,0.9999999999999998
지드림카드,여주시,6,4.605170176088091,0.999999997871957,0.9999999999999998
지드림카드,맞춰일정에,6,4.605170176088091,0.999999997871957,0.9999999999999998
지드림카드,G드림카드,6,4.605170176088091,0.999999997871957,0.9999999999999998
지드림카드,구성변경,6,4.605170176088091,0.999999997871957,0.9999999999999998
지드림카드,여주점경기,6,4.605170176088091,0.999999997871957,0.9999999999999998
지드림카드,단체간식,6,4.605170176088091,0.999999997871957,0.9999999999999998
12000원지역화폐,여주사랑카드샌드위치,5,4.787491728502046,0.9999999970422927,0.9999999999999997
서비스3명,기본결제방식은,5,4.787491728502046,0.9999999970422927,0.9999999999999997
서비스3명,첫째,5,4.787491728502046,0.9999999970422927,0.9999999999999997
서비스3명,보온4시간뒤처리샐러드는,5,4.787491728502046,0.9999999970422927,0.9999999999999997
서비스3명,아닙니다각각,5,4.787491728502046,0.9999999970422927,0.9999999999999997
가능합니다샐러드는,갱신중,5,4.787491728502046,0.9999999970422927,0.9999999999999997
가능합니다샐러드는,기본결제방식은,5,4.787491728502046,0.9999999970422927,0.9999999999999997
가능합니다샐러드는,첫째,5,4.787491728502046,0.9999999970422927,0.9999999999999997
가능합니다샐러드는,보온4시간뒤처리샐러드는,5,4.787491728502046,0.9999999970422927,0.9999999999999997
가능합니다샐러드는,아닙니다각각,5,4.787491728502046,0.9999999970422927,0.9999999999999997
가능합니다샐러드는,서비스3명,5,4.787491728502046,0.9999999970422927,0.9999999999999997
금요일에,갱신중,5,4.787491728502046,0.9999999970422927,0.9999999999999997
금요일에,기본결제방식은,5,4.787491728502046,0.9999999970422927,0.9999999999999997
금요일에,첫째,5,4.787491728502046,0.9999999970422927,0.9999999999999997
금요일에,보온4시간뒤처리샐러드는,5,4.787491728502046,0.9999999970422927,0.9999999999999997
밑에,석식메뉴도,5,4.787491728502046,0.9999999970422927,0.9999999999999997
보온4시간뒤처리샐러드는,기본결제방식은,5,4.787491728502046,0.9999999970422927,0.9999999999999997
질문이나,아닙니다각각,5,4.787491728502046,0.9999999970422927,0.9999999999999997
질문이나,서비스3명,5,4.787491728502046,0.9999999970422927,0.9999999999999997
질문이나,가능합니다샐러드는,5,4.787491728502046,0.9999999970422927,0.9999999999999997
질문이나,금요일에,5,4.787491728502046,0.9999999970422927,0.9999999999999997
전용,갱신중,5,4.787491728502046,0.9999999970422927,0.9999999999999997
전용,기본결제방식은,5,4.787491728502046,0.9999999970422927,0.9999999999999997
전용,첫째,5,4.787491728502046,0.9999999970422927,0.9999999999999997
전용,보온4시간뒤처리샐러드는,5,4.787491728502046,0.9999999970422927,0.9999999999999997
전용,아닙니다각각,5,4.787491728502046,0.9999999970422927,0.9999999999999997
전용,서비스3명,5,4.787491728502046,0.9999999970422927,0.9999999999999997
첫째,기본결제방식은,5,4.787491728502046,0.9999999970422927,0.9999999999999997
첫째,갱신중,5,4.787491728502046,0.9999999970422927,0.9999999999999997
기본결제방식은,갱신중,5,4.787491728502046,0.9999999970422927,0.9999999999999997
밑에,점심메뉴입니다,5,4.787491728502046,0.9999999970422927,0.9999999999999997
빠네디까사1배달의민족,12000원지역화폐,5,4.787491728502046,0.9999999970422927,0.9999999999999997
메뉴푸디스퀘어를,세트가,5,4.787491728502046,0.9999999970422927,0.9999999999999997
메뉴푸디스퀘어를,결제후불결제를,5,4.787491728502046,0.9999999970422927,0.9999999999999997
메뉴푸디스퀘어를,보온도시락샐러드,5,4.787491728502046,0.9999999970422927,0.9999999999999997
메뉴푸디스퀘어를,매월,5,4.787491728502046,0.9999999970422927,0.9999999999999997
메뉴푸디스퀘어를,인원부터,5,4.787491728502046,0.9999999970422927,0.9999999999999997
메뉴푸디스퀘어를,34회,5,4.787491728502046,0.9999999970422927,0.9999999999999997
메뉴푸디스퀘어를,이용가능주,5,4.787491728502046,0.9999999970422927,0.9999999999999997
기본으로하며,갱신중,5,4.787491728502046,0.9999999970422927,0.9999999999999997
기본으로하며,기본결제방식은,5,4.787491728502046,0.9999999970422927,0.9999999999999997
기본으로하며,첫째,5,4.787491728502046,0.9999999970422927,0.9999999999999997
기본으로하며,보온4시간뒤처리샐러드는,5,4.787491728502046,0.9999999970422927,0.9999999999999997
기본으로하며,아닙니다각각,5,4.787491728502046,0.9999999970422927,0.9999999999999997
기본으로하며,서비스3명,5,4.787491728502046,0.9999999970422927,0.9999999999999997
기본으로하며,가능합니다샐러드는,5,4.787491728502046,0.9999999970422927,0.9999999999999997
기본으로하며,금요일에,5,4.787491728502046,0.9999999970422927,0.9999999999999997
기본으로하며,질문이나,5,4.787491728502046,0.9999999970422927,0.9999999999999997
기본으로하며,전용,5,4.787491728502046,0.9999999970422927,0.9999999999999997
기본으로하며,다른메뉴기다림,5,4.787491728502046,0.9999999970422927,0.9999999999999997
기본으로하며,7001700매일,5,4.787491728502046,0.9999999970422927,0.9999999999999997
기본으로하며,도시락샐러드,5,4.787491728502046,0.9999999970422927,0.9999999999999997
기본으로하며,보내십시오맛스타,5,4.787491728502046,0.9999999970422927,0.9999999999999997
기본으로하며,이유매일,5,4.787491728502046,0.9999999970422927,0.9999999999999997
기본으로하며,설명서기업,5,4.787491728502046,0.9999999970422927,0.9999999999999997
기본으로하며,전문업체,5,4.787491728502046,0.9999999970422927,0.9999999999999997
기본으로하며,선택하는,5,4.787491728502046,0.9999999970422927,0.9999999999999997
기본으로하며,결제를,5,4.787491728502046,0.9999999970422927,0.9999999999999997
기본으로하며,배송탁월한,5,4.787491728502046,0.9999999970422927,0.9999999999999997
기본으로하며,진행도시락,5,4.787491728502046,0.9999999970422927,0.9999999999999997
기본으로하며,연락주세요오늘도,5,4.787491728502046,0.9999999970422927,0.9999999999999997
기본으로하며,이상의,5,4.787491728502046,0.9999999970422927,0.9999999999999997
기본으로하며,세트가,5,4.787491728502046,0.9999999970422927,0.9999999999999997
기본으로하며,결제후불결제를,5,4.787491728502046,0.9999999970422927,0.9999999999999997
기본으로하며,보온도시락샐러드,5,4.787491728502046,0.9999999970422927,0.9999999999999997
기본으로하며,매월,5,4.787491728502046,0.9999999970422927,0.9999999999999997
기본으로하며,인원부터,5,4.787491728502046,0.9999999970422927,0.9999999999999997
기본으로하며,34회,5,4.787491728502046,0.9999999970422927,0.9999999999999997
기본으로하며,이용가능주,5,4.787491728502046,0.9999999970422927,0.9999999999999997
기본으로하며,메뉴푸디스퀘어를,5,4.787491728502046,0.9999999970422927,0.9999999999999997
지원되지않습니다사용,갱신중,5,4.787491728502046,0.9999999970422927,0.9999999999999997
지원되지않습니다사용,기본결제방식은,5,4.787491728502046,0.9999999970422927,0.9999999999999997
지원되지않습니다사용,첫째,5,4.787491728502046,0.9999999970422927,0.9999999999999997
지원되지않습니다사용,보온4시간뒤처리샐러드는,5,4.787491728502046,0.9999999970422927,0.9999999999999997
지원되지않습니다사용,아닙니다각각,5,4.787491728502046,0.9999999970422927,0.9999999999999997
지원되지않습니다사용,서비스3명,5,4.787491728502046,0.9999999970422927,0.9999999999999997
지원되지않습니다사용,가능합니다샐러드는,5,4.787491728502046,0.9999999970422927,0.9999999999999997
지원되지않습니다사용,금요일에,5,4.787491728502046,0.9999999970422927,0.9999999999999997
지원되지않습니다사용,질문이나,5,4.787491728502046,0.9999999970422927,0.9999999999999997
지원되지않습니다사용,전용,5,4.787491728502046,0.9999999970422927,0.9999999999999997
지원되지않습니다사용,다른메뉴기다림,5,4.787491728502046,0.9999999970422927,0.9999999999999997
지원되지않습니다사용,7001700매일,5,4.787491728502046,0.9999999970422927,0.9999999999999997
지원되지않습니다사용,도시락샐러드,5,4.787491728502046,0.9999999970422927,0.9999999999999997
지원되지않습니다사용,보내십시오맛스타,5,4.787491728502046,0.9999999970422927,0.9999999999999997
지원되지않습니다사용,이유매일,5,4.787491728502046,0.9999999970422927,0.9999999999999997
지원되지않습니다사용,설명서기업,5,4.787491728502046,0.9999999970422927,0.9999999999999997
지원되지않습니다사용,전문업체,5,4.787491728502046,0.9999999970422927,0.9999999999999997
지원되지않습니다사용,선택하는,5,4.787491728502046,0.9999999970422927,0.9999999999999997
지원되지않습니다사용,결제를,5,4.787491728502046,0.9999999970422927,0.9999999999999997
지원되지않습니다사용,배송탁월한,5,4.787491728502046,0.9999999970422927,0.9999999999999997
지원되지않습니다사용,진행도시락,5,4.787491728502046,0.9999999970422927,0.9999999999999997
지원되지않습니다사용,연락주세요오늘도,5,4.787491728502046,0.9999999970422927,0.9999999999999997
지원되지않습니다사용,이상의,5,4.787491728502046,0.9999999970422927,0.9999999999999997
지원되지않습니다사용,세트가,5,4.787491728502046,0.9999999970422927,0.9999999999999997
지원되지않습니다사용,결제후불결제를,5,4.787491728502046,0.9999999970422927,0.9999999999999997
지원되지않습니다사용,보온도시락샐러드,5,4.787491728502046,0.9999999970422927,0.9999999999999997
지원되지않습니다사용,매월,5,4.787491728502046,0.9999999970422927,0.9999999999999997
지원되지않습니다사용,인원부터,5,4.787491728502046,0.9999999970422927,0.9999999999999997
지원되지않습니다사용,34회,5,4.787491728502046,0.9999999970422927,0.9999999999999997
지원되지않습니다사용,이용가능주,5,4.787491728502046,0.9999999970422927,0.9999999999999997
지원되지않습니다사용,메뉴푸디스퀘어를,5,4.787491728502046,0.9999999970422927,0.9999999999999997
지원되지않습니다사용,기본으로하며,5,4.787491728502046,0.9999999970422927,0.9999999999999997
인스타그램에서,갱신중,5,4.787491728502046,0.9999999970422927,0.9999999999999997
인스타그램에서,기본결제방식은,5,4.787491728502046,0.9999999970422927,0.9999999999999997
인스타그램에서,첫째,5,4.787491728502046,0.9999999970422927,0.9999999999999997
인스타그램에서,보온4시간뒤처리샐러드는,5,4.787491728502046,0.9999999970422927,0.9999999999999997
인스타그램에서,아닙니다각각,5,4.787491728502046,0.9999999970422927,0.9999999999999997
인스타그램에서,서비스3명,5,4.787491728502046,0.9999999970422927,0.9999999999999997
인스타그램에서,가능합니다샐러드는,5,4.787491728502046,0.9999999970422927,0.9999999999999997
인스타그램에서,금요일에,5,4.787491728502046,0.9999999970422927,0.9999999999999997
인스타그램에서,질문이나,5,4.787491728502046,0.9999999970422927,0.9999999999999997
인스타그램에서,전용,5,4.787491728502046,0.9999999970422927,0.9999999999999997
인스타그램에서,다른메뉴기다림,5,4.787491728502046,0.9999999970422927,0.9999999999999997
인스타그램에서,7001700매일,5,4.787491728502046,0.9999999970422927,0.9999999999999997
인스타그램에서,도시락샐러드,5,4.787491728502046,0.9999999970422927,0.9999999999999997
인스타그램에서,보내십시오맛스타,5,4.787491728502046,0.9999999970422927,0.9999999999999997
인스타그램에서,이유매일,5,4.787491728502046,0.9999999970422927,0.9999999999999997
인스타그램에서,설명서기업,5,4.787491728502046,0.9999999970422927,0.9999999999999997
인스타그램에서,전문업체,5,4.787491728502046,0.9999999970422927,0.9999999999999997
인스타그램에서,선택하는,5,4.787491728502046,0.9999999970422927,0.9999999999999997
인스타그램에서,결제를,5,4.787491728502046,0.9999999970422927,0.9999999999999997
인스타그램에서,배송탁월한,5,4.787491728502046,0.9999999970422927,0.9999999999999997
인스타그램에서,진행도시락,5,4.787491728502046,0.9999999970422927,0.9999999999999997
인스타그램에서,연락주세요오늘도,5,4.787491728502046,0.9999999970422927,0.9999999999999997
인스타그램에서,이상의,5,4.787491728502046,0.9999999970422927,0.9999999999999997
인스타그램에서,세트가,5,4.787491728502046,0.9999999970422927,0.9999999999999997
인스타그램에서,결제후불결제를,5,4.787491728502046,0.9999999970422927,0.9999999999999997
인스타그램에서,보온도시락샐러드,5,4.787491728502046,0.9999999970422927,0.9999999999999997
메뉴푸디스퀘어를,금요일에,5,4.787491728502046,0.9999999970422927,0.9999999999999997
메뉴푸디스퀘어를,질문이나,5,4.787491728502046,0.9999999970422927,0.9999999999999997
메뉴푸디스퀘어를,전용,5,4.787491728502046,0.9999999970422927,0.9999999999999997
메뉴푸디스퀘어를,다른메뉴기다림,5,4.787491728502046,0.9999999970422927,0.9999999999999997
메뉴푸디스퀘어를,7001700매일,5,4.787491728502046,0.9999999970422927,0.9999999999999997
메뉴푸디스퀘어를,도시락샐러드,5,4.787491728502046,0.9999999970422927,0.9999999999999997
메뉴푸디스퀘어를,보내십시오맛스타,5,4.787491728502046,0.9999999970422927,0.9999999999999997
메뉴푸디스퀘어를,이유매일,5,4.787491728502046,0.9999999970422927,0.9999999999999997
메뉴푸디스퀘어를,설명서기업,5,4.787491728502046,0.9999999970422927,0.9999999999999997
메뉴푸디스퀘어를,전문업체,5,4.787491728502046,0.9999999970422927,0.9999999999999997
메뉴푸디스퀘어를,선택하는,5,4.787491728502046,0.9999999970422927,0.9999999999999997
메뉴푸디스퀘어를,결제를,5,4.787491728502046,0.9999999970422927,0.9999999999999997
메뉴푸디스퀘어를,배송탁월한,5,4.787491728502046,0.9999999970422927,0.9999999999999997
메뉴푸디스퀘어를,진행도시락,5,4.787491728502046,0.9999999970422927,0.9999999999999997
메뉴푸디스퀘어를,연락주세요오늘도,5,4.787491728502046,0.9999999970422927,0.9999999999999997
메뉴푸디스퀘어를,이상의,5,4.787491728502046,0.9999999970422927,0.9999999999999997
인스타그램에서,매월,5,4.787491728502046,0.9999999970422927,0.9999999999999997
인스타그램에서,인원부터,5,4.787491728502046,0.9999999970422927,0.9999999999999997
인스타그램에서,34회,5,4.787491728502046,0.9999999970422927,0.9999999999999997
인스타그램에서,이용가능주,5,4.787491728502046,0.9999999970422927,0.9999999999999997
인스타그램에서,메뉴푸디스퀘어를,5,4.787491728502046,0.9999999970422927,0.9999999999999997
인스타그램에서,기본으로하며,5,4.787491728502046,0.9999999970422927,0.9999999999999997
인스타그램에서,지원되지않습니다사용,5,4.787491728502046,0.9999999970422927,0.9999999999999997
30000원,4팩,5,4.787491728502046,0.9999999970422927,0.9999999999999997
이용가능주,진행도시락,5,4.787491728502046,0.9999999970422927,0.9999999999999997
이용가능주,연락주세요오늘도,5,4.787491728502046,0.9999999970422927,0.9999999999999997
이용가능주,이상의,5,4.787491728502046,0.9999999970422927,0.9999999999999997
이용가능주,세트가,5,4.787491728502046,0.9999999970422927,0.9999999999999997
이용가능주,결제후불결제를,5,4.787491728502046,0.9999999970422927,0.9999999999999997
이용가능주,보온도시락샐러드,5,4.787491728502046,0.9999999970422927,0.9999999999999997
이용가능주,매월,5,4.787491728502046,0.9999999970422927,0.9999999999999997
이용가능주,인원부터,5,4.787491728502046,0.9999999970422927,0.9999999999999997
이용가능주,34회,5,4.787491728502046,0.9999999970422927,0.9999999999999997
메뉴푸디스퀘어를,갱신중,5,4.787491728502046,0.9999999970422927,0.9999999999999997
메뉴푸디스퀘어를,기본결제방식은,5,4.787491728502046,0.9999999970422927,0.9999999999999997
메뉴푸디스퀘어를,첫째,5,4.787491728502046,0.9999999970422927,0.9999999999999997
메뉴푸디스퀘어를,보온4시간뒤처리샐러드는,5,4.787491728502046,0.9999999970422927,0.9999999999999997
메뉴푸디스퀘어를,아닙니다각각,5,4.787491728502046,0.9999999970422927,0.9999999999999997
메뉴푸디스퀘어를,서비스3명,5,4.787491728502046,0.9999999970422927,0.9999999999999997
메뉴푸디스퀘어를,가능합니다샐러드는,5,4.787491728502046,0.9999999970422927,0.9999999999999997
이용가능주,아닙니다각각,5,4.787491728502046,0.9999999970422927,0.9999999999999997
이용가능주,서비스3명,5,4.787491728502046,0.9999999970422927,0.9999999999999997
이용가능주,가능합니다샐러드는,5,4.787491728502046,0.9999999970422927,0.9999999999999997
이용가능주,금요일에,5,4.787491728502046,0.9999999970422927,0.9999999999999997
이용가능주,질문이나,5,4.787491728502046,0.9999999970422927,0.9999999999999997
이용가능주,전용,5,4.787491728502046,0.9999999970422927,0.9999999999999997
이용가능주,다른메뉴기다림,5,4.787491728502046,0.9999999970422927,0.9999999999999997
이용가능주,7001700매일,5,4.787491728502046,0.9999999970422927,0.9999999999999997
이용가능주,도시락샐러드,5,4.787491728502046,0.9999999970422927,0.9999999999999997
이용가능주,보내십시오맛스타,5,4.787491728502046,0.9999999970422927,0.9999999999999997
이용가능주,이유매일,5,4.787491728502046,0.9999999970422927,0.9999999999999997
이용가능주,설명서기업,5,4.787491728502046,0.9999999970422927,0.9999999999999997
이용가능주,전문업체,5,4.787491728502046,0.9999999970422927,0.9999999999999997
이용가능주,선택하는,5,4.787491728502046,0.9999999970422927,0.9999999999999997
이용가능주,결제를,5,4.787491728502046,0.9999999970422927,0.9999999999999997
이용가능주,배송탁월한,5,4.787491728502046,0.9999999970422927,0.9999999999999997
34회,전문업체,5,4.787491728502046,0.9999999970422927,0.9999999999999997
34회,선택하는,5,4.787491728502046,0.9999999970422927,0.9999999999999997
34회,결제를,5,4.787491728502046,0.9999999970422927,0.9999999999999997
34회,배송탁월한,5,4.787491728502046,0.9999999970422927,0.9999999999999997
34회,진행도시락,5,4.787491728502046,0.9999999970422927,0.9999999999999997
34회,연락주세요오늘도,5,4.787491728502046,0.9999999970422927,0.9999999999999997
34회,이상의,5,4.787491728502046,0.9999999970422927,0.9999999999999997
34회,세트가,5,4.787491728502046,0.9999999970422927,0.9999999999999997
34회,결제후불결제를,5,4.787491728502046,0.9999999970422927,0.9999999999999997
34회,보온도시락샐러드,5,4.787491728502046,0.9999999970422927,0.9999999999999997
34회,매월,5,4.787491728502046,0.9999999970422927,0.9999999999999997
34회,인원부터,5,4.787491728502046,0.9999999970422927,0.9999999999999997
이용가능주,갱신중,5,4.787491728502046,0.9999999970422927,0.9999999999999997
이용가능주,기본결제방식은,5,4.787491728502046,0.9999999970422927,0.9999999999999997
이용가능주,첫째,5,4.787491728502046,0.9999999970422927,0.9999999999999997
이용가능주,보온4시간뒤처리샐러드는,5,4.787491728502046,0.9999999970422927,0.9999999999999997
34회,갱신중,5,4.787491728502046,0.9999999970422927,0.9999999999999997
34회,기본결제방식은,5,4.787491728502046,0.9999999970422927,0.9999999999999997
34회,첫째,5,4.787491728502046,0.9999999970422927,0.9999999999999997
34회,보온4시간뒤처리샐러드는,5,4.787491728502046,0.9999999970422927,0.9999999999999997
34회,아닙니다각각,5,4.787491728502046,0.9999999970422927,0.9999999999999997
34회,서비스3명,5,4.787491728502046,0.9999999970422927,0.9999999999999997
34회,가능합니다샐러드는,5,4.787491728502046,0.9999999970422927,0.9999999999999997
34회,금요일에,5,4.787491728502046,0.9999999970422927,0.9999999999999997
34회,질문이나,5,4.787491728502046,0.9999999970422927,0.9999999999999997
34회,전용,5,4.787491728502046,0.9999999970422927,0.9999999999999997
34회,다른메뉴기다림,5,4.787491728502046,0.9999999970422927,0.9999999999999997
34회,7001700매일,5,4.787491728502046,0.9999999970422927,0.9999999999999997
34회,도시락샐러드,5,4.787491728502046,0.9999999970422927,0.9999999999999997
34회,보내십시오맛스타,5,4.787491728502046,0.9999999970422927,0.9999999999999997
34회,이유매일,5,4.787491728502046,0.9999999970422927,0.9999999999999997
34회,설명서기업,5,4.787491728502046,0.9999999970422927,0.9999999999999997
인원부터,7001700매일,5,4.787491728502046,0.9999999970422927,0.9999999999999997
인원부터,도시락샐러드,5,4.787491728502046,0.9999999970422927,0.9999999999999997
인원부터,보내십시오맛스타,5,4.787491728502046,0.9999999970422927,0.9999999999999997
인원부터,이유매일,5,4.787491728502046,0.9999999970422927,0.9999999999999997
인원부터,설명서기업,5,4.787491728502046,0.9999999970422927,0.9999999999999997
인원부터,전문업체,5,4.787491728502046,0.9999999970422927,0.9999999999999997
인원부터,선택하는,5,4.787491728502046,0.9999999970422927,0.9999999999999997
인원부터,결제를,5,4.787491728502046,0.9999999970422927,0.9999999999999997
인원부터,배송탁월한,5,4.787491728502046,0.9999999970422927,0.9999999999999997
인원부터,진행도시락,5,4.787491728502046,0.9999999970422927,0.9999999999999997
인원부터,연락주세요오늘도,5,4.787491728502046,0.9999999970422927,0.9999999999999997
인원부터,이상의,5,4.787491728502046,0.9999999970422927,0.9999999999999997
인원부터,세트가,5,4.787491728502046,0.9999999970422927,0.9999999999999997
인원부터,결제후불결제를,5,4.787491728502046,0.9999999970422927,0.9999999999999997
인원부터,보온도시락샐러드,5,4.787491728502046,0.9999999970422927,0.9999999999999997
인원부터,매월,5,4.787491728502046,0.9999999970422927,0.9999999999999997
매월,연락주세요오늘도,5,4.787491728502046,0.9999999970422927,0.9999999999999997
매월,이상의,5,4.787491728502046,0.9999999970422927,0.9999999999999997
매월,세트가,5,4.787491728502046,0.9999999970422927,0.9999999999999997
매월,결제후불결제를,5,4.787491728502046,0.9999999970422927,0.9999999999999997
매월,보온도시락샐러드,5,4.787491728502046,0.9999999970422927,0.9999999999999997
인원부터,갱신중,5,4.787491728502046,0.9999999970422927,0.9999999999999997
인원부터,기본결제방식은,5,4.787491728502046,0.9999999970422927,0.9999999999999997
인원부터,첫째,5,4.787491728502046,0.9999999970422927,0.9999999999999997
인원부터,보온4시간뒤처리샐러드는,5,4.787491728502046,0.9999999970422927,0.9999999999999997
인원부터,아닙니다각각,5,4.787491728502046,0.9999999970422927,0.9999999999999997
인원부터,서비스3명,5,4.787491728502046,0.9999999970422927,0.9999999999999997
인원부터,가능합니다샐러드는,5,4.787491728502046,0.9999999970422927,0.9999999999999997
인원부터,금요일에,5,4.787491728502046,0.9999999970422927,0.9999999999999997
인원부터,질문이나,5,4.787491728502046,0.9999999970422927,0.9999999999999997
인원부터,전용,5,4.787491728502046,0.9999999970422927,0.9999999999999997
인원부터,다른메뉴기다림,5,4.787491728502046,0.9999999970422927,0.9999999999999997
매월,서비스3명,5,4.787491728502046,0.9999999970422927,0.9999999999999997
매월,가능합니다샐러드는,5,4.787491728502046,0.9999999970422927,0.9999999999999997
매월,금요일에,5,4.787491728502046,0.9999999970422927,0.9999999999999997
매월,질문이나,5,4.787491728502046,0.9999999970422927,0.9999999999999997
매월,전용,5,4.787491728502046,0.9999999970422927,0.9999999999999997
매월,다른메뉴기다림,5,4.787491728502046,0.9999999970422927,0.9999999999999997
매월,7001700매일,5,4.787491728502046,0.9999999970422927,0.9999999999999997
매월,도시락샐러드,5,4.787491728502046,0.9999999970422927,0.9999999999999997
매월,보내십시오맛스타,5,4.787491728502046,0.9999999970422927,0.9999999999999997
매월,이유매일,5,4.787491728502046,0.9999999970422927,0.9999999999999997
매월,설명서기업,5,4.787491728502046,0.9999999970422927,0.9999999999999997
매월,전문업체,5,4.787491728502046,0.9999999970422927,0.9999999999999997
매월,선택하는,5,4.787491728502046,0.9999999970422927,0.9999999999999997
매월,결제를,5,4.787491728502046,0.9999999970422927,0.9999999999999997
매월,배송탁월한,5,4.787491728502046,0.9999999970422927,0.9999999999999997
매월,진행도시락,5,4.787491728502046,0.9999999970422927,0.9999999999999997
보온도시락샐러드,이유매일,5,4.787491728502046,0.9999999970422927,0.9999999999999997
보온도시락샐러드,설명서기업,5,4.787491728502046,0.9999999970422927,0.9999999999999997
보온도시락샐러드,전문업체,5,4.787491728502046,0.9999999970422927,0.9999999999999997
보온도시락샐러드,선택하는,5,4.787491728502046,0.9999999970422927,0.9999999999999997
보온도시락샐러드,결제를,5,4.787491728502046,0.9999999970422927,0.9999999999999997
보온도시락샐러드,배송탁월한,5,4.787491728502046,0.9999999970422927,0.9999999999999997
보온도시락샐러드,진행도시락,5,4.787491728502046,0.9999999970422927,0.9999999999999997
보온도시락샐러드,연락주세요오늘도,5,4.787491728502046,0.9999999970422927,0.9999999999999997
보온도시락샐러드,이상의,5,4.787491728502046,0.9999999970422927,0.9999999999999997
보온도시락샐러드,세트가,5,4.787491728502046,0.9999999970422927,0.9999999999999997
보온도시락샐러드,결제후불결제를,5,4.787491728502046,0.9999999970422927,0.9999999999999997
매월,갱신중,5,4.787491728502046,0.9999999970422927,0.9999999999999997
매월,기본결제방식은,5,4.787491728502046,0.9999999970422927,0.9999999999999997
매월,첫째,5,4.787491728502046,0.9999999970422927,0.9999999999999997
매월,보온4시간뒤처리샐러드는,5,4.787491728502046,0.9999999970422927,0.9999999999999997
매월,아닙니다각각,5,4.787491728502046,0.9999999970422927,0.9999999999999997
결제후불결제를,이상의,5,4.787491728502046,0.9999999970422927,0.9999999999999997
결제후불결제를,세트가,5,4.787491728502046,0.9999999970422927,0.9999999999999997
보온도시락샐러드,갱신중,5,4.787491728502046,0.9999999970422927,0.9999999999999997
보온도시락샐러드,기본결제방식은,5,4.787491728502046,0.9999999970422927,0.9999999999999997
보온도시락샐러드,첫째,5,4.787491728502046,0.9999999970422927,0.9999999999999997
보온도시락샐러드,보온4시간뒤처리샐러드는,5,4.787491728502046,0.9999999970422927,0.9999999999999997
보온도시락샐러드,아닙니다각각,5,4.787491728502046,0.9999999970422927,0.9999999999999997
보온도시락샐러드,서비스3명,5,4.787491728502046,0.9999999970422927,0.9999999999999997
보온도시락샐러드,가능합니다샐러드는,5,4.787491728502046,0.9999999970422927,0.9999999999999997
보온도시락샐러드,금요일에,5,4.787491728502046,0.9999999970422927,0.9999999999999997
보온도시락샐러드,질문이나,5,4.787491728502046,0.9999999970422927,0.9999999999999997
보온도시락샐러드,전용,5,4.787491728502046,0.9999999970422927,0.9999999999999997
보온도시락샐러드,다른메뉴기다림,5,4.787491728502046,0.9999999970422927,0.9999999999999997
보온도시락샐러드,7001700매일,5,4.787491728502046,0.9999999970422927,0.9999999999999997
보온도시락샐러드,도시락샐러드,5,4.787491728502046,0.9999999970422927,0.9999999999999997
보온도시락샐러드,보내십시오맛스타,5,4.787491728502046,0.9999999970422927,0.9999999999999997
결제후불결제를,가능합니다샐러드는,5,4.787491728502046,0.9999999970422927,0.9999999999999997
결제후불결제를,금요일에,5,4.787491728502046,0.9999999970422927,0.9999999999999997
결제후불결제를,질문이나,5,4.787491728502046,0.9999999970422927,0.9999999999999997
결제후불결제를,전용,5,4.787491728502046,0.9999999970422927,0.9999999999999997
결제후불결제를,다른메뉴기다림,5,4.787491728502046,0.9999999970422927,0.9999999999999997
결제후불결제를,7001700매일,5,4.787491728502046,0.9999999970422927,0.9999999999999997
결제후불결제를,도시락샐러드,5,4.787491728502046,0.9999999970422927,0.9999999999999997
결제후불결제를,보내십시오맛스타,5,4.787491728502046,0.9999999970422927,0.9999999999999997
결제후불결제를,이유매일,5,4.787491728502046,0.9999999970422927,0.9999999999999997
결제후불결제를,설명서기업,5,4.787491728502046,0.9999999970422927,0.9999999999999997
결제후불결제를,전문업체,5,4.787491728502046,0.9999999970422927,0.9999999999999997
결제후불결제를,선택하는,5,4.787491728502046,0.9999999970422927,0.9999999999999997
결제후불결제를,결제를,5,4.787491728502046,0.9999999970422927,0.9999999999999997
결제후불결제를,배송탁월한,5,4.787491728502046,0.9999999970422927,0.9999999999999997
결제후불결제를,진행도시락,5,4.787491728502046,0.9999999970422927,0.9999999999999997
결제후불결제를,연락주세요오늘도,5,4.787491728502046,0.9999999970422927,0.9999999999999997
세트가,보내십시오맛스타,5,4.787491728502046,0.9999999970422927,0.9999999999999997
세트가,이유매일,5,4.787491728502046,0.9999999970422927,0.9999999999999997
세트가,설명서기업,5,4.787491728502046,0.9999999970422927,0.9999999999999997
세트가,전문업체,5,4.787491728502046,0.9999999970422927,0.9999999999999997
세트가,선택하는,5,4.787491728502046,0.9999999970422927,0.9999999999999997
세트가,결제를,5,4.787491728502046,0.9999999970422927,0.9999999999999997
세트가,배송탁월한,5,4.787491728502046,0.9999999970422927,0.9999999999999997
세트가,진행도시락,5,4.787491728502046,0.9999999970422927,0.9999999999999997
세트가,연락주세요오늘도,5,4.787491728502046,0.9999999970422927,0.9999999999999997
세트가,이상의,5,4.787491728502046,0.9999999970422927,0.9999999999999997
결제후불결제를,갱신중,5,4.787491728502046,0.9999999970422927,0.9999999999999997
결제후불결제를,기본결제방식은,5,4.787491728502046,0.9999999970422927,0.9999999999999997
결제후불결제를,첫째,5,4.787491728502046,0.9999999970422927,0.9999999999999997
결제후불결제를,보온4시간뒤처리샐러드는,5,4.787491728502046,0.9999999970422927,0.9999999999999997
결제후불결제를,아닙니다각각,5,4.787491728502046,0.9999999970422927,0.9999999999999997
결제후불결제를,서비스3명,5,4.787491728502046,0.9999999970422927,0.9999999999999997
이상의,배송탁월한,5,4.787491728502046,0.9999999970422927,0.9999999999999997
이상의,진행도시락,5,4.787491728502046,0.9999999970422927,0.9999999999999997
이상의,연락주세요오늘도,5,4.787491728502046,0.9999999970422927,0.9999999999999997
세트가,갱신중,5,4.787491728502046,0.9999999970422927,0.9999999999999997
세트가,기본결제방식은,5,4.787491728502046,0.9999999970422927,0.9999999999999997
세트가,첫째,5,4.787491728502046,0.9999999970422927,0.9999999999999997
세트가,보온4시간뒤처리샐러드는,5,4.787491728502046,0.9999999970422927,0.9999999999999997
세트가,아닙니다각각,5,4.787491728502046,0.9999999970422927,0.9999999999999997
세트가,서비스3명,5,4.787491728502046,0.9999999970422927,0.9999999999999997
세트가,가능합니다샐러드는,5,4.787491728502046,0.9999999970422927,0.9999999999999997
세트가,금요일에,5,4.787491728502046,0.9999999970422927,0.9999999999999997
세트가,질문이나,5,4.787491728502046,0.9999999970422927,0.9999999999999997
세트가,전용,5,4.787491728502046,0.9999999970422927,0.9999999999999997
세트가,다른메뉴기다림,5,4.787491728502046,0.9999999970422927,0.9999999999999997
세트가,7001700매일,5,4.787491728502046,0.9999999970422927,0.9999999999999997
세트가,도시락샐러드,5,4.787491728502046,0.9999999970422927,0.9999999999999997
이상의,보온4시간뒤처리샐러드는,5,4.787491728502046,0.9999999970422927,0.9999999999999997
이상의,아닙니다각각,5,4.787491728502046,0.9999999970422927,0.9999999999999997
이상의,서비스3명,5,4.787491728502046,0.9999999970422927,0.9999999999999997
이상의,가능합니다샐러드는,5,4.787491728502046,0.9999999970422927,0.9999999999999997
이상의,금요일에,5,4.787491728502046,0.9999999970422927,0.9999999999999997
이상의,질문이나,5,4.787491728502046,0.9999999970422927,0.9999999999999997
이상의,전용,5,4.787491728502046,0.9999999970422927,0.9999999999999997
이상의,다른메뉴기다림,5,4.787491728502046,0.9999999970422927,0.9999999999999997
이상의,7001700매일,5,4.787491728502046,0.9999999970422927,0.9999999999999997
이상의,도시락샐러드,5,4.787491728502046,0.9999999970422927,0.9999999999999997
이상의,보내십시오맛스타,5,4.787491728502046,0.9999999970422927,0.9999999999999997
이상의,이유매일,5,4.787491728502046,0.9999999970422927,0.9999999999999997
이상의,설명서기업,5,4.787491728502046,0.9999999970422927,0.9999999999999997
이상의,전문업체,5,4.787491728502046,0.9999999970422927,0.9999999999999997
이상의,선택하는,5,4.787491728502046,0.9999999970422927,0.9999999999999997
이상의,결제를,5,4.787491728502046,0.9999999970422927,0.9999999999999997
연락주세요오늘도,질문이나,5,4.787491728502046,0.9999999970422927,0.9999999999999997
연락주세요오늘도,전용,5,4.787491728502046,0.9999999970422927,0.9999999999999997
연락주세요오늘도,다른메뉴기다림,5,4.787491728502046,0.9999999970422927,0.9999999999999997
연락주세요오늘도,7001700매일,5,4.787491728502046,0.9999999970422927,0.9999999999999997
연락주세요오늘도,도시락샐러드,5,4.787491728502046,0.9999999970422927,0.9999999999999997
연락주세요오늘도,보내십시오맛스타,5,4.787491728502046,0.9999999970422927,0.9999999999999997
연락주세요오늘도,이유매일,5,4.787491728502046,0.9999999970422927,0.9999999999999997
연락주세요오늘도,설명서기업,5,4.787491728502046,0.9999999970422927,0.9999999999999997
연락주세요오늘도,전문업체,5,4.787491728502046,0.9999999970422927,0.9999999999999997
연락주세요오늘도,선택하는,5,4.787491728502046,0.9999999970422927,0.9999999999999997
연락주세요오늘도,결제를,5,4.787491728502046,0.9999999970422927,0.9999999999999997
연락주세요오늘도,배송탁월한,5,4.787491728502046,0.9999999970422927,0.9999999999999997
연락주세요오늘도,진행도시락,5,4.787491728502046,0.9999999970422927,0.9999999999999997
이상의,갱신중,5,4.787491728502046,0.9999999970422927,0.9999999999999997
이상의,기본결제방식은,5,4.787491728502046,0.9999999970422927,0.9999999999999997
이상의,첫째,5,4.787491728502046,0.9999999970422927,0.9999999999999997
진행도시락,도시락샐러드,5,4.787491728502046,0.9999999970422927,0.9999999999999997
진행도시락,보내십시오맛스타,5,4.787491728502046,0.9999999970422927,0.9999999999999997
진행도시락,이유매일,5,4.787491728502046,0.9999999970422927,0.9999999999999997
진행도시락,설명서기업,5,4.787491728502046,0.9999999970422927,0.9999999999999997
진행도시락,전문업체,5,4.787491728502046,0.9999999970422927,0.9999999999999997
진행도시락,선택하는,5,4.787491728502046,0.9999999970422927,0.9999999999999997
진행도시락,결제를,5,4.787491728502046,0.9999999970422927,0.9999999999999997
진행도시락,배송탁월한,5,4.787491728502046,0.9999999970422927,0.9999999999999997
연락주세요오늘도,갱신중,5,4.787491728502046,0.9999999970422927,0.9999999999999997
연락주세요오늘도,기본결제방식은,5,4.787491728502046,0.9999999970422927,0.9999999999999997
연락주세요오늘도,첫째,5,4.787491728502046,0.9999999970422927,0.9999999999999997
연락주세요오늘도,보온4시간뒤처리샐러드는,5,4.787491728502046,0.9999999970422927,0.9999999999999997
연락주세요오늘도,아닙니다각각,5,4.787491728502046,0.9999999970422927,0.9999999999999997
연락주세요오늘도,서비스3명,5,4.787491728502046,0.9999999970422927,0.9999999999999997
연락주세요오늘도,가능합니다샐러드는,5,4.787491728502046,0.9999999970422927,0.9999999999999997
연락주세요오늘도,금요일에,5,4.787491728502046,0.9999999970422927,0.9999999999999997
배송탁월한,설명서기업,5,4.787491728502046,0.9999999970422927,0.9999999999999997
배송탁월한,전문업체,5,4.787491728502046,0.9999999970422927,0.9999999999999997
배송탁월한,선택하는,5,4.787491728502046,0.9999999970422927,0.9999999999999997
배송탁월한,결제를,5,4.787491728502046,0.9999999970422927,0.9999999999999997
진행도시락,갱신중,5,4.787491728502046,0.9999999970422927,0.9999999999999997
진행도시락,기본결제방식은,5,4.787491728502046,0.9999999970422927,0.9999999999999997
진행도시락,첫째,5,4.787491728502046,0.9999999970422927,0.9999999999999997
진행도시락,보온4시간뒤처리샐러드는,5,4.787491728502046,0.9999999970422927,0.9999999999999997
진행도시락,아닙니다각각,5,4.787491728502046,0.9999999970422927,0.9999999999999997
진행도시락,서비스3명,5,4.787491728502046,0.9999999970422927,0.9999999999999997
진행도시락,가능합니다샐러드는,5,4.787491728502046,0.9999999970422927,0.9999999999999997
진행도시락,금요일에,5,4.787491728502046,0.9999999970422927,0.9999999999999997
진행도시락,질문이나,5,4.787491728502046,0.9999999970422927,0.9999999999999997
진행도시락,전용,5,4.787491728502046,0.9999999970422927,0.9999999999999997
진행도시락,다른메뉴기다림,5,4.787491728502046,0.9999999970422927,0.9999999999999997
진행도시락,7001700매일,5,4.787491728502046,0.9999999970422927,0.9999999999999997
결제를,선택하는,5,4.787491728502046,0.9999999970422927,0.9999999999999997
배송탁월한,갱신중,5,4.787491728502046,0.9999999970422927,0.9999999999999997
배송탁월한,기본결제방식은,5,4.787491728502046,0.9999999970422927,0.9999999999999997
배송탁월한,첫째,5,4.787491728502046,0.9999999970422927,0.9999999999999997
배송탁월한,보온4시간뒤처리샐러드는,5,4.787491728502046,0.9999999970422927,0.9999999999999997
배송탁월한,아닙니다각각,5,4.787491728502046,0.9999999970422927,0.9999999999999997
배송탁월한,서비스3명,5,4.787491728502046,0.9999999970422927,0.9999999999999997
배송탁월한,가능합니다샐러드는,5,4.787491728502046,0.9999999970422927,0.9999999999999997
배송탁월한,금요일에,5,4.787491728502046,0.9999999970422927,0.9999999999999997
배송탁월한,질문이나,5,4.787491728502046,0.9999999970422927,0.9999999999999997
배송탁월한,전용,5,4.787491728502046,0.9999999970422927,0.9999999999999997
배송탁월한,다른메뉴기다림,5,4.787491728502046,0.9999999970422927,0.9999999999999997
배송탁월한,7001700매일,5,4.787491728502046,0.9999999970422927,0.9999999999999997
배송탁월한,도시락샐러드,5,4.787491728502046,0.9999999970422927,0.9999999999999997
배송탁월한,보내십시오맛스타,5,4.787491728502046,0.9999999970422927,0.9999999999999997
배송탁월한,이유매일,5,4.787491728502046,0.9999999970422927,0.9999999999999997
결제를,기본결제방식은,5,4.787491728502046,0.9999999970422927,0.9999999999999997
결제를,첫째,5,4.787491728502046,0.9999999970422927,0.9999999999999997
결제를,보온4시간뒤처리샐러드는,5,4.787491728502046,0.9999999970422927,0.9999999999999997
결제를,아닙니다각각,5,4.787491728502046,0.9999999970422927,0.9999999999999997
결제를,서비스3명,5,4.787491728502046,0.9999999970422927,0.9999999999999997
결제를,가능합니다샐러드는,5,4.787491728502046,0.9999999970422927,0.9999999999999997
결제를,금요일에,5,4.787491728502046,0.9999999970422927,0.9999999999999997
결제를,질문이나,5,4.787491728502046,0.9999999970422927,0.9999999999999997
결제를,전용,5,4.787491728502046,0.9999999970422927,0.9999999999999997
결제를,다른메뉴기다림,5,4.787491728502046,0.9999999970422927,0.9999999999999997
결제를,7001700매일,5,4.787491728502046,0.9999999970422927,0.9999999999999997
결제를,도시락샐러드,5,4.787491728502046,0.9999999970422927,0.9999999999999997
결제를,보내십시오맛스타,5,4.787491728502046,0.9999999970422927,0.9999999999999997
결제를,이유매일,5,4.787491728502046,0.9999999970422927,0.9999999999999997
결제를,설명서기업,5,4.787491728502046,0.9999999970422927,0.9999999999999997
결제를,전문업체,5,4.787491728502046,0.9999999970422927,0.9999999999999997
선택하는,첫째,5,4.787491728502046,0.9999999970422927,0.9999999999999997
선택하는,보온4시간뒤처리샐러드는,5,4.787491728502046,0.9999999970422927,0.9999999999999997
선택하는,아닙니다각각,5,4.787491728502046,0.9999999970422927,0.9999999999999997
선택하는,서비스3명,5,4.787491728502046,0.9999999970422927,0.9999999999999997
선택하는,가능합니다샐러드는,5,4.787491728502046,0.9999999970422927,0.9999999999999997
선택하는,금요일에,5,4.787491728502046,0.9999999970422927,0.9999999999999997
선택하는,질문이나,5,4.787491728502046,0.9999999970422927,0.9999999999999997
선택하는,전용,5,4.787491728502046,0.9999999970422927,0.9999999999999997
선택하는,다른메뉴기다림,5,4.787491728502046,0.9999999970422927,0.9999999999999997
선택하는,7001700매일,5,4.787491728502046,0.9999999970422927,0.9999999999999997
선택하는,도시락샐러드,5,4.787491728502046,0.9999999970422927,0.9999999999999997
선택하는,보내십시오맛스타,5,4.787491728502046,0.9999999970422927,0.9999999999999997
선택하는,이유매일,5,4.787491728502046,0.9999999970422927,0.9999999999999997
선택하는,설명서기업,5,4.787491728502046,0.9999999970422927,0.9999999999999997
선택하는,전문업체,5,4.787491728502046,0.9999999970422927,0.9999999999999997
결제를,갱신중,5,4.787491728502046,0.9999999970422927,0.9999999999999997
전문업체,첫째,5,4.787491728502046,0.9999999970422927,0.9999999999999997
전문업체,보온4시간뒤처리샐러드는,5,4.787491728502046,0.9999999970422927,0.9999999999999997
전문업체,아닙니다각각,5,4.787491728502046,0.9999999970422927,0.9999999999999997
전문업체,서비스3명,5,4.787491728502046,0.9999999970422927,0.9999999999999997
전문업체,가능합니다샐러드는,5,4.787491728502046,0.9999999970422927,0.9999999999999997
전문업체,금요일에,5,4.787491728502046,0.9999999970422927,0.9999999999999997
전문업체,질문이나,5,4.787491728502046,0.9999999970422927,0.9999999999999997
전문업체,전용,5,4.787491728502046,0.9999999970422927,0.9999999999999997
전문업체,다른메뉴기다림,5,4.787491728502046,0.9999999970422927,0.9999999999999997
전문업체,7001700매일,5,4.787491728502046,0.9999999970422927,0.9999999999999997
전문업체,도시락샐러드,5,4.787491728502046,0.9999999970422927,0.9999999999999997
전문업체,보내십시오맛스타,5,4.787491728502046,0.9999999970422927,0.9999999999999997
전문업체,이유매일,5,4.787491728502046,0.9999999970422927,0.9999999999999997
전문업체,설명서기업,5,4.787491728502046,0.9999999970422927,0.9999999999999997
선택하는,갱신중,5,4.787491728502046,0.9999999970422927,0.9999999999999997
선택하는,기본결제방식은,5,4.787491728502046,0.9999999970422927,0.9999999999999997
설명서기업,기본결제방식은,5,4.787491728502046,0.9999999970422927,0.9999999999999997
설명서기업,첫째,5,4.787491728502046,0.9999999970422927,0.9999999999999997
설명서기업,보온4시간뒤처리샐러드는,5,4.787491728502046,0.9999999970422927,0.9999999999999997
설명서기업,아닙니다각각,5,4.787491728502046,0.9999999970422927,0.9999999999999997
설명서기업,서비스3명,5,4.787491728502046,0.9999999970422927,0.9999999999999997
설명서기업,가능합니다샐러드는,5,4.787491728502046,0.9999999970422927,0.9999999999999997
설명서기업,금요일에,5,4.787491728502046,0.9999999970422927,0.9999999999999997
설명서기업,질문이나,5,4.787491728502046,0.9999999970422927,0.9999999999999997
설명서기업,전용,5,4.787491728502046,0.9999999970422927,0.9999999999999997
설명서기업,다른메뉴기다림,5,4.787491728502046,0.9999999970422927,0.9999999999999997
설명서기업,7001700매일,5,4.787491728502046,0.9999999970422927,0.9999999999999997
설명서기업,도시락샐러드,5,4.787491728502046,0.9999999970422927,0.9999999999999997
설명서기업,보내십시오맛스타,5,4.787491728502046,0.9999999970422927,0.9999999999999997
설명서기업,이유매일,5,4.787491728502046,0.9999999970422927,0.9999999999999997
전문업체,갱신중,5,4.787491728502046,0.9999999970422927,0.9999999999999997
전문업체,기본결제방식은,5,4.787491728502046,0.9999999970422927,0.9999999999999997
보내십시오맛스타,도시락샐러드,5,4.787491728502046,0.9999999970422927,0.9999999999999997
이유매일,갱신중,5,4.787491728502046,0.9999999970422927,0.9999999999999997
이유매일,기본결제방식은,5,4.787491728502046,0.9999999970422927,0.9999999999999997
이유매일,첫째,5,4.787491728502046,0.9999999970422927,0.9999999999999997
이유매일,보온4시간뒤처리샐러드는,5,4.787491728502046,0.9999999970422927,0.9999999999999997
이유매일,아닙니다각각,5,4.787491728502046,0.9999999970422927,0.9999999999999997
이유매일,서비스3명,5,4.787491728502046,0.9999999970422927,0.9999999999999997
이유매일,가능합니다샐러드는,5,4.787491728502046,0.9999999970422927,0.9999999999999997
이유매일,금요일에,5,4.787491728502046,0.9999999970422927,0.9999999999999997
이유매일,질문이나,5,4.787491728502046,0.9999999970422927,0.9999999999999997
이유매일,전용,5,4.787491728502046,0.9999999970422927,0.9999999999999997
이유매일,다른메뉴기다림,5,4.787491728502046,0.9999999970422927,0.9999999999999997
이유매일,7001700매일,5,4.787491728502046,0.9999999970422927,0.9999999999999997
이유매일,도시락샐러드,5,4.787491728502046,0.9999999970422927,0.9999999999999997
이유매일,보내십시오맛스타,5,4.787491728502046,0.9999999970422927,0.9999999999999997
설명서기업,갱신중,5,4.787491728502046,0.9999999970422927,0.9999999999999997
도시락샐러드,질문이나,5,4.787491728502046,0.9999999970422927,0.9999999999999997
도시락샐러드,전용,5,4.787491728502046,0.9999999970422927,0.9999999999999997
도시락샐러드,다른메뉴기다림,5,4.787491728502046,0.9999999970422927,0.9999999999999997
도시락샐러드,7001700매일,5,4.787491728502046,0.9999999970422927,0.9999999999999997
보내십시오맛스타,갱신중,5,4.787491728502046,0.9999999970422927,0.9999999999999997
보내십시오맛스타,기본결제방식은,5,4.787491728502046,0.9999999970422927,0.9999999999999997
보내십시오맛스타,첫째,5,4.787491728502046,0.9999999970422927,0.9999999999999997
보내십시오맛스타,보온4시간뒤처리샐러드는,5,4.787491728502046,0.9999999970422927,0.9999999999999997
보내십시오맛스타,아닙니다각각,5,4.787491728502046,0.9999999970422927,0.9999999999999997
보내십시오맛스타,서비스3명,5,4.787491728502046,0.9999999970422927,0.9999999999999997
보내십시오맛스타,가능합니다샐러드는,5,4.787491728502046,0.9999999970422927,0.9999999999999997
보내십시오맛스타,금요일에,5,4.787491728502046,0.9999999970422927,0.9999999999999997
보내십시오맛스타,질문이나,5,4.787491728502046,0.9999999970422927,0.9999999999999997
보내십시오맛스타,전용,5,4.787491728502046,0.9999999970422927,0.9999999999999997
보내십시오맛스타,다른메뉴기다림,5,4.787491728502046,0.9999999970422927,0.9999999999999997
보내십시오맛스타,7001700매일,5,4.787491728502046,0.9999999970422927,0.9999999999999997
7001700매일,보온4시간뒤처리샐러드는,5,4.787491728502046,0.9999999970422927,0.9999999999999997
7001700매일,아닙니다각각,5,4.787491728502046,0.9999999970422927,0.9999999999999997
7001700매일,서비스3명,5,4.787491728502046,0.9999999970422927,0.9999999999999997
7001700매일,가능합니다샐러드는,5,4.787491728502046,0.9999999970422927,0.9999999999999997
7001700매일,금요일에,5,4.787491728502046,0.9999999970422927,0.9999999999999997
7001700매일,질문이나,5,4.787491728502046,0.9999999970422927,0.9999999999999997
7001700매일,전용,5,4.787491728502046,0.9999999970422927,0.9999999999999997
7001700매일,다른메뉴기다림,5,4.787491728502046,0.9999999970422927,0.9999999999999997
도시락샐러드,갱신중,5,4.787491728502046,0.9999999970422927,0.9999999999999997
도시락샐러드,기본결제방식은,5,4.787491728502046,0.9999999970422927,0.9999999999999997
도시락샐러드,첫째,5,4.787491728502046,0.9999999970422927,0.9999999999999997
도시락샐러드,보온4시간뒤처리샐러드는,5,4.787491728502046,0.9999999970422927,0.9999999999999997
도시락샐러드,아닙니다각각,5,4.787491728502046,0.9999999970422927,0.9999999999999997
도시락샐러드,서비스3명,5,4.787491728502046,0.9999999970422927,0.9999999999999997
도시락샐러드,가능합니다샐러드는,5,4.787491728502046,0.9999999970422927,0.9999999999999997
도시락샐러드,금요일에,5,4.787491728502046,0.9999999970422927,0.9999999999999997
전용,가능합니다샐러드는,5,4.787491728502046,0.9999999970422927,0.9999999999999997
전용,금요일에,5,4.787491728502046,0.9999999970422927,0.9999999999999997
전용,질문이나,5,4.787491728502046,0.9999999970422927,0.9999999999999997
다른메뉴기다림,갱신중,5,4.787491728502046,0.9999999970422927,0.9999999999999997
다른메뉴기다림,기본결제방식은,5,4.787491728502046,0.9999999970422927,0.9999999999999997
다른메뉴기다림,첫째,5,4.787491728502046,0.9999999970422927,0.9999999999999997
다른메뉴기다림,보온4시간뒤처리샐러드는,5,4.787491728502046,0.9999999970422927,0.9999999999999997
다른메뉴기다림,아닙니다각각,5,4.787491728502046,0.9999999970422927,0.9999999999999997
다른메뉴기다림,서비스3명,5,4.787491728502046,0.9999999970422927,0.9999999999999997
다른메뉴기다림,가능합니다샐러드는,5,4.787491728502046,0.9999999970422927,0.9999999999999997
다른메뉴기다림,금요일에,5,4.787491728502046,0.9999999970422927,0.9999999999999997
다른메뉴기다림,질문이나,5,4.787491728502046,0.9999999970422927,0.9999999999999997
다른메뉴기다림,전용,5,4.787491728502046,0.9999999970422927,0.9999999999999997
7001700매일,갱신중,5,4.787491728502046,0.9999999970422927,0.9999999999999997
7001700매일,기본결제방식은,5,4.787491728502046,0.9999999970422927,0.9999999999999997
7001700매일,첫째,5,4.787491728502046,0.9999999970422927,0.9999999999999997
빠네디까사1배달의민족,여주사랑카드샌드위치,5,4.787491728502046,0.9999999970422927,0.9999999999999997
금요일에,서비스3명,5,4.787491728502046,0.9999999970422927,0.9999999999999997
금요일에,가능합니다샐러드는,5,4.787491728502046,0.9999999970422927,0.9999999999999997
질문이나,갱신중,5,4.787491728502046,0.9999999970422927,0.9999999999999997
질문이나,기본결제방식은,5,4.787491728502046,0.9999999970422927,0.9999999999999997
질문이나,첫째,5,4.787491728502046,0.9999999970422927,0.9999999999999997
서비스3명,갱신중,5,4.787491728502046,0.9999999970422927,0.9999999999999997
보온4시간뒤처리샐러드는,첫째,5,4.787491728502046,0.9999999970422927,0.9999999999999997
아닙니다각각,갱신중,5,4.787491728502046,0.9999999970422927,0.9999999999999997
아닙니다각각,기본결제방식은,5,4.787491728502046,0.9999999970422927,0.9999999999999997
아닙니다각각,첫째,5,4.787491728502046,0.9999999970422927,0.9999999999999997
아닙니다각각,보온4시간뒤처리샐러드는,5,4.787491728502046,0.9999999970422927,0.9999999999999997
금요일에,아닙니다각각,5,4.787491728502046,0.9999999970422927,0.9999999999999997
질문이나,보온4시간뒤처리샐러드는,5,4.787491728502046,0.9999999970422927,0.9999999999999997
보온4시간뒤처리샐러드는,갱신중,5,4.787491728502046,0.9999999970422927,0.9999999999999997
점심메뉴입니다,석식메뉴도,5,4.787491728502046,0.9999999970422927,0.9999999999999997
순천,마카롱맛집,11,3.9120230027554186,0.9782419025973984,0.9566140060319535
순천,많이달지않은마카롱,11,3.9120230027554186,0.9782419025973984,0.9566140060319535
순천,마카롱,11,3.9120230027554186,0.9782419025973984,0.9566140060319535
순천,핸드메이드,11,3.9120230027554186,0.9782419025973984,0.9566140060319535
순천,곡성뚝방마켓,11,3.9120230027554186,0.9782419025973984,0.9566140060319535
순천,곡성,11,3.9120230027554186,0.9782419025973984,0.9566140060319535
광주,마카롱맛집,11,3.9120230027554186,0.9782419025973984,0.9566140060319535
광주,많이달지않은마카롱,11,3.9120230027554186,0.9782419025973984,0.9566140060319535
광주,마카롱,11,3.9120230027554186,0.9782419025973984,0.9566140060319535
광주,핸드메이드,11,3.9120230027554186,0.9782419025973984,0.9566140060319535
광주,곡성뚝방마켓,11,3.9120230027554186,0.9782419025973984,0.9566140060319535
광주,곡성,11,3.9120230027554186,0.9782419025973984,0.9566140060319535
핸드메이드,쫀득한마카롱좋은재료와정성은진리다,10,3.9990343792050482,0.9767215041357629,0.9526542274307096
곡성뚝방마켓,쫀득한마카롱좋은재료와정성은진리다,10,3.9990343792050482,0.9767215041357629,0.9526542274307096
곡성,쫀득한마카롱좋은재료와정성은진리다,10,3.9990343792050482,0.9767215041357629,0.9526542274307096
마카롱맛집,쫀득한마카롱좋은재료와정성은진리다,10,3.9990343792050482,0.9767215041357629,0.9526542274307096
많이달지않은마카롱,쫀득한마카롱좋은재료와정성은진리다,10,3.9990343792050482,0.9767215041357629,0.9526542274307096
마카롱,쫀득한마카롱좋은재료와정성은진리다,10,3.9990343792050482,0.9767215041357629,0.9526542274307096
행사간식,예산에,7,4.317488107193453,0.9699998171880824,0.9346253002884586
1T,108호샐러드,7,4.317488107193453,0.9699998171880824,0.9346253002884586
예산에,여주사랑카드,6,4.451019497689405,0.966526603366134,0.9250404616555187
구성도,여주사랑카드,6,4.451019497689405,0.966526603366134,0.9250404616555187
구성도,지드림카드,6,4.451019497689405,0.966526603366134,0.9250404616555187
예산에,지드림카드,6,4.451019497689405,0.966526603366134,0.9250404616555187
구성도,문의환영,6,4.451019497689405,0.966526603366134,0.9250404616555187
구성도,체육대회간식,6,4.451019497689405,0.966526603366134,0.9250404616555187
구성도,학교간식,6,4.451019497689405,0.966526603366134,0.9250404616555187
예산에,3800원부터,6,4.451019497689405,0.966526603366134,0.9250404616555187
구성도,학원간식,6,4.451019497689405,0.966526603366134,0.9250404616555187
구성도,3800원부터,6,4.451019497689405,0.966526603366134,0.9250404616555187
구성도,교회간식,6,4.451019497689405,0.966526603366134,0.9250404616555187
구성도,여주시,6,4.451019497689405,0.966526603366134,0.9250404616555187
구성도,맞춰일정에,6,4.451019497689405,0.966526603366134,0.9250404616555187
구성도,G드림카드,6,4.451019497689405,0.966526603366134,0.9250404616555187
구성도,구성변경,6,4.451019497689405,0.966526603366134,0.9250404616555187
예산에,G드림카드,6,4.451019497689405,0.966526603366134,0.9250404616555187
예산에,구성변경,6,4.451019497689405,0.966526603366134,0.9250404616555187
구성도,여주점경기,6,4.451019497689405,0.966526603366134,0.9250404616555187
구성도,단체간식,6,4.451019497689405,0.966526603366134,0.9250404616555187
구성도,맞춰원하시는,6,4.451019497689405,0.966526603366134,0.9250404616555187
구성도,0318810107구성,6,4.451019497689405,0.966526603366134,0.9250404616555187
구성도,해드립니다,6,4.451019497689405,0.966526603366134,0.9250404616555187
구성도,있습니다단체주문,6,4.451019497689405,0.966526603366134,0.9250404616555187
구성도,가능합니다문의주세요,6,4.451019497689405,0.966526603366134,0.9250404616555187
구성도,여주행사간식,6,4.451019497689405,0.966526603366134,0.9250404616555187
구성도,세종로,6,4.451019497689405,0.966526603366134,0.9250404616555187
구성도,0318810107죠샌드위치,6,4.451019497689405,0.966526603366134,0.9250404616555187
구성도,죠샌드위치샐러드여주점,6,4.451019497689405,0.966526603366134,0.9250404616555187
구성도,여주맛집,6,4.451019497689405,0.966526603366134,0.9250404616555187
lunch,수거,6,4.451019497689405,0.966526603366134,0.9250404616555187
lunch,주문을,6,4.451019497689405,0.966526603366134,0.9250404616555187
lunch,instafood,6,4.451019497689405,0.966526603366134,0.9250404616555187
lunch,맛집오늘뭐먹지,6,4.451019497689405,0.966526603366134,0.9250404616555187
lunch,또먹고싶다,6,4.451019497689405,0.966526603366134,0.9250404616555187
최소주문,구성변경,6,4.451019497689405,0.966526603366134,0.9250404616555187
최소주문,여주점경기,6,4.451019497689405,0.966526603366134,0.9250404616555187
최소주문,세종로,6,4.451019497689405,0.966526603366134,0.9250404616555187
예산에,구성해서,6,4.451019497689405,0.966526603366134,0.9250404616555187
예산에,여주점경기,6,4.451019497689405,0.966526603366134,0.9250404616555187
lunch,푸디스퀘어,6,4.451019497689405,0.966526603366134,0.9250404616555187
lunch,불가합니다연락처,6,4.451019497689405,0.966526603366134,0.9250404616555187
lunch,안녕하세요배달,6,4.451019497689405,0.966526603366134,0.9250404616555187
lunch,당일주문이,6,4.451019497689405,0.966526603366134,0.9250404616555187
lunch,월금,6,4.451019497689405,0.966526603366134,0.9250404616555187
lunch,01096763990전화문의,6,4.451019497689405,0.966526603366134,0.9250404616555187
lunch,샐러드salad,6,4.451019497689405,0.966526603366134,0.9250404616555187
lunch,문의사항은,6,4.451019497689405,0.966526603366134,0.9250404616555187
최소주문,0318810107죠샌드위치,6,4.451019497689405,0.966526603366134,0.9250404616555187
최소주문,죠샌드위치샐러드여주점,6,4.451019497689405,0.966526603366134,0.9250404616555187
최소주문,여주맛집,6,4.451019497689405,0.966526603366134,0.9250404616555187
최소주문,여주사랑카드,6,4.451019497689405,0.966526603366134,0.9250404616555187
최소주문,지드림카드,6,4.451019497689405,0.966526603366134,0.9250404616555187
lunch,foodfoodfic,6,4.451019497689405,0.966526603366134,0.9250404616555187
최소주문,문의환영,6,4.451019497689405,0.966526603366134,0.9250404616555187
최소주문,체육대회간식,6,4.451019497689405,0.966526603366134,0.9250404616555187
최소주문,학교간식,6,4.451019497689405,0.966526603366134,0.9250404616555187
최소주문,구성해서,6,4.451019497689405,0.966526603366134,0.9250404616555187
최소주문,학원간식,6,4.451019497689405,0.966526603366134,0.9250404616555187
최소주문,3800원부터,6,4.451019497689405,0.966526603366134,0.9250404616555187
최소주문,교회간식,6,4.451019497689405,0.966526603366134,0.9250404616555187
최소주문,여주시,6,4.451019497689405,0.966526603366134,0.9250404616555187
최소주문,맞춰일정에,6,4.451019497689405,0.966526603366134,0.9250404616555187
예산에,단체간식,6,4.451019497689405,0.966526603366134,0.9250404616555187
예산에,교회간식,6,4.451019497689405,0.966526603366134,0.9250404616555187
예산에,여주시,6,4.451019497689405,0.966526603366134,0.9250404616555187
예산에,맞춰일정에,6,4.451019497689405,0.966526603366134,0.9250404616555187
예산에,학원간식,6,4.451019497689405,0.966526603366134,0.9250404616555187
예산에,맞춰원하시는,6,4.451019497689405,0.966526603366134,0.9250404616555187
예산에,0318810107구성,6,4.451019497689405,0.966526603366134,0.9250404616555187
예산에,해드립니다,6,4.451019497689405,0.966526603366134,0.9250404616555187
예산에,있습니다단체주문,6,4.451019497689405,0.966526603366134,0.9250404616555187
예산에,가능합니다문의주세요,6,4.451019497689405,0.966526603366134,0.9250404616555187
예산에,여주행사간식,6,4.451019497689405,0.966526603366134,0.9250404616555187
예산에,세종로,6,4.451019497689405,0.966526603366134,0.9250404616555187
예산에,0318810107죠샌드위치,6,4.451019497689405,0.966526603366134,0.9250404616555187
최소주문,G드림카드,6,4.451019497689405,0.966526603366134,0.9250404616555187
최소주문,단체간식,6,4.451019497689405,0.966526603366134,0.9250404616555187
최소주문,맞춰원하시는,6,4.451019497689405,0.966526603366134,0.9250404616555187
최소주문,0318810107구성,6,4.451019497689405,0.966526603366134,0.9250404616555187
최소주문,해드립니다,6,4.451019497689405,0.966526603366134,0.9250404616555187
최소주문,있습니다단체주문,6,4.451019497689405,0.966526603366134,0.9250404616555187
최소주문,가능합니다문의주세요,6,4.451019497689405,0.966526603366134,0.9250404616555187
최소주문,여주행사간식,6,4.451019497689405,0.966526603366134,0.9250404616555187
예산에,죠샌드위치샐러드여주점,6,4.451019497689405,0.966526603366134,0.9250404616555187
예산에,여주맛집,6,4.451019497689405,0.966526603366134,0.9250404616555187
예산에,문의환영,6,4.451019497689405,0.966526603366134,0.9250404616555187
예산에,체육대회간식,6,4.451019497689405,0.966526603366134,0.9250404616555187
예산에,학교간식,6,4.451019497689405,0.966526603366134,0.9250404616555187
구성도,구성해서,6,4.451019497689405,0.966526603366134,0.9250404616555187
G드림카드,빠네디까사1배달의민족,5,4.605170174108092,0.9619171001530384,0.9121034881575902
안녕하세요배달,금요일에,5,4.605170174108092,0.9619171001530384,0.9121034881575902
불가합니다연락처,7001700매일,5,4.605170174108092,0.9619171001530384,0.9121034881575902
학원간식,빠네디까사1배달의민족,5,4.605170174108092,0.9619171001530384,0.9121034881575902
문의환영,여주사랑카드샌드위치,5,4.605170174108092,0.9619171001530384,0.9121034881575902
맞춰일정에,빠네디까사1배달의민족,5,4.605170174108092,0.9619171001530384,0.9121034881575902
3800원부터,여주사랑카드샌드위치,5,4.605170174108092,0.9619171001530384,0.9121034881575902
불가합니다연락처,전문업체,5,4.605170174108092,0.9619171001530384,0.9121034881575902
불가합니다연락처,선택하는,5,4.605170174108092,0.9619171001530384,0.9121034881575902
불가합니다연락처,결제를,5,4.605170174108092,0.9619171001530384,0.9121034881575902
불가합니다연락처,배송탁월한,5,4.605170174108092,0.9619171001530384,0.9121034881575902
불가합니다연락처,진행도시락,5,4.605170174108092,0.9619171001530384,0.9121034881575902
불가합니다연락처,연락주세요오늘도,5,4.605170174108092,0.9619171001530384,0.9121034881575902
불가합니다연락처,이상의,5,4.605170174108092,0.9619171001530384,0.9121034881575902
불가합니다연락처,세트가,5,4.605170174108092,0.9619171001530384,0.9121034881575902
불가합니다연락처,결제후불결제를,5,4.605170174108092,0.9619171001530384,0.9121034881575902
단체간식,여주사랑카드샌드위치,5,4.605170174108092,0.9619171001530384,0.9121034881575902
단체간식,12000원지역화폐,5,4.605170174108092,0.9619171001530384,0.9121034881575902
구성변경,여주사랑카드샌드위치,5,4.605170174108092,0.9619171001530384,0.9121034881575902
구성변경,12000원지역화폐,5,4.605170174108092,0.9619171001530384,0.9121034881575902
구성변경,빠네디까사1배달의민족,5,4.605170174108092,0.9619171001530384,0.9121034881575902
instafood,결제후불결제를,5,4.605170174108092,0.9619171001530384,0.9121034881575902
instafood,보온도시락샐러드,5,4.605170174108092,0.9619171001530384,0.9121034881575902
instafood,매월,5,4.605170174108092,0.9619171001530384,0.9121034881575902
instafood,인원부터,5,4.605170174108092,0.9619171001530384,0.9121034881575902
instafood,메뉴푸디스퀘어를,5,4.605170174108092,0.9619171001530384,0.9121034881575902
instafood,기본으로하며,5,4.605170174108092,0.9619171001530384,0.9121034881575902
instafood,지원되지않습니다사용,5,4.605170174108092,0.9619171001530384,0.9121034881575902
죠샌드위치샐러드여주점,여주사랑카드샌드위치,5,4.605170174108092,0.9619171001530384,0.9121034881575902
죠샌드위치샐러드여주점,12000원지역화폐,5,4.605170174108092,0.9619171001530384,0.9121034881575902
죠샌드위치샐러드여주점,빠네디까사1배달의민족,5,4.605170174108092,0.9619171001530384,0.9121034881575902
주문을,세트가,5,4.605170174108092,0.9619171001530384,0.9121034881575902
구성해서,빠네디까사1배달의민족,5,4.605170174108092,0.9619171001530384,0.9121034881575902
학원간식,여주사랑카드샌드위치,5,4.605170174108092,0.9619171001530384,0.9121034881575902
학원간식,12000원지역화폐,5,4.605170174108092,0.9619171001530384,0.9121034881575902
푸디스퀘어,메뉴푸디스퀘어를,5,4.605170174108092,0.9619171001530384,0.9121034881575902
푸디스퀘어,기본으로하며,5,4.605170174108092,0.9619171001530384,0.9121034881575902
푸디스퀘어,지원되지않습니다사용,5,4.605170174108092,0.9619171001530384,0.9121034881575902
푸디스퀘어,인스타그램에서,5,4.605170174108092,0.9619171001530384,0.9121034881575902
불가합니다연락처,기본으로하며,5,4.605170174108092,0.9619171001530384,0.9121034881575902
불가합니다연락처,지원되지않습니다사용,5,4.605170174108092,0.9619171001530384,0.9121034881575902
불가합니다연락처,인스타그램에서,5,4.605170174108092,0.9619171001530384,0.9121034881575902
안녕하세요배달,갱신중,5,4.605170174108092,0.9619171001530384,0.9121034881575902
안녕하세요배달,기본결제방식은,5,4.605170174108092,0.9619171001530384,0.9121034881575902
안녕하세요배달,첫째,5,4.605170174108092,0.9619171001530384,0.9121034881575902
안녕하세요배달,보온4시간뒤처리샐러드는,5,4.605170174108092,0.9619171001530384,0.9121034881575902
안녕하세요배달,아닙니다각각,5,4.605170174108092,0.9619171001530384,0.9121034881575902
안녕하세요배달,서비스3명,5,4.605170174108092,0.9619171001530384,0.9121034881575902
불가합니다연락처,보내십시오맛스타,5,4.605170174108092,0.9619171001530384,0.9121034881575902
불가합니다연락처,이유매일,5,4.605170174108092,0.9619171001530384,0.9121034881575902
불가합니다연락처,설명서기업,5,4.605170174108092,0.9619171001530384,0.9121034881575902
안녕하세요배달,도시락샐러드,5,4.605170174108092,0.9619171001530384,0.9121034881575902
안녕하세요배달,보내십시오맛스타,5,4.605170174108092,0.9619171001530384,0.9121034881575902
안녕하세요배달,이유매일,5,4.605170174108092,0.9619171001530384,0.9121034881575902
안녕하세요배달,설명서기업,5,4.605170174108092,0.9619171001530384,0.9121034881575902
안녕하세요배달,전문업체,5,4.605170174108092,0.9619171001530384,0.9121034881575902
안녕하세요배달,선택하는,5,4.605170174108092,0.9619171001530384,0.9121034881575902
안녕하세요배달,결제를,5,4.605170174108092,0.9619171001530384,0.9121034881575902
안녕하세요배달,배송탁월한,5,4.605170174108092,0.9619171001530384,0.9121034881575902
안녕하세요배달,진행도시락,5,4.605170174108092,0.9619171001530384,0.9121034881575902
안녕하세요배달,연락주세요오늘도,5,4.605170174108092,0.9619171001530384,0.9121034881575902
안녕하세요배달,이상의,5,4.605170174108092,0.9619171001530384,0.9121034881575902
안녕하세요배달,세트가,5,4.605170174108092,0.9619171001530384,0.9121034881575902
구성해서,12000원지역화폐,5,4.605170174108092,0.9619171001530384,0.9121034881575902
푸디스퀘어,결제후불결제를,5,4.605170174108092,0.9619171001530384,0.9121034881575902
안녕하세요배달,인스타그램에서,5,4.605170174108092,0.9619171001530384,0.9121034881575902
당일주문이,갱신중,5,4.605170174108092,0.9619171001530384,0.9121034881575902
당일주문이,기본결제방식은,5,4.605170174108092,0.9619171001530384,0.9121034881575902
당일주문이,첫째,5,4.605170174108092,0.9619171001530384,0.9121034881575902
당일주문이,보온4시간뒤처리샐러드는,5,4.605170174108092,0.9619171001530384,0.9121034881575902
연락처,34회,5,4.605170174108092,0.9619171001530384,0.9121034881575902
3800원부터,12000원지역화폐,5,4.605170174108092,0.9619171001530384,0.9121034881575902
3800원부터,빠네디까사1배달의민족,5,4.605170174108092,0.9619171001530384,0.9121034881575902
교회간식,여주사랑카드샌드위치,5,4.605170174108092,0.9619171001530384,0.9121034881575902
교회간식,12000원지역화폐,5,4.605170174108092,0.9619171001530384,0.9121034881575902
교회간식,빠네디까사1배달의민족,5,4.605170174108092,0.9619171001530384,0.9121034881575902
여주점경기,여주사랑카드샌드위치,5,4.605170174108092,0.9619171001530384,0.9121034881575902
여주점경기,12000원지역화폐,5,4.605170174108092,0.9619171001530384,0.9121034881575902
여주점경기,빠네디까사1배달의민족,5,4.605170174108092,0.9619171001530384,0.9121034881575902
불가합니다연락처,도시락샐러드,5,4.605170174108092,0.9619171001530384,0.9121034881575902
불가합니다연락처,금요일에,5,4.605170174108092,0.9619171001530384,0.9121034881575902
불가합니다연락처,질문이나,5,4.605170174108092,0.9619171001530384,0.9121034881575902
불가합니다연락처,전용,5,4.605170174108092,0.9619171001530384,0.9121034881575902
불가합니다연락처,다른메뉴기다림,5,4.605170174108092,0.9619171001530384,0.9121034881575902
푸디스퀘어,보내십시오맛스타,5,4.605170174108092,0.9619171001530384,0.9121034881575902
연락처,이용가능주,5,4.605170174108092,0.9619171001530384,0.9121034881575902
불가합니다연락처,인원부터,5,4.605170174108092,0.9619171001530384,0.9121034881575902
불가합니다연락처,34회,5,4.605170174108092,0.9619171001530384,0.9121034881575902
불가합니다연락처,이용가능주,5,4.605170174108092,0.9619171001530384,0.9121034881575902
불가합니다연락처,메뉴푸디스퀘어를,5,4.605170174108092,0.9619171001530384,0.9121034881575902
푸디스퀘어,결제를,5,4.605170174108092,0.9619171001530384,0.9121034881575902
푸디스퀘어,배송탁월한,5,4.605170174108092,0.9619171001530384,0.9121034881575902
푸디스퀘어,진행도시락,5,4.605170174108092,0.9619171001530384,0.9121034881575902
푸디스퀘어,연락주세요오늘도,5,4.605170174108092,0.9619171001530384,0.9121034881575902
푸디스퀘어,이상의,5,4.605170174108092,0.9619171001530384,0.9121034881575902
푸디스퀘어,세트가,5,4.605170174108092,0.9619171001530384,0.9121034881575902
또먹고싶다,세트가,5,4.605170174108092,0.9619171001530384,0.9121034881575902
연락처,기본으로하며,5,4.605170174108092,0.9619171001530384,0.9121034881575902
월금,매월,5,4.605170174108092,0.9619171001530384,0.9121034881575902
연락처,지원되지않습니다사용,5,4.605170174108092,0.9619171001530384,0.9121034881575902
연락처,인스타그램에서,5,4.605170174108092,0.9619171001530384,0.9121034881575902
안녕하세요배달,질문이나,5,4.605170174108092,0.9619171001530384,0.9121034881575902
안녕하세요배달,전용,5,4.605170174108092,0.9619171001530384,0.9121034881575902
안녕하세요배달,다른메뉴기다림,5,4.605170174108092,0.9619171001530384,0.9121034881575902
안녕하세요배달,7001700매일,5,4.605170174108092,0.9619171001530384,0.9121034881575902
안녕하세요배달,매월,5,4.605170174108092,0.9619171001530384,0.9121034881575902
안녕하세요배달,인원부터,5,4.605170174108092,0.9619171001530384,0.9121034881575902
안녕하세요배달,34회,5,4.605170174108092,0.9619171001530384,0.9121034881575902
안녕하세요배달,이용가능주,5,4.605170174108092,0.9619171001530384,0.9121034881575902
안녕하세요배달,메뉴푸디스퀘어를,5,4.605170174108092,0.9619171001530384,0.9121034881575902
안녕하세요배달,기본으로하며,5,4.605170174108092,0.9619171001530384,0.9121034881575902
안녕하세요배달,지원되지않습니다사용,5,4.605170174108092,0.9619171001530384,0.9121034881575902
당일주문이,7001700매일,5,4.605170174108092,0.9619171001530384,0.9121034881575902
당일주문이,도시락샐러드,5,4.605170174108092,0.9619171001530384,0.9121034881575902
당일주문이,보내십시오맛스타,5,4.605170174108092,0.9619171001530384,0.9121034881575902
당일주문이,이유매일,5,4.605170174108092,0.9619171001530384,0.9121034881575902
당일주문이,설명서기업,5,4.605170174108092,0.9619171001530384,0.9121034881575902
당일주문이,전문업체,5,4.605170174108092,0.9619171001530384,0.9121034881575902
당일주문이,선택하는,5,4.605170174108092,0.9619171001530384,0.9121034881575902
연락처,서비스3명,5,4.605170174108092,0.9619171001530384,0.9121034881575902
연락처,가능합니다샐러드는,5,4.605170174108092,0.9619171001530384,0.9121034881575902
연락처,금요일에,5,4.605170174108092,0.9619171001530384,0.9121034881575902
연락처,질문이나,5,4.605170174108092,0.9619171001530384,0.9121034881575902
연락처,전용,5,4.605170174108092,0.9619171001530384,0.9121034881575902
연락처,다른메뉴기다림,5,4.605170174108092,0.9619171001530384,0.9121034881575902
연락처,7001700매일,5,4.605170174108092,0.9619171001530384,0.9121034881575902
연락처,도시락샐러드,5,4.605170174108092,0.9619171001530384,0.9121034881575902
연락처,보내십시오맛스타,5,4.605170174108092,0.9619171001530384,0.9121034881575902
당일주문이,보온도시락샐러드,5,4.605170174108092,0.9619171001530384,0.9121034881575902
당일주문이,매월,5,4.605170174108092,0.9619171001530384,0.9121034881575902
당일주문이,인원부터,5,4.605170174108092,0.9619171001530384,0.9121034881575902
당일주문이,34회,5,4.605170174108092,0.9619171001530384,0.9121034881575902
당일주문이,이용가능주,5,4.605170174108092,0.9619171001530384,0.9121034881575902
당일주문이,메뉴푸디스퀘어를,5,4.605170174108092,0.9619171001530384,0.9121034881575902
당일주문이,기본으로하며,5,4.605170174108092,0.9619171001530384,0.9121034881575902
푸디스퀘어,이유매일,5,4.605170174108092,0.9619171001530384,0.9121034881575902
푸디스퀘어,설명서기업,5,4.605170174108092,0.9619171001530384,0.9121034881575902
푸디스퀘어,전문업체,5,4.605170174108092,0.9619171001530384,0.9121034881575902
푸디스퀘어,선택하는,5,4.605170174108092,0.9619171001530384,0.9121034881575902
당일주문이,가능합니다샐러드는,5,4.605170174108092,0.9619171001530384,0.9121034881575902
당일주문이,금요일에,5,4.605170174108092,0.9619171001530384,0.9121034881575902
당일주문이,질문이나,5,4.605170174108092,0.9619171001530384,0.9121034881575902
당일주문이,전용,5,4.605170174108092,0.9619171001530384,0.9121034881575902
당일주문이,다른메뉴기다림,5,4.605170174108092,0.9619171001530384,0.9121034881575902
월금,아닙니다각각,5,4.605170174108092,0.9619171001530384,0.9121034881575902
월금,서비스3명,5,4.605170174108092,0.9619171001530384,0.9121034881575902
월금,가능합니다샐러드는,5,4.605170174108092,0.9619171001530384,0.9121034881575902
월금,금요일에,5,4.605170174108092,0.9619171001530384,0.9121034881575902
월금,질문이나,5,4.605170174108092,0.9619171001530384,0.9121034881575902
월금,전용,5,4.605170174108092,0.9619171001530384,0.9121034881575902
월금,다른메뉴기다림,5,4.605170174108092,0.9619171001530384,0.9121034881575902
당일주문이,결제를,5,4.605170174108092,0.9619171001530384,0.9121034881575902
당일주문이,배송탁월한,5,4.605170174108092,0.9619171001530384,0.9121034881575902
안녕하세요배달,결제후불결제를,5,4.605170174108092,0.9619171001530384,0.9121034881575902
안녕하세요배달,보온도시락샐러드,5,4.605170174108092,0.9619171001530384,0.9121034881575902
당일주문이,진행도시락,5,4.605170174108092,0.9619171001530384,0.9121034881575902
당일주문이,연락주세요오늘도,5,4.605170174108092,0.9619171001530384,0.9121034881575902
당일주문이,이상의,5,4.605170174108092,0.9619171001530384,0.9121034881575902
당일주문이,세트가,5,4.605170174108092,0.9619171001530384,0.9121034881575902
당일주문이,결제후불결제를,5,4.605170174108092,0.9619171001530384,0.9121034881575902
월금,진행도시락,5,4.605170174108092,0.9619171001530384,0.9121034881575902
월금,연락주세요오늘도,5,4.605170174108092,0.9619171001530384,0.9121034881575902
월금,이상의,5,4.605170174108092,0.9619171001530384,0.9121034881575902
월금,세트가,5,4.605170174108092,0.9619171001530384,0.9121034881575902
월금,결제후불결제를,5,4.605170174108092,0.9619171001530384,0.9121034881575902
월금,보온도시락샐러드,5,4.605170174108092,0.9619171001530384,0.9121034881575902
또먹고싶다,질문이나,5,4.605170174108092,0.9619171001530384,0.9121034881575902
당일주문이,지원되지않습니다사용,5,4.605170174108092,0.9619171001530384,0.9121034881575902
당일주문이,인스타그램에서,5,4.605170174108092,0.9619171001530384,0.9121034881575902
당일주문이,아닙니다각각,5,4.605170174108092,0.9619171001530384,0.9121034881575902
당일주문이,서비스3명,5,4.605170174108092,0.9619171001530384,0.9121034881575902
월금,메뉴푸디스퀘어를,5,4.605170174108092,0.9619171001530384,0.9121034881575902
월금,갱신중,5,4.605170174108092,0.9619171001530384,0.9121034881575902
월금,기본결제방식은,5,4.605170174108092,0.9619171001530384,0.9121034881575902
월금,첫째,5,4.605170174108092,0.9619171001530384,0.9121034881575902
월금,보온4시간뒤처리샐러드는,5,4.605170174108092,0.9619171001530384,0.9121034881575902
01096763990전화문의,갱신중,5,4.605170174108092,0.9619171001530384,0.9121034881575902
01096763990전화문의,기본결제방식은,5,4.605170174108092,0.9619171001530384,0.9121034881575902
01096763990전화문의,첫째,5,4.605170174108092,0.9619171001530384,0.9121034881575902
01096763990전화문의,보온4시간뒤처리샐러드는,5,4.605170174108092,0.9619171001530384,0.9121034881575902
연락처,설명서기업,5,4.605170174108092,0.9619171001530384,0.9121034881575902
연락처,전문업체,5,4.605170174108092,0.9619171001530384,0.9121034881575902
월금,7001700매일,5,4.605170174108092,0.9619171001530384,0.9121034881575902
월금,도시락샐러드,5,4.605170174108092,0.9619171001530384,0.9121034881575902
월금,보내십시오맛스타,5,4.605170174108092,0.9619171001530384,0.9121034881575902
월금,이유매일,5,4.605170174108092,0.9619171001530384,0.9121034881575902
01096763990전화문의,질문이나,5,4.605170174108092,0.9619171001530384,0.9121034881575902
월금,설명서기업,5,4.605170174108092,0.9619171001530384,0.9121034881575902
월금,전문업체,5,4.605170174108092,0.9619171001530384,0.9121034881575902
월금,선택하는,5,4.605170174108092,0.9619171001530384,0.9121034881575902
월금,결제를,5,4.605170174108092,0.9619171001530384,0.9121034881575902
월금,배송탁월한,5,4.605170174108092,0.9619171001530384,0.9121034881575902
연락처,선택하는,5,4.605170174108092,0.9619171001530384,0.9121034881575902
연락처,결제를,5,4.605170174108092,0.9619171001530384,0.9121034881575902
연락처,배송탁월한,5,4.605170174108092,0.9619171001530384,0.9121034881575902
연락처,진행도시락,5,4.605170174108092,0.9619171001530384,0.9121034881575902
연락처,갱신중,5,4.605170174108092,0.9619171001530384,0.9121034881575902
월금,인원부터,5,4.605170174108092,0.9619171001530384,0.9121034881575902
월금,34회,5,4.605170174108092,0.9619171001530384,0.9121034881575902
월금,이용가능주,5,4.605170174108092,0.9619171001530384,0.9121034881575902
01096763990전화문의,진행도시락,5,4.605170174108092,0.9619171001530384,0.9121034881575902
01096763990전화문의,연락주세요오늘도,5,4.605170174108092,0.9619171001530384,0.9121034881575902
01096763990전화문의,이상의,5,4.605170174108092,0.9619171001530384,0.9121034881575902
01096763990전화문의,세트가,5,4.605170174108092,0.9619171001530384,0.9121034881575902
01096763990전화문의,결제후불결제를,5,4.605170174108092,0.9619171001530384,0.9121034881575902
월금,기본으로하며,5,4.605170174108092,0.9619171001530384,0.9121034881575902
월금,지원되지않습니다사용,5,4.605170174108092,0.9619171001530384,0.9121034881575902
월금,인스타그램에서,5,4.605170174108092,0.9619171001530384,0.9121034881575902
01096763990전화문의,금요일에,5,4.605170174108092,0.9619171001530384,0.9121034881575902
01096763990전화문의,기본으로하며,5,4.605170174108092,0.9619171001530384,0.9121034881575902
01096763990전화문의,지원되지않습니다사용,5,4.605170174108092,0.9619171001530384,0.9121034881575902
01096763990전화문의,인스타그램에서,5,4.605170174108092,0.9619171001530384,0.9121034881575902
샐러드salad,갱신중,5,4.605170174108092,0.9619171001530384,0.9121034881575902
샐러드salad,기본결제방식은,5,4.605170174108092,0.9619171001530384,0.9121034881575902
01096763990전화문의,전용,5,4.605170174108092,0.9619171001530384,0.9121034881575902
01096763990전화문의,다른메뉴기다림,5,4.605170174108092,0.9619171001530384,0.9121034881575902
01096763990전화문의,7001700매일,5,4.605170174108092,0.9619171001530384,0.9121034881575902
01096763990전화문의,도시락샐러드,5,4.605170174108092,0.9619171001530384,0.9121034881575902
01096763990전화문의,보내십시오맛스타,5,4.605170174108092,0.9619171001530384,0.9121034881575902
01096763990전화문의,이유매일,5,4.605170174108092,0.9619171001530384,0.9121034881575902
01096763990전화문의,설명서기업,5,4.605170174108092,0.9619171001530384,0.9121034881575902
연락처,기본결제방식은,5,4.605170174108092,0.9619171001530384,0.9121034881575902
연락처,첫째,5,4.605170174108092,0.9619171001530384,0.9121034881575902
연락처,보온4시간뒤처리샐러드는,5,4.605170174108092,0.9619171001530384,0.9121034881575902
연락처,아닙니다각각,5,4.605170174108092,0.9619171001530384,0.9121034881575902
또먹고싶다,배송탁월한,5,4.605170174108092,0.9619171001530384,0.9121034881575902
또먹고싶다,진행도시락,5,4.605170174108092,0.9619171001530384,0.9121034881575902
또먹고싶다,연락주세요오늘도,5,4.605170174108092,0.9619171001530384,0.9121034881575902
또먹고싶다,이상의,5,4.605170174108092,0.9619171001530384,0.9121034881575902
또먹고싶다,결제후불결제를,5,4.605170174108092,0.9619171001530384,0.9121034881575902
또먹고싶다,보온도시락샐러드,5,4.605170174108092,0.9619171001530384,0.9121034881575902
또먹고싶다,매월,5,4.605170174108092,0.9619171001530384,0.9121034881575902
또먹고싶다,인원부터,5,4.605170174108092,0.9619171001530384,0.9121034881575902
또먹고싶다,34회,5,4.605170174108092,0.9619171001530384,0.9121034881575902
또먹고싶다,이용가능주,5,4.605170174108092,0.9619171001530384,0.9121034881575902
또먹고싶다,메뉴푸디스퀘어를,5,4.605170174108092,0.9619171001530384,0.9121034881575902
또먹고싶다,기본으로하며,5,4.605170174108092,0.9619171001530384,0.9121034881575902
01096763990전화문의,아닙니다각각,5,4.605170174108092,0.9619171001530384,0.9121034881575902
01096763990전화문의,서비스3명,5,4.605170174108092,0.9619171001530384,0.9121034881575902
01096763990전화문의,가능합니다샐러드는,5,4.605170174108092,0.9619171001530384,0.9121034881575902
또먹고싶다,지원되지않습니다사용,5,4.605170174108092,0.9619171001530384,0.9121034881575902
또먹고싶다,인스타그램에서,5,4.605170174108092,0.9619171001530384,0.9121034881575902
또먹고싶다,보온4시간뒤처리샐러드는,5,4.605170174108092,0.9619171001530384,0.9121034881575902
또먹고싶다,아닙니다각각,5,4.605170174108092,0.9619171001530384,0.9121034881575902
또먹고싶다,서비스3명,5,4.605170174108092,0.9619171001530384,0.9121034881575902
또먹고싶다,가능합니다샐러드는,5,4.605170174108092,0.9619171001530384,0.9121034881575902
또먹고싶다,금요일에,5,4.605170174108092,0.9619171001530384,0.9121034881575902
맛집오늘뭐먹지,결제를,5,4.605170174108092,0.9619171001530384,0.9121034881575902
맛집오늘뭐먹지,배송탁월한,5,4.605170174108092,0.9619171001530384,0.9121034881575902
맛집오늘뭐먹지,진행도시락,5,4.605170174108092,0.9619171001530384,0.9121034881575902
맛집오늘뭐먹지,연락주세요오늘도,5,4.605170174108092,0.9619171001530384,0.9121034881575902
맛집오늘뭐먹지,이상의,5,4.605170174108092,0.9619171001530384,0.9121034881575902
맛집오늘뭐먹지,세트가,5,4.605170174108092,0.9619171001530384,0.9121034881575902
맛집오늘뭐먹지,결제후불결제를,5,4.605170174108092,0.9619171001530384,0.9121034881575902
또먹고싶다,전용,5,4.605170174108092,0.9619171001530384,0.9121034881575902
또먹고싶다,다른메뉴기다림,5,4.605170174108092,0.9619171001530384,0.9121034881575902
샐러드salad,7001700매일,5,4.605170174108092,0.9619171001530384,0.9121034881575902
샐러드salad,도시락샐러드,5,4.605170174108092,0.9619171001530384,0.9121034881575902
샐러드salad,보내십시오맛스타,5,4.605170174108092,0.9619171001530384,0.9121034881575902
샐러드salad,이유매일,5,4.605170174108092,0.9619171001530384,0.9121034881575902
샐러드salad,설명서기업,5,4.605170174108092,0.9619171001530384,0.9121034881575902
샐러드salad,전문업체,5,4.605170174108092,0.9619171001530384,0.9121034881575902
샐러드salad,선택하는,5,4.605170174108092,0.9619171001530384,0.9121034881575902
01096763990전화문의,보온도시락샐러드,5,4.605170174108092,0.9619171001530384,0.9121034881575902
01096763990전화문의,매월,5,4.605170174108092,0.9619171001530384,0.9121034881575902
또먹고싶다,7001700매일,5,4.605170174108092,0.9619171001530384,0.9121034881575902
또먹고싶다,도시락샐러드,5,4.605170174108092,0.9619171001530384,0.9121034881575902
또먹고싶다,보내십시오맛스타,5,4.605170174108092,0.9619171001530384,0.9121034881575902
또먹고싶다,이유매일,5,4.605170174108092,0.9619171001530384,0.9121034881575902
또먹고싶다,설명서기업,5,4.605170174108092,0.9619171001530384,0.9121034881575902
또먹고싶다,전문업체,5,4.605170174108092,0.9619171001530384,0.9121034881575902
또먹고싶다,선택하는,5,4.605170174108092,0.9619171001530384,0.9121034881575902
샐러드salad,이용가능주,5,4.605170174108092,0.9619171001530384,0.9121034881575902
샐러드salad,메뉴푸디스퀘어를,5,4.605170174108092,0.9619171001530384,0.9121034881575902
샐러드salad,기본으로하며,5,4.605170174108092,0.9619171001530384,0.9121034881575902
샐러드salad,지원되지않습니다사용,5,4.605170174108092,0.9619171001530384,0.9121034881575902
샐러드salad,인스타그램에서,5,4.605170174108092,0.9619171001530384,0.9121034881575902
샐러드salad,첫째,5,4.605170174108092,0.9619171001530384,0.9121034881575902
샐러드salad,보온4시간뒤처리샐러드는,5,4.605170174108092,0.9619171001530384,0.9121034881575902
맛집오늘뭐먹지,갱신중,5,4.605170174108092,0.9619171001530384,0.9121034881575902
맛집오늘뭐먹지,기본결제방식은,5,4.605170174108092,0.9619171001530384,0.9121034881575902
01096763990전화문의,전문업체,5,4.605170174108092,0.9619171001530384,0.9121034881575902
01096763990전화문의,선택하는,5,4.605170174108092,0.9619171001530384,0.9121034881575902
01096763990전화문의,결제를,5,4.605170174108092,0.9619171001530384,0.9121034881575902
01096763990전화문의,배송탁월한,5,4.605170174108092,0.9619171001530384,0.9121034881575902
샐러드salad,질문이나,5,4.605170174108092,0.9619171001530384,0.9121034881575902
샐러드salad,전용,5,4.605170174108092,0.9619171001530384,0.9121034881575902
샐러드salad,다른메뉴기다림,5,4.605170174108092,0.9619171001530384,0.9121034881575902
맛집오늘뭐먹지,첫째,5,4.605170174108092,0.9619171001530384,0.9121034881575902
맛집오늘뭐먹지,보온4시간뒤처리샐러드는,5,4.605170174108092,0.9619171001530384,0.9121034881575902
맛집오늘뭐먹지,아닙니다각각,5,4.605170174108092,0.9619171001530384,0.9121034881575902
맛집오늘뭐먹지,서비스3명,5,4.605170174108092,0.9619171001530384,0.9121034881575902
맛집오늘뭐먹지,가능합니다샐러드는,5,4.605170174108092,0.9619171001530384,0.9121034881575902
맛집오늘뭐먹지,금요일에,5,4.605170174108092,0.9619171001530384,0.9121034881575902
맛집오늘뭐먹지,질문이나,5,4.605170174108092,0.9619171001530384,0.9121034881575902
01096763990전화문의,인원부터,5,4.605170174108092,0.9619171001530384,0.9121034881575902
01096763990전화문의,34회,5,4.605170174108092,0.9619171001530384,0.9121034881575902
01096763990전화문의,이용가능주,5,4.605170174108092,0.9619171001530384,0.9121034881575902
01096763990전화문의,메뉴푸디스퀘어를,5,4.605170174108092,0.9619171001530384,0.9121034881575902
샐러드salad,결제후불결제를,5,4.605170174108092,0.9619171001530384,0.9121034881575902
샐러드salad,보온도시락샐러드,5,4.605170174108092,0.9619171001530384,0.9121034881575902
샐러드salad,매월,5,4.605170174108092,0.9619171001530384,0.9121034881575902
샐러드salad,인원부터,5,4.605170174108092,0.9619171001530384,0.9121034881575902
샐러드salad,34회,5,4.605170174108092,0.9619171001530384,0.9121034881575902
맛집오늘뭐먹지,지원되지않습니다사용,5,4.605170174108092,0.9619171001530384,0.9121034881575902
맛집오늘뭐먹지,인스타그램에서,5,4.605170174108092,0.9619171001530384,0.9121034881575902
또먹고싶다,갱신중,5,4.605170174108092,0.9619171001530384,0.9121034881575902
또먹고싶다,기본결제방식은,5,4.605170174108092,0.9619171001530384,0.9121034881575902
또먹고싶다,첫째,5,4.605170174108092,0.9619171001530384,0.9121034881575902
맛집오늘뭐먹지,전문업체,5,4.605170174108092,0.9619171001530384,0.9121034881575902
맛집오늘뭐먹지,선택하는,5,4.605170174108092,0.9619171001530384,0.9121034881575902
맛집오늘뭐먹지,전용,5,4.605170174108092,0.9619171001530384,0.9121034881575902
맛집오늘뭐먹지,다른메뉴기다림,5,4.605170174108092,0.9619171001530384,0.9121034881575902
맛집오늘뭐먹지,7001700매일,5,4.605170174108092,0.9619171001530384,0.9121034881575902
맛집오늘뭐먹지,도시락샐러드,5,4.605170174108092,0.9619171001530384,0.9121034881575902
맛집오늘뭐먹지,보내십시오맛스타,5,4.605170174108092,0.9619171001530384,0.9121034881575902
맛집오늘뭐먹지,이유매일,5,4.605170174108092,0.9619171001530384,0.9121034881575902
맛집오늘뭐먹지,설명서기업,5,4.605170174108092,0.9619171001530384,0.9121034881575902
instafood,34회,5,4.605170174108092,0.9619171001530384,0.9121034881575902
instafood,이용가능주,5,4.605170174108092,0.9619171001530384,0.9121034881575902
샐러드salad,가능합니다샐러드는,5,4.605170174108092,0.9619171001530384,0.9121034881575902
샐러드salad,금요일에,5,4.605170174108092,0.9619171001530384,0.9121034881575902
푸디스퀘어,서비스3명,5,4.605170174108092,0.9619171001530384,0.9121034881575902
푸디스퀘어,가능합니다샐러드는,5,4.605170174108092,0.9619171001530384,0.9121034881575902
푸디스퀘어,금요일에,5,4.605170174108092,0.9619171001530384,0.9121034881575902
푸디스퀘어,질문이나,5,4.605170174108092,0.9619171001530384,0.9121034881575902
푸디스퀘어,전용,5,4.605170174108092,0.9619171001530384,0.9121034881575902
푸디스퀘어,다른메뉴기다림,5,4.605170174108092,0.9619171001530384,0.9121034881575902
푸디스퀘어,7001700매일,5,4.605170174108092,0.9619171001530384,0.9121034881575902
문의사항은,금요일에,5,4.605170174108092,0.9619171001530384,0.9121034881575902
문의사항은,질문이나,5,4.605170174108092,0.9619171001530384,0.9121034881575902
문의사항은,전용,5,4.605170174108092,0.9619171001530384,0.9121034881575902
샐러드salad,결제를,5,4.605170174108092,0.9619171001530384,0.9121034881575902
샐러드salad,배송탁월한,5,4.605170174108092,0.9619171001530384,0.9121034881575902
맛집오늘뭐먹지,보온도시락샐러드,5,4.605170174108092,0.9619171001530384,0.9121034881575902
맛집오늘뭐먹지,매월,5,4.605170174108092,0.9619171001530384,0.9121034881575902
문의사항은,서비스3명,5,4.605170174108092,0.9619171001530384,0.9121034881575902
문의사항은,가능합니다샐러드는,5,4.605170174108092,0.9619171001530384,0.9121034881575902
푸디스퀘어,보온도시락샐러드,5,4.605170174108092,0.9619171001530384,0.9121034881575902
푸디스퀘어,매월,5,4.605170174108092,0.9619171001530384,0.9121034881575902
푸디스퀘어,인원부터,5,4.605170174108092,0.9619171001530384,0.9121034881575902
푸디스퀘어,34회,5,4.605170174108092,0.9619171001530384,0.9121034881575902
푸디스퀘어,갱신중,5,4.605170174108092,0.9619171001530384,0.9121034881575902
맛집오늘뭐먹지,인원부터,5,4.605170174108092,0.9619171001530384,0.9121034881575902
맛집오늘뭐먹지,34회,5,4.605170174108092,0.9619171001530384,0.9121034881575902
맛집오늘뭐먹지,이용가능주,5,4.605170174108092,0.9619171001530384,0.9121034881575902
맛집오늘뭐먹지,메뉴푸디스퀘어를,5,4.605170174108092,0.9619171001530384,0.9121034881575902
맛집오늘뭐먹지,기본으로하며,5,4.605170174108092,0.9619171001530384,0.9121034881575902
주문을,결제후불결제를,5,4.605170174108092,0.9619171001530384,0.9121034881575902
주문을,보온도시락샐러드,5,4.605170174108092,0.9619171001530384,0.9121034881575902
샐러드salad,아닙니다각각,5,4.605170174108092,0.9619171001530384,0.9121034881575902
샐러드salad,서비스3명,5,4.605170174108092,0.9619171001530384,0.9121034881575902
주문을,매월,5,4.605170174108092,0.9619171001530384,0.9121034881575902
instafood,도시락샐러드,5,4.605170174108092,0.9619171001530384,0.9121034881575902
instafood,보내십시오맛스타,5,4.605170174108092,0.9619171001530384,0.9121034881575902
instafood,이유매일,5,4.605170174108092,0.9619171001530384,0.9121034881575902
instafood,설명서기업,5,4.605170174108092,0.9619171001530384,0.9121034881575902
instafood,전문업체,5,4.605170174108092,0.9619171001530384,0.9121034881575902
instafood,선택하는,5,4.605170174108092,0.9619171001530384,0.9121034881575902
샐러드salad,진행도시락,5,4.605170174108092,0.9619171001530384,0.9121034881575902
샐러드salad,연락주세요오늘도,5,4.605170174108092,0.9619171001530384,0.9121034881575902
샐러드salad,이상의,5,4.605170174108092,0.9619171001530384,0.9121034881575902
샐러드salad,세트가,5,4.605170174108092,0.9619171001530384,0.9121034881575902
문의사항은,갱신중,5,4.605170174108092,0.9619171001530384,0.9121034881575902
문의사항은,기본결제방식은,5,4.605170174108092,0.9619171001530384,0.9121034881575902
문의사항은,첫째,5,4.605170174108092,0.9619171001530384,0.9121034881575902
문의사항은,보온4시간뒤처리샐러드는,5,4.605170174108092,0.9619171001530384,0.9121034881575902
문의사항은,아닙니다각각,5,4.605170174108092,0.9619171001530384,0.9121034881575902
instafood,결제를,5,4.605170174108092,0.9619171001530384,0.9121034881575902
instafood,배송탁월한,5,4.605170174108092,0.9619171001530384,0.9121034881575902
instafood,진행도시락,5,4.605170174108092,0.9619171001530384,0.9121034881575902
instafood,연락주세요오늘도,5,4.605170174108092,0.9619171001530384,0.9121034881575902
instafood,이상의,5,4.605170174108092,0.9619171001530384,0.9121034881575902
instafood,세트가,5,4.605170174108092,0.9619171001530384,0.9121034881575902
instafood,인스타그램에서,5,4.605170174108092,0.9619171001530384,0.9121034881575902
불가합니다연락처,보온도시락샐러드,5,4.605170174108092,0.9619171001530384,0.9121034881575902
불가합니다연락처,매월,5,4.605170174108092,0.9619171001530384,0.9121034881575902
푸디스퀘어,이용가능주,5,4.605170174108092,0.9619171001530384,0.9121034881575902
불가합니다연락처,갱신중,5,4.605170174108092,0.9619171001530384,0.9121034881575902
불가합니다연락처,기본결제방식은,5,4.605170174108092,0.9619171001530384,0.9121034881575902
불가합니다연락처,첫째,5,4.605170174108092,0.9619171001530384,0.9121034881575902
불가합니다연락처,보온4시간뒤처리샐러드는,5,4.605170174108092,0.9619171001530384,0.9121034881575902
불가합니다연락처,아닙니다각각,5,4.605170174108092,0.9619171001530384,0.9121034881575902
불가합니다연락처,서비스3명,5,4.605170174108092,0.9619171001530384,0.9121034881575902
불가합니다연락처,가능합니다샐러드는,5,4.605170174108092,0.9619171001530384,0.9121034881575902
맞춰일정에,12000원지역화폐,5,4.605170174108092,0.9619171001530384,0.9121034881575902
여주시,여주사랑카드샌드위치,5,4.605170174108092,0.9619171001530384,0.9121034881575902
여주시,12000원지역화폐,5,4.605170174108092,0.9619171001530384,0.9121034881575902
여주시,빠네디까사1배달의민족,5,4.605170174108092,0.9619171001530384,0.9121034881575902
맞춰일정에,여주사랑카드샌드위치,5,4.605170174108092,0.9619171001530384,0.9121034881575902
안녕하세요배달,가능합니다샐러드는,5,4.605170174108092,0.9619171001530384,0.9121034881575902
G드림카드,여주사랑카드샌드위치,5,4.605170174108092,0.9619171001530384,0.9121034881575902
G드림카드,12000원지역화폐,5,4.605170174108092,0.9619171001530384,0.9121034881575902
또먹고싶다,결제를,5,4.605170174108092,0.9619171001530384,0.9121034881575902
푸디스퀘어,기본결제방식은,5,4.605170174108092,0.9619171001530384,0.9121034881575902
푸디스퀘어,첫째,5,4.605170174108092,0.9619171001530384,0.9121034881575902
푸디스퀘어,보온4시간뒤처리샐러드는,5,4.605170174108092,0.9619171001530384,0.9121034881575902
푸디스퀘어,아닙니다각각,5,4.605170174108092,0.9619171001530384,0.9121034881575902
문의사항은,결제를,5,4.605170174108092,0.9619171001530384,0.9121034881575902
문의사항은,배송탁월한,5,4.605170174108092,0.9619171001530384,0.9121034881575902
문의사항은,진행도시락,5,4.605170174108092,0.9619171001530384,0.9121034881575902
문의사항은,연락주세요오늘도,5,4.605170174108092,0.9619171001530384,0.9121034881575902
문의사항은,이상의,5,4.605170174108092,0.9619171001530384,0.9121034881575902
문의사항은,세트가,5,4.605170174108092,0.9619171001530384,0.9121034881575902
문의사항은,결제후불결제를,5,4.605170174108092,0.9619171001530384,0.9121034881575902
문의사항은,보온도시락샐러드,5,4.605170174108092,0.9619171001530384,0.9121034881575902
푸디스퀘어,도시락샐러드,5,4.605170174108092,0.9619171001530384,0.9121034881575902
매우우수업체백반맛집,점심메뉴입니다,5,4.605170174108092,0.9619171001530384,0.9121034881575902
문의사항은,인원부터,5,4.605170174108092,0.9619171001530384,0.9121034881575902
문의사항은,34회,5,4.605170174108092,0.9619171001530384,0.9121034881575902
문의사항은,이용가능주,5,4.605170174108092,0.9619171001530384,0.9121034881575902
문의사항은,메뉴푸디스퀘어를,5,4.605170174108092,0.9619171001530384,0.9121034881575902
문의사항은,기본으로하며,5,4.605170174108092,0.9619171001530384,0.9121034881575902
문의사항은,지원되지않습니다사용,5,4.605170174108092,0.9619171001530384,0.9121034881575902
문의사항은,인스타그램에서,5,4.605170174108092,0.9619171001530384,0.9121034881575902
수거,갱신중,5,4.605170174108092,0.9619171001530384,0.9121034881575902
문의사항은,다른메뉴기다림,5,4.605170174108092,0.9619171001530384,0.9121034881575902
문의사항은,7001700매일,5,4.605170174108092,0.9619171001530384,0.9121034881575902
문의사항은,도시락샐러드,5,4.605170174108092,0.9619171001530384,0.9121034881575902
문의사항은,보내십시오맛스타,5,4.605170174108092,0.9619171001530384,0.9121034881575902
수거,서비스3명,5,4.605170174108092,0.9619171001530384,0.9121034881575902
수거,가능합니다샐러드는,5,4.605170174108092,0.9619171001530384,0.9121034881575902
수거,금요일에,5,4.605170174108092,0.9619171001530384,0.9121034881575902
수거,질문이나,5,4.605170174108092,0.9619171001530384,0.9121034881575902
수거,전용,5,4.605170174108092,0.9619171001530384,0.9121034881575902
수거,다른메뉴기다림,5,4.605170174108092,0.9619171001530384,0.9121034881575902
수거,7001700매일,5,4.605170174108092,0.9619171001530384,0.9121034881575902
수거,도시락샐러드,5,4.605170174108092,0.9619171001530384,0.9121034881575902
수거,보내십시오맛스타,5,4.605170174108092,0.9619171001530384,0.9121034881575902
매우우수업체백반맛집,석식메뉴도,5,4.605170174108092,0.9619171001530384,0.9121034881575902
문의사항은,이유매일,5,4.605170174108092,0.9619171001530384,0.9121034881575902
문의사항은,설명서기업,5,4.605170174108092,0.9619171001530384,0.9121034881575902
문의사항은,전문업체,5,4.605170174108092,0.9619171001530384,0.9121034881575902
문의사항은,선택하는,5,4.605170174108092,0.9619171001530384,0.9121034881575902
수거,첫째,5,4.605170174108092,0.9619171001530384,0.9121034881575902
수거,보온4시간뒤처리샐러드는,5,4.605170174108092,0.9619171001530384,0.9121034881575902
수거,아닙니다각각,5,4.605170174108092,0.9619171001530384,0.9121034881575902
문의사항은,매월,5,4.605170174108092,0.9619171001530384,0.9121034881575902
수거,결제를,5,4.605170174108092,0.9619171001530384,0.9121034881575902
수거,배송탁월한,5,4.605170174108092,0.9619171001530384,0.9121034881575902
수거,진행도시락,5,4.605170174108092,0.9619171001530384,0.9121034881575902
수거,연락주세요오늘도,5,4.605170174108092,0.9619171001530384,0.9121034881575902
수거,이상의,5,4.605170174108092,0.9619171001530384,0.9121034881575902
수거,세트가,5,4.605170174108092,0.9619171001530384,0.9121034881575902
수거,결제후불결제를,5,4.605170174108092,0.9619171001530384,0.9121034881575902
수거,보온도시락샐러드,5,4.605170174108092,0.9619171001530384,0.9121034881575902
수거,매월,5,4.605170174108092,0.9619171001530384,0.9121034881575902
수거,인원부터,5,4.605170174108092,0.9619171001530384,0.9121034881575902
수거,34회,5,4.605170174108092,0.9619171001530384,0.9121034881575902
수거,이용가능주,5,4.605170174108092,0.9619171001530384,0.9121034881575902
지드림카드,여주사랑카드샌드위치,5,4.605170174108092,0.9619171001530384,0.9121034881575902
지드림카드,12000원지역화폐,5,4.605170174108092,0.9619171001530384,0.9121034881575902
지드림카드,빠네디까사1배달의민족,5,4.605170174108092,0.9619171001530384,0.9121034881575902
수거,이유매일,5,4.605170174108092,0.9619171001530384,0.9121034881575902
수거,설명서기업,5,4.605170174108092,0.9619171001530384,0.9121034881575902
수거,전문업체,5,4.605170174108092,0.9619171001530384,0.9121034881575902
수거,메뉴푸디스퀘어를,5,4.605170174108092,0.9619171001530384,0.9121034881575902
수거,기본으로하며,5,4.605170174108092,0.9619171001530384,0.9121034881575902
수거,지원되지않습니다사용,5,4.605170174108092,0.9619171001530384,0.9121034881575902
수거,기본결제방식은,5,4.605170174108092,0.9619171001530384,0.9121034881575902
수거,인스타그램에서,5,4.605170174108092,0.9619171001530384,0.9121034881575902
주문을,갱신중,5,4.605170174108092,0.9619171001530384,0.9121034881575902
주문을,기본결제방식은,5,4.605170174108092,0.9619171001530384,0.9121034881575902
주문을,첫째,5,4.605170174108092,0.9619171001530384,0.9121034881575902
주문을,보온4시간뒤처리샐러드는,5,4.605170174108092,0.9619171001530384,0.9121034881575902
주문을,전문업체,5,4.605170174108092,0.9619171001530384,0.9121034881575902
주문을,선택하는,5,4.605170174108092,0.9619171001530384,0.9121034881575902
주문을,결제를,5,4.605170174108092,0.9619171001530384,0.9121034881575902
주문을,배송탁월한,5,4.605170174108092,0.9619171001530384,0.9121034881575902
주문을,진행도시락,5,4.605170174108092,0.9619171001530384,0.9121034881575902
주문을,연락주세요오늘도,5,4.605170174108092,0.9619171001530384,0.9121034881575902
주문을,이상의,5,4.605170174108092,0.9619171001530384,0.9121034881575902
매우우수업체백반맛집,밑에,5,4.605170174108092,0.9619171001530384,0.9121034881575902
무료배달,여주사랑카드샌드위치,5,4.605170174108092,0.9619171001530384,0.9121034881575902
무료배달,12000원지역화폐,5,4.605170174108092,0.9619171001530384,0.9121034881575902
무료배달,빠네디까사1배달의민족,5,4.605170174108092,0.9619171001530384,0.9121034881575902
여주사랑카드,여주사랑카드샌드위치,5,4.605170174108092,0.9619171001530384,0.9121034881575902
맞춰원하시는,빠네디까사1배달의민족,5,4.605170174108092,0.9619171001530384,0.9121034881575902
문의환영,12000원지역화폐,5,4.605170174108092,0.9619171001530384,0.9121034881575902
문의환영,빠네디까사1배달의민족,5,4.605170174108092,0.9619171001530384,0.9121034881575902
체육대회간식,여주사랑카드샌드위치,5,4.605170174108092,0.9619171001530384,0.9121034881575902
체육대회간식,12000원지역화폐,5,4.605170174108092,0.9619171001530384,0.9121034881575902
체육대회간식,빠네디까사1배달의민족,5,4.605170174108092,0.9619171001530384,0.9121034881575902
학교간식,여주사랑카드샌드위치,5,4.605170174108092,0.9619171001530384,0.9121034881575902
학교간식,12000원지역화폐,5,4.605170174108092,0.9619171001530384,0.9121034881575902
학교간식,빠네디까사1배달의민족,5,4.605170174108092,0.9619171001530384,0.9121034881575902
구성해서,여주사랑카드샌드위치,5,4.605170174108092,0.9619171001530384,0.9121034881575902
여주사랑카드,12000원지역화폐,5,4.605170174108092,0.9619171001530384,0.9121034881575902
여주사랑카드,빠네디까사1배달의민족,5,4.605170174108092,0.9619171001530384,0.9121034881575902
주문을,아닙니다각각,5,4.605170174108092,0.9619171001530384,0.9121034881575902
주문을,서비스3명,5,4.605170174108092,0.9619171001530384,0.9121034881575902
주문을,가능합니다샐러드는,5,4.605170174108092,0.9619171001530384,0.9121034881575902
수거,선택하는,5,4.605170174108092,0.9619171001530384,0.9121034881575902
foodfoodfic,인원부터,5,4.605170174108092,0.9619171001530384,0.9121034881575902
0318810107구성,여주사랑카드샌드위치,5,4.605170174108092,0.9619171001530384,0.9121034881575902
0318810107구성,12000원지역화폐,5,4.605170174108092,0.9619171001530384,0.9121034881575902
0318810107구성,빠네디까사1배달의민족,5,4.605170174108092,0.9619171001530384,0.9121034881575902
단체간식,빠네디까사1배달의민족,5,4.605170174108092,0.9619171001530384,0.9121034881575902
맞춰원하시는,여주사랑카드샌드위치,5,4.605170174108092,0.9619171001530384,0.9121034881575902
맞춰원하시는,12000원지역화폐,5,4.605170174108092,0.9619171001530384,0.9121034881575902
해드립니다,여주사랑카드샌드위치,5,4.605170174108092,0.9619171001530384,0.9121034881575902
해드립니다,12000원지역화폐,5,4.605170174108092,0.9619171001530384,0.9121034881575902
여주맛집,여주사랑카드샌드위치,5,4.605170174108092,0.9619171001530384,0.9121034881575902
여주맛집,12000원지역화폐,5,4.605170174108092,0.9619171001530384,0.9121034881575902
여주맛집,빠네디까사1배달의민족,5,4.605170174108092,0.9619171001530384,0.9121034881575902
해드립니다,빠네디까사1배달의민족,5,4.605170174108092,0.9619171001530384,0.9121034881575902
가능합니다문의주세요,여주사랑카드샌드위치,5,4.605170174108092,0.9619171001530384,0.9121034881575902
가능합니다문의주세요,12000원지역화폐,5,4.605170174108092,0.9619171001530384,0.9121034881575902
foodfoodfic,세트가,5,4.605170174108092,0.9619171001530384,0.9121034881575902
주문을,인원부터,5,4.605170174108092,0.9619171001530384,0.9121034881575902
주문을,34회,5,4.605170174108092,0.9619171001530384,0.9121034881575902
주문을,이용가능주,5,4.605170174108092,0.9619171001530384,0.9121034881575902
주문을,메뉴푸디스퀘어를,5,4.605170174108092,0.9619171001530384,0.9121034881575902
주문을,기본으로하며,5,4.605170174108092,0.9619171001530384,0.9121034881575902
주문을,지원되지않습니다사용,5,4.605170174108092,0.9619171001530384,0.9121034881575902
주문을,인스타그램에서,5,4.605170174108092,0.9619171001530384,0.9121034881575902
주문을,금요일에,5,4.605170174108092,0.9619171001530384,0.9121034881575902
주문을,질문이나,5,4.605170174108092,0.9619171001530384,0.9121034881575902
주문을,전용,5,4.605170174108092,0.9619171001530384,0.9121034881575902
주문을,다른메뉴기다림,5,4.605170174108092,0.9619171001530384,0.9121034881575902
주문을,7001700매일,5,4.605170174108092,0.9619171001530384,0.9121034881575902
foodfoodfic,결제후불결제를,5,4.605170174108092,0.9619171001530384,0.9121034881575902
foodfoodfic,보온도시락샐러드,5,4.605170174108092,0.9619171001530384,0.9121034881575902
foodfoodfic,매월,5,4.605170174108092,0.9619171001530384,0.9121034881575902
foodfoodfic,기본으로하며,5,4.605170174108092,0.9619171001530384,0.9121034881575902
0318810107죠샌드위치,여주사랑카드샌드위치,5,4.605170174108092,0.9619171001530384,0.9121034881575902
0318810107죠샌드위치,12000원지역화폐,5,4.605170174108092,0.9619171001530384,0.9121034881575902
0318810107죠샌드위치,빠네디까사1배달의민족,5,4.605170174108092,0.9619171001530384,0.9121034881575902
가능합니다문의주세요,빠네디까사1배달의민족,5,4.605170174108092,0.9619171001530384,0.9121034881575902
있습니다단체주문,여주사랑카드샌드위치,5,4.605170174108092,0.9619171001530384,0.9121034881575902
있습니다단체주문,12000원지역화폐,5,4.605170174108092,0.9619171001530384,0.9121034881575902
있습니다단체주문,빠네디까사1배달의민족,5,4.605170174108092,0.9619171001530384,0.9121034881575902
여주행사간식,12000원지역화폐,5,4.605170174108092,0.9619171001530384,0.9121034881575902
여주행사간식,빠네디까사1배달의민족,5,4.605170174108092,0.9619171001530384,0.9121034881575902
여주행사간식,여주사랑카드샌드위치,5,4.605170174108092,0.9619171001530384,0.9121034881575902
세종로,여주사랑카드샌드위치,5,4.605170174108092,0.9619171001530384,0.9121034881575902
세종로,12000원지역화폐,5,4.605170174108092,0.9619171001530384,0.9121034881575902
세종로,빠네디까사1배달의민족,5,4.605170174108092,0.9619171001530384,0.9121034881575902
foodfoodfic,이상의,5,4.605170174108092,0.9619171001530384,0.9121034881575902
foodfoodfic,지원되지않습니다사용,5,4.605170174108092,0.9619171001530384,0.9121034881575902
foodfoodfic,인스타그램에서,5,4.605170174108092,0.9619171001530384,0.9121034881575902
foodfoodfic,가능합니다샐러드는,5,4.605170174108092,0.9619171001530384,0.9121034881575902
foodfoodfic,금요일에,5,4.605170174108092,0.9619171001530384,0.9121034881575902
foodfoodfic,질문이나,5,4.605170174108092,0.9619171001530384,0.9121034881575902
foodfoodfic,전용,5,4.605170174108092,0.9619171001530384,0.9121034881575902
foodfoodfic,다른메뉴기다림,5,4.605170174108092,0.9619171001530384,0.9121034881575902
foodfoodfic,7001700매일,5,4.605170174108092,0.9619171001530384,0.9121034881575902
foodfoodfic,도시락샐러드,5,4.605170174108092,0.9619171001530384,0.9121034881575902
foodfoodfic,보내십시오맛스타,5,4.605170174108092,0.9619171001530384,0.9121034881575902
foodfoodfic,이유매일,5,4.605170174108092,0.9619171001530384,0.9121034881575902
foodfoodfic,설명서기업,5,4.605170174108092,0.9619171001530384,0.9121034881575902
foodfoodfic,34회,5,4.605170174108092,0.9619171001530384,0.9121034881575902
foodfoodfic,이용가능주,5,4.605170174108092,0.9619171001530384,0.9121034881575902
foodfoodfic,메뉴푸디스퀘어를,5,4.605170174108092,0.9619171001530384,0.9121034881575902
주문을,설명서기업,5,4.605170174108092,0.9619171001530384,0.9121034881575902
instafood,갱신중,5,4.605170174108092,0.9619171001530384,0.9121034881575902
instafood,기본결제방식은,5,4.605170174108092,0.9619171001530384,0.9121034881575902
instafood,첫째,5,4.605170174108092,0.9619171001530384,0.9121034881575902
instafood,보온4시간뒤처리샐러드는,5,4.605170174108092,0.9619171001530384,0.9121034881575902
instafood,아닙니다각각,5,4.605170174108092,0.9619171001530384,0.9121034881575902
instafood,서비스3명,5,4.605170174108092,0.9619171001530384,0.9121034881575902
instafood,가능합니다샐러드는,5,4.605170174108092,0.9619171001530384,0.9121034881575902
instafood,금요일에,5,4.605170174108092,0.9619171001530384,0.9121034881575902
instafood,질문이나,5,4.605170174108092,0.9619171001530384,0.9121034881575902
instafood,전용,5,4.605170174108092,0.9619171001530384,0.9121034881575902
instafood,다른메뉴기다림,5,4.605170174108092,0.9619171001530384,0.9121034881575902
instafood,7001700매일,5,4.605170174108092,0.9619171001530384,0.9121034881575902
연락처,메뉴푸디스퀘어를,5,4.605170174108092,0.9619171001530384,0.9121034881575902
foodfoodfic,전문업체,5,4.605170174108092,0.9619171001530384,0.9121034881575902
foodfoodfic,선택하는,5,4.605170174108092,0.9619171001530384,0.9121034881575902
foodfoodfic,결제를,5,4.605170174108092,0.9619171001530384,0.9121034881575902
foodfoodfic,배송탁월한,5,4.605170174108092,0.9619171001530384,0.9121034881575902
foodfoodfic,진행도시락,5,4.605170174108092,0.9619171001530384,0.9121034881575902
foodfoodfic,연락주세요오늘도,5,4.605170174108092,0.9619171001530384,0.9121034881575902
주문을,도시락샐러드,5,4.605170174108092,0.9619171001530384,0.9121034881575902
주문을,보내십시오맛스타,5,4.605170174108092,0.9619171001530384,0.9121034881575902
주문을,이유매일,5,4.605170174108092,0.9619171001530384,0.9121034881575902
연락처,이유매일,5,4.605170174108092,0.9619171001530384,0.9121034881575902
foodfoodfic,갱신중,5,4.605170174108092,0.9619171001530384,0.9121034881575902
foodfoodfic,기본결제방식은,5,4.605170174108092,0.9619171001530384,0.9121034881575902
foodfoodfic,첫째,5,4.605170174108092,0.9619171001530384,0.9121034881575902
foodfoodfic,보온4시간뒤처리샐러드는,5,4.605170174108092,0.9619171001530384,0.9121034881575902
foodfoodfic,아닙니다각각,5,4.605170174108092,0.9619171001530384,0.9121034881575902
foodfoodfic,서비스3명,5,4.605170174108092,0.9619171001530384,0.9121034881575902
연락처,연락주세요오늘도,5,4.605170174108092,0.9619171001530384,0.9121034881575902
연락처,이상의,5,4.605170174108092,0.9619171001530384,0.9121034881575902
연락처,세트가,5,4.605170174108092,0.9619171001530384,0.9121034881575902
연락처,결제후불결제를,5,4.605170174108092,0.9619171001530384,0.9121034881575902
연락처,보온도시락샐러드,5,4.605170174108092,0.9619171001530384,0.9121034881575902
연락처,매월,5,4.605170174108092,0.9619171001530384,0.9121034881575902
연락처,인원부터,5,4.605170174108092,0.9619171001530384,0.9121034881575902
광주,순천,11,3.8250116259930618,0.9564838059063323,0.9149659863945577
광주,쫀득한마카롱좋은재료와정성은진리다,10,3.912023002488146,0.9554699032028522,0.9113223768657669
순천,쫀득한마카롱좋은재료와정성은진리다,10,3.912023002488146,0.9554699032028522,0.9113223768657669
곡성뚝방마켓,남원,10,3.903724199698244,0.9534430091142121,0.907393116221639
곡성,남원,10,3.903724199698244,0.9534430091142121,0.907393116221639
핸드메이드,남원,10,3.903724199698244,0.9534430091142121,0.907393116221639
마카롱,남원,10,3.903724199698244,0.9534430091142121,0.907393116221639
많이달지않은마카롱,남원,10,3.903724199698244,0.9534430091142121,0.907393116221639
남원,마카롱맛집,10,3.903724199698244,0.9534430091142121,0.907393116221639
곡성뚝방마켓,곡성마카롱,9,3.9990343788480787,0.9522179069131995,0.9030022222467431
마카롱맛집,곡성마카롱,9,3.9990343788480787,0.9522179069131995,0.9030022222467431
핸드메이드,곡성마카롱,9,3.9990343788480787,0.9522179069131995,0.9030022222467431
마카롱,곡성마카롱,9,3.9990343788480787,0.9522179069131995,0.9030022222467431
많이달지않은마카롱,곡성마카롱,9,3.9990343788480787,0.9522179069131995,0.9030022222467431
곡성,곡성마카롱,9,3.9990343788480787,0.9522179069131995,0.9030022222467431
SAUCIT의,7가지,8,4.0943445577971005,0.9483163474223634,0.8929150560368534
1T,2T,7,4.183956715372502,0.9399996359624785,0.8733108108108106
서비스가,월금,6,4.31748810613631,0.9375306301093187,0.8645662192537639
서비스가,instafood,6,4.31748810613631,0.9375306301093187,0.8645662192537639
서비스가,맛집오늘뭐먹지,6,4.31748810613631,0.9375306301093187,0.8645662192537639
서비스가,foodfoodfic,6,4.31748810613631,0.9375306301093187,0.8645662192537639
행사간식,해드립니다,6,4.31748810613631,0.9375306301093187,0.8645662192537639
서비스가,푸디스퀘어,6,4.31748810613631,0.9375306301093187,0.8645662192537639
서비스가,불가합니다연락처,6,4.31748810613631,0.9375306301093187,0.8645662192537639
서비스가,안녕하세요배달,6,4.31748810613631,0.9375306301093187,0.8645662192537639
서비스가,당일주문이,6,4.31748810613631,0.9375306301093187,0.8645662192537639
서비스가,01096763990전화문의,6,4.31748810613631,0.9375306301093187,0.8645662192537639
서비스가,샐러드salad,6,4.31748810613631,0.9375306301093187,0.8645662192537639
서비스가,문의사항은,6,4.31748810613631,0.9375306301093187,0.8645662192537639
서비스가,수거,6,4.31748810613631,0.9375306301093187,0.8645662192537639
서비스가,주문을,6,4.31748810613631,0.9375306301093187,0.8645662192537639
맞춰,지드림카드,6,4.31748810613631,0.9375306301093187,0.8645662192537639
맞춰,맞춰일정에,6,4.31748810613631,0.9375306301093187,0.8645662192537639
맞춰,G드림카드,6,4.31748810613631,0.9375306301093187,0.8645662192537639
푸드스타그램,또먹고싶다,6,4.31748810613631,0.9375306301093187,0.8645662192537639
행사간식,있습니다단체주문,6,4.31748810613631,0.9375306301093187,0.8645662192537639
행사간식,가능합니다문의주세요,6,4.31748810613631,0.9375306301093187,0.8645662192537639
행사간식,구성해서,6,4.31748810613631,0.9375306301093187,0.8645662192537639
서비스가,또먹고싶다,6,4.31748810613631,0.9375306301093187,0.8645662192537639
맞춰,여주맛집,6,4.31748810613631,0.9375306301093187,0.8645662192537639
맞춰,여주사랑카드,6,4.31748810613631,0.9375306301093187,0.8645662192537639
푸드스타그램,맛집오늘뭐먹지,6,4.31748810613631,0.9375306301093187,0.8645662192537639
맞춰,여주시,6,4.31748810613631,0.9375306301093187,0.8645662192537639
맞춰,구성변경,6,4.31748810613631,0.9375306301093187,0.8645662192537639
맞춰,여주점경기,6,4.31748810613631,0.9375306301093187,0.8645662192537639
맞춰,단체간식,6,4.31748810613631,0.9375306301093187,0.8645662192537639
맞춰,맞춰원하시는,6,4.31748810613631,0.9375306301093187,0.8645662192537639
맞춰,0318810107구성,6,4.31748810613631,0.9375306301093187,0.8645662192537639
맞춰,해드립니다,6,4.31748810613631,0.9375306301093187,0.8645662192537639
맞춰,있습니다단체주문,6,4.31748810613631,0.9375306301093187,0.8645662192537639
맞춰,가능합니다문의주세요,6,4.31748810613631,0.9375306301093187,0.8645662192537639
맞춰,여주행사간식,6,4.31748810613631,0.9375306301093187,0.8645662192537639
맞춰,세종로,6,4.31748810613631,0.9375306301093187,0.8645662192537639
맞춰,0318810107죠샌드위치,6,4.31748810613631,0.9375306301093187,0.8645662192537639
맞춰,죠샌드위치샐러드여주점,6,4.31748810613631,0.9375306301093187,0.8645662192537639
푸드스타그램,월금,6,4.31748810613631,0.9375306301093187,0.8645662192537639
푸드스타그램,01096763990전화문의,6,4.31748810613631,0.9375306301093187,0.8645662192537639
푸드스타그램,샐러드salad,6,4.31748810613631,0.9375306301093187,0.8645662192537639
푸드스타그램,문의사항은,6,4.31748810613631,0.9375306301093187,0.8645662192537639
푸드스타그램,수거,6,4.31748810613631,0.9375306301093187,0.8645662192537639
푸드스타그램,주문을,6,4.31748810613631,0.9375306301093187,0.8645662192537639
푸드스타그램,instafood,6,4.31748810613631,0.9375306301093187,0.8645662192537639
푸드스타그램,foodfoodfic,6,4.31748810613631,0.9375306301093187,0.8645662192537639
맞춰,문의환영,6,4.31748810613631,0.9375306301093187,0.8645662192537639
맞춰,체육대회간식,6,4.31748810613631,0.9375306301093187,0.8645662192537639
맞춰,학교간식,6,4.31748810613631,0.9375306301093187,0.8645662192537639
맞춰,구성해서,6,4.31748810613631,0.9375306301093187,0.8645662192537639
맞춰,학원간식,6,4.31748810613631,0.9375306301093187,0.8645662192537639
맞춰,3800원부터,6,4.31748810613631,0.9375306301093187,0.8645662192537639
맞춰,교회간식,6,4.31748810613631,0.9375306301093187,0.8645662192537639
행사간식,맞춰원하시는,6,4.31748810613631,0.9375306301093187,0.8645662192537639
행사간식,0318810107구성,6,4.31748810613631,0.9375306301093187,0.8645662192537639
푸드스타그램,푸디스퀘어,6,4.31748810613631,0.9375306301093187,0.8645662192537639
푸드스타그램,불가합니다연락처,6,4.31748810613631,0.9375306301093187,0.8645662192537639
푸드스타그램,안녕하세요배달,6,4.31748810613631,0.9375306301093187,0.8645662192537639
푸드스타그램,당일주문이,6,4.31748810613631,0.9375306301093187,0.8645662192537639
행사간식,여주행사간식,6,4.31748810613631,0.9375306301093187,0.8645662192537639
행사간식,세종로,6,4.31748810613631,0.9375306301093187,0.8645662192537639
행사간식,0318810107죠샌드위치,6,4.31748810613631,0.9375306301093187,0.8645662192537639
행사간식,죠샌드위치샐러드여주점,6,4.31748810613631,0.9375306301093187,0.8645662192537639
행사간식,여주맛집,6,4.31748810613631,0.9375306301093187,0.8645662192537639
행사간식,여주사랑카드,6,4.31748810613631,0.9375306301093187,0.8645662192537639
행사간식,지드림카드,6,4.31748810613631,0.9375306301093187,0.8645662192537639
행사간식,문의환영,6,4.31748810613631,0.9375306301093187,0.8645662192537639
행사간식,체육대회간식,6,4.31748810613631,0.9375306301093187,0.8645662192537639
행사간식,학교간식,6,4.31748810613631,0.9375306301093187,0.8645662192537639
행사간식,학원간식,6,4.31748810613631,0.9375306301093187,0.8645662192537639
행사간식,3800원부터,6,4.31748810613631,0.9375306301093187,0.8645662192537639
행사간식,교회간식,6,4.31748810613631,0.9375306301093187,0.8645662192537639
행사간식,여주시,6,4.31748810613631,0.9375306301093187,0.8645662192537639
행사간식,맞춰일정에,6,4.31748810613631,0.9375306301093187,0.8645662192537639
행사간식,G드림카드,6,4.31748810613631,0.9375306301093187,0.8645662192537639
행사간식,구성변경,6,4.31748810613631,0.9375306301093187,0.8645662192537639
행사간식,여주점경기,6,4.31748810613631,0.9375306301093187,0.8645662192537639
행사간식,단체간식,6,4.31748810613631,0.9375306301093187,0.8645662192537639
구성도,예산에,6,4.296868819086636,0.9330532088159951,0.8554565165020475
최소주문,구성도,6,4.296868819086636,0.9330532088159951,0.8554565165020475
최소주문,예산에,6,4.296868819086636,0.9330532088159951,0.8554565165020475
순천,남원,10,3.8167128229565486,0.9321914081752458,0.8678743023184142
광주,남원,10,3.8167128229565486,0.9321914081752458,0.8678743023184142
광주,곡성마카롱,9,3.9120230021614795,0.9314994576234449,0.8638245732792132
순천,곡성마카롱,9,3.9120230021614795,0.9314994576234449,0.8638245732792132
lunch,이상의,5,4.451019495995118,0.9297184695550337,0.8437326317629064
구성도,12000원지역화폐,5,4.451019495995118,0.9297184695550337,0.8437326317629064
lunch,전문업체,5,4.451019495995118,0.9297184695550337,0.8437326317629064
lunch,인스타그램에서,5,4.451019495995118,0.9297184695550337,0.8437326317629064
lunch,지원되지않습니다사용,5,4.451019495995118,0.9297184695550337,0.8437326317629064
최소주문,빠네디까사1배달의민족,5,4.451019495995118,0.9297184695550337,0.8437326317629064
최소주문,여주사랑카드샌드위치,5,4.451019495995118,0.9297184695550337,0.8437326317629064
lunch,7001700매일,5,4.451019495995118,0.9297184695550337,0.8437326317629064
lunch,결제를,5,4.451019495995118,0.9297184695550337,0.8437326317629064
lunch,배송탁월한,5,4.451019495995118,0.9297184695550337,0.8437326317629064
lunch,진행도시락,5,4.451019495995118,0.9297184695550337,0.8437326317629064
lunch,연락주세요오늘도,5,4.451019495995118,0.9297184695550337,0.8437326317629064
lunch,기본결제방식은,5,4.451019495995118,0.9297184695550337,0.8437326317629064
lunch,세트가,5,4.451019495995118,0.9297184695550337,0.8437326317629064
lunch,결제후불결제를,5,4.451019495995118,0.9297184695550337,0.8437326317629064
lunch,보온도시락샐러드,5,4.451019495995118,0.9297184695550337,0.8437326317629064
lunch,매월,5,4.451019495995118,0.9297184695550337,0.8437326317629064
lunch,인원부터,5,4.451019495995118,0.9297184695550337,0.8437326317629064
lunch,34회,5,4.451019495995118,0.9297184695550337,0.8437326317629064
lunch,이용가능주,5,4.451019495995118,0.9297184695550337,0.8437326317629064
lunch,메뉴푸디스퀘어를,5,4.451019495995118,0.9297184695550337,0.8437326317629064
lunch,기본으로하며,5,4.451019495995118,0.9297184695550337,0.8437326317629064
lunch,갱신중,5,4.451019495995118,0.9297184695550337,0.8437326317629064
최소주문,12000원지역화폐,5,4.451019495995118,0.9297184695550337,0.8437326317629064
lunch,도시락샐러드,5,4.451019495995118,0.9297184695550337,0.8437326317629064
lunch,첫째,5,4.451019495995118,0.9297184695550337,0.8437326317629064
lunch,보온4시간뒤처리샐러드는,5,4.451019495995118,0.9297184695550337,0.8437326317629064
lunch,아닙니다각각,5,4.451019495995118,0.9297184695550337,0.8437326317629064
lunch,서비스3명,5,4.451019495995118,0.9297184695550337,0.8437326317629064
lunch,가능합니다샐러드는,5,4.451019495995118,0.9297184695550337,0.8437326317629064
lunch,금요일에,5,4.451019495995118,0.9297184695550337,0.8437326317629064
lunch,질문이나,5,4.451019495995118,0.9297184695550337,0.8437326317629064
lunch,전용,5,4.451019495995118,0.9297184695550337,0.8437326317629064
lunch,보내십시오맛스타,5,4.451019495995118,0.9297184695550337,0.8437326317629064
lunch,이유매일,5,4.451019495995118,0.9297184695550337,0.8437326317629064
lunch,설명서기업,5,4.451019495995118,0.9297184695550337,0.8437326317629064
lunch,선택하는,5,4.451019495995118,0.9297184695550337,0.8437326317629064
lunch,다른메뉴기다림,5,4.451019495995118,0.9297184695550337,0.8437326317629064
예산에,빠네디까사1배달의민족,5,4.451019495995118,0.9297184695550337,0.8437326317629064
구성도,여주사랑카드샌드위치,5,4.451019495995118,0.9297184695550337,0.8437326317629064
예산에,12000원지역화폐,5,4.451019495995118,0.9297184695550337,0.8437326317629064
구성도,빠네디까사1배달의민족,5,4.451019495995118,0.9297184695550337,0.8437326317629064
예산에,여주사랑카드샌드위치,5,4.451019495995118,0.9297184695550337,0.8437326317629064
남원,쫀득한마카롱좋은재료와정성은진리다,9,3.893673863553889,0.9271303082980488,0.8556096541780057
무료배달,문의환영,5,4.422848619314137,0.9238342031802331,0.8316498316498314
무료배달,있습니다단체주문,5,4.422848619314137,0.9238342031802331,0.8316498316498314
무료배달,가능합니다문의주세요,5,4.422848619314137,0.9238342031802331,0.8316498316498314
무료배달,여주행사간식,5,4.422848619314137,0.9238342031802331,0.8316498316498314
무료배달,여주맛집,5,4.422848619314137,0.9238342031802331,0.8316498316498314
무료배달,3800원부터,5,4.422848619314137,0.9238342031802331,0.8316498316498314
무료배달,체육대회간식,5,4.422848619314137,0.9238342031802331,0.8316498316498314
무료배달,학교간식,5,4.422848619314137,0.9238342031802331,0.8316498316498314
연락처,또먹고싶다,5,4.422848619314137,0.9238342031802331,0.8316498316498314
무료배달,구성해서,5,4.422848619314137,0.9238342031802331,0.8316498316498314
무료배달,학원간식,5,4.422848619314137,0.9238342031802331,0.8316498316498314
무료배달,여주사랑카드,5,4.422848619314137,0.9238342031802331,0.8316498316498314
무료배달,교회간식,5,4.422848619314137,0.9238342031802331,0.8316498316498314
연락처,푸디스퀘어,5,4.422848619314137,0.9238342031802331,0.8316498316498314
무료배달,맞춰원하시는,5,4.422848619314137,0.9238342031802331,0.8316498316498314
무료배달,단체간식,5,4.422848619314137,0.9238342031802331,0.8316498316498314
연락처,안녕하세요배달,5,4.422848619314137,0.9238342031802331,0.8316498316498314
연락처,주문을,5,4.422848619314137,0.9238342031802331,0.8316498316498314
foodfoodfic,연락처,5,4.422848619314137,0.9238342031802331,0.8316498316498314
연락처,instafood,5,4.422848619314137,0.9238342031802331,0.8316498316498314
연락처,맛집오늘뭐먹지,5,4.422848619314137,0.9238342031802331,0.8316498316498314
무료배달,해드립니다,5,4.422848619314137,0.9238342031802331,0.8316498316498314
연락처,불가합니다연락처,5,4.422848619314137,0.9238342031802331,0.8316498316498314
지드림카드,무료배달,5,4.422848619314137,0.9238342031802331,0.8316498316498314
무료배달,세종로,5,4.422848619314137,0.9238342031802331,0.8316498316498314
무료배달,0318810107죠샌드위치,5,4.422848619314137,0.9238342031802331,0.8316498316498314
무료배달,죠샌드위치샐러드여주점,5,4.422848619314137,0.9238342031802331,0.8316498316498314
연락처,당일주문이,5,4.422848619314137,0.9238342031802331,0.8316498316498314
연락처,월금,5,4.422848619314137,0.9238342031802331,0.8316498316498314
연락처,01096763990전화문의,5,4.422848619314137,0.9238342031802331,0.8316498316498314
연락처,샐러드salad,5,4.422848619314137,0.9238342031802331,0.8316498316498314
연락처,문의사항은,5,4.422848619314137,0.9238342031802331,0.8316498316498314
연락처,수거,5,4.422848619314137,0.9238342031802331,0.8316498316498314
무료배달,여주시,5,4.422848619314137,0.9238342031802331,0.8316498316498314
무료배달,맞춰일정에,5,4.422848619314137,0.9238342031802331,0.8316498316498314
무료배달,0318810107구성,5,4.422848619314137,0.9238342031802331,0.8316498316498314
무료배달,G드림카드,5,4.422848619314137,0.9238342031802331,0.8316498316498314
무료배달,구성변경,5,4.422848619314137,0.9238342031802331,0.8316498316498314
무료배달,여주점경기,5,4.422848619314137,0.9238342031802331,0.8316498316498314
쫀득한마카롱좋은재료와정성은진리다,곡성마카롱,8,3.976561522640717,0.9210358935887668,0.8407752254462009
음료,예산에,7,4.094344557164958,0.919866684829545,0.8345410023805301
샌드위치맛집,광주,12,3.5637163094452244,0.9109650696189469,0.8365882810443809
맞춰,구성도,6,4.163337427380481,0.9040572355259431,0.7993031043007474
맞춰,최소주문,6,4.163337427380481,0.9040572355259431,0.7993031043007474
서비스가,lunch,6,4.163337427380481,0.9040572355259431,0.7993031043007474
맞춰,예산에,6,4.163337427380481,0.9040572355259431,0.7993031043007474
2T,108호샐러드,6,4.163337427380481,0.9040572355259431,0.7993031043007474
행사간식,구성도,6,4.163337427380481,0.9040572355259431,0.7993031043007474
행사간식,최소주문,6,4.163337427380481,0.9040572355259431,0.7993031043007474
푸드스타그램,lunch,6,4.163337427380481,0.9040572355259431,0.7993031043007474
DM,이유매일,5,4.31748810465631,0.9018267470171356,0.788573864324578
DM,보내십시오맛스타,5,4.31748810465631,0.9018267470171356,0.788573864324578
DM,전문업체,5,4.31748810465631,0.9018267470171356,0.788573864324578
DM,설명서기업,5,4.31748810465631,0.9018267470171356,0.788573864324578
DM,도시락샐러드,5,4.31748810465631,0.9018267470171356,0.788573864324578
DM,전용,5,4.31748810465631,0.9018267470171356,0.788573864324578
서비스가,선택하는,5,4.31748810465631,0.9018267470171356,0.788573864324578
서비스가,전문업체,5,4.31748810465631,0.9018267470171356,0.788573864324578
DM,금요일에,5,4.31748810465631,0.9018267470171356,0.788573864324578
DM,가능합니다샐러드는,5,4.31748810465631,0.9018267470171356,0.788573864324578
DM,서비스3명,5,4.31748810465631,0.9018267470171356,0.788573864324578
DM,아닙니다각각,5,4.31748810465631,0.9018267470171356,0.788573864324578
서비스가,설명서기업,5,4.31748810465631,0.9018267470171356,0.788573864324578
서비스가,이유매일,5,4.31748810465631,0.9018267470171356,0.788573864324578
서비스가,세트가,5,4.31748810465631,0.9018267470171356,0.788573864324578
DM,질문이나,5,4.31748810465631,0.9018267470171356,0.788573864324578
DM,갱신중,5,4.31748810465631,0.9018267470171356,0.788573864324578
DM,기본결제방식은,5,4.31748810465631,0.9018267470171356,0.788573864324578
DM,첫째,5,4.31748810465631,0.9018267470171356,0.788573864324578
DM,보온4시간뒤처리샐러드는,5,4.31748810465631,0.9018267470171356,0.788573864324578
푸드스타그램,메뉴푸디스퀘어를,5,4.31748810465631,0.9018267470171356,0.788573864324578
푸드스타그램,이용가능주,5,4.31748810465631,0.9018267470171356,0.788573864324578
맞춰,빠네디까사1배달의민족,5,4.31748810465631,0.9018267470171356,0.788573864324578
맞춰,12000원지역화폐,5,4.31748810465631,0.9018267470171356,0.788573864324578
서비스가,가능합니다샐러드는,5,4.31748810465631,0.9018267470171356,0.788573864324578
서비스가,금요일에,5,4.31748810465631,0.9018267470171356,0.788573864324578
서비스가,이상의,5,4.31748810465631,0.9018267470171356,0.788573864324578
맞춰,여주사랑카드샌드위치,5,4.31748810465631,0.9018267470171356,0.788573864324578
서비스가,메뉴푸디스퀘어를,5,4.31748810465631,0.9018267470171356,0.788573864324578
서비스가,기본으로하며,5,4.31748810465631,0.9018267470171356,0.788573864324578
서비스가,지원되지않습니다사용,5,4.31748810465631,0.9018267470171356,0.788573864324578
서비스가,인스타그램에서,5,4.31748810465631,0.9018267470171356,0.788573864324578
서비스가,결제를,5,4.31748810465631,0.9018267470171356,0.788573864324578
서비스가,배송탁월한,5,4.31748810465631,0.9018267470171356,0.788573864324578
푸드스타그램,보온도시락샐러드,5,4.31748810465631,0.9018267470171356,0.788573864324578
푸드스타그램,매월,5,4.31748810465631,0.9018267470171356,0.788573864324578
푸드스타그램,세트가,5,4.31748810465631,0.9018267470171356,0.788573864324578
푸드스타그램,이상의,5,4.31748810465631,0.9018267470171356,0.788573864324578
푸드스타그램,연락주세요오늘도,5,4.31748810465631,0.9018267470171356,0.788573864324578
푸드스타그램,결제후불결제를,5,4.31748810465631,0.9018267470171356,0.788573864324578
푸드스타그램,진행도시락,5,4.31748810465631,0.9018267470171356,0.788573864324578
푸드스타그램,배송탁월한,5,4.31748810465631,0.9018267470171356,0.788573864324578
서비스가,보내십시오맛스타,5,4.31748810465631,0.9018267470171356,0.788573864324578
서비스가,도시락샐러드,5,4.31748810465631,0.9018267470171356,0.788573864324578
서비스가,7001700매일,5,4.31748810465631,0.9018267470171356,0.788573864324578
서비스가,다른메뉴기다림,5,4.31748810465631,0.9018267470171356,0.788573864324578
서비스가,전용,5,4.31748810465631,0.9018267470171356,0.788573864324578
서비스가,질문이나,5,4.31748810465631,0.9018267470171356,0.788573864324578
DM,인원부터,5,4.31748810465631,0.9018267470171356,0.788573864324578
DM,매월,5,4.31748810465631,0.9018267470171356,0.788573864324578
서비스가,서비스3명,5,4.31748810465631,0.9018267470171356,0.788573864324578
서비스가,아닙니다각각,5,4.31748810465631,0.9018267470171356,0.788573864324578
서비스가,보온4시간뒤처리샐러드는,5,4.31748810465631,0.9018267470171356,0.788573864324578
서비스가,첫째,5,4.31748810465631,0.9018267470171356,0.788573864324578
서비스가,기본결제방식은,5,4.31748810465631,0.9018267470171356,0.788573864324578
서비스가,갱신중,5,4.31748810465631,0.9018267470171356,0.788573864324578
서비스가,이용가능주,5,4.31748810465631,0.9018267470171356,0.788573864324578
서비스가,34회,5,4.31748810465631,0.9018267470171356,0.788573864324578
서비스가,인원부터,5,4.31748810465631,0.9018267470171356,0.788573864324578
서비스가,매월,5,4.31748810465631,0.9018267470171356,0.788573864324578
서비스가,보온도시락샐러드,5,4.31748810465631,0.9018267470171356,0.788573864324578
서비스가,결제후불결제를,5,4.31748810465631,0.9018267470171356,0.788573864324578
서비스가,연락주세요오늘도,5,4.31748810465631,0.9018267470171356,0.788573864324578
서비스가,진행도시락,5,4.31748810465631,0.9018267470171356,0.788573864324578
푸드스타그램,선택하는,5,4.31748810465631,0.9018267470171356,0.788573864324578
푸드스타그램,기본으로하며,5,4.31748810465631,0.9018267470171356,0.788573864324578
푸드스타그램,지원되지않습니다사용,5,4.31748810465631,0.9018267470171356,0.788573864324578
푸드스타그램,인스타그램에서,5,4.31748810465631,0.9018267470171356,0.788573864324578
푸드스타그램,보내십시오맛스타,5,4.31748810465631,0.9018267470171356,0.788573864324578
푸드스타그램,이유매일,5,4.31748810465631,0.9018267470171356,0.788573864324578
DM,다른메뉴기다림,5,4.31748810465631,0.9018267470171356,0.788573864324578
DM,7001700매일,5,4.31748810465631,0.9018267470171356,0.788573864324578
푸드스타그램,첫째,5,4.31748810465631,0.9018267470171356,0.788573864324578
푸드스타그램,기본결제방식은,5,4.31748810465631,0.9018267470171356,0.788573864324578
푸드스타그램,아닙니다각각,5,4.31748810465631,0.9018267470171356,0.788573864324578
푸드스타그램,보온4시간뒤처리샐러드는,5,4.31748810465631,0.9018267470171356,0.788573864324578
푸드스타그램,서비스3명,5,4.31748810465631,0.9018267470171356,0.788573864324578
푸드스타그램,가능합니다샐러드는,5,4.31748810465631,0.9018267470171356,0.788573864324578
푸드스타그램,질문이나,5,4.31748810465631,0.9018267470171356,0.788573864324578
푸드스타그램,금요일에,5,4.31748810465631,0.9018267470171356,0.788573864324578
푸드스타그램,7001700매일,5,4.31748810465631,0.9018267470171356,0.788573864324578
푸드스타그램,결제를,5,4.31748810465631,0.9018267470171356,0.788573864324578
푸드스타그램,전용,5,4.31748810465631,0.9018267470171356,0.788573864324578
푸드스타그램,다른메뉴기다림,5,4.31748810465631,0.9018267470171356,0.788573864324578
푸드스타그램,설명서기업,5,4.31748810465631,0.9018267470171356,0.788573864324578
푸드스타그램,도시락샐러드,5,4.31748810465631,0.9018267470171356,0.788573864324578
푸드스타그램,전문업체,5,4.31748810465631,0.9018267470171356,0.788573864324578
푸드스타그램,34회,5,4.31748810465631,0.9018267470171356,0.788573864324578
푸드스타그램,인원부터,5,4.31748810465631,0.9018267470171356,0.788573864324578
DM,결제를,5,4.31748810465631,0.9018267470171356,0.788573864324578
DM,배송탁월한,5,4.31748810465631,0.9018267470171356,0.788573864324578
DM,진행도시락,5,4.31748810465631,0.9018267470171356,0.788573864324578
행사간식,여주사랑카드샌드위치,5,4.31748810465631,0.9018267470171356,0.788573864324578
행사간식,12000원지역화폐,5,4.31748810465631,0.9018267470171356,0.788573864324578
행사간식,빠네디까사1배달의민족,5,4.31748810465631,0.9018267470171356,0.788573864324578
푸드스타그램,갱신중,5,4.31748810465631,0.9018267470171356,0.788573864324578
DM,보온도시락샐러드,5,4.31748810465631,0.9018267470171356,0.788573864324578
DM,34회,5,4.31748810465631,0.9018267470171356,0.788573864324578
DM,이용가능주,5,4.31748810465631,0.9018267470171356,0.788573864324578
DM,메뉴푸디스퀘어를,5,4.31748810465631,0.9018267470171356,0.788573864324578
DM,결제후불결제를,5,4.31748810465631,0.9018267470171356,0.788573864324578
DM,세트가,5,4.31748810465631,0.9018267470171356,0.788573864324578
DM,이상의,5,4.31748810465631,0.9018267470171356,0.788573864324578
DM,연락주세요오늘도,5,4.31748810465631,0.9018267470171356,0.788573864324578
DM,선택하는,5,4.31748810465631,0.9018267470171356,0.788573864324578
DM,인스타그램에서,5,4.31748810465631,0.9018267470171356,0.788573864324578
DM,지원되지않습니다사용,5,4.31748810465631,0.9018267470171356,0.788573864324578
DM,기본으로하며,5,4.31748810465631,0.9018267470171356,0.788573864324578
남원,곡성마카롱,8,3.8812513432000286,0.8989605162082188,0.8007948399890472
구성도,무료배달,5,4.26869794091545,0.8916355725225492,0.7690471291672356
최소주문,무료배달,5,4.26869794091545,0.8916355725225492,0.7690471291672356
lunch,연락처,5,4.26869794091545,0.8916355725225492,0.7690471291672356
예산에,무료배달,5,4.26869794091545,0.8916355725225492,0.7690471291672356
예산에,배달비,5,4.26869794091545,0.8916355725225492,0.7690471291672356
샌드위치맛집,핸드메이드,11,3.563716309289342,0.8911442034622775,0.8002920669292511
샌드위치맛집,곡성뚝방마켓,11,3.563716309289342,0.8911442034622775,0.8002920669292511
샌드위치맛집,마카롱,11,3.563716309289342,0.8911442034622775,0.8002920669292511
샌드위치맛집,많이달지않은마카롱,11,3.563716309289342,0.8911442034622775,0.8002920669292511
샌드위치맛집,곡성,11,3.563716309289342,0.8911442034622775,0.8002920669292511
샌드위치맛집,마카롱맛집,11,3.563716309289342,0.8911442034622775,0.8002920669292511
최대한,맞춰,7,3.9608131651832923,0.8898665035678338,0.779408904845728
음료,행사간식,7,3.9608131651832923,0.8898665035678338,0.779408904845728
음료,있습니다단체주문,6,4.094344556322101,0.8890756239299592,0.7719841941125452
음료,해드립니다,6,4.094344556322101,0.8890756239299592,0.7719841941125452
음료,세종로,6,4.094344556322101,0.8890756239299592,0.7719841941125452
음료,여주행사간식,6,4.094344556322101,0.8890756239299592,0.7719841941125452
음료,학교간식,6,4.094344556322101,0.8890756239299592,0.7719841941125452
음료,구성해서,6,4.094344556322101,0.8890756239299592,0.7719841941125452
최대한,지드림카드,6,4.094344556322101,0.8890756239299592,0.7719841941125452
최대한,여주사랑카드,6,4.094344556322101,0.8890756239299592,0.7719841941125452
최대한,여주맛집,6,4.094344556322101,0.8890756239299592,0.7719841941125452
최대한,죠샌드위치샐러드여주점,6,4.094344556322101,0.8890756239299592,0.7719841941125452
최대한,0318810107죠샌드위치,6,4.094344556322101,0.8890756239299592,0.7719841941125452
음료,0318810107죠샌드위치,6,4.094344556322101,0.8890756239299592,0.7719841941125452
최대한,맞춰원하시는,6,4.094344556322101,0.8890756239299592,0.7719841941125452
최대한,0318810107구성,6,4.094344556322101,0.8890756239299592,0.7719841941125452
음료,여주점경기,6,4.094344556322101,0.8890756239299592,0.7719841941125452
음료,구성변경,6,4.094344556322101,0.8890756239299592,0.7719841941125452
음료,G드림카드,6,4.094344556322101,0.8890756239299592,0.7719841941125452
음료,맞춰일정에,6,4.094344556322101,0.8890756239299592,0.7719841941125452
음료,여주시,6,4.094344556322101,0.8890756239299592,0.7719841941125452
음료,교회간식,6,4.094344556322101,0.8890756239299592,0.7719841941125452
음료,3800원부터,6,4.094344556322101,0.8890756239299592,0.7719841941125452
음료,학원간식,6,4.094344556322101,0.8890756239299592,0.7719841941125452
음료,여주사랑카드,6,4.094344556322101,0.8890756239299592,0.7719841941125452
음료,여주맛집,6,4.094344556322101,0.8890756239299592,0.7719841941125452
최대한,여주시,6,4.094344556322101,0.8890756239299592,0.7719841941125452
음료,지드림카드,6,4.094344556322101,0.8890756239299592,0.7719841941125452
음료,죠샌드위치샐러드여주점,6,4.094344556322101,0.8890756239299592,0.7719841941125452
음료,0318810107구성,6,4.094344556322101,0.8890756239299592,0.7719841941125452
음료,가능합니다문의주세요,6,4.094344556322101,0.8890756239299592,0.7719841941125452
최대한,있습니다단체주문,6,4.094344556322101,0.8890756239299592,0.7719841941125452
최대한,해드립니다,6,4.094344556322101,0.8890756239299592,0.7719841941125452
쫀득한마카롱좋은재료와정성은진리다,촌스마마화수목금낮12시오픈입니다촌스마마,6,4.094344556322101,0.8890756239299592,0.7719841941125452
당일,24시식당,6,4.094344556322101,0.8890756239299592,0.7719841941125452
당일,건강샐러드,6,4.094344556322101,0.8890756239299592,0.7719841941125452
당일,재고연어,6,4.094344556322101,0.8890756239299592,0.7719841941125452
당일,용산샐러드맛집,6,4.094344556322101,0.8890756239299592,0.7719841941125452
당일,용산샐러드,6,4.094344556322101,0.8890756239299592,0.7719841941125452
최대한,가능합니다문의주세요,6,4.094344556322101,0.8890756239299592,0.7719841941125452
당일,용산역맛집,6,4.094344556322101,0.8890756239299592,0.7719841941125452
최대한,여주행사간식,6,4.094344556322101,0.8890756239299592,0.7719841941125452
최대한,맞춰일정에,6,4.094344556322101,0.8890756239299592,0.7719841941125452
최대한,세종로,6,4.094344556322101,0.8890756239299592,0.7719841941125452
최대한,G드림카드,6,4.094344556322101,0.8890756239299592,0.7719841941125452
음료,단체간식,6,4.094344556322101,0.8890756239299592,0.7719841941125452
음료,맞춰원하시는,6,4.094344556322101,0.8890756239299592,0.7719841941125452
최대한,구성변경,6,4.094344556322101,0.8890756239299592,0.7719841941125452
최대한,여주점경기,6,4.094344556322101,0.8890756239299592,0.7719841941125452
최대한,단체간식,6,4.094344556322101,0.8890756239299592,0.7719841941125452
음료,문의환영,6,4.094344556322101,0.8890756239299592,0.7719841941125452
음료,체육대회간식,6,4.094344556322101,0.8890756239299592,0.7719841941125452
최대한,문의환영,6,4.094344556322101,0.8890756239299592,0.7719841941125452
최대한,체육대회간식,6,4.094344556322101,0.8890756239299592,0.7719841941125452
최대한,학교간식,6,4.094344556322101,0.8890756239299592,0.7719841941125452
최대한,구성해서,6,4.094344556322101,0.8890756239299592,0.7719841941125452
최대한,학원간식,6,4.094344556322101,0.8890756239299592,0.7719841941125452
최대한,3800원부터,6,4.094344556322101,0.8890756239299592,0.7719841941125452
최대한,교회간식,6,4.094344556322101,0.8890756239299592,0.7719841941125452
인스타그램,지원되지않습니다사용,5,4.199705069999927,0.8772245041334976,0.7428463692388327
인스타그램,금요일에,5,4.199705069999927,0.8772245041334976,0.7428463692388327
인스타그램,가능합니다샐러드는,5,4.199705069999927,0.8772245041334976,0.7428463692388327
인스타그램,갱신중,5,4.199705069999927,0.8772245041334976,0.7428463692388327
인스타그램,기본으로하며,5,4.199705069999927,0.8772245041334976,0.7428463692388327
인스타그램,메뉴푸디스퀘어를,5,4.199705069999927,0.8772245041334976,0.7428463692388327
인스타그램,이용가능주,5,4.199705069999927,0.8772245041334976,0.7428463692388327
인스타그램,34회,5,4.199705069999927,0.8772245041334976,0.7428463692388327
인스타그램,인원부터,5,4.199705069999927,0.8772245041334976,0.7428463692388327
인스타그램,매월,5,4.199705069999927,0.8772245041334976,0.7428463692388327
인스타그램,보온도시락샐러드,5,4.199705069999927,0.8772245041334976,0.7428463692388327
인스타그램,결제후불결제를,5,4.199705069999927,0.8772245041334976,0.7428463692388327
인스타그램,세트가,5,4.199705069999927,0.8772245041334976,0.7428463692388327
인스타그램,인스타그램에서,5,4.199705069999927,0.8772245041334976,0.7428463692388327
인스타그램,전문업체,5,4.199705069999927,0.8772245041334976,0.7428463692388327
인스타그램,다른메뉴기다림,5,4.199705069999927,0.8772245041334976,0.7428463692388327
인스타그램,배송탁월한,5,4.199705069999927,0.8772245041334976,0.7428463692388327
인스타그램,결제를,5,4.199705069999927,0.8772245041334976,0.7428463692388327
인스타그램,선택하는,5,4.199705069999927,0.8772245041334976,0.7428463692388327
인스타그램,설명서기업,5,4.199705069999927,0.8772245041334976,0.7428463692388327
인스타그램,이유매일,5,4.199705069999927,0.8772245041334976,0.7428463692388327
인스타그램,보내십시오맛스타,5,4.199705069999927,0.8772245041334976,0.7428463692388327
인스타그램,도시락샐러드,5,4.199705069999927,0.8772245041334976,0.7428463692388327
인스타그램,7001700매일,5,4.199705069999927,0.8772245041334976,0.7428463692388327
인스타그램,연락주세요오늘도,5,4.199705069999927,0.8772245041334976,0.7428463692388327
인스타그램,진행도시락,5,4.199705069999927,0.8772245041334976,0.7428463692388327
인스타그램,이상의,5,4.199705069999927,0.8772245041334976,0.7428463692388327
인스타그램,기본결제방식은,5,4.199705069999927,0.8772245041334976,0.7428463692388327
인스타그램,첫째,5,4.199705069999927,0.8772245041334976,0.7428463692388327
인스타그램,보온4시간뒤처리샐러드는,5,4.199705069999927,0.8772245041334976,0.7428463692388327
인스타그램,아닙니다각각,5,4.199705069999927,0.8772245041334976,0.7428463692388327
인스타그램,서비스3명,5,4.199705069999927,0.8772245041334976,0.7428463692388327
the,but,5,4.199705069999927,0.8772245041334976,0.7428463692388327
인스타그램,질문이나,5,4.199705069999927,0.8772245041334976,0.7428463692388327
인스타그램,전용,5,4.199705069999927,0.8772245041334976,0.7428463692388327
서비스가,푸드스타그램,6,4.029806035559529,0.8750612622109633,0.7466216216216215
맞춰,행사간식,6,4.029806035559529,0.8750612622109633,0.7466216216216215
샌드위치맛집,쫀득한마카롱좋은재료와정성은진리다,10,3.563716309102283,0.8703997074492411,0.7624016207394116
샌드위치맛집,순천,11,3.47670493246014,0.8693861067544961,0.7648397149170755
치아바타,지드림카드,6,3.9990343770632304,0.8683792814688412,0.7354340060310058
치아바타,해드립니다,6,3.9990343770632304,0.8683792814688412,0.7354340060310058
치아바타,0318810107죠샌드위치,6,3.9990343770632304,0.8683792814688412,0.7354340060310058
치아바타,세종로,6,3.9990343770632304,0.8683792814688412,0.7354340060310058
치아바타,맞춰일정에,6,3.9990343770632304,0.8683792814688412,0.7354340060310058
치아바타,여주시,6,3.9990343770632304,0.8683792814688412,0.7354340060310058
치아바타,교회간식,6,3.9990343770632304,0.8683792814688412,0.7354340060310058
치아바타,3800원부터,6,3.9990343770632304,0.8683792814688412,0.7354340060310058
마카롱맛집,촌스마마화수목금낮12시오픈입니다촌스마마,6,3.9990343770632304,0.8683792814688412,0.7354340060310058
마카롱,촌스마마화수목금낮12시오픈입니다촌스마마,6,3.9990343770632304,0.8683792814688412,0.7354340060310058
많이달지않은마카롱,촌스마마화수목금낮12시오픈입니다촌스마마,6,3.9990343770632304,0.8683792814688412,0.7354340060310058
핸드메이드,촌스마마화수목금낮12시오픈입니다촌스마마,6,3.9990343770632304,0.8683792814688412,0.7354340060310058
치아바타,학원간식,6,3.9990343770632304,0.8683792814688412,0.7354340060310058
치아바타,구성해서,6,3.9990343770632304,0.8683792814688412,0.7354340060310058
치아바타,문의환영,6,3.9990343770632304,0.8683792814688412,0.7354340060310058
치아바타,체육대회간식,6,3.9990343770632304,0.8683792814688412,0.7354340060310058
치아바타,학교간식,6,3.9990343770632304,0.8683792814688412,0.7354340060310058
곡성뚝방마켓,촌스마마화수목금낮12시오픈입니다촌스마마,6,3.9990343770632304,0.8683792814688412,0.7354340060310058
치아바타,0318810107구성,6,3.9990343770632304,0.8683792814688412,0.7354340060310058
치아바타,맞춰원하시는,6,3.9990343770632304,0.8683792814688412,0.7354340060310058
곡성,촌스마마화수목금낮12시오픈입니다촌스마마,6,3.9990343770632304,0.8683792814688412,0.7354340060310058
치아바타,단체간식,6,3.9990343770632304,0.8683792814688412,0.7354340060310058
치아바타,G드림카드,6,3.9990343770632304,0.8683792814688412,0.7354340060310058
치아바타,구성변경,6,3.9990343770632304,0.8683792814688412,0.7354340060310058
치아바타,여주점경기,6,3.9990343770632304,0.8683792814688412,0.7354340060310058
치아바타,여주행사간식,6,3.9990343770632304,0.8683792814688412,0.7354340060310058
치아바타,여주맛집,6,3.9990343770632304,0.8683792814688412,0.7354340060310058
치아바타,여주사랑카드,6,3.9990343770632304,0.8683792814688412,0.7354340060310058
치아바타,가능합니다문의주세요,6,3.9990343770632304,0.8683792814688412,0.7354340060310058
치아바타,있습니다단체주문,6,3.9990343770632304,0.8683792814688412,0.7354340060310058
치아바타,죠샌드위치샐러드여주점,6,3.9990343770632304,0.8683792814688412,0.7354340060310058
DM,주문을,5,4.1351665493623555,0.8637438499398914,0.7185246281636011
DM,안녕하세요배달,5,4.1351665493623555,0.8637438499398914,0.7185246281636011
DM,foodfoodfic,5,4.1351665493623555,0.8637438499398914,0.7185246281636011
DM,연락처,5,4.1351665493623555,0.8637438499398914,0.7185246281636011
DM,또먹고싶다,5,4.1351665493623555,0.8637438499398914,0.7185246281636011
DM,맛집오늘뭐먹지,5,4.1351665493623555,0.8637438499398914,0.7185246281636011
DM,instafood,5,4.1351665493623555,0.8637438499398914,0.7185246281636011
DM,문의사항은,5,4.1351665493623555,0.8637438499398914,0.7185246281636011
DM,샐러드salad,5,4.1351665493623555,0.8637438499398914,0.7185246281636011
행사간식,무료배달,5,4.1351665493623555,0.8637438499398914,0.7185246281636011
맞춰,무료배달,5,4.1351665493623555,0.8637438499398914,0.7185246281636011
행사간식,배달비,5,4.1351665493623555,0.8637438499398914,0.7185246281636011
DM,월금,5,4.1351665493623555,0.8637438499398914,0.7185246281636011
DM,당일주문이,5,4.1351665493623555,0.8637438499398914,0.7185246281636011
엑스트라버진올리브오일,냉압착,5,4.1351665493623555,0.8637438499398914,0.7185246281636011
DM,불가합니다연락처,5,4.1351665493623555,0.8637438499398914,0.7185246281636011
DM,푸디스퀘어,5,4.1351665493623555,0.8637438499398914,0.7185246281636011
DM,01096763990전화문의,5,4.1351665493623555,0.8637438499398914,0.7185246281636011
DM,수거,5,4.1351665493623555,0.8637438499398914,0.7185246281636011
서비스가,연락처,5,4.1351665493623555,0.8637438499398914,0.7185246281636011
푸드스타그램,연락처,5,4.1351665493623555,0.8637438499398914,0.7185246281636011
단체,예산에,7,3.8319802938842797,0.8609219278086913,0.7300776403962906
음료,구성도,6,3.940193877351985,0.8556022293000519,0.7133001787901383
최대한,구성도,6,3.940193877351985,0.8556022293000519,0.7133001787901383
최대한,최소주문,6,3.940193877351985,0.8556022293000519,0.7133001787901383
음료,최소주문,6,3.940193877351985,0.8556022293000519,0.7133001787901383
최대한,예산에,6,3.940193877351985,0.8556022293000519,0.7133001787901383
음료,빠네디까사1배달의민족,5,4.094344555142101,0.8552170479286245,0.7041294762525788
정기배송,30000원,5,4.094344555142101,0.8552170479286245,0.7041294762525788
최대한,여주사랑카드샌드위치,5,4.094344555142101,0.8552170479286245,0.7041294762525788
정기배송,4팩,5,4.094344555142101,0.8552170479286245,0.7041294762525788
최대한,빠네디까사1배달의민족,5,4.094344555142101,0.8552170479286245,0.7041294762525788
음료,여주사랑카드샌드위치,5,4.094344555142101,0.8552170479286245,0.7041294762525788
음료,12000원지역화폐,5,4.094344555142101,0.8552170479286245,0.7041294762525788
최대한,12000원지역화폐,5,4.094344555142101,0.8552170479286245,0.7041294762525788
광주,촌스마마화수목금낮12시오픈입니다촌스마마,6,3.912023000528146,0.8494850011224343,0.7035264706814484
순천,촌스마마화수목금낮12시오픈입니다촌스마마,6,3.912023000528146,0.8494850011224343,0.7035264706814484
인스타그램,DM,6,3.912023000528146,0.8494850011224343,0.7029229685281709
유기농,올리브오일은,6,3.912023000528146,0.8494850011224343,0.7029229685281709
샌드위치맛집,곡성마카롱,9,3.563716308873656,0.8485634688255879,0.7226655148835531
샌드위치맛집,남원,10,3.4684061294904716,0.8471212124020433,0.7254167760891528
배달,행사간식,8,3.624340930238865,0.8394559139465118,0.7023127816316909
인스타그램,당일주문이,5,4.017383514539306,0.8391416070214406,0.6766263391917762
인스타그램,주문을,5,4.017383514539306,0.8391416070214406,0.6766263391917762
인스타그램,샐러드salad,5,4.017383514539306,0.8391416070214406,0.6766263391917762
인스타그램,foodfoodfic,5,4.017383514539306,0.8391416070214406,0.6766263391917762
인스타그램,또먹고싶다,5,4.017383514539306,0.8391416070214406,0.6766263391917762
인스타그램,안녕하세요배달,5,4.017383514539306,0.8391416070214406,0.6766263391917762
인스타그램,문의사항은,5,4.017383514539306,0.8391416070214406,0.6766263391917762
인스타그램,수거,5,4.017383514539306,0.8391416070214406,0.6766263391917762
곡성마카롱,촌스마마화수목금낮12시오픈입니다촌스마마,5,4.017383514539306,0.8391416070214406,0.6766263391917762
인스타그램,01096763990전화문의,5,4.017383514539306,0.8391416070214406,0.6766263391917762
인스타그램,맛집오늘뭐먹지,5,4.017383514539306,0.8391416070214406,0.6766263391917762
인스타그램,instafood,5,4.017383514539306,0.8391416070214406,0.6766263391917762
인스타그램,푸디스퀘어,5,4.017383514539306,0.8391416070214406,0.6766263391917762
오늘의메뉴,영양사,5,4.017383514539306,0.8391416070214406,0.6766263391917762
인스타그램,불가합니다연락처,5,4.017383514539306,0.8391416070214406,0.6766263391917762
인스타그램,월금,5,4.017383514539306,0.8391416070214406,0.6766263391917762
인스타그램,연락처,5,4.017383514539306,0.8391416070214406,0.6766263391917762
치아바타,여주사랑카드샌드위치,5,3.9990343759923213,0.8353088821765133,0.6707919222105907
치아바타,빠네디까사1배달의민족,5,3.9990343759923213,0.8353088821765133,0.6707919222105907
치아바타,12000원지역화폐,5,3.9990343759923213,0.8353088821765133,0.6707919222105907
치아바타,예산에,6,3.844883698015193,0.8349058868220134,0.6793323346850707
치아바타,구성도,6,3.844883698015193,0.8349058868220134,0.6793323346850707
치아바타,최소주문,6,3.844883698015193,0.8349058868220134,0.6793323346850707
단체,죠샌드위치샐러드여주점,6,3.831980293239225,0.8321039480759691,0.6753513575165566
단체,단체간식,6,3.831980293239225,0.8321039480759691,0.6753513575165566
단체,0318810107구성,6,3.831980293239225,0.8321039480759691,0.6753513575165566
단체,맞춰원하시는,6,3.831980293239225,0.8321039480759691,0.6753513575165566
단체,있습니다단체주문,6,3.831980293239225,0.8321039480759691,0.6753513575165566
단체,해드립니다,6,3.831980293239225,0.8321039480759691,0.6753513575165566
단체,세종로,6,3.831980293239225,0.8321039480759691,0.6753513575165566
단체,가능합니다문의주세요,6,3.831980293239225,0.8321039480759691,0.6753513575165566
단체,여주행사간식,6,3.831980293239225,0.8321039480759691,0.6753513575165566
단체,학원간식,6,3.831980293239225,0.8321039480759691,0.6753513575165566
단체,G드림카드,6,3.831980293239225,0.8321039480759691,0.6753513575165566
단체,여주점경기,6,3.831980293239225,0.8321039480759691,0.6753513575165566
단체,구성해서,6,3.831980293239225,0.8321039480759691,0.6753513575165566
단체,여주시,6,3.831980293239225,0.8321039480759691,0.6753513575165566
단체,여주맛집,6,3.831980293239225,0.8321039480759691,0.6753513575165566
단체,지드림카드,6,3.831980293239225,0.8321039480759691,0.6753513575165566
단체,0318810107죠샌드위치,6,3.831980293239225,0.8321039480759691,0.6753513575165566
단체,여주사랑카드,6,3.831980293239225,0.8321039480759691,0.6753513575165566
단체,체육대회간식,6,3.831980293239225,0.8321039480759691,0.6753513575165566
단체,학교간식,6,3.831980293239225,0.8321039480759691,0.6753513575165566
단체,문의환영,6,3.831980293239225,0.8321039480759691,0.6753513575165566
단체,구성변경,6,3.831980293239225,0.8321039480759691,0.6753513575165566
단체,교회간식,6,3.831980293239225,0.8321039480759691,0.6753513575165566
단체,3800원부터,6,3.831980293239225,0.8321039480759691,0.6753513575165566
단체,맞춰일정에,6,3.831980293239225,0.8321039480759691,0.6753513575165566
DM,lunch,5,3.981015870606526,0.8315452192076084,0.6639809083130361
단체,행사간식,7,3.6984489017542628,0.8309217465136504,0.681339196994486
점심메뉴,lunch,7,3.688879450771079,0.8287718006484115,0.6785064442884665
최대한,행사간식,6,3.8066624853703197,0.8266062559501736,0.6659027536546025
음료,맞춰,6,3.8066624853703197,0.8266062559501736,0.6659027536546025
음료,무료배달,5,3.912022999548146,0.8171341507887171,0.6411394154494019
최대한,무료배달,5,3.912022999548146,0.8171341507887171,0.6411394154494019
음료,배달비,5,3.912022999548146,0.8171341507887171,0.6411394154494019
배달,최소주문,7,3.6243409298477935,0.8142720841598188,0.6563992944289418
배달,예산에,7,3.6243409298477935,0.8142720841598188,0.6563992944289418
소스를,7가지,7,3.6243409298477935,0.8142720841598188,0.6558314126391488
인스타그램,lunch,5,3.8632328356644283,0.806942976264291,0.6250468699115164
치아바타,행사간식,6,3.711352305975086,0.8059099134594446,0.634007901460011
치아바타,맞춰,6,3.711352305975086,0.8059099134594446,0.634007901460011
서비스가,DM,5,3.847484478785575,0.8036534965690014,0.6199324324324323
올리브오일은,엑스트라버진올리브오일,5,3.847484478785575,0.8036534965690014,0.6199324324324323
DM,푸드스타그램,5,3.847484478785575,0.8036534965690014,0.6199324324324323
점심메뉴,안녕하세요배달,6,3.6888794502139364,0.8010299948345012,0.6276459144608477
점심메뉴,foodfoodfic,6,3.6888794502139364,0.8010299948345012,0.6276459144608477
점심메뉴,01096763990전화문의,6,3.6888794502139364,0.8010299948345012,0.6276459144608477
점심메뉴,수거,6,3.6888794502139364,0.8010299948345012,0.6276459144608477
점심메뉴,instafood,6,3.6888794502139364,0.8010299948345012,0.6276459144608477
점심메뉴,월금,6,3.6888794502139364,0.8010299948345012,0.6276459144608477
점심메뉴,샐러드salad,6,3.6888794502139364,0.8010299948345012,0.6276459144608477
점심메뉴,문의사항은,6,3.6888794502139364,0.8010299948345012,0.6276459144608477
오후,건강샐러드,6,3.6888794502139364,0.8010299948345012,0.6276459144608477
오후,용산역맛집,6,3.6888794502139364,0.8010299948345012,0.6276459144608477
오후,24시식당,6,3.6888794502139364,0.8010299948345012,0.6276459144608477
점심메뉴,맛집오늘뭐먹지,6,3.6888794502139364,0.8010299948345012,0.6276459144608477
오후,용산샐러드,6,3.6888794502139364,0.8010299948345012,0.6276459144608477
오후,재고연어,6,3.6888794502139364,0.8010299948345012,0.6276459144608477
점심메뉴,또먹고싶다,6,3.6888794502139364,0.8010299948345012,0.6276459144608477
점심메뉴,주문을,6,3.6888794502139364,0.8010299948345012,0.6276459144608477
점심메뉴,불가합니다연락처,6,3.6888794502139364,0.8010299948345012,0.6276459144608477
점심메뉴,푸디스퀘어,6,3.6888794502139364,0.8010299948345012,0.6276459144608477
점심메뉴,당일주문이,6,3.6888794502139364,0.8010299948345012,0.6276459144608477
오후,용산샐러드맛집,6,3.6888794502139364,0.8010299948345012,0.6276459144608477
단체,여주사랑카드샌드위치,5,3.8319802923361483,0.8004150186179553,0.6159903289228154
단체,빠네디까사1배달의민족,5,3.8319802923361483,0.8004150186179553,0.6159903289228154
단체,12000원지역화폐,5,3.8319802923361483,0.8004150186179553,0.6159903289228154
단체,구성도,6,3.677829614071307,0.7986305534031096,0.6234710246168372
단체,최소주문,6,3.677829614071307,0.7986305534031096,0.6234710246168372
치아바타,무료배달,5,3.816712820289276,0.7972259850138194,0.6105725449051983
남원,촌스마마화수목금낮12시오픈입니다촌스마마,5,3.816712820289276,0.7972259850138194,0.6105725449051983
배달,3800원부터,6,3.6243409293263653,0.787015633088362,0.6071959063489053
배달,단체간식,6,3.6243409293263653,0.787015633088362,0.6071959063489053
배달,있습니다단체주문,6,3.6243409293263653,0.787015633088362,0.6071959063489053
배달,구성변경,6,3.6243409293263653,0.787015633088362,0.6071959063489053
배달,맞춰일정에,6,3.6243409293263653,0.787015633088362,0.6071959063489053
배달,세종로,6,3.6243409293263653,0.787015633088362,0.6071959063489053
배달,여주행사간식,6,3.6243409293263653,0.787015633088362,0.6071959063489053
배달,해드립니다,6,3.6243409293263653,0.787015633088362,0.6071959063489053
배달,문의환영,6,3.6243409293263653,0.787015633088362,0.6071959063489053
배달,구성해서,6,3.6243409293263653,0.787015633088362,0.6071959063489053
배달,학교간식,6,3.6243409293263653,0.787015633088362,0.6071959063489053
배달,학원간식,6,3.6243409293263653,0.787015633088362,0.6071959063489053
배달,가능합니다문의주세요,6,3.6243409293263653,0.787015633088362,0.6071959063489053
배달,체육대회간식,6,3.6243409293263653,0.787015633088362,0.6071959063489053
배달,0318810107구성,6,3.6243409293263653,0.787015633088362,0.6071959063489053
배달,맞춰원하시는,6,3.6243409293263653,0.787015633088362,0.6071959063489053
배달,죠샌드위치샐러드여주점,6,3.6243409293263653,0.787015633088362,0.6071959063489053
배달,여주점경기,6,3.6243409293263653,0.787015633088362,0.6071959063489053
배달,교회간식,6,3.6243409293263653,0.787015633088362,0.6071959063489053
배달,여주맛집,6,3.6243409293263653,0.787015633088362,0.6071959063489053
배달,0318810107죠샌드위치,6,3.6243409293263653,0.787015633088362,0.6071959063489053
배달,여주사랑카드,6,3.6243409293263653,0.787015633088362,0.6071959063489053
배달,지드림카드,6,3.6243409293263653,0.787015633088362,0.6071959063489053
배달,G드림카드,6,3.6243409293263653,0.787015633088362,0.6071959063489053
배달,여주시,6,3.6243409293263653,0.787015633088362,0.6071959063489053
배달,무료배달,6,3.6243409293263653,0.787015633088362,0.6071959063489053
풍미가,깊은,5,3.7578723205780307,0.7849355200116745,0.5920593551997465
단체,음료,7,3.4753053511323606,0.7807886140217938,0.6065654603135028
인스타그램,서비스가,5,3.7297014437541915,0.7790512536070342,0.5833782459893663
유기농,엑스트라버진올리브오일,5,3.7297014437541915,0.7790512536070342,0.5833782459893663
인스타그램,푸드스타그램,5,3.7297014437541915,0.7790512536070342,0.5833782459893663
최대한,음료,6,3.58351893495611,0.7781512496405257,0.5932203389830507
배달,단체,9,3.256616151186945,0.7754392489109327,0.6148618424747639
샌드위치맛집,촌스마마화수목금낮12시오픈입니다촌스마마,6,3.5637163077305187,0.7738511637748017,0.588562000776613
샐러드는,메뉴푸디스퀘어를,5,3.6888794494339363,0.7705244515748794,0.5724780279075998
샐러드는,이용가능주,5,3.6888794494339363,0.7705244515748794,0.5724780279075998
샐러드는,34회,5,3.6888794494339363,0.7705244515748794,0.5724780279075998
샐러드는,인원부터,5,3.6888794494339363,0.7705244515748794,0.5724780279075998
샐러드는,기본으로하며,5,3.6888794494339363,0.7705244515748794,0.5724780279075998
샐러드는,인스타그램에서,5,3.6888794494339363,0.7705244515748794,0.5724780279075998
샐러드는,지원되지않습니다사용,5,3.6888794494339363,0.7705244515748794,0.5724780279075998
샐러드는,결제를,5,3.6888794494339363,0.7705244515748794,0.5724780279075998
샐러드는,금요일에,5,3.6888794494339363,0.7705244515748794,0.5724780279075998
샐러드는,질문이나,5,3.6888794494339363,0.7705244515748794,0.5724780279075998
샐러드는,전용,5,3.6888794494339363,0.7705244515748794,0.5724780279075998
샐러드는,다른메뉴기다림,5,3.6888794494339363,0.7705244515748794,0.5724780279075998
샐러드는,보온4시간뒤처리샐러드는,5,3.6888794494339363,0.7705244515748794,0.5724780279075998
샐러드는,아닙니다각각,5,3.6888794494339363,0.7705244515748794,0.5724780279075998
샐러드는,서비스3명,5,3.6888794494339363,0.7705244515748794,0.5724780279075998
샐러드는,가능합니다샐러드는,5,3.6888794494339363,0.7705244515748794,0.5724780279075998
샐러드는,이유매일,5,3.6888794494339363,0.7705244515748794,0.5724780279075998
샐러드는,보내십시오맛스타,5,3.6888794494339363,0.7705244515748794,0.5724780279075998
샐러드는,도시락샐러드,5,3.6888794494339363,0.7705244515748794,0.5724780279075998
샐러드는,7001700매일,5,3.6888794494339363,0.7705244515748794,0.5724780279075998
샐러드는,설명서기업,5,3.6888794494339363,0.7705244515748794,0.5724780279075998
샐러드는,전문업체,5,3.6888794494339363,0.7705244515748794,0.5724780279075998
샐러드는,선택하는,5,3.6888794494339363,0.7705244515748794,0.5724780279075998
샐러드는,세트가,5,3.6888794494339363,0.7705244515748794,0.5724780279075998
샐러드는,이상의,5,3.6888794494339363,0.7705244515748794,0.5724780279075998
샐러드는,연락주세요오늘도,5,3.6888794494339363,0.7705244515748794,0.5724780279075998
샐러드는,진행도시락,5,3.6888794494339363,0.7705244515748794,0.5724780279075998
샐러드는,배송탁월한,5,3.6888794494339363,0.7705244515748794,0.5724780279075998
샐러드는,매월,5,3.6888794494339363,0.7705244515748794,0.5724780279075998
샐러드는,보온도시락샐러드,5,3.6888794494339363,0.7705244515748794,0.5724780279075998
샐러드는,결제후불결제를,5,3.6888794494339363,0.7705244515748794,0.5724780279075998
샐러드는,첫째,5,3.6888794494339363,0.7705244515748794,0.5724780279075998
점심메뉴,보온도시락샐러드,5,3.6888794494339363,0.7705244515748794,0.5724780279075998
점심메뉴,결제후불결제를,5,3.6888794494339363,0.7705244515748794,0.5724780279075998
점심메뉴,세트가,5,3.6888794494339363,0.7705244515748794,0.5724780279075998
점심메뉴,이상의,5,3.6888794494339363,0.7705244515748794,0.5724780279075998
점심메뉴,연락주세요오늘도,5,3.6888794494339363,0.7705244515748794,0.5724780279075998
점심메뉴,매월,5,3.6888794494339363,0.7705244515748794,0.5724780279075998
점심메뉴,34회,5,3.6888794494339363,0.7705244515748794,0.5724780279075998
점심메뉴,인원부터,5,3.6888794494339363,0.7705244515748794,0.5724780279075998
점심메뉴,인스타그램에서,5,3.6888794494339363,0.7705244515748794,0.5724780279075998
점심메뉴,지원되지않습니다사용,5,3.6888794494339363,0.7705244515748794,0.5724780279075998
점심메뉴,기본으로하며,5,3.6888794494339363,0.7705244515748794,0.5724780279075998
점심메뉴,메뉴푸디스퀘어를,5,3.6888794494339363,0.7705244515748794,0.5724780279075998
점심메뉴,이용가능주,5,3.6888794494339363,0.7705244515748794,0.5724780279075998
샐러드는,갱신중,5,3.6888794494339363,0.7705244515748794,0.5724780279075998
샐러드는,기본결제방식은,5,3.6888794494339363,0.7705244515748794,0.5724780279075998
점심메뉴,진행도시락,5,3.6888794494339363,0.7705244515748794,0.5724780279075998
점심메뉴,서비스3명,5,3.6888794494339363,0.7705244515748794,0.5724780279075998
점심메뉴,금요일에,5,3.6888794494339363,0.7705244515748794,0.5724780279075998
점심메뉴,가능합니다샐러드는,5,3.6888794494339363,0.7705244515748794,0.5724780279075998
점심메뉴,갱신중,5,3.6888794494339363,0.7705244515748794,0.5724780279075998
점심메뉴,전문업체,5,3.6888794494339363,0.7705244515748794,0.5724780279075998
점심메뉴,보내십시오맛스타,5,3.6888794494339363,0.7705244515748794,0.5724780279075998
점심메뉴,설명서기업,5,3.6888794494339363,0.7705244515748794,0.5724780279075998
점심메뉴,이유매일,5,3.6888794494339363,0.7705244515748794,0.5724780279075998
점심메뉴,전용,5,3.6888794494339363,0.7705244515748794,0.5724780279075998
점심메뉴,다른메뉴기다림,5,3.6888794494339363,0.7705244515748794,0.5724780279075998
점심메뉴,7001700매일,5,3.6888794494339363,0.7705244515748794,0.5724780279075998
점심메뉴,질문이나,5,3.6888794494339363,0.7705244515748794,0.5724780279075998
점심메뉴,결제를,5,3.6888794494339363,0.7705244515748794,0.5724780279075998
점심메뉴,선택하는,5,3.6888794494339363,0.7705244515748794,0.5724780279075998
점심메뉴,배송탁월한,5,3.6888794494339363,0.7705244515748794,0.5724780279075998
점심메뉴,도시락샐러드,5,3.6888794494339363,0.7705244515748794,0.5724780279075998
점심메뉴,기본결제방식은,5,3.6888794494339363,0.7705244515748794,0.5724780279075998
점심메뉴,첫째,5,3.6888794494339363,0.7705244515748794,0.5724780279075998
점심메뉴,보온4시간뒤처리샐러드는,5,3.6888794494339363,0.7705244515748794,0.5724780279075998
점심메뉴,아닙니다각각,5,3.6888794494339363,0.7705244515748794,0.5724780279075998
단체,맞춰,6,3.54429822194129,0.7696345800210171,0.5815336505597468
없는,구성도,7,3.401197379176441,0.7641389516568522,0.5850873012502638
소스를,SAUCIT의,7,3.401197379176441,0.7641389516568522,0.5835622658693621
단체,무료배달,5,3.6496587364652706,0.7623321214202048,0.5603000189277054
단체,배달비,5,3.6496587364652706,0.7623321214202048,0.5603000189277054
치아바타,최대한,6,3.4882087554790577,0.7574549071320301,0.5644759344198942
치아바타,음료,6,3.4882087554790577,0.7574549071320301,0.5644759344198942
배달,여주사랑카드샌드위치,5,3.6243409285963653,0.7570437973394979,0.5538255041758462
드디어,제대로,5,3.6243409285963653,0.7570437973394979,0.5523966024634771
배달,12000원지역화폐,5,3.6243409285963653,0.7570437973394979,0.5538255041758462
배달,빠네디까사1배달의민족,5,3.6243409285963653,0.7570437973394979,0.5538255041758462
유기농,화이트발사믹,5,3.6119184086533638,0.7544490106305616,0.5487873660462492
배달,구성도,6,3.470190250034821,0.7535422383886573,0.5600588891800756
없는,체육대회간식,6,3.4011973787621557,0.738560626746142,0.5412294272573257
없는,문의환영,6,3.4011973787621557,0.738560626746142,0.5412294272573257
없는,교회간식,6,3.4011973787621557,0.738560626746142,0.5412294272573257
없는,여주점경기,6,3.4011973787621557,0.738560626746142,0.5412294272573257
없는,구성변경,6,3.4011973787621557,0.738560626746142,0.5412294272573257
없는,3800원부터,6,3.4011973787621557,0.738560626746142,0.5412294272573257
없는,학원간식,6,3.4011973787621557,0.738560626746142,0.5412294272573257
없는,구성해서,6,3.4011973787621557,0.738560626746142,0.5412294272573257
없는,학교간식,6,3.4011973787621557,0.738560626746142,0.5412294272573257
없는,죠샌드위치샐러드여주점,6,3.4011973787621557,0.738560626746142,0.5412294272573257
없는,여주맛집,6,3.4011973787621557,0.738560626746142,0.5412294272573257
없는,가능합니다문의주세요,6,3.4011973787621557,0.738560626746142,0.5412294272573257
없는,여주사랑카드,6,3.4011973787621557,0.738560626746142,0.5412294272573257
없는,지드림카드,6,3.4011973787621557,0.738560626746142,0.5412294272573257
없는,있습니다단체주문,6,3.4011973787621557,0.738560626746142,0.5412294272573257
없는,여주시,6,3.4011973787621557,0.738560626746142,0.5412294272573257
없는,세종로,6,3.4011973787621557,0.738560626746142,0.5412294272573257
없는,여주행사간식,6,3.4011973787621557,0.738560626746142,0.5412294272573257
없는,G드림카드,6,3.4011973787621557,0.738560626746142,0.5412294272573257
없는,맞춰원하시는,6,3.4011973787621557,0.738560626746142,0.5412294272573257
없는,0318810107구성,6,3.4011973787621557,0.738560626746142,0.5412294272573257
없는,해드립니다,6,3.4011973787621557,0.738560626746142,0.5412294272573257
없는,0318810107죠샌드위치,6,3.4011973787621557,0.738560626746142,0.5412294272573257
없는,단체간식,6,3.4011973787621557,0.738560626746142,0.5412294272573257
없는,맞춰일정에,6,3.4011973787621557,0.738560626746142,0.5412294272573257
점심메뉴,서비스가,6,3.401197378762155,0.7385606267461419,0.5398210735112065
점심메뉴,푸드스타그램,6,3.401197378762155,0.7385606267461419,0.5398210735112065
배달,음료,7,3.267665986873347,0.7341387703229265,0.5441128022602194
샐러드는,문의사항은,5,3.5065578934399815,0.7324415543514209,0.5203560145530105
샐러드는,수거,5,3.5065578934399815,0.7324415543514209,0.5203560145530105
샐러드는,연락처,5,3.5065578934399815,0.7324415543514209,0.5203560145530105
샐러드는,또먹고싶다,5,3.5065578934399815,0.7324415543514209,0.5203560145530105
샐러드는,맛집오늘뭐먹지,5,3.5065578934399815,0.7324415543514209,0.5203560145530105
샐러드는,푸디스퀘어,5,3.5065578934399815,0.7324415543514209,0.5203560145530105
점심메뉴,연락처,5,3.5065578934399815,0.7324415543514209,0.5203560145530105
샐러드는,01096763990전화문의,5,3.5065578934399815,0.7324415543514209,0.5203560145530105
샐러드는,안녕하세요배달,5,3.5065578934399815,0.7324415543514209,0.5203560145530105
샐러드는,샐러드salad,5,3.5065578934399815,0.7324415543514209,0.5203560145530105
샐러드는,주문을,5,3.5065578934399815,0.7324415543514209,0.5203560145530105
샐러드는,불가합니다연락처,5,3.5065578934399815,0.7324415543514209,0.5203560145530105
샐러드는,foodfoodfic,5,3.5065578934399815,0.7324415543514209,0.5203560145530105
샐러드는,당일주문이,5,3.5065578934399815,0.7324415543514209,0.5203560145530105
샐러드는,월금,5,3.5065578934399815,0.7324415543514209,0.5203560145530105
샐러드는,instafood,5,3.5065578934399815,0.7324415543514209,0.5203560145530105
소금,후추,18,2.5538995208797135,0.7283209334304459,0.601844440563991
레몬즙,1T,6,3.336658857812084,0.7245462649864309,0.5219242247057428
배달,맞춰,6,3.336658857812084,0.7245462649864309,0.5219242247057428
단체,최대한,6,3.3211546713193885,0.7211795736662695,0.5171454907341166
드레싱,드레싱은,5,3.4420193725524104,0.7189609001055955,0.5032240045768325
배달,배달비,5,3.4420193725524104,0.7189609001055955,0.5032240045768325
없는,첫째,5,3.4011973781821556,0.7104340980629968,0.49365724849494164
없는,이용가능주,5,3.4011973781821556,0.7104340980629968,0.49365724849494164
없는,34회,5,3.4011973781821556,0.7104340980629968,0.49365724849494164
없는,메뉴푸디스퀘어를,5,3.4011973781821556,0.7104340980629968,0.49365724849494164
없는,전문업체,5,3.4011973781821556,0.7104340980629968,0.49365724849494164
없는,갱신중,5,3.4011973781821556,0.7104340980629968,0.49365724849494164
없는,12000원지역화폐,5,3.4011973781821556,0.7104340980629968,0.49365724849494164
없는,여주사랑카드샌드위치,5,3.4011973781821556,0.7104340980629968,0.49365724849494164
없는,다른메뉴기다림,5,3.4011973781821556,0.7104340980629968,0.49365724849494164
없는,보내십시오맛스타,5,3.4011973781821556,0.7104340980629968,0.49365724849494164
없는,이유매일,5,3.4011973781821556,0.7104340980629968,0.49365724849494164
없는,7001700매일,5,3.4011973781821556,0.7104340980629968,0.49365724849494164
없는,도시락샐러드,5,3.4011973781821556,0.7104340980629968,0.49365724849494164
없는,질문이나,5,3.4011973781821556,0.7104340980629968,0.49365724849494164
없는,금요일에,5,3.4011973781821556,0.7104340980629968,0.49365724849494164
없는,전용,5,3.4011973781821556,0.7104340980629968,0.49365724849494164
없는,선택하는,5,3.4011973781821556,0.7104340980629968,0.49365724849494164
없는,아닙니다각각,5,3.4011973781821556,0.7104340980629968,0.49365724849494164
없는,보온4시간뒤처리샐러드는,5,3.4011973781821556,0.7104340980629968,0.49365724849494164
없는,설명서기업,5,3.4011973781821556,0.7104340980629968,0.49365724849494164
없는,인스타그램에서,5,3.4011973781821556,0.7104340980629968,0.49365724849494164
없는,보온도시락샐러드,5,3.4011973781821556,0.7104340980629968,0.49365724849494164
없는,결제후불결제를,5,3.4011973781821556,0.7104340980629968,0.49365724849494164
없는,인원부터,5,3.4011973781821556,0.7104340980629968,0.49365724849494164
없는,가능합니다샐러드는,5,3.4011973781821556,0.7104340980629968,0.49365724849494164
없는,진행도시락,5,3.4011973781821556,0.7104340980629968,0.49365724849494164
없는,배송탁월한,5,3.4011973781821556,0.7104340980629968,0.49365724849494164
없는,결제를,5,3.4011973781821556,0.7104340980629968,0.49365724849494164
없는,연락주세요오늘도,5,3.4011973781821556,0.7104340980629968,0.49365724849494164
없는,서비스3명,5,3.4011973781821556,0.7104340980629968,0.49365724849494164
없는,빠네디까사1배달의민족,5,3.4011973781821556,0.7104340980629968,0.49365724849494164
없는,기본결제방식은,5,3.4011973781821556,0.7104340980629968,0.49365724849494164
없는,매월,5,3.4011973781821556,0.7104340980629968,0.49365724849494164
없는,세트가,5,3.4011973781821556,0.7104340980629968,0.49365724849494164
없는,이상의,5,3.4011973781821556,0.7104340980629968,0.49365724849494164
없는,기본으로하며,5,3.4011973781821556,0.7104340980629968,0.49365724849494164
없는,지원되지않습니다사용,5,3.4011973781821556,0.7104340980629968,0.49365724849494164
후추,2T,8,3.0647251435087997,0.7098398566410467,0.5254158125349635
없는,최소주문,6,3.2470466993634686,0.7050872320231716,0.4986211976172199
없는,예산에,6,3.2470466993634686,0.7050872320231716,0.4986211976172199
단체,치아바타,6,3.2258444917668117,0.700483231141374,0.49164843695263993
샐러드는,lunch,5,3.352407214184152,0.7002429235146991,0.47967671702444703
오후,당일,6,3.1780538280479456,0.6901056203713498,0.47947892910884565
샐러드맛집,많이달지않은마카롱,11,2.759343494683062,0.6900024433029324,0.525551227355041
샐러드맛집,핸드메이드,11,2.759343494683062,0.6900024433029324,0.525551227355041
샐러드맛집,곡성,11,2.759343494683062,0.6900024433029324,0.525551227355041
샐러드맛집,마카롱,11,2.759343494683062,0.6900024433029324,0.525551227355041
샐러드맛집,곡성뚝방마켓,11,2.759343494683062,0.6900024433029324,0.525551227355041
샐러드맛집,마카롱맛집,11,2.759343494683062,0.6900024433029324,0.525551227355041
레몬즙,108호샐러드,5,3.2878686932608665,0.6867622692614137,0.4637184839312094
샐러드를,드레싱을,7,3.054572771844457,0.6862636229015228,0.48661649864241435
오일,올리브,6,3.138833114986972,0.6815889507418191,0.4693460097246489
오일,드레싱을,5,3.2441936298955674,0.6776395248865035,0.4525211899238551
배달,최대한,6,3.1135153070603745,0.6760912586034958,0.463303970241375
없는,맞춰,6,3.1135153070603745,0.6760912586034958,0.4641128586595714
없는,행사간식,6,3.1135153070603745,0.6760912586034958,0.4641128586595714
샐러드맛집,쫀득한마카롱좋은재료와정성은진리다,10,2.759343494602392,0.6739402247927236,0.5006685984711778
샐러드는,푸드스타그램,5,3.2188758219882008,0.6723512007977629,0.446748474629964
샐러드는,서비스가,5,3.2188758219882008,0.6723512007977629,0.446748474629964
점심메뉴,DM,5,3.2188758219882008,0.6723512007977629,0.446748474629964
샐러드는,DM,5,3.2188758219882008,0.6723512007977629,0.446748474629964
없는,문의사항은,5,3.2188758219882008,0.6723512007977629,0.44791400876468335
없는,샐러드salad,5,3.2188758219882008,0.6723512007977629,0.44791400876468335
없는,01096763990전화문의,5,3.2188758219882008,0.6723512007977629,0.44791400876468335
없는,수거,5,3.2188758219882008,0.6723512007977629,0.44791400876468335
없는,또먹고싶다,5,3.2188758219882008,0.6723512007977629,0.44791400876468335
없는,연락처,5,3.2188758219882008,0.6723512007977629,0.44791400876468335
없는,instafood,5,3.2188758219882008,0.6723512007977629,0.44791400876468335
없는,주문을,5,3.2188758219882008,0.6723512007977629,0.44791400876468335
없는,불가합니다연락처,5,3.2188758219882008,0.6723512007977629,0.44791400876468335
없는,안녕하세요배달,5,3.2188758219882008,0.6723512007977629,0.44791400876468335
없는,당일주문이,5,3.2188758219882008,0.6723512007977629,0.44791400876468335
없는,월금,5,3.2188758219882008,0.6723512007977629,0.44791400876468335
없는,foodfoodfic,5,3.2188758219882008,0.6723512007977629,0.44791400876468335
없는,푸디스퀘어,5,3.2188758219882008,0.6723512007977629,0.44791400876468335
없는,무료배달,5,3.2188758219882008,0.6723512007977629,0.44791400876468335
없는,맛집오늘뭐먹지,5,3.2188758219882008,0.6723512007977629,0.44791400876468335
샐러드맛집,광주,11,2.6723321177652024,0.6682443465729813,0.5005090848586605
샐러드맛집,순천,11,2.6723321177652024,0.6682443465729813,0.5005090848586605
소금,약간,9,2.7950615770675973,0.6655375854446796,0.48167700537624264
맛을,SAUCIT의,6,3.0528906853762927,0.6629267892707755,0.4485484664041478
레몬즙,2T,5,3.1543373010381295,0.6588705465388826,0.4317299462427689
점심,lunch,7,2.9311937508949915,0.6585443507704822,0.4577420940011671
후추,1T,7,2.9311937508949915,0.6585443507704822,0.4565238790732113
샐러드맛집,곡성마카롱,9,2.7593434945037956,0.6570326828617582,0.47457392620610545
배달,치아바타,6,3.018205127460595,0.6553949160683504,0.4400614760661579
샐러드맛집,남원,10,2.6640333148841915,0.6506617297195416,0.4745433437553929
샐러드맛집,샌드위치맛집,13,2.4910795083839594,0.6500762829792308,0.4917340043793995
점심메뉴,인스타그램,5,3.1010927866651508,0.6477489577748731,0.41935909712630987
샐러드는,인스타그램,5,3.1010927866651508,0.6477489577748731,0.41935909712630987
맛을,7가지,5,3.093712679387136,0.6462074183478178,0.4180309419451678
없는,lunch,5,3.0647251425895137,0.6401525699312012,0.412155093984176
점심,맛집오늘뭐먹지,6,2.9311937506414196,0.6365006356602539,0.42342995795400357
점심,월금,6,2.9311937506414196,0.6365006356602539,0.42342995795400357
점심,instafood,6,2.9311937506414196,0.6365006356602539,0.42342995795400357
점심,수거,6,2.9311937506414196,0.6365006356602539,0.42342995795400357
점심,주문을,6,2.9311937506414196,0.6365006356602539,0.42342995795400357
점심,샐러드salad,6,2.9311937506414196,0.6365006356602539,0.42342995795400357
점심,01096763990전화문의,6,2.9311937506414196,0.6365006356602539,0.42342995795400357
점심,또먹고싶다,6,2.9311937506414196,0.6365006356602539,0.42342995795400357
점심,문의사항은,6,2.9311937506414196,0.6365006356602539,0.42342995795400357
점심,푸디스퀘어,6,2.9311937506414196,0.6365006356602539,0.42342995795400357
점심,당일주문이,6,2.9311937506414196,0.6365006356602539,0.42342995795400357
점심,foodfoodfic,6,2.9311937506414196,0.6365006356602539,0.42342995795400357
점심,불가합니다연락처,6,2.9311937506414196,0.6365006356602539,0.42342995795400357
점심,안녕하세요배달,6,2.9311937506414196,0.6365006356602539,0.42342995795400357
섞어,약간,5,3.0435229349928568,0.6357239027425519,0.40631749620297725
오일,약간,5,3.0435229349928568,0.6357239027425519,0.40631749620297725
후추,108호샐러드,6,2.9105744634769493,0.6320232143420027,0.4174804612820604
닭가슴살,운동하는여자,5,3.0159349785425307,0.6299613953726727,0.40158406890157927
없는,음료,6,2.890371756196165,0.6276362521961317,0.4109830554752651
없는,최대한,6,2.890371756196165,0.6276362521961317,0.4109830554752651
소금,1작은술,5,2.995732271273991,0.6257415014585985,0.3995796110241593
1층,치아바타,5,2.9694149630189552,0.6202444040911987,0.3903624903242255
점심,보온4시간뒤처리샐러드는,5,2.9311937502864196,0.6122608471918853,0.3862119416402685
점심,아닙니다각각,5,2.9311937502864196,0.6122608471918853,0.3862119416402685
점심,기본으로하며,5,2.9311937502864196,0.6122608471918853,0.3862119416402685
점심,메뉴푸디스퀘어를,5,2.9311937502864196,0.6122608471918853,0.3862119416402685
점심,이용가능주,5,2.9311937502864196,0.6122608471918853,0.3862119416402685
점심,34회,5,2.9311937502864196,0.6122608471918853,0.3862119416402685
점심,인원부터,5,2.9311937502864196,0.6122608471918853,0.3862119416402685
점심,매월,5,2.9311937502864196,0.6122608471918853,0.3862119416402685
점심,보온도시락샐러드,5,2.9311937502864196,0.6122608471918853,0.3862119416402685
점심,결제후불결제를,5,2.9311937502864196,0.6122608471918853,0.3862119416402685
점심,세트가,5,2.9311937502864196,0.6122608471918853,0.3862119416402685
점심,이상의,5,2.9311937502864196,0.6122608471918853,0.3862119416402685
점심,연락주세요오늘도,5,2.9311937502864196,0.6122608471918853,0.3862119416402685
점심,도시락샐러드,5,2.9311937502864196,0.6122608471918853,0.3862119416402685
점심,다른메뉴기다림,5,2.9311937502864196,0.6122608471918853,0.3862119416402685
점심,7001700매일,5,2.9311937502864196,0.6122608471918853,0.3862119416402685
점심,서비스3명,5,2.9311937502864196,0.6122608471918853,0.3862119416402685
점심,가능합니다샐러드는,5,2.9311937502864196,0.6122608471918853,0.3862119416402685
점심,금요일에,5,2.9311937502864196,0.6122608471918853,0.3862119416402685
점심,질문이나,5,2.9311937502864196,0.6122608471918853,0.3862119416402685
점심,전용,5,2.9311937502864196,0.6122608471918853,0.3862119416402685
점심,보내십시오맛스타,5,2.9311937502864196,0.6122608471918853,0.3862119416402685
점심,설명서기업,5,2.9311937502864196,0.6122608471918853,0.3862119416402685
점심,이유매일,5,2.9311937502864196,0.6122608471918853,0.3862119416402685
점심,전문업체,5,2.9311937502864196,0.6122608471918853,0.3862119416402685
점심,선택하는,5,2.9311937502864196,0.6122608471918853,0.3862119416402685
점심,배송탁월한,5,2.9311937502864196,0.6122608471918853,0.3862119416402685
점심,결제를,5,2.9311937502864196,0.6122608471918853,0.3862119416402685
점심,진행도시락,5,2.9311937502864196,0.6122608471918853,0.3862119416402685
없는,DM,5,2.9311937502864196,0.6122608471918853,0.38316294145150664
없는,서비스가,5,2.9311937502864196,0.6122608471918853,0.38316294145150664
없는,푸드스타그램,5,2.9311937502864196,0.6122608471918853,0.38316294145150664
점심,인스타그램에서,5,2.9311937502864196,0.6122608471918853,0.3862119416402685
점심,지원되지않습니다사용,5,2.9311937502864196,0.6122608471918853,0.3862119416402685
점심,기본결제방식은,5,2.9311937502864196,0.6122608471918853,0.3862119416402685
점심,첫째,5,2.9311937502864196,0.6122608471918853,0.3862119416402685
점심,갱신중,5,2.9311937502864196,0.6122608471918853,0.3862119416402685
없는,치아바타,6,2.7950615765554763,0.606939909652103,0.3898824762207317
후추,두르고,6,2.777043071082019,0.603027240902385,0.3876319456114591
사과,오이,6,2.772588720739781,0.6020599910153152,0.3846153846153845
소금,올리브유,8,2.5902671645208266,0.5999477234099948,0.4042086739624183
10월,23일,6,2.759343494010813,0.5991838265752786,0.38650824450822985
10월,용산역맛집,6,2.759343494010813,0.5991838265752786,0.38650824450822985
샐러드맛집,촌스마마화수목금낮12시오픈입니다촌스마마,6,2.759343494010813,0.5991838265752786,0.38650824450822985
10월,용산샐러드,6,2.759343494010813,0.5991838265752786,0.38650824450822985
10월,건강샐러드,6,2.759343494010813,0.5991838265752786,0.38650824450822985
10월,용산샐러드맛집,6,2.759343494010813,0.5991838265752786,0.38650824450822985
10월,22일,6,2.759343494010813,0.5991838265752786,0.38650824450822985
10월,재고연어,6,2.759343494010813,0.5991838265752786,0.38650824450822985
10월,24시식당,6,2.759343494010813,0.5991838265752786,0.38650824450822985
없는,샐러드는,7,2.639057328500973,0.5929107533451539,0.38655567174253413
소금,1T,6,2.70805019970221,0.5880456292366038,0.37336652294386535
소금,2T,6,2.70805019970221,0.5880456292366038,0.37336652294386535
포케,알로하포케,5,2.8134107148800367,0.5876586041515891,0.36283971814621635
소금,노릇하게,5,2.8134107148800367,0.5876586041515891,0.36122866446339447
포케,포케맛집,5,2.8134107148800367,0.5876586041515891,0.36283971814621635
없는,인스타그램,5,2.8134107148800367,0.5876586041515891,0.3590088202025885
샐러드에,오일,5,2.802360878715429,0.5853505403974231,0.35615368003698805
다이어트식단,식단추천,5,2.7806208921215614,0.5808095431983805,0.354910023725252
소금,레몬즙,9,2.4203681279670954,0.5763185945493473,0.3892249151930868
점심,연락처,5,2.748872193867465,0.574177949879654,0.34888243014520015
점심,서비스가,6,2.6435116786583888,0.5740312674565352,0.3604219772890945
점심,DM,6,2.6435116786583888,0.5740312674565352,0.3604219772890945
점심,푸드스타그램,6,2.6435116786583888,0.5740312674565352,0.3604219772890945
무화과,루꼴라,5,2.733368007360346,0.5709394719165571,0.34278244819925846
없는,단체,6,2.6280074921440586,0.5706645761316759,0.35499868589375727
올리브오일,레몬즙,9,2.3875783051682986,0.568510945633231,0.381985666158945
샐러드를,올리브,6,2.612740020034249,0.5673492866866529,0.35218552013705157
먹어도,홈쿡,5,2.6882475721613246,0.5615148216770702,0.3343483181532431
좋은,이유매일,5,2.6833575868757413,0.5604934130672113,0.3384858318033789
좋은,결제후불결제를,5,2.6833575868757413,0.5604934130672113,0.3384858318033789
좋은,이상의,5,2.6833575868757413,0.5604934130672113,0.3384858318033789
좋은,7001700매일,5,2.6833575868757413,0.5604934130672113,0.3384858318033789
좋은,선택하는,5,2.6833575868757413,0.5604934130672113,0.3384858318033789
좋은,전문업체,5,2.6833575868757413,0.5604934130672113,0.3384858318033789
좋은,전용,5,2.6833575868757413,0.5604934130672113,0.3384858318033789
좋은,보내십시오맛스타,5,2.6833575868757413,0.5604934130672113,0.3384858318033789
좋은,보온도시락샐러드,5,2.6833575868757413,0.5604934130672113,0.3384858318033789
좋은,설명서기업,5,2.6833575868757413,0.5604934130672113,0.3384858318033789
좋은,결제를,5,2.6833575868757413,0.5604934130672113,0.3384858318033789
좋은,첫째,5,2.6833575868757413,0.5604934130672113,0.3384858318033789
좋은,연락주세요오늘도,5,2.6833575868757413,0.5604934130672113,0.3384858318033789
좋은,기본결제방식은,5,2.6833575868757413,0.5604934130672113,0.3384858318033789
좋은,세트가,5,2.6833575868757413,0.5604934130672113,0.3384858318033789
좋은,진행도시락,5,2.6833575868757413,0.5604934130672113,0.3384858318033789
좋은,배송탁월한,5,2.6833575868757413,0.5604934130672113,0.3384858318033789
좋은,다른메뉴기다림,5,2.6833575868757413,0.5604934130672113,0.3384858318033789
좋은,도시락샐러드,5,2.6833575868757413,0.5604934130672113,0.3384858318033789
좋은,34회,5,2.6833575868757413,0.5604934130672113,0.3384858318033789
좋은,인원부터,5,2.6833575868757413,0.5604934130672113,0.3384858318033789
좋은,이용가능주,5,2.6833575868757413,0.5604934130672113,0.3384858318033789
좋은,매월,5,2.6833575868757413,0.5604934130672113,0.3384858318033789
좋은,지원되지않습니다사용,5,2.6833575868757413,0.5604934130672113,0.3384858318033789
좋은,기본으로하며,5,2.6833575868757413,0.5604934130672113,0.3384858318033789
좋은,메뉴푸디스퀘어를,5,2.6833575868757413,0.5604934130672113,0.3384858318033789
좋은,인스타그램에서,5,2.6833575868757413,0.5604934130672113,0.3384858318033789
좋은,질문이나,5,2.6833575868757413,0.5604934130672113,0.3384858318033789
좋은,금요일에,5,2.6833575868757413,0.5604934130672113,0.3384858318033789
좋은,아닙니다각각,5,2.6833575868757413,0.5604934130672113,0.3384858318033789
좋은,갱신중,5,2.6833575868757413,0.5604934130672113,0.3384858318033789
좋은,보온4시간뒤처리샐러드는,5,2.6833575868757413,0.5604934130672113,0.3384858318033789
좋은,서비스3명,5,2.6833575868757413,0.5604934130672113,0.3384858318033789
좋은,가능합니다샐러드는,5,2.6833575868757413,0.5604934130672113,0.3384858318033789
소금,108호샐러드,5,2.6592600353384923,0.5554599732551878,0.33115382930651344
올리브오일,프리미엄,6,2.5574773414325134,0.5553491485004289,0.3428600627785807
치즈,발사믹,7,2.4651040215691316,0.5538290762834345,0.3500763055908954
식단,diet,7,2.4567357719070184,0.5519490014712052,0.3530796025633409
포케,SALAD,5,2.631089158419415,0.5495757068306544,0.3272725503878164
다이어트식단,식단공유,5,2.626470212570801,0.5486109123000541,0.32523693489938693
다이어트식단,운동하는여자,5,2.626470212570801,0.5486109123000541,0.32523693489938693
올리브오일,108호샐러드,5,2.626470212570801,0.5486109123000541,0.32523693489938693
발사믹,루꼴라,5,2.6082048646235347,0.5447956894382576,0.3195501913402635
샌드위치,광주,12,2.1202635358334243,0.5419864691282598,0.3868589716493314
배달,1층,5,2.594721514308064,0.5419793189795227,0.3170590989369287
점심,구내식당,5,2.594721514308064,0.5419793189795227,0.31959055657626756
샐러드는,점심메뉴,5,2.5902671639658266,0.5410489047706492,0.31623931623931617
식단,헬스,5,2.5902671639658266,0.5410489047706492,0.32193393201499126
샌드위치,샌드위치맛집,15,1.9951003929919675,0.5408418512533968,0.40060309878365336
소금,섞어,7,2.376693064310405,0.5339659961198774,0.33353099087915655
점심,점심메뉴,8,2.302585092319046,0.5333159077241961,0.34206688061337903
구운,오일,5,2.5510464508740838,0.5328565745902666,0.3093596759298483
샌드위치,많이달지않은마카롱,11,2.120263535800091,0.5301938750891961,0.3700747106388689
샌드위치,핸드메이드,11,2.120263535800091,0.5301938750891961,0.3700747106388689
샌드위치,곡성뚝방마켓,11,2.120263535800091,0.5301938750891961,0.3700747106388689
샌드위치,남원,11,2.120263535800091,0.5301938750891961,0.3700747106388689
샌드위치,곡성,11,2.120263535800091,0.5301938750891961,0.3700747106388689
샌드위치,마카롱맛집,11,2.120263535800091,0.5301938750891961,0.3700747106388689
샌드위치,마카롱,11,2.120263535800091,0.5301938750891961,0.3700747106388689
맛을,소스를,5,2.534096892586167,0.5293161907736478,0.3063036064933513
식단,운동하는여자,6,2.4361164845757113,0.5289959732738769,0.3226311222149857
소금,1개,5,2.5257286429282555,0.5275682504934922,0.30669392956103225
살짝,올리브유,5,2.5257286429282555,0.5275682504934922,0.30507091271944226
소금,두르고,5,2.5257286429282555,0.5275682504934922,0.30669392956103225
없는,배달,6,2.420368127625429,0.5255762610125275,0.31504923849073924
좋은,또먹고싶다,5,2.501036030374469,0.5224105157377856,0.304717401320933
좋은,문의사항은,5,2.501036030374469,0.5224105157377856,0.304717401320933
좋은,foodfoodfic,5,2.501036030374469,0.5224105157377856,0.304717401320933
좋은,01096763990전화문의,5,2.501036030374469,0.5224105157377856,0.304717401320933
좋은,샐러드salad,5,2.501036030374469,0.5224105157377856,0.304717401320933
좋은,당일주문이,5,2.501036030374469,0.5224105157377856,0.304717401320933
좋은,instafood,5,2.501036030374469,0.5224105157377856,0.304717401320933
좋은,주문을,5,2.501036030374469,0.5224105157377856,0.304717401320933
좋은,수거,5,2.501036030374469,0.5224105157377856,0.304717401320933
좋은,월금,5,2.501036030374469,0.5224105157377856,0.304717401320933
좋은,안녕하세요배달,5,2.501036030374469,0.5224105157377856,0.304717401320933
좋은,푸디스퀘어,5,2.501036030374469,0.5224105157377856,0.304717401320933
좋은,맛집오늘뭐먹지,5,2.501036030374469,0.5224105157377856,0.304717401320933
좋은,연락처,5,2.501036030374469,0.5224105157377856,0.304717401320933
좋은,불가합니다연락처,5,2.501036030374469,0.5224105157377856,0.304717401320933
매일,먹을,8,2.253794928185328,0.5220153174616318,0.3313587787264051
올리브오일,1T,5,2.4929388201536518,0.5207191895369147,0.3010964274576573
샌드위치,쫀득한마카롱좋은재료와정성은진리다,10,2.120263535760091,0.517851759559885,0.3525532375553151
구운,샐러드에,5,2.476938478830252,0.5173770759243066,0.2964190818065827
집밥,홈쿡,6,2.3715779635095684,0.5149816114889613,0.3070392057456353
신선한,든든한,5,2.4651040212000557,0.5149051222863007,0.2943472943711097
샌드위치,단체주문,11,2.03325215884834,0.50843577835077,0.3502245993340538
샌드위치,순천,11,2.03325215884834,0.50843577835077,0.3502245993340538
샌드위치,곡성마카롱,9,2.120263535711202,0.5048601024182392,0.334178286104219
후추,레몬즙,7,2.2380465711386175,0.5028166172006092,0.3067039609568724
후추,살짝,8,2.14843441259893,0.4976121198574743,0.31107121959746675
후추,섞어,6,2.2915352559184496,0.49760055837687467,0.2927121543389607
후추,루꼴라,6,2.2915352559184496,0.49760055837687467,0.2927121543389607
다이어트식단,식단일기,5,2.3751557846585585,0.49611694647808885,0.2809160586632093
10월,오후,8,2.1307348355108076,0.4935126118512014,0.3089988397528001
다이어트식단,다이어터,6,2.2697952693033128,0.49287978026496987,0.2893458513882012
일상,먹스타그램,5,2.3538783862384385,0.49167257360731936,0.27585534587460614
샐러드를,오일,5,2.350375755691653,0.4909409523878877,0.27551411729130193
좋은,오일을,5,2.34688535075627,0.4902118848253728,0.27814777791401557
좋은,lunch,5,2.34688535075627,0.4902118848253728,0.27814777791401557
점심,인스타그램,5,2.3434070863843006,0.48948535315515096,0.275819859570319
먹어도,올리고,5,2.33994087841214,0.48876133979732667,0.2735344566643123
10월,당일,6,2.2485178708764013,0.4882594519018373,0.2868599443197852
후추,치즈,8,2.0996442484601103,0.4863115295937283,0.30182999964934115
닭가슴살,있어요,5,2.322787799207075,0.48517844501085405,0.27093557729713696
소금,살짝,8,2.079441541154836,0.48163225618883226,0.29821002598961344
없는,점심메뉴,5,2.302585091914046,0.4809585510916646,0.26761546505252365
후추,약간,5,2.276267783627841,0.4754614537177543,0.2642676699296478
소금,올리고,7,2.1084290779329202,0.4736957622978651,0.28344550417785347
올리브오일,후추,10,1.9333230331950952,0.4721935352148685,0.3053322215032303
토마토,아보카도,6,2.1580038634175533,0.4686045849142467,0.2696274000863991
건강한,건강하게,5,2.2411764638568754,0.46813166148892144,0.25883665036878445
살짝,드레싱,5,2.2380465708514747,0.4674778968092856,0.25741828023023816
좋은,DM,5,2.213353958288542,0.46232016205166854,0.25646775762098567
좋은,서비스가,5,2.213353958288542,0.46232016205166854,0.25646775762098567
좋은,푸드스타그램,5,2.213353958288542,0.46232016205166854,0.25646775762098567
소금,토마토,9,1.9348603124738564,0.46071337787398076,0.2892020054231167
포케,단체주문,6,2.120263535466758,0.46040937682694405,0.26467631804947733
샌드위치,촌스마마화수목금낮12시오픈입니다촌스마마,6,2.120263535466758,0.46040937682694405,0.2721655269759086
다이어트식단,식단관리,6,2.1156445896143032,0.45940638547895674,0.2631849825180841
후추,올리브유,5,2.189256406735614,0.45728672223637,0.25059817527768763
샌드위치,카페,11,1.8101086076174635,0.4526364203319951,0.30222633572775337
브런치,홈쿡,5,2.1541650869612896,0.4499569300068356,0.24534498241990618
10월,오픈,6,2.0661963142403414,0.44866882891145154,0.2561198832675177
샐러드를,드레싱,5,2.1427363911494224,0.447569730941817,0.2429272904933372
올리브오일,무화과,6,2.046651718182652,0.4444247738019181,0.25198634223849203
다이어트식단,먹스타그램,6,2.046651718182652,0.4444247738019181,0.25198634223849203
좋은,인스타그램,5,2.09557092275411,0.4377179189846257,0.2382912089455584
소금,드레싱,6,2.0149030198922646,0.4375306315642052,0.24682555597610378
점심,샐러드는,6,2.0149030198922646,0.4375306315642052,0.24704830266521818
다이어트식단,salad,8,1.8643301616540195,0.4318089853777025,0.25974315033895573
식단,운동,7,1.8971199844001672,0.4262214492232221,0.24940355625870456
소금,치즈,7,1.897119984400167,0.426221449223222,0.24758323409889052
소금,오일,5,2.0402208277234775,0.42615652149178,0.22848185989359543
소금,루꼴라,5,2.0402208277234775,0.42615652149178,0.22848185989359543
식단,다이어트식단,12,1.641186610540616,0.41952376258635393,0.27657472899232166
올리브오일,오일,5,2.0074310049302637,0.4193074605313153,0.223843373692023
올리브오일,소금,9,1.758969646084634,0.4188317068684523,0.25737863176463804
식단,다이어터,6,1.8971199843192146,0.41195437035805477,0.23050979896846402
10월,목요일,5,1.9708861343842463,0.41167405403990337,0.21950392575715238
후추,사과,5,1.96611285563569,0.4106770228166386,0.21763017602515433
맛있는,훨씬,5,1.9495835536985309,0.4072244211568041,0.22024401696356738
다이어트식단,운동,5,1.9333230328403488,0.40382796185572956,0.21330785380334927
브런치,카페,5,1.9310215358539764,0.40334723058556077,0.21278781438483546
샐러드를,살짝,5,1.9195928400397582,0.4009600315200511,0.21078306294808627
토마토,올리고,5,1.915057684878069,0.40001273899079703,0.2103290120528768
소금,가볍게,5,1.8971199842058812,0.39626595432016415,0.2081702015383494
식단,좋아요,6,1.8170772766969603,0.39457331723920713,0.21839557828985565
샐러드를,먹을,5,1.870802675909287,0.3907688569440837,0.20411147865717896
올리브오일,salad,7,1.7307987690402111,0.3888544560808764,0.22131960738940606
브런치,토마토,7,1.7174474358717644,0.3858548437111207,0.21920759628938136
후추,발사믹,5,1.8409497127825243,0.38453324031403535,0.20033350177272677
맛있는,건강하고,8,1.6574471313020185,0.3838915331658552,0.22872211614132784
점심,사과,5,1.83258146311831,0.38278530003256317,0.19953901369113777
식단,식단관리,6,1.7429693045871946,0.37848097556270205,0.20748699218161135
좋은,올리브,5,1.8078888505462314,0.37762756527303576,0.19721975447264192
포케,부드러운,5,1.7837912989845925,0.37259412545591775,0.19339309011144942
소금,먹어도,5,1.771956841345993,0.37012217181615664,0.1912681044452182
올리브오일,먹어도,5,1.7391670185457726,0.3632731108542284,0.18703737477561563
집밥,일상,5,1.7297240777519107,0.3613006916206422,0.18561080685022996
좋은,오일,5,1.7278461429289802,0.36090843301762554,0.18654370166900747
맛있는,향이,5,1.6982691256049784,0.35473045529696723,0.18533993910458677
후추,토마토,6,1.5983880758530098,0.34708556064899615,0.18576538214938018
맛있는,홈쿡,6,1.5929086100910863,0.3458957097768797,0.18829576869310377
좋은,가을,5,1.6537381708235028,0.34542893433878913,0.1769213067288985
식단,닭가슴살,7,1.4916548764824789,0.33512656469973795,0.18678814762153573
좋은,샐러드는,5,1.584745299378363,0.3310178658391123,0.16817715001275196
좋은,점심메뉴,5,1.584745299378363,0.3310178658391123,0.16817715001275196
점심,없는,5,1.5448993908540292,0.32269494630919204,0.16253011825346458
좋은,즐길,6,1.4793847838468785,0.3212443241251429,0.17049748181310326
다이어트식단,닭가슴살,5,1.5278579250086821,0.31913536505843226,0.1603973199396422
다이어트식단,먹을,5,1.5278579250086821,0.31913536505843226,0.1603973199396422
식단,먹스타그램,5,1.4916548763643835,0.3115733575208134,0.15705314811349053
건강한,매일,5,1.4610179069185858,0.30517397949728864,0.1522819954811278
식단,건강식,5,1.4271163552601458,0.2980927032297312,0.14925046183477
소금,salad,5,1.4271163552601458,0.2980927032297312,0.14829275350043486
포케,닭가슴살,5,1.3783261911145233,0.28790152865059904,0.14281805721539656
맛있는,홈브런치,5,1.3305443456814265,0.2779209693094088,0.13933246044007924
점심,저녁,5,1.3217558396523195,0.2760852468681999,0.1361035951395862
샌드위치,샐러드맛집,13,1.0476267338498169,0.27339042804481617,0.17772582194792955
브런치,집밥,5,1.306867227165219,0.27297534855664235,0.1343548147689195
좋은,없는,5,1.2970632270729237,0.27092751210714405,0.13369946415559897
맛있는,신선한,6,1.2446019159675188,0.27026187214132275,0.1419811102865867
식단,일상,5,1.255266098412434,0.26219702631057773,0.12918428367625429
식단,salad,6,1.2039728040926028,0.26143937259517824,0.1356222452011225
좋은,점심,7,1.1635318345787495,0.26140793878585916,0.14149796683243793
샌드위치,포케,12,1.0216512474430923,0.26115675854629516,0.16585877695229945
샌드위치,오픈,5,1.2447947985495245,0.26000980585657707,0.13041836544238825
좋은,샐러드를,5,1.20175304730851,0.25101934622664956,0.12289448442355203
맛있는,드레싱,5,1.1229049809883018,0.2345497478318197,0.11547415507224662
좋은,매일,5,1.1147416703521398,0.23284461473186724,0.11325981108656799
맛있는,닭가슴살,6,1.0332928223664366,0.22437668547686251,0.11598251431128252
좋은,저녁,5,1.0739196758465188,0.22431781266099365,0.10880913078479294
맛있는,올리고,5,1.0622803591935643,0.22188661961073003,0.10874323819452582
맛있는,먹어도,5,1.0622803591935643,0.22188661961073003,0.10874323819452582
좋은,파스타,5,1.034698962706746,0.21612548247057864,0.10457214520074957
샐러드맛집,다이어트식단,5,0.934794203253112,0.19525761160547242,0.09387532129730929
맛있는,브런치,7,0.8646701099938838,0.19426338366158827,0.10418581795065472
맛있는,치즈,5,0.850971265592482,0.17774887380156743,0.08597410181159752
샌드위치,브런치,7,0.6988778551822309,0.15701523083157573,0.08417704022291625
좋은,포케,5,0.7092765623659266,0.14815201790228869,0.0706474242321277
샌드위치,파스타,6,0.6539264673143563,0.14199832816563954,0.0725467411623262
맛있는,올리브오일,6,0.6438280556953683,0.13980548594453482,0.07096525742597702
맛있는,토마토,5,0.6373971653484672,0.13313801873923395,0.06383332827609849
샐러드,샐러드맛집,36,0.36397666903743126,0.12937203475884534,0.15847106629975247
식단,포케,5,0.6161861393215948,0.12870750957764984,0.061282367596427065
샐러드,다이어트식단,30,0.385254067482634,0.12860096707779545,0.15227649414334543
샐러드,집밥,27,0.381676246133822,0.1230779831755905,0.14272847008424555
샐러드,파스타,25,0.3788231771506896,0.1191997358685631,0.13606393985950738
샐러드,샌드위치,62,0.26851215634107983,0.11829796275942948,0.15788665300397187
맛있는,후추,5,0.5632891932109587,0.11765852005370694,0.056302306087367825
샐러드,샌드위치맛집,17,0.4180438902967074,0.11730560285949958,0.12301797279145715
샐러드,salad,23,0.37548427588434075,0.11512853247508438,0.1291193722403541
샐러드,식단관리,14,0.41804389029278205,0.11124483592738985,0.11135086434843496
샐러드,샐러드에,14,0.41804389029278205,0.11124483592738985,0.11135086434843496
샐러드,닭가슴살,20,0.3692537261321928,0.10856580336275472,0.11807659062999451
샐러드,단체주문,12,0.41804389028907507,0.10686130672400428,0.1029153943951696
샐러드,순천,12,0.41804389028907507,0.10686130672400428,0.1029153943951696
샐러드,다이어터,12,0.41804389028907507,0.10686130672400428,0.1029153943951696
샐러드,광주,12,0.41804389028907507,0.10686130672400428,0.1029153943951696
샐러드,홈카페,11,0.4180438902867159,0.10453620807322811,0.09845030771472164
샐러드,마카롱맛집,11,0.4180438902867159,0.10453620807322811,0.09845030771472164
샐러드,곡성뚝방마켓,11,0.4180438902867159,0.10453620807322811,0.09845030771472164
샐러드,핸드메이드,11,0.4180438902867159,0.10453620807322811,0.09845030771472164
샐러드,남원,11,0.4180438902867159,0.10453620807322811,0.09845030771472164
샐러드,많이달지않은마카롱,11,0.4180438902867159,0.10453620807322811,0.09845030771472164
샐러드,곡성,11,0.4180438902867159,0.10453620807322811,0.09845030771472164
샐러드,마카롱,11,0.4180438902867159,0.10453620807322811,0.09845030771472164
샐러드,치아바타,11,0.4180438902867159,0.10453620807322811,0.09845030771472164
샐러드,일상,18,0.3639766690301139,0.1037988476710328,0.11020849555409647
샐러드,상큼한,10,0.41804389028388517,0.10210276246587531,0.09378910183628379
샐러드,달콤한,10,0.41804389028388517,0.10210276246587531,0.09378910183628379
샐러드,쫀득한마카롱좋은재료와정성은진리다,10,0.41804389028388517,0.10210276246587531,0.09378910183628379
샐러드,오늘의메뉴,9,0.4180438902804252,0.09954124933413086,0.08890084664726933
샐러드,곡성마카롱,9,0.4180438902804252,0.09954124933413086,0.08890084664726933
샐러드,커피,9,0.4180438902804252,0.09954124933413086,0.08890084664726933
샐러드,몸이,9,0.4180438902804252,0.09954124933413086,0.08890084664726933
샐러드,인스타그램,9,0.4180438902804252,0.09954124933413086,0.08890084664726933
샐러드,회사,8,0.41804389027610034,0.09682571886479531,0.08374570112179151
샐러드,저속노화,8,0.41804389027610034,0.09682571886479531,0.08374570112179151
샐러드,diet,8,0.41804389027610034,0.09682571886479531,0.08374570112179151
샐러드,서브웨이,8,0.41804389027610034,0.09682571886479531,0.08374570112179151
샐러드,행사간식,8,0.41804389027610034,0.09682571886479531,0.08374570112179151
샐러드,두르고,8,0.41804389027610034,0.09682571886479531,0.08374570112179151
샐러드,타코,8,0.41804389027610034,0.09682571886479531,0.08374570112179151
샐러드,10월,33,0.2769652920493166,0.0954913743926809,0.11518610130133752
샐러드,합리적인,7,0.41804389027053984,0.09392092973305534,0.07827085105882191
샐러드,아침은,7,0.41804389027053984,0.09392092973305534,0.07827085105882191
샐러드,구내식당,7,0.41804389027053984,0.09392092973305534,0.07827085105882191
샐러드,운동하는여자,7,0.41804389027053984,0.09392092973305534,0.07827085105882191
샐러드,되어,7,0.41804389027053984,0.09392092973305534,0.07827085105882191
샐러드,뿌려서,7,0.41804389027053984,0.09392092973305534,0.07827085105882191
샐러드,최소주문,7,0.41804389027053984,0.09392092973305534,0.07827085105882191
샐러드,선물,7,0.41804389027053984,0.09392092973305534,0.07827085105882191
샐러드,가능합니다,7,0.41804389027053984,0.09392092973305534,0.07827085105882191
샐러드,예산에,7,0.41804389027053984,0.09392092973305534,0.07827085105882191
샐러드,구성도,7,0.41804389027053984,0.09392092973305534,0.07827085105882191
샐러드,식단기록,7,0.41804389027053984,0.09392092973305534,0.07827085105882191
샐러드,즐기는,7,0.41804389027053984,0.09392092973305534,0.07827085105882191
샐러드,먹으러,7,0.41804389027053984,0.09392092973305534,0.07827085105882191
샐러드,밥,7,0.41804389027053984,0.09392092973305534,0.07827085105882191
샐러드,달콤,7,0.41804389027053984,0.09392092973305534,0.07827085105882191
샐러드,향과,7,0.41804389027053984,0.09392092973305534,0.07827085105882191
샐러드,108호샐러드,7,0.41804389027053984,0.09392092973305534,0.07827085105882191
샐러드,다이어트도시락,7,0.41804389027053984,0.09392092973305534,0.07827085105882191
샐러드,한식뷔페,7,0.41804389027053984,0.09392092973305534,0.07827085105882191
샐러드,식단공유,7,0.41804389027053984,0.09392092973305534,0.07827085105882191
샐러드,먹스타그램,14,0.3490510188101707,0.09288527884148855,0.09284877160257152
샐러드,점심메뉴,14,0.3490510188101707,0.09288527884148855,0.09284877160257152
샐러드,샐러드는,14,0.3490510188101707,0.09288527884148855,0.09284877160257152
샐러드,점심,28,0.28451249768344933,0.09283458849346106,0.10843480311874744
샐러드,3800원부터,6,0.4180438902631258,0.09077707736929325,0.07240370419762299
샐러드,학원간식,6,0.4180438902631258,0.09077707736929325,0.07240370419762299
샐러드,G드림카드,6,0.4180438902631258,0.09077707736929325,0.07240370419762299
샐러드,구성변경,6,0.4180438902631258,0.09077707736929325,0.07240370419762299
샐러드,여주점경기,6,0.4180438902631258,0.09077707736929325,0.07240370419762299
샐러드,교회간식,6,0.4180438902631258,0.09077707736929325,0.07240370419762299
샐러드,여주시,6,0.4180438902631258,0.09077707736929325,0.07240370419762299
샐러드,단체간식,6,0.4180438902631258,0.09077707736929325,0.07240370419762299
샐러드,맞춰원하시는,6,0.4180438902631258,0.09077707736929325,0.07240370419762299
샐러드,맞춰일정에,6,0.4180438902631258,0.09077707736929325,0.07240370419762299
샐러드,노릇하게,6,0.4180438902631258,0.09077707736929325,0.07240370419762299
샐러드,세종로,6,0.4180438902631258,0.09077707736929325,0.07240370419762299
샐러드,여주행사간식,6,0.4180438902631258,0.09077707736929325,0.07240370419762299
샐러드,영양사,6,0.4180438902631258,0.09077707736929325,0.07240370419762299
샐러드,여주사랑카드,6,0.4180438902631258,0.09077707736929325,0.07240370419762299
샐러드,간식,6,0.4180438902631258,0.09077707736929325,0.07240370419762299
샐러드,전통,6,0.4180438902631258,0.09077707736929325,0.07240370419762299
샐러드,지드림카드,6,0.4180438902631258,0.09077707736929325,0.07240370419762299
샐러드,무료배달,6,0.4180438902631258,0.09077707736929325,0.07240370419762299
샐러드,식단추천,6,0.4180438902631258,0.09077707736929325,0.07240370419762299
샐러드,용산역맛집,6,0.4180438902631258,0.09077707736929325,0.07240370419762299
샐러드,22일,6,0.4180438902631258,0.09077707736929325,0.07240370419762299
샐러드,연락처,6,0.4180438902631258,0.09077707736929325,0.07240370419762299
샐러드,체육대회간식,6,0.4180438902631258,0.09077707736929325,0.07240370419762299
샐러드,문의환영,6,0.4180438902631258,0.09077707736929325,0.07240370419762299
샐러드,가능합니다문의주세요,6,0.4180438902631258,0.09077707736929325,0.07240370419762299
샐러드,있습니다단체주문,6,0.4180438902631258,0.09077707736929325,0.07240370419762299
샐러드,해드립니다,6,0.4180438902631258,0.09077707736929325,0.07240370419762299
샐러드,0318810107구성,6,0.4180438902631258,0.09077707736929325,0.07240370419762299
샐러드,0318810107죠샌드위치,6,0.4180438902631258,0.09077707736929325,0.07240370419762299
샐러드,선택,6,0.4180438902631258,0.09077707736929325,0.07240370419762299
샐러드,용산샐러드맛집,6,0.4180438902631258,0.09077707736929325,0.07240370419762299
샐러드,접시,6,0.4180438902631258,0.09077707736929325,0.07240370419762299
샐러드,재료를,6,0.4180438902631258,0.09077707736929325,0.07240370419762299
샐러드,당근라페,6,0.4180438902631258,0.09077707736929325,0.07240370419762299
샐러드,촌스마마화수목금낮12시오픈입니다촌스마마,6,0.4180438902631258,0.09077707736929325,0.07240370419762299
샐러드,탄단지,6,0.4180438902631258,0.09077707736929325,0.07240370419762299
샐러드,여주맛집,6,0.4180438902631258,0.09077707736929325,0.07240370419762299
샐러드,재고연어,6,0.4180438902631258,0.09077707736929325,0.07240370419762299
샐러드,용산샐러드,6,0.4180438902631258,0.09077707736929325,0.07240370419762299
샐러드,구성해서,6,0.4180438902631258,0.09077707736929325,0.07240370419762299
샐러드,SALAD,6,0.4180438902631258,0.09077707736929325,0.07240370419762299
샐러드,톡톡,6,0.4180438902631258,0.09077707736929325,0.07240370419762299
샐러드,간단히,6,0.4180438902631258,0.09077707736929325,0.07240370419762299
샐러드,24시식당,6,0.4180438902631258,0.09077707736929325,0.07240370419762299
샐러드,건강샐러드,6,0.4180438902631258,0.09077707736929325,0.07240370419762299
샐러드,학교간식,6,0.4180438902631258,0.09077707736929325,0.07240370419762299
샐러드,죠샌드위치샐러드여주점,6,0.4180438902631258,0.09077707736929325,0.07240370419762299
샐러드,네이버,5,0.418043890252746,0.0873200232446346,0.06603967115418229
샐러드,갈아,5,0.418043890252746,0.0873200232446346,0.06603967115418229
샐러드,직원식당,5,0.418043890252746,0.0873200232446346,0.06603967115418229
샐러드,토핑,5,0.418043890252746,0.0873200232446346,0.06603967115418229
샐러드,요거트,5,0.418043890252746,0.0873200232446346,0.06603967115418229
샐러드,물기,5,0.418043890252746,0.0873200232446346,0.06603967115418229
샐러드,한국,5,0.418043890252746,0.0873200232446346,0.06603967115418229
샐러드,호두,5,0.418043890252746,0.0873200232446346,0.06603967115418229
샐러드,바쁜,5,0.418043890252746,0.0873200232446346,0.06603967115418229
샐러드,샐러드에는,5,0.418043890252746,0.0873200232446346,0.06603967115418229
샐러드,레시피,5,0.418043890252746,0.0873200232446346,0.06603967115418229
샐러드,인스타그램에서,5,0.418043890252746,0.0873200232446346,0.06603967115418229
샐러드,지원되지않습니다사용,5,0.418043890252746,0.0873200232446346,0.06603967115418229
샐러드,기본으로하며,5,0.418043890252746,0.0873200232446346,0.06603967115418229
샐러드,보온도시락샐러드,5,0.418043890252746,0.0873200232446346,0.06603967115418229
샐러드,매월,5,0.418043890252746,0.0873200232446346,0.06603967115418229
샐러드,샐러드도,5,0.418043890252746,0.0873200232446346,0.06603967115418229
샐러드,이번에,5,0.418043890252746,0.0873200232446346,0.06603967115418229
샐러드,메뉴푸디스퀘어를,5,0.418043890252746,0.0873200232446346,0.06603967115418229
샐러드,이용가능주,5,0.418043890252746,0.0873200232446346,0.06603967115418229
샐러드,인원부터,5,0.418043890252746,0.0873200232446346,0.06603967115418229
샐러드,34회,5,0.418043890252746,0.0873200232446346,0.06603967115418229
샐러드,도시락샐러드,5,0.418043890252746,0.0873200232446346,0.06603967115418229
샐러드,7001700매일,5,0.418043890252746,0.0873200232446346,0.06603967115418229
샐러드,결제를,5,0.418043890252746,0.0873200232446346,0.06603967115418229
샐러드,선택하는,5,0.418043890252746,0.0873200232446346,0.06603967115418229
샐러드,다른메뉴기다림,5,0.418043890252746,0.0873200232446346,0.06603967115418229
샐러드,전용,5,0.418043890252746,0.0873200232446346,0.06603967115418229
샐러드,집밥요리,5,0.418043890252746,0.0873200232446346,0.06603967115418229
샐러드,직장인,5,0.418043890252746,0.0873200232446346,0.06603967115418229
샐러드,가능합니다샐러드는,5,0.418043890252746,0.0873200232446346,0.06603967115418229
샐러드,서비스3명,5,0.418043890252746,0.0873200232446346,0.06603967115418229
샐러드,배송탁월한,5,0.418043890252746,0.0873200232446346,0.06603967115418229
샐러드,진행도시락,5,0.418043890252746,0.0873200232446346,0.06603967115418229
샐러드,연락주세요오늘도,5,0.418043890252746,0.0873200232446346,0.06603967115418229
샐러드,이상의,5,0.418043890252746,0.0873200232446346,0.06603967115418229
샐러드,세트가,5,0.418043890252746,0.0873200232446346,0.06603967115418229
샐러드,결제후불결제를,5,0.418043890252746,0.0873200232446346,0.06603967115418229
샐러드,신선함,5,0.418043890252746,0.0873200232446346,0.06603967115418229
샐러드,골라,5,0.418043890252746,0.0873200232446346,0.06603967115418229
샐러드,곱게,5,0.418043890252746,0.0873200232446346,0.06603967115418229
샐러드,갱신중,5,0.418043890252746,0.0873200232446346,0.06603967115418229
샐러드,기본결제방식은,5,0.418043890252746,0.0873200232446346,0.06603967115418229
샐러드,첫째,5,0.418043890252746,0.0873200232446346,0.06603967115418229
샐러드,올리브오일추천,5,0.418043890252746,0.0873200232446346,0.06603967115418229
샐러드,깜짝,5,0.418043890252746,0.0873200232446346,0.06603967115418229
샐러드,풍미,5,0.418043890252746,0.0873200232446346,0.06603967115418229
샐러드,유부초밥,5,0.418043890252746,0.0873200232446346,0.06603967115418229
샐러드,보온4시간뒤처리샐러드는,5,0.418043890252746,0.0873200232446346,0.06603967115418229
샐러드,아닙니다각각,5,0.418043890252746,0.0873200232446346,0.06603967115418229
샐러드,전문업체,5,0.418043890252746,0.0873200232446346,0.06603967115418229
샐러드,설명서기업,5,0.418043890252746,0.0873200232446346,0.06603967115418229
샐러드,이유매일,5,0.418043890252746,0.0873200232446346,0.06603967115418229
샐러드,보내십시오맛스타,5,0.418043890252746,0.0873200232446346,0.06603967115418229
샐러드,들어,5,0.418043890252746,0.0873200232446346,0.06603967115418229
샐러드,집에서,5,0.418043890252746,0.0873200232446346,0.06603967115418229
샐러드,이탈리안,5,0.418043890252746,0.0873200232446346,0.06603967115418229
샐러드,but,5,0.418043890252746,0.0873200232446346,0.06603967115418229
샐러드,포케맛집,5,0.418043890252746,0.0873200232446346,0.06603967115418229
샐러드,헬스,5,0.418043890252746,0.0873200232446346,0.06603967115418229
샐러드,부드럽게,5,0.418043890252746,0.0873200232446346,0.06603967115418229
샐러드,진행,5,0.418043890252746,0.0873200232446346,0.06603967115418229
샐러드,질문이나,5,0.418043890252746,0.0873200232446346,0.06603967115418229
샐러드,금요일에,5,0.418043890252746,0.0873200232446346,0.06603967115418229
샐러드,여주사랑카드샌드위치,5,0.418043890252746,0.0873200232446346,0.06603967115418229
샐러드,일요일,5,0.418043890252746,0.0873200232446346,0.06603967115418229
샐러드,빠네디까사1배달의민족,5,0.418043890252746,0.0873200232446346,0.06603967115418229
샐러드,12000원지역화폐,5,0.418043890252746,0.0873200232446346,0.06603967115418229
샐러드,단체급식,5,0.418043890252746,0.0873200232446346,0.06603967115418229
샐러드,와인,5,0.418043890252746,0.0873200232446346,0.06603967115418229
샐러드,알로하포케,5,0.418043890252746,0.0873200232446346,0.06603967115418229
샐러드,라이프스타일,5,0.418043890252746,0.0873200232446346,0.06603967115418229
샐러드,디저트,5,0.418043890252746,0.0873200232446346,0.06603967115418229
샐러드,샐러드도시락,5,0.418043890252746,0.0873200232446346,0.06603967115418229
샐러드,온더테이블,5,0.418043890252746,0.0873200232446346,0.06603967115418229
샐러드,홈브런치,12,0.33800118262138096,0.08640061220414753,0.08307184399683844
샐러드,좋아요,12,0.33800118262138096,0.08640061220414753,0.08307184399683844
샐러드,루꼴라,12,0.33800118262138096,0.08640061220414753,0.08307184399683844
샐러드,섞어,12,0.33800118262138096,0.08640061220414753,0.08307184399683844
샐러드,구운,16,0.3002608546455082,0.08284564289100586,0.08549212732279693
샐러드,홈쿡,11,0.33103251330399064,0.08277811132705663,0.07781407868903067
샐러드,식단,37,0.22229931318489243,0.07979123339263801,0.09839772291138882
샐러드,이거,10,0.32273371048784566,0.07882426737368183,0.07225510388818816
샐러드,빵,10,0.32273371048784566,0.07882426737368183,0.07225510388818816
샐러드,건강식,14,0.28451249767639697,0.07571106015001398,0.07561734795184635
샐러드,정기배송,9,0.3126833746327256,0.07445365063480514,0.06633863300615195
샐러드,스테이크,9,0.3126833746327256,0.07445365063480514,0.06633863300615195
샐러드,음료,9,0.3126833746327256,0.07445365063480514,0.06633863300615195
샐러드,추가,9,0.3126833746327256,0.07445365063480514,0.06633863300615195
샐러드,풍미가,9,0.3126833746327256,0.07445365063480514,0.06633863300615195
샐러드,카페,13,0.27494304665974545,0.07174959819708959,0.0703399784867966
샐러드,없는,17,0.255524960806974,0.07170182430327501,0.07504527667072061
샐러드,고기,8,0.30026085463237523,0.06954526491832248,0.059990002209132955
샐러드,프리미엄,8,0.30026085463237523,0.06954526491832248,0.059990002209132955
샐러드,재료,8,0.30026085463237523,0.06954526491832248,0.059990002209132955
샐러드,아침에,8,0.30026085463237523,0.06954526491832248,0.059990002209132955
샐러드,식단일기,8,0.30026085463237523,0.06954526491832248,0.059990002209132955
샐러드,향이,8,0.30026085463237523,0.06954526491832248,0.059990002209132955
샐러드,아삭한,8,0.30026085463237523,0.06954526491832248,0.059990002209132955
샐러드,새우,8,0.30026085463237523,0.06954526491832248,0.059990002209132955
샐러드,후추,23,0.2213335960625073,0.06786385939090206,0.07608482646514257
샐러드,운동,12,0.26389321047266656,0.06745696794468568,0.06479301165919385
샐러드,포케,29,0.2018207818407617,0.06661556923528214,0.07842613981235391
샐러드,따라,7,0.2845124976622921,0.06392074833057144,0.05310702997967267
샐러드,1T,7,0.2845124976622921,0.06392074833057144,0.05310702997967267
샐러드,서비스가,7,0.2845124976622921,0.06392074833057144,0.05310702997967267
샐러드,진한,7,0.2845124976622921,0.06392074833057144,0.05310702997967267
샐러드,푸드스타그램,7,0.2845124976622921,0.06392074833057144,0.05310702997967267
샐러드,제대로,7,0.2845124976622921,0.06392074833057144,0.05310702997967267
샐러드,뿌려,7,0.2845124976622921,0.06392074833057144,0.05310702997967267
샐러드,샐러드레시피,7,0.2845124976622921,0.06392074833057144,0.05310702997967267
샐러드,우리,7,0.2845124976622921,0.06392074833057144,0.05310702997967267
샐러드,맞춰,7,0.2845124976622921,0.06392074833057144,0.05310702997967267
샐러드,DM,7,0.2845124976622921,0.06392074833057144,0.05310702997967267
샐러드,2T,7,0.2845124976622921,0.06392074833057144,0.05310702997967267
샐러드,올리브오일,25,0.20293251069267937,0.06385433398149648,0.07289691422500724
샐러드,단체,11,0.2509898056362965,0.06276260257806887,0.05893474646749071
샐러드,치킨,11,0.2509898056362965,0.06276260257806887,0.05893474646749071
샐러드,고소한,11,0.2509898056362965,0.06276260257806887,0.05893474646749071
샐러드,오일,11,0.2509898056362965,0.06276260257806887,0.05893474646749071
샐러드,샐러드를,18,0.21737319484477974,0.06199047647637066,0.06575544441477095
샐러드,소금,24,0.19490033899543482,0.060549194688157594,0.06852777748970218
샐러드,신선한,14,0.22388787586331313,0.05957836149477659,0.059479278092856615
샐러드,발사믹,14,0.22388787586331313,0.05957836149477659,0.059479278092856615
샐러드,올리고,14,0.22388787586331313,0.05957836149477659,0.059479278092856615
샐러드,요리,10,0.2357223335051203,0.0575726663758466,0.052712762982891744
샐러드,훨씬,6,0.2638932104575672,0.05730368255797181,0.045544362811230865
샐러드,lunch,6,0.2638932104575672,0.05730368255797181,0.045544362811230865
샐러드,토스트,6,0.2638932104575672,0.05730368255797181,0.045544362811230865
샐러드,되면,6,0.2638932104575672,0.05730368255797181,0.045544362811230865
샐러드,발사믹식초,6,0.2638932104575672,0.05730368255797181,0.045544362811230865
샐러드,유러피안,6,0.2638932104575672,0.05730368255797181,0.045544362811230865
샐러드,리코타치즈,6,0.2638932104575672,0.05730368255797181,0.045544362811230865
샐러드,부라타,6,0.2638932104575672,0.05730368255797181,0.045544362811230865
샐러드,깊은,6,0.2638932104575672,0.05730368255797181,0.045544362811230865
샐러드,달달한,6,0.2638932104575672,0.05730368255797181,0.045544362811230865
샐러드,팔로우,6,0.2638932104575672,0.05730368255797181,0.045544362811230865
샐러드,기본,6,0.2638932104575672,0.05730368255797181,0.045544362811230865
샐러드,연어,6,0.2638932104575672,0.05730368255797181,0.045544362811230865
샐러드,불고기,6,0.2638932104575672,0.05730368255797181,0.045544362811230865
샐러드,그런지,6,0.2638932104575672,0.05730368255797181,0.045544362811230865
샐러드,소스가,6,0.2638932104575672,0.05730368255797181,0.045544362811230865
샐러드,버터,6,0.2638932104575672,0.05730368255797181,0.045544362811230865
샐러드,건강한,23,0.18624227625235976,0.05710438845742261,0.06403985142051981
샐러드,아보카도,13,0.21040452552597183,0.05490751757043084,0.05380465142727529
샐러드,레몬즙,13,0.21040452552597183,0.05490751757043084,0.05380465142727529
맛있는,10월,5,0.25790754371524327,0.05387112032319368,0.025737426445431442
샐러드,살짝,16,0.1949003389927453,0.05377538774607131,0.05546824797401089
샐러드,건강하게,9,0.2173731948366861,0.05175915708582801,0.046059900061654696
샐러드,사과,12,0.19490033899005524,0.04982085706605288,0.04783118537102169
샐러드,저녁은,5,0.23572233348917104,0.049237125860419666,0.037084824101221533
샐러드,가게,5,0.23572233348917104,0.049237125860419666,0.037084824101221533
샐러드,비건,5,0.23572233348917104,0.049237125860419666,0.037084824101221533
샐러드,식감,5,0.23572233348917104,0.049237125860419666,0.037084824101221533
샐러드,좋게,5,0.23572233348917104,0.049237125860419666,0.037084824101221533
샐러드,수거,5,0.23572233348917104,0.049237125860419666,0.037084824101221533
샐러드,월금,5,0.23572233348917104,0.049237125860419666,0.037084824101221533
샐러드,당일주문이,5,0.23572233348917104,0.049237125860419666,0.037084824101221533
샐러드,볼에,5,0.23572233348917104,0.049237125860419666,0.037084824101221533
샐러드,23일,5,0.23572233348917104,0.049237125860419666,0.037084824101221533
샐러드,안녕하세요배달,5,0.23572233348917104,0.049237125860419666,0.037084824101221533
샐러드,불가합니다연락처,5,0.23572233348917104,0.049237125860419666,0.037084824101221533
샐러드,푸디스퀘어,5,0.23572233348917104,0.049237125860419666,0.037084824101221533
샐러드,먹었어요,5,0.23572233348917104,0.049237125860419666,0.037084824101221533
샐러드,저녁에,5,0.23572233348917104,0.049237125860419666,0.037084824101221533
샐러드,있으면,5,0.23572233348917104,0.049237125860419666,0.037084824101221533
샐러드,만드는,5,0.23572233348917104,0.049237125860419666,0.037084824101221533
샐러드,맛은,5,0.23572233348917104,0.049237125860419666,0.037084824101221533
샐러드,은은한,5,0.23572233348917104,0.049237125860419666,0.037084824101221533
샐러드,healthy,5,0.23572233348917104,0.049237125860419666,0.037084824101221533
샐러드,문의사항은,5,0.23572233348917104,0.049237125860419666,0.037084824101221533
샐러드,시나노골드,5,0.23572233348917104,0.049237125860419666,0.037084824101221533
샐러드,미리,5,0.23572233348917104,0.049237125860419666,0.037084824101221533
샐러드,미니,5,0.23572233348917104,0.049237125860419666,0.037084824101221533
샐러드,맛집오늘뭐먹지,5,0.23572233348917104,0.049237125860419666,0.037084824101221533
샐러드,제철,5,0.23572233348917104,0.049237125860419666,0.037084824101221533
샐러드,01096763990전화문의,5,0.23572233348917104,0.049237125860419666,0.037084824101221533
샐러드,샐러드salad,5,0.23572233348917104,0.049237125860419666,0.037084824101221533
샐러드,배달비,5,0.23572233348917104,0.049237125860419666,0.037084824101221533
샐러드,씹히는,5,0.23572233348917104,0.049237125860419666,0.037084824101221533
샐러드,데일리,5,0.23572233348917104,0.049237125860419666,0.037084824101221533
샐러드,치킨텐더,5,0.23572233348917104,0.049237125860419666,0.037084824101221533
샐러드,화이트,5,0.23572233348917104,0.049237125860419666,0.037084824101221533
샐러드,foodfoodfic,5,0.23572233348917104,0.049237125860419666,0.037084824101221533
샐러드,instafood,5,0.23572233348917104,0.049237125860419666,0.037084824101221533
샐러드,주문을,5,0.23572233348917104,0.049237125860419666,0.037084824101221533
샐러드,복숭아,5,0.23572233348917104,0.049237125860419666,0.037084824101221533
샐러드,또먹고싶다,5,0.23572233348917104,0.049237125860419666,0.037084824101221533
샐러드,쉬림프,8,0.19490033898467565,0.04514206729996645,0.038888164176020104
샐러드,한번,8,0.19490033898467565,0.04514206729996645,0.038888164176020104
샐러드,with,8,0.19490033898467565,0.04514206729996645,0.038888164176020104
샐러드,담백한,8,0.19490033898467565,0.04514206729996645,0.038888164176020104
샌드위치,좋은,6,0.19845093870188726,0.043093073804310815,0.021953004381857967
샐러드,먹어도,13,0.14977990371288782,0.039086814669286526,0.03829971319332311
샐러드,직접,13,0.14977990371288782,0.039086814669286526,0.03829971319332311
샐러드,아침,13,0.14977990371288782,0.039086814669286526,0.03829971319332311
샐러드,없이,10,0.15567962583742628,0.03802308854905376,0.034797648938142973
샐러드,the,7,0.16672946201856692,0.037458712951268985,0.031079157770996593
샐러드,유기농,7,0.16672946201856692,0.037458712951268985,0.031079157770996593
샐러드,과일,7,0.16672946201856692,0.037458712951268985,0.031079157770996593
샐러드,저당,7,0.16672946201856692,0.037458712951268985,0.031079157770996593
샐러드,드레싱을,7,0.16672946201856692,0.037458712951268985,0.031079157770996593
샐러드,좋은,30,0.10566920527064315,0.03527324728053479,0.041899022939910414
샐러드,배달,12,0.1303618178562814,0.03332337710618353,0.03199195490270423
샐러드,드레싱,12,0.1303618178562814,0.03332337710618353,0.03199195490270423
샐러드,먹은,9,0.13036181785396087,0.031040707725562198,0.02761144727675282
샐러드,오픈,9,0.13036181785396087,0.031040707725562198,0.02761144727675282
샐러드,식사,9,0.13036181785396087,0.031040707725562198,0.02761144727675282
샐러드,올리브유,9,0.13036181785396087,0.031040707725562198,0.02761144727675282
샐러드,브런치,21,0.09527049804911773,0.02841853386808504,0.031268925320467024
샐러드,얇게,6,0.13036181784931938,0.02830770907203282,0.022468358837553822
샐러드,식초,6,0.13036181784931938,0.02830770907203282,0.022468358837553822
샐러드,올리브오일은,6,0.13036181784931938,0.02830770907203282,0.022468358837553822
샐러드,곁들여,6,0.13036181784931938,0.02830770907203282,0.022468358837553822
샐러드,단호박,6,0.13036181784931938,0.02830770907203282,0.022468358837553822
샐러드,채소,6,0.13036181784931938,0.02830770907203282,0.022468358837553822
샐러드,양배추,6,0.13036181784931938,0.02830770907203282,0.022468358837553822
샐러드,완벽한,6,0.13036181784931938,0.02830770907203282,0.022468358837553822
샐러드,매장,6,0.13036181784931938,0.02830770907203282,0.022468358837553822
샐러드,1개,6,0.13036181784931938,0.02830770907203282,0.022468358837553822
샐러드,접시에,6,0.13036181784931938,0.02830770907203282,0.022468358837553822
샐러드,음식,6,0.13036181784931938,0.02830770907203282,0.022468358837553822
샐러드,건강식단,6,0.13036181784931938,0.02830770907203282,0.022468358837553822
샐러드,엑스트라버진올리브오일,6,0.13036181784931938,0.02830770907203282,0.022468358837553822
샐러드,오후,11,0.10788896200497083,0.02697875329124173,0.025322392255246778
샐러드,가볍게,11,0.10788896200497083,0.02697875329124173,0.025322392255246778
샐러드,든든한,11,0.10788896200497083,0.02697875329124173,0.025322392255246778
샐러드,안녕하세요,8,0.09959015918863608,0.023066689837113435,0.01986469623512122
샐러드,먹을,15,0.08157165369041186,0.022112854243671612,0.022468015221092073
샐러드,부드러운,10,0.08157165368871203,0.019923006588785114,0.018235158969952762
샐러드,샐러드로,10,0.08157165368871203,0.019923006588785114,0.018235158969952762
샌드위치,10월,5,0.09211528889622672,0.019240824600358843,0.009265327210555568
샐러드,신메뉴,5,0.08157165368361252,0.01703849490887169,0.012817874563639826
샐러드,병아리콩,5,0.08157165368361252,0.01703849490887169,0.012817874563639826
샐러드,간편하게,5,0.08157165368361252,0.01703849490887169,0.012817874563639826
샐러드,어울리는,5,0.08157165368361252,0.01703849490887169,0.012817874563639826
샐러드,오늘의,16,0.055138396623530546,0.015213358137039426,0.015710135328721543
샐러드,메뉴가,7,0.0613689463708673,0.013787615688294761,0.011437695345888267
샐러드,샐러드가,7,0.0613689463708673,0.013787615688294761,0.011437695345888267
샐러드,당일,7,0.0613689463708673,0.013787615688294761,0.011437695345888267
샐러드,최대한,7,0.0613689463708673,0.013787615688294761,0.011437695345888267
샐러드,남은,7,0.0613689463708673,0.013787615688294761,0.011437695345888267
샐러드,단백질,7,0.0613689463708673,0.013787615688294761,0.011437695345888267
샐러드,소스,11,0.04335044087119713,0.010840227096417005,0.010179258378133162
샐러드,치즈,14,0.012578782206317494,0.003347314947548036,0.0033463001393115857
샐러드,오이,10,0.012578782206100418,0.003072233422254511,0.002813599139471864
샐러드,무화과,10,0.012578782206100418,0.003072233422254511,0.002813599139471864
샐러드,양파,6,0.012578782205594344,0.0027314478505355323,0.0021683133328602275
샐러드,화이트발사믹,6,0.012578782205594344,0.0027314478505355323,0.0021683133328602275
