token1,token2,co_docs,PMI,NPMI,PHI,src_node_df,src_node_tf,src_node_cluster,src_node_centrality,src_node_svd_c1,src_node_rank,dst_node_df,dst_node_tf,dst_node_cluster,dst_node_centrality,dst_node_svd_c1,dst_node_rank
마카롱,많이달지않은마카롱,11,3.9990343794971146,0.9999999992832981,0.9999999999999999,11,11,7,14.900415344117702,0.001240890171512381,-0.09881838939725157,11,11,7,14.900415344117702,0.001240890171512381,-0.09881838939725157
마카롱,마카롱맛집,11,3.9990343794971146,0.9999999992832981,0.9999999999999999,11,11,7,14.900415344117702,0.001240890171512381,-0.09881838939725157,11,11,7,14.900415344117702,0.001240890171512381,-0.09881838939725157
많이달지않은마카롱,마카롱맛집,11,3.9990343794971146,0.9999999992832981,0.9999999999999999,11,11,7,14.900415344117702,0.001240890171512381,-0.09881838939725157,11,11,7,14.900415344117702,0.001240890171512381,-0.09881838939725157
곡성,마카롱맛집,11,3.9990343794971146,0.9999999992832981,0.9999999999999999,11,11,7,14.900415344117702,0.001240890171512381,-0.09881838939725157,11,11,7,14.900415344117702,0.001240890171512381,-0.09881838939725157
곡성뚝방마켓,핸드메이드,11,3.9990343794971146,0.9999999992832981,0.9999999999999999,11,11,7,14.900415344117702,0.001240890171512381,-0.09881838939725157,11,11,7,14.900415344117702,0.001240890171512381,-0.09881838939725157
곡성뚝방마켓,마카롱,11,3.9990343794971146,0.9999999992832981,0.9999999999999999,11,11,7,14.900415344117702,0.001240890171512381,-0.09881838939725157,11,11,7,14.900415344117702,0.001240890171512381,-0.09881838939725157
곡성뚝방마켓,많이달지않은마카롱,11,3.9990343794971146,0.9999999992832981,0.9999999999999999,11,11,7,14.900415344117702,0.001240890171512381,-0.09881838939725157,11,11,7,14.900415344117702,0.001240890171512381,-0.09881838939725157
곡성뚝방마켓,마카롱맛집,11,3.9990343794971146,0.9999999992832981,0.9999999999999999,11,11,7,14.900415344117702,0.001240890171512381,-0.09881838939725157,11,11,7,14.900415344117702,0.001240890171512381,-0.09881838939725157
핸드메이드,마카롱,11,3.9990343794971146,0.9999999992832981,0.9999999999999999,11,11,7,14.900415344117702,0.001240890171512381,-0.09881838939725157,11,11,7,14.900415344117702,0.001240890171512381,-0.09881838939725157
핸드메이드,많이달지않은마카롱,11,3.9990343794971146,0.9999999992832981,0.9999999999999999,11,11,7,14.900415344117702,0.001240890171512381,-0.09881838939725157,11,11,7,14.900415344117702,0.001240890171512381,-0.09881838939725157
핸드메이드,마카롱맛집,11,3.9990343794971146,0.9999999992832981,0.9999999999999999,11,11,7,14.900415344117702,0.001240890171512381,-0.09881838939725157,11,11,7,14.900415344117702,0.001240890171512381,-0.09881838939725157
곡성,곡성뚝방마켓,11,3.9990343794971146,0.9999999992832981,0.9999999999999999,11,11,7,14.900415344117702,0.001240890171512381,-0.09881838939725157,11,11,7,14.900415344117702,0.001240890171512381,-0.09881838939725157
곡성,핸드메이드,11,3.9990343794971146,0.9999999992832981,0.9999999999999999,11,11,7,14.900415344117702,0.001240890171512381,-0.09881838939725157,11,11,7,14.900415344117702,0.001240890171512381,-0.09881838939725157
곡성,마카롱,11,3.9990343794971146,0.9999999992832981,0.9999999999999999,11,11,7,14.900415344117702,0.001240890171512381,-0.09881838939725157,11,11,7,14.900415344117702,0.001240890171512381,-0.09881838939725157
곡성,많이달지않은마카롱,11,3.9990343794971146,0.9999999992832981,0.9999999999999999,11,11,7,14.900415344117702,0.001240890171512381,-0.09881838939725157,11,11,7,14.900415344117702,0.001240890171512381,-0.09881838939725157
학교간식,체육대회간식,6,4.605170176088091,0.999999997871957,0.9999999999999998,6,6,3,38.89261425516939,0.03932864287544329,0.5052699077123203,6,6,3,38.89261425516939,0.03932864287544329,0.5052699077123203
구성해서,문의환영,6,4.605170176088091,0.999999997871957,0.9999999999999998,6,6,3,38.89261425516939,0.03932864287544329,0.5052699077123203,6,6,3,38.89261425516939,0.03932864287544329,0.5052699077123203
구성해서,체육대회간식,6,4.605170176088091,0.999999997871957,0.9999999999999998,6,6,3,38.89261425516939,0.03932864287544329,0.5052699077123203,6,6,3,38.89261425516939,0.03932864287544329,0.5052699077123203
구성해서,학교간식,6,4.605170176088091,0.999999997871957,0.9999999999999998,6,6,3,38.89261425516939,0.03932864287544329,0.5052699077123203,6,6,3,38.89261425516939,0.03932864287544329,0.5052699077123203
학원간식,문의환영,6,4.605170176088091,0.999999997871957,0.9999999999999998,6,6,3,38.89261425516939,0.03932864287544329,0.5052699077123203,6,6,3,38.89261425516939,0.03932864287544329,0.5052699077123203
학원간식,체육대회간식,6,4.605170176088091,0.999999997871957,0.9999999999999998,6,6,3,38.89261425516939,0.03932864287544329,0.5052699077123203,6,6,3,38.89261425516939,0.03932864287544329,0.5052699077123203
학원간식,학교간식,6,4.605170176088091,0.999999997871957,0.9999999999999998,6,6,3,38.89261425516939,0.03932864287544329,0.5052699077123203,6,6,3,38.89261425516939,0.03932864287544329,0.5052699077123203
체육대회간식,문의환영,6,4.605170176088091,0.999999997871957,0.9999999999999998,6,6,3,38.89261425516939,0.03932864287544329,0.5052699077123203,6,6,3,38.89261425516939,0.03932864287544329,0.5052699077123203
여주시,구성해서,6,4.605170176088091,0.999999997871957,0.9999999999999998,6,6,3,38.89261425516939,0.03932864287544329,0.5052699077123203,6,6,3,38.89261425516939,0.03932864287544329,0.5052699077123203
여주시,학원간식,6,4.605170176088091,0.999999997871957,0.9999999999999998,6,6,3,38.89261425516939,0.03932864287544329,0.5052699077123203,6,6,3,38.89261425516939,0.03932864287544329,0.5052699077123203
여주시,3800원부터,6,4.605170176088091,0.999999997871957,0.9999999999999998,6,6,3,38.89261425516939,0.03932864287544329,0.5052699077123203,6,6,3,38.89261425516939,0.03932864287544329,0.5052699077123203
여주시,교회간식,6,4.605170176088091,0.999999997871957,0.9999999999999998,6,6,3,38.89261425516939,0.03932864287544329,0.5052699077123203,6,6,3,38.89261425516939,0.03932864287544329,0.5052699077123203
맞춰일정에,문의환영,6,4.605170176088091,0.999999997871957,0.9999999999999998,6,6,3,38.89261425516939,0.03932864287544329,0.5052699077123203,6,6,3,38.89261425516939,0.03932864287544329,0.5052699077123203
학원간식,구성해서,6,4.605170176088091,0.999999997871957,0.9999999999999998,6,6,3,38.89261425516939,0.03932864287544329,0.5052699077123203,6,6,3,38.89261425516939,0.03932864287544329,0.5052699077123203
3800원부터,문의환영,6,4.605170176088091,0.999999997871957,0.9999999999999998,6,6,3,38.89261425516939,0.03932864287544329,0.5052699077123203,6,6,3,38.89261425516939,0.03932864287544329,0.5052699077123203
3800원부터,체육대회간식,6,4.605170176088091,0.999999997871957,0.9999999999999998,6,6,3,38.89261425516939,0.03932864287544329,0.5052699077123203,6,6,3,38.89261425516939,0.03932864287544329,0.5052699077123203
지드림카드,맞춰원하시는,6,4.605170176088091,0.999999997871957,0.9999999999999998,6,11,3,38.89261425516939,0.03932864287544329,0.5365703939896376,6,6,3,38.89261425516939,0.03932864287544329,0.5052699077123203
지드림카드,0318810107구성,6,4.605170176088091,0.999999997871957,0.9999999999999998,6,11,3,38.89261425516939,0.03932864287544329,0.5365703939896376,6,6,3,38.89261425516939,0.03932864287544329,0.5052699077123203
지드림카드,해드립니다,6,4.605170176088091,0.999999997871957,0.9999999999999998,6,11,3,38.89261425516939,0.03932864287544329,0.5365703939896376,6,6,3,38.89261425516939,0.03932864287544329,0.5052699077123203
지드림카드,죠샌드위치샐러드여주점,6,4.605170176088091,0.999999997871957,0.9999999999999998,6,11,3,38.89261425516939,0.03932864287544329,0.5365703939896376,6,6,3,38.89261425516939,0.03932864287544329,0.5052699077123203
지드림카드,여주맛집,6,4.605170176088091,0.999999997871957,0.9999999999999998,6,11,3,38.89261425516939,0.03932864287544329,0.5365703939896376,6,7,3,38.89261425516939,0.03932864287544329,0.5115300049677838
지드림카드,여주사랑카드,6,4.605170176088091,0.999999997871957,0.9999999999999998,6,11,3,38.89261425516939,0.03932864287544329,0.5365703939896376,6,7,3,38.89261425516939,0.03932864287544329,0.5115300049677838
여주맛집,0318810107죠샌드위치,6,4.605170176088091,0.999999997871957,0.9999999999999998,6,7,3,38.89261425516939,0.03932864287544329,0.5115300049677838,6,6,3,38.89261425516939,0.03932864287544329,0.5052699077123203
여주맛집,죠샌드위치샐러드여주점,6,4.605170176088091,0.999999997871957,0.9999999999999998,6,7,3,38.89261425516939,0.03932864287544329,0.5115300049677838,6,6,3,38.89261425516939,0.03932864287544329,0.5052699077123203
여주사랑카드,문의환영,6,4.605170176088091,0.999999997871957,0.9999999999999998,6,7,3,38.89261425516939,0.03932864287544329,0.5115300049677838,6,6,3,38.89261425516939,0.03932864287544329,0.5052699077123203
여주사랑카드,체육대회간식,6,4.605170176088091,0.999999997871957,0.9999999999999998,6,7,3,38.89261425516939,0.03932864287544329,0.5115300049677838,6,6,3,38.89261425516939,0.03932864287544329,0.5052699077123203
여주사랑카드,학교간식,6,4.605170176088091,0.999999997871957,0.9999999999999998,6,7,3,38.89261425516939,0.03932864287544329,0.5115300049677838,6,6,3,38.89261425516939,0.03932864287544329,0.5052699077123203
여주사랑카드,구성해서,6,4.605170176088091,0.999999997871957,0.9999999999999998,6,7,3,38.89261425516939,0.03932864287544329,0.5115300049677838,6,6,3,38.89261425516939,0.03932864287544329,0.5052699077123203
여주사랑카드,학원간식,6,4.605170176088091,0.999999997871957,0.9999999999999998,6,7,3,38.89261425516939,0.03932864287544329,0.5115300049677838,6,6,3,38.89261425516939,0.03932864287544329,0.5052699077123203
여주사랑카드,3800원부터,6,4.605170176088091,0.999999997871957,0.9999999999999998,6,7,3,38.89261425516939,0.03932864287544329,0.5115300049677838,6,6,3,38.89261425516939,0.03932864287544329,0.5052699077123203
지드림카드,있습니다단체주문,6,4.605170176088091,0.999999997871957,0.9999999999999998,6,11,3,38.89261425516939,0.03932864287544329,0.5365703939896376,6,6,3,38.89261425516939,0.03932864287544329,0.5052699077123203
지드림카드,가능합니다문의주세요,6,4.605170176088091,0.999999997871957,0.9999999999999998,6,11,3,38.89261425516939,0.03932864287544329,0.5365703939896376,6,6,3,38.89261425516939,0.03932864287544329,0.5052699077123203
지드림카드,여주행사간식,6,4.605170176088091,0.999999997871957,0.9999999999999998,6,11,3,38.89261425516939,0.03932864287544329,0.5365703939896376,6,6,3,38.89261425516939,0.03932864287544329,0.5052699077123203
지드림카드,세종로,6,4.605170176088091,0.999999997871957,0.9999999999999998,6,11,3,38.89261425516939,0.03932864287544329,0.5365703939896376,6,6,3,38.89261425516939,0.03932864287544329,0.5052699077123203
지드림카드,0318810107죠샌드위치,6,4.605170176088091,0.999999997871957,0.9999999999999998,6,11,3,38.89261425516939,0.03932864287544329,0.5365703939896376,6,6,3,38.89261425516939,0.03932864287544329,0.5052699077123203
지드림카드,문의환영,6,4.605170176088091,0.999999997871957,0.9999999999999998,6,11,3,38.89261425516939,0.03932864287544329,0.5365703939896376,6,6,3,38.89261425516939,0.03932864287544329,0.5052699077123203
지드림카드,체육대회간식,6,4.605170176088091,0.999999997871957,0.9999999999999998,6,11,3,38.89261425516939,0.03932864287544329,0.5365703939896376,6,6,3,38.89261425516939,0.03932864287544329,0.5052699077123203
지드림카드,학교간식,6,4.605170176088091,0.999999997871957,0.9999999999999998,6,11,3,38.89261425516939,0.03932864287544329,0.5365703939896376,6,6,3,38.89261425516939,0.03932864287544329,0.5052699077123203
여주맛집,여주시,6,4.605170176088091,0.999999997871957,0.9999999999999998,6,7,3,38.89261425516939,0.03932864287544329,0.5115300049677838,6,6,3,38.89261425516939,0.03932864287544329,0.5052699077123203
여주맛집,맞춰일정에,6,4.605170176088091,0.999999997871957,0.9999999999999998,6,7,3,38.89261425516939,0.03932864287544329,0.5115300049677838,6,6,3,38.89261425516939,0.03932864287544329,0.5052699077123203
여주맛집,G드림카드,6,4.605170176088091,0.999999997871957,0.9999999999999998,6,7,3,38.89261425516939,0.03932864287544329,0.5115300049677838,6,6,3,38.89261425516939,0.03932864287544329,0.5052699077123203
여주맛집,구성변경,6,4.605170176088091,0.999999997871957,0.9999999999999998,6,7,3,38.89261425516939,0.03932864287544329,0.5115300049677838,6,6,3,38.89261425516939,0.03932864287544329,0.5052699077123203
여주맛집,여주점경기,6,4.605170176088091,0.999999997871957,0.9999999999999998,6,7,3,38.89261425516939,0.03932864287544329,0.5115300049677838,6,6,3,38.89261425516939,0.03932864287544329,0.5052699077123203
여주맛집,단체간식,6,4.605170176088091,0.999999997871957,0.9999999999999998,6,7,3,38.89261425516939,0.03932864287544329,0.5115300049677838,6,6,3,38.89261425516939,0.03932864287544329,0.5052699077123203
여주맛집,맞춰원하시는,6,4.605170176088091,0.999999997871957,0.9999999999999998,6,7,3,38.89261425516939,0.03932864287544329,0.5115300049677838,6,6,3,38.89261425516939,0.03932864287544329,0.5052699077123203
여주맛집,0318810107구성,6,4.605170176088091,0.999999997871957,0.9999999999999998,6,7,3,38.89261425516939,0.03932864287544329,0.5115300049677838,6,6,3,38.89261425516939,0.03932864287544329,0.5052699077123203
여주사랑카드,있습니다단체주문,6,4.605170176088091,0.999999997871957,0.9999999999999998,6,7,3,38.89261425516939,0.03932864287544329,0.5115300049677838,6,6,3,38.89261425516939,0.03932864287544329,0.5052699077123203
여주사랑카드,가능합니다문의주세요,6,4.605170176088091,0.999999997871957,0.9999999999999998,6,7,3,38.89261425516939,0.03932864287544329,0.5115300049677838,6,6,3,38.89261425516939,0.03932864287544329,0.5052699077123203
여주사랑카드,여주행사간식,6,4.605170176088091,0.999999997871957,0.9999999999999998,6,7,3,38.89261425516939,0.03932864287544329,0.5115300049677838,6,6,3,38.89261425516939,0.03932864287544329,0.5052699077123203
여주사랑카드,세종로,6,4.605170176088091,0.999999997871957,0.9999999999999998,6,7,3,38.89261425516939,0.03932864287544329,0.5115300049677838,6,6,3,38.89261425516939,0.03932864287544329,0.5052699077123203
여주사랑카드,0318810107죠샌드위치,6,4.605170176088091,0.999999997871957,0.9999999999999998,6,7,3,38.89261425516939,0.03932864287544329,0.5115300049677838,6,6,3,38.89261425516939,0.03932864287544329,0.5052699077123203
여주사랑카드,죠샌드위치샐러드여주점,6,4.605170176088091,0.999999997871957,0.9999999999999998,6,7,3,38.89261425516939,0.03932864287544329,0.5115300049677838,6,6,3,38.89261425516939,0.03932864287544329,0.5052699077123203
여주사랑카드,여주맛집,6,4.605170176088091,0.999999997871957,0.9999999999999998,6,7,3,38.89261425516939,0.03932864287544329,0.5115300049677838,6,7,3,38.89261425516939,0.03932864287544329,0.5115300049677838
여주맛집,세종로,6,4.605170176088091,0.999999997871957,0.9999999999999998,6,7,3,38.89261425516939,0.03932864287544329,0.5115300049677838,6,6,3,38.89261425516939,0.03932864287544329,0.5052699077123203
foodfoodfic,수거,6,4.605170176088091,0.999999997871957,0.9999999999999998,6,6,2,54.53822280264681,0.9734759109876884,1.2813234978883912,6,6,2,54.53822280264681,0.9734759109876884,1.2813234978883912
foodfoodfic,주문을,6,4.605170176088091,0.999999997871957,0.9999999999999998,6,6,2,54.53822280264681,0.9734759109876884,1.2813234978883912,6,6,2,54.53822280264681,0.9734759109876884,1.2813234978883912
foodfoodfic,instafood,6,4.605170176088091,0.999999997871957,0.9999999999999998,6,6,2,54.53822280264681,0.9734759109876884,1.2813234978883912,6,6,2,54.53822280264681,0.9734759109876884,1.2813234978883912
foodfoodfic,맛집오늘뭐먹지,6,4.605170176088091,0.999999997871957,0.9999999999999998,6,6,2,54.53822280264681,0.9734759109876884,1.2813234978883912,6,6,2,54.53822280264681,0.9734759109876884,1.2813234978883912
foodfoodfic,또먹고싶다,6,4.605170176088091,0.999999997871957,0.9999999999999998,6,6,2,54.53822280264681,0.9734759109876884,1.2813234978883912,6,6,2,54.53822280264681,0.9734759109876884,1.2813234978883912
여주맛집,문의환영,6,4.605170176088091,0.999999997871957,0.9999999999999998,6,7,3,38.89261425516939,0.03932864287544329,0.5115300049677838,6,6,3,38.89261425516939,0.03932864287544329,0.5052699077123203
여주맛집,체육대회간식,6,4.605170176088091,0.999999997871957,0.9999999999999998,6,7,3,38.89261425516939,0.03932864287544329,0.5115300049677838,6,6,3,38.89261425516939,0.03932864287544329,0.5052699077123203
여주맛집,학교간식,6,4.605170176088091,0.999999997871957,0.9999999999999998,6,7,3,38.89261425516939,0.03932864287544329,0.5115300049677838,6,6,3,38.89261425516939,0.03932864287544329,0.5052699077123203
여주사랑카드,교회간식,6,4.605170176088091,0.999999997871957,0.9999999999999998,6,7,3,38.89261425516939,0.03932864287544329,0.5115300049677838,6,6,3,38.89261425516939,0.03932864287544329,0.5052699077123203
여주사랑카드,여주시,6,4.605170176088091,0.999999997871957,0.9999999999999998,6,7,3,38.89261425516939,0.03932864287544329,0.5115300049677838,6,6,3,38.89261425516939,0.03932864287544329,0.5052699077123203
여주사랑카드,맞춰일정에,6,4.605170176088091,0.999999997871957,0.9999999999999998,6,7,3,38.89261425516939,0.03932864287544329,0.5115300049677838,6,6,3,38.89261425516939,0.03932864287544329,0.5052699077123203
여주사랑카드,G드림카드,6,4.605170176088091,0.999999997871957,0.9999999999999998,6,7,3,38.89261425516939,0.03932864287544329,0.5115300049677838,6,6,3,38.89261425516939,0.03932864287544329,0.5052699077123203
여주맛집,구성해서,6,4.605170176088091,0.999999997871957,0.9999999999999998,6,7,3,38.89261425516939,0.03932864287544329,0.5115300049677838,6,6,3,38.89261425516939,0.03932864287544329,0.5052699077123203
여주맛집,학원간식,6,4.605170176088091,0.999999997871957,0.9999999999999998,6,7,3,38.89261425516939,0.03932864287544329,0.5115300049677838,6,6,3,38.89261425516939,0.03932864287544329,0.5052699077123203
여주맛집,3800원부터,6,4.605170176088091,0.999999997871957,0.9999999999999998,6,7,3,38.89261425516939,0.03932864287544329,0.5115300049677838,6,6,3,38.89261425516939,0.03932864287544329,0.5052699077123203
여주맛집,교회간식,6,4.605170176088091,0.999999997871957,0.9999999999999998,6,7,3,38.89261425516939,0.03932864287544329,0.5115300049677838,6,6,3,38.89261425516939,0.03932864287544329,0.5052699077123203
또먹고싶다,01096763990전화문의,6,4.605170176088091,0.999999997871957,0.9999999999999998,6,6,2,54.53822280264681,0.9734759109876884,1.2813234978883912,6,6,2,54.53822280264681,0.9734759109876884,1.2813234978883912
또먹고싶다,샐러드salad,6,4.605170176088091,0.999999997871957,0.9999999999999998,6,6,2,54.53822280264681,0.9734759109876884,1.2813234978883912,6,6,2,54.53822280264681,0.9734759109876884,1.2813234978883912
또먹고싶다,문의사항은,6,4.605170176088091,0.999999997871957,0.9999999999999998,6,6,2,54.53822280264681,0.9734759109876884,1.2813234978883912,6,6,2,54.53822280264681,0.9734759109876884,1.2813234978883912
또먹고싶다,수거,6,4.605170176088091,0.999999997871957,0.9999999999999998,6,6,2,54.53822280264681,0.9734759109876884,1.2813234978883912,6,6,2,54.53822280264681,0.9734759109876884,1.2813234978883912
또먹고싶다,주문을,6,4.605170176088091,0.999999997871957,0.9999999999999998,6,6,2,54.53822280264681,0.9734759109876884,1.2813234978883912,6,6,2,54.53822280264681,0.9734759109876884,1.2813234978883912
또먹고싶다,instafood,6,4.605170176088091,0.999999997871957,0.9999999999999998,6,6,2,54.53822280264681,0.9734759109876884,1.2813234978883912,6,6,2,54.53822280264681,0.9734759109876884,1.2813234978883912
또먹고싶다,맛집오늘뭐먹지,6,4.605170176088091,0.999999997871957,0.9999999999999998,6,6,2,54.53822280264681,0.9734759109876884,1.2813234978883912,6,6,2,54.53822280264681,0.9734759109876884,1.2813234978883912
또먹고싶다,푸디스퀘어,6,4.605170176088091,0.999999997871957,0.9999999999999998,6,6,2,54.53822280264681,0.9734759109876884,1.2813234978883912,6,6,2,54.53822280264681,0.9734759109876884,1.2813234978883912
여주맛집,해드립니다,6,4.605170176088091,0.999999997871957,0.9999999999999998,6,7,3,38.89261425516939,0.03932864287544329,0.5115300049677838,6,6,3,38.89261425516939,0.03932864287544329,0.5052699077123203
여주맛집,있습니다단체주문,6,4.605170176088091,0.999999997871957,0.9999999999999998,6,7,3,38.89261425516939,0.03932864287544329,0.5115300049677838,6,6,3,38.89261425516939,0.03932864287544329,0.5052699077123203
여주맛집,가능합니다문의주세요,6,4.605170176088091,0.999999997871957,0.9999999999999998,6,7,3,38.89261425516939,0.03932864287544329,0.5115300049677838,6,6,3,38.89261425516939,0.03932864287544329,0.5052699077123203
여주맛집,여주행사간식,6,4.605170176088091,0.999999997871957,0.9999999999999998,6,7,3,38.89261425516939,0.03932864287544329,0.5115300049677838,6,6,3,38.89261425516939,0.03932864287544329,0.5052699077123203
foodfoodfic,월금,6,4.605170176088091,0.999999997871957,0.9999999999999998,6,6,2,54.53822280264681,0.9734759109876884,1.2813234978883912,6,6,2,54.53822280264681,0.9734759109876884,1.2813234978883912
foodfoodfic,01096763990전화문의,6,4.605170176088091,0.999999997871957,0.9999999999999998,6,6,2,54.53822280264681,0.9734759109876884,1.2813234978883912,6,6,2,54.53822280264681,0.9734759109876884,1.2813234978883912
foodfoodfic,샐러드salad,6,4.605170176088091,0.999999997871957,0.9999999999999998,6,6,2,54.53822280264681,0.9734759109876884,1.2813234978883912,6,6,2,54.53822280264681,0.9734759109876884,1.2813234978883912
foodfoodfic,문의사항은,6,4.605170176088091,0.999999997871957,0.9999999999999998,6,6,2,54.53822280264681,0.9734759109876884,1.2813234978883912,6,6,2,54.53822280264681,0.9734759109876884,1.2813234978883912
맛집오늘뭐먹지,수거,6,4.605170176088091,0.999999997871957,0.9999999999999998,6,6,2,54.53822280264681,0.9734759109876884,1.2813234978883912,6,6,2,54.53822280264681,0.9734759109876884,1.2813234978883912
맛집오늘뭐먹지,주문을,6,4.605170176088091,0.999999997871957,0.9999999999999998,6,6,2,54.53822280264681,0.9734759109876884,1.2813234978883912,6,6,2,54.53822280264681,0.9734759109876884,1.2813234978883912
맛집오늘뭐먹지,instafood,6,4.605170176088091,0.999999997871957,0.9999999999999998,6,6,2,54.53822280264681,0.9734759109876884,1.2813234978883912,6,6,2,54.53822280264681,0.9734759109876884,1.2813234978883912
instafood,푸디스퀘어,6,4.605170176088091,0.999999997871957,0.9999999999999998,6,6,2,54.53822280264681,0.9734759109876884,1.2813234978883912,6,6,2,54.53822280264681,0.9734759109876884,1.2813234978883912
instafood,불가합니다연락처,6,4.605170176088091,0.999999997871957,0.9999999999999998,6,6,2,54.53822280264681,0.9734759109876884,1.2813234978883912,6,6,2,54.53822280264681,0.9734759109876884,1.2813234978883912
instafood,안녕하세요배달,6,4.605170176088091,0.999999997871957,0.9999999999999998,6,6,2,54.53822280264681,0.9734759109876884,1.2813234978883912,6,6,2,54.53822280264681,0.9734759109876884,1.2813234978883912
instafood,당일주문이,6,4.605170176088091,0.999999997871957,0.9999999999999998,6,6,2,54.53822280264681,0.9734759109876884,1.2813234978883912,6,6,2,54.53822280264681,0.9734759109876884,1.2813234978883912
instafood,월금,6,4.605170176088091,0.999999997871957,0.9999999999999998,6,6,2,54.53822280264681,0.9734759109876884,1.2813234978883912,6,6,2,54.53822280264681,0.9734759109876884,1.2813234978883912
foodfoodfic,푸디스퀘어,6,4.605170176088091,0.999999997871957,0.9999999999999998,6,6,2,54.53822280264681,0.9734759109876884,1.2813234978883912,6,6,2,54.53822280264681,0.9734759109876884,1.2813234978883912
foodfoodfic,불가합니다연락처,6,4.605170176088091,0.999999997871957,0.9999999999999998,6,6,2,54.53822280264681,0.9734759109876884,1.2813234978883912,6,6,2,54.53822280264681,0.9734759109876884,1.2813234978883912
foodfoodfic,안녕하세요배달,6,4.605170176088091,0.999999997871957,0.9999999999999998,6,6,2,54.53822280264681,0.9734759109876884,1.2813234978883912,6,6,2,54.53822280264681,0.9734759109876884,1.2813234978883912
foodfoodfic,당일주문이,6,4.605170176088091,0.999999997871957,0.9999999999999998,6,6,2,54.53822280264681,0.9734759109876884,1.2813234978883912,6,6,2,54.53822280264681,0.9734759109876884,1.2813234978883912
또먹고싶다,불가합니다연락처,6,4.605170176088091,0.999999997871957,0.9999999999999998,6,6,2,54.53822280264681,0.9734759109876884,1.2813234978883912,6,6,2,54.53822280264681,0.9734759109876884,1.2813234978883912
또먹고싶다,안녕하세요배달,6,4.605170176088091,0.999999997871957,0.9999999999999998,6,6,2,54.53822280264681,0.9734759109876884,1.2813234978883912,6,6,2,54.53822280264681,0.9734759109876884,1.2813234978883912
또먹고싶다,당일주문이,6,4.605170176088091,0.999999997871957,0.9999999999999998,6,6,2,54.53822280264681,0.9734759109876884,1.2813234978883912,6,6,2,54.53822280264681,0.9734759109876884,1.2813234978883912
또먹고싶다,월금,6,4.605170176088091,0.999999997871957,0.9999999999999998,6,6,2,54.53822280264681,0.9734759109876884,1.2813234978883912,6,6,2,54.53822280264681,0.9734759109876884,1.2813234978883912
주문을,수거,6,4.605170176088091,0.999999997871957,0.9999999999999998,6,6,2,54.53822280264681,0.9734759109876884,1.2813234978883912,6,6,2,54.53822280264681,0.9734759109876884,1.2813234978883912
주문을,푸디스퀘어,6,4.605170176088091,0.999999997871957,0.9999999999999998,6,6,2,54.53822280264681,0.9734759109876884,1.2813234978883912,6,6,2,54.53822280264681,0.9734759109876884,1.2813234978883912
주문을,불가합니다연락처,6,4.605170176088091,0.999999997871957,0.9999999999999998,6,6,2,54.53822280264681,0.9734759109876884,1.2813234978883912,6,6,2,54.53822280264681,0.9734759109876884,1.2813234978883912
주문을,안녕하세요배달,6,4.605170176088091,0.999999997871957,0.9999999999999998,6,6,2,54.53822280264681,0.9734759109876884,1.2813234978883912,6,6,2,54.53822280264681,0.9734759109876884,1.2813234978883912
주문을,당일주문이,6,4.605170176088091,0.999999997871957,0.9999999999999998,6,6,2,54.53822280264681,0.9734759109876884,1.2813234978883912,6,6,2,54.53822280264681,0.9734759109876884,1.2813234978883912
주문을,월금,6,4.605170176088091,0.999999997871957,0.9999999999999998,6,6,2,54.53822280264681,0.9734759109876884,1.2813234978883912,6,6,2,54.53822280264681,0.9734759109876884,1.2813234978883912
수거,푸디스퀘어,6,4.605170176088091,0.999999997871957,0.9999999999999998,6,6,2,54.53822280264681,0.9734759109876884,1.2813234978883912,6,6,2,54.53822280264681,0.9734759109876884,1.2813234978883912
수거,불가합니다연락처,6,4.605170176088091,0.999999997871957,0.9999999999999998,6,6,2,54.53822280264681,0.9734759109876884,1.2813234978883912,6,6,2,54.53822280264681,0.9734759109876884,1.2813234978883912
맛집오늘뭐먹지,푸디스퀘어,6,4.605170176088091,0.999999997871957,0.9999999999999998,6,6,2,54.53822280264681,0.9734759109876884,1.2813234978883912,6,6,2,54.53822280264681,0.9734759109876884,1.2813234978883912
맛집오늘뭐먹지,불가합니다연락처,6,4.605170176088091,0.999999997871957,0.9999999999999998,6,6,2,54.53822280264681,0.9734759109876884,1.2813234978883912,6,6,2,54.53822280264681,0.9734759109876884,1.2813234978883912
맛집오늘뭐먹지,안녕하세요배달,6,4.605170176088091,0.999999997871957,0.9999999999999998,6,6,2,54.53822280264681,0.9734759109876884,1.2813234978883912,6,6,2,54.53822280264681,0.9734759109876884,1.2813234978883912
맛집오늘뭐먹지,당일주문이,6,4.605170176088091,0.999999997871957,0.9999999999999998,6,6,2,54.53822280264681,0.9734759109876884,1.2813234978883912,6,6,2,54.53822280264681,0.9734759109876884,1.2813234978883912
맛집오늘뭐먹지,월금,6,4.605170176088091,0.999999997871957,0.9999999999999998,6,6,2,54.53822280264681,0.9734759109876884,1.2813234978883912,6,6,2,54.53822280264681,0.9734759109876884,1.2813234978883912
맛집오늘뭐먹지,01096763990전화문의,6,4.605170176088091,0.999999997871957,0.9999999999999998,6,6,2,54.53822280264681,0.9734759109876884,1.2813234978883912,6,6,2,54.53822280264681,0.9734759109876884,1.2813234978883912
맛집오늘뭐먹지,샐러드salad,6,4.605170176088091,0.999999997871957,0.9999999999999998,6,6,2,54.53822280264681,0.9734759109876884,1.2813234978883912,6,6,2,54.53822280264681,0.9734759109876884,1.2813234978883912
맛집오늘뭐먹지,문의사항은,6,4.605170176088091,0.999999997871957,0.9999999999999998,6,6,2,54.53822280264681,0.9734759109876884,1.2813234978883912,6,6,2,54.53822280264681,0.9734759109876884,1.2813234978883912
문의사항은,안녕하세요배달,6,4.605170176088091,0.999999997871957,0.9999999999999998,6,6,2,54.53822280264681,0.9734759109876884,1.2813234978883912,6,6,2,54.53822280264681,0.9734759109876884,1.2813234978883912
문의사항은,당일주문이,6,4.605170176088091,0.999999997871957,0.9999999999999998,6,6,2,54.53822280264681,0.9734759109876884,1.2813234978883912,6,6,2,54.53822280264681,0.9734759109876884,1.2813234978883912
문의사항은,월금,6,4.605170176088091,0.999999997871957,0.9999999999999998,6,6,2,54.53822280264681,0.9734759109876884,1.2813234978883912,6,6,2,54.53822280264681,0.9734759109876884,1.2813234978883912
문의사항은,01096763990전화문의,6,4.605170176088091,0.999999997871957,0.9999999999999998,6,6,2,54.53822280264681,0.9734759109876884,1.2813234978883912,6,6,2,54.53822280264681,0.9734759109876884,1.2813234978883912
문의사항은,샐러드salad,6,4.605170176088091,0.999999997871957,0.9999999999999998,6,6,2,54.53822280264681,0.9734759109876884,1.2813234978883912,6,6,2,54.53822280264681,0.9734759109876884,1.2813234978883912
샐러드salad,푸디스퀘어,6,4.605170176088091,0.999999997871957,0.9999999999999998,6,6,2,54.53822280264681,0.9734759109876884,1.2813234978883912,6,6,2,54.53822280264681,0.9734759109876884,1.2813234978883912
샐러드salad,불가합니다연락처,6,4.605170176088091,0.999999997871957,0.9999999999999998,6,6,2,54.53822280264681,0.9734759109876884,1.2813234978883912,6,6,2,54.53822280264681,0.9734759109876884,1.2813234978883912
샐러드salad,안녕하세요배달,6,4.605170176088091,0.999999997871957,0.9999999999999998,6,6,2,54.53822280264681,0.9734759109876884,1.2813234978883912,6,6,2,54.53822280264681,0.9734759109876884,1.2813234978883912
instafood,01096763990전화문의,6,4.605170176088091,0.999999997871957,0.9999999999999998,6,6,2,54.53822280264681,0.9734759109876884,1.2813234978883912,6,6,2,54.53822280264681,0.9734759109876884,1.2813234978883912
instafood,샐러드salad,6,4.605170176088091,0.999999997871957,0.9999999999999998,6,6,2,54.53822280264681,0.9734759109876884,1.2813234978883912,6,6,2,54.53822280264681,0.9734759109876884,1.2813234978883912
instafood,문의사항은,6,4.605170176088091,0.999999997871957,0.9999999999999998,6,6,2,54.53822280264681,0.9734759109876884,1.2813234978883912,6,6,2,54.53822280264681,0.9734759109876884,1.2813234978883912
instafood,수거,6,4.605170176088091,0.999999997871957,0.9999999999999998,6,6,2,54.53822280264681,0.9734759109876884,1.2813234978883912,6,6,2,54.53822280264681,0.9734759109876884,1.2813234978883912
instafood,주문을,6,4.605170176088091,0.999999997871957,0.9999999999999998,6,6,2,54.53822280264681,0.9734759109876884,1.2813234978883912,6,6,2,54.53822280264681,0.9734759109876884,1.2813234978883912
주문을,01096763990전화문의,6,4.605170176088091,0.999999997871957,0.9999999999999998,6,6,2,54.53822280264681,0.9734759109876884,1.2813234978883912,6,6,2,54.53822280264681,0.9734759109876884,1.2813234978883912
주문을,샐러드salad,6,4.605170176088091,0.999999997871957,0.9999999999999998,6,6,2,54.53822280264681,0.9734759109876884,1.2813234978883912,6,6,2,54.53822280264681,0.9734759109876884,1.2813234978883912
주문을,문의사항은,6,4.605170176088091,0.999999997871957,0.9999999999999998,6,6,2,54.53822280264681,0.9734759109876884,1.2813234978883912,6,6,2,54.53822280264681,0.9734759109876884,1.2813234978883912
월금,푸디스퀘어,6,4.605170176088091,0.999999997871957,0.9999999999999998,6,6,2,54.53822280264681,0.9734759109876884,1.2813234978883912,6,6,2,54.53822280264681,0.9734759109876884,1.2813234978883912
월금,불가합니다연락처,6,4.605170176088091,0.999999997871957,0.9999999999999998,6,6,2,54.53822280264681,0.9734759109876884,1.2813234978883912,6,6,2,54.53822280264681,0.9734759109876884,1.2813234978883912
월금,안녕하세요배달,6,4.605170176088091,0.999999997871957,0.9999999999999998,6,6,2,54.53822280264681,0.9734759109876884,1.2813234978883912,6,6,2,54.53822280264681,0.9734759109876884,1.2813234978883912
월금,당일주문이,6,4.605170176088091,0.999999997871957,0.9999999999999998,6,6,2,54.53822280264681,0.9734759109876884,1.2813234978883912,6,6,2,54.53822280264681,0.9734759109876884,1.2813234978883912
당일주문이,안녕하세요배달,6,4.605170176088091,0.999999997871957,0.9999999999999998,6,6,2,54.53822280264681,0.9734759109876884,1.2813234978883912,6,6,2,54.53822280264681,0.9734759109876884,1.2813234978883912
당일주문이,푸디스퀘어,6,4.605170176088091,0.999999997871957,0.9999999999999998,6,6,2,54.53822280264681,0.9734759109876884,1.2813234978883912,6,6,2,54.53822280264681,0.9734759109876884,1.2813234978883912
당일주문이,불가합니다연락처,6,4.605170176088091,0.999999997871957,0.9999999999999998,6,6,2,54.53822280264681,0.9734759109876884,1.2813234978883912,6,6,2,54.53822280264681,0.9734759109876884,1.2813234978883912
안녕하세요배달,푸디스퀘어,6,4.605170176088091,0.999999997871957,0.9999999999999998,6,6,2,54.53822280264681,0.9734759109876884,1.2813234978883912,6,6,2,54.53822280264681,0.9734759109876884,1.2813234978883912
수거,안녕하세요배달,6,4.605170176088091,0.999999997871957,0.9999999999999998,6,6,2,54.53822280264681,0.9734759109876884,1.2813234978883912,6,6,2,54.53822280264681,0.9734759109876884,1.2813234978883912
수거,당일주문이,6,4.605170176088091,0.999999997871957,0.9999999999999998,6,6,2,54.53822280264681,0.9734759109876884,1.2813234978883912,6,6,2,54.53822280264681,0.9734759109876884,1.2813234978883912
수거,월금,6,4.605170176088091,0.999999997871957,0.9999999999999998,6,6,2,54.53822280264681,0.9734759109876884,1.2813234978883912,6,6,2,54.53822280264681,0.9734759109876884,1.2813234978883912
수거,01096763990전화문의,6,4.605170176088091,0.999999997871957,0.9999999999999998,6,6,2,54.53822280264681,0.9734759109876884,1.2813234978883912,6,6,2,54.53822280264681,0.9734759109876884,1.2813234978883912
수거,샐러드salad,6,4.605170176088091,0.999999997871957,0.9999999999999998,6,6,2,54.53822280264681,0.9734759109876884,1.2813234978883912,6,6,2,54.53822280264681,0.9734759109876884,1.2813234978883912
수거,문의사항은,6,4.605170176088091,0.999999997871957,0.9999999999999998,6,6,2,54.53822280264681,0.9734759109876884,1.2813234978883912,6,6,2,54.53822280264681,0.9734759109876884,1.2813234978883912
문의사항은,푸디스퀘어,6,4.605170176088091,0.999999997871957,0.9999999999999998,6,6,2,54.53822280264681,0.9734759109876884,1.2813234978883912,6,6,2,54.53822280264681,0.9734759109876884,1.2813234978883912
문의사항은,불가합니다연락처,6,4.605170176088091,0.999999997871957,0.9999999999999998,6,6,2,54.53822280264681,0.9734759109876884,1.2813234978883912,6,6,2,54.53822280264681,0.9734759109876884,1.2813234978883912
재고연어,건강샐러드,6,4.605170176088091,0.999999997871957,0.9999999999999998,6,6,5,7.662121982687268,0.0,-0.426558766431274,6,6,5,7.662121982687268,0.0,-0.426558766431274
용산샐러드맛집,24시식당,6,4.605170176088091,0.999999997871957,0.9999999999999998,6,6,5,7.662121982687268,0.0,-0.426558766431274,6,6,5,7.662121982687268,0.0,-0.426558766431274
용산샐러드맛집,건강샐러드,6,4.605170176088091,0.999999997871957,0.9999999999999998,6,6,5,7.662121982687268,0.0,-0.426558766431274,6,6,5,7.662121982687268,0.0,-0.426558766431274
용산샐러드맛집,재고연어,6,4.605170176088091,0.999999997871957,0.9999999999999998,6,6,5,7.662121982687268,0.0,-0.426558766431274,6,6,5,7.662121982687268,0.0,-0.426558766431274
용산샐러드,24시식당,6,4.605170176088091,0.999999997871957,0.9999999999999998,6,6,5,7.662121982687268,0.0,-0.426558766431274,6,6,5,7.662121982687268,0.0,-0.426558766431274
용산샐러드,건강샐러드,6,4.605170176088091,0.999999997871957,0.9999999999999998,6,6,5,7.662121982687268,0.0,-0.426558766431274,6,6,5,7.662121982687268,0.0,-0.426558766431274
용산샐러드,재고연어,6,4.605170176088091,0.999999997871957,0.9999999999999998,6,6,5,7.662121982687268,0.0,-0.426558766431274,6,6,5,7.662121982687268,0.0,-0.426558766431274
용산샐러드,용산샐러드맛집,6,4.605170176088091,0.999999997871957,0.9999999999999998,6,6,5,7.662121982687268,0.0,-0.426558766431274,6,6,5,7.662121982687268,0.0,-0.426558766431274
샐러드salad,당일주문이,6,4.605170176088091,0.999999997871957,0.9999999999999998,6,6,2,54.53822280264681,0.9734759109876884,1.2813234978883912,6,6,2,54.53822280264681,0.9734759109876884,1.2813234978883912
샐러드salad,월금,6,4.605170176088091,0.999999997871957,0.9999999999999998,6,6,2,54.53822280264681,0.9734759109876884,1.2813234978883912,6,6,2,54.53822280264681,0.9734759109876884,1.2813234978883912
샐러드salad,01096763990전화문의,6,4.605170176088091,0.999999997871957,0.9999999999999998,6,6,2,54.53822280264681,0.9734759109876884,1.2813234978883912,6,6,2,54.53822280264681,0.9734759109876884,1.2813234978883912
01096763990전화문의,푸디스퀘어,6,4.605170176088091,0.999999997871957,0.9999999999999998,6,6,2,54.53822280264681,0.9734759109876884,1.2813234978883912,6,6,2,54.53822280264681,0.9734759109876884,1.2813234978883912
01096763990전화문의,불가합니다연락처,6,4.605170176088091,0.999999997871957,0.9999999999999998,6,6,2,54.53822280264681,0.9734759109876884,1.2813234978883912,6,6,2,54.53822280264681,0.9734759109876884,1.2813234978883912
01096763990전화문의,안녕하세요배달,6,4.605170176088091,0.999999997871957,0.9999999999999998,6,6,2,54.53822280264681,0.9734759109876884,1.2813234978883912,6,6,2,54.53822280264681,0.9734759109876884,1.2813234978883912
01096763990전화문의,당일주문이,6,4.605170176088091,0.999999997871957,0.9999999999999998,6,6,2,54.53822280264681,0.9734759109876884,1.2813234978883912,6,6,2,54.53822280264681,0.9734759109876884,1.2813234978883912
01096763990전화문의,월금,6,4.605170176088091,0.999999997871957,0.9999999999999998,6,6,2,54.53822280264681,0.9734759109876884,1.2813234978883912,6,6,2,54.53822280264681,0.9734759109876884,1.2813234978883912
죠샌드위치샐러드여주점,구성변경,6,4.605170176088091,0.999999997871957,0.9999999999999998,6,6,3,38.89261425516939,0.03932864287544329,0.5052699077123203,6,6,3,38.89261425516939,0.03932864287544329,0.5052699077123203
죠샌드위치샐러드여주점,여주점경기,6,4.605170176088091,0.999999997871957,0.9999999999999998,6,6,3,38.89261425516939,0.03932864287544329,0.5052699077123203,6,6,3,38.89261425516939,0.03932864287544329,0.5052699077123203
죠샌드위치샐러드여주점,단체간식,6,4.605170176088091,0.999999997871957,0.9999999999999998,6,6,3,38.89261425516939,0.03932864287544329,0.5052699077123203,6,6,3,38.89261425516939,0.03932864287544329,0.5052699077123203
죠샌드위치샐러드여주점,맞춰원하시는,6,4.605170176088091,0.999999997871957,0.9999999999999998,6,6,3,38.89261425516939,0.03932864287544329,0.5052699077123203,6,6,3,38.89261425516939,0.03932864287544329,0.5052699077123203
죠샌드위치샐러드여주점,0318810107구성,6,4.605170176088091,0.999999997871957,0.9999999999999998,6,6,3,38.89261425516939,0.03932864287544329,0.5052699077123203,6,6,3,38.89261425516939,0.03932864287544329,0.5052699077123203
죠샌드위치샐러드여주점,해드립니다,6,4.605170176088091,0.999999997871957,0.9999999999999998,6,6,3,38.89261425516939,0.03932864287544329,0.5052699077123203,6,6,3,38.89261425516939,0.03932864287544329,0.5052699077123203
죠샌드위치샐러드여주점,있습니다단체주문,6,4.605170176088091,0.999999997871957,0.9999999999999998,6,6,3,38.89261425516939,0.03932864287544329,0.5052699077123203,6,6,3,38.89261425516939,0.03932864287544329,0.5052699077123203
죠샌드위치샐러드여주점,가능합니다문의주세요,6,4.605170176088091,0.999999997871957,0.9999999999999998,6,6,3,38.89261425516939,0.03932864287544329,0.5052699077123203,6,6,3,38.89261425516939,0.03932864287544329,0.5052699077123203
안녕하세요배달,불가합니다연락처,6,4.605170176088091,0.999999997871957,0.9999999999999998,6,6,2,54.53822280264681,0.9734759109876884,1.2813234978883912,6,6,2,54.53822280264681,0.9734759109876884,1.2813234978883912
불가합니다연락처,푸디스퀘어,6,4.605170176088091,0.999999997871957,0.9999999999999998,6,6,2,54.53822280264681,0.9734759109876884,1.2813234978883912,6,6,2,54.53822280264681,0.9734759109876884,1.2813234978883912
용산역맛집,재고연어,6,4.605170176088091,0.999999997871957,0.9999999999999998,6,6,5,7.662121982687268,0.0,-0.426558766431274,6,6,5,7.662121982687268,0.0,-0.426558766431274
용산역맛집,용산샐러드맛집,6,4.605170176088091,0.999999997871957,0.9999999999999998,6,6,5,7.662121982687268,0.0,-0.426558766431274,6,6,5,7.662121982687268,0.0,-0.426558766431274
용산역맛집,용산샐러드,6,4.605170176088091,0.999999997871957,0.9999999999999998,6,6,5,7.662121982687268,0.0,-0.426558766431274,6,6,5,7.662121982687268,0.0,-0.426558766431274
죠샌드위치샐러드여주점,0318810107죠샌드위치,6,4.605170176088091,0.999999997871957,0.9999999999999998,6,6,3,38.89261425516939,0.03932864287544329,0.5052699077123203,6,6,3,38.89261425516939,0.03932864287544329,0.5052699077123203
건강샐러드,24시식당,6,4.605170176088091,0.999999997871957,0.9999999999999998,6,6,5,7.662121982687268,0.0,-0.426558766431274,6,6,5,7.662121982687268,0.0,-0.426558766431274
재고연어,24시식당,6,4.605170176088091,0.999999997871957,0.9999999999999998,6,6,5,7.662121982687268,0.0,-0.426558766431274,6,6,5,7.662121982687268,0.0,-0.426558766431274
0318810107죠샌드위치,가능합니다문의주세요,6,4.605170176088091,0.999999997871957,0.9999999999999998,6,6,3,38.89261425516939,0.03932864287544329,0.5052699077123203,6,6,3,38.89261425516939,0.03932864287544329,0.5052699077123203
0318810107죠샌드위치,여주행사간식,6,4.605170176088091,0.999999997871957,0.9999999999999998,6,6,3,38.89261425516939,0.03932864287544329,0.5052699077123203,6,6,3,38.89261425516939,0.03932864287544329,0.5052699077123203
0318810107죠샌드위치,세종로,6,4.605170176088091,0.999999997871957,0.9999999999999998,6,6,3,38.89261425516939,0.03932864287544329,0.5052699077123203,6,6,3,38.89261425516939,0.03932864287544329,0.5052699077123203
죠샌드위치샐러드여주점,문의환영,6,4.605170176088091,0.999999997871957,0.9999999999999998,6,6,3,38.89261425516939,0.03932864287544329,0.5052699077123203,6,6,3,38.89261425516939,0.03932864287544329,0.5052699077123203
죠샌드위치샐러드여주점,체육대회간식,6,4.605170176088091,0.999999997871957,0.9999999999999998,6,6,3,38.89261425516939,0.03932864287544329,0.5052699077123203,6,6,3,38.89261425516939,0.03932864287544329,0.5052699077123203
죠샌드위치샐러드여주점,학교간식,6,4.605170176088091,0.999999997871957,0.9999999999999998,6,6,3,38.89261425516939,0.03932864287544329,0.5052699077123203,6,6,3,38.89261425516939,0.03932864287544329,0.5052699077123203
죠샌드위치샐러드여주점,구성해서,6,4.605170176088091,0.999999997871957,0.9999999999999998,6,6,3,38.89261425516939,0.03932864287544329,0.5052699077123203,6,6,3,38.89261425516939,0.03932864287544329,0.5052699077123203
세종로,가능합니다문의주세요,6,4.605170176088091,0.999999997871957,0.9999999999999998,6,6,3,38.89261425516939,0.03932864287544329,0.5052699077123203,6,6,3,38.89261425516939,0.03932864287544329,0.5052699077123203
용산역맛집,24시식당,6,4.605170176088091,0.999999997871957,0.9999999999999998,6,6,5,7.662121982687268,0.0,-0.426558766431274,6,6,5,7.662121982687268,0.0,-0.426558766431274
용산역맛집,건강샐러드,6,4.605170176088091,0.999999997871957,0.9999999999999998,6,6,5,7.662121982687268,0.0,-0.426558766431274,6,6,5,7.662121982687268,0.0,-0.426558766431274
죠샌드위치샐러드여주점,학원간식,6,4.605170176088091,0.999999997871957,0.9999999999999998,6,6,3,38.89261425516939,0.03932864287544329,0.5052699077123203,6,6,3,38.89261425516939,0.03932864287544329,0.5052699077123203
죠샌드위치샐러드여주점,3800원부터,6,4.605170176088091,0.999999997871957,0.9999999999999998,6,6,3,38.89261425516939,0.03932864287544329,0.5052699077123203,6,6,3,38.89261425516939,0.03932864287544329,0.5052699077123203
죠샌드위치샐러드여주점,교회간식,6,4.605170176088091,0.999999997871957,0.9999999999999998,6,6,3,38.89261425516939,0.03932864287544329,0.5052699077123203,6,6,3,38.89261425516939,0.03932864287544329,0.5052699077123203
죠샌드위치샐러드여주점,여주시,6,4.605170176088091,0.999999997871957,0.9999999999999998,6,6,3,38.89261425516939,0.03932864287544329,0.5052699077123203,6,6,3,38.89261425516939,0.03932864287544329,0.5052699077123203
죠샌드위치샐러드여주점,맞춰일정에,6,4.605170176088091,0.999999997871957,0.9999999999999998,6,6,3,38.89261425516939,0.03932864287544329,0.5052699077123203,6,6,3,38.89261425516939,0.03932864287544329,0.5052699077123203
죠샌드위치샐러드여주점,G드림카드,6,4.605170176088091,0.999999997871957,0.9999999999999998,6,6,3,38.89261425516939,0.03932864287544329,0.5052699077123203,6,6,3,38.89261425516939,0.03932864287544329,0.5052699077123203
0318810107죠샌드위치,여주시,6,4.605170176088091,0.999999997871957,0.9999999999999998,6,6,3,38.89261425516939,0.03932864287544329,0.5052699077123203,6,6,3,38.89261425516939,0.03932864287544329,0.5052699077123203
0318810107죠샌드위치,맞춰일정에,6,4.605170176088091,0.999999997871957,0.9999999999999998,6,6,3,38.89261425516939,0.03932864287544329,0.5052699077123203,6,6,3,38.89261425516939,0.03932864287544329,0.5052699077123203
0318810107죠샌드위치,G드림카드,6,4.605170176088091,0.999999997871957,0.9999999999999998,6,6,3,38.89261425516939,0.03932864287544329,0.5052699077123203,6,6,3,38.89261425516939,0.03932864287544329,0.5052699077123203
0318810107죠샌드위치,구성변경,6,4.605170176088091,0.999999997871957,0.9999999999999998,6,6,3,38.89261425516939,0.03932864287544329,0.5052699077123203,6,6,3,38.89261425516939,0.03932864287544329,0.5052699077123203
세종로,체육대회간식,6,4.605170176088091,0.999999997871957,0.9999999999999998,6,6,3,38.89261425516939,0.03932864287544329,0.5052699077123203,6,6,3,38.89261425516939,0.03932864287544329,0.5052699077123203
세종로,학교간식,6,4.605170176088091,0.999999997871957,0.9999999999999998,6,6,3,38.89261425516939,0.03932864287544329,0.5052699077123203,6,6,3,38.89261425516939,0.03932864287544329,0.5052699077123203
세종로,구성해서,6,4.605170176088091,0.999999997871957,0.9999999999999998,6,6,3,38.89261425516939,0.03932864287544329,0.5052699077123203,6,6,3,38.89261425516939,0.03932864287544329,0.5052699077123203
세종로,학원간식,6,4.605170176088091,0.999999997871957,0.9999999999999998,6,6,3,38.89261425516939,0.03932864287544329,0.5052699077123203,6,6,3,38.89261425516939,0.03932864287544329,0.5052699077123203
죠샌드위치샐러드여주점,여주행사간식,6,4.605170176088091,0.999999997871957,0.9999999999999998,6,6,3,38.89261425516939,0.03932864287544329,0.5052699077123203,6,6,3,38.89261425516939,0.03932864287544329,0.5052699077123203
죠샌드위치샐러드여주점,세종로,6,4.605170176088091,0.999999997871957,0.9999999999999998,6,6,3,38.89261425516939,0.03932864287544329,0.5052699077123203,6,6,3,38.89261425516939,0.03932864287544329,0.5052699077123203
0318810107죠샌드위치,여주점경기,6,4.605170176088091,0.999999997871957,0.9999999999999998,6,6,3,38.89261425516939,0.03932864287544329,0.5052699077123203,6,6,3,38.89261425516939,0.03932864287544329,0.5052699077123203
0318810107죠샌드위치,단체간식,6,4.605170176088091,0.999999997871957,0.9999999999999998,6,6,3,38.89261425516939,0.03932864287544329,0.5052699077123203,6,6,3,38.89261425516939,0.03932864287544329,0.5052699077123203
0318810107죠샌드위치,맞춰원하시는,6,4.605170176088091,0.999999997871957,0.9999999999999998,6,6,3,38.89261425516939,0.03932864287544329,0.5052699077123203,6,6,3,38.89261425516939,0.03932864287544329,0.5052699077123203
0318810107죠샌드위치,0318810107구성,6,4.605170176088091,0.999999997871957,0.9999999999999998,6,6,3,38.89261425516939,0.03932864287544329,0.5052699077123203,6,6,3,38.89261425516939,0.03932864287544329,0.5052699077123203
0318810107죠샌드위치,해드립니다,6,4.605170176088091,0.999999997871957,0.9999999999999998,6,6,3,38.89261425516939,0.03932864287544329,0.5052699077123203,6,6,3,38.89261425516939,0.03932864287544329,0.5052699077123203
0318810107죠샌드위치,있습니다단체주문,6,4.605170176088091,0.999999997871957,0.9999999999999998,6,6,3,38.89261425516939,0.03932864287544329,0.5052699077123203,6,6,3,38.89261425516939,0.03932864287544329,0.5052699077123203
세종로,맞춰원하시는,6,4.605170176088091,0.999999997871957,0.9999999999999998,6,6,3,38.89261425516939,0.03932864287544329,0.5052699077123203,6,6,3,38.89261425516939,0.03932864287544329,0.5052699077123203
세종로,0318810107구성,6,4.605170176088091,0.999999997871957,0.9999999999999998,6,6,3,38.89261425516939,0.03932864287544329,0.5052699077123203,6,6,3,38.89261425516939,0.03932864287544329,0.5052699077123203
세종로,해드립니다,6,4.605170176088091,0.999999997871957,0.9999999999999998,6,6,3,38.89261425516939,0.03932864287544329,0.5052699077123203,6,6,3,38.89261425516939,0.03932864287544329,0.5052699077123203
세종로,있습니다단체주문,6,4.605170176088091,0.999999997871957,0.9999999999999998,6,6,3,38.89261425516939,0.03932864287544329,0.5052699077123203,6,6,3,38.89261425516939,0.03932864287544329,0.5052699077123203
여주행사간식,교회간식,6,4.605170176088091,0.999999997871957,0.9999999999999998,6,6,3,38.89261425516939,0.03932864287544329,0.5052699077123203,6,6,3,38.89261425516939,0.03932864287544329,0.5052699077123203
여주행사간식,여주시,6,4.605170176088091,0.999999997871957,0.9999999999999998,6,6,3,38.89261425516939,0.03932864287544329,0.5052699077123203,6,6,3,38.89261425516939,0.03932864287544329,0.5052699077123203
여주행사간식,맞춰일정에,6,4.605170176088091,0.999999997871957,0.9999999999999998,6,6,3,38.89261425516939,0.03932864287544329,0.5052699077123203,6,6,3,38.89261425516939,0.03932864287544329,0.5052699077123203
여주행사간식,G드림카드,6,4.605170176088091,0.999999997871957,0.9999999999999998,6,6,3,38.89261425516939,0.03932864287544329,0.5052699077123203,6,6,3,38.89261425516939,0.03932864287544329,0.5052699077123203
세종로,여주행사간식,6,4.605170176088091,0.999999997871957,0.9999999999999998,6,6,3,38.89261425516939,0.03932864287544329,0.5052699077123203,6,6,3,38.89261425516939,0.03932864287544329,0.5052699077123203
0318810107죠샌드위치,문의환영,6,4.605170176088091,0.999999997871957,0.9999999999999998,6,6,3,38.89261425516939,0.03932864287544329,0.5052699077123203,6,6,3,38.89261425516939,0.03932864287544329,0.5052699077123203
0318810107죠샌드위치,체육대회간식,6,4.605170176088091,0.999999997871957,0.9999999999999998,6,6,3,38.89261425516939,0.03932864287544329,0.5052699077123203,6,6,3,38.89261425516939,0.03932864287544329,0.5052699077123203
0318810107죠샌드위치,학교간식,6,4.605170176088091,0.999999997871957,0.9999999999999998,6,6,3,38.89261425516939,0.03932864287544329,0.5052699077123203,6,6,3,38.89261425516939,0.03932864287544329,0.5052699077123203
0318810107죠샌드위치,구성해서,6,4.605170176088091,0.999999997871957,0.9999999999999998,6,6,3,38.89261425516939,0.03932864287544329,0.5052699077123203,6,6,3,38.89261425516939,0.03932864287544329,0.5052699077123203
0318810107죠샌드위치,학원간식,6,4.605170176088091,0.999999997871957,0.9999999999999998,6,6,3,38.89261425516939,0.03932864287544329,0.5052699077123203,6,6,3,38.89261425516939,0.03932864287544329,0.5052699077123203
0318810107죠샌드위치,3800원부터,6,4.605170176088091,0.999999997871957,0.9999999999999998,6,6,3,38.89261425516939,0.03932864287544329,0.5052699077123203,6,6,3,38.89261425516939,0.03932864287544329,0.5052699077123203
0318810107죠샌드위치,교회간식,6,4.605170176088091,0.999999997871957,0.9999999999999998,6,6,3,38.89261425516939,0.03932864287544329,0.5052699077123203,6,6,3,38.89261425516939,0.03932864287544329,0.5052699077123203
세종로,문의환영,6,4.605170176088091,0.999999997871957,0.9999999999999998,6,6,3,38.89261425516939,0.03932864287544329,0.5052699077123203,6,6,3,38.89261425516939,0.03932864287544329,0.5052699077123203
가능합니다문의주세요,구성변경,6,4.605170176088091,0.999999997871957,0.9999999999999998,6,6,3,38.89261425516939,0.03932864287544329,0.5052699077123203,6,6,3,38.89261425516939,0.03932864287544329,0.5052699077123203
가능합니다문의주세요,여주점경기,6,4.605170176088091,0.999999997871957,0.9999999999999998,6,6,3,38.89261425516939,0.03932864287544329,0.5052699077123203,6,6,3,38.89261425516939,0.03932864287544329,0.5052699077123203
가능합니다문의주세요,단체간식,6,4.605170176088091,0.999999997871957,0.9999999999999998,6,6,3,38.89261425516939,0.03932864287544329,0.5052699077123203,6,6,3,38.89261425516939,0.03932864287544329,0.5052699077123203
가능합니다문의주세요,맞춰원하시는,6,4.605170176088091,0.999999997871957,0.9999999999999998,6,6,3,38.89261425516939,0.03932864287544329,0.5052699077123203,6,6,3,38.89261425516939,0.03932864287544329,0.5052699077123203
가능합니다문의주세요,0318810107구성,6,4.605170176088091,0.999999997871957,0.9999999999999998,6,6,3,38.89261425516939,0.03932864287544329,0.5052699077123203,6,6,3,38.89261425516939,0.03932864287544329,0.5052699077123203
가능합니다문의주세요,해드립니다,6,4.605170176088091,0.999999997871957,0.9999999999999998,6,6,3,38.89261425516939,0.03932864287544329,0.5052699077123203,6,6,3,38.89261425516939,0.03932864287544329,0.5052699077123203
가능합니다문의주세요,있습니다단체주문,6,4.605170176088091,0.999999997871957,0.9999999999999998,6,6,3,38.89261425516939,0.03932864287544329,0.5052699077123203,6,6,3,38.89261425516939,0.03932864287544329,0.5052699077123203
세종로,3800원부터,6,4.605170176088091,0.999999997871957,0.9999999999999998,6,6,3,38.89261425516939,0.03932864287544329,0.5052699077123203,6,6,3,38.89261425516939,0.03932864287544329,0.5052699077123203
세종로,교회간식,6,4.605170176088091,0.999999997871957,0.9999999999999998,6,6,3,38.89261425516939,0.03932864287544329,0.5052699077123203,6,6,3,38.89261425516939,0.03932864287544329,0.5052699077123203
세종로,여주시,6,4.605170176088091,0.999999997871957,0.9999999999999998,6,6,3,38.89261425516939,0.03932864287544329,0.5052699077123203,6,6,3,38.89261425516939,0.03932864287544329,0.5052699077123203
세종로,맞춰일정에,6,4.605170176088091,0.999999997871957,0.9999999999999998,6,6,3,38.89261425516939,0.03932864287544329,0.5052699077123203,6,6,3,38.89261425516939,0.03932864287544329,0.5052699077123203
세종로,G드림카드,6,4.605170176088091,0.999999997871957,0.9999999999999998,6,6,3,38.89261425516939,0.03932864287544329,0.5052699077123203,6,6,3,38.89261425516939,0.03932864287544329,0.5052699077123203
세종로,구성변경,6,4.605170176088091,0.999999997871957,0.9999999999999998,6,6,3,38.89261425516939,0.03932864287544329,0.5052699077123203,6,6,3,38.89261425516939,0.03932864287544329,0.5052699077123203
세종로,여주점경기,6,4.605170176088091,0.999999997871957,0.9999999999999998,6,6,3,38.89261425516939,0.03932864287544329,0.5052699077123203,6,6,3,38.89261425516939,0.03932864287544329,0.5052699077123203
세종로,단체간식,6,4.605170176088091,0.999999997871957,0.9999999999999998,6,6,3,38.89261425516939,0.03932864287544329,0.5052699077123203,6,6,3,38.89261425516939,0.03932864287544329,0.5052699077123203
있습니다단체주문,해드립니다,6,4.605170176088091,0.999999997871957,0.9999999999999998,6,6,3,38.89261425516939,0.03932864287544329,0.5052699077123203,6,6,3,38.89261425516939,0.03932864287544329,0.5052699077123203
가능합니다문의주세요,문의환영,6,4.605170176088091,0.999999997871957,0.9999999999999998,6,6,3,38.89261425516939,0.03932864287544329,0.5052699077123203,6,6,3,38.89261425516939,0.03932864287544329,0.5052699077123203
가능합니다문의주세요,체육대회간식,6,4.605170176088091,0.999999997871957,0.9999999999999998,6,6,3,38.89261425516939,0.03932864287544329,0.5052699077123203,6,6,3,38.89261425516939,0.03932864287544329,0.5052699077123203
가능합니다문의주세요,학교간식,6,4.605170176088091,0.999999997871957,0.9999999999999998,6,6,3,38.89261425516939,0.03932864287544329,0.5052699077123203,6,6,3,38.89261425516939,0.03932864287544329,0.5052699077123203
가능합니다문의주세요,구성해서,6,4.605170176088091,0.999999997871957,0.9999999999999998,6,6,3,38.89261425516939,0.03932864287544329,0.5052699077123203,6,6,3,38.89261425516939,0.03932864287544329,0.5052699077123203
가능합니다문의주세요,학원간식,6,4.605170176088091,0.999999997871957,0.9999999999999998,6,6,3,38.89261425516939,0.03932864287544329,0.5052699077123203,6,6,3,38.89261425516939,0.03932864287544329,0.5052699077123203
가능합니다문의주세요,3800원부터,6,4.605170176088091,0.999999997871957,0.9999999999999998,6,6,3,38.89261425516939,0.03932864287544329,0.5052699077123203,6,6,3,38.89261425516939,0.03932864287544329,0.5052699077123203
가능합니다문의주세요,교회간식,6,4.605170176088091,0.999999997871957,0.9999999999999998,6,6,3,38.89261425516939,0.03932864287544329,0.5052699077123203,6,6,3,38.89261425516939,0.03932864287544329,0.5052699077123203
여주행사간식,구성변경,6,4.605170176088091,0.999999997871957,0.9999999999999998,6,6,3,38.89261425516939,0.03932864287544329,0.5052699077123203,6,6,3,38.89261425516939,0.03932864287544329,0.5052699077123203
여주행사간식,여주점경기,6,4.605170176088091,0.999999997871957,0.9999999999999998,6,6,3,38.89261425516939,0.03932864287544329,0.5052699077123203,6,6,3,38.89261425516939,0.03932864287544329,0.5052699077123203
여주행사간식,단체간식,6,4.605170176088091,0.999999997871957,0.9999999999999998,6,6,3,38.89261425516939,0.03932864287544329,0.5052699077123203,6,6,3,38.89261425516939,0.03932864287544329,0.5052699077123203
여주행사간식,맞춰원하시는,6,4.605170176088091,0.999999997871957,0.9999999999999998,6,6,3,38.89261425516939,0.03932864287544329,0.5052699077123203,6,6,3,38.89261425516939,0.03932864287544329,0.5052699077123203
여주행사간식,0318810107구성,6,4.605170176088091,0.999999997871957,0.9999999999999998,6,6,3,38.89261425516939,0.03932864287544329,0.5052699077123203,6,6,3,38.89261425516939,0.03932864287544329,0.5052699077123203
여주행사간식,해드립니다,6,4.605170176088091,0.999999997871957,0.9999999999999998,6,6,3,38.89261425516939,0.03932864287544329,0.5052699077123203,6,6,3,38.89261425516939,0.03932864287544329,0.5052699077123203
여주행사간식,있습니다단체주문,6,4.605170176088091,0.999999997871957,0.9999999999999998,6,6,3,38.89261425516939,0.03932864287544329,0.5052699077123203,6,6,3,38.89261425516939,0.03932864287544329,0.5052699077123203
여주행사간식,가능합니다문의주세요,6,4.605170176088091,0.999999997871957,0.9999999999999998,6,6,3,38.89261425516939,0.03932864287544329,0.5052699077123203,6,6,3,38.89261425516939,0.03932864287544329,0.5052699077123203
있습니다단체주문,3800원부터,6,4.605170176088091,0.999999997871957,0.9999999999999998,6,6,3,38.89261425516939,0.03932864287544329,0.5052699077123203,6,6,3,38.89261425516939,0.03932864287544329,0.5052699077123203
있습니다단체주문,교회간식,6,4.605170176088091,0.999999997871957,0.9999999999999998,6,6,3,38.89261425516939,0.03932864287544329,0.5052699077123203,6,6,3,38.89261425516939,0.03932864287544329,0.5052699077123203
있습니다단체주문,여주시,6,4.605170176088091,0.999999997871957,0.9999999999999998,6,6,3,38.89261425516939,0.03932864287544329,0.5052699077123203,6,6,3,38.89261425516939,0.03932864287544329,0.5052699077123203
있습니다단체주문,맞춰일정에,6,4.605170176088091,0.999999997871957,0.9999999999999998,6,6,3,38.89261425516939,0.03932864287544329,0.5052699077123203,6,6,3,38.89261425516939,0.03932864287544329,0.5052699077123203
있습니다단체주문,G드림카드,6,4.605170176088091,0.999999997871957,0.9999999999999998,6,6,3,38.89261425516939,0.03932864287544329,0.5052699077123203,6,6,3,38.89261425516939,0.03932864287544329,0.5052699077123203
있습니다단체주문,구성변경,6,4.605170176088091,0.999999997871957,0.9999999999999998,6,6,3,38.89261425516939,0.03932864287544329,0.5052699077123203,6,6,3,38.89261425516939,0.03932864287544329,0.5052699077123203
있습니다단체주문,여주점경기,6,4.605170176088091,0.999999997871957,0.9999999999999998,6,6,3,38.89261425516939,0.03932864287544329,0.5052699077123203,6,6,3,38.89261425516939,0.03932864287544329,0.5052699077123203
있습니다단체주문,단체간식,6,4.605170176088091,0.999999997871957,0.9999999999999998,6,6,3,38.89261425516939,0.03932864287544329,0.5052699077123203,6,6,3,38.89261425516939,0.03932864287544329,0.5052699077123203
여주행사간식,문의환영,6,4.605170176088091,0.999999997871957,0.9999999999999998,6,6,3,38.89261425516939,0.03932864287544329,0.5052699077123203,6,6,3,38.89261425516939,0.03932864287544329,0.5052699077123203
여주행사간식,체육대회간식,6,4.605170176088091,0.999999997871957,0.9999999999999998,6,6,3,38.89261425516939,0.03932864287544329,0.5052699077123203,6,6,3,38.89261425516939,0.03932864287544329,0.5052699077123203
여주행사간식,학교간식,6,4.605170176088091,0.999999997871957,0.9999999999999998,6,6,3,38.89261425516939,0.03932864287544329,0.5052699077123203,6,6,3,38.89261425516939,0.03932864287544329,0.5052699077123203
여주행사간식,구성해서,6,4.605170176088091,0.999999997871957,0.9999999999999998,6,6,3,38.89261425516939,0.03932864287544329,0.5052699077123203,6,6,3,38.89261425516939,0.03932864287544329,0.5052699077123203
여주행사간식,학원간식,6,4.605170176088091,0.999999997871957,0.9999999999999998,6,6,3,38.89261425516939,0.03932864287544329,0.5052699077123203,6,6,3,38.89261425516939,0.03932864287544329,0.5052699077123203
여주행사간식,3800원부터,6,4.605170176088091,0.999999997871957,0.9999999999999998,6,6,3,38.89261425516939,0.03932864287544329,0.5052699077123203,6,6,3,38.89261425516939,0.03932864287544329,0.5052699077123203
있습니다단체주문,맞춰원하시는,6,4.605170176088091,0.999999997871957,0.9999999999999998,6,6,3,38.89261425516939,0.03932864287544329,0.5052699077123203,6,6,3,38.89261425516939,0.03932864287544329,0.5052699077123203
있습니다단체주문,0318810107구성,6,4.605170176088091,0.999999997871957,0.9999999999999998,6,6,3,38.89261425516939,0.03932864287544329,0.5052699077123203,6,6,3,38.89261425516939,0.03932864287544329,0.5052699077123203
해드립니다,맞춰일정에,6,4.605170176088091,0.999999997871957,0.9999999999999998,6,6,3,38.89261425516939,0.03932864287544329,0.5052699077123203,6,6,3,38.89261425516939,0.03932864287544329,0.5052699077123203
해드립니다,G드림카드,6,4.605170176088091,0.999999997871957,0.9999999999999998,6,6,3,38.89261425516939,0.03932864287544329,0.5052699077123203,6,6,3,38.89261425516939,0.03932864287544329,0.5052699077123203
해드립니다,구성변경,6,4.605170176088091,0.999999997871957,0.9999999999999998,6,6,3,38.89261425516939,0.03932864287544329,0.5052699077123203,6,6,3,38.89261425516939,0.03932864287544329,0.5052699077123203
해드립니다,여주점경기,6,4.605170176088091,0.999999997871957,0.9999999999999998,6,6,3,38.89261425516939,0.03932864287544329,0.5052699077123203,6,6,3,38.89261425516939,0.03932864287544329,0.5052699077123203
해드립니다,단체간식,6,4.605170176088091,0.999999997871957,0.9999999999999998,6,6,3,38.89261425516939,0.03932864287544329,0.5052699077123203,6,6,3,38.89261425516939,0.03932864287544329,0.5052699077123203
해드립니다,맞춰원하시는,6,4.605170176088091,0.999999997871957,0.9999999999999998,6,6,3,38.89261425516939,0.03932864287544329,0.5052699077123203,6,6,3,38.89261425516939,0.03932864287544329,0.5052699077123203
해드립니다,0318810107구성,6,4.605170176088091,0.999999997871957,0.9999999999999998,6,6,3,38.89261425516939,0.03932864287544329,0.5052699077123203,6,6,3,38.89261425516939,0.03932864287544329,0.5052699077123203
0318810107구성,문의환영,6,4.605170176088091,0.999999997871957,0.9999999999999998,6,6,3,38.89261425516939,0.03932864287544329,0.5052699077123203,6,6,3,38.89261425516939,0.03932864287544329,0.5052699077123203
가능합니다문의주세요,여주시,6,4.605170176088091,0.999999997871957,0.9999999999999998,6,6,3,38.89261425516939,0.03932864287544329,0.5052699077123203,6,6,3,38.89261425516939,0.03932864287544329,0.5052699077123203
가능합니다문의주세요,맞춰일정에,6,4.605170176088091,0.999999997871957,0.9999999999999998,6,6,3,38.89261425516939,0.03932864287544329,0.5052699077123203,6,6,3,38.89261425516939,0.03932864287544329,0.5052699077123203
가능합니다문의주세요,G드림카드,6,4.605170176088091,0.999999997871957,0.9999999999999998,6,6,3,38.89261425516939,0.03932864287544329,0.5052699077123203,6,6,3,38.89261425516939,0.03932864287544329,0.5052699077123203
있습니다단체주문,문의환영,6,4.605170176088091,0.999999997871957,0.9999999999999998,6,6,3,38.89261425516939,0.03932864287544329,0.5052699077123203,6,6,3,38.89261425516939,0.03932864287544329,0.5052699077123203
있습니다단체주문,체육대회간식,6,4.605170176088091,0.999999997871957,0.9999999999999998,6,6,3,38.89261425516939,0.03932864287544329,0.5052699077123203,6,6,3,38.89261425516939,0.03932864287544329,0.5052699077123203
있습니다단체주문,학교간식,6,4.605170176088091,0.999999997871957,0.9999999999999998,6,6,3,38.89261425516939,0.03932864287544329,0.5052699077123203,6,6,3,38.89261425516939,0.03932864287544329,0.5052699077123203
있습니다단체주문,구성해서,6,4.605170176088091,0.999999997871957,0.9999999999999998,6,6,3,38.89261425516939,0.03932864287544329,0.5052699077123203,6,6,3,38.89261425516939,0.03932864287544329,0.5052699077123203
있습니다단체주문,학원간식,6,4.605170176088091,0.999999997871957,0.9999999999999998,6,6,3,38.89261425516939,0.03932864287544329,0.5052699077123203,6,6,3,38.89261425516939,0.03932864287544329,0.5052699077123203
0318810107구성,G드림카드,6,4.605170176088091,0.999999997871957,0.9999999999999998,6,6,3,38.89261425516939,0.03932864287544329,0.5052699077123203,6,6,3,38.89261425516939,0.03932864287544329,0.5052699077123203
0318810107구성,구성변경,6,4.605170176088091,0.999999997871957,0.9999999999999998,6,6,3,38.89261425516939,0.03932864287544329,0.5052699077123203,6,6,3,38.89261425516939,0.03932864287544329,0.5052699077123203
0318810107구성,여주점경기,6,4.605170176088091,0.999999997871957,0.9999999999999998,6,6,3,38.89261425516939,0.03932864287544329,0.5052699077123203,6,6,3,38.89261425516939,0.03932864287544329,0.5052699077123203
0318810107구성,단체간식,6,4.605170176088091,0.999999997871957,0.9999999999999998,6,6,3,38.89261425516939,0.03932864287544329,0.5052699077123203,6,6,3,38.89261425516939,0.03932864287544329,0.5052699077123203
0318810107구성,맞춰원하시는,6,4.605170176088091,0.999999997871957,0.9999999999999998,6,6,3,38.89261425516939,0.03932864287544329,0.5052699077123203,6,6,3,38.89261425516939,0.03932864287544329,0.5052699077123203
맞춰원하시는,문의환영,6,4.605170176088091,0.999999997871957,0.9999999999999998,6,6,3,38.89261425516939,0.03932864287544329,0.5052699077123203,6,6,3,38.89261425516939,0.03932864287544329,0.5052699077123203
맞춰원하시는,체육대회간식,6,4.605170176088091,0.999999997871957,0.9999999999999998,6,6,3,38.89261425516939,0.03932864287544329,0.5052699077123203,6,6,3,38.89261425516939,0.03932864287544329,0.5052699077123203
맞춰원하시는,학교간식,6,4.605170176088091,0.999999997871957,0.9999999999999998,6,6,3,38.89261425516939,0.03932864287544329,0.5052699077123203,6,6,3,38.89261425516939,0.03932864287544329,0.5052699077123203
해드립니다,문의환영,6,4.605170176088091,0.999999997871957,0.9999999999999998,6,6,3,38.89261425516939,0.03932864287544329,0.5052699077123203,6,6,3,38.89261425516939,0.03932864287544329,0.5052699077123203
해드립니다,체육대회간식,6,4.605170176088091,0.999999997871957,0.9999999999999998,6,6,3,38.89261425516939,0.03932864287544329,0.5052699077123203,6,6,3,38.89261425516939,0.03932864287544329,0.5052699077123203
해드립니다,학교간식,6,4.605170176088091,0.999999997871957,0.9999999999999998,6,6,3,38.89261425516939,0.03932864287544329,0.5052699077123203,6,6,3,38.89261425516939,0.03932864287544329,0.5052699077123203
해드립니다,구성해서,6,4.605170176088091,0.999999997871957,0.9999999999999998,6,6,3,38.89261425516939,0.03932864287544329,0.5052699077123203,6,6,3,38.89261425516939,0.03932864287544329,0.5052699077123203
해드립니다,학원간식,6,4.605170176088091,0.999999997871957,0.9999999999999998,6,6,3,38.89261425516939,0.03932864287544329,0.5052699077123203,6,6,3,38.89261425516939,0.03932864287544329,0.5052699077123203
해드립니다,3800원부터,6,4.605170176088091,0.999999997871957,0.9999999999999998,6,6,3,38.89261425516939,0.03932864287544329,0.5052699077123203,6,6,3,38.89261425516939,0.03932864287544329,0.5052699077123203
해드립니다,교회간식,6,4.605170176088091,0.999999997871957,0.9999999999999998,6,6,3,38.89261425516939,0.03932864287544329,0.5052699077123203,6,6,3,38.89261425516939,0.03932864287544329,0.5052699077123203
해드립니다,여주시,6,4.605170176088091,0.999999997871957,0.9999999999999998,6,6,3,38.89261425516939,0.03932864287544329,0.5052699077123203,6,6,3,38.89261425516939,0.03932864287544329,0.5052699077123203
맞춰원하시는,여주점경기,6,4.605170176088091,0.999999997871957,0.9999999999999998,6,6,3,38.89261425516939,0.03932864287544329,0.5052699077123203,6,6,3,38.89261425516939,0.03932864287544329,0.5052699077123203
맞춰원하시는,단체간식,6,4.605170176088091,0.999999997871957,0.9999999999999998,6,6,3,38.89261425516939,0.03932864287544329,0.5052699077123203,6,6,3,38.89261425516939,0.03932864287544329,0.5052699077123203
단체간식,문의환영,6,4.605170176088091,0.999999997871957,0.9999999999999998,6,6,3,38.89261425516939,0.03932864287544329,0.5052699077123203,6,6,3,38.89261425516939,0.03932864287544329,0.5052699077123203
단체간식,체육대회간식,6,4.605170176088091,0.999999997871957,0.9999999999999998,6,6,3,38.89261425516939,0.03932864287544329,0.5052699077123203,6,6,3,38.89261425516939,0.03932864287544329,0.5052699077123203
단체간식,학교간식,6,4.605170176088091,0.999999997871957,0.9999999999999998,6,6,3,38.89261425516939,0.03932864287544329,0.5052699077123203,6,6,3,38.89261425516939,0.03932864287544329,0.5052699077123203
단체간식,구성해서,6,4.605170176088091,0.999999997871957,0.9999999999999998,6,6,3,38.89261425516939,0.03932864287544329,0.5052699077123203,6,6,3,38.89261425516939,0.03932864287544329,0.5052699077123203
단체간식,학원간식,6,4.605170176088091,0.999999997871957,0.9999999999999998,6,6,3,38.89261425516939,0.03932864287544329,0.5052699077123203,6,6,3,38.89261425516939,0.03932864287544329,0.5052699077123203
단체간식,3800원부터,6,4.605170176088091,0.999999997871957,0.9999999999999998,6,6,3,38.89261425516939,0.03932864287544329,0.5052699077123203,6,6,3,38.89261425516939,0.03932864287544329,0.5052699077123203
0318810107구성,체육대회간식,6,4.605170176088091,0.999999997871957,0.9999999999999998,6,6,3,38.89261425516939,0.03932864287544329,0.5052699077123203,6,6,3,38.89261425516939,0.03932864287544329,0.5052699077123203
0318810107구성,학교간식,6,4.605170176088091,0.999999997871957,0.9999999999999998,6,6,3,38.89261425516939,0.03932864287544329,0.5052699077123203,6,6,3,38.89261425516939,0.03932864287544329,0.5052699077123203
0318810107구성,구성해서,6,4.605170176088091,0.999999997871957,0.9999999999999998,6,6,3,38.89261425516939,0.03932864287544329,0.5052699077123203,6,6,3,38.89261425516939,0.03932864287544329,0.5052699077123203
0318810107구성,학원간식,6,4.605170176088091,0.999999997871957,0.9999999999999998,6,6,3,38.89261425516939,0.03932864287544329,0.5052699077123203,6,6,3,38.89261425516939,0.03932864287544329,0.5052699077123203
0318810107구성,3800원부터,6,4.605170176088091,0.999999997871957,0.9999999999999998,6,6,3,38.89261425516939,0.03932864287544329,0.5052699077123203,6,6,3,38.89261425516939,0.03932864287544329,0.5052699077123203
0318810107구성,교회간식,6,4.605170176088091,0.999999997871957,0.9999999999999998,6,6,3,38.89261425516939,0.03932864287544329,0.5052699077123203,6,6,3,38.89261425516939,0.03932864287544329,0.5052699077123203
0318810107구성,여주시,6,4.605170176088091,0.999999997871957,0.9999999999999998,6,6,3,38.89261425516939,0.03932864287544329,0.5052699077123203,6,6,3,38.89261425516939,0.03932864287544329,0.5052699077123203
0318810107구성,맞춰일정에,6,4.605170176088091,0.999999997871957,0.9999999999999998,6,6,3,38.89261425516939,0.03932864287544329,0.5052699077123203,6,6,3,38.89261425516939,0.03932864287544329,0.5052699077123203
여주점경기,학교간식,6,4.605170176088091,0.999999997871957,0.9999999999999998,6,6,3,38.89261425516939,0.03932864287544329,0.5052699077123203,6,6,3,38.89261425516939,0.03932864287544329,0.5052699077123203
여주점경기,구성해서,6,4.605170176088091,0.999999997871957,0.9999999999999998,6,6,3,38.89261425516939,0.03932864287544329,0.5052699077123203,6,6,3,38.89261425516939,0.03932864287544329,0.5052699077123203
여주점경기,학원간식,6,4.605170176088091,0.999999997871957,0.9999999999999998,6,6,3,38.89261425516939,0.03932864287544329,0.5052699077123203,6,6,3,38.89261425516939,0.03932864287544329,0.5052699077123203
여주점경기,3800원부터,6,4.605170176088091,0.999999997871957,0.9999999999999998,6,6,3,38.89261425516939,0.03932864287544329,0.5052699077123203,6,6,3,38.89261425516939,0.03932864287544329,0.5052699077123203
여주점경기,교회간식,6,4.605170176088091,0.999999997871957,0.9999999999999998,6,6,3,38.89261425516939,0.03932864287544329,0.5052699077123203,6,6,3,38.89261425516939,0.03932864287544329,0.5052699077123203
여주점경기,여주시,6,4.605170176088091,0.999999997871957,0.9999999999999998,6,6,3,38.89261425516939,0.03932864287544329,0.5052699077123203,6,6,3,38.89261425516939,0.03932864287544329,0.5052699077123203
여주점경기,맞춰일정에,6,4.605170176088091,0.999999997871957,0.9999999999999998,6,6,3,38.89261425516939,0.03932864287544329,0.5052699077123203,6,6,3,38.89261425516939,0.03932864287544329,0.5052699077123203
여주점경기,G드림카드,6,4.605170176088091,0.999999997871957,0.9999999999999998,6,6,3,38.89261425516939,0.03932864287544329,0.5052699077123203,6,6,3,38.89261425516939,0.03932864287544329,0.5052699077123203
맞춰원하시는,구성해서,6,4.605170176088091,0.999999997871957,0.9999999999999998,6,6,3,38.89261425516939,0.03932864287544329,0.5052699077123203,6,6,3,38.89261425516939,0.03932864287544329,0.5052699077123203
맞춰원하시는,학원간식,6,4.605170176088091,0.999999997871957,0.9999999999999998,6,6,3,38.89261425516939,0.03932864287544329,0.5052699077123203,6,6,3,38.89261425516939,0.03932864287544329,0.5052699077123203
맞춰원하시는,3800원부터,6,4.605170176088091,0.999999997871957,0.9999999999999998,6,6,3,38.89261425516939,0.03932864287544329,0.5052699077123203,6,6,3,38.89261425516939,0.03932864287544329,0.5052699077123203
맞춰원하시는,교회간식,6,4.605170176088091,0.999999997871957,0.9999999999999998,6,6,3,38.89261425516939,0.03932864287544329,0.5052699077123203,6,6,3,38.89261425516939,0.03932864287544329,0.5052699077123203
맞춰원하시는,여주시,6,4.605170176088091,0.999999997871957,0.9999999999999998,6,6,3,38.89261425516939,0.03932864287544329,0.5052699077123203,6,6,3,38.89261425516939,0.03932864287544329,0.5052699077123203
맞춰원하시는,맞춰일정에,6,4.605170176088091,0.999999997871957,0.9999999999999998,6,6,3,38.89261425516939,0.03932864287544329,0.5052699077123203,6,6,3,38.89261425516939,0.03932864287544329,0.5052699077123203
맞춰원하시는,G드림카드,6,4.605170176088091,0.999999997871957,0.9999999999999998,6,6,3,38.89261425516939,0.03932864287544329,0.5052699077123203,6,6,3,38.89261425516939,0.03932864287544329,0.5052699077123203
맞춰원하시는,구성변경,6,4.605170176088091,0.999999997871957,0.9999999999999998,6,6,3,38.89261425516939,0.03932864287544329,0.5052699077123203,6,6,3,38.89261425516939,0.03932864287544329,0.5052699077123203
구성변경,학원간식,6,4.605170176088091,0.999999997871957,0.9999999999999998,6,6,3,38.89261425516939,0.03932864287544329,0.5052699077123203,6,6,3,38.89261425516939,0.03932864287544329,0.5052699077123203
구성변경,3800원부터,6,4.605170176088091,0.999999997871957,0.9999999999999998,6,6,3,38.89261425516939,0.03932864287544329,0.5052699077123203,6,6,3,38.89261425516939,0.03932864287544329,0.5052699077123203
구성변경,교회간식,6,4.605170176088091,0.999999997871957,0.9999999999999998,6,6,3,38.89261425516939,0.03932864287544329,0.5052699077123203,6,6,3,38.89261425516939,0.03932864287544329,0.5052699077123203
구성변경,여주시,6,4.605170176088091,0.999999997871957,0.9999999999999998,6,6,3,38.89261425516939,0.03932864287544329,0.5052699077123203,6,6,3,38.89261425516939,0.03932864287544329,0.5052699077123203
구성변경,맞춰일정에,6,4.605170176088091,0.999999997871957,0.9999999999999998,6,6,3,38.89261425516939,0.03932864287544329,0.5052699077123203,6,6,3,38.89261425516939,0.03932864287544329,0.5052699077123203
구성변경,G드림카드,6,4.605170176088091,0.999999997871957,0.9999999999999998,6,6,3,38.89261425516939,0.03932864287544329,0.5052699077123203,6,6,3,38.89261425516939,0.03932864287544329,0.5052699077123203
맞춰일정에,체육대회간식,6,4.605170176088091,0.999999997871957,0.9999999999999998,6,6,3,38.89261425516939,0.03932864287544329,0.5052699077123203,6,6,3,38.89261425516939,0.03932864287544329,0.5052699077123203
맞춰일정에,학교간식,6,4.605170176088091,0.999999997871957,0.9999999999999998,6,6,3,38.89261425516939,0.03932864287544329,0.5052699077123203,6,6,3,38.89261425516939,0.03932864287544329,0.5052699077123203
단체간식,교회간식,6,4.605170176088091,0.999999997871957,0.9999999999999998,6,6,3,38.89261425516939,0.03932864287544329,0.5052699077123203,6,6,3,38.89261425516939,0.03932864287544329,0.5052699077123203
단체간식,여주시,6,4.605170176088091,0.999999997871957,0.9999999999999998,6,6,3,38.89261425516939,0.03932864287544329,0.5052699077123203,6,6,3,38.89261425516939,0.03932864287544329,0.5052699077123203
단체간식,맞춰일정에,6,4.605170176088091,0.999999997871957,0.9999999999999998,6,6,3,38.89261425516939,0.03932864287544329,0.5052699077123203,6,6,3,38.89261425516939,0.03932864287544329,0.5052699077123203
단체간식,G드림카드,6,4.605170176088091,0.999999997871957,0.9999999999999998,6,6,3,38.89261425516939,0.03932864287544329,0.5052699077123203,6,6,3,38.89261425516939,0.03932864287544329,0.5052699077123203
단체간식,구성변경,6,4.605170176088091,0.999999997871957,0.9999999999999998,6,6,3,38.89261425516939,0.03932864287544329,0.5052699077123203,6,6,3,38.89261425516939,0.03932864287544329,0.5052699077123203
단체간식,여주점경기,6,4.605170176088091,0.999999997871957,0.9999999999999998,6,6,3,38.89261425516939,0.03932864287544329,0.5052699077123203,6,6,3,38.89261425516939,0.03932864287544329,0.5052699077123203
여주점경기,문의환영,6,4.605170176088091,0.999999997871957,0.9999999999999998,6,6,3,38.89261425516939,0.03932864287544329,0.5052699077123203,6,6,3,38.89261425516939,0.03932864287544329,0.5052699077123203
여주점경기,체육대회간식,6,4.605170176088091,0.999999997871957,0.9999999999999998,6,6,3,38.89261425516939,0.03932864287544329,0.5052699077123203,6,6,3,38.89261425516939,0.03932864287544329,0.5052699077123203
G드림카드,구성해서,6,4.605170176088091,0.999999997871957,0.9999999999999998,6,6,3,38.89261425516939,0.03932864287544329,0.5052699077123203,6,6,3,38.89261425516939,0.03932864287544329,0.5052699077123203
G드림카드,학원간식,6,4.605170176088091,0.999999997871957,0.9999999999999998,6,6,3,38.89261425516939,0.03932864287544329,0.5052699077123203,6,6,3,38.89261425516939,0.03932864287544329,0.5052699077123203
G드림카드,3800원부터,6,4.605170176088091,0.999999997871957,0.9999999999999998,6,6,3,38.89261425516939,0.03932864287544329,0.5052699077123203,6,6,3,38.89261425516939,0.03932864287544329,0.5052699077123203
교회간식,학원간식,6,4.605170176088091,0.999999997871957,0.9999999999999998,6,6,3,38.89261425516939,0.03932864287544329,0.5052699077123203,6,6,3,38.89261425516939,0.03932864287544329,0.5052699077123203
교회간식,3800원부터,6,4.605170176088091,0.999999997871957,0.9999999999999998,6,6,3,38.89261425516939,0.03932864287544329,0.5052699077123203,6,6,3,38.89261425516939,0.03932864287544329,0.5052699077123203
여주시,문의환영,6,4.605170176088091,0.999999997871957,0.9999999999999998,6,6,3,38.89261425516939,0.03932864287544329,0.5052699077123203,6,6,3,38.89261425516939,0.03932864287544329,0.5052699077123203
여주시,체육대회간식,6,4.605170176088091,0.999999997871957,0.9999999999999998,6,6,3,38.89261425516939,0.03932864287544329,0.5052699077123203,6,6,3,38.89261425516939,0.03932864287544329,0.5052699077123203
여주시,학교간식,6,4.605170176088091,0.999999997871957,0.9999999999999998,6,6,3,38.89261425516939,0.03932864287544329,0.5052699077123203,6,6,3,38.89261425516939,0.03932864287544329,0.5052699077123203
여주점경기,구성변경,6,4.605170176088091,0.999999997871957,0.9999999999999998,6,6,3,38.89261425516939,0.03932864287544329,0.5052699077123203,6,6,3,38.89261425516939,0.03932864287544329,0.5052699077123203
G드림카드,교회간식,6,4.605170176088091,0.999999997871957,0.9999999999999998,6,6,3,38.89261425516939,0.03932864287544329,0.5052699077123203,6,6,3,38.89261425516939,0.03932864287544329,0.5052699077123203
G드림카드,여주시,6,4.605170176088091,0.999999997871957,0.9999999999999998,6,6,3,38.89261425516939,0.03932864287544329,0.5052699077123203,6,6,3,38.89261425516939,0.03932864287544329,0.5052699077123203
G드림카드,맞춰일정에,6,4.605170176088091,0.999999997871957,0.9999999999999998,6,6,3,38.89261425516939,0.03932864287544329,0.5052699077123203,6,6,3,38.89261425516939,0.03932864287544329,0.5052699077123203
구성변경,문의환영,6,4.605170176088091,0.999999997871957,0.9999999999999998,6,6,3,38.89261425516939,0.03932864287544329,0.5052699077123203,6,6,3,38.89261425516939,0.03932864287544329,0.5052699077123203
구성변경,체육대회간식,6,4.605170176088091,0.999999997871957,0.9999999999999998,6,6,3,38.89261425516939,0.03932864287544329,0.5052699077123203,6,6,3,38.89261425516939,0.03932864287544329,0.5052699077123203
구성변경,학교간식,6,4.605170176088091,0.999999997871957,0.9999999999999998,6,6,3,38.89261425516939,0.03932864287544329,0.5052699077123203,6,6,3,38.89261425516939,0.03932864287544329,0.5052699077123203
구성변경,구성해서,6,4.605170176088091,0.999999997871957,0.9999999999999998,6,6,3,38.89261425516939,0.03932864287544329,0.5052699077123203,6,6,3,38.89261425516939,0.03932864287544329,0.5052699077123203
3800원부터,학교간식,6,4.605170176088091,0.999999997871957,0.9999999999999998,6,6,3,38.89261425516939,0.03932864287544329,0.5052699077123203,6,6,3,38.89261425516939,0.03932864287544329,0.5052699077123203
3800원부터,구성해서,6,4.605170176088091,0.999999997871957,0.9999999999999998,6,6,3,38.89261425516939,0.03932864287544329,0.5052699077123203,6,6,3,38.89261425516939,0.03932864287544329,0.5052699077123203
3800원부터,학원간식,6,4.605170176088091,0.999999997871957,0.9999999999999998,6,6,3,38.89261425516939,0.03932864287544329,0.5052699077123203,6,6,3,38.89261425516939,0.03932864287544329,0.5052699077123203
교회간식,문의환영,6,4.605170176088091,0.999999997871957,0.9999999999999998,6,6,3,38.89261425516939,0.03932864287544329,0.5052699077123203,6,6,3,38.89261425516939,0.03932864287544329,0.5052699077123203
교회간식,체육대회간식,6,4.605170176088091,0.999999997871957,0.9999999999999998,6,6,3,38.89261425516939,0.03932864287544329,0.5052699077123203,6,6,3,38.89261425516939,0.03932864287544329,0.5052699077123203
교회간식,학교간식,6,4.605170176088091,0.999999997871957,0.9999999999999998,6,6,3,38.89261425516939,0.03932864287544329,0.5052699077123203,6,6,3,38.89261425516939,0.03932864287544329,0.5052699077123203
교회간식,구성해서,6,4.605170176088091,0.999999997871957,0.9999999999999998,6,6,3,38.89261425516939,0.03932864287544329,0.5052699077123203,6,6,3,38.89261425516939,0.03932864287544329,0.5052699077123203
학교간식,문의환영,6,4.605170176088091,0.999999997871957,0.9999999999999998,6,6,3,38.89261425516939,0.03932864287544329,0.5052699077123203,6,6,3,38.89261425516939,0.03932864287544329,0.5052699077123203
맞춰일정에,구성해서,6,4.605170176088091,0.999999997871957,0.9999999999999998,6,6,3,38.89261425516939,0.03932864287544329,0.5052699077123203,6,6,3,38.89261425516939,0.03932864287544329,0.5052699077123203
맞춰일정에,학원간식,6,4.605170176088091,0.999999997871957,0.9999999999999998,6,6,3,38.89261425516939,0.03932864287544329,0.5052699077123203,6,6,3,38.89261425516939,0.03932864287544329,0.5052699077123203
맞춰일정에,3800원부터,6,4.605170176088091,0.999999997871957,0.9999999999999998,6,6,3,38.89261425516939,0.03932864287544329,0.5052699077123203,6,6,3,38.89261425516939,0.03932864287544329,0.5052699077123203
맞춰일정에,교회간식,6,4.605170176088091,0.999999997871957,0.9999999999999998,6,6,3,38.89261425516939,0.03932864287544329,0.5052699077123203,6,6,3,38.89261425516939,0.03932864287544329,0.5052699077123203
맞춰일정에,여주시,6,4.605170176088091,0.999999997871957,0.9999999999999998,6,6,3,38.89261425516939,0.03932864287544329,0.5052699077123203,6,6,3,38.89261425516939,0.03932864287544329,0.5052699077123203
G드림카드,문의환영,6,4.605170176088091,0.999999997871957,0.9999999999999998,6,6,3,38.89261425516939,0.03932864287544329,0.5052699077123203,6,6,3,38.89261425516939,0.03932864287544329,0.5052699077123203
G드림카드,체육대회간식,6,4.605170176088091,0.999999997871957,0.9999999999999998,6,6,3,38.89261425516939,0.03932864287544329,0.5052699077123203,6,6,3,38.89261425516939,0.03932864287544329,0.5052699077123203
G드림카드,학교간식,6,4.605170176088091,0.999999997871957,0.9999999999999998,6,6,3,38.89261425516939,0.03932864287544329,0.5052699077123203,6,6,3,38.89261425516939,0.03932864287544329,0.5052699077123203
지드림카드,구성해서,6,4.605170176088091,0.999999997871957,0.9999999999999998,6,11,3,38.89261425516939,0.03932864287544329,0.5365703939896376,6,6,3,38.89261425516939,0.03932864287544329,0.5052699077123203
지드림카드,학원간식,6,4.605170176088091,0.999999997871957,0.9999999999999998,6,11,3,38.89261425516939,0.03932864287544329,0.5365703939896376,6,6,3,38.89261425516939,0.03932864287544329,0.5052699077123203
여주사랑카드,구성변경,6,4.605170176088091,0.999999997871957,0.9999999999999998,6,7,3,38.89261425516939,0.03932864287544329,0.5115300049677838,6,6,3,38.89261425516939,0.03932864287544329,0.5052699077123203
여주사랑카드,여주점경기,6,4.605170176088091,0.999999997871957,0.9999999999999998,6,7,3,38.89261425516939,0.03932864287544329,0.5115300049677838,6,6,3,38.89261425516939,0.03932864287544329,0.5052699077123203
여주사랑카드,단체간식,6,4.605170176088091,0.999999997871957,0.9999999999999998,6,7,3,38.89261425516939,0.03932864287544329,0.5115300049677838,6,6,3,38.89261425516939,0.03932864287544329,0.5052699077123203
여주사랑카드,맞춰원하시는,6,4.605170176088091,0.999999997871957,0.9999999999999998,6,7,3,38.89261425516939,0.03932864287544329,0.5115300049677838,6,6,3,38.89261425516939,0.03932864287544329,0.5052699077123203
여주사랑카드,0318810107구성,6,4.605170176088091,0.999999997871957,0.9999999999999998,6,7,3,38.89261425516939,0.03932864287544329,0.5115300049677838,6,6,3,38.89261425516939,0.03932864287544329,0.5052699077123203
여주사랑카드,해드립니다,6,4.605170176088091,0.999999997871957,0.9999999999999998,6,7,3,38.89261425516939,0.03932864287544329,0.5115300049677838,6,6,3,38.89261425516939,0.03932864287544329,0.5052699077123203
지드림카드,3800원부터,6,4.605170176088091,0.999999997871957,0.9999999999999998,6,11,3,38.89261425516939,0.03932864287544329,0.5365703939896376,6,6,3,38.89261425516939,0.03932864287544329,0.5052699077123203
지드림카드,교회간식,6,4.605170176088091,0.999999997871957,0.9999999999999998,6,11,3,38.89261425516939,0.03932864287544329,0.5365703939896376,6,6,3,38.89261425516939,0.03932864287544329,0.5052699077123203
지드림카드,여주시,6,4.605170176088091,0.999999997871957,0.9999999999999998,6,11,3,38.89261425516939,0.03932864287544329,0.5365703939896376,6,6,3,38.89261425516939,0.03932864287544329,0.5052699077123203
지드림카드,맞춰일정에,6,4.605170176088091,0.999999997871957,0.9999999999999998,6,11,3,38.89261425516939,0.03932864287544329,0.5365703939896376,6,6,3,38.89261425516939,0.03932864287544329,0.5052699077123203
지드림카드,G드림카드,6,4.605170176088091,0.999999997871957,0.9999999999999998,6,11,3,38.89261425516939,0.03932864287544329,0.5365703939896376,6,6,3,38.89261425516939,0.03932864287544329,0.5052699077123203
지드림카드,구성변경,6,4.605170176088091,0.999999997871957,0.9999999999999998,6,11,3,38.89261425516939,0.03932864287544329,0.5365703939896376,6,6,3,38.89261425516939,0.03932864287544329,0.5052699077123203
지드림카드,여주점경기,6,4.605170176088091,0.999999997871957,0.9999999999999998,6,11,3,38.89261425516939,0.03932864287544329,0.5365703939896376,6,6,3,38.89261425516939,0.03932864287544329,0.5052699077123203
지드림카드,단체간식,6,4.605170176088091,0.999999997871957,0.9999999999999998,6,11,3,38.89261425516939,0.03932864287544329,0.5365703939896376,6,6,3,38.89261425516939,0.03932864287544329,0.5052699077123203
12000원지역화폐,여주사랑카드샌드위치,5,4.787491728502046,0.9999999970422927,0.9999999999999997,5,5,3,37.56299706863465,0.03891332836071399,0.44313706506801165,5,5,3,37.56299706863465,0.03891332836071399,0.44313706506801165
서비스3명,기본결제방식은,5,4.787491728502046,0.9999999970422927,0.9999999999999997,5,5,2,55.365416880903034,0.9999999999999709,1.2917352263209165,5,5,2,55.365416880903034,0.9999999999999709,1.2917352263209165
서비스3명,첫째,5,4.787491728502046,0.9999999970422927,0.9999999999999997,5,5,2,55.365416880903034,0.9999999999999709,1.2917352263209165,5,5,2,55.365416880903034,0.9999999999999709,1.2917352263209165
서비스3명,보온4시간뒤처리샐러드는,5,4.787491728502046,0.9999999970422927,0.9999999999999997,5,5,2,55.365416880903034,0.9999999999999709,1.2917352263209165,5,5,2,55.36541688090304,0.9999999999999709,1.2917352263209168
서비스3명,아닙니다각각,5,4.787491728502046,0.9999999970422927,0.9999999999999997,5,5,2,55.365416880903034,0.9999999999999709,1.2917352263209165,5,5,2,55.36541688090304,0.9999999999999709,1.2917352263209168
가능합니다샐러드는,갱신중,5,4.787491728502046,0.9999999970422927,0.9999999999999997,5,5,2,55.365416880903034,0.9999999999999709,1.2917352263209165,5,5,2,55.365416880903034,0.9999999999999709,1.2917352263209165
가능합니다샐러드는,기본결제방식은,5,4.787491728502046,0.9999999970422927,0.9999999999999997,5,5,2,55.365416880903034,0.9999999999999709,1.2917352263209165,5,5,2,55.365416880903034,0.9999999999999709,1.2917352263209165
가능합니다샐러드는,첫째,5,4.787491728502046,0.9999999970422927,0.9999999999999997,5,5,2,55.365416880903034,0.9999999999999709,1.2917352263209165,5,5,2,55.365416880903034,0.9999999999999709,1.2917352263209165
가능합니다샐러드는,보온4시간뒤처리샐러드는,5,4.787491728502046,0.9999999970422927,0.9999999999999997,5,5,2,55.365416880903034,0.9999999999999709,1.2917352263209165,5,5,2,55.36541688090304,0.9999999999999709,1.2917352263209168
가능합니다샐러드는,아닙니다각각,5,4.787491728502046,0.9999999970422927,0.9999999999999997,5,5,2,55.365416880903034,0.9999999999999709,1.2917352263209165,5,5,2,55.36541688090304,0.9999999999999709,1.2917352263209168
가능합니다샐러드는,서비스3명,5,4.787491728502046,0.9999999970422927,0.9999999999999997,5,5,2,55.365416880903034,0.9999999999999709,1.2917352263209165,5,5,2,55.365416880903034,0.9999999999999709,1.2917352263209165
금요일에,갱신중,5,4.787491728502046,0.9999999970422927,0.9999999999999997,5,5,2,55.365416880903034,0.9999999999999709,1.2917352263209165,5,5,2,55.365416880903034,0.9999999999999709,1.2917352263209165
금요일에,기본결제방식은,5,4.787491728502046,0.9999999970422927,0.9999999999999997,5,5,2,55.365416880903034,0.9999999999999709,1.2917352263209165,5,5,2,55.365416880903034,0.9999999999999709,1.2917352263209165
금요일에,첫째,5,4.787491728502046,0.9999999970422927,0.9999999999999997,5,5,2,55.365416880903034,0.9999999999999709,1.2917352263209165,5,5,2,55.365416880903034,0.9999999999999709,1.2917352263209165
금요일에,보온4시간뒤처리샐러드는,5,4.787491728502046,0.9999999970422927,0.9999999999999997,5,5,2,55.365416880903034,0.9999999999999709,1.2917352263209165,5,5,2,55.36541688090304,0.9999999999999709,1.2917352263209168
밑에,석식메뉴도,5,4.787491728502046,0.9999999970422927,0.9999999999999997,5,5,5,2.9619170942376236,0.004014447891140731,-0.5863269537738132,5,5,5,2.9619170942376236,0.004014447891140731,-0.5863269537738132
보온4시간뒤처리샐러드는,기본결제방식은,5,4.787491728502046,0.9999999970422927,0.9999999999999997,5,5,2,55.36541688090304,0.9999999999999709,1.2917352263209168,5,5,2,55.365416880903034,0.9999999999999709,1.2917352263209165
질문이나,아닙니다각각,5,4.787491728502046,0.9999999970422927,0.9999999999999997,5,5,2,55.365416880903034,0.9999999999999709,1.2917352263209165,5,5,2,55.36541688090304,0.9999999999999709,1.2917352263209168
질문이나,서비스3명,5,4.787491728502046,0.9999999970422927,0.9999999999999997,5,5,2,55.365416880903034,0.9999999999999709,1.2917352263209165,5,5,2,55.365416880903034,0.9999999999999709,1.2917352263209165
질문이나,가능합니다샐러드는,5,4.787491728502046,0.9999999970422927,0.9999999999999997,5,5,2,55.365416880903034,0.9999999999999709,1.2917352263209165,5,5,2,55.365416880903034,0.9999999999999709,1.2917352263209165
질문이나,금요일에,5,4.787491728502046,0.9999999970422927,0.9999999999999997,5,5,2,55.365416880903034,0.9999999999999709,1.2917352263209165,5,5,2,55.365416880903034,0.9999999999999709,1.2917352263209165
전용,갱신중,5,4.787491728502046,0.9999999970422927,0.9999999999999997,5,5,2,55.36541688090304,0.9999999999999709,1.2917352263209168,5,5,2,55.365416880903034,0.9999999999999709,1.2917352263209165
전용,기본결제방식은,5,4.787491728502046,0.9999999970422927,0.9999999999999997,5,5,2,55.36541688090304,0.9999999999999709,1.2917352263209168,5,5,2,55.365416880903034,0.9999999999999709,1.2917352263209165
전용,첫째,5,4.787491728502046,0.9999999970422927,0.9999999999999997,5,5,2,55.36541688090304,0.9999999999999709,1.2917352263209168,5,5,2,55.365416880903034,0.9999999999999709,1.2917352263209165
전용,보온4시간뒤처리샐러드는,5,4.787491728502046,0.9999999970422927,0.9999999999999997,5,5,2,55.36541688090304,0.9999999999999709,1.2917352263209168,5,5,2,55.36541688090304,0.9999999999999709,1.2917352263209168
전용,아닙니다각각,5,4.787491728502046,0.9999999970422927,0.9999999999999997,5,5,2,55.36541688090304,0.9999999999999709,1.2917352263209168,5,5,2,55.36541688090304,0.9999999999999709,1.2917352263209168
전용,서비스3명,5,4.787491728502046,0.9999999970422927,0.9999999999999997,5,5,2,55.36541688090304,0.9999999999999709,1.2917352263209168,5,5,2,55.365416880903034,0.9999999999999709,1.2917352263209165
첫째,기본결제방식은,5,4.787491728502046,0.9999999970422927,0.9999999999999997,5,5,2,55.365416880903034,0.9999999999999709,1.2917352263209165,5,5,2,55.365416880903034,0.9999999999999709,1.2917352263209165
첫째,갱신중,5,4.787491728502046,0.9999999970422927,0.9999999999999997,5,5,2,55.365416880903034,0.9999999999999709,1.2917352263209165,5,5,2,55.365416880903034,0.9999999999999709,1.2917352263209165
기본결제방식은,갱신중,5,4.787491728502046,0.9999999970422927,0.9999999999999997,5,5,2,55.365416880903034,0.9999999999999709,1.2917352263209165,5,5,2,55.365416880903034,0.9999999999999709,1.2917352263209165
밑에,점심메뉴입니다,5,4.787491728502046,0.9999999970422927,0.9999999999999997,5,5,5,2.9619170942376236,0.004014447891140731,-0.5863269537738132,5,5,5,2.9619170942376236,0.004014447891140731,-0.5863269537738132
빠네디까사1배달의민족,12000원지역화폐,5,4.787491728502046,0.9999999970422927,0.9999999999999997,5,5,3,37.56299706863466,0.03891332836071399,0.44313706506801187,5,5,3,37.56299706863465,0.03891332836071399,0.44313706506801165
메뉴푸디스퀘어를,세트가,5,4.787491728502046,0.9999999970422927,0.9999999999999997,5,5,2,55.365416880903034,0.9999999999999709,1.2917352263209165,5,5,2,55.365416880903034,0.9999999999999709,1.2917352263209165
메뉴푸디스퀘어를,결제후불결제를,5,4.787491728502046,0.9999999970422927,0.9999999999999997,5,5,2,55.365416880903034,0.9999999999999709,1.2917352263209165,5,5,2,55.365416880903034,0.9999999999999709,1.2917352263209165
메뉴푸디스퀘어를,보온도시락샐러드,5,4.787491728502046,0.9999999970422927,0.9999999999999997,5,5,2,55.365416880903034,0.9999999999999709,1.2917352263209165,5,5,2,55.36541688090304,0.9999999999999709,1.2917352263209168
메뉴푸디스퀘어를,매월,5,4.787491728502046,0.9999999970422927,0.9999999999999997,5,5,2,55.365416880903034,0.9999999999999709,1.2917352263209165,5,5,2,55.36541688090304,0.9999999999999709,1.2917352263209168
메뉴푸디스퀘어를,인원부터,5,4.787491728502046,0.9999999970422927,0.9999999999999997,5,5,2,55.365416880903034,0.9999999999999709,1.2917352263209165,5,5,2,55.36541688090304,0.9999999999999709,1.2917352263209168
메뉴푸디스퀘어를,34회,5,4.787491728502046,0.9999999970422927,0.9999999999999997,5,5,2,55.365416880903034,0.9999999999999709,1.2917352263209165,5,5,2,55.36541688090304,0.9999999999999709,1.2917352263209168
메뉴푸디스퀘어를,이용가능주,5,4.787491728502046,0.9999999970422927,0.9999999999999997,5,5,2,55.365416880903034,0.9999999999999709,1.2917352263209165,5,5,2,55.365416880903034,0.9999999999999709,1.2917352263209165
기본으로하며,갱신중,5,4.787491728502046,0.9999999970422927,0.9999999999999997,5,5,2,55.365416880903034,0.9999999999999709,1.2917352263209165,5,5,2,55.365416880903034,0.9999999999999709,1.2917352263209165
기본으로하며,기본결제방식은,5,4.787491728502046,0.9999999970422927,0.9999999999999997,5,5,2,55.365416880903034,0.9999999999999709,1.2917352263209165,5,5,2,55.365416880903034,0.9999999999999709,1.2917352263209165
기본으로하며,첫째,5,4.787491728502046,0.9999999970422927,0.9999999999999997,5,5,2,55.365416880903034,0.9999999999999709,1.2917352263209165,5,5,2,55.365416880903034,0.9999999999999709,1.2917352263209165
기본으로하며,보온4시간뒤처리샐러드는,5,4.787491728502046,0.9999999970422927,0.9999999999999997,5,5,2,55.365416880903034,0.9999999999999709,1.2917352263209165,5,5,2,55.36541688090304,0.9999999999999709,1.2917352263209168
기본으로하며,아닙니다각각,5,4.787491728502046,0.9999999970422927,0.9999999999999997,5,5,2,55.365416880903034,0.9999999999999709,1.2917352263209165,5,5,2,55.36541688090304,0.9999999999999709,1.2917352263209168
기본으로하며,서비스3명,5,4.787491728502046,0.9999999970422927,0.9999999999999997,5,5,2,55.365416880903034,0.9999999999999709,1.2917352263209165,5,5,2,55.365416880903034,0.9999999999999709,1.2917352263209165
기본으로하며,가능합니다샐러드는,5,4.787491728502046,0.9999999970422927,0.9999999999999997,5,5,2,55.365416880903034,0.9999999999999709,1.2917352263209165,5,5,2,55.365416880903034,0.9999999999999709,1.2917352263209165
기본으로하며,금요일에,5,4.787491728502046,0.9999999970422927,0.9999999999999997,5,5,2,55.365416880903034,0.9999999999999709,1.2917352263209165,5,5,2,55.365416880903034,0.9999999999999709,1.2917352263209165
기본으로하며,질문이나,5,4.787491728502046,0.9999999970422927,0.9999999999999997,5,5,2,55.365416880903034,0.9999999999999709,1.2917352263209165,5,5,2,55.365416880903034,0.9999999999999709,1.2917352263209165
기본으로하며,전용,5,4.787491728502046,0.9999999970422927,0.9999999999999997,5,5,2,55.365416880903034,0.9999999999999709,1.2917352263209165,5,5,2,55.36541688090304,0.9999999999999709,1.2917352263209168
기본으로하며,다른메뉴기다림,5,4.787491728502046,0.9999999970422927,0.9999999999999997,5,5,2,55.365416880903034,0.9999999999999709,1.2917352263209165,5,5,2,55.36541688090304,0.9999999999999709,1.2917352263209168
기본으로하며,7001700매일,5,4.787491728502046,0.9999999970422927,0.9999999999999997,5,5,2,55.365416880903034,0.9999999999999709,1.2917352263209165,5,5,2,55.36541688090304,0.9999999999999709,1.2917352263209168
기본으로하며,도시락샐러드,5,4.787491728502046,0.9999999970422927,0.9999999999999997,5,5,2,55.365416880903034,0.9999999999999709,1.2917352263209165,5,5,2,55.36541688090304,0.9999999999999709,1.2917352263209168
기본으로하며,보내십시오맛스타,5,4.787491728502046,0.9999999970422927,0.9999999999999997,5,5,2,55.365416880903034,0.9999999999999709,1.2917352263209165,5,5,2,55.365416880903034,0.9999999999999709,1.2917352263209165
기본으로하며,이유매일,5,4.787491728502046,0.9999999970422927,0.9999999999999997,5,5,2,55.365416880903034,0.9999999999999709,1.2917352263209165,5,5,2,55.365416880903034,0.9999999999999709,1.2917352263209165
기본으로하며,설명서기업,5,4.787491728502046,0.9999999970422927,0.9999999999999997,5,5,2,55.365416880903034,0.9999999999999709,1.2917352263209165,5,5,2,55.365416880903034,0.9999999999999709,1.2917352263209165
기본으로하며,전문업체,5,4.787491728502046,0.9999999970422927,0.9999999999999997,5,5,2,55.365416880903034,0.9999999999999709,1.2917352263209165,5,5,2,55.365416880903034,0.9999999999999709,1.2917352263209165
기본으로하며,선택하는,5,4.787491728502046,0.9999999970422927,0.9999999999999997,5,5,2,55.365416880903034,0.9999999999999709,1.2917352263209165,5,5,2,55.36541688090304,0.9999999999999709,1.2917352263209168
기본으로하며,결제를,5,4.787491728502046,0.9999999970422927,0.9999999999999997,5,5,2,55.365416880903034,0.9999999999999709,1.2917352263209165,5,5,2,55.36541688090304,0.9999999999999709,1.2917352263209168
기본으로하며,배송탁월한,5,4.787491728502046,0.9999999970422927,0.9999999999999997,5,5,2,55.365416880903034,0.9999999999999709,1.2917352263209165,5,5,2,55.36541688090304,0.9999999999999709,1.2917352263209168
기본으로하며,진행도시락,5,4.787491728502046,0.9999999970422927,0.9999999999999997,5,5,2,55.365416880903034,0.9999999999999709,1.2917352263209165,5,5,2,55.36541688090304,0.9999999999999709,1.2917352263209168
기본으로하며,연락주세요오늘도,5,4.787491728502046,0.9999999970422927,0.9999999999999997,5,5,2,55.365416880903034,0.9999999999999709,1.2917352263209165,5,5,2,55.365416880903034,0.9999999999999709,1.2917352263209165
기본으로하며,이상의,5,4.787491728502046,0.9999999970422927,0.9999999999999997,5,5,2,55.365416880903034,0.9999999999999709,1.2917352263209165,5,5,2,55.365416880903034,0.9999999999999709,1.2917352263209165
기본으로하며,세트가,5,4.787491728502046,0.9999999970422927,0.9999999999999997,5,5,2,55.365416880903034,0.9999999999999709,1.2917352263209165,5,5,2,55.365416880903034,0.9999999999999709,1.2917352263209165
기본으로하며,결제후불결제를,5,4.787491728502046,0.9999999970422927,0.9999999999999997,5,5,2,55.365416880903034,0.9999999999999709,1.2917352263209165,5,5,2,55.365416880903034,0.9999999999999709,1.2917352263209165
기본으로하며,보온도시락샐러드,5,4.787491728502046,0.9999999970422927,0.9999999999999997,5,5,2,55.365416880903034,0.9999999999999709,1.2917352263209165,5,5,2,55.36541688090304,0.9999999999999709,1.2917352263209168
기본으로하며,매월,5,4.787491728502046,0.9999999970422927,0.9999999999999997,5,5,2,55.365416880903034,0.9999999999999709,1.2917352263209165,5,5,2,55.36541688090304,0.9999999999999709,1.2917352263209168
기본으로하며,인원부터,5,4.787491728502046,0.9999999970422927,0.9999999999999997,5,5,2,55.365416880903034,0.9999999999999709,1.2917352263209165,5,5,2,55.36541688090304,0.9999999999999709,1.2917352263209168
기본으로하며,34회,5,4.787491728502046,0.9999999970422927,0.9999999999999997,5,5,2,55.365416880903034,0.9999999999999709,1.2917352263209165,5,5,2,55.36541688090304,0.9999999999999709,1.2917352263209168
기본으로하며,이용가능주,5,4.787491728502046,0.9999999970422927,0.9999999999999997,5,5,2,55.365416880903034,0.9999999999999709,1.2917352263209165,5,5,2,55.365416880903034,0.9999999999999709,1.2917352263209165
기본으로하며,메뉴푸디스퀘어를,5,4.787491728502046,0.9999999970422927,0.9999999999999997,5,5,2,55.365416880903034,0.9999999999999709,1.2917352263209165,5,5,2,55.365416880903034,0.9999999999999709,1.2917352263209165
지원되지않습니다사용,갱신중,5,4.787491728502046,0.9999999970422927,0.9999999999999997,5,5,2,55.365416880903034,0.9999999999999709,1.2917352263209165,5,5,2,55.365416880903034,0.9999999999999709,1.2917352263209165
지원되지않습니다사용,기본결제방식은,5,4.787491728502046,0.9999999970422927,0.9999999999999997,5,5,2,55.365416880903034,0.9999999999999709,1.2917352263209165,5,5,2,55.365416880903034,0.9999999999999709,1.2917352263209165
지원되지않습니다사용,첫째,5,4.787491728502046,0.9999999970422927,0.9999999999999997,5,5,2,55.365416880903034,0.9999999999999709,1.2917352263209165,5,5,2,55.365416880903034,0.9999999999999709,1.2917352263209165
지원되지않습니다사용,보온4시간뒤처리샐러드는,5,4.787491728502046,0.9999999970422927,0.9999999999999997,5,5,2,55.365416880903034,0.9999999999999709,1.2917352263209165,5,5,2,55.36541688090304,0.9999999999999709,1.2917352263209168
지원되지않습니다사용,아닙니다각각,5,4.787491728502046,0.9999999970422927,0.9999999999999997,5,5,2,55.365416880903034,0.9999999999999709,1.2917352263209165,5,5,2,55.36541688090304,0.9999999999999709,1.2917352263209168
지원되지않습니다사용,서비스3명,5,4.787491728502046,0.9999999970422927,0.9999999999999997,5,5,2,55.365416880903034,0.9999999999999709,1.2917352263209165,5,5,2,55.365416880903034,0.9999999999999709,1.2917352263209165
지원되지않습니다사용,가능합니다샐러드는,5,4.787491728502046,0.9999999970422927,0.9999999999999997,5,5,2,55.365416880903034,0.9999999999999709,1.2917352263209165,5,5,2,55.365416880903034,0.9999999999999709,1.2917352263209165
지원되지않습니다사용,금요일에,5,4.787491728502046,0.9999999970422927,0.9999999999999997,5,5,2,55.365416880903034,0.9999999999999709,1.2917352263209165,5,5,2,55.365416880903034,0.9999999999999709,1.2917352263209165
지원되지않습니다사용,질문이나,5,4.787491728502046,0.9999999970422927,0.9999999999999997,5,5,2,55.365416880903034,0.9999999999999709,1.2917352263209165,5,5,2,55.365416880903034,0.9999999999999709,1.2917352263209165
지원되지않습니다사용,전용,5,4.787491728502046,0.9999999970422927,0.9999999999999997,5,5,2,55.365416880903034,0.9999999999999709,1.2917352263209165,5,5,2,55.36541688090304,0.9999999999999709,1.2917352263209168
지원되지않습니다사용,다른메뉴기다림,5,4.787491728502046,0.9999999970422927,0.9999999999999997,5,5,2,55.365416880903034,0.9999999999999709,1.2917352263209165,5,5,2,55.36541688090304,0.9999999999999709,1.2917352263209168
지원되지않습니다사용,7001700매일,5,4.787491728502046,0.9999999970422927,0.9999999999999997,5,5,2,55.365416880903034,0.9999999999999709,1.2917352263209165,5,5,2,55.36541688090304,0.9999999999999709,1.2917352263209168
지원되지않습니다사용,도시락샐러드,5,4.787491728502046,0.9999999970422927,0.9999999999999997,5,5,2,55.365416880903034,0.9999999999999709,1.2917352263209165,5,5,2,55.36541688090304,0.9999999999999709,1.2917352263209168
지원되지않습니다사용,보내십시오맛스타,5,4.787491728502046,0.9999999970422927,0.9999999999999997,5,5,2,55.365416880903034,0.9999999999999709,1.2917352263209165,5,5,2,55.365416880903034,0.9999999999999709,1.2917352263209165
지원되지않습니다사용,이유매일,5,4.787491728502046,0.9999999970422927,0.9999999999999997,5,5,2,55.365416880903034,0.9999999999999709,1.2917352263209165,5,5,2,55.365416880903034,0.9999999999999709,1.2917352263209165
지원되지않습니다사용,설명서기업,5,4.787491728502046,0.9999999970422927,0.9999999999999997,5,5,2,55.365416880903034,0.9999999999999709,1.2917352263209165,5,5,2,55.365416880903034,0.9999999999999709,1.2917352263209165
지원되지않습니다사용,전문업체,5,4.787491728502046,0.9999999970422927,0.9999999999999997,5,5,2,55.365416880903034,0.9999999999999709,1.2917352263209165,5,5,2,55.365416880903034,0.9999999999999709,1.2917352263209165
지원되지않습니다사용,선택하는,5,4.787491728502046,0.9999999970422927,0.9999999999999997,5,5,2,55.365416880903034,0.9999999999999709,1.2917352263209165,5,5,2,55.36541688090304,0.9999999999999709,1.2917352263209168
지원되지않습니다사용,결제를,5,4.787491728502046,0.9999999970422927,0.9999999999999997,5,5,2,55.365416880903034,0.9999999999999709,1.2917352263209165,5,5,2,55.36541688090304,0.9999999999999709,1.2917352263209168
지원되지않습니다사용,배송탁월한,5,4.787491728502046,0.9999999970422927,0.9999999999999997,5,5,2,55.365416880903034,0.9999999999999709,1.2917352263209165,5,5,2,55.36541688090304,0.9999999999999709,1.2917352263209168
지원되지않습니다사용,진행도시락,5,4.787491728502046,0.9999999970422927,0.9999999999999997,5,5,2,55.365416880903034,0.9999999999999709,1.2917352263209165,5,5,2,55.36541688090304,0.9999999999999709,1.2917352263209168
지원되지않습니다사용,연락주세요오늘도,5,4.787491728502046,0.9999999970422927,0.9999999999999997,5,5,2,55.365416880903034,0.9999999999999709,1.2917352263209165,5,5,2,55.365416880903034,0.9999999999999709,1.2917352263209165
지원되지않습니다사용,이상의,5,4.787491728502046,0.9999999970422927,0.9999999999999997,5,5,2,55.365416880903034,0.9999999999999709,1.2917352263209165,5,5,2,55.365416880903034,0.9999999999999709,1.2917352263209165
지원되지않습니다사용,세트가,5,4.787491728502046,0.9999999970422927,0.9999999999999997,5,5,2,55.365416880903034,0.9999999999999709,1.2917352263209165,5,5,2,55.365416880903034,0.9999999999999709,1.2917352263209165
지원되지않습니다사용,결제후불결제를,5,4.787491728502046,0.9999999970422927,0.9999999999999997,5,5,2,55.365416880903034,0.9999999999999709,1.2917352263209165,5,5,2,55.365416880903034,0.9999999999999709,1.2917352263209165
지원되지않습니다사용,보온도시락샐러드,5,4.787491728502046,0.9999999970422927,0.9999999999999997,5,5,2,55.365416880903034,0.9999999999999709,1.2917352263209165,5,5,2,55.36541688090304,0.9999999999999709,1.2917352263209168
지원되지않습니다사용,매월,5,4.787491728502046,0.9999999970422927,0.9999999999999997,5,5,2,55.365416880903034,0.9999999999999709,1.2917352263209165,5,5,2,55.36541688090304,0.9999999999999709,1.2917352263209168
지원되지않습니다사용,인원부터,5,4.787491728502046,0.9999999970422927,0.9999999999999997,5,5,2,55.365416880903034,0.9999999999999709,1.2917352263209165,5,5,2,55.36541688090304,0.9999999999999709,1.2917352263209168
지원되지않습니다사용,34회,5,4.787491728502046,0.9999999970422927,0.9999999999999997,5,5,2,55.365416880903034,0.9999999999999709,1.2917352263209165,5,5,2,55.36541688090304,0.9999999999999709,1.2917352263209168
지원되지않습니다사용,이용가능주,5,4.787491728502046,0.9999999970422927,0.9999999999999997,5,5,2,55.365416880903034,0.9999999999999709,1.2917352263209165,5,5,2,55.365416880903034,0.9999999999999709,1.2917352263209165
지원되지않습니다사용,메뉴푸디스퀘어를,5,4.787491728502046,0.9999999970422927,0.9999999999999997,5,5,2,55.365416880903034,0.9999999999999709,1.2917352263209165,5,5,2,55.365416880903034,0.9999999999999709,1.2917352263209165
지원되지않습니다사용,기본으로하며,5,4.787491728502046,0.9999999970422927,0.9999999999999997,5,5,2,55.365416880903034,0.9999999999999709,1.2917352263209165,5,5,2,55.365416880903034,0.9999999999999709,1.2917352263209165
인스타그램에서,갱신중,5,4.787491728502046,0.9999999970422927,0.9999999999999997,5,5,2,55.36541688090304,0.9999999999999709,1.2917352263209168,5,5,2,55.365416880903034,0.9999999999999709,1.2917352263209165
인스타그램에서,기본결제방식은,5,4.787491728502046,0.9999999970422927,0.9999999999999997,5,5,2,55.36541688090304,0.9999999999999709,1.2917352263209168,5,5,2,55.365416880903034,0.9999999999999709,1.2917352263209165
인스타그램에서,첫째,5,4.787491728502046,0.9999999970422927,0.9999999999999997,5,5,2,55.36541688090304,0.9999999999999709,1.2917352263209168,5,5,2,55.365416880903034,0.9999999999999709,1.2917352263209165
인스타그램에서,보온4시간뒤처리샐러드는,5,4.787491728502046,0.9999999970422927,0.9999999999999997,5,5,2,55.36541688090304,0.9999999999999709,1.2917352263209168,5,5,2,55.36541688090304,0.9999999999999709,1.2917352263209168
인스타그램에서,아닙니다각각,5,4.787491728502046,0.9999999970422927,0.9999999999999997,5,5,2,55.36541688090304,0.9999999999999709,1.2917352263209168,5,5,2,55.36541688090304,0.9999999999999709,1.2917352263209168
인스타그램에서,서비스3명,5,4.787491728502046,0.9999999970422927,0.9999999999999997,5,5,2,55.36541688090304,0.9999999999999709,1.2917352263209168,5,5,2,55.365416880903034,0.9999999999999709,1.2917352263209165
인스타그램에서,가능합니다샐러드는,5,4.787491728502046,0.9999999970422927,0.9999999999999997,5,5,2,55.36541688090304,0.9999999999999709,1.2917352263209168,5,5,2,55.365416880903034,0.9999999999999709,1.2917352263209165
인스타그램에서,금요일에,5,4.787491728502046,0.9999999970422927,0.9999999999999997,5,5,2,55.36541688090304,0.9999999999999709,1.2917352263209168,5,5,2,55.365416880903034,0.9999999999999709,1.2917352263209165
인스타그램에서,질문이나,5,4.787491728502046,0.9999999970422927,0.9999999999999997,5,5,2,55.36541688090304,0.9999999999999709,1.2917352263209168,5,5,2,55.365416880903034,0.9999999999999709,1.2917352263209165
인스타그램에서,전용,5,4.787491728502046,0.9999999970422927,0.9999999999999997,5,5,2,55.36541688090304,0.9999999999999709,1.2917352263209168,5,5,2,55.36541688090304,0.9999999999999709,1.2917352263209168
인스타그램에서,다른메뉴기다림,5,4.787491728502046,0.9999999970422927,0.9999999999999997,5,5,2,55.36541688090304,0.9999999999999709,1.2917352263209168,5,5,2,55.36541688090304,0.9999999999999709,1.2917352263209168
인스타그램에서,7001700매일,5,4.787491728502046,0.9999999970422927,0.9999999999999997,5,5,2,55.36541688090304,0.9999999999999709,1.2917352263209168,5,5,2,55.36541688090304,0.9999999999999709,1.2917352263209168
인스타그램에서,도시락샐러드,5,4.787491728502046,0.9999999970422927,0.9999999999999997,5,5,2,55.36541688090304,0.9999999999999709,1.2917352263209168,5,5,2,55.36541688090304,0.9999999999999709,1.2917352263209168
인스타그램에서,보내십시오맛스타,5,4.787491728502046,0.9999999970422927,0.9999999999999997,5,5,2,55.36541688090304,0.9999999999999709,1.2917352263209168,5,5,2,55.365416880903034,0.9999999999999709,1.2917352263209165
인스타그램에서,이유매일,5,4.787491728502046,0.9999999970422927,0.9999999999999997,5,5,2,55.36541688090304,0.9999999999999709,1.2917352263209168,5,5,2,55.365416880903034,0.9999999999999709,1.2917352263209165
인스타그램에서,설명서기업,5,4.787491728502046,0.9999999970422927,0.9999999999999997,5,5,2,55.36541688090304,0.9999999999999709,1.2917352263209168,5,5,2,55.365416880903034,0.9999999999999709,1.2917352263209165
인스타그램에서,전문업체,5,4.787491728502046,0.9999999970422927,0.9999999999999997,5,5,2,55.36541688090304,0.9999999999999709,1.2917352263209168,5,5,2,55.365416880903034,0.9999999999999709,1.2917352263209165
인스타그램에서,선택하는,5,4.787491728502046,0.9999999970422927,0.9999999999999997,5,5,2,55.36541688090304,0.9999999999999709,1.2917352263209168,5,5,2,55.36541688090304,0.9999999999999709,1.2917352263209168
인스타그램에서,결제를,5,4.787491728502046,0.9999999970422927,0.9999999999999997,5,5,2,55.36541688090304,0.9999999999999709,1.2917352263209168,5,5,2,55.36541688090304,0.9999999999999709,1.2917352263209168
인스타그램에서,배송탁월한,5,4.787491728502046,0.9999999970422927,0.9999999999999997,5,5,2,55.36541688090304,0.9999999999999709,1.2917352263209168,5,5,2,55.36541688090304,0.9999999999999709,1.2917352263209168
인스타그램에서,진행도시락,5,4.787491728502046,0.9999999970422927,0.9999999999999997,5,5,2,55.36541688090304,0.9999999999999709,1.2917352263209168,5,5,2,55.36541688090304,0.9999999999999709,1.2917352263209168
인스타그램에서,연락주세요오늘도,5,4.787491728502046,0.9999999970422927,0.9999999999999997,5,5,2,55.36541688090304,0.9999999999999709,1.2917352263209168,5,5,2,55.365416880903034,0.9999999999999709,1.2917352263209165
인스타그램에서,이상의,5,4.787491728502046,0.9999999970422927,0.9999999999999997,5,5,2,55.36541688090304,0.9999999999999709,1.2917352263209168,5,5,2,55.365416880903034,0.9999999999999709,1.2917352263209165
인스타그램에서,세트가,5,4.787491728502046,0.9999999970422927,0.9999999999999997,5,5,2,55.36541688090304,0.9999999999999709,1.2917352263209168,5,5,2,55.365416880903034,0.9999999999999709,1.2917352263209165
인스타그램에서,결제후불결제를,5,4.787491728502046,0.9999999970422927,0.9999999999999997,5,5,2,55.36541688090304,0.9999999999999709,1.2917352263209168,5,5,2,55.365416880903034,0.9999999999999709,1.2917352263209165
인스타그램에서,보온도시락샐러드,5,4.787491728502046,0.9999999970422927,0.9999999999999997,5,5,2,55.36541688090304,0.9999999999999709,1.2917352263209168,5,5,2,55.36541688090304,0.9999999999999709,1.2917352263209168
메뉴푸디스퀘어를,금요일에,5,4.787491728502046,0.9999999970422927,0.9999999999999997,5,5,2,55.365416880903034,0.9999999999999709,1.2917352263209165,5,5,2,55.365416880903034,0.9999999999999709,1.2917352263209165
메뉴푸디스퀘어를,질문이나,5,4.787491728502046,0.9999999970422927,0.9999999999999997,5,5,2,55.365416880903034,0.9999999999999709,1.2917352263209165,5,5,2,55.365416880903034,0.9999999999999709,1.2917352263209165
메뉴푸디스퀘어를,전용,5,4.787491728502046,0.9999999970422927,0.9999999999999997,5,5,2,55.365416880903034,0.9999999999999709,1.2917352263209165,5,5,2,55.36541688090304,0.9999999999999709,1.2917352263209168
메뉴푸디스퀘어를,다른메뉴기다림,5,4.787491728502046,0.9999999970422927,0.9999999999999997,5,5,2,55.365416880903034,0.9999999999999709,1.2917352263209165,5,5,2,55.36541688090304,0.9999999999999709,1.2917352263209168
메뉴푸디스퀘어를,7001700매일,5,4.787491728502046,0.9999999970422927,0.9999999999999997,5,5,2,55.365416880903034,0.9999999999999709,1.2917352263209165,5,5,2,55.36541688090304,0.9999999999999709,1.2917352263209168
메뉴푸디스퀘어를,도시락샐러드,5,4.787491728502046,0.9999999970422927,0.9999999999999997,5,5,2,55.365416880903034,0.9999999999999709,1.2917352263209165,5,5,2,55.36541688090304,0.9999999999999709,1.2917352263209168
메뉴푸디스퀘어를,보내십시오맛스타,5,4.787491728502046,0.9999999970422927,0.9999999999999997,5,5,2,55.365416880903034,0.9999999999999709,1.2917352263209165,5,5,2,55.365416880903034,0.9999999999999709,1.2917352263209165
메뉴푸디스퀘어를,이유매일,5,4.787491728502046,0.9999999970422927,0.9999999999999997,5,5,2,55.365416880903034,0.9999999999999709,1.2917352263209165,5,5,2,55.365416880903034,0.9999999999999709,1.2917352263209165
메뉴푸디스퀘어를,설명서기업,5,4.787491728502046,0.9999999970422927,0.9999999999999997,5,5,2,55.365416880903034,0.9999999999999709,1.2917352263209165,5,5,2,55.365416880903034,0.9999999999999709,1.2917352263209165
메뉴푸디스퀘어를,전문업체,5,4.787491728502046,0.9999999970422927,0.9999999999999997,5,5,2,55.365416880903034,0.9999999999999709,1.2917352263209165,5,5,2,55.365416880903034,0.9999999999999709,1.2917352263209165
메뉴푸디스퀘어를,선택하는,5,4.787491728502046,0.9999999970422927,0.9999999999999997,5,5,2,55.365416880903034,0.9999999999999709,1.2917352263209165,5,5,2,55.36541688090304,0.9999999999999709,1.2917352263209168
메뉴푸디스퀘어를,결제를,5,4.787491728502046,0.9999999970422927,0.9999999999999997,5,5,2,55.365416880903034,0.9999999999999709,1.2917352263209165,5,5,2,55.36541688090304,0.9999999999999709,1.2917352263209168
메뉴푸디스퀘어를,배송탁월한,5,4.787491728502046,0.9999999970422927,0.9999999999999997,5,5,2,55.365416880903034,0.9999999999999709,1.2917352263209165,5,5,2,55.36541688090304,0.9999999999999709,1.2917352263209168
메뉴푸디스퀘어를,진행도시락,5,4.787491728502046,0.9999999970422927,0.9999999999999997,5,5,2,55.365416880903034,0.9999999999999709,1.2917352263209165,5,5,2,55.36541688090304,0.9999999999999709,1.2917352263209168
메뉴푸디스퀘어를,연락주세요오늘도,5,4.787491728502046,0.9999999970422927,0.9999999999999997,5,5,2,55.365416880903034,0.9999999999999709,1.2917352263209165,5,5,2,55.365416880903034,0.9999999999999709,1.2917352263209165
메뉴푸디스퀘어를,이상의,5,4.787491728502046,0.9999999970422927,0.9999999999999997,5,5,2,55.365416880903034,0.9999999999999709,1.2917352263209165,5,5,2,55.365416880903034,0.9999999999999709,1.2917352263209165
인스타그램에서,매월,5,4.787491728502046,0.9999999970422927,0.9999999999999997,5,5,2,55.36541688090304,0.9999999999999709,1.2917352263209168,5,5,2,55.36541688090304,0.9999999999999709,1.2917352263209168
인스타그램에서,인원부터,5,4.787491728502046,0.9999999970422927,0.9999999999999997,5,5,2,55.36541688090304,0.9999999999999709,1.2917352263209168,5,5,2,55.36541688090304,0.9999999999999709,1.2917352263209168
인스타그램에서,34회,5,4.787491728502046,0.9999999970422927,0.9999999999999997,5,5,2,55.36541688090304,0.9999999999999709,1.2917352263209168,5,5,2,55.36541688090304,0.9999999999999709,1.2917352263209168
인스타그램에서,이용가능주,5,4.787491728502046,0.9999999970422927,0.9999999999999997,5,5,2,55.36541688090304,0.9999999999999709,1.2917352263209168,5,5,2,55.365416880903034,0.9999999999999709,1.2917352263209165
인스타그램에서,메뉴푸디스퀘어를,5,4.787491728502046,0.9999999970422927,0.9999999999999997,5,5,2,55.36541688090304,0.9999999999999709,1.2917352263209168,5,5,2,55.365416880903034,0.9999999999999709,1.2917352263209165
인스타그램에서,기본으로하며,5,4.787491728502046,0.9999999970422927,0.9999999999999997,5,5,2,55.36541688090304,0.9999999999999709,1.2917352263209168,5,5,2,55.365416880903034,0.9999999999999709,1.2917352263209165
인스타그램에서,지원되지않습니다사용,5,4.787491728502046,0.9999999970422927,0.9999999999999997,5,5,2,55.36541688090304,0.9999999999999709,1.2917352263209168,5,5,2,55.365416880903034,0.9999999999999709,1.2917352263209165
30000원,4팩,5,4.787491728502046,0.9999999970422927,0.9999999999999997,5,5,6,4.869430928136634,0.02541687679685278,-0.5229869538047267,5,5,6,4.869430928136634,0.02541687679685278,-0.5229869538047267
이용가능주,진행도시락,5,4.787491728502046,0.9999999970422927,0.9999999999999997,5,5,2,55.365416880903034,0.9999999999999709,1.2917352263209165,5,5,2,55.36541688090304,0.9999999999999709,1.2917352263209168
이용가능주,연락주세요오늘도,5,4.787491728502046,0.9999999970422927,0.9999999999999997,5,5,2,55.365416880903034,0.9999999999999709,1.2917352263209165,5,5,2,55.365416880903034,0.9999999999999709,1.2917352263209165
이용가능주,이상의,5,4.787491728502046,0.9999999970422927,0.9999999999999997,5,5,2,55.365416880903034,0.9999999999999709,1.2917352263209165,5,5,2,55.365416880903034,0.9999999999999709,1.2917352263209165
이용가능주,세트가,5,4.787491728502046,0.9999999970422927,0.9999999999999997,5,5,2,55.365416880903034,0.9999999999999709,1.2917352263209165,5,5,2,55.365416880903034,0.9999999999999709,1.2917352263209165
이용가능주,결제후불결제를,5,4.787491728502046,0.9999999970422927,0.9999999999999997,5,5,2,55.365416880903034,0.9999999999999709,1.2917352263209165,5,5,2,55.365416880903034,0.9999999999999709,1.2917352263209165
이용가능주,보온도시락샐러드,5,4.787491728502046,0.9999999970422927,0.9999999999999997,5,5,2,55.365416880903034,0.9999999999999709,1.2917352263209165,5,5,2,55.36541688090304,0.9999999999999709,1.2917352263209168
이용가능주,매월,5,4.787491728502046,0.9999999970422927,0.9999999999999997,5,5,2,55.365416880903034,0.9999999999999709,1.2917352263209165,5,5,2,55.36541688090304,0.9999999999999709,1.2917352263209168
이용가능주,인원부터,5,4.787491728502046,0.9999999970422927,0.9999999999999997,5,5,2,55.365416880903034,0.9999999999999709,1.2917352263209165,5,5,2,55.36541688090304,0.9999999999999709,1.2917352263209168
이용가능주,34회,5,4.787491728502046,0.9999999970422927,0.9999999999999997,5,5,2,55.365416880903034,0.9999999999999709,1.2917352263209165,5,5,2,55.36541688090304,0.9999999999999709,1.2917352263209168
메뉴푸디스퀘어를,갱신중,5,4.787491728502046,0.9999999970422927,0.9999999999999997,5,5,2,55.365416880903034,0.9999999999999709,1.2917352263209165,5,5,2,55.365416880903034,0.9999999999999709,1.2917352263209165
메뉴푸디스퀘어를,기본결제방식은,5,4.787491728502046,0.9999999970422927,0.9999999999999997,5,5,2,55.365416880903034,0.9999999999999709,1.2917352263209165,5,5,2,55.365416880903034,0.9999999999999709,1.2917352263209165
메뉴푸디스퀘어를,첫째,5,4.787491728502046,0.9999999970422927,0.9999999999999997,5,5,2,55.365416880903034,0.9999999999999709,1.2917352263209165,5,5,2,55.365416880903034,0.9999999999999709,1.2917352263209165
메뉴푸디스퀘어를,보온4시간뒤처리샐러드는,5,4.787491728502046,0.9999999970422927,0.9999999999999997,5,5,2,55.365416880903034,0.9999999999999709,1.2917352263209165,5,5,2,55.36541688090304,0.9999999999999709,1.2917352263209168
메뉴푸디스퀘어를,아닙니다각각,5,4.787491728502046,0.9999999970422927,0.9999999999999997,5,5,2,55.365416880903034,0.9999999999999709,1.2917352263209165,5,5,2,55.36541688090304,0.9999999999999709,1.2917352263209168
메뉴푸디스퀘어를,서비스3명,5,4.787491728502046,0.9999999970422927,0.9999999999999997,5,5,2,55.365416880903034,0.9999999999999709,1.2917352263209165,5,5,2,55.365416880903034,0.9999999999999709,1.2917352263209165
메뉴푸디스퀘어를,가능합니다샐러드는,5,4.787491728502046,0.9999999970422927,0.9999999999999997,5,5,2,55.365416880903034,0.9999999999999709,1.2917352263209165,5,5,2,55.365416880903034,0.9999999999999709,1.2917352263209165
이용가능주,아닙니다각각,5,4.787491728502046,0.9999999970422927,0.9999999999999997,5,5,2,55.365416880903034,0.9999999999999709,1.2917352263209165,5,5,2,55.36541688090304,0.9999999999999709,1.2917352263209168
이용가능주,서비스3명,5,4.787491728502046,0.9999999970422927,0.9999999999999997,5,5,2,55.365416880903034,0.9999999999999709,1.2917352263209165,5,5,2,55.365416880903034,0.9999999999999709,1.2917352263209165
이용가능주,가능합니다샐러드는,5,4.787491728502046,0.9999999970422927,0.9999999999999997,5,5,2,55.365416880903034,0.9999999999999709,1.2917352263209165,5,5,2,55.365416880903034,0.9999999999999709,1.2917352263209165
이용가능주,금요일에,5,4.787491728502046,0.9999999970422927,0.9999999999999997,5,5,2,55.365416880903034,0.9999999999999709,1.2917352263209165,5,5,2,55.365416880903034,0.9999999999999709,1.2917352263209165
이용가능주,질문이나,5,4.787491728502046,0.9999999970422927,0.9999999999999997,5,5,2,55.365416880903034,0.9999999999999709,1.2917352263209165,5,5,2,55.365416880903034,0.9999999999999709,1.2917352263209165
이용가능주,전용,5,4.787491728502046,0.9999999970422927,0.9999999999999997,5,5,2,55.365416880903034,0.9999999999999709,1.2917352263209165,5,5,2,55.36541688090304,0.9999999999999709,1.2917352263209168
이용가능주,다른메뉴기다림,5,4.787491728502046,0.9999999970422927,0.9999999999999997,5,5,2,55.365416880903034,0.9999999999999709,1.2917352263209165,5,5,2,55.36541688090304,0.9999999999999709,1.2917352263209168
이용가능주,7001700매일,5,4.787491728502046,0.9999999970422927,0.9999999999999997,5,5,2,55.365416880903034,0.9999999999999709,1.2917352263209165,5,5,2,55.36541688090304,0.9999999999999709,1.2917352263209168
이용가능주,도시락샐러드,5,4.787491728502046,0.9999999970422927,0.9999999999999997,5,5,2,55.365416880903034,0.9999999999999709,1.2917352263209165,5,5,2,55.36541688090304,0.9999999999999709,1.2917352263209168
이용가능주,보내십시오맛스타,5,4.787491728502046,0.9999999970422927,0.9999999999999997,5,5,2,55.365416880903034,0.9999999999999709,1.2917352263209165,5,5,2,55.365416880903034,0.9999999999999709,1.2917352263209165
이용가능주,이유매일,5,4.787491728502046,0.9999999970422927,0.9999999999999997,5,5,2,55.365416880903034,0.9999999999999709,1.2917352263209165,5,5,2,55.365416880903034,0.9999999999999709,1.2917352263209165
이용가능주,설명서기업,5,4.787491728502046,0.9999999970422927,0.9999999999999997,5,5,2,55.365416880903034,0.9999999999999709,1.2917352263209165,5,5,2,55.365416880903034,0.9999999999999709,1.2917352263209165
이용가능주,전문업체,5,4.787491728502046,0.9999999970422927,0.9999999999999997,5,5,2,55.365416880903034,0.9999999999999709,1.2917352263209165,5,5,2,55.365416880903034,0.9999999999999709,1.2917352263209165
이용가능주,선택하는,5,4.787491728502046,0.9999999970422927,0.9999999999999997,5,5,2,55.365416880903034,0.9999999999999709,1.2917352263209165,5,5,2,55.36541688090304,0.9999999999999709,1.2917352263209168
이용가능주,결제를,5,4.787491728502046,0.9999999970422927,0.9999999999999997,5,5,2,55.365416880903034,0.9999999999999709,1.2917352263209165,5,5,2,55.36541688090304,0.9999999999999709,1.2917352263209168
이용가능주,배송탁월한,5,4.787491728502046,0.9999999970422927,0.9999999999999997,5,5,2,55.365416880903034,0.9999999999999709,1.2917352263209165,5,5,2,55.36541688090304,0.9999999999999709,1.2917352263209168
34회,전문업체,5,4.787491728502046,0.9999999970422927,0.9999999999999997,5,5,2,55.36541688090304,0.9999999999999709,1.2917352263209168,5,5,2,55.365416880903034,0.9999999999999709,1.2917352263209165
34회,선택하는,5,4.787491728502046,0.9999999970422927,0.9999999999999997,5,5,2,55.36541688090304,0.9999999999999709,1.2917352263209168,5,5,2,55.36541688090304,0.9999999999999709,1.2917352263209168
34회,결제를,5,4.787491728502046,0.9999999970422927,0.9999999999999997,5,5,2,55.36541688090304,0.9999999999999709,1.2917352263209168,5,5,2,55.36541688090304,0.9999999999999709,1.2917352263209168
34회,배송탁월한,5,4.787491728502046,0.9999999970422927,0.9999999999999997,5,5,2,55.36541688090304,0.9999999999999709,1.2917352263209168,5,5,2,55.36541688090304,0.9999999999999709,1.2917352263209168
34회,진행도시락,5,4.787491728502046,0.9999999970422927,0.9999999999999997,5,5,2,55.36541688090304,0.9999999999999709,1.2917352263209168,5,5,2,55.36541688090304,0.9999999999999709,1.2917352263209168
34회,연락주세요오늘도,5,4.787491728502046,0.9999999970422927,0.9999999999999997,5,5,2,55.36541688090304,0.9999999999999709,1.2917352263209168,5,5,2,55.365416880903034,0.9999999999999709,1.2917352263209165
34회,이상의,5,4.787491728502046,0.9999999970422927,0.9999999999999997,5,5,2,55.36541688090304,0.9999999999999709,1.2917352263209168,5,5,2,55.365416880903034,0.9999999999999709,1.2917352263209165
34회,세트가,5,4.787491728502046,0.9999999970422927,0.9999999999999997,5,5,2,55.36541688090304,0.9999999999999709,1.2917352263209168,5,5,2,55.365416880903034,0.9999999999999709,1.2917352263209165
34회,결제후불결제를,5,4.787491728502046,0.9999999970422927,0.9999999999999997,5,5,2,55.36541688090304,0.9999999999999709,1.2917352263209168,5,5,2,55.365416880903034,0.9999999999999709,1.2917352263209165
34회,보온도시락샐러드,5,4.787491728502046,0.9999999970422927,0.9999999999999997,5,5,2,55.36541688090304,0.9999999999999709,1.2917352263209168,5,5,2,55.36541688090304,0.9999999999999709,1.2917352263209168
34회,매월,5,4.787491728502046,0.9999999970422927,0.9999999999999997,5,5,2,55.36541688090304,0.9999999999999709,1.2917352263209168,5,5,2,55.36541688090304,0.9999999999999709,1.2917352263209168
34회,인원부터,5,4.787491728502046,0.9999999970422927,0.9999999999999997,5,5,2,55.36541688090304,0.9999999999999709,1.2917352263209168,5,5,2,55.36541688090304,0.9999999999999709,1.2917352263209168
이용가능주,갱신중,5,4.787491728502046,0.9999999970422927,0.9999999999999997,5,5,2,55.365416880903034,0.9999999999999709,1.2917352263209165,5,5,2,55.365416880903034,0.9999999999999709,1.2917352263209165
이용가능주,기본결제방식은,5,4.787491728502046,0.9999999970422927,0.9999999999999997,5,5,2,55.365416880903034,0.9999999999999709,1.2917352263209165,5,5,2,55.365416880903034,0.9999999999999709,1.2917352263209165
이용가능주,첫째,5,4.787491728502046,0.9999999970422927,0.9999999999999997,5,5,2,55.365416880903034,0.9999999999999709,1.2917352263209165,5,5,2,55.365416880903034,0.9999999999999709,1.2917352263209165
이용가능주,보온4시간뒤처리샐러드는,5,4.787491728502046,0.9999999970422927,0.9999999999999997,5,5,2,55.365416880903034,0.9999999999999709,1.2917352263209165,5,5,2,55.36541688090304,0.9999999999999709,1.2917352263209168
34회,갱신중,5,4.787491728502046,0.9999999970422927,0.9999999999999997,5,5,2,55.36541688090304,0.9999999999999709,1.2917352263209168,5,5,2,55.365416880903034,0.9999999999999709,1.2917352263209165
34회,기본결제방식은,5,4.787491728502046,0.9999999970422927,0.9999999999999997,5,5,2,55.36541688090304,0.9999999999999709,1.2917352263209168,5,5,2,55.365416880903034,0.9999999999999709,1.2917352263209165
34회,첫째,5,4.787491728502046,0.9999999970422927,0.9999999999999997,5,5,2,55.36541688090304,0.9999999999999709,1.2917352263209168,5,5,2,55.365416880903034,0.9999999999999709,1.2917352263209165
34회,보온4시간뒤처리샐러드는,5,4.787491728502046,0.9999999970422927,0.9999999999999997,5,5,2,55.36541688090304,0.9999999999999709,1.2917352263209168,5,5,2,55.36541688090304,0.9999999999999709,1.2917352263209168
34회,아닙니다각각,5,4.787491728502046,0.9999999970422927,0.9999999999999997,5,5,2,55.36541688090304,0.9999999999999709,1.2917352263209168,5,5,2,55.36541688090304,0.9999999999999709,1.2917352263209168
34회,서비스3명,5,4.787491728502046,0.9999999970422927,0.9999999999999997,5,5,2,55.36541688090304,0.9999999999999709,1.2917352263209168,5,5,2,55.365416880903034,0.9999999999999709,1.2917352263209165
34회,가능합니다샐러드는,5,4.787491728502046,0.9999999970422927,0.9999999999999997,5,5,2,55.36541688090304,0.9999999999999709,1.2917352263209168,5,5,2,55.365416880903034,0.9999999999999709,1.2917352263209165
34회,금요일에,5,4.787491728502046,0.9999999970422927,0.9999999999999997,5,5,2,55.36541688090304,0.9999999999999709,1.2917352263209168,5,5,2,55.365416880903034,0.9999999999999709,1.2917352263209165
34회,질문이나,5,4.787491728502046,0.9999999970422927,0.9999999999999997,5,5,2,55.36541688090304,0.9999999999999709,1.2917352263209168,5,5,2,55.365416880903034,0.9999999999999709,1.2917352263209165
34회,전용,5,4.787491728502046,0.9999999970422927,0.9999999999999997,5,5,2,55.36541688090304,0.9999999999999709,1.2917352263209168,5,5,2,55.36541688090304,0.9999999999999709,1.2917352263209168
34회,다른메뉴기다림,5,4.787491728502046,0.9999999970422927,0.9999999999999997,5,5,2,55.36541688090304,0.9999999999999709,1.2917352263209168,5,5,2,55.36541688090304,0.9999999999999709,1.2917352263209168
34회,7001700매일,5,4.787491728502046,0.9999999970422927,0.9999999999999997,5,5,2,55.36541688090304,0.9999999999999709,1.2917352263209168,5,5,2,55.36541688090304,0.9999999999999709,1.2917352263209168
34회,도시락샐러드,5,4.787491728502046,0.9999999970422927,0.9999999999999997,5,5,2,55.36541688090304,0.9999999999999709,1.2917352263209168,5,5,2,55.36541688090304,0.9999999999999709,1.2917352263209168
34회,보내십시오맛스타,5,4.787491728502046,0.9999999970422927,0.9999999999999997,5,5,2,55.36541688090304,0.9999999999999709,1.2917352263209168,5,5,2,55.365416880903034,0.9999999999999709,1.2917352263209165
34회,이유매일,5,4.787491728502046,0.9999999970422927,0.9999999999999997,5,5,2,55.36541688090304,0.9999999999999709,1.2917352263209168,5,5,2,55.365416880903034,0.9999999999999709,1.2917352263209165
34회,설명서기업,5,4.787491728502046,0.9999999970422927,0.9999999999999997,5,5,2,55.36541688090304,0.9999999999999709,1.2917352263209168,5,5,2,55.365416880903034,0.9999999999999709,1.2917352263209165
인원부터,7001700매일,5,4.787491728502046,0.9999999970422927,0.9999999999999997,5,5,2,55.36541688090304,0.9999999999999709,1.2917352263209168,5,5,2,55.36541688090304,0.9999999999999709,1.2917352263209168
인원부터,도시락샐러드,5,4.787491728502046,0.9999999970422927,0.9999999999999997,5,5,2,55.36541688090304,0.9999999999999709,1.2917352263209168,5,5,2,55.36541688090304,0.9999999999999709,1.2917352263209168
인원부터,보내십시오맛스타,5,4.787491728502046,0.9999999970422927,0.9999999999999997,5,5,2,55.36541688090304,0.9999999999999709,1.2917352263209168,5,5,2,55.365416880903034,0.9999999999999709,1.2917352263209165
인원부터,이유매일,5,4.787491728502046,0.9999999970422927,0.9999999999999997,5,5,2,55.36541688090304,0.9999999999999709,1.2917352263209168,5,5,2,55.365416880903034,0.9999999999999709,1.2917352263209165
인원부터,설명서기업,5,4.787491728502046,0.9999999970422927,0.9999999999999997,5,5,2,55.36541688090304,0.9999999999999709,1.2917352263209168,5,5,2,55.365416880903034,0.9999999999999709,1.2917352263209165
인원부터,전문업체,5,4.787491728502046,0.9999999970422927,0.9999999999999997,5,5,2,55.36541688090304,0.9999999999999709,1.2917352263209168,5,5,2,55.365416880903034,0.9999999999999709,1.2917352263209165
인원부터,선택하는,5,4.787491728502046,0.9999999970422927,0.9999999999999997,5,5,2,55.36541688090304,0.9999999999999709,1.2917352263209168,5,5,2,55.36541688090304,0.9999999999999709,1.2917352263209168
인원부터,결제를,5,4.787491728502046,0.9999999970422927,0.9999999999999997,5,5,2,55.36541688090304,0.9999999999999709,1.2917352263209168,5,5,2,55.36541688090304,0.9999999999999709,1.2917352263209168
인원부터,배송탁월한,5,4.787491728502046,0.9999999970422927,0.9999999999999997,5,5,2,55.36541688090304,0.9999999999999709,1.2917352263209168,5,5,2,55.36541688090304,0.9999999999999709,1.2917352263209168
인원부터,진행도시락,5,4.787491728502046,0.9999999970422927,0.9999999999999997,5,5,2,55.36541688090304,0.9999999999999709,1.2917352263209168,5,5,2,55.36541688090304,0.9999999999999709,1.2917352263209168
인원부터,연락주세요오늘도,5,4.787491728502046,0.9999999970422927,0.9999999999999997,5,5,2,55.36541688090304,0.9999999999999709,1.2917352263209168,5,5,2,55.365416880903034,0.9999999999999709,1.2917352263209165
인원부터,이상의,5,4.787491728502046,0.9999999970422927,0.9999999999999997,5,5,2,55.36541688090304,0.9999999999999709,1.2917352263209168,5,5,2,55.365416880903034,0.9999999999999709,1.2917352263209165
인원부터,세트가,5,4.787491728502046,0.9999999970422927,0.9999999999999997,5,5,2,55.36541688090304,0.9999999999999709,1.2917352263209168,5,5,2,55.365416880903034,0.9999999999999709,1.2917352263209165
인원부터,결제후불결제를,5,4.787491728502046,0.9999999970422927,0.9999999999999997,5,5,2,55.36541688090304,0.9999999999999709,1.2917352263209168,5,5,2,55.365416880903034,0.9999999999999709,1.2917352263209165
인원부터,보온도시락샐러드,5,4.787491728502046,0.9999999970422927,0.9999999999999997,5,5,2,55.36541688090304,0.9999999999999709,1.2917352263209168,5,5,2,55.36541688090304,0.9999999999999709,1.2917352263209168
인원부터,매월,5,4.787491728502046,0.9999999970422927,0.9999999999999997,5,5,2,55.36541688090304,0.9999999999999709,1.2917352263209168,5,5,2,55.36541688090304,0.9999999999999709,1.2917352263209168
매월,연락주세요오늘도,5,4.787491728502046,0.9999999970422927,0.9999999999999997,5,5,2,55.36541688090304,0.9999999999999709,1.2917352263209168,5,5,2,55.365416880903034,0.9999999999999709,1.2917352263209165
매월,이상의,5,4.787491728502046,0.9999999970422927,0.9999999999999997,5,5,2,55.36541688090304,0.9999999999999709,1.2917352263209168,5,5,2,55.365416880903034,0.9999999999999709,1.2917352263209165
매월,세트가,5,4.787491728502046,0.9999999970422927,0.9999999999999997,5,5,2,55.36541688090304,0.9999999999999709,1.2917352263209168,5,5,2,55.365416880903034,0.9999999999999709,1.2917352263209165
매월,결제후불결제를,5,4.787491728502046,0.9999999970422927,0.9999999999999997,5,5,2,55.36541688090304,0.9999999999999709,1.2917352263209168,5,5,2,55.365416880903034,0.9999999999999709,1.2917352263209165
매월,보온도시락샐러드,5,4.787491728502046,0.9999999970422927,0.9999999999999997,5,5,2,55.36541688090304,0.9999999999999709,1.2917352263209168,5,5,2,55.36541688090304,0.9999999999999709,1.2917352263209168
인원부터,갱신중,5,4.787491728502046,0.9999999970422927,0.9999999999999997,5,5,2,55.36541688090304,0.9999999999999709,1.2917352263209168,5,5,2,55.365416880903034,0.9999999999999709,1.2917352263209165
인원부터,기본결제방식은,5,4.787491728502046,0.9999999970422927,0.9999999999999997,5,5,2,55.36541688090304,0.9999999999999709,1.2917352263209168,5,5,2,55.365416880903034,0.9999999999999709,1.2917352263209165
인원부터,첫째,5,4.787491728502046,0.9999999970422927,0.9999999999999997,5,5,2,55.36541688090304,0.9999999999999709,1.2917352263209168,5,5,2,55.365416880903034,0.9999999999999709,1.2917352263209165
인원부터,보온4시간뒤처리샐러드는,5,4.787491728502046,0.9999999970422927,0.9999999999999997,5,5,2,55.36541688090304,0.9999999999999709,1.2917352263209168,5,5,2,55.36541688090304,0.9999999999999709,1.2917352263209168
인원부터,아닙니다각각,5,4.787491728502046,0.9999999970422927,0.9999999999999997,5,5,2,55.36541688090304,0.9999999999999709,1.2917352263209168,5,5,2,55.36541688090304,0.9999999999999709,1.2917352263209168
인원부터,서비스3명,5,4.787491728502046,0.9999999970422927,0.9999999999999997,5,5,2,55.36541688090304,0.9999999999999709,1.2917352263209168,5,5,2,55.365416880903034,0.9999999999999709,1.2917352263209165
인원부터,가능합니다샐러드는,5,4.787491728502046,0.9999999970422927,0.9999999999999997,5,5,2,55.36541688090304,0.9999999999999709,1.2917352263209168,5,5,2,55.365416880903034,0.9999999999999709,1.2917352263209165
인원부터,금요일에,5,4.787491728502046,0.9999999970422927,0.9999999999999997,5,5,2,55.36541688090304,0.9999999999999709,1.2917352263209168,5,5,2,55.365416880903034,0.9999999999999709,1.2917352263209165
인원부터,질문이나,5,4.787491728502046,0.9999999970422927,0.9999999999999997,5,5,2,55.36541688090304,0.9999999999999709,1.2917352263209168,5,5,2,55.365416880903034,0.9999999999999709,1.2917352263209165
인원부터,전용,5,4.787491728502046,0.9999999970422927,0.9999999999999997,5,5,2,55.36541688090304,0.9999999999999709,1.2917352263209168,5,5,2,55.36541688090304,0.9999999999999709,1.2917352263209168
인원부터,다른메뉴기다림,5,4.787491728502046,0.9999999970422927,0.9999999999999997,5,5,2,55.36541688090304,0.9999999999999709,1.2917352263209168,5,5,2,55.36541688090304,0.9999999999999709,1.2917352263209168
매월,서비스3명,5,4.787491728502046,0.9999999970422927,0.9999999999999997,5,5,2,55.36541688090304,0.9999999999999709,1.2917352263209168,5,5,2,55.365416880903034,0.9999999999999709,1.2917352263209165
매월,가능합니다샐러드는,5,4.787491728502046,0.9999999970422927,0.9999999999999997,5,5,2,55.36541688090304,0.9999999999999709,1.2917352263209168,5,5,2,55.365416880903034,0.9999999999999709,1.2917352263209165
매월,금요일에,5,4.787491728502046,0.9999999970422927,0.9999999999999997,5,5,2,55.36541688090304,0.9999999999999709,1.2917352263209168,5,5,2,55.365416880903034,0.9999999999999709,1.2917352263209165
매월,질문이나,5,4.787491728502046,0.9999999970422927,0.9999999999999997,5,5,2,55.36541688090304,0.9999999999999709,1.2917352263209168,5,5,2,55.365416880903034,0.9999999999999709,1.2917352263209165
매월,전용,5,4.787491728502046,0.9999999970422927,0.9999999999999997,5,5,2,55.36541688090304,0.9999999999999709,1.2917352263209168,5,5,2,55.36541688090304,0.9999999999999709,1.2917352263209168
매월,다른메뉴기다림,5,4.787491728502046,0.9999999970422927,0.9999999999999997,5,5,2,55.36541688090304,0.9999999999999709,1.2917352263209168,5,5,2,55.36541688090304,0.9999999999999709,1.2917352263209168
매월,7001700매일,5,4.787491728502046,0.9999999970422927,0.9999999999999997,5,5,2,55.36541688090304,0.9999999999999709,1.2917352263209168,5,5,2,55.36541688090304,0.9999999999999709,1.2917352263209168
매월,도시락샐러드,5,4.787491728502046,0.9999999970422927,0.9999999999999997,5,5,2,55.36541688090304,0.9999999999999709,1.2917352263209168,5,5,2,55.36541688090304,0.9999999999999709,1.2917352263209168
매월,보내십시오맛스타,5,4.787491728502046,0.9999999970422927,0.9999999999999997,5,5,2,55.36541688090304,0.9999999999999709,1.2917352263209168,5,5,2,55.365416880903034,0.9999999999999709,1.2917352263209165
매월,이유매일,5,4.787491728502046,0.9999999970422927,0.9999999999999997,5,5,2,55.36541688090304,0.9999999999999709,1.2917352263209168,5,5,2,55.365416880903034,0.9999999999999709,1.2917352263209165
매월,설명서기업,5,4.787491728502046,0.9999999970422927,0.9999999999999997,5,5,2,55.36541688090304,0.9999999999999709,1.2917352263209168,5,5,2,55.365416880903034,0.9999999999999709,1.2917352263209165
매월,전문업체,5,4.787491728502046,0.9999999970422927,0.9999999999999997,5,5,2,55.36541688090304,0.9999999999999709,1.2917352263209168,5,5,2,55.365416880903034,0.9999999999999709,1.2917352263209165
매월,선택하는,5,4.787491728502046,0.9999999970422927,0.9999999999999997,5,5,2,55.36541688090304,0.9999999999999709,1.2917352263209168,5,5,2,55.36541688090304,0.9999999999999709,1.2917352263209168
매월,결제를,5,4.787491728502046,0.9999999970422927,0.9999999999999997,5,5,2,55.36541688090304,0.9999999999999709,1.2917352263209168,5,5,2,55.36541688090304,0.9999999999999709,1.2917352263209168
매월,배송탁월한,5,4.787491728502046,0.9999999970422927,0.9999999999999997,5,5,2,55.36541688090304,0.9999999999999709,1.2917352263209168,5,5,2,55.36541688090304,0.9999999999999709,1.2917352263209168
매월,진행도시락,5,4.787491728502046,0.9999999970422927,0.9999999999999997,5,5,2,55.36541688090304,0.9999999999999709,1.2917352263209168,5,5,2,55.36541688090304,0.9999999999999709,1.2917352263209168
보온도시락샐러드,이유매일,5,4.787491728502046,0.9999999970422927,0.9999999999999997,5,5,2,55.36541688090304,0.9999999999999709,1.2917352263209168,5,5,2,55.365416880903034,0.9999999999999709,1.2917352263209165
보온도시락샐러드,설명서기업,5,4.787491728502046,0.9999999970422927,0.9999999999999997,5,5,2,55.36541688090304,0.9999999999999709,1.2917352263209168,5,5,2,55.365416880903034,0.9999999999999709,1.2917352263209165
보온도시락샐러드,전문업체,5,4.787491728502046,0.9999999970422927,0.9999999999999997,5,5,2,55.36541688090304,0.9999999999999709,1.2917352263209168,5,5,2,55.365416880903034,0.9999999999999709,1.2917352263209165
보온도시락샐러드,선택하는,5,4.787491728502046,0.9999999970422927,0.9999999999999997,5,5,2,55.36541688090304,0.9999999999999709,1.2917352263209168,5,5,2,55.36541688090304,0.9999999999999709,1.2917352263209168
보온도시락샐러드,결제를,5,4.787491728502046,0.9999999970422927,0.9999999999999997,5,5,2,55.36541688090304,0.9999999999999709,1.2917352263209168,5,5,2,55.36541688090304,0.9999999999999709,1.2917352263209168
보온도시락샐러드,배송탁월한,5,4.787491728502046,0.9999999970422927,0.9999999999999997,5,5,2,55.36541688090304,0.9999999999999709,1.2917352263209168,5,5,2,55.36541688090304,0.9999999999999709,1.2917352263209168
보온도시락샐러드,진행도시락,5,4.787491728502046,0.9999999970422927,0.9999999999999997,5,5,2,55.36541688090304,0.9999999999999709,1.2917352263209168,5,5,2,55.36541688090304,0.9999999999999709,1.2917352263209168
보온도시락샐러드,연락주세요오늘도,5,4.787491728502046,0.9999999970422927,0.9999999999999997,5,5,2,55.36541688090304,0.9999999999999709,1.2917352263209168,5,5,2,55.365416880903034,0.9999999999999709,1.2917352263209165
보온도시락샐러드,이상의,5,4.787491728502046,0.9999999970422927,0.9999999999999997,5,5,2,55.36541688090304,0.9999999999999709,1.2917352263209168,5,5,2,55.365416880903034,0.9999999999999709,1.2917352263209165
보온도시락샐러드,세트가,5,4.787491728502046,0.9999999970422927,0.9999999999999997,5,5,2,55.36541688090304,0.9999999999999709,1.2917352263209168,5,5,2,55.365416880903034,0.9999999999999709,1.2917352263209165
보온도시락샐러드,결제후불결제를,5,4.787491728502046,0.9999999970422927,0.9999999999999997,5,5,2,55.36541688090304,0.9999999999999709,1.2917352263209168,5,5,2,55.365416880903034,0.9999999999999709,1.2917352263209165
매월,갱신중,5,4.787491728502046,0.9999999970422927,0.9999999999999997,5,5,2,55.36541688090304,0.9999999999999709,1.2917352263209168,5,5,2,55.365416880903034,0.9999999999999709,1.2917352263209165
매월,기본결제방식은,5,4.787491728502046,0.9999999970422927,0.9999999999999997,5,5,2,55.36541688090304,0.9999999999999709,1.2917352263209168,5,5,2,55.365416880903034,0.9999999999999709,1.2917352263209165
매월,첫째,5,4.787491728502046,0.9999999970422927,0.9999999999999997,5,5,2,55.36541688090304,0.9999999999999709,1.2917352263209168,5,5,2,55.365416880903034,0.9999999999999709,1.2917352263209165
매월,보온4시간뒤처리샐러드는,5,4.787491728502046,0.9999999970422927,0.9999999999999997,5,5,2,55.36541688090304,0.9999999999999709,1.2917352263209168,5,5,2,55.36541688090304,0.9999999999999709,1.2917352263209168
매월,아닙니다각각,5,4.787491728502046,0.9999999970422927,0.9999999999999997,5,5,2,55.36541688090304,0.9999999999999709,1.2917352263209168,5,5,2,55.36541688090304,0.9999999999999709,1.2917352263209168
결제후불결제를,이상의,5,4.787491728502046,0.9999999970422927,0.9999999999999997,5,5,2,55.365416880903034,0.9999999999999709,1.2917352263209165,5,5,2,55.365416880903034,0.9999999999999709,1.2917352263209165
결제후불결제를,세트가,5,4.787491728502046,0.9999999970422927,0.9999999999999997,5,5,2,55.365416880903034,0.9999999999999709,1.2917352263209165,5,5,2,55.365416880903034,0.9999999999999709,1.2917352263209165
보온도시락샐러드,갱신중,5,4.787491728502046,0.9999999970422927,0.9999999999999997,5,5,2,55.36541688090304,0.9999999999999709,1.2917352263209168,5,5,2,55.365416880903034,0.9999999999999709,1.2917352263209165
보온도시락샐러드,기본결제방식은,5,4.787491728502046,0.9999999970422927,0.9999999999999997,5,5,2,55.36541688090304,0.9999999999999709,1.2917352263209168,5,5,2,55.365416880903034,0.9999999999999709,1.2917352263209165
보온도시락샐러드,첫째,5,4.787491728502046,0.9999999970422927,0.9999999999999997,5,5,2,55.36541688090304,0.9999999999999709,1.2917352263209168,5,5,2,55.365416880903034,0.9999999999999709,1.2917352263209165
보온도시락샐러드,보온4시간뒤처리샐러드는,5,4.787491728502046,0.9999999970422927,0.9999999999999997,5,5,2,55.36541688090304,0.9999999999999709,1.2917352263209168,5,5,2,55.36541688090304,0.9999999999999709,1.2917352263209168
보온도시락샐러드,아닙니다각각,5,4.787491728502046,0.9999999970422927,0.9999999999999997,5,5,2,55.36541688090304,0.9999999999999709,1.2917352263209168,5,5,2,55.36541688090304,0.9999999999999709,1.2917352263209168
보온도시락샐러드,서비스3명,5,4.787491728502046,0.9999999970422927,0.9999999999999997,5,5,2,55.36541688090304,0.9999999999999709,1.2917352263209168,5,5,2,55.365416880903034,0.9999999999999709,1.2917352263209165
보온도시락샐러드,가능합니다샐러드는,5,4.787491728502046,0.9999999970422927,0.9999999999999997,5,5,2,55.36541688090304,0.9999999999999709,1.2917352263209168,5,5,2,55.365416880903034,0.9999999999999709,1.2917352263209165
보온도시락샐러드,금요일에,5,4.787491728502046,0.9999999970422927,0.9999999999999997,5,5,2,55.36541688090304,0.9999999999999709,1.2917352263209168,5,5,2,55.365416880903034,0.9999999999999709,1.2917352263209165
보온도시락샐러드,질문이나,5,4.787491728502046,0.9999999970422927,0.9999999999999997,5,5,2,55.36541688090304,0.9999999999999709,1.2917352263209168,5,5,2,55.365416880903034,0.9999999999999709,1.2917352263209165
보온도시락샐러드,전용,5,4.787491728502046,0.9999999970422927,0.9999999999999997,5,5,2,55.36541688090304,0.9999999999999709,1.2917352263209168,5,5,2,55.36541688090304,0.9999999999999709,1.2917352263209168
보온도시락샐러드,다른메뉴기다림,5,4.787491728502046,0.9999999970422927,0.9999999999999997,5,5,2,55.36541688090304,0.9999999999999709,1.2917352263209168,5,5,2,55.36541688090304,0.9999999999999709,1.2917352263209168
보온도시락샐러드,7001700매일,5,4.787491728502046,0.9999999970422927,0.9999999999999997,5,5,2,55.36541688090304,0.9999999999999709,1.2917352263209168,5,5,2,55.36541688090304,0.9999999999999709,1.2917352263209168
보온도시락샐러드,도시락샐러드,5,4.787491728502046,0.9999999970422927,0.9999999999999997,5,5,2,55.36541688090304,0.9999999999999709,1.2917352263209168,5,5,2,55.36541688090304,0.9999999999999709,1.2917352263209168
보온도시락샐러드,보내십시오맛스타,5,4.787491728502046,0.9999999970422927,0.9999999999999997,5,5,2,55.36541688090304,0.9999999999999709,1.2917352263209168,5,5,2,55.365416880903034,0.9999999999999709,1.2917352263209165
결제후불결제를,가능합니다샐러드는,5,4.787491728502046,0.9999999970422927,0.9999999999999997,5,5,2,55.365416880903034,0.9999999999999709,1.2917352263209165,5,5,2,55.365416880903034,0.9999999999999709,1.2917352263209165
결제후불결제를,금요일에,5,4.787491728502046,0.9999999970422927,0.9999999999999997,5,5,2,55.365416880903034,0.9999999999999709,1.2917352263209165,5,5,2,55.365416880903034,0.9999999999999709,1.2917352263209165
결제후불결제를,질문이나,5,4.787491728502046,0.9999999970422927,0.9999999999999997,5,5,2,55.365416880903034,0.9999999999999709,1.2917352263209165,5,5,2,55.365416880903034,0.9999999999999709,1.2917352263209165
결제후불결제를,전용,5,4.787491728502046,0.9999999970422927,0.9999999999999997,5,5,2,55.365416880903034,0.9999999999999709,1.2917352263209165,5,5,2,55.36541688090304,0.9999999999999709,1.2917352263209168
결제후불결제를,다른메뉴기다림,5,4.787491728502046,0.9999999970422927,0.9999999999999997,5,5,2,55.365416880903034,0.9999999999999709,1.2917352263209165,5,5,2,55.36541688090304,0.9999999999999709,1.2917352263209168
결제후불결제를,7001700매일,5,4.787491728502046,0.9999999970422927,0.9999999999999997,5,5,2,55.365416880903034,0.9999999999999709,1.2917352263209165,5,5,2,55.36541688090304,0.9999999999999709,1.2917352263209168
결제후불결제를,도시락샐러드,5,4.787491728502046,0.9999999970422927,0.9999999999999997,5,5,2,55.365416880903034,0.9999999999999709,1.2917352263209165,5,5,2,55.36541688090304,0.9999999999999709,1.2917352263209168
결제후불결제를,보내십시오맛스타,5,4.787491728502046,0.9999999970422927,0.9999999999999997,5,5,2,55.365416880903034,0.9999999999999709,1.2917352263209165,5,5,2,55.365416880903034,0.9999999999999709,1.2917352263209165
결제후불결제를,이유매일,5,4.787491728502046,0.9999999970422927,0.9999999999999997,5,5,2,55.365416880903034,0.9999999999999709,1.2917352263209165,5,5,2,55.365416880903034,0.9999999999999709,1.2917352263209165
결제후불결제를,설명서기업,5,4.787491728502046,0.9999999970422927,0.9999999999999997,5,5,2,55.365416880903034,0.9999999999999709,1.2917352263209165,5,5,2,55.365416880903034,0.9999999999999709,1.2917352263209165
결제후불결제를,전문업체,5,4.787491728502046,0.9999999970422927,0.9999999999999997,5,5,2,55.365416880903034,0.9999999999999709,1.2917352263209165,5,5,2,55.365416880903034,0.9999999999999709,1.2917352263209165
결제후불결제를,선택하는,5,4.787491728502046,0.9999999970422927,0.9999999999999997,5,5,2,55.365416880903034,0.9999999999999709,1.2917352263209165,5,5,2,55.36541688090304,0.9999999999999709,1.2917352263209168
결제후불결제를,결제를,5,4.787491728502046,0.9999999970422927,0.9999999999999997,5,5,2,55.365416880903034,0.9999999999999709,1.2917352263209165,5,5,2,55.36541688090304,0.9999999999999709,1.2917352263209168
결제후불결제를,배송탁월한,5,4.787491728502046,0.9999999970422927,0.9999999999999997,5,5,2,55.365416880903034,0.9999999999999709,1.2917352263209165,5,5,2,55.36541688090304,0.9999999999999709,1.2917352263209168
결제후불결제를,진행도시락,5,4.787491728502046,0.9999999970422927,0.9999999999999997,5,5,2,55.365416880903034,0.9999999999999709,1.2917352263209165,5,5,2,55.36541688090304,0.9999999999999709,1.2917352263209168
결제후불결제를,연락주세요오늘도,5,4.787491728502046,0.9999999970422927,0.9999999999999997,5,5,2,55.365416880903034,0.9999999999999709,1.2917352263209165,5,5,2,55.365416880903034,0.9999999999999709,1.2917352263209165
세트가,보내십시오맛스타,5,4.787491728502046,0.9999999970422927,0.9999999999999997,5,5,2,55.365416880903034,0.9999999999999709,1.2917352263209165,5,5,2,55.365416880903034,0.9999999999999709,1.2917352263209165
세트가,이유매일,5,4.787491728502046,0.9999999970422927,0.9999999999999997,5,5,2,55.365416880903034,0.9999999999999709,1.2917352263209165,5,5,2,55.365416880903034,0.9999999999999709,1.2917352263209165
세트가,설명서기업,5,4.787491728502046,0.9999999970422927,0.9999999999999997,5,5,2,55.365416880903034,0.9999999999999709,1.2917352263209165,5,5,2,55.365416880903034,0.9999999999999709,1.2917352263209165
세트가,전문업체,5,4.787491728502046,0.9999999970422927,0.9999999999999997,5,5,2,55.365416880903034,0.9999999999999709,1.2917352263209165,5,5,2,55.365416880903034,0.9999999999999709,1.2917352263209165
세트가,선택하는,5,4.787491728502046,0.9999999970422927,0.9999999999999997,5,5,2,55.365416880903034,0.9999999999999709,1.2917352263209165,5,5,2,55.36541688090304,0.9999999999999709,1.2917352263209168
세트가,결제를,5,4.787491728502046,0.9999999970422927,0.9999999999999997,5,5,2,55.365416880903034,0.9999999999999709,1.2917352263209165,5,5,2,55.36541688090304,0.9999999999999709,1.2917352263209168
세트가,배송탁월한,5,4.787491728502046,0.9999999970422927,0.9999999999999997,5,5,2,55.365416880903034,0.9999999999999709,1.2917352263209165,5,5,2,55.36541688090304,0.9999999999999709,1.2917352263209168
세트가,진행도시락,5,4.787491728502046,0.9999999970422927,0.9999999999999997,5,5,2,55.365416880903034,0.9999999999999709,1.2917352263209165,5,5,2,55.36541688090304,0.9999999999999709,1.2917352263209168
세트가,연락주세요오늘도,5,4.787491728502046,0.9999999970422927,0.9999999999999997,5,5,2,55.365416880903034,0.9999999999999709,1.2917352263209165,5,5,2,55.365416880903034,0.9999999999999709,1.2917352263209165
세트가,이상의,5,4.787491728502046,0.9999999970422927,0.9999999999999997,5,5,2,55.365416880903034,0.9999999999999709,1.2917352263209165,5,5,2,55.365416880903034,0.9999999999999709,1.2917352263209165
결제후불결제를,갱신중,5,4.787491728502046,0.9999999970422927,0.9999999999999997,5,5,2,55.365416880903034,0.9999999999999709,1.2917352263209165,5,5,2,55.365416880903034,0.9999999999999709,1.2917352263209165
결제후불결제를,기본결제방식은,5,4.787491728502046,0.9999999970422927,0.9999999999999997,5,5,2,55.365416880903034,0.9999999999999709,1.2917352263209165,5,5,2,55.365416880903034,0.9999999999999709,1.2917352263209165
결제후불결제를,첫째,5,4.787491728502046,0.9999999970422927,0.9999999999999997,5,5,2,55.365416880903034,0.9999999999999709,1.2917352263209165,5,5,2,55.365416880903034,0.9999999999999709,1.2917352263209165
결제후불결제를,보온4시간뒤처리샐러드는,5,4.787491728502046,0.9999999970422927,0.9999999999999997,5,5,2,55.365416880903034,0.9999999999999709,1.2917352263209165,5,5,2,55.36541688090304,0.9999999999999709,1.2917352263209168
결제후불결제를,아닙니다각각,5,4.787491728502046,0.9999999970422927,0.9999999999999997,5,5,2,55.365416880903034,0.9999999999999709,1.2917352263209165,5,5,2,55.36541688090304,0.9999999999999709,1.2917352263209168
결제후불결제를,서비스3명,5,4.787491728502046,0.9999999970422927,0.9999999999999997,5,5,2,55.365416880903034,0.9999999999999709,1.2917352263209165,5,5,2,55.365416880903034,0.9999999999999709,1.2917352263209165
이상의,배송탁월한,5,4.787491728502046,0.9999999970422927,0.9999999999999997,5,5,2,55.365416880903034,0.9999999999999709,1.2917352263209165,5,5,2,55.36541688090304,0.9999999999999709,1.2917352263209168
이상의,진행도시락,5,4.787491728502046,0.9999999970422927,0.9999999999999997,5,5,2,55.365416880903034,0.9999999999999709,1.2917352263209165,5,5,2,55.36541688090304,0.9999999999999709,1.2917352263209168
이상의,연락주세요오늘도,5,4.787491728502046,0.9999999970422927,0.9999999999999997,5,5,2,55.365416880903034,0.9999999999999709,1.2917352263209165,5,5,2,55.365416880903034,0.9999999999999709,1.2917352263209165
세트가,갱신중,5,4.787491728502046,0.9999999970422927,0.9999999999999997,5,5,2,55.365416880903034,0.9999999999999709,1.2917352263209165,5,5,2,55.365416880903034,0.9999999999999709,1.2917352263209165
세트가,기본결제방식은,5,4.787491728502046,0.9999999970422927,0.9999999999999997,5,5,2,55.365416880903034,0.9999999999999709,1.2917352263209165,5,5,2,55.365416880903034,0.9999999999999709,1.2917352263209165
세트가,첫째,5,4.787491728502046,0.9999999970422927,0.9999999999999997,5,5,2,55.365416880903034,0.9999999999999709,1.2917352263209165,5,5,2,55.365416880903034,0.9999999999999709,1.2917352263209165
세트가,보온4시간뒤처리샐러드는,5,4.787491728502046,0.9999999970422927,0.9999999999999997,5,5,2,55.365416880903034,0.9999999999999709,1.2917352263209165,5,5,2,55.36541688090304,0.9999999999999709,1.2917352263209168
세트가,아닙니다각각,5,4.787491728502046,0.9999999970422927,0.9999999999999997,5,5,2,55.365416880903034,0.9999999999999709,1.2917352263209165,5,5,2,55.36541688090304,0.9999999999999709,1.2917352263209168
세트가,서비스3명,5,4.787491728502046,0.9999999970422927,0.9999999999999997,5,5,2,55.365416880903034,0.9999999999999709,1.2917352263209165,5,5,2,55.365416880903034,0.9999999999999709,1.2917352263209165
세트가,가능합니다샐러드는,5,4.787491728502046,0.9999999970422927,0.9999999999999997,5,5,2,55.365416880903034,0.9999999999999709,1.2917352263209165,5,5,2,55.365416880903034,0.9999999999999709,1.2917352263209165
세트가,금요일에,5,4.787491728502046,0.9999999970422927,0.9999999999999997,5,5,2,55.365416880903034,0.9999999999999709,1.2917352263209165,5,5,2,55.365416880903034,0.9999999999999709,1.2917352263209165
세트가,질문이나,5,4.787491728502046,0.9999999970422927,0.9999999999999997,5,5,2,55.365416880903034,0.9999999999999709,1.2917352263209165,5,5,2,55.365416880903034,0.9999999999999709,1.2917352263209165
세트가,전용,5,4.787491728502046,0.9999999970422927,0.9999999999999997,5,5,2,55.365416880903034,0.9999999999999709,1.2917352263209165,5,5,2,55.36541688090304,0.9999999999999709,1.2917352263209168
세트가,다른메뉴기다림,5,4.787491728502046,0.9999999970422927,0.9999999999999997,5,5,2,55.365416880903034,0.9999999999999709,1.2917352263209165,5,5,2,55.36541688090304,0.9999999999999709,1.2917352263209168
세트가,7001700매일,5,4.787491728502046,0.9999999970422927,0.9999999999999997,5,5,2,55.365416880903034,0.9999999999999709,1.2917352263209165,5,5,2,55.36541688090304,0.9999999999999709,1.2917352263209168
세트가,도시락샐러드,5,4.787491728502046,0.9999999970422927,0.9999999999999997,5,5,2,55.365416880903034,0.9999999999999709,1.2917352263209165,5,5,2,55.36541688090304,0.9999999999999709,1.2917352263209168
이상의,보온4시간뒤처리샐러드는,5,4.787491728502046,0.9999999970422927,0.9999999999999997,5,5,2,55.365416880903034,0.9999999999999709,1.2917352263209165,5,5,2,55.36541688090304,0.9999999999999709,1.2917352263209168
이상의,아닙니다각각,5,4.787491728502046,0.9999999970422927,0.9999999999999997,5,5,2,55.365416880903034,0.9999999999999709,1.2917352263209165,5,5,2,55.36541688090304,0.9999999999999709,1.2917352263209168
이상의,서비스3명,5,4.787491728502046,0.9999999970422927,0.9999999999999997,5,5,2,55.365416880903034,0.9999999999999709,1.2917352263209165,5,5,2,55.365416880903034,0.9999999999999709,1.2917352263209165
이상의,가능합니다샐러드는,5,4.787491728502046,0.9999999970422927,0.9999999999999997,5,5,2,55.365416880903034,0.9999999999999709,1.2917352263209165,5,5,2,55.365416880903034,0.9999999999999709,1.2917352263209165
이상의,금요일에,5,4.787491728502046,0.9999999970422927,0.9999999999999997,5,5,2,55.365416880903034,0.9999999999999709,1.2917352263209165,5,5,2,55.365416880903034,0.9999999999999709,1.2917352263209165
이상의,질문이나,5,4.787491728502046,0.9999999970422927,0.9999999999999997,5,5,2,55.365416880903034,0.9999999999999709,1.2917352263209165,5,5,2,55.365416880903034,0.9999999999999709,1.2917352263209165
이상의,전용,5,4.787491728502046,0.9999999970422927,0.9999999999999997,5,5,2,55.365416880903034,0.9999999999999709,1.2917352263209165,5,5,2,55.36541688090304,0.9999999999999709,1.2917352263209168
이상의,다른메뉴기다림,5,4.787491728502046,0.9999999970422927,0.9999999999999997,5,5,2,55.365416880903034,0.9999999999999709,1.2917352263209165,5,5,2,55.36541688090304,0.9999999999999709,1.2917352263209168
이상의,7001700매일,5,4.787491728502046,0.9999999970422927,0.9999999999999997,5,5,2,55.365416880903034,0.9999999999999709,1.2917352263209165,5,5,2,55.36541688090304,0.9999999999999709,1.2917352263209168
이상의,도시락샐러드,5,4.787491728502046,0.9999999970422927,0.9999999999999997,5,5,2,55.365416880903034,0.9999999999999709,1.2917352263209165,5,5,2,55.36541688090304,0.9999999999999709,1.2917352263209168
이상의,보내십시오맛스타,5,4.787491728502046,0.9999999970422927,0.9999999999999997,5,5,2,55.365416880903034,0.9999999999999709,1.2917352263209165,5,5,2,55.365416880903034,0.9999999999999709,1.2917352263209165
이상의,이유매일,5,4.787491728502046,0.9999999970422927,0.9999999999999997,5,5,2,55.365416880903034,0.9999999999999709,1.2917352263209165,5,5,2,55.365416880903034,0.9999999999999709,1.2917352263209165
이상의,설명서기업,5,4.787491728502046,0.9999999970422927,0.9999999999999997,5,5,2,55.365416880903034,0.9999999999999709,1.2917352263209165,5,5,2,55.365416880903034,0.9999999999999709,1.2917352263209165
이상의,전문업체,5,4.787491728502046,0.9999999970422927,0.9999999999999997,5,5,2,55.365416880903034,0.9999999999999709,1.2917352263209165,5,5,2,55.365416880903034,0.9999999999999709,1.2917352263209165
이상의,선택하는,5,4.787491728502046,0.9999999970422927,0.9999999999999997,5,5,2,55.365416880903034,0.9999999999999709,1.2917352263209165,5,5,2,55.36541688090304,0.9999999999999709,1.2917352263209168
이상의,결제를,5,4.787491728502046,0.9999999970422927,0.9999999999999997,5,5,2,55.365416880903034,0.9999999999999709,1.2917352263209165,5,5,2,55.36541688090304,0.9999999999999709,1.2917352263209168
연락주세요오늘도,질문이나,5,4.787491728502046,0.9999999970422927,0.9999999999999997,5,5,2,55.365416880903034,0.9999999999999709,1.2917352263209165,5,5,2,55.365416880903034,0.9999999999999709,1.2917352263209165
연락주세요오늘도,전용,5,4.787491728502046,0.9999999970422927,0.9999999999999997,5,5,2,55.365416880903034,0.9999999999999709,1.2917352263209165,5,5,2,55.36541688090304,0.9999999999999709,1.2917352263209168
연락주세요오늘도,다른메뉴기다림,5,4.787491728502046,0.9999999970422927,0.9999999999999997,5,5,2,55.365416880903034,0.9999999999999709,1.2917352263209165,5,5,2,55.36541688090304,0.9999999999999709,1.2917352263209168
연락주세요오늘도,7001700매일,5,4.787491728502046,0.9999999970422927,0.9999999999999997,5,5,2,55.365416880903034,0.9999999999999709,1.2917352263209165,5,5,2,55.36541688090304,0.9999999999999709,1.2917352263209168
연락주세요오늘도,도시락샐러드,5,4.787491728502046,0.9999999970422927,0.9999999999999997,5,5,2,55.365416880903034,0.9999999999999709,1.2917352263209165,5,5,2,55.36541688090304,0.9999999999999709,1.2917352263209168
연락주세요오늘도,보내십시오맛스타,5,4.787491728502046,0.9999999970422927,0.9999999999999997,5,5,2,55.365416880903034,0.9999999999999709,1.2917352263209165,5,5,2,55.365416880903034,0.9999999999999709,1.2917352263209165
연락주세요오늘도,이유매일,5,4.787491728502046,0.9999999970422927,0.9999999999999997,5,5,2,55.365416880903034,0.9999999999999709,1.2917352263209165,5,5,2,55.365416880903034,0.9999999999999709,1.2917352263209165
연락주세요오늘도,설명서기업,5,4.787491728502046,0.9999999970422927,0.9999999999999997,5,5,2,55.365416880903034,0.9999999999999709,1.2917352263209165,5,5,2,55.365416880903034,0.9999999999999709,1.2917352263209165
연락주세요오늘도,전문업체,5,4.787491728502046,0.9999999970422927,0.9999999999999997,5,5,2,55.365416880903034,0.9999999999999709,1.2917352263209165,5,5,2,55.365416880903034,0.9999999999999709,1.2917352263209165
연락주세요오늘도,선택하는,5,4.787491728502046,0.9999999970422927,0.9999999999999997,5,5,2,55.365416880903034,0.9999999999999709,1.2917352263209165,5,5,2,55.36541688090304,0.9999999999999709,1.2917352263209168
연락주세요오늘도,결제를,5,4.787491728502046,0.9999999970422927,0.9999999999999997,5,5,2,55.365416880903034,0.9999999999999709,1.2917352263209165,5,5,2,55.36541688090304,0.9999999999999709,1.2917352263209168
연락주세요오늘도,배송탁월한,5,4.787491728502046,0.9999999970422927,0.9999999999999997,5,5,2,55.365416880903034,0.9999999999999709,1.2917352263209165,5,5,2,55.36541688090304,0.9999999999999709,1.2917352263209168
연락주세요오늘도,진행도시락,5,4.787491728502046,0.9999999970422927,0.9999999999999997,5,5,2,55.365416880903034,0.9999999999999709,1.2917352263209165,5,5,2,55.36541688090304,0.9999999999999709,1.2917352263209168
이상의,갱신중,5,4.787491728502046,0.9999999970422927,0.9999999999999997,5,5,2,55.365416880903034,0.9999999999999709,1.2917352263209165,5,5,2,55.365416880903034,0.9999999999999709,1.2917352263209165
이상의,기본결제방식은,5,4.787491728502046,0.9999999970422927,0.9999999999999997,5,5,2,55.365416880903034,0.9999999999999709,1.2917352263209165,5,5,2,55.365416880903034,0.9999999999999709,1.2917352263209165
이상의,첫째,5,4.787491728502046,0.9999999970422927,0.9999999999999997,5,5,2,55.365416880903034,0.9999999999999709,1.2917352263209165,5,5,2,55.365416880903034,0.9999999999999709,1.2917352263209165
진행도시락,도시락샐러드,5,4.787491728502046,0.9999999970422927,0.9999999999999997,5,5,2,55.36541688090304,0.9999999999999709,1.2917352263209168,5,5,2,55.36541688090304,0.9999999999999709,1.2917352263209168
진행도시락,보내십시오맛스타,5,4.787491728502046,0.9999999970422927,0.9999999999999997,5,5,2,55.36541688090304,0.9999999999999709,1.2917352263209168,5,5,2,55.365416880903034,0.9999999999999709,1.2917352263209165
진행도시락,이유매일,5,4.787491728502046,0.9999999970422927,0.9999999999999997,5,5,2,55.36541688090304,0.9999999999999709,1.2917352263209168,5,5,2,55.365416880903034,0.9999999999999709,1.2917352263209165
진행도시락,설명서기업,5,4.787491728502046,0.9999999970422927,0.9999999999999997,5,5,2,55.36541688090304,0.9999999999999709,1.2917352263209168,5,5,2,55.365416880903034,0.9999999999999709,1.2917352263209165
진행도시락,전문업체,5,4.787491728502046,0.9999999970422927,0.9999999999999997,5,5,2,55.36541688090304,0.9999999999999709,1.2917352263209168,5,5,2,55.365416880903034,0.9999999999999709,1.2917352263209165
진행도시락,선택하는,5,4.787491728502046,0.9999999970422927,0.9999999999999997,5,5,2,55.36541688090304,0.9999999999999709,1.2917352263209168,5,5,2,55.36541688090304,0.9999999999999709,1.2917352263209168
진행도시락,결제를,5,4.787491728502046,0.9999999970422927,0.9999999999999997,5,5,2,55.36541688090304,0.9999999999999709,1.2917352263209168,5,5,2,55.36541688090304,0.9999999999999709,1.2917352263209168
진행도시락,배송탁월한,5,4.787491728502046,0.9999999970422927,0.9999999999999997,5,5,2,55.36541688090304,0.9999999999999709,1.2917352263209168,5,5,2,55.36541688090304,0.9999999999999709,1.2917352263209168
연락주세요오늘도,갱신중,5,4.787491728502046,0.9999999970422927,0.9999999999999997,5,5,2,55.365416880903034,0.9999999999999709,1.2917352263209165,5,5,2,55.365416880903034,0.9999999999999709,1.2917352263209165
연락주세요오늘도,기본결제방식은,5,4.787491728502046,0.9999999970422927,0.9999999999999997,5,5,2,55.365416880903034,0.9999999999999709,1.2917352263209165,5,5,2,55.365416880903034,0.9999999999999709,1.2917352263209165
연락주세요오늘도,첫째,5,4.787491728502046,0.9999999970422927,0.9999999999999997,5,5,2,55.365416880903034,0.9999999999999709,1.2917352263209165,5,5,2,55.365416880903034,0.9999999999999709,1.2917352263209165
연락주세요오늘도,보온4시간뒤처리샐러드는,5,4.787491728502046,0.9999999970422927,0.9999999999999997,5,5,2,55.365416880903034,0.9999999999999709,1.2917352263209165,5,5,2,55.36541688090304,0.9999999999999709,1.2917352263209168
연락주세요오늘도,아닙니다각각,5,4.787491728502046,0.9999999970422927,0.9999999999999997,5,5,2,55.365416880903034,0.9999999999999709,1.2917352263209165,5,5,2,55.36541688090304,0.9999999999999709,1.2917352263209168
연락주세요오늘도,서비스3명,5,4.787491728502046,0.9999999970422927,0.9999999999999997,5,5,2,55.365416880903034,0.9999999999999709,1.2917352263209165,5,5,2,55.365416880903034,0.9999999999999709,1.2917352263209165
연락주세요오늘도,가능합니다샐러드는,5,4.787491728502046,0.9999999970422927,0.9999999999999997,5,5,2,55.365416880903034,0.9999999999999709,1.2917352263209165,5,5,2,55.365416880903034,0.9999999999999709,1.2917352263209165
연락주세요오늘도,금요일에,5,4.787491728502046,0.9999999970422927,0.9999999999999997,5,5,2,55.365416880903034,0.9999999999999709,1.2917352263209165,5,5,2,55.365416880903034,0.9999999999999709,1.2917352263209165
배송탁월한,설명서기업,5,4.787491728502046,0.9999999970422927,0.9999999999999997,5,5,2,55.36541688090304,0.9999999999999709,1.2917352263209168,5,5,2,55.365416880903034,0.9999999999999709,1.2917352263209165
배송탁월한,전문업체,5,4.787491728502046,0.9999999970422927,0.9999999999999997,5,5,2,55.36541688090304,0.9999999999999709,1.2917352263209168,5,5,2,55.365416880903034,0.9999999999999709,1.2917352263209165
배송탁월한,선택하는,5,4.787491728502046,0.9999999970422927,0.9999999999999997,5,5,2,55.36541688090304,0.9999999999999709,1.2917352263209168,5,5,2,55.36541688090304,0.9999999999999709,1.2917352263209168
배송탁월한,결제를,5,4.787491728502046,0.9999999970422927,0.9999999999999997,5,5,2,55.36541688090304,0.9999999999999709,1.2917352263209168,5,5,2,55.36541688090304,0.9999999999999709,1.2917352263209168
진행도시락,갱신중,5,4.787491728502046,0.9999999970422927,0.9999999999999997,5,5,2,55.36541688090304,0.9999999999999709,1.2917352263209168,5,5,2,55.365416880903034,0.9999999999999709,1.2917352263209165
진행도시락,기본결제방식은,5,4.787491728502046,0.9999999970422927,0.9999999999999997,5,5,2,55.36541688090304,0.9999999999999709,1.2917352263209168,5,5,2,55.365416880903034,0.9999999999999709,1.2917352263209165
진행도시락,첫째,5,4.787491728502046,0.9999999970422927,0.9999999999999997,5,5,2,55.36541688090304,0.9999999999999709,1.2917352263209168,5,5,2,55.365416880903034,0.9999999999999709,1.2917352263209165
진행도시락,보온4시간뒤처리샐러드는,5,4.787491728502046,0.9999999970422927,0.9999999999999997,5,5,2,55.36541688090304,0.9999999999999709,1.2917352263209168,5,5,2,55.36541688090304,0.9999999999999709,1.2917352263209168
진행도시락,아닙니다각각,5,4.787491728502046,0.9999999970422927,0.9999999999999997,5,5,2,55.36541688090304,0.9999999999999709,1.2917352263209168,5,5,2,55.36541688090304,0.9999999999999709,1.2917352263209168
진행도시락,서비스3명,5,4.787491728502046,0.9999999970422927,0.9999999999999997,5,5,2,55.36541688090304,0.9999999999999709,1.2917352263209168,5,5,2,55.365416880903034,0.9999999999999709,1.2917352263209165
진행도시락,가능합니다샐러드는,5,4.787491728502046,0.9999999970422927,0.9999999999999997,5,5,2,55.36541688090304,0.9999999999999709,1.2917352263209168,5,5,2,55.365416880903034,0.9999999999999709,1.2917352263209165
진행도시락,금요일에,5,4.787491728502046,0.9999999970422927,0.9999999999999997,5,5,2,55.36541688090304,0.9999999999999709,1.2917352263209168,5,5,2,55.365416880903034,0.9999999999999709,1.2917352263209165
진행도시락,질문이나,5,4.787491728502046,0.9999999970422927,0.9999999999999997,5,5,2,55.36541688090304,0.9999999999999709,1.2917352263209168,5,5,2,55.365416880903034,0.9999999999999709,1.2917352263209165
진행도시락,전용,5,4.787491728502046,0.9999999970422927,0.9999999999999997,5,5,2,55.36541688090304,0.9999999999999709,1.2917352263209168,5,5,2,55.36541688090304,0.9999999999999709,1.2917352263209168
진행도시락,다른메뉴기다림,5,4.787491728502046,0.9999999970422927,0.9999999999999997,5,5,2,55.36541688090304,0.9999999999999709,1.2917352263209168,5,5,2,55.36541688090304,0.9999999999999709,1.2917352263209168
진행도시락,7001700매일,5,4.787491728502046,0.9999999970422927,0.9999999999999997,5,5,2,55.36541688090304,0.9999999999999709,1.2917352263209168,5,5,2,55.36541688090304,0.9999999999999709,1.2917352263209168
결제를,선택하는,5,4.787491728502046,0.9999999970422927,0.9999999999999997,5,5,2,55.36541688090304,0.9999999999999709,1.2917352263209168,5,5,2,55.36541688090304,0.9999999999999709,1.2917352263209168
배송탁월한,갱신중,5,4.787491728502046,0.9999999970422927,0.9999999999999997,5,5,2,55.36541688090304,0.9999999999999709,1.2917352263209168,5,5,2,55.365416880903034,0.9999999999999709,1.2917352263209165
배송탁월한,기본결제방식은,5,4.787491728502046,0.9999999970422927,0.9999999999999997,5,5,2,55.36541688090304,0.9999999999999709,1.2917352263209168,5,5,2,55.365416880903034,0.9999999999999709,1.2917352263209165
배송탁월한,첫째,5,4.787491728502046,0.9999999970422927,0.9999999999999997,5,5,2,55.36541688090304,0.9999999999999709,1.2917352263209168,5,5,2,55.365416880903034,0.9999999999999709,1.2917352263209165
배송탁월한,보온4시간뒤처리샐러드는,5,4.787491728502046,0.9999999970422927,0.9999999999999997,5,5,2,55.36541688090304,0.9999999999999709,1.2917352263209168,5,5,2,55.36541688090304,0.9999999999999709,1.2917352263209168
배송탁월한,아닙니다각각,5,4.787491728502046,0.9999999970422927,0.9999999999999997,5,5,2,55.36541688090304,0.9999999999999709,1.2917352263209168,5,5,2,55.36541688090304,0.9999999999999709,1.2917352263209168
배송탁월한,서비스3명,5,4.787491728502046,0.9999999970422927,0.9999999999999997,5,5,2,55.36541688090304,0.9999999999999709,1.2917352263209168,5,5,2,55.365416880903034,0.9999999999999709,1.2917352263209165
배송탁월한,가능합니다샐러드는,5,4.787491728502046,0.9999999970422927,0.9999999999999997,5,5,2,55.36541688090304,0.9999999999999709,1.2917352263209168,5,5,2,55.365416880903034,0.9999999999999709,1.2917352263209165
배송탁월한,금요일에,5,4.787491728502046,0.9999999970422927,0.9999999999999997,5,5,2,55.36541688090304,0.9999999999999709,1.2917352263209168,5,5,2,55.365416880903034,0.9999999999999709,1.2917352263209165
배송탁월한,질문이나,5,4.787491728502046,0.9999999970422927,0.9999999999999997,5,5,2,55.36541688090304,0.9999999999999709,1.2917352263209168,5,5,2,55.365416880903034,0.9999999999999709,1.2917352263209165
배송탁월한,전용,5,4.787491728502046,0.9999999970422927,0.9999999999999997,5,5,2,55.36541688090304,0.9999999999999709,1.2917352263209168,5,5,2,55.36541688090304,0.9999999999999709,1.2917352263209168
배송탁월한,다른메뉴기다림,5,4.787491728502046,0.9999999970422927,0.9999999999999997,5,5,2,55.36541688090304,0.9999999999999709,1.2917352263209168,5,5,2,55.36541688090304,0.9999999999999709,1.2917352263209168
배송탁월한,7001700매일,5,4.787491728502046,0.9999999970422927,0.9999999999999997,5,5,2,55.36541688090304,0.9999999999999709,1.2917352263209168,5,5,2,55.36541688090304,0.9999999999999709,1.2917352263209168
배송탁월한,도시락샐러드,5,4.787491728502046,0.9999999970422927,0.9999999999999997,5,5,2,55.36541688090304,0.9999999999999709,1.2917352263209168,5,5,2,55.36541688090304,0.9999999999999709,1.2917352263209168
배송탁월한,보내십시오맛스타,5,4.787491728502046,0.9999999970422927,0.9999999999999997,5,5,2,55.36541688090304,0.9999999999999709,1.2917352263209168,5,5,2,55.365416880903034,0.9999999999999709,1.2917352263209165
배송탁월한,이유매일,5,4.787491728502046,0.9999999970422927,0.9999999999999997,5,5,2,55.36541688090304,0.9999999999999709,1.2917352263209168,5,5,2,55.365416880903034,0.9999999999999709,1.2917352263209165
결제를,기본결제방식은,5,4.787491728502046,0.9999999970422927,0.9999999999999997,5,5,2,55.36541688090304,0.9999999999999709,1.2917352263209168,5,5,2,55.365416880903034,0.9999999999999709,1.2917352263209165
결제를,첫째,5,4.787491728502046,0.9999999970422927,0.9999999999999997,5,5,2,55.36541688090304,0.9999999999999709,1.2917352263209168,5,5,2,55.365416880903034,0.9999999999999709,1.2917352263209165
결제를,보온4시간뒤처리샐러드는,5,4.787491728502046,0.9999999970422927,0.9999999999999997,5,5,2,55.36541688090304,0.9999999999999709,1.2917352263209168,5,5,2,55.36541688090304,0.9999999999999709,1.2917352263209168
결제를,아닙니다각각,5,4.787491728502046,0.9999999970422927,0.9999999999999997,5,5,2,55.36541688090304,0.9999999999999709,1.2917352263209168,5,5,2,55.36541688090304,0.9999999999999709,1.2917352263209168
결제를,서비스3명,5,4.787491728502046,0.9999999970422927,0.9999999999999997,5,5,2,55.36541688090304,0.9999999999999709,1.2917352263209168,5,5,2,55.365416880903034,0.9999999999999709,1.2917352263209165
결제를,가능합니다샐러드는,5,4.787491728502046,0.9999999970422927,0.9999999999999997,5,5,2,55.36541688090304,0.9999999999999709,1.2917352263209168,5,5,2,55.365416880903034,0.9999999999999709,1.2917352263209165
결제를,금요일에,5,4.787491728502046,0.9999999970422927,0.9999999999999997,5,5,2,55.36541688090304,0.9999999999999709,1.2917352263209168,5,5,2,55.365416880903034,0.9999999999999709,1.2917352263209165
결제를,질문이나,5,4.787491728502046,0.9999999970422927,0.9999999999999997,5,5,2,55.36541688090304,0.9999999999999709,1.2917352263209168,5,5,2,55.365416880903034,0.9999999999999709,1.2917352263209165
결제를,전용,5,4.787491728502046,0.9999999970422927,0.9999999999999997,5,5,2,55.36541688090304,0.9999999999999709,1.2917352263209168,5,5,2,55.36541688090304,0.9999999999999709,1.2917352263209168
결제를,다른메뉴기다림,5,4.787491728502046,0.9999999970422927,0.9999999999999997,5,5,2,55.36541688090304,0.9999999999999709,1.2917352263209168,5,5,2,55.36541688090304,0.9999999999999709,1.2917352263209168
결제를,7001700매일,5,4.787491728502046,0.9999999970422927,0.9999999999999997,5,5,2,55.36541688090304,0.9999999999999709,1.2917352263209168,5,5,2,55.36541688090304,0.9999999999999709,1.2917352263209168
결제를,도시락샐러드,5,4.787491728502046,0.9999999970422927,0.9999999999999997,5,5,2,55.36541688090304,0.9999999999999709,1.2917352263209168,5,5,2,55.36541688090304,0.9999999999999709,1.2917352263209168
결제를,보내십시오맛스타,5,4.787491728502046,0.9999999970422927,0.9999999999999997,5,5,2,55.36541688090304,0.9999999999999709,1.2917352263209168,5,5,2,55.365416880903034,0.9999999999999709,1.2917352263209165
결제를,이유매일,5,4.787491728502046,0.9999999970422927,0.9999999999999997,5,5,2,55.36541688090304,0.9999999999999709,1.2917352263209168,5,5,2,55.365416880903034,0.9999999999999709,1.2917352263209165
결제를,설명서기업,5,4.787491728502046,0.9999999970422927,0.9999999999999997,5,5,2,55.36541688090304,0.9999999999999709,1.2917352263209168,5,5,2,55.365416880903034,0.9999999999999709,1.2917352263209165
결제를,전문업체,5,4.787491728502046,0.9999999970422927,0.9999999999999997,5,5,2,55.36541688090304,0.9999999999999709,1.2917352263209168,5,5,2,55.365416880903034,0.9999999999999709,1.2917352263209165
선택하는,첫째,5,4.787491728502046,0.9999999970422927,0.9999999999999997,5,5,2,55.36541688090304,0.9999999999999709,1.2917352263209168,5,5,2,55.365416880903034,0.9999999999999709,1.2917352263209165
선택하는,보온4시간뒤처리샐러드는,5,4.787491728502046,0.9999999970422927,0.9999999999999997,5,5,2,55.36541688090304,0.9999999999999709,1.2917352263209168,5,5,2,55.36541688090304,0.9999999999999709,1.2917352263209168
선택하는,아닙니다각각,5,4.787491728502046,0.9999999970422927,0.9999999999999997,5,5,2,55.36541688090304,0.9999999999999709,1.2917352263209168,5,5,2,55.36541688090304,0.9999999999999709,1.2917352263209168
선택하는,서비스3명,5,4.787491728502046,0.9999999970422927,0.9999999999999997,5,5,2,55.36541688090304,0.9999999999999709,1.2917352263209168,5,5,2,55.365416880903034,0.9999999999999709,1.2917352263209165
선택하는,가능합니다샐러드는,5,4.787491728502046,0.9999999970422927,0.9999999999999997,5,5,2,55.36541688090304,0.9999999999999709,1.2917352263209168,5,5,2,55.365416880903034,0.9999999999999709,1.2917352263209165
선택하는,금요일에,5,4.787491728502046,0.9999999970422927,0.9999999999999997,5,5,2,55.36541688090304,0.9999999999999709,1.2917352263209168,5,5,2,55.365416880903034,0.9999999999999709,1.2917352263209165
선택하는,질문이나,5,4.787491728502046,0.9999999970422927,0.9999999999999997,5,5,2,55.36541688090304,0.9999999999999709,1.2917352263209168,5,5,2,55.365416880903034,0.9999999999999709,1.2917352263209165
선택하는,전용,5,4.787491728502046,0.9999999970422927,0.9999999999999997,5,5,2,55.36541688090304,0.9999999999999709,1.2917352263209168,5,5,2,55.36541688090304,0.9999999999999709,1.2917352263209168
선택하는,다른메뉴기다림,5,4.787491728502046,0.9999999970422927,0.9999999999999997,5,5,2,55.36541688090304,0.9999999999999709,1.2917352263209168,5,5,2,55.36541688090304,0.9999999999999709,1.2917352263209168
선택하는,7001700매일,5,4.787491728502046,0.9999999970422927,0.9999999999999997,5,5,2,55.36541688090304,0.9999999999999709,1.2917352263209168,5,5,2,55.36541688090304,0.9999999999999709,1.2917352263209168
선택하는,도시락샐러드,5,4.787491728502046,0.9999999970422927,0.9999999999999997,5,5,2,55.36541688090304,0.9999999999999709,1.2917352263209168,5,5,2,55.36541688090304,0.9999999999999709,1.2917352263209168
선택하는,보내십시오맛스타,5,4.787491728502046,0.9999999970422927,0.9999999999999997,5,5,2,55.36541688090304,0.9999999999999709,1.2917352263209168,5,5,2,55.365416880903034,0.9999999999999709,1.2917352263209165
선택하는,이유매일,5,4.787491728502046,0.9999999970422927,0.9999999999999997,5,5,2,55.36541688090304,0.9999999999999709,1.2917352263209168,5,5,2,55.365416880903034,0.9999999999999709,1.2917352263209165
선택하는,설명서기업,5,4.787491728502046,0.9999999970422927,0.9999999999999997,5,5,2,55.36541688090304,0.9999999999999709,1.2917352263209168,5,5,2,55.365416880903034,0.9999999999999709,1.2917352263209165
선택하는,전문업체,5,4.787491728502046,0.9999999970422927,0.9999999999999997,5,5,2,55.36541688090304,0.9999999999999709,1.2917352263209168,5,5,2,55.365416880903034,0.9999999999999709,1.2917352263209165
결제를,갱신중,5,4.787491728502046,0.9999999970422927,0.9999999999999997,5,5,2,55.36541688090304,0.9999999999999709,1.2917352263209168,5,5,2,55.365416880903034,0.9999999999999709,1.2917352263209165
전문업체,첫째,5,4.787491728502046,0.9999999970422927,0.9999999999999997,5,5,2,55.365416880903034,0.9999999999999709,1.2917352263209165,5,5,2,55.365416880903034,0.9999999999999709,1.2917352263209165
전문업체,보온4시간뒤처리샐러드는,5,4.787491728502046,0.9999999970422927,0.9999999999999997,5,5,2,55.365416880903034,0.9999999999999709,1.2917352263209165,5,5,2,55.36541688090304,0.9999999999999709,1.2917352263209168
전문업체,아닙니다각각,5,4.787491728502046,0.9999999970422927,0.9999999999999997,5,5,2,55.365416880903034,0.9999999999999709,1.2917352263209165,5,5,2,55.36541688090304,0.9999999999999709,1.2917352263209168
전문업체,서비스3명,5,4.787491728502046,0.9999999970422927,0.9999999999999997,5,5,2,55.365416880903034,0.9999999999999709,1.2917352263209165,5,5,2,55.365416880903034,0.9999999999999709,1.2917352263209165
전문업체,가능합니다샐러드는,5,4.787491728502046,0.9999999970422927,0.9999999999999997,5,5,2,55.365416880903034,0.9999999999999709,1.2917352263209165,5,5,2,55.365416880903034,0.9999999999999709,1.2917352263209165
전문업체,금요일에,5,4.787491728502046,0.9999999970422927,0.9999999999999997,5,5,2,55.365416880903034,0.9999999999999709,1.2917352263209165,5,5,2,55.365416880903034,0.9999999999999709,1.2917352263209165
전문업체,질문이나,5,4.787491728502046,0.9999999970422927,0.9999999999999997,5,5,2,55.365416880903034,0.9999999999999709,1.2917352263209165,5,5,2,55.365416880903034,0.9999999999999709,1.2917352263209165
전문업체,전용,5,4.787491728502046,0.9999999970422927,0.9999999999999997,5,5,2,55.365416880903034,0.9999999999999709,1.2917352263209165,5,5,2,55.36541688090304,0.9999999999999709,1.2917352263209168
전문업체,다른메뉴기다림,5,4.787491728502046,0.9999999970422927,0.9999999999999997,5,5,2,55.365416880903034,0.9999999999999709,1.2917352263209165,5,5,2,55.36541688090304,0.9999999999999709,1.2917352263209168
전문업체,7001700매일,5,4.787491728502046,0.9999999970422927,0.9999999999999997,5,5,2,55.365416880903034,0.9999999999999709,1.2917352263209165,5,5,2,55.36541688090304,0.9999999999999709,1.2917352263209168
전문업체,도시락샐러드,5,4.787491728502046,0.9999999970422927,0.9999999999999997,5,5,2,55.365416880903034,0.9999999999999709,1.2917352263209165,5,5,2,55.36541688090304,0.9999999999999709,1.2917352263209168
전문업체,보내십시오맛스타,5,4.787491728502046,0.9999999970422927,0.9999999999999997,5,5,2,55.365416880903034,0.9999999999999709,1.2917352263209165,5,5,2,55.365416880903034,0.9999999999999709,1.2917352263209165
전문업체,이유매일,5,4.787491728502046,0.9999999970422927,0.9999999999999997,5,5,2,55.365416880903034,0.9999999999999709,1.2917352263209165,5,5,2,55.365416880903034,0.9999999999999709,1.2917352263209165
전문업체,설명서기업,5,4.787491728502046,0.9999999970422927,0.9999999999999997,5,5,2,55.365416880903034,0.9999999999999709,1.2917352263209165,5,5,2,55.365416880903034,0.9999999999999709,1.2917352263209165
선택하는,갱신중,5,4.787491728502046,0.9999999970422927,0.9999999999999997,5,5,2,55.36541688090304,0.9999999999999709,1.2917352263209168,5,5,2,55.365416880903034,0.9999999999999709,1.2917352263209165
선택하는,기본결제방식은,5,4.787491728502046,0.9999999970422927,0.9999999999999997,5,5,2,55.36541688090304,0.9999999999999709,1.2917352263209168,5,5,2,55.365416880903034,0.9999999999999709,1.2917352263209165
설명서기업,기본결제방식은,5,4.787491728502046,0.9999999970422927,0.9999999999999997,5,5,2,55.365416880903034,0.9999999999999709,1.2917352263209165,5,5,2,55.365416880903034,0.9999999999999709,1.2917352263209165
설명서기업,첫째,5,4.787491728502046,0.9999999970422927,0.9999999999999997,5,5,2,55.365416880903034,0.9999999999999709,1.2917352263209165,5,5,2,55.365416880903034,0.9999999999999709,1.2917352263209165
설명서기업,보온4시간뒤처리샐러드는,5,4.787491728502046,0.9999999970422927,0.9999999999999997,5,5,2,55.365416880903034,0.9999999999999709,1.2917352263209165,5,5,2,55.36541688090304,0.9999999999999709,1.2917352263209168
설명서기업,아닙니다각각,5,4.787491728502046,0.9999999970422927,0.9999999999999997,5,5,2,55.365416880903034,0.9999999999999709,1.2917352263209165,5,5,2,55.36541688090304,0.9999999999999709,1.2917352263209168
설명서기업,서비스3명,5,4.787491728502046,0.9999999970422927,0.9999999999999997,5,5,2,55.365416880903034,0.9999999999999709,1.2917352263209165,5,5,2,55.365416880903034,0.9999999999999709,1.2917352263209165
설명서기업,가능합니다샐러드는,5,4.787491728502046,0.9999999970422927,0.9999999999999997,5,5,2,55.365416880903034,0.9999999999999709,1.2917352263209165,5,5,2,55.365416880903034,0.9999999999999709,1.2917352263209165
설명서기업,금요일에,5,4.787491728502046,0.9999999970422927,0.9999999999999997,5,5,2,55.365416880903034,0.9999999999999709,1.2917352263209165,5,5,2,55.365416880903034,0.9999999999999709,1.2917352263209165
설명서기업,질문이나,5,4.787491728502046,0.9999999970422927,0.9999999999999997,5,5,2,55.365416880903034,0.9999999999999709,1.2917352263209165,5,5,2,55.365416880903034,0.9999999999999709,1.2917352263209165
설명서기업,전용,5,4.787491728502046,0.9999999970422927,0.9999999999999997,5,5,2,55.365416880903034,0.9999999999999709,1.2917352263209165,5,5,2,55.36541688090304,0.9999999999999709,1.2917352263209168
설명서기업,다른메뉴기다림,5,4.787491728502046,0.9999999970422927,0.9999999999999997,5,5,2,55.365416880903034,0.9999999999999709,1.2917352263209165,5,5,2,55.36541688090304,0.9999999999999709,1.2917352263209168
설명서기업,7001700매일,5,4.787491728502046,0.9999999970422927,0.9999999999999997,5,5,2,55.365416880903034,0.9999999999999709,1.2917352263209165,5,5,2,55.36541688090304,0.9999999999999709,1.2917352263209168
설명서기업,도시락샐러드,5,4.787491728502046,0.9999999970422927,0.9999999999999997,5,5,2,55.365416880903034,0.9999999999999709,1.2917352263209165,5,5,2,55.36541688090304,0.9999999999999709,1.2917352263209168
설명서기업,보내십시오맛스타,5,4.787491728502046,0.9999999970422927,0.9999999999999997,5,5,2,55.365416880903034,0.9999999999999709,1.2917352263209165,5,5,2,55.365416880903034,0.9999999999999709,1.2917352263209165
설명서기업,이유매일,5,4.787491728502046,0.9999999970422927,0.9999999999999997,5,5,2,55.365416880903034,0.9999999999999709,1.2917352263209165,5,5,2,55.365416880903034,0.9999999999999709,1.2917352263209165
전문업체,갱신중,5,4.787491728502046,0.9999999970422927,0.9999999999999997,5,5,2,55.365416880903034,0.9999999999999709,1.2917352263209165,5,5,2,55.365416880903034,0.9999999999999709,1.2917352263209165
전문업체,기본결제방식은,5,4.787491728502046,0.9999999970422927,0.9999999999999997,5,5,2,55.365416880903034,0.9999999999999709,1.2917352263209165,5,5,2,55.365416880903034,0.9999999999999709,1.2917352263209165
보내십시오맛스타,도시락샐러드,5,4.787491728502046,0.9999999970422927,0.9999999999999997,5,5,2,55.365416880903034,0.9999999999999709,1.2917352263209165,5,5,2,55.36541688090304,0.9999999999999709,1.2917352263209168
이유매일,갱신중,5,4.787491728502046,0.9999999970422927,0.9999999999999997,5,5,2,55.365416880903034,0.9999999999999709,1.2917352263209165,5,5,2,55.365416880903034,0.9999999999999709,1.2917352263209165
이유매일,기본결제방식은,5,4.787491728502046,0.9999999970422927,0.9999999999999997,5,5,2,55.365416880903034,0.9999999999999709,1.2917352263209165,5,5,2,55.365416880903034,0.9999999999999709,1.2917352263209165
이유매일,첫째,5,4.787491728502046,0.9999999970422927,0.9999999999999997,5,5,2,55.365416880903034,0.9999999999999709,1.2917352263209165,5,5,2,55.365416880903034,0.9999999999999709,1.2917352263209165
이유매일,보온4시간뒤처리샐러드는,5,4.787491728502046,0.9999999970422927,0.9999999999999997,5,5,2,55.365416880903034,0.9999999999999709,1.2917352263209165,5,5,2,55.36541688090304,0.9999999999999709,1.2917352263209168
이유매일,아닙니다각각,5,4.787491728502046,0.9999999970422927,0.9999999999999997,5,5,2,55.365416880903034,0.9999999999999709,1.2917352263209165,5,5,2,55.36541688090304,0.9999999999999709,1.2917352263209168
이유매일,서비스3명,5,4.787491728502046,0.9999999970422927,0.9999999999999997,5,5,2,55.365416880903034,0.9999999999999709,1.2917352263209165,5,5,2,55.365416880903034,0.9999999999999709,1.2917352263209165
이유매일,가능합니다샐러드는,5,4.787491728502046,0.9999999970422927,0.9999999999999997,5,5,2,55.365416880903034,0.9999999999999709,1.2917352263209165,5,5,2,55.365416880903034,0.9999999999999709,1.2917352263209165
이유매일,금요일에,5,4.787491728502046,0.9999999970422927,0.9999999999999997,5,5,2,55.365416880903034,0.9999999999999709,1.2917352263209165,5,5,2,55.365416880903034,0.9999999999999709,1.2917352263209165
이유매일,질문이나,5,4.787491728502046,0.9999999970422927,0.9999999999999997,5,5,2,55.365416880903034,0.9999999999999709,1.2917352263209165,5,5,2,55.365416880903034,0.9999999999999709,1.2917352263209165
이유매일,전용,5,4.787491728502046,0.9999999970422927,0.9999999999999997,5,5,2,55.365416880903034,0.9999999999999709,1.2917352263209165,5,5,2,55.36541688090304,0.9999999999999709,1.2917352263209168
이유매일,다른메뉴기다림,5,4.787491728502046,0.9999999970422927,0.9999999999999997,5,5,2,55.365416880903034,0.9999999999999709,1.2917352263209165,5,5,2,55.36541688090304,0.9999999999999709,1.2917352263209168
이유매일,7001700매일,5,4.787491728502046,0.9999999970422927,0.9999999999999997,5,5,2,55.365416880903034,0.9999999999999709,1.2917352263209165,5,5,2,55.36541688090304,0.9999999999999709,1.2917352263209168
이유매일,도시락샐러드,5,4.787491728502046,0.9999999970422927,0.9999999999999997,5,5,2,55.365416880903034,0.9999999999999709,1.2917352263209165,5,5,2,55.36541688090304,0.9999999999999709,1.2917352263209168
이유매일,보내십시오맛스타,5,4.787491728502046,0.9999999970422927,0.9999999999999997,5,5,2,55.365416880903034,0.9999999999999709,1.2917352263209165,5,5,2,55.365416880903034,0.9999999999999709,1.2917352263209165
설명서기업,갱신중,5,4.787491728502046,0.9999999970422927,0.9999999999999997,5,5,2,55.365416880903034,0.9999999999999709,1.2917352263209165,5,5,2,55.365416880903034,0.9999999999999709,1.2917352263209165
도시락샐러드,질문이나,5,4.787491728502046,0.9999999970422927,0.9999999999999997,5,5,2,55.36541688090304,0.9999999999999709,1.2917352263209168,5,5,2,55.365416880903034,0.9999999999999709,1.2917352263209165
도시락샐러드,전용,5,4.787491728502046,0.9999999970422927,0.9999999999999997,5,5,2,55.36541688090304,0.9999999999999709,1.2917352263209168,5,5,2,55.36541688090304,0.9999999999999709,1.2917352263209168
도시락샐러드,다른메뉴기다림,5,4.787491728502046,0.9999999970422927,0.9999999999999997,5,5,2,55.36541688090304,0.9999999999999709,1.2917352263209168,5,5,2,55.36541688090304,0.9999999999999709,1.2917352263209168
도시락샐러드,7001700매일,5,4.787491728502046,0.9999999970422927,0.9999999999999997,5,5,2,55.36541688090304,0.9999999999999709,1.2917352263209168,5,5,2,55.36541688090304,0.9999999999999709,1.2917352263209168
보내십시오맛스타,갱신중,5,4.787491728502046,0.9999999970422927,0.9999999999999997,5,5,2,55.365416880903034,0.9999999999999709,1.2917352263209165,5,5,2,55.365416880903034,0.9999999999999709,1.2917352263209165
보내십시오맛스타,기본결제방식은,5,4.787491728502046,0.9999999970422927,0.9999999999999997,5,5,2,55.365416880903034,0.9999999999999709,1.2917352263209165,5,5,2,55.365416880903034,0.9999999999999709,1.2917352263209165
보내십시오맛스타,첫째,5,4.787491728502046,0.9999999970422927,0.9999999999999997,5,5,2,55.365416880903034,0.9999999999999709,1.2917352263209165,5,5,2,55.365416880903034,0.9999999999999709,1.2917352263209165
보내십시오맛스타,보온4시간뒤처리샐러드는,5,4.787491728502046,0.9999999970422927,0.9999999999999997,5,5,2,55.365416880903034,0.9999999999999709,1.2917352263209165,5,5,2,55.36541688090304,0.9999999999999709,1.2917352263209168
보내십시오맛스타,아닙니다각각,5,4.787491728502046,0.9999999970422927,0.9999999999999997,5,5,2,55.365416880903034,0.9999999999999709,1.2917352263209165,5,5,2,55.36541688090304,0.9999999999999709,1.2917352263209168
보내십시오맛스타,서비스3명,5,4.787491728502046,0.9999999970422927,0.9999999999999997,5,5,2,55.365416880903034,0.9999999999999709,1.2917352263209165,5,5,2,55.365416880903034,0.9999999999999709,1.2917352263209165
보내십시오맛스타,가능합니다샐러드는,5,4.787491728502046,0.9999999970422927,0.9999999999999997,5,5,2,55.365416880903034,0.9999999999999709,1.2917352263209165,5,5,2,55.365416880903034,0.9999999999999709,1.2917352263209165
보내십시오맛스타,금요일에,5,4.787491728502046,0.9999999970422927,0.9999999999999997,5,5,2,55.365416880903034,0.9999999999999709,1.2917352263209165,5,5,2,55.365416880903034,0.9999999999999709,1.2917352263209165
보내십시오맛스타,질문이나,5,4.787491728502046,0.9999999970422927,0.9999999999999997,5,5,2,55.365416880903034,0.9999999999999709,1.2917352263209165,5,5,2,55.365416880903034,0.9999999999999709,1.2917352263209165
보내십시오맛스타,전용,5,4.787491728502046,0.9999999970422927,0.9999999999999997,5,5,2,55.365416880903034,0.9999999999999709,1.2917352263209165,5,5,2,55.36541688090304,0.9999999999999709,1.2917352263209168
보내십시오맛스타,다른메뉴기다림,5,4.787491728502046,0.9999999970422927,0.9999999999999997,5,5,2,55.365416880903034,0.9999999999999709,1.2917352263209165,5,5,2,55.36541688090304,0.9999999999999709,1.2917352263209168
보내십시오맛스타,7001700매일,5,4.787491728502046,0.9999999970422927,0.9999999999999997,5,5,2,55.365416880903034,0.9999999999999709,1.2917352263209165,5,5,2,55.36541688090304,0.9999999999999709,1.2917352263209168
7001700매일,보온4시간뒤처리샐러드는,5,4.787491728502046,0.9999999970422927,0.9999999999999997,5,5,2,55.36541688090304,0.9999999999999709,1.2917352263209168,5,5,2,55.36541688090304,0.9999999999999709,1.2917352263209168
7001700매일,아닙니다각각,5,4.787491728502046,0.9999999970422927,0.9999999999999997,5,5,2,55.36541688090304,0.9999999999999709,1.2917352263209168,5,5,2,55.36541688090304,0.9999999999999709,1.2917352263209168
7001700매일,서비스3명,5,4.787491728502046,0.9999999970422927,0.9999999999999997,5,5,2,55.36541688090304,0.9999999999999709,1.2917352263209168,5,5,2,55.365416880903034,0.9999999999999709,1.2917352263209165
7001700매일,가능합니다샐러드는,5,4.787491728502046,0.9999999970422927,0.9999999999999997,5,5,2,55.36541688090304,0.9999999999999709,1.2917352263209168,5,5,2,55.365416880903034,0.9999999999999709,1.2917352263209165
7001700매일,금요일에,5,4.787491728502046,0.9999999970422927,0.9999999999999997,5,5,2,55.36541688090304,0.9999999999999709,1.2917352263209168,5,5,2,55.365416880903034,0.9999999999999709,1.2917352263209165
7001700매일,질문이나,5,4.787491728502046,0.9999999970422927,0.9999999999999997,5,5,2,55.36541688090304,0.9999999999999709,1.2917352263209168,5,5,2,55.365416880903034,0.9999999999999709,1.2917352263209165
7001700매일,전용,5,4.787491728502046,0.9999999970422927,0.9999999999999997,5,5,2,55.36541688090304,0.9999999999999709,1.2917352263209168,5,5,2,55.36541688090304,0.9999999999999709,1.2917352263209168
7001700매일,다른메뉴기다림,5,4.787491728502046,0.9999999970422927,0.9999999999999997,5,5,2,55.36541688090304,0.9999999999999709,1.2917352263209168,5,5,2,55.36541688090304,0.9999999999999709,1.2917352263209168
도시락샐러드,갱신중,5,4.787491728502046,0.9999999970422927,0.9999999999999997,5,5,2,55.36541688090304,0.9999999999999709,1.2917352263209168,5,5,2,55.365416880903034,0.9999999999999709,1.2917352263209165
도시락샐러드,기본결제방식은,5,4.787491728502046,0.9999999970422927,0.9999999999999997,5,5,2,55.36541688090304,0.9999999999999709,1.2917352263209168,5,5,2,55.365416880903034,0.9999999999999709,1.2917352263209165
도시락샐러드,첫째,5,4.787491728502046,0.9999999970422927,0.9999999999999997,5,5,2,55.36541688090304,0.9999999999999709,1.2917352263209168,5,5,2,55.365416880903034,0.9999999999999709,1.2917352263209165
도시락샐러드,보온4시간뒤처리샐러드는,5,4.787491728502046,0.9999999970422927,0.9999999999999997,5,5,2,55.36541688090304,0.9999999999999709,1.2917352263209168,5,5,2,55.36541688090304,0.9999999999999709,1.2917352263209168
도시락샐러드,아닙니다각각,5,4.787491728502046,0.9999999970422927,0.9999999999999997,5,5,2,55.36541688090304,0.9999999999999709,1.2917352263209168,5,5,2,55.36541688090304,0.9999999999999709,1.2917352263209168
도시락샐러드,서비스3명,5,4.787491728502046,0.9999999970422927,0.9999999999999997,5,5,2,55.36541688090304,0.9999999999999709,1.2917352263209168,5,5,2,55.365416880903034,0.9999999999999709,1.2917352263209165
도시락샐러드,가능합니다샐러드는,5,4.787491728502046,0.9999999970422927,0.9999999999999997,5,5,2,55.36541688090304,0.9999999999999709,1.2917352263209168,5,5,2,55.365416880903034,0.9999999999999709,1.2917352263209165
도시락샐러드,금요일에,5,4.787491728502046,0.9999999970422927,0.9999999999999997,5,5,2,55.36541688090304,0.9999999999999709,1.2917352263209168,5,5,2,55.365416880903034,0.9999999999999709,1.2917352263209165
전용,가능합니다샐러드는,5,4.787491728502046,0.9999999970422927,0.9999999999999997,5,5,2,55.36541688090304,0.9999999999999709,1.2917352263209168,5,5,2,55.365416880903034,0.9999999999999709,1.2917352263209165
전용,금요일에,5,4.787491728502046,0.9999999970422927,0.9999999999999997,5,5,2,55.36541688090304,0.9999999999999709,1.2917352263209168,5,5,2,55.365416880903034,0.9999999999999709,1.2917352263209165
전용,질문이나,5,4.787491728502046,0.9999999970422927,0.9999999999999997,5,5,2,55.36541688090304,0.9999999999999709,1.2917352263209168,5,5,2,55.365416880903034,0.9999999999999709,1.2917352263209165
다른메뉴기다림,갱신중,5,4.787491728502046,0.9999999970422927,0.9999999999999997,5,5,2,55.36541688090304,0.9999999999999709,1.2917352263209168,5,5,2,55.365416880903034,0.9999999999999709,1.2917352263209165
다른메뉴기다림,기본결제방식은,5,4.787491728502046,0.9999999970422927,0.9999999999999997,5,5,2,55.36541688090304,0.9999999999999709,1.2917352263209168,5,5,2,55.365416880903034,0.9999999999999709,1.2917352263209165
다른메뉴기다림,첫째,5,4.787491728502046,0.9999999970422927,0.9999999999999997,5,5,2,55.36541688090304,0.9999999999999709,1.2917352263209168,5,5,2,55.365416880903034,0.9999999999999709,1.2917352263209165
다른메뉴기다림,보온4시간뒤처리샐러드는,5,4.787491728502046,0.9999999970422927,0.9999999999999997,5,5,2,55.36541688090304,0.9999999999999709,1.2917352263209168,5,5,2,55.36541688090304,0.9999999999999709,1.2917352263209168
다른메뉴기다림,아닙니다각각,5,4.787491728502046,0.9999999970422927,0.9999999999999997,5,5,2,55.36541688090304,0.9999999999999709,1.2917352263209168,5,5,2,55.36541688090304,0.9999999999999709,1.2917352263209168
다른메뉴기다림,서비스3명,5,4.787491728502046,0.9999999970422927,0.9999999999999997,5,5,2,55.36541688090304,0.9999999999999709,1.2917352263209168,5,5,2,55.365416880903034,0.9999999999999709,1.2917352263209165
다른메뉴기다림,가능합니다샐러드는,5,4.787491728502046,0.9999999970422927,0.9999999999999997,5,5,2,55.36541688090304,0.9999999999999709,1.2917352263209168,5,5,2,55.365416880903034,0.9999999999999709,1.2917352263209165
다른메뉴기다림,금요일에,5,4.787491728502046,0.9999999970422927,0.9999999999999997,5,5,2,55.36541688090304,0.9999999999999709,1.2917352263209168,5,5,2,55.365416880903034,0.9999999999999709,1.2917352263209165
다른메뉴기다림,질문이나,5,4.787491728502046,0.9999999970422927,0.9999999999999997,5,5,2,55.36541688090304,0.9999999999999709,1.2917352263209168,5,5,2,55.365416880903034,0.9999999999999709,1.2917352263209165
다른메뉴기다림,전용,5,4.787491728502046,0.9999999970422927,0.9999999999999997,5,5,2,55.36541688090304,0.9999999999999709,1.2917352263209168,5,5,2,55.36541688090304,0.9999999999999709,1.2917352263209168
7001700매일,갱신중,5,4.787491728502046,0.9999999970422927,0.9999999999999997,5,5,2,55.36541688090304,0.9999999999999709,1.2917352263209168,5,5,2,55.365416880903034,0.9999999999999709,1.2917352263209165
7001700매일,기본결제방식은,5,4.787491728502046,0.9999999970422927,0.9999999999999997,5,5,2,55.36541688090304,0.9999999999999709,1.2917352263209168,5,5,2,55.365416880903034,0.9999999999999709,1.2917352263209165
7001700매일,첫째,5,4.787491728502046,0.9999999970422927,0.9999999999999997,5,5,2,55.36541688090304,0.9999999999999709,1.2917352263209168,5,5,2,55.365416880903034,0.9999999999999709,1.2917352263209165
빠네디까사1배달의민족,여주사랑카드샌드위치,5,4.787491728502046,0.9999999970422927,0.9999999999999997,5,5,3,37.56299706863466,0.03891332836071399,0.44313706506801187,5,5,3,37.56299706863465,0.03891332836071399,0.44313706506801165
금요일에,서비스3명,5,4.787491728502046,0.9999999970422927,0.9999999999999997,5,5,2,55.365416880903034,0.9999999999999709,1.2917352263209165,5,5,2,55.365416880903034,0.9999999999999709,1.2917352263209165
금요일에,가능합니다샐러드는,5,4.787491728502046,0.9999999970422927,0.9999999999999997,5,5,2,55.365416880903034,0.9999999999999709,1.2917352263209165,5,5,2,55.365416880903034,0.9999999999999709,1.2917352263209165
질문이나,갱신중,5,4.787491728502046,0.9999999970422927,0.9999999999999997,5,5,2,55.365416880903034,0.9999999999999709,1.2917352263209165,5,5,2,55.365416880903034,0.9999999999999709,1.2917352263209165
질문이나,기본결제방식은,5,4.787491728502046,0.9999999970422927,0.9999999999999997,5,5,2,55.365416880903034,0.9999999999999709,1.2917352263209165,5,5,2,55.365416880903034,0.9999999999999709,1.2917352263209165
질문이나,첫째,5,4.787491728502046,0.9999999970422927,0.9999999999999997,5,5,2,55.365416880903034,0.9999999999999709,1.2917352263209165,5,5,2,55.365416880903034,0.9999999999999709,1.2917352263209165
서비스3명,갱신중,5,4.787491728502046,0.9999999970422927,0.9999999999999997,5,5,2,55.365416880903034,0.9999999999999709,1.2917352263209165,5,5,2,55.365416880903034,0.9999999999999709,1.2917352263209165
보온4시간뒤처리샐러드는,첫째,5,4.787491728502046,0.9999999970422927,0.9999999999999997,5,5,2,55.36541688090304,0.9999999999999709,1.2917352263209168,5,5,2,55.365416880903034,0.9999999999999709,1.2917352263209165
아닙니다각각,갱신중,5,4.787491728502046,0.9999999970422927,0.9999999999999997,5,5,2,55.36541688090304,0.9999999999999709,1.2917352263209168,5,5,2,55.365416880903034,0.9999999999999709,1.2917352263209165
아닙니다각각,기본결제방식은,5,4.787491728502046,0.9999999970422927,0.9999999999999997,5,5,2,55.36541688090304,0.9999999999999709,1.2917352263209168,5,5,2,55.365416880903034,0.9999999999999709,1.2917352263209165
아닙니다각각,첫째,5,4.787491728502046,0.9999999970422927,0.9999999999999997,5,5,2,55.36541688090304,0.9999999999999709,1.2917352263209168,5,5,2,55.365416880903034,0.9999999999999709,1.2917352263209165
아닙니다각각,보온4시간뒤처리샐러드는,5,4.787491728502046,0.9999999970422927,0.9999999999999997,5,5,2,55.36541688090304,0.9999999999999709,1.2917352263209168,5,5,2,55.36541688090304,0.9999999999999709,1.2917352263209168
금요일에,아닙니다각각,5,4.787491728502046,0.9999999970422927,0.9999999999999997,5,5,2,55.365416880903034,0.9999999999999709,1.2917352263209165,5,5,2,55.36541688090304,0.9999999999999709,1.2917352263209168
질문이나,보온4시간뒤처리샐러드는,5,4.787491728502046,0.9999999970422927,0.9999999999999997,5,5,2,55.365416880903034,0.9999999999999709,1.2917352263209165,5,5,2,55.36541688090304,0.9999999999999709,1.2917352263209168
보온4시간뒤처리샐러드는,갱신중,5,4.787491728502046,0.9999999970422927,0.9999999999999997,5,5,2,55.36541688090304,0.9999999999999709,1.2917352263209168,5,5,2,55.365416880903034,0.9999999999999709,1.2917352263209165
점심메뉴입니다,석식메뉴도,5,4.787491728502046,0.9999999970422927,0.9999999999999997,5,5,5,2.9619170942376236,0.004014447891140731,-0.5863269537738132,5,5,5,2.9619170942376236,0.004014447891140731,-0.5863269537738132
순천,마카롱맛집,11,3.9120230027554186,0.9782419025973984,0.9566140060319535,12,12,7,14.547397036585105,0.0018992785893863374,-0.0860918298890856,11,11,7,14.900415344117702,0.001240890171512381,-0.09881838939725157
순천,많이달지않은마카롱,11,3.9120230027554186,0.9782419025973984,0.9566140060319535,12,12,7,14.547397036585105,0.0018992785893863374,-0.0860918298890856,11,11,7,14.900415344117702,0.001240890171512381,-0.09881838939725157
순천,마카롱,11,3.9120230027554186,0.9782419025973984,0.9566140060319535,12,12,7,14.547397036585105,0.0018992785893863374,-0.0860918298890856,11,11,7,14.900415344117702,0.001240890171512381,-0.09881838939725157
순천,핸드메이드,11,3.9120230027554186,0.9782419025973984,0.9566140060319535,12,12,7,14.547397036585105,0.0018992785893863374,-0.0860918298890856,11,11,7,14.900415344117702,0.001240890171512381,-0.09881838939725157
순천,곡성뚝방마켓,11,3.9120230027554186,0.9782419025973984,0.9566140060319535,12,12,7,14.547397036585105,0.0018992785893863374,-0.0860918298890856,11,11,7,14.900415344117702,0.001240890171512381,-0.09881838939725157
순천,곡성,11,3.9120230027554186,0.9782419025973984,0.9566140060319535,12,12,7,14.547397036585105,0.0018992785893863374,-0.0860918298890856,11,11,7,14.900415344117702,0.001240890171512381,-0.09881838939725157
광주,마카롱맛집,11,3.9120230027554186,0.9782419025973984,0.9566140060319535,12,12,7,14.622526690227046,0.004550657682078164,-0.08298556579188668,11,11,7,14.900415344117702,0.001240890171512381,-0.09881838939725157
광주,많이달지않은마카롱,11,3.9120230027554186,0.9782419025973984,0.9566140060319535,12,12,7,14.622526690227046,0.004550657682078164,-0.08298556579188668,11,11,7,14.900415344117702,0.001240890171512381,-0.09881838939725157
광주,마카롱,11,3.9120230027554186,0.9782419025973984,0.9566140060319535,12,12,7,14.622526690227046,0.004550657682078164,-0.08298556579188668,11,11,7,14.900415344117702,0.001240890171512381,-0.09881838939725157
광주,핸드메이드,11,3.9120230027554186,0.9782419025973984,0.9566140060319535,12,12,7,14.622526690227046,0.004550657682078164,-0.08298556579188668,11,11,7,14.900415344117702,0.001240890171512381,-0.09881838939725157
광주,곡성뚝방마켓,11,3.9120230027554186,0.9782419025973984,0.9566140060319535,12,12,7,14.622526690227046,0.004550657682078164,-0.08298556579188668,11,11,7,14.900415344117702,0.001240890171512381,-0.09881838939725157
광주,곡성,11,3.9120230027554186,0.9782419025973984,0.9566140060319535,12,12,7,14.622526690227046,0.004550657682078164,-0.08298556579188668,11,11,7,14.900415344117702,0.001240890171512381,-0.09881838939725157
핸드메이드,쫀득한마카롱좋은재료와정성은진리다,10,3.9990343792050482,0.9767215041357629,0.9526542274307096,11,11,7,14.900415344117702,0.001240890171512381,-0.09881838939725157,10,10,7,14.221068346182058,0.0006157621040780625,-0.14189689788948104
곡성뚝방마켓,쫀득한마카롱좋은재료와정성은진리다,10,3.9990343792050482,0.9767215041357629,0.9526542274307096,11,11,7,14.900415344117702,0.001240890171512381,-0.09881838939725157,10,10,7,14.221068346182058,0.0006157621040780625,-0.14189689788948104
곡성,쫀득한마카롱좋은재료와정성은진리다,10,3.9990343792050482,0.9767215041357629,0.9526542274307096,11,11,7,14.900415344117702,0.001240890171512381,-0.09881838939725157,10,10,7,14.221068346182058,0.0006157621040780625,-0.14189689788948104
마카롱맛집,쫀득한마카롱좋은재료와정성은진리다,10,3.9990343792050482,0.9767215041357629,0.9526542274307096,11,11,7,14.900415344117702,0.001240890171512381,-0.09881838939725157,10,10,7,14.221068346182058,0.0006157621040780625,-0.14189689788948104
많이달지않은마카롱,쫀득한마카롱좋은재료와정성은진리다,10,3.9990343792050482,0.9767215041357629,0.9526542274307096,11,11,7,14.900415344117702,0.001240890171512381,-0.09881838939725157,10,10,7,14.221068346182058,0.0006157621040780625,-0.14189689788948104
마카롱,쫀득한마카롱좋은재료와정성은진리다,10,3.9990343792050482,0.9767215041357629,0.9526542274307096,11,11,7,14.900415344117702,0.001240890171512381,-0.09881838939725157,10,10,7,14.221068346182058,0.0006157621040780625,-0.14189689788948104
행사간식,예산에,7,4.317488107193453,0.9699998171880824,0.9346253002884586,8,8,3,36.81701505440076,0.04139602573209072,0.490696251692731,7,7,3,37.90978302609143,0.04125091890534058,0.4999002588077334
1T,108호샐러드,7,4.317488107193453,0.9699998171880824,0.9346253002884586,8,18,5,6.598996960015304,0.013180063865964027,-0.3449953558076425,7,7,5,5.607860975632327,0.01082502164456312,-0.4604299501482286
예산에,여주사랑카드,6,4.451019497689405,0.966526603366134,0.9250404616555187,7,7,3,37.90978302609143,0.04125091890534058,0.4999002588077334,6,7,3,38.89261425516939,0.03932864287544329,0.5115300049677838
구성도,여주사랑카드,6,4.451019497689405,0.966526603366134,0.9250404616555187,7,7,3,37.57231270067667,0.04475367239378122,0.4911593299745319,6,7,3,38.89261425516939,0.03932864287544329,0.5115300049677838
구성도,지드림카드,6,4.451019497689405,0.966526603366134,0.9250404616555187,7,7,3,37.57231270067667,0.04475367239378122,0.4911593299745319,6,11,3,38.89261425516939,0.03932864287544329,0.5365703939896376
예산에,지드림카드,6,4.451019497689405,0.966526603366134,0.9250404616555187,7,7,3,37.90978302609143,0.04125091890534058,0.4999002588077334,6,11,3,38.89261425516939,0.03932864287544329,0.5365703939896376
구성도,문의환영,6,4.451019497689405,0.966526603366134,0.9250404616555187,7,7,3,37.57231270067667,0.04475367239378122,0.4911593299745319,6,6,3,38.89261425516939,0.03932864287544329,0.5052699077123203
구성도,체육대회간식,6,4.451019497689405,0.966526603366134,0.9250404616555187,7,7,3,37.57231270067667,0.04475367239378122,0.4911593299745319,6,6,3,38.89261425516939,0.03932864287544329,0.5052699077123203
구성도,학교간식,6,4.451019497689405,0.966526603366134,0.9250404616555187,7,7,3,37.57231270067667,0.04475367239378122,0.4911593299745319,6,6,3,38.89261425516939,0.03932864287544329,0.5052699077123203
예산에,3800원부터,6,4.451019497689405,0.966526603366134,0.9250404616555187,7,7,3,37.90978302609143,0.04125091890534058,0.4999002588077334,6,6,3,38.89261425516939,0.03932864287544329,0.5052699077123203
구성도,학원간식,6,4.451019497689405,0.966526603366134,0.9250404616555187,7,7,3,37.57231270067667,0.04475367239378122,0.4911593299745319,6,6,3,38.89261425516939,0.03932864287544329,0.5052699077123203
구성도,3800원부터,6,4.451019497689405,0.966526603366134,0.9250404616555187,7,7,3,37.57231270067667,0.04475367239378122,0.4911593299745319,6,6,3,38.89261425516939,0.03932864287544329,0.5052699077123203
구성도,교회간식,6,4.451019497689405,0.966526603366134,0.9250404616555187,7,7,3,37.57231270067667,0.04475367239378122,0.4911593299745319,6,6,3,38.89261425516939,0.03932864287544329,0.5052699077123203
구성도,여주시,6,4.451019497689405,0.966526603366134,0.9250404616555187,7,7,3,37.57231270067667,0.04475367239378122,0.4911593299745319,6,6,3,38.89261425516939,0.03932864287544329,0.5052699077123203
구성도,맞춰일정에,6,4.451019497689405,0.966526603366134,0.9250404616555187,7,7,3,37.57231270067667,0.04475367239378122,0.4911593299745319,6,6,3,38.89261425516939,0.03932864287544329,0.5052699077123203
구성도,G드림카드,6,4.451019497689405,0.966526603366134,0.9250404616555187,7,7,3,37.57231270067667,0.04475367239378122,0.4911593299745319,6,6,3,38.89261425516939,0.03932864287544329,0.5052699077123203
구성도,구성변경,6,4.451019497689405,0.966526603366134,0.9250404616555187,7,7,3,37.57231270067667,0.04475367239378122,0.4911593299745319,6,6,3,38.89261425516939,0.03932864287544329,0.5052699077123203
예산에,G드림카드,6,4.451019497689405,0.966526603366134,0.9250404616555187,7,7,3,37.90978302609143,0.04125091890534058,0.4999002588077334,6,6,3,38.89261425516939,0.03932864287544329,0.5052699077123203
예산에,구성변경,6,4.451019497689405,0.966526603366134,0.9250404616555187,7,7,3,37.90978302609143,0.04125091890534058,0.4999002588077334,6,6,3,38.89261425516939,0.03932864287544329,0.5052699077123203
구성도,여주점경기,6,4.451019497689405,0.966526603366134,0.9250404616555187,7,7,3,37.57231270067667,0.04475367239378122,0.4911593299745319,6,6,3,38.89261425516939,0.03932864287544329,0.5052699077123203
구성도,단체간식,6,4.451019497689405,0.966526603366134,0.9250404616555187,7,7,3,37.57231270067667,0.04475367239378122,0.4911593299745319,6,6,3,38.89261425516939,0.03932864287544329,0.5052699077123203
구성도,맞춰원하시는,6,4.451019497689405,0.966526603366134,0.9250404616555187,7,7,3,37.57231270067667,0.04475367239378122,0.4911593299745319,6,6,3,38.89261425516939,0.03932864287544329,0.5052699077123203
구성도,0318810107구성,6,4.451019497689405,0.966526603366134,0.9250404616555187,7,7,3,37.57231270067667,0.04475367239378122,0.4911593299745319,6,6,3,38.89261425516939,0.03932864287544329,0.5052699077123203
구성도,해드립니다,6,4.451019497689405,0.966526603366134,0.9250404616555187,7,7,3,37.57231270067667,0.04475367239378122,0.4911593299745319,6,6,3,38.89261425516939,0.03932864287544329,0.5052699077123203
구성도,있습니다단체주문,6,4.451019497689405,0.966526603366134,0.9250404616555187,7,7,3,37.57231270067667,0.04475367239378122,0.4911593299745319,6,6,3,38.89261425516939,0.03932864287544329,0.5052699077123203
구성도,가능합니다문의주세요,6,4.451019497689405,0.966526603366134,0.9250404616555187,7,7,3,37.57231270067667,0.04475367239378122,0.4911593299745319,6,6,3,38.89261425516939,0.03932864287544329,0.5052699077123203
구성도,여주행사간식,6,4.451019497689405,0.966526603366134,0.9250404616555187,7,7,3,37.57231270067667,0.04475367239378122,0.4911593299745319,6,6,3,38.89261425516939,0.03932864287544329,0.5052699077123203
구성도,세종로,6,4.451019497689405,0.966526603366134,0.9250404616555187,7,7,3,37.57231270067667,0.04475367239378122,0.4911593299745319,6,6,3,38.89261425516939,0.03932864287544329,0.5052699077123203
구성도,0318810107죠샌드위치,6,4.451019497689405,0.966526603366134,0.9250404616555187,7,7,3,37.57231270067667,0.04475367239378122,0.4911593299745319,6,6,3,38.89261425516939,0.03932864287544329,0.5052699077123203
구성도,죠샌드위치샐러드여주점,6,4.451019497689405,0.966526603366134,0.9250404616555187,7,7,3,37.57231270067667,0.04475367239378122,0.4911593299745319,6,6,3,38.89261425516939,0.03932864287544329,0.5052699077123203
구성도,여주맛집,6,4.451019497689405,0.966526603366134,0.9250404616555187,7,7,3,37.57231270067667,0.04475367239378122,0.4911593299745319,6,7,3,38.89261425516939,0.03932864287544329,0.5115300049677838
lunch,수거,6,4.451019497689405,0.966526603366134,0.9250404616555187,7,7,2,52.79796218073351,0.9438425544539605,1.243005857694452,6,6,2,54.53822280264681,0.9734759109876884,1.2813234978883912
lunch,주문을,6,4.451019497689405,0.966526603366134,0.9250404616555187,7,7,2,52.79796218073351,0.9438425544539605,1.243005857694452,6,6,2,54.53822280264681,0.9734759109876884,1.2813234978883912
lunch,instafood,6,4.451019497689405,0.966526603366134,0.9250404616555187,7,7,2,52.79796218073351,0.9438425544539605,1.243005857694452,6,6,2,54.53822280264681,0.9734759109876884,1.2813234978883912
lunch,맛집오늘뭐먹지,6,4.451019497689405,0.966526603366134,0.9250404616555187,7,7,2,52.79796218073351,0.9438425544539605,1.243005857694452,6,6,2,54.53822280264681,0.9734759109876884,1.2813234978883912
lunch,또먹고싶다,6,4.451019497689405,0.966526603366134,0.9250404616555187,7,7,2,52.79796218073351,0.9438425544539605,1.243005857694452,6,6,2,54.53822280264681,0.9734759109876884,1.2813234978883912
최소주문,구성변경,6,4.451019497689405,0.966526603366134,0.9250404616555187,7,10,3,37.63304254644783,0.040076495528868224,0.5101441067326556,6,6,3,38.89261425516939,0.03932864287544329,0.5052699077123203
최소주문,여주점경기,6,4.451019497689405,0.966526603366134,0.9250404616555187,7,10,3,37.63304254644783,0.040076495528868224,0.5101441067326556,6,6,3,38.89261425516939,0.03932864287544329,0.5052699077123203
최소주문,세종로,6,4.451019497689405,0.966526603366134,0.9250404616555187,7,10,3,37.63304254644783,0.040076495528868224,0.5101441067326556,6,6,3,38.89261425516939,0.03932864287544329,0.5052699077123203
예산에,구성해서,6,4.451019497689405,0.966526603366134,0.9250404616555187,7,7,3,37.90978302609143,0.04125091890534058,0.4999002588077334,6,6,3,38.89261425516939,0.03932864287544329,0.5052699077123203
예산에,여주점경기,6,4.451019497689405,0.966526603366134,0.9250404616555187,7,7,3,37.90978302609143,0.04125091890534058,0.4999002588077334,6,6,3,38.89261425516939,0.03932864287544329,0.5052699077123203
lunch,푸디스퀘어,6,4.451019497689405,0.966526603366134,0.9250404616555187,7,7,2,52.79796218073351,0.9438425544539605,1.243005857694452,6,6,2,54.53822280264681,0.9734759109876884,1.2813234978883912
lunch,불가합니다연락처,6,4.451019497689405,0.966526603366134,0.9250404616555187,7,7,2,52.79796218073351,0.9438425544539605,1.243005857694452,6,6,2,54.53822280264681,0.9734759109876884,1.2813234978883912
lunch,안녕하세요배달,6,4.451019497689405,0.966526603366134,0.9250404616555187,7,7,2,52.79796218073351,0.9438425544539605,1.243005857694452,6,6,2,54.53822280264681,0.9734759109876884,1.2813234978883912
lunch,당일주문이,6,4.451019497689405,0.966526603366134,0.9250404616555187,7,7,2,52.79796218073351,0.9438425544539605,1.243005857694452,6,6,2,54.53822280264681,0.9734759109876884,1.2813234978883912
lunch,월금,6,4.451019497689405,0.966526603366134,0.9250404616555187,7,7,2,52.79796218073351,0.9438425544539605,1.243005857694452,6,6,2,54.53822280264681,0.9734759109876884,1.2813234978883912
lunch,01096763990전화문의,6,4.451019497689405,0.966526603366134,0.9250404616555187,7,7,2,52.79796218073351,0.9438425544539605,1.243005857694452,6,6,2,54.53822280264681,0.9734759109876884,1.2813234978883912
lunch,샐러드salad,6,4.451019497689405,0.966526603366134,0.9250404616555187,7,7,2,52.79796218073351,0.9438425544539605,1.243005857694452,6,6,2,54.53822280264681,0.9734759109876884,1.2813234978883912
lunch,문의사항은,6,4.451019497689405,0.966526603366134,0.9250404616555187,7,7,2,52.79796218073351,0.9438425544539605,1.243005857694452,6,6,2,54.53822280264681,0.9734759109876884,1.2813234978883912
최소주문,0318810107죠샌드위치,6,4.451019497689405,0.966526603366134,0.9250404616555187,7,10,3,37.63304254644783,0.040076495528868224,0.5101441067326556,6,6,3,38.89261425516939,0.03932864287544329,0.5052699077123203
최소주문,죠샌드위치샐러드여주점,6,4.451019497689405,0.966526603366134,0.9250404616555187,7,10,3,37.63304254644783,0.040076495528868224,0.5101441067326556,6,6,3,38.89261425516939,0.03932864287544329,0.5052699077123203
최소주문,여주맛집,6,4.451019497689405,0.966526603366134,0.9250404616555187,7,10,3,37.63304254644783,0.040076495528868224,0.5101441067326556,6,7,3,38.89261425516939,0.03932864287544329,0.5115300049677838
최소주문,여주사랑카드,6,4.451019497689405,0.966526603366134,0.9250404616555187,7,10,3,37.63304254644783,0.040076495528868224,0.5101441067326556,6,7,3,38.89261425516939,0.03932864287544329,0.5115300049677838
최소주문,지드림카드,6,4.451019497689405,0.966526603366134,0.9250404616555187,7,10,3,37.63304254644783,0.040076495528868224,0.5101441067326556,6,11,3,38.89261425516939,0.03932864287544329,0.5365703939896376
lunch,foodfoodfic,6,4.451019497689405,0.966526603366134,0.9250404616555187,7,7,2,52.79796218073351,0.9438425544539605,1.243005857694452,6,6,2,54.53822280264681,0.9734759109876884,1.2813234978883912
최소주문,문의환영,6,4.451019497689405,0.966526603366134,0.9250404616555187,7,10,3,37.63304254644783,0.040076495528868224,0.5101441067326556,6,6,3,38.89261425516939,0.03932864287544329,0.5052699077123203
최소주문,체육대회간식,6,4.451019497689405,0.966526603366134,0.9250404616555187,7,10,3,37.63304254644783,0.040076495528868224,0.5101441067326556,6,6,3,38.89261425516939,0.03932864287544329,0.5052699077123203
최소주문,학교간식,6,4.451019497689405,0.966526603366134,0.9250404616555187,7,10,3,37.63304254644783,0.040076495528868224,0.5101441067326556,6,6,3,38.89261425516939,0.03932864287544329,0.5052699077123203
최소주문,구성해서,6,4.451019497689405,0.966526603366134,0.9250404616555187,7,10,3,37.63304254644783,0.040076495528868224,0.5101441067326556,6,6,3,38.89261425516939,0.03932864287544329,0.5052699077123203
최소주문,학원간식,6,4.451019497689405,0.966526603366134,0.9250404616555187,7,10,3,37.63304254644783,0.040076495528868224,0.5101441067326556,6,6,3,38.89261425516939,0.03932864287544329,0.5052699077123203
최소주문,3800원부터,6,4.451019497689405,0.966526603366134,0.9250404616555187,7,10,3,37.63304254644783,0.040076495528868224,0.5101441067326556,6,6,3,38.89261425516939,0.03932864287544329,0.5052699077123203
최소주문,교회간식,6,4.451019497689405,0.966526603366134,0.9250404616555187,7,10,3,37.63304254644783,0.040076495528868224,0.5101441067326556,6,6,3,38.89261425516939,0.03932864287544329,0.5052699077123203
최소주문,여주시,6,4.451019497689405,0.966526603366134,0.9250404616555187,7,10,3,37.63304254644783,0.040076495528868224,0.5101441067326556,6,6,3,38.89261425516939,0.03932864287544329,0.5052699077123203
최소주문,맞춰일정에,6,4.451019497689405,0.966526603366134,0.9250404616555187,7,10,3,37.63304254644783,0.040076495528868224,0.5101441067326556,6,6,3,38.89261425516939,0.03932864287544329,0.5052699077123203
예산에,단체간식,6,4.451019497689405,0.966526603366134,0.9250404616555187,7,7,3,37.90978302609143,0.04125091890534058,0.4999002588077334,6,6,3,38.89261425516939,0.03932864287544329,0.5052699077123203
예산에,교회간식,6,4.451019497689405,0.966526603366134,0.9250404616555187,7,7,3,37.90978302609143,0.04125091890534058,0.4999002588077334,6,6,3,38.89261425516939,0.03932864287544329,0.5052699077123203
예산에,여주시,6,4.451019497689405,0.966526603366134,0.9250404616555187,7,7,3,37.90978302609143,0.04125091890534058,0.4999002588077334,6,6,3,38.89261425516939,0.03932864287544329,0.5052699077123203
예산에,맞춰일정에,6,4.451019497689405,0.966526603366134,0.9250404616555187,7,7,3,37.90978302609143,0.04125091890534058,0.4999002588077334,6,6,3,38.89261425516939,0.03932864287544329,0.5052699077123203
예산에,학원간식,6,4.451019497689405,0.966526603366134,0.9250404616555187,7,7,3,37.90978302609143,0.04125091890534058,0.4999002588077334,6,6,3,38.89261425516939,0.03932864287544329,0.5052699077123203
예산에,맞춰원하시는,6,4.451019497689405,0.966526603366134,0.9250404616555187,7,7,3,37.90978302609143,0.04125091890534058,0.4999002588077334,6,6,3,38.89261425516939,0.03932864287544329,0.5052699077123203
예산에,0318810107구성,6,4.451019497689405,0.966526603366134,0.9250404616555187,7,7,3,37.90978302609143,0.04125091890534058,0.4999002588077334,6,6,3,38.89261425516939,0.03932864287544329,0.5052699077123203
예산에,해드립니다,6,4.451019497689405,0.966526603366134,0.9250404616555187,7,7,3,37.90978302609143,0.04125091890534058,0.4999002588077334,6,6,3,38.89261425516939,0.03932864287544329,0.5052699077123203
예산에,있습니다단체주문,6,4.451019497689405,0.966526603366134,0.9250404616555187,7,7,3,37.90978302609143,0.04125091890534058,0.4999002588077334,6,6,3,38.89261425516939,0.03932864287544329,0.5052699077123203
예산에,가능합니다문의주세요,6,4.451019497689405,0.966526603366134,0.9250404616555187,7,7,3,37.90978302609143,0.04125091890534058,0.4999002588077334,6,6,3,38.89261425516939,0.03932864287544329,0.5052699077123203
예산에,여주행사간식,6,4.451019497689405,0.966526603366134,0.9250404616555187,7,7,3,37.90978302609143,0.04125091890534058,0.4999002588077334,6,6,3,38.89261425516939,0.03932864287544329,0.5052699077123203
예산에,세종로,6,4.451019497689405,0.966526603366134,0.9250404616555187,7,7,3,37.90978302609143,0.04125091890534058,0.4999002588077334,6,6,3,38.89261425516939,0.03932864287544329,0.5052699077123203
예산에,0318810107죠샌드위치,6,4.451019497689405,0.966526603366134,0.9250404616555187,7,7,3,37.90978302609143,0.04125091890534058,0.4999002588077334,6,6,3,38.89261425516939,0.03932864287544329,0.5052699077123203
최소주문,G드림카드,6,4.451019497689405,0.966526603366134,0.9250404616555187,7,10,3,37.63304254644783,0.040076495528868224,0.5101441067326556,6,6,3,38.89261425516939,0.03932864287544329,0.5052699077123203
최소주문,단체간식,6,4.451019497689405,0.966526603366134,0.9250404616555187,7,10,3,37.63304254644783,0.040076495528868224,0.5101441067326556,6,6,3,38.89261425516939,0.03932864287544329,0.5052699077123203
최소주문,맞춰원하시는,6,4.451019497689405,0.966526603366134,0.9250404616555187,7,10,3,37.63304254644783,0.040076495528868224,0.5101441067326556,6,6,3,38.89261425516939,0.03932864287544329,0.5052699077123203
최소주문,0318810107구성,6,4.451019497689405,0.966526603366134,0.9250404616555187,7,10,3,37.63304254644783,0.040076495528868224,0.5101441067326556,6,6,3,38.89261425516939,0.03932864287544329,0.5052699077123203
최소주문,해드립니다,6,4.451019497689405,0.966526603366134,0.9250404616555187,7,10,3,37.63304254644783,0.040076495528868224,0.5101441067326556,6,6,3,38.89261425516939,0.03932864287544329,0.5052699077123203
최소주문,있습니다단체주문,6,4.451019497689405,0.966526603366134,0.9250404616555187,7,10,3,37.63304254644783,0.040076495528868224,0.5101441067326556,6,6,3,38.89261425516939,0.03932864287544329,0.5052699077123203
최소주문,가능합니다문의주세요,6,4.451019497689405,0.966526603366134,0.9250404616555187,7,10,3,37.63304254644783,0.040076495528868224,0.5101441067326556,6,6,3,38.89261425516939,0.03932864287544329,0.5052699077123203
최소주문,여주행사간식,6,4.451019497689405,0.966526603366134,0.9250404616555187,7,10,3,37.63304254644783,0.040076495528868224,0.5101441067326556,6,6,3,38.89261425516939,0.03932864287544329,0.5052699077123203
예산에,죠샌드위치샐러드여주점,6,4.451019497689405,0.966526603366134,0.9250404616555187,7,7,3,37.90978302609143,0.04125091890534058,0.4999002588077334,6,6,3,38.89261425516939,0.03932864287544329,0.5052699077123203
예산에,여주맛집,6,4.451019497689405,0.966526603366134,0.9250404616555187,7,7,3,37.90978302609143,0.04125091890534058,0.4999002588077334,6,7,3,38.89261425516939,0.03932864287544329,0.5115300049677838
예산에,문의환영,6,4.451019497689405,0.966526603366134,0.9250404616555187,7,7,3,37.90978302609143,0.04125091890534058,0.4999002588077334,6,6,3,38.89261425516939,0.03932864287544329,0.5052699077123203
예산에,체육대회간식,6,4.451019497689405,0.966526603366134,0.9250404616555187,7,7,3,37.90978302609143,0.04125091890534058,0.4999002588077334,6,6,3,38.89261425516939,0.03932864287544329,0.5052699077123203
예산에,학교간식,6,4.451019497689405,0.966526603366134,0.9250404616555187,7,7,3,37.90978302609143,0.04125091890534058,0.4999002588077334,6,6,3,38.89261425516939,0.03932864287544329,0.5052699077123203
구성도,구성해서,6,4.451019497689405,0.966526603366134,0.9250404616555187,7,7,3,37.57231270067667,0.04475367239378122,0.4911593299745319,6,6,3,38.89261425516939,0.03932864287544329,0.5052699077123203
G드림카드,빠네디까사1배달의민족,5,4.605170174108092,0.9619171001530384,0.9121034881575902,6,6,3,38.89261425516939,0.03932864287544329,0.5052699077123203,5,5,3,37.56299706863466,0.03891332836071399,0.44313706506801187
안녕하세요배달,금요일에,5,4.605170174108092,0.9619171001530384,0.9121034881575902,6,6,2,54.53822280264681,0.9734759109876884,1.2813234978883912,5,5,2,55.365416880903034,0.9999999999999709,1.2917352263209165
불가합니다연락처,7001700매일,5,4.605170174108092,0.9619171001530384,0.9121034881575902,6,6,2,54.53822280264681,0.9734759109876884,1.2813234978883912,5,5,2,55.36541688090304,0.9999999999999709,1.2917352263209168
학원간식,빠네디까사1배달의민족,5,4.605170174108092,0.9619171001530384,0.9121034881575902,6,6,3,38.89261425516939,0.03932864287544329,0.5052699077123203,5,5,3,37.56299706863466,0.03891332836071399,0.44313706506801187
문의환영,여주사랑카드샌드위치,5,4.605170174108092,0.9619171001530384,0.9121034881575902,6,6,3,38.89261425516939,0.03932864287544329,0.5052699077123203,5,5,3,37.56299706863465,0.03891332836071399,0.44313706506801165
맞춰일정에,빠네디까사1배달의민족,5,4.605170174108092,0.9619171001530384,0.9121034881575902,6,6,3,38.89261425516939,0.03932864287544329,0.5052699077123203,5,5,3,37.56299706863466,0.03891332836071399,0.44313706506801187
3800원부터,여주사랑카드샌드위치,5,4.605170174108092,0.9619171001530384,0.9121034881575902,6,6,3,38.89261425516939,0.03932864287544329,0.5052699077123203,5,5,3,37.56299706863465,0.03891332836071399,0.44313706506801165
불가합니다연락처,전문업체,5,4.605170174108092,0.9619171001530384,0.9121034881575902,6,6,2,54.53822280264681,0.9734759109876884,1.2813234978883912,5,5,2,55.365416880903034,0.9999999999999709,1.2917352263209165
불가합니다연락처,선택하는,5,4.605170174108092,0.9619171001530384,0.9121034881575902,6,6,2,54.53822280264681,0.9734759109876884,1.2813234978883912,5,5,2,55.36541688090304,0.9999999999999709,1.2917352263209168
불가합니다연락처,결제를,5,4.605170174108092,0.9619171001530384,0.9121034881575902,6,6,2,54.53822280264681,0.9734759109876884,1.2813234978883912,5,5,2,55.36541688090304,0.9999999999999709,1.2917352263209168
불가합니다연락처,배송탁월한,5,4.605170174108092,0.9619171001530384,0.9121034881575902,6,6,2,54.53822280264681,0.9734759109876884,1.2813234978883912,5,5,2,55.36541688090304,0.9999999999999709,1.2917352263209168
불가합니다연락처,진행도시락,5,4.605170174108092,0.9619171001530384,0.9121034881575902,6,6,2,54.53822280264681,0.9734759109876884,1.2813234978883912,5,5,2,55.36541688090304,0.9999999999999709,1.2917352263209168
불가합니다연락처,연락주세요오늘도,5,4.605170174108092,0.9619171001530384,0.9121034881575902,6,6,2,54.53822280264681,0.9734759109876884,1.2813234978883912,5,5,2,55.365416880903034,0.9999999999999709,1.2917352263209165
불가합니다연락처,이상의,5,4.605170174108092,0.9619171001530384,0.9121034881575902,6,6,2,54.53822280264681,0.9734759109876884,1.2813234978883912,5,5,2,55.365416880903034,0.9999999999999709,1.2917352263209165
불가합니다연락처,세트가,5,4.605170174108092,0.9619171001530384,0.9121034881575902,6,6,2,54.53822280264681,0.9734759109876884,1.2813234978883912,5,5,2,55.365416880903034,0.9999999999999709,1.2917352263209165
불가합니다연락처,결제후불결제를,5,4.605170174108092,0.9619171001530384,0.9121034881575902,6,6,2,54.53822280264681,0.9734759109876884,1.2813234978883912,5,5,2,55.365416880903034,0.9999999999999709,1.2917352263209165
단체간식,여주사랑카드샌드위치,5,4.605170174108092,0.9619171001530384,0.9121034881575902,6,6,3,38.89261425516939,0.03932864287544329,0.5052699077123203,5,5,3,37.56299706863465,0.03891332836071399,0.44313706506801165
단체간식,12000원지역화폐,5,4.605170174108092,0.9619171001530384,0.9121034881575902,6,6,3,38.89261425516939,0.03932864287544329,0.5052699077123203,5,5,3,37.56299706863465,0.03891332836071399,0.44313706506801165
구성변경,여주사랑카드샌드위치,5,4.605170174108092,0.9619171001530384,0.9121034881575902,6,6,3,38.89261425516939,0.03932864287544329,0.5052699077123203,5,5,3,37.56299706863465,0.03891332836071399,0.44313706506801165
구성변경,12000원지역화폐,5,4.605170174108092,0.9619171001530384,0.9121034881575902,6,6,3,38.89261425516939,0.03932864287544329,0.5052699077123203,5,5,3,37.56299706863465,0.03891332836071399,0.44313706506801165
구성변경,빠네디까사1배달의민족,5,4.605170174108092,0.9619171001530384,0.9121034881575902,6,6,3,38.89261425516939,0.03932864287544329,0.5052699077123203,5,5,3,37.56299706863466,0.03891332836071399,0.44313706506801187
instafood,결제후불결제를,5,4.605170174108092,0.9619171001530384,0.9121034881575902,6,6,2,54.53822280264681,0.9734759109876884,1.2813234978883912,5,5,2,55.365416880903034,0.9999999999999709,1.2917352263209165
instafood,보온도시락샐러드,5,4.605170174108092,0.9619171001530384,0.9121034881575902,6,6,2,54.53822280264681,0.9734759109876884,1.2813234978883912,5,5,2,55.36541688090304,0.9999999999999709,1.2917352263209168
instafood,매월,5,4.605170174108092,0.9619171001530384,0.9121034881575902,6,6,2,54.53822280264681,0.9734759109876884,1.2813234978883912,5,5,2,55.36541688090304,0.9999999999999709,1.2917352263209168
instafood,인원부터,5,4.605170174108092,0.9619171001530384,0.9121034881575902,6,6,2,54.53822280264681,0.9734759109876884,1.2813234978883912,5,5,2,55.36541688090304,0.9999999999999709,1.2917352263209168
instafood,메뉴푸디스퀘어를,5,4.605170174108092,0.9619171001530384,0.9121034881575902,6,6,2,54.53822280264681,0.9734759109876884,1.2813234978883912,5,5,2,55.365416880903034,0.9999999999999709,1.2917352263209165
instafood,기본으로하며,5,4.605170174108092,0.9619171001530384,0.9121034881575902,6,6,2,54.53822280264681,0.9734759109876884,1.2813234978883912,5,5,2,55.365416880903034,0.9999999999999709,1.2917352263209165
instafood,지원되지않습니다사용,5,4.605170174108092,0.9619171001530384,0.9121034881575902,6,6,2,54.53822280264681,0.9734759109876884,1.2813234978883912,5,5,2,55.365416880903034,0.9999999999999709,1.2917352263209165
죠샌드위치샐러드여주점,여주사랑카드샌드위치,5,4.605170174108092,0.9619171001530384,0.9121034881575902,6,6,3,38.89261425516939,0.03932864287544329,0.5052699077123203,5,5,3,37.56299706863465,0.03891332836071399,0.44313706506801165
죠샌드위치샐러드여주점,12000원지역화폐,5,4.605170174108092,0.9619171001530384,0.9121034881575902,6,6,3,38.89261425516939,0.03932864287544329,0.5052699077123203,5,5,3,37.56299706863465,0.03891332836071399,0.44313706506801165
죠샌드위치샐러드여주점,빠네디까사1배달의민족,5,4.605170174108092,0.9619171001530384,0.9121034881575902,6,6,3,38.89261425516939,0.03932864287544329,0.5052699077123203,5,5,3,37.56299706863466,0.03891332836071399,0.44313706506801187
주문을,세트가,5,4.605170174108092,0.9619171001530384,0.9121034881575902,6,6,2,54.53822280264681,0.9734759109876884,1.2813234978883912,5,5,2,55.365416880903034,0.9999999999999709,1.2917352263209165
구성해서,빠네디까사1배달의민족,5,4.605170174108092,0.9619171001530384,0.9121034881575902,6,6,3,38.89261425516939,0.03932864287544329,0.5052699077123203,5,5,3,37.56299706863466,0.03891332836071399,0.44313706506801187
학원간식,여주사랑카드샌드위치,5,4.605170174108092,0.9619171001530384,0.9121034881575902,6,6,3,38.89261425516939,0.03932864287544329,0.5052699077123203,5,5,3,37.56299706863465,0.03891332836071399,0.44313706506801165
학원간식,12000원지역화폐,5,4.605170174108092,0.9619171001530384,0.9121034881575902,6,6,3,38.89261425516939,0.03932864287544329,0.5052699077123203,5,5,3,37.56299706863465,0.03891332836071399,0.44313706506801165
푸디스퀘어,메뉴푸디스퀘어를,5,4.605170174108092,0.9619171001530384,0.9121034881575902,6,6,2,54.53822280264681,0.9734759109876884,1.2813234978883912,5,5,2,55.365416880903034,0.9999999999999709,1.2917352263209165
푸디스퀘어,기본으로하며,5,4.605170174108092,0.9619171001530384,0.9121034881575902,6,6,2,54.53822280264681,0.9734759109876884,1.2813234978883912,5,5,2,55.365416880903034,0.9999999999999709,1.2917352263209165
푸디스퀘어,지원되지않습니다사용,5,4.605170174108092,0.9619171001530384,0.9121034881575902,6,6,2,54.53822280264681,0.9734759109876884,1.2813234978883912,5,5,2,55.365416880903034,0.9999999999999709,1.2917352263209165
푸디스퀘어,인스타그램에서,5,4.605170174108092,0.9619171001530384,0.9121034881575902,6,6,2,54.53822280264681,0.9734759109876884,1.2813234978883912,5,5,2,55.36541688090304,0.9999999999999709,1.2917352263209168
불가합니다연락처,기본으로하며,5,4.605170174108092,0.9619171001530384,0.9121034881575902,6,6,2,54.53822280264681,0.9734759109876884,1.2813234978883912,5,5,2,55.365416880903034,0.9999999999999709,1.2917352263209165
불가합니다연락처,지원되지않습니다사용,5,4.605170174108092,0.9619171001530384,0.9121034881575902,6,6,2,54.53822280264681,0.9734759109876884,1.2813234978883912,5,5,2,55.365416880903034,0.9999999999999709,1.2917352263209165
불가합니다연락처,인스타그램에서,5,4.605170174108092,0.9619171001530384,0.9121034881575902,6,6,2,54.53822280264681,0.9734759109876884,1.2813234978883912,5,5,2,55.36541688090304,0.9999999999999709,1.2917352263209168
안녕하세요배달,갱신중,5,4.605170174108092,0.9619171001530384,0.9121034881575902,6,6,2,54.53822280264681,0.9734759109876884,1.2813234978883912,5,5,2,55.365416880903034,0.9999999999999709,1.2917352263209165
안녕하세요배달,기본결제방식은,5,4.605170174108092,0.9619171001530384,0.9121034881575902,6,6,2,54.53822280264681,0.9734759109876884,1.2813234978883912,5,5,2,55.365416880903034,0.9999999999999709,1.2917352263209165
안녕하세요배달,첫째,5,4.605170174108092,0.9619171001530384,0.9121034881575902,6,6,2,54.53822280264681,0.9734759109876884,1.2813234978883912,5,5,2,55.365416880903034,0.9999999999999709,1.2917352263209165
안녕하세요배달,보온4시간뒤처리샐러드는,5,4.605170174108092,0.9619171001530384,0.9121034881575902,6,6,2,54.53822280264681,0.9734759109876884,1.2813234978883912,5,5,2,55.36541688090304,0.9999999999999709,1.2917352263209168
안녕하세요배달,아닙니다각각,5,4.605170174108092,0.9619171001530384,0.9121034881575902,6,6,2,54.53822280264681,0.9734759109876884,1.2813234978883912,5,5,2,55.36541688090304,0.9999999999999709,1.2917352263209168
안녕하세요배달,서비스3명,5,4.605170174108092,0.9619171001530384,0.9121034881575902,6,6,2,54.53822280264681,0.9734759109876884,1.2813234978883912,5,5,2,55.365416880903034,0.9999999999999709,1.2917352263209165
불가합니다연락처,보내십시오맛스타,5,4.605170174108092,0.9619171001530384,0.9121034881575902,6,6,2,54.53822280264681,0.9734759109876884,1.2813234978883912,5,5,2,55.365416880903034,0.9999999999999709,1.2917352263209165
불가합니다연락처,이유매일,5,4.605170174108092,0.9619171001530384,0.9121034881575902,6,6,2,54.53822280264681,0.9734759109876884,1.2813234978883912,5,5,2,55.365416880903034,0.9999999999999709,1.2917352263209165
불가합니다연락처,설명서기업,5,4.605170174108092,0.9619171001530384,0.9121034881575902,6,6,2,54.53822280264681,0.9734759109876884,1.2813234978883912,5,5,2,55.365416880903034,0.9999999999999709,1.2917352263209165
안녕하세요배달,도시락샐러드,5,4.605170174108092,0.9619171001530384,0.9121034881575902,6,6,2,54.53822280264681,0.9734759109876884,1.2813234978883912,5,5,2,55.36541688090304,0.9999999999999709,1.2917352263209168
안녕하세요배달,보내십시오맛스타,5,4.605170174108092,0.9619171001530384,0.9121034881575902,6,6,2,54.53822280264681,0.9734759109876884,1.2813234978883912,5,5,2,55.365416880903034,0.9999999999999709,1.2917352263209165
안녕하세요배달,이유매일,5,4.605170174108092,0.9619171001530384,0.9121034881575902,6,6,2,54.53822280264681,0.9734759109876884,1.2813234978883912,5,5,2,55.365416880903034,0.9999999999999709,1.2917352263209165
안녕하세요배달,설명서기업,5,4.605170174108092,0.9619171001530384,0.9121034881575902,6,6,2,54.53822280264681,0.9734759109876884,1.2813234978883912,5,5,2,55.365416880903034,0.9999999999999709,1.2917352263209165
안녕하세요배달,전문업체,5,4.605170174108092,0.9619171001530384,0.9121034881575902,6,6,2,54.53822280264681,0.9734759109876884,1.2813234978883912,5,5,2,55.365416880903034,0.9999999999999709,1.2917352263209165
안녕하세요배달,선택하는,5,4.605170174108092,0.9619171001530384,0.9121034881575902,6,6,2,54.53822280264681,0.9734759109876884,1.2813234978883912,5,5,2,55.36541688090304,0.9999999999999709,1.2917352263209168
안녕하세요배달,결제를,5,4.605170174108092,0.9619171001530384,0.9121034881575902,6,6,2,54.53822280264681,0.9734759109876884,1.2813234978883912,5,5,2,55.36541688090304,0.9999999999999709,1.2917352263209168
안녕하세요배달,배송탁월한,5,4.605170174108092,0.9619171001530384,0.9121034881575902,6,6,2,54.53822280264681,0.9734759109876884,1.2813234978883912,5,5,2,55.36541688090304,0.9999999999999709,1.2917352263209168
안녕하세요배달,진행도시락,5,4.605170174108092,0.9619171001530384,0.9121034881575902,6,6,2,54.53822280264681,0.9734759109876884,1.2813234978883912,5,5,2,55.36541688090304,0.9999999999999709,1.2917352263209168
안녕하세요배달,연락주세요오늘도,5,4.605170174108092,0.9619171001530384,0.9121034881575902,6,6,2,54.53822280264681,0.9734759109876884,1.2813234978883912,5,5,2,55.365416880903034,0.9999999999999709,1.2917352263209165
안녕하세요배달,이상의,5,4.605170174108092,0.9619171001530384,0.9121034881575902,6,6,2,54.53822280264681,0.9734759109876884,1.2813234978883912,5,5,2,55.365416880903034,0.9999999999999709,1.2917352263209165
안녕하세요배달,세트가,5,4.605170174108092,0.9619171001530384,0.9121034881575902,6,6,2,54.53822280264681,0.9734759109876884,1.2813234978883912,5,5,2,55.365416880903034,0.9999999999999709,1.2917352263209165
구성해서,12000원지역화폐,5,4.605170174108092,0.9619171001530384,0.9121034881575902,6,6,3,38.89261425516939,0.03932864287544329,0.5052699077123203,5,5,3,37.56299706863465,0.03891332836071399,0.44313706506801165
푸디스퀘어,결제후불결제를,5,4.605170174108092,0.9619171001530384,0.9121034881575902,6,6,2,54.53822280264681,0.9734759109876884,1.2813234978883912,5,5,2,55.365416880903034,0.9999999999999709,1.2917352263209165
안녕하세요배달,인스타그램에서,5,4.605170174108092,0.9619171001530384,0.9121034881575902,6,6,2,54.53822280264681,0.9734759109876884,1.2813234978883912,5,5,2,55.36541688090304,0.9999999999999709,1.2917352263209168
당일주문이,갱신중,5,4.605170174108092,0.9619171001530384,0.9121034881575902,6,6,2,54.53822280264681,0.9734759109876884,1.2813234978883912,5,5,2,55.365416880903034,0.9999999999999709,1.2917352263209165
당일주문이,기본결제방식은,5,4.605170174108092,0.9619171001530384,0.9121034881575902,6,6,2,54.53822280264681,0.9734759109876884,1.2813234978883912,5,5,2,55.365416880903034,0.9999999999999709,1.2917352263209165
당일주문이,첫째,5,4.605170174108092,0.9619171001530384,0.9121034881575902,6,6,2,54.53822280264681,0.9734759109876884,1.2813234978883912,5,5,2,55.365416880903034,0.9999999999999709,1.2917352263209165
당일주문이,보온4시간뒤처리샐러드는,5,4.605170174108092,0.9619171001530384,0.9121034881575902,6,6,2,54.53822280264681,0.9734759109876884,1.2813234978883912,5,5,2,55.36541688090304,0.9999999999999709,1.2917352263209168
연락처,34회,5,4.605170174108092,0.9619171001530384,0.9121034881575902,6,6,2,53.19469175420827,0.9684193983207021,1.240098578856718,5,5,2,55.36541688090304,0.9999999999999709,1.2917352263209168
3800원부터,12000원지역화폐,5,4.605170174108092,0.9619171001530384,0.9121034881575902,6,6,3,38.89261425516939,0.03932864287544329,0.5052699077123203,5,5,3,37.56299706863465,0.03891332836071399,0.44313706506801165
3800원부터,빠네디까사1배달의민족,5,4.605170174108092,0.9619171001530384,0.9121034881575902,6,6,3,38.89261425516939,0.03932864287544329,0.5052699077123203,5,5,3,37.56299706863466,0.03891332836071399,0.44313706506801187
교회간식,여주사랑카드샌드위치,5,4.605170174108092,0.9619171001530384,0.9121034881575902,6,6,3,38.89261425516939,0.03932864287544329,0.5052699077123203,5,5,3,37.56299706863465,0.03891332836071399,0.44313706506801165
교회간식,12000원지역화폐,5,4.605170174108092,0.9619171001530384,0.9121034881575902,6,6,3,38.89261425516939,0.03932864287544329,0.5052699077123203,5,5,3,37.56299706863465,0.03891332836071399,0.44313706506801165
교회간식,빠네디까사1배달의민족,5,4.605170174108092,0.9619171001530384,0.9121034881575902,6,6,3,38.89261425516939,0.03932864287544329,0.5052699077123203,5,5,3,37.56299706863466,0.03891332836071399,0.44313706506801187
여주점경기,여주사랑카드샌드위치,5,4.605170174108092,0.9619171001530384,0.9121034881575902,6,6,3,38.89261425516939,0.03932864287544329,0.5052699077123203,5,5,3,37.56299706863465,0.03891332836071399,0.44313706506801165
여주점경기,12000원지역화폐,5,4.605170174108092,0.9619171001530384,0.9121034881575902,6,6,3,38.89261425516939,0.03932864287544329,0.5052699077123203,5,5,3,37.56299706863465,0.03891332836071399,0.44313706506801165
여주점경기,빠네디까사1배달의민족,5,4.605170174108092,0.9619171001530384,0.9121034881575902,6,6,3,38.89261425516939,0.03932864287544329,0.5052699077123203,5,5,3,37.56299706863466,0.03891332836071399,0.44313706506801187
불가합니다연락처,도시락샐러드,5,4.605170174108092,0.9619171001530384,0.9121034881575902,6,6,2,54.53822280264681,0.9734759109876884,1.2813234978883912,5,5,2,55.36541688090304,0.9999999999999709,1.2917352263209168
불가합니다연락처,금요일에,5,4.605170174108092,0.9619171001530384,0.9121034881575902,6,6,2,54.53822280264681,0.9734759109876884,1.2813234978883912,5,5,2,55.365416880903034,0.9999999999999709,1.2917352263209165
불가합니다연락처,질문이나,5,4.605170174108092,0.9619171001530384,0.9121034881575902,6,6,2,54.53822280264681,0.9734759109876884,1.2813234978883912,5,5,2,55.365416880903034,0.9999999999999709,1.2917352263209165
불가합니다연락처,전용,5,4.605170174108092,0.9619171001530384,0.9121034881575902,6,6,2,54.53822280264681,0.9734759109876884,1.2813234978883912,5,5,2,55.36541688090304,0.9999999999999709,1.2917352263209168
불가합니다연락처,다른메뉴기다림,5,4.605170174108092,0.9619171001530384,0.9121034881575902,6,6,2,54.53822280264681,0.9734759109876884,1.2813234978883912,5,5,2,55.36541688090304,0.9999999999999709,1.2917352263209168
푸디스퀘어,보내십시오맛스타,5,4.605170174108092,0.9619171001530384,0.9121034881575902,6,6,2,54.53822280264681,0.9734759109876884,1.2813234978883912,5,5,2,55.365416880903034,0.9999999999999709,1.2917352263209165
연락처,이용가능주,5,4.605170174108092,0.9619171001530384,0.9121034881575902,6,6,2,53.19469175420827,0.9684193983207021,1.240098578856718,5,5,2,55.365416880903034,0.9999999999999709,1.2917352263209165
불가합니다연락처,인원부터,5,4.605170174108092,0.9619171001530384,0.9121034881575902,6,6,2,54.53822280264681,0.9734759109876884,1.2813234978883912,5,5,2,55.36541688090304,0.9999999999999709,1.2917352263209168
불가합니다연락처,34회,5,4.605170174108092,0.9619171001530384,0.9121034881575902,6,6,2,54.53822280264681,0.9734759109876884,1.2813234978883912,5,5,2,55.36541688090304,0.9999999999999709,1.2917352263209168
불가합니다연락처,이용가능주,5,4.605170174108092,0.9619171001530384,0.9121034881575902,6,6,2,54.53822280264681,0.9734759109876884,1.2813234978883912,5,5,2,55.365416880903034,0.9999999999999709,1.2917352263209165
불가합니다연락처,메뉴푸디스퀘어를,5,4.605170174108092,0.9619171001530384,0.9121034881575902,6,6,2,54.53822280264681,0.9734759109876884,1.2813234978883912,5,5,2,55.365416880903034,0.9999999999999709,1.2917352263209165
푸디스퀘어,결제를,5,4.605170174108092,0.9619171001530384,0.9121034881575902,6,6,2,54.53822280264681,0.9734759109876884,1.2813234978883912,5,5,2,55.36541688090304,0.9999999999999709,1.2917352263209168
푸디스퀘어,배송탁월한,5,4.605170174108092,0.9619171001530384,0.9121034881575902,6,6,2,54.53822280264681,0.9734759109876884,1.2813234978883912,5,5,2,55.36541688090304,0.9999999999999709,1.2917352263209168
푸디스퀘어,진행도시락,5,4.605170174108092,0.9619171001530384,0.9121034881575902,6,6,2,54.53822280264681,0.9734759109876884,1.2813234978883912,5,5,2,55.36541688090304,0.9999999999999709,1.2917352263209168
푸디스퀘어,연락주세요오늘도,5,4.605170174108092,0.9619171001530384,0.9121034881575902,6,6,2,54.53822280264681,0.9734759109876884,1.2813234978883912,5,5,2,55.365416880903034,0.9999999999999709,1.2917352263209165
푸디스퀘어,이상의,5,4.605170174108092,0.9619171001530384,0.9121034881575902,6,6,2,54.53822280264681,0.9734759109876884,1.2813234978883912,5,5,2,55.365416880903034,0.9999999999999709,1.2917352263209165
푸디스퀘어,세트가,5,4.605170174108092,0.9619171001530384,0.9121034881575902,6,6,2,54.53822280264681,0.9734759109876884,1.2813234978883912,5,5,2,55.365416880903034,0.9999999999999709,1.2917352263209165
또먹고싶다,세트가,5,4.605170174108092,0.9619171001530384,0.9121034881575902,6,6,2,54.53822280264681,0.9734759109876884,1.2813234978883912,5,5,2,55.365416880903034,0.9999999999999709,1.2917352263209165
연락처,기본으로하며,5,4.605170174108092,0.9619171001530384,0.9121034881575902,6,6,2,53.19469175420827,0.9684193983207021,1.240098578856718,5,5,2,55.365416880903034,0.9999999999999709,1.2917352263209165
월금,매월,5,4.605170174108092,0.9619171001530384,0.9121034881575902,6,6,2,54.53822280264681,0.9734759109876884,1.2813234978883912,5,5,2,55.36541688090304,0.9999999999999709,1.2917352263209168
연락처,지원되지않습니다사용,5,4.605170174108092,0.9619171001530384,0.9121034881575902,6,6,2,53.19469175420827,0.9684193983207021,1.240098578856718,5,5,2,55.365416880903034,0.9999999999999709,1.2917352263209165
연락처,인스타그램에서,5,4.605170174108092,0.9619171001530384,0.9121034881575902,6,6,2,53.19469175420827,0.9684193983207021,1.240098578856718,5,5,2,55.36541688090304,0.9999999999999709,1.2917352263209168
안녕하세요배달,질문이나,5,4.605170174108092,0.9619171001530384,0.9121034881575902,6,6,2,54.53822280264681,0.9734759109876884,1.2813234978883912,5,5,2,55.365416880903034,0.9999999999999709,1.2917352263209165
안녕하세요배달,전용,5,4.605170174108092,0.9619171001530384,0.9121034881575902,6,6,2,54.53822280264681,0.9734759109876884,1.2813234978883912,5,5,2,55.36541688090304,0.9999999999999709,1.2917352263209168
안녕하세요배달,다른메뉴기다림,5,4.605170174108092,0.9619171001530384,0.9121034881575902,6,6,2,54.53822280264681,0.9734759109876884,1.2813234978883912,5,5,2,55.36541688090304,0.9999999999999709,1.2917352263209168
안녕하세요배달,7001700매일,5,4.605170174108092,0.9619171001530384,0.9121034881575902,6,6,2,54.53822280264681,0.9734759109876884,1.2813234978883912,5,5,2,55.36541688090304,0.9999999999999709,1.2917352263209168
안녕하세요배달,매월,5,4.605170174108092,0.9619171001530384,0.9121034881575902,6,6,2,54.53822280264681,0.9734759109876884,1.2813234978883912,5,5,2,55.36541688090304,0.9999999999999709,1.2917352263209168
안녕하세요배달,인원부터,5,4.605170174108092,0.9619171001530384,0.9121034881575902,6,6,2,54.53822280264681,0.9734759109876884,1.2813234978883912,5,5,2,55.36541688090304,0.9999999999999709,1.2917352263209168
안녕하세요배달,34회,5,4.605170174108092,0.9619171001530384,0.9121034881575902,6,6,2,54.53822280264681,0.9734759109876884,1.2813234978883912,5,5,2,55.36541688090304,0.9999999999999709,1.2917352263209168
안녕하세요배달,이용가능주,5,4.605170174108092,0.9619171001530384,0.9121034881575902,6,6,2,54.53822280264681,0.9734759109876884,1.2813234978883912,5,5,2,55.365416880903034,0.9999999999999709,1.2917352263209165
안녕하세요배달,메뉴푸디스퀘어를,5,4.605170174108092,0.9619171001530384,0.9121034881575902,6,6,2,54.53822280264681,0.9734759109876884,1.2813234978883912,5,5,2,55.365416880903034,0.9999999999999709,1.2917352263209165
안녕하세요배달,기본으로하며,5,4.605170174108092,0.9619171001530384,0.9121034881575902,6,6,2,54.53822280264681,0.9734759109876884,1.2813234978883912,5,5,2,55.365416880903034,0.9999999999999709,1.2917352263209165
안녕하세요배달,지원되지않습니다사용,5,4.605170174108092,0.9619171001530384,0.9121034881575902,6,6,2,54.53822280264681,0.9734759109876884,1.2813234978883912,5,5,2,55.365416880903034,0.9999999999999709,1.2917352263209165
당일주문이,7001700매일,5,4.605170174108092,0.9619171001530384,0.9121034881575902,6,6,2,54.53822280264681,0.9734759109876884,1.2813234978883912,5,5,2,55.36541688090304,0.9999999999999709,1.2917352263209168
당일주문이,도시락샐러드,5,4.605170174108092,0.9619171001530384,0.9121034881575902,6,6,2,54.53822280264681,0.9734759109876884,1.2813234978883912,5,5,2,55.36541688090304,0.9999999999999709,1.2917352263209168
당일주문이,보내십시오맛스타,5,4.605170174108092,0.9619171001530384,0.9121034881575902,6,6,2,54.53822280264681,0.9734759109876884,1.2813234978883912,5,5,2,55.365416880903034,0.9999999999999709,1.2917352263209165
당일주문이,이유매일,5,4.605170174108092,0.9619171001530384,0.9121034881575902,6,6,2,54.53822280264681,0.9734759109876884,1.2813234978883912,5,5,2,55.365416880903034,0.9999999999999709,1.2917352263209165
당일주문이,설명서기업,5,4.605170174108092,0.9619171001530384,0.9121034881575902,6,6,2,54.53822280264681,0.9734759109876884,1.2813234978883912,5,5,2,55.365416880903034,0.9999999999999709,1.2917352263209165
당일주문이,전문업체,5,4.605170174108092,0.9619171001530384,0.9121034881575902,6,6,2,54.53822280264681,0.9734759109876884,1.2813234978883912,5,5,2,55.365416880903034,0.9999999999999709,1.2917352263209165
당일주문이,선택하는,5,4.605170174108092,0.9619171001530384,0.9121034881575902,6,6,2,54.53822280264681,0.9734759109876884,1.2813234978883912,5,5,2,55.36541688090304,0.9999999999999709,1.2917352263209168
연락처,서비스3명,5,4.605170174108092,0.9619171001530384,0.9121034881575902,6,6,2,53.19469175420827,0.9684193983207021,1.240098578856718,5,5,2,55.365416880903034,0.9999999999999709,1.2917352263209165
연락처,가능합니다샐러드는,5,4.605170174108092,0.9619171001530384,0.9121034881575902,6,6,2,53.19469175420827,0.9684193983207021,1.240098578856718,5,5,2,55.365416880903034,0.9999999999999709,1.2917352263209165
연락처,금요일에,5,4.605170174108092,0.9619171001530384,0.9121034881575902,6,6,2,53.19469175420827,0.9684193983207021,1.240098578856718,5,5,2,55.365416880903034,0.9999999999999709,1.2917352263209165
연락처,질문이나,5,4.605170174108092,0.9619171001530384,0.9121034881575902,6,6,2,53.19469175420827,0.9684193983207021,1.240098578856718,5,5,2,55.365416880903034,0.9999999999999709,1.2917352263209165
연락처,전용,5,4.605170174108092,0.9619171001530384,0.9121034881575902,6,6,2,53.19469175420827,0.9684193983207021,1.240098578856718,5,5,2,55.36541688090304,0.9999999999999709,1.2917352263209168
연락처,다른메뉴기다림,5,4.605170174108092,0.9619171001530384,0.9121034881575902,6,6,2,53.19469175420827,0.9684193983207021,1.240098578856718,5,5,2,55.36541688090304,0.9999999999999709,1.2917352263209168
연락처,7001700매일,5,4.605170174108092,0.9619171001530384,0.9121034881575902,6,6,2,53.19469175420827,0.9684193983207021,1.240098578856718,5,5,2,55.36541688090304,0.9999999999999709,1.2917352263209168
연락처,도시락샐러드,5,4.605170174108092,0.9619171001530384,0.9121034881575902,6,6,2,53.19469175420827,0.9684193983207021,1.240098578856718,5,5,2,55.36541688090304,0.9999999999999709,1.2917352263209168
연락처,보내십시오맛스타,5,4.605170174108092,0.9619171001530384,0.9121034881575902,6,6,2,53.19469175420827,0.9684193983207021,1.240098578856718,5,5,2,55.365416880903034,0.9999999999999709,1.2917352263209165
당일주문이,보온도시락샐러드,5,4.605170174108092,0.9619171001530384,0.9121034881575902,6,6,2,54.53822280264681,0.9734759109876884,1.2813234978883912,5,5,2,55.36541688090304,0.9999999999999709,1.2917352263209168
당일주문이,매월,5,4.605170174108092,0.9619171001530384,0.9121034881575902,6,6,2,54.53822280264681,0.9734759109876884,1.2813234978883912,5,5,2,55.36541688090304,0.9999999999999709,1.2917352263209168
당일주문이,인원부터,5,4.605170174108092,0.9619171001530384,0.9121034881575902,6,6,2,54.53822280264681,0.9734759109876884,1.2813234978883912,5,5,2,55.36541688090304,0.9999999999999709,1.2917352263209168
당일주문이,34회,5,4.605170174108092,0.9619171001530384,0.9121034881575902,6,6,2,54.53822280264681,0.9734759109876884,1.2813234978883912,5,5,2,55.36541688090304,0.9999999999999709,1.2917352263209168
당일주문이,이용가능주,5,4.605170174108092,0.9619171001530384,0.9121034881575902,6,6,2,54.53822280264681,0.9734759109876884,1.2813234978883912,5,5,2,55.365416880903034,0.9999999999999709,1.2917352263209165
당일주문이,메뉴푸디스퀘어를,5,4.605170174108092,0.9619171001530384,0.9121034881575902,6,6,2,54.53822280264681,0.9734759109876884,1.2813234978883912,5,5,2,55.365416880903034,0.9999999999999709,1.2917352263209165
당일주문이,기본으로하며,5,4.605170174108092,0.9619171001530384,0.9121034881575902,6,6,2,54.53822280264681,0.9734759109876884,1.2813234978883912,5,5,2,55.365416880903034,0.9999999999999709,1.2917352263209165
푸디스퀘어,이유매일,5,4.605170174108092,0.9619171001530384,0.9121034881575902,6,6,2,54.53822280264681,0.9734759109876884,1.2813234978883912,5,5,2,55.365416880903034,0.9999999999999709,1.2917352263209165
푸디스퀘어,설명서기업,5,4.605170174108092,0.9619171001530384,0.9121034881575902,6,6,2,54.53822280264681,0.9734759109876884,1.2813234978883912,5,5,2,55.365416880903034,0.9999999999999709,1.2917352263209165
푸디스퀘어,전문업체,5,4.605170174108092,0.9619171001530384,0.9121034881575902,6,6,2,54.53822280264681,0.9734759109876884,1.2813234978883912,5,5,2,55.365416880903034,0.9999999999999709,1.2917352263209165
푸디스퀘어,선택하는,5,4.605170174108092,0.9619171001530384,0.9121034881575902,6,6,2,54.53822280264681,0.9734759109876884,1.2813234978883912,5,5,2,55.36541688090304,0.9999999999999709,1.2917352263209168
당일주문이,가능합니다샐러드는,5,4.605170174108092,0.9619171001530384,0.9121034881575902,6,6,2,54.53822280264681,0.9734759109876884,1.2813234978883912,5,5,2,55.365416880903034,0.9999999999999709,1.2917352263209165
당일주문이,금요일에,5,4.605170174108092,0.9619171001530384,0.9121034881575902,6,6,2,54.53822280264681,0.9734759109876884,1.2813234978883912,5,5,2,55.365416880903034,0.9999999999999709,1.2917352263209165
당일주문이,질문이나,5,4.605170174108092,0.9619171001530384,0.9121034881575902,6,6,2,54.53822280264681,0.9734759109876884,1.2813234978883912,5,5,2,55.365416880903034,0.9999999999999709,1.2917352263209165
당일주문이,전용,5,4.605170174108092,0.9619171001530384,0.9121034881575902,6,6,2,54.53822280264681,0.9734759109876884,1.2813234978883912,5,5,2,55.36541688090304,0.9999999999999709,1.2917352263209168
당일주문이,다른메뉴기다림,5,4.605170174108092,0.9619171001530384,0.9121034881575902,6,6,2,54.53822280264681,0.9734759109876884,1.2813234978883912,5,5,2,55.36541688090304,0.9999999999999709,1.2917352263209168
월금,아닙니다각각,5,4.605170174108092,0.9619171001530384,0.9121034881575902,6,6,2,54.53822280264681,0.9734759109876884,1.2813234978883912,5,5,2,55.36541688090304,0.9999999999999709,1.2917352263209168
월금,서비스3명,5,4.605170174108092,0.9619171001530384,0.9121034881575902,6,6,2,54.53822280264681,0.9734759109876884,1.2813234978883912,5,5,2,55.365416880903034,0.9999999999999709,1.2917352263209165
월금,가능합니다샐러드는,5,4.605170174108092,0.9619171001530384,0.9121034881575902,6,6,2,54.53822280264681,0.9734759109876884,1.2813234978883912,5,5,2,55.365416880903034,0.9999999999999709,1.2917352263209165
월금,금요일에,5,4.605170174108092,0.9619171001530384,0.9121034881575902,6,6,2,54.53822280264681,0.9734759109876884,1.2813234978883912,5,5,2,55.365416880903034,0.9999999999999709,1.2917352263209165
월금,질문이나,5,4.605170174108092,0.9619171001530384,0.9121034881575902,6,6,2,54.53822280264681,0.9734759109876884,1.2813234978883912,5,5,2,55.365416880903034,0.9999999999999709,1.2917352263209165
월금,전용,5,4.605170174108092,0.9619171001530384,0.9121034881575902,6,6,2,54.53822280264681,0.9734759109876884,1.2813234978883912,5,5,2,55.36541688090304,0.9999999999999709,1.2917352263209168
월금,다른메뉴기다림,5,4.605170174108092,0.9619171001530384,0.9121034881575902,6,6,2,54.53822280264681,0.9734759109876884,1.2813234978883912,5,5,2,55.36541688090304,0.9999999999999709,1.2917352263209168
당일주문이,결제를,5,4.605170174108092,0.9619171001530384,0.9121034881575902,6,6,2,54.53822280264681,0.9734759109876884,1.2813234978883912,5,5,2,55.36541688090304,0.9999999999999709,1.2917352263209168
당일주문이,배송탁월한,5,4.605170174108092,0.9619171001530384,0.9121034881575902,6,6,2,54.53822280264681,0.9734759109876884,1.2813234978883912,5,5,2,55.36541688090304,0.9999999999999709,1.2917352263209168
안녕하세요배달,결제후불결제를,5,4.605170174108092,0.9619171001530384,0.9121034881575902,6,6,2,54.53822280264681,0.9734759109876884,1.2813234978883912,5,5,2,55.365416880903034,0.9999999999999709,1.2917352263209165
안녕하세요배달,보온도시락샐러드,5,4.605170174108092,0.9619171001530384,0.9121034881575902,6,6,2,54.53822280264681,0.9734759109876884,1.2813234978883912,5,5,2,55.36541688090304,0.9999999999999709,1.2917352263209168
당일주문이,진행도시락,5,4.605170174108092,0.9619171001530384,0.9121034881575902,6,6,2,54.53822280264681,0.9734759109876884,1.2813234978883912,5,5,2,55.36541688090304,0.9999999999999709,1.2917352263209168
당일주문이,연락주세요오늘도,5,4.605170174108092,0.9619171001530384,0.9121034881575902,6,6,2,54.53822280264681,0.9734759109876884,1.2813234978883912,5,5,2,55.365416880903034,0.9999999999999709,1.2917352263209165
당일주문이,이상의,5,4.605170174108092,0.9619171001530384,0.9121034881575902,6,6,2,54.53822280264681,0.9734759109876884,1.2813234978883912,5,5,2,55.365416880903034,0.9999999999999709,1.2917352263209165
당일주문이,세트가,5,4.605170174108092,0.9619171001530384,0.9121034881575902,6,6,2,54.53822280264681,0.9734759109876884,1.2813234978883912,5,5,2,55.365416880903034,0.9999999999999709,1.2917352263209165
당일주문이,결제후불결제를,5,4.605170174108092,0.9619171001530384,0.9121034881575902,6,6,2,54.53822280264681,0.9734759109876884,1.2813234978883912,5,5,2,55.365416880903034,0.9999999999999709,1.2917352263209165
월금,진행도시락,5,4.605170174108092,0.9619171001530384,0.9121034881575902,6,6,2,54.53822280264681,0.9734759109876884,1.2813234978883912,5,5,2,55.36541688090304,0.9999999999999709,1.2917352263209168
월금,연락주세요오늘도,5,4.605170174108092,0.9619171001530384,0.9121034881575902,6,6,2,54.53822280264681,0.9734759109876884,1.2813234978883912,5,5,2,55.365416880903034,0.9999999999999709,1.2917352263209165
월금,이상의,5,4.605170174108092,0.9619171001530384,0.9121034881575902,6,6,2,54.53822280264681,0.9734759109876884,1.2813234978883912,5,5,2,55.365416880903034,0.9999999999999709,1.2917352263209165
월금,세트가,5,4.605170174108092,0.9619171001530384,0.9121034881575902,6,6,2,54.53822280264681,0.9734759109876884,1.2813234978883912,5,5,2,55.365416880903034,0.9999999999999709,1.2917352263209165
월금,결제후불결제를,5,4.605170174108092,0.9619171001530384,0.9121034881575902,6,6,2,54.53822280264681,0.9734759109876884,1.2813234978883912,5,5,2,55.365416880903034,0.9999999999999709,1.2917352263209165
월금,보온도시락샐러드,5,4.605170174108092,0.9619171001530384,0.9121034881575902,6,6,2,54.53822280264681,0.9734759109876884,1.2813234978883912,5,5,2,55.36541688090304,0.9999999999999709,1.2917352263209168
또먹고싶다,질문이나,5,4.605170174108092,0.9619171001530384,0.9121034881575902,6,6,2,54.53822280264681,0.9734759109876884,1.2813234978883912,5,5,2,55.365416880903034,0.9999999999999709,1.2917352263209165
당일주문이,지원되지않습니다사용,5,4.605170174108092,0.9619171001530384,0.9121034881575902,6,6,2,54.53822280264681,0.9734759109876884,1.2813234978883912,5,5,2,55.365416880903034,0.9999999999999709,1.2917352263209165
당일주문이,인스타그램에서,5,4.605170174108092,0.9619171001530384,0.9121034881575902,6,6,2,54.53822280264681,0.9734759109876884,1.2813234978883912,5,5,2,55.36541688090304,0.9999999999999709,1.2917352263209168
당일주문이,아닙니다각각,5,4.605170174108092,0.9619171001530384,0.9121034881575902,6,6,2,54.53822280264681,0.9734759109876884,1.2813234978883912,5,5,2,55.36541688090304,0.9999999999999709,1.2917352263209168
당일주문이,서비스3명,5,4.605170174108092,0.9619171001530384,0.9121034881575902,6,6,2,54.53822280264681,0.9734759109876884,1.2813234978883912,5,5,2,55.365416880903034,0.9999999999999709,1.2917352263209165
월금,메뉴푸디스퀘어를,5,4.605170174108092,0.9619171001530384,0.9121034881575902,6,6,2,54.53822280264681,0.9734759109876884,1.2813234978883912,5,5,2,55.365416880903034,0.9999999999999709,1.2917352263209165
월금,갱신중,5,4.605170174108092,0.9619171001530384,0.9121034881575902,6,6,2,54.53822280264681,0.9734759109876884,1.2813234978883912,5,5,2,55.365416880903034,0.9999999999999709,1.2917352263209165
월금,기본결제방식은,5,4.605170174108092,0.9619171001530384,0.9121034881575902,6,6,2,54.53822280264681,0.9734759109876884,1.2813234978883912,5,5,2,55.365416880903034,0.9999999999999709,1.2917352263209165
월금,첫째,5,4.605170174108092,0.9619171001530384,0.9121034881575902,6,6,2,54.53822280264681,0.9734759109876884,1.2813234978883912,5,5,2,55.365416880903034,0.9999999999999709,1.2917352263209165
월금,보온4시간뒤처리샐러드는,5,4.605170174108092,0.9619171001530384,0.9121034881575902,6,6,2,54.53822280264681,0.9734759109876884,1.2813234978883912,5,5,2,55.36541688090304,0.9999999999999709,1.2917352263209168
01096763990전화문의,갱신중,5,4.605170174108092,0.9619171001530384,0.9121034881575902,6,6,2,54.53822280264681,0.9734759109876884,1.2813234978883912,5,5,2,55.365416880903034,0.9999999999999709,1.2917352263209165
01096763990전화문의,기본결제방식은,5,4.605170174108092,0.9619171001530384,0.9121034881575902,6,6,2,54.53822280264681,0.9734759109876884,1.2813234978883912,5,5,2,55.365416880903034,0.9999999999999709,1.2917352263209165
01096763990전화문의,첫째,5,4.605170174108092,0.9619171001530384,0.9121034881575902,6,6,2,54.53822280264681,0.9734759109876884,1.2813234978883912,5,5,2,55.365416880903034,0.9999999999999709,1.2917352263209165
01096763990전화문의,보온4시간뒤처리샐러드는,5,4.605170174108092,0.9619171001530384,0.9121034881575902,6,6,2,54.53822280264681,0.9734759109876884,1.2813234978883912,5,5,2,55.36541688090304,0.9999999999999709,1.2917352263209168
연락처,설명서기업,5,4.605170174108092,0.9619171001530384,0.9121034881575902,6,6,2,53.19469175420827,0.9684193983207021,1.240098578856718,5,5,2,55.365416880903034,0.9999999999999709,1.2917352263209165
연락처,전문업체,5,4.605170174108092,0.9619171001530384,0.9121034881575902,6,6,2,53.19469175420827,0.9684193983207021,1.240098578856718,5,5,2,55.365416880903034,0.9999999999999709,1.2917352263209165
월금,7001700매일,5,4.605170174108092,0.9619171001530384,0.9121034881575902,6,6,2,54.53822280264681,0.9734759109876884,1.2813234978883912,5,5,2,55.36541688090304,0.9999999999999709,1.2917352263209168
월금,도시락샐러드,5,4.605170174108092,0.9619171001530384,0.9121034881575902,6,6,2,54.53822280264681,0.9734759109876884,1.2813234978883912,5,5,2,55.36541688090304,0.9999999999999709,1.2917352263209168
월금,보내십시오맛스타,5,4.605170174108092,0.9619171001530384,0.9121034881575902,6,6,2,54.53822280264681,0.9734759109876884,1.2813234978883912,5,5,2,55.365416880903034,0.9999999999999709,1.2917352263209165
월금,이유매일,5,4.605170174108092,0.9619171001530384,0.9121034881575902,6,6,2,54.53822280264681,0.9734759109876884,1.2813234978883912,5,5,2,55.365416880903034,0.9999999999999709,1.2917352263209165
01096763990전화문의,질문이나,5,4.605170174108092,0.9619171001530384,0.9121034881575902,6,6,2,54.53822280264681,0.9734759109876884,1.2813234978883912,5,5,2,55.365416880903034,0.9999999999999709,1.2917352263209165
월금,설명서기업,5,4.605170174108092,0.9619171001530384,0.9121034881575902,6,6,2,54.53822280264681,0.9734759109876884,1.2813234978883912,5,5,2,55.365416880903034,0.9999999999999709,1.2917352263209165
월금,전문업체,5,4.605170174108092,0.9619171001530384,0.9121034881575902,6,6,2,54.53822280264681,0.9734759109876884,1.2813234978883912,5,5,2,55.365416880903034,0.9999999999999709,1.2917352263209165
월금,선택하는,5,4.605170174108092,0.9619171001530384,0.9121034881575902,6,6,2,54.53822280264681,0.9734759109876884,1.2813234978883912,5,5,2,55.36541688090304,0.9999999999999709,1.2917352263209168
월금,결제를,5,4.605170174108092,0.9619171001530384,0.9121034881575902,6,6,2,54.53822280264681,0.9734759109876884,1.2813234978883912,5,5,2,55.36541688090304,0.9999999999999709,1.2917352263209168
월금,배송탁월한,5,4.605170174108092,0.9619171001530384,0.9121034881575902,6,6,2,54.53822280264681,0.9734759109876884,1.2813234978883912,5,5,2,55.36541688090304,0.9999999999999709,1.2917352263209168
연락처,선택하는,5,4.605170174108092,0.9619171001530384,0.9121034881575902,6,6,2,53.19469175420827,0.9684193983207021,1.240098578856718,5,5,2,55.36541688090304,0.9999999999999709,1.2917352263209168
연락처,결제를,5,4.605170174108092,0.9619171001530384,0.9121034881575902,6,6,2,53.19469175420827,0.9684193983207021,1.240098578856718,5,5,2,55.36541688090304,0.9999999999999709,1.2917352263209168
연락처,배송탁월한,5,4.605170174108092,0.9619171001530384,0.9121034881575902,6,6,2,53.19469175420827,0.9684193983207021,1.240098578856718,5,5,2,55.36541688090304,0.9999999999999709,1.2917352263209168
연락처,진행도시락,5,4.605170174108092,0.9619171001530384,0.9121034881575902,6,6,2,53.19469175420827,0.9684193983207021,1.240098578856718,5,5,2,55.36541688090304,0.9999999999999709,1.2917352263209168
연락처,갱신중,5,4.605170174108092,0.9619171001530384,0.9121034881575902,6,6,2,53.19469175420827,0.9684193983207021,1.240098578856718,5,5,2,55.365416880903034,0.9999999999999709,1.2917352263209165
월금,인원부터,5,4.605170174108092,0.9619171001530384,0.9121034881575902,6,6,2,54.53822280264681,0.9734759109876884,1.2813234978883912,5,5,2,55.36541688090304,0.9999999999999709,1.2917352263209168
월금,34회,5,4.605170174108092,0.9619171001530384,0.9121034881575902,6,6,2,54.53822280264681,0.9734759109876884,1.2813234978883912,5,5,2,55.36541688090304,0.9999999999999709,1.2917352263209168
월금,이용가능주,5,4.605170174108092,0.9619171001530384,0.9121034881575902,6,6,2,54.53822280264681,0.9734759109876884,1.2813234978883912,5,5,2,55.365416880903034,0.9999999999999709,1.2917352263209165
01096763990전화문의,진행도시락,5,4.605170174108092,0.9619171001530384,0.9121034881575902,6,6,2,54.53822280264681,0.9734759109876884,1.2813234978883912,5,5,2,55.36541688090304,0.9999999999999709,1.2917352263209168
01096763990전화문의,연락주세요오늘도,5,4.605170174108092,0.9619171001530384,0.9121034881575902,6,6,2,54.53822280264681,0.9734759109876884,1.2813234978883912,5,5,2,55.365416880903034,0.9999999999999709,1.2917352263209165
01096763990전화문의,이상의,5,4.605170174108092,0.9619171001530384,0.9121034881575902,6,6,2,54.53822280264681,0.9734759109876884,1.2813234978883912,5,5,2,55.365416880903034,0.9999999999999709,1.2917352263209165
01096763990전화문의,세트가,5,4.605170174108092,0.9619171001530384,0.9121034881575902,6,6,2,54.53822280264681,0.9734759109876884,1.2813234978883912,5,5,2,55.365416880903034,0.9999999999999709,1.2917352263209165
01096763990전화문의,결제후불결제를,5,4.605170174108092,0.9619171001530384,0.9121034881575902,6,6,2,54.53822280264681,0.9734759109876884,1.2813234978883912,5,5,2,55.365416880903034,0.9999999999999709,1.2917352263209165
월금,기본으로하며,5,4.605170174108092,0.9619171001530384,0.9121034881575902,6,6,2,54.53822280264681,0.9734759109876884,1.2813234978883912,5,5,2,55.365416880903034,0.9999999999999709,1.2917352263209165
월금,지원되지않습니다사용,5,4.605170174108092,0.9619171001530384,0.9121034881575902,6,6,2,54.53822280264681,0.9734759109876884,1.2813234978883912,5,5,2,55.365416880903034,0.9999999999999709,1.2917352263209165
월금,인스타그램에서,5,4.605170174108092,0.9619171001530384,0.9121034881575902,6,6,2,54.53822280264681,0.9734759109876884,1.2813234978883912,5,5,2,55.36541688090304,0.9999999999999709,1.2917352263209168
01096763990전화문의,금요일에,5,4.605170174108092,0.9619171001530384,0.9121034881575902,6,6,2,54.53822280264681,0.9734759109876884,1.2813234978883912,5,5,2,55.365416880903034,0.9999999999999709,1.2917352263209165
01096763990전화문의,기본으로하며,5,4.605170174108092,0.9619171001530384,0.9121034881575902,6,6,2,54.53822280264681,0.9734759109876884,1.2813234978883912,5,5,2,55.365416880903034,0.9999999999999709,1.2917352263209165
01096763990전화문의,지원되지않습니다사용,5,4.605170174108092,0.9619171001530384,0.9121034881575902,6,6,2,54.53822280264681,0.9734759109876884,1.2813234978883912,5,5,2,55.365416880903034,0.9999999999999709,1.2917352263209165
01096763990전화문의,인스타그램에서,5,4.605170174108092,0.9619171001530384,0.9121034881575902,6,6,2,54.53822280264681,0.9734759109876884,1.2813234978883912,5,5,2,55.36541688090304,0.9999999999999709,1.2917352263209168
샐러드salad,갱신중,5,4.605170174108092,0.9619171001530384,0.9121034881575902,6,6,2,54.53822280264681,0.9734759109876884,1.2813234978883912,5,5,2,55.365416880903034,0.9999999999999709,1.2917352263209165
샐러드salad,기본결제방식은,5,4.605170174108092,0.9619171001530384,0.9121034881575902,6,6,2,54.53822280264681,0.9734759109876884,1.2813234978883912,5,5,2,55.365416880903034,0.9999999999999709,1.2917352263209165
01096763990전화문의,전용,5,4.605170174108092,0.9619171001530384,0.9121034881575902,6,6,2,54.53822280264681,0.9734759109876884,1.2813234978883912,5,5,2,55.36541688090304,0.9999999999999709,1.2917352263209168
01096763990전화문의,다른메뉴기다림,5,4.605170174108092,0.9619171001530384,0.9121034881575902,6,6,2,54.53822280264681,0.9734759109876884,1.2813234978883912,5,5,2,55.36541688090304,0.9999999999999709,1.2917352263209168
01096763990전화문의,7001700매일,5,4.605170174108092,0.9619171001530384,0.9121034881575902,6,6,2,54.53822280264681,0.9734759109876884,1.2813234978883912,5,5,2,55.36541688090304,0.9999999999999709,1.2917352263209168
01096763990전화문의,도시락샐러드,5,4.605170174108092,0.9619171001530384,0.9121034881575902,6,6,2,54.53822280264681,0.9734759109876884,1.2813234978883912,5,5,2,55.36541688090304,0.9999999999999709,1.2917352263209168
01096763990전화문의,보내십시오맛스타,5,4.605170174108092,0.9619171001530384,0.9121034881575902,6,6,2,54.53822280264681,0.9734759109876884,1.2813234978883912,5,5,2,55.365416880903034,0.9999999999999709,1.2917352263209165
01096763990전화문의,이유매일,5,4.605170174108092,0.9619171001530384,0.9121034881575902,6,6,2,54.53822280264681,0.9734759109876884,1.2813234978883912,5,5,2,55.365416880903034,0.9999999999999709,1.2917352263209165
01096763990전화문의,설명서기업,5,4.605170174108092,0.9619171001530384,0.9121034881575902,6,6,2,54.53822280264681,0.9734759109876884,1.2813234978883912,5,5,2,55.365416880903034,0.9999999999999709,1.2917352263209165
연락처,기본결제방식은,5,4.605170174108092,0.9619171001530384,0.9121034881575902,6,6,2,53.19469175420827,0.9684193983207021,1.240098578856718,5,5,2,55.365416880903034,0.9999999999999709,1.2917352263209165
연락처,첫째,5,4.605170174108092,0.9619171001530384,0.9121034881575902,6,6,2,53.19469175420827,0.9684193983207021,1.240098578856718,5,5,2,55.365416880903034,0.9999999999999709,1.2917352263209165
연락처,보온4시간뒤처리샐러드는,5,4.605170174108092,0.9619171001530384,0.9121034881575902,6,6,2,53.19469175420827,0.9684193983207021,1.240098578856718,5,5,2,55.36541688090304,0.9999999999999709,1.2917352263209168
연락처,아닙니다각각,5,4.605170174108092,0.9619171001530384,0.9121034881575902,6,6,2,53.19469175420827,0.9684193983207021,1.240098578856718,5,5,2,55.36541688090304,0.9999999999999709,1.2917352263209168
또먹고싶다,배송탁월한,5,4.605170174108092,0.9619171001530384,0.9121034881575902,6,6,2,54.53822280264681,0.9734759109876884,1.2813234978883912,5,5,2,55.36541688090304,0.9999999999999709,1.2917352263209168
또먹고싶다,진행도시락,5,4.605170174108092,0.9619171001530384,0.9121034881575902,6,6,2,54.53822280264681,0.9734759109876884,1.2813234978883912,5,5,2,55.36541688090304,0.9999999999999709,1.2917352263209168
또먹고싶다,연락주세요오늘도,5,4.605170174108092,0.9619171001530384,0.9121034881575902,6,6,2,54.53822280264681,0.9734759109876884,1.2813234978883912,5,5,2,55.365416880903034,0.9999999999999709,1.2917352263209165
또먹고싶다,이상의,5,4.605170174108092,0.9619171001530384,0.9121034881575902,6,6,2,54.53822280264681,0.9734759109876884,1.2813234978883912,5,5,2,55.365416880903034,0.9999999999999709,1.2917352263209165
또먹고싶다,결제후불결제를,5,4.605170174108092,0.9619171001530384,0.9121034881575902,6,6,2,54.53822280264681,0.9734759109876884,1.2813234978883912,5,5,2,55.365416880903034,0.9999999999999709,1.2917352263209165
또먹고싶다,보온도시락샐러드,5,4.605170174108092,0.9619171001530384,0.9121034881575902,6,6,2,54.53822280264681,0.9734759109876884,1.2813234978883912,5,5,2,55.36541688090304,0.9999999999999709,1.2917352263209168
또먹고싶다,매월,5,4.605170174108092,0.9619171001530384,0.9121034881575902,6,6,2,54.53822280264681,0.9734759109876884,1.2813234978883912,5,5,2,55.36541688090304,0.9999999999999709,1.2917352263209168
또먹고싶다,인원부터,5,4.605170174108092,0.9619171001530384,0.9121034881575902,6,6,2,54.53822280264681,0.9734759109876884,1.2813234978883912,5,5,2,55.36541688090304,0.9999999999999709,1.2917352263209168
또먹고싶다,34회,5,4.605170174108092,0.9619171001530384,0.9121034881575902,6,6,2,54.53822280264681,0.9734759109876884,1.2813234978883912,5,5,2,55.36541688090304,0.9999999999999709,1.2917352263209168
또먹고싶다,이용가능주,5,4.605170174108092,0.9619171001530384,0.9121034881575902,6,6,2,54.53822280264681,0.9734759109876884,1.2813234978883912,5,5,2,55.365416880903034,0.9999999999999709,1.2917352263209165
또먹고싶다,메뉴푸디스퀘어를,5,4.605170174108092,0.9619171001530384,0.9121034881575902,6,6,2,54.53822280264681,0.9734759109876884,1.2813234978883912,5,5,2,55.365416880903034,0.9999999999999709,1.2917352263209165
또먹고싶다,기본으로하며,5,4.605170174108092,0.9619171001530384,0.9121034881575902,6,6,2,54.53822280264681,0.9734759109876884,1.2813234978883912,5,5,2,55.365416880903034,0.9999999999999709,1.2917352263209165
01096763990전화문의,아닙니다각각,5,4.605170174108092,0.9619171001530384,0.9121034881575902,6,6,2,54.53822280264681,0.9734759109876884,1.2813234978883912,5,5,2,55.36541688090304,0.9999999999999709,1.2917352263209168
01096763990전화문의,서비스3명,5,4.605170174108092,0.9619171001530384,0.9121034881575902,6,6,2,54.53822280264681,0.9734759109876884,1.2813234978883912,5,5,2,55.365416880903034,0.9999999999999709,1.2917352263209165
01096763990전화문의,가능합니다샐러드는,5,4.605170174108092,0.9619171001530384,0.9121034881575902,6,6,2,54.53822280264681,0.9734759109876884,1.2813234978883912,5,5,2,55.365416880903034,0.9999999999999709,1.2917352263209165
또먹고싶다,지원되지않습니다사용,5,4.605170174108092,0.9619171001530384,0.9121034881575902,6,6,2,54.53822280264681,0.9734759109876884,1.2813234978883912,5,5,2,55.365416880903034,0.9999999999999709,1.2917352263209165
또먹고싶다,인스타그램에서,5,4.605170174108092,0.9619171001530384,0.9121034881575902,6,6,2,54.53822280264681,0.9734759109876884,1.2813234978883912,5,5,2,55.36541688090304,0.9999999999999709,1.2917352263209168
또먹고싶다,보온4시간뒤처리샐러드는,5,4.605170174108092,0.9619171001530384,0.9121034881575902,6,6,2,54.53822280264681,0.9734759109876884,1.2813234978883912,5,5,2,55.36541688090304,0.9999999999999709,1.2917352263209168
또먹고싶다,아닙니다각각,5,4.605170174108092,0.9619171001530384,0.9121034881575902,6,6,2,54.53822280264681,0.9734759109876884,1.2813234978883912,5,5,2,55.36541688090304,0.9999999999999709,1.2917352263209168
또먹고싶다,서비스3명,5,4.605170174108092,0.9619171001530384,0.9121034881575902,6,6,2,54.53822280264681,0.9734759109876884,1.2813234978883912,5,5,2,55.365416880903034,0.9999999999999709,1.2917352263209165
또먹고싶다,가능합니다샐러드는,5,4.605170174108092,0.9619171001530384,0.9121034881575902,6,6,2,54.53822280264681,0.9734759109876884,1.2813234978883912,5,5,2,55.365416880903034,0.9999999999999709,1.2917352263209165
또먹고싶다,금요일에,5,4.605170174108092,0.9619171001530384,0.9121034881575902,6,6,2,54.53822280264681,0.9734759109876884,1.2813234978883912,5,5,2,55.365416880903034,0.9999999999999709,1.2917352263209165
맛집오늘뭐먹지,결제를,5,4.605170174108092,0.9619171001530384,0.9121034881575902,6,6,2,54.53822280264681,0.9734759109876884,1.2813234978883912,5,5,2,55.36541688090304,0.9999999999999709,1.2917352263209168
맛집오늘뭐먹지,배송탁월한,5,4.605170174108092,0.9619171001530384,0.9121034881575902,6,6,2,54.53822280264681,0.9734759109876884,1.2813234978883912,5,5,2,55.36541688090304,0.9999999999999709,1.2917352263209168
맛집오늘뭐먹지,진행도시락,5,4.605170174108092,0.9619171001530384,0.9121034881575902,6,6,2,54.53822280264681,0.9734759109876884,1.2813234978883912,5,5,2,55.36541688090304,0.9999999999999709,1.2917352263209168
맛집오늘뭐먹지,연락주세요오늘도,5,4.605170174108092,0.9619171001530384,0.9121034881575902,6,6,2,54.53822280264681,0.9734759109876884,1.2813234978883912,5,5,2,55.365416880903034,0.9999999999999709,1.2917352263209165
맛집오늘뭐먹지,이상의,5,4.605170174108092,0.9619171001530384,0.9121034881575902,6,6,2,54.53822280264681,0.9734759109876884,1.2813234978883912,5,5,2,55.365416880903034,0.9999999999999709,1.2917352263209165
맛집오늘뭐먹지,세트가,5,4.605170174108092,0.9619171001530384,0.9121034881575902,6,6,2,54.53822280264681,0.9734759109876884,1.2813234978883912,5,5,2,55.365416880903034,0.9999999999999709,1.2917352263209165
맛집오늘뭐먹지,결제후불결제를,5,4.605170174108092,0.9619171001530384,0.9121034881575902,6,6,2,54.53822280264681,0.9734759109876884,1.2813234978883912,5,5,2,55.365416880903034,0.9999999999999709,1.2917352263209165
또먹고싶다,전용,5,4.605170174108092,0.9619171001530384,0.9121034881575902,6,6,2,54.53822280264681,0.9734759109876884,1.2813234978883912,5,5,2,55.36541688090304,0.9999999999999709,1.2917352263209168
또먹고싶다,다른메뉴기다림,5,4.605170174108092,0.9619171001530384,0.9121034881575902,6,6,2,54.53822280264681,0.9734759109876884,1.2813234978883912,5,5,2,55.36541688090304,0.9999999999999709,1.2917352263209168
샐러드salad,7001700매일,5,4.605170174108092,0.9619171001530384,0.9121034881575902,6,6,2,54.53822280264681,0.9734759109876884,1.2813234978883912,5,5,2,55.36541688090304,0.9999999999999709,1.2917352263209168
샐러드salad,도시락샐러드,5,4.605170174108092,0.9619171001530384,0.9121034881575902,6,6,2,54.53822280264681,0.9734759109876884,1.2813234978883912,5,5,2,55.36541688090304,0.9999999999999709,1.2917352263209168
샐러드salad,보내십시오맛스타,5,4.605170174108092,0.9619171001530384,0.9121034881575902,6,6,2,54.53822280264681,0.9734759109876884,1.2813234978883912,5,5,2,55.365416880903034,0.9999999999999709,1.2917352263209165
샐러드salad,이유매일,5,4.605170174108092,0.9619171001530384,0.9121034881575902,6,6,2,54.53822280264681,0.9734759109876884,1.2813234978883912,5,5,2,55.365416880903034,0.9999999999999709,1.2917352263209165
샐러드salad,설명서기업,5,4.605170174108092,0.9619171001530384,0.9121034881575902,6,6,2,54.53822280264681,0.9734759109876884,1.2813234978883912,5,5,2,55.365416880903034,0.9999999999999709,1.2917352263209165
샐러드salad,전문업체,5,4.605170174108092,0.9619171001530384,0.9121034881575902,6,6,2,54.53822280264681,0.9734759109876884,1.2813234978883912,5,5,2,55.365416880903034,0.9999999999999709,1.2917352263209165
샐러드salad,선택하는,5,4.605170174108092,0.9619171001530384,0.9121034881575902,6,6,2,54.53822280264681,0.9734759109876884,1.2813234978883912,5,5,2,55.36541688090304,0.9999999999999709,1.2917352263209168
01096763990전화문의,보온도시락샐러드,5,4.605170174108092,0.9619171001530384,0.9121034881575902,6,6,2,54.53822280264681,0.9734759109876884,1.2813234978883912,5,5,2,55.36541688090304,0.9999999999999709,1.2917352263209168
01096763990전화문의,매월,5,4.605170174108092,0.9619171001530384,0.9121034881575902,6,6,2,54.53822280264681,0.9734759109876884,1.2813234978883912,5,5,2,55.36541688090304,0.9999999999999709,1.2917352263209168
또먹고싶다,7001700매일,5,4.605170174108092,0.9619171001530384,0.9121034881575902,6,6,2,54.53822280264681,0.9734759109876884,1.2813234978883912,5,5,2,55.36541688090304,0.9999999999999709,1.2917352263209168
또먹고싶다,도시락샐러드,5,4.605170174108092,0.9619171001530384,0.9121034881575902,6,6,2,54.53822280264681,0.9734759109876884,1.2813234978883912,5,5,2,55.36541688090304,0.9999999999999709,1.2917352263209168
또먹고싶다,보내십시오맛스타,5,4.605170174108092,0.9619171001530384,0.9121034881575902,6,6,2,54.53822280264681,0.9734759109876884,1.2813234978883912,5,5,2,55.365416880903034,0.9999999999999709,1.2917352263209165
또먹고싶다,이유매일,5,4.605170174108092,0.9619171001530384,0.9121034881575902,6,6,2,54.53822280264681,0.9734759109876884,1.2813234978883912,5,5,2,55.365416880903034,0.9999999999999709,1.2917352263209165
또먹고싶다,설명서기업,5,4.605170174108092,0.9619171001530384,0.9121034881575902,6,6,2,54.53822280264681,0.9734759109876884,1.2813234978883912,5,5,2,55.365416880903034,0.9999999999999709,1.2917352263209165
또먹고싶다,전문업체,5,4.605170174108092,0.9619171001530384,0.9121034881575902,6,6,2,54.53822280264681,0.9734759109876884,1.2813234978883912,5,5,2,55.365416880903034,0.9999999999999709,1.2917352263209165
또먹고싶다,선택하는,5,4.605170174108092,0.9619171001530384,0.9121034881575902,6,6,2,54.53822280264681,0.9734759109876884,1.2813234978883912,5,5,2,55.36541688090304,0.9999999999999709,1.2917352263209168
샐러드salad,이용가능주,5,4.605170174108092,0.9619171001530384,0.9121034881575902,6,6,2,54.53822280264681,0.9734759109876884,1.2813234978883912,5,5,2,55.365416880903034,0.9999999999999709,1.2917352263209165
샐러드salad,메뉴푸디스퀘어를,5,4.605170174108092,0.9619171001530384,0.9121034881575902,6,6,2,54.53822280264681,0.9734759109876884,1.2813234978883912,5,5,2,55.365416880903034,0.9999999999999709,1.2917352263209165
샐러드salad,기본으로하며,5,4.605170174108092,0.9619171001530384,0.9121034881575902,6,6,2,54.53822280264681,0.9734759109876884,1.2813234978883912,5,5,2,55.365416880903034,0.9999999999999709,1.2917352263209165
샐러드salad,지원되지않습니다사용,5,4.605170174108092,0.9619171001530384,0.9121034881575902,6,6,2,54.53822280264681,0.9734759109876884,1.2813234978883912,5,5,2,55.365416880903034,0.9999999999999709,1.2917352263209165
샐러드salad,인스타그램에서,5,4.605170174108092,0.9619171001530384,0.9121034881575902,6,6,2,54.53822280264681,0.9734759109876884,1.2813234978883912,5,5,2,55.36541688090304,0.9999999999999709,1.2917352263209168
샐러드salad,첫째,5,4.605170174108092,0.9619171001530384,0.9121034881575902,6,6,2,54.53822280264681,0.9734759109876884,1.2813234978883912,5,5,2,55.365416880903034,0.9999999999999709,1.2917352263209165
샐러드salad,보온4시간뒤처리샐러드는,5,4.605170174108092,0.9619171001530384,0.9121034881575902,6,6,2,54.53822280264681,0.9734759109876884,1.2813234978883912,5,5,2,55.36541688090304,0.9999999999999709,1.2917352263209168
맛집오늘뭐먹지,갱신중,5,4.605170174108092,0.9619171001530384,0.9121034881575902,6,6,2,54.53822280264681,0.9734759109876884,1.2813234978883912,5,5,2,55.365416880903034,0.9999999999999709,1.2917352263209165
맛집오늘뭐먹지,기본결제방식은,5,4.605170174108092,0.9619171001530384,0.9121034881575902,6,6,2,54.53822280264681,0.9734759109876884,1.2813234978883912,5,5,2,55.365416880903034,0.9999999999999709,1.2917352263209165
01096763990전화문의,전문업체,5,4.605170174108092,0.9619171001530384,0.9121034881575902,6,6,2,54.53822280264681,0.9734759109876884,1.2813234978883912,5,5,2,55.365416880903034,0.9999999999999709,1.2917352263209165
01096763990전화문의,선택하는,5,4.605170174108092,0.9619171001530384,0.9121034881575902,6,6,2,54.53822280264681,0.9734759109876884,1.2813234978883912,5,5,2,55.36541688090304,0.9999999999999709,1.2917352263209168
01096763990전화문의,결제를,5,4.605170174108092,0.9619171001530384,0.9121034881575902,6,6,2,54.53822280264681,0.9734759109876884,1.2813234978883912,5,5,2,55.36541688090304,0.9999999999999709,1.2917352263209168
01096763990전화문의,배송탁월한,5,4.605170174108092,0.9619171001530384,0.9121034881575902,6,6,2,54.53822280264681,0.9734759109876884,1.2813234978883912,5,5,2,55.36541688090304,0.9999999999999709,1.2917352263209168
샐러드salad,질문이나,5,4.605170174108092,0.9619171001530384,0.9121034881575902,6,6,2,54.53822280264681,0.9734759109876884,1.2813234978883912,5,5,2,55.365416880903034,0.9999999999999709,1.2917352263209165
샐러드salad,전용,5,4.605170174108092,0.9619171001530384,0.9121034881575902,6,6,2,54.53822280264681,0.9734759109876884,1.2813234978883912,5,5,2,55.36541688090304,0.9999999999999709,1.2917352263209168
샐러드salad,다른메뉴기다림,5,4.605170174108092,0.9619171001530384,0.9121034881575902,6,6,2,54.53822280264681,0.9734759109876884,1.2813234978883912,5,5,2,55.36541688090304,0.9999999999999709,1.2917352263209168
맛집오늘뭐먹지,첫째,5,4.605170174108092,0.9619171001530384,0.9121034881575902,6,6,2,54.53822280264681,0.9734759109876884,1.2813234978883912,5,5,2,55.365416880903034,0.9999999999999709,1.2917352263209165
맛집오늘뭐먹지,보온4시간뒤처리샐러드는,5,4.605170174108092,0.9619171001530384,0.9121034881575902,6,6,2,54.53822280264681,0.9734759109876884,1.2813234978883912,5,5,2,55.36541688090304,0.9999999999999709,1.2917352263209168
맛집오늘뭐먹지,아닙니다각각,5,4.605170174108092,0.9619171001530384,0.9121034881575902,6,6,2,54.53822280264681,0.9734759109876884,1.2813234978883912,5,5,2,55.36541688090304,0.9999999999999709,1.2917352263209168
맛집오늘뭐먹지,서비스3명,5,4.605170174108092,0.9619171001530384,0.9121034881575902,6,6,2,54.53822280264681,0.9734759109876884,1.2813234978883912,5,5,2,55.365416880903034,0.9999999999999709,1.2917352263209165
맛집오늘뭐먹지,가능합니다샐러드는,5,4.605170174108092,0.9619171001530384,0.9121034881575902,6,6,2,54.53822280264681,0.9734759109876884,1.2813234978883912,5,5,2,55.365416880903034,0.9999999999999709,1.2917352263209165
맛집오늘뭐먹지,금요일에,5,4.605170174108092,0.9619171001530384,0.9121034881575902,6,6,2,54.53822280264681,0.9734759109876884,1.2813234978883912,5,5,2,55.365416880903034,0.9999999999999709,1.2917352263209165
맛집오늘뭐먹지,질문이나,5,4.605170174108092,0.9619171001530384,0.9121034881575902,6,6,2,54.53822280264681,0.9734759109876884,1.2813234978883912,5,5,2,55.365416880903034,0.9999999999999709,1.2917352263209165
01096763990전화문의,인원부터,5,4.605170174108092,0.9619171001530384,0.9121034881575902,6,6,2,54.53822280264681,0.9734759109876884,1.2813234978883912,5,5,2,55.36541688090304,0.9999999999999709,1.2917352263209168
01096763990전화문의,34회,5,4.605170174108092,0.9619171001530384,0.9121034881575902,6,6,2,54.53822280264681,0.9734759109876884,1.2813234978883912,5,5,2,55.36541688090304,0.9999999999999709,1.2917352263209168
01096763990전화문의,이용가능주,5,4.605170174108092,0.9619171001530384,0.9121034881575902,6,6,2,54.53822280264681,0.9734759109876884,1.2813234978883912,5,5,2,55.365416880903034,0.9999999999999709,1.2917352263209165
01096763990전화문의,메뉴푸디스퀘어를,5,4.605170174108092,0.9619171001530384,0.9121034881575902,6,6,2,54.53822280264681,0.9734759109876884,1.2813234978883912,5,5,2,55.365416880903034,0.9999999999999709,1.2917352263209165
샐러드salad,결제후불결제를,5,4.605170174108092,0.9619171001530384,0.9121034881575902,6,6,2,54.53822280264681,0.9734759109876884,1.2813234978883912,5,5,2,55.365416880903034,0.9999999999999709,1.2917352263209165
샐러드salad,보온도시락샐러드,5,4.605170174108092,0.9619171001530384,0.9121034881575902,6,6,2,54.53822280264681,0.9734759109876884,1.2813234978883912,5,5,2,55.36541688090304,0.9999999999999709,1.2917352263209168
샐러드salad,매월,5,4.605170174108092,0.9619171001530384,0.9121034881575902,6,6,2,54.53822280264681,0.9734759109876884,1.2813234978883912,5,5,2,55.36541688090304,0.9999999999999709,1.2917352263209168
샐러드salad,인원부터,5,4.605170174108092,0.9619171001530384,0.9121034881575902,6,6,2,54.53822280264681,0.9734759109876884,1.2813234978883912,5,5,2,55.36541688090304,0.9999999999999709,1.2917352263209168
샐러드salad,34회,5,4.605170174108092,0.9619171001530384,0.9121034881575902,6,6,2,54.53822280264681,0.9734759109876884,1.2813234978883912,5,5,2,55.36541688090304,0.9999999999999709,1.2917352263209168
맛집오늘뭐먹지,지원되지않습니다사용,5,4.605170174108092,0.9619171001530384,0.9121034881575902,6,6,2,54.53822280264681,0.9734759109876884,1.2813234978883912,5,5,2,55.365416880903034,0.9999999999999709,1.2917352263209165
맛집오늘뭐먹지,인스타그램에서,5,4.605170174108092,0.9619171001530384,0.9121034881575902,6,6,2,54.53822280264681,0.9734759109876884,1.2813234978883912,5,5,2,55.36541688090304,0.9999999999999709,1.2917352263209168
또먹고싶다,갱신중,5,4.605170174108092,0.9619171001530384,0.9121034881575902,6,6,2,54.53822280264681,0.9734759109876884,1.2813234978883912,5,5,2,55.365416880903034,0.9999999999999709,1.2917352263209165
또먹고싶다,기본결제방식은,5,4.605170174108092,0.9619171001530384,0.9121034881575902,6,6,2,54.53822280264681,0.9734759109876884,1.2813234978883912,5,5,2,55.365416880903034,0.9999999999999709,1.2917352263209165
또먹고싶다,첫째,5,4.605170174108092,0.9619171001530384,0.9121034881575902,6,6,2,54.53822280264681,0.9734759109876884,1.2813234978883912,5,5,2,55.365416880903034,0.9999999999999709,1.2917352263209165
맛집오늘뭐먹지,전문업체,5,4.605170174108092,0.9619171001530384,0.9121034881575902,6,6,2,54.53822280264681,0.9734759109876884,1.2813234978883912,5,5,2,55.365416880903034,0.9999999999999709,1.2917352263209165
맛집오늘뭐먹지,선택하는,5,4.605170174108092,0.9619171001530384,0.9121034881575902,6,6,2,54.53822280264681,0.9734759109876884,1.2813234978883912,5,5,2,55.36541688090304,0.9999999999999709,1.2917352263209168
맛집오늘뭐먹지,전용,5,4.605170174108092,0.9619171001530384,0.9121034881575902,6,6,2,54.53822280264681,0.9734759109876884,1.2813234978883912,5,5,2,55.36541688090304,0.9999999999999709,1.2917352263209168
맛집오늘뭐먹지,다른메뉴기다림,5,4.605170174108092,0.9619171001530384,0.9121034881575902,6,6,2,54.53822280264681,0.9734759109876884,1.2813234978883912,5,5,2,55.36541688090304,0.9999999999999709,1.2917352263209168
맛집오늘뭐먹지,7001700매일,5,4.605170174108092,0.9619171001530384,0.9121034881575902,6,6,2,54.53822280264681,0.9734759109876884,1.2813234978883912,5,5,2,55.36541688090304,0.9999999999999709,1.2917352263209168
맛집오늘뭐먹지,도시락샐러드,5,4.605170174108092,0.9619171001530384,0.9121034881575902,6,6,2,54.53822280264681,0.9734759109876884,1.2813234978883912,5,5,2,55.36541688090304,0.9999999999999709,1.2917352263209168
맛집오늘뭐먹지,보내십시오맛스타,5,4.605170174108092,0.9619171001530384,0.9121034881575902,6,6,2,54.53822280264681,0.9734759109876884,1.2813234978883912,5,5,2,55.365416880903034,0.9999999999999709,1.2917352263209165
맛집오늘뭐먹지,이유매일,5,4.605170174108092,0.9619171001530384,0.9121034881575902,6,6,2,54.53822280264681,0.9734759109876884,1.2813234978883912,5,5,2,55.365416880903034,0.9999999999999709,1.2917352263209165
맛집오늘뭐먹지,설명서기업,5,4.605170174108092,0.9619171001530384,0.9121034881575902,6,6,2,54.53822280264681,0.9734759109876884,1.2813234978883912,5,5,2,55.365416880903034,0.9999999999999709,1.2917352263209165
instafood,34회,5,4.605170174108092,0.9619171001530384,0.9121034881575902,6,6,2,54.53822280264681,0.9734759109876884,1.2813234978883912,5,5,2,55.36541688090304,0.9999999999999709,1.2917352263209168
instafood,이용가능주,5,4.605170174108092,0.9619171001530384,0.9121034881575902,6,6,2,54.53822280264681,0.9734759109876884,1.2813234978883912,5,5,2,55.365416880903034,0.9999999999999709,1.2917352263209165
샐러드salad,가능합니다샐러드는,5,4.605170174108092,0.9619171001530384,0.9121034881575902,6,6,2,54.53822280264681,0.9734759109876884,1.2813234978883912,5,5,2,55.365416880903034,0.9999999999999709,1.2917352263209165
샐러드salad,금요일에,5,4.605170174108092,0.9619171001530384,0.9121034881575902,6,6,2,54.53822280264681,0.9734759109876884,1.2813234978883912,5,5,2,55.365416880903034,0.9999999999999709,1.2917352263209165
푸디스퀘어,서비스3명,5,4.605170174108092,0.9619171001530384,0.9121034881575902,6,6,2,54.53822280264681,0.9734759109876884,1.2813234978883912,5,5,2,55.365416880903034,0.9999999999999709,1.2917352263209165
푸디스퀘어,가능합니다샐러드는,5,4.605170174108092,0.9619171001530384,0.9121034881575902,6,6,2,54.53822280264681,0.9734759109876884,1.2813234978883912,5,5,2,55.365416880903034,0.9999999999999709,1.2917352263209165
푸디스퀘어,금요일에,5,4.605170174108092,0.9619171001530384,0.9121034881575902,6,6,2,54.53822280264681,0.9734759109876884,1.2813234978883912,5,5,2,55.365416880903034,0.9999999999999709,1.2917352263209165
푸디스퀘어,질문이나,5,4.605170174108092,0.9619171001530384,0.9121034881575902,6,6,2,54.53822280264681,0.9734759109876884,1.2813234978883912,5,5,2,55.365416880903034,0.9999999999999709,1.2917352263209165
푸디스퀘어,전용,5,4.605170174108092,0.9619171001530384,0.9121034881575902,6,6,2,54.53822280264681,0.9734759109876884,1.2813234978883912,5,5,2,55.36541688090304,0.9999999999999709,1.2917352263209168
푸디스퀘어,다른메뉴기다림,5,4.605170174108092,0.9619171001530384,0.9121034881575902,6,6,2,54.53822280264681,0.9734759109876884,1.2813234978883912,5,5,2,55.36541688090304,0.9999999999999709,1.2917352263209168
푸디스퀘어,7001700매일,5,4.605170174108092,0.9619171001530384,0.9121034881575902,6,6,2,54.53822280264681,0.9734759109876884,1.2813234978883912,5,5,2,55.36541688090304,0.9999999999999709,1.2917352263209168
문의사항은,금요일에,5,4.605170174108092,0.9619171001530384,0.9121034881575902,6,6,2,54.53822280264681,0.9734759109876884,1.2813234978883912,5,5,2,55.365416880903034,0.9999999999999709,1.2917352263209165
문의사항은,질문이나,5,4.605170174108092,0.9619171001530384,0.9121034881575902,6,6,2,54.53822280264681,0.9734759109876884,1.2813234978883912,5,5,2,55.365416880903034,0.9999999999999709,1.2917352263209165
문의사항은,전용,5,4.605170174108092,0.9619171001530384,0.9121034881575902,6,6,2,54.53822280264681,0.9734759109876884,1.2813234978883912,5,5,2,55.36541688090304,0.9999999999999709,1.2917352263209168
샐러드salad,결제를,5,4.605170174108092,0.9619171001530384,0.9121034881575902,6,6,2,54.53822280264681,0.9734759109876884,1.2813234978883912,5,5,2,55.36541688090304,0.9999999999999709,1.2917352263209168
샐러드salad,배송탁월한,5,4.605170174108092,0.9619171001530384,0.9121034881575902,6,6,2,54.53822280264681,0.9734759109876884,1.2813234978883912,5,5,2,55.36541688090304,0.9999999999999709,1.2917352263209168
맛집오늘뭐먹지,보온도시락샐러드,5,4.605170174108092,0.9619171001530384,0.9121034881575902,6,6,2,54.53822280264681,0.9734759109876884,1.2813234978883912,5,5,2,55.36541688090304,0.9999999999999709,1.2917352263209168
맛집오늘뭐먹지,매월,5,4.605170174108092,0.9619171001530384,0.9121034881575902,6,6,2,54.53822280264681,0.9734759109876884,1.2813234978883912,5,5,2,55.36541688090304,0.9999999999999709,1.2917352263209168
문의사항은,서비스3명,5,4.605170174108092,0.9619171001530384,0.9121034881575902,6,6,2,54.53822280264681,0.9734759109876884,1.2813234978883912,5,5,2,55.365416880903034,0.9999999999999709,1.2917352263209165
문의사항은,가능합니다샐러드는,5,4.605170174108092,0.9619171001530384,0.9121034881575902,6,6,2,54.53822280264681,0.9734759109876884,1.2813234978883912,5,5,2,55.365416880903034,0.9999999999999709,1.2917352263209165
푸디스퀘어,보온도시락샐러드,5,4.605170174108092,0.9619171001530384,0.9121034881575902,6,6,2,54.53822280264681,0.9734759109876884,1.2813234978883912,5,5,2,55.36541688090304,0.9999999999999709,1.2917352263209168
푸디스퀘어,매월,5,4.605170174108092,0.9619171001530384,0.9121034881575902,6,6,2,54.53822280264681,0.9734759109876884,1.2813234978883912,5,5,2,55.36541688090304,0.9999999999999709,1.2917352263209168
푸디스퀘어,인원부터,5,4.605170174108092,0.9619171001530384,0.9121034881575902,6,6,2,54.53822280264681,0.9734759109876884,1.2813234978883912,5,5,2,55.36541688090304,0.9999999999999709,1.2917352263209168
푸디스퀘어,34회,5,4.605170174108092,0.9619171001530384,0.9121034881575902,6,6,2,54.53822280264681,0.9734759109876884,1.2813234978883912,5,5,2,55.36541688090304,0.9999999999999709,1.2917352263209168
푸디스퀘어,갱신중,5,4.605170174108092,0.9619171001530384,0.9121034881575902,6,6,2,54.53822280264681,0.9734759109876884,1.2813234978883912,5,5,2,55.365416880903034,0.9999999999999709,1.2917352263209165
맛집오늘뭐먹지,인원부터,5,4.605170174108092,0.9619171001530384,0.9121034881575902,6,6,2,54.53822280264681,0.9734759109876884,1.2813234978883912,5,5,2,55.36541688090304,0.9999999999999709,1.2917352263209168
맛집오늘뭐먹지,34회,5,4.605170174108092,0.9619171001530384,0.9121034881575902,6,6,2,54.53822280264681,0.9734759109876884,1.2813234978883912,5,5,2,55.36541688090304,0.9999999999999709,1.2917352263209168
맛집오늘뭐먹지,이용가능주,5,4.605170174108092,0.9619171001530384,0.9121034881575902,6,6,2,54.53822280264681,0.9734759109876884,1.2813234978883912,5,5,2,55.365416880903034,0.9999999999999709,1.2917352263209165
맛집오늘뭐먹지,메뉴푸디스퀘어를,5,4.605170174108092,0.9619171001530384,0.9121034881575902,6,6,2,54.53822280264681,0.9734759109876884,1.2813234978883912,5,5,2,55.365416880903034,0.9999999999999709,1.2917352263209165
맛집오늘뭐먹지,기본으로하며,5,4.605170174108092,0.9619171001530384,0.9121034881575902,6,6,2,54.53822280264681,0.9734759109876884,1.2813234978883912,5,5,2,55.365416880903034,0.9999999999999709,1.2917352263209165
주문을,결제후불결제를,5,4.605170174108092,0.9619171001530384,0.9121034881575902,6,6,2,54.53822280264681,0.9734759109876884,1.2813234978883912,5,5,2,55.365416880903034,0.9999999999999709,1.2917352263209165
주문을,보온도시락샐러드,5,4.605170174108092,0.9619171001530384,0.9121034881575902,6,6,2,54.53822280264681,0.9734759109876884,1.2813234978883912,5,5,2,55.36541688090304,0.9999999999999709,1.2917352263209168
샐러드salad,아닙니다각각,5,4.605170174108092,0.9619171001530384,0.9121034881575902,6,6,2,54.53822280264681,0.9734759109876884,1.2813234978883912,5,5,2,55.36541688090304,0.9999999999999709,1.2917352263209168
샐러드salad,서비스3명,5,4.605170174108092,0.9619171001530384,0.9121034881575902,6,6,2,54.53822280264681,0.9734759109876884,1.2813234978883912,5,5,2,55.365416880903034,0.9999999999999709,1.2917352263209165
주문을,매월,5,4.605170174108092,0.9619171001530384,0.9121034881575902,6,6,2,54.53822280264681,0.9734759109876884,1.2813234978883912,5,5,2,55.36541688090304,0.9999999999999709,1.2917352263209168
instafood,도시락샐러드,5,4.605170174108092,0.9619171001530384,0.9121034881575902,6,6,2,54.53822280264681,0.9734759109876884,1.2813234978883912,5,5,2,55.36541688090304,0.9999999999999709,1.2917352263209168
instafood,보내십시오맛스타,5,4.605170174108092,0.9619171001530384,0.9121034881575902,6,6,2,54.53822280264681,0.9734759109876884,1.2813234978883912,5,5,2,55.365416880903034,0.9999999999999709,1.2917352263209165
instafood,이유매일,5,4.605170174108092,0.9619171001530384,0.9121034881575902,6,6,2,54.53822280264681,0.9734759109876884,1.2813234978883912,5,5,2,55.365416880903034,0.9999999999999709,1.2917352263209165
instafood,설명서기업,5,4.605170174108092,0.9619171001530384,0.9121034881575902,6,6,2,54.53822280264681,0.9734759109876884,1.2813234978883912,5,5,2,55.365416880903034,0.9999999999999709,1.2917352263209165
instafood,전문업체,5,4.605170174108092,0.9619171001530384,0.9121034881575902,6,6,2,54.53822280264681,0.9734759109876884,1.2813234978883912,5,5,2,55.365416880903034,0.9999999999999709,1.2917352263209165
instafood,선택하는,5,4.605170174108092,0.9619171001530384,0.9121034881575902,6,6,2,54.53822280264681,0.9734759109876884,1.2813234978883912,5,5,2,55.36541688090304,0.9999999999999709,1.2917352263209168
샐러드salad,진행도시락,5,4.605170174108092,0.9619171001530384,0.9121034881575902,6,6,2,54.53822280264681,0.9734759109876884,1.2813234978883912,5,5,2,55.36541688090304,0.9999999999999709,1.2917352263209168
샐러드salad,연락주세요오늘도,5,4.605170174108092,0.9619171001530384,0.9121034881575902,6,6,2,54.53822280264681,0.9734759109876884,1.2813234978883912,5,5,2,55.365416880903034,0.9999999999999709,1.2917352263209165
샐러드salad,이상의,5,4.605170174108092,0.9619171001530384,0.9121034881575902,6,6,2,54.53822280264681,0.9734759109876884,1.2813234978883912,5,5,2,55.365416880903034,0.9999999999999709,1.2917352263209165
샐러드salad,세트가,5,4.605170174108092,0.9619171001530384,0.9121034881575902,6,6,2,54.53822280264681,0.9734759109876884,1.2813234978883912,5,5,2,55.365416880903034,0.9999999999999709,1.2917352263209165
문의사항은,갱신중,5,4.605170174108092,0.9619171001530384,0.9121034881575902,6,6,2,54.53822280264681,0.9734759109876884,1.2813234978883912,5,5,2,55.365416880903034,0.9999999999999709,1.2917352263209165
문의사항은,기본결제방식은,5,4.605170174108092,0.9619171001530384,0.9121034881575902,6,6,2,54.53822280264681,0.9734759109876884,1.2813234978883912,5,5,2,55.365416880903034,0.9999999999999709,1.2917352263209165
문의사항은,첫째,5,4.605170174108092,0.9619171001530384,0.9121034881575902,6,6,2,54.53822280264681,0.9734759109876884,1.2813234978883912,5,5,2,55.365416880903034,0.9999999999999709,1.2917352263209165
문의사항은,보온4시간뒤처리샐러드는,5,4.605170174108092,0.9619171001530384,0.9121034881575902,6,6,2,54.53822280264681,0.9734759109876884,1.2813234978883912,5,5,2,55.36541688090304,0.9999999999999709,1.2917352263209168
문의사항은,아닙니다각각,5,4.605170174108092,0.9619171001530384,0.9121034881575902,6,6,2,54.53822280264681,0.9734759109876884,1.2813234978883912,5,5,2,55.36541688090304,0.9999999999999709,1.2917352263209168
instafood,결제를,5,4.605170174108092,0.9619171001530384,0.9121034881575902,6,6,2,54.53822280264681,0.9734759109876884,1.2813234978883912,5,5,2,55.36541688090304,0.9999999999999709,1.2917352263209168
instafood,배송탁월한,5,4.605170174108092,0.9619171001530384,0.9121034881575902,6,6,2,54.53822280264681,0.9734759109876884,1.2813234978883912,5,5,2,55.36541688090304,0.9999999999999709,1.2917352263209168
instafood,진행도시락,5,4.605170174108092,0.9619171001530384,0.9121034881575902,6,6,2,54.53822280264681,0.9734759109876884,1.2813234978883912,5,5,2,55.36541688090304,0.9999999999999709,1.2917352263209168
instafood,연락주세요오늘도,5,4.605170174108092,0.9619171001530384,0.9121034881575902,6,6,2,54.53822280264681,0.9734759109876884,1.2813234978883912,5,5,2,55.365416880903034,0.9999999999999709,1.2917352263209165
instafood,이상의,5,4.605170174108092,0.9619171001530384,0.9121034881575902,6,6,2,54.53822280264681,0.9734759109876884,1.2813234978883912,5,5,2,55.365416880903034,0.9999999999999709,1.2917352263209165
instafood,세트가,5,4.605170174108092,0.9619171001530384,0.9121034881575902,6,6,2,54.53822280264681,0.9734759109876884,1.2813234978883912,5,5,2,55.365416880903034,0.9999999999999709,1.2917352263209165
instafood,인스타그램에서,5,4.605170174108092,0.9619171001530384,0.9121034881575902,6,6,2,54.53822280264681,0.9734759109876884,1.2813234978883912,5,5,2,55.36541688090304,0.9999999999999709,1.2917352263209168
불가합니다연락처,보온도시락샐러드,5,4.605170174108092,0.9619171001530384,0.9121034881575902,6,6,2,54.53822280264681,0.9734759109876884,1.2813234978883912,5,5,2,55.36541688090304,0.9999999999999709,1.2917352263209168
불가합니다연락처,매월,5,4.605170174108092,0.9619171001530384,0.9121034881575902,6,6,2,54.53822280264681,0.9734759109876884,1.2813234978883912,5,5,2,55.36541688090304,0.9999999999999709,1.2917352263209168
푸디스퀘어,이용가능주,5,4.605170174108092,0.9619171001530384,0.9121034881575902,6,6,2,54.53822280264681,0.9734759109876884,1.2813234978883912,5,5,2,55.365416880903034,0.9999999999999709,1.2917352263209165
불가합니다연락처,갱신중,5,4.605170174108092,0.9619171001530384,0.9121034881575902,6,6,2,54.53822280264681,0.9734759109876884,1.2813234978883912,5,5,2,55.365416880903034,0.9999999999999709,1.2917352263209165
불가합니다연락처,기본결제방식은,5,4.605170174108092,0.9619171001530384,0.9121034881575902,6,6,2,54.53822280264681,0.9734759109876884,1.2813234978883912,5,5,2,55.365416880903034,0.9999999999999709,1.2917352263209165
불가합니다연락처,첫째,5,4.605170174108092,0.9619171001530384,0.9121034881575902,6,6,2,54.53822280264681,0.9734759109876884,1.2813234978883912,5,5,2,55.365416880903034,0.9999999999999709,1.2917352263209165
불가합니다연락처,보온4시간뒤처리샐러드는,5,4.605170174108092,0.9619171001530384,0.9121034881575902,6,6,2,54.53822280264681,0.9734759109876884,1.2813234978883912,5,5,2,55.36541688090304,0.9999999999999709,1.2917352263209168
불가합니다연락처,아닙니다각각,5,4.605170174108092,0.9619171001530384,0.9121034881575902,6,6,2,54.53822280264681,0.9734759109876884,1.2813234978883912,5,5,2,55.36541688090304,0.9999999999999709,1.2917352263209168
불가합니다연락처,서비스3명,5,4.605170174108092,0.9619171001530384,0.9121034881575902,6,6,2,54.53822280264681,0.9734759109876884,1.2813234978883912,5,5,2,55.365416880903034,0.9999999999999709,1.2917352263209165
불가합니다연락처,가능합니다샐러드는,5,4.605170174108092,0.9619171001530384,0.9121034881575902,6,6,2,54.53822280264681,0.9734759109876884,1.2813234978883912,5,5,2,55.365416880903034,0.9999999999999709,1.2917352263209165
맞춰일정에,12000원지역화폐,5,4.605170174108092,0.9619171001530384,0.9121034881575902,6,6,3,38.89261425516939,0.03932864287544329,0.5052699077123203,5,5,3,37.56299706863465,0.03891332836071399,0.44313706506801165
여주시,여주사랑카드샌드위치,5,4.605170174108092,0.9619171001530384,0.9121034881575902,6,6,3,38.89261425516939,0.03932864287544329,0.5052699077123203,5,5,3,37.56299706863465,0.03891332836071399,0.44313706506801165
여주시,12000원지역화폐,5,4.605170174108092,0.9619171001530384,0.9121034881575902,6,6,3,38.89261425516939,0.03932864287544329,0.5052699077123203,5,5,3,37.56299706863465,0.03891332836071399,0.44313706506801165
여주시,빠네디까사1배달의민족,5,4.605170174108092,0.9619171001530384,0.9121034881575902,6,6,3,38.89261425516939,0.03932864287544329,0.5052699077123203,5,5,3,37.56299706863466,0.03891332836071399,0.44313706506801187
맞춰일정에,여주사랑카드샌드위치,5,4.605170174108092,0.9619171001530384,0.9121034881575902,6,6,3,38.89261425516939,0.03932864287544329,0.5052699077123203,5,5,3,37.56299706863465,0.03891332836071399,0.44313706506801165
안녕하세요배달,가능합니다샐러드는,5,4.605170174108092,0.9619171001530384,0.9121034881575902,6,6,2,54.53822280264681,0.9734759109876884,1.2813234978883912,5,5,2,55.365416880903034,0.9999999999999709,1.2917352263209165
G드림카드,여주사랑카드샌드위치,5,4.605170174108092,0.9619171001530384,0.9121034881575902,6,6,3,38.89261425516939,0.03932864287544329,0.5052699077123203,5,5,3,37.56299706863465,0.03891332836071399,0.44313706506801165
G드림카드,12000원지역화폐,5,4.605170174108092,0.9619171001530384,0.9121034881575902,6,6,3,38.89261425516939,0.03932864287544329,0.5052699077123203,5,5,3,37.56299706863465,0.03891332836071399,0.44313706506801165
또먹고싶다,결제를,5,4.605170174108092,0.9619171001530384,0.9121034881575902,6,6,2,54.53822280264681,0.9734759109876884,1.2813234978883912,5,5,2,55.36541688090304,0.9999999999999709,1.2917352263209168
푸디스퀘어,기본결제방식은,5,4.605170174108092,0.9619171001530384,0.9121034881575902,6,6,2,54.53822280264681,0.9734759109876884,1.2813234978883912,5,5,2,55.365416880903034,0.9999999999999709,1.2917352263209165
푸디스퀘어,첫째,5,4.605170174108092,0.9619171001530384,0.9121034881575902,6,6,2,54.53822280264681,0.9734759109876884,1.2813234978883912,5,5,2,55.365416880903034,0.9999999999999709,1.2917352263209165
푸디스퀘어,보온4시간뒤처리샐러드는,5,4.605170174108092,0.9619171001530384,0.9121034881575902,6,6,2,54.53822280264681,0.9734759109876884,1.2813234978883912,5,5,2,55.36541688090304,0.9999999999999709,1.2917352263209168
푸디스퀘어,아닙니다각각,5,4.605170174108092,0.9619171001530384,0.9121034881575902,6,6,2,54.53822280264681,0.9734759109876884,1.2813234978883912,5,5,2,55.36541688090304,0.9999999999999709,1.2917352263209168
문의사항은,결제를,5,4.605170174108092,0.9619171001530384,0.9121034881575902,6,6,2,54.53822280264681,0.9734759109876884,1.2813234978883912,5,5,2,55.36541688090304,0.9999999999999709,1.2917352263209168
문의사항은,배송탁월한,5,4.605170174108092,0.9619171001530384,0.9121034881575902,6,6,2,54.53822280264681,0.9734759109876884,1.2813234978883912,5,5,2,55.36541688090304,0.9999999999999709,1.2917352263209168
문의사항은,진행도시락,5,4.605170174108092,0.9619171001530384,0.9121034881575902,6,6,2,54.53822280264681,0.9734759109876884,1.2813234978883912,5,5,2,55.36541688090304,0.9999999999999709,1.2917352263209168
문의사항은,연락주세요오늘도,5,4.605170174108092,0.9619171001530384,0.9121034881575902,6,6,2,54.53822280264681,0.9734759109876884,1.2813234978883912,5,5,2,55.365416880903034,0.9999999999999709,1.2917352263209165
문의사항은,이상의,5,4.605170174108092,0.9619171001530384,0.9121034881575902,6,6,2,54.53822280264681,0.9734759109876884,1.2813234978883912,5,5,2,55.365416880903034,0.9999999999999709,1.2917352263209165
문의사항은,세트가,5,4.605170174108092,0.9619171001530384,0.9121034881575902,6,6,2,54.53822280264681,0.9734759109876884,1.2813234978883912,5,5,2,55.365416880903034,0.9999999999999709,1.2917352263209165
문의사항은,결제후불결제를,5,4.605170174108092,0.9619171001530384,0.9121034881575902,6,6,2,54.53822280264681,0.9734759109876884,1.2813234978883912,5,5,2,55.365416880903034,0.9999999999999709,1.2917352263209165
문의사항은,보온도시락샐러드,5,4.605170174108092,0.9619171001530384,0.9121034881575902,6,6,2,54.53822280264681,0.9734759109876884,1.2813234978883912,5,5,2,55.36541688090304,0.9999999999999709,1.2917352263209168
푸디스퀘어,도시락샐러드,5,4.605170174108092,0.9619171001530384,0.9121034881575902,6,6,2,54.53822280264681,0.9734759109876884,1.2813234978883912,5,5,2,55.36541688090304,0.9999999999999709,1.2917352263209168
매우우수업체백반맛집,점심메뉴입니다,5,4.605170174108092,0.9619171001530384,0.9121034881575902,6,6,5,2.8857513004591153,0.003483734651076662,-0.5658599171348969,5,5,5,2.9619170942376236,0.004014447891140731,-0.5863269537738132
문의사항은,인원부터,5,4.605170174108092,0.9619171001530384,0.9121034881575902,6,6,2,54.53822280264681,0.9734759109876884,1.2813234978883912,5,5,2,55.36541688090304,0.9999999999999709,1.2917352263209168
문의사항은,34회,5,4.605170174108092,0.9619171001530384,0.9121034881575902,6,6,2,54.53822280264681,0.9734759109876884,1.2813234978883912,5,5,2,55.36541688090304,0.9999999999999709,1.2917352263209168
문의사항은,이용가능주,5,4.605170174108092,0.9619171001530384,0.9121034881575902,6,6,2,54.53822280264681,0.9734759109876884,1.2813234978883912,5,5,2,55.365416880903034,0.9999999999999709,1.2917352263209165
문의사항은,메뉴푸디스퀘어를,5,4.605170174108092,0.9619171001530384,0.9121034881575902,6,6,2,54.53822280264681,0.9734759109876884,1.2813234978883912,5,5,2,55.365416880903034,0.9999999999999709,1.2917352263209165
문의사항은,기본으로하며,5,4.605170174108092,0.9619171001530384,0.9121034881575902,6,6,2,54.53822280264681,0.9734759109876884,1.2813234978883912,5,5,2,55.365416880903034,0.9999999999999709,1.2917352263209165
문의사항은,지원되지않습니다사용,5,4.605170174108092,0.9619171001530384,0.9121034881575902,6,6,2,54.53822280264681,0.9734759109876884,1.2813234978883912,5,5,2,55.365416880903034,0.9999999999999709,1.2917352263209165
문의사항은,인스타그램에서,5,4.605170174108092,0.9619171001530384,0.9121034881575902,6,6,2,54.53822280264681,0.9734759109876884,1.2813234978883912,5,5,2,55.36541688090304,0.9999999999999709,1.2917352263209168
수거,갱신중,5,4.605170174108092,0.9619171001530384,0.9121034881575902,6,6,2,54.53822280264681,0.9734759109876884,1.2813234978883912,5,5,2,55.365416880903034,0.9999999999999709,1.2917352263209165
문의사항은,다른메뉴기다림,5,4.605170174108092,0.9619171001530384,0.9121034881575902,6,6,2,54.53822280264681,0.9734759109876884,1.2813234978883912,5,5,2,55.36541688090304,0.9999999999999709,1.2917352263209168
문의사항은,7001700매일,5,4.605170174108092,0.9619171001530384,0.9121034881575902,6,6,2,54.53822280264681,0.9734759109876884,1.2813234978883912,5,5,2,55.36541688090304,0.9999999999999709,1.2917352263209168
문의사항은,도시락샐러드,5,4.605170174108092,0.9619171001530384,0.9121034881575902,6,6,2,54.53822280264681,0.9734759109876884,1.2813234978883912,5,5,2,55.36541688090304,0.9999999999999709,1.2917352263209168
문의사항은,보내십시오맛스타,5,4.605170174108092,0.9619171001530384,0.9121034881575902,6,6,2,54.53822280264681,0.9734759109876884,1.2813234978883912,5,5,2,55.365416880903034,0.9999999999999709,1.2917352263209165
수거,서비스3명,5,4.605170174108092,0.9619171001530384,0.9121034881575902,6,6,2,54.53822280264681,0.9734759109876884,1.2813234978883912,5,5,2,55.365416880903034,0.9999999999999709,1.2917352263209165
수거,가능합니다샐러드는,5,4.605170174108092,0.9619171001530384,0.9121034881575902,6,6,2,54.53822280264681,0.9734759109876884,1.2813234978883912,5,5,2,55.365416880903034,0.9999999999999709,1.2917352263209165
수거,금요일에,5,4.605170174108092,0.9619171001530384,0.9121034881575902,6,6,2,54.53822280264681,0.9734759109876884,1.2813234978883912,5,5,2,55.365416880903034,0.9999999999999709,1.2917352263209165
수거,질문이나,5,4.605170174108092,0.9619171001530384,0.9121034881575902,6,6,2,54.53822280264681,0.9734759109876884,1.2813234978883912,5,5,2,55.365416880903034,0.9999999999999709,1.2917352263209165
수거,전용,5,4.605170174108092,0.9619171001530384,0.9121034881575902,6,6,2,54.53822280264681,0.9734759109876884,1.2813234978883912,5,5,2,55.36541688090304,0.9999999999999709,1.2917352263209168
수거,다른메뉴기다림,5,4.605170174108092,0.9619171001530384,0.9121034881575902,6,6,2,54.53822280264681,0.9734759109876884,1.2813234978883912,5,5,2,55.36541688090304,0.9999999999999709,1.2917352263209168
수거,7001700매일,5,4.605170174108092,0.9619171001530384,0.9121034881575902,6,6,2,54.53822280264681,0.9734759109876884,1.2813234978883912,5,5,2,55.36541688090304,0.9999999999999709,1.2917352263209168
수거,도시락샐러드,5,4.605170174108092,0.9619171001530384,0.9121034881575902,6,6,2,54.53822280264681,0.9734759109876884,1.2813234978883912,5,5,2,55.36541688090304,0.9999999999999709,1.2917352263209168
수거,보내십시오맛스타,5,4.605170174108092,0.9619171001530384,0.9121034881575902,6,6,2,54.53822280264681,0.9734759109876884,1.2813234978883912,5,5,2,55.365416880903034,0.9999999999999709,1.2917352263209165
매우우수업체백반맛집,석식메뉴도,5,4.605170174108092,0.9619171001530384,0.9121034881575902,6,6,5,2.8857513004591153,0.003483734651076662,-0.5658599171348969,5,5,5,2.9619170942376236,0.004014447891140731,-0.5863269537738132
문의사항은,이유매일,5,4.605170174108092,0.9619171001530384,0.9121034881575902,6,6,2,54.53822280264681,0.9734759109876884,1.2813234978883912,5,5,2,55.365416880903034,0.9999999999999709,1.2917352263209165
문의사항은,설명서기업,5,4.605170174108092,0.9619171001530384,0.9121034881575902,6,6,2,54.53822280264681,0.9734759109876884,1.2813234978883912,5,5,2,55.365416880903034,0.9999999999999709,1.2917352263209165
문의사항은,전문업체,5,4.605170174108092,0.9619171001530384,0.9121034881575902,6,6,2,54.53822280264681,0.9734759109876884,1.2813234978883912,5,5,2,55.365416880903034,0.9999999999999709,1.2917352263209165
문의사항은,선택하는,5,4.605170174108092,0.9619171001530384,0.9121034881575902,6,6,2,54.53822280264681,0.9734759109876884,1.2813234978883912,5,5,2,55.36541688090304,0.9999999999999709,1.2917352263209168
수거,첫째,5,4.605170174108092,0.9619171001530384,0.9121034881575902,6,6,2,54.53822280264681,0.9734759109876884,1.2813234978883912,5,5,2,55.365416880903034,0.9999999999999709,1.2917352263209165
수거,보온4시간뒤처리샐러드는,5,4.605170174108092,0.9619171001530384,0.9121034881575902,6,6,2,54.53822280264681,0.9734759109876884,1.2813234978883912,5,5,2,55.36541688090304,0.9999999999999709,1.2917352263209168
수거,아닙니다각각,5,4.605170174108092,0.9619171001530384,0.9121034881575902,6,6,2,54.53822280264681,0.9734759109876884,1.2813234978883912,5,5,2,55.36541688090304,0.9999999999999709,1.2917352263209168
문의사항은,매월,5,4.605170174108092,0.9619171001530384,0.9121034881575902,6,6,2,54.53822280264681,0.9734759109876884,1.2813234978883912,5,5,2,55.36541688090304,0.9999999999999709,1.2917352263209168
수거,결제를,5,4.605170174108092,0.9619171001530384,0.9121034881575902,6,6,2,54.53822280264681,0.9734759109876884,1.2813234978883912,5,5,2,55.36541688090304,0.9999999999999709,1.2917352263209168
수거,배송탁월한,5,4.605170174108092,0.9619171001530384,0.9121034881575902,6,6,2,54.53822280264681,0.9734759109876884,1.2813234978883912,5,5,2,55.36541688090304,0.9999999999999709,1.2917352263209168
수거,진행도시락,5,4.605170174108092,0.9619171001530384,0.9121034881575902,6,6,2,54.53822280264681,0.9734759109876884,1.2813234978883912,5,5,2,55.36541688090304,0.9999999999999709,1.2917352263209168
수거,연락주세요오늘도,5,4.605170174108092,0.9619171001530384,0.9121034881575902,6,6,2,54.53822280264681,0.9734759109876884,1.2813234978883912,5,5,2,55.365416880903034,0.9999999999999709,1.2917352263209165
수거,이상의,5,4.605170174108092,0.9619171001530384,0.9121034881575902,6,6,2,54.53822280264681,0.9734759109876884,1.2813234978883912,5,5,2,55.365416880903034,0.9999999999999709,1.2917352263209165
수거,세트가,5,4.605170174108092,0.9619171001530384,0.9121034881575902,6,6,2,54.53822280264681,0.9734759109876884,1.2813234978883912,5,5,2,55.365416880903034,0.9999999999999709,1.2917352263209165
수거,결제후불결제를,5,4.605170174108092,0.9619171001530384,0.9121034881575902,6,6,2,54.53822280264681,0.9734759109876884,1.2813234978883912,5,5,2,55.365416880903034,0.9999999999999709,1.2917352263209165
수거,보온도시락샐러드,5,4.605170174108092,0.9619171001530384,0.9121034881575902,6,6,2,54.53822280264681,0.9734759109876884,1.2813234978883912,5,5,2,55.36541688090304,0.9999999999999709,1.2917352263209168
수거,매월,5,4.605170174108092,0.9619171001530384,0.9121034881575902,6,6,2,54.53822280264681,0.9734759109876884,1.2813234978883912,5,5,2,55.36541688090304,0.9999999999999709,1.2917352263209168
수거,인원부터,5,4.605170174108092,0.9619171001530384,0.9121034881575902,6,6,2,54.53822280264681,0.9734759109876884,1.2813234978883912,5,5,2,55.36541688090304,0.9999999999999709,1.2917352263209168
수거,34회,5,4.605170174108092,0.9619171001530384,0.9121034881575902,6,6,2,54.53822280264681,0.9734759109876884,1.2813234978883912,5,5,2,55.36541688090304,0.9999999999999709,1.2917352263209168
수거,이용가능주,5,4.605170174108092,0.9619171001530384,0.9121034881575902,6,6,2,54.53822280264681,0.9734759109876884,1.2813234978883912,5,5,2,55.365416880903034,0.9999999999999709,1.2917352263209165
지드림카드,여주사랑카드샌드위치,5,4.605170174108092,0.9619171001530384,0.9121034881575902,6,11,3,38.89261425516939,0.03932864287544329,0.5365703939896376,5,5,3,37.56299706863465,0.03891332836071399,0.44313706506801165
지드림카드,12000원지역화폐,5,4.605170174108092,0.9619171001530384,0.9121034881575902,6,11,3,38.89261425516939,0.03932864287544329,0.5365703939896376,5,5,3,37.56299706863465,0.03891332836071399,0.44313706506801165
지드림카드,빠네디까사1배달의민족,5,4.605170174108092,0.9619171001530384,0.9121034881575902,6,11,3,38.89261425516939,0.03932864287544329,0.5365703939896376,5,5,3,37.56299706863466,0.03891332836071399,0.44313706506801187
수거,이유매일,5,4.605170174108092,0.9619171001530384,0.9121034881575902,6,6,2,54.53822280264681,0.9734759109876884,1.2813234978883912,5,5,2,55.365416880903034,0.9999999999999709,1.2917352263209165
수거,설명서기업,5,4.605170174108092,0.9619171001530384,0.9121034881575902,6,6,2,54.53822280264681,0.9734759109876884,1.2813234978883912,5,5,2,55.365416880903034,0.9999999999999709,1.2917352263209165
수거,전문업체,5,4.605170174108092,0.9619171001530384,0.9121034881575902,6,6,2,54.53822280264681,0.9734759109876884,1.2813234978883912,5,5,2,55.365416880903034,0.9999999999999709,1.2917352263209165
수거,메뉴푸디스퀘어를,5,4.605170174108092,0.9619171001530384,0.9121034881575902,6,6,2,54.53822280264681,0.9734759109876884,1.2813234978883912,5,5,2,55.365416880903034,0.9999999999999709,1.2917352263209165
수거,기본으로하며,5,4.605170174108092,0.9619171001530384,0.9121034881575902,6,6,2,54.53822280264681,0.9734759109876884,1.2813234978883912,5,5,2,55.365416880903034,0.9999999999999709,1.2917352263209165
수거,지원되지않습니다사용,5,4.605170174108092,0.9619171001530384,0.9121034881575902,6,6,2,54.53822280264681,0.9734759109876884,1.2813234978883912,5,5,2,55.365416880903034,0.9999999999999709,1.2917352263209165
수거,기본결제방식은,5,4.605170174108092,0.9619171001530384,0.9121034881575902,6,6,2,54.53822280264681,0.9734759109876884,1.2813234978883912,5,5,2,55.365416880903034,0.9999999999999709,1.2917352263209165
수거,인스타그램에서,5,4.605170174108092,0.9619171001530384,0.9121034881575902,6,6,2,54.53822280264681,0.9734759109876884,1.2813234978883912,5,5,2,55.36541688090304,0.9999999999999709,1.2917352263209168
주문을,갱신중,5,4.605170174108092,0.9619171001530384,0.9121034881575902,6,6,2,54.53822280264681,0.9734759109876884,1.2813234978883912,5,5,2,55.365416880903034,0.9999999999999709,1.2917352263209165
주문을,기본결제방식은,5,4.605170174108092,0.9619171001530384,0.9121034881575902,6,6,2,54.53822280264681,0.9734759109876884,1.2813234978883912,5,5,2,55.365416880903034,0.9999999999999709,1.2917352263209165
주문을,첫째,5,4.605170174108092,0.9619171001530384,0.9121034881575902,6,6,2,54.53822280264681,0.9734759109876884,1.2813234978883912,5,5,2,55.365416880903034,0.9999999999999709,1.2917352263209165
주문을,보온4시간뒤처리샐러드는,5,4.605170174108092,0.9619171001530384,0.9121034881575902,6,6,2,54.53822280264681,0.9734759109876884,1.2813234978883912,5,5,2,55.36541688090304,0.9999999999999709,1.2917352263209168
주문을,전문업체,5,4.605170174108092,0.9619171001530384,0.9121034881575902,6,6,2,54.53822280264681,0.9734759109876884,1.2813234978883912,5,5,2,55.365416880903034,0.9999999999999709,1.2917352263209165
주문을,선택하는,5,4.605170174108092,0.9619171001530384,0.9121034881575902,6,6,2,54.53822280264681,0.9734759109876884,1.2813234978883912,5,5,2,55.36541688090304,0.9999999999999709,1.2917352263209168
주문을,결제를,5,4.605170174108092,0.9619171001530384,0.9121034881575902,6,6,2,54.53822280264681,0.9734759109876884,1.2813234978883912,5,5,2,55.36541688090304,0.9999999999999709,1.2917352263209168
주문을,배송탁월한,5,4.605170174108092,0.9619171001530384,0.9121034881575902,6,6,2,54.53822280264681,0.9734759109876884,1.2813234978883912,5,5,2,55.36541688090304,0.9999999999999709,1.2917352263209168
주문을,진행도시락,5,4.605170174108092,0.9619171001530384,0.9121034881575902,6,6,2,54.53822280264681,0.9734759109876884,1.2813234978883912,5,5,2,55.36541688090304,0.9999999999999709,1.2917352263209168
주문을,연락주세요오늘도,5,4.605170174108092,0.9619171001530384,0.9121034881575902,6,6,2,54.53822280264681,0.9734759109876884,1.2813234978883912,5,5,2,55.365416880903034,0.9999999999999709,1.2917352263209165
주문을,이상의,5,4.605170174108092,0.9619171001530384,0.9121034881575902,6,6,2,54.53822280264681,0.9734759109876884,1.2813234978883912,5,5,2,55.365416880903034,0.9999999999999709,1.2917352263209165
매우우수업체백반맛집,밑에,5,4.605170174108092,0.9619171001530384,0.9121034881575902,6,6,5,2.8857513004591153,0.003483734651076662,-0.5658599171348969,5,5,5,2.9619170942376236,0.004014447891140731,-0.5863269537738132
무료배달,여주사랑카드샌드위치,5,4.605170174108092,0.9619171001530384,0.9121034881575902,6,10,3,36.12513125616447,0.050340755062562914,0.4526389612379844,5,5,3,37.56299706863465,0.03891332836071399,0.44313706506801165
무료배달,12000원지역화폐,5,4.605170174108092,0.9619171001530384,0.9121034881575902,6,10,3,36.12513125616447,0.050340755062562914,0.4526389612379844,5,5,3,37.56299706863465,0.03891332836071399,0.44313706506801165
무료배달,빠네디까사1배달의민족,5,4.605170174108092,0.9619171001530384,0.9121034881575902,6,10,3,36.12513125616447,0.050340755062562914,0.4526389612379844,5,5,3,37.56299706863466,0.03891332836071399,0.44313706506801187
여주사랑카드,여주사랑카드샌드위치,5,4.605170174108092,0.9619171001530384,0.9121034881575902,6,7,3,38.89261425516939,0.03932864287544329,0.5115300049677838,5,5,3,37.56299706863465,0.03891332836071399,0.44313706506801165
맞춰원하시는,빠네디까사1배달의민족,5,4.605170174108092,0.9619171001530384,0.9121034881575902,6,6,3,38.89261425516939,0.03932864287544329,0.5052699077123203,5,5,3,37.56299706863466,0.03891332836071399,0.44313706506801187
문의환영,12000원지역화폐,5,4.605170174108092,0.9619171001530384,0.9121034881575902,6,6,3,38.89261425516939,0.03932864287544329,0.5052699077123203,5,5,3,37.56299706863465,0.03891332836071399,0.44313706506801165
문의환영,빠네디까사1배달의민족,5,4.605170174108092,0.9619171001530384,0.9121034881575902,6,6,3,38.89261425516939,0.03932864287544329,0.5052699077123203,5,5,3,37.56299706863466,0.03891332836071399,0.44313706506801187
체육대회간식,여주사랑카드샌드위치,5,4.605170174108092,0.9619171001530384,0.9121034881575902,6,6,3,38.89261425516939,0.03932864287544329,0.5052699077123203,5,5,3,37.56299706863465,0.03891332836071399,0.44313706506801165
체육대회간식,12000원지역화폐,5,4.605170174108092,0.9619171001530384,0.9121034881575902,6,6,3,38.89261425516939,0.03932864287544329,0.5052699077123203,5,5,3,37.56299706863465,0.03891332836071399,0.44313706506801165
체육대회간식,빠네디까사1배달의민족,5,4.605170174108092,0.9619171001530384,0.9121034881575902,6,6,3,38.89261425516939,0.03932864287544329,0.5052699077123203,5,5,3,37.56299706863466,0.03891332836071399,0.44313706506801187
학교간식,여주사랑카드샌드위치,5,4.605170174108092,0.9619171001530384,0.9121034881575902,6,6,3,38.89261425516939,0.03932864287544329,0.5052699077123203,5,5,3,37.56299706863465,0.03891332836071399,0.44313706506801165
학교간식,12000원지역화폐,5,4.605170174108092,0.9619171001530384,0.9121034881575902,6,6,3,38.89261425516939,0.03932864287544329,0.5052699077123203,5,5,3,37.56299706863465,0.03891332836071399,0.44313706506801165
학교간식,빠네디까사1배달의민족,5,4.605170174108092,0.9619171001530384,0.9121034881575902,6,6,3,38.89261425516939,0.03932864287544329,0.5052699077123203,5,5,3,37.56299706863466,0.03891332836071399,0.44313706506801187
구성해서,여주사랑카드샌드위치,5,4.605170174108092,0.9619171001530384,0.9121034881575902,6,6,3,38.89261425516939,0.03932864287544329,0.5052699077123203,5,5,3,37.56299706863465,0.03891332836071399,0.44313706506801165
여주사랑카드,12000원지역화폐,5,4.605170174108092,0.9619171001530384,0.9121034881575902,6,7,3,38.89261425516939,0.03932864287544329,0.5115300049677838,5,5,3,37.56299706863465,0.03891332836071399,0.44313706506801165
여주사랑카드,빠네디까사1배달의민족,5,4.605170174108092,0.9619171001530384,0.9121034881575902,6,7,3,38.89261425516939,0.03932864287544329,0.5115300049677838,5,5,3,37.56299706863466,0.03891332836071399,0.44313706506801187
주문을,아닙니다각각,5,4.605170174108092,0.9619171001530384,0.9121034881575902,6,6,2,54.53822280264681,0.9734759109876884,1.2813234978883912,5,5,2,55.36541688090304,0.9999999999999709,1.2917352263209168
주문을,서비스3명,5,4.605170174108092,0.9619171001530384,0.9121034881575902,6,6,2,54.53822280264681,0.9734759109876884,1.2813234978883912,5,5,2,55.365416880903034,0.9999999999999709,1.2917352263209165
주문을,가능합니다샐러드는,5,4.605170174108092,0.9619171001530384,0.9121034881575902,6,6,2,54.53822280264681,0.9734759109876884,1.2813234978883912,5,5,2,55.365416880903034,0.9999999999999709,1.2917352263209165
수거,선택하는,5,4.605170174108092,0.9619171001530384,0.9121034881575902,6,6,2,54.53822280264681,0.9734759109876884,1.2813234978883912,5,5,2,55.36541688090304,0.9999999999999709,1.2917352263209168
foodfoodfic,인원부터,5,4.605170174108092,0.9619171001530384,0.9121034881575902,6,6,2,54.53822280264681,0.9734759109876884,1.2813234978883912,5,5,2,55.36541688090304,0.9999999999999709,1.2917352263209168
0318810107구성,여주사랑카드샌드위치,5,4.605170174108092,0.9619171001530384,0.9121034881575902,6,6,3,38.89261425516939,0.03932864287544329,0.5052699077123203,5,5,3,37.56299706863465,0.03891332836071399,0.44313706506801165
0318810107구성,12000원지역화폐,5,4.605170174108092,0.9619171001530384,0.9121034881575902,6,6,3,38.89261425516939,0.03932864287544329,0.5052699077123203,5,5,3,37.56299706863465,0.03891332836071399,0.44313706506801165
0318810107구성,빠네디까사1배달의민족,5,4.605170174108092,0.9619171001530384,0.9121034881575902,6,6,3,38.89261425516939,0.03932864287544329,0.5052699077123203,5,5,3,37.56299706863466,0.03891332836071399,0.44313706506801187
단체간식,빠네디까사1배달의민족,5,4.605170174108092,0.9619171001530384,0.9121034881575902,6,6,3,38.89261425516939,0.03932864287544329,0.5052699077123203,5,5,3,37.56299706863466,0.03891332836071399,0.44313706506801187
맞춰원하시는,여주사랑카드샌드위치,5,4.605170174108092,0.9619171001530384,0.9121034881575902,6,6,3,38.89261425516939,0.03932864287544329,0.5052699077123203,5,5,3,37.56299706863465,0.03891332836071399,0.44313706506801165
맞춰원하시는,12000원지역화폐,5,4.605170174108092,0.9619171001530384,0.9121034881575902,6,6,3,38.89261425516939,0.03932864287544329,0.5052699077123203,5,5,3,37.56299706863465,0.03891332836071399,0.44313706506801165
해드립니다,여주사랑카드샌드위치,5,4.605170174108092,0.9619171001530384,0.9121034881575902,6,6,3,38.89261425516939,0.03932864287544329,0.5052699077123203,5,5,3,37.56299706863465,0.03891332836071399,0.44313706506801165
해드립니다,12000원지역화폐,5,4.605170174108092,0.9619171001530384,0.9121034881575902,6,6,3,38.89261425516939,0.03932864287544329,0.5052699077123203,5,5,3,37.56299706863465,0.03891332836071399,0.44313706506801165
여주맛집,여주사랑카드샌드위치,5,4.605170174108092,0.9619171001530384,0.9121034881575902,6,7,3,38.89261425516939,0.03932864287544329,0.5115300049677838,5,5,3,37.56299706863465,0.03891332836071399,0.44313706506801165
여주맛집,12000원지역화폐,5,4.605170174108092,0.9619171001530384,0.9121034881575902,6,7,3,38.89261425516939,0.03932864287544329,0.5115300049677838,5,5,3,37.56299706863465,0.03891332836071399,0.44313706506801165
여주맛집,빠네디까사1배달의민족,5,4.605170174108092,0.9619171001530384,0.9121034881575902,6,7,3,38.89261425516939,0.03932864287544329,0.5115300049677838,5,5,3,37.56299706863466,0.03891332836071399,0.44313706506801187
해드립니다,빠네디까사1배달의민족,5,4.605170174108092,0.9619171001530384,0.9121034881575902,6,6,3,38.89261425516939,0.03932864287544329,0.5052699077123203,5,5,3,37.56299706863466,0.03891332836071399,0.44313706506801187
가능합니다문의주세요,여주사랑카드샌드위치,5,4.605170174108092,0.9619171001530384,0.9121034881575902,6,6,3,38.89261425516939,0.03932864287544329,0.5052699077123203,5,5,3,37.56299706863465,0.03891332836071399,0.44313706506801165
가능합니다문의주세요,12000원지역화폐,5,4.605170174108092,0.9619171001530384,0.9121034881575902,6,6,3,38.89261425516939,0.03932864287544329,0.5052699077123203,5,5,3,37.56299706863465,0.03891332836071399,0.44313706506801165
foodfoodfic,세트가,5,4.605170174108092,0.9619171001530384,0.9121034881575902,6,6,2,54.53822280264681,0.9734759109876884,1.2813234978883912,5,5,2,55.365416880903034,0.9999999999999709,1.2917352263209165
주문을,인원부터,5,4.605170174108092,0.9619171001530384,0.9121034881575902,6,6,2,54.53822280264681,0.9734759109876884,1.2813234978883912,5,5,2,55.36541688090304,0.9999999999999709,1.2917352263209168
주문을,34회,5,4.605170174108092,0.9619171001530384,0.9121034881575902,6,6,2,54.53822280264681,0.9734759109876884,1.2813234978883912,5,5,2,55.36541688090304,0.9999999999999709,1.2917352263209168
주문을,이용가능주,5,4.605170174108092,0.9619171001530384,0.9121034881575902,6,6,2,54.53822280264681,0.9734759109876884,1.2813234978883912,5,5,2,55.365416880903034,0.9999999999999709,1.2917352263209165
주문을,메뉴푸디스퀘어를,5,4.605170174108092,0.9619171001530384,0.9121034881575902,6,6,2,54.53822280264681,0.9734759109876884,1.2813234978883912,5,5,2,55.365416880903034,0.9999999999999709,1.2917352263209165
주문을,기본으로하며,5,4.605170174108092,0.9619171001530384,0.9121034881575902,6,6,2,54.53822280264681,0.9734759109876884,1.2813234978883912,5,5,2,55.365416880903034,0.9999999999999709,1.2917352263209165
주문을,지원되지않습니다사용,5,4.605170174108092,0.9619171001530384,0.9121034881575902,6,6,2,54.53822280264681,0.9734759109876884,1.2813234978883912,5,5,2,55.365416880903034,0.9999999999999709,1.2917352263209165
주문을,인스타그램에서,5,4.605170174108092,0.9619171001530384,0.9121034881575902,6,6,2,54.53822280264681,0.9734759109876884,1.2813234978883912,5,5,2,55.36541688090304,0.9999999999999709,1.2917352263209168
주문을,금요일에,5,4.605170174108092,0.9619171001530384,0.9121034881575902,6,6,2,54.53822280264681,0.9734759109876884,1.2813234978883912,5,5,2,55.365416880903034,0.9999999999999709,1.2917352263209165
주문을,질문이나,5,4.605170174108092,0.9619171001530384,0.9121034881575902,6,6,2,54.53822280264681,0.9734759109876884,1.2813234978883912,5,5,2,55.365416880903034,0.9999999999999709,1.2917352263209165
주문을,전용,5,4.605170174108092,0.9619171001530384,0.9121034881575902,6,6,2,54.53822280264681,0.9734759109876884,1.2813234978883912,5,5,2,55.36541688090304,0.9999999999999709,1.2917352263209168
주문을,다른메뉴기다림,5,4.605170174108092,0.9619171001530384,0.9121034881575902,6,6,2,54.53822280264681,0.9734759109876884,1.2813234978883912,5,5,2,55.36541688090304,0.9999999999999709,1.2917352263209168
주문을,7001700매일,5,4.605170174108092,0.9619171001530384,0.9121034881575902,6,6,2,54.53822280264681,0.9734759109876884,1.2813234978883912,5,5,2,55.36541688090304,0.9999999999999709,1.2917352263209168
foodfoodfic,결제후불결제를,5,4.605170174108092,0.9619171001530384,0.9121034881575902,6,6,2,54.53822280264681,0.9734759109876884,1.2813234978883912,5,5,2,55.365416880903034,0.9999999999999709,1.2917352263209165
foodfoodfic,보온도시락샐러드,5,4.605170174108092,0.9619171001530384,0.9121034881575902,6,6,2,54.53822280264681,0.9734759109876884,1.2813234978883912,5,5,2,55.36541688090304,0.9999999999999709,1.2917352263209168
foodfoodfic,매월,5,4.605170174108092,0.9619171001530384,0.9121034881575902,6,6,2,54.53822280264681,0.9734759109876884,1.2813234978883912,5,5,2,55.36541688090304,0.9999999999999709,1.2917352263209168
foodfoodfic,기본으로하며,5,4.605170174108092,0.9619171001530384,0.9121034881575902,6,6,2,54.53822280264681,0.9734759109876884,1.2813234978883912,5,5,2,55.365416880903034,0.9999999999999709,1.2917352263209165
0318810107죠샌드위치,여주사랑카드샌드위치,5,4.605170174108092,0.9619171001530384,0.9121034881575902,6,6,3,38.89261425516939,0.03932864287544329,0.5052699077123203,5,5,3,37.56299706863465,0.03891332836071399,0.44313706506801165
0318810107죠샌드위치,12000원지역화폐,5,4.605170174108092,0.9619171001530384,0.9121034881575902,6,6,3,38.89261425516939,0.03932864287544329,0.5052699077123203,5,5,3,37.56299706863465,0.03891332836071399,0.44313706506801165
0318810107죠샌드위치,빠네디까사1배달의민족,5,4.605170174108092,0.9619171001530384,0.9121034881575902,6,6,3,38.89261425516939,0.03932864287544329,0.5052699077123203,5,5,3,37.56299706863466,0.03891332836071399,0.44313706506801187
가능합니다문의주세요,빠네디까사1배달의민족,5,4.605170174108092,0.9619171001530384,0.9121034881575902,6,6,3,38.89261425516939,0.03932864287544329,0.5052699077123203,5,5,3,37.56299706863466,0.03891332836071399,0.44313706506801187
있습니다단체주문,여주사랑카드샌드위치,5,4.605170174108092,0.9619171001530384,0.9121034881575902,6,6,3,38.89261425516939,0.03932864287544329,0.5052699077123203,5,5,3,37.56299706863465,0.03891332836071399,0.44313706506801165
있습니다단체주문,12000원지역화폐,5,4.605170174108092,0.9619171001530384,0.9121034881575902,6,6,3,38.89261425516939,0.03932864287544329,0.5052699077123203,5,5,3,37.56299706863465,0.03891332836071399,0.44313706506801165
있습니다단체주문,빠네디까사1배달의민족,5,4.605170174108092,0.9619171001530384,0.9121034881575902,6,6,3,38.89261425516939,0.03932864287544329,0.5052699077123203,5,5,3,37.56299706863466,0.03891332836071399,0.44313706506801187
여주행사간식,12000원지역화폐,5,4.605170174108092,0.9619171001530384,0.9121034881575902,6,6,3,38.89261425516939,0.03932864287544329,0.5052699077123203,5,5,3,37.56299706863465,0.03891332836071399,0.44313706506801165
여주행사간식,빠네디까사1배달의민족,5,4.605170174108092,0.9619171001530384,0.9121034881575902,6,6,3,38.89261425516939,0.03932864287544329,0.5052699077123203,5,5,3,37.56299706863466,0.03891332836071399,0.44313706506801187
여주행사간식,여주사랑카드샌드위치,5,4.605170174108092,0.9619171001530384,0.9121034881575902,6,6,3,38.89261425516939,0.03932864287544329,0.5052699077123203,5,5,3,37.56299706863465,0.03891332836071399,0.44313706506801165
세종로,여주사랑카드샌드위치,5,4.605170174108092,0.9619171001530384,0.9121034881575902,6,6,3,38.89261425516939,0.03932864287544329,0.5052699077123203,5,5,3,37.56299706863465,0.03891332836071399,0.44313706506801165
세종로,12000원지역화폐,5,4.605170174108092,0.9619171001530384,0.9121034881575902,6,6,3,38.89261425516939,0.03932864287544329,0.5052699077123203,5,5,3,37.56299706863465,0.03891332836071399,0.44313706506801165
세종로,빠네디까사1배달의민족,5,4.605170174108092,0.9619171001530384,0.9121034881575902,6,6,3,38.89261425516939,0.03932864287544329,0.5052699077123203,5,5,3,37.56299706863466,0.03891332836071399,0.44313706506801187
foodfoodfic,이상의,5,4.605170174108092,0.9619171001530384,0.9121034881575902,6,6,2,54.53822280264681,0.9734759109876884,1.2813234978883912,5,5,2,55.365416880903034,0.9999999999999709,1.2917352263209165
foodfoodfic,지원되지않습니다사용,5,4.605170174108092,0.9619171001530384,0.9121034881575902,6,6,2,54.53822280264681,0.9734759109876884,1.2813234978883912,5,5,2,55.365416880903034,0.9999999999999709,1.2917352263209165
foodfoodfic,인스타그램에서,5,4.605170174108092,0.9619171001530384,0.9121034881575902,6,6,2,54.53822280264681,0.9734759109876884,1.2813234978883912,5,5,2,55.36541688090304,0.9999999999999709,1.2917352263209168
foodfoodfic,가능합니다샐러드는,5,4.605170174108092,0.9619171001530384,0.9121034881575902,6,6,2,54.53822280264681,0.9734759109876884,1.2813234978883912,5,5,2,55.365416880903034,0.9999999999999709,1.2917352263209165
foodfoodfic,금요일에,5,4.605170174108092,0.9619171001530384,0.9121034881575902,6,6,2,54.53822280264681,0.9734759109876884,1.2813234978883912,5,5,2,55.365416880903034,0.9999999999999709,1.2917352263209165
foodfoodfic,질문이나,5,4.605170174108092,0.9619171001530384,0.9121034881575902,6,6,2,54.53822280264681,0.9734759109876884,1.2813234978883912,5,5,2,55.365416880903034,0.9999999999999709,1.2917352263209165
foodfoodfic,전용,5,4.605170174108092,0.9619171001530384,0.9121034881575902,6,6,2,54.53822280264681,0.9734759109876884,1.2813234978883912,5,5,2,55.36541688090304,0.9999999999999709,1.2917352263209168
foodfoodfic,다른메뉴기다림,5,4.605170174108092,0.9619171001530384,0.9121034881575902,6,6,2,54.53822280264681,0.9734759109876884,1.2813234978883912,5,5,2,55.36541688090304,0.9999999999999709,1.2917352263209168
foodfoodfic,7001700매일,5,4.605170174108092,0.9619171001530384,0.9121034881575902,6,6,2,54.53822280264681,0.9734759109876884,1.2813234978883912,5,5,2,55.36541688090304,0.9999999999999709,1.2917352263209168
foodfoodfic,도시락샐러드,5,4.605170174108092,0.9619171001530384,0.9121034881575902,6,6,2,54.53822280264681,0.9734759109876884,1.2813234978883912,5,5,2,55.36541688090304,0.9999999999999709,1.2917352263209168
foodfoodfic,보내십시오맛스타,5,4.605170174108092,0.9619171001530384,0.9121034881575902,6,6,2,54.53822280264681,0.9734759109876884,1.2813234978883912,5,5,2,55.365416880903034,0.9999999999999709,1.2917352263209165
foodfoodfic,이유매일,5,4.605170174108092,0.9619171001530384,0.9121034881575902,6,6,2,54.53822280264681,0.9734759109876884,1.2813234978883912,5,5,2,55.365416880903034,0.9999999999999709,1.2917352263209165
foodfoodfic,설명서기업,5,4.605170174108092,0.9619171001530384,0.9121034881575902,6,6,2,54.53822280264681,0.9734759109876884,1.2813234978883912,5,5,2,55.365416880903034,0.9999999999999709,1.2917352263209165
foodfoodfic,34회,5,4.605170174108092,0.9619171001530384,0.9121034881575902,6,6,2,54.53822280264681,0.9734759109876884,1.2813234978883912,5,5,2,55.36541688090304,0.9999999999999709,1.2917352263209168
foodfoodfic,이용가능주,5,4.605170174108092,0.9619171001530384,0.9121034881575902,6,6,2,54.53822280264681,0.9734759109876884,1.2813234978883912,5,5,2,55.365416880903034,0.9999999999999709,1.2917352263209165
foodfoodfic,메뉴푸디스퀘어를,5,4.605170174108092,0.9619171001530384,0.9121034881575902,6,6,2,54.53822280264681,0.9734759109876884,1.2813234978883912,5,5,2,55.365416880903034,0.9999999999999709,1.2917352263209165
주문을,설명서기업,5,4.605170174108092,0.9619171001530384,0.9121034881575902,6,6,2,54.53822280264681,0.9734759109876884,1.2813234978883912,5,5,2,55.365416880903034,0.9999999999999709,1.2917352263209165
instafood,갱신중,5,4.605170174108092,0.9619171001530384,0.9121034881575902,6,6,2,54.53822280264681,0.9734759109876884,1.2813234978883912,5,5,2,55.365416880903034,0.9999999999999709,1.2917352263209165
instafood,기본결제방식은,5,4.605170174108092,0.9619171001530384,0.9121034881575902,6,6,2,54.53822280264681,0.9734759109876884,1.2813234978883912,5,5,2,55.365416880903034,0.9999999999999709,1.2917352263209165
instafood,첫째,5,4.605170174108092,0.9619171001530384,0.9121034881575902,6,6,2,54.53822280264681,0.9734759109876884,1.2813234978883912,5,5,2,55.365416880903034,0.9999999999999709,1.2917352263209165
instafood,보온4시간뒤처리샐러드는,5,4.605170174108092,0.9619171001530384,0.9121034881575902,6,6,2,54.53822280264681,0.9734759109876884,1.2813234978883912,5,5,2,55.36541688090304,0.9999999999999709,1.2917352263209168
instafood,아닙니다각각,5,4.605170174108092,0.9619171001530384,0.9121034881575902,6,6,2,54.53822280264681,0.9734759109876884,1.2813234978883912,5,5,2,55.36541688090304,0.9999999999999709,1.2917352263209168
instafood,서비스3명,5,4.605170174108092,0.9619171001530384,0.9121034881575902,6,6,2,54.53822280264681,0.9734759109876884,1.2813234978883912,5,5,2,55.365416880903034,0.9999999999999709,1.2917352263209165
instafood,가능합니다샐러드는,5,4.605170174108092,0.9619171001530384,0.9121034881575902,6,6,2,54.53822280264681,0.9734759109876884,1.2813234978883912,5,5,2,55.365416880903034,0.9999999999999709,1.2917352263209165
instafood,금요일에,5,4.605170174108092,0.9619171001530384,0.9121034881575902,6,6,2,54.53822280264681,0.9734759109876884,1.2813234978883912,5,5,2,55.365416880903034,0.9999999999999709,1.2917352263209165
instafood,질문이나,5,4.605170174108092,0.9619171001530384,0.9121034881575902,6,6,2,54.53822280264681,0.9734759109876884,1.2813234978883912,5,5,2,55.365416880903034,0.9999999999999709,1.2917352263209165
instafood,전용,5,4.605170174108092,0.9619171001530384,0.9121034881575902,6,6,2,54.53822280264681,0.9734759109876884,1.2813234978883912,5,5,2,55.36541688090304,0.9999999999999709,1.2917352263209168
instafood,다른메뉴기다림,5,4.605170174108092,0.9619171001530384,0.9121034881575902,6,6,2,54.53822280264681,0.9734759109876884,1.2813234978883912,5,5,2,55.36541688090304,0.9999999999999709,1.2917352263209168
instafood,7001700매일,5,4.605170174108092,0.9619171001530384,0.9121034881575902,6,6,2,54.53822280264681,0.9734759109876884,1.2813234978883912,5,5,2,55.36541688090304,0.9999999999999709,1.2917352263209168
연락처,메뉴푸디스퀘어를,5,4.605170174108092,0.9619171001530384,0.9121034881575902,6,6,2,53.19469175420827,0.9684193983207021,1.240098578856718,5,5,2,55.365416880903034,0.9999999999999709,1.2917352263209165
foodfoodfic,전문업체,5,4.605170174108092,0.9619171001530384,0.9121034881575902,6,6,2,54.53822280264681,0.9734759109876884,1.2813234978883912,5,5,2,55.365416880903034,0.9999999999999709,1.2917352263209165
foodfoodfic,선택하는,5,4.605170174108092,0.9619171001530384,0.9121034881575902,6,6,2,54.53822280264681,0.9734759109876884,1.2813234978883912,5,5,2,55.36541688090304,0.9999999999999709,1.2917352263209168
foodfoodfic,결제를,5,4.605170174108092,0.9619171001530384,0.9121034881575902,6,6,2,54.53822280264681,0.9734759109876884,1.2813234978883912,5,5,2,55.36541688090304,0.9999999999999709,1.2917352263209168
foodfoodfic,배송탁월한,5,4.605170174108092,0.9619171001530384,0.9121034881575902,6,6,2,54.53822280264681,0.9734759109876884,1.2813234978883912,5,5,2,55.36541688090304,0.9999999999999709,1.2917352263209168
foodfoodfic,진행도시락,5,4.605170174108092,0.9619171001530384,0.9121034881575902,6,6,2,54.53822280264681,0.9734759109876884,1.2813234978883912,5,5,2,55.36541688090304,0.9999999999999709,1.2917352263209168
foodfoodfic,연락주세요오늘도,5,4.605170174108092,0.9619171001530384,0.9121034881575902,6,6,2,54.53822280264681,0.9734759109876884,1.2813234978883912,5,5,2,55.365416880903034,0.9999999999999709,1.2917352263209165
주문을,도시락샐러드,5,4.605170174108092,0.9619171001530384,0.9121034881575902,6,6,2,54.53822280264681,0.9734759109876884,1.2813234978883912,5,5,2,55.36541688090304,0.9999999999999709,1.2917352263209168
주문을,보내십시오맛스타,5,4.605170174108092,0.9619171001530384,0.9121034881575902,6,6,2,54.53822280264681,0.9734759109876884,1.2813234978883912,5,5,2,55.365416880903034,0.9999999999999709,1.2917352263209165
주문을,이유매일,5,4.605170174108092,0.9619171001530384,0.9121034881575902,6,6,2,54.53822280264681,0.9734759109876884,1.2813234978883912,5,5,2,55.365416880903034,0.9999999999999709,1.2917352263209165
연락처,이유매일,5,4.605170174108092,0.9619171001530384,0.9121034881575902,6,6,2,53.19469175420827,0.9684193983207021,1.240098578856718,5,5,2,55.365416880903034,0.9999999999999709,1.2917352263209165
foodfoodfic,갱신중,5,4.605170174108092,0.9619171001530384,0.9121034881575902,6,6,2,54.53822280264681,0.9734759109876884,1.2813234978883912,5,5,2,55.365416880903034,0.9999999999999709,1.2917352263209165
foodfoodfic,기본결제방식은,5,4.605170174108092,0.9619171001530384,0.9121034881575902,6,6,2,54.53822280264681,0.9734759109876884,1.2813234978883912,5,5,2,55.365416880903034,0.9999999999999709,1.2917352263209165
foodfoodfic,첫째,5,4.605170174108092,0.9619171001530384,0.9121034881575902,6,6,2,54.53822280264681,0.9734759109876884,1.2813234978883912,5,5,2,55.365416880903034,0.9999999999999709,1.2917352263209165
foodfoodfic,보온4시간뒤처리샐러드는,5,4.605170174108092,0.9619171001530384,0.9121034881575902,6,6,2,54.53822280264681,0.9734759109876884,1.2813234978883912,5,5,2,55.36541688090304,0.9999999999999709,1.2917352263209168
foodfoodfic,아닙니다각각,5,4.605170174108092,0.9619171001530384,0.9121034881575902,6,6,2,54.53822280264681,0.9734759109876884,1.2813234978883912,5,5,2,55.36541688090304,0.9999999999999709,1.2917352263209168
foodfoodfic,서비스3명,5,4.605170174108092,0.9619171001530384,0.9121034881575902,6,6,2,54.53822280264681,0.9734759109876884,1.2813234978883912,5,5,2,55.365416880903034,0.9999999999999709,1.2917352263209165
연락처,연락주세요오늘도,5,4.605170174108092,0.9619171001530384,0.9121034881575902,6,6,2,53.19469175420827,0.9684193983207021,1.240098578856718,5,5,2,55.365416880903034,0.9999999999999709,1.2917352263209165
연락처,이상의,5,4.605170174108092,0.9619171001530384,0.9121034881575902,6,6,2,53.19469175420827,0.9684193983207021,1.240098578856718,5,5,2,55.365416880903034,0.9999999999999709,1.2917352263209165
연락처,세트가,5,4.605170174108092,0.9619171001530384,0.9121034881575902,6,6,2,53.19469175420827,0.9684193983207021,1.240098578856718,5,5,2,55.365416880903034,0.9999999999999709,1.2917352263209165
연락처,결제후불결제를,5,4.605170174108092,0.9619171001530384,0.9121034881575902,6,6,2,53.19469175420827,0.9684193983207021,1.240098578856718,5,5,2,55.365416880903034,0.9999999999999709,1.2917352263209165
연락처,보온도시락샐러드,5,4.605170174108092,0.9619171001530384,0.9121034881575902,6,6,2,53.19469175420827,0.9684193983207021,1.240098578856718,5,5,2,55.36541688090304,0.9999999999999709,1.2917352263209168
연락처,매월,5,4.605170174108092,0.9619171001530384,0.9121034881575902,6,6,2,53.19469175420827,0.9684193983207021,1.240098578856718,5,5,2,55.36541688090304,0.9999999999999709,1.2917352263209168
연락처,인원부터,5,4.605170174108092,0.9619171001530384,0.9121034881575902,6,6,2,53.19469175420827,0.9684193983207021,1.240098578856718,5,5,2,55.36541688090304,0.9999999999999709,1.2917352263209168
광주,순천,11,3.8250116259930618,0.9564838059063323,0.9149659863945577,12,12,7,14.622526690227046,0.004550657682078164,-0.08298556579188668,12,12,7,14.547397036585105,0.0018992785893863374,-0.0860918298890856
광주,쫀득한마카롱좋은재료와정성은진리다,10,3.912023002488146,0.9554699032028522,0.9113223768657669,12,12,7,14.622526690227046,0.004550657682078164,-0.08298556579188668,10,10,7,14.221068346182058,0.0006157621040780625,-0.14189689788948104
순천,쫀득한마카롱좋은재료와정성은진리다,10,3.912023002488146,0.9554699032028522,0.9113223768657669,12,12,7,14.547397036585105,0.0018992785893863374,-0.0860918298890856,10,10,7,14.221068346182058,0.0006157621040780625,-0.14189689788948104
곡성뚝방마켓,남원,10,3.903724199698244,0.9534430091142121,0.907393116221639,11,11,7,14.900415344117702,0.001240890171512381,-0.09881838939725157,11,11,7,14.318163816786624,0.0019638442791239047,-0.11569868065699734
곡성,남원,10,3.903724199698244,0.9534430091142121,0.907393116221639,11,11,7,14.900415344117702,0.001240890171512381,-0.09881838939725157,11,11,7,14.318163816786624,0.0019638442791239047,-0.11569868065699734
핸드메이드,남원,10,3.903724199698244,0.9534430091142121,0.907393116221639,11,11,7,14.900415344117702,0.001240890171512381,-0.09881838939725157,11,11,7,14.318163816786624,0.0019638442791239047,-0.11569868065699734
마카롱,남원,10,3.903724199698244,0.9534430091142121,0.907393116221639,11,11,7,14.900415344117702,0.001240890171512381,-0.09881838939725157,11,11,7,14.318163816786624,0.0019638442791239047,-0.11569868065699734
많이달지않은마카롱,남원,10,3.903724199698244,0.9534430091142121,0.907393116221639,11,11,7,14.900415344117702,0.001240890171512381,-0.09881838939725157,11,11,7,14.318163816786624,0.0019638442791239047,-0.11569868065699734
남원,마카롱맛집,10,3.903724199698244,0.9534430091142121,0.907393116221639,11,11,7,14.318163816786624,0.0019638442791239047,-0.11569868065699734,11,11,7,14.900415344117702,0.001240890171512381,-0.09881838939725157
곡성뚝방마켓,곡성마카롱,9,3.9990343788480787,0.9522179069131995,0.9030022222467431,11,11,7,14.900415344117702,0.001240890171512381,-0.09881838939725157,9,9,7,13.968707008704735,0.0010507438463600715,-0.1720587146610657
마카롱맛집,곡성마카롱,9,3.9990343788480787,0.9522179069131995,0.9030022222467431,11,11,7,14.900415344117702,0.001240890171512381,-0.09881838939725157,9,9,7,13.968707008704735,0.0010507438463600715,-0.1720587146610657
핸드메이드,곡성마카롱,9,3.9990343788480787,0.9522179069131995,0.9030022222467431,11,11,7,14.900415344117702,0.001240890171512381,-0.09881838939725157,9,9,7,13.968707008704735,0.0010507438463600715,-0.1720587146610657
마카롱,곡성마카롱,9,3.9990343788480787,0.9522179069131995,0.9030022222467431,11,11,7,14.900415344117702,0.001240890171512381,-0.09881838939725157,9,9,7,13.968707008704735,0.0010507438463600715,-0.1720587146610657
많이달지않은마카롱,곡성마카롱,9,3.9990343788480787,0.9522179069131995,0.9030022222467431,11,11,7,14.900415344117702,0.001240890171512381,-0.09881838939725157,9,9,7,13.968707008704735,0.0010507438463600715,-0.1720587146610657
곡성,곡성마카롱,9,3.9990343788480787,0.9522179069131995,0.9030022222467431,11,11,7,14.900415344117702,0.001240890171512381,-0.09881838939725157,9,9,7,13.968707008704735,0.0010507438463600715,-0.1720587146610657
SAUCIT의,7가지,8,4.0943445577971005,0.9483163474223634,0.8929150560368534,10,10,5,3.223466267134855,0.003041263183098858,-0.4645303536373606,8,8,5,2.434519280420532,0.0016603038006473261,-0.533974574789509
1T,2T,7,4.183956715372502,0.9399996359624785,0.8733108108108106,8,18,5,6.598996960015304,0.013180063865964027,-0.3449953558076425,8,8,5,8.008058486689707,0.018115372756656017,-0.36448506025437777
서비스가,월금,6,4.31748810613631,0.9375306301093187,0.8645662192537639,8,13,2,51.07262942220989,0.914915118022948,1.2366664690845033,6,6,2,54.53822280264681,0.9734759109876884,1.2813234978883912
서비스가,instafood,6,4.31748810613631,0.9375306301093187,0.8645662192537639,8,13,2,51.07262942220989,0.914915118022948,1.2366664690845033,6,6,2,54.53822280264681,0.9734759109876884,1.2813234978883912
서비스가,맛집오늘뭐먹지,6,4.31748810613631,0.9375306301093187,0.8645662192537639,8,13,2,51.07262942220989,0.914915118022948,1.2366664690845033,6,6,2,54.53822280264681,0.9734759109876884,1.2813234978883912
서비스가,foodfoodfic,6,4.31748810613631,0.9375306301093187,0.8645662192537639,8,13,2,51.07262942220989,0.914915118022948,1.2366664690845033,6,6,2,54.53822280264681,0.9734759109876884,1.2813234978883912
행사간식,해드립니다,6,4.31748810613631,0.9375306301093187,0.8645662192537639,8,8,3,36.81701505440076,0.04139602573209072,0.490696251692731,6,6,3,38.89261425516939,0.03932864287544329,0.5052699077123203
서비스가,푸디스퀘어,6,4.31748810613631,0.9375306301093187,0.8645662192537639,8,13,2,51.07262942220989,0.914915118022948,1.2366664690845033,6,6,2,54.53822280264681,0.9734759109876884,1.2813234978883912
서비스가,불가합니다연락처,6,4.31748810613631,0.9375306301093187,0.8645662192537639,8,13,2,51.07262942220989,0.914915118022948,1.2366664690845033,6,6,2,54.53822280264681,0.9734759109876884,1.2813234978883912
서비스가,안녕하세요배달,6,4.31748810613631,0.9375306301093187,0.8645662192537639,8,13,2,51.07262942220989,0.914915118022948,1.2366664690845033,6,6,2,54.53822280264681,0.9734759109876884,1.2813234978883912
서비스가,당일주문이,6,4.31748810613631,0.9375306301093187,0.8645662192537639,8,13,2,51.07262942220989,0.914915118022948,1.2366664690845033,6,6,2,54.53822280264681,0.9734759109876884,1.2813234978883912
서비스가,01096763990전화문의,6,4.31748810613631,0.9375306301093187,0.8645662192537639,8,13,2,51.07262942220989,0.914915118022948,1.2366664690845033,6,6,2,54.53822280264681,0.9734759109876884,1.2813234978883912
서비스가,샐러드salad,6,4.31748810613631,0.9375306301093187,0.8645662192537639,8,13,2,51.07262942220989,0.914915118022948,1.2366664690845033,6,6,2,54.53822280264681,0.9734759109876884,1.2813234978883912
서비스가,문의사항은,6,4.31748810613631,0.9375306301093187,0.8645662192537639,8,13,2,51.07262942220989,0.914915118022948,1.2366664690845033,6,6,2,54.53822280264681,0.9734759109876884,1.2813234978883912
서비스가,수거,6,4.31748810613631,0.9375306301093187,0.8645662192537639,8,13,2,51.07262942220989,0.914915118022948,1.2366664690845033,6,6,2,54.53822280264681,0.9734759109876884,1.2813234978883912
서비스가,주문을,6,4.31748810613631,0.9375306301093187,0.8645662192537639,8,13,2,51.07262942220989,0.914915118022948,1.2366664690845033,6,6,2,54.53822280264681,0.9734759109876884,1.2813234978883912
맞춰,지드림카드,6,4.31748810613631,0.9375306301093187,0.8645662192537639,8,8,3,36.491875718762714,0.04642507990146195,0.4828341348751472,6,11,3,38.89261425516939,0.03932864287544329,0.5365703939896376
맞춰,맞춰일정에,6,4.31748810613631,0.9375306301093187,0.8645662192537639,8,8,3,36.491875718762714,0.04642507990146195,0.4828341348751472,6,6,3,38.89261425516939,0.03932864287544329,0.5052699077123203
맞춰,G드림카드,6,4.31748810613631,0.9375306301093187,0.8645662192537639,8,8,3,36.491875718762714,0.04642507990146195,0.4828341348751472,6,6,3,38.89261425516939,0.03932864287544329,0.5052699077123203
푸드스타그램,또먹고싶다,6,4.31748810613631,0.9375306301093187,0.8645662192537639,8,8,2,51.07262942220989,0.9167714470515224,1.205993728576472,6,6,2,54.53822280264681,0.9734759109876884,1.2813234978883912
행사간식,있습니다단체주문,6,4.31748810613631,0.9375306301093187,0.8645662192537639,8,8,3,36.81701505440076,0.04139602573209072,0.490696251692731,6,6,3,38.89261425516939,0.03932864287544329,0.5052699077123203
행사간식,가능합니다문의주세요,6,4.31748810613631,0.9375306301093187,0.8645662192537639,8,8,3,36.81701505440076,0.04139602573209072,0.490696251692731,6,6,3,38.89261425516939,0.03932864287544329,0.5052699077123203
행사간식,구성해서,6,4.31748810613631,0.9375306301093187,0.8645662192537639,8,8,3,36.81701505440076,0.04139602573209072,0.490696251692731,6,6,3,38.89261425516939,0.03932864287544329,0.5052699077123203
서비스가,또먹고싶다,6,4.31748810613631,0.9375306301093187,0.8645662192537639,8,13,2,51.07262942220989,0.914915118022948,1.2366664690845033,6,6,2,54.53822280264681,0.9734759109876884,1.2813234978883912
맞춰,여주맛집,6,4.31748810613631,0.9375306301093187,0.8645662192537639,8,8,3,36.491875718762714,0.04642507990146195,0.4828341348751472,6,7,3,38.89261425516939,0.03932864287544329,0.5115300049677838
맞춰,여주사랑카드,6,4.31748810613631,0.9375306301093187,0.8645662192537639,8,8,3,36.491875718762714,0.04642507990146195,0.4828341348751472,6,7,3,38.89261425516939,0.03932864287544329,0.5115300049677838
푸드스타그램,맛집오늘뭐먹지,6,4.31748810613631,0.9375306301093187,0.8645662192537639,8,8,2,51.07262942220989,0.9167714470515224,1.205993728576472,6,6,2,54.53822280264681,0.9734759109876884,1.2813234978883912
맞춰,여주시,6,4.31748810613631,0.9375306301093187,0.8645662192537639,8,8,3,36.491875718762714,0.04642507990146195,0.4828341348751472,6,6,3,38.89261425516939,0.03932864287544329,0.5052699077123203
맞춰,구성변경,6,4.31748810613631,0.9375306301093187,0.8645662192537639,8,8,3,36.491875718762714,0.04642507990146195,0.4828341348751472,6,6,3,38.89261425516939,0.03932864287544329,0.5052699077123203
맞춰,여주점경기,6,4.31748810613631,0.9375306301093187,0.8645662192537639,8,8,3,36.491875718762714,0.04642507990146195,0.4828341348751472,6,6,3,38.89261425516939,0.03932864287544329,0.5052699077123203
맞춰,단체간식,6,4.31748810613631,0.9375306301093187,0.8645662192537639,8,8,3,36.491875718762714,0.04642507990146195,0.4828341348751472,6,6,3,38.89261425516939,0.03932864287544329,0.5052699077123203
맞춰,맞춰원하시는,6,4.31748810613631,0.9375306301093187,0.8645662192537639,8,8,3,36.491875718762714,0.04642507990146195,0.4828341348751472,6,6,3,38.89261425516939,0.03932864287544329,0.5052699077123203
맞춰,0318810107구성,6,4.31748810613631,0.9375306301093187,0.8645662192537639,8,8,3,36.491875718762714,0.04642507990146195,0.4828341348751472,6,6,3,38.89261425516939,0.03932864287544329,0.5052699077123203
맞춰,해드립니다,6,4.31748810613631,0.9375306301093187,0.8645662192537639,8,8,3,36.491875718762714,0.04642507990146195,0.4828341348751472,6,6,3,38.89261425516939,0.03932864287544329,0.5052699077123203
맞춰,있습니다단체주문,6,4.31748810613631,0.9375306301093187,0.8645662192537639,8,8,3,36.491875718762714,0.04642507990146195,0.4828341348751472,6,6,3,38.89261425516939,0.03932864287544329,0.5052699077123203
맞춰,가능합니다문의주세요,6,4.31748810613631,0.9375306301093187,0.8645662192537639,8,8,3,36.491875718762714,0.04642507990146195,0.4828341348751472,6,6,3,38.89261425516939,0.03932864287544329,0.5052699077123203
맞춰,여주행사간식,6,4.31748810613631,0.9375306301093187,0.8645662192537639,8,8,3,36.491875718762714,0.04642507990146195,0.4828341348751472,6,6,3,38.89261425516939,0.03932864287544329,0.5052699077123203
맞춰,세종로,6,4.31748810613631,0.9375306301093187,0.8645662192537639,8,8,3,36.491875718762714,0.04642507990146195,0.4828341348751472,6,6,3,38.89261425516939,0.03932864287544329,0.5052699077123203
맞춰,0318810107죠샌드위치,6,4.31748810613631,0.9375306301093187,0.8645662192537639,8,8,3,36.491875718762714,0.04642507990146195,0.4828341348751472,6,6,3,38.89261425516939,0.03932864287544329,0.5052699077123203
맞춰,죠샌드위치샐러드여주점,6,4.31748810613631,0.9375306301093187,0.8645662192537639,8,8,3,36.491875718762714,0.04642507990146195,0.4828341348751472,6,6,3,38.89261425516939,0.03932864287544329,0.5052699077123203
푸드스타그램,월금,6,4.31748810613631,0.9375306301093187,0.8645662192537639,8,8,2,51.07262942220989,0.9167714470515224,1.205993728576472,6,6,2,54.53822280264681,0.9734759109876884,1.2813234978883912
푸드스타그램,01096763990전화문의,6,4.31748810613631,0.9375306301093187,0.8645662192537639,8,8,2,51.07262942220989,0.9167714470515224,1.205993728576472,6,6,2,54.53822280264681,0.9734759109876884,1.2813234978883912
푸드스타그램,샐러드salad,6,4.31748810613631,0.9375306301093187,0.8645662192537639,8,8,2,51.07262942220989,0.9167714470515224,1.205993728576472,6,6,2,54.53822280264681,0.9734759109876884,1.2813234978883912
푸드스타그램,문의사항은,6,4.31748810613631,0.9375306301093187,0.8645662192537639,8,8,2,51.07262942220989,0.9167714470515224,1.205993728576472,6,6,2,54.53822280264681,0.9734759109876884,1.2813234978883912
푸드스타그램,수거,6,4.31748810613631,0.9375306301093187,0.8645662192537639,8,8,2,51.07262942220989,0.9167714470515224,1.205993728576472,6,6,2,54.53822280264681,0.9734759109876884,1.2813234978883912
푸드스타그램,주문을,6,4.31748810613631,0.9375306301093187,0.8645662192537639,8,8,2,51.07262942220989,0.9167714470515224,1.205993728576472,6,6,2,54.53822280264681,0.9734759109876884,1.2813234978883912
푸드스타그램,instafood,6,4.31748810613631,0.9375306301093187,0.8645662192537639,8,8,2,51.07262942220989,0.9167714470515224,1.205993728576472,6,6,2,54.53822280264681,0.9734759109876884,1.2813234978883912
푸드스타그램,foodfoodfic,6,4.31748810613631,0.9375306301093187,0.8645662192537639,8,8,2,51.07262942220989,0.9167714470515224,1.205993728576472,6,6,2,54.53822280264681,0.9734759109876884,1.2813234978883912
맞춰,문의환영,6,4.31748810613631,0.9375306301093187,0.8645662192537639,8,8,3,36.491875718762714,0.04642507990146195,0.4828341348751472,6,6,3,38.89261425516939,0.03932864287544329,0.5052699077123203
맞춰,체육대회간식,6,4.31748810613631,0.9375306301093187,0.8645662192537639,8,8,3,36.491875718762714,0.04642507990146195,0.4828341348751472,6,6,3,38.89261425516939,0.03932864287544329,0.5052699077123203
맞춰,학교간식,6,4.31748810613631,0.9375306301093187,0.8645662192537639,8,8,3,36.491875718762714,0.04642507990146195,0.4828341348751472,6,6,3,38.89261425516939,0.03932864287544329,0.5052699077123203
맞춰,구성해서,6,4.31748810613631,0.9375306301093187,0.8645662192537639,8,8,3,36.491875718762714,0.04642507990146195,0.4828341348751472,6,6,3,38.89261425516939,0.03932864287544329,0.5052699077123203
맞춰,학원간식,6,4.31748810613631,0.9375306301093187,0.8645662192537639,8,8,3,36.491875718762714,0.04642507990146195,0.4828341348751472,6,6,3,38.89261425516939,0.03932864287544329,0.5052699077123203
맞춰,3800원부터,6,4.31748810613631,0.9375306301093187,0.8645662192537639,8,8,3,36.491875718762714,0.04642507990146195,0.4828341348751472,6,6,3,38.89261425516939,0.03932864287544329,0.5052699077123203
맞춰,교회간식,6,4.31748810613631,0.9375306301093187,0.8645662192537639,8,8,3,36.491875718762714,0.04642507990146195,0.4828341348751472,6,6,3,38.89261425516939,0.03932864287544329,0.5052699077123203
행사간식,맞춰원하시는,6,4.31748810613631,0.9375306301093187,0.8645662192537639,8,8,3,36.81701505440076,0.04139602573209072,0.490696251692731,6,6,3,38.89261425516939,0.03932864287544329,0.5052699077123203
행사간식,0318810107구성,6,4.31748810613631,0.9375306301093187,0.8645662192537639,8,8,3,36.81701505440076,0.04139602573209072,0.490696251692731,6,6,3,38.89261425516939,0.03932864287544329,0.5052699077123203
푸드스타그램,푸디스퀘어,6,4.31748810613631,0.9375306301093187,0.8645662192537639,8,8,2,51.07262942220989,0.9167714470515224,1.205993728576472,6,6,2,54.53822280264681,0.9734759109876884,1.2813234978883912
푸드스타그램,불가합니다연락처,6,4.31748810613631,0.9375306301093187,0.8645662192537639,8,8,2,51.07262942220989,0.9167714470515224,1.205993728576472,6,6,2,54.53822280264681,0.9734759109876884,1.2813234978883912
푸드스타그램,안녕하세요배달,6,4.31748810613631,0.9375306301093187,0.8645662192537639,8,8,2,51.07262942220989,0.9167714470515224,1.205993728576472,6,6,2,54.53822280264681,0.9734759109876884,1.2813234978883912
푸드스타그램,당일주문이,6,4.31748810613631,0.9375306301093187,0.8645662192537639,8,8,2,51.07262942220989,0.9167714470515224,1.205993728576472,6,6,2,54.53822280264681,0.9734759109876884,1.2813234978883912
행사간식,여주행사간식,6,4.31748810613631,0.9375306301093187,0.8645662192537639,8,8,3,36.81701505440076,0.04139602573209072,0.490696251692731,6,6,3,38.89261425516939,0.03932864287544329,0.5052699077123203
행사간식,세종로,6,4.31748810613631,0.9375306301093187,0.8645662192537639,8,8,3,36.81701505440076,0.04139602573209072,0.490696251692731,6,6,3,38.89261425516939,0.03932864287544329,0.5052699077123203
행사간식,0318810107죠샌드위치,6,4.31748810613631,0.9375306301093187,0.8645662192537639,8,8,3,36.81701505440076,0.04139602573209072,0.490696251692731,6,6,3,38.89261425516939,0.03932864287544329,0.5052699077123203
행사간식,죠샌드위치샐러드여주점,6,4.31748810613631,0.9375306301093187,0.8645662192537639,8,8,3,36.81701505440076,0.04139602573209072,0.490696251692731,6,6,3,38.89261425516939,0.03932864287544329,0.5052699077123203
행사간식,여주맛집,6,4.31748810613631,0.9375306301093187,0.8645662192537639,8,8,3,36.81701505440076,0.04139602573209072,0.490696251692731,6,7,3,38.89261425516939,0.03932864287544329,0.5115300049677838
행사간식,여주사랑카드,6,4.31748810613631,0.9375306301093187,0.8645662192537639,8,8,3,36.81701505440076,0.04139602573209072,0.490696251692731,6,7,3,38.89261425516939,0.03932864287544329,0.5115300049677838
행사간식,지드림카드,6,4.31748810613631,0.9375306301093187,0.8645662192537639,8,8,3,36.81701505440076,0.04139602573209072,0.490696251692731,6,11,3,38.89261425516939,0.03932864287544329,0.5365703939896376
행사간식,문의환영,6,4.31748810613631,0.9375306301093187,0.8645662192537639,8,8,3,36.81701505440076,0.04139602573209072,0.490696251692731,6,6,3,38.89261425516939,0.03932864287544329,0.5052699077123203
행사간식,체육대회간식,6,4.31748810613631,0.9375306301093187,0.8645662192537639,8,8,3,36.81701505440076,0.04139602573209072,0.490696251692731,6,6,3,38.89261425516939,0.03932864287544329,0.5052699077123203
행사간식,학교간식,6,4.31748810613631,0.9375306301093187,0.8645662192537639,8,8,3,36.81701505440076,0.04139602573209072,0.490696251692731,6,6,3,38.89261425516939,0.03932864287544329,0.5052699077123203
행사간식,학원간식,6,4.31748810613631,0.9375306301093187,0.8645662192537639,8,8,3,36.81701505440076,0.04139602573209072,0.490696251692731,6,6,3,38.89261425516939,0.03932864287544329,0.5052699077123203
행사간식,3800원부터,6,4.31748810613631,0.9375306301093187,0.8645662192537639,8,8,3,36.81701505440076,0.04139602573209072,0.490696251692731,6,6,3,38.89261425516939,0.03932864287544329,0.5052699077123203
행사간식,교회간식,6,4.31748810613631,0.9375306301093187,0.8645662192537639,8,8,3,36.81701505440076,0.04139602573209072,0.490696251692731,6,6,3,38.89261425516939,0.03932864287544329,0.5052699077123203
행사간식,여주시,6,4.31748810613631,0.9375306301093187,0.8645662192537639,8,8,3,36.81701505440076,0.04139602573209072,0.490696251692731,6,6,3,38.89261425516939,0.03932864287544329,0.5052699077123203
행사간식,맞춰일정에,6,4.31748810613631,0.9375306301093187,0.8645662192537639,8,8,3,36.81701505440076,0.04139602573209072,0.490696251692731,6,6,3,38.89261425516939,0.03932864287544329,0.5052699077123203
행사간식,G드림카드,6,4.31748810613631,0.9375306301093187,0.8645662192537639,8,8,3,36.81701505440076,0.04139602573209072,0.490696251692731,6,6,3,38.89261425516939,0.03932864287544329,0.5052699077123203
행사간식,구성변경,6,4.31748810613631,0.9375306301093187,0.8645662192537639,8,8,3,36.81701505440076,0.04139602573209072,0.490696251692731,6,6,3,38.89261425516939,0.03932864287544329,0.5052699077123203
행사간식,여주점경기,6,4.31748810613631,0.9375306301093187,0.8645662192537639,8,8,3,36.81701505440076,0.04139602573209072,0.490696251692731,6,6,3,38.89261425516939,0.03932864287544329,0.5052699077123203
행사간식,단체간식,6,4.31748810613631,0.9375306301093187,0.8645662192537639,8,8,3,36.81701505440076,0.04139602573209072,0.490696251692731,6,6,3,38.89261425516939,0.03932864287544329,0.5052699077123203
구성도,예산에,6,4.296868819086636,0.9330532088159951,0.8554565165020475,7,7,3,37.57231270067667,0.04475367239378122,0.4911593299745319,7,7,3,37.90978302609143,0.04125091890534058,0.4999002588077334
최소주문,구성도,6,4.296868819086636,0.9330532088159951,0.8554565165020475,7,10,3,37.63304254644783,0.040076495528868224,0.5101441067326556,7,7,3,37.57231270067667,0.04475367239378122,0.4911593299745319
최소주문,예산에,6,4.296868819086636,0.9330532088159951,0.8554565165020475,7,10,3,37.63304254644783,0.040076495528868224,0.5101441067326556,7,7,3,37.90978302609143,0.04125091890534058,0.4999002588077334
순천,남원,10,3.8167128229565486,0.9321914081752458,0.8678743023184142,12,12,7,14.547397036585105,0.0018992785893863374,-0.0860918298890856,11,11,7,14.318163816786624,0.0019638442791239047,-0.11569868065699734
광주,남원,10,3.8167128229565486,0.9321914081752458,0.8678743023184142,12,12,7,14.622526690227046,0.004550657682078164,-0.08298556579188668,11,11,7,14.318163816786624,0.0019638442791239047,-0.11569868065699734
광주,곡성마카롱,9,3.9120230021614795,0.9314994576234449,0.8638245732792132,12,12,7,14.622526690227046,0.004550657682078164,-0.08298556579188668,9,9,7,13.968707008704735,0.0010507438463600715,-0.1720587146610657
순천,곡성마카롱,9,3.9120230021614795,0.9314994576234449,0.8638245732792132,12,12,7,14.547397036585105,0.0018992785893863374,-0.0860918298890856,9,9,7,13.968707008704735,0.0010507438463600715,-0.1720587146610657
lunch,이상의,5,4.451019495995118,0.9297184695550337,0.8437326317629064,7,7,2,52.79796218073351,0.9438425544539605,1.243005857694452,5,5,2,55.365416880903034,0.9999999999999709,1.2917352263209165
구성도,12000원지역화폐,5,4.451019495995118,0.9297184695550337,0.8437326317629064,7,7,3,37.57231270067667,0.04475367239378122,0.4911593299745319,5,5,3,37.56299706863465,0.03891332836071399,0.44313706506801165
lunch,전문업체,5,4.451019495995118,0.9297184695550337,0.8437326317629064,7,7,2,52.79796218073351,0.9438425544539605,1.243005857694452,5,5,2,55.365416880903034,0.9999999999999709,1.2917352263209165
lunch,인스타그램에서,5,4.451019495995118,0.9297184695550337,0.8437326317629064,7,7,2,52.79796218073351,0.9438425544539605,1.243005857694452,5,5,2,55.36541688090304,0.9999999999999709,1.2917352263209168
lunch,지원되지않습니다사용,5,4.451019495995118,0.9297184695550337,0.8437326317629064,7,7,2,52.79796218073351,0.9438425544539605,1.243005857694452,5,5,2,55.365416880903034,0.9999999999999709,1.2917352263209165
최소주문,빠네디까사1배달의민족,5,4.451019495995118,0.9297184695550337,0.8437326317629064,7,10,3,37.63304254644783,0.040076495528868224,0.5101441067326556,5,5,3,37.56299706863466,0.03891332836071399,0.44313706506801187
최소주문,여주사랑카드샌드위치,5,4.451019495995118,0.9297184695550337,0.8437326317629064,7,10,3,37.63304254644783,0.040076495528868224,0.5101441067326556,5,5,3,37.56299706863465,0.03891332836071399,0.44313706506801165
lunch,7001700매일,5,4.451019495995118,0.9297184695550337,0.8437326317629064,7,7,2,52.79796218073351,0.9438425544539605,1.243005857694452,5,5,2,55.36541688090304,0.9999999999999709,1.2917352263209168
lunch,결제를,5,4.451019495995118,0.9297184695550337,0.8437326317629064,7,7,2,52.79796218073351,0.9438425544539605,1.243005857694452,5,5,2,55.36541688090304,0.9999999999999709,1.2917352263209168
lunch,배송탁월한,5,4.451019495995118,0.9297184695550337,0.8437326317629064,7,7,2,52.79796218073351,0.9438425544539605,1.243005857694452,5,5,2,55.36541688090304,0.9999999999999709,1.2917352263209168
lunch,진행도시락,5,4.451019495995118,0.9297184695550337,0.8437326317629064,7,7,2,52.79796218073351,0.9438425544539605,1.243005857694452,5,5,2,55.36541688090304,0.9999999999999709,1.2917352263209168
lunch,연락주세요오늘도,5,4.451019495995118,0.9297184695550337,0.8437326317629064,7,7,2,52.79796218073351,0.9438425544539605,1.243005857694452,5,5,2,55.365416880903034,0.9999999999999709,1.2917352263209165
lunch,기본결제방식은,5,4.451019495995118,0.9297184695550337,0.8437326317629064,7,7,2,52.79796218073351,0.9438425544539605,1.243005857694452,5,5,2,55.365416880903034,0.9999999999999709,1.2917352263209165
lunch,세트가,5,4.451019495995118,0.9297184695550337,0.8437326317629064,7,7,2,52.79796218073351,0.9438425544539605,1.243005857694452,5,5,2,55.365416880903034,0.9999999999999709,1.2917352263209165
lunch,결제후불결제를,5,4.451019495995118,0.9297184695550337,0.8437326317629064,7,7,2,52.79796218073351,0.9438425544539605,1.243005857694452,5,5,2,55.365416880903034,0.9999999999999709,1.2917352263209165
lunch,보온도시락샐러드,5,4.451019495995118,0.9297184695550337,0.8437326317629064,7,7,2,52.79796218073351,0.9438425544539605,1.243005857694452,5,5,2,55.36541688090304,0.9999999999999709,1.2917352263209168
lunch,매월,5,4.451019495995118,0.9297184695550337,0.8437326317629064,7,7,2,52.79796218073351,0.9438425544539605,1.243005857694452,5,5,2,55.36541688090304,0.9999999999999709,1.2917352263209168
lunch,인원부터,5,4.451019495995118,0.9297184695550337,0.8437326317629064,7,7,2,52.79796218073351,0.9438425544539605,1.243005857694452,5,5,2,55.36541688090304,0.9999999999999709,1.2917352263209168
lunch,34회,5,4.451019495995118,0.9297184695550337,0.8437326317629064,7,7,2,52.79796218073351,0.9438425544539605,1.243005857694452,5,5,2,55.36541688090304,0.9999999999999709,1.2917352263209168
lunch,이용가능주,5,4.451019495995118,0.9297184695550337,0.8437326317629064,7,7,2,52.79796218073351,0.9438425544539605,1.243005857694452,5,5,2,55.365416880903034,0.9999999999999709,1.2917352263209165
lunch,메뉴푸디스퀘어를,5,4.451019495995118,0.9297184695550337,0.8437326317629064,7,7,2,52.79796218073351,0.9438425544539605,1.243005857694452,5,5,2,55.365416880903034,0.9999999999999709,1.2917352263209165
lunch,기본으로하며,5,4.451019495995118,0.9297184695550337,0.8437326317629064,7,7,2,52.79796218073351,0.9438425544539605,1.243005857694452,5,5,2,55.365416880903034,0.9999999999999709,1.2917352263209165
lunch,갱신중,5,4.451019495995118,0.9297184695550337,0.8437326317629064,7,7,2,52.79796218073351,0.9438425544539605,1.243005857694452,5,5,2,55.365416880903034,0.9999999999999709,1.2917352263209165
최소주문,12000원지역화폐,5,4.451019495995118,0.9297184695550337,0.8437326317629064,7,10,3,37.63304254644783,0.040076495528868224,0.5101441067326556,5,5,3,37.56299706863465,0.03891332836071399,0.44313706506801165
lunch,도시락샐러드,5,4.451019495995118,0.9297184695550337,0.8437326317629064,7,7,2,52.79796218073351,0.9438425544539605,1.243005857694452,5,5,2,55.36541688090304,0.9999999999999709,1.2917352263209168
lunch,첫째,5,4.451019495995118,0.9297184695550337,0.8437326317629064,7,7,2,52.79796218073351,0.9438425544539605,1.243005857694452,5,5,2,55.365416880903034,0.9999999999999709,1.2917352263209165
lunch,보온4시간뒤처리샐러드는,5,4.451019495995118,0.9297184695550337,0.8437326317629064,7,7,2,52.79796218073351,0.9438425544539605,1.243005857694452,5,5,2,55.36541688090304,0.9999999999999709,1.2917352263209168
lunch,아닙니다각각,5,4.451019495995118,0.9297184695550337,0.8437326317629064,7,7,2,52.79796218073351,0.9438425544539605,1.243005857694452,5,5,2,55.36541688090304,0.9999999999999709,1.2917352263209168
lunch,서비스3명,5,4.451019495995118,0.9297184695550337,0.8437326317629064,7,7,2,52.79796218073351,0.9438425544539605,1.243005857694452,5,5,2,55.365416880903034,0.9999999999999709,1.2917352263209165
lunch,가능합니다샐러드는,5,4.451019495995118,0.9297184695550337,0.8437326317629064,7,7,2,52.79796218073351,0.9438425544539605,1.243005857694452,5,5,2,55.365416880903034,0.9999999999999709,1.2917352263209165
lunch,금요일에,5,4.451019495995118,0.9297184695550337,0.8437326317629064,7,7,2,52.79796218073351,0.9438425544539605,1.243005857694452,5,5,2,55.365416880903034,0.9999999999999709,1.2917352263209165
lunch,질문이나,5,4.451019495995118,0.9297184695550337,0.8437326317629064,7,7,2,52.79796218073351,0.9438425544539605,1.243005857694452,5,5,2,55.365416880903034,0.9999999999999709,1.2917352263209165
lunch,전용,5,4.451019495995118,0.9297184695550337,0.8437326317629064,7,7,2,52.79796218073351,0.9438425544539605,1.243005857694452,5,5,2,55.36541688090304,0.9999999999999709,1.2917352263209168
lunch,보내십시오맛스타,5,4.451019495995118,0.9297184695550337,0.8437326317629064,7,7,2,52.79796218073351,0.9438425544539605,1.243005857694452,5,5,2,55.365416880903034,0.9999999999999709,1.2917352263209165
lunch,이유매일,5,4.451019495995118,0.9297184695550337,0.8437326317629064,7,7,2,52.79796218073351,0.9438425544539605,1.243005857694452,5,5,2,55.365416880903034,0.9999999999999709,1.2917352263209165
lunch,설명서기업,5,4.451019495995118,0.9297184695550337,0.8437326317629064,7,7,2,52.79796218073351,0.9438425544539605,1.243005857694452,5,5,2,55.365416880903034,0.9999999999999709,1.2917352263209165
lunch,선택하는,5,4.451019495995118,0.9297184695550337,0.8437326317629064,7,7,2,52.79796218073351,0.9438425544539605,1.243005857694452,5,5,2,55.36541688090304,0.9999999999999709,1.2917352263209168
lunch,다른메뉴기다림,5,4.451019495995118,0.9297184695550337,0.8437326317629064,7,7,2,52.79796218073351,0.9438425544539605,1.243005857694452,5,5,2,55.36541688090304,0.9999999999999709,1.2917352263209168
예산에,빠네디까사1배달의민족,5,4.451019495995118,0.9297184695550337,0.8437326317629064,7,7,3,37.90978302609143,0.04125091890534058,0.4999002588077334,5,5,3,37.56299706863466,0.03891332836071399,0.44313706506801187
구성도,여주사랑카드샌드위치,5,4.451019495995118,0.9297184695550337,0.8437326317629064,7,7,3,37.57231270067667,0.04475367239378122,0.4911593299745319,5,5,3,37.56299706863465,0.03891332836071399,0.44313706506801165
예산에,12000원지역화폐,5,4.451019495995118,0.9297184695550337,0.8437326317629064,7,7,3,37.90978302609143,0.04125091890534058,0.4999002588077334,5,5,3,37.56299706863465,0.03891332836071399,0.44313706506801165
구성도,빠네디까사1배달의민족,5,4.451019495995118,0.9297184695550337,0.8437326317629064,7,7,3,37.57231270067667,0.04475367239378122,0.4911593299745319,5,5,3,37.56299706863466,0.03891332836071399,0.44313706506801187
예산에,여주사랑카드샌드위치,5,4.451019495995118,0.9297184695550337,0.8437326317629064,7,7,3,37.90978302609143,0.04125091890534058,0.4999002588077334,5,5,3,37.56299706863465,0.03891332836071399,0.44313706506801165
남원,쫀득한마카롱좋은재료와정성은진리다,9,3.893673863553889,0.9271303082980488,0.8556096541780057,11,11,7,14.318163816786624,0.0019638442791239047,-0.11569868065699734,10,10,7,14.221068346182058,0.0006157621040780625,-0.14189689788948104
무료배달,문의환영,5,4.422848619314137,0.9238342031802331,0.8316498316498314,6,10,3,36.12513125616447,0.050340755062562914,0.4526389612379844,6,6,3,38.89261425516939,0.03932864287544329,0.5052699077123203
무료배달,있습니다단체주문,5,4.422848619314137,0.9238342031802331,0.8316498316498314,6,10,3,36.12513125616447,0.050340755062562914,0.4526389612379844,6,6,3,38.89261425516939,0.03932864287544329,0.5052699077123203
무료배달,가능합니다문의주세요,5,4.422848619314137,0.9238342031802331,0.8316498316498314,6,10,3,36.12513125616447,0.050340755062562914,0.4526389612379844,6,6,3,38.89261425516939,0.03932864287544329,0.5052699077123203
무료배달,여주행사간식,5,4.422848619314137,0.9238342031802331,0.8316498316498314,6,10,3,36.12513125616447,0.050340755062562914,0.4526389612379844,6,6,3,38.89261425516939,0.03932864287544329,0.5052699077123203
무료배달,여주맛집,5,4.422848619314137,0.9238342031802331,0.8316498316498314,6,10,3,36.12513125616447,0.050340755062562914,0.4526389612379844,6,7,3,38.89261425516939,0.03932864287544329,0.5115300049677838
무료배달,3800원부터,5,4.422848619314137,0.9238342031802331,0.8316498316498314,6,10,3,36.12513125616447,0.050340755062562914,0.4526389612379844,6,6,3,38.89261425516939,0.03932864287544329,0.5052699077123203
무료배달,체육대회간식,5,4.422848619314137,0.9238342031802331,0.8316498316498314,6,10,3,36.12513125616447,0.050340755062562914,0.4526389612379844,6,6,3,38.89261425516939,0.03932864287544329,0.5052699077123203
무료배달,학교간식,5,4.422848619314137,0.9238342031802331,0.8316498316498314,6,10,3,36.12513125616447,0.050340755062562914,0.4526389612379844,6,6,3,38.89261425516939,0.03932864287544329,0.5052699077123203
연락처,또먹고싶다,5,4.422848619314137,0.9238342031802331,0.8316498316498314,6,6,2,53.19469175420827,0.9684193983207021,1.240098578856718,6,6,2,54.53822280264681,0.9734759109876884,1.2813234978883912
무료배달,구성해서,5,4.422848619314137,0.9238342031802331,0.8316498316498314,6,10,3,36.12513125616447,0.050340755062562914,0.4526389612379844,6,6,3,38.89261425516939,0.03932864287544329,0.5052699077123203
무료배달,학원간식,5,4.422848619314137,0.9238342031802331,0.8316498316498314,6,10,3,36.12513125616447,0.050340755062562914,0.4526389612379844,6,6,3,38.89261425516939,0.03932864287544329,0.5052699077123203
무료배달,여주사랑카드,5,4.422848619314137,0.9238342031802331,0.8316498316498314,6,10,3,36.12513125616447,0.050340755062562914,0.4526389612379844,6,7,3,38.89261425516939,0.03932864287544329,0.5115300049677838
무료배달,교회간식,5,4.422848619314137,0.9238342031802331,0.8316498316498314,6,10,3,36.12513125616447,0.050340755062562914,0.4526389612379844,6,6,3,38.89261425516939,0.03932864287544329,0.5052699077123203
연락처,푸디스퀘어,5,4.422848619314137,0.9238342031802331,0.8316498316498314,6,6,2,53.19469175420827,0.9684193983207021,1.240098578856718,6,6,2,54.53822280264681,0.9734759109876884,1.2813234978883912
무료배달,맞춰원하시는,5,4.422848619314137,0.9238342031802331,0.8316498316498314,6,10,3,36.12513125616447,0.050340755062562914,0.4526389612379844,6,6,3,38.89261425516939,0.03932864287544329,0.5052699077123203
무료배달,단체간식,5,4.422848619314137,0.9238342031802331,0.8316498316498314,6,10,3,36.12513125616447,0.050340755062562914,0.4526389612379844,6,6,3,38.89261425516939,0.03932864287544329,0.5052699077123203
연락처,안녕하세요배달,5,4.422848619314137,0.9238342031802331,0.8316498316498314,6,6,2,53.19469175420827,0.9684193983207021,1.240098578856718,6,6,2,54.53822280264681,0.9734759109876884,1.2813234978883912
연락처,주문을,5,4.422848619314137,0.9238342031802331,0.8316498316498314,6,6,2,53.19469175420827,0.9684193983207021,1.240098578856718,6,6,2,54.53822280264681,0.9734759109876884,1.2813234978883912
foodfoodfic,연락처,5,4.422848619314137,0.9238342031802331,0.8316498316498314,6,6,2,54.53822280264681,0.9734759109876884,1.2813234978883912,6,6,2,53.19469175420827,0.9684193983207021,1.240098578856718
연락처,instafood,5,4.422848619314137,0.9238342031802331,0.8316498316498314,6,6,2,53.19469175420827,0.9684193983207021,1.240098578856718,6,6,2,54.53822280264681,0.9734759109876884,1.2813234978883912
연락처,맛집오늘뭐먹지,5,4.422848619314137,0.9238342031802331,0.8316498316498314,6,6,2,53.19469175420827,0.9684193983207021,1.240098578856718,6,6,2,54.53822280264681,0.9734759109876884,1.2813234978883912
무료배달,해드립니다,5,4.422848619314137,0.9238342031802331,0.8316498316498314,6,10,3,36.12513125616447,0.050340755062562914,0.4526389612379844,6,6,3,38.89261425516939,0.03932864287544329,0.5052699077123203
연락처,불가합니다연락처,5,4.422848619314137,0.9238342031802331,0.8316498316498314,6,6,2,53.19469175420827,0.9684193983207021,1.240098578856718,6,6,2,54.53822280264681,0.9734759109876884,1.2813234978883912
지드림카드,무료배달,5,4.422848619314137,0.9238342031802331,0.8316498316498314,6,11,3,38.89261425516939,0.03932864287544329,0.5365703939896376,6,10,3,36.12513125616447,0.050340755062562914,0.4526389612379844
무료배달,세종로,5,4.422848619314137,0.9238342031802331,0.8316498316498314,6,10,3,36.12513125616447,0.050340755062562914,0.4526389612379844,6,6,3,38.89261425516939,0.03932864287544329,0.5052699077123203
무료배달,0318810107죠샌드위치,5,4.422848619314137,0.9238342031802331,0.8316498316498314,6,10,3,36.12513125616447,0.050340755062562914,0.4526389612379844,6,6,3,38.89261425516939,0.03932864287544329,0.5052699077123203
무료배달,죠샌드위치샐러드여주점,5,4.422848619314137,0.9238342031802331,0.8316498316498314,6,10,3,36.12513125616447,0.050340755062562914,0.4526389612379844,6,6,3,38.89261425516939,0.03932864287544329,0.5052699077123203
연락처,당일주문이,5,4.422848619314137,0.9238342031802331,0.8316498316498314,6,6,2,53.19469175420827,0.9684193983207021,1.240098578856718,6,6,2,54.53822280264681,0.9734759109876884,1.2813234978883912
연락처,월금,5,4.422848619314137,0.9238342031802331,0.8316498316498314,6,6,2,53.19469175420827,0.9684193983207021,1.240098578856718,6,6,2,54.53822280264681,0.9734759109876884,1.2813234978883912
연락처,01096763990전화문의,5,4.422848619314137,0.9238342031802331,0.8316498316498314,6,6,2,53.19469175420827,0.9684193983207021,1.240098578856718,6,6,2,54.53822280264681,0.9734759109876884,1.2813234978883912
연락처,샐러드salad,5,4.422848619314137,0.9238342031802331,0.8316498316498314,6,6,2,53.19469175420827,0.9684193983207021,1.240098578856718,6,6,2,54.53822280264681,0.9734759109876884,1.2813234978883912
연락처,문의사항은,5,4.422848619314137,0.9238342031802331,0.8316498316498314,6,6,2,53.19469175420827,0.9684193983207021,1.240098578856718,6,6,2,54.53822280264681,0.9734759109876884,1.2813234978883912
연락처,수거,5,4.422848619314137,0.9238342031802331,0.8316498316498314,6,6,2,53.19469175420827,0.9684193983207021,1.240098578856718,6,6,2,54.53822280264681,0.9734759109876884,1.2813234978883912
무료배달,여주시,5,4.422848619314137,0.9238342031802331,0.8316498316498314,6,10,3,36.12513125616447,0.050340755062562914,0.4526389612379844,6,6,3,38.89261425516939,0.03932864287544329,0.5052699077123203
무료배달,맞춰일정에,5,4.422848619314137,0.9238342031802331,0.8316498316498314,6,10,3,36.12513125616447,0.050340755062562914,0.4526389612379844,6,6,3,38.89261425516939,0.03932864287544329,0.5052699077123203
무료배달,0318810107구성,5,4.422848619314137,0.9238342031802331,0.8316498316498314,6,10,3,36.12513125616447,0.050340755062562914,0.4526389612379844,6,6,3,38.89261425516939,0.03932864287544329,0.5052699077123203
무료배달,G드림카드,5,4.422848619314137,0.9238342031802331,0.8316498316498314,6,10,3,36.12513125616447,0.050340755062562914,0.4526389612379844,6,6,3,38.89261425516939,0.03932864287544329,0.5052699077123203
무료배달,구성변경,5,4.422848619314137,0.9238342031802331,0.8316498316498314,6,10,3,36.12513125616447,0.050340755062562914,0.4526389612379844,6,6,3,38.89261425516939,0.03932864287544329,0.5052699077123203
무료배달,여주점경기,5,4.422848619314137,0.9238342031802331,0.8316498316498314,6,10,3,36.12513125616447,0.050340755062562914,0.4526389612379844,6,6,3,38.89261425516939,0.03932864287544329,0.5052699077123203
쫀득한마카롱좋은재료와정성은진리다,곡성마카롱,8,3.976561522640717,0.9210358935887668,0.8407752254462009,10,10,7,14.221068346182058,0.0006157621040780625,-0.14189689788948104,9,9,7,13.968707008704735,0.0010507438463600715,-0.1720587146610657
음료,예산에,7,4.094344557164958,0.919866684829545,0.8345410023805301,10,10,3,34.84349500679431,0.041626958029498215,0.47850385179365584,7,7,3,37.90978302609143,0.04125091890534058,0.4999002588077334
샌드위치맛집,광주,12,3.5637163094452244,0.9109650696189469,0.8365882810443809,17,17,7,13.364276504150524,0.017774469938701843,-0.0010872974563186644,12,12,7,14.622526690227046,0.004550657682078164,-0.08298556579188668
맞춰,구성도,6,4.163337427380481,0.9040572355259431,0.7993031043007474,8,8,3,36.491875718762714,0.04642507990146195,0.4828341348751472,7,7,3,37.57231270067667,0.04475367239378122,0.4911593299745319
맞춰,최소주문,6,4.163337427380481,0.9040572355259431,0.7993031043007474,8,8,3,36.491875718762714,0.04642507990146195,0.4828341348751472,7,10,3,37.63304254644783,0.040076495528868224,0.5101441067326556
서비스가,lunch,6,4.163337427380481,0.9040572355259431,0.7993031043007474,8,13,2,51.07262942220989,0.914915118022948,1.2366664690845033,7,7,2,52.79796218073351,0.9438425544539605,1.243005857694452
맞춰,예산에,6,4.163337427380481,0.9040572355259431,0.7993031043007474,8,8,3,36.491875718762714,0.04642507990146195,0.4828341348751472,7,7,3,37.90978302609143,0.04125091890534058,0.4999002588077334
2T,108호샐러드,6,4.163337427380481,0.9040572355259431,0.7993031043007474,8,8,5,8.008058486689707,0.018115372756656017,-0.36448506025437777,7,7,5,5.607860975632327,0.01082502164456312,-0.4604299501482286
행사간식,구성도,6,4.163337427380481,0.9040572355259431,0.7993031043007474,8,8,3,36.81701505440076,0.04139602573209072,0.490696251692731,7,7,3,37.57231270067667,0.04475367239378122,0.4911593299745319
행사간식,최소주문,6,4.163337427380481,0.9040572355259431,0.7993031043007474,8,8,3,36.81701505440076,0.04139602573209072,0.490696251692731,7,10,3,37.63304254644783,0.040076495528868224,0.5101441067326556
푸드스타그램,lunch,6,4.163337427380481,0.9040572355259431,0.7993031043007474,8,8,2,51.07262942220989,0.9167714470515224,1.205993728576472,7,7,2,52.79796218073351,0.9438425544539605,1.243005857694452
DM,이유매일,5,4.31748810465631,0.9018267470171356,0.788573864324578,8,8,2,49.89991903944463,0.9100524418193162,1.1692306688271281,5,5,2,55.365416880903034,0.9999999999999709,1.2917352263209165
DM,보내십시오맛스타,5,4.31748810465631,0.9018267470171356,0.788573864324578,8,8,2,49.89991903944463,0.9100524418193162,1.1692306688271281,5,5,2,55.365416880903034,0.9999999999999709,1.2917352263209165
DM,전문업체,5,4.31748810465631,0.9018267470171356,0.788573864324578,8,8,2,49.89991903944463,0.9100524418193162,1.1692306688271281,5,5,2,55.365416880903034,0.9999999999999709,1.2917352263209165
DM,설명서기업,5,4.31748810465631,0.9018267470171356,0.788573864324578,8,8,2,49.89991903944463,0.9100524418193162,1.1692306688271281,5,5,2,55.365416880903034,0.9999999999999709,1.2917352263209165
DM,도시락샐러드,5,4.31748810465631,0.9018267470171356,0.788573864324578,8,8,2,49.89991903944463,0.9100524418193162,1.1692306688271281,5,5,2,55.36541688090304,0.9999999999999709,1.2917352263209168
DM,전용,5,4.31748810465631,0.9018267470171356,0.788573864324578,8,8,2,49.89991903944463,0.9100524418193162,1.1692306688271281,5,5,2,55.36541688090304,0.9999999999999709,1.2917352263209168
서비스가,선택하는,5,4.31748810465631,0.9018267470171356,0.788573864324578,8,13,2,51.07262942220989,0.914915118022948,1.2366664690845033,5,5,2,55.36541688090304,0.9999999999999709,1.2917352263209168
서비스가,전문업체,5,4.31748810465631,0.9018267470171356,0.788573864324578,8,13,2,51.07262942220989,0.914915118022948,1.2366664690845033,5,5,2,55.365416880903034,0.9999999999999709,1.2917352263209165
DM,금요일에,5,4.31748810465631,0.9018267470171356,0.788573864324578,8,8,2,49.89991903944463,0.9100524418193162,1.1692306688271281,5,5,2,55.365416880903034,0.9999999999999709,1.2917352263209165
DM,가능합니다샐러드는,5,4.31748810465631,0.9018267470171356,0.788573864324578,8,8,2,49.89991903944463,0.9100524418193162,1.1692306688271281,5,5,2,55.365416880903034,0.9999999999999709,1.2917352263209165
DM,서비스3명,5,4.31748810465631,0.9018267470171356,0.788573864324578,8,8,2,49.89991903944463,0.9100524418193162,1.1692306688271281,5,5,2,55.365416880903034,0.9999999999999709,1.2917352263209165
DM,아닙니다각각,5,4.31748810465631,0.9018267470171356,0.788573864324578,8,8,2,49.89991903944463,0.9100524418193162,1.1692306688271281,5,5,2,55.36541688090304,0.9999999999999709,1.2917352263209168
서비스가,설명서기업,5,4.31748810465631,0.9018267470171356,0.788573864324578,8,13,2,51.07262942220989,0.914915118022948,1.2366664690845033,5,5,2,55.365416880903034,0.9999999999999709,1.2917352263209165
서비스가,이유매일,5,4.31748810465631,0.9018267470171356,0.788573864324578,8,13,2,51.07262942220989,0.914915118022948,1.2366664690845033,5,5,2,55.365416880903034,0.9999999999999709,1.2917352263209165
서비스가,세트가,5,4.31748810465631,0.9018267470171356,0.788573864324578,8,13,2,51.07262942220989,0.914915118022948,1.2366664690845033,5,5,2,55.365416880903034,0.9999999999999709,1.2917352263209165
DM,질문이나,5,4.31748810465631,0.9018267470171356,0.788573864324578,8,8,2,49.89991903944463,0.9100524418193162,1.1692306688271281,5,5,2,55.365416880903034,0.9999999999999709,1.2917352263209165
DM,갱신중,5,4.31748810465631,0.9018267470171356,0.788573864324578,8,8,2,49.89991903944463,0.9100524418193162,1.1692306688271281,5,5,2,55.365416880903034,0.9999999999999709,1.2917352263209165
DM,기본결제방식은,5,4.31748810465631,0.9018267470171356,0.788573864324578,8,8,2,49.89991903944463,0.9100524418193162,1.1692306688271281,5,5,2,55.365416880903034,0.9999999999999709,1.2917352263209165
DM,첫째,5,4.31748810465631,0.9018267470171356,0.788573864324578,8,8,2,49.89991903944463,0.9100524418193162,1.1692306688271281,5,5,2,55.365416880903034,0.9999999999999709,1.2917352263209165
DM,보온4시간뒤처리샐러드는,5,4.31748810465631,0.9018267470171356,0.788573864324578,8,8,2,49.89991903944463,0.9100524418193162,1.1692306688271281,5,5,2,55.36541688090304,0.9999999999999709,1.2917352263209168
푸드스타그램,메뉴푸디스퀘어를,5,4.31748810465631,0.9018267470171356,0.788573864324578,8,8,2,51.07262942220989,0.9167714470515224,1.205993728576472,5,5,2,55.365416880903034,0.9999999999999709,1.2917352263209165
푸드스타그램,이용가능주,5,4.31748810465631,0.9018267470171356,0.788573864324578,8,8,2,51.07262942220989,0.9167714470515224,1.205993728576472,5,5,2,55.365416880903034,0.9999999999999709,1.2917352263209165
맞춰,빠네디까사1배달의민족,5,4.31748810465631,0.9018267470171356,0.788573864324578,8,8,3,36.491875718762714,0.04642507990146195,0.4828341348751472,5,5,3,37.56299706863466,0.03891332836071399,0.44313706506801187
맞춰,12000원지역화폐,5,4.31748810465631,0.9018267470171356,0.788573864324578,8,8,3,36.491875718762714,0.04642507990146195,0.4828341348751472,5,5,3,37.56299706863465,0.03891332836071399,0.44313706506801165
서비스가,가능합니다샐러드는,5,4.31748810465631,0.9018267470171356,0.788573864324578,8,13,2,51.07262942220989,0.914915118022948,1.2366664690845033,5,5,2,55.365416880903034,0.9999999999999709,1.2917352263209165
서비스가,금요일에,5,4.31748810465631,0.9018267470171356,0.788573864324578,8,13,2,51.07262942220989,0.914915118022948,1.2366664690845033,5,5,2,55.365416880903034,0.9999999999999709,1.2917352263209165
서비스가,이상의,5,4.31748810465631,0.9018267470171356,0.788573864324578,8,13,2,51.07262942220989,0.914915118022948,1.2366664690845033,5,5,2,55.365416880903034,0.9999999999999709,1.2917352263209165
맞춰,여주사랑카드샌드위치,5,4.31748810465631,0.9018267470171356,0.788573864324578,8,8,3,36.491875718762714,0.04642507990146195,0.4828341348751472,5,5,3,37.56299706863465,0.03891332836071399,0.44313706506801165
서비스가,메뉴푸디스퀘어를,5,4.31748810465631,0.9018267470171356,0.788573864324578,8,13,2,51.07262942220989,0.914915118022948,1.2366664690845033,5,5,2,55.365416880903034,0.9999999999999709,1.2917352263209165
서비스가,기본으로하며,5,4.31748810465631,0.9018267470171356,0.788573864324578,8,13,2,51.07262942220989,0.914915118022948,1.2366664690845033,5,5,2,55.365416880903034,0.9999999999999709,1.2917352263209165
서비스가,지원되지않습니다사용,5,4.31748810465631,0.9018267470171356,0.788573864324578,8,13,2,51.07262942220989,0.914915118022948,1.2366664690845033,5,5,2,55.365416880903034,0.9999999999999709,1.2917352263209165
서비스가,인스타그램에서,5,4.31748810465631,0.9018267470171356,0.788573864324578,8,13,2,51.07262942220989,0.914915118022948,1.2366664690845033,5,5,2,55.36541688090304,0.9999999999999709,1.2917352263209168
서비스가,결제를,5,4.31748810465631,0.9018267470171356,0.788573864324578,8,13,2,51.07262942220989,0.914915118022948,1.2366664690845033,5,5,2,55.36541688090304,0.9999999999999709,1.2917352263209168
서비스가,배송탁월한,5,4.31748810465631,0.9018267470171356,0.788573864324578,8,13,2,51.07262942220989,0.914915118022948,1.2366664690845033,5,5,2,55.36541688090304,0.9999999999999709,1.2917352263209168
푸드스타그램,보온도시락샐러드,5,4.31748810465631,0.9018267470171356,0.788573864324578,8,8,2,51.07262942220989,0.9167714470515224,1.205993728576472,5,5,2,55.36541688090304,0.9999999999999709,1.2917352263209168
푸드스타그램,매월,5,4.31748810465631,0.9018267470171356,0.788573864324578,8,8,2,51.07262942220989,0.9167714470515224,1.205993728576472,5,5,2,55.36541688090304,0.9999999999999709,1.2917352263209168
푸드스타그램,세트가,5,4.31748810465631,0.9018267470171356,0.788573864324578,8,8,2,51.07262942220989,0.9167714470515224,1.205993728576472,5,5,2,55.365416880903034,0.9999999999999709,1.2917352263209165
푸드스타그램,이상의,5,4.31748810465631,0.9018267470171356,0.788573864324578,8,8,2,51.07262942220989,0.9167714470515224,1.205993728576472,5,5,2,55.365416880903034,0.9999999999999709,1.2917352263209165
푸드스타그램,연락주세요오늘도,5,4.31748810465631,0.9018267470171356,0.788573864324578,8,8,2,51.07262942220989,0.9167714470515224,1.205993728576472,5,5,2,55.365416880903034,0.9999999999999709,1.2917352263209165
푸드스타그램,결제후불결제를,5,4.31748810465631,0.9018267470171356,0.788573864324578,8,8,2,51.07262942220989,0.9167714470515224,1.205993728576472,5,5,2,55.365416880903034,0.9999999999999709,1.2917352263209165
푸드스타그램,진행도시락,5,4.31748810465631,0.9018267470171356,0.788573864324578,8,8,2,51.07262942220989,0.9167714470515224,1.205993728576472,5,5,2,55.36541688090304,0.9999999999999709,1.2917352263209168
푸드스타그램,배송탁월한,5,4.31748810465631,0.9018267470171356,0.788573864324578,8,8,2,51.07262942220989,0.9167714470515224,1.205993728576472,5,5,2,55.36541688090304,0.9999999999999709,1.2917352263209168
서비스가,보내십시오맛스타,5,4.31748810465631,0.9018267470171356,0.788573864324578,8,13,2,51.07262942220989,0.914915118022948,1.2366664690845033,5,5,2,55.365416880903034,0.9999999999999709,1.2917352263209165
서비스가,도시락샐러드,5,4.31748810465631,0.9018267470171356,0.788573864324578,8,13,2,51.07262942220989,0.914915118022948,1.2366664690845033,5,5,2,55.36541688090304,0.9999999999999709,1.2917352263209168
서비스가,7001700매일,5,4.31748810465631,0.9018267470171356,0.788573864324578,8,13,2,51.07262942220989,0.914915118022948,1.2366664690845033,5,5,2,55.36541688090304,0.9999999999999709,1.2917352263209168
서비스가,다른메뉴기다림,5,4.31748810465631,0.9018267470171356,0.788573864324578,8,13,2,51.07262942220989,0.914915118022948,1.2366664690845033,5,5,2,55.36541688090304,0.9999999999999709,1.2917352263209168
서비스가,전용,5,4.31748810465631,0.9018267470171356,0.788573864324578,8,13,2,51.07262942220989,0.914915118022948,1.2366664690845033,5,5,2,55.36541688090304,0.9999999999999709,1.2917352263209168
서비스가,질문이나,5,4.31748810465631,0.9018267470171356,0.788573864324578,8,13,2,51.07262942220989,0.914915118022948,1.2366664690845033,5,5,2,55.365416880903034,0.9999999999999709,1.2917352263209165
DM,인원부터,5,4.31748810465631,0.9018267470171356,0.788573864324578,8,8,2,49.89991903944463,0.9100524418193162,1.1692306688271281,5,5,2,55.36541688090304,0.9999999999999709,1.2917352263209168
DM,매월,5,4.31748810465631,0.9018267470171356,0.788573864324578,8,8,2,49.89991903944463,0.9100524418193162,1.1692306688271281,5,5,2,55.36541688090304,0.9999999999999709,1.2917352263209168
서비스가,서비스3명,5,4.31748810465631,0.9018267470171356,0.788573864324578,8,13,2,51.07262942220989,0.914915118022948,1.2366664690845033,5,5,2,55.365416880903034,0.9999999999999709,1.2917352263209165
서비스가,아닙니다각각,5,4.31748810465631,0.9018267470171356,0.788573864324578,8,13,2,51.07262942220989,0.914915118022948,1.2366664690845033,5,5,2,55.36541688090304,0.9999999999999709,1.2917352263209168
서비스가,보온4시간뒤처리샐러드는,5,4.31748810465631,0.9018267470171356,0.788573864324578,8,13,2,51.07262942220989,0.914915118022948,1.2366664690845033,5,5,2,55.36541688090304,0.9999999999999709,1.2917352263209168
서비스가,첫째,5,4.31748810465631,0.9018267470171356,0.788573864324578,8,13,2,51.07262942220989,0.914915118022948,1.2366664690845033,5,5,2,55.365416880903034,0.9999999999999709,1.2917352263209165
서비스가,기본결제방식은,5,4.31748810465631,0.9018267470171356,0.788573864324578,8,13,2,51.07262942220989,0.914915118022948,1.2366664690845033,5,5,2,55.365416880903034,0.9999999999999709,1.2917352263209165
서비스가,갱신중,5,4.31748810465631,0.9018267470171356,0.788573864324578,8,13,2,51.07262942220989,0.914915118022948,1.2366664690845033,5,5,2,55.365416880903034,0.9999999999999709,1.2917352263209165
서비스가,이용가능주,5,4.31748810465631,0.9018267470171356,0.788573864324578,8,13,2,51.07262942220989,0.914915118022948,1.2366664690845033,5,5,2,55.365416880903034,0.9999999999999709,1.2917352263209165
서비스가,34회,5,4.31748810465631,0.9018267470171356,0.788573864324578,8,13,2,51.07262942220989,0.914915118022948,1.2366664690845033,5,5,2,55.36541688090304,0.9999999999999709,1.2917352263209168
서비스가,인원부터,5,4.31748810465631,0.9018267470171356,0.788573864324578,8,13,2,51.07262942220989,0.914915118022948,1.2366664690845033,5,5,2,55.36541688090304,0.9999999999999709,1.2917352263209168
서비스가,매월,5,4.31748810465631,0.9018267470171356,0.788573864324578,8,13,2,51.07262942220989,0.914915118022948,1.2366664690845033,5,5,2,55.36541688090304,0.9999999999999709,1.2917352263209168
서비스가,보온도시락샐러드,5,4.31748810465631,0.9018267470171356,0.788573864324578,8,13,2,51.07262942220989,0.914915118022948,1.2366664690845033,5,5,2,55.36541688090304,0.9999999999999709,1.2917352263209168
서비스가,결제후불결제를,5,4.31748810465631,0.9018267470171356,0.788573864324578,8,13,2,51.07262942220989,0.914915118022948,1.2366664690845033,5,5,2,55.365416880903034,0.9999999999999709,1.2917352263209165
서비스가,연락주세요오늘도,5,4.31748810465631,0.9018267470171356,0.788573864324578,8,13,2,51.07262942220989,0.914915118022948,1.2366664690845033,5,5,2,55.365416880903034,0.9999999999999709,1.2917352263209165
서비스가,진행도시락,5,4.31748810465631,0.9018267470171356,0.788573864324578,8,13,2,51.07262942220989,0.914915118022948,1.2366664690845033,5,5,2,55.36541688090304,0.9999999999999709,1.2917352263209168
푸드스타그램,선택하는,5,4.31748810465631,0.9018267470171356,0.788573864324578,8,8,2,51.07262942220989,0.9167714470515224,1.205993728576472,5,5,2,55.36541688090304,0.9999999999999709,1.2917352263209168
푸드스타그램,기본으로하며,5,4.31748810465631,0.9018267470171356,0.788573864324578,8,8,2,51.07262942220989,0.9167714470515224,1.205993728576472,5,5,2,55.365416880903034,0.9999999999999709,1.2917352263209165
푸드스타그램,지원되지않습니다사용,5,4.31748810465631,0.9018267470171356,0.788573864324578,8,8,2,51.07262942220989,0.9167714470515224,1.205993728576472,5,5,2,55.365416880903034,0.9999999999999709,1.2917352263209165
푸드스타그램,인스타그램에서,5,4.31748810465631,0.9018267470171356,0.788573864324578,8,8,2,51.07262942220989,0.9167714470515224,1.205993728576472,5,5,2,55.36541688090304,0.9999999999999709,1.2917352263209168
푸드스타그램,보내십시오맛스타,5,4.31748810465631,0.9018267470171356,0.788573864324578,8,8,2,51.07262942220989,0.9167714470515224,1.205993728576472,5,5,2,55.365416880903034,0.9999999999999709,1.2917352263209165
푸드스타그램,이유매일,5,4.31748810465631,0.9018267470171356,0.788573864324578,8,8,2,51.07262942220989,0.9167714470515224,1.205993728576472,5,5,2,55.365416880903034,0.9999999999999709,1.2917352263209165
DM,다른메뉴기다림,5,4.31748810465631,0.9018267470171356,0.788573864324578,8,8,2,49.89991903944463,0.9100524418193162,1.1692306688271281,5,5,2,55.36541688090304,0.9999999999999709,1.2917352263209168
DM,7001700매일,5,4.31748810465631,0.9018267470171356,0.788573864324578,8,8,2,49.89991903944463,0.9100524418193162,1.1692306688271281,5,5,2,55.36541688090304,0.9999999999999709,1.2917352263209168
푸드스타그램,첫째,5,4.31748810465631,0.9018267470171356,0.788573864324578,8,8,2,51.07262942220989,0.9167714470515224,1.205993728576472,5,5,2,55.365416880903034,0.9999999999999709,1.2917352263209165
푸드스타그램,기본결제방식은,5,4.31748810465631,0.9018267470171356,0.788573864324578,8,8,2,51.07262942220989,0.9167714470515224,1.205993728576472,5,5,2,55.365416880903034,0.9999999999999709,1.2917352263209165
푸드스타그램,아닙니다각각,5,4.31748810465631,0.9018267470171356,0.788573864324578,8,8,2,51.07262942220989,0.9167714470515224,1.205993728576472,5,5,2,55.36541688090304,0.9999999999999709,1.2917352263209168
푸드스타그램,보온4시간뒤처리샐러드는,5,4.31748810465631,0.9018267470171356,0.788573864324578,8,8,2,51.07262942220989,0.9167714470515224,1.205993728576472,5,5,2,55.36541688090304,0.9999999999999709,1.2917352263209168
푸드스타그램,서비스3명,5,4.31748810465631,0.9018267470171356,0.788573864324578,8,8,2,51.07262942220989,0.9167714470515224,1.205993728576472,5,5,2,55.365416880903034,0.9999999999999709,1.2917352263209165
푸드스타그램,가능합니다샐러드는,5,4.31748810465631,0.9018267470171356,0.788573864324578,8,8,2,51.07262942220989,0.9167714470515224,1.205993728576472,5,5,2,55.365416880903034,0.9999999999999709,1.2917352263209165
푸드스타그램,질문이나,5,4.31748810465631,0.9018267470171356,0.788573864324578,8,8,2,51.07262942220989,0.9167714470515224,1.205993728576472,5,5,2,55.365416880903034,0.9999999999999709,1.2917352263209165
푸드스타그램,금요일에,5,4.31748810465631,0.9018267470171356,0.788573864324578,8,8,2,51.07262942220989,0.9167714470515224,1.205993728576472,5,5,2,55.365416880903034,0.9999999999999709,1.2917352263209165
푸드스타그램,7001700매일,5,4.31748810465631,0.9018267470171356,0.788573864324578,8,8,2,51.07262942220989,0.9167714470515224,1.205993728576472,5,5,2,55.36541688090304,0.9999999999999709,1.2917352263209168
푸드스타그램,결제를,5,4.31748810465631,0.9018267470171356,0.788573864324578,8,8,2,51.07262942220989,0.9167714470515224,1.205993728576472,5,5,2,55.36541688090304,0.9999999999999709,1.2917352263209168
푸드스타그램,전용,5,4.31748810465631,0.9018267470171356,0.788573864324578,8,8,2,51.07262942220989,0.9167714470515224,1.205993728576472,5,5,2,55.36541688090304,0.9999999999999709,1.2917352263209168
푸드스타그램,다른메뉴기다림,5,4.31748810465631,0.9018267470171356,0.788573864324578,8,8,2,51.07262942220989,0.9167714470515224,1.205993728576472,5,5,2,55.36541688090304,0.9999999999999709,1.2917352263209168
푸드스타그램,설명서기업,5,4.31748810465631,0.9018267470171356,0.788573864324578,8,8,2,51.07262942220989,0.9167714470515224,1.205993728576472,5,5,2,55.365416880903034,0.9999999999999709,1.2917352263209165
푸드스타그램,도시락샐러드,5,4.31748810465631,0.9018267470171356,0.788573864324578,8,8,2,51.07262942220989,0.9167714470515224,1.205993728576472,5,5,2,55.36541688090304,0.9999999999999709,1.2917352263209168
푸드스타그램,전문업체,5,4.31748810465631,0.9018267470171356,0.788573864324578,8,8,2,51.07262942220989,0.9167714470515224,1.205993728576472,5,5,2,55.365416880903034,0.9999999999999709,1.2917352263209165
푸드스타그램,34회,5,4.31748810465631,0.9018267470171356,0.788573864324578,8,8,2,51.07262942220989,0.9167714470515224,1.205993728576472,5,5,2,55.36541688090304,0.9999999999999709,1.2917352263209168
푸드스타그램,인원부터,5,4.31748810465631,0.9018267470171356,0.788573864324578,8,8,2,51.07262942220989,0.9167714470515224,1.205993728576472,5,5,2,55.36541688090304,0.9999999999999709,1.2917352263209168
DM,결제를,5,4.31748810465631,0.9018267470171356,0.788573864324578,8,8,2,49.89991903944463,0.9100524418193162,1.1692306688271281,5,5,2,55.36541688090304,0.9999999999999709,1.2917352263209168
DM,배송탁월한,5,4.31748810465631,0.9018267470171356,0.788573864324578,8,8,2,49.89991903944463,0.9100524418193162,1.1692306688271281,5,5,2,55.36541688090304,0.9999999999999709,1.2917352263209168
DM,진행도시락,5,4.31748810465631,0.9018267470171356,0.788573864324578,8,8,2,49.89991903944463,0.9100524418193162,1.1692306688271281,5,5,2,55.36541688090304,0.9999999999999709,1.2917352263209168
행사간식,여주사랑카드샌드위치,5,4.31748810465631,0.9018267470171356,0.788573864324578,8,8,3,36.81701505440076,0.04139602573209072,0.490696251692731,5,5,3,37.56299706863465,0.03891332836071399,0.44313706506801165
행사간식,12000원지역화폐,5,4.31748810465631,0.9018267470171356,0.788573864324578,8,8,3,36.81701505440076,0.04139602573209072,0.490696251692731,5,5,3,37.56299706863465,0.03891332836071399,0.44313706506801165
행사간식,빠네디까사1배달의민족,5,4.31748810465631,0.9018267470171356,0.788573864324578,8,8,3,36.81701505440076,0.04139602573209072,0.490696251692731,5,5,3,37.56299706863466,0.03891332836071399,0.44313706506801187
푸드스타그램,갱신중,5,4.31748810465631,0.9018267470171356,0.788573864324578,8,8,2,51.07262942220989,0.9167714470515224,1.205993728576472,5,5,2,55.365416880903034,0.9999999999999709,1.2917352263209165
DM,보온도시락샐러드,5,4.31748810465631,0.9018267470171356,0.788573864324578,8,8,2,49.89991903944463,0.9100524418193162,1.1692306688271281,5,5,2,55.36541688090304,0.9999999999999709,1.2917352263209168
DM,34회,5,4.31748810465631,0.9018267470171356,0.788573864324578,8,8,2,49.89991903944463,0.9100524418193162,1.1692306688271281,5,5,2,55.36541688090304,0.9999999999999709,1.2917352263209168
DM,이용가능주,5,4.31748810465631,0.9018267470171356,0.788573864324578,8,8,2,49.89991903944463,0.9100524418193162,1.1692306688271281,5,5,2,55.365416880903034,0.9999999999999709,1.2917352263209165
DM,메뉴푸디스퀘어를,5,4.31748810465631,0.9018267470171356,0.788573864324578,8,8,2,49.89991903944463,0.9100524418193162,1.1692306688271281,5,5,2,55.365416880903034,0.9999999999999709,1.2917352263209165
DM,결제후불결제를,5,4.31748810465631,0.9018267470171356,0.788573864324578,8,8,2,49.89991903944463,0.9100524418193162,1.1692306688271281,5,5,2,55.365416880903034,0.9999999999999709,1.2917352263209165
DM,세트가,5,4.31748810465631,0.9018267470171356,0.788573864324578,8,8,2,49.89991903944463,0.9100524418193162,1.1692306688271281,5,5,2,55.365416880903034,0.9999999999999709,1.2917352263209165
DM,이상의,5,4.31748810465631,0.9018267470171356,0.788573864324578,8,8,2,49.89991903944463,0.9100524418193162,1.1692306688271281,5,5,2,55.365416880903034,0.9999999999999709,1.2917352263209165
DM,연락주세요오늘도,5,4.31748810465631,0.9018267470171356,0.788573864324578,8,8,2,49.89991903944463,0.9100524418193162,1.1692306688271281,5,5,2,55.365416880903034,0.9999999999999709,1.2917352263209165
DM,선택하는,5,4.31748810465631,0.9018267470171356,0.788573864324578,8,8,2,49.89991903944463,0.9100524418193162,1.1692306688271281,5,5,2,55.36541688090304,0.9999999999999709,1.2917352263209168
DM,인스타그램에서,5,4.31748810465631,0.9018267470171356,0.788573864324578,8,8,2,49.89991903944463,0.9100524418193162,1.1692306688271281,5,5,2,55.36541688090304,0.9999999999999709,1.2917352263209168
DM,지원되지않습니다사용,5,4.31748810465631,0.9018267470171356,0.788573864324578,8,8,2,49.89991903944463,0.9100524418193162,1.1692306688271281,5,5,2,55.365416880903034,0.9999999999999709,1.2917352263209165
DM,기본으로하며,5,4.31748810465631,0.9018267470171356,0.788573864324578,8,8,2,49.89991903944463,0.9100524418193162,1.1692306688271281,5,5,2,55.365416880903034,0.9999999999999709,1.2917352263209165
남원,곡성마카롱,8,3.8812513432000286,0.8989605162082188,0.8007948399890472,11,11,7,14.318163816786624,0.0019638442791239047,-0.11569868065699734,9,9,7,13.968707008704735,0.0010507438463600715,-0.1720587146610657
구성도,무료배달,5,4.26869794091545,0.8916355725225492,0.7690471291672356,7,7,3,37.57231270067667,0.04475367239378122,0.4911593299745319,6,10,3,36.12513125616447,0.050340755062562914,0.4526389612379844
최소주문,무료배달,5,4.26869794091545,0.8916355725225492,0.7690471291672356,7,10,3,37.63304254644783,0.040076495528868224,0.5101441067326556,6,10,3,36.12513125616447,0.050340755062562914,0.4526389612379844
lunch,연락처,5,4.26869794091545,0.8916355725225492,0.7690471291672356,7,7,2,52.79796218073351,0.9438425544539605,1.243005857694452,6,6,2,53.19469175420827,0.9684193983207021,1.240098578856718
예산에,무료배달,5,4.26869794091545,0.8916355725225492,0.7690471291672356,7,7,3,37.90978302609143,0.04125091890534058,0.4999002588077334,6,10,3,36.12513125616447,0.050340755062562914,0.4526389612379844
예산에,배달비,5,4.26869794091545,0.8916355725225492,0.7690471291672356,7,7,3,37.90978302609143,0.04125091890534058,0.4999002588077334,6,10,3,32.758290806219605,0.039754772393962065,0.35003602649487076
샌드위치맛집,핸드메이드,11,3.563716309289342,0.8911442034622775,0.8002920669292511,17,17,7,13.364276504150524,0.017774469938701843,-0.0010872974563186644,11,11,7,14.900415344117702,0.001240890171512381,-0.09881838939725157
샌드위치맛집,곡성뚝방마켓,11,3.563716309289342,0.8911442034622775,0.8002920669292511,17,17,7,13.364276504150524,0.017774469938701843,-0.0010872974563186644,11,11,7,14.900415344117702,0.001240890171512381,-0.09881838939725157
샌드위치맛집,마카롱,11,3.563716309289342,0.8911442034622775,0.8002920669292511,17,17,7,13.364276504150524,0.017774469938701843,-0.0010872974563186644,11,11,7,14.900415344117702,0.001240890171512381,-0.09881838939725157
샌드위치맛집,많이달지않은마카롱,11,3.563716309289342,0.8911442034622775,0.8002920669292511,17,17,7,13.364276504150524,0.017774469938701843,-0.0010872974563186644,11,11,7,14.900415344117702,0.001240890171512381,-0.09881838939725157
샌드위치맛집,곡성,11,3.563716309289342,0.8911442034622775,0.8002920669292511,17,17,7,13.364276504150524,0.017774469938701843,-0.0010872974563186644,11,11,7,14.900415344117702,0.001240890171512381,-0.09881838939725157
샌드위치맛집,마카롱맛집,11,3.563716309289342,0.8911442034622775,0.8002920669292511,17,17,7,13.364276504150524,0.017774469938701843,-0.0010872974563186644,11,11,7,14.900415344117702,0.001240890171512381,-0.09881838939725157
최대한,맞춰,7,3.9608131651832923,0.8898665035678338,0.779408904845728,10,10,3,34.58064977625616,0.055958499882341736,0.4756196620993622,8,8,3,36.491875718762714,0.04642507990146195,0.4828341348751472
음료,행사간식,7,3.9608131651832923,0.8898665035678338,0.779408904845728,10,10,3,34.84349500679431,0.041626958029498215,0.47850385179365584,8,8,3,36.81701505440076,0.04139602573209072,0.490696251692731
음료,있습니다단체주문,6,4.094344556322101,0.8890756239299592,0.7719841941125452,10,10,3,34.84349500679431,0.041626958029498215,0.47850385179365584,6,6,3,38.89261425516939,0.03932864287544329,0.5052699077123203
음료,해드립니다,6,4.094344556322101,0.8890756239299592,0.7719841941125452,10,10,3,34.84349500679431,0.041626958029498215,0.47850385179365584,6,6,3,38.89261425516939,0.03932864287544329,0.5052699077123203
음료,세종로,6,4.094344556322101,0.8890756239299592,0.7719841941125452,10,10,3,34.84349500679431,0.041626958029498215,0.47850385179365584,6,6,3,38.89261425516939,0.03932864287544329,0.5052699077123203
음료,여주행사간식,6,4.094344556322101,0.8890756239299592,0.7719841941125452,10,10,3,34.84349500679431,0.041626958029498215,0.47850385179365584,6,6,3,38.89261425516939,0.03932864287544329,0.5052699077123203
음료,학교간식,6,4.094344556322101,0.8890756239299592,0.7719841941125452,10,10,3,34.84349500679431,0.041626958029498215,0.47850385179365584,6,6,3,38.89261425516939,0.03932864287544329,0.5052699077123203
음료,구성해서,6,4.094344556322101,0.8890756239299592,0.7719841941125452,10,10,3,34.84349500679431,0.041626958029498215,0.47850385179365584,6,6,3,38.89261425516939,0.03932864287544329,0.5052699077123203
최대한,지드림카드,6,4.094344556322101,0.8890756239299592,0.7719841941125452,10,10,3,34.58064977625616,0.055958499882341736,0.4756196620993622,6,11,3,38.89261425516939,0.03932864287544329,0.5365703939896376
최대한,여주사랑카드,6,4.094344556322101,0.8890756239299592,0.7719841941125452,10,10,3,34.58064977625616,0.055958499882341736,0.4756196620993622,6,7,3,38.89261425516939,0.03932864287544329,0.5115300049677838
최대한,여주맛집,6,4.094344556322101,0.8890756239299592,0.7719841941125452,10,10,3,34.58064977625616,0.055958499882341736,0.4756196620993622,6,7,3,38.89261425516939,0.03932864287544329,0.5115300049677838
최대한,죠샌드위치샐러드여주점,6,4.094344556322101,0.8890756239299592,0.7719841941125452,10,10,3,34.58064977625616,0.055958499882341736,0.4756196620993622,6,6,3,38.89261425516939,0.03932864287544329,0.5052699077123203
최대한,0318810107죠샌드위치,6,4.094344556322101,0.8890756239299592,0.7719841941125452,10,10,3,34.58064977625616,0.055958499882341736,0.4756196620993622,6,6,3,38.89261425516939,0.03932864287544329,0.5052699077123203
음료,0318810107죠샌드위치,6,4.094344556322101,0.8890756239299592,0.7719841941125452,10,10,3,34.84349500679431,0.041626958029498215,0.47850385179365584,6,6,3,38.89261425516939,0.03932864287544329,0.5052699077123203
최대한,맞춰원하시는,6,4.094344556322101,0.8890756239299592,0.7719841941125452,10,10,3,34.58064977625616,0.055958499882341736,0.4756196620993622,6,6,3,38.89261425516939,0.03932864287544329,0.5052699077123203
최대한,0318810107구성,6,4.094344556322101,0.8890756239299592,0.7719841941125452,10,10,3,34.58064977625616,0.055958499882341736,0.4756196620993622,6,6,3,38.89261425516939,0.03932864287544329,0.5052699077123203
음료,여주점경기,6,4.094344556322101,0.8890756239299592,0.7719841941125452,10,10,3,34.84349500679431,0.041626958029498215,0.47850385179365584,6,6,3,38.89261425516939,0.03932864287544329,0.5052699077123203
음료,구성변경,6,4.094344556322101,0.8890756239299592,0.7719841941125452,10,10,3,34.84349500679431,0.041626958029498215,0.47850385179365584,6,6,3,38.89261425516939,0.03932864287544329,0.5052699077123203
음료,G드림카드,6,4.094344556322101,0.8890756239299592,0.7719841941125452,10,10,3,34.84349500679431,0.041626958029498215,0.47850385179365584,6,6,3,38.89261425516939,0.03932864287544329,0.5052699077123203
음료,맞춰일정에,6,4.094344556322101,0.8890756239299592,0.7719841941125452,10,10,3,34.84349500679431,0.041626958029498215,0.47850385179365584,6,6,3,38.89261425516939,0.03932864287544329,0.5052699077123203
음료,여주시,6,4.094344556322101,0.8890756239299592,0.7719841941125452,10,10,3,34.84349500679431,0.041626958029498215,0.47850385179365584,6,6,3,38.89261425516939,0.03932864287544329,0.5052699077123203
음료,교회간식,6,4.094344556322101,0.8890756239299592,0.7719841941125452,10,10,3,34.84349500679431,0.041626958029498215,0.47850385179365584,6,6,3,38.89261425516939,0.03932864287544329,0.5052699077123203
음료,3800원부터,6,4.094344556322101,0.8890756239299592,0.7719841941125452,10,10,3,34.84349500679431,0.041626958029498215,0.47850385179365584,6,6,3,38.89261425516939,0.03932864287544329,0.5052699077123203
음료,학원간식,6,4.094344556322101,0.8890756239299592,0.7719841941125452,10,10,3,34.84349500679431,0.041626958029498215,0.47850385179365584,6,6,3,38.89261425516939,0.03932864287544329,0.5052699077123203
음료,여주사랑카드,6,4.094344556322101,0.8890756239299592,0.7719841941125452,10,10,3,34.84349500679431,0.041626958029498215,0.47850385179365584,6,7,3,38.89261425516939,0.03932864287544329,0.5115300049677838
음료,여주맛집,6,4.094344556322101,0.8890756239299592,0.7719841941125452,10,10,3,34.84349500679431,0.041626958029498215,0.47850385179365584,6,7,3,38.89261425516939,0.03932864287544329,0.5115300049677838
최대한,여주시,6,4.094344556322101,0.8890756239299592,0.7719841941125452,10,10,3,34.58064977625616,0.055958499882341736,0.4756196620993622,6,6,3,38.89261425516939,0.03932864287544329,0.5052699077123203
음료,지드림카드,6,4.094344556322101,0.8890756239299592,0.7719841941125452,10,10,3,34.84349500679431,0.041626958029498215,0.47850385179365584,6,11,3,38.89261425516939,0.03932864287544329,0.5365703939896376
음료,죠샌드위치샐러드여주점,6,4.094344556322101,0.8890756239299592,0.7719841941125452,10,10,3,34.84349500679431,0.041626958029498215,0.47850385179365584,6,6,3,38.89261425516939,0.03932864287544329,0.5052699077123203
음료,0318810107구성,6,4.094344556322101,0.8890756239299592,0.7719841941125452,10,10,3,34.84349500679431,0.041626958029498215,0.47850385179365584,6,6,3,38.89261425516939,0.03932864287544329,0.5052699077123203
음료,가능합니다문의주세요,6,4.094344556322101,0.8890756239299592,0.7719841941125452,10,10,3,34.84349500679431,0.041626958029498215,0.47850385179365584,6,6,3,38.89261425516939,0.03932864287544329,0.5052699077123203
최대한,있습니다단체주문,6,4.094344556322101,0.8890756239299592,0.7719841941125452,10,10,3,34.58064977625616,0.055958499882341736,0.4756196620993622,6,6,3,38.89261425516939,0.03932864287544329,0.5052699077123203
최대한,해드립니다,6,4.094344556322101,0.8890756239299592,0.7719841941125452,10,10,3,34.58064977625616,0.055958499882341736,0.4756196620993622,6,6,3,38.89261425516939,0.03932864287544329,0.5052699077123203
쫀득한마카롱좋은재료와정성은진리다,촌스마마화수목금낮12시오픈입니다촌스마마,6,4.094344556322101,0.8890756239299592,0.7719841941125452,10,10,7,14.221068346182058,0.0006157621040780625,-0.14189689788948104,6,6,7,12.900490793010688,0.0005860883659973193,-0.2722933820370266
당일,24시식당,6,4.094344556322101,0.8890756239299592,0.7719841941125452,10,12,5,9.644889701375217,0.013627091281291841,-0.25956804744798545,6,6,5,7.662121982687268,0.0,-0.426558766431274
당일,건강샐러드,6,4.094344556322101,0.8890756239299592,0.7719841941125452,10,12,5,9.644889701375217,0.013627091281291841,-0.25956804744798545,6,6,5,7.662121982687268,0.0,-0.426558766431274
당일,재고연어,6,4.094344556322101,0.8890756239299592,0.7719841941125452,10,12,5,9.644889701375217,0.013627091281291841,-0.25956804744798545,6,6,5,7.662121982687268,0.0,-0.426558766431274
당일,용산샐러드맛집,6,4.094344556322101,0.8890756239299592,0.7719841941125452,10,12,5,9.644889701375217,0.013627091281291841,-0.25956804744798545,6,6,5,7.662121982687268,0.0,-0.426558766431274
당일,용산샐러드,6,4.094344556322101,0.8890756239299592,0.7719841941125452,10,12,5,9.644889701375217,0.013627091281291841,-0.25956804744798545,6,6,5,7.662121982687268,0.0,-0.426558766431274
최대한,가능합니다문의주세요,6,4.094344556322101,0.8890756239299592,0.7719841941125452,10,10,3,34.58064977625616,0.055958499882341736,0.4756196620993622,6,6,3,38.89261425516939,0.03932864287544329,0.5052699077123203
당일,용산역맛집,6,4.094344556322101,0.8890756239299592,0.7719841941125452,10,12,5,9.644889701375217,0.013627091281291841,-0.25956804744798545,6,6,5,7.662121982687268,0.0,-0.426558766431274
최대한,여주행사간식,6,4.094344556322101,0.8890756239299592,0.7719841941125452,10,10,3,34.58064977625616,0.055958499882341736,0.4756196620993622,6,6,3,38.89261425516939,0.03932864287544329,0.5052699077123203
최대한,맞춰일정에,6,4.094344556322101,0.8890756239299592,0.7719841941125452,10,10,3,34.58064977625616,0.055958499882341736,0.4756196620993622,6,6,3,38.89261425516939,0.03932864287544329,0.5052699077123203
최대한,세종로,6,4.094344556322101,0.8890756239299592,0.7719841941125452,10,10,3,34.58064977625616,0.055958499882341736,0.4756196620993622,6,6,3,38.89261425516939,0.03932864287544329,0.5052699077123203
최대한,G드림카드,6,4.094344556322101,0.8890756239299592,0.7719841941125452,10,10,3,34.58064977625616,0.055958499882341736,0.4756196620993622,6,6,3,38.89261425516939,0.03932864287544329,0.5052699077123203
음료,단체간식,6,4.094344556322101,0.8890756239299592,0.7719841941125452,10,10,3,34.84349500679431,0.041626958029498215,0.47850385179365584,6,6,3,38.89261425516939,0.03932864287544329,0.5052699077123203
음료,맞춰원하시는,6,4.094344556322101,0.8890756239299592,0.7719841941125452,10,10,3,34.84349500679431,0.041626958029498215,0.47850385179365584,6,6,3,38.89261425516939,0.03932864287544329,0.5052699077123203
최대한,구성변경,6,4.094344556322101,0.8890756239299592,0.7719841941125452,10,10,3,34.58064977625616,0.055958499882341736,0.4756196620993622,6,6,3,38.89261425516939,0.03932864287544329,0.5052699077123203
최대한,여주점경기,6,4.094344556322101,0.8890756239299592,0.7719841941125452,10,10,3,34.58064977625616,0.055958499882341736,0.4756196620993622,6,6,3,38.89261425516939,0.03932864287544329,0.5052699077123203
최대한,단체간식,6,4.094344556322101,0.8890756239299592,0.7719841941125452,10,10,3,34.58064977625616,0.055958499882341736,0.4756196620993622,6,6,3,38.89261425516939,0.03932864287544329,0.5052699077123203
음료,문의환영,6,4.094344556322101,0.8890756239299592,0.7719841941125452,10,10,3,34.84349500679431,0.041626958029498215,0.47850385179365584,6,6,3,38.89261425516939,0.03932864287544329,0.5052699077123203
음료,체육대회간식,6,4.094344556322101,0.8890756239299592,0.7719841941125452,10,10,3,34.84349500679431,0.041626958029498215,0.47850385179365584,6,6,3,38.89261425516939,0.03932864287544329,0.5052699077123203
최대한,문의환영,6,4.094344556322101,0.8890756239299592,0.7719841941125452,10,10,3,34.58064977625616,0.055958499882341736,0.4756196620993622,6,6,3,38.89261425516939,0.03932864287544329,0.5052699077123203
최대한,체육대회간식,6,4.094344556322101,0.8890756239299592,0.7719841941125452,10,10,3,34.58064977625616,0.055958499882341736,0.4756196620993622,6,6,3,38.89261425516939,0.03932864287544329,0.5052699077123203
최대한,학교간식,6,4.094344556322101,0.8890756239299592,0.7719841941125452,10,10,3,34.58064977625616,0.055958499882341736,0.4756196620993622,6,6,3,38.89261425516939,0.03932864287544329,0.5052699077123203
최대한,구성해서,6,4.094344556322101,0.8890756239299592,0.7719841941125452,10,10,3,34.58064977625616,0.055958499882341736,0.4756196620993622,6,6,3,38.89261425516939,0.03932864287544329,0.5052699077123203
최대한,학원간식,6,4.094344556322101,0.8890756239299592,0.7719841941125452,10,10,3,34.58064977625616,0.055958499882341736,0.4756196620993622,6,6,3,38.89261425516939,0.03932864287544329,0.5052699077123203
최대한,3800원부터,6,4.094344556322101,0.8890756239299592,0.7719841941125452,10,10,3,34.58064977625616,0.055958499882341736,0.4756196620993622,6,6,3,38.89261425516939,0.03932864287544329,0.5052699077123203
최대한,교회간식,6,4.094344556322101,0.8890756239299592,0.7719841941125452,10,10,3,34.58064977625616,0.055958499882341736,0.4756196620993622,6,6,3,38.89261425516939,0.03932864287544329,0.5052699077123203
인스타그램,지원되지않습니다사용,5,4.199705069999927,0.8772245041334976,0.7428463692388327,9,9,2,48.43764752230243,0.8850358256214551,1.1406502677546002,5,5,2,55.365416880903034,0.9999999999999709,1.2917352263209165
인스타그램,금요일에,5,4.199705069999927,0.8772245041334976,0.7428463692388327,9,9,2,48.43764752230243,0.8850358256214551,1.1406502677546002,5,5,2,55.365416880903034,0.9999999999999709,1.2917352263209165
인스타그램,가능합니다샐러드는,5,4.199705069999927,0.8772245041334976,0.7428463692388327,9,9,2,48.43764752230243,0.8850358256214551,1.1406502677546002,5,5,2,55.365416880903034,0.9999999999999709,1.2917352263209165
인스타그램,갱신중,5,4.199705069999927,0.8772245041334976,0.7428463692388327,9,9,2,48.43764752230243,0.8850358256214551,1.1406502677546002,5,5,2,55.365416880903034,0.9999999999999709,1.2917352263209165
인스타그램,기본으로하며,5,4.199705069999927,0.8772245041334976,0.7428463692388327,9,9,2,48.43764752230243,0.8850358256214551,1.1406502677546002,5,5,2,55.365416880903034,0.9999999999999709,1.2917352263209165
인스타그램,메뉴푸디스퀘어를,5,4.199705069999927,0.8772245041334976,0.7428463692388327,9,9,2,48.43764752230243,0.8850358256214551,1.1406502677546002,5,5,2,55.365416880903034,0.9999999999999709,1.2917352263209165
인스타그램,이용가능주,5,4.199705069999927,0.8772245041334976,0.7428463692388327,9,9,2,48.43764752230243,0.8850358256214551,1.1406502677546002,5,5,2,55.365416880903034,0.9999999999999709,1.2917352263209165
인스타그램,34회,5,4.199705069999927,0.8772245041334976,0.7428463692388327,9,9,2,48.43764752230243,0.8850358256214551,1.1406502677546002,5,5,2,55.36541688090304,0.9999999999999709,1.2917352263209168
인스타그램,인원부터,5,4.199705069999927,0.8772245041334976,0.7428463692388327,9,9,2,48.43764752230243,0.8850358256214551,1.1406502677546002,5,5,2,55.36541688090304,0.9999999999999709,1.2917352263209168
인스타그램,매월,5,4.199705069999927,0.8772245041334976,0.7428463692388327,9,9,2,48.43764752230243,0.8850358256214551,1.1406502677546002,5,5,2,55.36541688090304,0.9999999999999709,1.2917352263209168
인스타그램,보온도시락샐러드,5,4.199705069999927,0.8772245041334976,0.7428463692388327,9,9,2,48.43764752230243,0.8850358256214551,1.1406502677546002,5,5,2,55.36541688090304,0.9999999999999709,1.2917352263209168
인스타그램,결제후불결제를,5,4.199705069999927,0.8772245041334976,0.7428463692388327,9,9,2,48.43764752230243,0.8850358256214551,1.1406502677546002,5,5,2,55.365416880903034,0.9999999999999709,1.2917352263209165
인스타그램,세트가,5,4.199705069999927,0.8772245041334976,0.7428463692388327,9,9,2,48.43764752230243,0.8850358256214551,1.1406502677546002,5,5,2,55.365416880903034,0.9999999999999709,1.2917352263209165
인스타그램,인스타그램에서,5,4.199705069999927,0.8772245041334976,0.7428463692388327,9,9,2,48.43764752230243,0.8850358256214551,1.1406502677546002,5,5,2,55.36541688090304,0.9999999999999709,1.2917352263209168
인스타그램,전문업체,5,4.199705069999927,0.8772245041334976,0.7428463692388327,9,9,2,48.43764752230243,0.8850358256214551,1.1406502677546002,5,5,2,55.365416880903034,0.9999999999999709,1.2917352263209165
인스타그램,다른메뉴기다림,5,4.199705069999927,0.8772245041334976,0.7428463692388327,9,9,2,48.43764752230243,0.8850358256214551,1.1406502677546002,5,5,2,55.36541688090304,0.9999999999999709,1.2917352263209168
인스타그램,배송탁월한,5,4.199705069999927,0.8772245041334976,0.7428463692388327,9,9,2,48.43764752230243,0.8850358256214551,1.1406502677546002,5,5,2,55.36541688090304,0.9999999999999709,1.2917352263209168
인스타그램,결제를,5,4.199705069999927,0.8772245041334976,0.7428463692388327,9,9,2,48.43764752230243,0.8850358256214551,1.1406502677546002,5,5,2,55.36541688090304,0.9999999999999709,1.2917352263209168
인스타그램,선택하는,5,4.199705069999927,0.8772245041334976,0.7428463692388327,9,9,2,48.43764752230243,0.8850358256214551,1.1406502677546002,5,5,2,55.36541688090304,0.9999999999999709,1.2917352263209168
인스타그램,설명서기업,5,4.199705069999927,0.8772245041334976,0.7428463692388327,9,9,2,48.43764752230243,0.8850358256214551,1.1406502677546002,5,5,2,55.365416880903034,0.9999999999999709,1.2917352263209165
인스타그램,이유매일,5,4.199705069999927,0.8772245041334976,0.7428463692388327,9,9,2,48.43764752230243,0.8850358256214551,1.1406502677546002,5,5,2,55.365416880903034,0.9999999999999709,1.2917352263209165
인스타그램,보내십시오맛스타,5,4.199705069999927,0.8772245041334976,0.7428463692388327,9,9,2,48.43764752230243,0.8850358256214551,1.1406502677546002,5,5,2,55.365416880903034,0.9999999999999709,1.2917352263209165
인스타그램,도시락샐러드,5,4.199705069999927,0.8772245041334976,0.7428463692388327,9,9,2,48.43764752230243,0.8850358256214551,1.1406502677546002,5,5,2,55.36541688090304,0.9999999999999709,1.2917352263209168
인스타그램,7001700매일,5,4.199705069999927,0.8772245041334976,0.7428463692388327,9,9,2,48.43764752230243,0.8850358256214551,1.1406502677546002,5,5,2,55.36541688090304,0.9999999999999709,1.2917352263209168
인스타그램,연락주세요오늘도,5,4.199705069999927,0.8772245041334976,0.7428463692388327,9,9,2,48.43764752230243,0.8850358256214551,1.1406502677546002,5,5,2,55.365416880903034,0.9999999999999709,1.2917352263209165
인스타그램,진행도시락,5,4.199705069999927,0.8772245041334976,0.7428463692388327,9,9,2,48.43764752230243,0.8850358256214551,1.1406502677546002,5,5,2,55.36541688090304,0.9999999999999709,1.2917352263209168
인스타그램,이상의,5,4.199705069999927,0.8772245041334976,0.7428463692388327,9,9,2,48.43764752230243,0.8850358256214551,1.1406502677546002,5,5,2,55.365416880903034,0.9999999999999709,1.2917352263209165
인스타그램,기본결제방식은,5,4.199705069999927,0.8772245041334976,0.7428463692388327,9,9,2,48.43764752230243,0.8850358256214551,1.1406502677546002,5,5,2,55.365416880903034,0.9999999999999709,1.2917352263209165
인스타그램,첫째,5,4.199705069999927,0.8772245041334976,0.7428463692388327,9,9,2,48.43764752230243,0.8850358256214551,1.1406502677546002,5,5,2,55.365416880903034,0.9999999999999709,1.2917352263209165
인스타그램,보온4시간뒤처리샐러드는,5,4.199705069999927,0.8772245041334976,0.7428463692388327,9,9,2,48.43764752230243,0.8850358256214551,1.1406502677546002,5,5,2,55.36541688090304,0.9999999999999709,1.2917352263209168
인스타그램,아닙니다각각,5,4.199705069999927,0.8772245041334976,0.7428463692388327,9,9,2,48.43764752230243,0.8850358256214551,1.1406502677546002,5,5,2,55.36541688090304,0.9999999999999709,1.2917352263209168
인스타그램,서비스3명,5,4.199705069999927,0.8772245041334976,0.7428463692388327,9,9,2,48.43764752230243,0.8850358256214551,1.1406502677546002,5,5,2,55.365416880903034,0.9999999999999709,1.2917352263209165
the,but,5,4.199705069999927,0.8772245041334976,0.7428463692388327,9,17,8,10.86125622168452,0.021513055947921075,-0.20645243548184483,5,5,8,12.903346165624978,0.015218402039545026,-0.29014790309920335
인스타그램,질문이나,5,4.199705069999927,0.8772245041334976,0.7428463692388327,9,9,2,48.43764752230243,0.8850358256214551,1.1406502677546002,5,5,2,55.365416880903034,0.9999999999999709,1.2917352263209165
인스타그램,전용,5,4.199705069999927,0.8772245041334976,0.7428463692388327,9,9,2,48.43764752230243,0.8850358256214551,1.1406502677546002,5,5,2,55.36541688090304,0.9999999999999709,1.2917352263209168
서비스가,푸드스타그램,6,4.029806035559529,0.8750612622109633,0.7466216216216215,8,13,2,51.07262942220989,0.914915118022948,1.2366664690845033,8,8,2,51.07262942220989,0.9167714470515224,1.205993728576472
맞춰,행사간식,6,4.029806035559529,0.8750612622109633,0.7466216216216215,8,8,3,36.491875718762714,0.04642507990146195,0.4828341348751472,8,8,3,36.81701505440076,0.04139602573209072,0.490696251692731
샌드위치맛집,쫀득한마카롱좋은재료와정성은진리다,10,3.563716309102283,0.8703997074492411,0.7624016207394116,17,17,7,13.364276504150524,0.017774469938701843,-0.0010872974563186644,10,10,7,14.221068346182058,0.0006157621040780625,-0.14189689788948104
샌드위치맛집,순천,11,3.47670493246014,0.8693861067544961,0.7648397149170755,17,17,7,13.364276504150524,0.017774469938701843,-0.0010872974563186644,12,12,7,14.547397036585105,0.0018992785893863374,-0.0860918298890856
치아바타,지드림카드,6,3.9990343770632304,0.8683792814688412,0.7354340060310058,11,11,3,33.96134326502567,0.05313979900530374,0.4793385113491322,6,11,3,38.89261425516939,0.03932864287544329,0.5365703939896376
치아바타,해드립니다,6,3.9990343770632304,0.8683792814688412,0.7354340060310058,11,11,3,33.96134326502567,0.05313979900530374,0.4793385113491322,6,6,3,38.89261425516939,0.03932864287544329,0.5052699077123203
치아바타,0318810107죠샌드위치,6,3.9990343770632304,0.8683792814688412,0.7354340060310058,11,11,3,33.96134326502567,0.05313979900530374,0.4793385113491322,6,6,3,38.89261425516939,0.03932864287544329,0.5052699077123203
치아바타,세종로,6,3.9990343770632304,0.8683792814688412,0.7354340060310058,11,11,3,33.96134326502567,0.05313979900530374,0.4793385113491322,6,6,3,38.89261425516939,0.03932864287544329,0.5052699077123203
치아바타,맞춰일정에,6,3.9990343770632304,0.8683792814688412,0.7354340060310058,11,11,3,33.96134326502567,0.05313979900530374,0.4793385113491322,6,6,3,38.89261425516939,0.03932864287544329,0.5052699077123203
치아바타,여주시,6,3.9990343770632304,0.8683792814688412,0.7354340060310058,11,11,3,33.96134326502567,0.05313979900530374,0.4793385113491322,6,6,3,38.89261425516939,0.03932864287544329,0.5052699077123203
치아바타,교회간식,6,3.9990343770632304,0.8683792814688412,0.7354340060310058,11,11,3,33.96134326502567,0.05313979900530374,0.4793385113491322,6,6,3,38.89261425516939,0.03932864287544329,0.5052699077123203
치아바타,3800원부터,6,3.9990343770632304,0.8683792814688412,0.7354340060310058,11,11,3,33.96134326502567,0.05313979900530374,0.4793385113491322,6,6,3,38.89261425516939,0.03932864287544329,0.5052699077123203
마카롱맛집,촌스마마화수목금낮12시오픈입니다촌스마마,6,3.9990343770632304,0.8683792814688412,0.7354340060310058,11,11,7,14.900415344117702,0.001240890171512381,-0.09881838939725157,6,6,7,12.900490793010688,0.0005860883659973193,-0.2722933820370266
마카롱,촌스마마화수목금낮12시오픈입니다촌스마마,6,3.9990343770632304,0.8683792814688412,0.7354340060310058,11,11,7,14.900415344117702,0.001240890171512381,-0.09881838939725157,6,6,7,12.900490793010688,0.0005860883659973193,-0.2722933820370266
많이달지않은마카롱,촌스마마화수목금낮12시오픈입니다촌스마마,6,3.9990343770632304,0.8683792814688412,0.7354340060310058,11,11,7,14.900415344117702,0.001240890171512381,-0.09881838939725157,6,6,7,12.900490793010688,0.0005860883659973193,-0.2722933820370266
핸드메이드,촌스마마화수목금낮12시오픈입니다촌스마마,6,3.9990343770632304,0.8683792814688412,0.7354340060310058,11,11,7,14.900415344117702,0.001240890171512381,-0.09881838939725157,6,6,7,12.900490793010688,0.0005860883659973193,-0.2722933820370266
치아바타,학원간식,6,3.9990343770632304,0.8683792814688412,0.7354340060310058,11,11,3,33.96134326502567,0.05313979900530374,0.4793385113491322,6,6,3,38.89261425516939,0.03932864287544329,0.5052699077123203
치아바타,구성해서,6,3.9990343770632304,0.8683792814688412,0.7354340060310058,11,11,3,33.96134326502567,0.05313979900530374,0.4793385113491322,6,6,3,38.89261425516939,0.03932864287544329,0.5052699077123203
치아바타,문의환영,6,3.9990343770632304,0.8683792814688412,0.7354340060310058,11,11,3,33.96134326502567,0.05313979900530374,0.4793385113491322,6,6,3,38.89261425516939,0.03932864287544329,0.5052699077123203
치아바타,체육대회간식,6,3.9990343770632304,0.8683792814688412,0.7354340060310058,11,11,3,33.96134326502567,0.05313979900530374,0.4793385113491322,6,6,3,38.89261425516939,0.03932864287544329,0.5052699077123203
치아바타,학교간식,6,3.9990343770632304,0.8683792814688412,0.7354340060310058,11,11,3,33.96134326502567,0.05313979900530374,0.4793385113491322,6,6,3,38.89261425516939,0.03932864287544329,0.5052699077123203
곡성뚝방마켓,촌스마마화수목금낮12시오픈입니다촌스마마,6,3.9990343770632304,0.8683792814688412,0.7354340060310058,11,11,7,14.900415344117702,0.001240890171512381,-0.09881838939725157,6,6,7,12.900490793010688,0.0005860883659973193,-0.2722933820370266
치아바타,0318810107구성,6,3.9990343770632304,0.8683792814688412,0.7354340060310058,11,11,3,33.96134326502567,0.05313979900530374,0.4793385113491322,6,6,3,38.89261425516939,0.03932864287544329,0.5052699077123203
치아바타,맞춰원하시는,6,3.9990343770632304,0.8683792814688412,0.7354340060310058,11,11,3,33.96134326502567,0.05313979900530374,0.4793385113491322,6,6,3,38.89261425516939,0.03932864287544329,0.5052699077123203
곡성,촌스마마화수목금낮12시오픈입니다촌스마마,6,3.9990343770632304,0.8683792814688412,0.7354340060310058,11,11,7,14.900415344117702,0.001240890171512381,-0.09881838939725157,6,6,7,12.900490793010688,0.0005860883659973193,-0.2722933820370266
치아바타,단체간식,6,3.9990343770632304,0.8683792814688412,0.7354340060310058,11,11,3,33.96134326502567,0.05313979900530374,0.4793385113491322,6,6,3,38.89261425516939,0.03932864287544329,0.5052699077123203
치아바타,G드림카드,6,3.9990343770632304,0.8683792814688412,0.7354340060310058,11,11,3,33.96134326502567,0.05313979900530374,0.4793385113491322,6,6,3,38.89261425516939,0.03932864287544329,0.5052699077123203
치아바타,구성변경,6,3.9990343770632304,0.8683792814688412,0.7354340060310058,11,11,3,33.96134326502567,0.05313979900530374,0.4793385113491322,6,6,3,38.89261425516939,0.03932864287544329,0.5052699077123203
치아바타,여주점경기,6,3.9990343770632304,0.8683792814688412,0.7354340060310058,11,11,3,33.96134326502567,0.05313979900530374,0.4793385113491322,6,6,3,38.89261425516939,0.03932864287544329,0.5052699077123203
치아바타,여주행사간식,6,3.9990343770632304,0.8683792814688412,0.7354340060310058,11,11,3,33.96134326502567,0.05313979900530374,0.4793385113491322,6,6,3,38.89261425516939,0.03932864287544329,0.5052699077123203
치아바타,여주맛집,6,3.9990343770632304,0.8683792814688412,0.7354340060310058,11,11,3,33.96134326502567,0.05313979900530374,0.4793385113491322,6,7,3,38.89261425516939,0.03932864287544329,0.5115300049677838
치아바타,여주사랑카드,6,3.9990343770632304,0.8683792814688412,0.7354340060310058,11,11,3,33.96134326502567,0.05313979900530374,0.4793385113491322,6,7,3,38.89261425516939,0.03932864287544329,0.5115300049677838
치아바타,가능합니다문의주세요,6,3.9990343770632304,0.8683792814688412,0.7354340060310058,11,11,3,33.96134326502567,0.05313979900530374,0.4793385113491322,6,6,3,38.89261425516939,0.03932864287544329,0.5052699077123203
치아바타,있습니다단체주문,6,3.9990343770632304,0.8683792814688412,0.7354340060310058,11,11,3,33.96134326502567,0.05313979900530374,0.4793385113491322,6,6,3,38.89261425516939,0.03932864287544329,0.5052699077123203
치아바타,죠샌드위치샐러드여주점,6,3.9990343770632304,0.8683792814688412,0.7354340060310058,11,11,3,33.96134326502567,0.05313979900530374,0.4793385113491322,6,6,3,38.89261425516939,0.03932864287544329,0.5052699077123203
DM,주문을,5,4.1351665493623555,0.8637438499398914,0.7185246281636011,8,8,2,49.89991903944463,0.9100524418193162,1.1692306688271281,6,6,2,54.53822280264681,0.9734759109876884,1.2813234978883912
DM,안녕하세요배달,5,4.1351665493623555,0.8637438499398914,0.7185246281636011,8,8,2,49.89991903944463,0.9100524418193162,1.1692306688271281,6,6,2,54.53822280264681,0.9734759109876884,1.2813234978883912
DM,foodfoodfic,5,4.1351665493623555,0.8637438499398914,0.7185246281636011,8,8,2,49.89991903944463,0.9100524418193162,1.1692306688271281,6,6,2,54.53822280264681,0.9734759109876884,1.2813234978883912
DM,연락처,5,4.1351665493623555,0.8637438499398914,0.7185246281636011,8,8,2,49.89991903944463,0.9100524418193162,1.1692306688271281,6,6,2,53.19469175420827,0.9684193983207021,1.240098578856718
DM,또먹고싶다,5,4.1351665493623555,0.8637438499398914,0.7185246281636011,8,8,2,49.89991903944463,0.9100524418193162,1.1692306688271281,6,6,2,54.53822280264681,0.9734759109876884,1.2813234978883912
DM,맛집오늘뭐먹지,5,4.1351665493623555,0.8637438499398914,0.7185246281636011,8,8,2,49.89991903944463,0.9100524418193162,1.1692306688271281,6,6,2,54.53822280264681,0.9734759109876884,1.2813234978883912
DM,instafood,5,4.1351665493623555,0.8637438499398914,0.7185246281636011,8,8,2,49.89991903944463,0.9100524418193162,1.1692306688271281,6,6,2,54.53822280264681,0.9734759109876884,1.2813234978883912
DM,문의사항은,5,4.1351665493623555,0.8637438499398914,0.7185246281636011,8,8,2,49.89991903944463,0.9100524418193162,1.1692306688271281,6,6,2,54.53822280264681,0.9734759109876884,1.2813234978883912
DM,샐러드salad,5,4.1351665493623555,0.8637438499398914,0.7185246281636011,8,8,2,49.89991903944463,0.9100524418193162,1.1692306688271281,6,6,2,54.53822280264681,0.9734759109876884,1.2813234978883912
행사간식,무료배달,5,4.1351665493623555,0.8637438499398914,0.7185246281636011,8,8,3,36.81701505440076,0.04139602573209072,0.490696251692731,6,10,3,36.12513125616447,0.050340755062562914,0.4526389612379844
맞춰,무료배달,5,4.1351665493623555,0.8637438499398914,0.7185246281636011,8,8,3,36.491875718762714,0.04642507990146195,0.4828341348751472,6,10,3,36.12513125616447,0.050340755062562914,0.4526389612379844
행사간식,배달비,5,4.1351665493623555,0.8637438499398914,0.7185246281636011,8,8,3,36.81701505440076,0.04139602573209072,0.490696251692731,6,10,3,32.758290806219605,0.039754772393962065,0.35003602649487076
DM,월금,5,4.1351665493623555,0.8637438499398914,0.7185246281636011,8,8,2,49.89991903944463,0.9100524418193162,1.1692306688271281,6,6,2,54.53822280264681,0.9734759109876884,1.2813234978883912
DM,당일주문이,5,4.1351665493623555,0.8637438499398914,0.7185246281636011,8,8,2,49.89991903944463,0.9100524418193162,1.1692306688271281,6,6,2,54.53822280264681,0.9734759109876884,1.2813234978883912
엑스트라버진올리브오일,냉압착,5,4.1351665493623555,0.8637438499398914,0.7185246281636011,8,8,0,15.76826436376233,0.04228883590247987,-0.12807276395578143,6,6,0,16.173850280045503,0.03947235996752283,-0.16286967188058465
DM,불가합니다연락처,5,4.1351665493623555,0.8637438499398914,0.7185246281636011,8,8,2,49.89991903944463,0.9100524418193162,1.1692306688271281,6,6,2,54.53822280264681,0.9734759109876884,1.2813234978883912
DM,푸디스퀘어,5,4.1351665493623555,0.8637438499398914,0.7185246281636011,8,8,2,49.89991903944463,0.9100524418193162,1.1692306688271281,6,6,2,54.53822280264681,0.9734759109876884,1.2813234978883912
DM,01096763990전화문의,5,4.1351665493623555,0.8637438499398914,0.7185246281636011,8,8,2,49.89991903944463,0.9100524418193162,1.1692306688271281,6,6,2,54.53822280264681,0.9734759109876884,1.2813234978883912
DM,수거,5,4.1351665493623555,0.8637438499398914,0.7185246281636011,8,8,2,49.89991903944463,0.9100524418193162,1.1692306688271281,6,6,2,54.53822280264681,0.9734759109876884,1.2813234978883912
서비스가,연락처,5,4.1351665493623555,0.8637438499398914,0.7185246281636011,8,13,2,51.07262942220989,0.914915118022948,1.2366664690845033,6,6,2,53.19469175420827,0.9684193983207021,1.240098578856718
푸드스타그램,연락처,5,4.1351665493623555,0.8637438499398914,0.7185246281636011,8,8,2,51.07262942220989,0.9167714470515224,1.205993728576472,6,6,2,53.19469175420827,0.9684193983207021,1.240098578856718
단체,예산에,7,3.8319802938842797,0.8609219278086913,0.7300776403962906,13,15,3,32.96373504568782,0.0504093576386252,0.5073676994419188,7,7,3,37.90978302609143,0.04125091890534058,0.4999002588077334
음료,구성도,6,3.940193877351985,0.8556022293000519,0.7133001787901383,10,10,3,34.84349500679431,0.041626958029498215,0.47850385179365584,7,7,3,37.57231270067667,0.04475367239378122,0.4911593299745319
최대한,구성도,6,3.940193877351985,0.8556022293000519,0.7133001787901383,10,10,3,34.58064977625616,0.055958499882341736,0.4756196620993622,7,7,3,37.57231270067667,0.04475367239378122,0.4911593299745319
최대한,최소주문,6,3.940193877351985,0.8556022293000519,0.7133001787901383,10,10,3,34.58064977625616,0.055958499882341736,0.4756196620993622,7,10,3,37.63304254644783,0.040076495528868224,0.5101441067326556
음료,최소주문,6,3.940193877351985,0.8556022293000519,0.7133001787901383,10,10,3,34.84349500679431,0.041626958029498215,0.47850385179365584,7,10,3,37.63304254644783,0.040076495528868224,0.5101441067326556
최대한,예산에,6,3.940193877351985,0.8556022293000519,0.7133001787901383,10,10,3,34.58064977625616,0.055958499882341736,0.4756196620993622,7,7,3,37.90978302609143,0.04125091890534058,0.4999002588077334
음료,빠네디까사1배달의민족,5,4.094344555142101,0.8552170479286245,0.7041294762525788,10,10,3,34.84349500679431,0.041626958029498215,0.47850385179365584,5,5,3,37.56299706863466,0.03891332836071399,0.44313706506801187
정기배송,30000원,5,4.094344555142101,0.8552170479286245,0.7041294762525788,10,13,6,5.5675856865324675,0.029095708574458083,-0.36799577813533074,5,5,6,4.869430928136634,0.02541687679685278,-0.5229869538047267
최대한,여주사랑카드샌드위치,5,4.094344555142101,0.8552170479286245,0.7041294762525788,10,10,3,34.58064977625616,0.055958499882341736,0.4756196620993622,5,5,3,37.56299706863465,0.03891332836071399,0.44313706506801165
정기배송,4팩,5,4.094344555142101,0.8552170479286245,0.7041294762525788,10,13,6,5.5675856865324675,0.029095708574458083,-0.36799577813533074,5,5,6,4.869430928136634,0.02541687679685278,-0.5229869538047267
최대한,빠네디까사1배달의민족,5,4.094344555142101,0.8552170479286245,0.7041294762525788,10,10,3,34.58064977625616,0.055958499882341736,0.4756196620993622,5,5,3,37.56299706863466,0.03891332836071399,0.44313706506801187
음료,여주사랑카드샌드위치,5,4.094344555142101,0.8552170479286245,0.7041294762525788,10,10,3,34.84349500679431,0.041626958029498215,0.47850385179365584,5,5,3,37.56299706863465,0.03891332836071399,0.44313706506801165
음료,12000원지역화폐,5,4.094344555142101,0.8552170479286245,0.7041294762525788,10,10,3,34.84349500679431,0.041626958029498215,0.47850385179365584,5,5,3,37.56299706863465,0.03891332836071399,0.44313706506801165
최대한,12000원지역화폐,5,4.094344555142101,0.8552170479286245,0.7041294762525788,10,10,3,34.58064977625616,0.055958499882341736,0.4756196620993622,5,5,3,37.56299706863465,0.03891332836071399,0.44313706506801165
광주,촌스마마화수목금낮12시오픈입니다촌스마마,6,3.912023000528146,0.8494850011224343,0.7035264706814484,12,12,7,14.622526690227046,0.004550657682078164,-0.08298556579188668,6,6,7,12.900490793010688,0.0005860883659973193,-0.2722933820370266
순천,촌스마마화수목금낮12시오픈입니다촌스마마,6,3.912023000528146,0.8494850011224343,0.7035264706814484,12,12,7,14.547397036585105,0.0018992785893863374,-0.0860918298890856,6,6,7,12.900490793010688,0.0005860883659973193,-0.2722933820370266
인스타그램,DM,6,3.912023000528146,0.8494850011224343,0.7029229685281709,9,9,2,48.43764752230243,0.8850358256214551,1.1406502677546002,8,8,2,49.89991903944463,0.9100524418193162,1.1692306688271281
유기농,올리브오일은,6,3.912023000528146,0.8494850011224343,0.7029229685281709,9,12,0,15.271711118147177,0.04882469447278668,-0.09879990499399635,8,11,0,15.329061944983682,0.040365633516538886,-0.12286034236823208
샌드위치맛집,곡성마카롱,9,3.563716308873656,0.8485634688255879,0.7226655148835531,17,17,7,13.364276504150524,0.017774469938701843,-0.0010872974563186644,9,9,7,13.968707008704735,0.0010507438463600715,-0.1720587146610657
샌드위치맛집,남원,10,3.4684061294904716,0.8471212124020433,0.7254167760891528,17,17,7,13.364276504150524,0.017774469938701843,-0.0010872974563186644,11,11,7,14.318163816786624,0.0019638442791239047,-0.11569868065699734
배달,행사간식,8,3.624340930238865,0.8394559139465118,0.7023127816316909,16,17,3,31.42403957408078,0.051222571612270555,0.524758090211325,8,8,3,36.81701505440076,0.04139602573209072,0.490696251692731
인스타그램,당일주문이,5,4.017383514539306,0.8391416070214406,0.6766263391917762,9,9,2,48.43764752230243,0.8850358256214551,1.1406502677546002,6,6,2,54.53822280264681,0.9734759109876884,1.2813234978883912
인스타그램,주문을,5,4.017383514539306,0.8391416070214406,0.6766263391917762,9,9,2,48.43764752230243,0.8850358256214551,1.1406502677546002,6,6,2,54.53822280264681,0.9734759109876884,1.2813234978883912
인스타그램,샐러드salad,5,4.017383514539306,0.8391416070214406,0.6766263391917762,9,9,2,48.43764752230243,0.8850358256214551,1.1406502677546002,6,6,2,54.53822280264681,0.9734759109876884,1.2813234978883912
인스타그램,foodfoodfic,5,4.017383514539306,0.8391416070214406,0.6766263391917762,9,9,2,48.43764752230243,0.8850358256214551,1.1406502677546002,6,6,2,54.53822280264681,0.9734759109876884,1.2813234978883912
인스타그램,또먹고싶다,5,4.017383514539306,0.8391416070214406,0.6766263391917762,9,9,2,48.43764752230243,0.8850358256214551,1.1406502677546002,6,6,2,54.53822280264681,0.9734759109876884,1.2813234978883912
인스타그램,안녕하세요배달,5,4.017383514539306,0.8391416070214406,0.6766263391917762,9,9,2,48.43764752230243,0.8850358256214551,1.1406502677546002,6,6,2,54.53822280264681,0.9734759109876884,1.2813234978883912
인스타그램,문의사항은,5,4.017383514539306,0.8391416070214406,0.6766263391917762,9,9,2,48.43764752230243,0.8850358256214551,1.1406502677546002,6,6,2,54.53822280264681,0.9734759109876884,1.2813234978883912
인스타그램,수거,5,4.017383514539306,0.8391416070214406,0.6766263391917762,9,9,2,48.43764752230243,0.8850358256214551,1.1406502677546002,6,6,2,54.53822280264681,0.9734759109876884,1.2813234978883912
곡성마카롱,촌스마마화수목금낮12시오픈입니다촌스마마,5,4.017383514539306,0.8391416070214406,0.6766263391917762,9,9,7,13.968707008704735,0.0010507438463600715,-0.1720587146610657,6,6,7,12.900490793010688,0.0005860883659973193,-0.2722933820370266
인스타그램,01096763990전화문의,5,4.017383514539306,0.8391416070214406,0.6766263391917762,9,9,2,48.43764752230243,0.8850358256214551,1.1406502677546002,6,6,2,54.53822280264681,0.9734759109876884,1.2813234978883912
인스타그램,맛집오늘뭐먹지,5,4.017383514539306,0.8391416070214406,0.6766263391917762,9,9,2,48.43764752230243,0.8850358256214551,1.1406502677546002,6,6,2,54.53822280264681,0.9734759109876884,1.2813234978883912
인스타그램,instafood,5,4.017383514539306,0.8391416070214406,0.6766263391917762,9,9,2,48.43764752230243,0.8850358256214551,1.1406502677546002,6,6,2,54.53822280264681,0.9734759109876884,1.2813234978883912
인스타그램,푸디스퀘어,5,4.017383514539306,0.8391416070214406,0.6766263391917762,9,9,2,48.43764752230243,0.8850358256214551,1.1406502677546002,6,6,2,54.53822280264681,0.9734759109876884,1.2813234978883912
오늘의메뉴,영양사,5,4.017383514539306,0.8391416070214406,0.6766263391917762,9,11,5,4.822202245671239,0.009589525304722419,-0.42566151563714993,6,6,5,6.209082183543874,0.0149283051570064,-0.46424631044861503
인스타그램,불가합니다연락처,5,4.017383514539306,0.8391416070214406,0.6766263391917762,9,9,2,48.43764752230243,0.8850358256214551,1.1406502677546002,6,6,2,54.53822280264681,0.9734759109876884,1.2813234978883912
인스타그램,월금,5,4.017383514539306,0.8391416070214406,0.6766263391917762,9,9,2,48.43764752230243,0.8850358256214551,1.1406502677546002,6,6,2,54.53822280264681,0.9734759109876884,1.2813234978883912
인스타그램,연락처,5,4.017383514539306,0.8391416070214406,0.6766263391917762,9,9,2,48.43764752230243,0.8850358256214551,1.1406502677546002,6,6,2,53.19469175420827,0.9684193983207021,1.240098578856718
치아바타,여주사랑카드샌드위치,5,3.9990343759923213,0.8353088821765133,0.6707919222105907,11,11,3,33.96134326502567,0.05313979900530374,0.4793385113491322,5,5,3,37.56299706863465,0.03891332836071399,0.44313706506801165
치아바타,빠네디까사1배달의민족,5,3.9990343759923213,0.8353088821765133,0.6707919222105907,11,11,3,33.96134326502567,0.05313979900530374,0.4793385113491322,5,5,3,37.56299706863466,0.03891332836071399,0.44313706506801187
치아바타,12000원지역화폐,5,3.9990343759923213,0.8353088821765133,0.6707919222105907,11,11,3,33.96134326502567,0.05313979900530374,0.4793385113491322,5,5,3,37.56299706863465,0.03891332836071399,0.44313706506801165
치아바타,예산에,6,3.844883698015193,0.8349058868220134,0.6793323346850707,11,11,3,33.96134326502567,0.05313979900530374,0.4793385113491322,7,7,3,37.90978302609143,0.04125091890534058,0.4999002588077334
치아바타,구성도,6,3.844883698015193,0.8349058868220134,0.6793323346850707,11,11,3,33.96134326502567,0.05313979900530374,0.4793385113491322,7,7,3,37.57231270067667,0.04475367239378122,0.4911593299745319
치아바타,최소주문,6,3.844883698015193,0.8349058868220134,0.6793323346850707,11,11,3,33.96134326502567,0.05313979900530374,0.4793385113491322,7,10,3,37.63304254644783,0.040076495528868224,0.5101441067326556
단체,죠샌드위치샐러드여주점,6,3.831980293239225,0.8321039480759691,0.6753513575165566,13,15,3,32.96373504568782,0.0504093576386252,0.5073676994419188,6,6,3,38.89261425516939,0.03932864287544329,0.5052699077123203
단체,단체간식,6,3.831980293239225,0.8321039480759691,0.6753513575165566,13,15,3,32.96373504568782,0.0504093576386252,0.5073676994419188,6,6,3,38.89261425516939,0.03932864287544329,0.5052699077123203
단체,0318810107구성,6,3.831980293239225,0.8321039480759691,0.6753513575165566,13,15,3,32.96373504568782,0.0504093576386252,0.5073676994419188,6,6,3,38.89261425516939,0.03932864287544329,0.5052699077123203
단체,맞춰원하시는,6,3.831980293239225,0.8321039480759691,0.6753513575165566,13,15,3,32.96373504568782,0.0504093576386252,0.5073676994419188,6,6,3,38.89261425516939,0.03932864287544329,0.5052699077123203
단체,있습니다단체주문,6,3.831980293239225,0.8321039480759691,0.6753513575165566,13,15,3,32.96373504568782,0.0504093576386252,0.5073676994419188,6,6,3,38.89261425516939,0.03932864287544329,0.5052699077123203
단체,해드립니다,6,3.831980293239225,0.8321039480759691,0.6753513575165566,13,15,3,32.96373504568782,0.0504093576386252,0.5073676994419188,6,6,3,38.89261425516939,0.03932864287544329,0.5052699077123203
단체,세종로,6,3.831980293239225,0.8321039480759691,0.6753513575165566,13,15,3,32.96373504568782,0.0504093576386252,0.5073676994419188,6,6,3,38.89261425516939,0.03932864287544329,0.5052699077123203
단체,가능합니다문의주세요,6,3.831980293239225,0.8321039480759691,0.6753513575165566,13,15,3,32.96373504568782,0.0504093576386252,0.5073676994419188,6,6,3,38.89261425516939,0.03932864287544329,0.5052699077123203
단체,여주행사간식,6,3.831980293239225,0.8321039480759691,0.6753513575165566,13,15,3,32.96373504568782,0.0504093576386252,0.5073676994419188,6,6,3,38.89261425516939,0.03932864287544329,0.5052699077123203
단체,학원간식,6,3.831980293239225,0.8321039480759691,0.6753513575165566,13,15,3,32.96373504568782,0.0504093576386252,0.5073676994419188,6,6,3,38.89261425516939,0.03932864287544329,0.5052699077123203
단체,G드림카드,6,3.831980293239225,0.8321039480759691,0.6753513575165566,13,15,3,32.96373504568782,0.0504093576386252,0.5073676994419188,6,6,3,38.89261425516939,0.03932864287544329,0.5052699077123203
단체,여주점경기,6,3.831980293239225,0.8321039480759691,0.6753513575165566,13,15,3,32.96373504568782,0.0504093576386252,0.5073676994419188,6,6,3,38.89261425516939,0.03932864287544329,0.5052699077123203
단체,구성해서,6,3.831980293239225,0.8321039480759691,0.6753513575165566,13,15,3,32.96373504568782,0.0504093576386252,0.5073676994419188,6,6,3,38.89261425516939,0.03932864287544329,0.5052699077123203
단체,여주시,6,3.831980293239225,0.8321039480759691,0.6753513575165566,13,15,3,32.96373504568782,0.0504093576386252,0.5073676994419188,6,6,3,38.89261425516939,0.03932864287544329,0.5052699077123203
단체,여주맛집,6,3.831980293239225,0.8321039480759691,0.6753513575165566,13,15,3,32.96373504568782,0.0504093576386252,0.5073676994419188,6,7,3,38.89261425516939,0.03932864287544329,0.5115300049677838
단체,지드림카드,6,3.831980293239225,0.8321039480759691,0.6753513575165566,13,15,3,32.96373504568782,0.0504093576386252,0.5073676994419188,6,11,3,38.89261425516939,0.03932864287544329,0.5365703939896376
단체,0318810107죠샌드위치,6,3.831980293239225,0.8321039480759691,0.6753513575165566,13,15,3,32.96373504568782,0.0504093576386252,0.5073676994419188,6,6,3,38.89261425516939,0.03932864287544329,0.5052699077123203
단체,여주사랑카드,6,3.831980293239225,0.8321039480759691,0.6753513575165566,13,15,3,32.96373504568782,0.0504093576386252,0.5073676994419188,6,7,3,38.89261425516939,0.03932864287544329,0.5115300049677838
단체,체육대회간식,6,3.831980293239225,0.8321039480759691,0.6753513575165566,13,15,3,32.96373504568782,0.0504093576386252,0.5073676994419188,6,6,3,38.89261425516939,0.03932864287544329,0.5052699077123203
단체,학교간식,6,3.831980293239225,0.8321039480759691,0.6753513575165566,13,15,3,32.96373504568782,0.0504093576386252,0.5073676994419188,6,6,3,38.89261425516939,0.03932864287544329,0.5052699077123203
단체,문의환영,6,3.831980293239225,0.8321039480759691,0.6753513575165566,13,15,3,32.96373504568782,0.0504093576386252,0.5073676994419188,6,6,3,38.89261425516939,0.03932864287544329,0.5052699077123203
단체,구성변경,6,3.831980293239225,0.8321039480759691,0.6753513575165566,13,15,3,32.96373504568782,0.0504093576386252,0.5073676994419188,6,6,3,38.89261425516939,0.03932864287544329,0.5052699077123203
단체,교회간식,6,3.831980293239225,0.8321039480759691,0.6753513575165566,13,15,3,32.96373504568782,0.0504093576386252,0.5073676994419188,6,6,3,38.89261425516939,0.03932864287544329,0.5052699077123203
단체,3800원부터,6,3.831980293239225,0.8321039480759691,0.6753513575165566,13,15,3,32.96373504568782,0.0504093576386252,0.5073676994419188,6,6,3,38.89261425516939,0.03932864287544329,0.5052699077123203
단체,맞춰일정에,6,3.831980293239225,0.8321039480759691,0.6753513575165566,13,15,3,32.96373504568782,0.0504093576386252,0.5073676994419188,6,6,3,38.89261425516939,0.03932864287544329,0.5052699077123203
DM,lunch,5,3.981015870606526,0.8315452192076084,0.6639809083130361,8,8,2,49.89991903944463,0.9100524418193162,1.1692306688271281,7,7,2,52.79796218073351,0.9438425544539605,1.243005857694452
단체,행사간식,7,3.6984489017542628,0.8309217465136504,0.681339196994486,13,15,3,32.96373504568782,0.0504093576386252,0.5073676994419188,8,8,3,36.81701505440076,0.04139602573209072,0.490696251692731
점심메뉴,lunch,7,3.688879450771079,0.8287718006484115,0.6785064442884665,15,15,2,43.65702727771929,0.7977447545376691,1.1078470949952364,7,7,2,52.79796218073351,0.9438425544539605,1.243005857694452
최대한,행사간식,6,3.8066624853703197,0.8266062559501736,0.6659027536546025,10,10,3,34.58064977625616,0.055958499882341736,0.4756196620993622,8,8,3,36.81701505440076,0.04139602573209072,0.490696251692731
음료,맞춰,6,3.8066624853703197,0.8266062559501736,0.6659027536546025,10,10,3,34.84349500679431,0.041626958029498215,0.47850385179365584,8,8,3,36.491875718762714,0.04642507990146195,0.4828341348751472
음료,무료배달,5,3.912022999548146,0.8171341507887171,0.6411394154494019,10,10,3,34.84349500679431,0.041626958029498215,0.47850385179365584,6,10,3,36.12513125616447,0.050340755062562914,0.4526389612379844
최대한,무료배달,5,3.912022999548146,0.8171341507887171,0.6411394154494019,10,10,3,34.58064977625616,0.055958499882341736,0.4756196620993622,6,10,3,36.12513125616447,0.050340755062562914,0.4526389612379844
음료,배달비,5,3.912022999548146,0.8171341507887171,0.6411394154494019,10,10,3,34.84349500679431,0.041626958029498215,0.47850385179365584,6,10,3,32.758290806219605,0.039754772393962065,0.35003602649487076
배달,최소주문,7,3.6243409298477935,0.8142720841598188,0.6563992944289418,16,17,3,31.42403957408078,0.051222571612270555,0.524758090211325,7,10,3,37.63304254644783,0.040076495528868224,0.5101441067326556
배달,예산에,7,3.6243409298477935,0.8142720841598188,0.6563992944289418,16,17,3,31.42403957408078,0.051222571612270555,0.524758090211325,7,7,3,37.90978302609143,0.04125091890534058,0.4999002588077334
소스를,7가지,7,3.6243409298477935,0.8142720841598188,0.6558314126391488,14,15,9,7.4689365459375985,0.024863967834608605,-0.2344792575829975,8,8,5,2.434519280420532,0.0016603038006473261,-0.533974574789509
인스타그램,lunch,5,3.8632328356644283,0.806942976264291,0.6250468699115164,9,9,2,48.43764752230243,0.8850358256214551,1.1406502677546002,7,7,2,52.79796218073351,0.9438425544539605,1.243005857694452
치아바타,행사간식,6,3.711352305975086,0.8059099134594446,0.634007901460011,11,11,3,33.96134326502567,0.05313979900530374,0.4793385113491322,8,8,3,36.81701505440076,0.04139602573209072,0.490696251692731
치아바타,맞춰,6,3.711352305975086,0.8059099134594446,0.634007901460011,11,11,3,33.96134326502567,0.05313979900530374,0.4793385113491322,8,8,3,36.491875718762714,0.04642507990146195,0.4828341348751472
서비스가,DM,5,3.847484478785575,0.8036534965690014,0.6199324324324323,8,13,2,51.07262942220989,0.914915118022948,1.2366664690845033,8,8,2,49.89991903944463,0.9100524418193162,1.1692306688271281
올리브오일은,엑스트라버진올리브오일,5,3.847484478785575,0.8036534965690014,0.6199324324324323,8,11,0,15.329061944983682,0.040365633516538886,-0.12286034236823208,8,8,0,15.76826436376233,0.04228883590247987,-0.12807276395578143
DM,푸드스타그램,5,3.847484478785575,0.8036534965690014,0.6199324324324323,8,8,2,49.89991903944463,0.9100524418193162,1.1692306688271281,8,8,2,51.07262942220989,0.9167714470515224,1.205993728576472
점심메뉴,안녕하세요배달,6,3.6888794502139364,0.8010299948345012,0.6276459144608477,15,15,2,43.65702727771929,0.7977447545376691,1.1078470949952364,6,6,2,54.53822280264681,0.9734759109876884,1.2813234978883912
점심메뉴,foodfoodfic,6,3.6888794502139364,0.8010299948345012,0.6276459144608477,15,15,2,43.65702727771929,0.7977447545376691,1.1078470949952364,6,6,2,54.53822280264681,0.9734759109876884,1.2813234978883912
점심메뉴,01096763990전화문의,6,3.6888794502139364,0.8010299948345012,0.6276459144608477,15,15,2,43.65702727771929,0.7977447545376691,1.1078470949952364,6,6,2,54.53822280264681,0.9734759109876884,1.2813234978883912
점심메뉴,수거,6,3.6888794502139364,0.8010299948345012,0.6276459144608477,15,15,2,43.65702727771929,0.7977447545376691,1.1078470949952364,6,6,2,54.53822280264681,0.9734759109876884,1.2813234978883912
점심메뉴,instafood,6,3.6888794502139364,0.8010299948345012,0.6276459144608477,15,15,2,43.65702727771929,0.7977447545376691,1.1078470949952364,6,6,2,54.53822280264681,0.9734759109876884,1.2813234978883912
점심메뉴,월금,6,3.6888794502139364,0.8010299948345012,0.6276459144608477,15,15,2,43.65702727771929,0.7977447545376691,1.1078470949952364,6,6,2,54.53822280264681,0.9734759109876884,1.2813234978883912
점심메뉴,샐러드salad,6,3.6888794502139364,0.8010299948345012,0.6276459144608477,15,15,2,43.65702727771929,0.7977447545376691,1.1078470949952364,6,6,2,54.53822280264681,0.9734759109876884,1.2813234978883912
점심메뉴,문의사항은,6,3.6888794502139364,0.8010299948345012,0.6276459144608477,15,15,2,43.65702727771929,0.7977447545376691,1.1078470949952364,6,6,2,54.53822280264681,0.9734759109876884,1.2813234978883912
오후,건강샐러드,6,3.6888794502139364,0.8010299948345012,0.6276459144608477,15,15,9,7.045809458773078,0.023071403969171032,-0.23090361168020349,6,6,5,7.662121982687268,0.0,-0.426558766431274
오후,용산역맛집,6,3.6888794502139364,0.8010299948345012,0.6276459144608477,15,15,9,7.045809458773078,0.023071403969171032,-0.23090361168020349,6,6,5,7.662121982687268,0.0,-0.426558766431274
오후,24시식당,6,3.6888794502139364,0.8010299948345012,0.6276459144608477,15,15,9,7.045809458773078,0.023071403969171032,-0.23090361168020349,6,6,5,7.662121982687268,0.0,-0.426558766431274
점심메뉴,맛집오늘뭐먹지,6,3.6888794502139364,0.8010299948345012,0.6276459144608477,15,15,2,43.65702727771929,0.7977447545376691,1.1078470949952364,6,6,2,54.53822280264681,0.9734759109876884,1.2813234978883912
오후,용산샐러드,6,3.6888794502139364,0.8010299948345012,0.6276459144608477,15,15,9,7.045809458773078,0.023071403969171032,-0.23090361168020349,6,6,5,7.662121982687268,0.0,-0.426558766431274
오후,재고연어,6,3.6888794502139364,0.8010299948345012,0.6276459144608477,15,15,9,7.045809458773078,0.023071403969171032,-0.23090361168020349,6,6,5,7.662121982687268,0.0,-0.426558766431274
점심메뉴,또먹고싶다,6,3.6888794502139364,0.8010299948345012,0.6276459144608477,15,15,2,43.65702727771929,0.7977447545376691,1.1078470949952364,6,6,2,54.53822280264681,0.9734759109876884,1.2813234978883912
점심메뉴,주문을,6,3.6888794502139364,0.8010299948345012,0.6276459144608477,15,15,2,43.65702727771929,0.7977447545376691,1.1078470949952364,6,6,2,54.53822280264681,0.9734759109876884,1.2813234978883912
점심메뉴,불가합니다연락처,6,3.6888794502139364,0.8010299948345012,0.6276459144608477,15,15,2,43.65702727771929,0.7977447545376691,1.1078470949952364,6,6,2,54.53822280264681,0.9734759109876884,1.2813234978883912
점심메뉴,푸디스퀘어,6,3.6888794502139364,0.8010299948345012,0.6276459144608477,15,15,2,43.65702727771929,0.7977447545376691,1.1078470949952364,6,6,2,54.53822280264681,0.9734759109876884,1.2813234978883912
점심메뉴,당일주문이,6,3.6888794502139364,0.8010299948345012,0.6276459144608477,15,15,2,43.65702727771929,0.7977447545376691,1.1078470949952364,6,6,2,54.53822280264681,0.9734759109876884,1.2813234978883912
오후,용산샐러드맛집,6,3.6888794502139364,0.8010299948345012,0.6276459144608477,15,15,9,7.045809458773078,0.023071403969171032,-0.23090361168020349,6,6,5,7.662121982687268,0.0,-0.426558766431274
단체,여주사랑카드샌드위치,5,3.8319802923361483,0.8004150186179553,0.6159903289228154,13,15,3,32.96373504568782,0.0504093576386252,0.5073676994419188,5,5,3,37.56299706863465,0.03891332836071399,0.44313706506801165
단체,빠네디까사1배달의민족,5,3.8319802923361483,0.8004150186179553,0.6159903289228154,13,15,3,32.96373504568782,0.0504093576386252,0.5073676994419188,5,5,3,37.56299706863466,0.03891332836071399,0.44313706506801187
단체,12000원지역화폐,5,3.8319802923361483,0.8004150186179553,0.6159903289228154,13,15,3,32.96373504568782,0.0504093576386252,0.5073676994419188,5,5,3,37.56299706863465,0.03891332836071399,0.44313706506801165
단체,구성도,6,3.677829614071307,0.7986305534031096,0.6234710246168372,13,15,3,32.96373504568782,0.0504093576386252,0.5073676994419188,7,7,3,37.57231270067667,0.04475367239378122,0.4911593299745319
단체,최소주문,6,3.677829614071307,0.7986305534031096,0.6234710246168372,13,15,3,32.96373504568782,0.0504093576386252,0.5073676994419188,7,10,3,37.63304254644783,0.040076495528868224,0.5101441067326556
치아바타,무료배달,5,3.816712820289276,0.7972259850138194,0.6105725449051983,11,11,3,33.96134326502567,0.05313979900530374,0.4793385113491322,6,10,3,36.12513125616447,0.050340755062562914,0.4526389612379844
남원,촌스마마화수목금낮12시오픈입니다촌스마마,5,3.816712820289276,0.7972259850138194,0.6105725449051983,11,11,7,14.318163816786624,0.0019638442791239047,-0.11569868065699734,6,6,7,12.900490793010688,0.0005860883659973193,-0.2722933820370266
배달,3800원부터,6,3.6243409293263653,0.787015633088362,0.6071959063489053,16,17,3,31.42403957408078,0.051222571612270555,0.524758090211325,6,6,3,38.89261425516939,0.03932864287544329,0.5052699077123203
배달,단체간식,6,3.6243409293263653,0.787015633088362,0.6071959063489053,16,17,3,31.42403957408078,0.051222571612270555,0.524758090211325,6,6,3,38.89261425516939,0.03932864287544329,0.5052699077123203
배달,있습니다단체주문,6,3.6243409293263653,0.787015633088362,0.6071959063489053,16,17,3,31.42403957408078,0.051222571612270555,0.524758090211325,6,6,3,38.89261425516939,0.03932864287544329,0.5052699077123203
배달,구성변경,6,3.6243409293263653,0.787015633088362,0.6071959063489053,16,17,3,31.42403957408078,0.051222571612270555,0.524758090211325,6,6,3,38.89261425516939,0.03932864287544329,0.5052699077123203
배달,맞춰일정에,6,3.6243409293263653,0.787015633088362,0.6071959063489053,16,17,3,31.42403957408078,0.051222571612270555,0.524758090211325,6,6,3,38.89261425516939,0.03932864287544329,0.5052699077123203
배달,세종로,6,3.6243409293263653,0.787015633088362,0.6071959063489053,16,17,3,31.42403957408078,0.051222571612270555,0.524758090211325,6,6,3,38.89261425516939,0.03932864287544329,0.5052699077123203
배달,여주행사간식,6,3.6243409293263653,0.787015633088362,0.6071959063489053,16,17,3,31.42403957408078,0.051222571612270555,0.524758090211325,6,6,3,38.89261425516939,0.03932864287544329,0.5052699077123203
배달,해드립니다,6,3.6243409293263653,0.787015633088362,0.6071959063489053,16,17,3,31.42403957408078,0.051222571612270555,0.524758090211325,6,6,3,38.89261425516939,0.03932864287544329,0.5052699077123203
배달,문의환영,6,3.6243409293263653,0.787015633088362,0.6071959063489053,16,17,3,31.42403957408078,0.051222571612270555,0.524758090211325,6,6,3,38.89261425516939,0.03932864287544329,0.5052699077123203
배달,구성해서,6,3.6243409293263653,0.787015633088362,0.6071959063489053,16,17,3,31.42403957408078,0.051222571612270555,0.524758090211325,6,6,3,38.89261425516939,0.03932864287544329,0.5052699077123203
배달,학교간식,6,3.6243409293263653,0.787015633088362,0.6071959063489053,16,17,3,31.42403957408078,0.051222571612270555,0.524758090211325,6,6,3,38.89261425516939,0.03932864287544329,0.5052699077123203
배달,학원간식,6,3.6243409293263653,0.787015633088362,0.6071959063489053,16,17,3,31.42403957408078,0.051222571612270555,0.524758090211325,6,6,3,38.89261425516939,0.03932864287544329,0.5052699077123203
배달,가능합니다문의주세요,6,3.6243409293263653,0.787015633088362,0.6071959063489053,16,17,3,31.42403957408078,0.051222571612270555,0.524758090211325,6,6,3,38.89261425516939,0.03932864287544329,0.5052699077123203
배달,체육대회간식,6,3.6243409293263653,0.787015633088362,0.6071959063489053,16,17,3,31.42403957408078,0.051222571612270555,0.524758090211325,6,6,3,38.89261425516939,0.03932864287544329,0.5052699077123203
배달,0318810107구성,6,3.6243409293263653,0.787015633088362,0.6071959063489053,16,17,3,31.42403957408078,0.051222571612270555,0.524758090211325,6,6,3,38.89261425516939,0.03932864287544329,0.5052699077123203
배달,맞춰원하시는,6,3.6243409293263653,0.787015633088362,0.6071959063489053,16,17,3,31.42403957408078,0.051222571612270555,0.524758090211325,6,6,3,38.89261425516939,0.03932864287544329,0.5052699077123203
배달,죠샌드위치샐러드여주점,6,3.6243409293263653,0.787015633088362,0.6071959063489053,16,17,3,31.42403957408078,0.051222571612270555,0.524758090211325,6,6,3,38.89261425516939,0.03932864287544329,0.5052699077123203
배달,여주점경기,6,3.6243409293263653,0.787015633088362,0.6071959063489053,16,17,3,31.42403957408078,0.051222571612270555,0.524758090211325,6,6,3,38.89261425516939,0.03932864287544329,0.5052699077123203
배달,교회간식,6,3.6243409293263653,0.787015633088362,0.6071959063489053,16,17,3,31.42403957408078,0.051222571612270555,0.524758090211325,6,6,3,38.89261425516939,0.03932864287544329,0.5052699077123203
배달,여주맛집,6,3.6243409293263653,0.787015633088362,0.6071959063489053,16,17,3,31.42403957408078,0.051222571612270555,0.524758090211325,6,7,3,38.89261425516939,0.03932864287544329,0.5115300049677838
배달,0318810107죠샌드위치,6,3.6243409293263653,0.787015633088362,0.6071959063489053,16,17,3,31.42403957408078,0.051222571612270555,0.524758090211325,6,6,3,38.89261425516939,0.03932864287544329,0.5052699077123203
배달,여주사랑카드,6,3.6243409293263653,0.787015633088362,0.6071959063489053,16,17,3,31.42403957408078,0.051222571612270555,0.524758090211325,6,7,3,38.89261425516939,0.03932864287544329,0.5115300049677838
배달,지드림카드,6,3.6243409293263653,0.787015633088362,0.6071959063489053,16,17,3,31.42403957408078,0.051222571612270555,0.524758090211325,6,11,3,38.89261425516939,0.03932864287544329,0.5365703939896376
배달,G드림카드,6,3.6243409293263653,0.787015633088362,0.6071959063489053,16,17,3,31.42403957408078,0.051222571612270555,0.524758090211325,6,6,3,38.89261425516939,0.03932864287544329,0.5052699077123203
배달,여주시,6,3.6243409293263653,0.787015633088362,0.6071959063489053,16,17,3,31.42403957408078,0.051222571612270555,0.524758090211325,6,6,3,38.89261425516939,0.03932864287544329,0.5052699077123203
배달,무료배달,6,3.6243409293263653,0.787015633088362,0.6071959063489053,16,17,3,31.42403957408078,0.051222571612270555,0.524758090211325,6,10,3,36.12513125616447,0.050340755062562914,0.4526389612379844
풍미가,깊은,5,3.7578723205780307,0.7849355200116745,0.5920593551997465,10,12,8,6.006650233873797,0.03462951000027258,-0.3594710814524081,7,9,8,9.838265506427135,0.02560789833440949,-0.31848904310478526
단체,음료,7,3.4753053511323606,0.7807886140217938,0.6065654603135028,13,15,3,32.96373504568782,0.0504093576386252,0.5073676994419188,10,10,3,34.84349500679431,0.041626958029498215,0.47850385179365584
인스타그램,서비스가,5,3.7297014437541915,0.7790512536070342,0.5833782459893663,9,9,2,48.43764752230243,0.8850358256214551,1.1406502677546002,8,13,2,51.07262942220989,0.914915118022948,1.2366664690845033
유기농,엑스트라버진올리브오일,5,3.7297014437541915,0.7790512536070342,0.5833782459893663,9,12,0,15.271711118147177,0.04882469447278668,-0.09879990499399635,8,8,0,15.76826436376233,0.04228883590247987,-0.12807276395578143
인스타그램,푸드스타그램,5,3.7297014437541915,0.7790512536070342,0.5833782459893663,9,9,2,48.43764752230243,0.8850358256214551,1.1406502677546002,8,8,2,51.07262942220989,0.9167714470515224,1.205993728576472
최대한,음료,6,3.58351893495611,0.7781512496405257,0.5932203389830507,10,10,3,34.58064977625616,0.055958499882341736,0.4756196620993622,10,10,3,34.84349500679431,0.041626958029498215,0.47850385179365584
배달,단체,9,3.256616151186945,0.7754392489109327,0.6148618424747639,16,17,3,31.42403957408078,0.051222571612270555,0.524758090211325,13,15,3,32.96373504568782,0.0504093576386252,0.5073676994419188
샌드위치맛집,촌스마마화수목금낮12시오픈입니다촌스마마,6,3.5637163077305187,0.7738511637748017,0.588562000776613,17,17,7,13.364276504150524,0.017774469938701843,-0.0010872974563186644,6,6,7,12.900490793010688,0.0005860883659973193,-0.2722933820370266
샐러드는,메뉴푸디스퀘어를,5,3.6888794494339363,0.7705244515748794,0.5724780279075998,15,15,2,42.452008308019195,0.792735373473381,1.0707119332912163,5,5,2,55.365416880903034,0.9999999999999709,1.2917352263209165
샐러드는,이용가능주,5,3.6888794494339363,0.7705244515748794,0.5724780279075998,15,15,2,42.452008308019195,0.792735373473381,1.0707119332912163,5,5,2,55.365416880903034,0.9999999999999709,1.2917352263209165
샐러드는,34회,5,3.6888794494339363,0.7705244515748794,0.5724780279075998,15,15,2,42.452008308019195,0.792735373473381,1.0707119332912163,5,5,2,55.36541688090304,0.9999999999999709,1.2917352263209168
샐러드는,인원부터,5,3.6888794494339363,0.7705244515748794,0.5724780279075998,15,15,2,42.452008308019195,0.792735373473381,1.0707119332912163,5,5,2,55.36541688090304,0.9999999999999709,1.2917352263209168
샐러드는,기본으로하며,5,3.6888794494339363,0.7705244515748794,0.5724780279075998,15,15,2,42.452008308019195,0.792735373473381,1.0707119332912163,5,5,2,55.365416880903034,0.9999999999999709,1.2917352263209165
샐러드는,인스타그램에서,5,3.6888794494339363,0.7705244515748794,0.5724780279075998,15,15,2,42.452008308019195,0.792735373473381,1.0707119332912163,5,5,2,55.36541688090304,0.9999999999999709,1.2917352263209168
샐러드는,지원되지않습니다사용,5,3.6888794494339363,0.7705244515748794,0.5724780279075998,15,15,2,42.452008308019195,0.792735373473381,1.0707119332912163,5,5,2,55.365416880903034,0.9999999999999709,1.2917352263209165
샐러드는,결제를,5,3.6888794494339363,0.7705244515748794,0.5724780279075998,15,15,2,42.452008308019195,0.792735373473381,1.0707119332912163,5,5,2,55.36541688090304,0.9999999999999709,1.2917352263209168
샐러드는,금요일에,5,3.6888794494339363,0.7705244515748794,0.5724780279075998,15,15,2,42.452008308019195,0.792735373473381,1.0707119332912163,5,5,2,55.365416880903034,0.9999999999999709,1.2917352263209165
샐러드는,질문이나,5,3.6888794494339363,0.7705244515748794,0.5724780279075998,15,15,2,42.452008308019195,0.792735373473381,1.0707119332912163,5,5,2,55.365416880903034,0.9999999999999709,1.2917352263209165
샐러드는,전용,5,3.6888794494339363,0.7705244515748794,0.5724780279075998,15,15,2,42.452008308019195,0.792735373473381,1.0707119332912163,5,5,2,55.36541688090304,0.9999999999999709,1.2917352263209168
샐러드는,다른메뉴기다림,5,3.6888794494339363,0.7705244515748794,0.5724780279075998,15,15,2,42.452008308019195,0.792735373473381,1.0707119332912163,5,5,2,55.36541688090304,0.9999999999999709,1.2917352263209168
샐러드는,보온4시간뒤처리샐러드는,5,3.6888794494339363,0.7705244515748794,0.5724780279075998,15,15,2,42.452008308019195,0.792735373473381,1.0707119332912163,5,5,2,55.36541688090304,0.9999999999999709,1.2917352263209168
샐러드는,아닙니다각각,5,3.6888794494339363,0.7705244515748794,0.5724780279075998,15,15,2,42.452008308019195,0.792735373473381,1.0707119332912163,5,5,2,55.36541688090304,0.9999999999999709,1.2917352263209168
샐러드는,서비스3명,5,3.6888794494339363,0.7705244515748794,0.5724780279075998,15,15,2,42.452008308019195,0.792735373473381,1.0707119332912163,5,5,2,55.365416880903034,0.9999999999999709,1.2917352263209165
샐러드는,가능합니다샐러드는,5,3.6888794494339363,0.7705244515748794,0.5724780279075998,15,15,2,42.452008308019195,0.792735373473381,1.0707119332912163,5,5,2,55.365416880903034,0.9999999999999709,1.2917352263209165
샐러드는,이유매일,5,3.6888794494339363,0.7705244515748794,0.5724780279075998,15,15,2,42.452008308019195,0.792735373473381,1.0707119332912163,5,5,2,55.365416880903034,0.9999999999999709,1.2917352263209165
샐러드는,보내십시오맛스타,5,3.6888794494339363,0.7705244515748794,0.5724780279075998,15,15,2,42.452008308019195,0.792735373473381,1.0707119332912163,5,5,2,55.365416880903034,0.9999999999999709,1.2917352263209165
샐러드는,도시락샐러드,5,3.6888794494339363,0.7705244515748794,0.5724780279075998,15,15,2,42.452008308019195,0.792735373473381,1.0707119332912163,5,5,2,55.36541688090304,0.9999999999999709,1.2917352263209168
샐러드는,7001700매일,5,3.6888794494339363,0.7705244515748794,0.5724780279075998,15,15,2,42.452008308019195,0.792735373473381,1.0707119332912163,5,5,2,55.36541688090304,0.9999999999999709,1.2917352263209168
샐러드는,설명서기업,5,3.6888794494339363,0.7705244515748794,0.5724780279075998,15,15,2,42.452008308019195,0.792735373473381,1.0707119332912163,5,5,2,55.365416880903034,0.9999999999999709,1.2917352263209165
샐러드는,전문업체,5,3.6888794494339363,0.7705244515748794,0.5724780279075998,15,15,2,42.452008308019195,0.792735373473381,1.0707119332912163,5,5,2,55.365416880903034,0.9999999999999709,1.2917352263209165
샐러드는,선택하는,5,3.6888794494339363,0.7705244515748794,0.5724780279075998,15,15,2,42.452008308019195,0.792735373473381,1.0707119332912163,5,5,2,55.36541688090304,0.9999999999999709,1.2917352263209168
샐러드는,세트가,5,3.6888794494339363,0.7705244515748794,0.5724780279075998,15,15,2,42.452008308019195,0.792735373473381,1.0707119332912163,5,5,2,55.365416880903034,0.9999999999999709,1.2917352263209165
샐러드는,이상의,5,3.6888794494339363,0.7705244515748794,0.5724780279075998,15,15,2,42.452008308019195,0.792735373473381,1.0707119332912163,5,5,2,55.365416880903034,0.9999999999999709,1.2917352263209165
샐러드는,연락주세요오늘도,5,3.6888794494339363,0.7705244515748794,0.5724780279075998,15,15,2,42.452008308019195,0.792735373473381,1.0707119332912163,5,5,2,55.365416880903034,0.9999999999999709,1.2917352263209165
샐러드는,진행도시락,5,3.6888794494339363,0.7705244515748794,0.5724780279075998,15,15,2,42.452008308019195,0.792735373473381,1.0707119332912163,5,5,2,55.36541688090304,0.9999999999999709,1.2917352263209168
샐러드는,배송탁월한,5,3.6888794494339363,0.7705244515748794,0.5724780279075998,15,15,2,42.452008308019195,0.792735373473381,1.0707119332912163,5,5,2,55.36541688090304,0.9999999999999709,1.2917352263209168
샐러드는,매월,5,3.6888794494339363,0.7705244515748794,0.5724780279075998,15,15,2,42.452008308019195,0.792735373473381,1.0707119332912163,5,5,2,55.36541688090304,0.9999999999999709,1.2917352263209168
샐러드는,보온도시락샐러드,5,3.6888794494339363,0.7705244515748794,0.5724780279075998,15,15,2,42.452008308019195,0.792735373473381,1.0707119332912163,5,5,2,55.36541688090304,0.9999999999999709,1.2917352263209168
샐러드는,결제후불결제를,5,3.6888794494339363,0.7705244515748794,0.5724780279075998,15,15,2,42.452008308019195,0.792735373473381,1.0707119332912163,5,5,2,55.365416880903034,0.9999999999999709,1.2917352263209165
샐러드는,첫째,5,3.6888794494339363,0.7705244515748794,0.5724780279075998,15,15,2,42.452008308019195,0.792735373473381,1.0707119332912163,5,5,2,55.365416880903034,0.9999999999999709,1.2917352263209165
점심메뉴,보온도시락샐러드,5,3.6888794494339363,0.7705244515748794,0.5724780279075998,15,15,2,43.65702727771929,0.7977447545376691,1.1078470949952364,5,5,2,55.36541688090304,0.9999999999999709,1.2917352263209168
점심메뉴,결제후불결제를,5,3.6888794494339363,0.7705244515748794,0.5724780279075998,15,15,2,43.65702727771929,0.7977447545376691,1.1078470949952364,5,5,2,55.365416880903034,0.9999999999999709,1.2917352263209165
점심메뉴,세트가,5,3.6888794494339363,0.7705244515748794,0.5724780279075998,15,15,2,43.65702727771929,0.7977447545376691,1.1078470949952364,5,5,2,55.365416880903034,0.9999999999999709,1.2917352263209165
점심메뉴,이상의,5,3.6888794494339363,0.7705244515748794,0.5724780279075998,15,15,2,43.65702727771929,0.7977447545376691,1.1078470949952364,5,5,2,55.365416880903034,0.9999999999999709,1.2917352263209165
점심메뉴,연락주세요오늘도,5,3.6888794494339363,0.7705244515748794,0.5724780279075998,15,15,2,43.65702727771929,0.7977447545376691,1.1078470949952364,5,5,2,55.365416880903034,0.9999999999999709,1.2917352263209165
점심메뉴,매월,5,3.6888794494339363,0.7705244515748794,0.5724780279075998,15,15,2,43.65702727771929,0.7977447545376691,1.1078470949952364,5,5,2,55.36541688090304,0.9999999999999709,1.2917352263209168
점심메뉴,34회,5,3.6888794494339363,0.7705244515748794,0.5724780279075998,15,15,2,43.65702727771929,0.7977447545376691,1.1078470949952364,5,5,2,55.36541688090304,0.9999999999999709,1.2917352263209168
점심메뉴,인원부터,5,3.6888794494339363,0.7705244515748794,0.5724780279075998,15,15,2,43.65702727771929,0.7977447545376691,1.1078470949952364,5,5,2,55.36541688090304,0.9999999999999709,1.2917352263209168
점심메뉴,인스타그램에서,5,3.6888794494339363,0.7705244515748794,0.5724780279075998,15,15,2,43.65702727771929,0.7977447545376691,1.1078470949952364,5,5,2,55.36541688090304,0.9999999999999709,1.2917352263209168
점심메뉴,지원되지않습니다사용,5,3.6888794494339363,0.7705244515748794,0.5724780279075998,15,15,2,43.65702727771929,0.7977447545376691,1.1078470949952364,5,5,2,55.365416880903034,0.9999999999999709,1.2917352263209165
점심메뉴,기본으로하며,5,3.6888794494339363,0.7705244515748794,0.5724780279075998,15,15,2,43.65702727771929,0.7977447545376691,1.1078470949952364,5,5,2,55.365416880903034,0.9999999999999709,1.2917352263209165
점심메뉴,메뉴푸디스퀘어를,5,3.6888794494339363,0.7705244515748794,0.5724780279075998,15,15,2,43.65702727771929,0.7977447545376691,1.1078470949952364,5,5,2,55.365416880903034,0.9999999999999709,1.2917352263209165
점심메뉴,이용가능주,5,3.6888794494339363,0.7705244515748794,0.5724780279075998,15,15,2,43.65702727771929,0.7977447545376691,1.1078470949952364,5,5,2,55.365416880903034,0.9999999999999709,1.2917352263209165
샐러드는,갱신중,5,3.6888794494339363,0.7705244515748794,0.5724780279075998,15,15,2,42.452008308019195,0.792735373473381,1.0707119332912163,5,5,2,55.365416880903034,0.9999999999999709,1.2917352263209165
샐러드는,기본결제방식은,5,3.6888794494339363,0.7705244515748794,0.5724780279075998,15,15,2,42.452008308019195,0.792735373473381,1.0707119332912163,5,5,2,55.365416880903034,0.9999999999999709,1.2917352263209165
점심메뉴,진행도시락,5,3.6888794494339363,0.7705244515748794,0.5724780279075998,15,15,2,43.65702727771929,0.7977447545376691,1.1078470949952364,5,5,2,55.36541688090304,0.9999999999999709,1.2917352263209168
점심메뉴,서비스3명,5,3.6888794494339363,0.7705244515748794,0.5724780279075998,15,15,2,43.65702727771929,0.7977447545376691,1.1078470949952364,5,5,2,55.365416880903034,0.9999999999999709,1.2917352263209165
점심메뉴,금요일에,5,3.6888794494339363,0.7705244515748794,0.5724780279075998,15,15,2,43.65702727771929,0.7977447545376691,1.1078470949952364,5,5,2,55.365416880903034,0.9999999999999709,1.2917352263209165
점심메뉴,가능합니다샐러드는,5,3.6888794494339363,0.7705244515748794,0.5724780279075998,15,15,2,43.65702727771929,0.7977447545376691,1.1078470949952364,5,5,2,55.365416880903034,0.9999999999999709,1.2917352263209165
점심메뉴,갱신중,5,3.6888794494339363,0.7705244515748794,0.5724780279075998,15,15,2,43.65702727771929,0.7977447545376691,1.1078470949952364,5,5,2,55.365416880903034,0.9999999999999709,1.2917352263209165
점심메뉴,전문업체,5,3.6888794494339363,0.7705244515748794,0.5724780279075998,15,15,2,43.65702727771929,0.7977447545376691,1.1078470949952364,5,5,2,55.365416880903034,0.9999999999999709,1.2917352263209165
점심메뉴,보내십시오맛스타,5,3.6888794494339363,0.7705244515748794,0.5724780279075998,15,15,2,43.65702727771929,0.7977447545376691,1.1078470949952364,5,5,2,55.365416880903034,0.9999999999999709,1.2917352263209165
점심메뉴,설명서기업,5,3.6888794494339363,0.7705244515748794,0.5724780279075998,15,15,2,43.65702727771929,0.7977447545376691,1.1078470949952364,5,5,2,55.365416880903034,0.9999999999999709,1.2917352263209165
점심메뉴,이유매일,5,3.6888794494339363,0.7705244515748794,0.5724780279075998,15,15,2,43.65702727771929,0.7977447545376691,1.1078470949952364,5,5,2,55.365416880903034,0.9999999999999709,1.2917352263209165
점심메뉴,전용,5,3.6888794494339363,0.7705244515748794,0.5724780279075998,15,15,2,43.65702727771929,0.7977447545376691,1.1078470949952364,5,5,2,55.36541688090304,0.9999999999999709,1.2917352263209168
점심메뉴,다른메뉴기다림,5,3.6888794494339363,0.7705244515748794,0.5724780279075998,15,15,2,43.65702727771929,0.7977447545376691,1.1078470949952364,5,5,2,55.36541688090304,0.9999999999999709,1.2917352263209168
점심메뉴,7001700매일,5,3.6888794494339363,0.7705244515748794,0.5724780279075998,15,15,2,43.65702727771929,0.7977447545376691,1.1078470949952364,5,5,2,55.36541688090304,0.9999999999999709,1.2917352263209168
점심메뉴,질문이나,5,3.6888794494339363,0.7705244515748794,0.5724780279075998,15,15,2,43.65702727771929,0.7977447545376691,1.1078470949952364,5,5,2,55.365416880903034,0.9999999999999709,1.2917352263209165
점심메뉴,결제를,5,3.6888794494339363,0.7705244515748794,0.5724780279075998,15,15,2,43.65702727771929,0.7977447545376691,1.1078470949952364,5,5,2,55.36541688090304,0.9999999999999709,1.2917352263209168
점심메뉴,선택하는,5,3.6888794494339363,0.7705244515748794,0.5724780279075998,15,15,2,43.65702727771929,0.7977447545376691,1.1078470949952364,5,5,2,55.36541688090304,0.9999999999999709,1.2917352263209168
점심메뉴,배송탁월한,5,3.6888794494339363,0.7705244515748794,0.5724780279075998,15,15,2,43.65702727771929,0.7977447545376691,1.1078470949952364,5,5,2,55.36541688090304,0.9999999999999709,1.2917352263209168
점심메뉴,도시락샐러드,5,3.6888794494339363,0.7705244515748794,0.5724780279075998,15,15,2,43.65702727771929,0.7977447545376691,1.1078470949952364,5,5,2,55.36541688090304,0.9999999999999709,1.2917352263209168
점심메뉴,기본결제방식은,5,3.6888794494339363,0.7705244515748794,0.5724780279075998,15,15,2,43.65702727771929,0.7977447545376691,1.1078470949952364,5,5,2,55.365416880903034,0.9999999999999709,1.2917352263209165
점심메뉴,첫째,5,3.6888794494339363,0.7705244515748794,0.5724780279075998,15,15,2,43.65702727771929,0.7977447545376691,1.1078470949952364,5,5,2,55.365416880903034,0.9999999999999709,1.2917352263209165
점심메뉴,보온4시간뒤처리샐러드는,5,3.6888794494339363,0.7705244515748794,0.5724780279075998,15,15,2,43.65702727771929,0.7977447545376691,1.1078470949952364,5,5,2,55.36541688090304,0.9999999999999709,1.2917352263209168
점심메뉴,아닙니다각각,5,3.6888794494339363,0.7705244515748794,0.5724780279075998,15,15,2,43.65702727771929,0.7977447545376691,1.1078470949952364,5,5,2,55.36541688090304,0.9999999999999709,1.2917352263209168
단체,맞춰,6,3.54429822194129,0.7696345800210171,0.5815336505597468,13,15,3,32.96373504568782,0.0504093576386252,0.5073676994419188,8,8,3,36.491875718762714,0.04642507990146195,0.4828341348751472
없는,구성도,7,3.401197379176441,0.7641389516568522,0.5850873012502638,20,20,2,38.97211282461994,0.7484842751333464,1.067832733868871,7,7,3,37.57231270067667,0.04475367239378122,0.4911593299745319
소스를,SAUCIT의,7,3.401197379176441,0.7641389516568522,0.5835622658693621,14,15,9,7.4689365459375985,0.024863967834608605,-0.2344792575829975,10,10,5,3.223466267134855,0.003041263183098858,-0.4645303536373606
단체,무료배달,5,3.6496587364652706,0.7623321214202048,0.5603000189277054,13,15,3,32.96373504568782,0.0504093576386252,0.5073676994419188,6,10,3,36.12513125616447,0.050340755062562914,0.4526389612379844
단체,배달비,5,3.6496587364652706,0.7623321214202048,0.5603000189277054,13,15,3,32.96373504568782,0.0504093576386252,0.5073676994419188,6,10,3,32.758290806219605,0.039754772393962065,0.35003602649487076
치아바타,최대한,6,3.4882087554790577,0.7574549071320301,0.5644759344198942,11,11,3,33.96134326502567,0.05313979900530374,0.4793385113491322,10,10,3,34.58064977625616,0.055958499882341736,0.4756196620993622
치아바타,음료,6,3.4882087554790577,0.7574549071320301,0.5644759344198942,11,11,3,33.96134326502567,0.05313979900530374,0.4793385113491322,10,10,3,34.84349500679431,0.041626958029498215,0.47850385179365584
배달,여주사랑카드샌드위치,5,3.6243409285963653,0.7570437973394979,0.5538255041758462,16,17,3,31.42403957408078,0.051222571612270555,0.524758090211325,5,5,3,37.56299706863465,0.03891332836071399,0.44313706506801165
드디어,제대로,5,3.6243409285963653,0.7570437973394979,0.5523966024634771,10,11,5,11.887952452187339,0.02293640228478872,-0.19670868880644876,8,9,5,10.339403215691767,0.025566047135477773,-0.2871375462642236
배달,12000원지역화폐,5,3.6243409285963653,0.7570437973394979,0.5538255041758462,16,17,3,31.42403957408078,0.051222571612270555,0.524758090211325,5,5,3,37.56299706863465,0.03891332836071399,0.44313706506801165
배달,빠네디까사1배달의민족,5,3.6243409285963653,0.7570437973394979,0.5538255041758462,16,17,3,31.42403957408078,0.051222571612270555,0.524758090211325,5,5,3,37.56299706863466,0.03891332836071399,0.44313706506801187
유기농,화이트발사믹,5,3.6119184086533638,0.7544490106305616,0.5487873660462492,9,12,0,15.271711118147177,0.04882469447278668,-0.09879990499399635,9,9,0,14.572194982648716,0.04970961154895208,-0.13785462131126802
배달,구성도,6,3.470190250034821,0.7535422383886573,0.5600588891800756,16,17,3,31.42403957408078,0.051222571612270555,0.524758090211325,7,7,3,37.57231270067667,0.04475367239378122,0.4911593299745319
없는,체육대회간식,6,3.4011973787621557,0.738560626746142,0.5412294272573257,20,20,2,38.97211282461994,0.7484842751333464,1.067832733868871,6,6,3,38.89261425516939,0.03932864287544329,0.5052699077123203
없는,문의환영,6,3.4011973787621557,0.738560626746142,0.5412294272573257,20,20,2,38.97211282461994,0.7484842751333464,1.067832733868871,6,6,3,38.89261425516939,0.03932864287544329,0.5052699077123203
없는,교회간식,6,3.4011973787621557,0.738560626746142,0.5412294272573257,20,20,2,38.97211282461994,0.7484842751333464,1.067832733868871,6,6,3,38.89261425516939,0.03932864287544329,0.5052699077123203
없는,여주점경기,6,3.4011973787621557,0.738560626746142,0.5412294272573257,20,20,2,38.97211282461994,0.7484842751333464,1.067832733868871,6,6,3,38.89261425516939,0.03932864287544329,0.5052699077123203
없는,구성변경,6,3.4011973787621557,0.738560626746142,0.5412294272573257,20,20,2,38.97211282461994,0.7484842751333464,1.067832733868871,6,6,3,38.89261425516939,0.03932864287544329,0.5052699077123203
없는,3800원부터,6,3.4011973787621557,0.738560626746142,0.5412294272573257,20,20,2,38.97211282461994,0.7484842751333464,1.067832733868871,6,6,3,38.89261425516939,0.03932864287544329,0.5052699077123203
없는,학원간식,6,3.4011973787621557,0.738560626746142,0.5412294272573257,20,20,2,38.97211282461994,0.7484842751333464,1.067832733868871,6,6,3,38.89261425516939,0.03932864287544329,0.5052699077123203
없는,구성해서,6,3.4011973787621557,0.738560626746142,0.5412294272573257,20,20,2,38.97211282461994,0.7484842751333464,1.067832733868871,6,6,3,38.89261425516939,0.03932864287544329,0.5052699077123203
없는,학교간식,6,3.4011973787621557,0.738560626746142,0.5412294272573257,20,20,2,38.97211282461994,0.7484842751333464,1.067832733868871,6,6,3,38.89261425516939,0.03932864287544329,0.5052699077123203
없는,죠샌드위치샐러드여주점,6,3.4011973787621557,0.738560626746142,0.5412294272573257,20,20,2,38.97211282461994,0.7484842751333464,1.067832733868871,6,6,3,38.89261425516939,0.03932864287544329,0.5052699077123203
없는,여주맛집,6,3.4011973787621557,0.738560626746142,0.5412294272573257,20,20,2,38.97211282461994,0.7484842751333464,1.067832733868871,6,7,3,38.89261425516939,0.03932864287544329,0.5115300049677838
없는,가능합니다문의주세요,6,3.4011973787621557,0.738560626746142,0.5412294272573257,20,20,2,38.97211282461994,0.7484842751333464,1.067832733868871,6,6,3,38.89261425516939,0.03932864287544329,0.5052699077123203
없는,여주사랑카드,6,3.4011973787621557,0.738560626746142,0.5412294272573257,20,20,2,38.97211282461994,0.7484842751333464,1.067832733868871,6,7,3,38.89261425516939,0.03932864287544329,0.5115300049677838
없는,지드림카드,6,3.4011973787621557,0.738560626746142,0.5412294272573257,20,20,2,38.97211282461994,0.7484842751333464,1.067832733868871,6,11,3,38.89261425516939,0.03932864287544329,0.5365703939896376
없는,있습니다단체주문,6,3.4011973787621557,0.738560626746142,0.5412294272573257,20,20,2,38.97211282461994,0.7484842751333464,1.067832733868871,6,6,3,38.89261425516939,0.03932864287544329,0.5052699077123203
없는,여주시,6,3.4011973787621557,0.738560626746142,0.5412294272573257,20,20,2,38.97211282461994,0.7484842751333464,1.067832733868871,6,6,3,38.89261425516939,0.03932864287544329,0.5052699077123203
없는,세종로,6,3.4011973787621557,0.738560626746142,0.5412294272573257,20,20,2,38.97211282461994,0.7484842751333464,1.067832733868871,6,6,3,38.89261425516939,0.03932864287544329,0.5052699077123203
없는,여주행사간식,6,3.4011973787621557,0.738560626746142,0.5412294272573257,20,20,2,38.97211282461994,0.7484842751333464,1.067832733868871,6,6,3,38.89261425516939,0.03932864287544329,0.5052699077123203
없는,G드림카드,6,3.4011973787621557,0.738560626746142,0.5412294272573257,20,20,2,38.97211282461994,0.7484842751333464,1.067832733868871,6,6,3,38.89261425516939,0.03932864287544329,0.5052699077123203
없는,맞춰원하시는,6,3.4011973787621557,0.738560626746142,0.5412294272573257,20,20,2,38.97211282461994,0.7484842751333464,1.067832733868871,6,6,3,38.89261425516939,0.03932864287544329,0.5052699077123203
없는,0318810107구성,6,3.4011973787621557,0.738560626746142,0.5412294272573257,20,20,2,38.97211282461994,0.7484842751333464,1.067832733868871,6,6,3,38.89261425516939,0.03932864287544329,0.5052699077123203
없는,해드립니다,6,3.4011973787621557,0.738560626746142,0.5412294272573257,20,20,2,38.97211282461994,0.7484842751333464,1.067832733868871,6,6,3,38.89261425516939,0.03932864287544329,0.5052699077123203
없는,0318810107죠샌드위치,6,3.4011973787621557,0.738560626746142,0.5412294272573257,20,20,2,38.97211282461994,0.7484842751333464,1.067832733868871,6,6,3,38.89261425516939,0.03932864287544329,0.5052699077123203
없는,단체간식,6,3.4011973787621557,0.738560626746142,0.5412294272573257,20,20,2,38.97211282461994,0.7484842751333464,1.067832733868871,6,6,3,38.89261425516939,0.03932864287544329,0.5052699077123203
없는,맞춰일정에,6,3.4011973787621557,0.738560626746142,0.5412294272573257,20,20,2,38.97211282461994,0.7484842751333464,1.067832733868871,6,6,3,38.89261425516939,0.03932864287544329,0.5052699077123203
점심메뉴,서비스가,6,3.401197378762155,0.7385606267461419,0.5398210735112065,15,15,2,43.65702727771929,0.7977447545376691,1.1078470949952364,8,13,2,51.07262942220989,0.914915118022948,1.2366664690845033
점심메뉴,푸드스타그램,6,3.401197378762155,0.7385606267461419,0.5398210735112065,15,15,2,43.65702727771929,0.7977447545376691,1.1078470949952364,8,8,2,51.07262942220989,0.9167714470515224,1.205993728576472
배달,음료,7,3.267665986873347,0.7341387703229265,0.5441128022602194,16,17,3,31.42403957408078,0.051222571612270555,0.524758090211325,10,10,3,34.84349500679431,0.041626958029498215,0.47850385179365584
샐러드는,문의사항은,5,3.5065578934399815,0.7324415543514209,0.5203560145530105,15,15,2,42.452008308019195,0.792735373473381,1.0707119332912163,6,6,2,54.53822280264681,0.9734759109876884,1.2813234978883912
샐러드는,수거,5,3.5065578934399815,0.7324415543514209,0.5203560145530105,15,15,2,42.452008308019195,0.792735373473381,1.0707119332912163,6,6,2,54.53822280264681,0.9734759109876884,1.2813234978883912
샐러드는,연락처,5,3.5065578934399815,0.7324415543514209,0.5203560145530105,15,15,2,42.452008308019195,0.792735373473381,1.0707119332912163,6,6,2,53.19469175420827,0.9684193983207021,1.240098578856718
샐러드는,또먹고싶다,5,3.5065578934399815,0.7324415543514209,0.5203560145530105,15,15,2,42.452008308019195,0.792735373473381,1.0707119332912163,6,6,2,54.53822280264681,0.9734759109876884,1.2813234978883912
샐러드는,맛집오늘뭐먹지,5,3.5065578934399815,0.7324415543514209,0.5203560145530105,15,15,2,42.452008308019195,0.792735373473381,1.0707119332912163,6,6,2,54.53822280264681,0.9734759109876884,1.2813234978883912
샐러드는,푸디스퀘어,5,3.5065578934399815,0.7324415543514209,0.5203560145530105,15,15,2,42.452008308019195,0.792735373473381,1.0707119332912163,6,6,2,54.53822280264681,0.9734759109876884,1.2813234978883912
점심메뉴,연락처,5,3.5065578934399815,0.7324415543514209,0.5203560145530105,15,15,2,43.65702727771929,0.7977447545376691,1.1078470949952364,6,6,2,53.19469175420827,0.9684193983207021,1.240098578856718
샐러드는,01096763990전화문의,5,3.5065578934399815,0.7324415543514209,0.5203560145530105,15,15,2,42.452008308019195,0.792735373473381,1.0707119332912163,6,6,2,54.53822280264681,0.9734759109876884,1.2813234978883912
샐러드는,안녕하세요배달,5,3.5065578934399815,0.7324415543514209,0.5203560145530105,15,15,2,42.452008308019195,0.792735373473381,1.0707119332912163,6,6,2,54.53822280264681,0.9734759109876884,1.2813234978883912
샐러드는,샐러드salad,5,3.5065578934399815,0.7324415543514209,0.5203560145530105,15,15,2,42.452008308019195,0.792735373473381,1.0707119332912163,6,6,2,54.53822280264681,0.9734759109876884,1.2813234978883912
샐러드는,주문을,5,3.5065578934399815,0.7324415543514209,0.5203560145530105,15,15,2,42.452008308019195,0.792735373473381,1.0707119332912163,6,6,2,54.53822280264681,0.9734759109876884,1.2813234978883912
샐러드는,불가합니다연락처,5,3.5065578934399815,0.7324415543514209,0.5203560145530105,15,15,2,42.452008308019195,0.792735373473381,1.0707119332912163,6,6,2,54.53822280264681,0.9734759109876884,1.2813234978883912
샐러드는,foodfoodfic,5,3.5065578934399815,0.7324415543514209,0.5203560145530105,15,15,2,42.452008308019195,0.792735373473381,1.0707119332912163,6,6,2,54.53822280264681,0.9734759109876884,1.2813234978883912
샐러드는,당일주문이,5,3.5065578934399815,0.7324415543514209,0.5203560145530105,15,15,2,42.452008308019195,0.792735373473381,1.0707119332912163,6,6,2,54.53822280264681,0.9734759109876884,1.2813234978883912
샐러드는,월금,5,3.5065578934399815,0.7324415543514209,0.5203560145530105,15,15,2,42.452008308019195,0.792735373473381,1.0707119332912163,6,6,2,54.53822280264681,0.9734759109876884,1.2813234978883912
샐러드는,instafood,5,3.5065578934399815,0.7324415543514209,0.5203560145530105,15,15,2,42.452008308019195,0.792735373473381,1.0707119332912163,6,6,2,54.53822280264681,0.9734759109876884,1.2813234978883912
소금,후추,18,2.5538995208797135,0.7283209334304459,0.601844440563991,30,33,4,21.900588782688484,0.04791624292299575,0.5764761721383652,28,31,4,18.832113232838758,0.03880518050621961,0.43737402155630584
레몬즙,1T,6,3.336658857812084,0.7245462649864309,0.5219242247057428,16,17,4,15.50717299616711,0.03307699762953264,0.050486293989634716,8,18,5,6.598996960015304,0.013180063865964027,-0.3449953558076425
배달,맞춰,6,3.336658857812084,0.7245462649864309,0.5219242247057428,16,17,3,31.42403957408078,0.051222571612270555,0.524758090211325,8,8,3,36.491875718762714,0.04642507990146195,0.4828341348751472
단체,최대한,6,3.3211546713193885,0.7211795736662695,0.5171454907341166,13,15,3,32.96373504568782,0.0504093576386252,0.5073676994419188,10,10,3,34.58064977625616,0.055958499882341736,0.4756196620993622
드레싱,드레싱은,5,3.4420193725524104,0.7189609001055955,0.5032240045768325,16,19,4,20.99108716359642,0.04448818230934327,0.2281543490906897,6,8,4,30.190891588281062,0.04332090627193493,0.2632112484970768
배달,배달비,5,3.4420193725524104,0.7189609001055955,0.5032240045768325,16,17,3,31.42403957408078,0.051222571612270555,0.524758090211325,6,10,3,32.758290806219605,0.039754772393962065,0.35003602649487076
없는,첫째,5,3.4011973781821556,0.7104340980629968,0.49365724849494164,20,20,2,38.97211282461994,0.7484842751333464,1.067832733868871,5,5,2,55.365416880903034,0.9999999999999709,1.2917352263209165
없는,이용가능주,5,3.4011973781821556,0.7104340980629968,0.49365724849494164,20,20,2,38.97211282461994,0.7484842751333464,1.067832733868871,5,5,2,55.365416880903034,0.9999999999999709,1.2917352263209165
없는,34회,5,3.4011973781821556,0.7104340980629968,0.49365724849494164,20,20,2,38.97211282461994,0.7484842751333464,1.067832733868871,5,5,2,55.36541688090304,0.9999999999999709,1.2917352263209168
없는,메뉴푸디스퀘어를,5,3.4011973781821556,0.7104340980629968,0.49365724849494164,20,20,2,38.97211282461994,0.7484842751333464,1.067832733868871,5,5,2,55.365416880903034,0.9999999999999709,1.2917352263209165
없는,전문업체,5,3.4011973781821556,0.7104340980629968,0.49365724849494164,20,20,2,38.97211282461994,0.7484842751333464,1.067832733868871,5,5,2,55.365416880903034,0.9999999999999709,1.2917352263209165
없는,갱신중,5,3.4011973781821556,0.7104340980629968,0.49365724849494164,20,20,2,38.97211282461994,0.7484842751333464,1.067832733868871,5,5,2,55.365416880903034,0.9999999999999709,1.2917352263209165
없는,12000원지역화폐,5,3.4011973781821556,0.7104340980629968,0.49365724849494164,20,20,2,38.97211282461994,0.7484842751333464,1.067832733868871,5,5,3,37.56299706863465,0.03891332836071399,0.44313706506801165
없는,여주사랑카드샌드위치,5,3.4011973781821556,0.7104340980629968,0.49365724849494164,20,20,2,38.97211282461994,0.7484842751333464,1.067832733868871,5,5,3,37.56299706863465,0.03891332836071399,0.44313706506801165
없는,다른메뉴기다림,5,3.4011973781821556,0.7104340980629968,0.49365724849494164,20,20,2,38.97211282461994,0.7484842751333464,1.067832733868871,5,5,2,55.36541688090304,0.9999999999999709,1.2917352263209168
없는,보내십시오맛스타,5,3.4011973781821556,0.7104340980629968,0.49365724849494164,20,20,2,38.97211282461994,0.7484842751333464,1.067832733868871,5,5,2,55.365416880903034,0.9999999999999709,1.2917352263209165
없는,이유매일,5,3.4011973781821556,0.7104340980629968,0.49365724849494164,20,20,2,38.97211282461994,0.7484842751333464,1.067832733868871,5,5,2,55.365416880903034,0.9999999999999709,1.2917352263209165
없는,7001700매일,5,3.4011973781821556,0.7104340980629968,0.49365724849494164,20,20,2,38.97211282461994,0.7484842751333464,1.067832733868871,5,5,2,55.36541688090304,0.9999999999999709,1.2917352263209168
없는,도시락샐러드,5,3.4011973781821556,0.7104340980629968,0.49365724849494164,20,20,2,38.97211282461994,0.7484842751333464,1.067832733868871,5,5,2,55.36541688090304,0.9999999999999709,1.2917352263209168
없는,질문이나,5,3.4011973781821556,0.7104340980629968,0.49365724849494164,20,20,2,38.97211282461994,0.7484842751333464,1.067832733868871,5,5,2,55.365416880903034,0.9999999999999709,1.2917352263209165
없는,금요일에,5,3.4011973781821556,0.7104340980629968,0.49365724849494164,20,20,2,38.97211282461994,0.7484842751333464,1.067832733868871,5,5,2,55.365416880903034,0.9999999999999709,1.2917352263209165
없는,전용,5,3.4011973781821556,0.7104340980629968,0.49365724849494164,20,20,2,38.97211282461994,0.7484842751333464,1.067832733868871,5,5,2,55.36541688090304,0.9999999999999709,1.2917352263209168
없는,선택하는,5,3.4011973781821556,0.7104340980629968,0.49365724849494164,20,20,2,38.97211282461994,0.7484842751333464,1.067832733868871,5,5,2,55.36541688090304,0.9999999999999709,1.2917352263209168
없는,아닙니다각각,5,3.4011973781821556,0.7104340980629968,0.49365724849494164,20,20,2,38.97211282461994,0.7484842751333464,1.067832733868871,5,5,2,55.36541688090304,0.9999999999999709,1.2917352263209168
없는,보온4시간뒤처리샐러드는,5,3.4011973781821556,0.7104340980629968,0.49365724849494164,20,20,2,38.97211282461994,0.7484842751333464,1.067832733868871,5,5,2,55.36541688090304,0.9999999999999709,1.2917352263209168
없는,설명서기업,5,3.4011973781821556,0.7104340980629968,0.49365724849494164,20,20,2,38.97211282461994,0.7484842751333464,1.067832733868871,5,5,2,55.365416880903034,0.9999999999999709,1.2917352263209165
없는,인스타그램에서,5,3.4011973781821556,0.7104340980629968,0.49365724849494164,20,20,2,38.97211282461994,0.7484842751333464,1.067832733868871,5,5,2,55.36541688090304,0.9999999999999709,1.2917352263209168
없는,보온도시락샐러드,5,3.4011973781821556,0.7104340980629968,0.49365724849494164,20,20,2,38.97211282461994,0.7484842751333464,1.067832733868871,5,5,2,55.36541688090304,0.9999999999999709,1.2917352263209168
없는,결제후불결제를,5,3.4011973781821556,0.7104340980629968,0.49365724849494164,20,20,2,38.97211282461994,0.7484842751333464,1.067832733868871,5,5,2,55.365416880903034,0.9999999999999709,1.2917352263209165
없는,인원부터,5,3.4011973781821556,0.7104340980629968,0.49365724849494164,20,20,2,38.97211282461994,0.7484842751333464,1.067832733868871,5,5,2,55.36541688090304,0.9999999999999709,1.2917352263209168
없는,가능합니다샐러드는,5,3.4011973781821556,0.7104340980629968,0.49365724849494164,20,20,2,38.97211282461994,0.7484842751333464,1.067832733868871,5,5,2,55.365416880903034,0.9999999999999709,1.2917352263209165
없는,진행도시락,5,3.4011973781821556,0.7104340980629968,0.49365724849494164,20,20,2,38.97211282461994,0.7484842751333464,1.067832733868871,5,5,2,55.36541688090304,0.9999999999999709,1.2917352263209168
없는,배송탁월한,5,3.4011973781821556,0.7104340980629968,0.49365724849494164,20,20,2,38.97211282461994,0.7484842751333464,1.067832733868871,5,5,2,55.36541688090304,0.9999999999999709,1.2917352263209168
없는,결제를,5,3.4011973781821556,0.7104340980629968,0.49365724849494164,20,20,2,38.97211282461994,0.7484842751333464,1.067832733868871,5,5,2,55.36541688090304,0.9999999999999709,1.2917352263209168
없는,연락주세요오늘도,5,3.4011973781821556,0.7104340980629968,0.49365724849494164,20,20,2,38.97211282461994,0.7484842751333464,1.067832733868871,5,5,2,55.365416880903034,0.9999999999999709,1.2917352263209165
없는,서비스3명,5,3.4011973781821556,0.7104340980629968,0.49365724849494164,20,20,2,38.97211282461994,0.7484842751333464,1.067832733868871,5,5,2,55.365416880903034,0.9999999999999709,1.2917352263209165
없는,빠네디까사1배달의민족,5,3.4011973781821556,0.7104340980629968,0.49365724849494164,20,20,2,38.97211282461994,0.7484842751333464,1.067832733868871,5,5,3,37.56299706863466,0.03891332836071399,0.44313706506801187
없는,기본결제방식은,5,3.4011973781821556,0.7104340980629968,0.49365724849494164,20,20,2,38.97211282461994,0.7484842751333464,1.067832733868871,5,5,2,55.365416880903034,0.9999999999999709,1.2917352263209165
없는,매월,5,3.4011973781821556,0.7104340980629968,0.49365724849494164,20,20,2,38.97211282461994,0.7484842751333464,1.067832733868871,5,5,2,55.36541688090304,0.9999999999999709,1.2917352263209168
없는,세트가,5,3.4011973781821556,0.7104340980629968,0.49365724849494164,20,20,2,38.97211282461994,0.7484842751333464,1.067832733868871,5,5,2,55.365416880903034,0.9999999999999709,1.2917352263209165
없는,이상의,5,3.4011973781821556,0.7104340980629968,0.49365724849494164,20,20,2,38.97211282461994,0.7484842751333464,1.067832733868871,5,5,2,55.365416880903034,0.9999999999999709,1.2917352263209165
없는,기본으로하며,5,3.4011973781821556,0.7104340980629968,0.49365724849494164,20,20,2,38.97211282461994,0.7484842751333464,1.067832733868871,5,5,2,55.365416880903034,0.9999999999999709,1.2917352263209165
없는,지원되지않습니다사용,5,3.4011973781821556,0.7104340980629968,0.49365724849494164,20,20,2,38.97211282461994,0.7484842751333464,1.067832733868871,5,5,2,55.365416880903034,0.9999999999999709,1.2917352263209165
후추,2T,8,3.0647251435087997,0.7098398566410467,0.5254158125349635,28,31,4,18.832113232838758,0.03880518050621961,0.43737402155630584,8,8,5,8.008058486689707,0.018115372756656017,-0.36448506025437777
없는,최소주문,6,3.2470466993634686,0.7050872320231716,0.4986211976172199,20,20,2,38.97211282461994,0.7484842751333464,1.067832733868871,7,10,3,37.63304254644783,0.040076495528868224,0.5101441067326556
없는,예산에,6,3.2470466993634686,0.7050872320231716,0.4986211976172199,20,20,2,38.97211282461994,0.7484842751333464,1.067832733868871,7,7,3,37.90978302609143,0.04125091890534058,0.4999002588077334
단체,치아바타,6,3.2258444917668117,0.700483231141374,0.49164843695263993,13,15,3,32.96373504568782,0.0504093576386252,0.5073676994419188,11,11,3,33.96134326502567,0.05313979900530374,0.4793385113491322
샐러드는,lunch,5,3.352407214184152,0.7002429235146991,0.47967671702444703,15,15,2,42.452008308019195,0.792735373473381,1.0707119332912163,7,7,2,52.79796218073351,0.9438425544539605,1.243005857694452
오후,당일,6,3.1780538280479456,0.6901056203713498,0.47947892910884565,15,15,9,7.045809458773078,0.023071403969171032,-0.23090361168020349,10,12,5,9.644889701375217,0.013627091281291841,-0.25956804744798545
샐러드맛집,많이달지않은마카롱,11,2.759343494683062,0.6900024433029324,0.525551227355041,38,38,7,10.563477738100538,0.013493583874070878,0.39570938181639487,11,11,7,14.900415344117702,0.001240890171512381,-0.09881838939725157
샐러드맛집,핸드메이드,11,2.759343494683062,0.6900024433029324,0.525551227355041,38,38,7,10.563477738100538,0.013493583874070878,0.39570938181639487,11,11,7,14.900415344117702,0.001240890171512381,-0.09881838939725157
샐러드맛집,곡성,11,2.759343494683062,0.6900024433029324,0.525551227355041,38,38,7,10.563477738100538,0.013493583874070878,0.39570938181639487,11,11,7,14.900415344117702,0.001240890171512381,-0.09881838939725157
샐러드맛집,마카롱,11,2.759343494683062,0.6900024433029324,0.525551227355041,38,38,7,10.563477738100538,0.013493583874070878,0.39570938181639487,11,11,7,14.900415344117702,0.001240890171512381,-0.09881838939725157
샐러드맛집,곡성뚝방마켓,11,2.759343494683062,0.6900024433029324,0.525551227355041,38,38,7,10.563477738100538,0.013493583874070878,0.39570938181639487,11,11,7,14.900415344117702,0.001240890171512381,-0.09881838939725157
샐러드맛집,마카롱맛집,11,2.759343494683062,0.6900024433029324,0.525551227355041,38,38,7,10.563477738100538,0.013493583874070878,0.39570938181639487,11,11,7,14.900415344117702,0.001240890171512381,-0.09881838939725157
레몬즙,108호샐러드,5,3.2878686932608665,0.6867622692614137,0.4637184839312094,16,17,4,15.50717299616711,0.03307699762953264,0.050486293989634716,7,7,5,5.607860975632327,0.01082502164456312,-0.4604299501482286
샐러드를,드레싱을,7,3.054572771844457,0.6862636229015228,0.48661649864241435,22,28,4,19.8970533024363,0.038433020459670196,0.350029885993698,9,10,4,28.69552552218716,0.04620823694503092,0.28260681828226974
오일,올리브,6,3.138833114986972,0.6815889507418191,0.4693460097246489,13,16,4,25.15338783582775,0.0486583983986735,0.28332328828041464,12,18,4,24.86946101018287,0.0464099911982116,0.27010595291291417
오일,드레싱을,5,3.2441936298955674,0.6776395248865035,0.4525211899238551,13,16,4,25.15338783582775,0.0486583983986735,0.28332328828041464,9,10,4,28.69552552218716,0.04620823694503092,0.28260681828226974
배달,최대한,6,3.1135153070603745,0.6760912586034958,0.463303970241375,16,17,3,31.42403957408078,0.051222571612270555,0.524758090211325,10,10,3,34.58064977625616,0.055958499882341736,0.4756196620993622
없는,맞춰,6,3.1135153070603745,0.6760912586034958,0.4641128586595714,20,20,2,38.97211282461994,0.7484842751333464,1.067832733868871,8,8,3,36.491875718762714,0.04642507990146195,0.4828341348751472
없는,행사간식,6,3.1135153070603745,0.6760912586034958,0.4641128586595714,20,20,2,38.97211282461994,0.7484842751333464,1.067832733868871,8,8,3,36.81701505440076,0.04139602573209072,0.490696251692731
샐러드맛집,쫀득한마카롱좋은재료와정성은진리다,10,2.759343494602392,0.6739402247927236,0.5006685984711778,38,38,7,10.563477738100538,0.013493583874070878,0.39570938181639487,10,10,7,14.221068346182058,0.0006157621040780625,-0.14189689788948104
샐러드는,푸드스타그램,5,3.2188758219882008,0.6723512007977629,0.446748474629964,15,15,2,42.452008308019195,0.792735373473381,1.0707119332912163,8,8,2,51.07262942220989,0.9167714470515224,1.205993728576472
샐러드는,서비스가,5,3.2188758219882008,0.6723512007977629,0.446748474629964,15,15,2,42.452008308019195,0.792735373473381,1.0707119332912163,8,13,2,51.07262942220989,0.914915118022948,1.2366664690845033
점심메뉴,DM,5,3.2188758219882008,0.6723512007977629,0.446748474629964,15,15,2,43.65702727771929,0.7977447545376691,1.1078470949952364,8,8,2,49.89991903944463,0.9100524418193162,1.1692306688271281
샐러드는,DM,5,3.2188758219882008,0.6723512007977629,0.446748474629964,15,15,2,42.452008308019195,0.792735373473381,1.0707119332912163,8,8,2,49.89991903944463,0.9100524418193162,1.1692306688271281
없는,문의사항은,5,3.2188758219882008,0.6723512007977629,0.44791400876468335,20,20,2,38.97211282461994,0.7484842751333464,1.067832733868871,6,6,2,54.53822280264681,0.9734759109876884,1.2813234978883912
없는,샐러드salad,5,3.2188758219882008,0.6723512007977629,0.44791400876468335,20,20,2,38.97211282461994,0.7484842751333464,1.067832733868871,6,6,2,54.53822280264681,0.9734759109876884,1.2813234978883912
없는,01096763990전화문의,5,3.2188758219882008,0.6723512007977629,0.44791400876468335,20,20,2,38.97211282461994,0.7484842751333464,1.067832733868871,6,6,2,54.53822280264681,0.9734759109876884,1.2813234978883912
없는,수거,5,3.2188758219882008,0.6723512007977629,0.44791400876468335,20,20,2,38.97211282461994,0.7484842751333464,1.067832733868871,6,6,2,54.53822280264681,0.9734759109876884,1.2813234978883912
없는,또먹고싶다,5,3.2188758219882008,0.6723512007977629,0.44791400876468335,20,20,2,38.97211282461994,0.7484842751333464,1.067832733868871,6,6,2,54.53822280264681,0.9734759109876884,1.2813234978883912
없는,연락처,5,3.2188758219882008,0.6723512007977629,0.44791400876468335,20,20,2,38.97211282461994,0.7484842751333464,1.067832733868871,6,6,2,53.19469175420827,0.9684193983207021,1.240098578856718
없는,instafood,5,3.2188758219882008,0.6723512007977629,0.44791400876468335,20,20,2,38.97211282461994,0.7484842751333464,1.067832733868871,6,6,2,54.53822280264681,0.9734759109876884,1.2813234978883912
없는,주문을,5,3.2188758219882008,0.6723512007977629,0.44791400876468335,20,20,2,38.97211282461994,0.7484842751333464,1.067832733868871,6,6,2,54.53822280264681,0.9734759109876884,1.2813234978883912
없는,불가합니다연락처,5,3.2188758219882008,0.6723512007977629,0.44791400876468335,20,20,2,38.97211282461994,0.7484842751333464,1.067832733868871,6,6,2,54.53822280264681,0.9734759109876884,1.2813234978883912
없는,안녕하세요배달,5,3.2188758219882008,0.6723512007977629,0.44791400876468335,20,20,2,38.97211282461994,0.7484842751333464,1.067832733868871,6,6,2,54.53822280264681,0.9734759109876884,1.2813234978883912
없는,당일주문이,5,3.2188758219882008,0.6723512007977629,0.44791400876468335,20,20,2,38.97211282461994,0.7484842751333464,1.067832733868871,6,6,2,54.53822280264681,0.9734759109876884,1.2813234978883912
없는,월금,5,3.2188758219882008,0.6723512007977629,0.44791400876468335,20,20,2,38.97211282461994,0.7484842751333464,1.067832733868871,6,6,2,54.53822280264681,0.9734759109876884,1.2813234978883912
없는,foodfoodfic,5,3.2188758219882008,0.6723512007977629,0.44791400876468335,20,20,2,38.97211282461994,0.7484842751333464,1.067832733868871,6,6,2,54.53822280264681,0.9734759109876884,1.2813234978883912
없는,푸디스퀘어,5,3.2188758219882008,0.6723512007977629,0.44791400876468335,20,20,2,38.97211282461994,0.7484842751333464,1.067832733868871,6,6,2,54.53822280264681,0.9734759109876884,1.2813234978883912
없는,무료배달,5,3.2188758219882008,0.6723512007977629,0.44791400876468335,20,20,2,38.97211282461994,0.7484842751333464,1.067832733868871,6,10,3,36.12513125616447,0.050340755062562914,0.4526389612379844
없는,맛집오늘뭐먹지,5,3.2188758219882008,0.6723512007977629,0.44791400876468335,20,20,2,38.97211282461994,0.7484842751333464,1.067832733868871,6,6,2,54.53822280264681,0.9734759109876884,1.2813234978883912
샐러드맛집,광주,11,2.6723321177652024,0.6682443465729813,0.5005090848586605,38,38,7,10.563477738100538,0.013493583874070878,0.39570938181639487,12,12,7,14.622526690227046,0.004550657682078164,-0.08298556579188668
샐러드맛집,순천,11,2.6723321177652024,0.6682443465729813,0.5005090848586605,38,38,7,10.563477738100538,0.013493583874070878,0.39570938181639487,12,12,7,14.547397036585105,0.0018992785893863374,-0.0860918298890856
소금,약간,9,2.7950615770675973,0.6655375854446796,0.48167700537624264,30,33,4,21.900588782688484,0.04791624292299575,0.5764761721383652,11,13,4,27.419287674915815,0.051670327999447575,0.2989514809239984
맛을,SAUCIT의,6,3.0528906853762927,0.6629267892707755,0.4485484664041478,17,19,4,12.137931222152753,0.035215741824574535,-0.018737470787820315,10,10,5,3.223466267134855,0.003041263183098858,-0.4645303536373606
레몬즙,2T,5,3.1543373010381295,0.6588705465388826,0.4317299462427689,16,17,4,15.50717299616711,0.03307699762953264,0.050486293989634716,8,8,5,8.008058486689707,0.018115372756656017,-0.36448506025437777
점심,lunch,7,2.9311937508949915,0.6585443507704822,0.4577420940011671,32,32,2,34.727128584326,0.6333880206022886,1.1787004018449632,7,7,2,52.79796218073351,0.9438425544539605,1.243005857694452
후추,1T,7,2.9311937508949915,0.6585443507704822,0.4565238790732113,28,31,4,18.832113232838758,0.03880518050621961,0.43737402155630584,8,18,5,6.598996960015304,0.013180063865964027,-0.3449953558076425
샐러드맛집,곡성마카롱,9,2.7593434945037956,0.6570326828617582,0.47457392620610545,38,38,7,10.563477738100538,0.013493583874070878,0.39570938181639487,9,9,7,13.968707008704735,0.0010507438463600715,-0.1720587146610657
배달,치아바타,6,3.018205127460595,0.6553949160683504,0.4400614760661579,16,17,3,31.42403957408078,0.051222571612270555,0.524758090211325,11,11,3,33.96134326502567,0.05313979900530374,0.4793385113491322
샐러드맛집,남원,10,2.6640333148841915,0.6506617297195416,0.4745433437553929,38,38,7,10.563477738100538,0.013493583874070878,0.39570938181639487,11,11,7,14.318163816786624,0.0019638442791239047,-0.11569868065699734
샐러드맛집,샌드위치맛집,13,2.4910795083839594,0.6500762829792308,0.4917340043793995,38,38,7,10.563477738100538,0.013493583874070878,0.39570938181639487,17,17,7,13.364276504150524,0.017774469938701843,-0.0010872974563186644
점심메뉴,인스타그램,5,3.1010927866651508,0.6477489577748731,0.41935909712630987,15,15,2,43.65702727771929,0.7977447545376691,1.1078470949952364,9,9,2,48.43764752230243,0.8850358256214551,1.1406502677546002
샐러드는,인스타그램,5,3.1010927866651508,0.6477489577748731,0.41935909712630987,15,15,2,42.452008308019195,0.792735373473381,1.0707119332912163,9,9,2,48.43764752230243,0.8850358256214551,1.1406502677546002
맛을,7가지,5,3.093712679387136,0.6462074183478178,0.4180309419451678,17,19,4,12.137931222152753,0.035215741824574535,-0.018737470787820315,8,8,5,2.434519280420532,0.0016603038006473261,-0.533974574789509
없는,lunch,5,3.0647251425895137,0.6401525699312012,0.412155093984176,20,20,2,38.97211282461994,0.7484842751333464,1.067832733868871,7,7,2,52.79796218073351,0.9438425544539605,1.243005857694452
점심,맛집오늘뭐먹지,6,2.9311937506414196,0.6365006356602539,0.42342995795400357,32,32,2,34.727128584326,0.6333880206022886,1.1787004018449632,6,6,2,54.53822280264681,0.9734759109876884,1.2813234978883912
점심,월금,6,2.9311937506414196,0.6365006356602539,0.42342995795400357,32,32,2,34.727128584326,0.6333880206022886,1.1787004018449632,6,6,2,54.53822280264681,0.9734759109876884,1.2813234978883912
점심,instafood,6,2.9311937506414196,0.6365006356602539,0.42342995795400357,32,32,2,34.727128584326,0.6333880206022886,1.1787004018449632,6,6,2,54.53822280264681,0.9734759109876884,1.2813234978883912
점심,수거,6,2.9311937506414196,0.6365006356602539,0.42342995795400357,32,32,2,34.727128584326,0.6333880206022886,1.1787004018449632,6,6,2,54.53822280264681,0.9734759109876884,1.2813234978883912
점심,주문을,6,2.9311937506414196,0.6365006356602539,0.42342995795400357,32,32,2,34.727128584326,0.6333880206022886,1.1787004018449632,6,6,2,54.53822280264681,0.9734759109876884,1.2813234978883912
점심,샐러드salad,6,2.9311937506414196,0.6365006356602539,0.42342995795400357,32,32,2,34.727128584326,0.6333880206022886,1.1787004018449632,6,6,2,54.53822280264681,0.9734759109876884,1.2813234978883912
점심,01096763990전화문의,6,2.9311937506414196,0.6365006356602539,0.42342995795400357,32,32,2,34.727128584326,0.6333880206022886,1.1787004018449632,6,6,2,54.53822280264681,0.9734759109876884,1.2813234978883912
점심,또먹고싶다,6,2.9311937506414196,0.6365006356602539,0.42342995795400357,32,32,2,34.727128584326,0.6333880206022886,1.1787004018449632,6,6,2,54.53822280264681,0.9734759109876884,1.2813234978883912
점심,문의사항은,6,2.9311937506414196,0.6365006356602539,0.42342995795400357,32,32,2,34.727128584326,0.6333880206022886,1.1787004018449632,6,6,2,54.53822280264681,0.9734759109876884,1.2813234978883912
점심,푸디스퀘어,6,2.9311937506414196,0.6365006356602539,0.42342995795400357,32,32,2,34.727128584326,0.6333880206022886,1.1787004018449632,6,6,2,54.53822280264681,0.9734759109876884,1.2813234978883912
점심,당일주문이,6,2.9311937506414196,0.6365006356602539,0.42342995795400357,32,32,2,34.727128584326,0.6333880206022886,1.1787004018449632,6,6,2,54.53822280264681,0.9734759109876884,1.2813234978883912
점심,foodfoodfic,6,2.9311937506414196,0.6365006356602539,0.42342995795400357,32,32,2,34.727128584326,0.6333880206022886,1.1787004018449632,6,6,2,54.53822280264681,0.9734759109876884,1.2813234978883912
점심,불가합니다연락처,6,2.9311937506414196,0.6365006356602539,0.42342995795400357,32,32,2,34.727128584326,0.6333880206022886,1.1787004018449632,6,6,2,54.53822280264681,0.9734759109876884,1.2813234978883912
점심,안녕하세요배달,6,2.9311937506414196,0.6365006356602539,0.42342995795400357,32,32,2,34.727128584326,0.6333880206022886,1.1787004018449632,6,6,2,54.53822280264681,0.9734759109876884,1.2813234978883912
섞어,약간,5,3.0435229349928568,0.6357239027425519,0.40631749620297725,13,15,4,23.391742846322842,0.04953930768809951,0.22554883031619538,11,13,4,27.419287674915815,0.051670327999447575,0.2989514809239984
오일,약간,5,3.0435229349928568,0.6357239027425519,0.40631749620297725,13,16,4,25.15338783582775,0.0486583983986735,0.28332328828041464,11,13,4,27.419287674915815,0.051670327999447575,0.2989514809239984
후추,108호샐러드,6,2.9105744634769493,0.6320232143420027,0.4174804612820604,28,31,4,18.832113232838758,0.03880518050621961,0.43737402155630584,7,7,5,5.607860975632327,0.01082502164456312,-0.4604299501482286
닭가슴살,운동하는여자,5,3.0159349785425307,0.6299613953726727,0.40158406890157927,21,37,1,16.785590261536296,0.029547886089994372,0.2952274310316822,7,7,1,20.981392365217644,0.0184034376957238,-0.005711787752384373
없는,음료,6,2.890371756196165,0.6276362521961317,0.4109830554752651,20,20,2,38.97211282461994,0.7484842751333464,1.067832733868871,10,10,3,34.84349500679431,0.041626958029498215,0.47850385179365584
없는,최대한,6,2.890371756196165,0.6276362521961317,0.4109830554752651,20,20,2,38.97211282461994,0.7484842751333464,1.067832733868871,10,10,3,34.58064977625616,0.055958499882341736,0.4756196620993622
소금,1작은술,5,2.995732271273991,0.6257415014585985,0.3995796110241593,30,33,4,21.900588782688484,0.04791624292299575,0.5764761721383652,5,5,4,31.417413196812525,0.04755640406788596,0.26531029602773426
1층,치아바타,5,2.9694149630189552,0.6202444040911987,0.3903624903242255,14,15,3,18.016322679873177,0.0342997531894195,0.07892383957470803,11,11,3,33.96134326502567,0.05313979900530374,0.4793385113491322
점심,보온4시간뒤처리샐러드는,5,2.9311937502864196,0.6122608471918853,0.3862119416402685,32,32,2,34.727128584326,0.6333880206022886,1.1787004018449632,5,5,2,55.36541688090304,0.9999999999999709,1.2917352263209168
점심,아닙니다각각,5,2.9311937502864196,0.6122608471918853,0.3862119416402685,32,32,2,34.727128584326,0.6333880206022886,1.1787004018449632,5,5,2,55.36541688090304,0.9999999999999709,1.2917352263209168
점심,기본으로하며,5,2.9311937502864196,0.6122608471918853,0.3862119416402685,32,32,2,34.727128584326,0.6333880206022886,1.1787004018449632,5,5,2,55.365416880903034,0.9999999999999709,1.2917352263209165
점심,메뉴푸디스퀘어를,5,2.9311937502864196,0.6122608471918853,0.3862119416402685,32,32,2,34.727128584326,0.6333880206022886,1.1787004018449632,5,5,2,55.365416880903034,0.9999999999999709,1.2917352263209165
점심,이용가능주,5,2.9311937502864196,0.6122608471918853,0.3862119416402685,32,32,2,34.727128584326,0.6333880206022886,1.1787004018449632,5,5,2,55.365416880903034,0.9999999999999709,1.2917352263209165
점심,34회,5,2.9311937502864196,0.6122608471918853,0.3862119416402685,32,32,2,34.727128584326,0.6333880206022886,1.1787004018449632,5,5,2,55.36541688090304,0.9999999999999709,1.2917352263209168
점심,인원부터,5,2.9311937502864196,0.6122608471918853,0.3862119416402685,32,32,2,34.727128584326,0.6333880206022886,1.1787004018449632,5,5,2,55.36541688090304,0.9999999999999709,1.2917352263209168
점심,매월,5,2.9311937502864196,0.6122608471918853,0.3862119416402685,32,32,2,34.727128584326,0.6333880206022886,1.1787004018449632,5,5,2,55.36541688090304,0.9999999999999709,1.2917352263209168
점심,보온도시락샐러드,5,2.9311937502864196,0.6122608471918853,0.3862119416402685,32,32,2,34.727128584326,0.6333880206022886,1.1787004018449632,5,5,2,55.36541688090304,0.9999999999999709,1.2917352263209168
점심,결제후불결제를,5,2.9311937502864196,0.6122608471918853,0.3862119416402685,32,32,2,34.727128584326,0.6333880206022886,1.1787004018449632,5,5,2,55.365416880903034,0.9999999999999709,1.2917352263209165
점심,세트가,5,2.9311937502864196,0.6122608471918853,0.3862119416402685,32,32,2,34.727128584326,0.6333880206022886,1.1787004018449632,5,5,2,55.365416880903034,0.9999999999999709,1.2917352263209165
점심,이상의,5,2.9311937502864196,0.6122608471918853,0.3862119416402685,32,32,2,34.727128584326,0.6333880206022886,1.1787004018449632,5,5,2,55.365416880903034,0.9999999999999709,1.2917352263209165
점심,연락주세요오늘도,5,2.9311937502864196,0.6122608471918853,0.3862119416402685,32,32,2,34.727128584326,0.6333880206022886,1.1787004018449632,5,5,2,55.365416880903034,0.9999999999999709,1.2917352263209165
점심,도시락샐러드,5,2.9311937502864196,0.6122608471918853,0.3862119416402685,32,32,2,34.727128584326,0.6333880206022886,1.1787004018449632,5,5,2,55.36541688090304,0.9999999999999709,1.2917352263209168
점심,다른메뉴기다림,5,2.9311937502864196,0.6122608471918853,0.3862119416402685,32,32,2,34.727128584326,0.6333880206022886,1.1787004018449632,5,5,2,55.36541688090304,0.9999999999999709,1.2917352263209168
점심,7001700매일,5,2.9311937502864196,0.6122608471918853,0.3862119416402685,32,32,2,34.727128584326,0.6333880206022886,1.1787004018449632,5,5,2,55.36541688090304,0.9999999999999709,1.2917352263209168
점심,서비스3명,5,2.9311937502864196,0.6122608471918853,0.3862119416402685,32,32,2,34.727128584326,0.6333880206022886,1.1787004018449632,5,5,2,55.365416880903034,0.9999999999999709,1.2917352263209165
점심,가능합니다샐러드는,5,2.9311937502864196,0.6122608471918853,0.3862119416402685,32,32,2,34.727128584326,0.6333880206022886,1.1787004018449632,5,5,2,55.365416880903034,0.9999999999999709,1.2917352263209165
점심,금요일에,5,2.9311937502864196,0.6122608471918853,0.3862119416402685,32,32,2,34.727128584326,0.6333880206022886,1.1787004018449632,5,5,2,55.365416880903034,0.9999999999999709,1.2917352263209165
점심,질문이나,5,2.9311937502864196,0.6122608471918853,0.3862119416402685,32,32,2,34.727128584326,0.6333880206022886,1.1787004018449632,5,5,2,55.365416880903034,0.9999999999999709,1.2917352263209165
점심,전용,5,2.9311937502864196,0.6122608471918853,0.3862119416402685,32,32,2,34.727128584326,0.6333880206022886,1.1787004018449632,5,5,2,55.36541688090304,0.9999999999999709,1.2917352263209168
점심,보내십시오맛스타,5,2.9311937502864196,0.6122608471918853,0.3862119416402685,32,32,2,34.727128584326,0.6333880206022886,1.1787004018449632,5,5,2,55.365416880903034,0.9999999999999709,1.2917352263209165
점심,설명서기업,5,2.9311937502864196,0.6122608471918853,0.3862119416402685,32,32,2,34.727128584326,0.6333880206022886,1.1787004018449632,5,5,2,55.365416880903034,0.9999999999999709,1.2917352263209165
점심,이유매일,5,2.9311937502864196,0.6122608471918853,0.3862119416402685,32,32,2,34.727128584326,0.6333880206022886,1.1787004018449632,5,5,2,55.365416880903034,0.9999999999999709,1.2917352263209165
점심,전문업체,5,2.9311937502864196,0.6122608471918853,0.3862119416402685,32,32,2,34.727128584326,0.6333880206022886,1.1787004018449632,5,5,2,55.365416880903034,0.9999999999999709,1.2917352263209165
점심,선택하는,5,2.9311937502864196,0.6122608471918853,0.3862119416402685,32,32,2,34.727128584326,0.6333880206022886,1.1787004018449632,5,5,2,55.36541688090304,0.9999999999999709,1.2917352263209168
점심,배송탁월한,5,2.9311937502864196,0.6122608471918853,0.3862119416402685,32,32,2,34.727128584326,0.6333880206022886,1.1787004018449632,5,5,2,55.36541688090304,0.9999999999999709,1.2917352263209168
점심,결제를,5,2.9311937502864196,0.6122608471918853,0.3862119416402685,32,32,2,34.727128584326,0.6333880206022886,1.1787004018449632,5,5,2,55.36541688090304,0.9999999999999709,1.2917352263209168
점심,진행도시락,5,2.9311937502864196,0.6122608471918853,0.3862119416402685,32,32,2,34.727128584326,0.6333880206022886,1.1787004018449632,5,5,2,55.36541688090304,0.9999999999999709,1.2917352263209168
없는,DM,5,2.9311937502864196,0.6122608471918853,0.38316294145150664,20,20,2,38.97211282461994,0.7484842751333464,1.067832733868871,8,8,2,49.89991903944463,0.9100524418193162,1.1692306688271281
없는,서비스가,5,2.9311937502864196,0.6122608471918853,0.38316294145150664,20,20,2,38.97211282461994,0.7484842751333464,1.067832733868871,8,13,2,51.07262942220989,0.914915118022948,1.2366664690845033
없는,푸드스타그램,5,2.9311937502864196,0.6122608471918853,0.38316294145150664,20,20,2,38.97211282461994,0.7484842751333464,1.067832733868871,8,8,2,51.07262942220989,0.9167714470515224,1.205993728576472
점심,인스타그램에서,5,2.9311937502864196,0.6122608471918853,0.3862119416402685,32,32,2,34.727128584326,0.6333880206022886,1.1787004018449632,5,5,2,55.36541688090304,0.9999999999999709,1.2917352263209168
점심,지원되지않습니다사용,5,2.9311937502864196,0.6122608471918853,0.3862119416402685,32,32,2,34.727128584326,0.6333880206022886,1.1787004018449632,5,5,2,55.365416880903034,0.9999999999999709,1.2917352263209165
점심,기본결제방식은,5,2.9311937502864196,0.6122608471918853,0.3862119416402685,32,32,2,34.727128584326,0.6333880206022886,1.1787004018449632,5,5,2,55.365416880903034,0.9999999999999709,1.2917352263209165
점심,첫째,5,2.9311937502864196,0.6122608471918853,0.3862119416402685,32,32,2,34.727128584326,0.6333880206022886,1.1787004018449632,5,5,2,55.365416880903034,0.9999999999999709,1.2917352263209165
점심,갱신중,5,2.9311937502864196,0.6122608471918853,0.3862119416402685,32,32,2,34.727128584326,0.6333880206022886,1.1787004018449632,5,5,2,55.365416880903034,0.9999999999999709,1.2917352263209165
없는,치아바타,6,2.7950615765554763,0.606939909652103,0.3898824762207317,20,20,2,38.97211282461994,0.7484842751333464,1.067832733868871,11,11,3,33.96134326502567,0.05313979900530374,0.4793385113491322
후추,두르고,6,2.777043071082019,0.603027240902385,0.3876319456114591,28,31,4,18.832113232838758,0.03880518050621961,0.43737402155630584,8,8,0,14.755838104657784,0.048658599590611654,-0.15569549529378074
사과,오이,6,2.772588720739781,0.6020599910153152,0.3846153846153845,15,26,6,7.117338187947273,0.04578296035973871,-0.152258532908836,15,17,4,10.746953524783123,0.03433251294182448,-0.10571987729063137
소금,올리브유,8,2.5902671645208266,0.5999477234099948,0.4042086739624183,30,33,4,21.900588782688484,0.04791624292299575,0.5764761721383652,12,16,0,12.90608641267513,0.0472285143824348,-0.09399573788792942
10월,23일,6,2.759343494010813,0.5991838265752786,0.38650824450822985,38,40,5,13.215279428563438,0.015651484618648466,0.48695221447958753,6,7,7,5.65453652514459,0.010953200591589201,-0.4756403587554152
10월,용산역맛집,6,2.759343494010813,0.5991838265752786,0.38650824450822985,38,40,5,13.215279428563438,0.015651484618648466,0.48695221447958753,6,6,5,7.662121982687268,0.0,-0.426558766431274
샐러드맛집,촌스마마화수목금낮12시오픈입니다촌스마마,6,2.759343494010813,0.5991838265752786,0.38650824450822985,38,38,7,10.563477738100538,0.013493583874070878,0.39570938181639487,6,6,7,12.900490793010688,0.0005860883659973193,-0.2722933820370266
10월,용산샐러드,6,2.759343494010813,0.5991838265752786,0.38650824450822985,38,40,5,13.215279428563438,0.015651484618648466,0.48695221447958753,6,6,5,7.662121982687268,0.0,-0.426558766431274
10월,건강샐러드,6,2.759343494010813,0.5991838265752786,0.38650824450822985,38,40,5,13.215279428563438,0.015651484618648466,0.48695221447958753,6,6,5,7.662121982687268,0.0,-0.426558766431274
10월,용산샐러드맛집,6,2.759343494010813,0.5991838265752786,0.38650824450822985,38,40,5,13.215279428563438,0.015651484618648466,0.48695221447958753,6,6,5,7.662121982687268,0.0,-0.426558766431274
10월,22일,6,2.759343494010813,0.5991838265752786,0.38650824450822985,38,40,5,13.215279428563438,0.015651484618648466,0.48695221447958753,6,7,5,7.208316566452387,0.0011621444399358308,-0.43325267561606773
10월,재고연어,6,2.759343494010813,0.5991838265752786,0.38650824450822985,38,40,5,13.215279428563438,0.015651484618648466,0.48695221447958753,6,6,5,7.662121982687268,0.0,-0.426558766431274
10월,24시식당,6,2.759343494010813,0.5991838265752786,0.38650824450822985,38,40,5,13.215279428563438,0.015651484618648466,0.48695221447958753,6,6,5,7.662121982687268,0.0,-0.426558766431274
없는,샐러드는,7,2.639057328500973,0.5929107533451539,0.38655567174253413,20,20,2,38.97211282461994,0.7484842751333464,1.067832733868871,15,15,2,42.452008308019195,0.792735373473381,1.0707119332912163
소금,1T,6,2.70805019970221,0.5880456292366038,0.37336652294386535,30,33,4,21.900588782688484,0.04791624292299575,0.5764761721383652,8,18,5,6.598996960015304,0.013180063865964027,-0.3449953558076425
소금,2T,6,2.70805019970221,0.5880456292366038,0.37336652294386535,30,33,4,21.900588782688484,0.04791624292299575,0.5764761721383652,8,8,5,8.008058486689707,0.018115372756656017,-0.36448506025437777
포케,알로하포케,5,2.8134107148800367,0.5876586041515891,0.36283971814621635,36,48,8,6.494537228220827,0.02214853659243049,0.3083112791976291,5,5,8,12.719718541786232,0.010742372880519912,-0.2970622656253654
소금,노릇하게,5,2.8134107148800367,0.5876586041515891,0.36122866446339447,30,33,4,21.900588782688484,0.04791624292299575,0.5764761721383652,6,6,0,15.824323789449831,0.030880816941812293,-0.17605505759333873
포케,포케맛집,5,2.8134107148800367,0.5876586041515891,0.36283971814621635,36,48,8,6.494537228220827,0.02214853659243049,0.3083112791976291,5,5,8,12.834370937529446,0.01611264552308697,-0.2918741516339025
없는,인스타그램,5,2.8134107148800367,0.5876586041515891,0.3590088202025885,20,20,2,38.97211282461994,0.7484842751333464,1.067832733868871,9,9,2,48.43764752230243,0.8850358256214551,1.1406502677546002
샐러드에,오일,5,2.802360878715429,0.5853505403974231,0.35615368003698805,14,15,4,14.960630574767814,0.03759302853489815,-0.009834339381519643,13,16,4,25.15338783582775,0.0486583983986735,0.28332328828041464
다이어트식단,식단추천,5,2.7806208921215614,0.5808095431983805,0.354910023725252,31,32,1,12.905724776214672,0.024087431959247008,0.3142339807708319,6,6,1,7.720997476543182,0.009776832831664854,-0.4215209780839589
소금,레몬즙,9,2.4203681279670954,0.5763185945493473,0.3892249151930868,30,33,4,21.900588782688484,0.04791624292299575,0.5764761721383652,16,17,4,15.50717299616711,0.03307699762953264,0.050486293989634716
점심,연락처,5,2.748872193867465,0.574177949879654,0.34888243014520015,32,32,2,34.727128584326,0.6333880206022886,1.1787004018449632,6,6,2,53.19469175420827,0.9684193983207021,1.240098578856718
점심,서비스가,6,2.6435116786583888,0.5740312674565352,0.3604219772890945,32,32,2,34.727128584326,0.6333880206022886,1.1787004018449632,8,13,2,51.07262942220989,0.914915118022948,1.2366664690845033
점심,DM,6,2.6435116786583888,0.5740312674565352,0.3604219772890945,32,32,2,34.727128584326,0.6333880206022886,1.1787004018449632,8,8,2,49.89991903944463,0.9100524418193162,1.1692306688271281
점심,푸드스타그램,6,2.6435116786583888,0.5740312674565352,0.3604219772890945,32,32,2,34.727128584326,0.6333880206022886,1.1787004018449632,8,8,2,51.07262942220989,0.9167714470515224,1.205993728576472
무화과,루꼴라,5,2.733368007360346,0.5709394719165571,0.34278244819925846,15,25,4,13.90933384706315,0.035652945500172194,0.03781711310466361,13,19,4,24.115421942503957,0.04005495434926424,0.2686662781746644
없는,단체,6,2.6280074921440586,0.5706645761316759,0.35499868589375727,20,20,2,38.97211282461994,0.7484842751333464,1.067832733868871,13,15,3,32.96373504568782,0.0504093576386252,0.5073676994419188
올리브오일,레몬즙,9,2.3875783051682986,0.568510945633231,0.381985666158945,31,43,5,15.491056192032326,0.03124910086691942,0.46155481210974036,16,17,4,15.50717299616711,0.03307699762953264,0.050486293989634716
샐러드를,올리브,6,2.612740020034249,0.5673492866866529,0.35218552013705157,22,28,4,19.8970533024363,0.038433020459670196,0.350029885993698,12,18,4,24.86946101018287,0.0464099911982116,0.27010595291291417
먹어도,홈쿡,5,2.6882475721613246,0.5615148216770702,0.3343483181532431,17,19,0,11.807924642243592,0.04870257052818157,-0.02388261501811695,12,12,0,12.962353969991796,0.04845638173349846,-0.11696600346757857
좋은,이유매일,5,2.6833575868757413,0.5604934130672113,0.3384858318033789,41,52,2,30.402195252888195,0.5826094207580212,1.3091678034040202,5,5,2,55.365416880903034,0.9999999999999709,1.2917352263209165
좋은,결제후불결제를,5,2.6833575868757413,0.5604934130672113,0.3384858318033789,41,52,2,30.402195252888195,0.5826094207580212,1.3091678034040202,5,5,2,55.365416880903034,0.9999999999999709,1.2917352263209165
좋은,이상의,5,2.6833575868757413,0.5604934130672113,0.3384858318033789,41,52,2,30.402195252888195,0.5826094207580212,1.3091678034040202,5,5,2,55.365416880903034,0.9999999999999709,1.2917352263209165
좋은,7001700매일,5,2.6833575868757413,0.5604934130672113,0.3384858318033789,41,52,2,30.402195252888195,0.5826094207580212,1.3091678034040202,5,5,2,55.36541688090304,0.9999999999999709,1.2917352263209168
좋은,선택하는,5,2.6833575868757413,0.5604934130672113,0.3384858318033789,41,52,2,30.402195252888195,0.5826094207580212,1.3091678034040202,5,5,2,55.36541688090304,0.9999999999999709,1.2917352263209168
좋은,전문업체,5,2.6833575868757413,0.5604934130672113,0.3384858318033789,41,52,2,30.402195252888195,0.5826094207580212,1.3091678034040202,5,5,2,55.365416880903034,0.9999999999999709,1.2917352263209165
좋은,전용,5,2.6833575868757413,0.5604934130672113,0.3384858318033789,41,52,2,30.402195252888195,0.5826094207580212,1.3091678034040202,5,5,2,55.36541688090304,0.9999999999999709,1.2917352263209168
좋은,보내십시오맛스타,5,2.6833575868757413,0.5604934130672113,0.3384858318033789,41,52,2,30.402195252888195,0.5826094207580212,1.3091678034040202,5,5,2,55.365416880903034,0.9999999999999709,1.2917352263209165
좋은,보온도시락샐러드,5,2.6833575868757413,0.5604934130672113,0.3384858318033789,41,52,2,30.402195252888195,0.5826094207580212,1.3091678034040202,5,5,2,55.36541688090304,0.9999999999999709,1.2917352263209168
좋은,설명서기업,5,2.6833575868757413,0.5604934130672113,0.3384858318033789,41,52,2,30.402195252888195,0.5826094207580212,1.3091678034040202,5,5,2,55.365416880903034,0.9999999999999709,1.2917352263209165
좋은,결제를,5,2.6833575868757413,0.5604934130672113,0.3384858318033789,41,52,2,30.402195252888195,0.5826094207580212,1.3091678034040202,5,5,2,55.36541688090304,0.9999999999999709,1.2917352263209168
좋은,첫째,5,2.6833575868757413,0.5604934130672113,0.3384858318033789,41,52,2,30.402195252888195,0.5826094207580212,1.3091678034040202,5,5,2,55.365416880903034,0.9999999999999709,1.2917352263209165
좋은,연락주세요오늘도,5,2.6833575868757413,0.5604934130672113,0.3384858318033789,41,52,2,30.402195252888195,0.5826094207580212,1.3091678034040202,5,5,2,55.365416880903034,0.9999999999999709,1.2917352263209165
좋은,기본결제방식은,5,2.6833575868757413,0.5604934130672113,0.3384858318033789,41,52,2,30.402195252888195,0.5826094207580212,1.3091678034040202,5,5,2,55.365416880903034,0.9999999999999709,1.2917352263209165
좋은,세트가,5,2.6833575868757413,0.5604934130672113,0.3384858318033789,41,52,2,30.402195252888195,0.5826094207580212,1.3091678034040202,5,5,2,55.365416880903034,0.9999999999999709,1.2917352263209165
좋은,진행도시락,5,2.6833575868757413,0.5604934130672113,0.3384858318033789,41,52,2,30.402195252888195,0.5826094207580212,1.3091678034040202,5,5,2,55.36541688090304,0.9999999999999709,1.2917352263209168
좋은,배송탁월한,5,2.6833575868757413,0.5604934130672113,0.3384858318033789,41,52,2,30.402195252888195,0.5826094207580212,1.3091678034040202,5,5,2,55.36541688090304,0.9999999999999709,1.2917352263209168
좋은,다른메뉴기다림,5,2.6833575868757413,0.5604934130672113,0.3384858318033789,41,52,2,30.402195252888195,0.5826094207580212,1.3091678034040202,5,5,2,55.36541688090304,0.9999999999999709,1.2917352263209168
좋은,도시락샐러드,5,2.6833575868757413,0.5604934130672113,0.3384858318033789,41,52,2,30.402195252888195,0.5826094207580212,1.3091678034040202,5,5,2,55.36541688090304,0.9999999999999709,1.2917352263209168
좋은,34회,5,2.6833575868757413,0.5604934130672113,0.3384858318033789,41,52,2,30.402195252888195,0.5826094207580212,1.3091678034040202,5,5,2,55.36541688090304,0.9999999999999709,1.2917352263209168
좋은,인원부터,5,2.6833575868757413,0.5604934130672113,0.3384858318033789,41,52,2,30.402195252888195,0.5826094207580212,1.3091678034040202,5,5,2,55.36541688090304,0.9999999999999709,1.2917352263209168
좋은,이용가능주,5,2.6833575868757413,0.5604934130672113,0.3384858318033789,41,52,2,30.402195252888195,0.5826094207580212,1.3091678034040202,5,5,2,55.365416880903034,0.9999999999999709,1.2917352263209165
좋은,매월,5,2.6833575868757413,0.5604934130672113,0.3384858318033789,41,52,2,30.402195252888195,0.5826094207580212,1.3091678034040202,5,5,2,55.36541688090304,0.9999999999999709,1.2917352263209168
좋은,지원되지않습니다사용,5,2.6833575868757413,0.5604934130672113,0.3384858318033789,41,52,2,30.402195252888195,0.5826094207580212,1.3091678034040202,5,5,2,55.365416880903034,0.9999999999999709,1.2917352263209165
좋은,기본으로하며,5,2.6833575868757413,0.5604934130672113,0.3384858318033789,41,52,2,30.402195252888195,0.5826094207580212,1.3091678034040202,5,5,2,55.365416880903034,0.9999999999999709,1.2917352263209165
좋은,메뉴푸디스퀘어를,5,2.6833575868757413,0.5604934130672113,0.3384858318033789,41,52,2,30.402195252888195,0.5826094207580212,1.3091678034040202,5,5,2,55.365416880903034,0.9999999999999709,1.2917352263209165
좋은,인스타그램에서,5,2.6833575868757413,0.5604934130672113,0.3384858318033789,41,52,2,30.402195252888195,0.5826094207580212,1.3091678034040202,5,5,2,55.36541688090304,0.9999999999999709,1.2917352263209168
좋은,질문이나,5,2.6833575868757413,0.5604934130672113,0.3384858318033789,41,52,2,30.402195252888195,0.5826094207580212,1.3091678034040202,5,5,2,55.365416880903034,0.9999999999999709,1.2917352263209165
좋은,금요일에,5,2.6833575868757413,0.5604934130672113,0.3384858318033789,41,52,2,30.402195252888195,0.5826094207580212,1.3091678034040202,5,5,2,55.365416880903034,0.9999999999999709,1.2917352263209165
좋은,아닙니다각각,5,2.6833575868757413,0.5604934130672113,0.3384858318033789,41,52,2,30.402195252888195,0.5826094207580212,1.3091678034040202,5,5,2,55.36541688090304,0.9999999999999709,1.2917352263209168
좋은,갱신중,5,2.6833575868757413,0.5604934130672113,0.3384858318033789,41,52,2,30.402195252888195,0.5826094207580212,1.3091678034040202,5,5,2,55.365416880903034,0.9999999999999709,1.2917352263209165
좋은,보온4시간뒤처리샐러드는,5,2.6833575868757413,0.5604934130672113,0.3384858318033789,41,52,2,30.402195252888195,0.5826094207580212,1.3091678034040202,5,5,2,55.36541688090304,0.9999999999999709,1.2917352263209168
좋은,서비스3명,5,2.6833575868757413,0.5604934130672113,0.3384858318033789,41,52,2,30.402195252888195,0.5826094207580212,1.3091678034040202,5,5,2,55.365416880903034,0.9999999999999709,1.2917352263209165
좋은,가능합니다샐러드는,5,2.6833575868757413,0.5604934130672113,0.3384858318033789,41,52,2,30.402195252888195,0.5826094207580212,1.3091678034040202,5,5,2,55.365416880903034,0.9999999999999709,1.2917352263209165
소금,108호샐러드,5,2.6592600353384923,0.5554599732551878,0.33115382930651344,30,33,4,21.900588782688484,0.04791624292299575,0.5764761721383652,7,7,5,5.607860975632327,0.01082502164456312,-0.4604299501482286
올리브오일,프리미엄,6,2.5574773414325134,0.5553491485004289,0.3428600627785807,31,43,5,15.491056192032326,0.03124910086691942,0.46155481210974036,9,10,6,10.322556476565005,0.03189625149176668,-0.2626057364715247
치즈,발사믹,7,2.4651040215691316,0.5538290762834345,0.3500763055908954,21,27,4,16.829391019220182,0.03492477082009195,0.23573297029727483,17,24,4,18.06331910836194,0.04923121516566658,0.19157586776079663
식단,diet,7,2.4567357719070184,0.5519490014712052,0.3530796025633409,45,50,1,11.512145789015328,0.022015250904421593,0.6179996287993352,8,8,1,7.460901760976956,0.010004549462914259,-0.38332044367725976
포케,SALAD,5,2.631089158419415,0.5495757068306544,0.3272725503878164,36,48,8,6.494537228220827,0.02214853659243049,0.3083112791976291,6,6,8,12.041173082691715,0.01179627816404788,-0.29377612990141877
다이어트식단,식단공유,5,2.626470212570801,0.5486109123000541,0.32523693489938693,31,32,1,12.905724776214672,0.024087431959247008,0.3142339807708319,7,7,8,5.125144002434235,0.01027073967010433,-0.47481471838712647
다이어트식단,운동하는여자,5,2.626470212570801,0.5486109123000541,0.32523693489938693,31,32,1,12.905724776214672,0.024087431959247008,0.3142339807708319,7,7,1,20.981392365217644,0.0184034376957238,-0.005711787752384373
올리브오일,108호샐러드,5,2.626470212570801,0.5486109123000541,0.32523693489938693,31,43,5,15.491056192032326,0.03124910086691942,0.46155481210974036,7,7,5,5.607860975632327,0.01082502164456312,-0.4604299501482286
발사믹,루꼴라,5,2.6082048646235347,0.5447956894382576,0.3195501913402635,17,24,4,18.06331910836194,0.04923121516566658,0.19157586776079663,13,19,4,24.115421942503957,0.04005495434926424,0.2686662781746644
샌드위치,광주,12,2.1202635358334243,0.5419864691282598,0.3868589716493314,72,84,7,7.668240014779548,0.015309600876336388,1.1644377325085014,12,12,7,14.622526690227046,0.004550657682078164,-0.08298556579188668
배달,1층,5,2.594721514308064,0.5419793189795227,0.3170590989369287,16,17,3,31.42403957408078,0.051222571612270555,0.524758090211325,14,15,3,18.016322679873177,0.0342997531894195,0.07892383957470803
점심,구내식당,5,2.594721514308064,0.5419793189795227,0.31959055657626756,32,32,2,34.727128584326,0.6333880206022886,1.1787004018449632,7,7,5,3.609342763120761,0.015146312721658253,-0.5177476409669156
샐러드는,점심메뉴,5,2.5902671639658266,0.5410489047706492,0.31623931623931617,15,15,2,42.452008308019195,0.792735373473381,1.0707119332912163,15,15,2,43.65702727771929,0.7977447545376691,1.1078470949952364
식단,헬스,5,2.5902671639658266,0.5410489047706492,0.32193393201499126,45,50,1,11.512145789015328,0.022015250904421593,0.6179996287993352,5,5,5,3.476824302509021,0.004012429259307329,-0.5711835506354582
샌드위치,샌드위치맛집,15,1.9951003929919675,0.5408418512533968,0.40060309878365336,72,84,7,7.668240014779548,0.015309600876336388,1.1644377325085014,17,17,7,13.364276504150524,0.017774469938701843,-0.0010872974563186644
소금,섞어,7,2.376693064310405,0.5339659961198774,0.33353099087915655,30,33,4,21.900588782688484,0.04791624292299575,0.5764761721383652,13,15,4,23.391742846322842,0.04953930768809951,0.22554883031619538
점심,점심메뉴,8,2.302585092319046,0.5333159077241961,0.34206688061337903,32,32,2,34.727128584326,0.6333880206022886,1.1787004018449632,15,15,2,43.65702727771929,0.7977447545376691,1.1078470949952364
구운,오일,5,2.5510464508740838,0.5328565745902666,0.3093596759298483,18,18,4,11.184174082678624,0.03098276312358074,-0.03785370028106202,13,16,4,25.15338783582775,0.0486583983986735,0.28332328828041464
샌드위치,많이달지않은마카롱,11,2.120263535800091,0.5301938750891961,0.3700747106388689,72,84,7,7.668240014779548,0.015309600876336388,1.1644377325085014,11,11,7,14.900415344117702,0.001240890171512381,-0.09881838939725157
샌드위치,핸드메이드,11,2.120263535800091,0.5301938750891961,0.3700747106388689,72,84,7,7.668240014779548,0.015309600876336388,1.1644377325085014,11,11,7,14.900415344117702,0.001240890171512381,-0.09881838939725157
샌드위치,곡성뚝방마켓,11,2.120263535800091,0.5301938750891961,0.3700747106388689,72,84,7,7.668240014779548,0.015309600876336388,1.1644377325085014,11,11,7,14.900415344117702,0.001240890171512381,-0.09881838939725157
샌드위치,남원,11,2.120263535800091,0.5301938750891961,0.3700747106388689,72,84,7,7.668240014779548,0.015309600876336388,1.1644377325085014,11,11,7,14.318163816786624,0.0019638442791239047,-0.11569868065699734
샌드위치,곡성,11,2.120263535800091,0.5301938750891961,0.3700747106388689,72,84,7,7.668240014779548,0.015309600876336388,1.1644377325085014,11,11,7,14.900415344117702,0.001240890171512381,-0.09881838939725157
샌드위치,마카롱맛집,11,2.120263535800091,0.5301938750891961,0.3700747106388689,72,84,7,7.668240014779548,0.015309600876336388,1.1644377325085014,11,11,7,14.900415344117702,0.001240890171512381,-0.09881838939725157
샌드위치,마카롱,11,2.120263535800091,0.5301938750891961,0.3700747106388689,72,84,7,7.668240014779548,0.015309600876336388,1.1644377325085014,11,11,7,14.900415344117702,0.001240890171512381,-0.09881838939725157
맛을,소스를,5,2.534096892586167,0.5293161907736478,0.3063036064933513,17,19,4,12.137931222152753,0.035215741824574535,-0.018737470787820315,14,15,9,7.4689365459375985,0.024863967834608605,-0.2344792575829975
식단,운동하는여자,6,2.4361164845757113,0.5289959732738769,0.3226311222149857,45,50,1,11.512145789015328,0.022015250904421593,0.6179996287993352,7,7,1,20.981392365217644,0.0184034376957238,-0.005711787752384373
소금,1개,5,2.5257286429282555,0.5275682504934922,0.30669392956103225,30,33,4,21.900588782688484,0.04791624292299575,0.5764761721383652,8,8,4,21.916348993363414,0.0440984859340301,0.053362303081646224
살짝,올리브유,5,2.5257286429282555,0.5275682504934922,0.30507091271944226,20,24,0,11.33041340051246,0.04443153662464895,0.04180896165296251,12,16,0,12.90608641267513,0.0472285143824348,-0.09399573788792942
소금,두르고,5,2.5257286429282555,0.5275682504934922,0.30669392956103225,30,33,4,21.900588782688484,0.04791624292299575,0.5764761721383652,8,8,0,14.755838104657784,0.048658599590611654,-0.15569549529378074
없는,배달,6,2.420368127625429,0.5255762610125275,0.31504923849073924,20,20,2,38.97211282461994,0.7484842751333464,1.067832733868871,16,17,3,31.42403957408078,0.051222571612270555,0.524758090211325
좋은,또먹고싶다,5,2.501036030374469,0.5224105157377856,0.304717401320933,41,52,2,30.402195252888195,0.5826094207580212,1.3091678034040202,6,6,2,54.53822280264681,0.9734759109876884,1.2813234978883912
좋은,문의사항은,5,2.501036030374469,0.5224105157377856,0.304717401320933,41,52,2,30.402195252888195,0.5826094207580212,1.3091678034040202,6,6,2,54.53822280264681,0.9734759109876884,1.2813234978883912
좋은,foodfoodfic,5,2.501036030374469,0.5224105157377856,0.304717401320933,41,52,2,30.402195252888195,0.5826094207580212,1.3091678034040202,6,6,2,54.53822280264681,0.9734759109876884,1.2813234978883912
좋은,01096763990전화문의,5,2.501036030374469,0.5224105157377856,0.304717401320933,41,52,2,30.402195252888195,0.5826094207580212,1.3091678034040202,6,6,2,54.53822280264681,0.9734759109876884,1.2813234978883912
좋은,샐러드salad,5,2.501036030374469,0.5224105157377856,0.304717401320933,41,52,2,30.402195252888195,0.5826094207580212,1.3091678034040202,6,6,2,54.53822280264681,0.9734759109876884,1.2813234978883912
좋은,당일주문이,5,2.501036030374469,0.5224105157377856,0.304717401320933,41,52,2,30.402195252888195,0.5826094207580212,1.3091678034040202,6,6,2,54.53822280264681,0.9734759109876884,1.2813234978883912
좋은,instafood,5,2.501036030374469,0.5224105157377856,0.304717401320933,41,52,2,30.402195252888195,0.5826094207580212,1.3091678034040202,6,6,2,54.53822280264681,0.9734759109876884,1.2813234978883912
좋은,주문을,5,2.501036030374469,0.5224105157377856,0.304717401320933,41,52,2,30.402195252888195,0.5826094207580212,1.3091678034040202,6,6,2,54.53822280264681,0.9734759109876884,1.2813234978883912
좋은,수거,5,2.501036030374469,0.5224105157377856,0.304717401320933,41,52,2,30.402195252888195,0.5826094207580212,1.3091678034040202,6,6,2,54.53822280264681,0.9734759109876884,1.2813234978883912
좋은,월금,5,2.501036030374469,0.5224105157377856,0.304717401320933,41,52,2,30.402195252888195,0.5826094207580212,1.3091678034040202,6,6,2,54.53822280264681,0.9734759109876884,1.2813234978883912
좋은,안녕하세요배달,5,2.501036030374469,0.5224105157377856,0.304717401320933,41,52,2,30.402195252888195,0.5826094207580212,1.3091678034040202,6,6,2,54.53822280264681,0.9734759109876884,1.2813234978883912
좋은,푸디스퀘어,5,2.501036030374469,0.5224105157377856,0.304717401320933,41,52,2,30.402195252888195,0.5826094207580212,1.3091678034040202,6,6,2,54.53822280264681,0.9734759109876884,1.2813234978883912
좋은,맛집오늘뭐먹지,5,2.501036030374469,0.5224105157377856,0.304717401320933,41,52,2,30.402195252888195,0.5826094207580212,1.3091678034040202,6,6,2,54.53822280264681,0.9734759109876884,1.2813234978883912
좋은,연락처,5,2.501036030374469,0.5224105157377856,0.304717401320933,41,52,2,30.402195252888195,0.5826094207580212,1.3091678034040202,6,6,2,53.19469175420827,0.9684193983207021,1.240098578856718
좋은,불가합니다연락처,5,2.501036030374469,0.5224105157377856,0.304717401320933,41,52,2,30.402195252888195,0.5826094207580212,1.3091678034040202,6,6,2,54.53822280264681,0.9734759109876884,1.2813234978883912
매일,먹을,8,2.253794928185328,0.5220153174616318,0.3313587787264051,24,32,1,9.756534095913313,0.03282564375456407,0.10818137869692548,21,23,1,11.742189222016243,0.04392267513791933,0.06411418614759443
올리브오일,1T,5,2.4929388201536518,0.5207191895369147,0.3010964274576573,31,43,5,15.491056192032326,0.03124910086691942,0.46155481210974036,8,18,5,6.598996960015304,0.013180063865964027,-0.3449953558076425
샌드위치,쫀득한마카롱좋은재료와정성은진리다,10,2.120263535760091,0.517851759559885,0.3525532375553151,72,84,7,7.668240014779548,0.015309600876336388,1.1644377325085014,10,10,7,14.221068346182058,0.0006157621040780625,-0.14189689788948104
구운,샐러드에,5,2.476938478830252,0.5173770759243066,0.2964190818065827,18,18,4,11.184174082678624,0.03098276312358074,-0.03785370028106202,14,15,4,14.960630574767814,0.03759302853489815,-0.009834339381519643
집밥,홈쿡,6,2.3715779635095684,0.5149816114889613,0.3070392057456353,28,28,1,10.48249298717454,0.0266686365517747,0.1689164624300178,12,12,0,12.962353969991796,0.04845638173349846,-0.11696600346757857
신선한,든든한,5,2.4651040212000557,0.5149051222863007,0.2943472943711097,17,21,6,5.113094006603599,0.0617796268003119,-0.20384382831290054,15,16,5,10.941754984805314,0.029401032842352594,-0.10791826677467371
샌드위치,단체주문,11,2.03325215884834,0.50843577835077,0.3502245993340538,72,84,7,7.668240014779548,0.015309600876336388,1.1644377325085014,12,15,5,5.898685649363891,0.03116970940834342,-0.31178306660096294
샌드위치,순천,11,2.03325215884834,0.50843577835077,0.3502245993340538,72,84,7,7.668240014779548,0.015309600876336388,1.1644377325085014,12,12,7,14.547397036585105,0.0018992785893863374,-0.0860918298890856
샌드위치,곡성마카롱,9,2.120263535711202,0.5048601024182392,0.334178286104219,72,84,7,7.668240014779548,0.015309600876336388,1.1644377325085014,9,9,7,13.968707008704735,0.0010507438463600715,-0.1720587146610657
후추,레몬즙,7,2.2380465711386175,0.5028166172006092,0.3067039609568724,28,31,4,18.832113232838758,0.03880518050621961,0.43737402155630584,16,17,4,15.50717299616711,0.03307699762953264,0.050486293989634716
후추,살짝,8,2.14843441259893,0.4976121198574743,0.31107121959746675,28,31,4,18.832113232838758,0.03880518050621961,0.43737402155630584,20,24,0,11.33041340051246,0.04443153662464895,0.04180896165296251
후추,섞어,6,2.2915352559184496,0.49760055837687467,0.2927121543389607,28,31,4,18.832113232838758,0.03880518050621961,0.43737402155630584,13,15,4,23.391742846322842,0.04953930768809951,0.22554883031619538
후추,루꼴라,6,2.2915352559184496,0.49760055837687467,0.2927121543389607,28,31,4,18.832113232838758,0.03880518050621961,0.43737402155630584,13,19,4,24.115421942503957,0.04005495434926424,0.2686662781746644
다이어트식단,식단일기,5,2.3751557846585585,0.49611694647808885,0.2809160586632093,31,32,1,12.905724776214672,0.024087431959247008,0.3142339807708319,9,9,1,16.99234086653425,0.015499368204102797,-0.07824371811621549
10월,오후,8,2.1307348355108076,0.4935126118512014,0.3089988397528001,38,40,5,13.215279428563438,0.015651484618648466,0.48695221447958753,15,15,9,7.045809458773078,0.023071403969171032,-0.23090361168020349
다이어트식단,다이어터,6,2.2697952693033128,0.49287978026496987,0.2893458513882012,31,32,1,12.905724776214672,0.024087431959247008,0.3142339807708319,12,13,1,16.01761340475264,0.026143928490417134,-0.028392075641114324
일상,먹스타그램,5,2.3538783862384385,0.49167257360731936,0.27585534587460614,19,19,1,8.052047951785282,0.030503154690975226,-0.10724912070799669,15,15,1,12.017278329297163,0.027625751183656073,-0.08314617228177525
샐러드를,오일,5,2.350375755691653,0.4909409523878877,0.27551411729130193,22,28,4,19.8970533024363,0.038433020459670196,0.350029885993698,13,16,4,25.15338783582775,0.0486583983986735,0.28332328828041464
좋은,오일을,5,2.34688535075627,0.4902118848253728,0.27814777791401557,41,52,2,30.402195252888195,0.5826094207580212,1.3091678034040202,7,7,4,23.447416335351015,0.04367775142513222,0.07536405287185627
좋은,lunch,5,2.34688535075627,0.4902118848253728,0.27814777791401557,41,52,2,30.402195252888195,0.5826094207580212,1.3091678034040202,7,7,2,52.79796218073351,0.9438425544539605,1.243005857694452
점심,인스타그램,5,2.3434070863843006,0.48948535315515096,0.275819859570319,32,32,2,34.727128584326,0.6333880206022886,1.1787004018449632,9,9,2,48.43764752230243,0.8850358256214551,1.1406502677546002
먹어도,올리고,5,2.33994087841214,0.48876133979732667,0.2735344566643123,17,19,0,11.807924642243592,0.04870257052818157,-0.02388261501811695,17,17,4,20.331064582106688,0.060381584298054944,0.21822317530110533
10월,당일,6,2.2485178708764013,0.4882594519018373,0.2868599443197852,38,40,5,13.215279428563438,0.015651484618648466,0.48695221447958753,10,12,5,9.644889701375217,0.013627091281291841,-0.25956804744798545
후추,치즈,8,2.0996442484601103,0.4863115295937283,0.30182999964934115,28,31,4,18.832113232838758,0.03880518050621961,0.43737402155630584,21,27,4,16.829391019220182,0.03492477082009195,0.23573297029727483
닭가슴살,있어요,5,2.322787799207075,0.48517844501085405,0.27093557729713696,21,37,1,16.785590261536296,0.029547886089994372,0.2952274310316822,14,15,1,12.271883394160472,0.035541155909246884,-0.08960773708375036
소금,살짝,8,2.079441541154836,0.48163225618883226,0.29821002598961344,30,33,4,21.900588782688484,0.04791624292299575,0.5764761721383652,20,24,0,11.33041340051246,0.04443153662464895,0.04180896165296251
없는,점심메뉴,5,2.302585091914046,0.4809585510916646,0.26761546505252365,20,20,2,38.97211282461994,0.7484842751333464,1.067832733868871,15,15,2,43.65702727771929,0.7977447545376691,1.1078470949952364
후추,약간,5,2.276267783627841,0.4754614537177543,0.2642676699296478,28,31,4,18.832113232838758,0.03880518050621961,0.43737402155630584,11,13,4,27.419287674915815,0.051670327999447575,0.2989514809239984
소금,올리고,7,2.1084290779329202,0.4736957622978651,0.28344550417785347,30,33,4,21.900588782688484,0.04791624292299575,0.5764761721383652,17,17,4,20.331064582106688,0.060381584298054944,0.21822317530110533
올리브오일,후추,10,1.9333230331950952,0.4721935352148685,0.3053322215032303,31,43,5,15.491056192032326,0.03124910086691942,0.46155481210974036,28,31,4,18.832113232838758,0.03880518050621961,0.43737402155630584
토마토,아보카도,6,2.1580038634175533,0.4686045849142467,0.2696274000863991,26,29,0,10.235911841849443,0.04783631076032375,0.14182937454119954,16,18,0,11.417654744572983,0.039194180827522844,-0.061463002207216205
건강한,건강하게,5,2.2411764638568754,0.46813166148892144,0.25883665036878445,29,33,5,21.17132775504752,0.03219922521259161,0.5330861738441188,11,13,6,5.248512725347699,0.034877179203922845,-0.35879849159835714
살짝,드레싱,5,2.2380465708514747,0.4674778968092856,0.25741828023023816,20,24,0,11.33041340051246,0.04443153662464895,0.04180896165296251,16,19,4,20.99108716359642,0.04448818230934327,0.2281543490906897
좋은,DM,5,2.213353958288542,0.46232016205166854,0.25646775762098567,41,52,2,30.402195252888195,0.5826094207580212,1.3091678034040202,8,8,2,49.89991903944463,0.9100524418193162,1.1692306688271281
좋은,서비스가,5,2.213353958288542,0.46232016205166854,0.25646775762098567,41,52,2,30.402195252888195,0.5826094207580212,1.3091678034040202,8,13,2,51.07262942220989,0.914915118022948,1.2366664690845033
좋은,푸드스타그램,5,2.213353958288542,0.46232016205166854,0.25646775762098567,41,52,2,30.402195252888195,0.5826094207580212,1.3091678034040202,8,8,2,51.07262942220989,0.9167714470515224,1.205993728576472
소금,토마토,9,1.9348603124738564,0.46071337787398076,0.2892020054231167,30,33,4,21.900588782688484,0.04791624292299575,0.5764761721383652,26,29,0,10.235911841849443,0.04783631076032375,0.14182937454119954
포케,단체주문,6,2.120263535466758,0.46040937682694405,0.26467631804947733,36,48,8,6.494537228220827,0.02214853659243049,0.3083112791976291,12,15,5,5.898685649363891,0.03116970940834342,-0.31178306660096294
샌드위치,촌스마마화수목금낮12시오픈입니다촌스마마,6,2.120263535466758,0.46040937682694405,0.2721655269759086,72,84,7,7.668240014779548,0.015309600876336388,1.1644377325085014,6,6,7,12.900490793010688,0.0005860883659973193,-0.2722933820370266
다이어트식단,식단관리,6,2.1156445896143032,0.45940638547895674,0.2631849825180841,31,32,1,12.905724776214672,0.024087431959247008,0.3142339807708319,14,14,8,5.145852232171786,0.027049220008269564,-0.3083252876268277
후추,올리브유,5,2.189256406735614,0.45728672223637,0.25059817527768763,28,31,4,18.832113232838758,0.03880518050621961,0.43737402155630584,12,16,0,12.90608641267513,0.0472285143824348,-0.09399573788792942
샌드위치,카페,11,1.8101086076174635,0.4526364203319951,0.30222633572775337,72,84,7,7.668240014779548,0.015309600876336388,1.1644377325085014,15,17,5,9.53209137456844,0.019370954423937513,-0.146510019142089
브런치,홈쿡,5,2.1541650869612896,0.4499569300068356,0.24534498241990618,29,33,9,6.71886610611347,0.04391195073455238,0.11198145330010012,12,12,0,12.962353969991796,0.04845638173349846,-0.11696600346757857
10월,오픈,6,2.0661963142403414,0.44866882891145154,0.2561198832675177,38,40,5,13.215279428563438,0.015651484618648466,0.48695221447958753,12,18,6,8.199022692174381,0.02088388882632979,-0.228825198517954
샐러드를,드레싱,5,2.1427363911494224,0.447569730941817,0.2429272904933372,22,28,4,19.8970533024363,0.038433020459670196,0.350029885993698,16,19,4,20.99108716359642,0.04448818230934327,0.2281543490906897
올리브오일,무화과,6,2.046651718182652,0.4444247738019181,0.25198634223849203,31,43,5,15.491056192032326,0.03124910086691942,0.46155481210974036,15,25,4,13.90933384706315,0.035652945500172194,0.03781711310466361
다이어트식단,먹스타그램,6,2.046651718182652,0.4444247738019181,0.25198634223849203,31,32,1,12.905724776214672,0.024087431959247008,0.3142339807708319,15,15,1,12.017278329297163,0.027625751183656073,-0.08314617228177525
좋은,인스타그램,5,2.09557092275411,0.4377179189846257,0.2382912089455584,41,52,2,30.402195252888195,0.5826094207580212,1.3091678034040202,9,9,2,48.43764752230243,0.8850358256214551,1.1406502677546002
소금,드레싱,6,2.0149030198922646,0.4375306315642052,0.24682555597610378,30,33,4,21.900588782688484,0.04791624292299575,0.5764761721383652,16,19,4,20.99108716359642,0.04448818230934327,0.2281543490906897
점심,샐러드는,6,2.0149030198922646,0.4375306315642052,0.24704830266521818,32,32,2,34.727128584326,0.6333880206022886,1.1787004018449632,15,15,2,42.452008308019195,0.792735373473381,1.0707119332912163
다이어트식단,salad,8,1.8643301616540195,0.4318089853777025,0.25974315033895573,31,32,1,12.905724776214672,0.024087431959247008,0.3142339807708319,24,25,1,10.11797662319947,0.018064198073935212,0.06999938290605107
식단,운동,7,1.8971199844001672,0.4262214492232221,0.24940355625870456,45,50,1,11.512145789015328,0.022015250904421593,0.6179996287993352,14,14,6,7.204008725511268,0.014802442701969282,-0.25193368114763887
소금,치즈,7,1.897119984400167,0.426221449223222,0.24758323409889052,30,33,4,21.900588782688484,0.04791624292299575,0.5764761721383652,21,27,4,16.829391019220182,0.03492477082009195,0.23573297029727483
소금,오일,5,2.0402208277234775,0.42615652149178,0.22848185989359543,30,33,4,21.900588782688484,0.04791624292299575,0.5764761721383652,13,16,4,25.15338783582775,0.0486583983986735,0.28332328828041464
소금,루꼴라,5,2.0402208277234775,0.42615652149178,0.22848185989359543,30,33,4,21.900588782688484,0.04791624292299575,0.5764761721383652,13,19,4,24.115421942503957,0.04005495434926424,0.2686662781746644
식단,다이어트식단,12,1.641186610540616,0.41952376258635393,0.27657472899232166,45,50,1,11.512145789015328,0.022015250904421593,0.6179996287993352,31,32,1,12.905724776214672,0.024087431959247008,0.3142339807708319
올리브오일,오일,5,2.0074310049302637,0.4193074605313153,0.223843373692023,31,43,5,15.491056192032326,0.03124910086691942,0.46155481210974036,13,16,4,25.15338783582775,0.0486583983986735,0.28332328828041464
올리브오일,소금,9,1.758969646084634,0.4188317068684523,0.25737863176463804,31,43,5,15.491056192032326,0.03124910086691942,0.46155481210974036,30,33,4,21.900588782688484,0.04791624292299575,0.5764761721383652
식단,다이어터,6,1.8971199843192146,0.41195437035805477,0.23050979896846402,45,50,1,11.512145789015328,0.022015250904421593,0.6179996287993352,12,13,1,16.01761340475264,0.026143928490417134,-0.028392075641114324
10월,목요일,5,1.9708861343842463,0.41167405403990337,0.21950392575715238,38,40,5,13.215279428563438,0.015651484618648466,0.48695221447958753,11,11,7,6.53001038467505,0.017008159640963638,-0.33967086499868976
후추,사과,5,1.96611285563569,0.4106770228166386,0.21763017602515433,28,31,4,18.832113232838758,0.03880518050621961,0.43737402155630584,15,26,6,7.117338187947273,0.04578296035973871,-0.152258532908836
맛있는,훨씬,5,1.9495835536985309,0.4072244211568041,0.22024401696356738,61,70,5,13.371487698813437,0.026278053034044322,1.0653534299713616,7,7,4,11.7708231801265,0.03995140450568748,-0.26931974759296384
다이어트식단,운동,5,1.9333230328403488,0.40382796185572956,0.21330785380334927,31,32,1,12.905724776214672,0.024087431959247008,0.3142339807708319,14,14,6,7.204008725511268,0.014802442701969282,-0.25193368114763887
브런치,카페,5,1.9310215358539764,0.40334723058556077,0.21278781438483546,29,33,9,6.71886610611347,0.04391195073455238,0.11198145330010012,15,17,5,9.53209137456844,0.019370954423937513,-0.146510019142089
샐러드를,살짝,5,1.9195928400397582,0.4009600315200511,0.21078306294808627,22,28,4,19.8970533024363,0.038433020459670196,0.350029885993698,20,24,0,11.33041340051246,0.04443153662464895,0.04180896165296251
토마토,올리고,5,1.915057684878069,0.40001273899079703,0.2103290120528768,26,29,0,10.235911841849443,0.04783631076032375,0.14182937454119954,17,17,4,20.331064582106688,0.060381584298054944,0.21822317530110533
소금,가볍게,5,1.8971199842058812,0.39626595432016415,0.2081702015383494,30,33,4,21.900588782688484,0.04791624292299575,0.5764761721383652,15,17,4,16.6611437509651,0.04568543004873433,0.07206325363582143
식단,좋아요,6,1.8170772766969603,0.39457331723920713,0.21839557828985565,45,50,1,11.512145789015328,0.022015250904421593,0.6179996287993352,13,14,5,14.713059215549418,0.04595441148873862,-0.03717484411823774
샐러드를,먹을,5,1.870802675909287,0.3907688569440837,0.20411147865717896,22,28,4,19.8970533024363,0.038433020459670196,0.350029885993698,21,23,1,11.742189222016243,0.04392267513791933,0.06411418614759443
올리브오일,salad,7,1.7307987690402111,0.3888544560808764,0.22131960738940606,31,43,5,15.491056192032326,0.03124910086691942,0.46155481210974036,24,25,1,10.11797662319947,0.018064198073935212,0.06999938290605107
브런치,토마토,7,1.7174474358717644,0.3858548437111207,0.21920759628938136,29,33,9,6.71886610611347,0.04391195073455238,0.11198145330010012,26,29,0,10.235911841849443,0.04783631076032375,0.14182937454119954
후추,발사믹,5,1.8409497127825243,0.38453324031403535,0.20033350177272677,28,31,4,18.832113232838758,0.03880518050621961,0.43737402155630584,17,24,4,18.06331910836194,0.04923121516566658,0.19157586776079663
맛있는,건강하고,8,1.6574471313020185,0.3838915331658552,0.22872211614132784,61,70,5,13.371487698813437,0.026278053034044322,1.0653534299713616,15,16,5,13.873892730233987,0.03534821380702741,-0.019669180833159224
점심,사과,5,1.83258146311831,0.38278530003256317,0.19953901369113777,32,32,2,34.727128584326,0.6333880206022886,1.1787004018449632,15,26,6,7.117338187947273,0.04578296035973871,-0.152258532908836
식단,식단관리,6,1.7429693045871946,0.37848097556270205,0.20748699218161135,45,50,1,11.512145789015328,0.022015250904421593,0.6179996287993352,14,14,8,5.145852232171786,0.027049220008269564,-0.3083252876268277
좋은,올리브,5,1.8078888505462314,0.37762756527303576,0.19721975447264192,41,52,2,30.402195252888195,0.5826094207580212,1.3091678034040202,12,18,4,24.86946101018287,0.0464099911982116,0.27010595291291417
포케,부드러운,5,1.7837912989845925,0.37259412545591775,0.19339309011144942,36,48,8,6.494537228220827,0.02214853659243049,0.3083112791976291,14,14,8,8.233493393241154,0.032087123920311926,-0.2158101312712038
소금,먹어도,5,1.771956841345993,0.37012217181615664,0.1912681044452182,30,33,4,21.900588782688484,0.04791624292299575,0.5764761721383652,17,19,0,11.807924642243592,0.04870257052818157,-0.02388261501811695
올리브오일,먹어도,5,1.7391670185457726,0.3632731108542284,0.18703737477561563,31,43,5,15.491056192032326,0.03124910086691942,0.46155481210974036,17,19,0,11.807924642243592,0.04870257052818157,-0.02388261501811695
집밥,일상,5,1.7297240777519107,0.3613006916206422,0.18561080685022996,28,28,1,10.48249298717454,0.0266686365517747,0.1689164624300178,19,19,1,8.052047951785282,0.030503154690975226,-0.10724912070799669
좋은,오일,5,1.7278461429289802,0.36090843301762554,0.18654370166900747,41,52,2,30.402195252888195,0.5826094207580212,1.3091678034040202,13,16,4,25.15338783582775,0.0486583983986735,0.28332328828041464
맛있는,향이,5,1.6982691256049784,0.35473045529696723,0.18533993910458677,61,70,5,13.371487698813437,0.026278053034044322,1.0653534299713616,9,11,8,6.789797818591701,0.03583430309556327,-0.35891692055688357
후추,토마토,6,1.5983880758530098,0.34708556064899615,0.18576538214938018,28,31,4,18.832113232838758,0.03880518050621961,0.43737402155630584,26,29,0,10.235911841849443,0.04783631076032375,0.14182937454119954
맛있는,홈쿡,6,1.5929086100910863,0.3458957097768797,0.18829576869310377,61,70,5,13.371487698813437,0.026278053034044322,1.0653534299713616,12,12,0,12.962353969991796,0.04845638173349846,-0.11696600346757857
좋은,가을,5,1.6537381708235028,0.34542893433878913,0.1769213067288985,41,52,2,30.402195252888195,0.5826094207580212,1.3091678034040202,14,17,9,7.992317992042757,0.029085962617929992,-0.2051380075625575
식단,닭가슴살,7,1.4916548764824789,0.33512656469973795,0.18678814762153573,45,50,1,11.512145789015328,0.022015250904421593,0.6179996287993352,21,37,1,16.785590261536296,0.029547886089994372,0.2952274310316822
좋은,샐러드는,5,1.584745299378363,0.3310178658391123,0.16817715001275196,41,52,2,30.402195252888195,0.5826094207580212,1.3091678034040202,15,15,2,42.452008308019195,0.792735373473381,1.0707119332912163
좋은,점심메뉴,5,1.584745299378363,0.3310178658391123,0.16817715001275196,41,52,2,30.402195252888195,0.5826094207580212,1.3091678034040202,15,15,2,43.65702727771929,0.7977447545376691,1.1078470949952364
점심,없는,5,1.5448993908540292,0.32269494630919204,0.16253011825346458,32,32,2,34.727128584326,0.6333880206022886,1.1787004018449632,20,20,2,38.97211282461994,0.7484842751333464,1.067832733868871
좋은,즐길,6,1.4793847838468785,0.3212443241251429,0.17049748181310326,41,52,2,30.402195252888195,0.5826094207580212,1.3091678034040202,20,20,1,7.357707573078215,0.031554420341514865,-0.10442842659384396
다이어트식단,닭가슴살,5,1.5278579250086821,0.31913536505843226,0.1603973199396422,31,32,1,12.905724776214672,0.024087431959247008,0.3142339807708319,21,37,1,16.785590261536296,0.029547886089994372,0.2952274310316822
다이어트식단,먹을,5,1.5278579250086821,0.31913536505843226,0.1603973199396422,31,32,1,12.905724776214672,0.024087431959247008,0.3142339807708319,21,23,1,11.742189222016243,0.04392267513791933,0.06411418614759443
식단,먹스타그램,5,1.4916548763643835,0.3115733575208134,0.15705314811349053,45,50,1,11.512145789015328,0.022015250904421593,0.6179996287993352,15,15,1,12.017278329297163,0.027625751183656073,-0.08314617228177525
건강한,매일,5,1.4610179069185858,0.30517397949728864,0.1522819954811278,29,33,5,21.17132775504752,0.03219922521259161,0.5330861738441188,24,32,1,9.756534095913313,0.03282564375456407,0.10818137869692548
식단,건강식,5,1.4271163552601458,0.2980927032297312,0.14925046183477,45,50,1,11.512145789015328,0.022015250904421593,0.6179996287993352,16,16,1,12.583078116489812,0.028909793635195004,-0.043184411977125046
소금,salad,5,1.4271163552601458,0.2980927032297312,0.14829275350043486,30,33,4,21.900588782688484,0.04791624292299575,0.5764761721383652,24,25,1,10.11797662319947,0.018064198073935212,0.06999938290605107
포케,닭가슴살,5,1.3783261911145233,0.28790152865059904,0.14281805721539656,36,48,8,6.494537228220827,0.02214853659243049,0.3083112791976291,21,37,1,16.785590261536296,0.029547886089994372,0.2952274310316822
맛있는,홈브런치,5,1.3305443456814265,0.2779209693094088,0.13933246044007924,61,70,5,13.371487698813437,0.026278053034044322,1.0653534299713616,13,13,5,14.786181912452427,0.03475686783319879,-0.04507092739104401
점심,저녁,5,1.3217558396523195,0.2760852468681999,0.1361035951395862,32,32,2,34.727128584326,0.6333880206022886,1.1787004018449632,25,27,5,8.543225217858677,0.031209175032666483,0.057275820922619305
샌드위치,샐러드맛집,13,1.0476267338498169,0.27339042804481617,0.17772582194792955,72,84,7,7.668240014779548,0.015309600876336388,1.1644377325085014,38,38,7,10.563477738100538,0.013493583874070878,0.39570938181639487
브런치,집밥,5,1.306867227165219,0.27297534855664235,0.1343548147689195,29,33,9,6.71886610611347,0.04391195073455238,0.11198145330010012,28,28,1,10.48249298717454,0.0266686365517747,0.1689164624300178
좋은,없는,5,1.2970632270729237,0.27092751210714405,0.13369946415559897,41,52,2,30.402195252888195,0.5826094207580212,1.3091678034040202,20,20,2,38.97211282461994,0.7484842751333464,1.067832733868871
맛있는,신선한,6,1.2446019159675188,0.27026187214132275,0.1419811102865867,61,70,5,13.371487698813437,0.026278053034044322,1.0653534299713616,17,21,6,5.113094006603599,0.0617796268003119,-0.20384382831290054
식단,일상,5,1.255266098412434,0.26219702631057773,0.12918428367625429,45,50,1,11.512145789015328,0.022015250904421593,0.6179996287993352,19,19,1,8.052047951785282,0.030503154690975226,-0.10724912070799669
식단,salad,6,1.2039728040926028,0.26143937259517824,0.1356222452011225,45,50,1,11.512145789015328,0.022015250904421593,0.6179996287993352,24,25,1,10.11797662319947,0.018064198073935212,0.06999938290605107
좋은,점심,7,1.1635318345787495,0.26140793878585916,0.14149796683243793,41,52,2,30.402195252888195,0.5826094207580212,1.3091678034040202,32,32,2,34.727128584326,0.6333880206022886,1.1787004018449632
샌드위치,포케,12,1.0216512474430923,0.26115675854629516,0.16585877695229945,72,84,7,7.668240014779548,0.015309600876336388,1.1644377325085014,36,48,8,6.494537228220827,0.02214853659243049,0.3083112791976291
샌드위치,오픈,5,1.2447947985495245,0.26000980585657707,0.13041836544238825,72,84,7,7.668240014779548,0.015309600876336388,1.1644377325085014,12,18,6,8.199022692174381,0.02088388882632979,-0.228825198517954
좋은,샐러드를,5,1.20175304730851,0.25101934622664956,0.12289448442355203,41,52,2,30.402195252888195,0.5826094207580212,1.3091678034040202,22,28,4,19.8970533024363,0.038433020459670196,0.350029885993698
맛있는,드레싱,5,1.1229049809883018,0.2345497478318197,0.11547415507224662,61,70,5,13.371487698813437,0.026278053034044322,1.0653534299713616,16,19,4,20.99108716359642,0.04448818230934327,0.2281543490906897
좋은,매일,5,1.1147416703521398,0.23284461473186724,0.11325981108656799,41,52,2,30.402195252888195,0.5826094207580212,1.3091678034040202,24,32,1,9.756534095913313,0.03282564375456407,0.10818137869692548
맛있는,닭가슴살,6,1.0332928223664366,0.22437668547686251,0.11598251431128252,61,70,5,13.371487698813437,0.026278053034044322,1.0653534299713616,21,37,1,16.785590261536296,0.029547886089994372,0.2952274310316822
좋은,저녁,5,1.0739196758465188,0.22431781266099365,0.10880913078479294,41,52,2,30.402195252888195,0.5826094207580212,1.3091678034040202,25,27,5,8.543225217858677,0.031209175032666483,0.057275820922619305
맛있는,올리고,5,1.0622803591935643,0.22188661961073003,0.10874323819452582,61,70,5,13.371487698813437,0.026278053034044322,1.0653534299713616,17,17,4,20.331064582106688,0.060381584298054944,0.21822317530110533
맛있는,먹어도,5,1.0622803591935643,0.22188661961073003,0.10874323819452582,61,70,5,13.371487698813437,0.026278053034044322,1.0653534299713616,17,19,0,11.807924642243592,0.04870257052818157,-0.02388261501811695
좋은,파스타,5,1.034698962706746,0.21612548247057864,0.10457214520074957,41,52,2,30.402195252888195,0.5826094207580212,1.3091678034040202,26,39,1,8.476166352609857,0.03426553968452107,0.1480847986014275
샐러드맛집,다이어트식단,5,0.934794203253112,0.19525761160547242,0.09387532129730929,38,38,7,10.563477738100538,0.013493583874070878,0.39570938181639487,31,32,1,12.905724776214672,0.024087431959247008,0.3142339807708319
맛있는,브런치,7,0.8646701099938838,0.19426338366158827,0.10418581795065472,61,70,5,13.371487698813437,0.026278053034044322,1.0653534299713616,29,33,9,6.71886610611347,0.04391195073455238,0.11198145330010012
맛있는,치즈,5,0.850971265592482,0.17774887380156743,0.08597410181159752,61,70,5,13.371487698813437,0.026278053034044322,1.0653534299713616,21,27,4,16.829391019220182,0.03492477082009195,0.23573297029727483
샌드위치,브런치,7,0.6988778551822309,0.15701523083157573,0.08417704022291625,72,84,7,7.668240014779548,0.015309600876336388,1.1644377325085014,29,33,9,6.71886610611347,0.04391195073455238,0.11198145330010012
좋은,포케,5,0.7092765623659266,0.14815201790228869,0.0706474242321277,41,52,2,30.402195252888195,0.5826094207580212,1.3091678034040202,36,48,8,6.494537228220827,0.02214853659243049,0.3083112791976291
샌드위치,파스타,6,0.6539264673143563,0.14199832816563954,0.0725467411623262,72,84,7,7.668240014779548,0.015309600876336388,1.1644377325085014,26,39,1,8.476166352609857,0.03426553968452107,0.1480847986014275
맛있는,올리브오일,6,0.6438280556953683,0.13980548594453482,0.07096525742597702,61,70,5,13.371487698813437,0.026278053034044322,1.0653534299713616,31,43,5,15.491056192032326,0.03124910086691942,0.46155481210974036
맛있는,토마토,5,0.6373971653484672,0.13313801873923395,0.06383332827609849,61,70,5,13.371487698813437,0.026278053034044322,1.0653534299713616,26,29,0,10.235911841849443,0.04783631076032375,0.14182937454119954
샐러드,샐러드맛집,36,0.36397666903743126,0.12937203475884534,0.15847106629975247,395,530,5,7.0701708627013,0.0881749106974676,9.333864835552456,38,38,7,10.563477738100538,0.013493583874070878,0.39570938181639487
식단,포케,5,0.6161861393215948,0.12870750957764984,0.061282367596427065,45,50,1,11.512145789015328,0.022015250904421593,0.6179996287993352,36,48,8,6.494537228220827,0.02214853659243049,0.3083112791976291
샐러드,다이어트식단,30,0.385254067482634,0.12860096707779545,0.15227649414334543,395,530,5,7.0701708627013,0.0881749106974676,9.333864835552456,31,32,1,12.905724776214672,0.024087431959247008,0.3142339807708319
샐러드,집밥,27,0.381676246133822,0.1230779831755905,0.14272847008424555,395,530,5,7.0701708627013,0.0881749106974676,9.333864835552456,28,28,1,10.48249298717454,0.0266686365517747,0.1689164624300178
샐러드,파스타,25,0.3788231771506896,0.1191997358685631,0.13606393985950738,395,530,5,7.0701708627013,0.0881749106974676,9.333864835552456,26,39,1,8.476166352609857,0.03426553968452107,0.1480847986014275
샐러드,샌드위치,62,0.26851215634107983,0.11829796275942948,0.15788665300397187,395,530,5,7.0701708627013,0.0881749106974676,9.333864835552456,72,84,7,7.668240014779548,0.015309600876336388,1.1644377325085014
맛있는,후추,5,0.5632891932109587,0.11765852005370694,0.056302306087367825,61,70,5,13.371487698813437,0.026278053034044322,1.0653534299713616,28,31,4,18.832113232838758,0.03880518050621961,0.43737402155630584
샐러드,샌드위치맛집,17,0.4180438902967074,0.11730560285949958,0.12301797279145715,395,530,5,7.0701708627013,0.0881749106974676,9.333864835552456,17,17,7,13.364276504150524,0.017774469938701843,-0.0010872974563186644
샐러드,salad,23,0.37548427588434075,0.11512853247508438,0.1291193722403541,395,530,5,7.0701708627013,0.0881749106974676,9.333864835552456,24,25,1,10.11797662319947,0.018064198073935212,0.06999938290605107
샐러드,식단관리,14,0.41804389029278205,0.11124483592738985,0.11135086434843496,395,530,5,7.0701708627013,0.0881749106974676,9.333864835552456,14,14,8,5.145852232171786,0.027049220008269564,-0.3083252876268277
샐러드,샐러드에,14,0.41804389029278205,0.11124483592738985,0.11135086434843496,395,530,5,7.0701708627013,0.0881749106974676,9.333864835552456,14,15,4,14.960630574767814,0.03759302853489815,-0.009834339381519643
샐러드,닭가슴살,20,0.3692537261321928,0.10856580336275472,0.11807659062999451,395,530,5,7.0701708627013,0.0881749106974676,9.333864835552456,21,37,1,16.785590261536296,0.029547886089994372,0.2952274310316822
샐러드,단체주문,12,0.41804389028907507,0.10686130672400428,0.1029153943951696,395,530,5,7.0701708627013,0.0881749106974676,9.333864835552456,12,15,5,5.898685649363891,0.03116970940834342,-0.31178306660096294
샐러드,순천,12,0.41804389028907507,0.10686130672400428,0.1029153943951696,395,530,5,7.0701708627013,0.0881749106974676,9.333864835552456,12,12,7,14.547397036585105,0.0018992785893863374,-0.0860918298890856
샐러드,다이어터,12,0.41804389028907507,0.10686130672400428,0.1029153943951696,395,530,5,7.0701708627013,0.0881749106974676,9.333864835552456,12,13,1,16.01761340475264,0.026143928490417134,-0.028392075641114324
샐러드,광주,12,0.41804389028907507,0.10686130672400428,0.1029153943951696,395,530,5,7.0701708627013,0.0881749106974676,9.333864835552456,12,12,7,14.622526690227046,0.004550657682078164,-0.08298556579188668
샐러드,홈카페,11,0.4180438902867159,0.10453620807322811,0.09845030771472164,395,530,5,7.0701708627013,0.0881749106974676,9.333864835552456,11,11,5,9.80869539247351,0.017261235787328057,-0.2431549244226223
샐러드,마카롱맛집,11,0.4180438902867159,0.10453620807322811,0.09845030771472164,395,530,5,7.0701708627013,0.0881749106974676,9.333864835552456,11,11,7,14.900415344117702,0.001240890171512381,-0.09881838939725157
샐러드,곡성뚝방마켓,11,0.4180438902867159,0.10453620807322811,0.09845030771472164,395,530,5,7.0701708627013,0.0881749106974676,9.333864835552456,11,11,7,14.900415344117702,0.001240890171512381,-0.09881838939725157
샐러드,핸드메이드,11,0.4180438902867159,0.10453620807322811,0.09845030771472164,395,530,5,7.0701708627013,0.0881749106974676,9.333864835552456,11,11,7,14.900415344117702,0.001240890171512381,-0.09881838939725157
샐러드,남원,11,0.4180438902867159,0.10453620807322811,0.09845030771472164,395,530,5,7.0701708627013,0.0881749106974676,9.333864835552456,11,11,7,14.318163816786624,0.0019638442791239047,-0.11569868065699734
샐러드,많이달지않은마카롱,11,0.4180438902867159,0.10453620807322811,0.09845030771472164,395,530,5,7.0701708627013,0.0881749106974676,9.333864835552456,11,11,7,14.900415344117702,0.001240890171512381,-0.09881838939725157
샐러드,곡성,11,0.4180438902867159,0.10453620807322811,0.09845030771472164,395,530,5,7.0701708627013,0.0881749106974676,9.333864835552456,11,11,7,14.900415344117702,0.001240890171512381,-0.09881838939725157
샐러드,마카롱,11,0.4180438902867159,0.10453620807322811,0.09845030771472164,395,530,5,7.0701708627013,0.0881749106974676,9.333864835552456,11,11,7,14.900415344117702,0.001240890171512381,-0.09881838939725157
샐러드,치아바타,11,0.4180438902867159,0.10453620807322811,0.09845030771472164,395,530,5,7.0701708627013,0.0881749106974676,9.333864835552456,11,11,3,33.96134326502567,0.05313979900530374,0.4793385113491322
샐러드,일상,18,0.3639766690301139,0.1037988476710328,0.11020849555409647,395,530,5,7.0701708627013,0.0881749106974676,9.333864835552456,19,19,1,8.052047951785282,0.030503154690975226,-0.10724912070799669
샐러드,상큼한,10,0.41804389028388517,0.10210276246587531,0.09378910183628379,395,530,5,7.0701708627013,0.0881749106974676,9.333864835552456,10,11,4,14.63398009160498,0.05268329628707168,-0.10588510802570086
샐러드,달콤한,10,0.41804389028388517,0.10210276246587531,0.09378910183628379,395,530,5,7.0701708627013,0.0881749106974676,9.333864835552456,10,12,4,16.176558282567402,0.03979583660455421,-0.058613884251031714
샐러드,쫀득한마카롱좋은재료와정성은진리다,10,0.41804389028388517,0.10210276246587531,0.09378910183628379,395,530,5,7.0701708627013,0.0881749106974676,9.333864835552456,10,10,7,14.221068346182058,0.0006157621040780625,-0.14189689788948104
샐러드,오늘의메뉴,9,0.4180438902804252,0.09954124933413086,0.08890084664726933,395,530,5,7.0701708627013,0.0881749106974676,9.333864835552456,9,11,5,4.822202245671239,0.009589525304722419,-0.42566151563714993
샐러드,곡성마카롱,9,0.4180438902804252,0.09954124933413086,0.08890084664726933,395,530,5,7.0701708627013,0.0881749106974676,9.333864835552456,9,9,7,13.968707008704735,0.0010507438463600715,-0.1720587146610657
샐러드,커피,9,0.4180438902804252,0.09954124933413086,0.08890084664726933,395,530,5,7.0701708627013,0.0881749106974676,9.333864835552456,9,9,5,8.040612115156895,0.011122004537841125,-0.34300588968203705
샐러드,몸이,9,0.4180438902804252,0.09954124933413086,0.08890084664726933,395,530,5,7.0701708627013,0.0881749106974676,9.333864835552456,9,9,0,13.559502612485156,0.04563457658615514,-0.1690172461365619
샐러드,인스타그램,9,0.4180438902804252,0.09954124933413086,0.08890084664726933,395,530,5,7.0701708627013,0.0881749106974676,9.333864835552456,9,9,2,48.43764752230243,0.8850358256214551,1.1406502677546002
샐러드,회사,8,0.41804389027610034,0.09682571886479531,0.08374570112179151,395,530,5,7.0701708627013,0.0881749106974676,9.333864835552456,8,9,1,16.369586093712165,0.03733953110625567,-0.10580070064101857
샐러드,저속노화,8,0.41804389027610034,0.09682571886479531,0.08374570112179151,395,530,5,7.0701708627013,0.0881749106974676,9.333864835552456,8,8,5,9.828702976933549,0.024719706560902662,-0.3087041997646094
샐러드,diet,8,0.41804389027610034,0.09682571886479531,0.08374570112179151,395,530,5,7.0701708627013,0.0881749106974676,9.333864835552456,8,8,1,7.460901760976956,0.010004549462914259,-0.38332044367725976
샐러드,서브웨이,8,0.41804389027610034,0.09682571886479531,0.08374570112179151,395,530,5,7.0701708627013,0.0881749106974676,9.333864835552456,8,11,5,5.767275439409675,0.010473552205909408,-0.4141932882153805
샐러드,행사간식,8,0.41804389027610034,0.09682571886479531,0.08374570112179151,395,530,5,7.0701708627013,0.0881749106974676,9.333864835552456,8,8,3,36.81701505440076,0.04139602573209072,0.490696251692731
샐러드,두르고,8,0.41804389027610034,0.09682571886479531,0.08374570112179151,395,530,5,7.0701708627013,0.0881749106974676,9.333864835552456,8,8,0,14.755838104657784,0.048658599590611654,-0.15569549529378074
샐러드,타코,8,0.41804389027610034,0.09682571886479531,0.08374570112179151,395,530,5,7.0701708627013,0.0881749106974676,9.333864835552456,8,13,5,6.72112975320966,0.007005548632283178,-0.3747917647767558
샐러드,10월,33,0.2769652920493166,0.0954913743926809,0.11518610130133752,395,530,5,7.0701708627013,0.0881749106974676,9.333864835552456,38,40,5,13.215279428563438,0.015651484618648466,0.48695221447958753
샐러드,합리적인,7,0.41804389027053984,0.09392092973305534,0.07827085105882191,395,530,5,7.0701708627013,0.0881749106974676,9.333864835552456,7,7,6,6.976774768506912,0.03247721156173424,-0.4128464122805856
샐러드,아침은,7,0.41804389027053984,0.09392092973305534,0.07827085105882191,395,530,5,7.0701708627013,0.0881749106974676,9.333864835552456,7,7,5,6.137309510944013,0.010382782420529991,-0.4450077350669627
샐러드,구내식당,7,0.41804389027053984,0.09392092973305534,0.07827085105882191,395,530,5,7.0701708627013,0.0881749106974676,9.333864835552456,7,7,5,3.609342763120761,0.015146312721658253,-0.5177476409669156
샐러드,운동하는여자,7,0.41804389027053984,0.09392092973305534,0.07827085105882191,395,530,5,7.0701708627013,0.0881749106974676,9.333864835552456,7,7,1,20.981392365217644,0.0184034376957238,-0.005711787752384373
샐러드,되어,7,0.41804389027053984,0.09392092973305534,0.07827085105882191,395,530,5,7.0701708627013,0.0881749106974676,9.333864835552456,7,7,1,11.048154571118868,0.031042183692687488,-0.2935871523095691
샐러드,뿌려서,7,0.41804389027053984,0.09392092973305534,0.07827085105882191,395,530,5,7.0701708627013,0.0881749106974676,9.333864835552456,7,10,0,15.440249530127454,0.038916149726560316,-0.1429669765175778
샐러드,최소주문,7,0.41804389027053984,0.09392092973305534,0.07827085105882191,395,530,5,7.0701708627013,0.0881749106974676,9.333864835552456,7,10,3,37.63304254644783,0.040076495528868224,0.5101441067326556
샐러드,선물,7,0.41804389027053984,0.09392092973305534,0.07827085105882191,395,530,5,7.0701708627013,0.0881749106974676,9.333864835552456,7,7,6,9.878474817669808,0.04305721256683659,-0.3239258800368359
샐러드,가능합니다,7,0.41804389027053984,0.09392092973305534,0.07827085105882191,395,530,5,7.0701708627013,0.0881749106974676,9.333864835552456,7,11,5,10.315179041690286,0.022784204687421327,-0.29289708056241454
샐러드,예산에,7,0.41804389027053984,0.09392092973305534,0.07827085105882191,395,530,5,7.0701708627013,0.0881749106974676,9.333864835552456,7,7,3,37.90978302609143,0.04125091890534058,0.4999002588077334
샐러드,구성도,7,0.41804389027053984,0.09392092973305534,0.07827085105882191,395,530,5,7.0701708627013,0.0881749106974676,9.333864835552456,7,7,3,37.57231270067667,0.04475367239378122,0.4911593299745319
샐러드,식단기록,7,0.41804389027053984,0.09392092973305534,0.07827085105882191,395,530,5,7.0701708627013,0.0881749106974676,9.333864835552456,7,7,1,5.997261287182707,0.02219796428740563,-0.4451312514857676
샐러드,즐기는,7,0.41804389027053984,0.09392092973305534,0.07827085105882191,395,530,5,7.0701708627013,0.0881749106974676,9.333864835552456,7,7,5,7.176716258001905,0.0117813988966601,-0.4139644773646702
샐러드,먹으러,7,0.41804389027053984,0.09392092973305534,0.07827085105882191,395,530,5,7.0701708627013,0.0881749106974676,9.333864835552456,7,8,1,12.639930096715744,0.020495814218367055,-0.24407729630442845
샐러드,밥,7,0.41804389027053984,0.09392092973305534,0.07827085105882191,395,530,5,7.0701708627013,0.0881749106974676,9.333864835552456,7,8,1,11.588364590400053,0.02205244832821932,-0.27447879608049225
샐러드,달콤,7,0.41804389027053984,0.09392092973305534,0.07827085105882191,395,530,5,7.0701708627013,0.0881749106974676,9.333864835552456,7,7,6,6.127536217980172,0.029110188424781303,-0.43896222432281
샐러드,향과,7,0.41804389027053984,0.09392092973305534,0.07827085105882191,395,530,5,7.0701708627013,0.0881749106974676,9.333864835552456,7,7,0,15.336932793474029,0.04954798740610102,-0.16119062999950415
샐러드,108호샐러드,7,0.41804389027053984,0.09392092973305534,0.07827085105882191,395,530,5,7.0701708627013,0.0881749106974676,9.333864835552456,7,7,5,5.607860975632327,0.01082502164456312,-0.4604299501482286
샐러드,다이어트도시락,7,0.41804389027053984,0.09392092973305534,0.07827085105882191,395,530,5,7.0701708627013,0.0881749106974676,9.333864835552456,7,7,1,17.549393246964353,0.02746606992748058,-0.10358664640881382
샐러드,한식뷔페,7,0.41804389027053984,0.09392092973305534,0.07827085105882191,395,530,5,7.0701708627013,0.0881749106974676,9.333864835552456,7,7,5,2.832254578336399,0.005539782571685474,-0.5438514013766887
샐러드,식단공유,7,0.41804389027053984,0.09392092973305534,0.07827085105882191,395,530,5,7.0701708627013,0.0881749106974676,9.333864835552456,7,7,8,5.125144002434235,0.01027073967010433,-0.47481471838712647
샐러드,먹스타그램,14,0.3490510188101707,0.09288527884148855,0.09284877160257152,395,530,5,7.0701708627013,0.0881749106974676,9.333864835552456,15,15,1,12.017278329297163,0.027625751183656073,-0.08314617228177525
샐러드,점심메뉴,14,0.3490510188101707,0.09288527884148855,0.09284877160257152,395,530,5,7.0701708627013,0.0881749106974676,9.333864835552456,15,15,2,43.65702727771929,0.7977447545376691,1.1078470949952364
샐러드,샐러드는,14,0.3490510188101707,0.09288527884148855,0.09284877160257152,395,530,5,7.0701708627013,0.0881749106974676,9.333864835552456,15,15,2,42.452008308019195,0.792735373473381,1.0707119332912163
샐러드,점심,28,0.28451249768344933,0.09283458849346106,0.10843480311874744,395,530,5,7.0701708627013,0.0881749106974676,9.333864835552456,32,32,2,34.727128584326,0.6333880206022886,1.1787004018449632
샐러드,3800원부터,6,0.4180438902631258,0.09077707736929325,0.07240370419762299,395,530,5,7.0701708627013,0.0881749106974676,9.333864835552456,6,6,3,38.89261425516939,0.03932864287544329,0.5052699077123203
샐러드,학원간식,6,0.4180438902631258,0.09077707736929325,0.07240370419762299,395,530,5,7.0701708627013,0.0881749106974676,9.333864835552456,6,6,3,38.89261425516939,0.03932864287544329,0.5052699077123203
샐러드,G드림카드,6,0.4180438902631258,0.09077707736929325,0.07240370419762299,395,530,5,7.0701708627013,0.0881749106974676,9.333864835552456,6,6,3,38.89261425516939,0.03932864287544329,0.5052699077123203
샐러드,구성변경,6,0.4180438902631258,0.09077707736929325,0.07240370419762299,395,530,5,7.0701708627013,0.0881749106974676,9.333864835552456,6,6,3,38.89261425516939,0.03932864287544329,0.5052699077123203
샐러드,여주점경기,6,0.4180438902631258,0.09077707736929325,0.07240370419762299,395,530,5,7.0701708627013,0.0881749106974676,9.333864835552456,6,6,3,38.89261425516939,0.03932864287544329,0.5052699077123203
샐러드,교회간식,6,0.4180438902631258,0.09077707736929325,0.07240370419762299,395,530,5,7.0701708627013,0.0881749106974676,9.333864835552456,6,6,3,38.89261425516939,0.03932864287544329,0.5052699077123203
샐러드,여주시,6,0.4180438902631258,0.09077707736929325,0.07240370419762299,395,530,5,7.0701708627013,0.0881749106974676,9.333864835552456,6,6,3,38.89261425516939,0.03932864287544329,0.5052699077123203
샐러드,단체간식,6,0.4180438902631258,0.09077707736929325,0.07240370419762299,395,530,5,7.0701708627013,0.0881749106974676,9.333864835552456,6,6,3,38.89261425516939,0.03932864287544329,0.5052699077123203
샐러드,맞춰원하시는,6,0.4180438902631258,0.09077707736929325,0.07240370419762299,395,530,5,7.0701708627013,0.0881749106974676,9.333864835552456,6,6,3,38.89261425516939,0.03932864287544329,0.5052699077123203
샐러드,맞춰일정에,6,0.4180438902631258,0.09077707736929325,0.07240370419762299,395,530,5,7.0701708627013,0.0881749106974676,9.333864835552456,6,6,3,38.89261425516939,0.03932864287544329,0.5052699077123203
샐러드,노릇하게,6,0.4180438902631258,0.09077707736929325,0.07240370419762299,395,530,5,7.0701708627013,0.0881749106974676,9.333864835552456,6,6,0,15.824323789449831,0.030880816941812293,-0.17605505759333873
샐러드,세종로,6,0.4180438902631258,0.09077707736929325,0.07240370419762299,395,530,5,7.0701708627013,0.0881749106974676,9.333864835552456,6,6,3,38.89261425516939,0.03932864287544329,0.5052699077123203
샐러드,여주행사간식,6,0.4180438902631258,0.09077707736929325,0.07240370419762299,395,530,5,7.0701708627013,0.0881749106974676,9.333864835552456,6,6,3,38.89261425516939,0.03932864287544329,0.5052699077123203
샐러드,영양사,6,0.4180438902631258,0.09077707736929325,0.07240370419762299,395,530,5,7.0701708627013,0.0881749106974676,9.333864835552456,6,6,5,6.209082183543874,0.0149283051570064,-0.46424631044861503
샐러드,여주사랑카드,6,0.4180438902631258,0.09077707736929325,0.07240370419762299,395,530,5,7.0701708627013,0.0881749106974676,9.333864835552456,6,7,3,38.89261425516939,0.03932864287544329,0.5115300049677838
샐러드,간식,6,0.4180438902631258,0.09077707736929325,0.07240370419762299,395,530,5,7.0701708627013,0.0881749106974676,9.333864835552456,6,8,3,28.6498075130092,0.056793262497486806,0.2224418574717657
샐러드,전통,6,0.4180438902631258,0.09077707736929325,0.07240370419762299,395,530,5,7.0701708627013,0.0881749106974676,9.333864835552456,6,8,8,6.486983834247406,0.02028979365752657,-0.4417396010845621
샐러드,지드림카드,6,0.4180438902631258,0.09077707736929325,0.07240370419762299,395,530,5,7.0701708627013,0.0881749106974676,9.333864835552456,6,11,3,38.89261425516939,0.03932864287544329,0.5365703939896376
샐러드,무료배달,6,0.4180438902631258,0.09077707736929325,0.07240370419762299,395,530,5,7.0701708627013,0.0881749106974676,9.333864835552456,6,10,3,36.12513125616447,0.050340755062562914,0.4526389612379844
샐러드,식단추천,6,0.4180438902631258,0.09077707736929325,0.07240370419762299,395,530,5,7.0701708627013,0.0881749106974676,9.333864835552456,6,6,1,7.720997476543182,0.009776832831664854,-0.4215209780839589
샐러드,용산역맛집,6,0.4180438902631258,0.09077707736929325,0.07240370419762299,395,530,5,7.0701708627013,0.0881749106974676,9.333864835552456,6,6,5,7.662121982687268,0.0,-0.426558766431274
샐러드,22일,6,0.4180438902631258,0.09077707736929325,0.07240370419762299,395,530,5,7.0701708627013,0.0881749106974676,9.333864835552456,6,7,5,7.208316566452387,0.0011621444399358308,-0.43325267561606773
샐러드,연락처,6,0.4180438902631258,0.09077707736929325,0.07240370419762299,395,530,5,7.0701708627013,0.0881749106974676,9.333864835552456,6,6,2,53.19469175420827,0.9684193983207021,1.240098578856718
샐러드,체육대회간식,6,0.4180438902631258,0.09077707736929325,0.07240370419762299,395,530,5,7.0701708627013,0.0881749106974676,9.333864835552456,6,6,3,38.89261425516939,0.03932864287544329,0.5052699077123203
샐러드,문의환영,6,0.4180438902631258,0.09077707736929325,0.07240370419762299,395,530,5,7.0701708627013,0.0881749106974676,9.333864835552456,6,6,3,38.89261425516939,0.03932864287544329,0.5052699077123203
샐러드,가능합니다문의주세요,6,0.4180438902631258,0.09077707736929325,0.07240370419762299,395,530,5,7.0701708627013,0.0881749106974676,9.333864835552456,6,6,3,38.89261425516939,0.03932864287544329,0.5052699077123203
샐러드,있습니다단체주문,6,0.4180438902631258,0.09077707736929325,0.07240370419762299,395,530,5,7.0701708627013,0.0881749106974676,9.333864835552456,6,6,3,38.89261425516939,0.03932864287544329,0.5052699077123203
샐러드,해드립니다,6,0.4180438902631258,0.09077707736929325,0.07240370419762299,395,530,5,7.0701708627013,0.0881749106974676,9.333864835552456,6,6,3,38.89261425516939,0.03932864287544329,0.5052699077123203
샐러드,0318810107구성,6,0.4180438902631258,0.09077707736929325,0.07240370419762299,395,530,5,7.0701708627013,0.0881749106974676,9.333864835552456,6,6,3,38.89261425516939,0.03932864287544329,0.5052699077123203
샐러드,0318810107죠샌드위치,6,0.4180438902631258,0.09077707736929325,0.07240370419762299,395,530,5,7.0701708627013,0.0881749106974676,9.333864835552456,6,6,3,38.89261425516939,0.03932864287544329,0.5052699077123203
샐러드,선택,6,0.4180438902631258,0.09077707736929325,0.07240370419762299,395,530,5,7.0701708627013,0.0881749106974676,9.333864835552456,6,6,6,4.628910338356946,0.0391152781233066,-0.5025420133615212
샐러드,용산샐러드맛집,6,0.4180438902631258,0.09077707736929325,0.07240370419762299,395,530,5,7.0701708627013,0.0881749106974676,9.333864835552456,6,6,5,7.662121982687268,0.0,-0.426558766431274
샐러드,접시,6,0.4180438902631258,0.09077707736929325,0.07240370419762299,395,530,5,7.0701708627013,0.0881749106974676,9.333864835552456,6,7,5,5.871522574328392,0.012978746719582586,-0.4685735498140746
샐러드,재료를,6,0.4180438902631258,0.09077707736929325,0.07240370419762299,395,530,5,7.0701708627013,0.0881749106974676,9.333864835552456,6,6,4,18.482267873382757,0.03332320785022318,-0.09705555906233562
샐러드,당근라페,6,0.4180438902631258,0.09077707736929325,0.07240370419762299,395,530,5,7.0701708627013,0.0881749106974676,9.333864835552456,6,6,1,8.150270556121832,0.024549053680686318,-0.40390005243899996
샐러드,촌스마마화수목금낮12시오픈입니다촌스마마,6,0.4180438902631258,0.09077707736929325,0.07240370419762299,395,530,5,7.0701708627013,0.0881749106974676,9.333864835552456,6,6,7,12.900490793010688,0.0005860883659973193,-0.2722933820370266
샐러드,탄단지,6,0.4180438902631258,0.09077707736929325,0.07240370419762299,395,530,5,7.0701708627013,0.0881749106974676,9.333864835552456,6,6,1,13.571453193368953,0.015323555442187015,-0.24757581394802397
샐러드,여주맛집,6,0.4180438902631258,0.09077707736929325,0.07240370419762299,395,530,5,7.0701708627013,0.0881749106974676,9.333864835552456,6,7,3,38.89261425516939,0.03932864287544329,0.5115300049677838
샐러드,재고연어,6,0.4180438902631258,0.09077707736929325,0.07240370419762299,395,530,5,7.0701708627013,0.0881749106974676,9.333864835552456,6,6,5,7.662121982687268,0.0,-0.426558766431274
샐러드,용산샐러드,6,0.4180438902631258,0.09077707736929325,0.07240370419762299,395,530,5,7.0701708627013,0.0881749106974676,9.333864835552456,6,6,5,7.662121982687268,0.0,-0.426558766431274
샐러드,구성해서,6,0.4180438902631258,0.09077707736929325,0.07240370419762299,395,530,5,7.0701708627013,0.0881749106974676,9.333864835552456,6,6,3,38.89261425516939,0.03932864287544329,0.5052699077123203
샐러드,SALAD,6,0.4180438902631258,0.09077707736929325,0.07240370419762299,395,530,5,7.0701708627013,0.0881749106974676,9.333864835552456,6,6,8,12.041173082691715,0.01179627816404788,-0.29377612990141877
샐러드,톡톡,6,0.4180438902631258,0.09077707736929325,0.07240370419762299,395,530,5,7.0701708627013,0.0881749106974676,9.333864835552456,6,6,6,11.651386202218285,0.038626890449841945,-0.29616708748301096
샐러드,간단히,6,0.4180438902631258,0.09077707736929325,0.07240370419762299,395,530,5,7.0701708627013,0.0881749106974676,9.333864835552456,6,6,5,10.643830374595547,0.015230736384813148,-0.3337123689427051
샐러드,24시식당,6,0.4180438902631258,0.09077707736929325,0.07240370419762299,395,530,5,7.0701708627013,0.0881749106974676,9.333864835552456,6,6,5,7.662121982687268,0.0,-0.426558766431274
샐러드,건강샐러드,6,0.4180438902631258,0.09077707736929325,0.07240370419762299,395,530,5,7.0701708627013,0.0881749106974676,9.333864835552456,6,6,5,7.662121982687268,0.0,-0.426558766431274
샐러드,학교간식,6,0.4180438902631258,0.09077707736929325,0.07240370419762299,395,530,5,7.0701708627013,0.0881749106974676,9.333864835552456,6,6,3,38.89261425516939,0.03932864287544329,0.5052699077123203
샐러드,죠샌드위치샐러드여주점,6,0.4180438902631258,0.09077707736929325,0.07240370419762299,395,530,5,7.0701708627013,0.0881749106974676,9.333864835552456,6,6,3,38.89261425516939,0.03932864287544329,0.5052699077123203
샐러드,네이버,5,0.418043890252746,0.0873200232446346,0.06603967115418229,395,530,5,7.0701708627013,0.0881749106974676,9.333864835552456,5,6,5,9.4879346246847,0.02775702916035312,-0.38009934213114444
샐러드,갈아,5,0.418043890252746,0.0873200232446346,0.06603967115418229,395,530,5,7.0701708627013,0.0881749106974676,9.333864835552456,5,6,5,11.16491180256542,0.0244301752750787,-0.3319023042743732
샐러드,직원식당,5,0.418043890252746,0.0873200232446346,0.06603967115418229,395,530,5,7.0701708627013,0.0881749106974676,9.333864835552456,5,6,5,5.215742367615303,0.016863255482106283,-0.5094339265720654
샐러드,토핑,5,0.418043890252746,0.0873200232446346,0.06603967115418229,395,530,5,7.0701708627013,0.0881749106974676,9.333864835552456,5,6,5,9.22060575241111,0.027004526856475662,-0.3882162994495814
샐러드,요거트,5,0.418043890252746,0.0873200232446346,0.06603967115418229,395,530,5,7.0701708627013,0.0881749106974676,9.333864835552456,5,6,6,8.596612659261819,0.030053362160268705,-0.4055377321060827
샐러드,물기,5,0.418043890252746,0.0873200232446346,0.06603967115418229,395,530,5,7.0701708627013,0.0881749106974676,9.333864835552456,5,7,6,6.630465471046308,0.03401905004563097,-0.4557635046557339
샐러드,한국,5,0.418043890252746,0.0873200232446346,0.06603967115418229,395,530,5,7.0701708627013,0.0881749106974676,9.333864835552456,5,8,5,7.832624433272225,0.010412391349314614,-0.42212930935359605
샐러드,호두,5,0.418043890252746,0.0873200232446346,0.06603967115418229,395,530,5,7.0701708627013,0.0881749106974676,9.333864835552456,5,8,4,26.016322683418462,0.0397190994815601,0.1225872394679462
샐러드,바쁜,5,0.418043890252746,0.0873200232446346,0.06603967115418229,395,530,5,7.0701708627013,0.0881749106974676,9.333864835552456,5,5,1,9.554940152357212,0.028522203530220037,-0.3841299650105411
샐러드,샐러드에는,5,0.418043890252746,0.0873200232446346,0.06603967115418229,395,530,5,7.0701708627013,0.0881749106974676,9.333864835552456,5,5,0,16.637522619550044,0.046253855964690845,-0.1698258438792791
샐러드,레시피,5,0.418043890252746,0.0873200232446346,0.06603967115418229,395,530,5,7.0701708627013,0.0881749106974676,9.333864835552456,5,5,5,12.48543438929796,0.022400159541532138,-0.30001060794400547
샐러드,인스타그램에서,5,0.418043890252746,0.0873200232446346,0.06603967115418229,395,530,5,7.0701708627013,0.0881749106974676,9.333864835552456,5,5,2,55.36541688090304,0.9999999999999709,1.2917352263209168
샐러드,지원되지않습니다사용,5,0.418043890252746,0.0873200232446346,0.06603967115418229,395,530,5,7.0701708627013,0.0881749106974676,9.333864835552456,5,5,2,55.365416880903034,0.9999999999999709,1.2917352263209165
샐러드,기본으로하며,5,0.418043890252746,0.0873200232446346,0.06603967115418229,395,530,5,7.0701708627013,0.0881749106974676,9.333864835552456,5,5,2,55.365416880903034,0.9999999999999709,1.2917352263209165
샐러드,보온도시락샐러드,5,0.418043890252746,0.0873200232446346,0.06603967115418229,395,530,5,7.0701708627013,0.0881749106974676,9.333864835552456,5,5,2,55.36541688090304,0.9999999999999709,1.2917352263209168
샐러드,매월,5,0.418043890252746,0.0873200232446346,0.06603967115418229,395,530,5,7.0701708627013,0.0881749106974676,9.333864835552456,5,5,2,55.36541688090304,0.9999999999999709,1.2917352263209168
샐러드,샐러드도,5,0.418043890252746,0.0873200232446346,0.06603967115418229,395,530,5,7.0701708627013,0.0881749106974676,9.333864835552456,5,5,1,7.230645501526514,0.017617472727367127,-0.4561780713247897
샐러드,이번에,5,0.418043890252746,0.0873200232446346,0.06603967115418229,395,530,5,7.0701708627013,0.0881749106974676,9.333864835552456,5,5,5,10.140024910788949,0.019164065555132427,-0.37008646294379255
샐러드,메뉴푸디스퀘어를,5,0.418043890252746,0.0873200232446346,0.06603967115418229,395,530,5,7.0701708627013,0.0881749106974676,9.333864835552456,5,5,2,55.365416880903034,0.9999999999999709,1.2917352263209165
샐러드,이용가능주,5,0.418043890252746,0.0873200232446346,0.06603967115418229,395,530,5,7.0701708627013,0.0881749106974676,9.333864835552456,5,5,2,55.365416880903034,0.9999999999999709,1.2917352263209165
샐러드,인원부터,5,0.418043890252746,0.0873200232446346,0.06603967115418229,395,530,5,7.0701708627013,0.0881749106974676,9.333864835552456,5,5,2,55.36541688090304,0.9999999999999709,1.2917352263209168
샐러드,34회,5,0.418043890252746,0.0873200232446346,0.06603967115418229,395,530,5,7.0701708627013,0.0881749106974676,9.333864835552456,5,5,2,55.36541688090304,0.9999999999999709,1.2917352263209168
샐러드,도시락샐러드,5,0.418043890252746,0.0873200232446346,0.06603967115418229,395,530,5,7.0701708627013,0.0881749106974676,9.333864835552456,5,5,2,55.36541688090304,0.9999999999999709,1.2917352263209168
샐러드,7001700매일,5,0.418043890252746,0.0873200232446346,0.06603967115418229,395,530,5,7.0701708627013,0.0881749106974676,9.333864835552456,5,5,2,55.36541688090304,0.9999999999999709,1.2917352263209168
샐러드,결제를,5,0.418043890252746,0.0873200232446346,0.06603967115418229,395,530,5,7.0701708627013,0.0881749106974676,9.333864835552456,5,5,2,55.36541688090304,0.9999999999999709,1.2917352263209168
샐러드,선택하는,5,0.418043890252746,0.0873200232446346,0.06603967115418229,395,530,5,7.0701708627013,0.0881749106974676,9.333864835552456,5,5,2,55.36541688090304,0.9999999999999709,1.2917352263209168
샐러드,다른메뉴기다림,5,0.418043890252746,0.0873200232446346,0.06603967115418229,395,530,5,7.0701708627013,0.0881749106974676,9.333864835552456,5,5,2,55.36541688090304,0.9999999999999709,1.2917352263209168
샐러드,전용,5,0.418043890252746,0.0873200232446346,0.06603967115418229,395,530,5,7.0701708627013,0.0881749106974676,9.333864835552456,5,5,2,55.36541688090304,0.9999999999999709,1.2917352263209168
샐러드,집밥요리,5,0.418043890252746,0.0873200232446346,0.06603967115418229,395,530,5,7.0701708627013,0.0881749106974676,9.333864835552456,5,5,5,3.7161314487427513,0.009664335265994368,-0.5622339409092824
샐러드,직장인,5,0.418043890252746,0.0873200232446346,0.06603967115418229,395,530,5,7.0701708627013,0.0881749106974676,9.333864835552456,5,5,5,5.640266772317467,0.029780937585787856,-0.49883990319939403
샐러드,가능합니다샐러드는,5,0.418043890252746,0.0873200232446346,0.06603967115418229,395,530,5,7.0701708627013,0.0881749106974676,9.333864835552456,5,5,2,55.365416880903034,0.9999999999999709,1.2917352263209165
샐러드,서비스3명,5,0.418043890252746,0.0873200232446346,0.06603967115418229,395,530,5,7.0701708627013,0.0881749106974676,9.333864835552456,5,5,2,55.365416880903034,0.9999999999999709,1.2917352263209165
샐러드,배송탁월한,5,0.418043890252746,0.0873200232446346,0.06603967115418229,395,530,5,7.0701708627013,0.0881749106974676,9.333864835552456,5,5,2,55.36541688090304,0.9999999999999709,1.2917352263209168
샐러드,진행도시락,5,0.418043890252746,0.0873200232446346,0.06603967115418229,395,530,5,7.0701708627013,0.0881749106974676,9.333864835552456,5,5,2,55.36541688090304,0.9999999999999709,1.2917352263209168
샐러드,연락주세요오늘도,5,0.418043890252746,0.0873200232446346,0.06603967115418229,395,530,5,7.0701708627013,0.0881749106974676,9.333864835552456,5,5,2,55.365416880903034,0.9999999999999709,1.2917352263209165
샐러드,이상의,5,0.418043890252746,0.0873200232446346,0.06603967115418229,395,530,5,7.0701708627013,0.0881749106974676,9.333864835552456,5,5,2,55.365416880903034,0.9999999999999709,1.2917352263209165
샐러드,세트가,5,0.418043890252746,0.0873200232446346,0.06603967115418229,395,530,5,7.0701708627013,0.0881749106974676,9.333864835552456,5,5,2,55.365416880903034,0.9999999999999709,1.2917352263209165
샐러드,결제후불결제를,5,0.418043890252746,0.0873200232446346,0.06603967115418229,395,530,5,7.0701708627013,0.0881749106974676,9.333864835552456,5,5,2,55.365416880903034,0.9999999999999709,1.2917352263209165
샐러드,신선함,5,0.418043890252746,0.0873200232446346,0.06603967115418229,395,530,5,7.0701708627013,0.0881749106974676,9.333864835552456,5,5,6,4.952457161444084,0.05109541023663865,-0.5118614601882345
샐러드,골라,5,0.418043890252746,0.0873200232446346,0.06603967115418229,395,530,5,7.0701708627013,0.0881749106974676,9.333864835552456,5,5,0,16.319598439584045,0.05364238068216806,-0.17667786296076465
샐러드,곱게,5,0.418043890252746,0.0873200232446346,0.06603967115418229,395,530,5,7.0701708627013,0.0881749106974676,9.333864835552456,5,5,4,18.71930662000732,0.026998494301617874,-0.11510938083456426
샐러드,갱신중,5,0.418043890252746,0.0873200232446346,0.06603967115418229,395,530,5,7.0701708627013,0.0881749106974676,9.333864835552456,5,5,2,55.365416880903034,0.9999999999999709,1.2917352263209165
샐러드,기본결제방식은,5,0.418043890252746,0.0873200232446346,0.06603967115418229,395,530,5,7.0701708627013,0.0881749106974676,9.333864835552456,5,5,2,55.365416880903034,0.9999999999999709,1.2917352263209165
샐러드,첫째,5,0.418043890252746,0.0873200232446346,0.06603967115418229,395,530,5,7.0701708627013,0.0881749106974676,9.333864835552456,5,5,2,55.365416880903034,0.9999999999999709,1.2917352263209165
샐러드,올리브오일추천,5,0.418043890252746,0.0873200232446346,0.06603967115418229,395,530,5,7.0701708627013,0.0881749106974676,9.333864835552456,5,5,0,16.99597228714561,0.03970147312996775,-0.16149916384754004
샐러드,깜짝,5,0.418043890252746,0.0873200232446346,0.06603967115418229,395,530,5,7.0701708627013,0.0881749106974676,9.333864835552456,5,5,0,15.946599014073065,0.038983954039627365,-0.19260522655318033
샐러드,풍미,5,0.418043890252746,0.0873200232446346,0.06603967115418229,395,530,5,7.0701708627013,0.0881749106974676,9.333864835552456,5,5,0,15.946599014073065,0.033154299747304446,-0.19457661242393526
샐러드,유부초밥,5,0.418043890252746,0.0873200232446346,0.06603967115418229,395,530,5,7.0701708627013,0.0881749106974676,9.333864835552456,5,5,5,2.2531758015689327,0.0006238671659473182,-0.6083185264277812
샐러드,보온4시간뒤처리샐러드는,5,0.418043890252746,0.0873200232446346,0.06603967115418229,395,530,5,7.0701708627013,0.0881749106974676,9.333864835552456,5,5,2,55.36541688090304,0.9999999999999709,1.2917352263209168
샐러드,아닙니다각각,5,0.418043890252746,0.0873200232446346,0.06603967115418229,395,530,5,7.0701708627013,0.0881749106974676,9.333864835552456,5,5,2,55.36541688090304,0.9999999999999709,1.2917352263209168
샐러드,전문업체,5,0.418043890252746,0.0873200232446346,0.06603967115418229,395,530,5,7.0701708627013,0.0881749106974676,9.333864835552456,5,5,2,55.365416880903034,0.9999999999999709,1.2917352263209165
샐러드,설명서기업,5,0.418043890252746,0.0873200232446346,0.06603967115418229,395,530,5,7.0701708627013,0.0881749106974676,9.333864835552456,5,5,2,55.365416880903034,0.9999999999999709,1.2917352263209165
샐러드,이유매일,5,0.418043890252746,0.0873200232446346,0.06603967115418229,395,530,5,7.0701708627013,0.0881749106974676,9.333864835552456,5,5,2,55.365416880903034,0.9999999999999709,1.2917352263209165
샐러드,보내십시오맛스타,5,0.418043890252746,0.0873200232446346,0.06603967115418229,395,530,5,7.0701708627013,0.0881749106974676,9.333864835552456,5,5,2,55.365416880903034,0.9999999999999709,1.2917352263209165
샐러드,들어,5,0.418043890252746,0.0873200232446346,0.06603967115418229,395,530,5,7.0701708627013,0.0881749106974676,9.333864835552456,5,5,5,9.315321425954675,0.026058912652338378,-0.39201046022438146
샐러드,집에서,5,0.418043890252746,0.0873200232446346,0.06603967115418229,395,530,5,7.0701708627013,0.0881749106974676,9.333864835552456,5,5,5,7.105670823591444,0.02176820355539227,-0.4584501054728818
샐러드,이탈리안,5,0.418043890252746,0.0873200232446346,0.06603967115418229,395,530,5,7.0701708627013,0.0881749106974676,9.333864835552456,5,5,5,8.015602813608172,0.014272997436642065,-0.43422244831379564
샐러드,but,5,0.418043890252746,0.0873200232446346,0.06603967115418229,395,530,5,7.0701708627013,0.0881749106974676,9.333864835552456,5,5,8,12.903346165624978,0.015218402039545026,-0.29014790309920335
샐러드,포케맛집,5,0.418043890252746,0.0873200232446346,0.06603967115418229,395,530,5,7.0701708627013,0.0881749106974676,9.333864835552456,5,5,8,12.834370937529446,0.01611264552308697,-0.2918741516339025
샐러드,헬스,5,0.418043890252746,0.0873200232446346,0.06603967115418229,395,530,5,7.0701708627013,0.0881749106974676,9.333864835552456,5,5,5,3.476824302509021,0.004012429259307329,-0.5711835506354582
샐러드,부드럽게,5,0.418043890252746,0.0873200232446346,0.06603967115418229,395,530,5,7.0701708627013,0.0881749106974676,9.333864835552456,5,5,5,5.682609993301146,0.008843216887050061,-0.504674941693099
샐러드,진행,5,0.418043890252746,0.0873200232446346,0.06603967115418229,395,530,5,7.0701708627013,0.0881749106974676,9.333864835552456,5,5,5,10.309367096512496,0.022461390700456576,-0.3639908502059018
샐러드,질문이나,5,0.418043890252746,0.0873200232446346,0.06603967115418229,395,530,5,7.0701708627013,0.0881749106974676,9.333864835552456,5,5,2,55.365416880903034,0.9999999999999709,1.2917352263209165
샐러드,금요일에,5,0.418043890252746,0.0873200232446346,0.06603967115418229,395,530,5,7.0701708627013,0.0881749106974676,9.333864835552456,5,5,2,55.365416880903034,0.9999999999999709,1.2917352263209165
샐러드,여주사랑카드샌드위치,5,0.418043890252746,0.0873200232446346,0.06603967115418229,395,530,5,7.0701708627013,0.0881749106974676,9.333864835552456,5,5,3,37.56299706863465,0.03891332836071399,0.44313706506801165
샐러드,일요일,5,0.418043890252746,0.0873200232446346,0.06603967115418229,395,530,5,7.0701708627013,0.0881749106974676,9.333864835552456,5,5,5,6.903166527597994,0.009370695282363705,-0.4685984234062772
샐러드,빠네디까사1배달의민족,5,0.418043890252746,0.0873200232446346,0.06603967115418229,395,530,5,7.0701708627013,0.0881749106974676,9.333864835552456,5,5,3,37.56299706863466,0.03891332836071399,0.44313706506801187
샐러드,12000원지역화폐,5,0.418043890252746,0.0873200232446346,0.06603967115418229,395,530,5,7.0701708627013,0.0881749106974676,9.333864835552456,5,5,3,37.56299706863465,0.03891332836071399,0.44313706506801165
샐러드,단체급식,5,0.418043890252746,0.0873200232446346,0.06603967115418229,395,530,5,7.0701708627013,0.0881749106974676,9.333864835552456,5,5,5,6.180251811681173,0.018529112568005497,-0.48676322104412706
샐러드,와인,5,0.418043890252746,0.0873200232446346,0.06603967115418229,395,530,5,7.0701708627013,0.0881749106974676,9.333864835552456,5,5,5,8.624308352403828,0.014220342433009465,-0.41633743863168243
샐러드,알로하포케,5,0.418043890252746,0.0873200232446346,0.06603967115418229,395,530,5,7.0701708627013,0.0881749106974676,9.333864835552456,5,5,8,12.719718541786232,0.010742372880519912,-0.2970622656253654
샐러드,라이프스타일,5,0.418043890252746,0.0873200232446346,0.06603967115418229,395,530,5,7.0701708627013,0.0881749106974676,9.333864835552456,5,5,8,12.649013779141594,0.012043923105241855,-0.29870164506216823
샐러드,디저트,5,0.418043890252746,0.0873200232446346,0.06603967115418229,395,530,5,7.0701708627013,0.0881749106974676,9.333864835552456,5,5,1,10.095158155477392,0.010960282196058619,-0.37418028570640216
샐러드,샐러드도시락,5,0.418043890252746,0.0873200232446346,0.06603967115418229,395,530,5,7.0701708627013,0.0881749106974676,9.333864835552456,5,5,5,3.9321485952276793,0.017709839769448565,-0.5531598885691974
샐러드,온더테이블,5,0.418043890252746,0.0873200232446346,0.06603967115418229,395,530,5,7.0701708627013,0.0881749106974676,9.333864835552456,5,5,5,5.9261613280349135,0.010923028764378836,-0.49680846262164197
샐러드,홈브런치,12,0.33800118262138096,0.08640061220414753,0.08307184399683844,395,530,5,7.0701708627013,0.0881749106974676,9.333864835552456,13,13,5,14.786181912452427,0.03475686783319879,-0.04507092739104401
샐러드,좋아요,12,0.33800118262138096,0.08640061220414753,0.08307184399683844,395,530,5,7.0701708627013,0.0881749106974676,9.333864835552456,13,14,5,14.713059215549418,0.04595441148873862,-0.03717484411823774
샐러드,루꼴라,12,0.33800118262138096,0.08640061220414753,0.08307184399683844,395,530,5,7.0701708627013,0.0881749106974676,9.333864835552456,13,19,4,24.115421942503957,0.04005495434926424,0.2686662781746644
샐러드,섞어,12,0.33800118262138096,0.08640061220414753,0.08307184399683844,395,530,5,7.0701708627013,0.0881749106974676,9.333864835552456,13,15,4,23.391742846322842,0.04953930768809951,0.22554883031619538
샐러드,구운,16,0.3002608546455082,0.08284564289100586,0.08549212732279693,395,530,5,7.0701708627013,0.0881749106974676,9.333864835552456,18,18,4,11.184174082678624,0.03098276312358074,-0.03785370028106202
샐러드,홈쿡,11,0.33103251330399064,0.08277811132705663,0.07781407868903067,395,530,5,7.0701708627013,0.0881749106974676,9.333864835552456,12,12,0,12.962353969991796,0.04845638173349846,-0.11696600346757857
샐러드,식단,37,0.22229931318489243,0.07979123339263801,0.09839772291138882,395,530,5,7.0701708627013,0.0881749106974676,9.333864835552456,45,50,1,11.512145789015328,0.022015250904421593,0.6179996287993352
샐러드,이거,10,0.32273371048784566,0.07882426737368183,0.07225510388818816,395,530,5,7.0701708627013,0.0881749106974676,9.333864835552456,11,11,1,9.699561833348628,0.014144179134227266,-0.24741876319929537
샐러드,빵,10,0.32273371048784566,0.07882426737368183,0.07225510388818816,395,530,5,7.0701708627013,0.0881749106974676,9.333864835552456,11,13,1,10.974751585537723,0.04370703583880799,-0.18739646410389865
샐러드,건강식,14,0.28451249767639697,0.07571106015001398,0.07561734795184635,395,530,5,7.0701708627013,0.0881749106974676,9.333864835552456,16,16,1,12.583078116489812,0.028909793635195004,-0.043184411977125046
샐러드,정기배송,9,0.3126833746327256,0.07445365063480514,0.06633863300615195,395,530,5,7.0701708627013,0.0881749106974676,9.333864835552456,10,13,6,5.5675856865324675,0.029095708574458083,-0.36799577813533074
샐러드,스테이크,9,0.3126833746327256,0.07445365063480514,0.06633863300615195,395,530,5,7.0701708627013,0.0881749106974676,9.333864835552456,10,10,5,9.923934003632297,0.01984843630013438,-0.26177734674687214
샐러드,음료,9,0.3126833746327256,0.07445365063480514,0.06633863300615195,395,530,5,7.0701708627013,0.0881749106974676,9.333864835552456,10,10,3,34.84349500679431,0.041626958029498215,0.47850385179365584
샐러드,추가,9,0.3126833746327256,0.07445365063480514,0.06633863300615195,395,530,5,7.0701708627013,0.0881749106974676,9.333864835552456,10,12,6,5.457901495829884,0.02707126849917565,-0.3781664241130278
샐러드,풍미가,9,0.3126833746327256,0.07445365063480514,0.06633863300615195,395,530,5,7.0701708627013,0.0881749106974676,9.333864835552456,10,12,8,6.006650233873797,0.03462951000027258,-0.3594710814524081
샐러드,카페,13,0.27494304665974545,0.07174959819708959,0.0703399784867966,395,530,5,7.0701708627013,0.0881749106974676,9.333864835552456,15,17,5,9.53209137456844,0.019370954423937513,-0.146510019142089
샐러드,없는,17,0.255524960806974,0.07170182430327501,0.07504527667072061,395,530,5,7.0701708627013,0.0881749106974676,9.333864835552456,20,20,2,38.97211282461994,0.7484842751333464,1.067832733868871
샐러드,고기,8,0.30026085463237523,0.06954526491832248,0.059990002209132955,395,530,5,7.0701708627013,0.0881749106974676,9.333864835552456,9,9,5,9.384401847783018,0.01696147225353527,-0.30150859430931537
샐러드,프리미엄,8,0.30026085463237523,0.06954526491832248,0.059990002209132955,395,530,5,7.0701708627013,0.0881749106974676,9.333864835552456,9,10,6,10.322556476565005,0.03189625149176668,-0.2626057364715247
샐러드,재료,8,0.30026085463237523,0.06954526491832248,0.059990002209132955,395,530,5,7.0701708627013,0.0881749106974676,9.333864835552456,9,11,4,15.860735063401176,0.05155692774043079,-0.0868121015061262
샐러드,아침에,8,0.30026085463237523,0.06954526491832248,0.059990002209132955,395,530,5,7.0701708627013,0.0881749106974676,9.333864835552456,9,10,0,13.706308128073902,0.03817255572109246,-0.16096280447789163
샐러드,식단일기,8,0.30026085463237523,0.06954526491832248,0.059990002209132955,395,530,5,7.0701708627013,0.0881749106974676,9.333864835552456,9,9,1,16.99234086653425,0.015499368204102797,-0.07824371811621549
샐러드,향이,8,0.30026085463237523,0.06954526491832248,0.059990002209132955,395,530,5,7.0701708627013,0.0881749106974676,9.333864835552456,9,11,8,6.789797818591701,0.03583430309556327,-0.35891692055688357
샐러드,아삭한,8,0.30026085463237523,0.06954526491832248,0.059990002209132955,395,530,5,7.0701708627013,0.0881749106974676,9.333864835552456,9,11,6,12.304003711183329,0.04490425134280293,-0.19366986577176662
샐러드,새우,8,0.30026085463237523,0.06954526491832248,0.059990002209132955,395,530,5,7.0701708627013,0.0881749106974676,9.333864835552456,9,11,8,6.335037694396258,0.027106520959142476,-0.3752434346145156
샐러드,후추,23,0.2213335960625073,0.06786385939090206,0.07608482646514257,395,530,5,7.0701708627013,0.0881749106974676,9.333864835552456,28,31,4,18.832113232838758,0.03880518050621961,0.43737402155630584
샐러드,운동,12,0.26389321047266656,0.06745696794468568,0.06479301165919385,395,530,5,7.0701708627013,0.0881749106974676,9.333864835552456,14,14,6,7.204008725511268,0.014802442701969282,-0.25193368114763887
샐러드,포케,29,0.2018207818407617,0.06661556923528214,0.07842613981235391,395,530,5,7.0701708627013,0.0881749106974676,9.333864835552456,36,48,8,6.494537228220827,0.02214853659243049,0.3083112791976291
샐러드,따라,7,0.2845124976622921,0.06392074833057144,0.05310702997967267,395,530,5,7.0701708627013,0.0881749106974676,9.333864835552456,8,9,5,8.511807697355254,0.022157483553394405,-0.3420421473738357
샐러드,1T,7,0.2845124976622921,0.06392074833057144,0.05310702997967267,395,530,5,7.0701708627013,0.0881749106974676,9.333864835552456,8,18,5,6.598996960015304,0.013180063865964027,-0.3449953558076425
샐러드,서비스가,7,0.2845124976622921,0.06392074833057144,0.05310702997967267,395,530,5,7.0701708627013,0.0881749106974676,9.333864835552456,8,13,2,51.07262942220989,0.914915118022948,1.2366664690845033
샐러드,진한,7,0.2845124976622921,0.06392074833057144,0.05310702997967267,395,530,5,7.0701708627013,0.0881749106974676,9.333864835552456,8,9,0,14.32085503766594,0.05913019171137858,-0.15868768419100948
샐러드,푸드스타그램,7,0.2845124976622921,0.06392074833057144,0.05310702997967267,395,530,5,7.0701708627013,0.0881749106974676,9.333864835552456,8,8,2,51.07262942220989,0.9167714470515224,1.205993728576472
샐러드,제대로,7,0.2845124976622921,0.06392074833057144,0.05310702997967267,395,530,5,7.0701708627013,0.0881749106974676,9.333864835552456,8,9,5,10.339403215691767,0.025566047135477773,-0.2871375462642236
샐러드,뿌려,7,0.2845124976622921,0.06392074833057144,0.05310702997967267,395,530,5,7.0701708627013,0.0881749106974676,9.333864835552456,8,10,4,17.66307995492468,0.04613010746101206,-0.058524612454320384
샐러드,샐러드레시피,7,0.2845124976622921,0.06392074833057144,0.05310702997967267,395,530,5,7.0701708627013,0.0881749106974676,9.333864835552456,8,8,8,4.9835178526113415,0.01953766048548378,-0.45295973702221154
샐러드,우리,7,0.2845124976622921,0.06392074833057144,0.05310702997967267,395,530,5,7.0701708627013,0.0881749106974676,9.333864835552456,8,8,5,8.205342302923736,0.026583445346474308,-0.3558190815458787
샐러드,맞춰,7,0.2845124976622921,0.06392074833057144,0.05310702997967267,395,530,5,7.0701708627013,0.0881749106974676,9.333864835552456,8,8,3,36.491875718762714,0.04642507990146195,0.4828341348751472
샐러드,DM,7,0.2845124976622921,0.06392074833057144,0.05310702997967267,395,530,5,7.0701708627013,0.0881749106974676,9.333864835552456,8,8,2,49.89991903944463,0.9100524418193162,1.1692306688271281
샐러드,2T,7,0.2845124976622921,0.06392074833057144,0.05310702997967267,395,530,5,7.0701708627013,0.0881749106974676,9.333864835552456,8,8,5,8.008058486689707,0.018115372756656017,-0.36448506025437777
샐러드,올리브오일,25,0.20293251069267937,0.06385433398149648,0.07289691422500724,395,530,5,7.0701708627013,0.0881749106974676,9.333864835552456,31,43,5,15.491056192032326,0.03124910086691942,0.46155481210974036
샐러드,단체,11,0.2509898056362965,0.06276260257806887,0.05893474646749071,395,530,5,7.0701708627013,0.0881749106974676,9.333864835552456,13,15,3,32.96373504568782,0.0504093576386252,0.5073676994419188
샐러드,치킨,11,0.2509898056362965,0.06276260257806887,0.05893474646749071,395,530,5,7.0701708627013,0.0881749106974676,9.333864835552456,13,15,1,8.029271459793804,0.018756074494072426,-0.23669110339162092
샐러드,고소한,11,0.2509898056362965,0.06276260257806887,0.05893474646749071,395,530,5,7.0701708627013,0.0881749106974676,9.333864835552456,13,16,5,14.566706214728898,0.029402475805809,-0.034556367989620855
샐러드,오일,11,0.2509898056362965,0.06276260257806887,0.05893474646749071,395,530,5,7.0701708627013,0.0881749106974676,9.333864835552456,13,16,4,25.15338783582775,0.0486583983986735,0.28332328828041464
샐러드,샐러드를,18,0.21737319484477974,0.06199047647637066,0.06575544441477095,395,530,5,7.0701708627013,0.0881749106974676,9.333864835552456,22,28,4,19.8970533024363,0.038433020459670196,0.350029885993698
샐러드,소금,24,0.19490033899543482,0.060549194688157594,0.06852777748970218,395,530,5,7.0701708627013,0.0881749106974676,9.333864835552456,30,33,4,21.900588782688484,0.04791624292299575,0.5764761721383652
샐러드,신선한,14,0.22388787586331313,0.05957836149477659,0.059479278092856615,395,530,5,7.0701708627013,0.0881749106974676,9.333864835552456,17,21,6,5.113094006603599,0.0617796268003119,-0.20384382831290054
샐러드,발사믹,14,0.22388787586331313,0.05957836149477659,0.059479278092856615,395,530,5,7.0701708627013,0.0881749106974676,9.333864835552456,17,24,4,18.06331910836194,0.04923121516566658,0.19157586776079663
샐러드,올리고,14,0.22388787586331313,0.05957836149477659,0.059479278092856615,395,530,5,7.0701708627013,0.0881749106974676,9.333864835552456,17,17,4,20.331064582106688,0.060381584298054944,0.21822317530110533
샐러드,요리,10,0.2357223335051203,0.0575726663758466,0.052712762982891744,395,530,5,7.0701708627013,0.0881749106974676,9.333864835552456,12,18,5,13.246703053878576,0.026221155157266543,-0.07856152481654036
샐러드,훨씬,6,0.2638932104575672,0.05730368255797181,0.045544362811230865,395,530,5,7.0701708627013,0.0881749106974676,9.333864835552456,7,7,4,11.7708231801265,0.03995140450568748,-0.26931974759296384
샐러드,lunch,6,0.2638932104575672,0.05730368255797181,0.045544362811230865,395,530,5,7.0701708627013,0.0881749106974676,9.333864835552456,7,7,2,52.79796218073351,0.9438425544539605,1.243005857694452
샐러드,토스트,6,0.2638932104575672,0.05730368255797181,0.045544362811230865,395,530,5,7.0701708627013,0.0881749106974676,9.333864835552456,7,7,5,3.9042888043472646,0.005173934650255522,-0.5124452077477956
샐러드,되면,6,0.2638932104575672,0.05730368255797181,0.045544362811230865,395,530,5,7.0701708627013,0.0881749106974676,9.333864835552456,7,7,4,16.02420808019418,0.029221417075464984,-0.1478507140455939
샐러드,발사믹식초,6,0.2638932104575672,0.05730368255797181,0.045544362811230865,395,530,5,7.0701708627013,0.0881749106974676,9.333864835552456,7,10,5,11.24057640060253,0.018856539555909314,-0.27326824618887935
샐러드,유러피안,6,0.2638932104575672,0.05730368255797181,0.045544362811230865,395,530,5,7.0701708627013,0.0881749106974676,9.333864835552456,7,18,5,10.835520976411619,0.04154176363670933,-0.22742931910044353
샐러드,리코타치즈,6,0.2638932104575672,0.05730368255797181,0.045544362811230865,395,530,5,7.0701708627013,0.0881749106974676,9.333864835552456,7,9,5,4.3972081222736605,0.023181870419715332,-0.47933796355616115
샐러드,부라타,6,0.2638932104575672,0.05730368255797181,0.045544362811230865,395,530,5,7.0701708627013,0.0881749106974676,9.333864835552456,7,9,5,6.311469309833097,0.016428281669328876,-0.42532089890958236
샐러드,깊은,6,0.2638932104575672,0.05730368255797181,0.045544362811230865,395,530,5,7.0701708627013,0.0881749106974676,9.333864835552456,7,9,8,9.838265506427135,0.02560789833440949,-0.31848904310478526
샐러드,달달한,6,0.2638932104575672,0.05730368255797181,0.045544362811230865,395,530,5,7.0701708627013,0.0881749106974676,9.333864835552456,7,8,9,9.715720458628452,0.035772206700599746,-0.3249161336479648
샐러드,팔로우,6,0.2638932104575672,0.05730368255797181,0.045544362811230865,395,530,5,7.0701708627013,0.0881749106974676,9.333864835552456,7,7,5,8.272370864285788,0.012504619637939002,-0.3814952927978954
샐러드,기본,6,0.2638932104575672,0.05730368255797181,0.045544362811230865,395,530,5,7.0701708627013,0.0881749106974676,9.333864835552456,7,7,5,12.035668187890336,0.017169655411307633,-0.2692343073992145
샐러드,연어,6,0.2638932104575672,0.05730368255797181,0.045544362811230865,395,530,5,7.0701708627013,0.0881749106974676,9.333864835552456,7,7,5,7.795912140728307,0.008799846522193473,-0.39676138411883277
샐러드,불고기,6,0.2638932104575672,0.05730368255797181,0.045544362811230865,395,530,5,7.0701708627013,0.0881749106974676,9.333864835552456,7,8,5,14.140582884426259,0.03710470081120954,-0.19432461390035988
샐러드,그런지,6,0.2638932104575672,0.05730368255797181,0.045544362811230865,395,530,5,7.0701708627013,0.0881749106974676,9.333864835552456,7,7,1,10.35458069807797,0.03522722373392292,-0.3125708206991436
샐러드,소스가,6,0.2638932104575672,0.05730368255797181,0.045544362811230865,395,530,5,7.0701708627013,0.0881749106974676,9.333864835552456,7,7,1,7.670696187292672,0.036190317781056754,-0.39118164437132535
샐러드,버터,6,0.2638932104575672,0.05730368255797181,0.045544362811230865,395,530,5,7.0701708627013,0.0881749106974676,9.333864835552456,7,8,4,17.053438209285375,0.03408788753164617,-0.10967395922770996
샐러드,건강한,23,0.18624227625235976,0.05710438845742261,0.06403985142051981,395,530,5,7.0701708627013,0.0881749106974676,9.333864835552456,29,33,5,21.17132775504752,0.03219922521259161,0.5330861738441188
샐러드,아보카도,13,0.21040452552597183,0.05490751757043084,0.05380465142727529,395,530,5,7.0701708627013,0.0881749106974676,9.333864835552456,16,18,0,11.417654744572983,0.039194180827522844,-0.061463002207216205
샐러드,레몬즙,13,0.21040452552597183,0.05490751757043084,0.05380465142727529,395,530,5,7.0701708627013,0.0881749106974676,9.333864835552456,16,17,4,15.50717299616711,0.03307699762953264,0.050486293989634716
맛있는,10월,5,0.25790754371524327,0.05387112032319368,0.025737426445431442,61,70,5,13.371487698813437,0.026278053034044322,1.0653534299713616,38,40,5,13.215279428563438,0.015651484618648466,0.48695221447958753
샐러드,살짝,16,0.1949003389927453,0.05377538774607131,0.05546824797401089,395,530,5,7.0701708627013,0.0881749106974676,9.333864835552456,20,24,0,11.33041340051246,0.04443153662464895,0.04180896165296251
샐러드,건강하게,9,0.2173731948366861,0.05175915708582801,0.046059900061654696,395,530,5,7.0701708627013,0.0881749106974676,9.333864835552456,11,13,6,5.248512725347699,0.034877179203922845,-0.35879849159835714
샐러드,사과,12,0.19490033899005524,0.04982085706605288,0.04783118537102169,395,530,5,7.0701708627013,0.0881749106974676,9.333864835552456,15,26,6,7.117338187947273,0.04578296035973871,-0.152258532908836
샐러드,저녁은,5,0.23572233348917104,0.049237125860419666,0.037084824101221533,395,530,5,7.0701708627013,0.0881749106974676,9.333864835552456,6,6,5,7.712100712060353,0.01775673894643262,-0.419084117330294
샐러드,가게,5,0.23572233348917104,0.049237125860419666,0.037084824101221533,395,530,5,7.0701708627013,0.0881749106974676,9.333864835552456,6,6,5,10.028408882014293,0.03803677395091283,-0.3441005026543057
샐러드,비건,5,0.23572233348917104,0.049237125860419666,0.037084824101221533,395,530,5,7.0701708627013,0.0881749106974676,9.333864835552456,6,7,5,6.510734449176686,0.013732462033917002,-0.4495186230703002
샐러드,식감,5,0.23572233348917104,0.049237125860419666,0.037084824101221533,395,530,5,7.0701708627013,0.0881749106974676,9.333864835552456,6,9,6,11.464676192524639,0.018264718537076067,-0.28976395490822626
샐러드,좋게,5,0.23572233348917104,0.049237125860419666,0.037084824101221533,395,530,5,7.0701708627013,0.0881749106974676,9.333864835552456,6,7,4,30.238166815501884,0.048559334589090716,0.26011303056413254
샐러드,수거,5,0.23572233348917104,0.049237125860419666,0.037084824101221533,395,530,5,7.0701708627013,0.0881749106974676,9.333864835552456,6,6,2,54.53822280264681,0.9734759109876884,1.2813234978883912
샐러드,월금,5,0.23572233348917104,0.049237125860419666,0.037084824101221533,395,530,5,7.0701708627013,0.0881749106974676,9.333864835552456,6,6,2,54.53822280264681,0.9734759109876884,1.2813234978883912
샐러드,당일주문이,5,0.23572233348917104,0.049237125860419666,0.037084824101221533,395,530,5,7.0701708627013,0.0881749106974676,9.333864835552456,6,6,2,54.53822280264681,0.9734759109876884,1.2813234978883912
샐러드,볼에,5,0.23572233348917104,0.049237125860419666,0.037084824101221533,395,530,5,7.0701708627013,0.0881749106974676,9.333864835552456,6,6,4,23.710327947317793,0.0478068657323077,0.06160630565248325
샐러드,23일,5,0.23572233348917104,0.049237125860419666,0.037084824101221533,395,530,5,7.0701708627013,0.0881749106974676,9.333864835552456,6,7,7,5.65453652514459,0.010953200591589201,-0.4756403587554152
샐러드,안녕하세요배달,5,0.23572233348917104,0.049237125860419666,0.037084824101221533,395,530,5,7.0701708627013,0.0881749106974676,9.333864835552456,6,6,2,54.53822280264681,0.9734759109876884,1.2813234978883912
샐러드,불가합니다연락처,5,0.23572233348917104,0.049237125860419666,0.037084824101221533,395,530,5,7.0701708627013,0.0881749106974676,9.333864835552456,6,6,2,54.53822280264681,0.9734759109876884,1.2813234978883912
샐러드,푸디스퀘어,5,0.23572233348917104,0.049237125860419666,0.037084824101221533,395,530,5,7.0701708627013,0.0881749106974676,9.333864835552456,6,6,2,54.53822280264681,0.9734759109876884,1.2813234978883912
샐러드,먹었어요,5,0.23572233348917104,0.049237125860419666,0.037084824101221533,395,530,5,7.0701708627013,0.0881749106974676,9.333864835552456,6,6,5,7.801080871993653,0.018615536943533025,-0.41617668040177297
샐러드,저녁에,5,0.23572233348917104,0.049237125860419666,0.037084824101221533,395,530,5,7.0701708627013,0.0881749106974676,9.333864835552456,6,6,5,9.451434877318945,0.016562268345028736,-0.36833198227269137
샐러드,있으면,5,0.23572233348917104,0.049237125860419666,0.037084824101221533,395,530,5,7.0701708627013,0.0881749106974676,9.333864835552456,6,6,1,8.199222206177982,0.035456178704043266,-0.39877191173072735
샐러드,만드는,5,0.23572233348917104,0.049237125860419666,0.037084824101221533,395,530,5,7.0701708627013,0.0881749106974676,9.333864835552456,6,6,4,16.606793762970543,0.026934139866260292,-0.15437623407270928
샐러드,맛은,5,0.23572233348917104,0.049237125860419666,0.037084824101221533,395,530,5,7.0701708627013,0.0881749106974676,9.333864835552456,6,6,5,2.85053926014509,0.010949819827853351,-0.564370778948307
샐러드,은은한,5,0.23572233348917104,0.049237125860419666,0.037084824101221533,395,530,5,7.0701708627013,0.0881749106974676,9.333864835552456,6,6,5,8.28642825877381,0.014398362419682632,-0.4033280885670423
샐러드,healthy,5,0.23572233348917104,0.049237125860419666,0.037084824101221533,395,530,5,7.0701708627013,0.0881749106974676,9.333864835552456,6,6,5,4.980010087532381,0.009735803460552432,-0.5021508306659388
샐러드,문의사항은,5,0.23572233348917104,0.049237125860419666,0.037084824101221533,395,530,5,7.0701708627013,0.0881749106974676,9.333864835552456,6,6,2,54.53822280264681,0.9734759109876884,1.2813234978883912
샐러드,시나노골드,5,0.23572233348917104,0.049237125860419666,0.037084824101221533,395,530,5,7.0701708627013,0.0881749106974676,9.333864835552456,6,12,6,9.542355661739208,0.03520113627099041,-0.3217942856700089
샐러드,미리,5,0.23572233348917104,0.049237125860419666,0.037084824101221533,395,530,5,7.0701708627013,0.0881749106974676,9.333864835552456,6,12,7,5.121329807360535,0.00952726913538152,-0.4605043707610014
샐러드,미니,5,0.23572233348917104,0.049237125860419666,0.037084824101221533,395,530,5,7.0701708627013,0.0881749106974676,9.333864835552456,6,10,4,28.65374777562164,0.03912514141374443,0.2291031975205502
샐러드,맛집오늘뭐먹지,5,0.23572233348917104,0.049237125860419666,0.037084824101221533,395,530,5,7.0701708627013,0.0881749106974676,9.333864835552456,6,6,2,54.53822280264681,0.9734759109876884,1.2813234978883912
샐러드,제철,5,0.23572233348917104,0.049237125860419666,0.037084824101221533,395,530,5,7.0701708627013,0.0881749106974676,9.333864835552456,6,6,4,16.26089387456598,0.03873832801639067,-0.16055783140647104
샐러드,01096763990전화문의,5,0.23572233348917104,0.049237125860419666,0.037084824101221533,395,530,5,7.0701708627013,0.0881749106974676,9.333864835552456,6,6,2,54.53822280264681,0.9734759109876884,1.2813234978883912
샐러드,샐러드salad,5,0.23572233348917104,0.049237125860419666,0.037084824101221533,395,530,5,7.0701708627013,0.0881749106974676,9.333864835552456,6,6,2,54.53822280264681,0.9734759109876884,1.2813234978883912
샐러드,배달비,5,0.23572233348917104,0.049237125860419666,0.037084824101221533,395,530,5,7.0701708627013,0.0881749106974676,9.333864835552456,6,10,3,32.758290806219605,0.039754772393962065,0.35003602649487076
샐러드,씹히는,5,0.23572233348917104,0.049237125860419666,0.037084824101221533,395,530,5,7.0701708627013,0.0881749106974676,9.333864835552456,6,6,5,12.396799942350992,0.030550038669168306,-0.2769748167430551
샐러드,데일리,5,0.23572233348917104,0.049237125860419666,0.037084824101221533,395,530,5,7.0701708627013,0.0881749106974676,9.333864835552456,6,6,5,6.746133964164633,0.014871174883805039,-0.4484702436836048
샐러드,치킨텐더,5,0.23572233348917104,0.049237125860419666,0.037084824101221533,395,530,5,7.0701708627013,0.0881749106974676,9.333864835552456,6,6,5,6.6329897345656015,0.01826483550225849,-0.45065034382718067
샐러드,화이트,5,0.23572233348917104,0.049237125860419666,0.037084824101221533,395,530,5,7.0701708627013,0.0881749106974676,9.333864835552456,6,6,5,14.386485965178785,0.027677878674468446,-0.2194268464077677
샐러드,foodfoodfic,5,0.23572233348917104,0.049237125860419666,0.037084824101221533,395,530,5,7.0701708627013,0.0881749106974676,9.333864835552456,6,6,2,54.53822280264681,0.9734759109876884,1.2813234978883912
샐러드,instafood,5,0.23572233348917104,0.049237125860419666,0.037084824101221533,395,530,5,7.0701708627013,0.0881749106974676,9.333864835552456,6,6,2,54.53822280264681,0.9734759109876884,1.2813234978883912
샐러드,주문을,5,0.23572233348917104,0.049237125860419666,0.037084824101221533,395,530,5,7.0701708627013,0.0881749106974676,9.333864835552456,6,6,2,54.53822280264681,0.9734759109876884,1.2813234978883912
샐러드,복숭아,5,0.23572233348917104,0.049237125860419666,0.037084824101221533,395,530,5,7.0701708627013,0.0881749106974676,9.333864835552456,6,16,4,12.223944887542178,0.017475577455703533,-0.22387906154688147
샐러드,또먹고싶다,5,0.23572233348917104,0.049237125860419666,0.037084824101221533,395,530,5,7.0701708627013,0.0881749106974676,9.333864835552456,6,6,2,54.53822280264681,0.9734759109876884,1.2813234978883912
샐러드,쉬림프,8,0.19490033898467565,0.04514206729996645,0.038888164176020104,395,530,5,7.0701708627013,0.0881749106974676,9.333864835552456,10,12,8,4.766401297224707,0.012788864306292842,-0.40333414895943015
샐러드,한번,8,0.19490033898467565,0.04514206729996645,0.038888164176020104,395,530,5,7.0701708627013,0.0881749106974676,9.333864835552456,10,10,5,13.455186372473399,0.028839241980560468,-0.15487827845653157
샐러드,with,8,0.19490033898467565,0.04514206729996645,0.038888164176020104,395,530,5,7.0701708627013,0.0881749106974676,9.333864835552456,10,17,4,13.925166633005487,0.034624880420709596,-0.09527837019136776
샐러드,담백한,8,0.19490033898467565,0.04514206729996645,0.038888164176020104,395,530,5,7.0701708627013,0.0881749106974676,9.333864835552456,10,10,5,15.509523477384471,0.03718531113159847,-0.0916352222785306
샌드위치,좋은,6,0.19845093870188726,0.043093073804310815,0.021953004381857967,72,84,7,7.668240014779548,0.015309600876336388,1.1644377325085014,41,52,2,30.402195252888195,0.5826094207580212,1.3091678034040202
샐러드,먹어도,13,0.14977990371288782,0.039086814669286526,0.03829971319332311,395,530,5,7.0701708627013,0.0881749106974676,9.333864835552456,17,19,0,11.807924642243592,0.04870257052818157,-0.02388261501811695
샐러드,직접,13,0.14977990371288782,0.039086814669286526,0.03829971319332311,395,530,5,7.0701708627013,0.0881749106974676,9.333864835552456,17,18,6,8.10782045699821,0.03330468282735589,-0.1441745822818462
샐러드,아침,13,0.14977990371288782,0.039086814669286526,0.03829971319332311,395,530,5,7.0701708627013,0.0881749106974676,9.333864835552456,17,18,9,7.790721984118317,0.026494210190720163,-0.1558039222064109
샐러드,없이,10,0.15567962583742628,0.03802308854905376,0.034797648938142973,395,530,5,7.0701708627013,0.0881749106974676,9.333864835552456,13,13,9,8.317409589340729,0.031362478799211745,-0.23647373700994204
샐러드,the,7,0.16672946201856692,0.037458712951268985,0.031079157770996593,395,530,5,7.0701708627013,0.0881749106974676,9.333864835552456,9,17,8,10.86125622168452,0.021513055947921075,-0.20645243548184483
샐러드,유기농,7,0.16672946201856692,0.037458712951268985,0.031079157770996593,395,530,5,7.0701708627013,0.0881749106974676,9.333864835552456,9,12,0,15.271711118147177,0.04882469447278668,-0.09879990499399635
샐러드,과일,7,0.16672946201856692,0.037458712951268985,0.031079157770996593,395,530,5,7.0701708627013,0.0881749106974676,9.333864835552456,9,10,6,6.894445411846527,0.026848458394008047,-0.3651378964370534
샐러드,저당,7,0.16672946201856692,0.037458712951268985,0.031079157770996593,395,530,5,7.0701708627013,0.0881749106974676,9.333864835552456,9,19,6,5.212779901128341,0.03923894292815085,-0.3540669449721671
샐러드,드레싱을,7,0.16672946201856692,0.037458712951268985,0.031079157770996593,395,530,5,7.0701708627013,0.0881749106974676,9.333864835552456,9,10,4,28.69552552218716,0.04620823694503092,0.28260681828226974
샐러드,좋은,30,0.10566920527064315,0.03527324728053479,0.041899022939910414,395,530,5,7.0701708627013,0.0881749106974676,9.333864835552456,41,52,2,30.402195252888195,0.5826094207580212,1.3091678034040202
샐러드,배달,12,0.1303618178562814,0.03332337710618353,0.03199195490270423,395,530,5,7.0701708627013,0.0881749106974676,9.333864835552456,16,17,3,31.42403957408078,0.051222571612270555,0.524758090211325
샐러드,드레싱,12,0.1303618178562814,0.03332337710618353,0.03199195490270423,395,530,5,7.0701708627013,0.0881749106974676,9.333864835552456,16,19,4,20.99108716359642,0.04448818230934327,0.2281543490906897
샐러드,먹은,9,0.13036181785396087,0.031040707725562198,0.02761144727675282,395,530,5,7.0701708627013,0.0881749106974676,9.333864835552456,12,15,1,9.323322734866881,0.028400596205197623,-0.2119964860774105
샐러드,오픈,9,0.13036181785396087,0.031040707725562198,0.02761144727675282,395,530,5,7.0701708627013,0.0881749106974676,9.333864835552456,12,18,6,8.199022692174381,0.02088388882632979,-0.228825198517954
샐러드,식사,9,0.13036181785396087,0.031040707725562198,0.02761144727675282,395,530,5,7.0701708627013,0.0881749106974676,9.333864835552456,12,13,4,12.447645696987454,0.037210324265478247,-0.12964716565738232
샐러드,올리브유,9,0.13036181785396087,0.031040707725562198,0.02761144727675282,395,530,5,7.0701708627013,0.0881749106974676,9.333864835552456,12,16,0,12.90608641267513,0.0472285143824348,-0.09399573788792942
샐러드,브런치,21,0.09527049804911773,0.02841853386808504,0.031268925320467024,395,530,5,7.0701708627013,0.0881749106974676,9.333864835552456,29,33,9,6.71886610611347,0.04391195073455238,0.11198145330010012
샐러드,얇게,6,0.13036181784931938,0.02830770907203282,0.022468358837553822,395,530,5,7.0701708627013,0.0881749106974676,9.333864835552456,8,10,4,22.39745418785341,0.052518201529902164,0.08287967681514077
샐러드,식초,6,0.13036181784931938,0.02830770907203282,0.022468358837553822,395,530,5,7.0701708627013,0.0881749106974676,9.333864835552456,8,8,5,9.238932321653664,0.024825623763843077,-0.32601429865734505
샐러드,올리브오일은,6,0.13036181784931938,0.02830770907203282,0.022468358837553822,395,530,5,7.0701708627013,0.0881749106974676,9.333864835552456,8,11,0,15.329061944983682,0.040365633516538886,-0.12286034236823208
샐러드,곁들여,6,0.13036181784931938,0.02830770907203282,0.022468358837553822,395,530,5,7.0701708627013,0.0881749106974676,9.333864835552456,8,11,4,18.165887906931687,0.048944751759547114,-0.036524469588636116
샐러드,단호박,6,0.13036181784931938,0.02830770907203282,0.022468358837553822,395,530,5,7.0701708627013,0.0881749106974676,9.333864835552456,8,13,5,9.076015906758542,0.017662234983982977,-0.30192780285923543
샐러드,채소,6,0.13036181784931938,0.02830770907203282,0.022468358837553822,395,530,5,7.0701708627013,0.0881749106974676,9.333864835552456,8,9,6,3.9804618307674224,0.03088218815426068,-0.4723644885621797
샐러드,양배추,6,0.13036181784931938,0.02830770907203282,0.022468358837553822,395,530,5,7.0701708627013,0.0881749106974676,9.333864835552456,8,8,5,11.51646577343395,0.04335508873887696,-0.25276308026551697
샐러드,완벽한,6,0.13036181784931938,0.02830770907203282,0.022468358837553822,395,530,5,7.0701708627013,0.0881749106974676,9.333864835552456,8,9,6,5.000573453497531,0.012840392405331826,-0.4484627951353457
샐러드,매장,6,0.13036181784931938,0.02830770907203282,0.022468358837553822,395,530,5,7.0701708627013,0.0881749106974676,9.333864835552456,8,8,5,11.99103398066669,0.022641236522310718,-0.24581011936996666
샐러드,1개,6,0.13036181784931938,0.02830770907203282,0.022468358837553822,395,530,5,7.0701708627013,0.0881749106974676,9.333864835552456,8,8,4,21.916348993363414,0.0440984859340301,0.053362303081646224
샐러드,접시에,6,0.13036181784931938,0.02830770907203282,0.022468358837553822,395,530,5,7.0701708627013,0.0881749106974676,9.333864835552456,8,9,4,23.90676392329353,0.04248590448738454,0.11761775432972213
샐러드,음식,6,0.13036181784931938,0.02830770907203282,0.022468358837553822,395,530,5,7.0701708627013,0.0881749106974676,9.333864835552456,8,8,5,9.819575913495964,0.013866032060981946,-0.3126429728608203
샐러드,건강식단,6,0.13036181784931938,0.02830770907203282,0.022468358837553822,395,530,5,7.0701708627013,0.0881749106974676,9.333864835552456,8,8,5,8.438204045069188,0.01916379931751269,-0.35147938272377466
샐러드,엑스트라버진올리브오일,6,0.13036181784931938,0.02830770907203282,0.022468358837553822,395,530,5,7.0701708627013,0.0881749106974676,9.333864835552456,8,8,0,15.76826436376233,0.04228883590247987,-0.12807276395578143
샐러드,오후,11,0.10788896200497083,0.02697875329124173,0.025322392255246778,395,530,5,7.0701708627013,0.0881749106974676,9.333864835552456,15,15,9,7.045809458773078,0.023071403969171032,-0.23090361168020349
샐러드,가볍게,11,0.10788896200497083,0.02697875329124173,0.025322392255246778,395,530,5,7.0701708627013,0.0881749106974676,9.333864835552456,15,17,4,16.6611437509651,0.04568543004873433,0.07206325363582143
샐러드,든든한,11,0.10788896200497083,0.02697875329124173,0.025322392255246778,395,530,5,7.0701708627013,0.0881749106974676,9.333864835552456,15,16,5,10.941754984805314,0.029401032842352594,-0.10791826677467371
샐러드,안녕하세요,8,0.09959015918863608,0.023066689837113435,0.01986469623512122,395,530,5,7.0701708627013,0.0881749106974676,9.333864835552456,11,11,5,9.242555528649643,0.020784181936524423,-0.2586144911516141
샐러드,먹을,15,0.08157165369041186,0.022112854243671612,0.022468015221092073,395,530,5,7.0701708627013,0.0881749106974676,9.333864835552456,21,23,1,11.742189222016243,0.04392267513791933,0.06411418614759443
샐러드,부드러운,10,0.08157165368871203,0.019923006588785114,0.018235158969952762,395,530,5,7.0701708627013,0.0881749106974676,9.333864835552456,14,14,8,8.233493393241154,0.032087123920311926,-0.2158101312712038
샐러드,샐러드로,10,0.08157165368871203,0.019923006588785114,0.018235158969952762,395,530,5,7.0701708627013,0.0881749106974676,9.333864835552456,14,14,5,8.786057497632761,0.0155604708401395,-0.20514724555319203
샌드위치,10월,5,0.09211528889622672,0.019240824600358843,0.009265327210555568,72,84,7,7.668240014779548,0.015309600876336388,1.1644377325085014,38,40,5,13.215279428563438,0.015651484618648466,0.48695221447958753
샐러드,신메뉴,5,0.08157165368361252,0.01703849490887169,0.012817874563639826,395,530,5,7.0701708627013,0.0881749106974676,9.333864835552456,7,9,5,6.1203785900256165,0.021500688609521607,-0.42922581247543146
샐러드,병아리콩,5,0.08157165368361252,0.01703849490887169,0.012817874563639826,395,530,5,7.0701708627013,0.0881749106974676,9.333864835552456,7,8,5,5.312143886936523,0.03067079726591398,-0.45615612473030975
샐러드,간편하게,5,0.08157165368361252,0.01703849490887169,0.012817874563639826,395,530,5,7.0701708627013,0.0881749106974676,9.333864835552456,7,7,5,11.41965705801018,0.033004777931224874,-0.28199710358051294
샐러드,어울리는,5,0.08157165368361252,0.01703849490887169,0.012817874563639826,395,530,5,7.0701708627013,0.0881749106974676,9.333864835552456,7,8,5,9.076906209232424,0.014262215405732803,-0.3509784147252621
샐러드,오늘의,16,0.055138396623530546,0.015213358137039426,0.015710135328721543,395,530,5,7.0701708627013,0.0881749106974676,9.333864835552456,23,23,7,6.391605217416959,0.021129242681655638,-0.06770825678922152
샐러드,메뉴가,7,0.0613689463708673,0.013787615688294761,0.011437695345888267,395,530,5,7.0701708627013,0.0881749106974676,9.333864835552456,10,10,9,9.189727678740539,0.035190253879648976,-0.27818323474522255
샐러드,샐러드가,7,0.0613689463708673,0.013787615688294761,0.011437695345888267,395,530,5,7.0701708627013,0.0881749106974676,9.333864835552456,10,11,1,9.351188163500357,0.021914946700111928,-0.2716636223140497
샐러드,당일,7,0.0613689463708673,0.013787615688294761,0.011437695345888267,395,530,5,7.0701708627013,0.0881749106974676,9.333864835552456,10,12,5,9.644889701375217,0.013627091281291841,-0.25956804744798545
샐러드,최대한,7,0.0613689463708673,0.013787615688294761,0.011437695345888267,395,530,5,7.0701708627013,0.0881749106974676,9.333864835552456,10,10,3,34.58064977625616,0.055958499882341736,0.4756196620993622
샐러드,남은,7,0.0613689463708673,0.013787615688294761,0.011437695345888267,395,530,5,7.0701708627013,0.0881749106974676,9.333864835552456,10,11,4,14.040306677372069,0.027262635206480017,-0.13194219106436228
샐러드,단백질,7,0.0613689463708673,0.013787615688294761,0.011437695345888267,395,530,5,7.0701708627013,0.0881749106974676,9.333864835552456,10,10,5,9.135018738567217,0.021010173799389274,-0.284587504099942
샐러드,소스,11,0.04335044087119713,0.010840227096417005,0.010179258378133162,395,530,5,7.0701708627013,0.0881749106974676,9.333864835552456,16,23,4,13.78947304618123,0.03704289139578286,0.03886823137465837
샐러드,치즈,14,0.012578782206317494,0.003347314947548036,0.0033463001393115857,395,530,5,7.0701708627013,0.0881749106974676,9.333864835552456,21,27,4,16.829391019220182,0.03492477082009195,0.23573297029727483
샐러드,오이,10,0.012578782206100418,0.003072233422254511,0.002813599139471864,395,530,5,7.0701708627013,0.0881749106974676,9.333864835552456,15,17,4,10.746953524783123,0.03433251294182448,-0.10571987729063137
샐러드,무화과,10,0.012578782206100418,0.003072233422254511,0.002813599139471864,395,530,5,7.0701708627013,0.0881749106974676,9.333864835552456,15,25,4,13.90933384706315,0.035652945500172194,0.03781711310466361
샐러드,양파,6,0.012578782205594344,0.0027314478505355323,0.0021683133328602275,395,530,5,7.0701708627013,0.0881749106974676,9.333864835552456,9,11,4,20.67824784400341,0.0397666803240444,0.050890118359791
샐러드,화이트발사믹,6,0.012578782205594344,0.0027314478505355323,0.0021683133328602275,395,530,5,7.0701708627013,0.0881749106974676,9.333864835552456,9,9,0,14.572194982648716,0.04970961154895208,-0.13785462131126802
