category_name,product_name,brand,product_url,price,review_count,review_date,review_text
도시락·밥류,간편 미식 덮밥 도시락 4종 (택1),온더고,https://www.kurly.com/goods/5135831,5980,54399,2025.07.09,"간단하게 한 끼, 비빔밥 좋아요!
소고기 비빔밥에 다양한 채소와 달걀 후라이까지 모두 들어있어요. 영양소적인 면에서도 좋고 고소하고 맛있네요. 
비빔밥의 양념장이 고추장 베이스니까 많이 맵진 않더라도 아이들에게 줄 때에는 양념장을 조금 덜어내도 될 것 같아요. 가운데 부분에 있으니까 덜어내기 쉬워요.
양도 딱 적당하고 전자레인지에서 뚜껑 비닐 벗기지 않고도 골고루 잘 데워져서 먹기 좋았어요. 
온더고 다른 시리즈들도 맛있는데 소고기 비빔밥이 손이 먼저 가네요. 기대했던대로 맛있었어요. 
간단한 도시락이나 냉동실 비상 식량으로 추천합니다."
도시락·밥류,간편 미식 덮밥 도시락 4종 (택1),온더고,https://www.kurly.com/goods/5135831,5980,54399,2025.04.15,"후기 귀찮아서 이렇게 까지 안쓰는데 진짜 맛있어요! 
일반 컵밥같은거랑 비교도 안될정도로 풍성합니다 물론 가격 차이가 있겠지만 아무튼 귀차니즘이나 자취생들에게는 외식이나 컵밥, 라면 보다 최고에요
레토르트 맛에 되게 민감?한 편인데 1도 안나고 그냥 집밥 얼려둔거 해동해 먹는맛
조리도 전자렌지에 툭 넣고 뚜껑만 뜯어 먹으면 되니까 편해요 특히 비빔밥이 나물도 많고 소고기 다진것도 씹히고 양념도 맛있고 양도 많고 짜지 않아서 너무 좋더라고 진짜 집밥 먹는 기분 오징어 제육덮밥도 고기나 오징어 야채가 큼지막하게 많이 들어가 있어서 좋아요 
밥해먹기 귀찮은날 한번씩 먹고있는데 다 먹으면 다른 것도 먹어볼게요"
도시락·밥류,간편 미식 덮밥 도시락 4종 (택1),온더고,https://www.kurly.com/goods/5135831,5980,54399,2025.02.13,"요즘 물가가 너무 비싸 점심식사라도 아껴보려고 친구에게 추천받아 구매해봤습니다~
1) 돈까스카레는 에어프라이기가 아니라 바삭하진 않지만 푸짐한 양과 맛있는 카레의 조화가 좋았고,
2) 불고기카레는 모짜렐라 치즈가 들어있어 더 맛있고 중독성있었어요. 제가 카레를 많이 좋아하긴 합니다~
3) 전주비빔밥은 모든것이 다 들어있고 계란후라이가 들어있으니 너무 맛있고 푸짐했습니다. 한끼 식사로 너무 좋아요,,
3) 김치제육은 매콤한맛이라 중간중간 느끼할 때 먹어주면 너무 좋을만큼 맛있었어요!
특히 김치가 맛있었습니다.
별다른거 없이 전자레인지에 돌려주기만 하면 되니 너무 간편하고 보관하기도 좋았어요~
재구매 하려 합니다~"
도시락·밥류,간편 미식 덮밥 도시락 4종 (택1),온더고,https://www.kurly.com/goods/5135831,5980,54399,2025.09.23,맛있어요   푸짐해요
도시락·밥류,간편 미식 덮밥 도시락 4종 (택1),온더고,https://www.kurly.com/goods/5135831,5980,54399,2025.09.23,맛있고 간편해요~ 재구매할거예요
도시락·밥류,간편 미식 덮밥 도시락 4종 (택1),온더고,https://www.kurly.com/goods/5135831,5980,54399,2025.09.23,오 맛있고 간편해서 짱이예요
도시락·밥류,간편 미식 덮밥 도시락 4종 (택1),온더고,https://www.kurly.com/goods/5135831,5980,54399,2025.09.23,렌지에 돌리기만하면 되니까 편리하고 맛도 있어요~
도시락·밥류,간편 미식 덮밥 도시락 4종 (택1),온더고,https://www.kurly.com/goods/5135831,5980,54399,2025.09.23,직장생활하는 주부라서 간편식 주문했는데 아이 혼자 있을 때  렌지에 돌리기만하면 되니까 편리하고 맛도 있어요~
도시락·밥류,간편 미식 덮밥 도시락 4종 (택1),온더고,https://www.kurly.com/goods/5135831,5980,54399,2025.09.23,"맛있어요.
소식좌라 양이 적당해요"
도시락·밥류,간편 미식 덮밥 도시락 4종 (택1),온더고,https://www.kurly.com/goods/5135831,5980,54399,2025.09.22,냉동도시락이지민~  온더고는 맛있어요
도시락·밥류,간편 미식 덮밥 도시락 4종 (택1),온더고,https://www.kurly.com/goods/5135831,5980,54399,2025.09.22,냉동도시락 중~ 맛있어요
도시락·밥류,간편 미식 덮밥 도시락 4종 (택1),온더고,https://www.kurly.com/goods/5135831,5980,54399,2025.09.22,"먹을만해요!
매콤매콤해요!"
도시락·밥류,간편 미식 덮밥 도시락 4종 (택1),온더고,https://www.kurly.com/goods/5135831,5980,54399,2025.09.22,맵찔이 매워 죽음 .. 먹고 배아팠어요 근데 치즈가 맛있어서 다음에 세일하면 또 살 듯
도시락·밥류,간편 미식 덮밥 도시락 4종 (택1),온더고,https://www.kurly.com/goods/5135831,5980,54399,2025.09.22,매워요 양배추랑 파는 흐물거려서 별로고 치즈가 진짜 맛있어요
도시락·밥류,간편 미식 덮밥 도시락 4종 (택1),온더고,https://www.kurly.com/goods/5135831,5980,54399,2025.09.22,온더고 도시락 정말 좋아요~ 맛있어요!!!
도시락·밥류,간편 미식 덮밥 도시락 4종 (택1),온더고,https://www.kurly.com/goods/5135831,5980,54399,2025.09.22,조리해먹기 편하고 한끼식사로 괜찮은 도시락이에요. 맛도 좋습니다
도시락·밥류,간편 미식 덮밥 도시락 4종 (택1),온더고,https://www.kurly.com/goods/5135831,5980,54399,2025.09.22,매주 시키고 있습니다 굿굿 맛있어요__
도시락·밥류,간편 미식 덮밥 도시락 4종 (택1),온더고,https://www.kurly.com/goods/5135831,5980,54399,2025.09.22,매주 시키고 있습니다 굿굿 맛있습니다
도시락·밥류,간편 미식 덮밥 도시락 4종 (택1),온더고,https://www.kurly.com/goods/5135831,5980,54399,2025.09.22,매주 시키고 있습니다 굿굿 맛있어요ㅋㅋㅋㅋ
도시락·밥류,간편 미식 덮밥 도시락 4종 (택1),온더고,https://www.kurly.com/goods/5135831,5980,54399,2025.09.22,매주 시키고 있습니다 굿굿 맛있어요ㅋ케
도시락·밥류,간편 미식 덮밥 도시락 4종 (택1),온더고,https://www.kurly.com/goods/5135831,5980,54399,2025.09.22,매주 시키고 있습니다 굿굿 맛있어요!!ㅋ
도시락·밥류,간편 미식 덮밥 도시락 4종 (택1),온더고,https://www.kurly.com/goods/5135831,5980,54399,2025.09.22,매주 시키고 있습니다 굿굿 맛있어요~~
도시락·밥류,간편 미식 덮밥 도시락 4종 (택1),온더고,https://www.kurly.com/goods/5135831,5980,54399,2025.09.22,매주 시키고 있습니다 굿굿 맛있어요!
도시락·밥류,간편 미식 덮밥 도시락 4종 (택1),온더고,https://www.kurly.com/goods/5135831,5980,54399,2025.09.22,전자레인지에 돌려서 먹으면 편해요
도시락·밥류,간편 미식 덮밥 도시락 4종 (택1),온더고,https://www.kurly.com/goods/5135831,5980,54399,2025.09.22,전자렌지에 돌리면 편해요
도시락·밥류,간편 미식 덮밥 도시락 4종 (택1),온더고,https://www.kurly.com/goods/5135831,5980,54399,2025.09.22,무난하게 먹었습니다
도시락·밥류,간편 미식 덮밥 도시락 4종 (택1),온더고,https://www.kurly.com/goods/5135831,5980,54399,2025.09.22,가격 대비 간편하게 먹을 수 있어서 좋았어요
도시락·밥류,간편 미식 덮밥 도시락 4종 (택1),온더고,https://www.kurly.com/goods/5135831,5980,54399,2025.09.22,아이가 좋아해서 자주 구매해요
도시락·밥류,간편 미식 덮밥 도시락 4종 (택1),온더고,https://www.kurly.com/goods/5135831,5980,54399,2025.09.22,온더고 도시락이 제일 맛있어요.비빔밥도 내용도 좋고 계란도 들었어요.
도시락·밥류,간편 미식 덮밥 도시락 4종 (택1),온더고,https://www.kurly.com/goods/5135831,5980,54399,2025.09.22,조금 매워요. 온더고 도시락이 제일 맛있어요.
도시락·밥류,간편 미식 덮밥 도시락 4종 (택1),온더고,https://www.kurly.com/goods/5135831,5980,54399,2025.09.22,온더고 도시락이 제일 맛있어요.
도시락·밥류,간편 미식 덮밥 도시락 4종 (택1),온더고,https://www.kurly.com/goods/5135831,5980,54399,2025.09.22,아침에 아들이 간단히 먹을때 아주 좋아요
도시락·밥류,간편 미식 덮밥 도시락 4종 (택1),온더고,https://www.kurly.com/goods/5135831,5980,54399,2025.09.22,자주 시켜 먹을 정도로 맛있어요 ㅠㅠ
도시락·밥류,간편 미식 덮밥 도시락 4종 (택1),온더고,https://www.kurly.com/goods/5135831,5980,54399,2025.09.22,자주 시켜 먹을 정도로 맛있어요!
도시락·밥류,간편 미식 덮밥 도시락 4종 (택1),온더고,https://www.kurly.com/goods/5135831,5980,54399,2025.09.22,냉동비빔밥같지 않아요 굿
도시락·밥류,간편 미식 덮밥 도시락 4종 (택1),온더고,https://www.kurly.com/goods/5135831,5980,54399,2025.09.22,불닭 생각보다 더 맵고 짠데 그래도 치즈도 많고 맛있어요
도시락·밥류,간편 미식 덮밥 도시락 4종 (택1),온더고,https://www.kurly.com/goods/5135831,5980,54399,2025.09.21,맛있어요 배송도 빠르네요
도시락·밥류,간편 미식 덮밥 도시락 4종 (택1),온더고,https://www.kurly.com/goods/5135831,5980,54399,2025.09.21,남편이 먹을만하대요
도시락·밥류,간편 미식 덮밥 도시락 4종 (택1),온더고,https://www.kurly.com/goods/5135831,5980,54399,2025.09.21,해물잡채가 많이 들어있어서 맛있어요
도시락·밥류,간편 미식 덮밥 도시락 4종 (택1),온더고,https://www.kurly.com/goods/5135831,5980,54399,2025.09.21,간편식 필요해서 자주 삽니다
도시락·밥류,간편 미식 덮밥 도시락 4종 (택1),온더고,https://www.kurly.com/goods/5135831,5980,54399,2025.09.21,한끼로 충분해서 자주 사게 됩니다
도시락·밥류,간편 미식 덮밥 도시락 4종 (택1),온더고,https://www.kurly.com/goods/5135831,5980,54399,2025.09.21,온더고 제품중에 가장 많이 주문 했구요 애들이 잘 먹어요
도시락·밥류,간편 미식 덮밥 도시락 4종 (택1),온더고,https://www.kurly.com/goods/5135831,5980,54399,2025.09.21,온더고 중에 제일 많이 시켜 먹었습니다
도시락·밥류,간편 미식 덮밥 도시락 4종 (택1),온더고,https://www.kurly.com/goods/5135831,5980,54399,2025.09.21,비상식량으로 좋아요. 맛도 좋아요
도시락·밥류,간편 미식 덮밥 도시락 4종 (택1),온더고,https://www.kurly.com/goods/5135831,5980,54399,2025.09.21,오랫만에 구매~~ 맛있어요 간편하고 편해요 굿
도시락·밥류,간편 미식 덮밥 도시락 4종 (택1),온더고,https://www.kurly.com/goods/5135831,5980,54399,2025.09.21,오랫만에 먹으니 맛있고 좋네요 간편하게 맛있는 비빔밥 뚝딱~~ 냉동치곤~굿
도시락·밥류,간편 미식 덮밥 도시락 4종 (택1),온더고,https://www.kurly.com/goods/5135831,5980,54399,2025.09.21,전 집에 있던 치즈 추가해서 먹으니 더 맛있네요~
도시락·밥류,간편 미식 덮밥 도시락 4종 (택1),온더고,https://www.kurly.com/goods/5135831,5980,54399,2025.09.21,간단히 조리 가능해서 먹기도 편하고 적당히 매콤하고 맛있어서 재구매 해야겠어요~
도시락·밥류,간편 미식 덮밥 도시락 4종 (택1),온더고,https://www.kurly.com/goods/5135831,5980,54399,2025.09.21,점심식사 대용으로 주문해봤어요
도시락·밥류,간편 미식 덮밥 도시락 4종 (택1),온더고,https://www.kurly.com/goods/5135831,5980,54399,2025.09.21,맛있다고해서 구매합니다
도시락·밥류,[제일맞게컬리] 현미곤약 주먹밥 3종 (택1),2개 사면 33%,https://www.kurly.com/goods/1001191650,5980,4372,2025.08.07,"몇번째 재구매하는 제품입니다.
저희집에서는 종류별로 삼각김밥을 구입해서 냉동실에 쟁여두고 있어요 
출근길 등원길 외출길에 준비가 안되어있을때마다 너무 잘 이용하고 있거든요

그러던중 삼각김밥이지만 조금은 다이어트에 도움이 되고싶은 마음에 
(365일 다이어트중이라...)
cj와 컬리의 합작품인 현미곤약주먹밥을 구입했는데
여러가지 시리지중에서 김치베이컨이 저희집에서 제일 인기가 많네요 
저도 그렇지만 초등아이도 좋아하는 맛이에요 

사실 맛은 좋은데 간편한음식은 많이 없잖아요
그치만 김치베이컨 현미곤약 주먹밥은 맛도 좋고 간편해요 
특히 곤약때문에 톡톡터지는 식감때문에 재밋게 먹을 수 있네요

살짝 매콤하지만 충분히 초등고학년 아이도 먹을 수 있는 매움이에요
하나먹는다고 배부름은 아니지만 
바쁜일상에 가볍게 한끼로 추천합니다

칼로리 155kcl
전자레인지1:30~2분정도 돌리면 완성"
도시락·밥류,[제일맞게컬리] 현미곤약 주먹밥 3종 (택1),2개 사면 33%,https://www.kurly.com/goods/1001191650,5980,4372,2025.07.25,"두번째 구매예요,처음 구매때 먹어보고 반한맛입니다
간장베이스랑 닭가슴살이랑 밥이랑 정말 잘 어우러져서 넘 맛있게 먹었어요,그리고 짜지않으면서  감칠맛이 있어서 렌지에 2개데워 먹었는데 3개 먹을뻔 했어요  재구매한것 오늘은 토마토 스프랑
또 맛나게 먹었습니다"
도시락·밥류,[제일맞게컬리] 현미곤약 주먹밥 3종 (택1),2개 사면 33%,https://www.kurly.com/goods/1001191650,5980,4372,2025.04.10,"다이어트 하는데 전주비빔, 고추장 이런 맛 좋아한다? 🙌🏻 ❕❕ 당장 사시오👍🏻❗️❗️

전주비빔이랑 고추장 맛 좋아하는데 맨~날 다이어트한다고 조금씩 참고 곤약 주먹밥 되게 많이 사봤는데요. 곤약 딱딱한 식감, 애매한 맛이 실망했는데 이건 맛있어요 !!!
사진처럼 개별포장으로 5개 들어있어서 할인하면 사먹을만해요. 해동 안된 상태로 살짝 봉투 뜯어서 전자렌지에 2분 데우면 딱 좋아요. 😚
곤약 식감 다른 곤약 주먹밥에 비해서 확실히 적고 맛있구요. 과하지 않게 비빔, 고추장 맛 나서 진짜루 맛있고 또 인위적인맛 xx 아님 ! 맛있어요. 
〰️
✔️개별 포장 5개입
✔️딱 전주 비빔맛
✔️전자렌지에 편하게 먹을 수 있음
✔️세일할 때 사셔용 ㅋㅋ !!"
도시락·밥류,[제일맞게컬리] 현미곤약 주먹밥 3종 (택1),2개 사면 33%,https://www.kurly.com/goods/1001191650,5980,4372,2025.09.23,주먹밥 중에 제일 맛나요 칼로리도 작아서 맘에듭니다
도시락·밥류,[제일맞게컬리] 현미곤약 주먹밥 3종 (택1),2개 사면 33%,https://www.kurly.com/goods/1001191650,5980,4372,2025.09.23,그림이랑 똑같이 생겼네요. 곤약이라는 생각 안들어요.
도시락·밥류,[제일맞게컬리] 현미곤약 주먹밥 3종 (택1),2개 사면 33%,https://www.kurly.com/goods/1001191650,5980,4372,2025.09.23,"저녁에 집에와서 간단하게 먹기좋을거같아서 사봤어요
한입크기라서 딱일거같아요 맛도 다르고 좋아요"
도시락·밥류,[제일맞게컬리] 현미곤약 주먹밥 3종 (택1),2개 사면 33%,https://www.kurly.com/goods/1001191650,5980,4372,2025.09.23,"저녁에 집에와서 간단하게 먹기좋을거같아서 사봤어요
한입크기라서 딱일거같아요"
도시락·밥류,[제일맞게컬리] 현미곤약 주먹밥 3종 (택1),2개 사면 33%,https://www.kurly.com/goods/1001191650,5980,4372,2025.09.22,아주 귀찮을때 유용한 주먹밥!! 냉동실에 쟁여두면 마음이 든든합니다요 추천~~
도시락·밥류,[제일맞게컬리] 현미곤약 주먹밥 3종 (택1),2개 사면 33%,https://www.kurly.com/goods/1001191650,5980,4372,2025.09.22,간단하게 먹기 좋아요
도시락·밥류,[제일맞게컬리] 현미곤약 주먹밥 3종 (택1),2개 사면 33%,https://www.kurly.com/goods/1001191650,5980,4372,2025.09.22,"편의점 삼각김밥보다 살짝 작은 사이즈에요
곤약밥 느낌 별로 없고 맛있습니다. 전자렌지에 돌리기만해도 돼서 편리하고 좋네요"
도시락·밥류,[제일맞게컬리] 현미곤약 주먹밥 3종 (택1),2개 사면 33%,https://www.kurly.com/goods/1001191650,5980,4372,2025.09.22,이 주먹밥 맛 좋네요
도시락·밥류,[제일맞게컬리] 현미곤약 주먹밥 3종 (택1),2개 사면 33%,https://www.kurly.com/goods/1001191650,5980,4372,2025.09.22,나쁘지 않아요 ㅎㅎ
도시락·밥류,[제일맞게컬리] 현미곤약 주먹밥 3종 (택1),2개 사면 33%,https://www.kurly.com/goods/1001191650,5980,4372,2025.09.22,김치도 맛있어요 먹기편함
도시락·밥류,[제일맞게컬리] 현미곤약 주먹밥 3종 (택1),2개 사면 33%,https://www.kurly.com/goods/1001191650,5980,4372,2025.09.22,먹어보고 재주문했어요
도시락·밥류,[제일맞게컬리] 현미곤약 주먹밥 3종 (택1),2개 사면 33%,https://www.kurly.com/goods/1001191650,5980,4372,2025.09.21,살짝 짭짤하지만 다이어트 할때 자극적인 맛이 샹각날때 먹기 좋은것 같아요.
도시락·밥류,[제일맞게컬리] 현미곤약 주먹밥 3종 (택1),2개 사면 33%,https://www.kurly.com/goods/1001191650,5980,4372,2025.09.21,"적당히 매콤하니 좋아요. 
양은 한개로는 부족하네요."
도시락·밥류,[제일맞게컬리] 현미곤약 주먹밥 3종 (택1),2개 사면 33%,https://www.kurly.com/goods/1001191650,5980,4372,2025.09.21,늘 먹던 제품이에요 간편하게 먹기 좋아요!
도시락·밥류,[제일맞게컬리] 현미곤약 주먹밥 3종 (택1),2개 사면 33%,https://www.kurly.com/goods/1001191650,5980,4372,2025.09.21,간단히 저녁먹을때 먹으려 샀어요
도시락·밥류,[제일맞게컬리] 현미곤약 주먹밥 3종 (택1),2개 사면 33%,https://www.kurly.com/goods/1001191650,5980,4372,2025.09.21,건강해지려고 샀어요
도시락·밥류,[제일맞게컬리] 현미곤약 주먹밥 3종 (택1),2개 사면 33%,https://www.kurly.com/goods/1001191650,5980,4372,2025.09.21,간편해서 좋아욤🍙🍙
도시락·밥류,[제일맞게컬리] 현미곤약 주먹밥 3종 (택1),2개 사면 33%,https://www.kurly.com/goods/1001191650,5980,4372,2025.09.21,존맛 또살거예요 ㅎㅎ
도시락·밥류,[제일맞게컬리] 현미곤약 주먹밥 3종 (택1),2개 사면 33%,https://www.kurly.com/goods/1001191650,5980,4372,2025.09.21,안에 전주양념소스 들어있어요 조금 간간
도시락·밥류,[제일맞게컬리] 현미곤약 주먹밥 3종 (택1),2개 사면 33%,https://www.kurly.com/goods/1001191650,5980,4372,2025.09.21,김치주먹밥이 젤맛남 약간매콤
도시락·밥류,[제일맞게컬리] 현미곤약 주먹밥 3종 (택1),2개 사면 33%,https://www.kurly.com/goods/1001191650,5980,4372,2025.09.21,쟁여템으로 좋아요 간단하고 맛도 괜찮음
도시락·밥류,[제일맞게컬리] 현미곤약 주먹밥 3종 (택1),2개 사면 33%,https://www.kurly.com/goods/1001191650,5980,4372,2025.09.21,냉동실 쟁여템입니다  간단하게 먹을때 좋아요
도시락·밥류,[제일맞게컬리] 현미곤약 주먹밥 3종 (택1),2개 사면 33%,https://www.kurly.com/goods/1001191650,5980,4372,2025.09.21,"ㅂㅂㄱ 보다 크기는 작아요 ㅠ
근데 전주비빔밤 맛이 딱 맞아요. 
안에 소고기다진거도잇고
간은좀 세게되잇는편인데 짜진않음. 
재구매하려구요. 6천원정도면 ㄱㅊ은듯."
도시락·밥류,[제일맞게컬리] 현미곤약 주먹밥 3종 (택1),2개 사면 33%,https://www.kurly.com/goods/1001191650,5980,4372,2025.09.21,"5개 개별포장으로 들어 있어서 좋아요
저는 고기 먹고나서 볶아먹었어요"
도시락·밥류,[제일맞게컬리] 현미곤약 주먹밥 3종 (택1),2개 사면 33%,https://www.kurly.com/goods/1001191650,5980,4372,2025.09.21,좋아서 재구매합니다
도시락·밥류,[제일맞게컬리] 현미곤약 주먹밥 3종 (택1),2개 사면 33%,https://www.kurly.com/goods/1001191650,5980,4372,2025.09.21,간편한 아침식사로 좋아요. 맛은 평범해요.
도시락·밥류,[제일맞게컬리] 현미곤약 주먹밥 3종 (택1),2개 사면 33%,https://www.kurly.com/goods/1001191650,5980,4372,2025.09.21,괜찮아요 간단히 데워먹음 굿
도시락·밥류,[제일맞게컬리] 현미곤약 주먹밥 3종 (택1),2개 사면 33%,https://www.kurly.com/goods/1001191650,5980,4372,2025.09.21,김치 신맛이 많이 나는 편이에요. 간편해요.
도시락·밥류,[제일맞게컬리] 현미곤약 주먹밥 3종 (택1),2개 사면 33%,https://www.kurly.com/goods/1001191650,5980,4372,2025.09.21,맛도 다양해서 좋아요 : ) 시간없을떄 간편하게 전자렌지 돌려먹기 좋을거 같아 구매햇어요 ~! 곤약으로 만들어져서 다이어트 할 때 하나씩 꺼내먹기 좋을듯요
도시락·밥류,[제일맞게컬리] 현미곤약 주먹밥 3종 (택1),2개 사면 33%,https://www.kurly.com/goods/1001191650,5980,4372,2025.09.21,시간없을떄 간편하게 전자렌지 돌려먹기 좋을거 같아 구매햇어요 ~! 곤약으로 만들어져서 다이어트 할 때 하나씩 꺼내먹기 좋을듯요
도시락·밥류,[제일맞게컬리] 현미곤약 주먹밥 3종 (택1),2개 사면 33%,https://www.kurly.com/goods/1001191650,5980,4372,2025.09.21,전주비빔 맛은 확실히 감칠맛이 더 있네요! 현미곤약 주먹밥이라 건강할 것 같구요^^
도시락·밥류,[제일맞게컬리] 현미곤약 주먹밥 3종 (택1),2개 사면 33%,https://www.kurly.com/goods/1001191650,5980,4372,2025.09.21,닭가슴살 페퍼라 부담없이 가볍게 먹기 좋은 맛이예요!
도시락·밥류,[제일맞게컬리] 현미곤약 주먹밥 3종 (택1),2개 사면 33%,https://www.kurly.com/goods/1001191650,5980,4372,2025.09.21,식사나 간식으로 편하게 먹어요
도시락·밥류,[제일맞게컬리] 현미곤약 주먹밥 3종 (택1),2개 사면 33%,https://www.kurly.com/goods/1001191650,5980,4372,2025.09.21,도시락으로 간편하게
도시락·밥류,[제일맞게컬리] 현미곤약 주먹밥 3종 (택1),2개 사면 33%,https://www.kurly.com/goods/1001191650,5980,4372,2025.09.21,한끼 식사로 간편하게 좋아요
도시락·밥류,[제일맞게컬리] 현미곤약 주먹밥 3종 (택1),2개 사면 33%,https://www.kurly.com/goods/1001191650,5980,4372,2025.09.21,크게 부담도 없고 간편해서 좋아요
도시락·밥류,[제일맞게컬리] 현미곤약 주먹밥 3종 (택1),2개 사면 33%,https://www.kurly.com/goods/1001191650,5980,4372,2025.09.20,주먹밥 맛있어요~~
도시락·밥류,[제일맞게컬리] 현미곤약 주먹밥 3종 (택1),2개 사면 33%,https://www.kurly.com/goods/1001191650,5980,4372,2025.09.20,주먹밥 간편하고 좋아요
도시락·밥류,[제일맞게컬리] 현미곤약 주먹밥 3종 (택1),2개 사면 33%,https://www.kurly.com/goods/1001191650,5980,4372,2025.09.20,간단히 뚝딱 렌지에 돌리면 맛있어요
도시락·밥류,[제일맞게컬리] 현미곤약 주먹밥 3종 (택1),2개 사면 33%,https://www.kurly.com/goods/1001191650,5980,4372,2025.09.20,간편히 먹을수있어  너무 좋은데 맛도 좋아요
도시락·밥류,[제일맞게컬리] 현미곤약 주먹밥 3종 (택1),2개 사면 33%,https://www.kurly.com/goods/1001191650,5980,4372,2025.09.20,간단하게 먹기좋고 넘 맛있어용
도시락·밥류,[제일맞게컬리] 현미곤약 주먹밥 3종 (택1),2개 사면 33%,https://www.kurly.com/goods/1001191650,5980,4372,2025.09.20,"N차 구매. 중딩 하교 후 3개씩…5개 들어있으니, 전 세일할때 4봉ㅈ씩 구매합니다. 정망 잘 먹어요."
도시락·밥류,[제일맞게컬리] 현미곤약 주먹밥 3종 (택1),2개 사면 33%,https://www.kurly.com/goods/1001191650,5980,4372,2025.09.20,N차 구매. 중딩 하교 후 3개씩…전 세일할때 4봉지씩  구매합니다. 정망 잘 먹어요. 여기에 계란 후라이까지. 딱 입니다.
도시락·밥류,[제일맞게컬리] 현미곤약 주먹밥 3종 (택1),2개 사면 33%,https://www.kurly.com/goods/1001191650,5980,4372,2025.09.20,"중딩 하교 후 3개씩…5개 들어있으니, 전 세일할때 4봉ㅈ씩 구매합니다. 정망 잘 먹어요. 여기에 계란 후라이까지. 딱 입니다."
도시락·밥류,[제일맞게컬리] 현미곤약 주먹밥 3종 (택1),2개 사면 33%,https://www.kurly.com/goods/1001191650,5980,4372,2025.09.20,"N차 구매. 중딩 하교 후 3개씩…5개 들어있으니, 전 세일할때 4봉ㅈ씩 구매합니다. 정망 잘 먹어요. 여기에 계란 후라이까지. 딱 입니다."
도시락·밥류,[제일맞게컬리] 현미곤약 주먹밥 3종 (택1),2개 사면 33%,https://www.kurly.com/goods/1001191650,5980,4372,2025.09.20,제가 제일 좋아하는맛입니다
도시락·밥류,[제일맞게컬리] 현미곤약 주먹밥 3종 (택1),2개 사면 33%,https://www.kurly.com/goods/1001191650,5980,4372,2025.09.20,아침용으로 하나씩 먹어요
도시락·밥류,노릇노릇 주먹밥 500g 6종 (택1),햇반/쿡반,https://www.kurly.com/goods/1000185462,7980,59447,2025.01.15,"가볍게 먹을 아침식사 대용으로 주문했어요. 
버터장조림주먹밥이면 나름 탄단지도 균형있을 식단이고 맛도 좋을 것 같아서요. 1개 당 180키로칼로리로 열량도 나쁘지 않구요. 

조리 방법은 전자렌지 또는 에어프라이기이구요. 전자렌지만 있는 관계로 전자렌지에서만 해동시켜서 먹어봤어요. 
먼저는 전자렌지 전용용기에 담아 약 2분 해동시켰는데 이렇게 먹는게 좀 더 촉촉한 느낌입니다. 안에 장조림도 실하게 들어 있어서 아침 식사 거하게 안 먹는 분은 딱일 거 같아요. 
전용 용기에 담지 못할만큼 바쁠 땐 봉지 위를 살짝 뜯어서 약 2분 돌리면 되는데 저는 일부러 30초씩 끊어서 돌렸어요. 바쁜 아침엔 이렇게라도 챙겨먹으면 좋을 거 같아요. 
위에 김을 잘라서 도시락 싸도 괜찮을 거 같아 남은 걸로는 그렇게 도전해볼 생각입니다. 다른 맛들로도 구매해보고 싶네요^^"
도시락·밥류,노릇노릇 주먹밥 500g 6종 (택1),햇반/쿡반,https://www.kurly.com/goods/1000185462,7980,59447,2024.08.27,"햇반쿡반 불고기 주먹밥 우리집 냉동실 붙박이템이야. 불고기랑 밥이 정말 잘 어울려서 한 입 먹자마자 계속 손이 갔어. 
불고기의 달달하면서도 짭짤한 양념이 밥에 잘 배어있어서 간이 딱 맞아. 
게다가 밥도 그냥 밥이 아니라, 촉촉하고 고슬고슬한 식감이 좋아서 입안에서 잘 넘어가.  

주먹밥 크기도 적당하고, 한 끼로도 충분히 든든해. 
바쁜 아침이나 간편하게 먹고 싶을 때 전자레인지에 돌리기만 하면 되니까 정말 편리해. 
주먹밥이라 포크나 젓가락 필요 없이 손으로 먹을 수 있어서 더 간편하고 좋더라.

너도 한 번 먹어봐, 이거 진짜 강추야! 
맛있고 간편하게 한 끼 해결할 수 있어서 계속 사게 될꺼야 ㅎㅎㅎ"
도시락·밥류,노릇노릇 주먹밥 500g 6종 (택1),햇반/쿡반,https://www.kurly.com/goods/1000185462,7980,59447,2024.08.20,"원래 냉동밥은 크게 기대하지 않고 시키는데
의외로 너무 맛있게 먹었네요. 김치가 많이 씹히지는 않지만 김치맛이 많이 느껴지고 다 먹고 나면 입안이 은근 알싸한 게 순하게 매운맛이에요. 
출출했는데 배송와서 바로 한 개 전자레인지에 돌렸더니 김이 모락모락나는 촉촉한 주먹밥 2분 만에 완성이고 은근 배가 부릅니다. 아마 안에 들어있는 모짜렐라 치즈도 한 몫하지 않을까 싶네요. 쭉쭉 늘어나고 고소한 게 요즘 논란이 되고 있는 가짜 치즈는 아닌 것 같아 안심이에요. 칼로리도 생각보다 낮아서 여느 고칼로리 간식보다 건강한 간식으로도 제격이네요.  사진에 유통기한도 참고하셔서 현명한 소비하세요. 적극 추천합니다!!"
도시락·밥류,노릇노릇 주먹밥 500g 6종 (택1),햇반/쿡반,https://www.kurly.com/goods/1000185462,7980,59447,2025.09.23,간편하게 먹기 좋아요 맛있어요
도시락·밥류,노릇노릇 주먹밥 500g 6종 (택1),햇반/쿡반,https://www.kurly.com/goods/1000185462,7980,59447,2025.09.23,"꿉꿉한냄새가 거슬리네요
치즈맛으로먹게되네요
맵고 달고 그렇습니다"
도시락·밥류,노릇노릇 주먹밥 500g 6종 (택1),햇반/쿡반,https://www.kurly.com/goods/1000185462,7980,59447,2025.09.23,신랑 주말아침밥이에요 맛있대요
도시락·밥류,노릇노릇 주먹밥 500g 6종 (택1),햇반/쿡반,https://www.kurly.com/goods/1000185462,7980,59447,2025.09.23,간식으로도 한끼대용으로도 손색이 없고 맛도 아주 좋습니다.
도시락·밥류,노릇노릇 주먹밥 500g 6종 (택1),햇반/쿡반,https://www.kurly.com/goods/1000185462,7980,59447,2025.09.23,살짝 싱겁지만 착한 칼로리 칭찬
도시락·밥류,노릇노릇 주먹밥 500g 6종 (택1),햇반/쿡반,https://www.kurly.com/goods/1000185462,7980,59447,2025.09.23,김치보다 더 맛있어요!! 적당히 자극적이고!
도시락·밥류,노릇노릇 주먹밥 500g 6종 (택1),햇반/쿡반,https://www.kurly.com/goods/1000185462,7980,59447,2025.09.22,아침밥으로 먹기 좋아요
도시락·밥류,노릇노릇 주먹밥 500g 6종 (택1),햇반/쿡반,https://www.kurly.com/goods/1000185462,7980,59447,2025.09.22,맛있어요 간도 딱 좋고
도시락·밥류,노릇노릇 주먹밥 500g 6종 (택1),햇반/쿡반,https://www.kurly.com/goods/1000185462,7980,59447,2025.09.22,아이들 간단하게 먹기 딱
도시락·밥류,노릇노릇 주먹밥 500g 6종 (택1),햇반/쿡반,https://www.kurly.com/goods/1000185462,7980,59447,2025.09.22,간단하게 먹기 딱인듯
도시락·밥류,노릇노릇 주먹밥 500g 6종 (택1),햇반/쿡반,https://www.kurly.com/goods/1000185462,7980,59447,2025.09.22,ㅎㅎ불고기맛은 좀 밍밍해요
도시락·밥류,노릇노릇 주먹밥 500g 6종 (택1),햇반/쿡반,https://www.kurly.com/goods/1000185462,7980,59447,2025.09.22,맛있어요 잘먹었어요 귯귝
도시락·밥류,노릇노릇 주먹밥 500g 6종 (택1),햇반/쿡반,https://www.kurly.com/goods/1000185462,7980,59447,2025.09.22,아침대용으로 먹기 좋아서 자주 구매합니다
도시락·밥류,노릇노릇 주먹밥 500g 6종 (택1),햇반/쿡반,https://www.kurly.com/goods/1000185462,7980,59447,2025.09.22,추천합니다 가성비좋아요 재구매합니다 너무 좋아요 불고기가 간식으로도 먹기 좋아요
도시락·밥류,노릇노릇 주먹밥 500g 6종 (택1),햇반/쿡반,https://www.kurly.com/goods/1000185462,7980,59447,2025.09.22,주먹밥은 아침 대용으로 참 좋아요
도시락·밥류,노릇노릇 주먹밥 500g 6종 (택1),햇반/쿡반,https://www.kurly.com/goods/1000185462,7980,59447,2025.09.22,좋아요 잘 산거 같아요 재구매각
도시락·밥류,노릇노릇 주먹밥 500g 6종 (택1),햇반/쿡반,https://www.kurly.com/goods/1000185462,7980,59447,2025.09.22,계속 구매중. 비상용 식량
도시락·밥류,노릇노릇 주먹밥 500g 6종 (택1),햇반/쿡반,https://www.kurly.com/goods/1000185462,7980,59447,2025.09.22,자주구매해요 간편하고 맛있어요
도시락·밥류,노릇노릇 주먹밥 500g 6종 (택1),햇반/쿡반,https://www.kurly.com/goods/1000185462,7980,59447,2025.09.22,아이들이 주먹밥 중에서 이게 제일 맛있대요
도시락·밥류,노릇노릇 주먹밥 500g 6종 (택1),햇반/쿡반,https://www.kurly.com/goods/1000185462,7980,59447,2025.09.22,아이들 간식 편하고 맛있어요
도시락·밥류,노릇노릇 주먹밥 500g 6종 (택1),햇반/쿡반,https://www.kurly.com/goods/1000185462,7980,59447,2025.09.22,남편 간식으로 구비해둡니다
도시락·밥류,노릇노릇 주먹밥 500g 6종 (택1),햇반/쿡반,https://www.kurly.com/goods/1000185462,7980,59447,2025.09.21,간편하게 먹기 좋은데 맛도 좋아요 :)
도시락·밥류,노릇노릇 주먹밥 500g 6종 (택1),햇반/쿡반,https://www.kurly.com/goods/1000185462,7980,59447,2025.09.21,"전자렌지에 돌리면 촉촉~하고 부드럽구요, 에프에 구우면 시간이 훨씬 오래 걸리지만 겉바속촉 제대로 느낄 수 있더라구요.
간도 적당하고 맛있어서 햇반 주먹밥을 다양하게 구입해서 집에 항상 구비해놓아요."
도시락·밥류,노릇노릇 주먹밥 500g 6종 (택1),햇반/쿡반,https://www.kurly.com/goods/1000185462,7980,59447,2025.09.21,"아침 식사 간단히 하고 가거나 출출할 때 딱 좋은 음식이에요.
전자렌지에 돌리면 부드럽고 촉촉한 맛으로 먹기 좋고, 에프에 구우면 겉바속촉 느낌이 나서 좋아요.
치즈는 엄지 손가락 한마디 정도 작게 들어있어서 조금 아쉽지만 밥알에 양념이 잘 되어 있어서 맛있어요. ^^"
도시락·밥류,노릇노릇 주먹밥 500g 6종 (택1),햇반/쿡반,https://www.kurly.com/goods/1000185462,7980,59447,2025.09.21,바쁠때 하나씩 렌지에 돌려먹기 편리해요
도시락·밥류,노릇노릇 주먹밥 500g 6종 (택1),햇반/쿡반,https://www.kurly.com/goods/1000185462,7980,59447,2025.09.21,치즈닭갈비 맛있어요
도시락·밥류,노릇노릇 주먹밥 500g 6종 (택1),햇반/쿡반,https://www.kurly.com/goods/1000185462,7980,59447,2025.09.21,잘받았습니다 잘받았습니다 ~^^
도시락·밥류,노릇노릇 주먹밥 500g 6종 (택1),햇반/쿡반,https://www.kurly.com/goods/1000185462,7980,59447,2025.09.21,아이들이 맛있다고 떨어질만 하면 또 주문해 달라고 합니다~
도시락·밥류,노릇노릇 주먹밥 500g 6종 (택1),햇반/쿡반,https://www.kurly.com/goods/1000185462,7980,59447,2025.09.21,김치가 제 입맛엔 제일 맛있어요! 참치보다 이게 더 맛나요!!
도시락·밥류,노릇노릇 주먹밥 500g 6종 (택1),햇반/쿡반,https://www.kurly.com/goods/1000185462,7980,59447,2025.09.21,맛있어서 재구매할 거예요!
도시락·밥류,노릇노릇 주먹밥 500g 6종 (택1),햇반/쿡반,https://www.kurly.com/goods/1000185462,7980,59447,2025.09.21,좋아여 한끼용으로 딱
도시락·밥류,노릇노릇 주먹밥 500g 6종 (택1),햇반/쿡반,https://www.kurly.com/goods/1000185462,7980,59447,2025.09.21,맛있어여 한끼용 식사로 굿
도시락·밥류,노릇노릇 주먹밥 500g 6종 (택1),햇반/쿡반,https://www.kurly.com/goods/1000185462,7980,59447,2025.09.21,냉동 비상으로 좋아요
도시락·밥류,노릇노릇 주먹밥 500g 6종 (택1),햇반/쿡반,https://www.kurly.com/goods/1000185462,7980,59447,2025.09.21,"바쁜아침 간단히 먹고가기좋아요
스팸김치가 매콤하고 젤 맛있는듯"
도시락·밥류,노릇노릇 주먹밥 500g 6종 (택1),햇반/쿡반,https://www.kurly.com/goods/1000185462,7980,59447,2025.09.21,"바쁜아침 간단히 먹기좋아요
아이들도 먹고등교합니다"
도시락·밥류,노릇노릇 주먹밥 500g 6종 (택1),햇반/쿡반,https://www.kurly.com/goods/1000185462,7980,59447,2025.09.21,"바쁜아침 간단히 먹기좋아요
종류별로 구입했어요"
도시락·밥류,노릇노릇 주먹밥 500g 6종 (택1),햇반/쿡반,https://www.kurly.com/goods/1000185462,7980,59447,2025.09.21,자극적인데 간단하고 맛있어서 구매해요.
도시락·밥류,노릇노릇 주먹밥 500g 6종 (택1),햇반/쿡반,https://www.kurly.com/goods/1000185462,7980,59447,2025.09.20,주먹밥이 맛있습니다
도시락·밥류,노릇노릇 주먹밥 500g 6종 (택1),햇반/쿡반,https://www.kurly.com/goods/1000185462,7980,59447,2025.09.20,간편하게 먹을려고 샀습니다! 기대안했는데 치즈도 많이 들어있고 맛있어요
도시락·밥류,노릇노릇 주먹밥 500g 6종 (택1),햇반/쿡반,https://www.kurly.com/goods/1000185462,7980,59447,2025.09.20,안에 치즈가 들어서 더 맛있어요. 간식으로 데워먹기 좋아요.
도시락·밥류,노릇노릇 주먹밥 500g 6종 (택1),햇반/쿡반,https://www.kurly.com/goods/1000185462,7980,59447,2025.09.20,아침에 한개씩 부담없어 좋습니다~
도시락·밥류,노릇노릇 주먹밥 500g 6종 (택1),햇반/쿡반,https://www.kurly.com/goods/1000185462,7980,59447,2025.09.20,남편이 좋아하는 주먹밥이에여
도시락·밥류,노릇노릇 주먹밥 500g 6종 (택1),햇반/쿡반,https://www.kurly.com/goods/1000185462,7980,59447,2025.09.20,간편하게 한끼 해결할수 있어 좋네요
도시락·밥류,노릇노릇 주먹밥 500g 6종 (택1),햇반/쿡반,https://www.kurly.com/goods/1000185462,7980,59447,2025.09.20,먹기 편하고 맛나서 재구매 했어요
도시락·밥류,노릇노릇 주먹밥 500g 6종 (택1),햇반/쿡반,https://www.kurly.com/goods/1000185462,7980,59447,2025.09.20,가볍게 먹기 좋아요 ㅎㅎㅎ
도시락·밥류,노릇노릇 주먹밥 500g 6종 (택1),햇반/쿡반,https://www.kurly.com/goods/1000185462,7980,59447,2025.09.20,가볍게 먹기 좋아요 ㅎㅎ
도시락·밥류,노릇노릇 주먹밥 500g 6종 (택1),햇반/쿡반,https://www.kurly.com/goods/1000185462,7980,59447,2025.09.20,한끼 식사로 딱!!!
도시락·밥류,백미밥 210g*24입,햇반,https://www.kurly.com/goods/5099455,23800,7979,2023.01.09,"1인가구에  정말 필요한 밥이죠 
코로나로인해  혼자 밥먹는 날이 많아서 
최근들어서 햇반을 몆박스로 주문해서 먹는데
정말 너무 편하네요 !!!!

똥손이라 음식을 잘하지도 못하고 
밥을 밥솥에 해도 어떤날은 설익고 어떤날은 
꼬들밥이되고 뭐가문제인지 ㅋ 
그런날도 많다보니 버리는 밥도 꽤되고
잘지어서 먹는날도 있는데.
밥이 또 일주일 지나서 버리게 되고 

그러다 햇반 세일하길래 두박스를 주문했더니 
너무 편하네요  
요즘편하게 밥먹어서 먹을때마다 야호 ~ 소리가 
저절로 나네요  ㅋ ㅋ
배달음식 시키고 햇밥만 데우면 밥차리기 ~ 끝
하루는 된찌. 하루는 김치찌개. 
이런식으로 먹다보니 24개가 금방 없어지네요 
저저럼 똥손이고 음식못하시는분들 
이렇게 드셔보세요

유통기한도 길구요 먹다보면 밥도 맛나서 
금방 한박스가 사라집니다 ~ 
쉽게 먹고 그릇만 헹궈 재활용 버리고 설겆이도 걱정없어요.
햇반 만드신분 존경합니다 ^^
3번째 자구매 들어갑니다 ~"
도시락·밥류,백미밥 210g*24입,햇반,https://www.kurly.com/goods/5099455,23800,7979,2025.09.23,비상용으로 캠핑용으로 자주구입합니다
도시락·밥류,백미밥 210g*24입,햇반,https://www.kurly.com/goods/5099455,23800,7979,2025.09.22,최저가로 구매해서 좋습니다
도시락·밥류,백미밥 210g*24입,햇반,https://www.kurly.com/goods/5099455,23800,7979,2025.09.22,햇반 밥맛 좋아요!!
도시락·밥류,백미밥 210g*24입,햇반,https://www.kurly.com/goods/5099455,23800,7979,2025.09.22,비상식량이죠 좋아요 ㅎㅎㅎ
도시락·밥류,백미밥 210g*24입,햇반,https://www.kurly.com/goods/5099455,23800,7979,2025.09.22,밥이 떨어졌을때 꼭 필요한 제품이예요.
도시락·밥류,백미밥 210g*24입,햇반,https://www.kurly.com/goods/5099455,23800,7979,2025.09.22,햇반 할인가로 사서 득템기분ㅋㅋ 좋네용ㅎ
도시락·밥류,백미밥 210g*24입,햇반,https://www.kurly.com/goods/5099455,23800,7979,2025.09.22,누구나아는 그맛입니다
도시락·밥류,백미밥 210g*24입,햇반,https://www.kurly.com/goods/5099455,23800,7979,2025.09.22,햇반은 비상용으로 필수ㅋㅋ
도시락·밥류,백미밥 210g*24입,햇반,https://www.kurly.com/goods/5099455,23800,7979,2025.09.21,쿠폰있어서 저렴히 구매합니다
도시락·밥류,백미밥 210g*24입,햇반,https://www.kurly.com/goods/5099455,23800,7979,2025.09.21,"마트에서 세일할때보다 조금 비싼데
할인쿠폰으로 저렴하게 샀어요.
아이셋이라 햇반은 항상 비상대기 구비합니다.
잘 먹겠습니다.
또 주문하겠습니다 ^^"
도시락·밥류,백미밥 210g*24입,햇반,https://www.kurly.com/goods/5099455,23800,7979,2025.09.21,쿠폰덕에 잘 샀어요
도시락·밥류,백미밥 210g*24입,햇반,https://www.kurly.com/goods/5099455,23800,7979,2025.09.21,세일할때마다 사둬요..
도시락·밥류,백미밥 210g*24입,햇반,https://www.kurly.com/goods/5099455,23800,7979,2025.09.21,맛있게 잘 먹고있습니다.
도시락·밥류,백미밥 210g*24입,햇반,https://www.kurly.com/goods/5099455,23800,7979,2025.09.21,"가격도 저렴하고 비상용으로 구매해요 
집앞까지 새벽배송해주니까 넘 편하고 좋아요"
도시락·밥류,백미밥 210g*24입,햇반,https://www.kurly.com/goods/5099455,23800,7979,2025.09.21,저령한 가격으로 잘구입했네요
도시락·밥류,백미밥 210g*24입,햇반,https://www.kurly.com/goods/5099455,23800,7979,2025.09.21,햇반이똑떨어져서새벽배송으로받으니좋아요
도시락·밥류,백미밥 210g*24입,햇반,https://www.kurly.com/goods/5099455,23800,7979,2025.09.21,"잘받았습니다 
배송빠르고좋아요"
도시락·밥류,백미밥 210g*24입,햇반,https://www.kurly.com/goods/5099455,23800,7979,2025.09.21,비상식량이에요 밥이 떨어졌을때 바로
도시락·밥류,백미밥 210g*24입,햇반,https://www.kurly.com/goods/5099455,23800,7979,2025.09.21,"햇반 백미밥 
여러번구매 맛있어요 ~~"
도시락·밥류,백미밥 210g*24입,햇반,https://www.kurly.com/goods/5099455,23800,7979,2025.09.20,햇반 항상 구매합니다
도시락·밥류,백미밥 210g*24입,햇반,https://www.kurly.com/goods/5099455,23800,7979,2025.09.20,저렴하게 구매 잘 했어요
도시락·밥류,백미밥 210g*24입,햇반,https://www.kurly.com/goods/5099455,23800,7979,2025.09.20,재구매 잘 먹고있어요
도시락·밥류,백미밥 210g*24입,햇반,https://www.kurly.com/goods/5099455,23800,7979,2025.09.20,"백미,,,,매일 먹기엔 부담되지만
그렇치만 참 맛나요
한번씩 생각날때 먹을려고 준비합니다"
도시락·밥류,백미밥 210g*24입,햇반,https://www.kurly.com/goods/5099455,23800,7979,2025.09.20,"항상 비축해놓고 가끔씩 먹는 햇반이예요..
요긴하게 먹고 있어요."
도시락·밥류,백미밥 210g*24입,햇반,https://www.kurly.com/goods/5099455,23800,7979,2025.09.19,쿠폰사용해서 저렴하게 구매해요
도시락·밥류,백미밥 210g*24입,햇반,https://www.kurly.com/goods/5099455,23800,7979,2025.09.19,cj세일해서 쟁여둬요
도시락·밥류,백미밥 210g*24입,햇반,https://www.kurly.com/goods/5099455,23800,7979,2025.09.19,볶음밥 만들 때 좋아요
도시락·밥류,백미밥 210g*24입,햇반,https://www.kurly.com/goods/5099455,23800,7979,2025.09.19,볶음밥용으로 먹어요.
도시락·밥류,백미밥 210g*24입,햇반,https://www.kurly.com/goods/5099455,23800,7979,2025.09.18,쿠폰 받아서 잘 샀어요
도시락·밥류,백미밥 210g*24입,햇반,https://www.kurly.com/goods/5099455,23800,7979,2025.09.18,햇반은 필수템이라 늘 구비해야죠
도시락·밥류,백미밥 210g*24입,햇반,https://www.kurly.com/goods/5099455,23800,7979,2025.09.18,햇반이 맛있어서 좋아요~^^
도시락·밥류,백미밥 210g*24입,햇반,https://www.kurly.com/goods/5099455,23800,7979,2025.09.18,햇반 꼭 필요하고요
도시락·밥류,백미밥 210g*24입,햇반,https://www.kurly.com/goods/5099455,23800,7979,2025.09.18,배송빠르고 좋아요 ~
도시락·밥류,백미밥 210g*24입,햇반,https://www.kurly.com/goods/5099455,23800,7979,2025.09.18,마트보다 저렴해서 구매했어요
도시락·밥류,백미밥 210g*24입,햇반,https://www.kurly.com/goods/5099455,23800,7979,2025.09.18,쿠폰으로 저렴하게 구매했어요~~~
도시락·밥류,백미밥 210g*24입,햇반,https://www.kurly.com/goods/5099455,23800,7979,2025.09.17,저렴하게 잘 샀어요.
도시락·밥류,백미밥 210g*24입,햇반,https://www.kurly.com/goods/5099455,23800,7979,2025.09.17,"포장 상태 만족, 간편해서 좋고 가격 만족합니다."
도시락·밥류,백미밥 210g*24입,햇반,https://www.kurly.com/goods/5099455,23800,7979,2025.09.17,"잘구매한듯요~~
맛있어요~~~
또구매요~~~"
도시락·밥류,백미밥 210g*24입,햇반,https://www.kurly.com/goods/5099455,23800,7979,2025.09.17,할인받아서 저렴하게 잘 샀습니다
도시락·밥류,백미밥 210g*24입,햇반,https://www.kurly.com/goods/5099455,23800,7979,2025.09.17,저렴하게 구매했어요
도시락·밥류,백미밥 210g*24입,햇반,https://www.kurly.com/goods/5099455,23800,7979,2025.09.17,급할때 햇반이 최고죠
도시락·밥류,백미밥 210g*24입,햇반,https://www.kurly.com/goods/5099455,23800,7979,2025.09.16,햇반 자주 구매해서 먹어요
도시락·밥류,백미밥 210g*24입,햇반,https://www.kurly.com/goods/5099455,23800,7979,2025.09.16,비비고 1만원행사해서 쟁여놨어요 햇반만먹어요
도시락·밥류,백미밥 210g*24입,햇반,https://www.kurly.com/goods/5099455,23800,7979,2025.09.16,"저렴하게 샀어요
믿고먹는 햇반"
도시락·밥류,백미밥 210g*24입,햇반,https://www.kurly.com/goods/5099455,23800,7979,2025.09.16,컬리에서 cj쿠폰으로 잘 샀어요
도시락·밥류,백미밥 210g*24입,햇반,https://www.kurly.com/goods/5099455,23800,7979,2025.09.16,비상용으로 쟁입니다
도시락·밥류,백미밥 210g*24입,햇반,https://www.kurly.com/goods/5099455,23800,7979,2025.09.16,햇반 편해서 자주 구매해요~
도시락·밥류,백미밥 210g*24입,햇반,https://www.kurly.com/goods/5099455,23800,7979,2025.09.16,"당일 배송되어서 좋았지만,
cj 할인쿠폰을 사용해서 정말  구매하길 잘했네요"
도시락·밥류,백미밥 210g*24입,햇반,https://www.kurly.com/goods/5099455,23800,7979,2025.09.16,급할 때 쓰려고 샀는데 밥맛 좋고 뽀얗네요. 즉석밥은 역시 햇반 아니겠어요?
도시락·밥류,대파 풍미를 더한 새우볶음밥 (4개입),차려낸,https://www.kurly.com/goods/1001502057,9800,616,2025.09.09,"(차려낸) 대파 풍미를 더한 새우볶음밥을 먹어봤는데 기대 이상으로 만족스러웠어요. 보통 냉동 볶음밥은 밥알이 눅눅하거나 재료가 적은 경우가 많은데, 이 제품은 직화솥 방식으로 볶아서 그런지 밥알이 고슬고슬하고 식감이 살아 있더라고요. 꼭 중국집 에서 시켜먹는 볶음밥 맛 처럼 맛있었어요.

무엇보다 큼직한 새우가 군데군데 들어 있어 한 숟가락 뜰 때마다 탱글한 식감을 느낄 수 있었던 게 좋았습니다. 대파 기름이 베어 있어서 고소하면서도 은은한 향이 나는 점도 매력적이었어요. 조리법도 간단해서 바쁠 때 전자레인지에 돌려 먹으면 4분 안에 한 끼가 해결되니 정말 편리했습니다. 간도 적당해서 아이와 함께 먹기에도 괜찮았고, 저는 스크램블 에그를 추가해 먹으니 더 풍성한 맛이 나더군요. 계란후리이 또는 짜장소스를 같이 넣어서 먹어도 맛있을것 같아요. 양도 230g이라 성인 여성 한 끼 식사로 충분했어요. 냉동실에 쟁여 두면 든든한 제품이라 앞으로도 재구매 의사가 있습니다. 냉동 볶음밥 중에서는 확실히 만족도가 높은 편이에요.

1인 가정 및 볶음밥을 좋아하시는 분들에게 강력추천드립니다.


저의 후기가 도움이 된다면 “도움돼요” 꼭 눌러주세요.
⭐️⭐️⭐️⭐️⭐️ (5/5)  
내돈내산 솔직후기였습니다."
도시락·밥류,대파 풍미를 더한 새우볶음밥 (4개입),차려낸,https://www.kurly.com/goods/1001502057,9800,616,2025.08.24,"새우볶음밥을 이번에는 조금 색다르게 즐겨봤어요. 그냥 먹어도 맛있지만, 집에 있던 숙주랑 부추를 넣어서 함께 볶아봤더니 또 다른 매력이 있더라고요.

숙주가 아삭아삭한 식감을 더해줘서 씹는 재미가 있었고, 부추는 향긋함을 살려줘서 볶음밥 전체 풍미가 훨씬 살아났습니다. 원래도 통통한 새우가 들어 있어서 맛있는데, 신선한 채소까지 곁들이니 마치 집에서 만든 맞춤 요리 같은 느낌이 들었어요.

간이 세지 않은 기본 맛이라 다른 재료와도 잘 어울려서 응용하기에 딱 좋았습니다. 덕분에 한 끼 식사지만 훨씬 푸짐하고 건강하게 먹을 수 있어서 만족스러웠습니다. 앞으로는 그냥 먹는 것뿐만 아니라 이렇게 재료를 추가해서 다양한 방법으로 즐겨보려고 합니다!! 컬리에서 볶음밥 정말 많이 먹어봤지만, 이번 새우볶음밥 강추해요!"
도시락·밥류,대파 풍미를 더한 새우볶음밥 (4개입),차려낸,https://www.kurly.com/goods/1001502057,9800,616,2025.08.24,"처음에는 간단하게 한 끼 때우려는 마음으로 새우볶음밥을 구매했는데, 예상보다 훨씬 만족스러웠습니다.😋
무엇보다도 칵테일 새우가 넉넉하게 들어 있어서 따로 재료를 더 추가하지 않아도 충분히 퀄리티 높은 볶음밥을 완성할 수 있었어요!!
새우의 식감도 탱글탱글해서 씹을 때마다 식감이 살아있고, 해산물 특유의 비린 맛 없이 깔끔한 맛이 인상적이었습니다.👍🏻
보통 볶음밥을 만들 때 파기름을 내거나 불맛을 내기 위해 이것저것 신경 써야 할 일이 많은데, 이 제품은 그런 번거로움이 전혀 없어요.
간단히 팬에 볶기만 해도 마치 중식당에서 바로 볶아낸 것처럼 불향이 가득 느껴지고, 밥알 하나하나가 기름에 잘 코팅되어 있어 고슬고슬하면서도 촉촉한 식감을 그대로 유지하고 있어요.👍🏻
전체적으로 간도 아주 잘 맞아서 짜지도 않고, 그렇다고 싱겁지도 않아 누구나 부담 없이 먹을 수 있는 맛입니다.
특히 중식 볶음밥 특유의 불향을 좋아하는 분들이라면 분명 만족하실 거예요.
냉동볶음밥이 이 정도 퀄리티라면 자주 사 먹을 만하다고 생각합니다.
바쁜 아침이나 간단한 점심 한 끼, 야식으로도 강력 추천합니다!🥳🥳🥳
인생 새우볶음밥으로 임명!!!👍🏻"
도시락·밥류,대파 풍미를 더한 새우볶음밥 (4개입),차려낸,https://www.kurly.com/goods/1001502057,9800,616,2025.09.23,제품 잘 받았습니다.
도시락·밥류,대파 풍미를 더한 새우볶음밥 (4개입),차려낸,https://www.kurly.com/goods/1001502057,9800,616,2025.09.23,"새우도많구 맛있어요
재구매각입니다"
도시락·밥류,대파 풍미를 더한 새우볶음밥 (4개입),차려낸,https://www.kurly.com/goods/1001502057,9800,616,2025.09.22,"볶음밥을 구매해서 먹은건 첨인데 파향이 진해서 맛있게 먹었습니다.
집에서 만들때도 파기름을 내서 해야겠어요.ㅎ"
도시락·밥류,대파 풍미를 더한 새우볶음밥 (4개입),차려낸,https://www.kurly.com/goods/1001502057,9800,616,2025.09.22,세번째 구매요.. 새우볶음밥은 여기꺼만 사요!
도시락·밥류,대파 풍미를 더한 새우볶음밥 (4개입),차려낸,https://www.kurly.com/goods/1001502057,9800,616,2025.09.22,두번째 구매입니다~ 다른 냉동새우볶음밥보다 이 브랜드가 뭔가 더 맛있어요! 마지막에 숙주랑 같이 볶고 들기름 두르고 비벼 먹으면 진짜 꿀맛이요 ㅋㅋㅋ
도시락·밥류,대파 풍미를 더한 새우볶음밥 (4개입),차려낸,https://www.kurly.com/goods/1001502057,9800,616,2025.09.22,첨보는 제품이라 사봤고요 새우 많이 들어가있고 자극적이지 않아서 좋네요
도시락·밥류,대파 풍미를 더한 새우볶음밥 (4개입),차려낸,https://www.kurly.com/goods/1001502057,9800,616,2025.09.22,감칠맛 나고 맛있어요!
도시락·밥류,대파 풍미를 더한 새우볶음밥 (4개입),차려낸,https://www.kurly.com/goods/1001502057,9800,616,2025.09.22,아직 먹어보지 않았지만 너무 맛있어 보여요~!
도시락·밥류,대파 풍미를 더한 새우볶음밥 (4개입),차려낸,https://www.kurly.com/goods/1001502057,9800,616,2025.09.22,대파향 솔솔 맛있습니다 세일하면 재구매 할꺼예요
도시락·밥류,대파 풍미를 더한 새우볶음밥 (4개입),차려낸,https://www.kurly.com/goods/1001502057,9800,616,2025.09.22,맛있게 잘  먹겠습니다
도시락·밥류,대파 풍미를 더한 새우볶음밥 (4개입),차려낸,https://www.kurly.com/goods/1001502057,9800,616,2025.09.22,"김치볶음밥 맛있어서 새우볶음밥도 같이 주문했어요
귀찮을 때 편하게 해 먹기 좋아요"
도시락·밥류,대파 풍미를 더한 새우볶음밥 (4개입),차려낸,https://www.kurly.com/goods/1001502057,9800,616,2025.09.21,새우알도 많이들었고 다른반찬없이도 괜찮네요
도시락·밥류,대파 풍미를 더한 새우볶음밥 (4개입),차려낸,https://www.kurly.com/goods/1001502057,9800,616,2025.09.21,첨 주문해 봅니다.
도시락·밥류,대파 풍미를 더한 새우볶음밥 (4개입),차려낸,https://www.kurly.com/goods/1001502057,9800,616,2025.09.21,새우 크기가 다른 볶음밥보다 크네요 맛괜찮아요
도시락·밥류,대파 풍미를 더한 새우볶음밥 (4개입),차려낸,https://www.kurly.com/goods/1001502057,9800,616,2025.09.21,볶음밥 어디에나 잘어울려요
도시락·밥류,대파 풍미를 더한 새우볶음밥 (4개입),차려낸,https://www.kurly.com/goods/1001502057,9800,616,2025.09.21,"새우는 많이 들어있는데 대파 풍미는
잘 안나요. 양은 적당해요"
도시락·밥류,대파 풍미를 더한 새우볶음밥 (4개입),차려낸,https://www.kurly.com/goods/1001502057,9800,616,2025.09.21,한번에 볶아서 3끼 정도 되는 넉넉히 잘먹었습니다
도시락·밥류,대파 풍미를 더한 새우볶음밥 (4개입),차려낸,https://www.kurly.com/goods/1001502057,9800,616,2025.09.21,먹어본 볶음밥 중에 제일 맛있어요 !!
도시락·밥류,대파 풍미를 더한 새우볶음밥 (4개입),차려낸,https://www.kurly.com/goods/1001502057,9800,616,2025.09.21,지난 번에 먹어 보니 맛이 괜찮아서 추가로 구입했습니다. 간편하게 소분 되어 있어 좋아요
도시락·밥류,대파 풍미를 더한 새우볶음밥 (4개입),차려낸,https://www.kurly.com/goods/1001502057,9800,616,2025.09.21,새우볶음밥 전자렌지에 돌려 먹으면 편해요
도시락·밥류,대파 풍미를 더한 새우볶음밥 (4개입),차려낸,https://www.kurly.com/goods/1001502057,9800,616,2025.09.21,"컬리에서 첫 구매했어요 집에 새우가 없어서 이번에 편하게 먹었어요
새우가 생각보다 빨리 익지 않아서 의아해 했어요
그거 빼고는 맛나요"
도시락·밥류,대파 풍미를 더한 새우볶음밥 (4개입),차려낸,https://www.kurly.com/goods/1001502057,9800,616,2025.09.21,맛있고 새우도 많이 들어있어요. 냉동실에 쟁여두었네요.
도시락·밥류,대파 풍미를 더한 새우볶음밥 (4개입),차려낸,https://www.kurly.com/goods/1001502057,9800,616,2025.09.21,맛있어서 재구매하고 소개도 했어요.
도시락·밥류,대파 풍미를 더한 새우볶음밥 (4개입),차려낸,https://www.kurly.com/goods/1001502057,9800,616,2025.09.21,새우도 많고 맛있어요. 재구매 했어요.
도시락·밥류,대파 풍미를 더한 새우볶음밥 (4개입),차려낸,https://www.kurly.com/goods/1001502057,9800,616,2025.09.21,먹어보고 괜찮아서 재구매했어요. 새우가 실하게 들어있어 좋아요
도시락·밥류,대파 풍미를 더한 새우볶음밥 (4개입),차려낸,https://www.kurly.com/goods/1001502057,9800,616,2025.09.20,대파를 좀 더 넣어서 먹으면 더 맛있어요
도시락·밥류,대파 풍미를 더한 새우볶음밥 (4개입),차려낸,https://www.kurly.com/goods/1001502057,9800,616,2025.09.20,굵은  새우가  듬뿍 들어있어 새우 볶음 밥의 풍미가 너무좋았어요
도시락·밥류,대파 풍미를 더한 새우볶음밥 (4개입),차려낸,https://www.kurly.com/goods/1001502057,9800,616,2025.09.20,아이들 아침밥으류 쥬기 푠하네려
도시락·밥류,대파 풍미를 더한 새우볶음밥 (4개입),차려낸,https://www.kurly.com/goods/1001502057,9800,616,2025.09.20,새우볶음밥 맛있고 밥하기 귀찮은 날은 아주 좋어오
도시락·밥류,대파 풍미를 더한 새우볶음밥 (4개입),차려낸,https://www.kurly.com/goods/1001502057,9800,616,2025.09.20,급할때 사용할려고 구매 합니다.
도시락·밥류,대파 풍미를 더한 새우볶음밥 (4개입),차려낸,https://www.kurly.com/goods/1001502057,9800,616,2025.09.20,새우볶음밥에 불맛을 입히다
도시락·밥류,대파 풍미를 더한 새우볶음밥 (4개입),차려낸,https://www.kurly.com/goods/1001502057,9800,616,2025.09.20,아침식사를 책임지는 볶음밥 새우도 많고 풍미도 좋아요
도시락·밥류,대파 풍미를 더한 새우볶음밥 (4개입),차려낸,https://www.kurly.com/goods/1001502057,9800,616,2025.09.20,비상식량으로 좋은것같아염
도시락·밥류,대파 풍미를 더한 새우볶음밥 (4개입),차려낸,https://www.kurly.com/goods/1001502057,9800,616,2025.09.20,우연히  호기심으로 샀는데 맛있습니다 추천해드려요
도시락·밥류,대파 풍미를 더한 새우볶음밥 (4개입),차려낸,https://www.kurly.com/goods/1001502057,9800,616,2025.09.20,"풍미가 좋네요
맛있어요"
도시락·밥류,대파 풍미를 더한 새우볶음밥 (4개입),차려낸,https://www.kurly.com/goods/1001502057,9800,616,2025.09.20,아이들 비상용 밥으로 구매해뒀어요.
도시락·밥류,대파 풍미를 더한 새우볶음밥 (4개입),차려낸,https://www.kurly.com/goods/1001502057,9800,616,2025.09.20,가성비 좋은 볶음밥 맛있어요
도시락·밥류,대파 풍미를 더한 새우볶음밥 (4개입),차려낸,https://www.kurly.com/goods/1001502057,9800,616,2025.09.20,새우맛이 풍부해요 짜이지엔
도시락·밥류,대파 풍미를 더한 새우볶음밥 (4개입),차려낸,https://www.kurly.com/goods/1001502057,9800,616,2025.09.20,"물이많이생기네요ㅡ양도적습니다만
재구매할게요,맛있습니다!!!!!"
도시락·밥류,대파 풍미를 더한 새우볶음밥 (4개입),차려낸,https://www.kurly.com/goods/1001502057,9800,616,2025.09.20,김치볶음밥이 만족스러워서 이것도 샀어요! 냉동치고 새우도 많아요!
도시락·밥류,대파 풍미를 더한 새우볶음밥 (4개입),차려낸,https://www.kurly.com/goods/1001502057,9800,616,2025.09.19,아이들이 좋아해서 자주 구입합니다
도시락·밥류,대파 풍미를 더한 새우볶음밥 (4개입),차려낸,https://www.kurly.com/goods/1001502057,9800,616,2025.09.19,ㅅ아주 만족스러운 상품
도시락·밥류,대파 풍미를 더한 새우볶음밥 (4개입),차려낸,https://www.kurly.com/goods/1001502057,9800,616,2025.09.19,볶음밥 먹을만 합니다.
도시락·밥류,대파 풍미를 더한 새우볶음밥 (4개입),차려낸,https://www.kurly.com/goods/1001502057,9800,616,2025.09.19,살짝 느끼한데 맛있어요.
도시락·밥류,대파 풍미를 더한 새우볶음밥 (4개입),차려낸,https://www.kurly.com/goods/1001502057,9800,616,2025.09.19,아들은 요놈만 찾네요
도시락·밥류,대파 풍미를 더한 새우볶음밥 (4개입),차려낸,https://www.kurly.com/goods/1001502057,9800,616,2025.09.19,아들이 이것만 찾는
도시락·밥류,대파 풍미를 더한 새우볶음밥 (4개입),차려낸,https://www.kurly.com/goods/1001502057,9800,616,2025.09.19,아들이 이것만 찾네요
도시락·밥류,향긋한 골든퀸쌀밥 210g*6입,컬리X햇반,https://www.kurly.com/goods/1000202889,6980,17392,2025.03.09,"🍚✨컬리*햇반 향긋한 골든퀸쌀밥 210g 6입✨🍚

이 밥을 먹어본 뒤로 그냥 쌀밥은 만족이 안 됩니다..
진짜 구수하고 맛있어요😋
하나 데워서 나눠 먹는데 가끔은 모자라지만 대부분 충족이 됩니다ㅎㅎ 
그냥 김에 싸서 먹어도 맛있고!
소세지 볶음에 골든퀸쌀밥! 
어떤 반찬과 같이 먹든 이 밥만 있으면 됩니다👍
구수한 누룽지향~✨☺️

저는 쌀도 누룽지향 나는 것을 좋아해서
항상 먹는 브랜드만 먹는데요.
이 컬리*햇반 골든퀸쌀밥은 바로 그 맛이 나요!
갓 지은 구수한 누룽지 향기 가득한 윤기나는 흰 쌀밥🍚✨
어머니도 이거 드셔보시고 맛있다고 하셔서 챙겨드렸네요.

대용량 나오면 쟁여두고 먹고싶은 제품입니다.
또 구매하러 왔어요❤️"
도시락·밥류,향긋한 골든퀸쌀밥 210g*6입,컬리X햇반,https://www.kurly.com/goods/1000202889,6980,17392,2023.11.26,"한번 먹어보고싶었는데
할인해서 구매해봤어요
케이스가 눈으로 봐도 이쁘네요
밥맛은 어떨까 기대하며 먹었는데 역시 다른 햇반보다 더 고소하네요^^"
도시락·밥류,향긋한 골든퀸쌀밥 210g*6입,컬리X햇반,https://www.kurly.com/goods/1000202889,6980,17392,2023.11.24,"재구매입니다. 햇반 특유의 냄새가 싫어서 웬만하면 즉석밥은 잘 먹지않는 편인데, 이 밥은 진짜 갓 지은 것 처럼 너무 맛나게 먹었어요. 즉석밥이라는 생각이 안 들정도로요 강추합니다!"
도시락·밥류,향긋한 골든퀸쌀밥 210g*6입,컬리X햇반,https://www.kurly.com/goods/1000202889,6980,17392,2025.09.23,일주일에 한번 냉동밥을 해놓아도 급하게 밥이 필요할 때가 많아 비상식량으로 구비해둬요~
도시락·밥류,향긋한 골든퀸쌀밥 210g*6입,컬리X햇반,https://www.kurly.com/goods/1000202889,6980,17392,2025.09.23,"그냥그래요
가격대비 비교했을때"
도시락·밥류,향긋한 골든퀸쌀밥 210g*6입,컬리X햇반,https://www.kurly.com/goods/1000202889,6980,17392,2025.09.22,세일해서 구매했습니다
도시락·밥류,향긋한 골든퀸쌀밥 210g*6입,컬리X햇반,https://www.kurly.com/goods/1000202889,6980,17392,2025.09.22,밥맛있어요. 세일할때 많이 쟁여
도시락·밥류,향긋한 골든퀸쌀밥 210g*6입,컬리X햇반,https://www.kurly.com/goods/1000202889,6980,17392,2025.09.22,마침 세일이어서 먹어보려고 주문해요
도시락·밥류,향긋한 골든퀸쌀밥 210g*6입,컬리X햇반,https://www.kurly.com/goods/1000202889,6980,17392,2025.09.22,맛있어요 좋아요 좋아요 맛있어요
도시락·밥류,향긋한 골든퀸쌀밥 210g*6입,컬리X햇반,https://www.kurly.com/goods/1000202889,6980,17392,2025.09.22,후기좋고 간편해서 구매.
도시락·밥류,향긋한 골든퀸쌀밥 210g*6입,컬리X햇반,https://www.kurly.com/goods/1000202889,6980,17392,2025.09.22,햇반 필요해서 구매했어요 좋아요 재구매 중이예요
도시락·밥류,향긋한 골든퀸쌀밥 210g*6입,컬리X햇반,https://www.kurly.com/goods/1000202889,6980,17392,2025.09.22,예전에는 안그랬는데 이제는 밥먹다보면 중간에 누렇게 변색이 되네요 ;;;
도시락·밥류,향긋한 골든퀸쌀밥 210g*6입,컬리X햇반,https://www.kurly.com/goods/1000202889,6980,17392,2025.09.22,밥 맛잇어서 자주 구매해요 굿
도시락·밥류,향긋한 골든퀸쌀밥 210g*6입,컬리X햇반,https://www.kurly.com/goods/1000202889,6980,17392,2025.09.21,쿠폰써서 저렴히 구매했습니다.
도시락·밥류,향긋한 골든퀸쌀밥 210g*6입,컬리X햇반,https://www.kurly.com/goods/1000202889,6980,17392,2025.09.21,밥이 찰기도 좋고 향도 좋아요
도시락·밥류,향긋한 골든퀸쌀밥 210g*6입,컬리X햇반,https://www.kurly.com/goods/1000202889,6980,17392,2025.09.21,할인해서 좋은 가격에 샀어요
도시락·밥류,향긋한 골든퀸쌀밥 210g*6입,컬리X햇반,https://www.kurly.com/goods/1000202889,6980,17392,2025.09.21,어떤건 되게 구수하고 부드럽고 맛있는데 어떤건 뻣뻣하고 떡져있네요
도시락·밥류,향긋한 골든퀸쌀밥 210g*6입,컬리X햇반,https://www.kurly.com/goods/1000202889,6980,17392,2025.09.21,확실히 찰지고 맛있어요 품종이 다르네용
도시락·밥류,향긋한 골든퀸쌀밥 210g*6입,컬리X햇반,https://www.kurly.com/goods/1000202889,6980,17392,2025.09.21,자취생아들 밥떨어졌대서
도시락·밥류,향긋한 골든퀸쌀밥 210g*6입,컬리X햇반,https://www.kurly.com/goods/1000202889,6980,17392,2025.09.21,집에 쟁여둔 햇반이 다 떨어져서 구매했어요
도시락·밥류,향긋한 골든퀸쌀밥 210g*6입,컬리X햇반,https://www.kurly.com/goods/1000202889,6980,17392,2025.09.21,"컬리가 최고입니다
김진수 대리 출근합니까3"
도시락·밥류,향긋한 골든퀸쌀밥 210g*6입,컬리X햇반,https://www.kurly.com/goods/1000202889,6980,17392,2025.09.21,햇반은 컬리에서 cj행사할 때 골든퀸쌀밥만 구매해요
도시락·밥류,향긋한 골든퀸쌀밥 210g*6입,컬리X햇반,https://www.kurly.com/goods/1000202889,6980,17392,2025.09.21,밥통이 얼마 안 되어 고장이 잘 나더군요 그래서 햇반과 냄비밥 병행합니다
도시락·밥류,향긋한 골든퀸쌀밥 210g*6입,컬리X햇반,https://www.kurly.com/goods/1000202889,6980,17392,2025.09.21,구수하고 맛있어요 ~~
도시락·밥류,향긋한 골든퀸쌀밥 210g*6입,컬리X햇반,https://www.kurly.com/goods/1000202889,6980,17392,2025.09.21,재재재재재재재재재구매에욮 평생먹을거예여
도시락·밥류,향긋한 골든퀸쌀밥 210g*6입,컬리X햇반,https://www.kurly.com/goods/1000202889,6980,17392,2025.09.21,현미밥인 줄 알고 샀다가 오랜만에 백미 먹는데 맛있긴 하네요
도시락·밥류,향긋한 골든퀸쌀밥 210g*6입,컬리X햇반,https://www.kurly.com/goods/1000202889,6980,17392,2025.09.21,항상 사놓는 쟁여탬 ㅎㅎ
도시락·밥류,향긋한 골든퀸쌀밥 210g*6입,컬리X햇반,https://www.kurly.com/goods/1000202889,6980,17392,2025.09.21,세일하면 쟁여놓는 골든퀸 햇반입니다.
도시락·밥류,향긋한 골든퀸쌀밥 210g*6입,컬리X햇반,https://www.kurly.com/goods/1000202889,6980,17392,2025.09.21,"향긋한 골든퀸쌀밥 
여러번구매 맛있어요 ~"
도시락·밥류,향긋한 골든퀸쌀밥 210g*6입,컬리X햇반,https://www.kurly.com/goods/1000202889,6980,17392,2025.09.20,"이거망나여ㅡ추천!

굿"
도시락·밥류,향긋한 골든퀸쌀밥 210g*6입,컬리X햇반,https://www.kurly.com/goods/1000202889,6980,17392,2025.09.20,2인가구에 밥을 잘 안 먹어서 햇반을 구매해서 먹는데 맛과 향이 딱 좋음
도시락·밥류,향긋한 골든퀸쌀밥 210g*6입,컬리X햇반,https://www.kurly.com/goods/1000202889,6980,17392,2025.09.20,향긋하고 달큰한 쌀밥이라 가능한 이걸로 구매
도시락·밥류,향긋한 골든퀸쌀밥 210g*6입,컬리X햇반,https://www.kurly.com/goods/1000202889,6980,17392,2025.09.20,항상 구입하는 햇반
도시락·밥류,향긋한 골든퀸쌀밥 210g*6입,컬리X햇반,https://www.kurly.com/goods/1000202889,6980,17392,2025.09.20,특유의 향이 나면서 구수하니 맛있어요
도시락·밥류,향긋한 골든퀸쌀밥 210g*6입,컬리X햇반,https://www.kurly.com/goods/1000202889,6980,17392,2025.09.20,향이 좋고 맛도 좋아요
도시락·밥류,향긋한 골든퀸쌀밥 210g*6입,컬리X햇반,https://www.kurly.com/goods/1000202889,6980,17392,2025.09.20,골든퀸 자주 구매해요
도시락·밥류,향긋한 골든퀸쌀밥 210g*6입,컬리X햇반,https://www.kurly.com/goods/1000202889,6980,17392,2025.09.20,비상용 밥을깜박했을때 유용하죠
도시락·밥류,향긋한 골든퀸쌀밥 210g*6입,컬리X햇반,https://www.kurly.com/goods/1000202889,6980,17392,2025.09.20,일반 햇반보다 조금 더 찰져요.
도시락·밥류,향긋한 골든퀸쌀밥 210g*6입,컬리X햇반,https://www.kurly.com/goods/1000202889,6980,17392,2025.09.20,이건 햇반 특유의 냄새가 없어서 먹어요 할인하면 꼭 사요
도시락·밥류,향긋한 골든퀸쌀밥 210g*6입,컬리X햇반,https://www.kurly.com/goods/1000202889,6980,17392,2025.09.20,햇반중엔 젤 밥같은 밥
도시락·밥류,향긋한 골든퀸쌀밥 210g*6입,컬리X햇반,https://www.kurly.com/goods/1000202889,6980,17392,2025.09.20,맛있어요 향이 입맛돋게 하는 밥 찰 지고 맛도 굿
도시락·밥류,향긋한 골든퀸쌀밥 210g*6입,컬리X햇반,https://www.kurly.com/goods/1000202889,6980,17392,2025.09.20,"세일해서 많이쟁였어요
급할때 최고요 맛도최고"
도시락·밥류,향긋한 골든퀸쌀밥 210g*6입,컬리X햇반,https://www.kurly.com/goods/1000202889,6980,17392,2025.09.19,컬리멤버십가좋네요 ㅎ
도시락·밥류,향긋한 골든퀸쌀밥 210g*6입,컬리X햇반,https://www.kurly.com/goods/1000202889,6980,17392,2025.09.19,간단하게 만들어 먹기 좋아요
도시락·밥류,향긋한 골든퀸쌀밥 210g*6입,컬리X햇반,https://www.kurly.com/goods/1000202889,6980,17392,2025.09.19,저는 약간밥냄새가 적응이 안되네요
도시락·밥류,향긋한 골든퀸쌀밥 210g*6입,컬리X햇반,https://www.kurly.com/goods/1000202889,6980,17392,2025.09.19,"비상? 식량 
혹시 갑자기 필요할때
요긴합니다"
도시락·밥류,향긋한 골든퀸쌀밥 210g*6입,컬리X햇반,https://www.kurly.com/goods/1000202889,6980,17392,2025.09.19,진밥 스타일 찐득찐득
도시락·밥류,향긋한 골든퀸쌀밥 210g*6입,컬리X햇반,https://www.kurly.com/goods/1000202889,6980,17392,2025.09.19,"[컬리x햇반]향긋한 골드퀸쌀밥
맛있어요 ~"
도시락·밥류,향긋한 골든퀸쌀밥 210g*6입,컬리X햇반,https://www.kurly.com/goods/1000202889,6980,17392,2025.09.19,맛있어서 주문했어요
도시락·밥류,향긋한 골든퀸쌀밥 210g*6입,컬리X햇반,https://www.kurly.com/goods/1000202889,6980,17392,2025.09.19,골드퀸햇반 밥향도 구수하니 맛있고 좋아요
도시락·밥류,새우볶음밥 (4개입),올반,https://www.kurly.com/goods/5031704,9980,16487,2024.03.20,"처음 사봤는데 너무 맛있었어요. 저는 전자레인지에 돌리지 않고 팬에 한 번 볶아서 먹어봤어요.

1. 후라이팬에 카놀라유를 두른다.
2. 팬이 충분히 달궈지면 따로 썰어둔 마늘, 냉동 새우를 첨가해서 볶는다.
3. 마늘향이 올라올 즈음 올반볶음밥을 넣고 3분 가량 볶는다.
4. 노르스름한 색이 날 즈음 짜장소스를 전자레인지에 1분 정도 따로 돌린다.
5. 접시에 옮겨담고 밥 위에 짜장소스를 담는다.

저희집 전자레인지가 700w 인데 짜장소스는 1분만 돌려도 충분하더라구요. (2분 돌렸다가 약간 탐..)

저는 마늘이랑 버섯, 새우는 첨가해서 볶긴 했지만 굳이 넣지 않아도 충분히 재료가 탄탄한 편이예요. 맛있고 간편하게 한끼 해결 잘했습니다."
도시락·밥류,새우볶음밥 (4개입),올반,https://www.kurly.com/goods/5031704,9980,16487,2023.06.04,"새우볶음밥을 먹고 싶어서 주문했어요.
냉동 짜장소스4개, 냉동 볶음밥4개가 개별포장으로 들어 있어요. 여자인 저에게 양은 좀 작은 듯합니다만. 소식하시는 분은 넉넉할지도…. ^^!‘ 전 계란과 양배추를 더 넣고 버터 한조각 넣어 볶다가 명란마요네즈랑 케찹을 넣어 조금 아이들 입맛으로 먹었습니다. 재료를 부과하시면 좀 더 맛있어요. 볶으실 때 기름 따로 넣으실 필요 없으시고 그냥 볶아주시면 밥알이 살아납니다."
도시락·밥류,새우볶음밥 (4개입),올반,https://www.kurly.com/goods/5031704,9980,16487,2023.05.24,"마켓컬리 볶음밥 중 최애 볶음밥!!
몇 번을 재구매 했는지 모르겠네요 ㅎㅎ
이번엔 가족들 해주려고 4인분 한번에 조리했어요 가족들도 다 맛있어해요
저는 계란을 스크램블 처럼 조리 후 볶음밥이랑 같이 볶았더니 더 부드럽고 좋네요 ㅎㅎ
아이들이 좋아할 맛이에요! 
새우도 많이 들어있어요 강추합니다!!"
도시락·밥류,새우볶음밥 (4개입),올반,https://www.kurly.com/goods/5031704,9980,16487,2025.09.23,울아기 밥으로 주문해봤어요
도시락·밥류,새우볶음밥 (4개입),올반,https://www.kurly.com/goods/5031704,9980,16487,2025.09.23,"먹기편해서 급할때 좋구요, 쟁여놓으면 마음편할 것 같아요."
도시락·밥류,새우볶음밥 (4개입),올반,https://www.kurly.com/goods/5031704,9980,16487,2025.09.23,"냉동식품인데 종이박스에 넣어서 왔네요. 주먹만한 드라이아이스 하나가 있었지만, 제품이 약간 시원할 정도까지 녹아서 왔어요...별점이 있다면 한개줬을겁니다."
도시락·밥류,새우볶음밥 (4개입),올반,https://www.kurly.com/goods/5031704,9980,16487,2025.09.23,간편해서 출근전에 먹고기가 좋아요.계란국하나만 끓임되니 편해요
도시락·밥류,새우볶음밥 (4개입),올반,https://www.kurly.com/goods/5031704,9980,16487,2025.09.23,대파기름 내서 볶아먹으니 굿
도시락·밥류,새우볶음밥 (4개입),올반,https://www.kurly.com/goods/5031704,9980,16487,2025.09.23,"간편하게 맛있게 언제든지 먹을 수 있어서 좋아요. 집에 있는 재료들을 첨가하면 더욱 맛있고.
좋아요"
도시락·밥류,새우볶음밥 (4개입),올반,https://www.kurly.com/goods/5031704,9980,16487,2025.09.23,"아이들이 잘 먹어서 종종 시켜요
짜장소스는 안 먹어서 아깝긴한데.."
도시락·밥류,새우볶음밥 (4개입),올반,https://www.kurly.com/goods/5031704,9980,16487,2025.09.22,밥해먹기 싫을때 가볍게 먹을수 있어서 좋네요
도시락·밥류,새우볶음밥 (4개입),올반,https://www.kurly.com/goods/5031704,9980,16487,2025.09.22,"짜장도 불향 나고 고급진 맛이에요
밥이 똑 떨어졌는데 밥 짓기 귀찮을때
넘 잘먹었습니다!!"
도시락·밥류,새우볶음밥 (4개입),올반,https://www.kurly.com/goods/5031704,9980,16487,2025.09.22,후기가 좋아서 구매했어요 맛있었으면 좋겠어요
도시락·밥류,새우볶음밥 (4개입),올반,https://www.kurly.com/goods/5031704,9980,16487,2025.09.22,첫구매해보네요..맛있으면 좋겠어요..
도시락·밥류,새우볶음밥 (4개입),올반,https://www.kurly.com/goods/5031704,9980,16487,2025.09.22,새우가 포함된 볶음밥. 볶음밥은 실패를 할수가 없는 메뉴로 언제 어디서나 먹어도 넘나 맛있습니다 👍
도시락·밥류,새우볶음밥 (4개입),올반,https://www.kurly.com/goods/5031704,9980,16487,2025.09.22,새우볶음밥 가볍ㄱ 잘 먹고 잇어요
도시락·밥류,새우볶음밥 (4개입),올반,https://www.kurly.com/goods/5031704,9980,16487,2025.09.22,4개 들어 있어요 급할때 좋을것 같아요
도시락·밥류,새우볶음밥 (4개입),올반,https://www.kurly.com/goods/5031704,9980,16487,2025.09.22,아직 먹기전이지만 믿고구매했어요
도시락·밥류,새우볶음밥 (4개입),올반,https://www.kurly.com/goods/5031704,9980,16487,2025.09.22,"내용물이 실하네요
짜장소스 킥"
도시락·밥류,새우볶음밥 (4개입),올반,https://www.kurly.com/goods/5031704,9980,16487,2025.09.22,급할때 간단하게 한끼를 해결할 수 있어서 좋습니다.
도시락·밥류,새우볶음밥 (4개입),올반,https://www.kurly.com/goods/5031704,9980,16487,2025.09.22,간편하게 먹기는 좋은데 맛은 그냥 그래요
도시락·밥류,새우볶음밥 (4개입),올반,https://www.kurly.com/goods/5031704,9980,16487,2025.09.22,맛있어서 재재구매요. 간단히 한끼 해결할때 정말 좋아요.
도시락·밥류,새우볶음밥 (4개입),올반,https://www.kurly.com/goods/5031704,9980,16487,2025.09.22,새우 볶음밥에 짜장소스 찰떡.간편하고 좋아요.
도시락·밥류,새우볶음밥 (4개입),올반,https://www.kurly.com/goods/5031704,9980,16487,2025.09.22,간편하니 넘 좋네용
도시락·밥류,새우볶음밥 (4개입),올반,https://www.kurly.com/goods/5031704,9980,16487,2025.09.22,"양 가격 품질 포장 배송
모두다 좋아요"
도시락·밥류,새우볶음밥 (4개입),올반,https://www.kurly.com/goods/5031704,9980,16487,2025.09.22,얼마 전에 구매해서 다 먹고 재구매요. 온 가족이 정말 맛있게 먹어요. 급하게 먹을 때 간단히 먹기도 좋아요
도시락·밥류,새우볶음밥 (4개입),올반,https://www.kurly.com/goods/5031704,9980,16487,2025.09.22,간단히 먹으려구 구입했어요. 볶음밥은 괜찮은데 짜장소스가 너무 달아서 별루네요...
도시락·밥류,새우볶음밥 (4개입),올반,https://www.kurly.com/goods/5031704,9980,16487,2025.09.22,후기가 좋아서 구매해봅니다
도시락·밥류,새우볶음밥 (4개입),올반,https://www.kurly.com/goods/5031704,9980,16487,2025.09.21,중국집에 서 먹는 그 맛이예요 맛있어요
도시락·밥류,새우볶음밥 (4개입),올반,https://www.kurly.com/goods/5031704,9980,16487,2025.09.21,"새우볶음밥 맛있어요.
양도 넉넉, 맛도 좋아요"
도시락·밥류,새우볶음밥 (4개입),올반,https://www.kurly.com/goods/5031704,9980,16487,2025.09.21,"맛도 인정, 짜장소스 동봉은 감동"
도시락·밥류,새우볶음밥 (4개입),올반,https://www.kurly.com/goods/5031704,9980,16487,2025.09.21,"갠찮네요
짜장소스가 있어서 잘먹어요"
도시락·밥류,새우볶음밥 (4개입),올반,https://www.kurly.com/goods/5031704,9980,16487,2025.09.21,맛은 그냥 평범한데 간편해서 좋아요 양은 좀 부족해요
도시락·밥류,새우볶음밥 (4개입),올반,https://www.kurly.com/goods/5031704,9980,16487,2025.09.21,"반찬없을때 급할때 좋습니다
2팩 쟁여 놓아요"
도시락·밥류,새우볶음밥 (4개입),올반,https://www.kurly.com/goods/5031704,9980,16487,2025.09.21,맛있어서 재구매각!!!  간단한 끼니로 딱 좋아요.
도시락·밥류,새우볶음밥 (4개입),올반,https://www.kurly.com/goods/5031704,9980,16487,2025.09.21,아이가 맛있게 먹어서 재구매~~  간단한 한끼로 좋습니다.
도시락·밥류,새우볶음밥 (4개입),올반,https://www.kurly.com/goods/5031704,9980,16487,2025.09.21,새우볶음밥 괜찮음 근데 소스가 좀적고 양도 적습니다ㅠㅠ 2개먹어야함
도시락·밥류,새우볶음밥 (4개입),올반,https://www.kurly.com/goods/5031704,9980,16487,2025.09.21,"아아들이 잘 먹는데
짜장소스는 별로"
도시락·밥류,새우볶음밥 (4개입),올반,https://www.kurly.com/goods/5031704,9980,16487,2025.09.21,"계란이랑 같이볶아주믄 애들리
아주 조아해용 ㅋㅋ 마ㅛ잇어용"
도시락·밥류,새우볶음밥 (4개입),올반,https://www.kurly.com/goods/5031704,9980,16487,2025.09.21,한 봉지씩 먹기에는 양이 좀 적어서 아쉽네요..🥺
도시락·밥류,새우볶음밥 (4개입),올반,https://www.kurly.com/goods/5031704,9980,16487,2025.09.21,간식으로 휘리릭하기 좋아오
도시락·밥류,새우볶음밥 (4개입),올반,https://www.kurly.com/goods/5031704,9980,16487,2025.09.21,간편하게 만들기 좋은 볶음밥이에요
도시락·밥류,새우볶음밥 (4개입),올반,https://www.kurly.com/goods/5031704,9980,16487,2025.09.21,짜장소스가 들어있어서 더 맛있어요
도시락·밥류,새우볶음밥 (4개입),올반,https://www.kurly.com/goods/5031704,9980,16487,2025.09.21,맛있어요 간편하고 간단함
도시락·밥류,새우볶음밥 (4개입),올반,https://www.kurly.com/goods/5031704,9980,16487,2025.09.21,짜장소스까지 있어서 좋아요
도시락·밥류,새우볶음밥 (4개입),올반,https://www.kurly.com/goods/5031704,9980,16487,2025.09.21,"자주이용하는것입니다
새우를 조금더 추가해서 볶음밥해줍니다"
도시락·밥류,새우볶음밥 (4개입),올반,https://www.kurly.com/goods/5031704,9980,16487,2025.09.21,올반제품 대부분 평타 이상이라 믿고 구매했네요.
도시락·밥류,새우볶음밥 (4개입),올반,https://www.kurly.com/goods/5031704,9980,16487,2025.09.20,아이가 잘먹어서 자주 구매해요
도시락·밥류,새우볶음밥 (4개입),올반,https://www.kurly.com/goods/5031704,9980,16487,2025.09.20,짜장소스도 들어있고 가성비 좋아서 매번 재구매하고 있어요
도시락·밥류,새우볶음밥 (4개입),올반,https://www.kurly.com/goods/5031704,9980,16487,2025.09.20,새우볶음밥 맛있게 먹었어요
도시락·밥류,오뚜기밥 실속 210gX12,오뚜기,https://www.kurly.com/goods/1000169817,11000,3872,2025.09.23,실속제품이라 가성비 좋아요
도시락·밥류,오뚜기밥 실속 210gX12,오뚜기,https://www.kurly.com/goods/1000169817,11000,3872,2025.09.22,저렴하게 잘 구매했어용 밥맛도 좋아요
도시락·밥류,오뚜기밥 실속 210gX12,오뚜기,https://www.kurly.com/goods/1000169817,11000,3872,2025.09.22,"급할땐 즉석밥이 편해서
항상 구비합니다."
도시락·밥류,오뚜기밥 실속 210gX12,오뚜기,https://www.kurly.com/goods/1000169817,11000,3872,2025.09.22,오뚜기밥이 젤루 좋아요 ^^
도시락·밥류,오뚜기밥 실속 210gX12,오뚜기,https://www.kurly.com/goods/1000169817,11000,3872,2025.09.22,햇반이나 오뚜기나.. 랜지에 1분 30초 돌리면 똑같은 밥! 쌀때 쟁겨두자!!
도시락·밥류,오뚜기밥 실속 210gX12,오뚜기,https://www.kurly.com/goods/1000169817,11000,3872,2025.09.22,다른 사이트보다 싼 거 같아요 잘 먹겟습니다
도시락·밥류,오뚜기밥 실속 210gX12,오뚜기,https://www.kurly.com/goods/1000169817,11000,3872,2025.09.21,맛있었어요 가성비좋게 잘 샀습니다ㄴ
도시락·밥류,오뚜기밥 실속 210gX12,오뚜기,https://www.kurly.com/goods/1000169817,11000,3872,2025.09.21,항상감사합니다~~~~
도시락·밥류,오뚜기밥 실속 210gX12,오뚜기,https://www.kurly.com/goods/1000169817,11000,3872,2025.09.21,괜찮아요 좋아요 맛있어요
도시락·밥류,오뚜기밥 실속 210gX12,오뚜기,https://www.kurly.com/goods/1000169817,11000,3872,2025.09.21,오뚜기밥이 맛도 좋고 양도 많고 렌지 넣기 전 밥 따기도 쉽고 좋아요 두 박스 샀는데 추천합니다
도시락·밥류,오뚜기밥 실속 210gX12,오뚜기,https://www.kurly.com/goods/1000169817,11000,3872,2025.09.21,항상 오뚜기햇반만 사먹어요 맛잇어요
도시락·밥류,오뚜기밥 실속 210gX12,오뚜기,https://www.kurly.com/goods/1000169817,11000,3872,2025.09.21,항상오뚜기햇반만 사먹네요~~ 맛잇어요~
도시락·밥류,오뚜기밥 실속 210gX12,오뚜기,https://www.kurly.com/goods/1000169817,11000,3872,2025.09.21,자취생 필수템이여 할인 중이라 바로 구매했습니다
도시락·밥류,오뚜기밥 실속 210gX12,오뚜기,https://www.kurly.com/goods/1000169817,11000,3872,2025.09.20,저렴하게 구매해서 좋아요 간편합니다
도시락·밥류,오뚜기밥 실속 210gX12,오뚜기,https://www.kurly.com/goods/1000169817,11000,3872,2025.09.20,쿠폰도 써서 싸게 잘 샀어요
도시락·밥류,오뚜기밥 실속 210gX12,오뚜기,https://www.kurly.com/goods/1000169817,11000,3872,2025.09.20,"즉석밥하면 오뚜기밥 210g 최고임!!!
소비기한 2026년 05월 28일 넉넉해요!!!"
도시락·밥류,오뚜기밥 실속 210gX12,오뚜기,https://www.kurly.com/goods/1000169817,11000,3872,2025.09.20,"비가 오는 와중에도 박스가 젖지도 않고, 초인종이 없어서 전화주셔서 문앞까지 배송
제품에 문제도 없고 좋아요"
도시락·밥류,오뚜기밥 실속 210gX12,오뚜기,https://www.kurly.com/goods/1000169817,11000,3872,2025.09.19,저렴하게 주문해서 좋아요
도시락·밥류,오뚜기밥 실속 210gX12,오뚜기,https://www.kurly.com/goods/1000169817,11000,3872,2025.09.19,찰기가 없어서 삼각김밥 싸기 좋아요.
도시락·밥류,오뚜기밥 실속 210gX12,오뚜기,https://www.kurly.com/goods/1000169817,11000,3872,2025.09.19,아이는 오뚜기밥을 좋아하네요
도시락·밥류,오뚜기밥 실속 210gX12,오뚜기,https://www.kurly.com/goods/1000169817,11000,3872,2025.09.19,잘 받았습니다. 잘 구매했습니다.좋아요
도시락·밥류,오뚜기밥 실속 210gX12,오뚜기,https://www.kurly.com/goods/1000169817,11000,3872,2025.09.19,오뚜기밥 뜯기도 편하고 괜찮고 양도 괜찮아요 비상식량으로 제격 ㅎㅎ
도시락·밥류,오뚜기밥 실속 210gX12,오뚜기,https://www.kurly.com/goods/1000169817,11000,3872,2025.09.19,세일이라 저렴하게 구입...즉석밥은 볶음밥이나 김밥만들때 필수 입니다
도시락·밥류,오뚜기밥 실속 210gX12,오뚜기,https://www.kurly.com/goods/1000169817,11000,3872,2025.09.19,오뚜기밥 배송 잘받았어요
도시락·밥류,오뚜기밥 실속 210gX12,오뚜기,https://www.kurly.com/goods/1000169817,11000,3872,2025.09.18,급해서 컵밥에 있는 햇반을 냠냠 했네요. 채워넣으려고 구매했어요.
도시락·밥류,오뚜기밥 실속 210gX12,오뚜기,https://www.kurly.com/goods/1000169817,11000,3872,2025.09.18,"비상용으로 주문했는데 벌써 없어졌네요.ㅎㅎㅎ
밥맛 좋아요"
도시락·밥류,오뚜기밥 실속 210gX12,오뚜기,https://www.kurly.com/goods/1000169817,11000,3872,2025.09.18,맛있습니다 급할때 좋아요
도시락·밥류,오뚜기밥 실속 210gX12,오뚜기,https://www.kurly.com/goods/1000169817,11000,3872,2025.09.18,살짝 오뚜기밥 특유의 냄새가 있음
도시락·밥류,오뚜기밥 실속 210gX12,오뚜기,https://www.kurly.com/goods/1000169817,11000,3872,2025.09.18,아들이 좋아해서 주문하기는 하는데ᆢ
도시락·밥류,오뚜기밥 실속 210gX12,오뚜기,https://www.kurly.com/goods/1000169817,11000,3872,2025.09.18,밥없을때 아주 좋아요!
도시락·밥류,오뚜기밥 실속 210gX12,오뚜기,https://www.kurly.com/goods/1000169817,11000,3872,2025.09.18,밥도 맛있고 간편해요
도시락·밥류,오뚜기밥 실속 210gX12,오뚜기,https://www.kurly.com/goods/1000169817,11000,3872,2025.09.18,오뚜기밥 맛있어요 간편하게 먹을 수 있어서 좋아요
도시락·밥류,오뚜기밥 실속 210gX12,오뚜기,https://www.kurly.com/goods/1000169817,11000,3872,2025.09.18,오뚜기 밥 항상 필요해요
도시락·밥류,오뚜기밥 실속 210gX12,오뚜기,https://www.kurly.com/goods/1000169817,11000,3872,2025.09.17,종종 먹던 건데 저렴하게 팔길래 구매했습니다. 만족!
도시락·밥류,오뚜기밥 실속 210gX12,오뚜기,https://www.kurly.com/goods/1000169817,11000,3872,2025.09.17,오뚜기밥 1 박스에 12개 맞네요.
도시락·밥류,오뚜기밥 실속 210gX12,오뚜기,https://www.kurly.com/goods/1000169817,11000,3872,2025.09.17,저렴한금액으로 구매 햇어요 좋아요
도시락·밥류,오뚜기밥 실속 210gX12,오뚜기,https://www.kurly.com/goods/1000169817,11000,3872,2025.09.17,저렴하게 잘 샀어요
도시락·밥류,오뚜기밥 실속 210gX12,오뚜기,https://www.kurly.com/goods/1000169817,11000,3872,2025.09.17,아이가 오뚜기밥을 좋아해요
도시락·밥류,오뚜기밥 실속 210gX12,오뚜기,https://www.kurly.com/goods/1000169817,11000,3872,2025.09.17,햇반만먹다 가격땜 사봤는데 맛좋아서 담에  또사려구요
도시락·밥류,오뚜기밥 실속 210gX12,오뚜기,https://www.kurly.com/goods/1000169817,11000,3872,2025.09.17,친정에보내드렸어요~~
도시락·밥류,오뚜기밥 실속 210gX12,오뚜기,https://www.kurly.com/goods/1000169817,11000,3872,2025.09.17,가격도착하고 밥맛도좋다
도시락·밥류,오뚜기밥 실속 210gX12,오뚜기,https://www.kurly.com/goods/1000169817,11000,3872,2025.09.16,저렴해서 사봤어요 맛있네요 흰쌀밥
도시락·밥류,오뚜기밥 실속 210gX12,오뚜기,https://www.kurly.com/goods/1000169817,11000,3872,2025.09.16,항상 구매합니다 good 맛있어요
도시락·밥류,오뚜기밥 실속 210gX12,오뚜기,https://www.kurly.com/goods/1000169817,11000,3872,2025.09.16,세일해서 잘 구입했네요.
도시락·밥류,오뚜기밥 실속 210gX12,오뚜기,https://www.kurly.com/goods/1000169817,11000,3872,2025.09.16,"밥알이 부드러운 편이고
수분(?) 도 많은편이라 촉촉하다 해야할까?
쉽게 마르지 않아요
단연 밥맛도 좋아요
항상 잘 먹고 있어요"
도시락·밥류,오뚜기밥 실속 210gX12,오뚜기,https://www.kurly.com/goods/1000169817,11000,3872,2025.09.16,"햇반은 집에없으면 불안합니다
비상시에 유용합니다"
도시락·밥류,오뚜기밥 실속 210gX12,오뚜기,https://www.kurly.com/goods/1000169817,11000,3872,2025.09.16,세일해서 또 주문했어요
도시락·밥류,오뚜기밥 실속 210gX12,오뚜기,https://www.kurly.com/goods/1000169817,11000,3872,2025.09.16,비상식량입니다 헤헤 빠른 배송 감사합니다
도시락·밥류,오뚜기밥 실속 210gX12,오뚜기,https://www.kurly.com/goods/1000169817,11000,3872,2025.09.16,밥통에 밥 떨어졌을때 요긴해요
도시락·밥류,오뚜기밥 실속 210gX12,오뚜기,https://www.kurly.com/goods/1000169817,11000,3872,2025.09.16,여름에 밥해먹기 귀찮아서 자주산 즉석밥입니다
도시락·밥류,라이스플랜 파로통곡물밥 190g*4입,햇반,https://www.kurly.com/goods/1001171769,8980,1331,2025.08.06,"취향저격템 … 을 만나버렸습니다. 햇반은 앞으로 이 파로통곡물밥으로 정착하려고 합니다 !🍚🍚🍚

장바구니에 담을 땐 “이렇게라도 저속노화를 시도해보자^.^…”는 마음에 담은건데, 한 번 먹고나니 순전히 “맛있어서” 자꾸 찾게 되네요.

우선 식감이 너무너무 좋아요. 파로통곡물밥이라 통곡물 특유의 그 씹히는 맛이 너무 좋네요. 그 씹히는 맛 느끼려고 꼭꼭 씹어먹게 되네요! 평소 밥 진짜 빨리 먹는 편인데, 이거 먹으니까 속도가 느려졌어요. 

개인적인 소망이 있다면… 조금 더 적은 용량의 미니 파로통곡물밥이 나오면 너무너무 좋겠어요! 꼭꼭 씹어먹다 보니 금방 배가 찬 느낌이 들어서.. 조금 더 미니미한 용량이 있다면 부담스럽지 않게 딱 맞을 것 같은 느낌! 이 드네용 ㅎㅎ

저속노화는 물론이고 맛까지 챙길 수 있는 이 아이템.. 얼른 쟁이세요 >.< 🍚🍚🍚🍚"
도시락·밥류,라이스플랜 파로통곡물밥 190g*4입,햇반,https://www.kurly.com/goods/1001171769,8980,1331,2025.09.22,요즘 저의 애정밥!!!! 백미를 좋아하는 가족들 때문에 잡곡밥을 좋아하는 저는 요걸 따로 시켜서 먹으니 딱 좋아요
도시락·밥류,라이스플랜 파로통곡물밥 190g*4입,햇반,https://www.kurly.com/goods/1001171769,8980,1331,2025.09.22,저노화식단이라 관심 가져봅니다
도시락·밥류,라이스플랜 파로통곡물밥 190g*4입,햇반,https://www.kurly.com/goods/1001171769,8980,1331,2025.09.22,다이어트 하고 있어서 재구매 했어요
도시락·밥류,라이스플랜 파로통곡물밥 190g*4입,햇반,https://www.kurly.com/goods/1001171769,8980,1331,2025.09.21,맛 좋고 가격도 좋아 또 주문했어요.  밥짓기 싫어 또 먹게 되네요.
도시락·밥류,라이스플랜 파로통곡물밥 190g*4입,햇반,https://www.kurly.com/goods/1001171769,8980,1331,2025.09.21,건강한 밥 먹을 수 있어서 좋아요
도시락·밥류,라이스플랜 파로통곡물밥 190g*4입,햇반,https://www.kurly.com/goods/1001171769,8980,1331,2025.09.21,"다이어트 한다고 이걸 샀네요
먹을만하데요"
도시락·밥류,라이스플랜 파로통곡물밥 190g*4입,햇반,https://www.kurly.com/goods/1001171769,8980,1331,2025.09.20,밥이 구수하고 맛있어요
도시락·밥류,라이스플랜 파로통곡물밥 190g*4입,햇반,https://www.kurly.com/goods/1001171769,8980,1331,2025.09.20,고준희님이 드신다길래 비싸긴 하지만 주문해봤는데 맛있는 것 같아요
도시락·밥류,라이스플랜 파로통곡물밥 190g*4입,햇반,https://www.kurly.com/goods/1001171769,8980,1331,2025.09.20,파로밥 정말 맛있네요.
도시락·밥류,라이스플랜 파로통곡물밥 190g*4입,햇반,https://www.kurly.com/goods/1001171769,8980,1331,2025.09.20,파로 통곡물밥 정말 맛있어요. 너무너무 고소하고 건강해지는 느낌이에요
도시락·밥류,라이스플랜 파로통곡물밥 190g*4입,햇반,https://www.kurly.com/goods/1001171769,8980,1331,2025.09.20,건강해지는맛 맛좋음 굿굿굿
도시락·밥류,라이스플랜 파로통곡물밥 190g*4입,햇반,https://www.kurly.com/goods/1001171769,8980,1331,2025.09.19,"건강생각해서 주문했는데, 생각보다 맛있어서 놀랬어요"
도시락·밥류,라이스플랜 파로통곡물밥 190g*4입,햇반,https://www.kurly.com/goods/1001171769,8980,1331,2025.09.19,"통곡물밥과 다를바 없는 밥맛입니다
통곡물밥보다 양이 많아서 좋아요"
도시락·밥류,라이스플랜 파로통곡물밥 190g*4입,햇반,https://www.kurly.com/goods/1001171769,8980,1331,2025.09.19,맛과 영양을 공급하는 컬리 언제나 감사합니다 잘 먹겠습니다
도시락·밥류,라이스플랜 파로통곡물밥 190g*4입,햇반,https://www.kurly.com/goods/1001171769,8980,1331,2025.09.19,톡톡 씹햐서 맛잇어오
도시락·밥류,라이스플랜 파로통곡물밥 190g*4입,햇반,https://www.kurly.com/goods/1001171769,8980,1331,2025.09.19,밥맛도 있고 건강한 조합이라는 생각에 손이 자주갑니다. 그냥 흰밥 보다  맛도 좋아요 가격만 좀 더 저렴하면 좋겠지만 ㅎ
도시락·밥류,라이스플랜 파로통곡물밥 190g*4입,햇반,https://www.kurly.com/goods/1001171769,8980,1331,2025.09.19,파로밥이 건강하다 해서 자주 먹으려고 노력하는데 간편하게 좋으네요
도시락·밥류,라이스플랜 파로통곡물밥 190g*4입,햇반,https://www.kurly.com/goods/1001171769,8980,1331,2025.09.19,"너무비싸요 
먹은 아직모르겠네요"
도시락·밥류,라이스플랜 파로통곡물밥 190g*4입,햇반,https://www.kurly.com/goods/1001171769,8980,1331,2025.09.18,톡톡 씹히는 맛이 좋아요
도시락·밥류,라이스플랜 파로통곡물밥 190g*4입,햇반,https://www.kurly.com/goods/1001171769,8980,1331,2025.09.18,몇번째 재구매중  앞으로 이것만 주문할듯
도시락·밥류,라이스플랜 파로통곡물밥 190g*4입,햇반,https://www.kurly.com/goods/1001171769,8980,1331,2025.09.18,쿠폰써서 공식몰보다 할인가로 잘 샀어요~ ㅎ
도시락·밥류,라이스플랜 파로통곡물밥 190g*4입,햇반,https://www.kurly.com/goods/1001171769,8980,1331,2025.09.18,이거 남편이(흰쌀밥충) 쌀밥보다 맛있다해요 ㅎㅎ
도시락·밥류,라이스플랜 파로통곡물밥 190g*4입,햇반,https://www.kurly.com/goods/1001171769,8980,1331,2025.09.18,파로밥 먹어보고 파로쌀 사료고
도시락·밥류,라이스플랜 파로통곡물밥 190g*4입,햇반,https://www.kurly.com/goods/1001171769,8980,1331,2025.09.17,밥맛좋고건강도챙기고곡물도따로안챙겨서좋네요
도시락·밥류,라이스플랜 파로통곡물밥 190g*4입,햇반,https://www.kurly.com/goods/1001171769,8980,1331,2025.09.17,"좋아요 건강해지는
느낌"
도시락·밥류,라이스플랜 파로통곡물밥 190g*4입,햇반,https://www.kurly.com/goods/1001171769,8980,1331,2025.09.17,"괜찮은 가격, 포장 상태 만족.
맛있어요."
도시락·밥류,라이스플랜 파로통곡물밥 190g*4입,햇반,https://www.kurly.com/goods/1001171769,8980,1331,2025.09.17,다이어트하기위해~~~^^ 맛있어요
도시락·밥류,라이스플랜 파로통곡물밥 190g*4입,햇반,https://www.kurly.com/goods/1001171769,8980,1331,2025.09.17,다른 밥보다는 좀 딱딱한 식감이에요.
도시락·밥류,라이스플랜 파로통곡물밥 190g*4입,햇반,https://www.kurly.com/goods/1001171769,8980,1331,2025.09.17,"속이 편하고 맛있어요
건강을 위해 파로밥 먹어요"
도시락·밥류,라이스플랜 파로통곡물밥 190g*4입,햇반,https://www.kurly.com/goods/1001171769,8980,1331,2025.09.17,ㅋㅋㅋ덜 노화되고 싶어서 구매해서 먹는데 밥맛도 좋고 할매입맛엔 딱입니다
도시락·밥류,라이스플랜 파로통곡물밥 190g*4입,햇반,https://www.kurly.com/goods/1001171769,8980,1331,2025.09.17,맛있는 파로통곡물밥.. 씹는 식감이 좋습니다
도시락·밥류,라이스플랜 파로통곡물밥 190g*4입,햇반,https://www.kurly.com/goods/1001171769,8980,1331,2025.09.17,건강한 햇반으로 믿고 먹어요
도시락·밥류,라이스플랜 파로통곡물밥 190g*4입,햇반,https://www.kurly.com/goods/1001171769,8980,1331,2025.09.16,가격이 비싸지만 만족해요
도시락·밥류,라이스플랜 파로통곡물밥 190g*4입,햇반,https://www.kurly.com/goods/1001171769,8980,1331,2025.09.16,맛있어요 더 살껄 ㅠㅠ
도시락·밥류,라이스플랜 파로통곡물밥 190g*4입,햇반,https://www.kurly.com/goods/1001171769,8980,1331,2025.09.16,"파로밥이 맛있어요 
김싸서 먹었는데 씹는맛이 좋아요"
도시락·밥류,라이스플랜 파로통곡물밥 190g*4입,햇반,https://www.kurly.com/goods/1001171769,8980,1331,2025.09.16,통곡물이라 씹히는 식감이 좋아요
도시락·밥류,라이스플랜 파로통곡물밥 190g*4입,햇반,https://www.kurly.com/goods/1001171769,8980,1331,2025.09.16,밥 냄새도 식감도 좋네요
도시락·밥류,라이스플랜 파로통곡물밥 190g*4입,햇반,https://www.kurly.com/goods/1001171769,8980,1331,2025.09.16,간편하게 챙기는 건강 추천합니다
도시락·밥류,라이스플랜 파로통곡물밥 190g*4입,햇반,https://www.kurly.com/goods/1001171769,8980,1331,2025.09.16,"간편하게
건강 챙길 수 있어 좋습니다"
도시락·밥류,라이스플랜 파로통곡물밥 190g*4입,햇반,https://www.kurly.com/goods/1001171769,8980,1331,2025.09.16,건강한 맛이라 자주 재구매합니다
도시락·밥류,라이스플랜 파로통곡물밥 190g*4입,햇반,https://www.kurly.com/goods/1001171769,8980,1331,2025.09.15,건강 챙기려고 라이브 행사할때 구입했어요~~
도시락·밥류,라이스플랜 파로통곡물밥 190g*4입,햇반,https://www.kurly.com/goods/1001171769,8980,1331,2025.09.15,정희원박사가개발한햇반이라길래구입해봅니다 요즘정희원박사유명하고난리더라구요 맛이궁금해요 기대중입니다
도시락·밥류,라이스플랜 파로통곡물밥 190g*4입,햇반,https://www.kurly.com/goods/1001171769,8980,1331,2025.09.15,"파로밥 양이 150그램 이면 좋겠어요
190그램은 매번 조금씩 버리게되요"
도시락·밥류,라이스플랜 파로통곡물밥 190g*4입,햇반,https://www.kurly.com/goods/1001171769,8980,1331,2025.09.15,"파로밥 좋아요
감사합니다"
도시락·밥류,라이스플랜 파로통곡물밥 190g*4입,햇반,https://www.kurly.com/goods/1001171769,8980,1331,2025.09.15,건강한 재료로  씹는맛이  구수해요
도시락·밥류,라이스플랜 파로통곡물밥 190g*4입,햇반,https://www.kurly.com/goods/1001171769,8980,1331,2025.09.15,씹는 맛이 넘 좋고 맛있음
도시락·밥류,라이스플랜 파로통곡물밥 190g*4입,햇반,https://www.kurly.com/goods/1001171769,8980,1331,2025.09.15,맛있다는 후기보고 구매해봅니다 건강에도 좋을듯
도시락·밥류,라이스플랜 파로통곡물밥 190g*4입,햇반,https://www.kurly.com/goods/1001171769,8980,1331,2025.09.15,199그램이라 양도 넉넉하고 밥도 고소하고 맛있네요
도시락·밥류,라이스플랜 파로통곡물밥 190g*4입,햇반,https://www.kurly.com/goods/1001171769,8980,1331,2025.09.15,파로밥!!! 쫀득하고 맛있어서 정희원교수님 밥 궁금하면 저는 렌틸콩보단 맛나요
도시락·밥류,국산 김치로 만든 김치볶음밥 (4개입),차려낸,https://www.kurly.com/goods/1001401863,8070,1217,2025.07.31,"국산 김치가 재료로 들어가는 데가 잘 없어서 사 본 볶음밥이예요. 일단 김치볶음밥은 김치맛이랑 간이 참 중요한데 이 제품은 국산 재료들인 것도 맛도 전체적으로 너무 괜찮네요. 🥄한봉지 볶으면 순삭!
저는 한봉지 볶을 때마다 집에 있는 재료를 좀 바꿔가며 섞어 줬어요. 
양배추를 같이 썰어 넣거나,
브로콜리 데친 걸 넣거나,
방울토마토를 마지막에 살짝 익혀 넣기도,
루꼴라를 얹어서 향긋한 야채랑 먹는 것도
잘 어울려서 4봉지 들은 거 순삭하고
다시 재구매 했습니다 🤭🤭🤭🤭🥢
매운 정도는 맵찔이인 제가 먹기에도 적당해서
짜지도 달지도 않은 요런 김볶을 원했어요!!"
도시락·밥류,국산 김치로 만든 김치볶음밥 (4개입),차려낸,https://www.kurly.com/goods/1001401863,8070,1217,2025.09.23,없으면 안되요. 급할때 유용해요 매우
도시락·밥류,국산 김치로 만든 김치볶음밥 (4개입),차려낸,https://www.kurly.com/goods/1001401863,8070,1217,2025.09.23,가족들이 좋아해요 맛있어요
도시락·밥류,국산 김치로 만든 김치볶음밥 (4개입),차려낸,https://www.kurly.com/goods/1001401863,8070,1217,2025.09.23,넘맛있어서 재구매합니다
도시락·밥류,국산 김치로 만든 김치볶음밥 (4개입),차려낸,https://www.kurly.com/goods/1001401863,8070,1217,2025.09.23,진짜 넘 맛있어요 재구매 합니더
도시락·밥류,국산 김치로 만든 김치볶음밥 (4개입),차려낸,https://www.kurly.com/goods/1001401863,8070,1217,2025.09.23,"최고의 냉동 볶음밥입니다
계속 재구매중입니다"
도시락·밥류,국산 김치로 만든 김치볶음밥 (4개입),차려낸,https://www.kurly.com/goods/1001401863,8070,1217,2025.09.23,간편하게 언제든지 맛있게 먹을 수 있어서 너무 좋아요. 집에 남는 재료로 첨가하면 더욱 맛있어요
도시락·밥류,국산 김치로 만든 김치볶음밥 (4개입),차려낸,https://www.kurly.com/goods/1001401863,8070,1217,2025.09.22,좀 단 맛이 많이 나고 김치도 많지 않고 별로였어요
도시락·밥류,국산 김치로 만든 김치볶음밥 (4개입),차려낸,https://www.kurly.com/goods/1001401863,8070,1217,2025.09.22,계란 후라이 얹어서 먹으면 맛있네요. 앞으로 가끔 또 살 것 같아요
도시락·밥류,국산 김치로 만든 김치볶음밥 (4개입),차려낸,https://www.kurly.com/goods/1001401863,8070,1217,2025.09.22,세일할때 잘샀어요!!
도시락·밥류,국산 김치로 만든 김치볶음밥 (4개입),차려낸,https://www.kurly.com/goods/1001401863,8070,1217,2025.09.22,리뷰가 좋아서 구매햇어요
도시락·밥류,국산 김치로 만든 김치볶음밥 (4개입),차려낸,https://www.kurly.com/goods/1001401863,8070,1217,2025.09.22,국산김치라서 좋네요
도시락·밥류,국산 김치로 만든 김치볶음밥 (4개입),차려낸,https://www.kurly.com/goods/1001401863,8070,1217,2025.09.22,"반찬없이 간단히 한끼 해결하기 너무 편해요
전자레인지에 3분만 돌려도 해동됩니다"
도시락·밥류,국산 김치로 만든 김치볶음밥 (4개입),차려낸,https://www.kurly.com/goods/1001401863,8070,1217,2025.09.22,간편한 한끼식사로 좋아요
도시락·밥류,국산 김치로 만든 김치볶음밥 (4개입),차려낸,https://www.kurly.com/goods/1001401863,8070,1217,2025.09.22,맛있게 잘 먹겠습니다
도시락·밥류,국산 김치로 만든 김치볶음밥 (4개입),차려낸,https://www.kurly.com/goods/1001401863,8070,1217,2025.09.22,"국산김치로 만든 볶음밥 맛있어요. 
또 구입할꺼 같아요."
도시락·밥류,국산 김치로 만든 김치볶음밥 (4개입),차려낸,https://www.kurly.com/goods/1001401863,8070,1217,2025.09.22,"차려낸 김치볶음밥 맛있어요
냉동실에 냉동다진야채 있는 거 더 넣고 먹으니 더 맛있네요"
도시락·밥류,국산 김치로 만든 김치볶음밥 (4개입),차려낸,https://www.kurly.com/goods/1001401863,8070,1217,2025.09.22,특별한맛은아니긴한데끼니때우기 ㄱㅊ함
도시락·밥류,국산 김치로 만든 김치볶음밥 (4개입),차려낸,https://www.kurly.com/goods/1001401863,8070,1217,2025.09.22,가격도 착하고 후기가 좋아서 주문
도시락·밥류,국산 김치로 만든 김치볶음밥 (4개입),차려낸,https://www.kurly.com/goods/1001401863,8070,1217,2025.09.21,조리가 간편하고 국산김치라 구매함
도시락·밥류,국산 김치로 만든 김치볶음밥 (4개입),차려낸,https://www.kurly.com/goods/1001401863,8070,1217,2025.09.21,간편하고 맛있어요. 배추가 씹혀서 좋아요
도시락·밥류,국산 김치로 만든 김치볶음밥 (4개입),차려낸,https://www.kurly.com/goods/1001401863,8070,1217,2025.09.21,맛있어서 재주문했어요ㅋㅋㅋ
도시락·밥류,국산 김치로 만든 김치볶음밥 (4개입),차려낸,https://www.kurly.com/goods/1001401863,8070,1217,2025.09.21,국산김치라서 믿음이가요. 찐득거리지않고 맛나네요.
도시락·밥류,국산 김치로 만든 김치볶음밥 (4개입),차려낸,https://www.kurly.com/goods/1001401863,8070,1217,2025.09.21,"국산 김치, 쌀이라 구입합니다."
도시락·밥류,국산 김치로 만든 김치볶음밥 (4개입),차려낸,https://www.kurly.com/goods/1001401863,8070,1217,2025.09.21,김치도 꽤 들었고 맛있어요
도시락·밥류,국산 김치로 만든 김치볶음밥 (4개입),차려낸,https://www.kurly.com/goods/1001401863,8070,1217,2025.09.21,볶음밥 어디드 잘어울립니당
도시락·밥류,국산 김치로 만든 김치볶음밥 (4개입),차려낸,https://www.kurly.com/goods/1001401863,8070,1217,2025.09.21,배송 잘 받았어요. 맛있는 김치볶음밥이예요.
도시락·밥류,국산 김치로 만든 김치볶음밥 (4개입),차려낸,https://www.kurly.com/goods/1001401863,8070,1217,2025.09.21,양 많고 조흔 제품 같아요
도시락·밥류,국산 김치로 만든 김치볶음밥 (4개입),차려낸,https://www.kurly.com/goods/1001401863,8070,1217,2025.09.21,연휴 때 먹을려고 구입해두어서 아직 받지 못했지만 기대하고 있습니다
도시락·밥류,국산 김치로 만든 김치볶음밥 (4개입),차려낸,https://www.kurly.com/goods/1001401863,8070,1217,2025.09.21,간편하게 먹기 아주 좋아요. 무난한 맛이에요!
도시락·밥류,국산 김치로 만든 김치볶음밥 (4개입),차려낸,https://www.kurly.com/goods/1001401863,8070,1217,2025.09.21,처음사보는데 김치만 들어있는게 마음에들어요
도시락·밥류,국산 김치로 만든 김치볶음밥 (4개입),차려낸,https://www.kurly.com/goods/1001401863,8070,1217,2025.09.21,양파랑 대파 추가해서 먹었어요
도시락·밥류,국산 김치로 만든 김치볶음밥 (4개입),차려낸,https://www.kurly.com/goods/1001401863,8070,1217,2025.09.20,"진짜 간편한거치고 넘 맛있어요,, 볶음밥을 냉동으로 만든거라 맛있기가 힘들거라 생각하고 기대 안 했는데 맛있어서 놀랐습니다ㅎㅎㅎ 또 시켜먹으려구요"
도시락·밥류,국산 김치로 만든 김치볶음밥 (4개입),차려낸,https://www.kurly.com/goods/1001401863,8070,1217,2025.09.20,요즘 이거 너무 자주 사고 있어요 살짝 중독적이네요
도시락·밥류,국산 김치로 만든 김치볶음밥 (4개입),차려낸,https://www.kurly.com/goods/1001401863,8070,1217,2025.09.20,간편하게 간단하게 먹는 맛있는 볶음밥
도시락·밥류,국산 김치로 만든 김치볶음밥 (4개입),차려낸,https://www.kurly.com/goods/1001401863,8070,1217,2025.09.20,김치가 제일 살아있는 김볶밥 같아요
도시락·밥류,국산 김치로 만든 김치볶음밥 (4개입),차려낸,https://www.kurly.com/goods/1001401863,8070,1217,2025.09.20,정말 집에서 만든것처럼 맛있어요 오히려 더 맛이 좋아요
도시락·밥류,국산 김치로 만든 김치볶음밥 (4개입),차려낸,https://www.kurly.com/goods/1001401863,8070,1217,2025.09.20,"오~~~맛있어요
집밥느낌"
도시락·밥류,국산 김치로 만든 김치볶음밥 (4개입),차려낸,https://www.kurly.com/goods/1001401863,8070,1217,2025.09.20,도시락용으로 샀어요 가격도 착하고 맘에 들어용
도시락·밥류,국산 김치로 만든 김치볶음밥 (4개입),차려낸,https://www.kurly.com/goods/1001401863,8070,1217,2025.09.20,김치볶음밥 좋아하시는 분들 강추합니다!!
도시락·밥류,국산 김치로 만든 김치볶음밥 (4개입),차려낸,https://www.kurly.com/goods/1001401863,8070,1217,2025.09.20,두번째 구매입니다. 렌지 돌랴서 먹으면 되니까 너무 편하고 맛있어요!
도시락·밥류,국산 김치로 만든 김치볶음밥 (4개입),차려낸,https://www.kurly.com/goods/1001401863,8070,1217,2025.09.20,진짜 김치볶읍밥 딱 김치볶음바이라 맛있어요
도시락·밥류,국산 김치로 만든 김치볶음밥 (4개입),차려낸,https://www.kurly.com/goods/1001401863,8070,1217,2025.09.20,존맛탱 제가 찾던 맛.
도시락·밥류,국산 김치로 만든 김치볶음밥 (4개입),차려낸,https://www.kurly.com/goods/1001401863,8070,1217,2025.09.20,맛있습니다. 국산쌀 국산김치라서 샀는데 맛도 좋아요. 매콤하니 맛있네요!
도시락·밥류,국산 김치로 만든 김치볶음밥 (4개입),차려낸,https://www.kurly.com/goods/1001401863,8070,1217,2025.09.20,감사합니다편하게사용ㅡ
도시락·밥류,국산 김치로 만든 김치볶음밥 (4개입),차려낸,https://www.kurly.com/goods/1001401863,8070,1217,2025.09.19,모짜렐라치즈 추가해서 뚝딱 한끼 맛나게 먹을수있어 좋아요.
도시락·밥류,국산 김치로 만든 김치볶음밥 (4개입),차려낸,https://www.kurly.com/goods/1001401863,8070,1217,2025.09.19,맛있어요. 다른 브랜드 제품보다 더 나은 듯
도시락·밥류,국산 김치로 만든 김치볶음밥 (4개입),차려낸,https://www.kurly.com/goods/1001401863,8070,1217,2025.09.19,아주 맛있고 간편해서 좋아요.
도시락·밥류,국산 김치로 만든 김치볶음밥 (4개입),차려낸,https://www.kurly.com/goods/1001401863,8070,1217,2025.09.19,아들이좋아해요 볶음밥
도시락·밥류,국산 김치로 만든 김치볶음밥 (4개입),차려낸,https://www.kurly.com/goods/1001401863,8070,1217,2025.09.19,너무 맛있어서 자주 구매
도시락·밥류,작은햇반 130g*6입,햇반,https://www.kurly.com/goods/1000165839,5860,7003,2025.09.23,양이 적고 맛있어서 만족
도시락·밥류,작은햇반 130g*6입,햇반,https://www.kurly.com/goods/1000165839,5860,7003,2025.09.23,햇반이젤맛있지만 비싸서 할인아니면 못사요
도시락·밥류,작은햇반 130g*6입,햇반,https://www.kurly.com/goods/1000165839,5860,7003,2025.09.23,"급할때 먹을려구요
잘먹을게요
맛있어요"
도시락·밥류,작은햇반 130g*6입,햇반,https://www.kurly.com/goods/1000165839,5860,7003,2025.09.23,용량이 작아서 샀는데 이상하게 일반 햇반과 맛이 다르고 더 맛없어요
도시락·밥류,작은햇반 130g*6입,햇반,https://www.kurly.com/goods/1000165839,5860,7003,2025.09.23,좋아요! 재구매합니다
도시락·밥류,작은햇반 130g*6입,햇반,https://www.kurly.com/goods/1000165839,5860,7003,2025.09.22,햇반 저렴하니 좋아오
도시락·밥류,작은햇반 130g*6입,햇반,https://www.kurly.com/goods/1000165839,5860,7003,2025.09.22,급하게 밥 먹어야할때 딱입니다
도시락·밥류,작은햇반 130g*6입,햇반,https://www.kurly.com/goods/1000165839,5860,7003,2025.09.22,작은 사이즈가 있어서 참 좋아요! 또 구매할게요! 번창하세요
도시락·밥류,작은햇반 130g*6입,햇반,https://www.kurly.com/goods/1000165839,5860,7003,2025.09.22,한끼먹기 딱좋은양이에요
도시락·밥류,작은햇반 130g*6입,햇반,https://www.kurly.com/goods/1000165839,5860,7003,2025.09.22,작은 햇반이라 편리함
도시락·밥류,작은햇반 130g*6입,햇반,https://www.kurly.com/goods/1000165839,5860,7003,2025.09.22,급합때 전자렌즈에 돌려 먹기 좋아 쟁여 놓네요.작은 공기라 좋아요.
도시락·밥류,작은햇반 130g*6입,햇반,https://www.kurly.com/goods/1000165839,5860,7003,2025.09.21,저렴하게 구입해서 만족합니다.
도시락·밥류,작은햇반 130g*6입,햇반,https://www.kurly.com/goods/1000165839,5860,7003,2025.09.21,작은햇반으로 한공기 딱 적당해요
도시락·밥류,작은햇반 130g*6입,햇반,https://www.kurly.com/goods/1000165839,5860,7003,2025.09.21,적게 먹고 싶을때 좋은 양. 세일해서 샀어요
도시락·밥류,작은햇반 130g*6입,햇반,https://www.kurly.com/goods/1000165839,5860,7003,2025.09.21,아이아침밥으리ㅡ편리해여
도시락·밥류,작은햇반 130g*6입,햇반,https://www.kurly.com/goods/1000165839,5860,7003,2025.09.21,햇반 작은기 필요해서 샀아요
도시락·밥류,작은햇반 130g*6입,햇반,https://www.kurly.com/goods/1000165839,5860,7003,2025.09.21,작은 용량이라 자주 시켜 먹어요
도시락·밥류,작은햇반 130g*6입,햇반,https://www.kurly.com/goods/1000165839,5860,7003,2025.09.21,작은햇반도 비상용으로 있으면 좋아요
도시락·밥류,작은햇반 130g*6입,햇반,https://www.kurly.com/goods/1000165839,5860,7003,2025.09.21,늘 쟁여두고 먹고 있어요
도시락·밥류,작은햇반 130g*6입,햇반,https://www.kurly.com/goods/1000165839,5860,7003,2025.09.21,"늘 구매하는 햇반.
긴 말이 필요없죠.
혼자 간단히 먹을때 너무 좋아요"
도시락·밥류,작은햇반 130g*6입,햇반,https://www.kurly.com/goods/1000165839,5860,7003,2025.09.21,아주 경제적으로 좋습니다
도시락·밥류,작은햇반 130g*6입,햇반,https://www.kurly.com/goods/1000165839,5860,7003,2025.09.21,비상 식량으로 구매
도시락·밥류,작은햇반 130g*6입,햇반,https://www.kurly.com/goods/1000165839,5860,7003,2025.09.21,흰쌀 땽길때 작은용기 먹으려구요~
도시락·밥류,작은햇반 130g*6입,햇반,https://www.kurly.com/goods/1000165839,5860,7003,2025.09.21,작은햇반 제일 맛있고 양도 적당
도시락·밥류,작은햇반 130g*6입,햇반,https://www.kurly.com/goods/1000165839,5860,7003,2025.09.20,큰 햇반이 너무 많을때가 있어서 하나 사두면 잘 먹어요
도시락·밥류,작은햇반 130g*6입,햇반,https://www.kurly.com/goods/1000165839,5860,7003,2025.09.20,양이 먹기에 딱 좋아요
도시락·밥류,작은햇반 130g*6입,햇반,https://www.kurly.com/goods/1000165839,5860,7003,2025.09.20,자주 사먹는 재료에요 강추합니다
도시락·밥류,작은햇반 130g*6입,햇반,https://www.kurly.com/goods/1000165839,5860,7003,2025.09.20,급히 밥이 필요할 때 아주 요긴하죠
도시락·밥류,작은햇반 130g*6입,햇반,https://www.kurly.com/goods/1000165839,5860,7003,2025.09.20,햇반필요해서 샀어요
도시락·밥류,작은햇반 130g*6입,햇반,https://www.kurly.com/goods/1000165839,5860,7003,2025.09.20,갑자기 밥이 필요할때 사용하기 좋아요
도시락·밥류,작은햇반 130g*6입,햇반,https://www.kurly.com/goods/1000165839,5860,7003,2025.09.20,한끼로 먹기 좋아요~~
도시락·밥류,작은햇반 130g*6입,햇반,https://www.kurly.com/goods/1000165839,5860,7003,2025.09.20,크기가 적당해서 먹기좋아요~ 자주 사다놔요.
도시락·밥류,작은햇반 130g*6입,햇반,https://www.kurly.com/goods/1000165839,5860,7003,2025.09.20,여행가서 먹으려고 합니다
도시락·밥류,작은햇반 130g*6입,햇반,https://www.kurly.com/goods/1000165839,5860,7003,2025.09.20,간편하게 먹을 수 있어 좋아요
도시락·밥류,작은햇반 130g*6입,햇반,https://www.kurly.com/goods/1000165839,5860,7003,2025.09.19,조아욤 크기가딱~맞춤
도시락·밥류,작은햇반 130g*6입,햇반,https://www.kurly.com/goods/1000165839,5860,7003,2025.09.19,큰 건 왠지 좀 많은 거 같고 작은게 양이 딱이에요
도시락·밥류,작은햇반 130g*6입,햇반,https://www.kurly.com/goods/1000165839,5860,7003,2025.09.19,유독 작은 햇반이 큰 햇반보다 더 맛있다고 느껴집니다.
도시락·밥류,작은햇반 130g*6입,햇반,https://www.kurly.com/goods/1000165839,5860,7003,2025.09.19,"큰컵 햇반보나 
양도 적당하니 좋아요"
도시락·밥류,작은햇반 130g*6입,햇반,https://www.kurly.com/goods/1000165839,5860,7003,2025.09.19,즉석밥은 햇반이 제일입니다
도시락·밥류,작은햇반 130g*6입,햇반,https://www.kurly.com/goods/1000165839,5860,7003,2025.09.19,간단한 한끼로 좋아요
도시락·밥류,작은햇반 130g*6입,햇반,https://www.kurly.com/goods/1000165839,5860,7003,2025.09.19,필수품 반찬보다 덜 먹어서 적은 양이 좋아요
도시락·밥류,작은햇반 130g*6입,햇반,https://www.kurly.com/goods/1000165839,5860,7003,2025.09.19,없으면 안돼서 적은 양을 원해서 좋아요
도시락·밥류,작은햇반 130g*6입,햇반,https://www.kurly.com/goods/1000165839,5860,7003,2025.09.19,남기지않을정도..비상용으로 딱조아요
도시락·밥류,작은햇반 130g*6입,햇반,https://www.kurly.com/goods/1000165839,5860,7003,2025.09.19,햇반 비상식량으로 구비!!!
도시락·밥류,작은햇반 130g*6입,햇반,https://www.kurly.com/goods/1000165839,5860,7003,2025.09.19,작은햇반 유용해요!
도시락·밥류,작은햇반 130g*6입,햇반,https://www.kurly.com/goods/1000165839,5860,7003,2025.09.19,밥을 살짝 덜 먹고 싶을때 딱 맞는 양이예요
도시락·밥류,작은햇반 130g*6입,햇반,https://www.kurly.com/goods/1000165839,5860,7003,2025.09.19,밥애매하게부족할때 딱좋아요
도시락·밥류,작은햇반 130g*6입,햇반,https://www.kurly.com/goods/1000165839,5860,7003,2025.09.19,항상 집에 구비해놔야편해요
도시락·밥류,작은햇반 130g*6입,햇반,https://www.kurly.com/goods/1000165839,5860,7003,2025.09.19,작은 햇반 최고에요
도시락·밥류,작은햇반 130g*6입,햇반,https://www.kurly.com/goods/1000165839,5860,7003,2025.09.19,"안녕하세요. 컬리입니다.

배송 과정에서 문 앞까지 전달되지 않고 상품이 공동현관 배송되어 많이 당황하셨을 것 같습니다.

고객님의 출입 방법 확인 시 고객님께서 자유 출입가능으로 기재해 주셨으나,
금일 배송시에는 출입문 잠김 및 비밀번호 미기재로 인해 공동현관문을 열수가 없어 부득이하게 공동 현관 앞 배송을 진행했던 것으로 파악되었습니다.

배송기사가 배송 시 공동 현관 출입이 어려운 경우, 요청하신 장소가 아닌 공동현관 앞으로 불가피하게 대응 배송이 진행되고 있습니다.

혹여라도 금번과 같은 조건으로 주문하실 경우 추후에도 대응 배송이 발생할 수 있어, 번거로우시더라도 공동 현관의 비밀번호를 입력하여 주문 부탁드립니다.

(출입방법 설정 방법 : 장바구니 → 주문하기 → 주문서 내 [배송지] 란 [수정] 버튼)
※ 마이컬리 내 배송지 관리 메뉴에서는 수정 및 입력이 불가하며, 주문서 내에서만 가능합니다.
※ 혹여라도 비밀번호 외 [#], [*], [종 모양] 등의 버튼을 추가로 입력해야 하는 경우, 포함하여 기재 부탁드립니다.

배송 시간이 대부분 늦은 밤에서 이른 새벽,오전이기 때문에 (오전 08시 이전) 고객님께 따로 전화를 드리거나 세대 호출을 드릴 수 없었던 점 너른 양해를 부탁드립니다.

상품 확인후 이용이 어려우신 상품은 환불로 빠르게 도움드리고 있어 상품 상태 사진과 함께 재문의 주시면 신속하게 처리 도움드리겠습니다.

고객님이 소중한 말씀 귀 기울이며,
늘 신선하고 최상을 상품을 전달해 드리기 위해 최선을 다하는 컬리가 되겠습니다.

감사합니다.
Better Life for All. Kurly"
도시락·밥류,100% 통곡물밥 130g*12입,햇반,https://www.kurly.com/goods/1001303875,11900,1450,2025.05.29,"여름이라 살이 너무 쪄서 다이어트 하려고 주문했어요!
통현미나 곤약밥 시킬까하다가 마침 할인하고 있어서 통곡물밥으로 주문! (그 어떤 구매처보다 컬리가 가장 저렴했어요 컬리짱><)

현미 보리 흑미 귀리 등등 들어있고, 다양한 곡물 특히 보리 덕분에 식감이 다채로워진 느낌! 통현미 흑미는 톡톡 터지는 느낌으로 먹는데 이 밥은 거기에 보리의 쫄깃(?)찰진 느낌이 한스푼 더해진 것 같아요!

원래는 햇반 큰거 먹는 사람이지만 ,,, 그래도 다이어트니까,,,ㅠ 양은 130g이라서 부담없이 다 먹을 수 있는 양이에요! 

가족들 밥먹을때 저는 한팩 돌려서 같이 먹기도 하고, 따로 포케나 볶음밥에 활용하기도 좋습니다!!

밖에 나가서 포케 사먹으려하면 너무 비싼데 직접 만들어 먹으면 반의 반도 안들어가용!

햇반 통곡물밥 + 양상추(or 양배추) + 생양파 + 오이 + 닭가슴살, 소고기, 지고기뒷다리살 등 지방적은 단백질 넣고 스리라차뿌려서 비벼먹으면 그냥 사먹는 양! (마요네즈 1/3 스푼만 추가로 넣어도 훨씬 맛있어짐)

다먹으면 할인 안해도 구매할 것 같아요! 맛있습니당!!"
도시락·밥류,100% 통곡물밥 130g*12입,햇반,https://www.kurly.com/goods/1001303875,11900,1450,2025.09.22,통곡물밥 고소하고 맛있어요
도시락·밥류,100% 통곡물밥 130g*12입,햇반,https://www.kurly.com/goods/1001303875,11900,1450,2025.09.22,다이어트 중인 지금 먹기에 딱 좋습니다
도시락·밥류,100% 통곡물밥 130g*12입,햇반,https://www.kurly.com/goods/1001303875,11900,1450,2025.09.22,다욧 중. 맛이 꽤괜!
도시락·밥류,100% 통곡물밥 130g*12입,햇반,https://www.kurly.com/goods/1001303875,11900,1450,2025.09.22,재구매했어요 양도 딱 좋고 밥먹을때 쌀밥 부담스러운데 이건 괜찮아요 쟁여두고 간만에 밥먹을때 하나씩 먹어요
도시락·밥류,100% 통곡물밥 130g*12입,햇반,https://www.kurly.com/goods/1001303875,11900,1450,2025.09.21,건강위해 샀는데 양이랑 딱 좋네요
도시락·밥류,100% 통곡물밥 130g*12입,햇반,https://www.kurly.com/goods/1001303875,11900,1450,2025.09.21,곡물이라 오독오독 씹는 맛도 재밌고 맛있어요!
도시락·밥류,100% 통곡물밥 130g*12입,햇반,https://www.kurly.com/goods/1001303875,11900,1450,2025.09.21,"컬리가 최고입니다
김진수 대리 출근합니까5"
도시락·밥류,100% 통곡물밥 130g*12입,햇반,https://www.kurly.com/goods/1001303875,11900,1450,2025.09.20,햇반 흰쌀밥이나 현미만 섞인 건 좀 그랬는데 이번에 통곡물밥이 나와서 너무 좋네요! 식감이 엄청 거칠지도 않고 톡톡 터지는 식감이 너무 좋고 맛있어요!!
도시락·밥류,100% 통곡물밥 130g*12입,햇반,https://www.kurly.com/goods/1001303875,11900,1450,2025.09.20,밥이 고소하고 맛있어요.
도시락·밥류,100% 통곡물밥 130g*12입,햇반,https://www.kurly.com/goods/1001303875,11900,1450,2025.09.19,다이어트 하기 양도딱!!
도시락·밥류,100% 통곡물밥 130g*12입,햇반,https://www.kurly.com/goods/1001303875,11900,1450,2025.09.19,고소하고 양도 적당해서 햇반 중에 제일 맘에 듭니다
도시락·밥류,100% 통곡물밥 130g*12입,햇반,https://www.kurly.com/goods/1001303875,11900,1450,2025.09.19,130그람 좋아요 쟁여템
도시락·밥류,100% 통곡물밥 130g*12입,햇반,https://www.kurly.com/goods/1001303875,11900,1450,2025.09.19,건강생각해서 자주먹어요.맛있어요.
도시락·밥류,100% 통곡물밥 130g*12입,햇반,https://www.kurly.com/goods/1001303875,11900,1450,2025.09.19,밥을 적게 먹는 울집에선 양도 적당하고 맛도 좋아 자주 구매합니다
도시락·밥류,100% 통곡물밥 130g*12입,햇반,https://www.kurly.com/goods/1001303875,11900,1450,2025.09.19,쌈싸먹거나 카레 등의 덮밥에 먹기좋아요! 당을 줄이기위해 구입! 고소해요
도시락·밥류,100% 통곡물밥 130g*12입,햇반,https://www.kurly.com/goods/1001303875,11900,1450,2025.09.19,밥이 이렇게 달콤ㆍ고소해도 되는거에요?^^;;
도시락·밥류,100% 통곡물밥 130g*12입,햇반,https://www.kurly.com/goods/1001303875,11900,1450,2025.09.18,믿고 먹는 햇반 통곡물밥! 130그램이라 좋라오
도시락·밥류,100% 통곡물밥 130g*12입,햇반,https://www.kurly.com/goods/1001303875,11900,1450,2025.09.18,라이브때 할인 받아서 좋은 가격에 통곡물밥 맛있게 먹었어요
도시락·밥류,100% 통곡물밥 130g*12입,햇반,https://www.kurly.com/goods/1001303875,11900,1450,2025.09.18,씹는 식감이 너무 매력정이애여
도시락·밥류,100% 통곡물밥 130g*12입,햇반,https://www.kurly.com/goods/1001303875,11900,1450,2025.09.18,통곡물밥 먹기 좋아 주문요
도시락·밥류,100% 통곡물밥 130g*12입,햇반,https://www.kurly.com/goods/1001303875,11900,1450,2025.09.18,밥알이 탱글탱글 맛있어요
도시락·밥류,100% 통곡물밥 130g*12입,햇반,https://www.kurly.com/goods/1001303875,11900,1450,2025.09.17,양이 적은 밥도 필요해서 샀어요
도시락·밥류,100% 통곡물밥 130g*12입,햇반,https://www.kurly.com/goods/1001303875,11900,1450,2025.09.17,기대이상으로 더 맛있어요
도시락·밥류,100% 통곡물밥 130g*12입,햇반,https://www.kurly.com/goods/1001303875,11900,1450,2025.09.17,햇반중에 통곡물이 제일 맛나요~ 건강함은 덤!
도시락·밥류,100% 통곡물밥 130g*12입,햇반,https://www.kurly.com/goods/1001303875,11900,1450,2025.09.16,통곡물밥 맛있어요 몸에도 좋을듯
도시락·밥류,100% 통곡물밥 130g*12입,햇반,https://www.kurly.com/goods/1001303875,11900,1450,2025.09.16,은근 질퍽한 질감 입니다 포만감 되게 오래가네요
도시락·밥류,100% 통곡물밥 130g*12입,햇반,https://www.kurly.com/goods/1001303875,11900,1450,2025.09.16,밥적게 먹고싶을때 딱 적당해요
도시락·밥류,100% 통곡물밥 130g*12입,햇반,https://www.kurly.com/goods/1001303875,11900,1450,2025.09.16,"우리집 가족들이 제일 좋아하는 밥이에요. 
집에서는 파로난 카무트밥을 주로 해먹는데 시중 곡물밥은 대체로 사실 흰쌀비중이 커서 실망하는데 이 통곡물밥은 진짜 비중이 마음에 들어요. 적은용량이 좀 단가가 비싸긴 하지만, 가족들 섭취량이 정말 많이 줄어서 이 밥 하나가 딱 저희 가족 1인분양이라 자꾸 즐기게 된다 하네요."
도시락·밥류,100% 통곡물밥 130g*12입,햇반,https://www.kurly.com/goods/1001303875,11900,1450,2025.09.16,곡물이 많아서 좋아요
도시락·밥류,100% 통곡물밥 130g*12입,햇반,https://www.kurly.com/goods/1001303875,11900,1450,2025.09.16,세일하길래 샀어요  ㅋ
도시락·밥류,100% 통곡물밥 130g*12입,햇반,https://www.kurly.com/goods/1001303875,11900,1450,2025.09.16,저렴하게잘샀어요다음에또구매할게요
도시락·밥류,100% 통곡물밥 130g*12입,햇반,https://www.kurly.com/goods/1001303875,11900,1450,2025.09.15,배송도 빠르고 맛있어요. 잘 먹을게요.
도시락·밥류,100% 통곡물밥 130g*12입,햇반,https://www.kurly.com/goods/1001303875,11900,1450,2025.09.15,양이 작은 공기라서 식단조절에 좋아요!!
도시락·밥류,100% 통곡물밥 130g*12입,햇반,https://www.kurly.com/goods/1001303875,11900,1450,2025.09.15,통곡물밥이라 구매했어요
도시락·밥류,100% 통곡물밥 130g*12입,햇반,https://www.kurly.com/goods/1001303875,11900,1450,2025.09.15,오리고기 볶음밥 해먹었습니다. 통곡물밥이지만 씹는게 힘들지 않아요. 양도 1인가구 기준 적당합니다.
도시락·밥류,100% 통곡물밥 130g*12입,햇반,https://www.kurly.com/goods/1001303875,11900,1450,2025.09.14,통곡물밥 맛나고 좋아요
도시락·밥류,100% 통곡물밥 130g*12입,햇반,https://www.kurly.com/goods/1001303875,11900,1450,2025.09.14,라이브할때 쟁여났어요
도시락·밥류,100% 통곡물밥 130g*12입,햇반,https://www.kurly.com/goods/1001303875,11900,1450,2025.09.14,통곡물밥! 매일 챙겨먹는 밥이에요~
도시락·밥류,100% 통곡물밥 130g*12입,햇반,https://www.kurly.com/goods/1001303875,11900,1450,2025.09.14,흑미곤약밥 먹다가 떨어져서 구매.
도시락·밥류,100% 통곡물밥 130g*12입,햇반,https://www.kurly.com/goods/1001303875,11900,1450,2025.09.14,건강하고 맛있는 밥. 자주구매 해요
도시락·밥류,100% 통곡물밥 130g*12입,햇반,https://www.kurly.com/goods/1001303875,11900,1450,2025.09.14,건강하게 먹으려고 샀어요 생각보다 맛있어요!
도시락·밥류,100% 통곡물밥 130g*12입,햇반,https://www.kurly.com/goods/1001303875,11900,1450,2025.09.14,밥 맛있어보여요. 믿고 구매합니다.
도시락·밥류,100% 통곡물밥 130g*12입,햇반,https://www.kurly.com/goods/1001303875,11900,1450,2025.09.14,저렴한 가격에 잘 먹었습니다 약간 반공기 느낌
도시락·밥류,100% 통곡물밥 130g*12입,햇반,https://www.kurly.com/goods/1001303875,11900,1450,2025.09.14,흰쌀없이 통곡물로만 지은 밥이라 더 좋네요.
도시락·밥류,100% 통곡물밥 130g*12입,햇반,https://www.kurly.com/goods/1001303875,11900,1450,2025.09.14,통곡물밥 맛도 무난하고 건강 생각해서 ᆢ
도시락·밥류,100% 통곡물밥 130g*12입,햇반,https://www.kurly.com/goods/1001303875,11900,1450,2025.09.14,잡곡밥 좋아해서 자주 삽니다.
도시락·밥류,100% 통곡물밥 130g*12입,햇반,https://www.kurly.com/goods/1001303875,11900,1450,2025.09.13,먹을때 불편하지않고 맛았네요
도시락·밥류,100% 통곡물밥 130g*12입,햇반,https://www.kurly.com/goods/1001303875,11900,1450,2025.09.13,간편하게 데워서 먹기에 좋고 양도 적당해요
도시락·밥류,100% 통곡물밥 130g*12입,햇반,https://www.kurly.com/goods/1001303875,11900,1450,2025.09.13,밥알 톡톡 터지는게 좋아요
도시락·밥류,노릇노릇 볶음밥 2개입 8종 (택1),햇반/쿡반,https://www.kurly.com/goods/1000184373,4980,23891,2025.08.14,"평소 볶음밥 좋아해서 이것저것 사 먹는데,햇반 닭갈비 볶음밥은 항상 자주 구매하는 제품이예요. 전자레인지에 4~5분 돌려도 되구요.전 왠만하면 프라이팬에 볶아요. 왠지 더 맛있는 느낌이거든요.

첫 입 먹었을 때 닭갈비 특유의 양념 맛이 딱 느껴지고. 닭고기도 생각보다 큼직하게 들어 있어서 씹는 맛이 좋고, 모짜렐라 치즈가 살짝 녹아 매운맛도 잡아주구요.
집에 모짜렐라치즈가 있으심 더 넣어도 맛있더라구요.


양은 혼자 먹기에 딱 좋구요.많이 드시는분들은 살짝 부족하실수 있어요. 
계란후라이 하나해서 얹어 먹음 영양도 업그레이드 되구요. 
저희 아들은 대패 삼겹살 구워서 함께 먹음 부족함 없더라구요.

바쁜 날 간단한 한 끼로도 좋고, 야식으로도 괜찮을 것 같아요. 재구매 의사 100%입니다."
도시락·밥류,노릇노릇 볶음밥 2개입 8종 (택1),햇반/쿡반,https://www.kurly.com/goods/1000184373,4980,23891,2025.06.02,"제가 좋아하는 낙지 볶음밥을 주문해 봤습니다. ᐟ. ᐟ

일단 가격은 합격, 2인분에 말도 안 되는 착한 가격인 거 같아요 ദ്ദി
1인분씩 개별 포장이라 냉동실에 넣어놓고 밥하기 귀찮은 날 먹기 너무 간편하고 좋아요

제가 먹어본 건 김치 스팸, 닭갈비인데 두 제품이랑 양념소스가 따로 들어있어요
전자레인지 조리도 가능하지만 좀 더 맛있게 먹으려고 후라이팬으로 조리했어요 'ᴗ'

후라이팬 조리라 해서 거추장스러울까 했는데 기름 두른 팬에 해동하지 않은 볶음밥을 넣고 잘 볶아주다가 밥이 하얗게 변하면 양념소스를 넣고 한 번 더 볶아주면 완성이에요

개인적으로 양념소스가 넉넉해서 흰밥을 조금 추가해서 드시면 더 많은 양으로 든든하게 드실 수 있을 거 같아요

낙지도 생각보다 여러 개 들어 가있고 간이 센 편이라 제 입맛에는 딱 맞았는데 양념이 우리가 아는 낙지 볶음밥 양념이 아니라 살짝 아쉬울 수 도 있으니 참고해주세요
그래도 김가루 더해서 먹으니깐 맛있네요 ❥

오늘도 귀찮은 아침 간단하고 든든하게 해결했어요 . ᐟ. ᐟ"
도시락·밥류,노릇노릇 볶음밥 2개입 8종 (택1),햇반/쿡반,https://www.kurly.com/goods/1000184373,4980,23891,2025.02.25,"간단한 식사를 위해 구매한 햇반 스팸 김치볶음밥 입니다~~

후라이팬에 데워 먹어도 되고
간단하게 전자렌지에 데워 먹을 수도 있어요~

스팸이 적당한 크기로 썰어져 있고
짭쪼름한 김치가 더해져
맛없없 조합입니다~~

하지만 저는 한개로는 양이 살짝 부족하고
짭조름하게 느껴지네요~~

그래서 후라이팬에 볶을 때
미리 구매 해둔 볶음밥용 냉동 야채믹스를 조금 더 넣고
콘샐러드도 추가해서 먹어요~~

자연스럽게 양이 늘어나서 좋고
야채가 들어가니 간도 살짝 약해지고
콘샐러드 식감이 좋아서
더 맛있게 즐길 수 있어 좋아요^^

냉동야채믹스는 안 익은 채소이니
먼저 후라이팬에 볶다가
거의 익을 때쯤 볶음밥을 넣어요~~

냉동 상태의 볶음밥이지만
밥알이 한알한알 살아 있네요~~

그리고 냉동상태로 덩어리째 밥이 붙어 있다면 봉지안에서 먼저 부순 후 후라이팬에 넣어 주세요~~
그래야 훨씬 골고루 빨리 잘 데워 지더라구요

밥양이 부족하다면 밥을 살짝 더 추가 해줘도  좋고요~~

후라이까지 하나 똭 올려주면
남부럽지 않은 한끼 완성입니다~~

맛있는 햇반 스팸 김치볶음밥!!
간단한 한끼를 위해 추천드려요~~"
도시락·밥류,노릇노릇 볶음밥 2개입 8종 (택1),햇반/쿡반,https://www.kurly.com/goods/1000184373,4980,23891,2025.09.23,부모님댁에 보내드렸더니 괜찮다 하시네요
도시락·밥류,노릇노릇 볶음밥 2개입 8종 (택1),햇반/쿡반,https://www.kurly.com/goods/1000184373,4980,23891,2025.09.23,"스팸 김치볶음밥과 섞어 먹어보면 어떨까싶어서 각각 3봉씩 구매했어요~~
맛 있었으면 좋겠네요~^^"
도시락·밥류,노릇노릇 볶음밥 2개입 8종 (택1),햇반/쿡반,https://www.kurly.com/goods/1000184373,4980,23891,2025.09.23,가끔씩 밥하기 싫을때 드시기 괜찮다 하셔서 부모님댁에 보내 드렸어요
도시락·밥류,노릇노릇 볶음밥 2개입 8종 (택1),햇반/쿡반,https://www.kurly.com/goods/1000184373,4980,23891,2025.09.23,간단하게 레인지 데워먹기 좋음
도시락·밥류,노릇노릇 볶음밥 2개입 8종 (택1),햇반/쿡반,https://www.kurly.com/goods/1000184373,4980,23891,2025.09.23,아침밥으로 먹으려고 샀어요. 배송도 빠르고 좋아요
도시락·밥류,노릇노릇 볶음밥 2개입 8종 (택1),햇반/쿡반,https://www.kurly.com/goods/1000184373,4980,23891,2025.09.23,"올반 김치볶음밥 먹어보고 괜찮아서 이것도 시도해보려고 주문했어요.
도시락으로 괜찮아서요~~^^
다만 양이 적어서 성인 남성이 먹으려면 3인분은(한봉지에 2인분) 필요해요~~ㅋㅋ"
도시락·밥류,노릇노릇 볶음밥 2개입 8종 (택1),햇반/쿡반,https://www.kurly.com/goods/1000184373,4980,23891,2025.09.23,냉동실비상식품 ㅡ 꼭쟁여놔요
도시락·밥류,노릇노릇 볶음밥 2개입 8종 (택1),햇반/쿡반,https://www.kurly.com/goods/1000184373,4980,23891,2025.09.22,닭갈비 볶음밥 중에 이게 제일 맛납니다
도시락·밥류,노릇노릇 볶음밥 2개입 8종 (택1),햇반/쿡반,https://www.kurly.com/goods/1000184373,4980,23891,2025.09.22,햇반 스팸 김치는 베스트
도시락·밥류,노릇노릇 볶음밥 2개입 8종 (택1),햇반/쿡반,https://www.kurly.com/goods/1000184373,4980,23891,2025.09.22,간편하게 먹기 좋습니다
도시락·밥류,노릇노릇 볶음밥 2개입 8종 (택1),햇반/쿡반,https://www.kurly.com/goods/1000184373,4980,23891,2025.09.22,새우볶음밥이 젤 맛나요
도시락·밥류,노릇노릇 볶음밥 2개입 8종 (택1),햇반/쿡반,https://www.kurly.com/goods/1000184373,4980,23891,2025.09.22,맛있어요~ 담백해 아침 아이들 밥으로 빠르게 줄수 있어 좋아요
도시락·밥류,노릇노릇 볶음밥 2개입 8종 (택1),햇반/쿡반,https://www.kurly.com/goods/1000184373,4980,23891,2025.09.22,"가족 모두 만족하며 즐겨먹고 있습니다.
재구매 의사 충분하죠~."
도시락·밥류,노릇노릇 볶음밥 2개입 8종 (택1),햇반/쿡반,https://www.kurly.com/goods/1000184373,4980,23891,2025.09.21,달아서 좀 아쉽네요.
도시락·밥류,노릇노릇 볶음밥 2개입 8종 (택1),햇반/쿡반,https://www.kurly.com/goods/1000184373,4980,23891,2025.09.21,"밥 약간 넣고 모짜렐라 치즈 추가한 후
계란 올리고 케찹 뿌려주면 아이들이
참 잘먹어요.
밥하기 싫을때 가끔 해먹는데 맛납니다.
또 주문하겠습니다 ^^"
도시락·밥류,노릇노릇 볶음밥 2개입 8종 (택1),햇반/쿡반,https://www.kurly.com/goods/1000184373,4980,23891,2025.09.21,적당하게 맵고 고소하고 맛도 좋습니다  반찬없이 먹기엔 한봉지양은적네요
도시락·밥류,노릇노릇 볶음밥 2개입 8종 (택1),햇반/쿡반,https://www.kurly.com/goods/1000184373,4980,23891,2025.09.21,간단하게 먹기 좋고 맛도 좋아요. 가격할인할때 좀 쟁여두고 필요할때마다 꺼내 먹어요.
도시락·밥류,노릇노릇 볶음밥 2개입 8종 (택1),햇반/쿡반,https://www.kurly.com/goods/1000184373,4980,23891,2025.09.21,낙지비빔밥이 없어서 아쉬어요
도시락·밥류,노릇노릇 볶음밥 2개입 8종 (택1),햇반/쿡반,https://www.kurly.com/goods/1000184373,4980,23891,2025.09.21,최애볶입니다. 급할때 간단하게~
도시락·밥류,노릇노릇 볶음밥 2개입 8종 (택1),햇반/쿡반,https://www.kurly.com/goods/1000184373,4980,23891,2025.09.21,양념간장이 있어서 입맛에 맞게 가능~
도시락·밥류,노릇노릇 볶음밥 2개입 8종 (택1),햇반/쿡반,https://www.kurly.com/goods/1000184373,4980,23891,2025.09.21,항상 애용하고 있습니다
도시락·밥류,노릇노릇 볶음밥 2개입 8종 (택1),햇반/쿡반,https://www.kurly.com/goods/1000184373,4980,23891,2025.09.21,밥하기 싫을 때 먹으려고요. 맛있을 것 같야요!!
도시락·밥류,노릇노릇 볶음밥 2개입 8종 (택1),햇반/쿡반,https://www.kurly.com/goods/1000184373,4980,23891,2025.09.20,간단하게 먹기좋아요. 계란후라이나 컬리불고기랑 같이해서먹음 맛있어요.
도시락·밥류,노릇노릇 볶음밥 2개입 8종 (택1),햇반/쿡반,https://www.kurly.com/goods/1000184373,4980,23891,2025.09.20,정말 맛있어요 최고예요
도시락·밥류,노릇노릇 볶음밥 2개입 8종 (택1),햇반/쿡반,https://www.kurly.com/goods/1000184373,4980,23891,2025.09.20,참 맛있어요 질리지도 않아요
도시락·밥류,노릇노릇 볶음밥 2개입 8종 (택1),햇반/쿡반,https://www.kurly.com/goods/1000184373,4980,23891,2025.09.20,중간에 치즈가 들어서 더 맛있어요. 닭갈비 먹고 먹는 볶음밥 같아요.
도시락·밥류,노릇노릇 볶음밥 2개입 8종 (택1),햇반/쿡반,https://www.kurly.com/goods/1000184373,4980,23891,2025.09.20,간단하게 렌지에 돌려먹기좋아요
도시락·밥류,노릇노릇 볶음밥 2개입 8종 (택1),햇반/쿡반,https://www.kurly.com/goods/1000184373,4980,23891,2025.09.20,스팸김치도 맛있고 이것도 맛있어요
도시락·밥류,노릇노릇 볶음밥 2개입 8종 (택1),햇반/쿡반,https://www.kurly.com/goods/1000184373,4980,23891,2025.09.20,아이가.좋아해서 자주 해줘요
도시락·밥류,노릇노릇 볶음밥 2개입 8종 (택1),햇반/쿡반,https://www.kurly.com/goods/1000184373,4980,23891,2025.09.20,볶음밥 최애입니다~~~
도시락·밥류,노릇노릇 볶음밥 2개입 8종 (택1),햇반/쿡반,https://www.kurly.com/goods/1000184373,4980,23891,2025.09.20,전자레인지 조리도 가능하니 너무 편해요! 양은 좀 적지만 맛있게 먹었어요
도시락·밥류,노릇노릇 볶음밥 2개입 8종 (택1),햇반/쿡반,https://www.kurly.com/goods/1000184373,4980,23891,2025.09.20,자주 먹었는데 세일해서 또 쟁여놓았음
도시락·밥류,노릇노릇 볶음밥 2개입 8종 (택1),햇반/쿡반,https://www.kurly.com/goods/1000184373,4980,23891,2025.09.20,"기대안했는데 닭갈비볶음밥 이거 너무 마싯네요!!!! 진짜 식당에서 볶는 거랑 같아요 
재구매할래요 ㅎㅎㅎ
계란후라이만 해서 먹으면 딱입니다"
도시락·밥류,노릇노릇 볶음밥 2개입 8종 (택1),햇반/쿡반,https://www.kurly.com/goods/1000184373,4980,23891,2025.09.20,맛있어서  자주  재구매해요
도시락·밥류,노릇노릇 볶음밥 2개입 8종 (택1),햇반/쿡반,https://www.kurly.com/goods/1000184373,4980,23891,2025.09.20,제일 맛있는 스팸김치볶음밥
도시락·밥류,노릇노릇 볶음밥 2개입 8종 (택1),햇반/쿡반,https://www.kurly.com/goods/1000184373,4980,23891,2025.09.20,"세일할때 잘 샀어요
쟁어두고 먹기"
도시락·밥류,노릇노릇 볶음밥 2개입 8종 (택1),햇반/쿡반,https://www.kurly.com/goods/1000184373,4980,23891,2025.09.19,간편하면서도 맛있는 햇반 쿡반~
도시락·밥류,노릇노릇 볶음밥 2개입 8종 (택1),햇반/쿡반,https://www.kurly.com/goods/1000184373,4980,23891,2025.09.19,곤드레나물밥은 이것만 먹어요 양도 적당하고 간장양념이 맛있어서 잘먹고있어요
도시락·밥류,노릇노릇 볶음밥 2개입 8종 (택1),햇반/쿡반,https://www.kurly.com/goods/1000184373,4980,23891,2025.09.19,가격 생각하면 먹을만함
도시락·밥류,노릇노릇 볶음밥 2개입 8종 (택1),햇반/쿡반,https://www.kurly.com/goods/1000184373,4980,23891,2025.09.19,그냥저냥 새우맛 조금나요
도시락·밥류,노릇노릇 볶음밥 2개입 8종 (택1),햇반/쿡반,https://www.kurly.com/goods/1000184373,4980,23891,2025.09.19,스팸은 한숫갈정도 들어있어여
도시락·밥류,노릇노릇 볶음밥 2개입 8종 (택1),햇반/쿡반,https://www.kurly.com/goods/1000184373,4980,23891,2025.09.18,진짜 맛있어요. 양념장 사고 싶네요.
도시락·밥류,노릇노릇 볶음밥 2개입 8종 (택1),햇반/쿡반,https://www.kurly.com/goods/1000184373,4980,23891,2025.09.18,종류별로 사서 냉동실에 보관중입니다 굿
도시락·밥류,노릇노릇 볶음밥 2개입 8종 (택1),햇반/쿡반,https://www.kurly.com/goods/1000184373,4980,23891,2025.09.18,맛도좋고 편하게 먹기좋아요
도시락·밥류,노릇노릇 볶음밥 2개입 8종 (택1),햇반/쿡반,https://www.kurly.com/goods/1000184373,4980,23891,2025.09.18,간펴하게 먹기좋아요
도시락·밥류,노릇노릇 볶음밥 2개입 8종 (택1),햇반/쿡반,https://www.kurly.com/goods/1000184373,4980,23891,2025.09.18,전자렌지에 돌려서 후딱먹기좋아요
도시락·밥류,노릇노릇 볶음밥 2개입 8종 (택1),햇반/쿡반,https://www.kurly.com/goods/1000184373,4980,23891,2025.09.18,간단하고  10분내로 해먹기좋아요   달걀 후라이 해서 볶음밥에 올리면 아이가 잘먹어요 그래서  가끔 구매하는 컬리템이예요
도시락·밥류,향긋한 골든퀸현미밥 200g*6입,컬리X햇반,https://www.kurly.com/goods/1000832403,7980,3761,2025.04.05,"최근 건강한 식사를 선호하는 소비자들 사이에서 인기를 끌고 있는 제품입니다.
현대인의 바쁜 일상 속에서도 건강한 식습관을 유지하고자 하는 사람들에게 안성맞춤인 제품입니다.

포장은 매우 실용적입니다. 지퍼형 포장으로 되어 있어 남은 밥을 쉽게 보관할 수 있고, 디자인 또한 깔끔하고 현대적이어서 시각적으로도 매력적입니다.

조리 방법도 간편합니다. 전자레인지를 이용해 약 2분 가량 데우기만 하면 맛있는 밥이 완성됩니다. 바쁜 아침이나 점심에 정말 유용하게 활용할 수 있죠. 또한, 끓는 물에 데우는 방법도 있어 상황에 따라 다양하게 조리할 수 있습니다.

결론적으로, 건강한 식사를 원하는 현대인들에게 특히 적합하며, 다양한 식단에 잘 어울리는 장점도 가지고 있습니다. 바쁜 일상 속에서도 간편하게 건강을 챙길 수 있는 그 가치를 충분히 발휘하는 제품입니다. 맛과 영양, 편리함을 모두 갖춘 이 제품은 일상 속에서 필요한 에너지를 충전하는 데 큰 도움이 될 것입니다."
도시락·밥류,향긋한 골든퀸현미밥 200g*6입,컬리X햇반,https://www.kurly.com/goods/1000832403,7980,3761,2025.04.05,"최근 건강한 식사를 선호하는 소비자들 사이에서 인기를 끌고 있는 제품입니다.
현대인의 바쁜 일상 속에서도 건강한 식습관을 유지하고자 하는 사람들에게 안성맞춤인 제품입니다.

포장은 매우 실용적입니다. 지퍼형 포장으로 되어 있어 남은 밥을 쉽게 보관할 수 있고, 디자인 또한 깔끔하고 현대적이어서 시각적으로도 매력적입니다.

조리 방법도 간편합니다. 전자레인지를 이용해 약 2분 가량 데우기만 하면 맛있는 밥이 완성됩니다. 바쁜 아침이나 점심에 정말 유용하게 활용할 수 있죠. 또한, 끓는 물에 데우는 방법도 있어 상황에 따라 다양하게 조리할 수 있습니다.

결론적으로, 건강한 식사를 원하는 현대인들에게 특히 적합하며, 다양한 식단에 잘 어울리는 장점도 가지고 있습니다. 바쁜 일상 속에서도 간편하게 건강을 챙길 수 있는 그 가치를 충분히 발휘하는 제품입니다. 맛과 영양, 편리함을 모두 갖춘 이 제품은 일상 속에서 필요한 에너지를 충전하는 데 큰 도움이 될 것입니다."
도시락·밥류,향긋한 골든퀸현미밥 200g*6입,컬리X햇반,https://www.kurly.com/goods/1000832403,7980,3761,2025.03.23,"주위에 아직 젊은 나이인데도 당뇨로 고생하는 사람들이 꽤 있어선지 되도록이면 그냥 백미 대신에 콩 등이 섞인 잡곡밥이나 혈당을 낮출 수 있는 현미밥으로 챙겨 먹으려고 하고 있어요~
골든퀸 현미밥은 개인적으로 느끼기에는 나름 부드러운 식감이랑 단백한 맛도 너무 괜찮아서 최근 꽤 주문해서 먹고 있는데, 전자렌지에 2분 돌리고 렌지 문을 열었을 때 퍼지는 특유의 구수한 누룽지 향이 먹기 전 부터 기분을 좋게 하네요~^^
나이도 한 살 더 먹은 만큼 건강에 신경을 쓰자고 생각이 드는데, 직접 현미밥을 해 먹으면 물론 좋겠지만 간편하게 먹어야 할 때는 컬리의 '골든퀸 현미밥'을 앞으로 계속 이용할 것 같아요ㅎㅎ"
도시락·밥류,향긋한 골든퀸현미밥 200g*6입,컬리X햇반,https://www.kurly.com/goods/1000832403,7980,3761,2025.09.23,또재구매해요 쟁여템이예요
도시락·밥류,향긋한 골든퀸현미밥 200g*6입,컬리X햇반,https://www.kurly.com/goods/1000832403,7980,3761,2025.09.23,맛있어요 김밥이나 간단히 주먹밥하려구 구매했어요
도시락·밥류,향긋한 골든퀸현미밥 200g*6입,컬리X햇반,https://www.kurly.com/goods/1000832403,7980,3761,2025.09.23,밥해먹기 귀찮을때 좋아요
도시락·밥류,향긋한 골든퀸현미밥 200g*6입,컬리X햇반,https://www.kurly.com/goods/1000832403,7980,3761,2025.09.23,"바쁠땐
햇반이 짱이죠
잘
먹을께요"
도시락·밥류,향긋한 골든퀸현미밥 200g*6입,컬리X햇반,https://www.kurly.com/goods/1000832403,7980,3761,2025.09.23,캠핑가서 먹으려고 샀는데 찰지고 맛있게 먹었어요
도시락·밥류,향긋한 골든퀸현미밥 200g*6입,컬리X햇반,https://www.kurly.com/goods/1000832403,7980,3761,2025.09.23,매번 구매하는 상품이에요
도시락·밥류,향긋한 골든퀸현미밥 200g*6입,컬리X햇반,https://www.kurly.com/goods/1000832403,7980,3761,2025.09.22,맛있어요 좋아요 좋아요
도시락·밥류,향긋한 골든퀸현미밥 200g*6입,컬리X햇반,https://www.kurly.com/goods/1000832403,7980,3761,2025.09.22,맛있어서 또구매했어요
도시락·밥류,향긋한 골든퀸현미밥 200g*6입,컬리X햇반,https://www.kurly.com/goods/1000832403,7980,3761,2025.09.22,"너무맛있서요
일반 백미 햇반보다 더 맛있어요"
도시락·밥류,향긋한 골든퀸현미밥 200g*6입,컬리X햇반,https://www.kurly.com/goods/1000832403,7980,3761,2025.09.22,자주 시키는 컬리 상품
도시락·밥류,향긋한 골든퀸현미밥 200g*6입,컬리X햇반,https://www.kurly.com/goods/1000832403,7980,3761,2025.09.21,향도 좋고 밥맛도 좋아요
도시락·밥류,향긋한 골든퀸현미밥 200g*6입,컬리X햇반,https://www.kurly.com/goods/1000832403,7980,3761,2025.09.21,현미밥이라서 먹고나면 속이 편해여
도시락·밥류,향긋한 골든퀸현미밥 200g*6입,컬리X햇반,https://www.kurly.com/goods/1000832403,7980,3761,2025.09.21,즉석밥중에 제일 좋아하는 제품입니다
도시락·밥류,향긋한 골든퀸현미밥 200g*6입,컬리X햇반,https://www.kurly.com/goods/1000832403,7980,3761,2025.09.21,햇반중 제일 맛있어요 아들 주려고 샀어요 세일하길래
도시락·밥류,향긋한 골든퀸현미밥 200g*6입,컬리X햇반,https://www.kurly.com/goods/1000832403,7980,3761,2025.09.21,용량도 크고 가격도 저렴해서 주문했습니다.
도시락·밥류,향긋한 골든퀸현미밥 200g*6입,컬리X햇반,https://www.kurly.com/goods/1000832403,7980,3761,2025.09.21,"컬리는 제품들을 간편하게 살 수 있어서 좋습니다. 
건강을 위해 현미밥을 구매했어요~"
도시락·밥류,향긋한 골든퀸현미밥 200g*6입,컬리X햇반,https://www.kurly.com/goods/1000832403,7980,3761,2025.09.21,여러번 구매하는 제품
도시락·밥류,향긋한 골든퀸현미밥 200g*6입,컬리X햇반,https://www.kurly.com/goods/1000832403,7980,3761,2025.09.21,골드퀸 현미밥 맛있어요! 밥은 현미밥만 먹고 거의 해 먹지만 귀찮을때 먹으려고 세일일때 저렴한 가격에 쟁여놨어요!
도시락·밥류,향긋한 골든퀸현미밥 200g*6입,컬리X햇반,https://www.kurly.com/goods/1000832403,7980,3761,2025.09.21,비상용으로 항상 쟁여둬요
도시락·밥류,향긋한 골든퀸현미밥 200g*6입,컬리X햇반,https://www.kurly.com/goods/1000832403,7980,3761,2025.09.21,구수한 향이 아주 맛있어요
도시락·밥류,향긋한 골든퀸현미밥 200g*6입,컬리X햇반,https://www.kurly.com/goods/1000832403,7980,3761,2025.09.21,"현미밥 압력솥으로 하는거 아님 푹 익히기 어려워
컬리현미밥 자주 사먹어요
비싸서 할인하면 장 볼때 꼭 넣어요"
도시락·밥류,향긋한 골든퀸현미밥 200g*6입,컬리X햇반,https://www.kurly.com/goods/1000832403,7980,3761,2025.09.21,떨어지면 안대는 필수템 맛잇음
도시락·밥류,향긋한 골든퀸현미밥 200g*6입,컬리X햇반,https://www.kurly.com/goods/1000832403,7980,3761,2025.09.21,급할때 건강하게 한끼 먹을수있게 쟁여뒀어여
도시락·밥류,향긋한 골든퀸현미밥 200g*6입,컬리X햇반,https://www.kurly.com/goods/1000832403,7980,3761,2025.09.21,밥이 너무 구수함 존맛
도시락·밥류,향긋한 골든퀸현미밥 200g*6입,컬리X햇반,https://www.kurly.com/goods/1000832403,7980,3761,2025.09.21,누룽지향나고 너무 맛있어요
도시락·밥류,향긋한 골든퀸현미밥 200g*6입,컬리X햇반,https://www.kurly.com/goods/1000832403,7980,3761,2025.09.20,식단할때 먹으려고 구매합니다
도시락·밥류,향긋한 골든퀸현미밥 200g*6입,컬리X햇반,https://www.kurly.com/goods/1000832403,7980,3761,2025.09.20,그냥 현미밥보다 향도 좋고 맛도 좋음
도시락·밥류,향긋한 골든퀸현미밥 200g*6입,컬리X햇반,https://www.kurly.com/goods/1000832403,7980,3761,2025.09.20,컬리only~가 구매하면서 더 안심이 됩니다.
도시락·밥류,향긋한 골든퀸현미밥 200g*6입,컬리X햇반,https://www.kurly.com/goods/1000832403,7980,3761,2025.09.20,늘 재구매하는 상품이에요
도시락·밥류,향긋한 골든퀸현미밥 200g*6입,컬리X햇반,https://www.kurly.com/goods/1000832403,7980,3761,2025.09.20,골드퀸일반이 좋아 현미 구매
도시락·밥류,향긋한 골든퀸현미밥 200g*6입,컬리X햇반,https://www.kurly.com/goods/1000832403,7980,3761,2025.09.20,자취템 편하고 백미보다는 식감이 좋아요
도시락·밥류,향긋한 골든퀸현미밥 200g*6입,컬리X햇반,https://www.kurly.com/goods/1000832403,7980,3761,2025.09.20,건강 생각해서 현미로 구매해봤는데 골든은 쌀이 더 낫네요
도시락·밥류,향긋한 골든퀸현미밥 200g*6입,컬리X햇반,https://www.kurly.com/goods/1000832403,7980,3761,2025.09.19,배송 빠르고 포장도 정성스레~~  근데 햇반 유통기한이 임박한건 아니지만 다소 짧네요.. 12월말까지의 제품이 왔네요.
도시락·밥류,향긋한 골든퀸현미밥 200g*6입,컬리X햇반,https://www.kurly.com/goods/1000832403,7980,3761,2025.09.19,현미밥 맛있어서 자주시켜먹어요~
도시락·밥류,향긋한 골든퀸현미밥 200g*6입,컬리X햇반,https://www.kurly.com/goods/1000832403,7980,3761,2025.09.19,현미밥이 건강에 좋다고 하여 구매합니다. 비상용으로:)
도시락·밥류,향긋한 골든퀸현미밥 200g*6입,컬리X햇반,https://www.kurly.com/goods/1000832403,7980,3761,2025.09.19,"골드퀸 구수한 냄새 좋아요
현미밥리지만 애들도 잘 먹네요"
도시락·밥류,향긋한 골든퀸현미밥 200g*6입,컬리X햇반,https://www.kurly.com/goods/1000832403,7980,3761,2025.09.18,잘먹었어요현미밥ㅋㅋ
도시락·밥류,향긋한 골든퀸현미밥 200g*6입,컬리X햇반,https://www.kurly.com/goods/1000832403,7980,3761,2025.09.18,밥해먹는게 힘들어서 결국 주문하게 되는군
도시락·밥류,향긋한 골든퀸현미밥 200g*6입,컬리X햇반,https://www.kurly.com/goods/1000832403,7980,3761,2025.09.18,골든퀀 현미밥 생각보다 찰지고 맛있어요~^^
도시락·밥류,향긋한 골든퀸현미밥 200g*6입,컬리X햇반,https://www.kurly.com/goods/1000832403,7980,3761,2025.09.18,골든퀸 좋아해서 자주구매해요
도시락·밥류,향긋한 골든퀸현미밥 200g*6입,컬리X햇반,https://www.kurly.com/goods/1000832403,7980,3761,2025.09.18,"향이 구수합니다.
먹기 좋아요"
도시락·밥류,향긋한 골든퀸현미밥 200g*6입,컬리X햇반,https://www.kurly.com/goods/1000832403,7980,3761,2025.09.18,세일해서 한번 사봤는데 먹기 전이에요
도시락·밥류,향긋한 골든퀸현미밥 200g*6입,컬리X햇반,https://www.kurly.com/goods/1000832403,7980,3761,2025.09.18,쿠폰받아 저렴하게 구매하고 아침 한끼로 먹었어요. 편하게 장봤어요.~~
도시락·밥류,향긋한 골든퀸현미밥 200g*6입,컬리X햇반,https://www.kurly.com/goods/1000832403,7980,3761,2025.09.18,당뇨가 있으신 어머니가 오셔서 샀어요 골드퀸 현미 맛나요
도시락·밥류,향긋한 골든퀸현미밥 200g*6입,컬리X햇반,https://www.kurly.com/goods/1000832403,7980,3761,2025.09.17,골든퀸 현미밥 부드럽고 맛있을 거 같아서 후기 보고 구매했어요. 현미가 70% 맵쌀 30%로 건강한 밥이예요
도시락·밥류,향긋한 골든퀸현미밥 200g*6입,컬리X햇반,https://www.kurly.com/goods/1000832403,7980,3761,2025.09.17,골든퀸 좋아하는데 현미로 쉽게 먹을 수 있어 편리해요
도시락·밥류,향긋한 골든퀸현미밥 200g*6입,컬리X햇반,https://www.kurly.com/goods/1000832403,7980,3761,2025.09.17,건강생각해서 현미밥으로 구매했어요
도시락·밥류,삼선 해물 누룽지탕,호텔컬렉션,https://www.kurly.com/goods/1000089159,10980,3643,2024.03.06,"아침 대용으로 먹으려고 주문했어요.

1.맛
약간 간이 세긴하지만 전체적으로 맛있었어요.
처음에는 누룽지의 바삭한 식감에,시간이 지날수록 누룽지에 소스가 스며들어 부드러운 식감에 다양한 즐거움이 있습니다.

2.조리 시간
해동만 되어 있다면 10분 안에 조리할 수 있어요.
설명대로 중탕해서 조리하는 거면 15분 정도 생각하면 돼요.
바쁜 아침 시간엔 좋은 것 같아요.

3.재료
들어있는 재료들이 막 풍성하진 않지만 종류가 다양하게 들어 있어 좋았어요. 양을 조금 푸짐하게 먹고 싶으면 새우나 오징어,청경채나 버섯 종류 등을 더 넣으면 될 것 같아요.

4.재구매
재구매 의사 있습니다. 집에서 이 정도 퀄리티를 빠른 시간 안에 누릴 수 있다면 좋은 선택지라 생각합니다."
도시락·밥류,삼선 해물 누룽지탕,호텔컬렉션,https://www.kurly.com/goods/1000089159,10980,3643,2023.01.12,"해물누룽지탕 좋아하는 딸램양을 위해서 밀키트로 되어있는 올반해물누룽지탕 한번 구입해봤는데요~
포장을 개봉하니 ‘오잉? 이렇게 조금일수가?’하고 물음표를 찍었지만, 먹고나서는 모두들 ‘맛있는데?’하고 평이 바껴서 다음에 재구매해보자~할 정도로 맛이 괜츈합니다.
데워서 올리기만하면 되는 정말 간편한 밀키트의 매력에 푹 빠져 한끼 식사 차려봤습니다.

청경채랑 표고버섯, 홍고추까지 넣어서 4분정도 끓였는데요.
꼭 중불에서 끓여야합니다.
뚝배기라서 센불은 바닥에 눌러붙을 수 있어요.
밀키트로 중화요리 주문할때는 꼭 청경채 사두는거 잊지말아야겠어요~
냉동실에서 홍고추도 하나 송송 썰어두니 색감까지 이뻐서 다들 좋아라하더라구요^^
홍고추대신 빨강피망이나 파프리카도 괜찮을것 같아요.
맛도 괜츈합니다.
간이 적당해서 짜다는 느낌 전혀 없이 잘 먹을 수 있었어요. 담백한 맛이어서 좋았구요.
네식구 한그릇씩 먹기에 딱 좋아서 양도 적당했어요.
좋아하는 해물누룽지탕을 밀키트로 찾았으니 자주 먹을것 같아요^^"
도시락·밥류,삼선 해물 누룽지탕,호텔컬렉션,https://www.kurly.com/goods/1000089159,10980,3643,2025.09.23,새우 청경채 추가해 3인 가족 별미로 적당해요
도시락·밥류,삼선 해물 누룽지탕,호텔컬렉션,https://www.kurly.com/goods/1000089159,10980,3643,2025.09.23,간단먹기 좋아요 무난
도시락·밥류,삼선 해물 누룽지탕,호텔컬렉션,https://www.kurly.com/goods/1000089159,10980,3643,2025.09.22,맛있습니다 좋아요!
도시락·밥류,삼선 해물 누룽지탕,호텔컬렉션,https://www.kurly.com/goods/1000089159,10980,3643,2025.09.22,"누룽지 양이 적어서 집에 있는 일반 누룽지랑 섞어 먹었어요. 새우도 따로 더 넣었고요.. 가격에 비해 양이 많은건 아닌데, 탕 자체가 맛있고 집에서 편리하고 쉽게 조리해먹을 수 있어서 (라면보다 쉬워요;; 그냥 탕만 데우면 되니..) 좋습니다"
도시락·밥류,삼선 해물 누룽지탕,호텔컬렉션,https://www.kurly.com/goods/1000089159,10980,3643,2025.09.22,2인용이라고 하기에 양이 적어요 ㅜㅜ
도시락·밥류,삼선 해물 누룽지탕,호텔컬렉션,https://www.kurly.com/goods/1000089159,10980,3643,2025.09.22,먹어보니괜찮아서또샀다
도시락·밥류,삼선 해물 누룽지탕,호텔컬렉션,https://www.kurly.com/goods/1000089159,10980,3643,2025.09.22,맛잇어서 재구매요 ㅋ
도시락·밥류,삼선 해물 누룽지탕,호텔컬렉션,https://www.kurly.com/goods/1000089159,10980,3643,2025.09.22,"아주 잘 먹었습니다 
집에서 쉽고 간단하게 먹기 좋아요
누룽지도 바삭바삭합니다"
도시락·밥류,삼선 해물 누룽지탕,호텔컬렉션,https://www.kurly.com/goods/1000089159,10980,3643,2025.09.22,갑자기 땡겨서 냉동실에  쟁여놨어요                 잘먹겠습니다
도시락·밥류,삼선 해물 누룽지탕,호텔컬렉션,https://www.kurly.com/goods/1000089159,10980,3643,2025.09.22,삼선 누룽지탕 중국집에서 비싼데 간단하게 먹을 수 있어요
도시락·밥류,삼선 해물 누룽지탕,호텔컬렉션,https://www.kurly.com/goods/1000089159,10980,3643,2025.09.22,올반 삼선 해물 누룽지탕 할인하길래 쟁여두려고 구매합니다
도시락·밥류,삼선 해물 누룽지탕,호텔컬렉션,https://www.kurly.com/goods/1000089159,10980,3643,2025.09.21,해물 추가해서 맛있게먹었어요
도시락·밥류,삼선 해물 누룽지탕,호텔컬렉션,https://www.kurly.com/goods/1000089159,10980,3643,2025.09.21,냉동실에 쟁여뒀어요~~~
도시락·밥류,삼선 해물 누룽지탕,호텔컬렉션,https://www.kurly.com/goods/1000089159,10980,3643,2025.09.21,맛있긴한데 양은 적어요.
도시락·밥류,삼선 해물 누룽지탕,호텔컬렉션,https://www.kurly.com/goods/1000089159,10980,3643,2025.09.21,선선해지니 사봤어요
도시락·밥류,삼선 해물 누룽지탕,호텔컬렉션,https://www.kurly.com/goods/1000089159,10980,3643,2025.09.21,간단히 아침에 먹기 좋네요 국물이 조금만 더 찐득 했으면 좋겠어오
도시락·밥류,삼선 해물 누룽지탕,호텔컬렉션,https://www.kurly.com/goods/1000089159,10980,3643,2025.09.21,맛있게 먹었어요~~~
도시락·밥류,삼선 해물 누룽지탕,호텔컬렉션,https://www.kurly.com/goods/1000089159,10980,3643,2025.09.21,집에서 편하게 먹을수있어 좋아요
도시락·밥류,삼선 해물 누룽지탕,호텔컬렉션,https://www.kurly.com/goods/1000089159,10980,3643,2025.09.20,해물도 넉넉하고 맛있어요
도시락·밥류,삼선 해물 누룽지탕,호텔컬렉션,https://www.kurly.com/goods/1000089159,10980,3643,2025.09.20,반찬 없을 때 먹기 좋아요
도시락·밥류,삼선 해물 누룽지탕,호텔컬렉션,https://www.kurly.com/goods/1000089159,10980,3643,2025.09.20,제품 감사합니다. 다음에 또 구매하겠습니다.
도시락·밥류,삼선 해물 누룽지탕,호텔컬렉션,https://www.kurly.com/goods/1000089159,10980,3643,2025.09.20,고기일색 반찬이라 조금은 다른 재료로 상을 꾸며볼까하여 구매해봅니다. 맛있었음 좋겠네요.
도시락·밥류,삼선 해물 누룽지탕,호텔컬렉션,https://www.kurly.com/goods/1000089159,10980,3643,2025.09.20,맛은 있는데 양이 넘 적어요ㅠ
도시락·밥류,삼선 해물 누룽지탕,호텔컬렉션,https://www.kurly.com/goods/1000089159,10980,3643,2025.09.20,맛있게 잘 먹었습니다
도시락·밥류,삼선 해물 누룽지탕,호텔컬렉션,https://www.kurly.com/goods/1000089159,10980,3643,2025.09.20,올반 해물 누룽지탕 간편하고 맛있어요
도시락·밥류,삼선 해물 누룽지탕,호텔컬렉션,https://www.kurly.com/goods/1000089159,10980,3643,2025.09.20,조리하기도 간편하고 맛도 중국집 그대로예요
도시락·밥류,삼선 해물 누룽지탕,호텔컬렉션,https://www.kurly.com/goods/1000089159,10980,3643,2025.09.20,첫구매. 야채 해물 더 추가해서 먹겠습니다.
도시락·밥류,삼선 해물 누룽지탕,호텔컬렉션,https://www.kurly.com/goods/1000089159,10980,3643,2025.09.19,마음에 드는 누룽지탕이라서 몇번의 재구매를 통해 맛을 즐기고 있음.
도시락·밥류,삼선 해물 누룽지탕,호텔컬렉션,https://www.kurly.com/goods/1000089159,10980,3643,2025.09.19,"올반 누룽지탕 너무 맛나요~~~~
추천해요~!!!"
도시락·밥류,삼선 해물 누룽지탕,호텔컬렉션,https://www.kurly.com/goods/1000089159,10980,3643,2025.09.19,후기보고 주문 해봐요
도시락·밥류,삼선 해물 누룽지탕,호텔컬렉션,https://www.kurly.com/goods/1000089159,10980,3643,2025.09.18,후기 좋어 구매해봤는데 맛있어요
도시락·밥류,삼선 해물 누룽지탕,호텔컬렉션,https://www.kurly.com/goods/1000089159,10980,3643,2025.09.18,배송 빠르고 맛있습니다 적극 추천합니다4
도시락·밥류,삼선 해물 누룽지탕,호텔컬렉션,https://www.kurly.com/goods/1000089159,10980,3643,2025.09.18,"아침대용으로 다들 잘먹지만
가격 세일 했음 좋겠어요"
도시락·밥류,삼선 해물 누룽지탕,호텔컬렉션,https://www.kurly.com/goods/1000089159,10980,3643,2025.09.18,넘 맛있어요~ 양은 1인이 든든히 먹기 좋은 양입니다~
도시락·밥류,삼선 해물 누룽지탕,호텔컬렉션,https://www.kurly.com/goods/1000089159,10980,3643,2025.09.18,내용물은 걍 그런데 먹을만 합니다
도시락·밥류,삼선 해물 누룽지탕,호텔컬렉션,https://www.kurly.com/goods/1000089159,10980,3643,2025.09.18,정말 맛있어요 누룽지가 없어지는게 아쉬울만큼
도시락·밥류,삼선 해물 누룽지탕,호텔컬렉션,https://www.kurly.com/goods/1000089159,10980,3643,2025.09.18,간단하게 한끼로 좋아요.
도시락·밥류,삼선 해물 누룽지탕,호텔컬렉션,https://www.kurly.com/goods/1000089159,10980,3643,2025.09.18,후기 좋아 주문했어요
도시락·밥류,삼선 해물 누룽지탕,호텔컬렉션,https://www.kurly.com/goods/1000089159,10980,3643,2025.09.18,맛있어서 재구매합니다
도시락·밥류,삼선 해물 누룽지탕,호텔컬렉션,https://www.kurly.com/goods/1000089159,10980,3643,2025.09.17,참 맛있었어요 중국집에서 먹는거랑 비슷했어요
도시락·밥류,삼선 해물 누룽지탕,호텔컬렉션,https://www.kurly.com/goods/1000089159,10980,3643,2025.09.17,간단하게 먹고 싶을 때 소스 데우고 누룽지에 부어서 먹으면 좋아요.
도시락·밥류,삼선 해물 누룽지탕,호텔컬렉션,https://www.kurly.com/goods/1000089159,10980,3643,2025.09.17,"없어서는 안될 비상식량 같은거에요
아침에 입맛없을때
먹기 좋아요
청경채랑 해산물류가 균형있게 들어있구요 누룽지도 맛나요"
도시락·밥류,삼선 해물 누룽지탕,호텔컬렉션,https://www.kurly.com/goods/1000089159,10980,3643,2025.09.17,해동해서 끓여서 먹으니 맛나네요.누룽지도 살짝 넣어서 같이 끓였네요.
도시락·밥류,삼선 해물 누룽지탕,호텔컬렉션,https://www.kurly.com/goods/1000089159,10980,3643,2025.09.17,누룽지탕 맛있어요 자주 구매해요
도시락·밥류,삼선 해물 누룽지탕,호텔컬렉션,https://www.kurly.com/goods/1000089159,10980,3643,2025.09.17,누룽지탕 어르신들께 조아요
도시락·밥류,삼선 해물 누룽지탕,호텔컬렉션,https://www.kurly.com/goods/1000089159,10980,3643,2025.09.17,맛있어요 잘먹을게요
도시락·밥류,삼선 해물 누룽지탕,호텔컬렉션,https://www.kurly.com/goods/1000089159,10980,3643,2025.09.17,감사합니다 수고하세요 잘받았어요
도시락·밥류,삼선 해물 누룽지탕,호텔컬렉션,https://www.kurly.com/goods/1000089159,10980,3643,2025.09.16,누룽지탕 중에 최고예요
도시락·밥류,가벼운 한식 도시락 6종 (택2),탄단지,https://www.kurly.com/goods/5060785,4320,91366,2025.03.21,"아이의 원픽 도시락!

밤에 도착했는데 제가 자는 시간이라 아침에 받아서 전부 해동 됐더라고요 ㅠ

도시락은 정말 잘 배송 체크해야겠어요!

바로 냉동실에 넣고 아침마다 주고 있어요

컬리에서 골고루 주문해 아이에게 줘봤는데
아예 원픽이에요

이번에는 10개 주문했고

아이에게 아침을 잘 먹여야 하거든요

제가 상을 차리면 주는대로 먹는 아이가 아니라서 ㅠㅠ

이건 어제 5분만에 다 먹었어요 (대박)

게살이 많이 보이고
오믈렛 안에는 참치도 있어요

아이가 하도 잘 먹다보니 저는 먹어본적이 없거든요

매운걸 못 먹는 아이인데 오징어볶음?도 수저로 싹싹 먹어요 

브로컬리랑 콩도 다 먹었어요

매일 아침 똑같은 도시락인데
더 잘 먹는것 같아요 ㅋㅋ(??)

제가 차려준 것도 가리지 않고 잘 먹으면 좋겠네요 ㅜㅜ

도시락 다 먹으면 또 10개씩 살듯

입 짧은 아이의
아침을 도와 주셔서 감사합니다;-;

+ 요즘 아침 식사 걱정이 덜어져서 정신건강에 도움.ㅋㅋ"
도시락·밥류,가벼운 한식 도시락 6종 (택2),탄단지,https://www.kurly.com/goods/5060785,4320,91366,2025.03.07,"아이가 제일 좋아하는 컬리도시락입니다.

게살볶음밥도 맛있고
계란말이도 폭신폭신 좋다고 합니다.

매운걸 못 먹는데 오징어반찬은 또 맛있다고 하네요^^

평소 브로컬리 안 먹으면서 여기 브로컬리는 좋아해요
이 도시락 안에 있어서 좋은거라고 하네요
(?.?)

오랜만에 사줬더니 극찬을 하네요...
이게 지구상에서 제일 맛있다고?

ㅡ_ㅡ...

초4 아들이 제게 광고를 찍네요..
이거 많이 사 놓으라며..

골고루 샀는데 아이는 이 도시락을 제일 좋아해서 이것만 콕 찍어서 일년넘게 찬사를 보내는 중입니다.

아이가 갑각류를 좋아해서 그럴지도 모르겠습니다.
다음에는 이것만 10개 사볼까요 ;-;"
도시락·밥류,가벼운 한식 도시락 6종 (택2),탄단지,https://www.kurly.com/goods/5060785,4320,91366,2024.04.24,"또 시켜버린 최애 도시락💛
요즘 너무 열심히 먹어버린 나머지 자제할 필요를 느껴 식이조절을 위해 재구매했습니다!

✅ 떡갈비 사이즈: 길이는 제 검지손가락 정도? 두께는 손가락 두 마디 조금 안 되는 정도입니다
✅ 떡갈비 상태: 사진 첨부했듯이 실하고 육즙도 낫배드! 냄새도 좋고 맛있습니다:)
✅ 나머지 반찬: 볶음김치 조금, 오므라이스 모양 계란말이(?)가 포함되어있는데 볶음김치 조금만 더 들어있으면 좋을듯해용
✅ 밥 상태: 냉동된 상태로 바로 전자레인지 돌려야 포슬한 밥 상태로 먹을 수 있습니다! 찰지고 쫀득해서 만족스러웠어요:)

❗️총평: 다이어트 하고싶은데 당장 탄수화물을 끊기는 어려우신 분들께 추천! 밥 양이 적은 편이라 적당한 양으로 먹기 좋아요:) 맛도 좋으니 고민하지 마시고 구매하시길~"
도시락·밥류,가벼운 한식 도시락 6종 (택2),탄단지,https://www.kurly.com/goods/5060785,4320,91366,2025.09.23,아이들이 너무 맛있데요
도시락·밥류,가벼운 한식 도시락 6종 (택2),탄단지,https://www.kurly.com/goods/5060785,4320,91366,2025.09.22,아직 먹기전인데 맛있어보여요
도시락·밥류,가벼운 한식 도시락 6종 (택2),탄단지,https://www.kurly.com/goods/5060785,4320,91366,2025.09.22,다이어트할때 한끼 먹기 좋아요
도시락·밥류,가벼운 한식 도시락 6종 (택2),탄단지,https://www.kurly.com/goods/5060785,4320,91366,2025.09.22,배고파서 자주 도시락 먹는데 맛있어서 먹는건 처음임 지금 냉장고에 쌓아둠
도시락·밥류,가벼운 한식 도시락 6종 (택2),탄단지,https://www.kurly.com/goods/5060785,4320,91366,2025.09.22,찜해놓고 계속 사먹을려구요♡
도시락·밥류,가벼운 한식 도시락 6종 (택2),탄단지,https://www.kurly.com/goods/5060785,4320,91366,2025.09.22,여기 도시락 맛있고 간편해요!
도시락·밥류,가벼운 한식 도시락 6종 (택2),탄단지,https://www.kurly.com/goods/5060785,4320,91366,2025.09.22,다이어트때문에 점심메뉴로 활용합니다.
도시락·밥류,가벼운 한식 도시락 6종 (택2),탄단지,https://www.kurly.com/goods/5060785,4320,91366,2025.09.22,다이어트 관리에 점심메뉴로 활용합니다.적은 양을 먹어야하는데 칼로리도 적당하고 맛 도 괜찮네요.
도시락·밥류,가벼운 한식 도시락 6종 (택2),탄단지,https://www.kurly.com/goods/5060785,4320,91366,2025.09.22,돈육숯불구이에서 불맛이 나긴 하네요.
도시락·밥류,가벼운 한식 도시락 6종 (택2),탄단지,https://www.kurly.com/goods/5060785,4320,91366,2025.09.22,너무 맛이 강하고 양이 작은 편
도시락·밥류,가벼운 한식 도시락 6종 (택2),탄단지,https://www.kurly.com/goods/5060785,4320,91366,2025.09.22,너무 맛이 강하고 양이 작음
도시락·밥류,가벼운 한식 도시락 6종 (택2),탄단지,https://www.kurly.com/goods/5060785,4320,91366,2025.09.22,다이어트 도시락 치고는 꽤 짜요
도시락·밥류,가벼운 한식 도시락 6종 (택2),탄단지,https://www.kurly.com/goods/5060785,4320,91366,2025.09.22,다이어트 도시락 울 아들 잘먹고 있네요
도시락·밥류,가벼운 한식 도시락 6종 (택2),탄단지,https://www.kurly.com/goods/5060785,4320,91366,2025.09.22,탄단지 도시락중 제일 맛있어요
도시락·밥류,가벼운 한식 도시락 6종 (택2),탄단지,https://www.kurly.com/goods/5060785,4320,91366,2025.09.22,간단히 한끼 먹기 좋아요
도시락·밥류,가벼운 한식 도시락 6종 (택2),탄단지,https://www.kurly.com/goods/5060785,4320,91366,2025.09.21,"그냥 쏘쏘에요 진짜 급할때 편의점꺼 보단 낫겠가눙  심정으로 먹어요
요리할때 많이 해서 밀키트로 해놓기도 하는 편이라 진짜진짜 급할때요 ㅎ"
도시락·밥류,가벼운 한식 도시락 6종 (택2),탄단지,https://www.kurly.com/goods/5060785,4320,91366,2025.09.21,새벽배송 너무 좋아요~~
도시락·밥류,가벼운 한식 도시락 6종 (택2),탄단지,https://www.kurly.com/goods/5060785,4320,91366,2025.09.21,새벽배송 너무 좋아요
도시락·밥류,가벼운 한식 도시락 6종 (택2),탄단지,https://www.kurly.com/goods/5060785,4320,91366,2025.09.21,새벽배송 너무 좋아요~
도시락·밥류,가벼운 한식 도시락 6종 (택2),탄단지,https://www.kurly.com/goods/5060785,4320,91366,2025.09.21,아직 먹진 못했는데 양이 적어서 도시락으론 안될것같아요ㅜㅜ
도시락·밥류,가벼운 한식 도시락 6종 (택2),탄단지,https://www.kurly.com/goods/5060785,4320,91366,2025.09.21,양이 어마아마하게 적네요ㅜㅜ 맛도 기대이하에요
도시락·밥류,가벼운 한식 도시락 6종 (택2),탄단지,https://www.kurly.com/goods/5060785,4320,91366,2025.09.21,자주 구매하는 제품입니다
도시락·밥류,가벼운 한식 도시락 6종 (택2),탄단지,https://www.kurly.com/goods/5060785,4320,91366,2025.09.21,점심식사 맛있게 먹었어요
도시락·밥류,가벼운 한식 도시락 6종 (택2),탄단지,https://www.kurly.com/goods/5060785,4320,91366,2025.09.21,취나물~ 점심식사 직장서 먹으려고 준비했어요~
도시락·밥류,가벼운 한식 도시락 6종 (택2),탄단지,https://www.kurly.com/goods/5060785,4320,91366,2025.09.21,점심식사 직장서 먹으려고 준비했어요~
도시락·밥류,가벼운 한식 도시락 6종 (택2),탄단지,https://www.kurly.com/goods/5060785,4320,91366,2025.09.21,닭갈비가 특히 맛있네요
도시락·밥류,가벼운 한식 도시락 6종 (택2),탄단지,https://www.kurly.com/goods/5060785,4320,91366,2025.09.21,급할때 비상용으로 아주 굿입니다 ~~
도시락·밥류,가벼운 한식 도시락 6종 (택2),탄단지,https://www.kurly.com/goods/5060785,4320,91366,2025.09.21,아침식사용으로 간편하고 좋네요 ~~
도시락·밥류,가벼운 한식 도시락 6종 (택2),탄단지,https://www.kurly.com/goods/5060785,4320,91366,2025.09.21,급할때 비상용으로 아주 좋습니다 ~~
도시락·밥류,가벼운 한식 도시락 6종 (택2),탄단지,https://www.kurly.com/goods/5060785,4320,91366,2025.09.20,"퀄리티 장난아니네요
다이어트 도시락이 맞나 싶어요
칼로리는 낮다고 적혀있는데 맛있어 보여요 1296"
도시락·밥류,가벼운 한식 도시락 6종 (택2),탄단지,https://www.kurly.com/goods/5060785,4320,91366,2025.09.20,"퀄리티 장난아니네요
다이어트 도시락이 맞나 싶어요
칼로리는 낮다고 적혀있는데 맛있어 보여요 1286"
도시락·밥류,가벼운 한식 도시락 6종 (택2),탄단지,https://www.kurly.com/goods/5060785,4320,91366,2025.09.20,"퀄리티 장난아니네요
다이어트 도시락이 맞나 싶어요
칼로리는 낮다고 적혀있는데 맛있어 보여요 12112"
도시락·밥류,가벼운 한식 도시락 6종 (택2),탄단지,https://www.kurly.com/goods/5060785,4320,91366,2025.09.20,"퀄리티 장난아니네요
다이어트 도시락이 맞나 싶어요
칼로리는 낮다고 적혀있는데 맛있어 보여요 126ㄱ"
도시락·밥류,가벼운 한식 도시락 6종 (택2),탄단지,https://www.kurly.com/goods/5060785,4320,91366,2025.09.20,"퀄리티 장난아니네요
다이어트 도시락이 맞나 싶어요
칼로리는 낮다고 적혀있는데 맛있어 보여요 12123"
도시락·밥류,가벼운 한식 도시락 6종 (택2),탄단지,https://www.kurly.com/goods/5060785,4320,91366,2025.09.20,"퀄리티 장난아니네요
다이어트 도시락이 맞나 싶어요
칼로리는 낮다고 적혀있는데 맛있어 보여요 12"
도시락·밥류,가벼운 한식 도시락 6종 (택2),탄단지,https://www.kurly.com/goods/5060785,4320,91366,2025.09.20,간편하게 종종 먹어요
도시락·밥류,가벼운 한식 도시락 6종 (택2),탄단지,https://www.kurly.com/goods/5060785,4320,91366,2025.09.20,"시래기밥은 먹을만한데… 매콤 오징어볶음은 오징어가 거의 안 보여서 깜짝 놀랐어요. 소세지? 몇 개 있고 오징어는 숨은 그림 찾기 수준. 제품명에 ‘오징어볶음’이 들어가면 오징어는 좀 보여야 하지 않을까요?"""
도시락·밥류,가벼운 한식 도시락 6종 (택2),탄단지,https://www.kurly.com/goods/5060785,4320,91366,2025.09.20,"자주 구매하는 제품입니다.
어린이가 요 취나물에 불고기가 제일 맛있다네요"
도시락·밥류,가벼운 한식 도시락 6종 (택2),탄단지,https://www.kurly.com/goods/5060785,4320,91366,2025.09.20,리뷰가 좋아서 식사 못챙겨줄때 먹으라고 냉동실에 쟁여놓았습니다.
도시락·밥류,가벼운 한식 도시락 6종 (택2),탄단지,https://www.kurly.com/goods/5060785,4320,91366,2025.09.20,"새벽배송 잘 받았습니다,"
도시락·밥류,가벼운 한식 도시락 6종 (택2),탄단지,https://www.kurly.com/goods/5060785,4320,91366,2025.09.20,새벽배송 잘 받았습니다
도시락·밥류,가벼운 한식 도시락 6종 (택2),탄단지,https://www.kurly.com/goods/5060785,4320,91366,2025.09.20,맛잇어요 귀찮을때 이거하나면 딱
도시락·밥류,가벼운 한식 도시락 6종 (택2),탄단지,https://www.kurly.com/goods/5060785,4320,91366,2025.09.20,항상 비상용으로 둡니다 맛잇어요
도시락·밥류,가벼운 한식 도시락 6종 (택2),탄단지,https://www.kurly.com/goods/5060785,4320,91366,2025.09.20,오징어가 너무 조금인데요. 또 살 거 같진 않아요
도시락·밥류,가벼운 한식 도시락 6종 (택2),탄단지,https://www.kurly.com/goods/5060785,4320,91366,2025.09.20,잘 먹었어요. 후기가 좋은 이유가 있네요
도시락·밥류,가벼운 한식 도시락 6종 (택2),탄단지,https://www.kurly.com/goods/5060785,4320,91366,2025.09.20,"다이어트 도시락으로 딱!
항상 주문해서 먹어용 맛납니당.
전자렌지만 있으면 휴대용으로도 편하고 양도 적당합니당"
도시락·밥류,가벼운 한식 도시락 6종 (택2),탄단지,https://www.kurly.com/goods/5060785,4320,91366,2025.09.19,"급할때
먹으려고 샀는데 재구매은 안할것 같아요"
도시락·밥류,정통 일식 커리 도시락 2종 (택1),온더고,https://www.kurly.com/goods/1000859330,5180,3153,2025.08.03,"항상 온더고 제품중의 하나인 '춘천 치즈 닭갈비 덮밥'을
주로 시켜 먹다가 (물론 이번에도 주문했지만요 ㅎㅎ)
새롭게 다른 종류도 먹어 보고 싶어서 
""정통 일식 커리 도시락""의 2️⃣가지 종류중 돈카츠로
시켜 먹어 보았는데요‼️‼️

역시나 언제나 온더고의 제품은 후회 없는 
선택이었다는것을 느낄 수 있었어요👍‼️

보통 이런 시제품들은 고기가 얇고 맛도 그저그런편인데😅
온더고가 온더고해서 인지
사진에 고기 두툼한거 보이시나요❓️‼️
고기도 두툼하고, 적당힌 튀김두께에 
아주 좋은 조합을 가지고 있더라구요 👏 👏 👏 👏 👏 

그리고 안그래도 맛있지만
✅️THE 맛있게 먹는 💜TIP💜을 알려드리자면!
집에 모짜렐라 치즈 🧀 있으신분들은
처음에 원래 방법대로 렌지에 넣고 5️⃣분동안 돌린 뒤
비닐 열어서 치즈 원하는 만큼 넣고 나머지 1️⃣분 돌려서 
먹으면 진짜1️⃣0️⃣0️⃣0️⃣0️⃣x 그렇게 꿀맛이 없겠더라구요!

그리고 안에 들어 있는 커리 소스 자체도 
녹진하고 깊고 풍부한 풍미라서 짜지도 않고 
적당한 간에 맛이 정말 일품이었어요👍👍👍💜

집에서 간단하게 드시고싶은 분들, 
자취하는데 밥해먹기 귀찮으신 분들,
그럼에도 맛있는거 집에서 먹고 싶은 분들에게
아주 적격인 제품이랍니다😆😆😆😆

양도 적당해서 든든하게 먹기도 좋구요💜
찐 내돈내산 후기 였습니다~ 추천해요💜"
도시락·밥류,정통 일식 커리 도시락 2종 (택1),온더고,https://www.kurly.com/goods/1000859330,5180,3153,2025.03.13,"와우!  여러분  찐찐  맛있어요👍👍🤪
도시락 거의 200그램이라  제주문 안하는데
# 온더고# 도시락은 325그램으로 재료튼실 퀄리티있어요

남친은 잡채밥이랑 ㆍ비빔밥 사무실서 먹더니
도시락중  쟁겨놓라는건 첨이네요👏👏👏👏

저는 돈까스 배달 넘 비싸고 해서  반신반의하고 시켰는데    일본 여행때 먹던 카레맛으로 우리나라 일반카레보다 찐하고 단짠 조합 맛나요

돈까스 잡내없어요  카레ㆍ밥 양도  한끼먹기
좋은양이고  후라이 두개해서 같이 먹었더니 배불러요

겉표지에 사용법 자세히 나왔어서 그대로 하심되는데요  리뷰에 전자렌지에 돈까스를 데우니  바삭함은 없다해서 

@ 저는@   개인적인  조리법 입니다

렌지에 잠시 돌려서 ㆍ돈까스ㆍ만 겉어서  에어프라이어에   8분 돌리니  
튀김옷  완전 바삭!!  고기 도톰 !!  
튀김옷은 핫도그 맛에  고기도  냄새없이 담백했어요   밥이람 카레는 렌지에  돌리심되요
카레양도 제법 많아서  후라이 까지해서 
정말 맛나게 먹었네요

도시락들 양도적고  두개는 먹어야하는데
온더고@ 도시락은   후라이랑 같이먹으니 
적당했네요
남친이 잡채랑ㆍ비빔밥  진짜 맛있다하니
우리는 ❤️온더고❤️  도시락에  정착할라합니다
조금 비싸지만 비싼만큼  퀄리티있고  재료들이 
튼실합니다
배달보다 나가먹는거에 비해서는  싸지만요ᆢ 

이렇게  맛있게 만드는 도시락을  컬리에서  찾게되서   기쁘네요~~~^^"
도시락·밥류,정통 일식 커리 도시락 2종 (택1),온더고,https://www.kurly.com/goods/1000859330,5180,3153,2024.10.22,"온더고 카레 돈까스 도시락, 진짜 기대 이상입니다. 🍛🍛 바쁘게 하루를 보내다 보면 제대로 된 식사 챙기기 쉽지 않은데, 항상 온더고 도시락 덕분에 간편하게 한 끼를 해결할 때가 많아요. 이번 신제품은 정말 맛도리였습니다. 카레는 깊은 맛이 나고, 돈까스도 막 만든 것처럼 따뜻하고 맛있었어요. 돈까스 특유의 고소한 맛이 카레랑 잘 어울리고, 한 입 한 입이 진짜 만족스러웠습니다! 양도 넉넉해서 한 끼 먹고 나면 든든합니다. 특히 저는 카페를 운영하고 있는데 간단히 빨리 먹기 좋아요! 가격도 이 정도 퀄리티면 좋다고 생각해요. 요즘 밖에서 밥 사 먹는 거 생각하면 훨씬 가성비 좋은 것 같고, 재구매 의사 200%입니다!"
도시락·밥류,정통 일식 커리 도시락 2종 (택1),온더고,https://www.kurly.com/goods/1000859330,5180,3153,2025.09.23,아이가 한번 먹더니 또 주문해다래요
도시락·밥류,정통 일식 커리 도시락 2종 (택1),온더고,https://www.kurly.com/goods/1000859330,5180,3153,2025.09.23,맛있어요   간편해요
도시락·밥류,정통 일식 커리 도시락 2종 (택1),온더고,https://www.kurly.com/goods/1000859330,5180,3153,2025.09.23,맛있어요.  한끼 먹기 좋아요
도시락·밥류,정통 일식 커리 도시락 2종 (택1),온더고,https://www.kurly.com/goods/1000859330,5180,3153,2025.09.23,매번 구매하는 상품이에요
도시락·밥류,정통 일식 커리 도시락 2종 (택1),온더고,https://www.kurly.com/goods/1000859330,5180,3153,2025.09.23,간단히먹을 아이들아침대용
도시락·밥류,정통 일식 커리 도시락 2종 (택1),온더고,https://www.kurly.com/goods/1000859330,5180,3153,2025.09.22,아이들.저녁대용으로 가끔 구매
도시락·밥류,정통 일식 커리 도시락 2종 (택1),온더고,https://www.kurly.com/goods/1000859330,5180,3153,2025.09.22,"카레 넘 맛있어요 
꼭 주문합니다"
도시락·밥류,정통 일식 커리 도시락 2종 (택1),온더고,https://www.kurly.com/goods/1000859330,5180,3153,2025.09.22,온더고도시락 다 맛있음
도시락·밥류,정통 일식 커리 도시락 2종 (택1),온더고,https://www.kurly.com/goods/1000859330,5180,3153,2025.09.22,잘받았습니다.    일식커리  소불고기  도시락   맛있게 잘먹을게요.   오늘저녁에 먹으려고  주문했어요.   수고하셨습니다.
도시락·밥류,정통 일식 커리 도시락 2종 (택1),온더고,https://www.kurly.com/goods/1000859330,5180,3153,2025.09.22,"잘받았습니다.   일식커리  도시락   잘먹을게요.
빠른배송 감사합니다.   다음에 또 구매할게요.    수고하셨습니다."
도시락·밥류,정통 일식 커리 도시락 2종 (택1),온더고,https://www.kurly.com/goods/1000859330,5180,3153,2025.09.22,간편하게 한끼 먹을 수 있어서 좋아요
도시락·밥류,정통 일식 커리 도시락 2종 (택1),온더고,https://www.kurly.com/goods/1000859330,5180,3153,2025.09.22,간편하게 한끼먹기 좋아요. 재구매합니다.
도시락·밥류,정통 일식 커리 도시락 2종 (택1),온더고,https://www.kurly.com/goods/1000859330,5180,3153,2025.09.22,간편하게 한끼먹기 좋아요. 맛있습니다.
도시락·밥류,정통 일식 커리 도시락 2종 (택1),온더고,https://www.kurly.com/goods/1000859330,5180,3153,2025.09.22,맛도 좋고 도시락으로 가져가기 좋아요
도시락·밥류,정통 일식 커리 도시락 2종 (택1),온더고,https://www.kurly.com/goods/1000859330,5180,3153,2025.09.22,커리의 고소한 맛과 불고기의 진한 맛이 어우러져 아주 맛있어요. 양이 적당해서 다이어트에 도움이 되는 도시락입니다
도시락·밥류,정통 일식 커리 도시락 2종 (택1),온더고,https://www.kurly.com/goods/1000859330,5180,3153,2025.09.22,가격이 저렴하고 가격 대비 가성비가 좋은 메뉴입니다. 양도 적당하고 맛이 있어서 주변의 다이어트를 하는 지인들한테도 적극 추천하고 싶네요. 대만족입니다. 많이 파세요. 다음에 또 다시 구매할 기회가 생긴다면 재구매할 예정입니다
도시락·밥류,정통 일식 커리 도시락 2종 (택1),온더고,https://www.kurly.com/goods/1000859330,5180,3153,2025.09.22,비상식으로 다양하게 구비해 놓습니다.
도시락·밥류,정통 일식 커리 도시락 2종 (택1),온더고,https://www.kurly.com/goods/1000859330,5180,3153,2025.09.21,"나쁘지는 않은데 냉동특성상 데우면 좀 딱딱해진게 아쉬워요
카레는 맛있어요"
도시락·밥류,정통 일식 커리 도시락 2종 (택1),온더고,https://www.kurly.com/goods/1000859330,5180,3153,2025.09.21,"커리소스에서 향신료 향과 맛이 많이 나서 이국적이예요.
다만 조금 느끼했고, 고기는 냄새가 났어요. ㅠ"
도시락·밥류,정통 일식 커리 도시락 2종 (택1),온더고,https://www.kurly.com/goods/1000859330,5180,3153,2025.09.21,돈까스가좀눅눅하긴한데먹을만해요
도시락·밥류,정통 일식 커리 도시락 2종 (택1),온더고,https://www.kurly.com/goods/1000859330,5180,3153,2025.09.21,소불고기카레밥맛있어요
도시락·밥류,정통 일식 커리 도시락 2종 (택1),온더고,https://www.kurly.com/goods/1000859330,5180,3153,2025.09.21,맛있어서 재구매했어용
도시락·밥류,정통 일식 커리 도시락 2종 (택1),온더고,https://www.kurly.com/goods/1000859330,5180,3153,2025.09.21,항상 구매하는데  먹을때마다 앗있다구 고딩 아늘이 그러네요.
도시락·밥류,정통 일식 커리 도시락 2종 (택1),온더고,https://www.kurly.com/goods/1000859330,5180,3153,2025.09.21,맛있어서 또 구매했어요
도시락·밥류,정통 일식 커리 도시락 2종 (택1),온더고,https://www.kurly.com/goods/1000859330,5180,3153,2025.09.21,가장 좋아하는 온더고 도시락이에요. 양은 많진 않아도 맛있어요. 마켓컬리가 배송도 빠르고 다양한 상품이 있어서 자주 주문해요.
도시락·밥류,정통 일식 커리 도시락 2종 (택1),온더고,https://www.kurly.com/goods/1000859330,5180,3153,2025.09.21,평소에 카레를 좋아해서 구매합니다
도시락·밥류,정통 일식 커리 도시락 2종 (택1),온더고,https://www.kurly.com/goods/1000859330,5180,3153,2025.09.21,도시락 대용으로 구매합니다
도시락·밥류,정통 일식 커리 도시락 2종 (택1),온더고,https://www.kurly.com/goods/1000859330,5180,3153,2025.09.21,"카레도 맛있고 돈까스도 나쁘지 않구
먹어 본 온더고 제품 중에 제일 괜찮아요"
도시락·밥류,정통 일식 커리 도시락 2종 (택1),온더고,https://www.kurly.com/goods/1000859330,5180,3153,2025.09.21,재구매 제품이에요 👍🏻😄
도시락·밥류,정통 일식 커리 도시락 2종 (택1),온더고,https://www.kurly.com/goods/1000859330,5180,3153,2025.09.20,한 끼 뚝딱 간편하게 맛나게 먹어요
도시락·밥류,정통 일식 커리 도시락 2종 (택1),온더고,https://www.kurly.com/goods/1000859330,5180,3153,2025.09.20,커리 돈카츠 맛있어요
도시락·밥류,정통 일식 커리 도시락 2종 (택1),온더고,https://www.kurly.com/goods/1000859330,5180,3153,2025.09.20,카레 좋아해서 여러개 구매 해놨어요
도시락·밥류,정통 일식 커리 도시락 2종 (택1),온더고,https://www.kurly.com/goods/1000859330,5180,3153,2025.09.20,온더고 맛있어요 매번 재주문
도시락·밥류,정통 일식 커리 도시락 2종 (택1),온더고,https://www.kurly.com/goods/1000859330,5180,3153,2025.09.20,냉동실 단골 친구에요 맛있음
도시락·밥류,정통 일식 커리 도시락 2종 (택1),온더고,https://www.kurly.com/goods/1000859330,5180,3153,2025.09.20,세일할때 간편하게 냉동실로!!
도시락·밥류,정통 일식 커리 도시락 2종 (택1),온더고,https://www.kurly.com/goods/1000859330,5180,3153,2025.09.20,애들이 좋아하는 거라 냉동실로!
도시락·밥류,정통 일식 커리 도시락 2종 (택1),온더고,https://www.kurly.com/goods/1000859330,5180,3153,2025.09.19,간단히 먹기 좋은 제품이에요 맛까지 잡았습니다 ㅎ
도시락·밥류,정통 일식 커리 도시락 2종 (택1),온더고,https://www.kurly.com/goods/1000859330,5180,3153,2025.09.19,소불고기도 먹어봤는데 돈가스가 더 맛있네요.  돈가스 식감도 괜찮고 커리도 맛나요.
도시락·밥류,정통 일식 커리 도시락 2종 (택1),온더고,https://www.kurly.com/goods/1000859330,5180,3153,2025.09.19,일식 커리 도시락 내용물 좋아요
도시락·밥류,정통 일식 커리 도시락 2종 (택1),온더고,https://www.kurly.com/goods/1000859330,5180,3153,2025.09.19,아이가 온더고중에 제일 좋아해요
도시락·밥류,정통 일식 커리 도시락 2종 (택1),온더고,https://www.kurly.com/goods/1000859330,5180,3153,2025.09.18,맛있어서 깜놀했어요 도시락 잘 안 사먹거든요 근데 진짜 너무 바빠서 요리할 기력이 없으니 뭐라도 먹어야겠다 싶어 얼른 주문했거든요  이 가격에 이 퀄리티라니 완전 만족 그리고 계속 재주문
도시락·밥류,정통 일식 커리 도시락 2종 (택1),온더고,https://www.kurly.com/goods/1000859330,5180,3153,2025.09.18,"맛있어요
냉동 도시락 중 제일 마음에 들어요"
도시락·밥류,정통 일식 커리 도시락 2종 (택1),온더고,https://www.kurly.com/goods/1000859330,5180,3153,2025.09.18,카레 먹고싶으면 주문해오
도시락·밥류,정통 일식 커리 도시락 2종 (택1),온더고,https://www.kurly.com/goods/1000859330,5180,3153,2025.09.18,비상용으로 재구매했어요
도시락·밥류,정통 일식 커리 도시락 2종 (택1),온더고,https://www.kurly.com/goods/1000859330,5180,3153,2025.09.18,내용물도 실하고 넘 맛있어요
도시락·밥류,정통 일식 커리 도시락 2종 (택1),온더고,https://www.kurly.com/goods/1000859330,5180,3153,2025.09.17,맛있어요 돈가스 쥰맛탱
도시락·밥류,정통 일식 커리 도시락 2종 (택1),온더고,https://www.kurly.com/goods/1000859330,5180,3153,2025.09.17,"혼자서 간단하게 해결하고 싶을때 너무 좋습니다
맛있고 조리도 전자레인지만 돌리면 되서 편합니디"
도시락·밥류,게살볶음밥 420g,조선호텔,https://www.kurly.com/goods/1000347446,7347,4271,2025.03.15,"와~! 진짜 맛있네요
밥도 적당히 고슬하고 양도 많은편.
계란의 고소함과 게살의 짭쪼롬한맛의 밸런스가 휼룡합니다.

후라이팬에 기름 두르고 볶아먹으나,
전자렌지에 데워먹으나 맛이 동일하네요.
간편 도시락용으로도 손색없네요."
도시락·밥류,게살볶음밥 420g,조선호텔,https://www.kurly.com/goods/1000347446,7347,4271,2025.09.23,아이들이 좋아해서 자주 시켜요~맛있고 좋은데 양이 더 많았으면 좋겠어요~~
도시락·밥류,게살볶음밥 420g,조선호텔,https://www.kurly.com/goods/1000347446,7347,4271,2025.09.22,게살볶음밥 맛있네요.
도시락·밥류,게살볶음밥 420g,조선호텔,https://www.kurly.com/goods/1000347446,7347,4271,2025.09.22,게살 맛이 느껴집니다
도시락·밥류,게살볶음밥 420g,조선호텔,https://www.kurly.com/goods/1000347446,7347,4271,2025.09.22,맛있어서 종종 주문해서 냉동실에 쟁여놔요 ㅎ
도시락·밥류,게살볶음밥 420g,조선호텔,https://www.kurly.com/goods/1000347446,7347,4271,2025.09.22,계란추가하고 밥 조금 추가해서 먹어요~
도시락·밥류,게살볶음밥 420g,조선호텔,https://www.kurly.com/goods/1000347446,7347,4271,2025.09.22,조선호텔 게살 볶음밥 맛있어요 좋아요
도시락·밥류,게살볶음밥 420g,조선호텔,https://www.kurly.com/goods/1000347446,7347,4271,2025.09.22,그냥저냥 무난무난해요
도시락·밥류,게살볶음밥 420g,조선호텔,https://www.kurly.com/goods/1000347446,7347,4271,2025.09.22,조선호텔 김치 맛있게 먹어서 볶음밥도 구매했어요
도시락·밥류,게살볶음밥 420g,조선호텔,https://www.kurly.com/goods/1000347446,7347,4271,2025.09.21,맛잇어요 뭐든거없고 되게부실해보이지만 맛있어요 ㅎㅎ 계란만 스크램블해서 더넣어 먹으면 좋아요
도시락·밥류,게살볶음밥 420g,조선호텔,https://www.kurly.com/goods/1000347446,7347,4271,2025.09.21,게살은 안보이는데 맛있어요
도시락·밥류,게살볶음밥 420g,조선호텔,https://www.kurly.com/goods/1000347446,7347,4271,2025.09.21,기대만큼 맛있지는 않아요
도시락·밥류,게살볶음밥 420g,조선호텔,https://www.kurly.com/goods/1000347446,7347,4271,2025.09.21,재구매했습니다. 깔끔하고 고소합니다.
도시락·밥류,게살볶음밥 420g,조선호텔,https://www.kurly.com/goods/1000347446,7347,4271,2025.09.21,맛있어요 간단하고 간편하게먹기 좋아요
도시락·밥류,게살볶음밥 420g,조선호텔,https://www.kurly.com/goods/1000347446,7347,4271,2025.09.21,계란만 하나 더 추가해도 좋아요
도시락·밥류,게살볶음밥 420g,조선호텔,https://www.kurly.com/goods/1000347446,7347,4271,2025.09.21,"재구매템
살짝 비린냄새 나기도 하고 간이 좀 쎄긴한데
맛있어요 다른거 곁들여 먹으면 좋음"
도시락·밥류,게살볶음밥 420g,조선호텔,https://www.kurly.com/goods/1000347446,7347,4271,2025.09.21,가성비 좋아요. 편해요.
도시락·밥류,게살볶음밥 420g,조선호텔,https://www.kurly.com/goods/1000347446,7347,4271,2025.09.21,볶음밥중 제일 맛있어요
도시락·밥류,게살볶음밥 420g,조선호텔,https://www.kurly.com/goods/1000347446,7347,4271,2025.09.20,냉동볶음밥들 중에 괜찮은편이에요
도시락·밥류,게살볶음밥 420g,조선호텔,https://www.kurly.com/goods/1000347446,7347,4271,2025.09.20,간단하게 아침에 먹기 좋아요. 맛도 좋습니다. 맞벌이하는 부부에게 필수템입니다
도시락·밥류,게살볶음밥 420g,조선호텔,https://www.kurly.com/goods/1000347446,7347,4271,2025.09.20,"추천 받아 구입했었는데 괜찮네요
재구입 의사 있습니다"
도시락·밥류,게살볶음밥 420g,조선호텔,https://www.kurly.com/goods/1000347446,7347,4271,2025.09.19,살짝 비릿한거같기도 행요.
도시락·밥류,게살볶음밥 420g,조선호텔,https://www.kurly.com/goods/1000347446,7347,4271,2025.09.19,너무 맛있어요~~~
도시락·밥류,게살볶음밥 420g,조선호텔,https://www.kurly.com/goods/1000347446,7347,4271,2025.09.19,기숙사에서 전자렌지 데워먹기 너무 좋아서 놀랫어요 그래서 또 시킵니다 ㅎㅎㅎ
도시락·밥류,게살볶음밥 420g,조선호텔,https://www.kurly.com/goods/1000347446,7347,4271,2025.09.19,맛있어요. 생각보다 게살도 많이 들어있고 간편하네요!
도시락·밥류,게살볶음밥 420g,조선호텔,https://www.kurly.com/goods/1000347446,7347,4271,2025.09.19,점심 도시락느로 먹느려고 샀어요. 달걀 더 넣어서 볶으몀 맛있어요
도시락·밥류,게살볶음밥 420g,조선호텔,https://www.kurly.com/goods/1000347446,7347,4271,2025.09.19,양도 많고 맛있네요
도시락·밥류,게살볶음밥 420g,조선호텔,https://www.kurly.com/goods/1000347446,7347,4271,2025.09.19,"게살 계란 들어있어 중국집 볶음밥같기도.
불맛도 나는거같고..여튼 맛있게 잘먹었습니다"
도시락·밥류,게살볶음밥 420g,조선호텔,https://www.kurly.com/goods/1000347446,7347,4271,2025.09.19,맛있어요. 간도 적절하고.
도시락·밥류,게살볶음밥 420g,조선호텔,https://www.kurly.com/goods/1000347446,7347,4271,2025.09.19,늘먹던거라 냉동고에 상시 쟁여두고  먹네요 조금 비싸긴한데 맛이 커버해주네요
도시락·밥류,게살볶음밥 420g,조선호텔,https://www.kurly.com/goods/1000347446,7347,4271,2025.09.18,넘 맛있을것 같아요!!!
도시락·밥류,게살볶음밥 420g,조선호텔,https://www.kurly.com/goods/1000347446,7347,4271,2025.09.18,맛있어서 자주구매.간편해요.
도시락·밥류,게살볶음밥 420g,조선호텔,https://www.kurly.com/goods/1000347446,7347,4271,2025.09.18,여기에 짜장소스 같이 먹으면 최고
도시락·밥류,게살볶음밥 420g,조선호텔,https://www.kurly.com/goods/1000347446,7347,4271,2025.09.18,늘애용합니다   맞있어요
도시락·밥류,게살볶음밥 420g,조선호텔,https://www.kurly.com/goods/1000347446,7347,4271,2025.09.18,포슬 포슬한  게맛살과 계란이  들어간 볶음밥~ 기름기가 많이 없고 느끼하지 않아 좋아요
도시락·밥류,게살볶음밥 420g,조선호텔,https://www.kurly.com/goods/1000347446,7347,4271,2025.09.18,맛있어요 아는 맛이지만요
도시락·밥류,게살볶음밥 420g,조선호텔,https://www.kurly.com/goods/1000347446,7347,4271,2025.09.18,게살향이 나고 고소해요
도시락·밥류,게살볶음밥 420g,조선호텔,https://www.kurly.com/goods/1000347446,7347,4271,2025.09.18,적당히 촉촉하고 맛있어요
도시락·밥류,게살볶음밥 420g,조선호텔,https://www.kurly.com/goods/1000347446,7347,4271,2025.09.17,게살 볶음밥도 맛있는데 조선호텔 함박스테이크까지 곁들여 먹으니 맛있네요.
도시락·밥류,게살볶음밥 420g,조선호텔,https://www.kurly.com/goods/1000347446,7347,4271,2025.09.17,맛있게 잘 먹었습니다.
도시락·밥류,게살볶음밥 420g,조선호텔,https://www.kurly.com/goods/1000347446,7347,4271,2025.09.17,비슷한 볶음밥류 중에 제일 맛있어서 재구매 했습니다 조선호텔 제품 왠만한거 다 성공이에여
도시락·밥류,게살볶음밥 420g,조선호텔,https://www.kurly.com/goods/1000347446,7347,4271,2025.09.17,맛있어요 할인해서 잘 구매했어요
도시락·밥류,게살볶음밥 420g,조선호텔,https://www.kurly.com/goods/1000347446,7347,4271,2025.09.17,재구매 맛닜습니다 추천해요
도시락·밥류,게살볶음밥 420g,조선호텔,https://www.kurly.com/goods/1000347446,7347,4271,2025.09.16,처음 구입해봤는데 맛있어요
도시락·밥류,게살볶음밥 420g,조선호텔,https://www.kurly.com/goods/1000347446,7347,4271,2025.09.16,맛있어요 아주 잘 먹었어요
도시락·밥류,게살볶음밥 420g,조선호텔,https://www.kurly.com/goods/1000347446,7347,4271,2025.09.16,맛있습니다 간단하게 도시락 싸고 다니기 좋아요
도시락·밥류,게살볶음밥 420g,조선호텔,https://www.kurly.com/goods/1000347446,7347,4271,2025.09.16,짜장 소스만 추가하면 끝
도시락·밥류,게살볶음밥 420g,조선호텔,https://www.kurly.com/goods/1000347446,7347,4271,2025.09.15,재구매했어요 맛있고 간편해서 좋아요!
도시락·밥류,게살볶음밥 420g,조선호텔,https://www.kurly.com/goods/1000347446,7347,4271,2025.09.14,"두개들어 있고, 포슬하니 느끼하지않은 볶음밥 입니다."
도시락·밥류,게살볶음밥 420g,조선호텔,https://www.kurly.com/goods/1000347446,7347,4271,2025.09.14,아침하기 싫을때 먹으려고 주문했어요
도시락·밥류,"오므라이스 3종 (시그니처, 소시지, 함박스테이크) (택1)",오므토토마토,https://www.kurly.com/goods/1001521296,6990,352,2025.09.03,"한끼 때우는 느낌으로 먹는거 정말 싫어하는 1인입니다. 
한끼 먹더라도 제대로 셋팅해서 먹는거 좋아하는데
워킹맘이라 넘 바빠서 진짜 제대로 해먹은날이 언젠지도 모르겠네요 ㅠㅠ 


오므라이스 진짜 좋아해서 시켜봤는데 이거 진짜 맛있네요! 패키징도 뭔가 고급져서 진짜 음식점에서 한끼 대접받는 느낌이었어요. 

계란도 포실포실하고 소스 진짜 대박 !!! 
담엔 함박도 먹어봐야겠어요 😍😍

강추입니다!!  🤩🤩"
도시락·밥류,"오므라이스 3종 (시그니처, 소시지, 함박스테이크) (택1)",오므토토마토,https://www.kurly.com/goods/1001521296,6990,352,2025.09.23,함박스테이크 소스맛. 조리가 간편하고 밥 양이 많아요.
도시락·밥류,"오므라이스 3종 (시그니처, 소시지, 함박스테이크) (택1)",오므토토마토,https://www.kurly.com/goods/1001521296,6990,352,2025.09.23,"양도 적당하고 맛있어요
세일 자주 했으면 좋을 텐데"
도시락·밥류,"오므라이스 3종 (시그니처, 소시지, 함박스테이크) (택1)",오므토토마토,https://www.kurly.com/goods/1001521296,6990,352,2025.09.23,매번 구매하는 상품이에요
도시락·밥류,"오므라이스 3종 (시그니처, 소시지, 함박스테이크) (택1)",오므토토마토,https://www.kurly.com/goods/1001521296,6990,352,2025.09.23,오므토 토마토  오므토 토마토 오므라이스
도시락·밥류,"오므라이스 3종 (시그니처, 소시지, 함박스테이크) (택1)",오므토토마토,https://www.kurly.com/goods/1001521296,6990,352,2025.09.22,"마감세일에 너무 잘 건진 ㅠㅠ!!!
임신하고 추억의 오므라이스 전문점 오므라이스가 넘 먹고 싶었는데 이 지역에 아무것도 남은게 없어서 참 아쉬웠던 찰나에 .. 추억의오므토마토 ㅠ ... 간편식 내줘서 감사합니다!!!!!!"
도시락·밥류,"오므라이스 3종 (시그니처, 소시지, 함박스테이크) (택1)",오므토토마토,https://www.kurly.com/goods/1001521296,6990,352,2025.09.22,맛있어서 재구매했어요!
도시락·밥류,"오므라이스 3종 (시그니처, 소시지, 함박스테이크) (택1)",오므토토마토,https://www.kurly.com/goods/1001521296,6990,352,2025.09.22,소시지도 너무 맛있어요!전 완전 재구매의사 100퍼입니다
도시락·밥류,"오므라이스 3종 (시그니처, 소시지, 함박스테이크) (택1)",오므토토마토,https://www.kurly.com/goods/1001521296,6990,352,2025.09.22,밥알이 살짝 인스턴트 맛이 나긴하는데 맛있어요‘!! 전 재구매의사 100퍼입니다
도시락·밥류,"오므라이스 3종 (시그니처, 소시지, 함박스테이크) (택1)",오므토토마토,https://www.kurly.com/goods/1001521296,6990,352,2025.09.22,"개인적으로 소시지보다 함박스테이크가 더 맛있네요
한끼 정말 든든하고 맛있게 먹을 수 있어요"
도시락·밥류,"오므라이스 3종 (시그니처, 소시지, 함박스테이크) (택1)",오므토토마토,https://www.kurly.com/goods/1001521296,6990,352,2025.09.22,"오므토토마토!! 오랜만에 봐서 시켜봤는데
간편식 계의 최고봉으로 등극시켜드립니다...
해먹는거만큼 맛있는듯"
도시락·밥류,"오므라이스 3종 (시그니처, 소시지, 함박스테이크) (택1)",오므토토마토,https://www.kurly.com/goods/1001521296,6990,352,2025.09.22,후기가 좋아 구매합니다
도시락·밥류,"오므라이스 3종 (시그니처, 소시지, 함박스테이크) (택1)",오므토토마토,https://www.kurly.com/goods/1001521296,6990,352,2025.09.22,"평범
한번 먹어봤으니 됐다라는 느낌"
도시락·밥류,"오므라이스 3종 (시그니처, 소시지, 함박스테이크) (택1)",오므토토마토,https://www.kurly.com/goods/1001521296,6990,352,2025.09.22,"레토르트 향이 나고 맛, 가성비 모두 부족
밥에 간이 안되어있고 고슬고슬한 편
재구매의사 ❌️"
도시락·밥류,"오므라이스 3종 (시그니처, 소시지, 함박스테이크) (택1)",오므토토마토,https://www.kurly.com/goods/1001521296,6990,352,2025.09.22,맛나여 아이들도 잘먹고요 소스가 굿
도시락·밥류,"오므라이스 3종 (시그니처, 소시지, 함박스테이크) (택1)",오므토토마토,https://www.kurly.com/goods/1001521296,6990,352,2025.09.22,1000w로 4분 돌렸는데 설익은 밥 느낌이고 소시지는 싸구려 느낌
도시락·밥류,"오므라이스 3종 (시그니처, 소시지, 함박스테이크) (택1)",오므토토마토,https://www.kurly.com/goods/1001521296,6990,352,2025.09.22,오므라이스 가격 대비 좋네요
도시락·밥류,"오므라이스 3종 (시그니처, 소시지, 함박스테이크) (택1)",오므토토마토,https://www.kurly.com/goods/1001521296,6990,352,2025.09.22,"30프로 세일해서 겟!
간편하게 한 끼 해결했어요."
도시락·밥류,"오므라이스 3종 (시그니처, 소시지, 함박스테이크) (택1)",오므토토마토,https://www.kurly.com/goods/1001521296,6990,352,2025.09.21,감사합니다 잘먹겠습니다
도시락·밥류,"오므라이스 3종 (시그니처, 소시지, 함박스테이크) (택1)",오므토토마토,https://www.kurly.com/goods/1001521296,6990,352,2025.09.21,"오므라이스 완제품 궁금해서 사봤는데 맛있어요,,,
간편조리 가능하고
소스의 맛도 맛있고 한끼 간편식사로 아주 좋았슴니다

물론 계란이 얇긴했지만.. 그래도 맛잇엇어요"
도시락·밥류,"오므라이스 3종 (시그니처, 소시지, 함박스테이크) (택1)",오므토토마토,https://www.kurly.com/goods/1001521296,6990,352,2025.09.21,간편하게 한끼하기 좋아요
도시락·밥류,"오므라이스 3종 (시그니처, 소시지, 함박스테이크) (택1)",오므토토마토,https://www.kurly.com/goods/1001521296,6990,352,2025.09.21,이거 소스도 맛있고 괜찮네요 계속 재구매하고있어요
도시락·밥류,"오므라이스 3종 (시그니처, 소시지, 함박스테이크) (택1)",오므토토마토,https://www.kurly.com/goods/1001521296,6990,352,2025.09.21,"단맛 적고 짠맛이 강해서 제 입에는 안맞네요
괜히샀음"
도시락·밥류,"오므라이스 3종 (시그니처, 소시지, 함박스테이크) (택1)",오므토토마토,https://www.kurly.com/goods/1001521296,6990,352,2025.09.21,맛이 궁금해서 주문했어요
도시락·밥류,"오므라이스 3종 (시그니처, 소시지, 함박스테이크) (택1)",오므토토마토,https://www.kurly.com/goods/1001521296,6990,352,2025.09.21,달달하고 맛있어요 싹다먹었네요
도시락·밥류,"오므라이스 3종 (시그니처, 소시지, 함박스테이크) (택1)",오므토토마토,https://www.kurly.com/goods/1001521296,6990,352,2025.09.21,간이 좀 쎈 편이에요 무난해요
도시락·밥류,"오므라이스 3종 (시그니처, 소시지, 함박스테이크) (택1)",오므토토마토,https://www.kurly.com/goods/1001521296,6990,352,2025.09.21,소세지는 별로입니다
도시락·밥류,"오므라이스 3종 (시그니처, 소시지, 함박스테이크) (택1)",오므토토마토,https://www.kurly.com/goods/1001521296,6990,352,2025.09.21,"두개 조리했는데
밥 양이 좀 다르더라구요 ㅋㅋㅋㅋ

소스는 달거나 짜지 않고
새콤하니 맛있어요!
계란도 촉촉 좋아요
아이들 잘 먹네요"
도시락·밥류,"오므라이스 3종 (시그니처, 소시지, 함박스테이크) (택1)",오므토토마토,https://www.kurly.com/goods/1001521296,6990,352,2025.09.21,소시지 맛이.아쉽지만  밥은 맛있어요
도시락·밥류,"오므라이스 3종 (시그니처, 소시지, 함박스테이크) (택1)",오므토토마토,https://www.kurly.com/goods/1001521296,6990,352,2025.09.21,칼로리는 폭탄이지만 맛있어요
도시락·밥류,"오므라이스 3종 (시그니처, 소시지, 함박스테이크) (택1)",오므토토마토,https://www.kurly.com/goods/1001521296,6990,352,2025.09.21,소스가 정말 맛있네요
도시락·밥류,"오므라이스 3종 (시그니처, 소시지, 함박스테이크) (택1)",오므토토마토,https://www.kurly.com/goods/1001521296,6990,352,2025.09.21,소세지 올라간 오므라이스 너무 맘에 드는데 품절됐네요ㅜㅜㅜ
도시락·밥류,"오므라이스 3종 (시그니처, 소시지, 함박스테이크) (택1)",오므토토마토,https://www.kurly.com/goods/1001521296,6990,352,2025.09.21,생각보다 소시지가 별로 그치만 오므라이스는 진짜 맛있었어요~
도시락·밥류,"오므라이스 3종 (시그니처, 소시지, 함박스테이크) (택1)",오므토토마토,https://www.kurly.com/goods/1001521296,6990,352,2025.09.21,함박스테이크가 들어있어서 배불러요~
도시락·밥류,"오므라이스 3종 (시그니처, 소시지, 함박스테이크) (택1)",오므토토마토,https://www.kurly.com/goods/1001521296,6990,352,2025.09.21,맛있게 잘 먹었어요~
도시락·밥류,"오므라이스 3종 (시그니처, 소시지, 함박스테이크) (택1)",오므토토마토,https://www.kurly.com/goods/1001521296,6990,352,2025.09.21,"아이스팩이 상품들 제일 윗쪽에 하나만 있었어서 제일 아래에 있던 오므라이스 두개가 좀 미지근해서 한 개는 내일 먹으려던거 아침으로 일부러 다 먹어치웠어요 
전자레인지 돌릴때 물좀 뿌려 데우면 더 촉촉하고 맛나요 소세지버전도 괜찮았어요"
도시락·밥류,"오므라이스 3종 (시그니처, 소시지, 함박스테이크) (택1)",오므토토마토,https://www.kurly.com/goods/1001521296,6990,352,2025.09.21,함박 맛이 꽤 괜찮은 함박이에요 잘먹었습니다
도시락·밥류,"오므라이스 3종 (시그니처, 소시지, 함박스테이크) (택1)",오므토토마토,https://www.kurly.com/goods/1001521296,6990,352,2025.09.21,잘받았습니다  잘먹을께요
도시락·밥류,"오므라이스 3종 (시그니처, 소시지, 함박스테이크) (택1)",오므토토마토,https://www.kurly.com/goods/1001521296,6990,352,2025.09.21,담에 또 구매해ㅣ요 잘받았어요
도시락·밥류,"오므라이스 3종 (시그니처, 소시지, 함박스테이크) (택1)",오므토토마토,https://www.kurly.com/goods/1001521296,6990,352,2025.09.21,"비상시 먹으려고 냉동실에 넣었어요
후기처름 맛있으면 좋겠어요"
도시락·밥류,"오므라이스 3종 (시그니처, 소시지, 함박스테이크) (택1)",오므토토마토,https://www.kurly.com/goods/1001521296,6990,352,2025.09.20,와우~ 넘. 맛있어요~ 밖에서 맛있는 오므라이스 사먹는맛~ 간편하고 맛있어요 굿굿
도시락·밥류,"오므라이스 3종 (시그니처, 소시지, 함박스테이크) (택1)",오므토토마토,https://www.kurly.com/goods/1001521296,6990,352,2025.09.20,"오므라이스 맛있어요
소시지보다는 함박스테이크가 나은거같아요"
도시락·밥류,"오므라이스 3종 (시그니처, 소시지, 함박스테이크) (택1)",오므토토마토,https://www.kurly.com/goods/1001521296,6990,352,2025.09.20,오므라이스가 괜찮아요
도시락·밥류,"오므라이스 3종 (시그니처, 소시지, 함박스테이크) (택1)",오므토토마토,https://www.kurly.com/goods/1001521296,6990,352,2025.09.20,오므라이스 괜찮아요
도시락·밥류,"오므라이스 3종 (시그니처, 소시지, 함박스테이크) (택1)",오므토토마토,https://www.kurly.com/goods/1001521296,6990,352,2025.09.20,"성의 있게 만든듯한 모양
소스나 계란 다 좋네 했어요
다만 안의 볶음밥이 조금 내용물이나 밥도 좀
집에서 해먹던걸 생각함 안되겠죠
급하게 먹긴 좋습니다"
도시락·밥류,"오므라이스 3종 (시그니처, 소시지, 함박스테이크) (택1)",오므토토마토,https://www.kurly.com/goods/1001521296,6990,352,2025.09.20,한숫가락 먹을 때가 젤 감동
도시락·밥류,"오므라이스 3종 (시그니처, 소시지, 함박스테이크) (택1)",오므토토마토,https://www.kurly.com/goods/1001521296,6990,352,2025.09.20,한끼 잘 먹엇음니다
도시락·밥류,"오므라이스 3종 (시그니처, 소시지, 함박스테이크) (택1)",오므토토마토,https://www.kurly.com/goods/1001521296,6990,352,2025.09.20,"지난번에 시그니처 구매해서 맛있게 먹었는데
이번에 함박스테이크 샀는데
느끼하고 시그니처보다 못하네요"
도시락·밥류,"오므라이스 3종 (시그니처, 소시지, 함박스테이크) (택1)",오므토토마토,https://www.kurly.com/goods/1001521296,6990,352,2025.09.20,"오 요고 생각보다 엄청 괜찮고 맛나요!!
오므라이스 좋아해서
이 가격에 이 퀄리티 좋네요 ^_^
또 구입할고 같아요!"
도시락·밥류,"오므라이스 3종 (시그니처, 소시지, 함박스테이크) (택1)",오므토토마토,https://www.kurly.com/goods/1001521296,6990,352,2025.09.20,추억의 음식이라 시켜봤습니다
도시락·밥류,백미밥 210g X 6입,햇반,https://www.kurly.com/goods/5003490,7480,39015,2023.12.14,"햇반. 매일 먹는 제품입니다
간편해서. 매일 먹어요
맛도 좋구요"
도시락·밥류,백미밥 210g X 6입,햇반,https://www.kurly.com/goods/5003490,7480,39015,2023.12.12,"역시 자취생은 햇반!!! 
급할땐 햇반 휘리릭 돌려먹음 시간절약되서 
넘 조아여^^"
도시락·밥류,백미밥 210g X 6입,햇반,https://www.kurly.com/goods/5003490,7480,39015,2023.12.09,바쁜 주부에게 햅반은 고마운 식량이지요. 따끈따끈한 밥맛 좋은 햅반.
도시락·밥류,백미밥 210g X 6입,햇반,https://www.kurly.com/goods/5003490,7480,39015,2025.09.23,"밥이 없을때 간편하게 먹을 수 있고 맛도 아주 좋아서 만족스럽습니다.
다만 냉장제품이랑 같이 포장좀 안했으면 좋겠어요."
도시락·밥류,백미밥 210g X 6입,햇반,https://www.kurly.com/goods/5003490,7480,39015,2025.09.22,밥하기 귀찮을 때 햇반만한게 없어요..
도시락·밥류,백미밥 210g X 6입,햇반,https://www.kurly.com/goods/5003490,7480,39015,2025.09.22,갑자기 필요한 생필품
도시락·밥류,백미밥 210g X 6입,햇반,https://www.kurly.com/goods/5003490,7480,39015,2025.09.22,굳이 백미밥 보내달라는 울아들
도시락·밥류,백미밥 210g X 6입,햇반,https://www.kurly.com/goods/5003490,7480,39015,2025.09.21,햇반은 필수템 밥하기 귀찮을때. .
도시락·밥류,백미밥 210g X 6입,햇반,https://www.kurly.com/goods/5003490,7480,39015,2025.09.21,"김밥만들때
시간 모자랄때
아주 간편하고 맛있어요~"
도시락·밥류,백미밥 210g X 6입,햇반,https://www.kurly.com/goods/5003490,7480,39015,2025.09.21,배송 빠르고 좋아서 또 이용했는데 만족입니다
도시락·밥류,백미밥 210g X 6입,햇반,https://www.kurly.com/goods/5003490,7480,39015,2025.09.21,"밥솥 밥과 거의 차이가 
없을 정도로 고슬고슬 하고 맛있어요"
도시락·밥류,백미밥 210g X 6입,햇반,https://www.kurly.com/goods/5003490,7480,39015,2025.09.20,햇반이 밥맛은 좋아요
도시락·밥류,백미밥 210g X 6입,햇반,https://www.kurly.com/goods/5003490,7480,39015,2025.09.20,비상용으로 늘 구매합니다
도시락·밥류,백미밥 210g X 6입,햇반,https://www.kurly.com/goods/5003490,7480,39015,2025.09.20,자취하는대 밥이 필수라 샀어요 햇반 최고
도시락·밥류,백미밥 210g X 6입,햇반,https://www.kurly.com/goods/5003490,7480,39015,2025.09.20,세일해서 저렴하게 샀네요~~ 밥은 햇반만 먹어용
도시락·밥류,백미밥 210g X 6입,햇반,https://www.kurly.com/goods/5003490,7480,39015,2025.09.20,급할때 비상으로 햇반
도시락·밥류,백미밥 210g X 6입,햇반,https://www.kurly.com/goods/5003490,7480,39015,2025.09.20,매번 구매하는 제품이예요.
도시락·밥류,백미밥 210g X 6입,햇반,https://www.kurly.com/goods/5003490,7480,39015,2025.09.20,요즘  햇반은  집밥보다  더 앗나요
도시락·밥류,백미밥 210g X 6입,햇반,https://www.kurly.com/goods/5003490,7480,39015,2025.09.20,자취생 필수템 햇반
도시락·밥류,백미밥 210g X 6입,햇반,https://www.kurly.com/goods/5003490,7480,39015,2025.09.20,필수러 쟁여놓는 햇반!
도시락·밥류,백미밥 210g X 6입,햇반,https://www.kurly.com/goods/5003490,7480,39015,2025.09.20,종종 구매하는 햇반~~ 넘넘 맛나고 좋아요 굿
도시락·밥류,백미밥 210g X 6입,햇반,https://www.kurly.com/goods/5003490,7480,39015,2025.09.19,여행용으로 구매 했어요
도시락·밥류,백미밥 210g X 6입,햇반,https://www.kurly.com/goods/5003490,7480,39015,2025.09.19,"요리는열심히해먹어도
밥은 참 하기싫어요잉~?ㅎ"
도시락·밥류,백미밥 210g X 6입,햇반,https://www.kurly.com/goods/5003490,7480,39015,2025.09.19,간편하게 먹기 좋아요
도시락·밥류,백미밥 210g X 6입,햇반,https://www.kurly.com/goods/5003490,7480,39015,2025.09.19,잡곡을 싫어하는 아들땜에 구매
도시락·밥류,백미밥 210g X 6입,햇반,https://www.kurly.com/goods/5003490,7480,39015,2025.09.19,쿠폰으로 저렴하게 구매해요 쟁여놓아야 안심
도시락·밥류,백미밥 210g X 6입,햇반,https://www.kurly.com/goods/5003490,7480,39015,2025.09.19,좋아요 늘 주문하는 것
도시락·밥류,백미밥 210g X 6입,햇반,https://www.kurly.com/goods/5003490,7480,39015,2025.09.19,쟁여놓고 먹기 좋아요 햇반이 제일 꿀맛이에요!
도시락·밥류,백미밥 210g X 6입,햇반,https://www.kurly.com/goods/5003490,7480,39015,2025.09.18,비상용으로 사는데 세일하면 사요
도시락·밥류,백미밥 210g X 6입,햇반,https://www.kurly.com/goods/5003490,7480,39015,2025.09.18,볶음밥. 급할 때 햇반 유용해요 . 맛있어요
도시락·밥류,백미밥 210g X 6입,햇반,https://www.kurly.com/goods/5003490,7480,39015,2025.09.18,비상용으로 구비해두는 햇반
도시락·밥류,백미밥 210g X 6입,햇반,https://www.kurly.com/goods/5003490,7480,39015,2025.09.18,좋은 제품 감사합니다 ~~!
도시락·밥류,백미밥 210g X 6입,햇반,https://www.kurly.com/goods/5003490,7480,39015,2025.09.18,재워두는 쟁여템이에요
도시락·밥류,백미밥 210g X 6입,햇반,https://www.kurly.com/goods/5003490,7480,39015,2025.09.17,비상식품으로 딱 입니다.
도시락·밥류,백미밥 210g X 6입,햇반,https://www.kurly.com/goods/5003490,7480,39015,2025.09.17,햇반 없으면 못살아~~~정말못살아
도시락·밥류,백미밥 210g X 6입,햇반,https://www.kurly.com/goods/5003490,7480,39015,2025.09.17,흰밥 좋아하는 아이들 위해서~~~
도시락·밥류,백미밥 210g X 6입,햇반,https://www.kurly.com/goods/5003490,7480,39015,2025.09.17,밥 없을 때 간편하게 좋아요.
도시락·밥류,백미밥 210g X 6입,햇반,https://www.kurly.com/goods/5003490,7480,39015,2025.09.17,"햇반

종종
구입해요ㅡ"
도시락·밥류,백미밥 210g X 6입,햇반,https://www.kurly.com/goods/5003490,7480,39015,2025.09.16,"비상식량 떨어지면 불안하죠~
다 먹어서 재즌문했어요. 
밥맛도 좋고 양도 좋아요."
도시락·밥류,백미밥 210g X 6입,햇반,https://www.kurly.com/goods/5003490,7480,39015,2025.09.16,"즉석밥은 햇반만 먹게 되네요
비상용으로 쟁여두어요"
도시락·밥류,백미밥 210g X 6입,햇반,https://www.kurly.com/goods/5003490,7480,39015,2025.09.15,햇반 흰쌀밥 맛있어요
도시락·밥류,백미밥 210g X 6입,햇반,https://www.kurly.com/goods/5003490,7480,39015,2025.09.15,비상으로 재주문합니다
도시락·밥류,백미밥 210g X 6입,햇반,https://www.kurly.com/goods/5003490,7480,39015,2025.09.15,비상용 으로 집집마다 꼭 있죠
도시락·밥류,백미밥 210g X 6입,햇반,https://www.kurly.com/goods/5003490,7480,39015,2025.09.15,간편해서 비상용으로 쟁여놓습니다.
도시락·밥류,백미밥 210g X 6입,햇반,https://www.kurly.com/goods/5003490,7480,39015,2025.09.14,세일해서 저렴하게 샀어요~~ 자주 구매합니다!
도시락·밥류,백미밥 210g X 6입,햇반,https://www.kurly.com/goods/5003490,7480,39015,2025.09.14,비상용으로 구매합니다~~~
도시락·밥류,백미밥 210g X 6입,햇반,https://www.kurly.com/goods/5003490,7480,39015,2025.09.14,요거 하나면 김밥 두줄 분량이에요. 햇반은 늘 쟁여둬요.
도시락·밥류,백미밥 210g X 6입,햇반,https://www.kurly.com/goods/5003490,7480,39015,2025.09.14,맞벌이 부부이다보니 가끔 밥이 모자를때가 있어서 비상용으로 구매했어요 세일도 하길래 이때다 싶었죠 ㅎㅎ
도시락·밥류,백미밥 210g X 6입,햇반,https://www.kurly.com/goods/5003490,7480,39015,2025.09.14,햇반 쿠폰 덕분에 싸게 잘 샀습미덩 좋네요
도시락·밥류,백미밥 210g X 6입,햇반,https://www.kurly.com/goods/5003490,7480,39015,2025.09.14,컬리는 항상 믿고 주문해요 너무 편해요ㅎ
도시락·밥류,간편 고기 도시락 3종 (택1),온더고,https://www.kurly.com/goods/1000875366,6480,4632,2025.09.23,배송빠른편잘왔어요 좋아용 편하게
도시락·밥류,간편 고기 도시락 3종 (택1),온더고,https://www.kurly.com/goods/1000875366,6480,4632,2025.09.23,매번 구매하는 상품이에요
도시락·밥류,간편 고기 도시락 3종 (택1),온더고,https://www.kurly.com/goods/1000875366,6480,4632,2025.09.23,"소식좌라 도시락 큰거 못 먹는데
이건 딱 맞아요"
도시락·밥류,간편 고기 도시락 3종 (택1),온더고,https://www.kurly.com/goods/1000875366,6480,4632,2025.09.22,"매운맛이 있는데 표시가 전혀 안되어 있네요
고기가 적고
밥이 많고 
간은 맞고
밥이 좀 별로"
도시락·밥류,간편 고기 도시락 3종 (택1),온더고,https://www.kurly.com/goods/1000875366,6480,4632,2025.09.22,매주 시키고 있습니다 굿굿 맛있어요ㅋㅋ
도시락·밥류,간편 고기 도시락 3종 (택1),온더고,https://www.kurly.com/goods/1000875366,6480,4632,2025.09.22,간편하게 먹을 수 있어요
도시락·밥류,간편 고기 도시락 3종 (택1),온더고,https://www.kurly.com/goods/1000875366,6480,4632,2025.09.22,간편하게 먹기 짱 좋아요
도시락·밥류,간편 고기 도시락 3종 (택1),온더고,https://www.kurly.com/goods/1000875366,6480,4632,2025.09.22,김치제육이 최고 맛있음!!
도시락·밥류,간편 고기 도시락 3종 (택1),온더고,https://www.kurly.com/goods/1000875366,6480,4632,2025.09.21,간단히 먹기좋아요 맛나요
도시락·밥류,간편 고기 도시락 3종 (택1),온더고,https://www.kurly.com/goods/1000875366,6480,4632,2025.09.21,오징어가 큼직하고 많이 들어있네요
도시락·밥류,간편 고기 도시락 3종 (택1),온더고,https://www.kurly.com/goods/1000875366,6480,4632,2025.09.21,약간 매콤하네요 브로콜리와 당면같은거 들어있구요 전자렌지에 돌리고나서 좀있다가 먹어도 맛있네요 계속 재구매하고있네요
도시락·밥류,간편 고기 도시락 3종 (택1),온더고,https://www.kurly.com/goods/1000875366,6480,4632,2025.09.21,간편식으로 최고예요 자주 사요
도시락·밥류,간편 고기 도시락 3종 (택1),온더고,https://www.kurly.com/goods/1000875366,6480,4632,2025.09.21,"후기가 좋아서 처음 사봤어요.
먹고 후기 추가 할게요!"
도시락·밥류,간편 고기 도시락 3종 (택1),온더고,https://www.kurly.com/goods/1000875366,6480,4632,2025.09.21,간편하고 맛있게 굿굿
도시락·밥류,간편 고기 도시락 3종 (택1),온더고,https://www.kurly.com/goods/1000875366,6480,4632,2025.09.21,"양이 젤 많아요
맛이 그렇게 짜지도 않고 괜찮은듯"
도시락·밥류,간편 고기 도시락 3종 (택1),온더고,https://www.kurly.com/goods/1000875366,6480,4632,2025.09.21,"맛있어요
회사점심도시락으로 온더고자주먹어요"
도시락·밥류,간편 고기 도시락 3종 (택1),온더고,https://www.kurly.com/goods/1000875366,6480,4632,2025.09.21,"맛있어요
양이 부족할 수도 있는데 전 딱 좋아요"
도시락·밥류,간편 고기 도시락 3종 (택1),온더고,https://www.kurly.com/goods/1000875366,6480,4632,2025.09.21,"밥양은 너무 적지만
비상식량으로 준비해뒀어요
온더고 다 맛있어요"
도시락·밥류,간편 고기 도시락 3종 (택1),온더고,https://www.kurly.com/goods/1000875366,6480,4632,2025.09.21,남편이 밤에 혼자 잘 까먹어요 역시 편의점 도시락보다 퀄리티 좋아요 요즘 편도도 가격 올라서 컬리 도시락이 좋네요
도시락·밥류,간편 고기 도시락 3종 (택1),온더고,https://www.kurly.com/goods/1000875366,6480,4632,2025.09.20,오징어 제육 맛있어요 간편하게 한끼 해결
도시락·밥류,간편 고기 도시락 3종 (택1),온더고,https://www.kurly.com/goods/1000875366,6480,4632,2025.09.20,맛있어요 김치제육에 밥한그릇 뚝딱
도시락·밥류,간편 고기 도시락 3종 (택1),온더고,https://www.kurly.com/goods/1000875366,6480,4632,2025.09.20,"소스가 짜고 고추때문인지 매워요.
고기양이 다른 도시락에 비해 적은 건 괜찮은데, 당면이 조금 많은 편이라 당면 대신 야채를 더 넣으면 더 좋을 것 같아요.
다른 온더고 도시락과 다르게 밥도 조금 푸석하고 뭉치고 딱딱한 부분이 있었어요."
도시락·밥류,간편 고기 도시락 3종 (택1),온더고,https://www.kurly.com/goods/1000875366,6480,4632,2025.09.20,재구매 합니다 맛있어요
도시락·밥류,간편 고기 도시락 3종 (택1),온더고,https://www.kurly.com/goods/1000875366,6480,4632,2025.09.20,후기보고 믿고 구매해봅니다
도시락·밥류,간편 고기 도시락 3종 (택1),온더고,https://www.kurly.com/goods/1000875366,6480,4632,2025.09.20,"한끼 때우기위해 샀어요.
밥챙겨먹기도 쉽지않네요.ㅎ"
도시락·밥류,간편 고기 도시락 3종 (택1),온더고,https://www.kurly.com/goods/1000875366,6480,4632,2025.09.20,맛있어요~ 한끼식사로 굳!
도시락·밥류,간편 고기 도시락 3종 (택1),온더고,https://www.kurly.com/goods/1000875366,6480,4632,2025.09.19,맛은 있는데 고기는 별로 없어요 ㅋㅋㅋ
도시락·밥류,간편 고기 도시락 3종 (택1),온더고,https://www.kurly.com/goods/1000875366,6480,4632,2025.09.19,"김치맛이 많이 나는 편이예요.
매운 편이 아니라서 먹기 좋았어요."
도시락·밥류,간편 고기 도시락 3종 (택1),온더고,https://www.kurly.com/goods/1000875366,6480,4632,2025.09.19,우삼겹 덮밥 도시락 편해요
도시락·밥류,간편 고기 도시락 3종 (택1),온더고,https://www.kurly.com/goods/1000875366,6480,4632,2025.09.19,우리집애들이 가장 좋아하는 메뉴!
도시락·밥류,간편 고기 도시락 3종 (택1),온더고,https://www.kurly.com/goods/1000875366,6480,4632,2025.09.19,소스가 생각보다는 그냥그러네요
도시락·밥류,간편 고기 도시락 3종 (택1),온더고,https://www.kurly.com/goods/1000875366,6480,4632,2025.09.18,재료  실하고 맛도 있네요~
도시락·밥류,간편 고기 도시락 3종 (택1),온더고,https://www.kurly.com/goods/1000875366,6480,4632,2025.09.18,맛있게 잘먹었습니다!
도시락·밥류,간편 고기 도시락 3종 (택1),온더고,https://www.kurly.com/goods/1000875366,6480,4632,2025.09.18,맛있게 잘먹었습니다!!
도시락·밥류,간편 고기 도시락 3종 (택1),온더고,https://www.kurly.com/goods/1000875366,6480,4632,2025.09.18,간편하게 렌지에 데워서 한끼 해결할수 있어서 좋네요
도시락·밥류,간편 고기 도시락 3종 (택1),온더고,https://www.kurly.com/goods/1000875366,6480,4632,2025.09.18,차돌깍두기는 진짜 맛있어요 간도 적당하고 치즈도 많아요 다만 닭갈비도 맛은 있는데 고기양이 너무 적어요 고기 두세개?.... 재구매한다면 차돌깍두기만 쟁일 것 같아요!
도시락·밥류,간편 고기 도시락 3종 (택1),온더고,https://www.kurly.com/goods/1000875366,6480,4632,2025.09.18,부모님이 이시리즈 좋아하셔서 종종 시켜드려요^^
도시락·밥류,간편 고기 도시락 3종 (택1),온더고,https://www.kurly.com/goods/1000875366,6480,4632,2025.09.18,"재료가 실하게 들어있고 불맛이 은은하게 나면서 많이 맵지는 않아서 맛있게 먹었어요.
양념이 밥양에 비해 넉넉한 편이예요."
도시락·밥류,간편 고기 도시락 3종 (택1),온더고,https://www.kurly.com/goods/1000875366,6480,4632,2025.09.18,"차돌깍두기  어제  먹어보고
맛있어서  또  구매했어요 ~~^^"
도시락·밥류,간편 고기 도시락 3종 (택1),온더고,https://www.kurly.com/goods/1000875366,6480,4632,2025.09.18,"치즈 차돌깍두기  간편하니
맛도  좋아요 ~~"
도시락·밥류,간편 고기 도시락 3종 (택1),온더고,https://www.kurly.com/goods/1000875366,6480,4632,2025.09.18,먹기 간편해서 좋아요 굿
도시락·밥류,간편 고기 도시락 3종 (택1),온더고,https://www.kurly.com/goods/1000875366,6480,4632,2025.09.18,아주 좋아요 굿굿입니다
도시락·밥류,간편 고기 도시락 3종 (택1),온더고,https://www.kurly.com/goods/1000875366,6480,4632,2025.09.18,아주 좋습니다 만족합니다
도시락·밥류,간편 고기 도시락 3종 (택1),온더고,https://www.kurly.com/goods/1000875366,6480,4632,2025.09.18,맛있어서 다른 맛도 구매해요
도시락·밥류,간편 고기 도시락 3종 (택1),온더고,https://www.kurly.com/goods/1000875366,6480,4632,2025.09.18,매콤하고 맛있어서 자주 구매해요
도시락·밥류,간편 고기 도시락 3종 (택1),온더고,https://www.kurly.com/goods/1000875366,6480,4632,2025.09.17,맛있어요 개 존맛이에요 아세요??
도시락·밥류,간편 고기 도시락 3종 (택1),온더고,https://www.kurly.com/goods/1000875366,6480,4632,2025.09.17,아이 학원땜에 시간이 없어서 항상 간식은 간편식으로 먹는데 이게 젤 맛있다고해서 자주 구입합니다
도시락·밥류,간편 고기 도시락 3종 (택1),온더고,https://www.kurly.com/goods/1000875366,6480,4632,2025.09.17,배송빠른잘왔어요 좋아용 편하게
도시락·밥류,간편 고기 도시락 3종 (택1),온더고,https://www.kurly.com/goods/1000875366,6480,4632,2025.09.17,최애도시락입니다~~
도시락·밥류,간편 고기 도시락 3종 (택1),온더고,https://www.kurly.com/goods/1000875366,6480,4632,2025.09.17,제육덮밥 최애예요~~
도시락·밥류,발아현미밥 210g (8입),햇반,https://www.kurly.com/goods/5050162,11100,12849,2024.06.29,"☆ 발아현미밥 ☆
여행을 가려고 발아현미밥을 주문해야 했는데 컬리에서 할인도하고 상품평이 좋아 주문을 했습니다~ 집에서 비상용으로 둘 것까지 많이 주문해서 오늘 유부현미롤과 오이현미밥을 만들어 먹었네요~

혈당때문에 집에서도 잡곡밥이나 현미밥을 먹는데 햇반으로 발아현미밥을 주문해서 먹으니 편하고 좋네요~ 그리고 꼭꼭 씹어 억으니 고소하고 맛있어서 재주문하려고합니다~

만들어보겠습니다~ 
이게 손님접대용으로도 좋고 아이들 도시락으로도 인기짱이예요~ 한 번 만들어 드셔들 보세요~

재료: 발아현미밥2개, 유부롤8장, 양배추10장, 당근1/4, 오이2개, 참기름, 김, 양념장, 후레이크, 통깨,
굴소스, 치킨스톡을 준비합니다~

1. 당근은 살짝 볶아주고 오이는 길고 얇게 썰어 준비하고 양배추는 2분간 전자랜지에 돌려 준비합니다.
 2. 발아현미밥은 전자랜지에 2분돌려 약간 식혀 후레이크, 양념장, 참기름, 통깨, 굴소스, 치킨스톡, 잘게 다진 당근, 오이를 넣고 밥속을 만들어 준비합니다.
3. 유부롤에 양념물을 꽉 쫘서 준비합니다.
5. 양배추에 물끼를 제거하고 오이는 반으로 잘라 3등분해 오이 속을 파서 준비합니다.
4-1. 유부에 양배추를 깔고 밥을 깔아주고 당근과 오이를 넣고  말아 유부현미롤을 완성해 반을 잘라주면 완성~
4-2. 파 놓은 오이 안에 현미밥을 소복히 올려 한 입크기로 잘라주면 완성~
4-3. 양배추 위에 현미밥을 깔아주고 말아 주면 양배추롤밥 완성~

이렇게 현미밥으로  3가지 맛나는 유부현미롤밥, 오이현미밥과 양배추롤밥을 만들어 푸짐한 점심을 먹었습니다~"
도시락·밥류,발아현미밥 210g (8입),햇반,https://www.kurly.com/goods/5050162,11100,12849,2025.09.23,현미밥 이게 젤 나아요
도시락·밥류,발아현미밥 210g (8입),햇반,https://www.kurly.com/goods/5050162,11100,12849,2025.09.22,발아현미 구수하고 맛있어요
도시락·밥류,발아현미밥 210g (8입),햇반,https://www.kurly.com/goods/5050162,11100,12849,2025.09.22,햇반이 필요했는데 마침 세일이네요
도시락·밥류,발아현미밥 210g (8입),햇반,https://www.kurly.com/goods/5050162,11100,12849,2025.09.22,발아현미 햇반 자주구매해요
도시락·밥류,발아현미밥 210g (8입),햇반,https://www.kurly.com/goods/5050162,11100,12849,2025.09.22,백미밥보다 현미밥이 좋을거 같아서 먹고있어요
도시락·밥류,발아현미밥 210g (8입),햇반,https://www.kurly.com/goods/5050162,11100,12849,2025.09.21,세일할때 사서 더 만족합니다.
도시락·밥류,발아현미밥 210g (8입),햇반,https://www.kurly.com/goods/5050162,11100,12849,2025.09.21,필수 템라서 떨어지니않게
도시락·밥류,발아현미밥 210g (8입),햇반,https://www.kurly.com/goods/5050162,11100,12849,2025.09.21,현미햇반 좋아요 ! 세일해서 자주 구매해요
도시락·밥류,발아현미밥 210g (8입),햇반,https://www.kurly.com/goods/5050162,11100,12849,2025.09.21,현미밥인데 안 까끌거리고 맛있어요
도시락·밥류,발아현미밥 210g (8입),햇반,https://www.kurly.com/goods/5050162,11100,12849,2025.09.21,첨사먹어보는데~~맛잇엇음 좋겟네요
도시락·밥류,발아현미밥 210g (8입),햇반,https://www.kurly.com/goods/5050162,11100,12849,2025.09.21,햇반 현미로 먹으니까 간편해여
도시락·밥류,발아현미밥 210g (8입),햇반,https://www.kurly.com/goods/5050162,11100,12849,2025.09.20,맛있어서ㅡ재구매함.
도시락·밥류,발아현미밥 210g (8입),햇반,https://www.kurly.com/goods/5050162,11100,12849,2025.09.20,다이어트용으로 구입해봤어요
도시락·밥류,발아현미밥 210g (8입),햇반,https://www.kurly.com/goods/5050162,11100,12849,2025.09.20,세일해서 쟁이니 든든합니다
도시락·밥류,발아현미밥 210g (8입),햇반,https://www.kurly.com/goods/5050162,11100,12849,2025.09.20,현미밥 세일할 때 구매했어요!
도시락·밥류,발아현미밥 210g (8입),햇반,https://www.kurly.com/goods/5050162,11100,12849,2025.09.19,"급할땐 발아현미밥이 최고
딸아이도 이게 젤 좋다네요."
도시락·밥류,발아현미밥 210g (8입),햇반,https://www.kurly.com/goods/5050162,11100,12849,2025.09.19,햇반 현미밥도 나오고 다양하니 좋네요
도시락·밥류,발아현미밥 210g (8입),햇반,https://www.kurly.com/goods/5050162,11100,12849,2025.09.19,밥 안해놨을 때 비상시 먹으려고 주문했어요.
도시락·밥류,발아현미밥 210g (8입),햇반,https://www.kurly.com/goods/5050162,11100,12849,2025.09.19,할인할 때 구매해야 제맛
도시락·밥류,발아현미밥 210g (8입),햇반,https://www.kurly.com/goods/5050162,11100,12849,2025.09.19,세일해서 득템했어요
도시락·밥류,발아현미밥 210g (8입),햇반,https://www.kurly.com/goods/5050162,11100,12849,2025.09.19,발아 현미밥 부드러워요
도시락·밥류,발아현미밥 210g (8입),햇반,https://www.kurly.com/goods/5050162,11100,12849,2025.09.18,저렴하게 잘 구매했어요!
도시락·밥류,발아현미밥 210g (8입),햇반,https://www.kurly.com/goods/5050162,11100,12849,2025.09.18,발아현미밥 참 좋아요
도시락·밥류,발아현미밥 210g (8입),햇반,https://www.kurly.com/goods/5050162,11100,12849,2025.09.18,엄청 싸게 팔길래 샀어요
도시락·밥류,발아현미밥 210g (8입),햇반,https://www.kurly.com/goods/5050162,11100,12849,2025.09.18,급할때 먹기 넘 좋아요
도시락·밥류,발아현미밥 210g (8입),햇반,https://www.kurly.com/goods/5050162,11100,12849,2025.09.18,"아들이 먹어요
자취를 하니
현미밥이  몸에 더 낫겠죠"
도시락·밥류,발아현미밥 210g (8입),햇반,https://www.kurly.com/goods/5050162,11100,12849,2025.09.17,밥하기도 귀찮아서 자주 먹게됩니다..
도시락·밥류,발아현미밥 210g (8입),햇반,https://www.kurly.com/goods/5050162,11100,12849,2025.09.17,햇반 항상 구비해둡니다
도시락·밥류,발아현미밥 210g (8입),햇반,https://www.kurly.com/goods/5050162,11100,12849,2025.09.16,맛있어요~자주 구매해요
도시락·밥류,발아현미밥 210g (8입),햇반,https://www.kurly.com/goods/5050162,11100,12849,2025.09.16,"아침에 배송되고 좋네요
싸게 잘 구입했어요"
도시락·밥류,발아현미밥 210g (8입),햇반,https://www.kurly.com/goods/5050162,11100,12849,2025.09.16,양심상 발아현미로쟁임
도시락·밥류,발아현미밥 210g (8입),햇반,https://www.kurly.com/goods/5050162,11100,12849,2025.09.16,배송 상태 잘 왔어요
도시락·밥류,발아현미밥 210g (8입),햇반,https://www.kurly.com/goods/5050162,11100,12849,2025.09.16,가격이 컬리가 좋네요  현미밥 굿!
도시락·밥류,발아현미밥 210g (8입),햇반,https://www.kurly.com/goods/5050162,11100,12849,2025.09.15,발아현미밥 아주 간편하고 좋아요
도시락·밥류,발아현미밥 210g (8입),햇반,https://www.kurly.com/goods/5050162,11100,12849,2025.09.15,현미밥 늘 구매하는 단골 품목
도시락·밥류,발아현미밥 210g (8입),햇반,https://www.kurly.com/goods/5050162,11100,12849,2025.09.14,다이어트 대비해서 구매했습니다
도시락·밥류,발아현미밥 210g (8입),햇반,https://www.kurly.com/goods/5050162,11100,12849,2025.09.14,"밥할 시간이 안될때 요긴해요
맛있어요"
도시락·밥류,발아현미밥 210g (8입),햇반,https://www.kurly.com/goods/5050162,11100,12849,2025.09.14,"발아현미 50%, 잘 씹어 먹어야 소화가 됨"
도시락·밥류,발아현미밥 210g (8입),햇반,https://www.kurly.com/goods/5050162,11100,12849,2025.09.14,그나마 건강하게ㅎ햇반ㅋ
도시락·밥류,발아현미밥 210g (8입),햇반,https://www.kurly.com/goods/5050162,11100,12849,2025.09.14,세일해서 저렴하게 샀어요
도시락·밥류,발아현미밥 210g (8입),햇반,https://www.kurly.com/goods/5050162,11100,12849,2025.09.13,밥이 현미인데도 부드럽고 괜찮아요.
도시락·밥류,발아현미밥 210g (8입),햇반,https://www.kurly.com/goods/5050162,11100,12849,2025.09.13,간편하고.좋아요!!
도시락·밥류,발아현미밥 210g (8입),햇반,https://www.kurly.com/goods/5050162,11100,12849,2025.09.13,"집에 밥이 없을때 빠르게 먹을 수 있어 좋습니다.
비상식량이죠 ㅎㅎ"
도시락·밥류,발아현미밥 210g (8입),햇반,https://www.kurly.com/goods/5050162,11100,12849,2025.09.12,항상 재주문하는 발아현미밥
도시락·밥류,발아현미밥 210g (8입),햇반,https://www.kurly.com/goods/5050162,11100,12849,2025.09.12,지난 라이브방송때 구매한 현미밥은 유통기한이 내년 5월까지로 구입당시보다 10개월정도 남았는데 이건 올해12월까지네요? 전자렌지 돌리기전에 너무 딱딱해서보니 지난번꺼랑 남은기한이 달랐어요. 이럴때 소비자는 기분이 별로입니다.
도시락·밥류,발아현미밥 210g (8입),햇반,https://www.kurly.com/goods/5050162,11100,12849,2025.09.12,간편하게 먹기 좋습니다
도시락·밥류,발아현미밥 210g (8입),햇반,https://www.kurly.com/goods/5050162,11100,12849,2025.09.11,가끔 구입해놓아요~~
도시락·밥류,발아현미밥 210g (8입),햇반,https://www.kurly.com/goods/5050162,11100,12849,2025.09.11,"현미밥 세일 중이라 좋네요 ㅎㅎㅎ
건강생각해서 현미로 먹으려고요"
도시락·밥류,발아현미밥 210g (8입),햇반,https://www.kurly.com/goods/5050162,11100,12849,2025.09.11,햇반중엔 젤 괜찮아요
도시락·밥류,간편 외식 덮밥 3종 (택1),온더고,https://www.kurly.com/goods/1001141105,5830,2140,2025.09.23,매번 구매하는 상품이에요
도시락·밥류,간편 외식 덮밥 3종 (택1),온더고,https://www.kurly.com/goods/1001141105,5830,2140,2025.09.22,"바쁜데 먹기 좋네요 

현대인의 필수 저장 식품"
도시락·밥류,간편 외식 덮밥 3종 (택1),온더고,https://www.kurly.com/goods/1001141105,5830,2140,2025.09.21,간단히 먹기좋아요 맛나요
도시락·밥류,간편 외식 덮밥 3종 (택1),온더고,https://www.kurly.com/goods/1001141105,5830,2140,2025.09.21,"양이 젤 많아요
맛이 그렇게 짜지도 않고 괜찮은듯"
도시락·밥류,간편 외식 덮밥 3종 (택1),온더고,https://www.kurly.com/goods/1001141105,5830,2140,2025.09.21,"맛있어요
닭고기시리즈는 다 맛있네요"
도시락·밥류,간편 외식 덮밥 3종 (택1),온더고,https://www.kurly.com/goods/1001141105,5830,2140,2025.09.21,재구매 제품이에요 ☺️😘
도시락·밥류,간편 외식 덮밥 3종 (택1),온더고,https://www.kurly.com/goods/1001141105,5830,2140,2025.09.21,재구매 제품이에요 🤩
도시락·밥류,간편 외식 덮밥 3종 (택1),온더고,https://www.kurly.com/goods/1001141105,5830,2140,2025.09.20,덮밥 맛있어요 잘먹었어요
도시락·밥류,간편 외식 덮밥 3종 (택1),온더고,https://www.kurly.com/goods/1001141105,5830,2140,2025.09.20,"한끼 때우기위해 샀어요.
밥챙겨먹기도 쉽지않네요.ㅎ"
도시락·밥류,간편 외식 덮밥 3종 (택1),온더고,https://www.kurly.com/goods/1001141105,5830,2140,2025.09.20,종류별로 골고루 쟁여둡니다
도시락·밥류,간편 외식 덮밥 3종 (택1),온더고,https://www.kurly.com/goods/1001141105,5830,2140,2025.09.19,간단하게 한끼 먹기 좋아요
도시락·밥류,간편 외식 덮밥 3종 (택1),온더고,https://www.kurly.com/goods/1001141105,5830,2140,2025.09.18,차돌깍두기는 진짜 맛있어요 간도 적당하고 치즈도 많아요 다만 닭갈비도 맛은 있는데 고기양이 너무 적어요 고기 두세개?.... 재구매한다면 차돌깍두기만 쟁일 것 같아요!
도시락·밥류,간편 외식 덮밥 3종 (택1),온더고,https://www.kurly.com/goods/1001141105,5830,2140,2025.09.18,"차돌깍두기  어제  먹어보고
맛있어서  또  구매했어요 ~~^^"
도시락·밥류,간편 외식 덮밥 3종 (택1),온더고,https://www.kurly.com/goods/1001141105,5830,2140,2025.09.18,"치즈 차돌깍두기  간편하니
맛도  좋아요 ~~"
도시락·밥류,간편 외식 덮밥 3종 (택1),온더고,https://www.kurly.com/goods/1001141105,5830,2140,2025.09.17,"간단하게 한끼 해결하니 좋네요.
다음에도 다른메뉴로  주문해 보려고요.^^"
도시락·밥류,간편 외식 덮밥 3종 (택1),온더고,https://www.kurly.com/goods/1001141105,5830,2140,2025.09.17,"맛있는데 치즈닭갈비맛 도시락같네요
작은 닭고기를 4개 봤고 치즈랑 고구마가 많아요ㅋㅋ"
도시락·밥류,간편 외식 덮밥 3종 (택1),온더고,https://www.kurly.com/goods/1001141105,5830,2140,2025.09.17,비상시에 먹으려고 냉동고 쟁여둡니다
도시락·밥류,간편 외식 덮밥 3종 (택1),온더고,https://www.kurly.com/goods/1001141105,5830,2140,2025.09.17,최애도시락입니다~~
도시락·밥류,간편 외식 덮밥 3종 (택1),온더고,https://www.kurly.com/goods/1001141105,5830,2140,2025.09.17,간단하게 한 끼 먹기 좋아요
도시락·밥류,간편 외식 덮밥 3종 (택1),온더고,https://www.kurly.com/goods/1001141105,5830,2140,2025.09.16,온더고가 냉동도시락중엔 든든한 편이라 잘먹었어요
도시락·밥류,간편 외식 덮밥 3종 (택1),온더고,https://www.kurly.com/goods/1001141105,5830,2140,2025.09.16,치즈도 듬뿍들어있어 맛있고 양도 딱좋아요
도시락·밥류,간편 외식 덮밥 3종 (택1),온더고,https://www.kurly.com/goods/1001141105,5830,2140,2025.09.16,치즈 싫어하는 일인이라 걱정 했는데 맛있어요 역시 온더고 입니다!!
도시락·밥류,간편 외식 덮밥 3종 (택1),온더고,https://www.kurly.com/goods/1001141105,5830,2140,2025.09.15,너무너무 간편하고 좋아요!
도시락·밥류,간편 외식 덮밥 3종 (택1),온더고,https://www.kurly.com/goods/1001141105,5830,2140,2025.09.15,간단해서 너무너무 좋아요!
도시락·밥류,간편 외식 덮밥 3종 (택1),온더고,https://www.kurly.com/goods/1001141105,5830,2140,2025.09.15,"아삭했고, 과일도 흠집 없이 잘 포장되어 도착해서 기분 좋게 바로 먹을 수 있었습니다."
도시락·밥류,간편 외식 덮밥 3종 (택1),온더고,https://www.kurly.com/goods/1001141105,5830,2140,2025.09.14,맛있는것만 재주문하고 있습니다~^^
도시락·밥류,간편 외식 덮밥 3종 (택1),온더고,https://www.kurly.com/goods/1001141105,5830,2140,2025.09.14,아들이 좋아하는 도시락입니당
도시락·밥류,간편 외식 덮밥 3종 (택1),온더고,https://www.kurly.com/goods/1001141105,5830,2140,2025.09.14,맛있어서 재구매했습니다
도시락·밥류,간편 외식 덮밥 3종 (택1),온더고,https://www.kurly.com/goods/1001141105,5830,2140,2025.09.14,"할인+쿠폰 좋아요 자주해줘요
규동 해물잡채가 더 멋있어요"
도시락·밥류,간편 외식 덮밥 3종 (택1),온더고,https://www.kurly.com/goods/1001141105,5830,2140,2025.09.14,"온더고는
굳
항상맛이슴급할때"
도시락·밥류,간편 외식 덮밥 3종 (택1),온더고,https://www.kurly.com/goods/1001141105,5830,2140,2025.09.13,간단하게 먹을만해요 ㅎㅎ
도시락·밥류,간편 외식 덮밥 3종 (택1),온더고,https://www.kurly.com/goods/1001141105,5830,2140,2025.09.13,"N차 구매했습니다.
더이상 🐎 이 필요없죠."
도시락·밥류,간편 외식 덮밥 3종 (택1),온더고,https://www.kurly.com/goods/1001141105,5830,2140,2025.09.13,"기숙사 야식으로  배달도 안되고 시중꺼는 맛없다고 해서
주문했는데  맛있었다고 하네요
담주꺼도 재주문확정입ㄴ다"
도시락·밥류,간편 외식 덮밥 3종 (택1),온더고,https://www.kurly.com/goods/1001141105,5830,2140,2025.09.13,"기숙사 생활하는데  야식으로 먹을게 없어서 주문해봤어요~
아주 맛있었다고  재주문해달라고하네요"
도시락·밥류,간편 외식 덮밥 3종 (택1),온더고,https://www.kurly.com/goods/1001141105,5830,2140,2025.09.13,매번 주문하는 온더고. 가격이 있어서 맛도 괜찮은듯
도시락·밥류,간편 외식 덮밥 3종 (택1),온더고,https://www.kurly.com/goods/1001141105,5830,2140,2025.09.12,비상 식량으로 쟁여놔요
도시락·밥류,간편 외식 덮밥 3종 (택1),온더고,https://www.kurly.com/goods/1001141105,5830,2140,2025.09.12,온더고 도시락은 늘 맛있습니다
도시락·밥류,간편 외식 덮밥 3종 (택1),온더고,https://www.kurly.com/goods/1001141105,5830,2140,2025.09.12,바베큐 치킨 덮밥 아들이 좋아해요
도시락·밥류,간편 외식 덮밥 3종 (택1),온더고,https://www.kurly.com/goods/1001141105,5830,2140,2025.09.12,"정말 맛있어용 ㅎㅎ 
아이가
가끔 먹어 자주 시켜요"
도시락·밥류,간편 외식 덮밥 3종 (택1),온더고,https://www.kurly.com/goods/1001141105,5830,2140,2025.09.12,아이가 제일 좋아하는 덮밥이에요
도시락·밥류,간편 외식 덮밥 3종 (택1),온더고,https://www.kurly.com/goods/1001141105,5830,2140,2025.09.11,매콤하고 맛있는 볶음밥이에요. 종종 먹곤 해요. 재구매 의사 있어요.
도시락·밥류,간편 외식 덮밥 3종 (택1),온더고,https://www.kurly.com/goods/1001141105,5830,2140,2025.09.11,후기가 좋아서 일단 쟁이려고 샀어요. 뭔가 차려먹기 귀찮을때 데워먹으려구요
도시락·밥류,간편 외식 덮밥 3종 (택1),온더고,https://www.kurly.com/goods/1001141105,5830,2140,2025.09.11,점심식사로 맛있게 먹었습니다 ㅎㅎ
도시락·밥류,간편 외식 덮밥 3종 (택1),온더고,https://www.kurly.com/goods/1001141105,5830,2140,2025.09.10,치즈 듬뿍이라 좋아요 ^^
도시락·밥류,간편 외식 덮밥 3종 (택1),온더고,https://www.kurly.com/goods/1001141105,5830,2140,2025.09.10,온더고 제품 중 신랑이 가장 좋아하는 맛
도시락·밥류,간편 외식 덮밥 3종 (택1),온더고,https://www.kurly.com/goods/1001141105,5830,2140,2025.09.10,딸아이 학원 다녀와서 야식으로 먹었어요. 맛있다네요.
도시락·밥류,간편 외식 덮밥 3종 (택1),온더고,https://www.kurly.com/goods/1001141105,5830,2140,2025.09.10,기대안했는데 너무맛있어요 회사점심으로 먹기 딱이여요 양이 좀작지만 다이어트해야하니 만족! 할인 많이해주세여
도시락·밥류,간편 외식 덮밥 3종 (택1),온더고,https://www.kurly.com/goods/1001141105,5830,2140,2025.09.10,반찬 아이디어가 떨어졌을땐 이거!!!!
도시락·밥류,간편 외식 덮밥 3종 (택1),온더고,https://www.kurly.com/goods/1001141105,5830,2140,2025.09.09,재구매 할만해요!! 너무맛있어요!
도시락·밥류,간편 외식 덮밥 3종 (택1),온더고,https://www.kurly.com/goods/1001141105,5830,2140,2025.09.09,치즈닭갈비 넘 맛나서 이거도 구매해요
도시락·밥류,롤 유부초밥,풀무원,https://www.kurly.com/goods/5069129,6980,67191,2025.05.13,"최근에 먹어본 초밥 중 단연 최고였던 프리미엄 롤유뷰초밥!
처음에는 유뷰에 롤이 들어갔다고 해서 맛이 상상이 안 갔는데, 한 입 먹는 순간 “와, 이건 진짜다” 소리가 절로 나왔어요.

가장 먼저 눈에 띄는 건 비주얼. 일반 유뷰초밥처럼 밋밋하지 않고, 속재료가 정말 푸짐하게 들어 있어서 보는 것만으로도 군침이 돌았어요. 유뷰는 얇고 달지 않게 간이 되어 있어서 밥과 속재료의 맛을 방해하지 않더라고요. 겉은 부드럽고 속은 꽉 찬 느낌이라 식감이 너무 좋았어요.

속에 들어있는 재료도 하나하나 퀄리티가 느껴졌어요. 신선한 연어, 아보카도, 오이, 단무지, 크래미, 날치알 등 고급스러운 롤 재료들이 아낌없이 들어가 있어서 씹을 때마다 다양한 맛이 퍼져요. 단맛, 짠맛, 고소한 맛이 조화롭게 어우러져서 물리지 않고 계속 손이 갔어요. 밥도 적당히 고슬고슬하고 간이 잘 돼 있어서 입에서 퍼지는 감칠맛이 일품이었어요.

무엇보다 마음에 들었던 건 양과 퀄리티에 비해 가격이 정말 합리적이었다는 것! 배부르게 먹었는데도 전혀 부담 없었고, 하나만 먹어도 간단한 식사로 손색이 없을 정도였어요. 간장, 와사비, 생강초절임까지 정성스럽게 포장되어 와서 집에서도 고급 초밥집 느낌이 났어요.

가족들이랑 나눠 먹었는데 다들 엄지척! 아이들도 좋아하고, 부모님도 “이건 진짜 맛있다”고 하셨어요. 손님 초대용이나 특별한 날 식사로도 너무 좋을 것 같아요.

프리미엄이라는 이름이 절대 아깝지 않은, 진짜 만족도 200% 초밥이에요. 다음에도 재구매 의사 100%입니다. 강력 추천해요!"
도시락·밥류,롤 유부초밥,풀무원,https://www.kurly.com/goods/5069129,6980,67191,2024.11.09,"* 풀무원 롤 유부초밥 *
풀무원 롤 유부초밥은 마켓컬리에서는 처음 구매이지만 마트에서 아주 자주 구매하는 저희집 단골 메뉴입니다~
유부초밥 보다 속재료를 매우 다양하게 응요이 가능해서 정말 좋은 식재료예요~

전 오늘 깻잎과 치즈를 넣어 잡곡 야채 유부롤을 만들었는데 정말 인기 최고였습니다~
레시피 공개하니 한 번 해드셔보세요~

재료: 유부16장, 깻잎16장, 치즈8장, 김16장, 잡곡밥2공기, 참깨, 참기름, 장조림소스2봉, 볶음조미깨2봉, 파프리카1개, 오이1/2, 양파1/2, 당근라페400g

만들기
1. 잡곡밥2공기에 볶음조미깨와 참기름, 참깨, 장조림 소스와 유부소스약간을 넣고 골고루 섞어 한 김 식혀 준비
2. 작은 깻잎은 씻어 물끼를 닦아주고 치즈는 반으로 잘라 준비
3. 파프리카, 양파, 오이는 유부길이로 0.5cm 두깨로 잘라 준비
4. 당근은 당근라페나 채썰어 살짝 볶아 준비
5. 유부는 유부물을 꽉 짜서 준비
6. 유부-깻잎-김-치즈-밥-파프리카-오이-
당근라페-양파순으로 재료를 올려 돌돌 말아 반으로 잘라 접시에 플레이팅하면 완성~

보기에도 예쁘고 먹기도 편하고 맛있는 유부롤은 오뎅국이나 계란국함께 드시면 더 맛있답니다~
자주 1+1행사 부탁드려요~^^"
도시락·밥류,롤 유부초밥,풀무원,https://www.kurly.com/goods/5069129,6980,67191,2023.05.04,"유부초밥을 너무 좋아하는데 매번 만들어 먹는게 귀찮아서 그냥 안먹게 되었는데 
요것은 너무 간편하게 만들수 있다는 장점으로
바로 구매각했답니다 :-)

구성품은 사진과 같이 들어있습니다!!ㅎㅎ
갓지은 밥 한공기반정도를 눈으로 개량하고
초밥소스와 참깨야채볶음이랑 비볐어요~~
유부는 살짝 짜서 놓고 유부액을 밥에 살짝 넣어서
같이 비볐더니 조물조물 더 잘 비벼지더라고요!!

유부-김-밥 순으로 올리고 말아버리면 끝!!!!!
너무쉽죠?ㅋㅋㅋ유부김밥이에요!!!

맛은 기존 유부초밥보다 김이 있어서 그런지
감칠맛이나고~~타르타르 소스양이 조금 아쉽지만
찍어먹으면 또 색다른 맛을 느낄수 있어요!
처음엔 밥양이 많은 것 같았는데 얼추 비슷하게 맞았고
마지막에 남은 밥을 싹 넣어서 쌌더니 왕유부김밥!!ㅎ

저는3개만 먹어도 배가 부르네요ㅠㅠ!!
작아보여서 만만하게 봤더니
양이 그래도 꽤되요~~저는 또 재구매도 하고
주변에 추천도 할 것 같아요!!ㅎ"
도시락·밥류,롤 유부초밥,풀무원,https://www.kurly.com/goods/5069129,6980,67191,2025.09.22,롤유부 급하게 밥할때 좋았어요
도시락·밥류,롤 유부초밥,풀무원,https://www.kurly.com/goods/5069129,6980,67191,2025.09.22,"딸아이가 친구집에 놀러가서 먹어보고 우리집도 해 먹자고 해서 급히 바로 담날 올 수 있는 마켓컬리에 주문했어요. 처음 먹어봤는데 딸래미 말데로 간편한데 맛도 좋더라구요. 각자 원하는거 넣고 돌돌 말아서 먹었어요. 주말아침 간단한 아침 식사로 좋아요.
덕분에 종종 구매하는 제품 입니다. 생각보다 적게 들어 있지만 알차게 밥이랑 야채 등 넣고 먹음 든든해요."
도시락·밥류,롤 유부초밥,풀무원,https://www.kurly.com/goods/5069129,6980,67191,2025.09.22,롤유부초밥은 풀무원이 젤 맛있어요
도시락·밥류,롤 유부초밥,풀무원,https://www.kurly.com/goods/5069129,6980,67191,2025.09.22,유부초밥 좋아요...
도시락·밥류,롤 유부초밥,풀무원,https://www.kurly.com/goods/5069129,6980,67191,2025.09.22,"맛있어요!
아이들도 좋아해서 세일할때마다 구입해요^^"
도시락·밥류,롤 유부초밥,풀무원,https://www.kurly.com/goods/5069129,6980,67191,2025.09.22,애들 아침용으로 좋아요.
도시락·밥류,롤 유부초밥,풀무원,https://www.kurly.com/goods/5069129,6980,67191,2025.09.22,"간편하게 한끼 해 먹기
너무 좋아요"
도시락·밥류,롤 유부초밥,풀무원,https://www.kurly.com/goods/5069129,6980,67191,2025.09.22,"풀무원 유부초밥을 애용하는 사람입니다. 궁금해서 롤 유부초밥을 사봤는데..
음.. 너무 달아요. 달아도 너무 달아요! 밥이 아니라 설탕을 먹는것 같아요. 
다시 구매할 의사 없습니다."
도시락·밥류,롤 유부초밥,풀무원,https://www.kurly.com/goods/5069129,6980,67191,2025.09.22,아침식사대용으로 주문했어요
도시락·밥류,롤 유부초밥,풀무원,https://www.kurly.com/goods/5069129,6980,67191,2025.09.22,둘이 먹기 딱 좋아요
도시락·밥류,롤 유부초밥,풀무원,https://www.kurly.com/goods/5069129,6980,67191,2025.09.22,오랜만애 주문했는데 살짝 단맛도는 유부인데 맛있어요
도시락·밥류,롤 유부초밥,풀무원,https://www.kurly.com/goods/5069129,6980,67191,2025.09.22,간편해서 종종 구매해요
도시락·밥류,롤 유부초밥,풀무원,https://www.kurly.com/goods/5069129,6980,67191,2025.09.21,맛있어서 자주 구입해요~
도시락·밥류,롤 유부초밥,풀무원,https://www.kurly.com/goods/5069129,6980,67191,2025.09.21,배송상품모두만족스러워요ㅎㅎㅎㅎ.
도시락·밥류,롤 유부초밥,풀무원,https://www.kurly.com/goods/5069129,6980,67191,2025.09.21,여러 가지 롤 유부초밥을 먹어봤는데 김이 들어 있고 소스에 찍어 먹는 이 롤 유부초밥이 가장 맛있어요
도시락·밥류,롤 유부초밥,풀무원,https://www.kurly.com/goods/5069129,6980,67191,2025.09.21,일반 유부초밥보다 편하다고해서 구매해봤습니다. 유부가 찢어질일이 없어 좋네요 밥양은 좀 적게 들어가는편 인것같아요 맛있어요
도시락·밥류,롤 유부초밥,풀무원,https://www.kurly.com/goods/5069129,6980,67191,2025.09.21,맛있어요~~ 딸이 넘 좋아해서 전 유부김밥 말이로 해서 먹었는데 새롭 더라구요
도시락·밥류,롤 유부초밥,풀무원,https://www.kurly.com/goods/5069129,6980,67191,2025.09.21,아이들 아침으로 종종 해주는 메뉴 입니다. 딸아이가 좋아해요.  타르타르소스랑 잘 어울립니다.
도시락·밥류,롤 유부초밥,풀무원,https://www.kurly.com/goods/5069129,6980,67191,2025.09.21,간식이나 아침메뉴로 너무ㅜ조타요
도시락·밥류,롤 유부초밥,풀무원,https://www.kurly.com/goods/5069129,6980,67191,2025.09.21,간편하게 먹을수있어서 좋네요
도시락·밥류,롤 유부초밥,풀무원,https://www.kurly.com/goods/5069129,6980,67191,2025.09.21,이건뭐 맛이 없을 수 없는 거라서
도시락·밥류,롤 유부초밥,풀무원,https://www.kurly.com/goods/5069129,6980,67191,2025.09.21,풀무원껀 유부 왠만해선 다 맛잏음
도시락·밥류,롤 유부초밥,풀무원,https://www.kurly.com/goods/5069129,6980,67191,2025.09.20,유부초밥  디음에 또 구매할 예정
도시락·밥류,롤 유부초밥,풀무원,https://www.kurly.com/goods/5069129,6980,67191,2025.09.20,"맛있어요
간단하게 해먹기 좋아요"
도시락·밥류,롤 유부초밥,풀무원,https://www.kurly.com/goods/5069129,6980,67191,2025.09.20,밥대신 두부 넣어 돌돌 말아 먹으니 맛있음
도시락·밥류,롤 유부초밥,풀무원,https://www.kurly.com/goods/5069129,6980,67191,2025.09.20,일반 유부초밥보다 더 맛있는듯. 자주 구매합니다.
도시락·밥류,롤 유부초밥,풀무원,https://www.kurly.com/goods/5069129,6980,67191,2025.09.20,맛있어서 자주 구매해요
도시락·밥류,롤 유부초밥,풀무원,https://www.kurly.com/goods/5069129,6980,67191,2025.09.19,싸기 편하고 간단해서 자주 해먹어요 아이가 다른 브랜드에서 나온건 용케 알아서 싫어하는 바람에 비싸도 풀무원 유부롤만 사요 유부가 촉촉함을 줘서 두고 먹어도 먹기 좋아요
도시락·밥류,롤 유부초밥,풀무원,https://www.kurly.com/goods/5069129,6980,67191,2025.09.19,맛있어요 속재료를 여러가지 넣으면 더 맛나요
도시락·밥류,롤 유부초밥,풀무원,https://www.kurly.com/goods/5069129,6980,67191,2025.09.19,세일해서 좋네요.김하고 같이 싸니 맛있어요.
도시락·밥류,롤 유부초밥,풀무원,https://www.kurly.com/goods/5069129,6980,67191,2025.09.19,롤유부초밥 반찬없을때 후다닥
도시락·밥류,롤 유부초밥,풀무원,https://www.kurly.com/goods/5069129,6980,67191,2025.09.19,간편하게 만들어 먹기 좋네여
도시락·밥류,롤 유부초밥,풀무원,https://www.kurly.com/goods/5069129,6980,67191,2025.09.19,주 1회는 먹는거 같아요. 말기 편하고 맛있어요.
도시락·밥류,롤 유부초밥,풀무원,https://www.kurly.com/goods/5069129,6980,67191,2025.09.19,기대를.. 많이 한 건 아닌데 ... 일반 유부초밥이 입맛에 맞는 것 같아요
도시락·밥류,롤 유부초밥,풀무원,https://www.kurly.com/goods/5069129,6980,67191,2025.09.19,"냉장고 구비템이에요 ~~~~ 
오이 채 썰어서 참치나 크래미랑 같이 싸먹으면 완전 맛나요 !!!"
도시락·밥류,롤 유부초밥,풀무원,https://www.kurly.com/goods/5069129,6980,67191,2025.09.19,간단한 아이 식사로 최고!^^
도시락·밥류,롤 유부초밥,풀무원,https://www.kurly.com/goods/5069129,6980,67191,2025.09.19,사각유부롤 편하고 맛나요
도시락·밥류,롤 유부초밥,풀무원,https://www.kurly.com/goods/5069129,6980,67191,2025.09.19,유부초밥 싸기 ￼편해서 구입했어요
도시락·밥류,롤 유부초밥,풀무원,https://www.kurly.com/goods/5069129,6980,67191,2025.09.19,세일해서 저렴하게 구입했어요 맛있어요
도시락·밥류,롤 유부초밥,풀무원,https://www.kurly.com/goods/5069129,6980,67191,2025.09.18,"롤이라 말기도 편하고 동봉된 타르타르 소스에 찍어먹으면
별미예요!"
도시락·밥류,롤 유부초밥,풀무원,https://www.kurly.com/goods/5069129,6980,67191,2025.09.18,ㅜ댜오거두오앙우유어아
도시락·밥류,롤 유부초밥,풀무원,https://www.kurly.com/goods/5069129,6980,67191,2025.09.18,"배송 잘 왔고 제품 맘ㅇㅔ 듭니다 
필요한 요리에 잘 썼어요 굿"
도시락·밥류,롤 유부초밥,풀무원,https://www.kurly.com/goods/5069129,6980,67191,2025.09.18,한 번씩 애용해서 먹어요. 편리하고 맛있어요
도시락·밥류,롤 유부초밥,풀무원,https://www.kurly.com/goods/5069129,6980,67191,2025.09.18,밥만 있으면 간편하게 만들 수 있고 맛있어요~
도시락·밥류,롤 유부초밥,풀무원,https://www.kurly.com/goods/5069129,6980,67191,2025.09.18,잘 받앗습니대 감사합니다 좋아요
도시락·밥류,롤 유부초밥,풀무원,https://www.kurly.com/goods/5069129,6980,67191,2025.09.18,밥맛업을때 간편하게 먹어요
도시락·밥류,롤 유부초밥,풀무원,https://www.kurly.com/goods/5069129,6980,67191,2025.09.18,유부초밥 생각날때 한번씩
도시락·밥류,오늘의 식단 도시락 6종 (택1),스윗밸런스,https://www.kurly.com/goods/5135870,5000,39077,2024.06.01,"요즘 식단중이라 다이어트 도시락 찾다가
후기 좋길래 주문해봤어요!

일단 간편
전자렌지에 3분30초면 끝 😊

양은 처음에 적나 싶었는데
식단관리중인 성인 여자 기준
먹고나니 꽤 든든했어요!

남자분이 먹기에는 양이 많이 부족할 것 같아요!

곤드레가 질기지 않고 부드럽고
양념도 감칠맛나서 좋았어요

특히, 매콤동글닭가슴살전 소스는
이름대로 살짝 매콤해서 더 맛있어요!

다이어트 도시락 아닌것 같은 
맛에 기분좋게 한끼 식사 할 수 있어서
좋은 스윗밸런스 도시락 

요즘엔 건강하게 먹으면서
맛도 즐길 수 있는 제품이 많아서
좋네요! 다른메뉴도 주문해볼께요^^"
도시락·밥류,오늘의 식단 도시락 6종 (택1),스윗밸런스,https://www.kurly.com/goods/5135870,5000,39077,2024.06.01,"저는 다이어트 목적이 아니라 집에 먹을거 없을 때 간편하게 먹을 용도로 구매해서 그런지 일단 식단 도시락답게 양은 굉장히 조금이에요ㅠㅜ
밥이 바닥에 펼쳐져 있는 느낌이었어요 ㅎㅎㅎ
하지만 다이어트용으로는 딱 좋을꺼 같아요. 
먹어도 먹은거 같지 않은 배고픔이 느껴질만한 양이에요 ㅎㅎㅎㅎㅎ 살은 그래야 빠지니까요 ㅎㅎㅎ

카레 특유의 향신료 맛이 현미밥이랑 잘 어우러져서 맛있어요.
닭가슴살은 잡내도 없고 쫄깃하면서 부드러운데 소스가 살짝 짭짤하게 느껴지네요.
저는 급하게 샐러드 만들어서 같이 먹었더니 괜찮았어요.
철저한 다이어트 식단에 지쳤을 때 먹으면 살짝 숨통 트일것 같은 짭짤함? ㅎㅎ

전체적으로 맛은 너무 좋았어요. 식단 구성이나 영양 구성도 만족스럽구요.
다이어트용으로든, 간편식용으로든 재구매할꺼 같아요^^"
도시락·밥류,오늘의 식단 도시락 6종 (택1),스윗밸런스,https://www.kurly.com/goods/5135870,5000,39077,2023.11.25,"일단 도시락이 진짜 너무 맛있어요!!! 저는 모짜차돌김치볶음밥과 함박소스오믈렛, 크림굴림만두와 곤약간장계란밥을 사먹어봤는데 둘다 너무 맛있어서 다른 맛들도 다 사먹어보고싶을 정도에요!!! 
저는 모짜차돌김치볶음밥이 제일 맛있었어요!! 김치도 고기도 큼직하게 들어있고 치즈도 꽤 많이 들어있어요 제가 원래 많이 먹지는 않아서 저한테는 양이 딱 좋았어요!! 그리고 오믈렛이 진짜 대박이에요!!! 오믈렛이 완전 부드럽고 촉촉해요!! 소스랑도 너무 잘 어울려서 이 오믈렛만 따로 사먹고싶을 정도로 너무 맛있었어요!! 
같이 사먹은 곤약간장계란밥도 간이 많이 세지않고 만두랑 같이 있는 크림소스가 만두랑 너무 잘어울리고 진짜 맛있어요!! 
도시락 칼로리도 많이 높지않고 단백질도 많아서 영양성분이 정말 좋아요! 저는 저번에 사먹고 너무 맛있어서 또 사먹은거라서 두가지 맛 다 너무 맛있게 먹었어요 이 도시락은 종류별로 다 구매해서 냉동실에 쟁여두고 먹고싶어요!! 원래 먹는 양이 많지 않아서 저한테는 딱 맞았는데 먹는 양이 많으신 분들한테는 조금 적을 수도 있을 것 같아요 도시락 양이 적다면 닭가슴살이나 닭가슴살소세지랑 같이 먹어도 좋을 것 같아요 집에서 밥 해먹기 귀찮을 때 정말 딱이에요!! 
저의 원픽은 모짜차돌김치볶음밥과 함박소스오믈렛입니다!!!! 정말 너무너무 맛있어요!!! 재구매 무조건 합니다!! 자취생분들 뿐만 아니라 모든분들 꼭 한 번 드셔보세요!! 사먹어보면 절대 후회 안할겁니다!!

먹는방법
(비닐을 끝부분만 살짝 뜯어서 전자레인지에 3분 30초 돌리면 끝!)

추천하는 이유!!
1.단백질도 많고 영양성분이 좋다
2.간이 심심하지도않고 짜지도 않아서 딱 적당하다
3.내용물(김치,고기 등..)이 크고 꽤 많이 들어있다
4.냉동이지만 갓 지은 밥처럼 포슬포슬 퀄리티가 좋다
5.진짜 진짜 맛있다!"
도시락·밥류,오늘의 식단 도시락 6종 (택1),스윗밸런스,https://www.kurly.com/goods/5135870,5000,39077,2025.09.23,첨 시도한 제품 나름 맛도 괴안코 식단 관리에 도움 될뚯
도시락·밥류,오늘의 식단 도시락 6종 (택1),스윗밸런스,https://www.kurly.com/goods/5135870,5000,39077,2025.09.22,아직 안먹었는데 색깔부터 맛있어보이네요
도시락·밥류,오늘의 식단 도시락 6종 (택1),스윗밸런스,https://www.kurly.com/goods/5135870,5000,39077,2025.09.22,삶은계란 추가해서 먹으면 든든한 한끼
도시락·밥류,오늘의 식단 도시락 6종 (택1),스윗밸런스,https://www.kurly.com/goods/5135870,5000,39077,2025.09.22,간도 적당하고 맛있어요
도시락·밥류,오늘의 식단 도시락 6종 (택1),스윗밸런스,https://www.kurly.com/goods/5135870,5000,39077,2025.09.22,쟁여놓고 먹는 애정하는 도시락입니다
도시락·밥류,오늘의 식단 도시락 6종 (택1),스윗밸런스,https://www.kurly.com/goods/5135870,5000,39077,2025.09.22,"맛나요
다이욧중인데 좋아요 추천드려요"
도시락·밥류,오늘의 식단 도시락 6종 (택1),스윗밸런스,https://www.kurly.com/goods/5135870,5000,39077,2025.09.22,"맛나요
다이욧중인데 좋아요"
도시락·밥류,오늘의 식단 도시락 6종 (택1),스윗밸런스,https://www.kurly.com/goods/5135870,5000,39077,2025.09.22,자주 시켜 먹을 정도로 맛있어요 ㅠㅠ
도시락·밥류,오늘의 식단 도시락 6종 (택1),스윗밸런스,https://www.kurly.com/goods/5135870,5000,39077,2025.09.22,자주 시켜 먹을 정도로 맛있어요!
도시락·밥류,오늘의 식단 도시락 6종 (택1),스윗밸런스,https://www.kurly.com/goods/5135870,5000,39077,2025.09.21,새벽배송 너무 좋아요~
도시락·밥류,오늘의 식단 도시락 6종 (택1),스윗밸런스,https://www.kurly.com/goods/5135870,5000,39077,2025.09.21,새벽배송 너무 좋아요~~
도시락·밥류,오늘의 식단 도시락 6종 (택1),스윗밸런스,https://www.kurly.com/goods/5135870,5000,39077,2025.09.21,새벽배송 너무 좋아요.
도시락·밥류,오늘의 식단 도시락 6종 (택1),스윗밸런스,https://www.kurly.com/goods/5135870,5000,39077,2025.09.21,새벽배송 너무 좋아요
도시락·밥류,오늘의 식단 도시락 6종 (택1),스윗밸런스,https://www.kurly.com/goods/5135870,5000,39077,2025.09.21,간편식으로 이것 저것 사는데 컬리 최고입니다
도시락·밥류,오늘의 식단 도시락 6종 (택1),스윗밸런스,https://www.kurly.com/goods/5135870,5000,39077,2025.09.21,항상 시켜먹는 간식
도시락·밥류,오늘의 식단 도시락 6종 (택1),스윗밸런스,https://www.kurly.com/goods/5135870,5000,39077,2025.09.20,"퀄리티 장난아니네요
다이어트 도시락이 맞나 싶어요
칼로리는 낮다고 적혀있는데 맛있어 보여요 1288"
도시락·밥류,오늘의 식단 도시락 6종 (택1),스윗밸런스,https://www.kurly.com/goods/5135870,5000,39077,2025.09.20,"퀄리티 장난아니네요
다이어트 도시락이 맞나 싶어요
칼로리는 낮다고 적혀있는데 맛있어 보여요 12234"
도시락·밥류,오늘의 식단 도시락 6종 (택1),스윗밸런스,https://www.kurly.com/goods/5135870,5000,39077,2025.09.20,점심 도시락으로 잘 먹었어요 ! 맛있네요 ㅎㅎ
도시락·밥류,오늘의 식단 도시락 6종 (택1),스윗밸런스,https://www.kurly.com/goods/5135870,5000,39077,2025.09.19,닭가슴살전이 너무 맛있어요.
도시락·밥류,오늘의 식단 도시락 6종 (택1),스윗밸런스,https://www.kurly.com/goods/5135870,5000,39077,2025.09.19,양은 적지만 곤드래밥이 맛있어요.
도시락·밥류,오늘의 식단 도시락 6종 (택1),스윗밸런스,https://www.kurly.com/goods/5135870,5000,39077,2025.09.19,회사 도시락으로 가져가서 먹는데 생각했던것보다 맛있네요 !
도시락·밥류,오늘의 식단 도시락 6종 (택1),스윗밸런스,https://www.kurly.com/goods/5135870,5000,39077,2025.09.19,맛은 괜찮은데 양이 적어요ㅠ
도시락·밥류,오늘의 식단 도시락 6종 (택1),스윗밸런스,https://www.kurly.com/goods/5135870,5000,39077,2025.09.19,다른 맛 먹어보고 괜찮았어서 재구매했어요.
도시락·밥류,오늘의 식단 도시락 6종 (택1),스윗밸런스,https://www.kurly.com/goods/5135870,5000,39077,2025.09.18,간단하게 먹기 좋아요
도시락·밥류,오늘의 식단 도시락 6종 (택1),스윗밸런스,https://www.kurly.com/goods/5135870,5000,39077,2025.09.18,아침밥으로 간단하게 먹기 좋아요
도시락·밥류,오늘의 식단 도시락 6종 (택1),스윗밸런스,https://www.kurly.com/goods/5135870,5000,39077,2025.09.18,항상 먹는 제 점심도시락 ㅎㅎ 김이랑 먹으면 진짜 너무 맛있어요..!!
도시락·밥류,오늘의 식단 도시락 6종 (택1),스윗밸런스,https://www.kurly.com/goods/5135870,5000,39077,2025.09.18,몇번을 시켜먹는지 모르겠어요! 진짜 너무 맛있고 좋아요 ㅎㅎ
도시락·밥류,오늘의 식단 도시락 6종 (택1),스윗밸런스,https://www.kurly.com/goods/5135870,5000,39077,2025.09.18,최애도시락 김치차돌오믈렛
도시락·밥류,오늘의 식단 도시락 6종 (택1),스윗밸런스,https://www.kurly.com/goods/5135870,5000,39077,2025.09.18,도시락은 스윗밸런스에서만 사요 맛잇어요
도시락·밥류,오늘의 식단 도시락 6종 (택1),스윗밸런스,https://www.kurly.com/goods/5135870,5000,39077,2025.09.18,"맛있어요 재구매할수밖에 없는
근데 양이 적어서 다이어트도시락은 맞는 것 같네용ㅠㅠ천천히 아껴먹는중.."
도시락·밥류,오늘의 식단 도시락 6종 (택1),스윗밸런스,https://www.kurly.com/goods/5135870,5000,39077,2025.09.17,맛있게 잘 먹었습니다.
도시락·밥류,오늘의 식단 도시락 6종 (택1),스윗밸런스,https://www.kurly.com/goods/5135870,5000,39077,2025.09.17,도시락을 많이시켰어요
도시락·밥류,오늘의 식단 도시락 6종 (택1),스윗밸런스,https://www.kurly.com/goods/5135870,5000,39077,2025.09.17,간단하게 먹을 도시락입니다
도시락·밥류,오늘의 식단 도시락 6종 (택1),스윗밸런스,https://www.kurly.com/goods/5135870,5000,39077,2025.09.17,"다이어트를위해 도시락을 시켜봤어요
하지만 먹지는 않죠ㅋㅋ"
도시락·밥류,오늘의 식단 도시락 6종 (택1),스윗밸런스,https://www.kurly.com/goods/5135870,5000,39077,2025.09.17,처음 주문해봤는데 맛있을거 같아요
도시락·밥류,오늘의 식단 도시락 6종 (택1),스윗밸런스,https://www.kurly.com/goods/5135870,5000,39077,2025.09.17,아딕 안먹어봣는데 다른거 먹어본 결과 양은 적고 맛은 괜찮을듯 싶어요
도시락·밥류,오늘의 식단 도시락 6종 (택1),스윗밸런스,https://www.kurly.com/goods/5135870,5000,39077,2025.09.17,소세지 네개 주제에 생각보다 든든하네요 단호박 밥 좋아요
도시락·밥류,오늘의 식단 도시락 6종 (택1),스윗밸런스,https://www.kurly.com/goods/5135870,5000,39077,2025.09.17,간편하고 맛있는데 양은 적어요
도시락·밥류,오늘의 식단 도시락 6종 (택1),스윗밸런스,https://www.kurly.com/goods/5135870,5000,39077,2025.09.16,다이어트식단 으로 간편하고 좋아요
도시락·밥류,오늘의 식단 도시락 6종 (택1),스윗밸런스,https://www.kurly.com/goods/5135870,5000,39077,2025.09.16,다이어트식단 조절 하려고 구매해봤어요
도시락·밥류,오늘의 식단 도시락 6종 (택1),스윗밸런스,https://www.kurly.com/goods/5135870,5000,39077,2025.09.16,식단용으로 먹으려고 구매했어요
도시락·밥류,오늘의 식단 도시락 6종 (택1),스윗밸런스,https://www.kurly.com/goods/5135870,5000,39077,2025.09.16,점심에 먹고있어요!맛있네요
도시락·밥류,오늘의 식단 도시락 6종 (택1),스윗밸런스,https://www.kurly.com/goods/5135870,5000,39077,2025.09.16,간단하게 먹기좋아요
도시락·밥류,오늘의 식단 도시락 6종 (택1),스윗밸런스,https://www.kurly.com/goods/5135870,5000,39077,2025.09.16,점심 도시락으로 먹고 있어요
도시락·밥류,오늘의 식단 도시락 6종 (택1),스윗밸런스,https://www.kurly.com/goods/5135870,5000,39077,2025.09.16,항상 시켜먹는 제품입니다
도시락·밥류,오늘의 식단 도시락 6종 (택1),스윗밸런스,https://www.kurly.com/goods/5135870,5000,39077,2025.09.16,다이어트하면서 먹고있어요
도시락·밥류,오늘의 식단 도시락 6종 (택1),스윗밸런스,https://www.kurly.com/goods/5135870,5000,39077,2025.09.15,맛있어요 재주문 완료
도시락·밥류,흑미밥 210g (8입),햇반,https://www.kurly.com/goods/5050159,10480,9879,2025.09.23,젤좋아하는 흑미밥..할인좀해주시요
도시락·밥류,흑미밥 210g (8입),햇반,https://www.kurly.com/goods/5050159,10480,9879,2025.09.23,떨어질때마다 주문 합니다
도시락·밥류,흑미밥 210g (8입),햇반,https://www.kurly.com/goods/5050159,10480,9879,2025.09.22,귀찮거나 피곤할때 비상식량으로 준비해두는데 흑미밥으로 미안한 한스푼 덜어냅니다
도시락·밥류,흑미밥 210g (8입),햇반,https://www.kurly.com/goods/5050159,10480,9879,2025.09.22,한번씩 주문하는데 밥먹을때 좋아요
도시락·밥류,흑미밥 210g (8입),햇반,https://www.kurly.com/goods/5050159,10480,9879,2025.09.21,맛도 좋고 편리하고 세일도 해서 좋은 가격에 주문했습니다.
도시락·밥류,흑미밥 210g (8입),햇반,https://www.kurly.com/goods/5050159,10480,9879,2025.09.21,흑미밥 맛있어서 세일할 때 좋은 가격으로 구매했어요
도시락·밥류,흑미밥 210g (8입),햇반,https://www.kurly.com/goods/5050159,10480,9879,2025.09.21,간편하게 먹기 좋아 자주 주문하는 햇반 흑미밥
도시락·밥류,흑미밥 210g (8입),햇반,https://www.kurly.com/goods/5050159,10480,9879,2025.09.21,집에 쌀이 한가득이지만 편리함에 햇반을 끊을 수가 없네여ㅜㅜ
도시락·밥류,흑미밥 210g (8입),햇반,https://www.kurly.com/goods/5050159,10480,9879,2025.09.21,흑미 맛있어요 비상용으로 구비해놨어요
도시락·밥류,흑미밥 210g (8입),햇반,https://www.kurly.com/goods/5050159,10480,9879,2025.09.20,흑미가 구수하고 좋습니다
도시락·밥류,흑미밥 210g (8입),햇반,https://www.kurly.com/goods/5050159,10480,9879,2025.09.20,흑미밥 고소하고 맛있습니다.
도시락·밥류,흑미밥 210g (8입),햇반,https://www.kurly.com/goods/5050159,10480,9879,2025.09.20,"세일쿠폰 있을때 햇반 쟁이기ㅎ
여행가야되는데 챙겨갈라그"
도시락·밥류,흑미밥 210g (8입),햇반,https://www.kurly.com/goods/5050159,10480,9879,2025.09.19,저렴하게 구입해서 좋아요
도시락·밥류,흑미밥 210g (8입),햇반,https://www.kurly.com/goods/5050159,10480,9879,2025.09.19,계속 먹다보니 일반밥 못먹네요
도시락·밥류,흑미밥 210g (8입),햇반,https://www.kurly.com/goods/5050159,10480,9879,2025.09.18,식감이 부드럽고 맛도 있어요
도시락·밥류,흑미밥 210g (8입),햇반,https://www.kurly.com/goods/5050159,10480,9879,2025.09.17,간편해서 좋아요~~~~
도시락·밥류,흑미밥 210g (8입),햇반,https://www.kurly.com/goods/5050159,10480,9879,2025.09.17,햇반은 쟁여템이라 쌓아두기
도시락·밥류,흑미밥 210g (8입),햇반,https://www.kurly.com/goods/5050159,10480,9879,2025.09.16,"집에서 만들어 놓은 밥이 없을때는 필수지요!
흑미라 더 고소해요."
도시락·밥류,흑미밥 210g (8입),햇반,https://www.kurly.com/goods/5050159,10480,9879,2025.09.16,세일하길래 구매했어요~
도시락·밥류,흑미밥 210g (8입),햇반,https://www.kurly.com/goods/5050159,10480,9879,2025.09.16,흑미밥 맛있어요~~
도시락·밥류,흑미밥 210g (8입),햇반,https://www.kurly.com/goods/5050159,10480,9879,2025.09.15,후기보고 샀는데 만족해요
도시락·밥류,흑미밥 210g (8입),햇반,https://www.kurly.com/goods/5050159,10480,9879,2025.09.15,상온인데 왜 냉장식품과 함께 보내시는지...
도시락·밥류,흑미밥 210g (8입),햇반,https://www.kurly.com/goods/5050159,10480,9879,2025.09.15,비상식량으로 챙겨둡니다
도시락·밥류,흑미밥 210g (8입),햇반,https://www.kurly.com/goods/5050159,10480,9879,2025.09.15,"잡곡밥이라 안심돼요,역시 햇반"
도시락·밥류,흑미밥 210g (8입),햇반,https://www.kurly.com/goods/5050159,10480,9879,2025.09.15,흑미밥 맛있다고 해서 구매해요
도시락·밥류,흑미밥 210g (8입),햇반,https://www.kurly.com/goods/5050159,10480,9879,2025.09.15,뭐 그냥 항상 시키는 제픔 입니더
도시락·밥류,흑미밥 210g (8입),햇반,https://www.kurly.com/goods/5050159,10480,9879,2025.09.14,흑미라 더 좋은 거 같아요 잘 먹었어요
도시락·밥류,흑미밥 210g (8입),햇반,https://www.kurly.com/goods/5050159,10480,9879,2025.09.14,가격 혜택이 좋네요
도시락·밥류,흑미밥 210g (8입),햇반,https://www.kurly.com/goods/5050159,10480,9879,2025.09.14,편하게 새벽 배송으로 받았어요~
도시락·밥류,흑미밥 210g (8입),햇반,https://www.kurly.com/goods/5050159,10480,9879,2025.09.14,흑미맛있고 건강하게ㅎㅎ
도시락·밥류,흑미밥 210g (8입),햇반,https://www.kurly.com/goods/5050159,10480,9879,2025.09.14,물 세일해서 쟁여둡니다
도시락·밥류,흑미밥 210g (8입),햇반,https://www.kurly.com/goods/5050159,10480,9879,2025.09.14,전 무조건 햇반만 먹어요 타제품은 잘 안사게되네요
도시락·밥류,흑미밥 210g (8입),햇반,https://www.kurly.com/goods/5050159,10480,9879,2025.09.13,밥통에 밥하기도 귀찮을때 자주 이용해요
도시락·밥류,흑미밥 210g (8입),햇반,https://www.kurly.com/goods/5050159,10480,9879,2025.09.13,햇반중엔 흑미밥이 젤 나아요
도시락·밥류,흑미밥 210g (8입),햇반,https://www.kurly.com/goods/5050159,10480,9879,2025.09.12,세일가로 구매 해서 좋아요
도시락·밥류,흑미밥 210g (8입),햇반,https://www.kurly.com/goods/5050159,10480,9879,2025.09.12,다른곳보다 컬리가 더 저렴하네요
도시락·밥류,흑미밥 210g (8입),햇반,https://www.kurly.com/goods/5050159,10480,9879,2025.09.12,흑미밥이 땡겨 구매할라는데 할인까지 감사합니당
도시락·밥류,흑미밥 210g (8입),햇반,https://www.kurly.com/goods/5050159,10480,9879,2025.09.12,"흑미밥은 사랑이쥬,||~~~"
도시락·밥류,흑미밥 210g (8입),햇반,https://www.kurly.com/goods/5050159,10480,9879,2025.09.12,세일해서 구매했어요
도시락·밥류,흑미밥 210g (8입),햇반,https://www.kurly.com/goods/5050159,10480,9879,2025.09.12,흑미밥 맛있어요 자주 먹어요
도시락·밥류,흑미밥 210g (8입),햇반,https://www.kurly.com/goods/5050159,10480,9879,2025.09.11,재구매ㅋ 쫀득쫀득합니다
도시락·밥류,흑미밥 210g (8입),햇반,https://www.kurly.com/goods/5050159,10480,9879,2025.09.11,그냥 흰쌀밥보다는 이게 좋아요 ㅎ
도시락·밥류,흑미밥 210g (8입),햇반,https://www.kurly.com/goods/5050159,10480,9879,2025.09.11,간단히먹을때 편해요
도시락·밥류,흑미밥 210g (8입),햇반,https://www.kurly.com/goods/5050159,10480,9879,2025.09.11,마침 필요했는데 세일도 하고해서
도시락·밥류,흑미밥 210g (8입),햇반,https://www.kurly.com/goods/5050159,10480,9879,2025.09.11,간편하게 먹을 수 있어 좋아요
도시락·밥류,흑미밥 210g (8입),햇반,https://www.kurly.com/goods/5050159,10480,9879,2025.09.10,종류별로 골고루 샀네요
도시락·밥류,흑미밥 210g (8입),햇반,https://www.kurly.com/goods/5050159,10480,9879,2025.09.10,"햇반 편해요
흑미햇반 건강식으로 좋아요"
도시락·밥류,흑미밥 210g (8입),햇반,https://www.kurly.com/goods/5050159,10480,9879,2025.09.09,렌지에 쓱 돌리면 구수한 향이 나는 흑미밥 완성~ 햇반은 취향에 따라 밥을 선택할수 있어 좋네요^^ 떨어지기 전에 쟁여둡니다~
도시락·밥류,흑미밥 210g (8입),햇반,https://www.kurly.com/goods/5050159,10480,9879,2025.09.08,밥솥에 밥이 없을 때 대비로
도시락·밥류,흑미밥 210g (8입),햇반,https://www.kurly.com/goods/5050159,10480,9879,2025.09.07,흑미밥고소하고맛있어요.
도시락·밥류,콘치즈 김치볶음밥(2개입),성수동 분식,https://www.kurly.com/goods/1000357323,7900,7755,2025.07.05,"냉동볶음밥 이 정도면 찐이에요

사실 성수동 분식 제품은 그동안

마라떡볶이,닭갈비 떡볶이만 시켜봤는데요
이제품은 처음주문해 봤어요

볶음밥과 콘치즈 토핑이 따로 포장되어 있어서 조리도 훨씬 깔끔하고 편하구요

조리법은 간단하지만, 팬에 살짝 눌려 굽듯이 조리하면 더 맛있어요.

1. 김치볶음밥을 먼저 볶아주고

2. 가장자리에 콘치즈를 올려 녹여주면 끝!

한 접시에 예쁘게 담아내면 마치 분식집 인기 메뉴 같은 느낌!
아이디어도 좋고, 맛도 좋아서 집에서도 외식 분위기 내기 딱 좋아요.


김치볶음밥은 김치 함량이 30% 이상이라서 그런지,
묵직한 김치 풍미가 살아 있었고, 텁텁하지 않고 깔끔하게 매콤했어요.

여기에 고소한 옥수수와 치즈가 더해지니 단짠단짠의 환상 궁합!
특히 콘치즈는 치즈가 풍성하게 들어 있어서 녹였을 때의 고소함이 정말 좋았어요
평소 치즈 좋아하시는 분들께 강력 추천하고 싶은 메뉴예요.

전자레인지로도 조리 가능하지만, 저는 팬에 살짝 눌려서 바삭하게 만든 게 훨씬 더 맛있었어요.
밥에 살짝 누룽지처럼 눌러붙은 부분이 정말 별미더라구요.

이번 콘치즈 김치볶음밥은 간단하게 한 끼 먹기에도, 손님 대접용으로도 훌륭한거 같아요.
좀있음 방학이 다가오네요
더운 여름 방학때 집에 있는 아이들에게 특별하지 않지만 특별한 한끼 어떠세요?"
도시락·밥류,콘치즈 김치볶음밥(2개입),성수동 분식,https://www.kurly.com/goods/1000357323,7900,7755,2025.01.09,"배송은 빨라요 물건 너무 좋아요
쿠폰 적립금 사용 너무 좋아요
항시 판매하니 비상용으로 좋아요
주문후 다음날오니 급하게 시켜도 걱정 없네요
여기에서 판매하는건 모두 믿을만해서 좋아요
선물용으로 너무 좋은 것 같아요
종류도 많아서 항상 고민하지만 후회한적은 없어요
우선 아이들이 너무 잘먹어요
그냥 먹어도 맛있고  치즈 더 올려서 먹으면더 맛있어요  밥을추가하면 좀더 연하게 먹을 수 있어요
가격이 아주 저렴하지는 않지만 그래도 맛있어서 재구매각입니다 우리집 막둥이가 아주 잘먹어서 저는 만족 대만족입니다~또 먹고싶네요~~^^
##막둥이랑 같이 만들었는데 마지막데코를 아빠얼굴로 만들었어요~ㅋㅋ~##

재주문하러 또 올께요"
도시락·밥류,콘치즈 김치볶음밥(2개입),성수동 분식,https://www.kurly.com/goods/1000357323,7900,7755,2024.12.09,"가끔집에서 김치볶음밥만들기귀찮을때 쉽고간편하게먹을수있는밀키트를 둘러보다 콘치즈김치볶음밥이있길래 주문했습니다! 
✔[성수동분식] 콘치즈김치볶음밥(2개입)
❗[성수동분식] 콘치즈김치볶음밥 구성
-김치볶음밥2봉,콘치즈2봉
❗[성수동분식] 콘치즈김치볶음밥 조리법
-냉동되어있는 김치볶음밥에 콘치즈패키지만 찬물에 담가 해동해줍니다
-중불로 달군팬에 식용유를 두른뒤 냉도상태의 김치볶음밥을넣어 4분정도 골고루 볶아줍니다
-불을 끄고 볶음밥가운데에 콘치즈를 올려줍니다
-약불에서 콘치즈가 녹을때까지 1분정도 가열하면 완성!
쉽고 간편하게먹을수있는게 너무좋았습니다
콘치즈에 치즈도넉넉하게들어있어서좋았어요
볶음밥에 콘치즈섞어서 먹으면 꿀맛입니다!
2봉지씩 소포장되어있어서 1인가구에게 딱좋아요!
김치볶음밥도 달달하고 매콤한게 너무맛있게잘먹었습니다
재구매 100%입니다!"
도시락·밥류,콘치즈 김치볶음밥(2개입),성수동 분식,https://www.kurly.com/goods/1000357323,7900,7755,2025.09.23,치즈가 퀵 포인트예요. 맛았어요
도시락·밥류,콘치즈 김치볶음밥(2개입),성수동 분식,https://www.kurly.com/goods/1000357323,7900,7755,2025.09.23,잘받았습니다 감사합니다 잘받았습니다 감사합니다 잘받았습니다 감사합니다 잘받았습니다 감사합니다
도시락·밥류,콘치즈 김치볶음밥(2개입),성수동 분식,https://www.kurly.com/goods/1000357323,7900,7755,2025.09.22,맛있게 잘먹었어요 콘치즈도 맛나요
도시락·밥류,콘치즈 김치볶음밥(2개입),성수동 분식,https://www.kurly.com/goods/1000357323,7900,7755,2025.09.22,"아이가 좋아해서 몇번째 구매해요.
김치볶음밥인데 전혀 안매워요.
계란후라이 해서 주면 한끼 뚝딱~"
도시락·밥류,콘치즈 김치볶음밥(2개입),성수동 분식,https://www.kurly.com/goods/1000357323,7900,7755,2025.09.22,아이들 최애 볶음밥이에여 ㅎㅎ
도시락·밥류,콘치즈 김치볶음밥(2개입),성수동 분식,https://www.kurly.com/goods/1000357323,7900,7755,2025.09.22,오랜만에 생각나서 주문했어요
도시락·밥류,콘치즈 김치볶음밥(2개입),성수동 분식,https://www.kurly.com/goods/1000357323,7900,7755,2025.09.21,"맛있어요!! 콘치즈 양은 적긴한데 뭐 너무 적어서 먹을것도 없다<이런건 또 아니라 그냥저냥 먹을만합니다
제 친구는 냉동 김치볶음밥을 잘 못 먹는데 이건 김치도 많고 맛있다고 하네요 저도 냉동 특유의 이상한 김치볶음밥 맛이 없어서 잘 먹었어요! 여기에 에그마요랑 치즈 뿌려서 먹으니 더더 맛있더라구요 둘다 컬리 인기템 ㅎㅎ.. 이 조합 추천합니다!!"
도시락·밥류,콘치즈 김치볶음밥(2개입),성수동 분식,https://www.kurly.com/goods/1000357323,7900,7755,2025.09.21,넘 맛있어서 재구매 중입니다!!
도시락·밥류,콘치즈 김치볶음밥(2개입),성수동 분식,https://www.kurly.com/goods/1000357323,7900,7755,2025.09.20,"첨에 치즈랑 마요네즈가 있어서 맛이 괜찮을까 싶었는데, 김치볶음밥이랑 엄청 잘어울리네요"
도시락·밥류,콘치즈 김치볶음밥(2개입),성수동 분식,https://www.kurly.com/goods/1000357323,7900,7755,2025.09.20,딸이해줘서 먹었는데 맛있네요.
도시락·밥류,콘치즈 김치볶음밥(2개입),성수동 분식,https://www.kurly.com/goods/1000357323,7900,7755,2025.09.20,"간편하게 해먹기 너무 좋아요~
양은 항상 좀 아쉽지만요~ㅎㅎ"
도시락·밥류,콘치즈 김치볶음밥(2개입),성수동 분식,https://www.kurly.com/goods/1000357323,7900,7755,2025.09.20,김치볶음밥 너무 맛있어요ㅎㅎ 한끼로 먹기 딱입니다^^
도시락·밥류,콘치즈 김치볶음밥(2개입),성수동 분식,https://www.kurly.com/goods/1000357323,7900,7755,2025.09.20,"예상했던대로 아는맛인 김치볶음밥이에요
특별한건 콘치즈랑 같이 먹을수 있다는 점

콘치즈가 달달해서 볶음밥과 같이 먹었을때 
맵짠단맛이 느껴져서 맛있어요

솔직히 양은 너무 작아요
사이드메뉴가 같이 있어서 곁들여 드시면
좋을듯해요"
도시락·밥류,콘치즈 김치볶음밥(2개입),성수동 분식,https://www.kurly.com/goods/1000357323,7900,7755,2025.09.18,분식 먹고 싶을때 딱 좋아요.. 만두나 떡볶이와 함께 먹으면 좋고요.
도시락·밥류,콘치즈 김치볶음밥(2개입),성수동 분식,https://www.kurly.com/goods/1000357323,7900,7755,2025.09.18,애들한테 인기 좋아요
도시락·밥류,콘치즈 김치볶음밥(2개입),성수동 분식,https://www.kurly.com/goods/1000357323,7900,7755,2025.09.17,여러번 재구매 했어요
도시락·밥류,콘치즈 김치볶음밥(2개입),성수동 분식,https://www.kurly.com/goods/1000357323,7900,7755,2025.09.17,김치볶음밥 맛있어요
도시락·밥류,콘치즈 김치볶음밥(2개입),성수동 분식,https://www.kurly.com/goods/1000357323,7900,7755,2025.09.17,김치볶음밥에 콘치즈와 어우러진 맛 맛있어요. 자주 구매해요.
도시락·밥류,콘치즈 김치볶음밥(2개입),성수동 분식,https://www.kurly.com/goods/1000357323,7900,7755,2025.09.17,콘마요?같이 먹으먄 맛있죠
도시락·밥류,콘치즈 김치볶음밥(2개입),성수동 분식,https://www.kurly.com/goods/1000357323,7900,7755,2025.09.17,맛있어보여서 구매했어용
도시락·밥류,콘치즈 김치볶음밥(2개입),성수동 분식,https://www.kurly.com/goods/1000357323,7900,7755,2025.09.17,냉동실에 항상 있어야하는 김치볶음밥이네요
도시락·밥류,콘치즈 김치볶음밥(2개입),성수동 분식,https://www.kurly.com/goods/1000357323,7900,7755,2025.09.17,딸래미가 좋아하는 김볶
도시락·밥류,콘치즈 김치볶음밥(2개입),성수동 분식,https://www.kurly.com/goods/1000357323,7900,7755,2025.09.16,가끔 생각날 때 있어서 자쥬 시킵니다 ㅎㅎ
도시락·밥류,콘치즈 김치볶음밥(2개입),성수동 분식,https://www.kurly.com/goods/1000357323,7900,7755,2025.09.16,김치볶음밥 자주해먹어요
도시락·밥류,콘치즈 김치볶음밥(2개입),성수동 분식,https://www.kurly.com/goods/1000357323,7900,7755,2025.09.16,아직 안 먹어봐서 빠른배송 감사합니다
도시락·밥류,콘치즈 김치볶음밥(2개입),성수동 분식,https://www.kurly.com/goods/1000357323,7900,7755,2025.09.16,김치볶음밥을 누가 이렇게 맛있게 만들라고 했나요? 중독성 있는 맛이 있어 자꾸 구매하게 됩니다 맵지 않아요 콘치즈와 조화 부담스럽지않아  제점수는 100점 입니다
도시락·밥류,콘치즈 김치볶음밥(2개입),성수동 분식,https://www.kurly.com/goods/1000357323,7900,7755,2025.09.15,맛잇어요! 추천해요ㅋ
도시락·밥류,콘치즈 김치볶음밥(2개입),성수동 분식,https://www.kurly.com/goods/1000357323,7900,7755,2025.09.15,"재재구매 제품!
한 끼 급하게 먹을 때 좋아요"
도시락·밥류,콘치즈 김치볶음밥(2개입),성수동 분식,https://www.kurly.com/goods/1000357323,7900,7755,2025.09.15,김뽁 냉동중엔 젤 맛나요.가격은 좀 잇지만
도시락·밥류,콘치즈 김치볶음밥(2개입),성수동 분식,https://www.kurly.com/goods/1000357323,7900,7755,2025.09.14,간단히 먹기 넘 좋아요. 맛도리입니다
도시락·밥류,콘치즈 김치볶음밥(2개입),성수동 분식,https://www.kurly.com/goods/1000357323,7900,7755,2025.09.14,조리법이 간단하여 쉽게 즐길 수 있다는 점이 매우 좋습니다. 물론 맛도 훌륭합니다. 다음에는 계란 프라이를 곁들여 먹어볼 생각입니다.
도시락·밥류,콘치즈 김치볶음밥(2개입),성수동 분식,https://www.kurly.com/goods/1000357323,7900,7755,2025.09.14,"볶음밥 2봉지, 콘치즈 2봉지 들어있어요. 볶음밥을 먼저 볶고 밥을 중앙으로 모으고 테두리에 콘치즈를 둘러 녹여서 함께 먹으면 정말 맛있어요"
도시락·밥류,콘치즈 김치볶음밥(2개입),성수동 분식,https://www.kurly.com/goods/1000357323,7900,7755,2025.09.13,밋있어서 자주 시킴
도시락·밥류,콘치즈 김치볶음밥(2개입),성수동 분식,https://www.kurly.com/goods/1000357323,7900,7755,2025.09.13,콘치즈만 따로 사고싶어요
도시락·밥류,콘치즈 김치볶음밥(2개입),성수동 분식,https://www.kurly.com/goods/1000357323,7900,7755,2025.09.13,"간단하게 조리해먹기 좋아요
양이 살짝 많았으몀하는 아쉬움~ㅎㅎ"
도시락·밥류,콘치즈 김치볶음밥(2개입),성수동 분식,https://www.kurly.com/goods/1000357323,7900,7755,2025.09.13,"콘치즈만 추가한것 같은데 특별해보이네요
맛있어요"
도시락·밥류,콘치즈 김치볶음밥(2개입),성수동 분식,https://www.kurly.com/goods/1000357323,7900,7755,2025.09.12,진짜 재재재구매템.비상식량으로 맛도굿.
도시락·밥류,콘치즈 김치볶음밥(2개입),성수동 분식,https://www.kurly.com/goods/1000357323,7900,7755,2025.09.12,자주 구입하는 제품입니다. 근데 좀 짜요. 밥 추가
도시락·밥류,콘치즈 김치볶음밥(2개입),성수동 분식,https://www.kurly.com/goods/1000357323,7900,7755,2025.09.12,너무 맛있어서 정말 중독되요!!! 재재재구매합니다.
도시락·밥류,콘치즈 김치볶음밥(2개입),성수동 분식,https://www.kurly.com/goods/1000357323,7900,7755,2025.09.12,"신선하고 맛있어요
깔끔한 포장 좋아요
애들이 좋아해요"
도시락·밥류,콘치즈 김치볶음밥(2개입),성수동 분식,https://www.kurly.com/goods/1000357323,7900,7755,2025.09.12,이것만큼 간편하고 맛난 김치볶음밥이 없네요 재재구매템입니다~^^
도시락·밥류,콘치즈 김치볶음밥(2개입),성수동 분식,https://www.kurly.com/goods/1000357323,7900,7755,2025.09.10,맛있었어요 ㅎㅎㅎㅎㅎㅎ
도시락·밥류,콘치즈 김치볶음밥(2개입),성수동 분식,https://www.kurly.com/goods/1000357323,7900,7755,2025.09.10,콘치즈 볶음밥 넘 맛있어서 n번째구매오ㅡ
도시락·밥류,콘치즈 김치볶음밥(2개입),성수동 분식,https://www.kurly.com/goods/1000357323,7900,7755,2025.09.09,처음 사봤는데 맛있을 것 같아요 기대중입니다 ㅎㅎ
도시락·밥류,콘치즈 김치볶음밥(2개입),성수동 분식,https://www.kurly.com/goods/1000357323,7900,7755,2025.09.09,맵지않고 맛있어서 자주사요 옥수수까지들어있어서 좋아요
도시락·밥류,콘치즈 김치볶음밥(2개입),성수동 분식,https://www.kurly.com/goods/1000357323,7900,7755,2025.09.08,예전에 먹었던게 생각나서 시킵니다 아는맛이 무섭다고 야밤에 시키고 오늘만 기달렸습니다
도시락·밥류,콘치즈 김치볶음밥(2개입),성수동 분식,https://www.kurly.com/goods/1000357323,7900,7755,2025.09.08,이거 진짜 간단한데 맛있게 먹을 수 있어요ㅎㅎ
도시락·밥류,백미밥 210g X 36입 (박스),햇반,https://www.kurly.com/goods/5082139,36000,3869,2022.10.28,"한국인이라면 한 번쯤 먹어보았을 즉석밥이죠^^
저는 오뚜기밥과 햇반을 비교해 보고
햇반이 더 맛있고 몸에 맞는 것 같아서
햇반을 선택해서 먹고 있어요!
밥 지어먹기가 힘들 때 햇반을 먹는데요
환경에는 미안하지만 너무 간편하고 좋아요 
블라인드 테스트한다면 햇반은 
지은 밥이랑 거의 비교가 안될 것 같아요
손님상에 올려도, 혼자 예쁘게 그릇에 옮겨 담아 
차려 먹을 때도 너무 간편하고 좋습니다 ㅎㅎ
햇반 그릇은 씻어두고 길고양이 밥 줄 때 쓰고 있어요
여러 번 씻어서 사용할 수도 있어서 너무 좋아요
더 유용하게 재활용하시는 분들도 많을 것 같아서 궁금하네요
베라 숟가락처럼 아주아주 유용한 것 같아요
햇반 끝까지 간편하고 유용하고! 후기 쓰다 보니 
좋은 소비인 것 같은 생각이 드네요ㅎㅎ
한번 사둘 때 든든하게 36개가 좋은 것 같아요!
유통기한도 긴 걸로 빠르게 보내주셔서 감사합니다~"
도시락·밥류,백미밥 210g X 36입 (박스),햇반,https://www.kurly.com/goods/5082139,36000,3869,2025.09.22,유통기한도 넉넉하고 배송도 다음날 바로와서 너무 좋습니다!
도시락·밥류,백미밥 210g X 36입 (박스),햇반,https://www.kurly.com/goods/5082139,36000,3869,2025.09.21,혼자 가는 여행. 식구들 비상용 밥으로 주문
도시락·밥류,백미밥 210g X 36입 (박스),햇반,https://www.kurly.com/goods/5082139,36000,3869,2025.09.21,든든하게 쟁여두기~
도시락·밥류,백미밥 210g X 36입 (박스),햇반,https://www.kurly.com/goods/5082139,36000,3869,2025.09.21,찰잡곡밥을 시켜야 하는데 재고가 없어 백미밥으로 주문했지만 햇반은 다 맛있어서 괜찮음~~~
도시락·밥류,백미밥 210g X 36입 (박스),햇반,https://www.kurly.com/goods/5082139,36000,3869,2025.09.20,할인이 컸으면 좋겠어요ㅠ
도시락·밥류,백미밥 210g X 36입 (박스),햇반,https://www.kurly.com/goods/5082139,36000,3869,2025.09.14,딸이 햇반 매니아?라 주문했어요 ㅎ 덕분에 저렴하게 잘 구매했어요 ㅎ
도시락·밥류,백미밥 210g X 36입 (박스),햇반,https://www.kurly.com/goods/5082139,36000,3869,2025.09.13,"자취생의 필수품
저렴이라 좋아요"
도시락·밥류,백미밥 210g X 36입 (박스),햇반,https://www.kurly.com/goods/5082139,36000,3869,2025.09.11,밥이 맛있어서 비상용으로 쟁여놓고 먹어요.
도시락·밥류,백미밥 210g X 36입 (박스),햇반,https://www.kurly.com/goods/5082139,36000,3869,2025.09.10,세일 이여서 쟁여봅니다!!
도시락·밥류,백미밥 210g X 36입 (박스),햇반,https://www.kurly.com/goods/5082139,36000,3869,2025.09.09,집에 하상 밥이 부족할때
도시락·밥류,백미밥 210g X 36입 (박스),햇반,https://www.kurly.com/goods/5082139,36000,3869,2025.09.08,저렴한 가격 빠른 배송 상품 아주 좋습니다.
도시락·밥류,백미밥 210g X 36입 (박스),햇반,https://www.kurly.com/goods/5082139,36000,3869,2025.09.08,많이 들어 있어서 쟁여두고 먹기 좋아요
도시락·밥류,백미밥 210g X 36입 (박스),햇반,https://www.kurly.com/goods/5082139,36000,3869,2025.09.07,아주만족합니다 잘받았습니다 감사
도시락·밥류,백미밥 210g X 36입 (박스),햇반,https://www.kurly.com/goods/5082139,36000,3869,2025.09.07,"아들 자취하는데 보내려고 주문했어요
컬리가 젤저렴해요"
도시락·밥류,백미밥 210g X 36입 (박스),햇반,https://www.kurly.com/goods/5082139,36000,3869,2025.09.07,"필수템이라 쿠폰 나오면
항상 쟁여놓고 있어요"
도시락·밥류,백미밥 210g X 36입 (박스),햇반,https://www.kurly.com/goods/5082139,36000,3869,2025.09.06,"집에 햇반이 떨어져서 사야지 생각하는와중에
컬리 행사로 저렴하게 구매했구요 1개 전자렌지에 돌려 먹었는데 맛있네요ㅎㅎ 또 주문 할께요^^"
도시락·밥류,백미밥 210g X 36입 (박스),햇반,https://www.kurly.com/goods/5082139,36000,3869,2025.09.05,"우리집 비상식량 쟁여놓기~
늘 컬리에서 구매합니다!
맛있게 먹겠습니다!"
도시락·밥류,백미밥 210g X 36입 (박스),햇반,https://www.kurly.com/goods/5082139,36000,3869,2025.09.04,햇반 당분간밥걱정은없겠네요 좋아요
도시락·밥류,백미밥 210g X 36입 (박스),햇반,https://www.kurly.com/goods/5082139,36000,3869,2025.09.04,아들 보내줬어요. 배송이 빨라서 좋아요.
도시락·밥류,백미밥 210g X 36입 (박스),햇반,https://www.kurly.com/goods/5082139,36000,3869,2025.09.03,배송도 깔끔하게 빠르게 해주셔서 감사합니다
도시락·밥류,백미밥 210g X 36입 (박스),햇반,https://www.kurly.com/goods/5082139,36000,3869,2025.09.03,잘받았습니다 감사합니다 ㅎㅎ 잘받았습니다 ㄱ
도시락·밥류,백미밥 210g X 36입 (박스),햇반,https://www.kurly.com/goods/5082139,36000,3869,2025.09.02,"유효기간 2026년 02월 15일
배송 빠르고 좋아요"
도시락·밥류,백미밥 210g X 36입 (박스),햇반,https://www.kurly.com/goods/5082139,36000,3869,2025.08.28,후기 보고 구매해요. 햅쌀 나올 때까지는 햇반먹으려고요.
도시락·밥류,백미밥 210g X 36입 (박스),햇반,https://www.kurly.com/goods/5082139,36000,3869,2025.08.27,늘 쟁여놓고 먹게 되는 햇반입니다. 저렴히 잘 구매했어요.
도시락·밥류,백미밥 210g X 36입 (박스),햇반,https://www.kurly.com/goods/5082139,36000,3869,2025.08.27,날짜도 넉넉하고 쿠폰으로 저렴하게 구매했습니다
도시락·밥류,백미밥 210g X 36입 (박스),햇반,https://www.kurly.com/goods/5082139,36000,3869,2025.08.27,늘 애용하는 햇반. 맛나고 좋아요^^
도시락·밥류,백미밥 210g X 36입 (박스),햇반,https://www.kurly.com/goods/5082139,36000,3869,2025.08.25,여름에 편하고 좋습니다 ㅋㅋ
도시락·밥류,백미밥 210g X 36입 (박스),햇반,https://www.kurly.com/goods/5082139,36000,3869,2025.08.23,요즘엔 쌀을 안사고 햇반을 사요.식구가 밥먹는 시간이 틀리고 밖에서 먹고오는 일이 많다보니 햇반이 맛있고 편하네요
도시락·밥류,백미밥 210g X 36입 (박스),햇반,https://www.kurly.com/goods/5082139,36000,3869,2025.08.22,36개짜리가 젤저렴해서 쟁여뒀습니다
도시락·밥류,백미밥 210g X 36입 (박스),햇반,https://www.kurly.com/goods/5082139,36000,3869,2025.08.22,좋은 가격에 잘 샀네요~
도시락·밥류,백미밥 210g X 36입 (박스),햇반,https://www.kurly.com/goods/5082139,36000,3869,2025.08.22,더워서 요즘 즉석밥이 최고~~
도시락·밥류,백미밥 210g X 36입 (박스),햇반,https://www.kurly.com/goods/5082139,36000,3869,2025.08.20,햇반 저렴하게잘 구입했어요 맛있어요 간편해요
도시락·밥류,백미밥 210g X 36입 (박스),햇반,https://www.kurly.com/goods/5082139,36000,3869,2025.08.20,직접 짓는 밥보다 밥맛이 좋아요
도시락·밥류,백미밥 210g X 36입 (박스),햇반,https://www.kurly.com/goods/5082139,36000,3869,2025.08.20,넘빠른배송 감사합니다~
도시락·밥류,백미밥 210g X 36입 (박스),햇반,https://www.kurly.com/goods/5082139,36000,3869,2025.08.20,깜짝쿠폰으로 구매합니다.
도시락·밥류,백미밥 210g X 36입 (박스),햇반,https://www.kurly.com/goods/5082139,36000,3869,2025.08.20,쿠폰생겨서 구매했어요.
도시락·밥류,백미밥 210g X 36입 (박스),햇반,https://www.kurly.com/goods/5082139,36000,3869,2025.08.17,"재주문입니다. 
찬바람 불때까진 주문을 하게될거 같습니다.
전기밥솥이 밥을 짓는 거지만, 냉동밥 만드는것도 지쳐서 좀 쉬려고요.
안전배송 감사합니다."
도시락·밥류,백미밥 210g X 36입 (박스),햇반,https://www.kurly.com/goods/5082139,36000,3869,2025.08.16,"자주 주문하는 햇반
딸 혼자사는 집에 떨어질때쯤 주문해줍니다
상태좋고 배송빠르고좋습니다"
도시락·밥류,백미밥 210g X 36입 (박스),햇반,https://www.kurly.com/goods/5082139,36000,3869,2025.08.15,"늘 구비해두는 상품입니다
보통 밥을 많이하면 안되는날
애용합니다^^"
도시락·밥류,백미밥 210g X 36입 (박스),햇반,https://www.kurly.com/goods/5082139,36000,3869,2025.08.15,세일해서 저렴하게 잘 샀습니다 ㅎ
도시락·밥류,백미밥 210g X 36입 (박스),햇반,https://www.kurly.com/goods/5082139,36000,3869,2025.08.15,"어떻게 몇 달 전에 주문한 햇반보다 오늘 배달 온 햇반이 더 날짜가 임박 할 수 있을까요?ㅠㅠㅠㅠㅠ
내년 1월 까지인데ㅠㅠ 5개월 밖에 안남았네요
기분이 별로네요ㅠㅠ 36개 짜린데 5개월 안에 다 먹어야 되나요 비상용인데ㅠ
몇달 전에 시킨 거는 내년 4월인데ㅠㅠ
이해가 안가네요ㅠㅠ￼ㅠㅠ
지난번에 시켰던 컬리 전용 햇반도 유통기한이 짧아서 빨리 먹느라고 고생했는데ㅠㅠㅠㅠ
컬리에서는 햇반을 시키면 안 되나 봐요ㅠㅠㅠ￼"
도시락·밥류,백미밥 210g X 36입 (박스),햇반,https://www.kurly.com/goods/5082139,36000,3869,2025.08.14,햇반 비싸지만 자취생한테 필수
도시락·밥류,백미밥 210g X 36입 (박스),햇반,https://www.kurly.com/goods/5082139,36000,3869,2025.08.13,부드럽고 맛있어요 역시 즉석밥은 햇반 !!!
도시락·밥류,백미밥 210g X 36입 (박스),햇반,https://www.kurly.com/goods/5082139,36000,3869,2025.08.11,햇반은 쟁여둬야 마음이 편한법
도시락·밥류,백미밥 210g X 36입 (박스),햇반,https://www.kurly.com/goods/5082139,36000,3869,2025.08.10,빠른배송과 포장상태가 좋아요
도시락·밥류,백미밥 210g X 36입 (박스),햇반,https://www.kurly.com/goods/5082139,36000,3869,2025.08.10,쿠* 보다 낫다 ㅎ
도시락·밥류,백미밥 210g X 36입 (박스),햇반,https://www.kurly.com/goods/5082139,36000,3869,2025.08.09,비상식으로 항상 집에 구비해놔요
도시락·밥류,백미밥 210g X 36입 (박스),햇반,https://www.kurly.com/goods/5082139,36000,3869,2025.08.08,소비기한 너무 짧아요
도시락·밥류,백미밥 210g X 36입 (박스),햇반,https://www.kurly.com/goods/5082139,36000,3869,2025.08.06,매번 찰잡곡밥을 먹다가 오랜만에 백미밥으로 한 번~~
도시락·밥류,한우 소보로 주먹밥,도산회관,https://www.kurly.com/goods/1001207695,11162,443,2025.04.06,"평소 도산회관 자주가는 사람으로써
반가움에 한봉지 구매했는데
이건 한봉지가 아니라 열봉지 추가구입 해야될듯합니다
역시 도산회관이네요 
고급져요 뭔가 주먹밥 하면 고급진 느낌은 안드는데
왜 고급진 맛이죠? 
도산회관에서 파는 볶음밥이랑 또 다르지만
맛있네요 진짜, 치즈 올려먹으니까 미칩니다 이거
인정합니다!!
괜히 제니와 칸예웨스트가 가는게 아니었네요
아참! 제가 도산회관 갔을때는 김사랑배우 봤는데
너무 이쁘시더라구요
안되겠다 주먹밥도 더시키고 도산회관도
다음주에 또 가야겠네요 !!"
도시락·밥류,한우 소보로 주먹밥,도산회관,https://www.kurly.com/goods/1001207695,11162,443,2025.04.05,"쟁여두고 출출할때 렌지 돌려먹던 쟁여템인데
컬리에 진출했네요! 장보는 김에 재구매합니다
제 동생은 에어프라이기를 즐겨쓰는데
에프로 돌려 먹어보곤 너무 맛있다길래
동생도 줄겸 여러개 쟁여봅니다ㅎㅎ
유통기한도 넉넉해서 쟁이기 딱임..
컵라면에도 먹고 치즈도 올려먹고
반숙 계란후라이에 비벼서 김싸먹으면 존맛!
다이어트 식단으로도 한끼 탄단지 뚝딱 가능..🍙"
도시락·밥류,한우 소보로 주먹밥,도산회관,https://www.kurly.com/goods/1001207695,11162,443,2025.09.23,아침식사대용으로 좋아요
도시락·밥류,한우 소보로 주먹밥,도산회관,https://www.kurly.com/goods/1001207695,11162,443,2025.09.22,한우가한가득넘맛있어요
도시락·밥류,한우 소보로 주먹밥,도산회관,https://www.kurly.com/goods/1001207695,11162,443,2025.09.22,건강하다 건강해! 비싸도 이렇게 만들어야 된다고 생각합니다. 맛있어요
도시락·밥류,한우 소보로 주먹밥,도산회관,https://www.kurly.com/goods/1001207695,11162,443,2025.09.21,도시락 밥으로 좋아요
도시락·밥류,한우 소보로 주먹밥,도산회관,https://www.kurly.com/goods/1001207695,11162,443,2025.09.20,자주 사먹는 음식이에요 강추합니다
도시락·밥류,한우 소보로 주먹밥,도산회관,https://www.kurly.com/goods/1001207695,11162,443,2025.09.20,남편이 마싯다고해요 전 안먹어봤는데  먹어봐야지~~
도시락·밥류,한우 소보로 주먹밥,도산회관,https://www.kurly.com/goods/1001207695,11162,443,2025.09.19,맛있어서 두번째 구입했는데 두번째껀 고기냄새가 나네요ㅠ 세번째 구매는 안할듯요
도시락·밥류,한우 소보로 주먹밥,도산회관,https://www.kurly.com/goods/1001207695,11162,443,2025.09.19,"지난번 처음 사봄
괜찮은거 같아서 재주문함
가격이 다소 높지만 아이가 맛있다며 잘 먹길래
간편하고 보관도 편리해서 좋네요
가격에 비해 양이 적지만ㅋ
맛있으니깐^^"
도시락·밥류,한우 소보로 주먹밥,도산회관,https://www.kurly.com/goods/1001207695,11162,443,2025.09.18,재구매 한번 사고 이것만 사게됨
도시락·밥류,한우 소보로 주먹밥,도산회관,https://www.kurly.com/goods/1001207695,11162,443,2025.09.17,후기좋아서 점심도시락용으로 구매해봤어요 맛있기를!!
도시락·밥류,한우 소보로 주먹밥,도산회관,https://www.kurly.com/goods/1001207695,11162,443,2025.09.17,간식으로 먹기 너무 좋아요 ㅎㅎ
도시락·밥류,한우 소보로 주먹밥,도산회관,https://www.kurly.com/goods/1001207695,11162,443,2025.09.16,아이들 바쁜 아침에 중간 간식으로 좋습니다. 소고기 함량도 좋고 맛도 너무 좋습니다~ 아이들 위해 항상 주문하게 되는 없어서는 안될 필수템? 같은  이번에도 또 재주문합니다~~=
도시락·밥류,한우 소보로 주먹밥,도산회관,https://www.kurly.com/goods/1001207695,11162,443,2025.09.16,전에 먹어보고 맛있어서 재구매했어요
도시락·밥류,한우 소보로 주먹밥,도산회관,https://www.kurly.com/goods/1001207695,11162,443,2025.09.16,솔직히 가격이 너무 비쌈
도시락·밥류,한우 소보로 주먹밥,도산회관,https://www.kurly.com/goods/1001207695,11162,443,2025.09.15,성분이 좋고 건강하지만 간이 쎄지않아그리고 밥이 퍼슬퍼슬한편
도시락·밥류,한우 소보로 주먹밥,도산회관,https://www.kurly.com/goods/1001207695,11162,443,2025.09.15,한우라 믿고 먹어요
도시락·밥류,한우 소보로 주먹밥,도산회관,https://www.kurly.com/goods/1001207695,11162,443,2025.09.14,"요고 슴슴하니 은근히 맛있어요
자꾸 생각나는 맛?
세일할때 구매해서 다시 세일하기만을 기다릴래용"
도시락·밥류,한우 소보로 주먹밥,도산회관,https://www.kurly.com/goods/1001207695,11162,443,2025.09.14,재구매했어요. 바쁠때 비상용으로 먹으려구요
도시락·밥류,한우 소보로 주먹밥,도산회관,https://www.kurly.com/goods/1001207695,11162,443,2025.09.13,아이가 잘먹어요~ 1개는 양이 좀 적고 2개 뚝딱이네요
도시락·밥류,한우 소보로 주먹밥,도산회관,https://www.kurly.com/goods/1001207695,11162,443,2025.09.13,이거 진짜 맛있어요 또 구매하러왔어요
도시락·밥류,한우 소보로 주먹밥,도산회관,https://www.kurly.com/goods/1001207695,11162,443,2025.09.13,그냥 먹어도 맛있긴한데요. 평범한 느낌이어서이번엔 팬에 들기름 좀 두르고 미나리 넣어서 볶아보았어요. 어느 식당에선가 한우미나리덮밥 이라는 메뉴를 맛있게 먹었던 기억이 있어서요. 간장으로 간 좀 다시 맞추고 계란 하나 올리니 남편이 너무 맛있대요. 냉장고 상비템으로 괜찮은 제품이에요.
도시락·밥류,한우 소보로 주먹밥,도산회관,https://www.kurly.com/goods/1001207695,11162,443,2025.09.12,후기보고 구매 했는데 맛있어요
도시락·밥류,한우 소보로 주먹밥,도산회관,https://www.kurly.com/goods/1001207695,11162,443,2025.09.12,아직 먹어 보기 전인데 후기처럼 맛있기를 바래요
도시락·밥류,한우 소보로 주먹밥,도산회관,https://www.kurly.com/goods/1001207695,11162,443,2025.09.12,아침으로 부담없이 먹을수 있어요.
도시락·밥류,한우 소보로 주먹밥,도산회관,https://www.kurly.com/goods/1001207695,11162,443,2025.09.10,너무 마싯어요 재구매 각!!
도시락·밥류,한우 소보로 주먹밥,도산회관,https://www.kurly.com/goods/1001207695,11162,443,2025.09.10,추천 받아서 구입했는데 아침에 간편하게 먹이기 너무 좋네요~밥 하나에 작은 사과 하나면 딱 좋은 것 같아요~
도시락·밥류,한우 소보로 주먹밥,도산회관,https://www.kurly.com/goods/1001207695,11162,443,2025.09.09,"좀 달달한데 간편 아침, 간식으로 좋아요"
도시락·밥류,한우 소보로 주먹밥,도산회관,https://www.kurly.com/goods/1001207695,11162,443,2025.09.09,아이가 조아해서 자주 시켜요
도시락·밥류,한우 소보로 주먹밥,도산회관,https://www.kurly.com/goods/1001207695,11162,443,2025.09.09,재구매.. 비싼만큼 맛있네요~ 간이 세지 않고 보슬보슬한 소고기 소보루의 식감이 좋음.
도시락·밥류,한우 소보로 주먹밥,도산회관,https://www.kurly.com/goods/1001207695,11162,443,2025.09.09,"도산회관이 여기까지
간단하게 먹이기 좋아요"
도시락·밥류,한우 소보로 주먹밥,도산회관,https://www.kurly.com/goods/1001207695,11162,443,2025.09.09,쿠폰 받아서 사서 좋습니다
도시락·밥류,한우 소보로 주먹밥,도산회관,https://www.kurly.com/goods/1001207695,11162,443,2025.09.09,쿠폰 받아서 사서 좋습니다^^
도시락·밥류,한우 소보로 주먹밥,도산회관,https://www.kurly.com/goods/1001207695,11162,443,2025.09.08,후기 좋아서 사봤는데 맛있어보여요
도시락·밥류,한우 소보로 주먹밥,도산회관,https://www.kurly.com/goods/1001207695,11162,443,2025.09.08,"조금 짭조롬합니다. 
레스토랑 전용이라 가격이 좀 센편.
고기심지가 질긴게 하나식 나오네요.
너무 기대했었나봐요. 맛이 없진 않지만, 감동적이진 않네요."
도시락·밥류,한우 소보로 주먹밥,도산회관,https://www.kurly.com/goods/1001207695,11162,443,2025.09.08,아이들 간식으로 냉동실에서 하나씩 꺼내주고있어요
도시락·밥류,한우 소보로 주먹밥,도산회관,https://www.kurly.com/goods/1001207695,11162,443,2025.09.08,맛있게 잘 먹고 있습니다~^^
도시락·밥류,한우 소보로 주먹밥,도산회관,https://www.kurly.com/goods/1001207695,11162,443,2025.09.08,맛도 있고 한우라서 구매했는데 아이들이 잘 먹네요.
도시락·밥류,한우 소보로 주먹밥,도산회관,https://www.kurly.com/goods/1001207695,11162,443,2025.09.08,"애한테 아침마다 이거 줬더니 이제는 지겹다네요...
이만한 아침식사도 없는데...잠시 쉬어갑니다.
거짓말 안하고 한달내내 아침마다 이거 먹였어요.
한우 실하게 다져서 들어가있고요,양념도 짭짤하이 어른이 먹어도 맛있어요.
아침으로는 이만한게 없어요~~"
도시락·밥류,한우 소보로 주먹밥,도산회관,https://www.kurly.com/goods/1001207695,11162,443,2025.09.07,"아이 간식겸 식사대용으로 간단하게 먹으려고 주문했어요
적당히 달달하고 고기소보루도 생각보다 많이 들어있어요"
도시락·밥류,한우 소보로 주먹밥,도산회관,https://www.kurly.com/goods/1001207695,11162,443,2025.09.07,"친구한개줬더니 주문부탁하네요
넘 맛있쟈나~~~
도산회관님
계속 맛나게부탁합니다"
도시락·밥류,한우 소보로 주먹밥,도산회관,https://www.kurly.com/goods/1001207695,11162,443,2025.09.07,"계속 쟁겨놓고싶은것중 탑입니다
저는 에어프라이어에먹는게 좋아요
겉바속촉 ㅎㅎ
밥이없어도걱정이없어요~"
도시락·밥류,한우 소보로 주먹밥,도산회관,https://www.kurly.com/goods/1001207695,11162,443,2025.09.07,"너무괜찮아서 주의에 홍보중입니다.
바쁜시간에 아이들 간식대용으로도 너무좋아요"
도시락·밥류,한우 소보로 주먹밥,도산회관,https://www.kurly.com/goods/1001207695,11162,443,2025.09.06,아침 식사 간단하게 해결하고 싶을 때 시키는 제품
도시락·밥류,한우 소보로 주먹밥,도산회관,https://www.kurly.com/goods/1001207695,11162,443,2025.09.06,아이들이 맛있다고 하루만에 다먹어버렸어요
도시락·밥류,한우 소보로 주먹밥,도산회관,https://www.kurly.com/goods/1001207695,11162,443,2025.09.06,베스트에 있더니 맛있네요
도시락·밥류,한우 소보로 주먹밥,도산회관,https://www.kurly.com/goods/1001207695,11162,443,2025.09.05,생각보다 가성비 쏘쏘예요.
도시락·밥류,한우 소보로 주먹밥,도산회관,https://www.kurly.com/goods/1001207695,11162,443,2025.09.05,맛있어요 아침식사 간편하게 굿
도시락·밥류,한우 소보로 주먹밥,도산회관,https://www.kurly.com/goods/1001207695,11162,443,2025.09.05,아침 대용으로 주문했어요
도시락·밥류,홈스토랑 볶음밥 6종 (4개입) (택1),애슐리,https://www.kurly.com/goods/1000040680,10110,6390,2024.12.07,"마켓컬리에서 애슐리 홈스토랑 와규버터볶음밥 4개입을 구매해봤어요. 이름만 들어도 고급진 느낌이 확 오잖아요? 냉동 볶음밥은 워낙 간편해서 자주 먹는데, 이건 정말 고급지게 한 끼 해결하고 싶을 때 추천하고 싶어요.  

조리법은 간단합니다. 프라이팬에 5분 정도 볶아주기만 하면 끝! 와규라 그런지 고기 맛이 진짜 풍부하고 부드러워요. 버터 풍미도 은은하면서 고소한 맛을 확 살려줘서 먹는 내내 만족도가 높았어요. 밥 알도 찰기가 살아 있고, 고기랑 버터 조화가 잘 맞아서 질리지 않더라고요.  

개인적으로 약간의 채소를 곁들이니 집에서 제대로 된 한 끼 먹는 기분이었어요. 외식 대용으로도 참 좋은거 같아요ㅎ"
도시락·밥류,홈스토랑 볶음밥 6종 (4개입) (택1),애슐리,https://www.kurly.com/goods/1000040680,10110,6390,2024.06.24,"* 구매하게 된 동기

간편하게 먹을 수 있는 걸 찾다가 우연히 알게 되었는 데 가성비도 좋은 것 같아서 애슐리 통새우 볶음밥 밀키트를 구매하게 되었습니다

오늘 애슐리 통새우 볶음밥을 먹었는 데 맛있게 잘 먹었어요

* 장점은 4봉지로 나눠져 있어서 보관하기도 쉽습니다

* 자취하시는 분들이나 소식하시는 분들이나 야간에 주로 일하고 퇴근하고 오시는 분들이 사 먹기 좋을 것 같습니다

* 단점은 냉동이어서 딱딱하게 얼려있다보니 하나씩 부셔줘야 합니다

딱딱하게 얼려있다면 해동 시킨 후에 드시는 것이 좋을 것 같습니다

* 좋은 점은 새벽배송이라 새벽에 택배를 받아볼 수 있고 배송도 빠르고 포장도 드라이아이스팩과 꼼꼼하게 되어서 왔고 가격도 괜찮은 편이고 유통기한도 긴걸로 보내주셨어요!

맛 ⭐️ ⭐️ ⭐️ ⭐️ ⭐️ 
포장 ⭐️ ⭐️ ⭐️ ⭐️ ⭐️
배송 ⭐️ ⭐️ ⭐️ ⭐️ ⭐️ 

* 박스로 들고 오는 것이다보니 찢어져서 오는 경우가 많은 데 박스도 상품도 손상된 거 없이 잘 도착해서 좋았어요!

그리고 쿠폰을 사용해서 기존에 있던 가격보다 저렴하게 구입할 수 있어서 좋았어요!

**** 👍👍👍👍 추천드립니다 👍👍👍👍 ****

상품 잘 받았습니다 판매자님

다음에 또 주문하게 되면 여기서 구매 할 예정입니다"
도시락·밥류,홈스토랑 볶음밥 6종 (4개입) (택1),애슐리,https://www.kurly.com/goods/1000040680,10110,6390,2024.04.07,"지난번에 애슐리에서 나온 홈스토랑 통새우 볶음밥을 구매해서 먹었는데 정말 맛있더라구요. 
그래서 이번엔 다른 종류도 먹어보고 싶어서 살펴보다가 이 '버터 와규 볶음밥' 도 맛있겠다 싶어서 구매해 봤습니다. 

한끼 먹을 분량이 적절하게 담겨져 있고, 평소에는 냉동시켜 보관하고 있다가 밥하기 귀찮거나 손님이 갑자기 왔는데 밥이 모자라거나 할 때 바로 전자레인지에 돌려서 먹으면 되니까 정말 편해요. 

집에 비상식량으로 꼭 구비해놔야 좋겠다 싶을만큼 정말 유용합니다.

게다가 맛도 정말 좋아요. 
제 입맛에는 통새우 볶음밥보다 이게 훨씬 맛있네요. 

버터향도 생각보다 많이 나고, 고기도 제대로 알차게 들어 있어서 너무너무 맛있어요. 
입맛 없을 때 먹기에도 진짜 좋을 것 같고, 특히 어린 아이들 입맛에 아주 잘 맞을만큼 단짠단짠입니다. 

앞으로도 자주 재구매할 것 같아요."
도시락·밥류,홈스토랑 볶음밥 6종 (4개입) (택1),애슐리,https://www.kurly.com/goods/1000040680,10110,6390,2025.09.22,"두번째 구매네요
아들이 맛있다고 잘먹네요
저는 고기나 소세지 양이
너무적은것같아서
소세지 더추가해서 조리해먹어요."
도시락·밥류,홈스토랑 볶음밥 6종 (4개입) (택1),애슐리,https://www.kurly.com/goods/1000040680,10110,6390,2025.09.22,"빠른배송 감사합니당
간편하게 먹기 좋고 맛있어요ㅎㅎㅎㅎ"
도시락·밥류,홈스토랑 볶음밥 6종 (4개입) (택1),애슐리,https://www.kurly.com/goods/1000040680,10110,6390,2025.09.21,맛있어요   볶음밥속 새우는 너무 작아서 생새우큰거 추가해서 먹어요
도시락·밥류,홈스토랑 볶음밥 6종 (4개입) (택1),애슐리,https://www.kurly.com/goods/1000040680,10110,6390,2025.09.21,시킨 볶음밥중에서 제일 나은듯 합니다
도시락·밥류,홈스토랑 볶음밥 6종 (4개입) (택1),애슐리,https://www.kurly.com/goods/1000040680,10110,6390,2025.09.21,아직 안 먹어 봤지만 느끼하지 않기 바랍니다
도시락·밥류,홈스토랑 볶음밥 6종 (4개입) (택1),애슐리,https://www.kurly.com/goods/1000040680,10110,6390,2025.09.21,"조금 느끼하네요
파기름 내서 다시 볶았어요"
도시락·밥류,홈스토랑 볶음밥 6종 (4개입) (택1),애슐리,https://www.kurly.com/goods/1000040680,10110,6390,2025.09.20,편하고 맛있어서 자주 사먹어요
도시락·밥류,홈스토랑 볶음밥 6종 (4개입) (택1),애슐리,https://www.kurly.com/goods/1000040680,10110,6390,2025.09.19,아이들 아침밥으로 간단하게 해줄수 있고 맛있데요
도시락·밥류,홈스토랑 볶음밥 6종 (4개입) (택1),애슐리,https://www.kurly.com/goods/1000040680,10110,6390,2025.09.19,애슐리 매장의 맛을  기대하며 구매해봅니다
도시락·밥류,홈스토랑 볶음밥 6종 (4개입) (택1),애슐리,https://www.kurly.com/goods/1000040680,10110,6390,2025.09.18,간단하니 좋아요. 급할때 딱이네요.
도시락·밥류,홈스토랑 볶음밥 6종 (4개입) (택1),애슐리,https://www.kurly.com/goods/1000040680,10110,6390,2025.09.18,점심 도시락으로 좋아요.
도시락·밥류,홈스토랑 볶음밥 6종 (4개입) (택1),애슐리,https://www.kurly.com/goods/1000040680,10110,6390,2025.09.15,여러가지 맛 중에 갈릭 스테이크가 젤 맛있네요.
도시락·밥류,홈스토랑 볶음밥 6종 (4개입) (택1),애슐리,https://www.kurly.com/goods/1000040680,10110,6390,2025.09.15,간이 짭잘해서 맛있는것 같아요
도시락·밥류,홈스토랑 볶음밥 6종 (4개입) (택1),애슐리,https://www.kurly.com/goods/1000040680,10110,6390,2025.09.14,급할때 먹기 좋아요~ 맛도있어요!
도시락·밥류,홈스토랑 볶음밥 6종 (4개입) (택1),애슐리,https://www.kurly.com/goods/1000040680,10110,6390,2025.09.14,급할때 먹기 좋아요~ 맛도있어요~
도시락·밥류,홈스토랑 볶음밥 6종 (4개입) (택1),애슐리,https://www.kurly.com/goods/1000040680,10110,6390,2025.09.14,좋어요  간편하고 가볍게먹기좋음
도시락·밥류,홈스토랑 볶음밥 6종 (4개입) (택1),애슐리,https://www.kurly.com/goods/1000040680,10110,6390,2025.09.14,맛나네요 ㅎㅎ 애슐리 굿
도시락·밥류,홈스토랑 볶음밥 6종 (4개입) (택1),애슐리,https://www.kurly.com/goods/1000040680,10110,6390,2025.09.13,"아이 도시락으로 구매했어요 
맛있는데 양이작아 한봉지반을 해야해요"
도시락·밥류,홈스토랑 볶음밥 6종 (4개입) (택1),애슐리,https://www.kurly.com/goods/1000040680,10110,6390,2025.09.13,아들이 볶음밥 좋아해서 주문했어요.
도시락·밥류,홈스토랑 볶음밥 6종 (4개입) (택1),애슐리,https://www.kurly.com/goods/1000040680,10110,6390,2025.09.13,세일하니 좋네요 맛있어요
도시락·밥류,홈스토랑 볶음밥 6종 (4개입) (택1),애슐리,https://www.kurly.com/goods/1000040680,10110,6390,2025.09.13,넘 맛있어요!! 계란추가하면 최고
도시락·밥류,홈스토랑 볶음밥 6종 (4개입) (택1),애슐리,https://www.kurly.com/goods/1000040680,10110,6390,2025.09.13,새우볶음밥을 좋아하는 아들을 위해
도시락·밥류,홈스토랑 볶음밥 6종 (4개입) (택1),애슐리,https://www.kurly.com/goods/1000040680,10110,6390,2025.09.12,"맛있어요
간편하고 맛있어서 재구매했어요"
도시락·밥류,홈스토랑 볶음밥 6종 (4개입) (택1),애슐리,https://www.kurly.com/goods/1000040680,10110,6390,2025.09.12,볶음밥 맛있어요 간이 좀 있어요
도시락·밥류,홈스토랑 볶음밥 6종 (4개입) (택1),애슐리,https://www.kurly.com/goods/1000040680,10110,6390,2025.09.12,김치볶음밥은 사랑입니돠
도시락·밥류,홈스토랑 볶음밥 6종 (4개입) (택1),애슐리,https://www.kurly.com/goods/1000040680,10110,6390,2025.09.12,점식 도시락으로 딱이예요
도시락·밥류,홈스토랑 볶음밥 6종 (4개입) (택1),애슐리,https://www.kurly.com/goods/1000040680,10110,6390,2025.09.12,양 많고 건더기는 적어요.맛은 있는데 기름기가 많아요.
도시락·밥류,홈스토랑 볶음밥 6종 (4개입) (택1),애슐리,https://www.kurly.com/goods/1000040680,10110,6390,2025.09.12,갈릭스테이크볶음밥 완전 만족합니다~^^ 기름을 넉넉히 넣고 볶아서인지 더 맛있게 느껴지네요 ㅎㅎ
도시락·밥류,홈스토랑 볶음밥 6종 (4개입) (택1),애슐리,https://www.kurly.com/goods/1000040680,10110,6390,2025.09.11,맛 좋습니다. 바쁠 때 딱 입니다. 많이 파세요.
도시락·밥류,홈스토랑 볶음밥 6종 (4개입) (택1),애슐리,https://www.kurly.com/goods/1000040680,10110,6390,2025.09.10,우리 남편이 잘먹는 애정템이에요
도시락·밥류,홈스토랑 볶음밥 6종 (4개입) (택1),애슐리,https://www.kurly.com/goods/1000040680,10110,6390,2025.09.10,갈릭 볶음밥 맛있어요
도시락·밥류,홈스토랑 볶음밥 6종 (4개입) (택1),애슐리,https://www.kurly.com/goods/1000040680,10110,6390,2025.09.10,간편하게 휘리릭 먹을수 있어 편해요~ 맛은 soso~~
도시락·밥류,홈스토랑 볶음밥 6종 (4개입) (택1),애슐리,https://www.kurly.com/goods/1000040680,10110,6390,2025.09.10,세일해서 미리미리 구매 ㅎㅎ 가격도
도시락·밥류,홈스토랑 볶음밥 6종 (4개입) (택1),애슐리,https://www.kurly.com/goods/1000040680,10110,6390,2025.09.10,간이 좀 짠데 맛있어요
도시락·밥류,홈스토랑 볶음밥 6종 (4개입) (택1),애슐리,https://www.kurly.com/goods/1000040680,10110,6390,2025.09.09,자주구매 가성비 좋
도시락·밥류,홈스토랑 볶음밥 6종 (4개입) (택1),애슐리,https://www.kurly.com/goods/1000040680,10110,6390,2025.09.09,애슐리 양도 적당하고 맛있어서 자주 구매합니다 간편하게 해먹기 좋아요
도시락·밥류,홈스토랑 볶음밥 6종 (4개입) (택1),애슐리,https://www.kurly.com/goods/1000040680,10110,6390,2025.09.09,"갈릭스테이크 볶음밥
간편식~ 좋음~"
도시락·밥류,홈스토랑 볶음밥 6종 (4개입) (택1),애슐리,https://www.kurly.com/goods/1000040680,10110,6390,2025.09.08,새우가 정말 맛있다고 애들이 잘 먹어요
도시락·밥류,홈스토랑 볶음밥 6종 (4개입) (택1),애슐리,https://www.kurly.com/goods/1000040680,10110,6390,2025.09.07,"애슐리 볶음밥 종류별로 너무 맛있어서 계속 주문해 먹고 있어요~조리법도 간편해서 렌지에 데우거나 프라이팬에 휘리릭 볶으면 누구나 손쉽게 데워 먹을수 있어서 아주 편리하고 맛도 좋아요^^
통새우 볶음밥은 특히 아이들이 좋아해서 자주 구입하게 되네요~
탱글한 새우를 넣어 고슬고슬하게 볶아낸 통새우 볶음밥은 
온가족이 부담없이 먹기에 딱 좋은 맛이랍니다

저는 프라이팬에 조리해서 자주 먹는데  중불에 식용유를 살짝 두르고 팬을 달군 다음 냉동 볶음밥을 넣고 살살 저으면서 휘리릭 볶아서 김치나 깍뚜기랑 같이 곁들여 먹으면 한끼 식사로 아주 충분하더라구요

소비기한도 넉넉해서 냉동실에 넣어두고 급할때 하나씩 꺼내먹으면 너무 좋더라구요
한봉지에 1인분씩 총 4팩이 들어있어요~
애슐리에 직접가서 먹는것처럼 감칠맛도 뛰어나고 맛도 크게 다르지않아 집에서 즐기기에 적극 추천해 드리고 싶어요~~♡"
도시락·밥류,홈스토랑 볶음밥 6종 (4개입) (택1),애슐리,https://www.kurly.com/goods/1000040680,10110,6390,2025.09.07,맛은 아직 못 봤어요 간편해보여서구입
도시락·밥류,홈스토랑 볶음밥 6종 (4개입) (택1),애슐리,https://www.kurly.com/goods/1000040680,10110,6390,2025.09.07,"밥하기 싫고 급할때 먹으려고 구비해놨어요.
스테이크갈릭은 안먹어봤는데 맛있다규 해서 기대중~♡"
도시락·밥류,홈스토랑 볶음밥 6종 (4개입) (택1),애슐리,https://www.kurly.com/goods/1000040680,10110,6390,2025.09.07,조리가 간편하고 맛도 슴슴하니 좋아요
도시락·밥류,홈스토랑 볶음밥 6종 (4개입) (택1),애슐리,https://www.kurly.com/goods/1000040680,10110,6390,2025.09.07,아침에  급할때 해주기 좋아요
도시락·밥류,홈스토랑 볶음밥 6종 (4개입) (택1),애슐리,https://www.kurly.com/goods/1000040680,10110,6390,2025.09.07,비상용으로 딱 좋아요
도시락·밥류,홈스토랑 볶음밥 6종 (4개입) (택1),애슐리,https://www.kurly.com/goods/1000040680,10110,6390,2025.09.07,앗있어요 조리법간단
도시락·밥류,홈스토랑 볶음밥 6종 (4개입) (택1),애슐리,https://www.kurly.com/goods/1000040680,10110,6390,2025.09.07,조리법도 간단하면서  맛도 있어요
도시락·밥류,홈스토랑 볶음밥 6종 (4개입) (택1),애슐리,https://www.kurly.com/goods/1000040680,10110,6390,2025.09.07,맛있어요ᆢ 조리법도 간단하고요
도시락·밥류,차돌듬뿍 묵은지 볶음밥,LOTS OF LOVE,https://www.kurly.com/goods/5025689,6760,82808,2023.06.05,재구입. 잘 받았습니다. 배송 빨라요
도시락·밥류,차돌듬뿍 묵은지 볶음밥,LOTS OF LOVE,https://www.kurly.com/goods/5025689,6760,82808,2022.06.16,"양은 신랑이랑 먹어도 적당해요. 처음에 꺼내면 냉동 상태에서는 양이 좀 많은데 수분 먹고 익으면 숨이 죽어요. 
저는 살짝 누룽지처럼 먹는걸 좋아해서 좀 오래 익혀요. 
사진은 28cm 사각팬이고 얇게 깔면 딱 맞더라고요. 
처음에 베이컨 두 줄 대충 잘라서 넣고 잘 익힌 후 차돌묵은지 넣고 얇게 펴서 누룽지 느낌 날때까지 익혀요. 

차돌듬뿍 묵은지 볶음밥이야 주문할때마다 같이 주문하는 품목이고 세일할땐 무조건 쟁여요. 그냥 노멀하게 먹는것도 좋지만 주먹밥이나 누룽지로 먹어도 좋아요.

다만 고추기름? 같은게 많이 묻어나서 손으로 만질땐 비닐장갑 필수. 조리도구도 물 안드는 소재 사용하는게 좋아요. 
베이컨이나 햄 곁들이면 좋긴한데 밥 자체 간이 딱 맞게 되어있어서 감안해서 적당히 넣어주는게 좋아요.

급할때 한끼 책임져주는 우리집 비상식량이에요."
도시락·밥류,차돌듬뿍 묵은지 볶음밥,LOTS OF LOVE,https://www.kurly.com/goods/5025689,6760,82808,2025.09.23,재재재재구매입니다 굿
도시락·밥류,차돌듬뿍 묵은지 볶음밥,LOTS OF LOVE,https://www.kurly.com/goods/5025689,6760,82808,2025.09.23,재재주문 항상 쟁여놉니다
도시락·밥류,차돌듬뿍 묵은지 볶음밥,LOTS OF LOVE,https://www.kurly.com/goods/5025689,6760,82808,2025.09.22,급할때 해먹는 밀키트중에 하나입니다
도시락·밥류,차돌듬뿍 묵은지 볶음밥,LOTS OF LOVE,https://www.kurly.com/goods/5025689,6760,82808,2025.09.22,"1인분에 2500정도하는 볶음밥과 비교했을때(얘는 4000원꼴) 장점을 크게 못느끼겠어요
고기도 잘게잘게 들어가있고…
그냥 1인분당 2500원 볶음밥 사먹겠습니다

맛은 있어요"
도시락·밥류,차돌듬뿍 묵은지 볶음밥,LOTS OF LOVE,https://www.kurly.com/goods/5025689,6760,82808,2025.09.22,계란후라이 하나 얹으면 더 맛있어요
도시락·밥류,차돌듬뿍 묵은지 볶음밥,LOTS OF LOVE,https://www.kurly.com/goods/5025689,6760,82808,2025.09.21,맛있게잘먹었어요 굿굿
도시락·밥류,차돌듬뿍 묵은지 볶음밥,LOTS OF LOVE,https://www.kurly.com/goods/5025689,6760,82808,2025.09.21,맛있어서 자주 자주 구매했어요
도시락·밥류,차돌듬뿍 묵은지 볶음밥,LOTS OF LOVE,https://www.kurly.com/goods/5025689,6760,82808,2025.09.21,늘 냉동실에 쟁여놓는 필수품이에요~
도시락·밥류,차돌듬뿍 묵은지 볶음밥,LOTS OF LOVE,https://www.kurly.com/goods/5025689,6760,82808,2025.09.20,기름이 너무 많아요.. 맛은 있습니다
도시락·밥류,차돌듬뿍 묵은지 볶음밥,LOTS OF LOVE,https://www.kurly.com/goods/5025689,6760,82808,2025.09.20,세일할때좋앗는데 .. 세일안할땐...금액에쎄네여
도시락·밥류,차돌듬뿍 묵은지 볶음밥,LOTS OF LOVE,https://www.kurly.com/goods/5025689,6760,82808,2025.09.20,항상 쟁이는 볶음밥이예요
도시락·밥류,차돌듬뿍 묵은지 볶음밥,LOTS OF LOVE,https://www.kurly.com/goods/5025689,6760,82808,2025.09.19,맛있어서 재구매 예정
도시락·밥류,차돌듬뿍 묵은지 볶음밥,LOTS OF LOVE,https://www.kurly.com/goods/5025689,6760,82808,2025.09.19,몇번째 재구매인지도 모르겠네요 제 최애❣️ 도시락싸가기 딱이에요
도시락·밥류,차돌듬뿍 묵은지 볶음밥,LOTS OF LOVE,https://www.kurly.com/goods/5025689,6760,82808,2025.09.19,간편하고 맛있게 잘 먹었습니다 ^^
도시락·밥류,차돌듬뿍 묵은지 볶음밥,LOTS OF LOVE,https://www.kurly.com/goods/5025689,6760,82808,2025.09.19,차돌 맛있어요.여기 제품 좋아합니다
도시락·밥류,차돌듬뿍 묵은지 볶음밥,LOTS OF LOVE,https://www.kurly.com/goods/5025689,6760,82808,2025.09.19,너무 자주 시켜서 잘먹고이서요
도시락·밥류,차돌듬뿍 묵은지 볶음밥,LOTS OF LOVE,https://www.kurly.com/goods/5025689,6760,82808,2025.09.19,급할때 바로 꺼내먹기좋아요
도시락·밥류,차돌듬뿍 묵은지 볶음밥,LOTS OF LOVE,https://www.kurly.com/goods/5025689,6760,82808,2025.09.18,짱 마싯서요 또또 주문할겁니당!!!!! 완전 최애볶음밥등극
도시락·밥류,차돌듬뿍 묵은지 볶음밥,LOTS OF LOVE,https://www.kurly.com/goods/5025689,6760,82808,2025.09.18,"오랜만에 재구매했어요
이거 맛있어요"
도시락·밥류,차돌듬뿍 묵은지 볶음밥,LOTS OF LOVE,https://www.kurly.com/goods/5025689,6760,82808,2025.09.17,"냉동볶음밥 중 최애입니다
후라이팬에 휘리릭 볶아서
후라이 두개 올려 먹으면 최고👍🏻"
도시락·밥류,차돌듬뿍 묵은지 볶음밥,LOTS OF LOVE,https://www.kurly.com/goods/5025689,6760,82808,2025.09.17,집에서 편하게 받으니 좋아요
도시락·밥류,차돌듬뿍 묵은지 볶음밥,LOTS OF LOVE,https://www.kurly.com/goods/5025689,6760,82808,2025.09.17,저희집 입맛엔 별로 맞지 않네요
도시락·밥류,차돌듬뿍 묵은지 볶음밥,LOTS OF LOVE,https://www.kurly.com/goods/5025689,6760,82808,2025.09.16,갑자기 반찬 없을때 전자렌지나 후라이팬이 뎁혀서 먹었어요
도시락·밥류,차돌듬뿍 묵은지 볶음밥,LOTS OF LOVE,https://www.kurly.com/goods/5025689,6760,82808,2025.09.16,아이 최애에요 자주 구매합니다.
도시락·밥류,차돌듬뿍 묵은지 볶음밥,LOTS OF LOVE,https://www.kurly.com/goods/5025689,6760,82808,2025.09.16,재재구매  남편의 비상식량 너무 맛있어요
도시락·밥류,차돌듬뿍 묵은지 볶음밥,LOTS OF LOVE,https://www.kurly.com/goods/5025689,6760,82808,2025.09.16,이거는 진짜 맛잇습니다 진짜 진짜 또 살거예여
도시락·밥류,차돌듬뿍 묵은지 볶음밥,LOTS OF LOVE,https://www.kurly.com/goods/5025689,6760,82808,2025.09.16,예전엔 진짜 차돌이 듬뿍 있었는데 요즘껀 잘 모르겠음
도시락·밥류,차돌듬뿍 묵은지 볶음밥,LOTS OF LOVE,https://www.kurly.com/goods/5025689,6760,82808,2025.09.16,제 소울푸드 남자친구 시켜줬더니 조금 맵다고 하네요 그래도 저는 조아해요 할인 자주 하면 좋게5;₩;6
도시락·밥류,차돌듬뿍 묵은지 볶음밥,LOTS OF LOVE,https://www.kurly.com/goods/5025689,6760,82808,2025.09.15,우리집 비상식량입니다 맛있는데 양이 작아요
도시락·밥류,차돌듬뿍 묵은지 볶음밥,LOTS OF LOVE,https://www.kurly.com/goods/5025689,6760,82808,2025.09.14,냉동실 구비템 임미다
도시락·밥류,차돌듬뿍 묵은지 볶음밥,LOTS OF LOVE,https://www.kurly.com/goods/5025689,6760,82808,2025.09.14,기름기가 좀 많지만 맛은 있어요
도시락·밥류,차돌듬뿍 묵은지 볶음밥,LOTS OF LOVE,https://www.kurly.com/goods/5025689,6760,82808,2025.09.14,차돌은 맛있는데 너무 양이 적어서 아쉬워요
도시락·밥류,차돌듬뿍 묵은지 볶음밥,LOTS OF LOVE,https://www.kurly.com/goods/5025689,6760,82808,2025.09.14,맛잇어요 늘 사요 냉동실에 쟁겨요
도시락·밥류,차돌듬뿍 묵은지 볶음밥,LOTS OF LOVE,https://www.kurly.com/goods/5025689,6760,82808,2025.09.14,다시 구매하지 않을 것 같아요 ~
도시락·밥류,차돌듬뿍 묵은지 볶음밥,LOTS OF LOVE,https://www.kurly.com/goods/5025689,6760,82808,2025.09.14,아이들을 좋아해서 자주 사용하고 있습니다
도시락·밥류,차돌듬뿍 묵은지 볶음밥,LOTS OF LOVE,https://www.kurly.com/goods/5025689,6760,82808,2025.09.14,계란하나 올려서 먹으니 딱 좋아요!)
도시락·밥류,차돌듬뿍 묵은지 볶음밥,LOTS OF LOVE,https://www.kurly.com/goods/5025689,6760,82808,2025.09.13,"냉동실단골템
간편하고 맛있어요"
도시락·밥류,차돌듬뿍 묵은지 볶음밥,LOTS OF LOVE,https://www.kurly.com/goods/5025689,6760,82808,2025.09.11,"쟁여템
이것말고는 다른것들은 먹지 못하겠어요.
5개구매후 하루도 안되 2개 클리어~"
도시락·밥류,차돌듬뿍 묵은지 볶음밥,LOTS OF LOVE,https://www.kurly.com/goods/5025689,6760,82808,2025.09.11,급할때 꼭 필요한 제품이죠~~~
도시락·밥류,차돌듬뿍 묵은지 볶음밥,LOTS OF LOVE,https://www.kurly.com/goods/5025689,6760,82808,2025.09.11,조미료 맥스의 맛 .. 맛없진않아요
도시락·밥류,차돌듬뿍 묵은지 볶음밥,LOTS OF LOVE,https://www.kurly.com/goods/5025689,6760,82808,2025.09.11,잘 먹엇습니다 ㅎㅎㅎ
도시락·밥류,차돌듬뿍 묵은지 볶음밥,LOTS OF LOVE,https://www.kurly.com/goods/5025689,6760,82808,2025.09.10,맛있다고 하네요 종종 사먹을게요
도시락·밥류,차돌듬뿍 묵은지 볶음밥,LOTS OF LOVE,https://www.kurly.com/goods/5025689,6760,82808,2025.09.09,너무 맛있지만 가격이 너무 비싸요.
도시락·밥류,차돌듬뿍 묵은지 볶음밥,LOTS OF LOVE,https://www.kurly.com/goods/5025689,6760,82808,2025.09.09,재구매는 안할 것 같아요 ㅎㅎ 한번 먹고 안꺼내는중 희희
도시락·밥류,차돌듬뿍 묵은지 볶음밥,LOTS OF LOVE,https://www.kurly.com/goods/5025689,6760,82808,2025.09.07,간편하고 맛있어서 재구매
도시락·밥류,차돌듬뿍 묵은지 볶음밥,LOTS OF LOVE,https://www.kurly.com/goods/5025689,6760,82808,2025.09.07,"차돌듬뿍 묵은지 볶음밥 후기가 좋아서 구매했어요~
후라이펜에 기름 없이 볶아서 맛있게 잘 먹었어요~ 다 먹고 다음에도 구매 하려구요^^"
도시락·밥류,차돌듬뿍 묵은지 볶음밥,LOTS OF LOVE,https://www.kurly.com/goods/5025689,6760,82808,2025.09.07,맛있게잘먹었어요 굿굿
도시락·밥류,차돌듬뿍 묵은지 볶음밥,LOTS OF LOVE,https://www.kurly.com/goods/5025689,6760,82808,2025.09.07,가끔 생각날 때가 있더라구요
도시락·밥류,고소한 유부초밥,풀무원,https://www.kurly.com/goods/5069131,4430,38465,2025.06.17,"풀무원 고소한 유부초밥 솔직 후기
- 집에서도 간편하게, 부드럽고 고소한 한 끼 완성!

바쁠 때 한 끼 해결하려고 풀무원 유부초밥을 사봤는데,
생각보다 훨씬 간편하고 맛도 깔끔해서 자주 찾게 될 것 같아요.

🧡 구성
	•	유부 10장
	•	밥에 섞어 먹는 후리가케
	•	초밥소스(초간장)
필요한 재료가 전부 들어 있어서 밥만 있으면 끝!
유부도 이미 양념돼 있어서 따로 조리할 필요 없이 바로 사용 가능해요.

🥢 맛

유부 자체가 너무 달지 않고 은은하게 고소해서
자극적이지 않고 딱 좋았어요.
초밥소스도 시큼하지 않고 부드럽게 새콤한 맛이라
아이부터 어른까지 무난하게 즐길 수 있는 스타일이에요.

밥에 후리가케랑 소스 넣고 잘 비벼서 유부에 채워주면 완성!
간단한데 은근히 손맛 나는 느낌도 나고, 도시락으로도 좋아요.

🍽️ 활용 팁

✔️ 단무지, 오이, 계란지단, 참치마요 살짝 곁들이면 퀄리티 업!
✔️ 반찬 없이도 한 끼 해결 가능해서 자취생, 아이 간식용으로도 추천

⸻

✅ 총평

✔️ 구성 알차고 조리 간편
✔️ 유부가 너무 달지 않아 부담 없이 먹기 좋음
✔️ 아담하게 만들어 먹는 재미도 있음
❗ 유부 양이 정해져 있으니 밥 양 조절은 필수! (너무 많이 넣으면 터짐😂)

➡️ 간편하게 깔끔한 한 끼, 도시락용으로도 딱!
고소함+간편함+가성비 다 챙기고 싶다면 추천할 만한 제품이에요 🙌"
도시락·밥류,고소한 유부초밥,풀무원,https://www.kurly.com/goods/5069131,4430,38465,2025.05.23,"원래 도시락 싸려고 구입했는데..  갑자기 너무 유부초밥이 먹고 싶어져서 먼저 한끼먹고 도시락용을 재구매했어요. 유부초밥은 아이가 좋아하는 편이 아니라 정말 오랜만에 구입했는데 이거는 맛있다고 엄청 잘먹네요!

기본양념이랑 꼬들단무지, 참기름까지 다 들어있어서 재료 추가할 필요없이 충분히 밥 양념 맛있게 잘 되더라고요. 그리고 유부가 너무 짜지도 않고 기름지지도 않고 너무 고소하게 맛있어요. 유부가 한팩에 14장씩 두팩 들어있는데 양념도 두개씩 소분되어 있어서 간식으로 간단하게 나누어서 만들기도 좋을 것 같아요  

유부안에 양념된 밥을 통통히 채워넣는걸 보더니 아이도 손씻고 도와줘서 금방 만들어냈어요. 중간중간 만들면서 하나씩 먹는 재미도 좋더라고요. 덕분에 맛있는 도시락 먹고 즐거운 추억 만들었습니다."
도시락·밥류,고소한 유부초밥,풀무원,https://www.kurly.com/goods/5069131,4430,38465,2024.10.24,"고소~한 유부초밥 ㅎㅎ
항상 새콤달콤 유부초밥만 먹다가 아이들이 식초맛에 약간 거부감이 있길래
고소한 유부초밥은 어떤가 싶어 주문했던게 시초가되어
계속 쭈욱~ 고소한 유부초밥만 주문하고있어요

유부초밥안에 꼬들꼬들 식감의 단무지가 잘게 들어가고
참기름과 재료들을 넣고 섞으면 밥만 먹어도 맛있는 고소한 초밥이 됩니다

유부를 하나하나 찢어지지않게 펼쳐서 밥을 넣어 모양을 만들고있으면
하나가 완성된 순간부터 하나씩 집어가버려서
전체 완성샷은 못찍었지만ㅎㅎ 진짜 맛있습니다~

새콤달콤 유부초밥이 진짜 새콤달콤한 맛이라면
고소한 유부초밥은 진짜 고소~~한 유부초밥이에요!!

혹시 초밥에 식초맛이 싫은분들이나
미취학 자녀들이 초밥을 잘안먹는다 하시면 고소한 유부초밥해보세요^^"
도시락·밥류,고소한 유부초밥,풀무원,https://www.kurly.com/goods/5069131,4430,38465,2025.09.23,두부유부초밥 해먹으려고 샀어요!! 좋아요
도시락·밥류,고소한 유부초밥,풀무원,https://www.kurly.com/goods/5069131,4430,38465,2025.09.23,"고소한 유부초밥
맛있어요~"
도시락·밥류,고소한 유부초밥,풀무원,https://www.kurly.com/goods/5069131,4430,38465,2025.09.23,도시락 싸고 맛있게 먹었습니다
도시락·밥류,고소한 유부초밥,풀무원,https://www.kurly.com/goods/5069131,4430,38465,2025.09.23,유부초밥 중에 제일 맛있어서 매번 이제품으로 재주문해요.
도시락·밥류,고소한 유부초밥,풀무원,https://www.kurly.com/goods/5069131,4430,38465,2025.09.23,오랜만에 두부유부초밥 먹고 싶어서 구매했어요.
도시락·밥류,고소한 유부초밥,풀무원,https://www.kurly.com/goods/5069131,4430,38465,2025.09.23,고소한 유부초밥이 젤 맛있어요 꼬들꼬들 우엉 좋아요
도시락·밥류,고소한 유부초밥,풀무원,https://www.kurly.com/goods/5069131,4430,38465,2025.09.22,애들 주말에 간단히 해주기 좋아요 ~~
도시락·밥류,고소한 유부초밥,풀무원,https://www.kurly.com/goods/5069131,4430,38465,2025.09.22,"요만큼 나왔어요
새콤하지 않고
고소한 유부초밥입니다
2.5에서 3인분(소식가)
정도 되겠네요
고기는 추가로 넣었어요"
도시락·밥류,고소한 유부초밥,풀무원,https://www.kurly.com/goods/5069131,4430,38465,2025.09.22,유부초밥 중 젤 맛있어요~
도시락·밥류,고소한 유부초밥,풀무원,https://www.kurly.com/goods/5069131,4430,38465,2025.09.22,도시락 싸기 좋아요. 유부초밥 중 제일 맛있어요.
도시락·밥류,고소한 유부초밥,풀무원,https://www.kurly.com/goods/5069131,4430,38465,2025.09.22,반찬없을때 다진 야채볶아서 넣어주면 맛있게 먹을수있어요
도시락·밥류,고소한 유부초밥,풀무원,https://www.kurly.com/goods/5069131,4430,38465,2025.09.22,"유부초밥도 좋지만..
유부 꼭 짜서 비빔밥에 넣어 먹고..국수 고명으로도  괜찮아요."
도시락·밥류,고소한 유부초밥,풀무원,https://www.kurly.com/goods/5069131,4430,38465,2025.09.22,꼬들한 묵은지가 들어있어서 식감이 좋아요
도시락·밥류,고소한 유부초밥,풀무원,https://www.kurly.com/goods/5069131,4430,38465,2025.09.22,첨으로 유부초밥맛들어봤는데 유부를 너무꽉짜서  조금 싱거웠네요 ㅎ
도시락·밥류,고소한 유부초밥,풀무원,https://www.kurly.com/goods/5069131,4430,38465,2025.09.22,"맛있어요.
재구매 자주해요."
도시락·밥류,고소한 유부초밥,풀무원,https://www.kurly.com/goods/5069131,4430,38465,2025.09.22,애들 아침 대용으로 좋아요.
도시락·밥류,고소한 유부초밥,풀무원,https://www.kurly.com/goods/5069131,4430,38465,2025.09.22,맛나요 고소해요 좋아요
도시락·밥류,고소한 유부초밥,풀무원,https://www.kurly.com/goods/5069131,4430,38465,2025.09.22,"유부초밥은 이제 이걸로 정착했어용
꼬들꼬들하고 고소하고 너무 맛있어서 완전 추천 !!"
도시락·밥류,고소한 유부초밥,풀무원,https://www.kurly.com/goods/5069131,4430,38465,2025.09.22,새콤한 유부초밥보다 입맛에 맞아서 자주사요
도시락·밥류,고소한 유부초밥,풀무원,https://www.kurly.com/goods/5069131,4430,38465,2025.09.22,도시락으로 싸 가서 먹으려고 구입했는데 아직 못해먹었네요
도시락·밥류,고소한 유부초밥,풀무원,https://www.kurly.com/goods/5069131,4430,38465,2025.09.22,유부속 두부넣고 다이어트로
도시락·밥류,고소한 유부초밥,풀무원,https://www.kurly.com/goods/5069131,4430,38465,2025.09.21,좋아하는 유부초밥인데 세일해서 구입했어요. 맛있게 잘 먹을게요~
도시락·밥류,고소한 유부초밥,풀무원,https://www.kurly.com/goods/5069131,4430,38465,2025.09.21,유부초밥 맛있어요 감사합니다
도시락·밥류,고소한 유부초밥,풀무원,https://www.kurly.com/goods/5069131,4430,38465,2025.09.21,가격이 좋아요 새콤달콤도 좋고 고소한것ㄷㅗ 좋아요
도시락·밥류,고소한 유부초밥,풀무원,https://www.kurly.com/goods/5069131,4430,38465,2025.09.21,두부넣어서 먹어도 맛있어요~
도시락·밥류,고소한 유부초밥,풀무원,https://www.kurly.com/goods/5069131,4430,38465,2025.09.21,고소하니 맛있어요 종종 사먹어요
도시락·밥류,고소한 유부초밥,풀무원,https://www.kurly.com/goods/5069131,4430,38465,2025.09.21,고소하니 맛있습니다
도시락·밥류,고소한 유부초밥,풀무원,https://www.kurly.com/goods/5069131,4430,38465,2025.09.21,따로 나눠져있어서 편합니다ㅡ
도시락·밥류,고소한 유부초밥,풀무원,https://www.kurly.com/goods/5069131,4430,38465,2025.09.21,매번 시켜 먹어도 맛있어요~~
도시락·밥류,고소한 유부초밥,풀무원,https://www.kurly.com/goods/5069131,4430,38465,2025.09.21,풀무원 유부초밥 중 제일 맛있어요
도시락·밥류,고소한 유부초밥,풀무원,https://www.kurly.com/goods/5069131,4430,38465,2025.09.21,가족모두 잘 먹어요~~
도시락·밥류,고소한 유부초밥,풀무원,https://www.kurly.com/goods/5069131,4430,38465,2025.09.21,고소한 유부초밥은 처음 사봐요
도시락·밥류,고소한 유부초밥,풀무원,https://www.kurly.com/goods/5069131,4430,38465,2025.09.21,할인해서 구매했어요 유통기한도 넉넉해요
도시락·밥류,고소한 유부초밥,풀무원,https://www.kurly.com/goods/5069131,4430,38465,2025.09.21,간편하게 구매해서 좋아요~~~~~~
도시락·밥류,고소한 유부초밥,풀무원,https://www.kurly.com/goods/5069131,4430,38465,2025.09.21,짭쪼름하고 고소하게 맛있어요
도시락·밥류,고소한 유부초밥,풀무원,https://www.kurly.com/goods/5069131,4430,38465,2025.09.21,평이 좋아 구매했어요~
도시락·밥류,고소한 유부초밥,풀무원,https://www.kurly.com/goods/5069131,4430,38465,2025.09.21,"세일할때 쟁여놓는템
맛닜어요"
도시락·밥류,고소한 유부초밥,풀무원,https://www.kurly.com/goods/5069131,4430,38465,2025.09.20,맛있어요~ 간편하고 좋음
도시락·밥류,고소한 유부초밥,풀무원,https://www.kurly.com/goods/5069131,4430,38465,2025.09.20,맛있게 잘 먹었습니다
도시락·밥류,고소한 유부초밥,풀무원,https://www.kurly.com/goods/5069131,4430,38465,2025.09.20,너무 달지않아 좋아요
도시락·밥류,고소한 유부초밥,풀무원,https://www.kurly.com/goods/5069131,4430,38465,2025.09.20,유부초밥 좋아해 가끔 재구매 해요
도시락·밥류,고소한 유부초밥,풀무원,https://www.kurly.com/goods/5069131,4430,38465,2025.09.20,유부초밥 좋아하는데 새로운 맛으로 사봤어요
도시락·밥류,고소한 유부초밥,풀무원,https://www.kurly.com/goods/5069131,4430,38465,2025.09.20,유부초밥 해먹고 싶어서 샀어요!! 잘 산듯
도시락·밥류,고소한 유부초밥,풀무원,https://www.kurly.com/goods/5069131,4430,38465,2025.09.20,다른 상품보다 괜찮은듯
도시락·밥류,고소한 유부초밥,풀무원,https://www.kurly.com/goods/5069131,4430,38465,2025.09.20,유부초밥 생각날 때마다 이걸로 자주 구매해서 먹어요
도시락·밥류,고소한 유부초밥,풀무원,https://www.kurly.com/goods/5069131,4430,38465,2025.09.20,유부초밥 이게 제일 맛잇어요
도시락·밥류,고소한 유부초밥,풀무원,https://www.kurly.com/goods/5069131,4430,38465,2025.09.20,"풀무원에서 자주 구매하는 상품입니다
가격이 너무 많이 오릅니다"
도시락·밥류,라이킷 식단관리 도시락 8종 (택2),마이비밀,https://www.kurly.com/goods/1000134705,4320,45631,2025.06.10,"마이비밀 계란볶음밥 + 떡갈비 냉동도시락 솔직 후기 🍱

육아하느라 정신없을 때, 밥 챙기기조차 힘든 날이 많은데요. 이럴 때 구세주처럼 등장한 게 바로 냉동도시락! 그중에서도 요즘 인기 있다는 마이비밀 계란볶음밥과 떡갈비 도시락을 먹어봤어요.

✅ 구성 & 조리
구성: 계란볶음밥 + 떡갈비 2조각 + 잡채 약간 + 나물 반찬
조리법: 전자레인지 3분~4분 30초 정도 돌리면 완성! 포장도 깔끔하고, 용기도 탄탄해서 따로 그릇에 옮기지 않아도 돼서 편했어요.
🍳 계란볶음밥 맛은?
기름지지 않고 깔끔한 스타일의 볶음밥이에요.
자극적이지 않고 고소해서 아이들과 함께 먹어도 괜찮을 정도예요.
다만 조금 밍밍하다고 느껴질 수 있어서, 개인적으로는 김치나 단무지랑 같이 먹으니 딱 좋았어요.
🥩 떡갈비는?
두께감도 적당하고, 잡내 없이 맛있었어요.
씹을 때 육즙은 살짝 부족했지만, 단짠단짠한 양념이 밥이랑 잘 어울렸어요.
기대보단 괜찮았고, 냉동식품치고 퀄리티는 만족!

전체적으로 구성의 균형이 좋아서 한 끼 식사로 충분했어요.
🌟 총평
장점: 간편함, 깔끔한 맛, 무난한 구성
재구매 의사: ★★★★★
정신없을 때 하나쯤 냉동고에 있으면 든든한 도시락이에요. 너무 자극적이지 않아서 자주 먹어도 부담 없고, 양도 딱 적당해요."
도시락·밥류,라이킷 식단관리 도시락 8종 (택2),마이비밀,https://www.kurly.com/goods/1000134705,4320,45631,2023.11.29,"🍳계란볶음밥과 🍖떡갈비
마이킷 종류별로 먹어보고 쓰는 후기
집에서 아무때나 밥 먹고 싶을때 먹으려고 구매했는데
후기좋은 만큼 퀄리티 좋고 맛있네요
계란볶음밥과 떡갈비를
제일 마지막에 먹었는데 제일 맘에 들었어요
채소부분에 물도 안생기고
떡갈비 소스 덕분에 끝까지 맛있게 먹을 수 있는 맛
떡갈비가 쫀쫀한데 채소들이랑 같이 먹으니
완벽한 영양소를 채워주는 것 같네요

1. 간단히 식단 하기도 좋은데 착한 가격
2. 다양한 구성으로 질리지 않고 그날그날 끌리는 맛으로 먹을 수 있음
3. 전자렌지만으로 뜨끈한 밥반찬이 있어서 보기만해도 만족스럽고
4. 포만감 있어서 다른 먹을거리 생각이 안나도록 양이 충분했어요
5. 한톨도 안남기고 먹게되어 음식물 처리 안해도 되고
6. 종이, 비닐, 플라스틱 깨끗하게 닦여서 재활용해 버리기 편했습니다."
도시락·밥류,라이킷 식단관리 도시락 8종 (택2),마이비밀,https://www.kurly.com/goods/1000134705,4320,45631,2023.03.01,"사실 저는 다이어트 보다는 지병으로 인한 근육손실 때문에 최근에 운동을 시작하면서 추가로 단백질 섭취를 위해서 회사에서 한끼 식사로 먹으려고 구매했어요. 입이 짧고 양이 적어서 추가로 구운계란을 얹으니 저에게는 충분한 한끼가 되었지만 평균적으로는 조금 작을것 같은 양이에요!

포장은 베뤼굳이에요! 탄탄하고 간단한 포장과 간단한 조리 방법까지. 전자레인지 하나만 있으면 됩니다! 

야채볶음밥은 다들 아시는 야채볶음밥과 똑같아요. 그리고 맛나요! 적당히 오일리해서 고소하면서 볶음밥 맛집에서 먹는것 같은 느낌이 들었고 치즈숯불닭은 진짜 살짝 매콤하면서 치즈도 같이 곁들여져 있으니 정말 한국인을 위한 닭가슴살 요리가 아닌가 생각이 들어요 ㅋㅋㅋ 진짜 숯불의 그 화한 맛도 나면서 매콤한! 그래서 저는 밥을 살짝 비벼도 먹어봤어요. 결론은 맛났습니다 >_< 그리고 추가로 곁들인 구운계란 덕분에 든든하면서 기분좋은 한끼가 되었네요!

사실 이번이 처음으로 이런 도시락을 사는거였는데 혹시 별로면 어쩌나 걱정을 많이 했지만 진짜 맛나게 먹어서 다음엔 뭐 먹을지 생각하면서 먹게 되더라구요 ㅋㅋㅋ 
이래서 사람들이 이런 도시락을 사서 먹는거구나...

일단 저는 완전 강추요!!!! 그럼 저는 이건 추가로 장바구니에 넣어놓고 다음 도시락을 찾아서 총총총,,,"
도시락·밥류,라이킷 식단관리 도시락 8종 (택2),마이비밀,https://www.kurly.com/goods/1000134705,4320,45631,2025.09.22,냉동실에 보관해뒀다가 아침에 가지고 출근하면 점심쯤 자연스럽게 해동이 되더라구요!! 맛도 다양하고 먹기 편해서 자주 구매시킬 것 같아요
도시락·밥류,라이킷 식단관리 도시락 8종 (택2),마이비밀,https://www.kurly.com/goods/1000134705,4320,45631,2025.09.22,급할때 먹기 편하고 맛도 좋아요
도시락·밥류,라이킷 식단관리 도시락 8종 (택2),마이비밀,https://www.kurly.com/goods/1000134705,4320,45631,2025.09.22,회사에서 먹기 편하고 맛있어요
도시락·밥류,라이킷 식단관리 도시락 8종 (택2),마이비밀,https://www.kurly.com/goods/1000134705,4320,45631,2025.09.22,간단히 먹기 좋아요 만족합니다
도시락·밥류,라이킷 식단관리 도시락 8종 (택2),마이비밀,https://www.kurly.com/goods/1000134705,4320,45631,2025.09.22,다이어트 식단 조절힐때 좋아요
도시락·밥류,라이킷 식단관리 도시락 8종 (택2),마이비밀,https://www.kurly.com/goods/1000134705,4320,45631,2025.09.22,간단하게 먹기 좋고 맛있어요
도시락·밥류,라이킷 식단관리 도시락 8종 (택2),마이비밀,https://www.kurly.com/goods/1000134705,4320,45631,2025.09.22,제일 맛잇아요 또 구매함
도시락·밥류,라이킷 식단관리 도시락 8종 (택2),마이비밀,https://www.kurly.com/goods/1000134705,4320,45631,2025.09.22,제일 맛나네요 굿국
도시락·밥류,라이킷 식단관리 도시락 8종 (택2),마이비밀,https://www.kurly.com/goods/1000134705,4320,45631,2025.09.22,맛나요 굿굿 제일 맛남
도시락·밥류,라이킷 식단관리 도시락 8종 (택2),마이비밀,https://www.kurly.com/goods/1000134705,4320,45631,2025.09.22,다 먹어봤는데 맛있어요
도시락·밥류,라이킷 식단관리 도시락 8종 (택2),마이비밀,https://www.kurly.com/goods/1000134705,4320,45631,2025.09.22,처음 사봤는데 양은작아도 아들이 편하게 먹고있어요
도시락·밥류,라이킷 식단관리 도시락 8종 (택2),마이비밀,https://www.kurly.com/goods/1000134705,4320,45631,2025.09.22,처음 사봤는데 양은작아도 편하게 먹을 수있어요
도시락·밥류,라이킷 식단관리 도시락 8종 (택2),마이비밀,https://www.kurly.com/goods/1000134705,4320,45631,2025.09.21,늘 컬리에서만 사요!
도시락·밥류,라이킷 식단관리 도시락 8종 (택2),마이비밀,https://www.kurly.com/goods/1000134705,4320,45631,2025.09.21,늘 컬리에서만 사요!!
도시락·밥류,라이킷 식단관리 도시락 8종 (택2),마이비밀,https://www.kurly.com/goods/1000134705,4320,45631,2025.09.21,간단하게 먹기 좋아요 맛있어요!!
도시락·밥류,라이킷 식단관리 도시락 8종 (택2),마이비밀,https://www.kurly.com/goods/1000134705,4320,45631,2025.09.21,간단하게 먹기 좋아요 맛있어요!
도시락·밥류,라이킷 식단관리 도시락 8종 (택2),마이비밀,https://www.kurly.com/goods/1000134705,4320,45631,2025.09.21,간단하게 먹기 좋아요 맛있어요
도시락·밥류,라이킷 식단관리 도시락 8종 (택2),마이비밀,https://www.kurly.com/goods/1000134705,4320,45631,2025.09.20,간단하게 먹을 수 있어서 너무 좋고 맛도 있어요 원래 먹던 제품이 있는데 이것도 좋네요
도시락·밥류,라이킷 식단관리 도시락 8종 (택2),마이비밀,https://www.kurly.com/goods/1000134705,4320,45631,2025.09.20,식단관리도 하고 맛있는 도시락도 먹고 일석이조네요 그치만 양은 안차요 ㅠㅜ
도시락·밥류,라이킷 식단관리 도시락 8종 (택2),마이비밀,https://www.kurly.com/goods/1000134705,4320,45631,2025.09.20,한번에 여러개 주문해봤는데 시킨 것 다 맛이 있어서 만족합니다
도시락·밥류,라이킷 식단관리 도시락 8종 (택2),마이비밀,https://www.kurly.com/goods/1000134705,4320,45631,2025.09.20,식단관리도 할 수 있고 맛있게 먹을 수 있어서 만족합니다
도시락·밥류,라이킷 식단관리 도시락 8종 (택2),마이비밀,https://www.kurly.com/goods/1000134705,4320,45631,2025.09.20,"다이어트 중이라 식단도시락이 필요했어요
양은 적지만 맛은 좋아요"
도시락·밥류,라이킷 식단관리 도시락 8종 (택2),마이비밀,https://www.kurly.com/goods/1000134705,4320,45631,2025.09.20,식단관리중엔 도시락만큼 편리한게 없어요 양은 좀 적지만 맛은 있어요
도시락·밥류,라이킷 식단관리 도시락 8종 (택2),마이비밀,https://www.kurly.com/goods/1000134705,4320,45631,2025.09.20,식단관리중이라 먹던 것 말고 새로운게 궁금해서 주문했어요
도시락·밥류,라이킷 식단관리 도시락 8종 (택2),마이비밀,https://www.kurly.com/goods/1000134705,4320,45631,2025.09.20,식단관리 중인데 먹던 것 말고 새로운 거 먹고 싶어서 시켜봤어요
도시락·밥류,라이킷 식단관리 도시락 8종 (택2),마이비밀,https://www.kurly.com/goods/1000134705,4320,45631,2025.09.20,양은 적지만 가끔 사먹어요 전부 맛있슴미다
도시락·밥류,라이킷 식단관리 도시락 8종 (택2),마이비밀,https://www.kurly.com/goods/1000134705,4320,45631,2025.09.20,양은 적지만 가끔 사먹어요 오믈렛이 가장 맛있는거같아요
도시락·밥류,라이킷 식단관리 도시락 8종 (택2),마이비밀,https://www.kurly.com/goods/1000134705,4320,45631,2025.09.20,맛있어용!!! 재구매할것 같아요
도시락·밥류,라이킷 식단관리 도시락 8종 (택2),마이비밀,https://www.kurly.com/goods/1000134705,4320,45631,2025.09.19,조리법에 적힌대로 전자레인지에 돌렸는데 신기하게 김치는 따뜻해 지지 읺더군요.
도시락·밥류,라이킷 식단관리 도시락 8종 (택2),마이비밀,https://www.kurly.com/goods/1000134705,4320,45631,2025.09.19,밥 양이 적고 오믈렛이 좀 애매해요.
도시락·밥류,라이킷 식단관리 도시락 8종 (택2),마이비밀,https://www.kurly.com/goods/1000134705,4320,45631,2025.09.19,가볍게 먹기 좋네요. 0.7인분인 느낌
도시락·밥류,라이킷 식단관리 도시락 8종 (택2),마이비밀,https://www.kurly.com/goods/1000134705,4320,45631,2025.09.19,"손쉽게 다이어트식을 섭취 할 수 있어 좋아요..
맛도 좋습니다."
도시락·밥류,라이킷 식단관리 도시락 8종 (택2),마이비밀,https://www.kurly.com/goods/1000134705,4320,45631,2025.09.19,"기대이상으로 맛있게 잘 먹었습니다..
세일할때 좀 더 쟁여둘껄 하고 후회했습니다
ㅋㅋㅋ 양은 많지 않지만 전자렌지에 데워서 편리하게
먹을수 있고 취나물밥이라 더더욱 좋더라구요~"
도시락·밥류,라이킷 식단관리 도시락 8종 (택2),마이비밀,https://www.kurly.com/goods/1000134705,4320,45631,2025.09.19,퀴노아밥과 김치 제육볶음은 아직  먹기전인데 같이 주문했던 취나물밥과 불고기 먹어보니 맛있어서 기대됩니다. 세일할때 잘 구매한거 같아요~
도시락·밥류,라이킷 식단관리 도시락 8종 (택2),마이비밀,https://www.kurly.com/goods/1000134705,4320,45631,2025.09.18,간편하고 맛있음ㅋㅋ
도시락·밥류,라이킷 식단관리 도시락 8종 (택2),마이비밀,https://www.kurly.com/goods/1000134705,4320,45631,2025.09.18,구성도좋고  가격도 착하고 맛있고 잘먹고 있어요
도시락·밥류,라이킷 식단관리 도시락 8종 (택2),마이비밀,https://www.kurly.com/goods/1000134705,4320,45631,2025.09.18,구성좋고 남친이랑 같이먹으니 금방 먹어요
도시락·밥류,라이킷 식단관리 도시락 8종 (택2),마이비밀,https://www.kurly.com/goods/1000134705,4320,45631,2025.09.18,회사에서 점심으로 먹고 있는데 양이적긴하지만 맛은 있어요
도시락·밥류,라이킷 식단관리 도시락 8종 (택2),마이비밀,https://www.kurly.com/goods/1000134705,4320,45631,2025.09.18,집에서 한개 회사에서 한개 맛있게 먹고 있어요
도시락·밥류,라이킷 식단관리 도시락 8종 (택2),마이비밀,https://www.kurly.com/goods/1000134705,4320,45631,2025.09.18,회사에서도 먹고 집에서도 먹고 잘먹고 있어요
도시락·밥류,라이킷 식단관리 도시락 8종 (택2),마이비밀,https://www.kurly.com/goods/1000134705,4320,45631,2025.09.17,"밥 차리고 먹고 치우고 하는 시간이 아까워서
간편식으로 사봤어요 양이 작지만 가격이 비하면 저렴한거 같아요 요즘 만원짜리 한장가지고 먹을수 있는게 별루 없는거에 비하면 세일할때 사놓고 하나씩 먹기
좋은거 같아오"
도시락·밥류,라이킷 식단관리 도시락 8종 (택2),마이비밀,https://www.kurly.com/goods/1000134705,4320,45631,2025.09.17,"세일할때 저렴하게 샀어요
식사 양을 줄이고 있어서 저한테는 양이 적당하네요 계란 두개랑 먹으면 딱 좋아오"
도시락·밥류,라이킷 식단관리 도시락 8종 (택2),마이비밀,https://www.kurly.com/goods/1000134705,4320,45631,2025.09.17,맛있어용!!! 재구매할것같아욤
도시락·밥류,라이킷 식단관리 도시락 8종 (택2),마이비밀,https://www.kurly.com/goods/1000134705,4320,45631,2025.09.17,맛있어용!!! 재구매할것같아요
도시락·밥류,라이킷 식단관리 도시락 8종 (택2),마이비밀,https://www.kurly.com/goods/1000134705,4320,45631,2025.09.17,예전에 먹었던 기억이 있는데 맛있어서 재구매했어요~~~ㅎㅎ
도시락·밥류,라이킷 식단관리 도시락 8종 (택2),마이비밀,https://www.kurly.com/goods/1000134705,4320,45631,2025.09.17,예전에 먹었던 기억이 있는데 맛있어서 재구매했어요~~~!!
도시락·밥류,라이킷 식단관리 도시락 8종 (택2),마이비밀,https://www.kurly.com/goods/1000134705,4320,45631,2025.09.17,예전에 먹었던 기억이 있는데 맛있어서 재구매했어요~~~
도시락·밥류,시그니처 쇠고기 마늘 볶음밥,Chai797,https://www.kurly.com/goods/1001316382,8500,760,2025.05.19,"chai797짜장면 맛있게먹었는데
chai797 에서 시그니처 소고기마늘 볶음밥이 나왔더라구요~
저희신랑이 마늘도좋아하고 볶음밥도 좋아하는데 안살수가 없더라구요.
냉동으로 배송되구요.
2인분인데 지퍼백포장이에요.
1인분씩 포장되어있을줄 알았는데
2인분이 한번에 들어있더라구요
지퍼백포장이지만 1인분씩 포장이안된부분은 아쉬웠어요.
고슬고슬한 밥에 소고기랑 편마늘 다진마늘이 왕창 들어있었고 고기누린내도 없고  마늘향이 진하지만 먹기힘들지않고 감칠맛나게 맛있었어요.
불향이 진하진않았지만
충분히 맛있어서 만족했어요.
간이 센 편이라서 1인분기준 밥 반공기정도 더 넣고 볶아줬어요.
두번에 나눠서먹었으니 저희집 기준 2인분이아닌 3인분이였어요.
추가재료없이 볶아먹어도 충분히맛있지만 
대파 큰거 1대채썰어서 파기름내준다음 
시그니처 소고기마늘볶음밥1인분에 찬밥 반공기 더 넣고 5분정도 센불에서 볶아준다음
이베리코 목살이랑 양파볶아서 볶음밥위에 올려주고  씨제이 물냉면으로 물냉면 만들어서 같이먹어줬는데 사먹는 볶음밥중에 가장 맛있었어요.
계란후라이 올려먹어도 맛있을거같아요.
두번째먹을땐 양송이를 추가해줬어요.
제 입맛엔 소고기랑 마늘이랑 잘어울리는게 양송이더라구요.
대파랑 양송이 채썰어서 볶아주다가 시그니처
소고기마늘 볶음밥 넣어주고 찬밥 반공기 더 넣어준다음 센불에서 5분정도 볶아줬어요.
오일 살짝 추가해줘야 고슬고슬 잘 볶이더라구요.
두번짼 누룽지가있는 솥밥느낌으로 먹고싶어서 돌판냄비에 볶아줬는데 누룽지도 생기고 더 맛있더라구요.
미역국이랑 쫄면 만들어서 같이먹어줬는데
양송이넣으니까 조금더 고급진볶음밥이 된거같아서 좋더라구요!
간이 세긴한데 밥을 추가로 넣고 볶아주면되니까 큰문제는 아닌거같고
계란이 없어서 계란후라이를 올려먹지못했는데 계란후라이 추가로 올려드심 맛있을거같으니
다른분들은 계란후라이 올려드세요!!
참기름은 살짝 넣어도 되고
굳이 넣지않아도 충분히 맛있어요^^"
도시락·밥류,시그니처 쇠고기 마늘 볶음밥,Chai797,https://www.kurly.com/goods/1001316382,8500,760,2025.09.21,올리브유 두르고 중불로 맛나요
도시락·밥류,시그니처 쇠고기 마늘 볶음밥,Chai797,https://www.kurly.com/goods/1001316382,8500,760,2025.09.21,급할 때 간편이 요리하기 좋은 메뉴라 구입해 두었습니다. 냉동실에 넣어 두었어요.
도시락·밥류,시그니처 쇠고기 마늘 볶음밥,Chai797,https://www.kurly.com/goods/1001316382,8500,760,2025.09.20,맛있어서 재구매 여러번 했어요
도시락·밥류,시그니처 쇠고기 마늘 볶음밥,Chai797,https://www.kurly.com/goods/1001316382,8500,760,2025.09.20,"올리브오일에 마늘더넣고 볶다가 볶음밥넣고 
목살 구워잘라 볶음밥위에 올려먹음 필라프입니다ㅋㅋ"
도시락·밥류,시그니처 쇠고기 마늘 볶음밥,Chai797,https://www.kurly.com/goods/1001316382,8500,760,2025.09.19,"고기입자도 크고 마늘도 듬뿍
맛있어요"
도시락·밥류,시그니처 쇠고기 마늘 볶음밥,Chai797,https://www.kurly.com/goods/1001316382,8500,760,2025.09.19,좋아요~ 또 구매할게요
도시락·밥류,시그니처 쇠고기 마늘 볶음밥,Chai797,https://www.kurly.com/goods/1001316382,8500,760,2025.09.18,"오 생각보다 맛있어요~
아들이랑 남편이 잘 먹네요"
도시락·밥류,시그니처 쇠고기 마늘 볶음밥,Chai797,https://www.kurly.com/goods/1001316382,8500,760,2025.09.18,간편하게 볶음밥 해먹기 좋아요. 맛도 괜찮습니다
도시락·밥류,시그니처 쇠고기 마늘 볶음밥,Chai797,https://www.kurly.com/goods/1001316382,8500,760,2025.09.18,꼭 드셔보세요 추천해여
도시락·밥류,시그니처 쇠고기 마늘 볶음밥,Chai797,https://www.kurly.com/goods/1001316382,8500,760,2025.09.18,꼭 드셔보세요 고급진맛
도시락·밥류,시그니처 쇠고기 마늘 볶음밥,Chai797,https://www.kurly.com/goods/1001316382,8500,760,2025.09.18,ㅓ아이들이 잘먹어서 쟁여템입니다
도시락·밥류,시그니처 쇠고기 마늘 볶음밥,Chai797,https://www.kurly.com/goods/1001316382,8500,760,2025.09.18,간편하게 조리해서 먹기 편해요. 맛은 그저그래요.
도시락·밥류,시그니처 쇠고기 마늘 볶음밥,Chai797,https://www.kurly.com/goods/1001316382,8500,760,2025.09.18,차이칠구칠 좋아하는데 집에서 먹을 수 있어 편하네요
도시락·밥류,시그니처 쇠고기 마늘 볶음밥,Chai797,https://www.kurly.com/goods/1001316382,8500,760,2025.09.17,냉동볶음밥 그 이상도 이하도 아님. 브랜드보고 기대치가 높았나봄..
도시락·밥류,시그니처 쇠고기 마늘 볶음밥,Chai797,https://www.kurly.com/goods/1001316382,8500,760,2025.09.17,아이가 다른것보다 소고기 마늘볶음밥이 맛있다고 해서 주문합니다.
도시락·밥류,시그니처 쇠고기 마늘 볶음밥,Chai797,https://www.kurly.com/goods/1001316382,8500,760,2025.09.17,신선하고 맛있어요 추천ㅎ
도시락·밥류,시그니처 쇠고기 마늘 볶음밥,Chai797,https://www.kurly.com/goods/1001316382,8500,760,2025.09.17,남편이 마늘 좋아해서 마늘만 더 추가해서 먹어요 맛있어용
도시락·밥류,시그니처 쇠고기 마늘 볶음밥,Chai797,https://www.kurly.com/goods/1001316382,8500,760,2025.09.16,해동 안해도 돼서 간편하네요.
도시락·밥류,시그니처 쇠고기 마늘 볶음밥,Chai797,https://www.kurly.com/goods/1001316382,8500,760,2025.09.16,전에 먹어보고 너무 맛있어서 재구매하였습니다
도시락·밥류,시그니처 쇠고기 마늘 볶음밥,Chai797,https://www.kurly.com/goods/1001316382,8500,760,2025.09.16,"이거 맛나요ㅋ
자주사게됨"
도시락·밥류,시그니처 쇠고기 마늘 볶음밥,Chai797,https://www.kurly.com/goods/1001316382,8500,760,2025.09.15,소고기랑 마늘은 맛이 없을 수 없는 조합이잖아요??? 맛있게 잘 먹었습니당 재구매의사 있어요!!!
도시락·밥류,시그니처 쇠고기 마늘 볶음밥,Chai797,https://www.kurly.com/goods/1001316382,8500,760,2025.09.14,맛은 기대보다 쏘쏘했어용
도시락·밥류,시그니처 쇠고기 마늘 볶음밥,Chai797,https://www.kurly.com/goods/1001316382,8500,760,2025.09.14,꼬들꼬들하고 양념도 너무 짜지않아서 맛있네요.
도시락·밥류,시그니처 쇠고기 마늘 볶음밥,Chai797,https://www.kurly.com/goods/1001316382,8500,760,2025.09.14,저는 이 볶음밥은 그냐우별로 였어요 후기보고 구매했는데 보통맛입니다
도시락·밥류,시그니처 쇠고기 마늘 볶음밥,Chai797,https://www.kurly.com/goods/1001316382,8500,760,2025.09.13,"제 입맛엔 좀 짜요, 저는 그래서 흰밥 반공기 정도 더 넣고 볶아요"
도시락·밥류,시그니처 쇠고기 마늘 볶음밥,Chai797,https://www.kurly.com/goods/1001316382,8500,760,2025.09.13,간편하게 한 끼 해결했어요
도시락·밥류,시그니처 쇠고기 마늘 볶음밥,Chai797,https://www.kurly.com/goods/1001316382,8500,760,2025.09.13,"마늘볶음밥 맛있어서 재주문했어요
아이들도 잘 먹어서 좋아요"
도시락·밥류,시그니처 쇠고기 마늘 볶음밥,Chai797,https://www.kurly.com/goods/1001316382,8500,760,2025.09.13,적당히 짭조름하니 맛있었어요.
도시락·밥류,시그니처 쇠고기 마늘 볶음밥,Chai797,https://www.kurly.com/goods/1001316382,8500,760,2025.09.13,차이797가서 먹는것과 비슷한 맛이에요
도시락·밥류,시그니처 쇠고기 마늘 볶음밥,Chai797,https://www.kurly.com/goods/1001316382,8500,760,2025.09.12,매번 새벽에 오고 좋습니다.
도시락·밥류,시그니처 쇠고기 마늘 볶음밥,Chai797,https://www.kurly.com/goods/1001316382,8500,760,2025.09.12,싸게 잘삿어요 맛잇음
도시락·밥류,시그니처 쇠고기 마늘 볶음밥,Chai797,https://www.kurly.com/goods/1001316382,8500,760,2025.09.11,마늘의 알싸함이 맛을 더 높여주네요
도시락·밥류,시그니처 쇠고기 마늘 볶음밥,Chai797,https://www.kurly.com/goods/1001316382,8500,760,2025.09.11,한봉지에 들어있어서 소분함
도시락·밥류,시그니처 쇠고기 마늘 볶음밥,Chai797,https://www.kurly.com/goods/1001316382,8500,760,2025.09.11,맛있어서 재구매함 ㅎ
도시락·밥류,시그니처 쇠고기 마늘 볶음밥,Chai797,https://www.kurly.com/goods/1001316382,8500,760,2025.09.11,맛있어요!!! 간단히 먹기 좋음
도시락·밥류,시그니처 쇠고기 마늘 볶음밥,Chai797,https://www.kurly.com/goods/1001316382,8500,760,2025.09.11,음... 기대 이하의 맛이네요.
도시락·밥류,시그니처 쇠고기 마늘 볶음밥,Chai797,https://www.kurly.com/goods/1001316382,8500,760,2025.09.11,가끔 사먹어요 양은 좀 적다고 생각해요 가격에 비해
도시락·밥류,시그니처 쇠고기 마늘 볶음밥,Chai797,https://www.kurly.com/goods/1001316382,8500,760,2025.09.11,밥이랑 계란 추가하니 띡
도시락·밥류,시그니처 쇠고기 마늘 볶음밥,Chai797,https://www.kurly.com/goods/1001316382,8500,760,2025.09.10,편으로 썬 마늘이 생각보다 많이 들어있고 간이 쎄지않아 맛있었어요.
도시락·밥류,시그니처 쇠고기 마늘 볶음밥,Chai797,https://www.kurly.com/goods/1001316382,8500,760,2025.09.10,"마늘후레이크가 고소하고 맛있는
볶음밥이에요."
도시락·밥류,시그니처 쇠고기 마늘 볶음밥,Chai797,https://www.kurly.com/goods/1001316382,8500,760,2025.09.10,"전자레인지에 간편하게 데워 먹을 수 있어 편합니다. 
간도 적당하고 맛있네요."
도시락·밥류,시그니처 쇠고기 마늘 볶음밥,Chai797,https://www.kurly.com/goods/1001316382,8500,760,2025.09.09,"맛있어요!  굴소스로 간을 한거 같아 간이 되어 있어요 맛깔나게 맛있고 불향까지 첨가되어 더 맛있어요 
식성이 많이 먹는 편인데 봉지 하나가 2인분이라 1인분만 먹었는데도 괜찮았어요 물론 다른거와 더 먹긴했는데 양이 적지 않아 더 좋았어요
그리고 질이 떨어지는 쌀 쓰면 식감이나 맛이 달라지는데 밥맛도 좋았어요"
도시락·밥류,시그니처 쇠고기 마늘 볶음밥,Chai797,https://www.kurly.com/goods/1001316382,8500,760,2025.09.09,"처음 주문했는데 아이들이 맛있다네요
맛이 살짝 강해요"
도시락·밥류,시그니처 쇠고기 마늘 볶음밥,Chai797,https://www.kurly.com/goods/1001316382,8500,760,2025.09.09,맛있을거같아서 주문해봤어요
도시락·밥류,시그니처 쇠고기 마늘 볶음밥,Chai797,https://www.kurly.com/goods/1001316382,8500,760,2025.09.09,흠 제 입맛에는 너무 짜네요 ㅠ
도시락·밥류,시그니처 쇠고기 마늘 볶음밥,Chai797,https://www.kurly.com/goods/1001316382,8500,760,2025.09.09,신랑 잘 먹네요 ㅎㅎ 맛있어요
도시락·밥류,시그니처 쇠고기 마늘 볶음밥,Chai797,https://www.kurly.com/goods/1001316382,8500,760,2025.09.08,이거 맛있어요. 그런데 냉동 볶음밥 자주 먹어봤자 몸에 안 좋을 거 같아서 진짜 가끔 귀찮을 때 먹어요
도시락·밥류,시그니처 쇠고기 마늘 볶음밥,Chai797,https://www.kurly.com/goods/1001316382,8500,760,2025.09.08,볶음밥 좋아하는 아이들이랑 아빠 입맛에 딱입니다^^
도시락·밥류,시그니처 쇠고기 마늘 볶음밥,Chai797,https://www.kurly.com/goods/1001316382,8500,760,2025.09.08,맛있는 볶음밥이예요. 밥이 진득하지 않고 보슬해서 중국집 볶음밥 느낌이 나요.
도시락·밥류,가벼운 한식 도시락 6종 (2개입) (택1),탄단지,https://www.kurly.com/goods/1000017061,9700,112812,2025.03.21,"아이의 원픽 도시락!

밤에 도착했는데 제가 자는 시간이라 아침에 받아서 전부 해동 됐더라고요 ㅠ

도시락은 정말 잘 배송 체크해야겠어요!

바로 냉동실에 넣고 아침마다 주고 있어요

컬리에서 골고루 주문해 아이에게 줘봤는데
아예 원픽이에요

이번에는 10개 주문했고

아이에게 아침을 잘 먹여야 하거든요

제가 상을 차리면 주는대로 먹는 아이가 아니라서 ㅠㅠ

이건 어제 5분만에 다 먹었어요 (대박)

게살이 많이 보이고
오믈렛 안에는 참치도 있어요

아이가 하도 잘 먹다보니 저는 먹어본적이 없거든요

매운걸 못 먹는 아이인데 오징어볶음?도 수저로 싹싹 먹어요 

브로컬리랑 콩도 다 먹었어요

매일 아침 똑같은 도시락인데
더 잘 먹는것 같아요 ㅋㅋ(??)

제가 차려준 것도 가리지 않고 잘 먹으면 좋겠네요 ㅜㅜ

도시락 다 먹으면 또 10개씩 살듯

입 짧은 아이의
아침을 도와 주셔서 감사합니다;-;

+ 요즘 아침 식사 걱정이 덜어져서 정신건강에 도움.ㅋㅋ"
도시락·밥류,가벼운 한식 도시락 6종 (2개입) (택1),탄단지,https://www.kurly.com/goods/1000017061,9700,112812,2025.03.07,"아이가 제일 좋아하는 컬리도시락입니다.

게살볶음밥도 맛있고
계란말이도 폭신폭신 좋다고 합니다.

매운걸 못 먹는데 오징어반찬은 또 맛있다고 하네요^^

평소 브로컬리 안 먹으면서 여기 브로컬리는 좋아해요
이 도시락 안에 있어서 좋은거라고 하네요
(?.?)

오랜만에 사줬더니 극찬을 하네요...
이게 지구상에서 제일 맛있다고?

ㅡ_ㅡ...

초4 아들이 제게 광고를 찍네요..
이거 많이 사 놓으라며..

골고루 샀는데 아이는 이 도시락을 제일 좋아해서 이것만 콕 찍어서 일년넘게 찬사를 보내는 중입니다.

아이가 갑각류를 좋아해서 그럴지도 모르겠습니다.
다음에는 이것만 10개 사볼까요 ;-;"
도시락·밥류,가벼운 한식 도시락 6종 (2개입) (택1),탄단지,https://www.kurly.com/goods/1000017061,9700,112812,2024.04.24,"또 시켜버린 최애 도시락💛
요즘 너무 열심히 먹어버린 나머지 자제할 필요를 느껴 식이조절을 위해 재구매했습니다!

✅ 떡갈비 사이즈: 길이는 제 검지손가락 정도? 두께는 손가락 두 마디 조금 안 되는 정도입니다
✅ 떡갈비 상태: 사진 첨부했듯이 실하고 육즙도 낫배드! 냄새도 좋고 맛있습니다:)
✅ 나머지 반찬: 볶음김치 조금, 오므라이스 모양 계란말이(?)가 포함되어있는데 볶음김치 조금만 더 들어있으면 좋을듯해용
✅ 밥 상태: 냉동된 상태로 바로 전자레인지 돌려야 포슬한 밥 상태로 먹을 수 있습니다! 찰지고 쫀득해서 만족스러웠어요:)

❗️총평: 다이어트 하고싶은데 당장 탄수화물을 끊기는 어려우신 분들께 추천! 밥 양이 적은 편이라 적당한 양으로 먹기 좋아요:) 맛도 좋으니 고민하지 마시고 구매하시길~"
도시락·밥류,가벼운 한식 도시락 6종 (2개입) (택1),탄단지,https://www.kurly.com/goods/1000017061,9700,112812,2025.09.23,아이들이 너무 맛있데요
도시락·밥류,가벼운 한식 도시락 6종 (2개입) (택1),탄단지,https://www.kurly.com/goods/1000017061,9700,112812,2025.09.22,아직 먹기전인데 맛있어보여요
도시락·밥류,가벼운 한식 도시락 6종 (2개입) (택1),탄단지,https://www.kurly.com/goods/1000017061,9700,112812,2025.09.22,다이어트할때 한끼 먹기 좋아요
도시락·밥류,가벼운 한식 도시락 6종 (2개입) (택1),탄단지,https://www.kurly.com/goods/1000017061,9700,112812,2025.09.22,배고파서 자주 도시락 먹는데 맛있어서 먹는건 처음임 지금 냉장고에 쌓아둠
도시락·밥류,가벼운 한식 도시락 6종 (2개입) (택1),탄단지,https://www.kurly.com/goods/1000017061,9700,112812,2025.09.22,찜해놓고 계속 사먹을려구요♡
도시락·밥류,가벼운 한식 도시락 6종 (2개입) (택1),탄단지,https://www.kurly.com/goods/1000017061,9700,112812,2025.09.22,여기 도시락 맛있고 간편해요!
도시락·밥류,가벼운 한식 도시락 6종 (2개입) (택1),탄단지,https://www.kurly.com/goods/1000017061,9700,112812,2025.09.22,다이어트때문에 점심메뉴로 활용합니다.
도시락·밥류,가벼운 한식 도시락 6종 (2개입) (택1),탄단지,https://www.kurly.com/goods/1000017061,9700,112812,2025.09.22,다이어트 관리에 점심메뉴로 활용합니다.적은 양을 먹어야하는데 칼로리도 적당하고 맛 도 괜찮네요.
도시락·밥류,가벼운 한식 도시락 6종 (2개입) (택1),탄단지,https://www.kurly.com/goods/1000017061,9700,112812,2025.09.22,돈육숯불구이에서 불맛이 나긴 하네요.
도시락·밥류,가벼운 한식 도시락 6종 (2개입) (택1),탄단지,https://www.kurly.com/goods/1000017061,9700,112812,2025.09.22,너무 맛이 강하고 양이 작은 편
도시락·밥류,가벼운 한식 도시락 6종 (2개입) (택1),탄단지,https://www.kurly.com/goods/1000017061,9700,112812,2025.09.22,너무 맛이 강하고 양이 작음
도시락·밥류,가벼운 한식 도시락 6종 (2개입) (택1),탄단지,https://www.kurly.com/goods/1000017061,9700,112812,2025.09.22,양은 적지만 맛있어용~~~~
도시락·밥류,가벼운 한식 도시락 6종 (2개입) (택1),탄단지,https://www.kurly.com/goods/1000017061,9700,112812,2025.09.22,"빠른배송감사합니다
맛있게먹을게요"
도시락·밥류,가벼운 한식 도시락 6종 (2개입) (택1),탄단지,https://www.kurly.com/goods/1000017061,9700,112812,2025.09.22,다이어트 도시락 치고는 꽤 짜요
도시락·밥류,가벼운 한식 도시락 6종 (2개입) (택1),탄단지,https://www.kurly.com/goods/1000017061,9700,112812,2025.09.22,다이어트 도시락 울 아들 잘먹고 있네요
도시락·밥류,가벼운 한식 도시락 6종 (2개입) (택1),탄단지,https://www.kurly.com/goods/1000017061,9700,112812,2025.09.22,탄단지 도시락중 제일 맛있어요
도시락·밥류,가벼운 한식 도시락 6종 (2개입) (택1),탄단지,https://www.kurly.com/goods/1000017061,9700,112812,2025.09.22,간단히 한끼 먹기 좋아요
도시락·밥류,가벼운 한식 도시락 6종 (2개입) (택1),탄단지,https://www.kurly.com/goods/1000017061,9700,112812,2025.09.21,"그냥 쏘쏘에요 진짜 급할때 편의점꺼 보단 낫겠가눙  심정으로 먹어요
요리할때 많이 해서 밀키트로 해놓기도 하는 편이라 진짜진짜 급할때요 ㅎ"
도시락·밥류,가벼운 한식 도시락 6종 (2개입) (택1),탄단지,https://www.kurly.com/goods/1000017061,9700,112812,2025.09.21,새벽배송 너무 좋아요~~
도시락·밥류,가벼운 한식 도시락 6종 (2개입) (택1),탄단지,https://www.kurly.com/goods/1000017061,9700,112812,2025.09.21,새벽배송 너무 좋아요
도시락·밥류,가벼운 한식 도시락 6종 (2개입) (택1),탄단지,https://www.kurly.com/goods/1000017061,9700,112812,2025.09.21,새벽배송 너무 좋아요~
도시락·밥류,가벼운 한식 도시락 6종 (2개입) (택1),탄단지,https://www.kurly.com/goods/1000017061,9700,112812,2025.09.21,"불향이 매력적인 도시락!!
양은 다이어트 하기에 적당하고 맛있어요"
도시락·밥류,가벼운 한식 도시락 6종 (2개입) (택1),탄단지,https://www.kurly.com/goods/1000017061,9700,112812,2025.09.21,"정말 여러번 구매한 도시락
짭쪼롬하면서 맛있는 불고기 반찬이 넘넘 맘에 들어서 컬리 구매할땐 꼭 구매하고 있어요"
도시락·밥류,가벼운 한식 도시락 6종 (2개입) (택1),탄단지,https://www.kurly.com/goods/1000017061,9700,112812,2025.09.21,아직 먹진 못했는데 양이 적어서 도시락으론 안될것같아요ㅜㅜ
도시락·밥류,가벼운 한식 도시락 6종 (2개입) (택1),탄단지,https://www.kurly.com/goods/1000017061,9700,112812,2025.09.21,양이 어마아마하게 적네요ㅜㅜ 맛도 기대이하에요
도시락·밥류,가벼운 한식 도시락 6종 (2개입) (택1),탄단지,https://www.kurly.com/goods/1000017061,9700,112812,2025.09.21,자주 구매하는 제품입니다
도시락·밥류,가벼운 한식 도시락 6종 (2개입) (택1),탄단지,https://www.kurly.com/goods/1000017061,9700,112812,2025.09.21,점심식사 맛있게 잘 먹었습니다
도시락·밥류,가벼운 한식 도시락 6종 (2개입) (택1),탄단지,https://www.kurly.com/goods/1000017061,9700,112812,2025.09.21,점심식사 맛있게 먹었어요
도시락·밥류,가벼운 한식 도시락 6종 (2개입) (택1),탄단지,https://www.kurly.com/goods/1000017061,9700,112812,2025.09.21,취나물~ 점심식사 직장서 먹으려고 준비했어요~
도시락·밥류,가벼운 한식 도시락 6종 (2개입) (택1),탄단지,https://www.kurly.com/goods/1000017061,9700,112812,2025.09.21,점심식사 직장서 먹으려고 준비했어요~
도시락·밥류,가벼운 한식 도시락 6종 (2개입) (택1),탄단지,https://www.kurly.com/goods/1000017061,9700,112812,2025.09.21,닭갈비가 특히 맛있네요
도시락·밥류,가벼운 한식 도시락 6종 (2개입) (택1),탄단지,https://www.kurly.com/goods/1000017061,9700,112812,2025.09.21,급할때 비상용으로 아주 굿입니다 ~~
도시락·밥류,가벼운 한식 도시락 6종 (2개입) (택1),탄단지,https://www.kurly.com/goods/1000017061,9700,112812,2025.09.21,아침식사용으로 간편하고 좋네요 ~~
도시락·밥류,가벼운 한식 도시락 6종 (2개입) (택1),탄단지,https://www.kurly.com/goods/1000017061,9700,112812,2025.09.21,급할때 비상용으로 아주 좋습니다 ~~
도시락·밥류,가벼운 한식 도시락 6종 (2개입) (택1),탄단지,https://www.kurly.com/goods/1000017061,9700,112812,2025.09.20,"퀄리티 장난아니네요
다이어트 도시락이 맞나 싶어요
칼로리는 낮다고 적혀있는데 맛있어 보여요 1296"
도시락·밥류,가벼운 한식 도시락 6종 (2개입) (택1),탄단지,https://www.kurly.com/goods/1000017061,9700,112812,2025.09.20,"퀄리티 장난아니네요
다이어트 도시락이 맞나 싶어요
칼로리는 낮다고 적혀있는데 맛있어 보여요 1286"
도시락·밥류,가벼운 한식 도시락 6종 (2개입) (택1),탄단지,https://www.kurly.com/goods/1000017061,9700,112812,2025.09.20,"퀄리티 장난아니네요
다이어트 도시락이 맞나 싶어요
칼로리는 낮다고 적혀있는데 맛있어 보여요 12112"
도시락·밥류,가벼운 한식 도시락 6종 (2개입) (택1),탄단지,https://www.kurly.com/goods/1000017061,9700,112812,2025.09.20,"퀄리티 장난아니네요
다이어트 도시락이 맞나 싶어요
칼로리는 낮다고 적혀있는데 맛있어 보여요 126ㄱ"
도시락·밥류,가벼운 한식 도시락 6종 (2개입) (택1),탄단지,https://www.kurly.com/goods/1000017061,9700,112812,2025.09.20,"퀄리티 장난아니네요
다이어트 도시락이 맞나 싶어요
칼로리는 낮다고 적혀있는데 맛있어 보여요 12123"
도시락·밥류,가벼운 한식 도시락 6종 (2개입) (택1),탄단지,https://www.kurly.com/goods/1000017061,9700,112812,2025.09.20,"퀄리티 장난아니네요
다이어트 도시락이 맞나 싶어요
칼로리는 낮다고 적혀있는데 맛있어 보여요 12"
도시락·밥류,가벼운 한식 도시락 6종 (2개입) (택1),탄단지,https://www.kurly.com/goods/1000017061,9700,112812,2025.09.20,간편하게 종종 먹어요
도시락·밥류,가벼운 한식 도시락 6종 (2개입) (택1),탄단지,https://www.kurly.com/goods/1000017061,9700,112812,2025.09.20,"시래기밥은 먹을만한데… 매콤 오징어볶음은 오징어가 거의 안 보여서 깜짝 놀랐어요. 소세지? 몇 개 있고 오징어는 숨은 그림 찾기 수준. 제품명에 ‘오징어볶음’이 들어가면 오징어는 좀 보여야 하지 않을까요?"""
도시락·밥류,가벼운 한식 도시락 6종 (2개입) (택1),탄단지,https://www.kurly.com/goods/1000017061,9700,112812,2025.09.20,할인할때 샀어요 ㅎㅎ 먹을만해요
도시락·밥류,가벼운 한식 도시락 6종 (2개입) (택1),탄단지,https://www.kurly.com/goods/1000017061,9700,112812,2025.09.20,제일무난하고 좋아요 귯
도시락·밥류,가벼운 한식 도시락 6종 (2개입) (택1),탄단지,https://www.kurly.com/goods/1000017061,9700,112812,2025.09.20,도시락좋아여. 이게 젤맛나요
도시락·밥류,가벼운 한식 도시락 6종 (2개입) (택1),탄단지,https://www.kurly.com/goods/1000017061,9700,112812,2025.09.20,"자주 구매하는 제품입니다.
어린이가 요 취나물에 불고기가 제일 맛있다네요"
도시락·밥류,가벼운 한식 도시락 6종 (2개입) (택1),탄단지,https://www.kurly.com/goods/1000017061,9700,112812,2025.09.20,리뷰가 좋아서 식사 못챙겨줄때 먹으라고 냉동실에 쟁여놓았습니다.
도시락·밥류,봄맛듬뿍 곤드레밥,LOTS OF LOVE,https://www.kurly.com/goods/5004962,5600,20186,2024.08.07,"오늘 저녁은 진짜 봄을 제대로 느낄 수 있는 곤드레밥으로 시작했어요! 곤드레밥을 간단하게 볶아서 그냥 먹었는데, 고소하고 푸짐해서 입맛을 확 사로잡더라고요. 여기에 매콤한 등갈비찜을 준비했는데, 깻잎 몇 장을 올려서 같이 먹으니까 이게 웬 맛의 조화람..! 깻잎의 향긋함이 매운맛을 살짝 잡아주니까 더 맛있었어요.

그리고 구운 부채살 고기와 오리고기 볶음, 여러 쌈야채를 곁들여 먹었는데, 곤드레밥과 찰떡궁합이었어요. 특히 오리고기 볶음은 곤드레밥의 고소함을 한층 끌어올려 주면서, 둘이 만나니까 건강한 맛이 배가 되더라고요. 이렇게 푸짐하고 건강한 식사를 하고 나니, 몸도 마음도 가뿐해지는 기분이에요. 집밥의 매력에 또 한번 반했습니다. 다음에도 이 조합으로 꼭 다시 해먹을거에용!"
도시락·밥류,봄맛듬뿍 곤드레밥,LOTS OF LOVE,https://www.kurly.com/goods/5004962,5600,20186,2023.02.01,"<곤드레밥 맛있게 먹기>
추가재료: 버섯, 마늘, 계란

먼저 식용유 조금 두르고 버섯을 볶아주세요. 투명한 빛깔이 나면 익은 거에요.
남은 기름에 얇게 채썰거나 편 썰어둔 마늘 한 스푼 넣고 볶아주세요. 마늘 냄새 올라오면 바로 곤드레밥 1/2을 넣고 볶아주세요.
밥은 설명서 대로 4분 정도 볶으면 됩니다.

마지막으로 기호에 맞춰서 계란 후라이 올려주세요.

소스는 양조간장 살작 넣었어요. 식용유로 밥을 익히면 이미 기름이 둘러져서 참기름은 생략해도 충분합니다.

잘 비벼서 맛있게 먹어주세요:)
간장양념에 청양고추나 쪽파 썰어넣으면 더 맛있을 것 같아요ㅎㅎ"
도시락·밥류,봄맛듬뿍 곤드레밥,LOTS OF LOVE,https://www.kurly.com/goods/5004962,5600,20186,2025.09.23,냉동제품이라 쟁여뒀다가 입맛 없거나 밥 없을 때 먹으려구용 후기가 좋아서 기대됩니당ㅎ
도시락·밥류,봄맛듬뿍 곤드레밥,LOTS OF LOVE,https://www.kurly.com/goods/5004962,5600,20186,2025.09.23,비빔밥 만들어 먹음 최고
도시락·밥류,봄맛듬뿍 곤드레밥,LOTS OF LOVE,https://www.kurly.com/goods/5004962,5600,20186,2025.09.22,"간단하게 먹기좋아요.
밥도꼬들해요.
가끔생각날때마다 구입해서 먹습니다."
도시락·밥류,봄맛듬뿍 곤드레밥,LOTS OF LOVE,https://www.kurly.com/goods/5004962,5600,20186,2025.09.22,너무 맛있습니다 재구매 의사 있어요~~~
도시락·밥류,봄맛듬뿍 곤드레밥,LOTS OF LOVE,https://www.kurly.com/goods/5004962,5600,20186,2025.09.22,할인하면 무조건이에요
도시락·밥류,봄맛듬뿍 곤드레밥,LOTS OF LOVE,https://www.kurly.com/goods/5004962,5600,20186,2025.09.22,여러 가지 볶음밥이랑 곤드레밥 주문해서 냉동실에 쟁여놨는데 든든하고 맛있네요
도시락·밥류,봄맛듬뿍 곤드레밥,LOTS OF LOVE,https://www.kurly.com/goods/5004962,5600,20186,2025.09.22,"봄맛듬뿍 곤드레밥 잘먹고 잇어요
추천합니다!!!"
도시락·밥류,봄맛듬뿍 곤드레밥,LOTS OF LOVE,https://www.kurly.com/goods/5004962,5600,20186,2025.09.21,냉동실에 쟁여두고 급할 때 편하게 먹겠어요.
도시락·밥류,봄맛듬뿍 곤드레밥,LOTS OF LOVE,https://www.kurly.com/goods/5004962,5600,20186,2025.09.21,맛있어요   좋아요
도시락·밥류,봄맛듬뿍 곤드레밥,LOTS OF LOVE,https://www.kurly.com/goods/5004962,5600,20186,2025.09.21,아침에 뚝딱 간편하게 시래기명란이랑 섞으면 굿
도시락·밥류,봄맛듬뿍 곤드레밥,LOTS OF LOVE,https://www.kurly.com/goods/5004962,5600,20186,2025.09.20,아직 먹어보진 못했는데 기대하고 있어요!!
도시락·밥류,봄맛듬뿍 곤드레밥,LOTS OF LOVE,https://www.kurly.com/goods/5004962,5600,20186,2025.09.20,입맛 없을때 먹으려고 구매했어요.
도시락·밥류,봄맛듬뿍 곤드레밥,LOTS OF LOVE,https://www.kurly.com/goods/5004962,5600,20186,2025.09.19,연어덥밥에 최고 궁합!
도시락·밥류,봄맛듬뿍 곤드레밥,LOTS OF LOVE,https://www.kurly.com/goods/5004962,5600,20186,2025.09.19,애기건강식으로도 좋고 온가족이 편하게 곤드레밥먹을수잇어좋아요
도시락·밥류,봄맛듬뿍 곤드레밥,LOTS OF LOVE,https://www.kurly.com/goods/5004962,5600,20186,2025.09.19,남편이 맛있다고 하여 재구매 했습니다^^
도시락·밥류,봄맛듬뿍 곤드레밥,LOTS OF LOVE,https://www.kurly.com/goods/5004962,5600,20186,2025.09.19,칼로리가 낮고 섬유질이 많아 다이어트 할때 먹어요
도시락·밥류,봄맛듬뿍 곤드레밥,LOTS OF LOVE,https://www.kurly.com/goods/5004962,5600,20186,2025.09.18,먹을만큼만 덜어먹어서 편해요
도시락·밥류,봄맛듬뿍 곤드레밥,LOTS OF LOVE,https://www.kurly.com/goods/5004962,5600,20186,2025.09.18,냉동실 쟁여두었다가 간편하게 먹기좋아요
도시락·밥류,봄맛듬뿍 곤드레밥,LOTS OF LOVE,https://www.kurly.com/goods/5004962,5600,20186,2025.09.18,간단양념해서 맛있게 먹었어요
도시락·밥류,봄맛듬뿍 곤드레밥,LOTS OF LOVE,https://www.kurly.com/goods/5004962,5600,20186,2025.09.18,왜 후기가 많은지 알 것 같아용
도시락·밥류,봄맛듬뿍 곤드레밥,LOTS OF LOVE,https://www.kurly.com/goods/5004962,5600,20186,2025.09.17,곤드레밥먹기편해서자주시켜요.
도시락·밥류,봄맛듬뿍 곤드레밥,LOTS OF LOVE,https://www.kurly.com/goods/5004962,5600,20186,2025.09.17,"곤드레나물밥 굿
가끔사요"
도시락·밥류,봄맛듬뿍 곤드레밥,LOTS OF LOVE,https://www.kurly.com/goods/5004962,5600,20186,2025.09.17,"곤드레밥이 2인용이라 ㅣ인용씩 소분되어 있음 좋겠고 다른 제품과 다르게 양념장도 안들어 있어요ㅠ
맛은 그냥 쏘쏘"
도시락·밥류,봄맛듬뿍 곤드레밥,LOTS OF LOVE,https://www.kurly.com/goods/5004962,5600,20186,2025.09.17,괜찮았습니다. 편하게 전자렌지로 돌려먹으면 되니까요
도시락·밥류,봄맛듬뿍 곤드레밥,LOTS OF LOVE,https://www.kurly.com/goods/5004962,5600,20186,2025.09.16,간단히 먹기좋아요 양도 많은편~
도시락·밥류,봄맛듬뿍 곤드레밥,LOTS OF LOVE,https://www.kurly.com/goods/5004962,5600,20186,2025.09.16,맛있어요 빠른배달 감사합니다 추천합니다
도시락·밥류,봄맛듬뿍 곤드레밥,LOTS OF LOVE,https://www.kurly.com/goods/5004962,5600,20186,2025.09.16,후라이해서 먹으면 너무맛잇어요
도시락·밥류,봄맛듬뿍 곤드레밥,LOTS OF LOVE,https://www.kurly.com/goods/5004962,5600,20186,2025.09.16,곤드레밥이라는 점에서 이미 기대만빵이죠. 곤드레가 맛없없 이잖아요
도시락·밥류,봄맛듬뿍 곤드레밥,LOTS OF LOVE,https://www.kurly.com/goods/5004962,5600,20186,2025.09.16,"2인분인데 양이 많아요!!
3번에 나눠서 먹어도 되는 정도에요
후라이팬에 살짝 볶아서 무생채 올려먹었는데
완존 찰떡궁합이에요^^"
도시락·밥류,봄맛듬뿍 곤드레밥,LOTS OF LOVE,https://www.kurly.com/goods/5004962,5600,20186,2025.09.15,볶아먹어도 괜찮음.
도시락·밥류,봄맛듬뿍 곤드레밥,LOTS OF LOVE,https://www.kurly.com/goods/5004962,5600,20186,2025.09.15,맛있어서 꾸준히 사게됩니다.
도시락·밥류,봄맛듬뿍 곤드레밥,LOTS OF LOVE,https://www.kurly.com/goods/5004962,5600,20186,2025.09.15,입맛없을때 젓갈올려먹음 딱이예요
도시락·밥류,봄맛듬뿍 곤드레밥,LOTS OF LOVE,https://www.kurly.com/goods/5004962,5600,20186,2025.09.15,곤드레밥맛있어용~!
도시락·밥류,봄맛듬뿍 곤드레밥,LOTS OF LOVE,https://www.kurly.com/goods/5004962,5600,20186,2025.09.15,맛있게 잘 먹겠습니다.
도시락·밥류,봄맛듬뿍 곤드레밥,LOTS OF LOVE,https://www.kurly.com/goods/5004962,5600,20186,2025.09.15,"간편하니좋네요
계란후라이 함께먹으니 더 맛있어요"
도시락·밥류,봄맛듬뿍 곤드레밥,LOTS OF LOVE,https://www.kurly.com/goods/5004962,5600,20186,2025.09.14,"슴슴한거 좋아하시는분 강추에요
너무 맛있어요!!!
냉동실 비상템^^"
도시락·밥류,봄맛듬뿍 곤드레밥,LOTS OF LOVE,https://www.kurly.com/goods/5004962,5600,20186,2025.09.14,오늘 먹어볼 예정 :)
도시락·밥류,봄맛듬뿍 곤드레밥,LOTS OF LOVE,https://www.kurly.com/goods/5004962,5600,20186,2025.09.14,남편하고 둘이서 한끼로 딱 좋아요. 간편하고 맛있어요. 생각날때 한번씩 사먹는 제품
도시락·밥류,봄맛듬뿍 곤드레밥,LOTS OF LOVE,https://www.kurly.com/goods/5004962,5600,20186,2025.09.14,"밥하기
긔차노을때 볶아주면 처ㅣ고"
도시락·밥류,봄맛듬뿍 곤드레밥,LOTS OF LOVE,https://www.kurly.com/goods/5004962,5600,20186,2025.09.14,엄마 사줬는데 맛있어요
도시락·밥류,봄맛듬뿍 곤드레밥,LOTS OF LOVE,https://www.kurly.com/goods/5004962,5600,20186,2025.09.14,엄마 사다 드렸는데 너무 편하고 맛있대요
도시락·밥류,봄맛듬뿍 곤드레밥,LOTS OF LOVE,https://www.kurly.com/goods/5004962,5600,20186,2025.09.14,반찬없을때 간단하게 먹기좋아요
도시락·밥류,봄맛듬뿍 곤드레밥,LOTS OF LOVE,https://www.kurly.com/goods/5004962,5600,20186,2025.09.14,물두스픈 넣고 볶아서 먹었어용.   신랑이랑 둘이서 잘먹었어용.
도시락·밥류,봄맛듬뿍 곤드레밥,LOTS OF LOVE,https://www.kurly.com/goods/5004962,5600,20186,2025.09.13,"곤드레 볶음밥 정말 맛있게
먹었어요~근데 포장이 두개로
나눠져서 있음 좋겠어요~"
도시락·밥류,봄맛듬뿍 곤드레밥,LOTS OF LOVE,https://www.kurly.com/goods/5004962,5600,20186,2025.09.13,차릴안찬이 없을때 비빔간장만 있으면 딱 좋아요
도시락·밥류,봄맛듬뿍 곤드레밥,LOTS OF LOVE,https://www.kurly.com/goods/5004962,5600,20186,2025.09.13,소량으로 먹기 좋게 팔아서 좋습니다
도시락·밥류,봄맛듬뿍 곤드레밥,LOTS OF LOVE,https://www.kurly.com/goods/5004962,5600,20186,2025.09.13,반찬 없을 때 곤드레밥에 김치만 먹어도 좋네요.
도시락·밥류,봄맛듬뿍 곤드레밥,LOTS OF LOVE,https://www.kurly.com/goods/5004962,5600,20186,2025.09.13,진짜 고소하고 맛있어요!!!!!
도시락·밥류,향긋한 골든퀸쌀밥 210g*36입 (1박스),컬리X햇반,https://www.kurly.com/goods/1001485256,41880,20771,2025.04.05,"최근 건강한 식사를 선호하는 소비자들 사이에서 인기를 끌고 있는 제품입니다.
현대인의 바쁜 일상 속에서도 건강한 식습관을 유지하고자 하는 사람들에게 안성맞춤인 제품입니다.

포장은 매우 실용적입니다. 지퍼형 포장으로 되어 있어 남은 밥을 쉽게 보관할 수 있고, 디자인 또한 깔끔하고 현대적이어서 시각적으로도 매력적입니다.

조리 방법도 간편합니다. 전자레인지를 이용해 약 2분 가량 데우기만 하면 맛있는 밥이 완성됩니다. 바쁜 아침이나 점심에 정말 유용하게 활용할 수 있죠. 또한, 끓는 물에 데우는 방법도 있어 상황에 따라 다양하게 조리할 수 있습니다.

결론적으로, 건강한 식사를 원하는 현대인들에게 특히 적합하며, 다양한 식단에 잘 어울리는 장점도 가지고 있습니다. 바쁜 일상 속에서도 간편하게 건강을 챙길 수 있는 그 가치를 충분히 발휘하는 제품입니다. 맛과 영양, 편리함을 모두 갖춘 이 제품은 일상 속에서 필요한 에너지를 충전하는 데 큰 도움이 될 것입니다."
도시락·밥류,향긋한 골든퀸쌀밥 210g*36입 (1박스),컬리X햇반,https://www.kurly.com/goods/1001485256,41880,20771,2025.04.05,"최근 건강한 식사를 선호하는 소비자들 사이에서 인기를 끌고 있는 제품입니다.
현대인의 바쁜 일상 속에서도 건강한 식습관을 유지하고자 하는 사람들에게 안성맞춤인 제품입니다.

포장은 매우 실용적입니다. 지퍼형 포장으로 되어 있어 남은 밥을 쉽게 보관할 수 있고, 디자인 또한 깔끔하고 현대적이어서 시각적으로도 매력적입니다.

조리 방법도 간편합니다. 전자레인지를 이용해 약 2분 가량 데우기만 하면 맛있는 밥이 완성됩니다. 바쁜 아침이나 점심에 정말 유용하게 활용할 수 있죠. 또한, 끓는 물에 데우는 방법도 있어 상황에 따라 다양하게 조리할 수 있습니다.

결론적으로, 건강한 식사를 원하는 현대인들에게 특히 적합하며, 다양한 식단에 잘 어울리는 장점도 가지고 있습니다. 바쁜 일상 속에서도 간편하게 건강을 챙길 수 있는 그 가치를 충분히 발휘하는 제품입니다. 맛과 영양, 편리함을 모두 갖춘 이 제품은 일상 속에서 필요한 에너지를 충전하는 데 큰 도움이 될 것입니다."
도시락·밥류,향긋한 골든퀸쌀밥 210g*36입 (1박스),컬리X햇반,https://www.kurly.com/goods/1001485256,41880,20771,2025.03.23,"주위에 아직 젊은 나이인데도 당뇨로 고생하는 사람들이 꽤 있어선지 되도록이면 그냥 백미 대신에 콩 등이 섞인 잡곡밥이나 혈당을 낮출 수 있는 현미밥으로 챙겨 먹으려고 하고 있어요~
골든퀸 현미밥은 개인적으로 느끼기에는 나름 부드러운 식감이랑 단백한 맛도 너무 괜찮아서 최근 꽤 주문해서 먹고 있는데, 전자렌지에 2분 돌리고 렌지 문을 열었을 때 퍼지는 특유의 구수한 누룽지 향이 먹기 전 부터 기분을 좋게 하네요~^^
나이도 한 살 더 먹은 만큼 건강에 신경을 쓰자고 생각이 드는데, 직접 현미밥을 해 먹으면 물론 좋겠지만 간편하게 먹어야 할 때는 컬리의 '골든퀸 현미밥'을 앞으로 계속 이용할 것 같아요ㅎㅎ"
도시락·밥류,향긋한 골든퀸쌀밥 210g*36입 (1박스),컬리X햇반,https://www.kurly.com/goods/1001485256,41880,20771,2025.09.23,또재구매해요 쟁여템이예요
도시락·밥류,향긋한 골든퀸쌀밥 210g*36입 (1박스),컬리X햇반,https://www.kurly.com/goods/1001485256,41880,20771,2025.09.23,맛있어요 김밥이나 간단히 주먹밥하려구 구매했어요
도시락·밥류,향긋한 골든퀸쌀밥 210g*36입 (1박스),컬리X햇반,https://www.kurly.com/goods/1001485256,41880,20771,2025.09.23,밥해먹기 귀찮을때 좋아요
도시락·밥류,향긋한 골든퀸쌀밥 210g*36입 (1박스),컬리X햇반,https://www.kurly.com/goods/1001485256,41880,20771,2025.09.23,"바쁠땐
햇반이 짱이죠
잘
먹을께요"
도시락·밥류,향긋한 골든퀸쌀밥 210g*36입 (1박스),컬리X햇반,https://www.kurly.com/goods/1001485256,41880,20771,2025.09.23,일주일에 한번 냉동밥을 해놓아도 급하게 밥이 필요할 때가 많아 비상식량으로 구비해둬요~
도시락·밥류,향긋한 골든퀸쌀밥 210g*36입 (1박스),컬리X햇반,https://www.kurly.com/goods/1001485256,41880,20771,2025.09.23,캠핑가서 먹으려고 샀는데 찰지고 맛있게 먹었어요
도시락·밥류,향긋한 골든퀸쌀밥 210g*36입 (1박스),컬리X햇반,https://www.kurly.com/goods/1001485256,41880,20771,2025.09.23,매번 구매하는 상품이에요
도시락·밥류,향긋한 골든퀸쌀밥 210g*36입 (1박스),컬리X햇반,https://www.kurly.com/goods/1001485256,41880,20771,2025.09.23,"그냥그래요
가격대비 비교했을때"
도시락·밥류,향긋한 골든퀸쌀밥 210g*36입 (1박스),컬리X햇반,https://www.kurly.com/goods/1001485256,41880,20771,2025.09.22,세일해서 구매했습니다
도시락·밥류,향긋한 골든퀸쌀밥 210g*36입 (1박스),컬리X햇반,https://www.kurly.com/goods/1001485256,41880,20771,2025.09.22,밥맛있어요. 세일할때 많이 쟁여
도시락·밥류,향긋한 골든퀸쌀밥 210g*36입 (1박스),컬리X햇반,https://www.kurly.com/goods/1001485256,41880,20771,2025.09.22,마침 세일이어서 먹어보려고 주문해요
도시락·밥류,향긋한 골든퀸쌀밥 210g*36입 (1박스),컬리X햇반,https://www.kurly.com/goods/1001485256,41880,20771,2025.09.22,맛있어요 좋아요 좋아요
도시락·밥류,향긋한 골든퀸쌀밥 210g*36입 (1박스),컬리X햇반,https://www.kurly.com/goods/1001485256,41880,20771,2025.09.22,맛있어요 좋아요 좋아요 맛있어요
도시락·밥류,향긋한 골든퀸쌀밥 210g*36입 (1박스),컬리X햇반,https://www.kurly.com/goods/1001485256,41880,20771,2025.09.22,후기좋고 간편해서 구매.
도시락·밥류,향긋한 골든퀸쌀밥 210g*36입 (1박스),컬리X햇반,https://www.kurly.com/goods/1001485256,41880,20771,2025.09.22,맛있어서 또구매했어요
도시락·밥류,향긋한 골든퀸쌀밥 210g*36입 (1박스),컬리X햇반,https://www.kurly.com/goods/1001485256,41880,20771,2025.09.22,"너무맛있서요
일반 백미 햇반보다 더 맛있어요"
도시락·밥류,향긋한 골든퀸쌀밥 210g*36입 (1박스),컬리X햇반,https://www.kurly.com/goods/1001485256,41880,20771,2025.09.22,햇반 필요해서 구매했어요 좋아요 재구매 중이예요
도시락·밥류,향긋한 골든퀸쌀밥 210g*36입 (1박스),컬리X햇반,https://www.kurly.com/goods/1001485256,41880,20771,2025.09.22,예전에는 안그랬는데 이제는 밥먹다보면 중간에 누렇게 변색이 되네요 ;;;
도시락·밥류,향긋한 골든퀸쌀밥 210g*36입 (1박스),컬리X햇반,https://www.kurly.com/goods/1001485256,41880,20771,2025.09.22,밥 맛잇어서 자주 구매해요 굿
도시락·밥류,향긋한 골든퀸쌀밥 210g*36입 (1박스),컬리X햇반,https://www.kurly.com/goods/1001485256,41880,20771,2025.09.22,자주 시키는 컬리 상품
도시락·밥류,향긋한 골든퀸쌀밥 210g*36입 (1박스),컬리X햇반,https://www.kurly.com/goods/1001485256,41880,20771,2025.09.21,향도 좋고 밥맛도 좋아요
도시락·밥류,향긋한 골든퀸쌀밥 210g*36입 (1박스),컬리X햇반,https://www.kurly.com/goods/1001485256,41880,20771,2025.09.21,쿠폰써서 저렴히 구매했습니다.
도시락·밥류,향긋한 골든퀸쌀밥 210g*36입 (1박스),컬리X햇반,https://www.kurly.com/goods/1001485256,41880,20771,2025.09.21,밥이 찰기도 좋고 향도 좋아요
도시락·밥류,향긋한 골든퀸쌀밥 210g*36입 (1박스),컬리X햇반,https://www.kurly.com/goods/1001485256,41880,20771,2025.09.21,현미밥이라서 먹고나면 속이 편해여
도시락·밥류,향긋한 골든퀸쌀밥 210g*36입 (1박스),컬리X햇반,https://www.kurly.com/goods/1001485256,41880,20771,2025.09.21,즉석밥중에 제일 좋아하는 제품입니다
도시락·밥류,향긋한 골든퀸쌀밥 210g*36입 (1박스),컬리X햇반,https://www.kurly.com/goods/1001485256,41880,20771,2025.09.21,햇반중 제일 맛있어요 아들 주려고 샀어요 세일하길래
도시락·밥류,향긋한 골든퀸쌀밥 210g*36입 (1박스),컬리X햇반,https://www.kurly.com/goods/1001485256,41880,20771,2025.09.21,할인해서 좋은 가격에 샀어요
도시락·밥류,향긋한 골든퀸쌀밥 210g*36입 (1박스),컬리X햇반,https://www.kurly.com/goods/1001485256,41880,20771,2025.09.21,어떤건 되게 구수하고 부드럽고 맛있는데 어떤건 뻣뻣하고 떡져있네요
도시락·밥류,향긋한 골든퀸쌀밥 210g*36입 (1박스),컬리X햇반,https://www.kurly.com/goods/1001485256,41880,20771,2025.09.21,용량도 크고 가격도 저렴해서 주문했습니다.
도시락·밥류,향긋한 골든퀸쌀밥 210g*36입 (1박스),컬리X햇반,https://www.kurly.com/goods/1001485256,41880,20771,2025.09.21,확실히 찰지고 맛있어요 품종이 다르네용
도시락·밥류,향긋한 골든퀸쌀밥 210g*36입 (1박스),컬리X햇반,https://www.kurly.com/goods/1001485256,41880,20771,2025.09.21,자취생아들 밥떨어졌대서
도시락·밥류,향긋한 골든퀸쌀밥 210g*36입 (1박스),컬리X햇반,https://www.kurly.com/goods/1001485256,41880,20771,2025.09.21,"컬리는 제품들을 간편하게 살 수 있어서 좋습니다. 
건강을 위해 현미밥을 구매했어요~"
도시락·밥류,향긋한 골든퀸쌀밥 210g*36입 (1박스),컬리X햇반,https://www.kurly.com/goods/1001485256,41880,20771,2025.09.21,집에 쟁여둔 햇반이 다 떨어져서 구매했어요
도시락·밥류,향긋한 골든퀸쌀밥 210g*36입 (1박스),컬리X햇반,https://www.kurly.com/goods/1001485256,41880,20771,2025.09.21,여러번 구매하는 제품
도시락·밥류,향긋한 골든퀸쌀밥 210g*36입 (1박스),컬리X햇반,https://www.kurly.com/goods/1001485256,41880,20771,2025.09.21,골드퀸 현미밥 맛있어요! 밥은 현미밥만 먹고 거의 해 먹지만 귀찮을때 먹으려고 세일일때 저렴한 가격에 쟁여놨어요!
도시락·밥류,향긋한 골든퀸쌀밥 210g*36입 (1박스),컬리X햇반,https://www.kurly.com/goods/1001485256,41880,20771,2025.09.21,"컬리가 최고입니다
김진수 대리 출근합니까3"
도시락·밥류,향긋한 골든퀸쌀밥 210g*36입 (1박스),컬리X햇반,https://www.kurly.com/goods/1001485256,41880,20771,2025.09.21,햇반은 컬리에서 cj행사할 때 골든퀸쌀밥만 구매해요
도시락·밥류,향긋한 골든퀸쌀밥 210g*36입 (1박스),컬리X햇반,https://www.kurly.com/goods/1001485256,41880,20771,2025.09.21,밥통이 얼마 안 되어 고장이 잘 나더군요 그래서 햇반과 냄비밥 병행합니다
도시락·밥류,향긋한 골든퀸쌀밥 210g*36입 (1박스),컬리X햇반,https://www.kurly.com/goods/1001485256,41880,20771,2025.09.21,구수하고 맛있어요 ~~
도시락·밥류,향긋한 골든퀸쌀밥 210g*36입 (1박스),컬리X햇반,https://www.kurly.com/goods/1001485256,41880,20771,2025.09.21,비상용으로 항상 쟁여둬요
도시락·밥류,향긋한 골든퀸쌀밥 210g*36입 (1박스),컬리X햇반,https://www.kurly.com/goods/1001485256,41880,20771,2025.09.21,구수한 향이 아주 맛있어요
도시락·밥류,향긋한 골든퀸쌀밥 210g*36입 (1박스),컬리X햇반,https://www.kurly.com/goods/1001485256,41880,20771,2025.09.21,재재재재재재재재재구매에욮 평생먹을거예여
도시락·밥류,향긋한 골든퀸쌀밥 210g*36입 (1박스),컬리X햇반,https://www.kurly.com/goods/1001485256,41880,20771,2025.09.21,"현미밥 압력솥으로 하는거 아님 푹 익히기 어려워
컬리현미밥 자주 사먹어요
비싸서 할인하면 장 볼때 꼭 넣어요"
도시락·밥류,향긋한 골든퀸쌀밥 210g*36입 (1박스),컬리X햇반,https://www.kurly.com/goods/1001485256,41880,20771,2025.09.21,현미밥인 줄 알고 샀다가 오랜만에 백미 먹는데 맛있긴 하네요
도시락·밥류,향긋한 골든퀸쌀밥 210g*36입 (1박스),컬리X햇반,https://www.kurly.com/goods/1001485256,41880,20771,2025.09.21,항상 사놓는 쟁여탬 ㅎㅎ
도시락·밥류,향긋한 골든퀸쌀밥 210g*36입 (1박스),컬리X햇반,https://www.kurly.com/goods/1001485256,41880,20771,2025.09.21,떨어지면 안대는 필수템 맛잇음
도시락·밥류,향긋한 골든퀸쌀밥 210g*36입 (1박스),컬리X햇반,https://www.kurly.com/goods/1001485256,41880,20771,2025.09.21,급할때 건강하게 한끼 먹을수있게 쟁여뒀어여
도시락·밥류,라이스플랜 렌틸콩현미밥 190g*4입,햇반,https://www.kurly.com/goods/1001171771,8980,656,2025.05.03,"”저속노화“ 라는 단어가 유행하기 무섭게 나온 제품인데 , 실제로 드시는 식단 고대로 나와서 따로 밥 할 수고로움 혹은 재료를 하나하나 굳이 사지 않아도 ( 재료 하나하나 다 사놓고 상황상 다 못먹거나 오래두거나 하는 경우가 없지않아 있기 때문에 ! ) 접해볼 수 있어 너무 좋았던 제품이에요. 

맛은 크게 무슨 특정한 맛이 난다기 보다는 식감이 좀 특이했던게 인상깊은 밥이었어요. 아무래도 고슬고슬 찰진 쌀밥과는 또 다른 느낌이라 , 씹는 식감도 되게 특이했고 은근 먹는 도중 포만감이 들어서 저는 한공기 기준 두번 나눠 먹었어요 ! ( 공기가 일반 햇반보다 좀 깊답니다) 

살짝 백미가 씹히는 느낌보단 렌틸콩의 비율이 많아 콩을 씹는 느낌이 많아서 어색하신 분들이라면 (저 역시도 그랬구요 ? ) 커리나 , 볶음밥으로 활용해서 드셔도 어색한 감 없이 드시는데 도움이 되지 않을까 하는 생각이 듭니당"
도시락·밥류,라이스플랜 렌틸콩현미밥 190g*4입,햇반,https://www.kurly.com/goods/1001171771,8980,656,2025.09.21,감사합니다 잘쓰겠습니다
도시락·밥류,라이스플랜 렌틸콩현미밥 190g*4입,햇반,https://www.kurly.com/goods/1001171771,8980,656,2025.09.20,늘 쟁여놓은 상품이에요....
도시락·밥류,라이스플랜 렌틸콩현미밥 190g*4입,햇반,https://www.kurly.com/goods/1001171771,8980,656,2025.09.20,요즘 콩을 많이 먹어서 넘 좋네요
도시락·밥류,라이스플랜 렌틸콩현미밥 190g*4입,햇반,https://www.kurly.com/goods/1001171771,8980,656,2025.09.20,이 제품 단종되지 않았으면 좋겠어요. 든든하고 건강한 맛
도시락·밥류,라이스플랜 렌틸콩현미밥 190g*4입,햇반,https://www.kurly.com/goods/1001171771,8980,656,2025.09.20,씹는맛 굿굿굿 좋아요좋아요 좋아요좋아요
도시락·밥류,라이스플랜 렌틸콩현미밥 190g*4입,햇반,https://www.kurly.com/goods/1001171771,8980,656,2025.09.19,떨어지지 않게 해두는 제품 중 하나입니다 밥하기 귀찮을 때 영양소 챙기면서 맛있게 먹을 수 있어서 좋아요
도시락·밥류,라이스플랜 렌틸콩현미밥 190g*4입,햇반,https://www.kurly.com/goods/1001171771,8980,656,2025.09.18,고소하고 맛있어요 좀 비싸지만
도시락·밥류,라이스플랜 렌틸콩현미밥 190g*4입,햇반,https://www.kurly.com/goods/1001171771,8980,656,2025.09.18,만족감 백퍼  딱 내 스타일  단백질 밥으로 최고요
도시락·밥류,라이스플랜 렌틸콩현미밥 190g*4입,햇반,https://www.kurly.com/goods/1001171771,8980,656,2025.09.18,이거 먹으면 속좋도 굿
도시락·밥류,라이스플랜 렌틸콩현미밥 190g*4입,햇반,https://www.kurly.com/goods/1001171771,8980,656,2025.09.17,괜찮은 가격에 건강 생각해서 먹는데 맛있어요.
도시락·밥류,라이스플랜 렌틸콩현미밥 190g*4입,햇반,https://www.kurly.com/goods/1001171771,8980,656,2025.09.17,아직은 어색하긴 한데 꼭꼭 씹어먹으니 괜찮아요 남편 건강을 위해
도시락·밥류,라이스플랜 렌틸콩현미밥 190g*4입,햇반,https://www.kurly.com/goods/1001171771,8980,656,2025.09.16,건강한 밥을 먹기위해 가끔 구입하는데 좋습니다
도시락·밥류,라이스플랜 렌틸콩현미밥 190g*4입,햇반,https://www.kurly.com/goods/1001171771,8980,656,2025.09.16,다양한 즉석밥이 나와서 좋네요.
도시락·밥류,라이스플랜 렌틸콩현미밥 190g*4입,햇반,https://www.kurly.com/goods/1001171771,8980,656,2025.09.16,간편하게 챙기는 건강 추천합니다
도시락·밥류,라이스플랜 렌틸콩현미밥 190g*4입,햇반,https://www.kurly.com/goods/1001171771,8980,656,2025.09.16,맛있네요 간편해서 좋습니다
도시락·밥류,라이스플랜 렌틸콩현미밥 190g*4입,햇반,https://www.kurly.com/goods/1001171771,8980,656,2025.09.16,건강한 맛이라 자주 여러번 구매해요
도시락·밥류,라이스플랜 렌틸콩현미밥 190g*4입,햇반,https://www.kurly.com/goods/1001171771,8980,656,2025.09.15,건강 챙기려고 라이브 행사할때 구입했어요
도시락·밥류,라이스플랜 렌틸콩현미밥 190g*4입,햇반,https://www.kurly.com/goods/1001171771,8980,656,2025.09.14,병원에서 추천해줘서 구매했어요
도시락·밥류,라이스플랜 렌틸콩현미밥 190g*4입,햇반,https://www.kurly.com/goods/1001171771,8980,656,2025.09.14,세일하길래 사봤어요!!
도시락·밥류,라이스플랜 렌틸콩현미밥 190g*4입,햇반,https://www.kurly.com/goods/1001171771,8980,656,2025.09.14,"요즘 렌틸콩현미밥만 먹고있는데 쿠폰이용해서 다른곳보다 저렴하게 구매해서
기분이 좋습니다^^"
도시락·밥류,라이스플랜 렌틸콩현미밥 190g*4입,햇반,https://www.kurly.com/goods/1001171771,8980,656,2025.09.14,부드럽고 맛은 있어요 그런데 현미가 아니고 보리같아요
도시락·밥류,라이스플랜 렌틸콩현미밥 190g*4입,햇반,https://www.kurly.com/goods/1001171771,8980,656,2025.09.14,혼자  밥해먹기싫어구매합니다
도시락·밥류,라이스플랜 렌틸콩현미밥 190g*4입,햇반,https://www.kurly.com/goods/1001171771,8980,656,2025.09.14,백미보다 훨 낫고 소화도 돼서 자주 재구매합니다
도시락·밥류,라이스플랜 렌틸콩현미밥 190g*4입,햇반,https://www.kurly.com/goods/1001171771,8980,656,2025.09.14,렌틸콩이  듬뿍 들어있어요. 생각보다 렌팅콩이 많이 들어있고 수분이 많은 밥이라 일반밥하고 섞어먹어요
도시락·밥류,라이스플랜 렌틸콩현미밥 190g*4입,햇반,https://www.kurly.com/goods/1001171771,8980,656,2025.09.13,간편하고 고소하게맛나네요 재구매 했어요
도시락·밥류,라이스플랜 렌틸콩현미밥 190g*4입,햇반,https://www.kurly.com/goods/1001171771,8980,656,2025.09.13,식감은 좀 거칠지만 몸에 좋을거 같아서 시켰어요
도시락·밥류,라이스플랜 렌틸콩현미밥 190g*4입,햇반,https://www.kurly.com/goods/1001171771,8980,656,2025.09.13,역시 컬리 편하게 집앞에서 받아볼수 잇어 조와요 배송상태 굿
도시락·밥류,라이스플랜 렌틸콩현미밥 190g*4입,햇반,https://www.kurly.com/goods/1001171771,8980,656,2025.09.12,무난한 렌틸콩밥….
도시락·밥류,라이스플랜 렌틸콩현미밥 190g*4입,햇반,https://www.kurly.com/goods/1001171771,8980,656,2025.09.11,저속노화가 핫하고 관심도 있어 할인하길래 주문해봤는데 렌틸콩이랑 현미가 부드러워 먹기 편했어요. 재주문 예정입니다.
도시락·밥류,라이스플랜 렌틸콩현미밥 190g*4입,햇반,https://www.kurly.com/goods/1001171771,8980,656,2025.09.11,맛보기 건강으로 가끔 먹어요
도시락·밥류,라이스플랜 렌틸콩현미밥 190g*4입,햇반,https://www.kurly.com/goods/1001171771,8980,656,2025.09.11,맛있어서 자주 주문해요 요즘 이것만 먹어요
도시락·밥류,라이스플랜 렌틸콩현미밥 190g*4입,햇반,https://www.kurly.com/goods/1001171771,8980,656,2025.09.10,맛보다는 건강을 위해
도시락·밥류,라이스플랜 렌틸콩현미밥 190g*4입,햇반,https://www.kurly.com/goods/1001171771,8980,656,2025.09.10,양배추랑 토마토랑 렌틸콩현미밥 잘어울려요
도시락·밥류,라이스플랜 렌틸콩현미밥 190g*4입,햇반,https://www.kurly.com/goods/1001171771,8980,656,2025.09.10,사이즈가 귀엽게 바뀜
도시락·밥류,라이스플랜 렌틸콩현미밥 190g*4입,햇반,https://www.kurly.com/goods/1001171771,8980,656,2025.09.10,건강에 도움되는 밥들을 구매해보았어요.  렌틸콩밥은 전에도 맛있게 먹었던터라 아주 맛있게 먹었어요.
도시락·밥류,라이스플랜 렌틸콩현미밥 190g*4입,햇반,https://www.kurly.com/goods/1001171771,8980,656,2025.09.09,"다이어트 식단으로 구매~~ 
파로밥이 좀더 찰져요"
도시락·밥류,라이스플랜 렌틸콩현미밥 190g*4입,햇반,https://www.kurly.com/goods/1001171771,8980,656,2025.09.09,카레에 렌틸콩밥 먹으면 향긋하고 좋아서 샀어요
도시락·밥류,라이스플랜 렌틸콩현미밥 190g*4입,햇반,https://www.kurly.com/goods/1001171771,8980,656,2025.09.09,"건강식으로 먹으려고 주문했는데
고소하고 맛있어서 좋네요."
도시락·밥류,라이스플랜 렌틸콩현미밥 190g*4입,햇반,https://www.kurly.com/goods/1001171771,8980,656,2025.09.08,간편하고 고소해요 맛있어요
도시락·밥류,라이스플랜 렌틸콩현미밥 190g*4입,햇반,https://www.kurly.com/goods/1001171771,8980,656,2025.09.07,"렌틸콩 특유의 냄새를 싫어하는데 
이건 구수한 맛이 나고 맛나고 간편하네요~"
도시락·밥류,라이스플랜 렌틸콩현미밥 190g*4입,햇반,https://www.kurly.com/goods/1001171771,8980,656,2025.09.07,뭔가 집에서 하는 것 보다 샐러드나 그냥 먹기도 좋아요
도시락·밥류,라이스플랜 렌틸콩현미밥 190g*4입,햇반,https://www.kurly.com/goods/1001171771,8980,656,2025.09.07,비상용으로 구입했어요
도시락·밥류,라이스플랜 렌틸콩현미밥 190g*4입,햇반,https://www.kurly.com/goods/1001171771,8980,656,2025.09.07,식단중이라 주문했는데 너무맛있어서 평상시에도 이밥만먹게되네요
도시락·밥류,라이스플랜 렌틸콩현미밥 190g*4입,햇반,https://www.kurly.com/goods/1001171771,8980,656,2025.09.07,고소하고 씹는 맛도 좋은 렌틸콩 햇반! 저속노화 시리즈는 양이 많아서 다른 메인 반찬들과 같이 먹을 때는 두번 나눠먹어도 좋아요~
도시락·밥류,라이스플랜 렌틸콩현미밥 190g*4입,햇반,https://www.kurly.com/goods/1001171771,8980,656,2025.09.06,재구매했어요 넘 맛있어요
도시락·밥류,라이스플랜 렌틸콩현미밥 190g*4입,햇반,https://www.kurly.com/goods/1001171771,8980,656,2025.09.06,맛 좋고 품질 좋아요. 적극 추천합니당. 55
도시락·밥류,라이스플랜 렌틸콩현미밥 190g*4입,햇반,https://www.kurly.com/goods/1001171771,8980,656,2025.09.03,흰밥보다야 낫겠쥬~
도시락·밥류,라이스플랜 렌틸콩현미밥 190g*4입,햇반,https://www.kurly.com/goods/1001171771,8980,656,2025.09.02,좋아요 만족합니다. 정희원 교수님 옳아요
도시락·밥류,라이스플랜 렌틸콩현미밥 190g*4입,햇반,https://www.kurly.com/goods/1001171771,8980,656,2025.09.02,생각보다 딱딱하고 알갱이가 큰데 건강한 맛이에요ㅋㅋ
도시락·밥류,한우사골 양지곰탕,진실된손맛,https://www.kurly.com/goods/5097092,5520,13835,2024.06.28,"간편식으로 먹으려고 한우사골 양지곰탕을 구매해 보았습니다.
한우사골 양지곰탕의 조리 과정은 그냥 끓이기만 하면 되서 편했습니다.
냉동 상태의 재료를 해동한 후, 냄비에 넣고 끓이기만 하면 되는 간편한 방식이었습니다.
조리 시간은 약 10분도 안걸려서 한끼 뚝딱 차릴 수 있었네요.

조리 시 몇 가지 팁을 더하자면, 국물을 더 진하게 즐기고 싶다면 중불에서 천천히 끓이는 것이 좋습니다. 또한, 개인의 취향에 따라 소금이나 후추를 추가하여 간을 맞추면 더욱 맛있게 즐길 수 있습니다. 저는 약간의 다진 마늘과 고춧가루를 추가하여 매콤하게 즐겼습니다.
1인분으로 적절한 양이었습니다. 
혼자서 먹기에는 충분히 배부르게 먹을 수 있었고, 추가로 밥이나 반찬을 곁들이면 더욱 푸짐한 한 끼 식사가 될 수 있었습니다. 
가격은 일반 외식 비용을 고려했을 때 합리적이었습니다. 
집에서 간편하게 진한 한식 곰탕을 즐길 수 있는 점, 그리고 신선한 재료와 깊은 맛을 고려하면 가성비가 매우 뛰어났습니다."
도시락·밥류,한우사골 양지곰탕,진실된손맛,https://www.kurly.com/goods/5097092,5520,13835,2023.08.01,밥 잘 안챙겨먹고 요리도 귀찮고 하기 힘든 스타일 이시라면 무조건 구매해 두세요.. 마켓 컬리 온갖 탕이란 탕은 사보고있는데 다 괜찬네요 이거는 파도 들고 고기도 많은거같고 먹을만해요 ㅜㅜ 냉동밥만 하나 데우면 한끼 안거를 수 있자나요? 조아요!
도시락·밥류,한우사골 양지곰탕,진실된손맛,https://www.kurly.com/goods/5097092,5520,13835,2023.04.08,"한우사골 양지곰탕으로 
사골떡만두칼국수🍜 만들어 먹었어요 ~ 

국물이 진하고 고기랑 대파도 실하게 들어있어서 다른 추가 재료 없이 밥만 있어도 먹었었어요~

이번에는 연희동에 유명한 사골칼국수집 생각나서 만들어 보았어요 ~ 거기서는 줄서고 기다려서 먹었는데 집에서 더 푸짐하게 한그릇 먹었네요 ~

간단하게 사골떡만두칼국수🍜 만드는법 
진한 사골 국물을 해동시켜서 냄비에
넣고,
냉동 만두(풀무원만두추천), 떡국떡 넣고,
끓이다가 칼국수 면(감자칼국수면 추천)을 넣어요.
푹 끓여서 면이 익으면 
계란을 풀어서 위에 뿌려주고 
끓고나면 먹어요 ~ 

이제는 컬리 주문할때 쟁여놓는 품목이 되었어요 ~ 냉동 해 놓았다가 뜨뜻한 국물 생각나면 꺼내 먹기 좋은거같아요 ~"
도시락·밥류,한우사골 양지곰탕,진실된손맛,https://www.kurly.com/goods/5097092,5520,13835,2025.09.23,떡국 떡도 넣어서 맛있게 먹었답니다
도시락·밥류,한우사골 양지곰탕,진실된손맛,https://www.kurly.com/goods/5097092,5520,13835,2025.09.22,맛있어요 밥한그릇뚝딱
도시락·밥류,한우사골 양지곰탕,진실된손맛,https://www.kurly.com/goods/5097092,5520,13835,2025.09.21,국거리 없을때  필요하네요.대파 듬뿍 넣어서 먹으니 맛있어요
도시락·밥류,한우사골 양지곰탕,진실된손맛,https://www.kurly.com/goods/5097092,5520,13835,2025.09.20,맛있어요 간편하면서도 진실된 손맛입니다 ㅋ
도시락·밥류,한우사골 양지곰탕,진실된손맛,https://www.kurly.com/goods/5097092,5520,13835,2025.09.20,진실된손맛이야 뭐 믿고 구매하죵!
도시락·밥류,한우사골 양지곰탕,진실된손맛,https://www.kurly.com/goods/5097092,5520,13835,2025.09.20,"자주 구매하는 제품이라
맛있어요"
도시락·밥류,한우사골 양지곰탕,진실된손맛,https://www.kurly.com/goods/5097092,5520,13835,2025.09.20,"냄새없고 고기양도 엄청푸짐해요
데울때 어딘가 모르게 잡내가 있던데 이제품은 잘드셔요
 제구매각입니다"
도시락·밥류,한우사골 양지곰탕,진실된손맛,https://www.kurly.com/goods/5097092,5520,13835,2025.09.20,아버님 임플란트 하셔서 주문해드렷는데 좋다고 하시네요 굿입니당
도시락·밥류,한우사골 양지곰탕,진실된손맛,https://www.kurly.com/goods/5097092,5520,13835,2025.09.20,한끼 식사로 좋아요
도시락·밥류,한우사골 양지곰탕,진실된손맛,https://www.kurly.com/goods/5097092,5520,13835,2025.09.19,간편하게 먹기 좋아서 재구입 했어요
도시락·밥류,한우사골 양지곰탕,진실된손맛,https://www.kurly.com/goods/5097092,5520,13835,2025.09.19,구수하고 맛있어요!!
도시락·밥류,한우사골 양지곰탕,진실된손맛,https://www.kurly.com/goods/5097092,5520,13835,2025.09.19,"계속 재구매하는 상품이에요 한끼 식사로
너무 편하고 맛도 있어서 아주 좋습니다."
도시락·밥류,한우사골 양지곰탕,진실된손맛,https://www.kurly.com/goods/5097092,5520,13835,2025.09.18,자주 구매하는 상품입니다 맛있어요
도시락·밥류,한우사골 양지곰탕,진실된손맛,https://www.kurly.com/goods/5097092,5520,13835,2025.09.18,고기가 넘 크고 질겨서 담번 구매는 쫌..
도시락·밥류,한우사골 양지곰탕,진실된손맛,https://www.kurly.com/goods/5097092,5520,13835,2025.09.16,맛있어요 자주구매 해요
도시락·밥류,한우사골 양지곰탕,진실된손맛,https://www.kurly.com/goods/5097092,5520,13835,2025.09.16,맛있어요 고기도 많아요
도시락·밥류,한우사골 양지곰탕,진실된손맛,https://www.kurly.com/goods/5097092,5520,13835,2025.09.16,너무 맛있어요 기대 이상의 맛이라 핵추천
도시락·밥류,한우사골 양지곰탕,진실된손맛,https://www.kurly.com/goods/5097092,5520,13835,2025.09.15,만두넣어 만두국끓이니맛있네요
도시락·밥류,한우사골 양지곰탕,진실된손맛,https://www.kurly.com/goods/5097092,5520,13835,2025.09.15,후기보고 주문했어요.맛있기를
도시락·밥류,한우사골 양지곰탕,진실된손맛,https://www.kurly.com/goods/5097092,5520,13835,2025.09.15,전체적 으로 만족 합니다/-
도시락·밥류,한우사골 양지곰탕,진실된손맛,https://www.kurly.com/goods/5097092,5520,13835,2025.09.15,진실된손맛 양지곰탕 요즘 자주 구매하는것같아요
도시락·밥류,한우사골 양지곰탕,진실된손맛,https://www.kurly.com/goods/5097092,5520,13835,2025.09.14,"고기양도 많고 정말 맛있어요
애들도 잘먹고 몇번째 구매인지 모르겠어요"
도시락·밥류,한우사골 양지곰탕,진실된손맛,https://www.kurly.com/goods/5097092,5520,13835,2025.09.14,한우사골 양지곰탕 기대되는 맛입니다 굿굿
도시락·밥류,한우사골 양지곰탕,진실된손맛,https://www.kurly.com/goods/5097092,5520,13835,2025.09.13,매번 냉동실에 쟁여놔요~그냥먹어도 맛있지만 다대기 만들어서 먹어도 너무 맛있어요~
도시락·밥류,한우사골 양지곰탕,진실된손맛,https://www.kurly.com/goods/5097092,5520,13835,2025.09.13,간편 한끼로 손색없어요
도시락·밥류,한우사골 양지곰탕,진실된손맛,https://www.kurly.com/goods/5097092,5520,13835,2025.09.13,일단 구매해 보았습니디
도시락·밥류,한우사골 양지곰탕,진실된손맛,https://www.kurly.com/goods/5097092,5520,13835,2025.09.12,"배송 굿~
믿고 먹는 진실된 손맛~
잘 먹을께요."
도시락·밥류,한우사골 양지곰탕,진실된손맛,https://www.kurly.com/goods/5097092,5520,13835,2025.09.12,도가니탕으로 시작하여 진실된 손맛을 엄청 애정하게 되었습니다~양지곰탕도 기대됩니다~
도시락·밥류,한우사골 양지곰탕,진실된손맛,https://www.kurly.com/goods/5097092,5520,13835,2025.09.12,구수하고 맛있더라구요
도시락·밥류,한우사골 양지곰탕,진실된손맛,https://www.kurly.com/goods/5097092,5520,13835,2025.09.11,고기 건더기 실하고 가격도 좋네요
도시락·밥류,한우사골 양지곰탕,진실된손맛,https://www.kurly.com/goods/5097092,5520,13835,2025.09.11,떡국 넣고 끓여먹으면 굿굿
도시락·밥류,한우사골 양지곰탕,진실된손맛,https://www.kurly.com/goods/5097092,5520,13835,2025.09.11,구냥 쏘쏘.. 고기 양은 많네요
도시락·밥류,한우사골 양지곰탕,진실된손맛,https://www.kurly.com/goods/5097092,5520,13835,2025.09.10,또 주문 햇어요 가성비 좋고
도시락·밥류,한우사골 양지곰탕,진실된손맛,https://www.kurly.com/goods/5097092,5520,13835,2025.09.10,아이가 잘먹는 곰탕이에요! 간편하고 맛있어요
도시락·밥류,한우사골 양지곰탕,진실된손맛,https://www.kurly.com/goods/5097092,5520,13835,2025.09.09,이 브랜드 탕류 대부분 괜찮은거 같아요 종종 주문하고 있어요
도시락·밥류,한우사골 양지곰탕,진실된손맛,https://www.kurly.com/goods/5097092,5520,13835,2025.09.09,고소하고 맛있어요  간편하게 먹기좋아요
도시락·밥류,한우사골 양지곰탕,진실된손맛,https://www.kurly.com/goods/5097092,5520,13835,2025.09.09,한우사골양지곰탕 고기가 조~금 질겨요
도시락·밥류,한우사골 양지곰탕,진실된손맛,https://www.kurly.com/goods/5097092,5520,13835,2025.09.09,진실된 손맛 후기가 넘좋아 종류별로 먹어보는중이요^^
도시락·밥류,한우사골 양지곰탕,진실된손맛,https://www.kurly.com/goods/5097092,5520,13835,2025.09.08,짭짤하니 맛있네요 ㅎ
도시락·밥류,한우사골 양지곰탕,진실된손맛,https://www.kurly.com/goods/5097092,5520,13835,2025.09.08,"고기가 좀 질겨요
국은 간이 짭짤하고 맛있어요
간편하게 김치만 꺼내서 식사하기 좋네요.
깔끔한 맛입니다"
도시락·밥류,한우사골 양지곰탕,진실된손맛,https://www.kurly.com/goods/5097092,5520,13835,2025.09.08,잘 먹길래 재구매 했어요
도시락·밥류,한우사골 양지곰탕,진실된손맛,https://www.kurly.com/goods/5097092,5520,13835,2025.09.08,굿굿굿 건강하고 간편하게 한끼 해결하기 좋움
도시락·밥류,한우사골 양지곰탕,진실된손맛,https://www.kurly.com/goods/5097092,5520,13835,2025.09.08,계속 정말 꾸준히 사서 쟁여놓고 먹는 거. 고기가 좀 두껍고 질기긴 하나 한우라서 믿고 먹는중. 간도 괜찮고 파 좀 더 넣어서 고기 잘게 썰어서 먹으면 입맛없을 때ㅜ조음
도시락·밥류,한우사골 양지곰탕,진실된손맛,https://www.kurly.com/goods/5097092,5520,13835,2025.09.08,며칠전에 사고 또 사네요 이번엔 떡국으로 ~
도시락·밥류,한우사골 양지곰탕,진실된손맛,https://www.kurly.com/goods/5097092,5520,13835,2025.09.08,자주사는 곰탕이요 아침에 대파썰어 후루룩 먹기 좋아요
도시락·밥류,한우사골 양지곰탕,진실된손맛,https://www.kurly.com/goods/5097092,5520,13835,2025.09.08,"2번째 구입 했어요 맛있어서 김치 밥 만 차려
간단히 먹기 좋은것같아요"
도시락·밥류,한우사골 양지곰탕,진실된손맛,https://www.kurly.com/goods/5097092,5520,13835,2025.09.08,먹어보고 괜찮으면 또 주문할게요 아직은 먹지를 못 해서요 ㅎㅎ
도시락·밥류,고단백 식단 도시락 4종 (택1),탄단지,https://www.kurly.com/goods/1000658317,5900,1267,2025.08.26,"기본적으로 달달한 소스맛이 가장 많이 느껴지고 함박스테이크 크기가 작아보이지만 밥 양을 보면 적은 양은 아닙니다.
고기 두께도 두꺼운 편이라 씹는 맛도 좋구요,

스테이크 외에 눈과 입으로 느껴지는 건더기로는 그린빈, 당근, 닭가슴살, 튀긴 감자 정도입니다.
생각보다 씹히는 내용물이 많아 스테이크를 같이 먹지 않아도 심심하지 않아 별도 반찬 없이 먹기에 좋습니다.
굳이 반찬을 곁들여 먹는다면 깍두기가 생각나네요.

참고)
데이그라스란 : 일본식 경양식 요리에 엄청나게 많이 들어가는 소스로, 경양식하면 생각나는 그 짭조름달달하고 감칠맛 나는 맛

전자레인지 가열 후, 비닐을 뜯을 때 뜨거운 열기에 놀라지 않도록 주의하세요:)"
도시락·밥류,고단백 식단 도시락 4종 (택1),탄단지,https://www.kurly.com/goods/1000658317,5900,1267,2024.09.02,생각보다 맛있어서 놀랐습니다. 성인 남성 기준 양은 모자르지만 하루 4끼 식단을 짜는 사람들에게는 괜찮은 선택지 일 것 같습니다. 혹은 가벼운 아침식사로 괜찮은것 같습니다. 전자레인지 조리시 비닐 표지가 싱각보다 많이 부풀어서 놀랐지만 터지지는 않으니 다른분들은 그런것에 유의하시면 좋겠습니다. 함박스테이크도 냉동 식품이라고는 생각치도 못하게 부드럽고 육즙이 살아있습니다. 맛은 떡갈비에 가까워서 한식을 좋아하는 필자의 입맛에는 적절히 부합했습니다. 이 업체를 처음 이용하는 소비자로서 다른 상품들에 대한 기대를 상승시키는 제품이였습니다. 재구매의사와 다른 제품까지 구매할 의사 있습니다.
도시락·밥류,고단백 식단 도시락 4종 (택1),탄단지,https://www.kurly.com/goods/1000658317,5900,1267,2024.08.20,"8개월 아기를 키우고 있는데, 잡고 일어서기 시작하면서 정말 밥을 해먹을수 잇는 시간이 없어요..그래서 자주 빵이나 편의점 음식을 많이 먹엇는데, 이번에 컬리에서 괜찮은 간편식을 찾앗어요! 이런스타일의 도시락은 처음 먹어서 맛잇을까..?햇는데 왠걸? 영양도 영양인데 맛이 정말 맛있네요! 고등어가 비리지도 않고 데리야끼소스와 곤드레밥이랑도 너무 잘어울려서 한끼식사로 정말 좋아요!  곤드레밥과 볶은 야채도 많이 들어 있어서 맛이 풍부해요! 다른버젼도 먹어보고싶네요!

-전자렌지로 드실경우 4분30초 돌리라고 되어잇지만. 추가로 2분정도 더 돌려야 생선까지 따뜻하게 먹을수 있네요. 

-고등어는 완전 순살에 아니기때문에 잘살펴서 드셔야 될거 같아요!"
도시락·밥류,고단백 식단 도시락 4종 (택1),탄단지,https://www.kurly.com/goods/1000658317,5900,1267,2025.09.22,할인 자주할때 시켜먹으면 든든하고 좋습니다
도시락·밥류,고단백 식단 도시락 4종 (택1),탄단지,https://www.kurly.com/goods/1000658317,5900,1267,2025.09.22,매주 시키고 있습니다 굿굿 맛있어요.
도시락·밥류,고단백 식단 도시락 4종 (택1),탄단지,https://www.kurly.com/goods/1000658317,5900,1267,2025.09.20,순살 고등어 맛있어요 ㅎㅎ
도시락·밥류,고단백 식단 도시락 4종 (택1),탄단지,https://www.kurly.com/goods/1000658317,5900,1267,2025.09.17,"오우 맛있네요?
좀 오래돌려야함"
도시락·밥류,고단백 식단 도시락 4종 (택1),탄단지,https://www.kurly.com/goods/1000658317,5900,1267,2025.09.17,아들이 맛있게 단백질 보충했다네요~~
도시락·밥류,고단백 식단 도시락 4종 (택1),탄단지,https://www.kurly.com/goods/1000658317,5900,1267,2025.09.17,아들이 맛있게 잘먹었다네요
도시락·밥류,고단백 식단 도시락 4종 (택1),탄단지,https://www.kurly.com/goods/1000658317,5900,1267,2025.09.16,안질리고 맛있어요~
도시락·밥류,고단백 식단 도시락 4종 (택1),탄단지,https://www.kurly.com/goods/1000658317,5900,1267,2025.09.15,든든해서 좋아요!!!!
도시락·밥류,고단백 식단 도시락 4종 (택1),탄단지,https://www.kurly.com/goods/1000658317,5900,1267,2025.09.15,든든해서 좋아요!!!
도시락·밥류,고단백 식단 도시락 4종 (택1),탄단지,https://www.kurly.com/goods/1000658317,5900,1267,2025.09.15,든든해서 좋아요!!
도시락·밥류,고단백 식단 도시락 4종 (택1),탄단지,https://www.kurly.com/goods/1000658317,5900,1267,2025.09.14,맛있을거같아요 먹기편리함
도시락·밥류,고단백 식단 도시락 4종 (택1),탄단지,https://www.kurly.com/goods/1000658317,5900,1267,2025.09.14,맛있어서 또샀어요 ㅎㅎ
도시락·밥류,고단백 식단 도시락 4종 (택1),탄단지,https://www.kurly.com/goods/1000658317,5900,1267,2025.09.14,아이들. 주말에. 해줄려고 가끔. 구매하는데. 맛있어요
도시락·밥류,고단백 식단 도시락 4종 (택1),탄단지,https://www.kurly.com/goods/1000658317,5900,1267,2025.09.14,맛맀는데 간이 강해요
도시락·밥류,고단백 식단 도시락 4종 (택1),탄단지,https://www.kurly.com/goods/1000658317,5900,1267,2025.09.13,한그릇에 생선까지 들어 있어서 간편하게 먹을 수 있어요
도시락·밥류,고단백 식단 도시락 4종 (택1),탄단지,https://www.kurly.com/goods/1000658317,5900,1267,2025.09.13,다아어트하면서 한끼 맛있게 먹을 수 있어서 만족
도시락·밥류,고단백 식단 도시락 4종 (택1),탄단지,https://www.kurly.com/goods/1000658317,5900,1267,2025.09.13,버터커리 맛잇어요. 귯
도시락·밥류,고단백 식단 도시락 4종 (택1),탄단지,https://www.kurly.com/goods/1000658317,5900,1267,2025.09.13,"닭다리살 괜찮음
먹을만했지만 다시시킬만큼은 아님"
도시락·밥류,고단백 식단 도시락 4종 (택1),탄단지,https://www.kurly.com/goods/1000658317,5900,1267,2025.09.13,"약간비림,소스때문에 비린게 안느껴질뿐"
도시락·밥류,고단백 식단 도시락 4종 (택1),탄단지,https://www.kurly.com/goods/1000658317,5900,1267,2025.09.12,쓰여 있는 시간 만큼 돌렸는데도 함박이 생각보다 차끈해서 좀 더 돌려서 먹었네요... 근데 개인적으로는 고등어가 더 맛있는 듯 ㅎ
도시락·밥류,고단백 식단 도시락 4종 (택1),탄단지,https://www.kurly.com/goods/1000658317,5900,1267,2025.09.11,맵찔이라 저에겐 정말매콤..그러나 맛있어요
도시락·밥류,고단백 식단 도시락 4종 (택1),탄단지,https://www.kurly.com/goods/1000658317,5900,1267,2025.09.11,"안녕하세요. 컬리입니다.

고등어 도시락에서 비린내로 인해 불편을 겪으신 점 사과드리며, 맛과 상태에 아쉬움을 드린 점 죄송합니다.

해당 상품은 신선한 고등어를 급속 냉동하여 만들지만, 수산물 특성상 원물마다 차이가 있을 수 있습니다. 배송 과정에서 발생한 미세한 온도 변화가 비린내에 영향을 주었을 가능성이 있습니다.

상품의 신선도에 대해 염려가 있으시거나 이용이 어려우신 경우 번거로우시겠지만, 해당 상품의 상태를 간략히 [마이컬리 > 고객센터 > 1:1 문의]로 남겨주시거나, 저희 고객센터(1644-1107)로 접수해 주시면 신속히 확인하여 안내 드릴 수 있도록 하겠습니다. 

소중한 의견 감사드리며, 더 나은 품질 제공을 위해 점검하겠습니다. 보내주신 의견은 담당 부서에 전달하여 원물 관리와 품질 개선에 참고하도록 하겠습니다.

감사합니다.
Better Life for All. Kurly"
도시락·밥류,고단백 식단 도시락 4종 (택1),탄단지,https://www.kurly.com/goods/1000658317,5900,1267,2025.09.10,양은 적지만 맛있네요~
도시락·밥류,고단백 식단 도시락 4종 (택1),탄단지,https://www.kurly.com/goods/1000658317,5900,1267,2025.09.10,퀄리티 좋고 맛있어요
도시락·밥류,고단백 식단 도시락 4종 (택1),탄단지,https://www.kurly.com/goods/1000658317,5900,1267,2025.09.10,"사진을 못찍어 아쉽네요
딸이 좋아해서 종종 구매합니다"
도시락·밥류,고단백 식단 도시락 4종 (택1),탄단지,https://www.kurly.com/goods/1000658317,5900,1267,2025.09.10,먹을만하고 괜찮습니다! 함박스테이크 양도 괜찮아요
도시락·밥류,고단백 식단 도시락 4종 (택1),탄단지,https://www.kurly.com/goods/1000658317,5900,1267,2025.09.09,맛있어요 양이 적어요
도시락·밥류,고단백 식단 도시락 4종 (택1),탄단지,https://www.kurly.com/goods/1000658317,5900,1267,2025.09.09,엄청나게 맛있는데 양적음
도시락·밥류,고단백 식단 도시락 4종 (택1),탄단지,https://www.kurly.com/goods/1000658317,5900,1267,2025.09.09,반찬없고 귀찮을때 유용한 도시락이에요 쟁여요
도시락·밥류,고단백 식단 도시락 4종 (택1),탄단지,https://www.kurly.com/goods/1000658317,5900,1267,2025.09.09,"소스가좀짠데 맛있어요 
강추드립니다
단백질함량도높고 좋아요"
도시락·밥류,고단백 식단 도시락 4종 (택1),탄단지,https://www.kurly.com/goods/1000658317,5900,1267,2025.09.09,"맛있어요!!
다 먹고 또 구매하려구요~"
도시락·밥류,고단백 식단 도시락 4종 (택1),탄단지,https://www.kurly.com/goods/1000658317,5900,1267,2025.09.09,"맛있어요~
간편하게 한끼 해결할 수 있어 좋아요!!"
도시락·밥류,고단백 식단 도시락 4종 (택1),탄단지,https://www.kurly.com/goods/1000658317,5900,1267,2025.09.09,"집에서 생선 구워먹기 쉽지 않은데..
간편하게 한끼 해결할 수 있어 좋아요!!"
도시락·밥류,고단백 식단 도시락 4종 (택1),탄단지,https://www.kurly.com/goods/1000658317,5900,1267,2025.09.09,"집에서 생선 구워먹기 쉽지 않은데..
뼈도 발라져 있어 좋네요~
간편하게 한끼 해결할 수 있어 좋아요!!"
도시락·밥류,고단백 식단 도시락 4종 (택1),탄단지,https://www.kurly.com/goods/1000658317,5900,1267,2025.09.09,냉동이라 두고먹기 편했어요
도시락·밥류,고단백 식단 도시락 4종 (택1),탄단지,https://www.kurly.com/goods/1000658317,5900,1267,2025.09.09,일반 도시락이랑 조금 달랐다네요
도시락·밥류,고단백 식단 도시락 4종 (택1),탄단지,https://www.kurly.com/goods/1000658317,5900,1267,2025.09.09,남편 도시락으로 구매함
도시락·밥류,고단백 식단 도시락 4종 (택1),탄단지,https://www.kurly.com/goods/1000658317,5900,1267,2025.09.09,남편 다이어트 도시락으로 구매
도시락·밥류,고단백 식단 도시락 4종 (택1),탄단지,https://www.kurly.com/goods/1000658317,5900,1267,2025.09.08,"점심도시락 만들기 귀찮을 때 먹어보려고 샀는데요, 오늘 한 번 먹어보니 맛은 괜찮은데 양이 적어서 ㅠㅠ 전 재구매는 못하겠어요.
식사량 적은 분께 적당한 양인 것 같아요.
그리고 닭이 익은 건지 아닌 건지 애매해서 설명서대로 데우고도 불안해서 3분 정도 더 데웠어요."
도시락·밥류,고단백 식단 도시락 4종 (택1),탄단지,https://www.kurly.com/goods/1000658317,5900,1267,2025.09.08,컵라면  하나  같이하면  식사
도시락·밥류,고단백 식단 도시락 4종 (택1),탄단지,https://www.kurly.com/goods/1000658317,5900,1267,2025.09.08,간편하게 먹고싶어서 주문햇어요
도시락·밥류,고단백 식단 도시락 4종 (택1),탄단지,https://www.kurly.com/goods/1000658317,5900,1267,2025.09.08,맛있게 잘 먹고 있습니다^^
도시락·밥류,고단백 식단 도시락 4종 (택1),탄단지,https://www.kurly.com/goods/1000658317,5900,1267,2025.09.08,비위가 약해서 향에 예민해서 그런지 비린맛이 나긴 합니다. 근데 소스가 꽤 맛있어서 소스랑 먹으면 또 비린맛이 감춰지긴해서 그럭저럭 잘 먹었긴했는데 냄새에 민감하시면 좀...
도시락·밥류,고단백 식단 도시락 4종 (택1),탄단지,https://www.kurly.com/goods/1000658317,5900,1267,2025.09.08,"고기 살도 야들야들하고 진짜 맛있었어요 ㅠㅠ!
단백질 함량도 괜찮아서 또 사 먹을 것 같아요 ㅎ.ㅎ"
도시락·밥류,고단백 식단 도시락 4종 (택1),탄단지,https://www.kurly.com/goods/1000658317,5900,1267,2025.09.08,"맛있습니다..
간이 일단 적당해서 좋아요.."
도시락·밥류,고단백 식단 도시락 4종 (택1),탄단지,https://www.kurly.com/goods/1000658317,5900,1267,2025.09.07,간단히 먹을때 리뷰좋은 도시락으로 주문해서 먹어보기하고 있어요
도시락·밥류,고단백 식단 도시락 4종 (택1),탄단지,https://www.kurly.com/goods/1000658317,5900,1267,2025.09.07,간단히 때우기로 먹을때 도시락으로 주문해보고 있어요
도시락·밥류,닭가슴살 곤약볶음밥 3종 (4개입) 택1,,https://www.kurly.com/goods/1000149207,9090,18613,2024.05.04,"요즘 식단 관리 중이라
백미는 안먹어서 곤약밥 종류 
찾다가 첫 구매했어요!

후기가 좋길래 믿고 구매 ^^

주로 점심 저녁 간단하게 먹고 싶을 때
냉동실에서 꺼내서 따로 해동 할 필요없이

3분30초-4분정도 볶아주면 완성!
라면 끓이는 것보다 더 간단한 볶음밥이예요~

맛은
은은한 카레 맛에 식감 좋은 닭가슴살 가득이라서
좋았도 새송이 야채도 작게 잘라져 있어 먹기
편하네요!

양은 성인여자 기준 한끼로 충분 하구요.

간편한데 맛까지 좋아서 무조건 재구매각인
곤약 볶음밥입니다.

곤약 특유의 식감이
잘 느껴지지 않아
곤약 잘 못먹는
사람도 부담없이 잘 먹을 수 있을 것 같아요😊"
도시락·밥류,닭가슴살 곤약볶음밥 3종 (4개입) 택1,,https://www.kurly.com/goods/1000149207,9090,18613,2023.04.20,"💜 구매이유
- 곧 다가올 여름을 대비해서 운동을 하고 있는데..
식단조절을 안하니 건강한 돼지가 되고있더라구요🐽
근데 굶는건 정말 못하겠고.. 적게먹는것도 못하구
맛있게 적당히 먹어야 식단조절을 길게 할수있을 것 같아서~ 찾아보다가 후기가 가장 좋아서 구매했어요!

💜 성분
- 닭가슴살 20.45%
- 곤약 20.45%
- 깍두기 14.36%
- 1 봉지에 200g 
- 275kcal

✅ 조리방법
- 전자레인지 3분 30초 또는 프라이팬조리

✅ 총평
- 다이어트 식단을 너무 완벽하게 하려다보면 작심삼일로 끝나더라구요…!!
그래서 완벽하진 않더라도 조금씩 조절해나가려고해요
깍두기볶음밥이라 맛이 진해서 맛있구요 저는 김치 한수저정도 더 넣고 계란도 올려먹어요^^ ㅎㅎㅎ
곤약밥이니 쌀보단 나을테니까요~~ㅎㅎㅎ
그리고 곤약 비율이 너무 높으면 질퍽한데 적절한 비율로 고슬고슬하니 식감도 괜찮고 곤약냄새 많이 안나요

혼밥하기에도 편하고 
맛있고 간편한 다이어트 식단으로 딱이에요^^
재구매의사 200% 입니다!"
도시락·밥류,닭가슴살 곤약볶음밥 3종 (4개입) 택1,,https://www.kurly.com/goods/1000149207,9090,18613,2025.09.22,적당히 씹히는 깍뚜기가 아주 맛있음
도시락·밥류,닭가슴살 곤약볶음밥 3종 (4개입) 택1,,https://www.kurly.com/goods/1000149207,9090,18613,2025.09.21,느무맛있어요ㅠㅠ 굿 아주 굿
도시락·밥류,닭가슴살 곤약볶음밥 3종 (4개입) 택1,,https://www.kurly.com/goods/1000149207,9090,18613,2025.09.21,늘늘늘늘 꼭 구비해두은 냉동볶음밥이에요. 양배추 버섯 닭가슴살 추가해서 볶아먹어요
도시락·밥류,닭가슴살 곤약볶음밥 3종 (4개입) 택1,,https://www.kurly.com/goods/1000149207,9090,18613,2025.09.20,"카레맛이 나서 닭가슴살이 꽤들어있는데도
먹을때 맛이 괜찮아요.
이거랑 매콤한맛 같이 볶아먹으면 맛있습니다"
도시락·밥류,닭가슴살 곤약볶음밥 3종 (4개입) 택1,,https://www.kurly.com/goods/1000149207,9090,18613,2025.09.20,재구매했습니다~간편하고 깍두기맛이 제일 맛있어요~
도시락·밥류,닭가슴살 곤약볶음밥 3종 (4개입) 택1,,https://www.kurly.com/goods/1000149207,9090,18613,2025.09.19,곤약볶음밥 중 젤 맛있어요
도시락·밥류,닭가슴살 곤약볶음밥 3종 (4개입) 택1,,https://www.kurly.com/goods/1000149207,9090,18613,2025.09.19,무난하고 맛있는 볶음밥입니당 여기에 계란후라이까지 해서 다이어트할 때 잘 먹었습니다
도시락·밥류,닭가슴살 곤약볶음밥 3종 (4개입) 택1,,https://www.kurly.com/goods/1000149207,9090,18613,2025.09.18,냉장고에 항상 구비되어 있어요 ㅎㅎ 맛있어요
도시락·밥류,닭가슴살 곤약볶음밥 3종 (4개입) 택1,,https://www.kurly.com/goods/1000149207,9090,18613,2025.09.18,간편하게 볶아서 계란후라이 닭가슴살 추가해서 먹어요
도시락·밥류,닭가슴살 곤약볶음밥 3종 (4개입) 택1,,https://www.kurly.com/goods/1000149207,9090,18613,2025.09.18,곤약 아닌거같고 너무 맛있음..
도시락·밥류,닭가슴살 곤약볶음밥 3종 (4개입) 택1,,https://www.kurly.com/goods/1000149207,9090,18613,2025.09.18,곤약볶음밥 이게 제일 맛있어요!!
도시락·밥류,닭가슴살 곤약볶음밥 3종 (4개입) 택1,,https://www.kurly.com/goods/1000149207,9090,18613,2025.09.17,곤약볶음밥중 최애에요
도시락·밥류,닭가슴살 곤약볶음밥 3종 (4개입) 택1,,https://www.kurly.com/goods/1000149207,9090,18613,2025.09.17,맛나고 먹기에 부담없습니다.
도시락·밥류,닭가슴살 곤약볶음밥 3종 (4개입) 택1,,https://www.kurly.com/goods/1000149207,9090,18613,2025.09.16,간식이나 간단한 점심으로 딱이에요 좋아요
도시락·밥류,닭가슴살 곤약볶음밥 3종 (4개입) 택1,,https://www.kurly.com/goods/1000149207,9090,18613,2025.09.15,유툽에서 보고 구매했는데 훌륭
도시락·밥류,닭가슴살 곤약볶음밥 3종 (4개입) 택1,,https://www.kurly.com/goods/1000149207,9090,18613,2025.09.15,간단하고 맛있어요~~~~~~
도시락·밥류,닭가슴살 곤약볶음밥 3종 (4개입) 택1,,https://www.kurly.com/goods/1000149207,9090,18613,2025.09.15,맛이 자극적이지 않아서 좋습니다. 슴슴하니 칼로리도 적당하고 좋아요
도시락·밥류,닭가슴살 곤약볶음밥 3종 (4개입) 택1,,https://www.kurly.com/goods/1000149207,9090,18613,2025.09.15,자주 시켜먹는건데 역시나 넘 맛있어요ㅠ 좀 짜긴하지만
도시락·밥류,닭가슴살 곤약볶음밥 3종 (4개입) 택1,,https://www.kurly.com/goods/1000149207,9090,18613,2025.09.14,냉동실에 구비해놓으면 든든해요
도시락·밥류,닭가슴살 곤약볶음밥 3종 (4개입) 택1,,https://www.kurly.com/goods/1000149207,9090,18613,2025.09.14,바쁠때 다이어트식으로 한끼 식사하기 간편해서 좋네요~~
도시락·밥류,닭가슴살 곤약볶음밥 3종 (4개입) 택1,,https://www.kurly.com/goods/1000149207,9090,18613,2025.09.14,바쁘게 한끼 다이어트식으로 챙겨먹을때 간편하고 좋아요!
도시락·밥류,닭가슴살 곤약볶음밥 3종 (4개입) 택1,,https://www.kurly.com/goods/1000149207,9090,18613,2025.09.14,냉동실 쟁여템이에요 맛있어요
도시락·밥류,닭가슴살 곤약볶음밥 3종 (4개입) 택1,,https://www.kurly.com/goods/1000149207,9090,18613,2025.09.14,깍두기가 제일 맛있어요.
도시락·밥류,닭가슴살 곤약볶음밥 3종 (4개입) 택1,,https://www.kurly.com/goods/1000149207,9090,18613,2025.09.14,곤약이 들어있다곤 생각 못하겠어요! 배도 부른데 칼로리도 무난하고 성분도 좋네요!
도시락·밥류,닭가슴살 곤약볶음밥 3종 (4개입) 택1,,https://www.kurly.com/goods/1000149207,9090,18613,2025.09.13,간이 좀 있어서 먹을만해요
도시락·밥류,닭가슴살 곤약볶음밥 3종 (4개입) 택1,,https://www.kurly.com/goods/1000149207,9090,18613,2025.09.13,"닭가슴살 깍두기 곤약볶음밥!

저는 전자레인지가 없어서 후라이팬에 볶볶 했습니다
캔참치 넣어서 먹는 날에는 참치기름 그냥 후라이팬에 버리고(?) 그 위에 볶음밥 부어서 볶..으면서 캔참치나 닭찌 으깨서 넣어서 같이 볶아 먹습니다! 
단백질 추가로 꼭챙!


치즈 넣어서 녹여서 먹으면 크리미 해서 잘 어울립니다!
닭찌랑 캔참치랑 같이 먹으면 포만감 좋습니다!

버섯이나 저는 미역도 불려서 넣어서 볶아 먹기도 하거든요?! 은근 맛있어요! 추천드려요! 

= 맛있게 먹어서 다른 맛도 궁금하긴하네요

깍두기 씹혀서 더 맛있는 것 같기도.. 식감이 뭐라도 있는게 좋긴 하잖아요!"
도시락·밥류,닭가슴살 곤약볶음밥 3종 (4개입) 택1,,https://www.kurly.com/goods/1000149207,9090,18613,2025.09.13,담백해서 좋아요!!!
도시락·밥류,닭가슴살 곤약볶음밥 3종 (4개입) 택1,,https://www.kurly.com/goods/1000149207,9090,18613,2025.09.13,나름 건강한 맛이에욤
도시락·밥류,닭가슴살 곤약볶음밥 3종 (4개입) 택1,,https://www.kurly.com/goods/1000149207,9090,18613,2025.09.12,자주 구매하는 상품 맛있어요.
도시락·밥류,닭가슴살 곤약볶음밥 3종 (4개입) 택1,,https://www.kurly.com/goods/1000149207,9090,18613,2025.09.12,"성분도좋고 간편하게 다이어트식 데워먹기 딱좋은것같아요.
맛별로나트륨이다르긴하지만불고기맛이제일맛있네요저는."
도시락·밥류,닭가슴살 곤약볶음밥 3종 (4개입) 택1,,https://www.kurly.com/goods/1000149207,9090,18613,2025.09.12,"자주 구매해서 먹고있어요!!
단백질함량도 좋구 곤약밥인데도 많이 이질적이지않아 적절한 볶음밥느낌입니당~"
도시락·밥류,닭가슴살 곤약볶음밥 3종 (4개입) 택1,,https://www.kurly.com/goods/1000149207,9090,18613,2025.09.11,ㄴ ㅐ 최애 복음밥입니닷
도시락·밥류,닭가슴살 곤약볶음밥 3종 (4개입) 택1,,https://www.kurly.com/goods/1000149207,9090,18613,2025.09.11,"곤약볶음밥은 처음 먹어보는데 
맛있어요!
카레맛도 잘어울리고 좋아요
닭비린내도 안나고요
카레랑 버섯이랑 잘어울립니다
3시간지나면 배고파지긴 하는데
다이어트용이니까 오히려 좋습니다."
도시락·밥류,닭가슴살 곤약볶음밥 3종 (4개입) 택1,,https://www.kurly.com/goods/1000149207,9090,18613,2025.09.10,맛있고 간편해서 가끔 구매해요.
도시락·밥류,닭가슴살 곤약볶음밥 3종 (4개입) 택1,,https://www.kurly.com/goods/1000149207,9090,18613,2025.09.10,다이어트 필요할때 꼭 구매하는 식단이에요 너무 맛있어서 다이어트 식품이란 생각이 안들어서 좋아요 카레맛은 진하지 않은편
도시락·밥류,닭가슴살 곤약볶음밥 3종 (4개입) 택1,,https://www.kurly.com/goods/1000149207,9090,18613,2025.09.10,다이어트 필요할때 꼭 구매하는 식단이에요 너무 맛있어서 다이어트 식품이란 생각이 안들어서 좋아요
도시락·밥류,닭가슴살 곤약볶음밥 3종 (4개입) 택1,,https://www.kurly.com/goods/1000149207,9090,18613,2025.09.08,컬리 이용때마다 시키는데 카레맛이 제일 맛있네요... 전자레인지에 돌려먹어도 꽤 괜찮고 식감이 좋아요.
도시락·밥류,닭가슴살 곤약볶음밥 3종 (4개입) 택1,,https://www.kurly.com/goods/1000149207,9090,18613,2025.09.08,"깍두기 맛이 확실히 더 맛있네요! 간 없는 음식 안 좋아하는 사람이면 깍두기 맛, 슴슴한 맛 좋아하면 불고기 맛!"
도시락·밥류,닭가슴살 곤약볶음밥 3종 (4개입) 택1,,https://www.kurly.com/goods/1000149207,9090,18613,2025.09.07,먹어본 곤약볶음밥중엔 젤 맛있어요 카레향 좋고 양도 좋아요
도시락·밥류,닭가슴살 곤약볶음밥 3종 (4개입) 택1,,https://www.kurly.com/goods/1000149207,9090,18613,2025.09.06,항상 먹던거 주문해요
도시락·밥류,닭가슴살 곤약볶음밥 3종 (4개입) 택1,,https://www.kurly.com/goods/1000149207,9090,18613,2025.09.05,"컬리 상품 역시 최고입니다.
매번 시켜먹는 간편 볶음밥 맛있습니다.
만족합니다."
도시락·밥류,닭가슴살 곤약볶음밥 3종 (4개입) 택1,,https://www.kurly.com/goods/1000149207,9090,18613,2025.09.05,맛있어요 한번씩 쟁이는 제품입니다
도시락·밥류,닭가슴살 곤약볶음밥 3종 (4개입) 택1,,https://www.kurly.com/goods/1000149207,9090,18613,2025.09.05,생각보다 괜찮아요 양은적어요 다이어트할때 좋아요
도시락·밥류,닭가슴살 곤약볶음밥 3종 (4개입) 택1,,https://www.kurly.com/goods/1000149207,9090,18613,2025.09.03,양도 적당하고 따로 반찬필요없어서 편하고 좋아요
도시락·밥류,닭가슴살 곤약볶음밥 3종 (4개입) 택1,,https://www.kurly.com/goods/1000149207,9090,18613,2025.09.03,회사에서 점심으로 먹는데 간편하고 맛있어요
도시락·밥류,닭가슴살 곤약볶음밥 3종 (4개입) 택1,,https://www.kurly.com/goods/1000149207,9090,18613,2025.09.02,단백질이 생각보다 적긴한데 맛나요
도시락·밥류,닭가슴살 곤약볶음밥 3종 (4개입) 택1,,https://www.kurly.com/goods/1000149207,9090,18613,2025.09.02,재구매했습니당 너무 맛있어요
도시락·밥류,닭가슴살 곤약볶음밥 3종 (4개입) 택1,,https://www.kurly.com/goods/1000149207,9090,18613,2025.09.02,맛있어서 또 재구매했어요
도시락·밥류,김치볶음밥 (2개입),올반,https://www.kurly.com/goods/5031706,5580,22295,2023.10.31,"올반 김치볶음밥은 요즘 만나기 힘든 맛이에요.
우리집 식구 모두 매운 걸 못 먹는데 시중에서 판매하는 제품들은 
모두 너무 매워서 흰밥을 많이 섞어서 볶아먹는데
올반 김치볶음밥은 하나도 안맵고 모짜렐라 치즈를 함께 넣어서 쫀듯한 맛과
고소한 맛을 함께 느낄 수 있어서 좋았어요.
맵지 않다는 것에 환호한 우리 식구들  재주문해서 잘 먹고 있습니다."
도시락·밥류,김치볶음밥 (2개입),올반,https://www.kurly.com/goods/5031706,5580,22295,2023.10.26,"미리 상온에 내놓았다가 후라이팬에 기름 두르고 살짝만 볶아도 잘 익어요
치즈는 들어있는 거에 집에 있는 치즈 더 추가해 넣었는데 전반적으로 부드러운 맛이라 깔칼한 맛을 내려면 뭔가 조미를 가해야할것 같아요 색깔만 빨갛지 맵지않아서 애들도 잘 먹을듯
김치는 별로 안보여요. 김치의 씹는맛은 없네요 
그래도 재구매의사 있어요"
도시락·밥류,김치볶음밥 (2개입),올반,https://www.kurly.com/goods/5031706,5580,22295,2025.09.23,간만에 주문했네요.
도시락·밥류,김치볶음밥 (2개입),올반,https://www.kurly.com/goods/5031706,5580,22295,2025.09.22,"김치볶음밥 생각니서 주문했어요
치즈가 한포인트하네요"
도시락·밥류,김치볶음밥 (2개입),올반,https://www.kurly.com/goods/5031706,5580,22295,2025.09.22,치즈가 들어있어서 더 맛있어요
도시락·밥류,김치볶음밥 (2개입),올반,https://www.kurly.com/goods/5031706,5580,22295,2025.09.22,치즈까지 들어있어서 맛있게 잘 먹었습니다
도시락·밥류,김치볶음밥 (2개입),올반,https://www.kurly.com/goods/5031706,5580,22295,2025.09.22,"먹고싶던 김치볶음밥. 올반은 처음 구매해보는거라
기대되네요."
도시락·밥류,김치볶음밥 (2개입),올반,https://www.kurly.com/goods/5031706,5580,22295,2025.09.22,할인해서 미리주문한
도시락·밥류,김치볶음밥 (2개입),올반,https://www.kurly.com/goods/5031706,5580,22295,2025.09.22,맛있어서 종종 구매해요
도시락·밥류,김치볶음밥 (2개입),올반,https://www.kurly.com/goods/5031706,5580,22295,2025.09.21,주변에서 추천받아 구매해봤어요
도시락·밥류,김치볶음밥 (2개입),올반,https://www.kurly.com/goods/5031706,5580,22295,2025.09.21,많이 안 매워서 아이들도 잘 먹어요
도시락·밥류,김치볶음밥 (2개입),올반,https://www.kurly.com/goods/5031706,5580,22295,2025.09.21,맛있네요 간단하게 먹기 좋아요~
도시락·밥류,김치볶음밥 (2개입),올반,https://www.kurly.com/goods/5031706,5580,22295,2025.09.21,웍에 휘리릭 볶아서 먹어요
도시락·밥류,김치볶음밥 (2개입),올반,https://www.kurly.com/goods/5031706,5580,22295,2025.09.21,좋아요 잘 샀어요 ㅎㅎ
도시락·밥류,김치볶음밥 (2개입),올반,https://www.kurly.com/goods/5031706,5580,22295,2025.09.21,"치즈 포장지 투명하게 바꼈네요 치즈가 양이 어째 줄어든거같은,,,"
도시락·밥류,김치볶음밥 (2개입),올반,https://www.kurly.com/goods/5031706,5580,22295,2025.09.21,항상 구매하는 제품입니다
도시락·밥류,김치볶음밥 (2개입),올반,https://www.kurly.com/goods/5031706,5580,22295,2025.09.20,"매번 발전하는 컬리에 노력이 돋보이는 포장에 감탄했습니다~^^
냉동식품이 올때마다 박스가 찢어지고 드라이아이스는 처치곤란 이였는데, 이렇게 보내주시니 드라이아이스는 보냉백 채로 두었다가 비닐 버리는곳에 버리면되고 박스도 전혀 찢어지지않아서 상품도 말짱합니다~~
깊은 배려에 다시한번 감사드리며,
배송해주신 김치볶음밥과 곶감도 맛있게 먹겠습니다~~♡"
도시락·밥류,김치볶음밥 (2개입),올반,https://www.kurly.com/goods/5031706,5580,22295,2025.09.20,늘 쟁이는 김치볶음밥 느무 맛나요
도시락·밥류,김치볶음밥 (2개입),올반,https://www.kurly.com/goods/5031706,5580,22295,2025.09.20,아주 만족합니다. 제품이 좋아 재구매 예정입니다!
도시락·밥류,김치볶음밥 (2개입),올반,https://www.kurly.com/goods/5031706,5580,22295,2025.09.19,세일하면 무조건 쟁여야죠
도시락·밥류,김치볶음밥 (2개입),올반,https://www.kurly.com/goods/5031706,5580,22295,2025.09.19,재즈문 ㅔㅁ 편하게먹기조아요
도시락·밥류,김치볶음밥 (2개입),올반,https://www.kurly.com/goods/5031706,5580,22295,2025.09.18,"제입맛엔 조금 단거같아요
치즈맛있음 양은 적음"
도시락·밥류,김치볶음밥 (2개입),올반,https://www.kurly.com/goods/5031706,5580,22295,2025.09.18,양은 좀 적지만 맛있어요
도시락·밥류,김치볶음밥 (2개입),올반,https://www.kurly.com/goods/5031706,5580,22295,2025.09.17,소시지 추가해서 먹으면 맛있음
도시락·밥류,김치볶음밥 (2개입),올반,https://www.kurly.com/goods/5031706,5580,22295,2025.09.17,맛있게 잘 먹었습니다.
도시락·밥류,김치볶음밥 (2개입),올반,https://www.kurly.com/goods/5031706,5580,22295,2025.09.17,빠른배송 감사합니다.
도시락·밥류,김치볶음밥 (2개입),올반,https://www.kurly.com/goods/5031706,5580,22295,2025.09.17,맛있어요 감사합니다
도시락·밥류,김치볶음밥 (2개입),올반,https://www.kurly.com/goods/5031706,5580,22295,2025.09.16,딸아이가 모짜렐라 듬뿍 올라간 요 김치볶음밥을 좋아합니다.
도시락·밥류,김치볶음밥 (2개입),올반,https://www.kurly.com/goods/5031706,5580,22295,2025.09.16,"두번째  구매입니다
치즈더 추가해서 먹으니 좋으네요"
도시락·밥류,김치볶음밥 (2개입),올반,https://www.kurly.com/goods/5031706,5580,22295,2025.09.16,양도 적당하고 맛도 좋아서 자주 편하게 먹을 수 있어서 좋아요
도시락·밥류,김치볶음밥 (2개입),올반,https://www.kurly.com/goods/5031706,5580,22295,2025.09.16,"집에서 김치볶음밥 만들면 냄새가 복도까지 진동을하는데, 
이거 간편한게 좋네요~~^^
다만 양은 좀 적은편이예요~~"
도시락·밥류,김치볶음밥 (2개입),올반,https://www.kurly.com/goods/5031706,5580,22295,2025.09.16,치즈가 있어서그런지 더 맛있는거 같아요
도시락·밥류,김치볶음밥 (2개입),올반,https://www.kurly.com/goods/5031706,5580,22295,2025.09.16,계란후라이 해서 같이 먹으면 좋아욤
도시락·밥류,김치볶음밥 (2개입),올반,https://www.kurly.com/goods/5031706,5580,22295,2025.09.16,아이아침대용으로 ㅗㅎ아요
도시락·밥류,김치볶음밥 (2개입),올반,https://www.kurly.com/goods/5031706,5580,22295,2025.09.16,아이 아팀대용으로 좋아여
도시락·밥류,김치볶음밥 (2개입),올반,https://www.kurly.com/goods/5031706,5580,22295,2025.09.16,후기가 좋아서 구매합니다.
도시락·밥류,김치볶음밥 (2개입),올반,https://www.kurly.com/goods/5031706,5580,22295,2025.09.15,매운맛 없어서 맵찔이인 울둘째도 잘 먹는 김치볶음밥~~ 한봉지 양이 좀 적어서 애 2명 먹을때 3봉 뜯어서 먹어요..
도시락·밥류,김치볶음밥 (2개입),올반,https://www.kurly.com/goods/5031706,5580,22295,2025.09.15,맛있어서 재구매했어요
도시락·밥류,김치볶음밥 (2개입),올반,https://www.kurly.com/goods/5031706,5580,22295,2025.09.15,"몰랐는데 치즈가 있네요

치즈가 있어서 아주 맛있어요"
도시락·밥류,김치볶음밥 (2개입),올반,https://www.kurly.com/goods/5031706,5580,22295,2025.09.15,후기가 좋길래 기대중이에요!
도시락·밥류,김치볶음밥 (2개입),올반,https://www.kurly.com/goods/5031706,5580,22295,2025.09.15,아이가 좋아하는 달달한 김치볶음밥 첫째 아이가 먹더니 케찹맛나 하더라고요 초등학교 1학년 아이에겐 최고의 김치 볶음밥 입니다.
도시락·밥류,김치볶음밥 (2개입),올반,https://www.kurly.com/goods/5031706,5580,22295,2025.09.14,좀 기름진 감은 있는데 간이 그렇게 세지않아서 먹기 괜찮아요. 양은 좀 적어요.
도시락·밥류,김치볶음밥 (2개입),올반,https://www.kurly.com/goods/5031706,5580,22295,2025.09.14,"일요일도 배송 되는지 몰랐어요
너무 좋네요
치즈까지 있어서 더 좋아요"
도시락·밥류,김치볶음밥 (2개입),올반,https://www.kurly.com/goods/5031706,5580,22295,2025.09.14,김치볶음밥은 이걸로 고정이예요. 많이 샀는데 전 한번도 못 먹었어요. 아들이 2인분씩 먹어요.
도시락·밥류,김치볶음밥 (2개입),올반,https://www.kurly.com/goods/5031706,5580,22295,2025.09.14,"추천합니다
맛있어요"
도시락·밥류,김치볶음밥 (2개입),올반,https://www.kurly.com/goods/5031706,5580,22295,2025.09.14,"계란후라이 하나 올려서 같이 먹으면 맛있어요.
김치볶음밥이 맵지 않아서 아이도 잘 먹습니다."
도시락·밥류,김치볶음밥 (2개입),올반,https://www.kurly.com/goods/5031706,5580,22295,2025.09.14,맛있을 것 같아서 주문해봤어요.
도시락·밥류,김치볶음밥 (2개입),올반,https://www.kurly.com/goods/5031706,5580,22295,2025.09.13,먹어보니 맛있어요 ~~~
도시락·밥류,김치볶음밥 (2개입),올반,https://www.kurly.com/goods/5031706,5580,22295,2025.09.13,김치볶음밥 재구매 합니당
도시락·밥류,김치볶음밥 (2개입),올반,https://www.kurly.com/goods/5031706,5580,22295,2025.09.13,"가성비 좋은 김치볶음밥이예요
맛도 괜찮고 피자치즈까지 들어있어서 별미로 먹어여"
도시락·밥류,육즙촉촉 오븐 함박스테이크 정식,온더고,https://www.kurly.com/goods/1000875372,6480,820,2025.04.16,"평소에 온더고 도시락제품 종종 시켜먹는 편인데 함박도 맛있네요

보통은 매콤불닭을 주로 시키는데 함박도 맛있어요
고기냄새에 예민한 편이라 냉동도시락같은 제품에 있는 고기류는 잘못하면 비린내? 누린내? 같은게 많이 나서 잘 안먹는 편이였는데 온더고 도시락류는 냄새 일절 안나고 샐러드랑 해서 간단하면서도 든든한 한끼가 가능해요

저는 집에서 슬라이스치즈 한장이랑 계란후라이 하나 추가해서 먹었는데 역시 실패없는 맛없없 조합이였어요

감자는 포슬포슬하니 맛있고 대략 4-5조각 들어서 아쉬움 없는 양이였어요
볶음밥은 그냥 평범한 도시락 맛이에요 
소스도 너무 튀거나하지 않는 평범하면서도 클레식한 맛이고 모자람 없이 딱 적당한 양이였어요

다음에도 재구매 의사 있어요 세일 자주해주세요 ㅎㅎ"
도시락·밥류,육즙촉촉 오븐 함박스테이크 정식,온더고,https://www.kurly.com/goods/1000875372,6480,820,2025.09.22,늘 구비 해놓은 냉동 도시락 맛있어요
도시락·밥류,육즙촉촉 오븐 함박스테이크 정식,온더고,https://www.kurly.com/goods/1000875372,6480,820,2025.09.22,먹을만해요 함박먹고싶어서시켜봤어요
도시락·밥류,육즙촉촉 오븐 함박스테이크 정식,온더고,https://www.kurly.com/goods/1000875372,6480,820,2025.09.22,고기 간이 조금 짠 것 외에는 양도 적당하고 토핑도 괜찮았어요.
도시락·밥류,육즙촉촉 오븐 함박스테이크 정식,온더고,https://www.kurly.com/goods/1000875372,6480,820,2025.09.22,"기대를 걸었는데

그냥 저냥 먹을만했어요"
도시락·밥류,육즙촉촉 오븐 함박스테이크 정식,온더고,https://www.kurly.com/goods/1000875372,6480,820,2025.09.21,간편하게 먹을수있어서 좋아요
도시락·밥류,육즙촉촉 오븐 함박스테이크 정식,온더고,https://www.kurly.com/goods/1000875372,6480,820,2025.09.21,밥은 좀 적지만 한끼 간편하게 먹을수있어요
도시락·밥류,육즙촉촉 오븐 함박스테이크 정식,온더고,https://www.kurly.com/goods/1000875372,6480,820,2025.09.21,온더고 제품이 맛있네요 그래서 커리돈가스에 이어 함박스테이크도 구매했어요 맛있겠죠
도시락·밥류,육즙촉촉 오븐 함박스테이크 정식,온더고,https://www.kurly.com/goods/1000875372,6480,820,2025.09.21,요거보다예전에고구마랑같이들어있는거가맛있던데 왜요샌안보일까
도시락·밥류,육즙촉촉 오븐 함박스테이크 정식,온더고,https://www.kurly.com/goods/1000875372,6480,820,2025.09.21,간단히먹기좋아요 함박먹고싶을때
도시락·밥류,육즙촉촉 오븐 함박스테이크 정식,온더고,https://www.kurly.com/goods/1000875372,6480,820,2025.09.20,전에 나왔던 스타일이 더 맛있던거같은...
도시락·밥류,육즙촉촉 오븐 함박스테이크 정식,온더고,https://www.kurly.com/goods/1000875372,6480,820,2025.09.18,맛있고 양도 괜찮았어요
도시락·밥류,육즙촉촉 오븐 함박스테이크 정식,온더고,https://www.kurly.com/goods/1000875372,6480,820,2025.09.17,맛있게 잘 먹었습니다
도시락·밥류,육즙촉촉 오븐 함박스테이크 정식,온더고,https://www.kurly.com/goods/1000875372,6480,820,2025.09.16,"고기 냄새없이  맛있어요 
간편해요"
도시락·밥류,육즙촉촉 오븐 함박스테이크 정식,온더고,https://www.kurly.com/goods/1000875372,6480,820,2025.09.16,고기 부드럽고 맛있어요 감자도 들어있어서 좋음
도시락·밥류,육즙촉촉 오븐 함박스테이크 정식,온더고,https://www.kurly.com/goods/1000875372,6480,820,2025.09.16,함박스테이크 맛있어요
도시락·밥류,육즙촉촉 오븐 함박스테이크 정식,온더고,https://www.kurly.com/goods/1000875372,6480,820,2025.09.16,온더고 도시락은 대부분 맛있는거 같아요
도시락·밥류,육즙촉촉 오븐 함박스테이크 정식,온더고,https://www.kurly.com/goods/1000875372,6480,820,2025.09.15,너무 간편하고 좋아요!
도시락·밥류,육즙촉촉 오븐 함박스테이크 정식,온더고,https://www.kurly.com/goods/1000875372,6480,820,2025.09.15,간단해서 너무 좋아요!
도시락·밥류,육즙촉촉 오븐 함박스테이크 정식,온더고,https://www.kurly.com/goods/1000875372,6480,820,2025.09.14,도시락용으로 구매했는데 간편해서 좋아요👍
도시락·밥류,육즙촉촉 오븐 함박스테이크 정식,온더고,https://www.kurly.com/goods/1000875372,6480,820,2025.09.14,이거 괜찮음 육즙 가득 근데 양이 적음
도시락·밥류,육즙촉촉 오븐 함박스테이크 정식,온더고,https://www.kurly.com/goods/1000875372,6480,820,2025.09.13,"너무 맛있는 한끼입니다.
함박도 고급집니다.
단지 볶음밥양이 살짝 조금만 더 많았으면 하는 아쉬움?  ㅎ 그것빼곤 만족합니다"
도시락·밥류,육즙촉촉 오븐 함박스테이크 정식,온더고,https://www.kurly.com/goods/1000875372,6480,820,2025.09.12,온더고 도시락이 제일 맛나요
도시락·밥류,육즙촉촉 오븐 함박스테이크 정식,온더고,https://www.kurly.com/goods/1000875372,6480,820,2025.09.11,"후기 보고 구입했어요~
고기는 제 기준에는 좀 짜네요
밥이랑 같이 먹으면 괜찮아요~"
도시락·밥류,육즙촉촉 오븐 함박스테이크 정식,온더고,https://www.kurly.com/goods/1000875372,6480,820,2025.09.11,맛있고 든든한 한끼 식사가 되요
도시락·밥류,육즙촉촉 오븐 함박스테이크 정식,온더고,https://www.kurly.com/goods/1000875372,6480,820,2025.09.11,온더고는 뭐든 다 맛있는데 이건 더 맛나보이네요 육즙촉촉 기대~
도시락·밥류,육즙촉촉 오븐 함박스테이크 정식,온더고,https://www.kurly.com/goods/1000875372,6480,820,2025.09.10,온더고로 냉동실 꽉 채워놓으니 편하네요
도시락·밥류,육즙촉촉 오븐 함박스테이크 정식,온더고,https://www.kurly.com/goods/1000875372,6480,820,2025.09.09,어머 너무맛있어요!!!
도시락·밥류,육즙촉촉 오븐 함박스테이크 정식,온더고,https://www.kurly.com/goods/1000875372,6480,820,2025.09.09,온더고 도시락 모두 맛있는 편이예요
도시락·밥류,육즙촉촉 오븐 함박스테이크 정식,온더고,https://www.kurly.com/goods/1000875372,6480,820,2025.09.09,"가끔 아침 간단히 먹을때 좋아요
맛도 좋아요!!"
도시락·밥류,육즙촉촉 오븐 함박스테이크 정식,온더고,https://www.kurly.com/goods/1000875372,6480,820,2025.09.08,온더고 메뉴중 상급 나이스
도시락·밥류,육즙촉촉 오븐 함박스테이크 정식,온더고,https://www.kurly.com/goods/1000875372,6480,820,2025.09.08,맛있게 잘 먹고 있습니다^^
도시락·밥류,육즙촉촉 오븐 함박스테이크 정식,온더고,https://www.kurly.com/goods/1000875372,6480,820,2025.09.08,간편하게 먹기 좋아요
도시락·밥류,육즙촉촉 오븐 함박스테이크 정식,온더고,https://www.kurly.com/goods/1000875372,6480,820,2025.09.07,"냉동도시락 잘 안사는데
요건 그중 나름 성분 괜찮고
맛도 괜찮아서 가끔 아이 특별식으로 ㅎ"
도시락·밥류,육즙촉촉 오븐 함박스테이크 정식,온더고,https://www.kurly.com/goods/1000875372,6480,820,2025.09.07,아이들이 데워먹기 편해서 구매했어요.
도시락·밥류,육즙촉촉 오븐 함박스테이크 정식,온더고,https://www.kurly.com/goods/1000875372,6480,820,2025.09.05,처음구매하는데 맛있길기대합니다
도시락·밥류,육즙촉촉 오븐 함박스테이크 정식,온더고,https://www.kurly.com/goods/1000875372,6480,820,2025.09.05,맛있어서 자주 구매하는 상품이에요
도시락·밥류,육즙촉촉 오븐 함박스테이크 정식,온더고,https://www.kurly.com/goods/1000875372,6480,820,2025.09.04,간편식으로 몇가지 주문했는데 아주 맛있어요
도시락·밥류,육즙촉촉 오븐 함박스테이크 정식,온더고,https://www.kurly.com/goods/1000875372,6480,820,2025.09.04,아들이 맛있다고 하는데 양이 좀 작아 아쉅데요.
도시락·밥류,육즙촉촉 오븐 함박스테이크 정식,온더고,https://www.kurly.com/goods/1000875372,6480,820,2025.09.04,한끼 식사로 먹을만해요.
도시락·밥류,육즙촉촉 오븐 함박스테이크 정식,온더고,https://www.kurly.com/goods/1000875372,6480,820,2025.09.04,육즙팍팍 양도 많고 소스도 맛있어요..재구매했어요
도시락·밥류,육즙촉촉 오븐 함박스테이크 정식,온더고,https://www.kurly.com/goods/1000875372,6480,820,2025.09.04,양도 많고 감자튀김도 있어서 맛있어요
도시락·밥류,육즙촉촉 오븐 함박스테이크 정식,온더고,https://www.kurly.com/goods/1000875372,6480,820,2025.09.03,자취하는 아이에게 보내줬더니 맛있어합니다
도시락·밥류,육즙촉촉 오븐 함박스테이크 정식,온더고,https://www.kurly.com/goods/1000875372,6480,820,2025.09.03,도시락 1위길래  시켜봤어요 .
도시락·밥류,육즙촉촉 오븐 함박스테이크 정식,온더고,https://www.kurly.com/goods/1000875372,6480,820,2025.09.02,"맞벌이 부부라 아이들 방학기간에 간단히 점심 챙겨주려고샀는데, 너무 맛있다며 잘먹더라구요.
출근할때 점심도시락으로 사고갈까해여👍"
도시락·밥류,육즙촉촉 오븐 함박스테이크 정식,온더고,https://www.kurly.com/goods/1000875372,6480,820,2025.09.02,"맛있어요 
근데 다른시리즈보다 양이 적은느낌이예요 ㅠ"
도시락·밥류,육즙촉촉 오븐 함박스테이크 정식,온더고,https://www.kurly.com/goods/1000875372,6480,820,2025.09.02,"아이들이 간편식으로 먹기 좋아서 쟁여두고 있어요
학교끝나고 학원가기전에 먹기 딱 좋습니다"
도시락·밥류,육즙촉촉 오븐 함박스테이크 정식,온더고,https://www.kurly.com/goods/1000875372,6480,820,2025.09.01,함박스테이크 부드럽고 감자랑 골고루 먹을수 있어 한끼 맛있게 먹었어요.
도시락·밥류,육즙촉촉 오븐 함박스테이크 정식,온더고,https://www.kurly.com/goods/1000875372,6480,820,2025.09.01,온더고는 시리즈별로 다 먹고있어여!!!
도시락·밥류,육즙촉촉 오븐 함박스테이크 정식,온더고,https://www.kurly.com/goods/1000875372,6480,820,2025.08.31,"아들램이 젤 좋아하는 도시락
혼자 챙겨먹어도  미안하지않은 도시락이에요"
도시락·밥류,웜그레인 샐러드 7종 (택1),어리틀빗,https://www.kurly.com/goods/1000243875,5200,2774,2023.10.04,"365일 맨날 다이어트하는 사람에게 딱 좋은 냉동 샐러드...🙊👍👍

다이어트하느라 샐러드 사고 샌드위치 사고 그러다 못먹고 버리는 날이 많아서 엄마한테 매번 뭐라고 잔소리 들었는데 이제 냉동이라서 유통기한 신경안쓰고 먹을 수 있어서 너무 맘 편하네요!!!! 거기다가 샐러드도 전자레인지 넣고 바로 돌리면 끝이라서 귀차니즘 직장인에게는 안성맞춤😌👍

솔직히 맛은 기대 안했는데 상큼한 레몬에 오리엔탈 소스가 보리랑 너무 잘 어울리고 중간중간 야채나 브로콜리조차도 너무 맛나버료요...💓 진짜 컬리 들어와줘서 넘 감사하네요 앞으로도 종류별로 다 살려고요!!! 포만감도 너무 좋고 단백질도 20g이상이라서 딱 다이어터나 유지어터에게 너무 좋은 냉동 샐러드!!! 더 많이 할인해주세여...많이 쟁여둘게요...🫶"
도시락·밥류,웜그레인 샐러드 7종 (택1),어리틀빗,https://www.kurly.com/goods/1000243875,5200,2774,2025.09.21,웜샐러드 생각보다.맛있어요
도시락·밥류,웜그레인 샐러드 7종 (택1),어리틀빗,https://www.kurly.com/goods/1000243875,5200,2774,2025.09.21,전자렌지.돌려 간단하게 조심으로 구입
도시락·밥류,웜그레인 샐러드 7종 (택1),어리틀빗,https://www.kurly.com/goods/1000243875,5200,2774,2025.09.21,진짜 너ㅜㅁ너ㅜㅁ 맛있어요!!!
도시락·밥류,웜그레인 샐러드 7종 (택1),어리틀빗,https://www.kurly.com/goods/1000243875,5200,2774,2025.09.21,우리집 냉동실 필수템이이요
도시락·밥류,웜그레인 샐러드 7종 (택1),어리틀빗,https://www.kurly.com/goods/1000243875,5200,2774,2025.09.21,쏘쏘~ 나쁘진 않지만 밥도 아니고 샐러드도 아닌게 뭔가 아쉽네요
도시락·밥류,웜그레인 샐러드 7종 (택1),어리틀빗,https://www.kurly.com/goods/1000243875,5200,2774,2025.09.21,음 쏘쏘~ 씹는 식감은 좋은데
도시락·밥류,웜그레인 샐러드 7종 (택1),어리틀빗,https://www.kurly.com/goods/1000243875,5200,2774,2025.09.21,처음 먹어보는 맛인데 괜찮네요
도시락·밥류,웜그레인 샐러드 7종 (택1),어리틀빗,https://www.kurly.com/goods/1000243875,5200,2774,2025.09.21,올리브+발사믹 조합 맛있습니다
도시락·밥류,웜그레인 샐러드 7종 (택1),어리틀빗,https://www.kurly.com/goods/1000243875,5200,2774,2025.09.21,간편하게 먹기 좋아요
도시락·밥류,웜그레인 샐러드 7종 (택1),어리틀빗,https://www.kurly.com/goods/1000243875,5200,2774,2025.09.19,두부 호박 식감이 좋아요
도시락·밥류,웜그레인 샐러드 7종 (택1),어리틀빗,https://www.kurly.com/goods/1000243875,5200,2774,2025.09.19,양은 적은편이지만 맛은 너무 좋아요
도시락·밥류,웜그레인 샐러드 7종 (택1),어리틀빗,https://www.kurly.com/goods/1000243875,5200,2774,2025.09.19,내용물도 실하고 식감이 좋아요
도시락·밥류,웜그레인 샐러드 7종 (택1),어리틀빗,https://www.kurly.com/goods/1000243875,5200,2774,2025.09.19,여러종류 먹어봣는데 진짜 다맛있어요
도시락·밥류,웜그레인 샐러드 7종 (택1),어리틀빗,https://www.kurly.com/goods/1000243875,5200,2774,2025.09.19,바질향이 강하지만 맛잇어요
도시락·밥류,웜그레인 샐러드 7종 (택1),어리틀빗,https://www.kurly.com/goods/1000243875,5200,2774,2025.09.19,살빼려고 먹는거치고는 너무 맛잇어요
도시락·밥류,웜그레인 샐러드 7종 (택1),어리틀빗,https://www.kurly.com/goods/1000243875,5200,2774,2025.09.19,호박이라 두부가 들어가잇어서 너무 맛잇어요
도시락·밥류,웜그레인 샐러드 7종 (택1),어리틀빗,https://www.kurly.com/goods/1000243875,5200,2774,2025.09.19,양은적지만 식감도 좋고 맛잇어요
도시락·밥류,웜그레인 샐러드 7종 (택1),어리틀빗,https://www.kurly.com/goods/1000243875,5200,2774,2025.09.19,매콤해서 질리지않고 맛있게 먹었어요
도시락·밥류,웜그레인 샐러드 7종 (택1),어리틀빗,https://www.kurly.com/goods/1000243875,5200,2774,2025.09.18,간편한 야식 대용으로도 좋아요
도시락·밥류,웜그레인 샐러드 7종 (택1),어리틀빗,https://www.kurly.com/goods/1000243875,5200,2774,2025.09.18,ㅠㅠ 제스타일은 아니여서..두번은 안시킬거같아요 ㅠ 좀 간이 밍밍해요
도시락·밥류,웜그레인 샐러드 7종 (택1),어리틀빗,https://www.kurly.com/goods/1000243875,5200,2774,2025.09.18,식단하기에 너무 좋아요 ㅋㅋ 강추
도시락·밥류,웜그레인 샐러드 7종 (택1),어리틀빗,https://www.kurly.com/goods/1000243875,5200,2774,2025.09.18,식단용으로 너무 좋아요 ㅋㅋ 강추
도시락·밥류,웜그레인 샐러드 7종 (택1),어리틀빗,https://www.kurly.com/goods/1000243875,5200,2774,2025.09.18,식단용으로 좋아요 ㅋㅋ 강추
도시락·밥류,웜그레인 샐러드 7종 (택1),어리틀빗,https://www.kurly.com/goods/1000243875,5200,2774,2025.09.18,"빠른배송 감사합니다?!:@,"
도시락·밥류,웜그레인 샐러드 7종 (택1),어리틀빗,https://www.kurly.com/goods/1000243875,5200,2774,2025.09.18,"빠른배송 감사합니다,!:&;"
도시락·밥류,웜그레인 샐러드 7종 (택1),어리틀빗,https://www.kurly.com/goods/1000243875,5200,2774,2025.09.17,솔직히 너무 퍽퍽하고 손이 안가요ㅠㅠ 어지간하면 잘 먹는데... 건강에는 좋을 것 같은 맛이에요.
도시락·밥류,웜그레인 샐러드 7종 (택1),어리틀빗,https://www.kurly.com/goods/1000243875,5200,2774,2025.09.17,양이 적어보였는데 은근히 배 부르네요. 보기보다 맛있었어요.
도시락·밥류,웜그레인 샐러드 7종 (택1),어리틀빗,https://www.kurly.com/goods/1000243875,5200,2774,2025.09.17,"맛은 건강한 맛입니다
간편하게 먹을 수 있어서 좋습니다"
도시락·밥류,웜그레인 샐러드 7종 (택1),어리틀빗,https://www.kurly.com/goods/1000243875,5200,2774,2025.09.17,전자레인지에 간단하게 데워서 먹을 수 있어서 좋습니다
도시락·밥류,웜그레인 샐러드 7종 (택1),어리틀빗,https://www.kurly.com/goods/1000243875,5200,2774,2025.09.17,"아주 건강한 맛이네요
간단하게 도시락으로 좋습니다"
도시락·밥류,웜그레인 샐러드 7종 (택1),어리틀빗,https://www.kurly.com/goods/1000243875,5200,2774,2025.09.17,포케로 만들어먹으면 너무 좋네요
도시락·밥류,웜그레인 샐러드 7종 (택1),어리틀빗,https://www.kurly.com/goods/1000243875,5200,2774,2025.09.17,후기는 정말 좋아서 구매했는데 제 입엔 안 맞아요 ㅠ 느끼하고 밥맛이 뭔가 비린느김 ㅠ 건강해지는 맛이여유..
도시락·밥류,웜그레인 샐러드 7종 (택1),어리틀빗,https://www.kurly.com/goods/1000243875,5200,2774,2025.09.15,반숙 계란후라이 하나 추가해서 먹으면 더 촉촉하고 든든해요~ 아침으로 먹기 좋아요
도시락·밥류,웜그레인 샐러드 7종 (택1),어리틀빗,https://www.kurly.com/goods/1000243875,5200,2774,2025.09.15,"두부랑 단호박이 고소하고 맛있어요 바질, 오리지널, 두부 이렇게 재구매합니다"
도시락·밥류,웜그레인 샐러드 7종 (택1),어리틀빗,https://www.kurly.com/goods/1000243875,5200,2774,2025.09.14,저녁 대용으로 가볍게 먹으려고 주문해봤어요. 은근 배부르네요!
도시락·밥류,웜그레인 샐러드 7종 (택1),어리틀빗,https://www.kurly.com/goods/1000243875,5200,2774,2025.09.14,"바질만 먹다 트러플 시켰는데 이것도 맛있네요! 
재구매 할 것 같습니다."
도시락·밥류,웜그레인 샐러드 7종 (택1),어리틀빗,https://www.kurly.com/goods/1000243875,5200,2774,2025.09.14,맛있게 잘 먹었어요. 종종 찾는 간편식으로 이용해 요.
도시락·밥류,웜그레인 샐러드 7종 (택1),어리틀빗,https://www.kurly.com/goods/1000243875,5200,2774,2025.09.14,점심 대용으로 구매했는데 좋은거 같아요!
도시락·밥류,웜그레인 샐러드 7종 (택1),어리틀빗,https://www.kurly.com/goods/1000243875,5200,2774,2025.09.12,잘 먹고 있습니다 좋아요!
도시락·밥류,웜그레인 샐러드 7종 (택1),어리틀빗,https://www.kurly.com/goods/1000243875,5200,2774,2025.09.12,다이어트식으로 먹을만 합니다
도시락·밥류,웜그레인 샐러드 7종 (택1),어리틀빗,https://www.kurly.com/goods/1000243875,5200,2774,2025.09.11,포장도 잘하고 굿굿
도시락·밥류,웜그레인 샐러드 7종 (택1),어리틀빗,https://www.kurly.com/goods/1000243875,5200,2774,2025.09.11,간편하게 먹기 좋고 맛있어요!
도시락·밥류,웜그레인 샐러드 7종 (택1),어리틀빗,https://www.kurly.com/goods/1000243875,5200,2774,2025.09.11,간편하게 먹기 좋아요! 맛있어요
도시락·밥류,웜그레인 샐러드 7종 (택1),어리틀빗,https://www.kurly.com/goods/1000243875,5200,2774,2025.09.10,저 위염이 너무 심해지면 진짜 조금만 먹어야되고 죽이나 순두부류만 먹어야 하는데.. 우연치 않게 이거 샀는데 양도 딱 소량이고 자극적이지 않고 영양도 좋아서 위염인데도 이것만 먹습니다... 일반인 입맛에는 싱겁고 양이 적을수 있으나 다이어트나 위염 사람에겐 딱 적당하네요 한동안 이것만 먹을것 같아요
도시락·밥류,웜그레인 샐러드 7종 (택1),어리틀빗,https://www.kurly.com/goods/1000243875,5200,2774,2025.09.10,궁금해서 한번 시켜봐요 양은 많은거 같지 않아요
도시락·밥류,웜그레인 샐러드 7종 (택1),어리틀빗,https://www.kurly.com/goods/1000243875,5200,2774,2025.09.09,"양이 엄펑 적네요
다른 샐러드하도 같이 먹었어요
재구매는 안 할듯"
도시락·밥류,웜그레인 샐러드 7종 (택1),어리틀빗,https://www.kurly.com/goods/1000243875,5200,2774,2025.09.09,몇 개 사봤은데 괜찮았어요
도시락·밥류,웜그레인 샐러드 7종 (택1),어리틀빗,https://www.kurly.com/goods/1000243875,5200,2774,2025.09.09,데워 먹는건데 닭가슴살도 있고 괜찮았어요
도시락·밥류,웜그레인 샐러드 7종 (택1),어리틀빗,https://www.kurly.com/goods/1000243875,5200,2774,2025.09.09,곡물 종류가 다양하고 간이 세지 않아서 건강합니다! 오독오독 씹히는 게 재밌고 맛있습니다~ 바질 맛 맛있어요!
도시락·밥류,솥반 9종,햇반,https://www.kurly.com/goods/5082168,3480,17987,2025.04.02,"매우 만족스러웠습니다. 생각보다 향이 진하고 고소한 풍미가 입안을 감싸며 매우 맛있었습니다. 전복내장의 특유의 향이 부담스럽지 않고 은은하게 살아 있어, 해산물 특유의 풍미를 좋아하는 분들께 특히 추천드리고 싶습니다. 전복 슬라이스도 씹는 식감이 살아 있어 질리지 않고 맛있게 먹을 수 있었고, 밥알도 찰기 있는 식감이라 전반적으로 고급스러운 느낌을 받을 수 있습니다.
가장 매력적인 점은, 바쁜 아침에 먹기 정말 좋은 구성입니다. 전자레인지에 그대로 데워 간편하게 먹을 수 있어, 시간이 부족한 아침에도 든든한 한 끼를 빠르게 해결할 수 있다는 점이 큰 장점입니다. 아침에는 무거운 음식이 부담스러운데, 이 제품은 양이 적당해서 너무 더부룩하지 않으면서도 속은 든든하게 채워주는, 딱 좋은 구성이라고 느껴졌습니다.
또한 실온 보관이 가능하여 쟁여두기에도 편리하다는 점이 매우 마음에 들었습니다. 냉장/냉동 보관이 필요 없어 보관에 대한 부담이 없고, 언제든 필요할 때 꺼내어 간편하게 즐길 수 있습니다. 깔끔하고 견고한 패키지 덕분에 이동 중에도 형태가 흐트러지지 않아 휴대성도 우수했습니다. 맛, 구성, 편의성까지 모두 만족스러운 제품이었습니다."
도시락·밥류,솥반 9종,햇반,https://www.kurly.com/goods/5082168,3480,17987,2023.02.05,"약밥을 좋아해 할아버지란 별명을 지닌 저에게 '꿀'약밥은 그냥 지나칠 수 없는 그런 존재입니다.. 사실 이미 재구매를 했는데요, 이상하게 이번에 훨씬 맛있게 먹어 그만큼 하고 싶은 말이 많습니다. 

 일단 정말 간편하고 가격도 적당합니다. 물론 할인까지 한다면 더욱 좋고요. 저희 집 오래된 전자레인지 기준 1분 30초면 끝입니다. 이제 꺼내고 비닐을 뜯어 먹기만 하면 돼요. 심지어 용기가 뜨겁지도 않아 급하게 무언가를 찾고, 또 그걸로 조심히 집는 그런 수고가 필요 없어요. 처음에는 약간의 김과 함께 약밥 특유의 단내가 올라옵니다. 촉촉을 넘어 약간의 찐득함이 눈으로 느껴지고요. 제가 약밥을 좋아하는 이유 중 하나가 바로 다양한 속재료인데요, 충분히 다채롭고 재료 양도 적지 않습니다. 다만 재료가 한 곳으로 몰려있는 경우가 있어 한 번 슥 섞어주면 더 좋습니다. 

 성인 남성 기준 하나 먹으면 딱 질리지도 부족하지도 않습니다. 물론 양으로는 부족하지만 아침 대용으로, 혹은 간식이나 야식용으로는 매우 적합할 것 같습니다. 

 저에게 약밥의 맛을 알려주신 어머니께서도 한 입 하시더니 ‘오 괜찮네’ 라는 평을 남기셨습니다. 물가가 무섭게 오르고, 이미 떡집 가격이 겁날 정도가 된 요즘 약밥러버에게 한 줄기 빛입니다. 앞으로도 할인 자주 하길 바랄 뿐입니다."
도시락·밥류,솥반 9종,햇반,https://www.kurly.com/goods/5082168,3480,17987,2025.09.22,잘받앟습니다재구매입니다?!!!!!
도시락·밥류,솥반 9종,햇반,https://www.kurly.com/goods/5082168,3480,17987,2025.09.22,간편하게 잘 먹었어요
도시락·밥류,솥반 9종,햇반,https://www.kurly.com/goods/5082168,3480,17987,2025.09.22,맛있어요~~~ 또구매의사 100 프로
도시락·밥류,솥반 9종,햇반,https://www.kurly.com/goods/5082168,3480,17987,2025.09.22,너무 맛있었습니다 간편하고 건강한맛이 었어요!!
도시락·밥류,솥반 9종,햇반,https://www.kurly.com/goods/5082168,3480,17987,2025.09.22,아이 기숙사에 보냅니다. 솥반은 처음보내는데 맛나면 좋겠네요
도시락·밥류,솥반 9종,햇반,https://www.kurly.com/goods/5082168,3480,17987,2025.09.22,아이 기숙사에 보냈어요. 솥반은 처음인데 괜찮으면 좋겠네요
도시락·밥류,솥반 9종,햇반,https://www.kurly.com/goods/5082168,3480,17987,2025.09.22,솥반종류는 처음 주문해서 보내보는데 맛있으면 좋겠네요. 아이 기숙사에서 가끔씩 바쁠 때 챙겨먹기 좋다고 합니다.
도시락·밥류,솥반 9종,햇반,https://www.kurly.com/goods/5082168,3480,17987,2025.09.22,오 이거 또 재구매 할 듯요
도시락·밥류,솥반 9종,햇반,https://www.kurly.com/goods/5082168,3480,17987,2025.09.22,한끼 별미로 좋습니다
도시락·밥류,솥반 9종,햇반,https://www.kurly.com/goods/5082168,3480,17987,2025.09.22,"잘 받았습니다 잘 먹었습니다
잘 받았습니다 잘 먹었습니다
잘 받았습니다 잘 먹었습니다."
도시락·밥류,솥반 9종,햇반,https://www.kurly.com/goods/5082168,3480,17987,2025.09.22,"잘 받았습니다 잘 먹었습니다
잘 받았습니다 잘 먹었습니다
잘 받았습니다 잘 먹었습니다"
도시락·밥류,솥반 9종,햇반,https://www.kurly.com/goods/5082168,3480,17987,2025.09.22,"잘 받았습니다 잘 먹었습니다 잘 받았습니다 잘 먹었습니다
잘 받았습니다 잘 먹었습니다 잘 받았습니다 잘 먹었습니다"
도시락·밥류,솥반 9종,햇반,https://www.kurly.com/goods/5082168,3480,17987,2025.09.22,잘 받았습니다 잘 먹었습니다 잘 받았습니다 잘 먹었습니다
도시락·밥류,솥반 9종,햇반,https://www.kurly.com/goods/5082168,3480,17987,2025.09.21,잘 받았습니다 잘 먹었습니다
도시락·밥류,솥반 9종,햇반,https://www.kurly.com/goods/5082168,3480,17987,2025.09.21,감사합니다 잘먹겠습니다
도시락·밥류,솥반 9종,햇반,https://www.kurly.com/goods/5082168,3480,17987,2025.09.21,감사합니다 잘쓰겠습니다
도시락·밥류,솥반 9종,햇반,https://www.kurly.com/goods/5082168,3480,17987,2025.09.21,간편하게 한 끼로 좋아요~~
도시락·밥류,솥반 9종,햇반,https://www.kurly.com/goods/5082168,3480,17987,2025.09.21,이왕이면 영양밥으로~~
도시락·밥류,솥반 9종,햇반,https://www.kurly.com/goods/5082168,3480,17987,2025.09.21,자취생아들 간단하게 먹으라고 보내줬어요
도시락·밥류,솥반 9종,햇반,https://www.kurly.com/goods/5082168,3480,17987,2025.09.21,그냥 맨밥보다 낳을듯해서
도시락·밥류,솥반 9종,햇반,https://www.kurly.com/goods/5082168,3480,17987,2025.09.21,자취생아들에게 보내줬어요
도시락·밥류,솥반 9종,햇반,https://www.kurly.com/goods/5082168,3480,17987,2025.09.21,전복으로 영양도 챙기고 맛도 좋을것 같아서 구매했어요
도시락·밥류,솥반 9종,햇반,https://www.kurly.com/goods/5082168,3480,17987,2025.09.21,맛있어보여서 구매했어요
도시락·밥류,솥반 9종,햇반,https://www.kurly.com/goods/5082168,3480,17987,2025.09.20,맛있어요 대신 양이 적어요
도시락·밥류,솥반 9종,햇반,https://www.kurly.com/goods/5082168,3480,17987,2025.09.20,"뿌리채소ㅡ
맛있어용!"
도시락·밥류,솥반 9종,햇반,https://www.kurly.com/goods/5082168,3480,17987,2025.09.20,"꿀약밥

종종.구입~"
도시락·밥류,솥반 9종,햇반,https://www.kurly.com/goods/5082168,3480,17987,2025.09.20,후기좋아서 맛있으면 좋겠네요
도시락·밥류,솥반 9종,햇반,https://www.kurly.com/goods/5082168,3480,17987,2025.09.20,후기 좋아서 사봤어요
도시락·밥류,솥반 9종,햇반,https://www.kurly.com/goods/5082168,3480,17987,2025.09.19,"흑미영양밥 맛있어요.
김에만 싸먹어도 맛있네요!!"
도시락·밥류,솥반 9종,햇반,https://www.kurly.com/goods/5082168,3480,17987,2025.09.19,꿀약밥 달달하규 쫄깃하고 맛있어요!!
도시락·밥류,솥반 9종,햇반,https://www.kurly.com/goods/5082168,3480,17987,2025.09.19,종류가많아서 여러개샀어요
도시락·밥류,솥반 9종,햇반,https://www.kurly.com/goods/5082168,3480,17987,2025.09.19,솥밥 먹어보려고 샀어요
도시락·밥류,솥반 9종,햇반,https://www.kurly.com/goods/5082168,3480,17987,2025.09.19,솥밥 여러종류 사봐요~~
도시락·밥류,솥반 9종,햇반,https://www.kurly.com/goods/5082168,3480,17987,2025.09.19,솥밥처음구입하는데 맛있을꺼같아요
도시락·밥류,솥반 9종,햇반,https://www.kurly.com/goods/5082168,3480,17987,2025.09.19,새로운밥먹어보려구요
도시락·밥류,솥반 9종,햇반,https://www.kurly.com/goods/5082168,3480,17987,2025.09.19,집에서도 간편하게 즐길수 있어 만족합니다
도시락·밥류,솥반 9종,햇반,https://www.kurly.com/goods/5082168,3480,17987,2025.09.19,햇반에서 다양하게 나와 너무 좋은거같아요
도시락·밥류,솥반 9종,햇반,https://www.kurly.com/goods/5082168,3480,17987,2025.09.19,간단한 식사시 한끼로 괜찮을거같아서 구입해봤어요
도시락·밥류,솥반 9종,햇반,https://www.kurly.com/goods/5082168,3480,17987,2025.09.19,입맛 없거나 바쁘게 한끼는 챙겨야할때 김에 싸서 먹음 좋아요
도시락·밥류,솥반 9종,햇반,https://www.kurly.com/goods/5082168,3480,17987,2025.09.19,소고기 우엉밥도 맛있어요 좋아요 또 구입하려고요
도시락·밥류,솥반 9종,햇반,https://www.kurly.com/goods/5082168,3480,17987,2025.09.19,전복내장 영양밥이 제일 맛있네요 ㅎㅎ 좋아요
도시락·밥류,솥반 9종,햇반,https://www.kurly.com/goods/5082168,3480,17987,2025.09.19,흑미라 고소하고 맛있어요 좋아요 😀 😄
도시락·밥류,솥반 9종,햇반,https://www.kurly.com/goods/5082168,3480,17987,2025.09.19,뿌리채소를 골고루 먹을 수 있어서 좋아요 맛있어요 👍
도시락·밥류,솥반 9종,햇반,https://www.kurly.com/goods/5082168,3480,17987,2025.09.19,솥반 골고루 먹어보니 맛있고 재밌네요 ㅎㅎ 좋아요
도시락·밥류,솥반 9종,햇반,https://www.kurly.com/goods/5082168,3480,17987,2025.09.19,밥이 잘져서 맛있어요
도시락·밥류,솥반 9종,햇반,https://www.kurly.com/goods/5082168,3480,17987,2025.09.19,간편하게 먹기 좋아요
도시락·밥류,솥반 9종,햇반,https://www.kurly.com/goods/5082168,3480,17987,2025.09.19,전복버터라 맛있네요 좋아요 재구매 할 예정입니다
도시락·밥류,솥반 9종,햇반,https://www.kurly.com/goods/5082168,3480,17987,2025.09.19,햇반 솥반 종류별로 다 먹어 보고 있는 중입니다 맛있네요 ㅎㅎ 좋아요
도시락·밥류,매일 찰잡곡밥 210g (8입),햇반,https://www.kurly.com/goods/5050800,11480,4089,2025.09.23,아이들은 흰쌀밥을 좋아하는데 잡곡도 주문했어요
도시락·밥류,매일 찰잡곡밥 210g (8입),햇반,https://www.kurly.com/goods/5050800,11480,4089,2025.09.22,세일할때 싸게 잘 샀어요! 뭔가 흰쌀밥 먹기에는 양심에 찔려서 잡곡밥으로 샀는데 맛있어요🫶🏻
도시락·밥류,매일 찰잡곡밥 210g (8입),햇반,https://www.kurly.com/goods/5050800,11480,4089,2025.09.21,찰지고 맛있어서 자주  구매합니다.
도시락·밥류,매일 찰잡곡밥 210g (8입),햇반,https://www.kurly.com/goods/5050800,11480,4089,2025.09.21,"찰잡곡밥 맛있어요 
자주 구매하는 제품입니다"
도시락·밥류,매일 찰잡곡밥 210g (8입),햇반,https://www.kurly.com/goods/5050800,11480,4089,2025.09.21,잡곡밥인데도 촉촉하고 맛있습니다 ~~
도시락·밥류,매일 찰잡곡밥 210g (8입),햇반,https://www.kurly.com/goods/5050800,11480,4089,2025.09.20,찰밥  흰밥보다  맛있어요  흰밥 질릴때  여러가지로주문해  먹고있어요
도시락·밥류,매일 찰잡곡밥 210g (8입),햇반,https://www.kurly.com/goods/5050800,11480,4089,2025.09.19,비상식량입니다 찰잡곡밥 무난하니 좋아요 고소해요 맛있어요
도시락·밥류,매일 찰잡곡밥 210g (8입),햇반,https://www.kurly.com/goods/5050800,11480,4089,2025.09.18,늘 먹는 햇반 붸뤼 굳
도시락·밥류,매일 찰잡곡밥 210g (8입),햇반,https://www.kurly.com/goods/5050800,11480,4089,2025.09.17,찰이라서 더 쫀득하고 맛있어요
도시락·밥류,매일 찰잡곡밥 210g (8입),햇반,https://www.kurly.com/goods/5050800,11480,4089,2025.09.15,"밥맛 좋아요 
세일가에 구매요"
도시락·밥류,매일 찰잡곡밥 210g (8입),햇반,https://www.kurly.com/goods/5050800,11480,4089,2025.09.15,상온을 냉장과 함께 보내시니 다 젖어서 와요
도시락·밥류,매일 찰잡곡밥 210g (8입),햇반,https://www.kurly.com/goods/5050800,11480,4089,2025.09.14,햇반은 주로 이걸 먹는데 26/2/6 까지 이고 가격이 좋아요
도시락·밥류,매일 찰잡곡밥 210g (8입),햇반,https://www.kurly.com/goods/5050800,11480,4089,2025.09.13,찹쌀이 들어있어 더 맛있네요~
도시락·밥류,매일 찰잡곡밥 210g (8입),햇반,https://www.kurly.com/goods/5050800,11480,4089,2025.09.13,잡곡밥이 제일 좋아요 맛있어요
도시락·밥류,매일 찰잡곡밥 210g (8입),햇반,https://www.kurly.com/goods/5050800,11480,4089,2025.09.12,36개가 매진돼서 할수없이~~
도시락·밥류,매일 찰잡곡밥 210g (8입),햇반,https://www.kurly.com/goods/5050800,11480,4089,2025.09.12,찰잡곡밥 넘 맛있어요 재구매합니다
도시락·밥류,매일 찰잡곡밥 210g (8입),햇반,https://www.kurly.com/goods/5050800,11480,4089,2025.09.10,아직 맛보진 않았지만
도시락·밥류,매일 찰잡곡밥 210g (8입),햇반,https://www.kurly.com/goods/5050800,11480,4089,2025.09.10,쿠폰 사용하니 가격 좋습니다.
도시락·밥류,매일 찰잡곡밥 210g (8입),햇반,https://www.kurly.com/goods/5050800,11480,4089,2025.09.07,비상템으로 구매해요
도시락·밥류,매일 찰잡곡밥 210g (8입),햇반,https://www.kurly.com/goods/5050800,11480,4089,2025.09.07,가격이 좋게 세일 중이라 다양한 햇반을 구입 해요
도시락·밥류,매일 찰잡곡밥 210g (8입),햇반,https://www.kurly.com/goods/5050800,11480,4089,2025.09.06,찰잡곡밥 햇반 맛있어요
도시락·밥류,매일 찰잡곡밥 210g (8입),햇반,https://www.kurly.com/goods/5050800,11480,4089,2025.09.06,찰밥느낌은 별로 없는듯
도시락·밥류,매일 찰잡곡밥 210g (8입),햇반,https://www.kurly.com/goods/5050800,11480,4089,2025.09.06,먹기 편하고 맛있어요
도시락·밥류,매일 찰잡곡밥 210g (8입),햇반,https://www.kurly.com/goods/5050800,11480,4089,2025.09.06,"햇반은 저의 필수탬인데 할인가격에 너무 잘샀어요.
감사합니다."
도시락·밥류,매일 찰잡곡밥 210g (8입),햇반,https://www.kurly.com/goods/5050800,11480,4089,2025.09.04,쌀이 똑 떨어져서 급하게 비상용겸 구매했는데 찰이라 그런지 촉촉하고 밥맛이 좋네요
도시락·밥류,매일 찰잡곡밥 210g (8입),햇반,https://www.kurly.com/goods/5050800,11480,4089,2025.09.04,"행사하길래 쟁여놨어요 
요긴하게 쓰이네요"
도시락·밥류,매일 찰잡곡밥 210g (8입),햇반,https://www.kurly.com/goods/5050800,11480,4089,2025.09.04,잡곡밥 건강하게 먹을 수 있어서 간편해서 좋아요
도시락·밥류,매일 찰잡곡밥 210g (8입),햇반,https://www.kurly.com/goods/5050800,11480,4089,2025.09.02,찰진 잡곡밥 맛있어요~
도시락·밥류,매일 찰잡곡밥 210g (8입),햇반,https://www.kurly.com/goods/5050800,11480,4089,2025.09.02,이제 햇반은 컬리에서만 구매헤요 ㅎㅎ
도시락·밥류,매일 찰잡곡밥 210g (8입),햇반,https://www.kurly.com/goods/5050800,11480,4089,2025.09.02,항상 먹는 찰잡곡밥 없으면 안돼요 맛있어요
도시락·밥류,매일 찰잡곡밥 210g (8입),햇반,https://www.kurly.com/goods/5050800,11480,4089,2025.09.02,잘먹고 있는 밥이에요
도시락·밥류,매일 찰잡곡밥 210g (8입),햇반,https://www.kurly.com/goods/5050800,11480,4089,2025.09.01,"맛있어요.
항상 구매합니다."
도시락·밥류,매일 찰잡곡밥 210g (8입),햇반,https://www.kurly.com/goods/5050800,11480,4089,2025.08.31,맛있을 것 같어요.
도시락·밥류,매일 찰잡곡밥 210g (8입),햇반,https://www.kurly.com/goods/5050800,11480,4089,2025.08.31,찰잡곡밥 8개입 항상 구입하는 밥입니다 ㅎㅎ 좋아요 맛있어요
도시락·밥류,매일 찰잡곡밥 210g (8입),햇반,https://www.kurly.com/goods/5050800,11480,4089,2025.08.31,비상용으로 가끔씩 쟁겨요
도시락·밥류,매일 찰잡곡밥 210g (8입),햇반,https://www.kurly.com/goods/5050800,11480,4089,2025.08.31,찰잡곡밥 매일 먹고 있어요 맛있어요 😀 👍 😄 😁 😎
도시락·밥류,매일 찰잡곡밥 210g (8입),햇반,https://www.kurly.com/goods/5050800,11480,4089,2025.08.31,"밥이 준비가 안됐거나 부족할때
비상용"
도시락·밥류,매일 찰잡곡밥 210g (8입),햇반,https://www.kurly.com/goods/5050800,11480,4089,2025.08.30,고소하고 찰진 맛있는 밥
도시락·밥류,매일 찰잡곡밥 210g (8입),햇반,https://www.kurly.com/goods/5050800,11480,4089,2025.08.28,파는 잡곡밥중에 제일 잡곡이 많이 들어있고 맛있어요
도시락·밥류,매일 찰잡곡밥 210g (8입),햇반,https://www.kurly.com/goods/5050800,11480,4089,2025.08.28,이거 맛있어용 ㅎㅎㅎ굿
도시락·밥류,매일 찰잡곡밥 210g (8입),햇반,https://www.kurly.com/goods/5050800,11480,4089,2025.08.27,맛있어요~~ 절 위해 구매~
도시락·밥류,매일 찰잡곡밥 210g (8입),햇반,https://www.kurly.com/goods/5050800,11480,4089,2025.08.24,건조하고 딱딱한 일반 잡곡밥에 비해 찰져서 좋아요
도시락·밥류,매일 찰잡곡밥 210g (8입),햇반,https://www.kurly.com/goods/5050800,11480,4089,2025.08.23,잡곡밥이라 주문했어요
도시락·밥류,매일 찰잡곡밥 210g (8입),햇반,https://www.kurly.com/goods/5050800,11480,4089,2025.08.23,매일 먹는 찰잡곡밥 찰지고 맛있네요 ㅎㅎ 좋아요 😀
도시락·밥류,매일 찰잡곡밥 210g (8입),햇반,https://www.kurly.com/goods/5050800,11480,4089,2025.08.22,세일해서 주문했어여
도시락·밥류,매일 찰잡곡밥 210g (8입),햇반,https://www.kurly.com/goods/5050800,11480,4089,2025.08.21,"자주주문^^
편하게 맛나게 먹고있어용^^"
도시락·밥류,매일 찰잡곡밥 210g (8입),햇반,https://www.kurly.com/goods/5050800,11480,4089,2025.08.21,찰곡밥  먹고싶어  구매햇어요
도시락·밥류,매일 찰잡곡밥 210g (8입),햇반,https://www.kurly.com/goods/5050800,11480,4089,2025.08.20,늘 찰잡곡밥 구입하고 있어요. 맛있어요.
도시락·밥류,매일 찰잡곡밥 210g (8입),햇반,https://www.kurly.com/goods/5050800,11480,4089,2025.08.20,"밥이 맛있어요
행사하면 꼭 쟁여놔요"
도시락·밥류,매일 찰잡곡밥 210g (8입),햇반,https://www.kurly.com/goods/5050800,11480,4089,2025.08.19,즉석밥중 찰잡곡밥이 입맛에 잘맞아요.
도시락·밥류,시그니처 주먹밥 2종,바르다 김선생,https://www.kurly.com/goods/5151454,5990,9830,2025.09.22,맛있어요 간단히 아침식사로 좋아요
도시락·밥류,시그니처 주먹밥 2종,바르다 김선생,https://www.kurly.com/goods/5151454,5990,9830,2025.09.22,아이들 간식용으로 편리해요
도시락·밥류,시그니처 주먹밥 2종,바르다 김선생,https://www.kurly.com/goods/5151454,5990,9830,2025.09.22,간단하게 먹기 좋아요
도시락·밥류,시그니처 주먹밥 2종,바르다 김선생,https://www.kurly.com/goods/5151454,5990,9830,2025.09.21,진짜 맛있게 잘 먹고 있어요. 감사합니다
도시락·밥류,시그니처 주먹밥 2종,바르다 김선생,https://www.kurly.com/goods/5151454,5990,9830,2025.09.21,주먹밥 ~햇반처럼 번갈아가며 먹어보고 있어요 다양하게 선택할 수 있어 좋아요
도시락·밥류,시그니처 주먹밥 2종,바르다 김선생,https://www.kurly.com/goods/5151454,5990,9830,2025.09.20,종류별로 구입해서 먹어요 세상 간편간편 주기적으로 구입합니다ㅎ
도시락·밥류,시그니처 주먹밥 2종,바르다 김선생,https://www.kurly.com/goods/5151454,5990,9830,2025.09.20,치즈가 들어있어서 아침식사용으로 먹어도 맛나요~
도시락·밥류,시그니처 주먹밥 2종,바르다 김선생,https://www.kurly.com/goods/5151454,5990,9830,2025.09.20,세일해서 쟁여둡니다.
도시락·밥류,시그니처 주먹밥 2종,바르다 김선생,https://www.kurly.com/goods/5151454,5990,9830,2025.09.20,"오~ 맛있아요
아침대용으로 좋아요"
도시락·밥류,시그니처 주먹밥 2종,바르다 김선생,https://www.kurly.com/goods/5151454,5990,9830,2025.09.20,세일해서 사봤어요!
도시락·밥류,시그니처 주먹밥 2종,바르다 김선생,https://www.kurly.com/goods/5151454,5990,9830,2025.09.20,품질최고입니다 재구매 할거예요
도시락·밥류,시그니처 주먹밥 2종,바르다 김선생,https://www.kurly.com/goods/5151454,5990,9830,2025.09.19,아침식사 대신 딱 좋네요
도시락·밥류,시그니처 주먹밥 2종,바르다 김선생,https://www.kurly.com/goods/5151454,5990,9830,2025.09.19,아침 대용으로 괜찮은거 같아요
도시락·밥류,시그니처 주먹밥 2종,바르다 김선생,https://www.kurly.com/goods/5151454,5990,9830,2025.09.18,간단하게 간식으로 좋아요
도시락·밥류,시그니처 주먹밥 2종,바르다 김선생,https://www.kurly.com/goods/5151454,5990,9830,2025.09.18,바르다 김치치즈 주먹밥 아침에 간단하게 먹기 좋아요~
도시락·밥류,시그니처 주먹밥 2종,바르다 김선생,https://www.kurly.com/goods/5151454,5990,9830,2025.09.18,"급할때 먹기 좋아요 
양이 적어서 소식하고 싶을때 딱임"
도시락·밥류,시그니처 주먹밥 2종,바르다 김선생,https://www.kurly.com/goods/5151454,5990,9830,2025.09.18,ㅓ치즈 조금만 더 들어있으면 좋겠어요 ㅜㅜ
도시락·밥류,시그니처 주먹밥 2종,바르다 김선생,https://www.kurly.com/goods/5151454,5990,9830,2025.09.18,주먹밥 맛있어요 잘먹었습니다
도시락·밥류,시그니처 주먹밥 2종,바르다 김선생,https://www.kurly.com/goods/5151454,5990,9830,2025.09.18,아침으로 간단히 먹을만함
도시락·밥류,시그니처 주먹밥 2종,바르다 김선생,https://www.kurly.com/goods/5151454,5990,9830,2025.09.17,아이들 간식으로 준비해놓는 상비식품입니다. 여러가지 삼각주먹밥을 먹어봤는데 이걸 좋아해요.
도시락·밥류,시그니처 주먹밥 2종,바르다 김선생,https://www.kurly.com/goods/5151454,5990,9830,2025.09.17,아들이 공부하다 출출하다고 야식찾길래 이거저거담다 구입했습니다. 편의점 삼김보다 맛있다고하네요.
도시락·밥류,시그니처 주먹밥 2종,바르다 김선생,https://www.kurly.com/goods/5151454,5990,9830,2025.09.17,김치치즈 주먹밥 렌지에 돌려 먹으니 맛있네요.
도시락·밥류,시그니처 주먹밥 2종,바르다 김선생,https://www.kurly.com/goods/5151454,5990,9830,2025.09.17,항상 구매하는 제품입니다
도시락·밥류,시그니처 주먹밥 2종,바르다 김선생,https://www.kurly.com/goods/5151454,5990,9830,2025.09.17,아침 대용으로 가끔 먹습니다. 무난하게 먹기 좋습니다.
도시락·밥류,시그니처 주먹밥 2종,바르다 김선생,https://www.kurly.com/goods/5151454,5990,9830,2025.09.16,간이 쎄서 흰밥을 더 넣어 볶아도 괜찮네요
도시락·밥류,시그니처 주먹밥 2종,바르다 김선생,https://www.kurly.com/goods/5151454,5990,9830,2025.09.16,아침 대용으로 좋아요
도시락·밥류,시그니처 주먹밥 2종,바르다 김선생,https://www.kurly.com/goods/5151454,5990,9830,2025.09.16,아버지가 좋아하셔서 자주 구매해용
도시락·밥류,시그니처 주먹밥 2종,바르다 김선생,https://www.kurly.com/goods/5151454,5990,9830,2025.09.16,아버지 아침식사용으로 재구매했어요~~간편하니 좋아요
도시락·밥류,시그니처 주먹밥 2종,바르다 김선생,https://www.kurly.com/goods/5151454,5990,9830,2025.09.16,김치라는 식감은 전혀없고 맛이 없어요.
도시락·밥류,시그니처 주먹밥 2종,바르다 김선생,https://www.kurly.com/goods/5151454,5990,9830,2025.09.16,후기와는 좀 다르게 맛이 없어요. 너무 건조하고 뻑뻑한 맛이에요
도시락·밥류,시그니처 주먹밥 2종,바르다 김선생,https://www.kurly.com/goods/5151454,5990,9830,2025.09.16,첨 사봤구 후기처럼 맛있겠죠~??
도시락·밥류,시그니처 주먹밥 2종,바르다 김선생,https://www.kurly.com/goods/5151454,5990,9830,2025.09.16,첨 사봤어요~~ 기대돼요~
도시락·밥류,시그니처 주먹밥 2종,바르다 김선생,https://www.kurly.com/goods/5151454,5990,9830,2025.09.15,주로 CJ꺼 주로 먹었었는데 한번 바꿔봤어요~~ CJ꺼에 비해 살짝 더 매워요
도시락·밥류,시그니처 주먹밥 2종,바르다 김선생,https://www.kurly.com/goods/5151454,5990,9830,2025.09.15,비쁜아침에 간단히먹어요
도시락·밥류,시그니처 주먹밥 2종,바르다 김선생,https://www.kurly.com/goods/5151454,5990,9830,2025.09.15,"아침에 애들 간편하게 먹일때 자주 
먹는 제품이라 쟁여놓습니다
맛있게 잘 먹어요"
도시락·밥류,시그니처 주먹밥 2종,바르다 김선생,https://www.kurly.com/goods/5151454,5990,9830,2025.09.15,"아침에 급할때 편하게 먹을 수 있어
좋습니다 아이들도 잘 먹어요"
도시락·밥류,시그니처 주먹밥 2종,바르다 김선생,https://www.kurly.com/goods/5151454,5990,9830,2025.09.15,생각보다 닭가슴살 들어간 주먹밥이 더 나은듯
도시락·밥류,시그니처 주먹밥 2종,바르다 김선생,https://www.kurly.com/goods/5151454,5990,9830,2025.09.14,주먹은 바르다김선생 이 가장 나은듯
도시락·밥류,시그니처 주먹밥 2종,바르다 김선생,https://www.kurly.com/goods/5151454,5990,9830,2025.09.14,주말 아침으로 간편하고 좋아료
도시락·밥류,시그니처 주먹밥 2종,바르다 김선생,https://www.kurly.com/goods/5151454,5990,9830,2025.09.13,아직 먹어보지 않았지만 기대중이에요
도시락·밥류,시그니처 주먹밥 2종,바르다 김선생,https://www.kurly.com/goods/5151454,5990,9830,2025.09.13,바쁜 아침이나 아주 간단하게 허기만 달랠때 좋아요. 맛도 좋아요.
도시락·밥류,시그니처 주먹밥 2종,바르다 김선생,https://www.kurly.com/goods/5151454,5990,9830,2025.09.13,맛있어요! 갯수 더많은 양도 있으면 좋겠어요
도시락·밥류,시그니처 주먹밥 2종,바르다 김선생,https://www.kurly.com/goods/5151454,5990,9830,2025.09.13,계속 구매하는 아이템~ 간편하고 맛있어요. 아이도 잘 먹어요~
도시락·밥류,시그니처 주먹밥 2종,바르다 김선생,https://www.kurly.com/goods/5151454,5990,9830,2025.09.13,가끔 심심할 때 만들어 먹으면 맛있어요!
도시락·밥류,시그니처 주먹밥 2종,바르다 김선생,https://www.kurly.com/goods/5151454,5990,9830,2025.09.13,애들이 좋아해요~~
도시락·밥류,시그니처 주먹밥 2종,바르다 김선생,https://www.kurly.com/goods/5151454,5990,9830,2025.09.13,"전자렌지에 1분돌리고 에프로 2분?돌리면 
맛있어요ㅋㅋ"
도시락·밥류,시그니처 주먹밥 2종,바르다 김선생,https://www.kurly.com/goods/5151454,5990,9830,2025.09.13,"하나씩 꺼내서 건단하게 먹을수 있어서 좋아요.
조금 매콤."
도시락·밥류,시그니처 주먹밥 2종,바르다 김선생,https://www.kurly.com/goods/5151454,5990,9830,2025.09.13,아침식사 대용으로 아주 좋아요
도시락·밥류,시그니처 주먹밥 2종,바르다 김선생,https://www.kurly.com/goods/5151454,5990,9830,2025.09.12,"아침대용으로 먹기 간편하고 좋아요
주먹밥은 이것저것 구비하는데 맛있어요!!"
도시락·밥류,시그니처 주먹밥 2종,바르다 김선생,https://www.kurly.com/goods/5151454,5990,9830,2025.09.12,"아침대용으로 먹기 간편하고 좋아요
주먹밥은 이것저것 구비하는데 맛있어요!"
도시락·밥류,철판삼겹살마무리볶음밥 4입,하남돼지집,https://www.kurly.com/goods/5155567,10115,10559,2022.02.22,"제가 요즘 갑상선이 안좋아서 밀가루+흰쌀을  줄였어요.
요즘 계속 잡곡밥만 먹다가 꼬슬꼬슬한 흰밥에 볶음밥이
먹고싶어 주문했어요.

하나는 아는 지인께
드리고 하나는 제가 먹었는데,이건 여러개 주문해서
냉동실에 쌓아놔야하는 쟁여템이예요!

밥 진짜 꼬슬꼬슬 갓지은것처럼 너무 맛있어요!


1.후라이팬을 준비합니다.
2.냉동실을열어 마켓컬리에서 주문한  철판 삼겹살 마무리
볶음밥을 꺼냅니다.
3.저는 냉장고에 남겨놨던 파채무침을 후라이팬에
함께 넣어줘서 볶았어요 (너무 맛있어요)
4.마켓컬리에서 주문한 미소시루 된장국을 끓여 두스푼
넣어 볶아줬어요.
5.마켓컬리에서 주문한 생와사비도 함께꺼내서
삼겹살을 찍어 먹었어요.


철판볶음밥안에 삼겹살 들어있는거있죠 ㅠㅠ
밥밖에 없을줄 알았는데
이가격에 이퀄리티!!
완전 추천합니다.
덕분에 저녁 든든하게 잘먹었습니다 감동이에요!


하남돼지 사랑해요 마켓컬리 사랑해요.
또 주문할게요!!"
도시락·밥류,철판삼겹살마무리볶음밥 4입,하남돼지집,https://www.kurly.com/goods/5155567,10115,10559,2025.09.22,조금 짜서 밥을 좀 더 추가해서 볶아도 맛있어요
도시락·밥류,철판삼겹살마무리볶음밥 4입,하남돼지집,https://www.kurly.com/goods/5155567,10115,10559,2025.09.21,맛나게 잘먹겠습니다 ㅎㅎ
도시락·밥류,철판삼겹살마무리볶음밥 4입,하남돼지집,https://www.kurly.com/goods/5155567,10115,10559,2025.09.21,첨 구매해봤는데 아니 진찌 가끔 고기집 볶음밥 먹고싶을때 있잖아요 그때 딱이예요
도시락·밥류,철판삼겹살마무리볶음밥 4입,하남돼지집,https://www.kurly.com/goods/5155567,10115,10559,2025.09.21,"맛있는데 좀 누룽지처럼 먹어야 더 맛있어요
그냥 볶았을땐 그냥 그랬는데ㅋㅋ
좀 누릉지같이 더 구워 먹으니 맛있더라구요

근데 고기구워먹고 볶아먹는 밥이 더 맛있어요
이건 그냥 간편식"
도시락·밥류,철판삼겹살마무리볶음밥 4입,하남돼지집,https://www.kurly.com/goods/5155567,10115,10559,2025.09.20,볶음밥 맛있어요ㅎㅎ
도시락·밥류,철판삼겹살마무리볶음밥 4입,하남돼지집,https://www.kurly.com/goods/5155567,10115,10559,2025.09.18,"큰아들이 가끔씩 찾아서 냉동실
쟁여템이여요."
도시락·밥류,철판삼겹살마무리볶음밥 4입,하남돼지집,https://www.kurly.com/goods/5155567,10115,10559,2025.09.18,재구매탬 안매워서 먹기가 좋아요
도시락·밥류,철판삼겹살마무리볶음밥 4입,하남돼지집,https://www.kurly.com/goods/5155567,10115,10559,2025.09.18,쟁여두고 먹는 볶음밥이에요
도시락·밥류,철판삼겹살마무리볶음밥 4입,하남돼지집,https://www.kurly.com/goods/5155567,10115,10559,2025.09.17,"진짜 맛있음 ㅠㅠㅠㅠㅠㅠㅠㅜㅠㅜㅜㅜㅜ
이거먹고 다른건 맛이없...."
도시락·밥류,철판삼겹살마무리볶음밥 4입,하남돼지집,https://www.kurly.com/goods/5155567,10115,10559,2025.09.16,한 번 먹어본 걸로 만족.... 비계 넘 많아요
도시락·밥류,철판삼겹살마무리볶음밥 4입,하남돼지집,https://www.kurly.com/goods/5155567,10115,10559,2025.09.16,항상 재구매템 간단하게 먹기 좋습니당
도시락·밥류,철판삼겹살마무리볶음밥 4입,하남돼지집,https://www.kurly.com/goods/5155567,10115,10559,2025.09.15,후기가 좋길래 기대중입니다
도시락·밥류,철판삼겹살마무리볶음밥 4입,하남돼지집,https://www.kurly.com/goods/5155567,10115,10559,2025.09.14,맛있게 먹었어서 재구매했어요
도시락·밥류,철판삼겹살마무리볶음밥 4입,하남돼지집,https://www.kurly.com/goods/5155567,10115,10559,2025.09.13,"맛있어요
또 구매 할거예요"
도시락·밥류,철판삼겹살마무리볶음밥 4입,하남돼지집,https://www.kurly.com/goods/5155567,10115,10559,2025.09.11,애들아침밥으로 샀어요
도시락·밥류,철판삼겹살마무리볶음밥 4입,하남돼지집,https://www.kurly.com/goods/5155567,10115,10559,2025.09.10,잘 받았어요 좋아요 ㅎㅎ
도시락·밥류,철판삼겹살마무리볶음밥 4입,하남돼지집,https://www.kurly.com/goods/5155567,10115,10559,2025.09.10,김치볶음밥 중에 최애
도시락·밥류,철판삼겹살마무리볶음밥 4입,하남돼지집,https://www.kurly.com/goods/5155567,10115,10559,2025.09.10,계란후라이에 김가루 얹음 비슷
도시락·밥류,철판삼겹살마무리볶음밥 4입,하남돼지집,https://www.kurly.com/goods/5155567,10115,10559,2025.09.09,항상 쟁여두는 볶음밥~
도시락·밥류,철판삼겹살마무리볶음밥 4입,하남돼지집,https://www.kurly.com/goods/5155567,10115,10559,2025.09.09,기대되는 볶음밥입니다
도시락·밥류,철판삼겹살마무리볶음밥 4입,하남돼지집,https://www.kurly.com/goods/5155567,10115,10559,2025.09.09,철판볶음밥  요거하나면 고기먹고나서 다른 양념필요없이 요것만 볶아먹으면 완전 맛있어요  냉동실에 항상 구비해두고있어요
도시락·밥류,철판삼겹살마무리볶음밥 4입,하남돼지집,https://www.kurly.com/goods/5155567,10115,10559,2025.09.08,제 아이랑 신랑이 좋아합니다
도시락·밥류,철판삼겹살마무리볶음밥 4입,하남돼지집,https://www.kurly.com/goods/5155567,10115,10559,2025.09.07,살짝 느끼하긴 하지만 보기보다 맵지도 않고 고기랑 야채가 많이 들었어요. 김가루 좀 뿌리고 치즈 좀 올리면 금상첨화입니다
도시락·밥류,철판삼겹살마무리볶음밥 4입,하남돼지집,https://www.kurly.com/goods/5155567,10115,10559,2025.09.06,후기가 좋아서 구매해봤어용
도시락·밥류,철판삼겹살마무리볶음밥 4입,하남돼지집,https://www.kurly.com/goods/5155567,10115,10559,2025.09.05,불맛나는 맛있는 볶음밥
도시락·밥류,철판삼겹살마무리볶음밥 4입,하남돼지집,https://www.kurly.com/goods/5155567,10115,10559,2025.09.05,김볶중 최애입니다.
도시락·밥류,철판삼겹살마무리볶음밥 4입,하남돼지집,https://www.kurly.com/goods/5155567,10115,10559,2025.09.04,간편하게 볶아 먹기 좋아서 애용합니다
도시락·밥류,철판삼겹살마무리볶음밥 4입,하남돼지집,https://www.kurly.com/goods/5155567,10115,10559,2025.09.03,늘삽니다 할인안할때더많이사게되는....넘만잇어요
도시락·밥류,철판삼겹살마무리볶음밥 4입,하남돼지집,https://www.kurly.com/goods/5155567,10115,10559,2025.09.03,"불맛이 매력적이네요
맛있어요"
도시락·밥류,철판삼겹살마무리볶음밥 4입,하남돼지집,https://www.kurly.com/goods/5155567,10115,10559,2025.09.03,"불 맛 볶음밥, 맛나요!!"
도시락·밥류,철판삼겹살마무리볶음밥 4입,하남돼지집,https://www.kurly.com/goods/5155567,10115,10559,2025.09.02,"우리집은 이거 잘 먹어요^^
맛있어요!!"
도시락·밥류,철판삼겹살마무리볶음밥 4입,하남돼지집,https://www.kurly.com/goods/5155567,10115,10559,2025.09.01,처음   먹어보는데   아주  맛있어요
도시락·밥류,철판삼겹살마무리볶음밥 4입,하남돼지집,https://www.kurly.com/goods/5155567,10115,10559,2025.09.01,"딸아이가 맛있다 합니다.
다음에 구매할 의사가 있어요"
도시락·밥류,철판삼겹살마무리볶음밥 4입,하남돼지집,https://www.kurly.com/goods/5155567,10115,10559,2025.09.01,"맛있요!!!재구매예요 
그대로 볶으면되요. 대신 누른밥되듯 바싹요"
도시락·밥류,철판삼겹살마무리볶음밥 4입,하남돼지집,https://www.kurly.com/goods/5155567,10115,10559,2025.09.01,"역시 볶음밥은 삼겹살볶음밥이 최고네요~~
기름지기는 하지만 그래서 더 맛나요~^^"
도시락·밥류,철판삼겹살마무리볶음밥 4입,하남돼지집,https://www.kurly.com/goods/5155567,10115,10559,2025.08.30,삼겹살 넣고 집에서 하는게 더 맛있지만 뭐 조리가 간단하니까 괜찮음
도시락·밥류,철판삼겹살마무리볶음밥 4입,하남돼지집,https://www.kurly.com/goods/5155567,10115,10559,2025.08.30,"몇번째 재구매합니다.개인적으론 반공기정도밥을 볶아 섞어도 좋아요.그리고 달갈도 하나...
좋아요~~~"
도시락·밥류,철판삼겹살마무리볶음밥 4입,하남돼지집,https://www.kurly.com/goods/5155567,10115,10559,2025.08.30,후기보고 선택했다가 맛있어서 계속 재구매합니다👍
도시락·밥류,철판삼겹살마무리볶음밥 4입,하남돼지집,https://www.kurly.com/goods/5155567,10115,10559,2025.08.28,"아이가 잘먹는데
약간 짜기는 합니다 ㅡㅡ"
도시락·밥류,철판삼겹살마무리볶음밥 4입,하남돼지집,https://www.kurly.com/goods/5155567,10115,10559,2025.08.28,늘 쟁이는 볶음밥입니다. 매일 먹어도 안질린다고 하네요
도시락·밥류,철판삼겹살마무리볶음밥 4입,하남돼지집,https://www.kurly.com/goods/5155567,10115,10559,2025.08.26,맛있어요 주말아침 간단히 한끼하기좋아요
도시락·밥류,철판삼겹살마무리볶음밥 4입,하남돼지집,https://www.kurly.com/goods/5155567,10115,10559,2025.08.26,어우. 후기보고 샀는데 맛이 겁나 없음
도시락·밥류,철판삼겹살마무리볶음밥 4입,하남돼지집,https://www.kurly.com/goods/5155567,10115,10559,2025.08.26,배송 잘 받았습니다ㅡ
도시락·밥류,철판삼겹살마무리볶음밥 4입,하남돼지집,https://www.kurly.com/goods/5155567,10115,10559,2025.08.25,아침으로 휘리릭~~~ 좋아요
도시락·밥류,철판삼겹살마무리볶음밥 4입,하남돼지집,https://www.kurly.com/goods/5155567,10115,10559,2025.08.25,맛은 있는데 좀 짜고 기름이 너무 많아요
도시락·밥류,철판삼겹살마무리볶음밥 4입,하남돼지집,https://www.kurly.com/goods/5155567,10115,10559,2025.08.24,"일찍 주문했다가 드라이 아이스 모드 녹아서 왔어요. 
가능하면 최대한 늦게 주문하세요."
도시락·밥류,철판삼겹살마무리볶음밥 4입,하남돼지집,https://www.kurly.com/goods/5155567,10115,10559,2025.08.23,후기보고 좋아서 구매했어요
도시락·밥류,철판삼겹살마무리볶음밥 4입,하남돼지집,https://www.kurly.com/goods/5155567,10115,10559,2025.08.23,좀 많이 느끼해요 맛은 괜찮아요
도시락·밥류,철판삼겹살마무리볶음밥 4입,하남돼지집,https://www.kurly.com/goods/5155567,10115,10559,2025.08.23,밖에서 사먹는 볶음밥 부럽지 않아요
도시락·밥류,곤약김밥 5종 (택1),라이틀리,https://www.kurly.com/goods/5138822,4900,13785,2023.05.23,"급 김밥이 먹고 싶어서 찾아보다가 주문해봤습니다. 닭가슴살도 좋아하고 청양고추도 좋아해서 이걸로 픽!! 처음에 딱 뜯어서 봤는데 김밥이 조금 홀쭉하네요...ㅋㅋㅋ 김밥이 다이어트중인가봐요 ^^;; 아무튼... 전자렌지에 3분정도 돌려서 먹어봤습니다. 
@식감@ 
곤약 김밥이라고는 전혀 느끼질 못하는 식감입니다. 그냥 쌀밥으로 만든 김밥인데 전자렌지에 돌려서 약간 수분이 마르고 꼬들꼬들한 식감이었습니다. 안에 닭가슴살은 덩어리로 씹히지는 않고 닭가슴살을 믹서기로 갈아서 넣었는지 잘게 부서져있는 식감이었습니다. 
@맛@
청양고추가 들어가서 그런지 살짝 매콤합니다. 그래도 닭가슴살이 들어있어서 청양고추의 매운맛을 어느정도 중화시켜줘서 맵질이인 저도 맛있게 잘 먹었습니다. 매콤제육보다 확실히 덜 맵습니다 ㅋㅋ 매콤제육은 학학 거리면서 먹었는데 이건 그냥 맛있게 매워서 잘 먹었네요 ^^ 
가볍게 칼로리 부담없이 김밥이 먹고 싶을때 아주 좋은 김밥인것 같습니다. 김밥 생각날때 또 주문하러 올게요~^^"
도시락·밥류,곤약김밥 5종 (택1),라이틀리,https://www.kurly.com/goods/5138822,4900,13785,2025.09.23,"몇번째 구매인지 몰라요.
간편하지만 든든하고 건강한 아침을 시작하게 해줍니다."
도시락·밥류,곤약김밥 5종 (택1),라이틀리,https://www.kurly.com/goods/5138822,4900,13785,2025.09.20,가끔 생각나면 냉동실에 쟁여놓고 먹을 수 있어서 좋아요. 벌써 몇번째 주문인지...ㅎ
도시락·밥류,곤약김밥 5종 (택1),라이틀리,https://www.kurly.com/goods/5138822,4900,13785,2025.09.20,가끔 냉동실에 쟁여놓고 먹는 음식
도시락·밥류,곤약김밥 5종 (택1),라이틀리,https://www.kurly.com/goods/5138822,4900,13785,2025.09.16,두가지 맛 모두 맛있어요
도시락·밥류,곤약김밥 5종 (택1),라이틀리,https://www.kurly.com/goods/5138822,4900,13785,2025.09.16,오 생각보다 맛있어요
도시락·밥류,곤약김밥 5종 (택1),라이틀리,https://www.kurly.com/goods/5138822,4900,13785,2025.09.15,매콤한 땡초어묵이 곤약밥이랑 잘 어울려요. 칼로리 부담 없이 든든하게 한 끼로 먹기 좋아 만족스러워요.
도시락·밥류,곤약김밥 5종 (택1),라이틀리,https://www.kurly.com/goods/5138822,4900,13785,2025.09.15,곤약밥이라 부담 없고 유부우엉 조합이 담백해요. 간단히 한 끼 대용으로 가볍게 즐기기 좋아 만족스러워요.
도시락·밥류,곤약김밥 5종 (택1),라이틀리,https://www.kurly.com/goods/5138822,4900,13785,2025.09.15,아직 안먹어봤는데 후기가 좋길래 샀어요
도시락·밥류,곤약김밥 5종 (택1),라이틀리,https://www.kurly.com/goods/5138822,4900,13785,2025.09.13,양 생각보다 많고 재료도 제대로 들어가있어서 좋움
도시락·밥류,곤약김밥 5종 (택1),라이틀리,https://www.kurly.com/goods/5138822,4900,13785,2025.09.13,기대안했는데 맛있게 매콤함 재구매예정
도시락·밥류,곤약김밥 5종 (택1),라이틀리,https://www.kurly.com/goods/5138822,4900,13785,2025.09.12,매콤하니 먹기에 딱 좋고 땡초어묵이 제일 맛있어여..
도시락·밥류,곤약김밥 5종 (택1),라이틀리,https://www.kurly.com/goods/5138822,4900,13785,2025.09.11,최고예요 벌써 몇번째 시키는건지 회사에서 유일한 낙
도시락·밥류,곤약김밥 5종 (택1),라이틀리,https://www.kurly.com/goods/5138822,4900,13785,2025.09.11,최고예요 벌써 몇번째 시키는건지 회사에서 유일한 낙입니다
도시락·밥류,곤약김밥 5종 (택1),라이틀리,https://www.kurly.com/goods/5138822,4900,13785,2025.09.11,한방퀵  청양하고 잘어울림
도시락·밥류,곤약김밥 5종 (택1),라이틀리,https://www.kurly.com/goods/5138822,4900,13785,2025.09.11,조아요 재구매합니다
도시락·밥류,곤약김밥 5종 (택1),라이틀리,https://www.kurly.com/goods/5138822,4900,13785,2025.09.10,"어머 먹을만 한데요. ^ ^
재구매의사 있어요!"
도시락·밥류,곤약김밥 5종 (택1),라이틀리,https://www.kurly.com/goods/5138822,4900,13785,2025.09.10,어묵향이 강하긴하네요 먹을만합니다
도시락·밥류,곤약김밥 5종 (택1),라이틀리,https://www.kurly.com/goods/5138822,4900,13785,2025.09.09,"생각보다 양도 많고 기대 이상
매콤해서 안질리게먹을수있어요"
도시락·밥류,곤약김밥 5종 (택1),라이틀리,https://www.kurly.com/goods/5138822,4900,13785,2025.09.09,계란두부가 제잏 굿굿
도시락·밥류,곤약김밥 5종 (택1),라이틀리,https://www.kurly.com/goods/5138822,4900,13785,2025.09.09,제육도 맛나요 ㅎㅎ
도시락·밥류,곤약김밥 5종 (택1),라이틀리,https://www.kurly.com/goods/5138822,4900,13785,2025.09.09,계란두부가 처ㅣ고 ㅎㅎ
도시락·밥류,곤약김밥 5종 (택1),라이틀리,https://www.kurly.com/goods/5138822,4900,13785,2025.09.09,"곤약김밥 그냥 김밥 맛이예요 
맛있어요"
도시락·밥류,곤약김밥 5종 (택1),라이틀리,https://www.kurly.com/goods/5138822,4900,13785,2025.09.09,"곤약김밥 그냥 김밥 맛이예요
맛있어요"
도시락·밥류,곤약김밥 5종 (택1),라이틀리,https://www.kurly.com/goods/5138822,4900,13785,2025.09.09,매콤하게 맛있어요. 저녁으로 가볍게 맛있게 먹었습니다~
도시락·밥류,곤약김밥 5종 (택1),라이틀리,https://www.kurly.com/goods/5138822,4900,13785,2025.09.08,매콤한 땡초어묵이 곤약김밥이랑 잘 어울려요. 칼로리 부담 없이 든든하게 한 끼 해결하기 좋아요.
도시락·밥류,곤약김밥 5종 (택1),라이틀리,https://www.kurly.com/goods/5138822,4900,13785,2025.09.08,곤약이라 부담 없고 유부랑 우엉 조합이 담백해요. 한 끼 대용으로 가볍게 먹기 좋아 만족스러워요.
도시락·밥류,곤약김밥 5종 (택1),라이틀리,https://www.kurly.com/goods/5138822,4900,13785,2025.09.08,생각보다 맛나요 점심으로 한끼
도시락·밥류,곤약김밥 5종 (택1),라이틀리,https://www.kurly.com/goods/5138822,4900,13785,2025.09.06,김밥먹고 싶을때 아주 좋아요
도시락·밥류,곤약김밥 5종 (택1),라이틀리,https://www.kurly.com/goods/5138822,4900,13785,2025.09.06,매콤하고 간편하게 먹기 너무 좋아요
도시락·밥류,곤약김밥 5종 (택1),라이틀리,https://www.kurly.com/goods/5138822,4900,13785,2025.09.04,냉동실에 늘 쟁여둬요 냉동김밥이지만 렌지에 돌리면 편의점 김밥보다 맛난것 같아요
도시락·밥류,곤약김밥 5종 (택1),라이틀리,https://www.kurly.com/goods/5138822,4900,13785,2025.09.04,부담스럽지 않게 맵싹해서 좋아요
도시락·밥류,곤약김밥 5종 (택1),라이틀리,https://www.kurly.com/goods/5138822,4900,13785,2025.09.04,맛있게 매워서 좋아요
도시락·밥류,곤약김밥 5종 (택1),라이틀리,https://www.kurly.com/goods/5138822,4900,13785,2025.09.04,매콤한 맛 덕분에 냉동식품 특유의 느낌이 덜해요
도시락·밥류,곤약김밥 5종 (택1),라이틀리,https://www.kurly.com/goods/5138822,4900,13785,2025.09.04,"종류별로 다 먹어봤는데 유부 우엉이 제일 맛있어요
근데 간이 쎔"
도시락·밥류,곤약김밥 5종 (택1),라이틀리,https://www.kurly.com/goods/5138822,4900,13785,2025.09.04,매콤한게 맛있네용~! 세일해서 저렴하게 구매했습니다
도시락·밥류,곤약김밥 5종 (택1),라이틀리,https://www.kurly.com/goods/5138822,4900,13785,2025.09.04,매운데 맛있어요 쵝오 다이어트식~!
도시락·밥류,곤약김밥 5종 (택1),라이틀리,https://www.kurly.com/goods/5138822,4900,13785,2025.09.04,냉동김밥  중에 1등입니다~ ㅎ
도시락·밥류,곤약김밥 5종 (택1),라이틀리,https://www.kurly.com/goods/5138822,4900,13785,2025.09.04,냉동 김밥 중에 젤 맛있어요~
도시락·밥류,곤약김밥 5종 (택1),라이틀리,https://www.kurly.com/goods/5138822,4900,13785,2025.09.03,맛있게 맵고 든든합니다
도시락·밥류,곤약김밥 5종 (택1),라이틀리,https://www.kurly.com/goods/5138822,4900,13785,2025.09.03,넘 맛있고 든든해요
도시락·밥류,곤약김밥 5종 (택1),라이틀리,https://www.kurly.com/goods/5138822,4900,13785,2025.09.03,다이어트 쌀을 썼다는걸 모를만큼 이질감이 없고 맛있어요. 정말 매콤하고 감칠맛 돌아요.
도시락·밥류,곤약김밥 5종 (택1),라이틀리,https://www.kurly.com/goods/5138822,4900,13785,2025.09.03,가끔 김밥 먹고 싶을 때 간편히 데워먹을 수 있어서 좋아요~ 전자레인지만 있으면 돼서 완전 편합니다!! 맛도 괜찮아요ㅎㅎ
도시락·밥류,곤약김밥 5종 (택1),라이틀리,https://www.kurly.com/goods/5138822,4900,13785,2025.09.03,제 입맛에는 이게 제일 맛있어요! 덜 짜고 덜 매워서요~ 김밥 가끔 땡기는데 칼로리 부담도 덜하고 맛도 있어서 종종 데워 먹어요! 간편하고 좋습니당
도시락·밥류,곤약김밥 5종 (택1),라이틀리,https://www.kurly.com/goods/5138822,4900,13785,2025.09.02,생각보다 많이 매워서 오히려 좋았어요
도시락·밥류,곤약김밥 5종 (택1),라이틀리,https://www.kurly.com/goods/5138822,4900,13785,2025.09.02,세일해서 사봤어요 맛있기를
도시락·밥류,곤약김밥 5종 (택1),라이틀리,https://www.kurly.com/goods/5138822,4900,13785,2025.09.02,맛도괜찮고 가격도 좋네요!
도시락·밥류,곤약김밥 5종 (택1),라이틀리,https://www.kurly.com/goods/5138822,4900,13785,2025.09.02,저당이라 덜 죄스럽네요 강추합니다 맛있어요 떡볶이 땡길때같이주문해요 강추합니다 재주문할게요
도시락·밥류,곤약김밥 5종 (택1),라이틀리,https://www.kurly.com/goods/5138822,4900,13785,2025.09.02,떡뽁이랑같이주문해요 보관이편해요 저당이라 덜 죄스럽네요 강추합니다 배송도빨랐어요
도시락·밥류,곤약김밥 5종 (택1),라이틀리,https://www.kurly.com/goods/5138822,4900,13785,2025.09.02,떡뽁이 주문할때꼭같이시켜요냉동이라언제든먹기쉽고맛도조아서요 배송도빨랐어요 강추합니다 재주문할게요
도시락·밥류,가뿐한끼 100% 현미로 지은 부드러운 현미밥 130g*30입,오뚜기,https://www.kurly.com/goods/1001207777,28900,61,2025.09.22,적은공기로 딱 좋아요 밥맛도 구수하고 괜찮아여
도시락·밥류,가뿐한끼 100% 현미로 지은 부드러운 현미밥 130g*30입,오뚜기,https://www.kurly.com/goods/1001207777,28900,61,2025.09.14,식단중이라 구매한현미밥 맛잇어요
도시락·밥류,가뿐한끼 100% 현미로 지은 부드러운 현미밥 130g*30입,오뚜기,https://www.kurly.com/goods/1001207777,28900,61,2025.09.09,150g 짜리 잘먹어서 이번엔 작은걸로 현미백퍼 사봣습니다
도시락·밥류,가뿐한끼 100% 현미로 지은 부드러운 현미밥 130g*30입,오뚜기,https://www.kurly.com/goods/1001207777,28900,61,2025.09.08,"양이 적은 아이들이 한끼 맛있게 잘 먹어요.
거칠지 않고 찰지고 부드럽네요."
도시락·밥류,가뿐한끼 100% 현미로 지은 부드러운 현미밥 130g*30입,오뚜기,https://www.kurly.com/goods/1001207777,28900,61,2025.09.07,오뚜기 현미밥 양은 130그람으로 적지만 식감도 부드러운 편이고 가성비 좋아요
도시락·밥류,가뿐한끼 100% 현미로 지은 부드러운 현미밥 130g*30입,오뚜기,https://www.kurly.com/goods/1001207777,28900,61,2025.09.05,가격 좋고 먹을만 하네요 전자레인지 돌리고 먹다보면 조금 굳는감이 있지만 다른 타제품들에 비하면 괜찮은 것 같아요
도시락·밥류,가뿐한끼 100% 현미로 지은 부드러운 현미밥 130g*30입,오뚜기,https://www.kurly.com/goods/1001207777,28900,61,2025.09.03,오뚜기 현미밥도 부드럽고 찰져서 맛있어요
도시락·밥류,가뿐한끼 100% 현미로 지은 부드러운 현미밥 130g*30입,오뚜기,https://www.kurly.com/goods/1001207777,28900,61,2025.09.02,나쁘지 않아거 좋아요ㅔ
도시락·밥류,가뿐한끼 100% 현미로 지은 부드러운 현미밥 130g*30입,오뚜기,https://www.kurly.com/goods/1001207777,28900,61,2025.08.29,다른거 사면서 구매함ᆢ  식감이 거칠긴해도 몸에 좋다니까
도시락·밥류,가뿐한끼 100% 현미로 지은 부드러운 현미밥 130g*30입,오뚜기,https://www.kurly.com/goods/1001207777,28900,61,2025.08.20,배송도 빠르고 포장도 좋아요
도시락·밥류,가뿐한끼 100% 현미로 지은 부드러운 현미밥 130g*30입,오뚜기,https://www.kurly.com/goods/1001207777,28900,61,2025.08.16,간단하고 가볍게 먹기 좋습니다.
도시락·밥류,가뿐한끼 100% 현미로 지은 부드러운 현미밥 130g*30입,오뚜기,https://www.kurly.com/goods/1001207777,28900,61,2025.08.12,"거칠지 않아서 부드럽게 잘 먹고 있어요

좋아요"
도시락·밥류,가뿐한끼 100% 현미로 지은 부드러운 현미밥 130g*30입,오뚜기,https://www.kurly.com/goods/1001207777,28900,61,2025.08.11,오뚜기 현미밥 괜찮아요
도시락·밥류,가뿐한끼 100% 현미로 지은 부드러운 현미밥 130g*30입,오뚜기,https://www.kurly.com/goods/1001207777,28900,61,2025.08.08,다이어트할 때 한 끼로 적당한 양이에요
도시락·밥류,가뿐한끼 100% 현미로 지은 부드러운 현미밥 130g*30입,오뚜기,https://www.kurly.com/goods/1001207777,28900,61,2025.08.03,"햇반으로 밥챙겨먹는 사람인데
부드럽고맛있어요"
도시락·밥류,가뿐한끼 100% 현미로 지은 부드러운 현미밥 130g*30입,오뚜기,https://www.kurly.com/goods/1001207777,28900,61,2025.08.02,운동시작 현미밥 챙겨둡니다 안먹어봤는데 기대되요
도시락·밥류,가뿐한끼 100% 현미로 지은 부드러운 현미밥 130g*30입,오뚜기,https://www.kurly.com/goods/1001207777,28900,61,2025.07.31,찰현미 함량이 많기는 한데 그래도 아쉬운대로..
도시락·밥류,가뿐한끼 100% 현미로 지은 부드러운 현미밥 130g*30입,오뚜기,https://www.kurly.com/goods/1001207777,28900,61,2025.07.29,건강 생각해서 샀어요~~
도시락·밥류,가뿐한끼 100% 현미로 지은 부드러운 현미밥 130g*30입,오뚜기,https://www.kurly.com/goods/1001207777,28900,61,2025.07.27,사이즈가  딱 좋아요.만족합니다
도시락·밥류,가뿐한끼 100% 현미로 지은 부드러운 현미밥 130g*30입,오뚜기,https://www.kurly.com/goods/1001207777,28900,61,2025.07.23,간편하게 잘 먹고 있어요~
도시락·밥류,가뿐한끼 100% 현미로 지은 부드러운 현미밥 130g*30입,오뚜기,https://www.kurly.com/goods/1001207777,28900,61,2025.07.21,100g 딱 나와서 너무 좋아요
도시락·밥류,가뿐한끼 100% 현미로 지은 부드러운 현미밥 130g*30입,오뚜기,https://www.kurly.com/goods/1001207777,28900,61,2025.07.20,간편해요 맛있어요 좋아요
도시락·밥류,가뿐한끼 100% 현미로 지은 부드러운 현미밥 130g*30입,오뚜기,https://www.kurly.com/goods/1001207777,28900,61,2025.07.19,현미밥 처음먹어보는데 식감이 쌀과는 확실히 다르네요. 쌀밥은 햇반으로 시작해서 맛의 기준이 잘 안 바뀌는데 현미밥은 오뚜기를 디폴트로 삼게되겠네요. 다이어트할때 밥 2/3공기 먹으래서 적은 용량으로 구매했습니다. 밥 한그릇 원샷하는데서 성취감을 느끼는 사람으로서 매 끼니 아주 기분이 좋습니다.
도시락·밥류,가뿐한끼 100% 현미로 지은 부드러운 현미밥 130g*30입,오뚜기,https://www.kurly.com/goods/1001207777,28900,61,2025.07.18,칼로리도 적고 소용량이라 아침에 가볍게 먹기 좋아요 다이어트 식단으로도 현미밥 많이 먹더라고요👍
도시락·밥류,가뿐한끼 100% 현미로 지은 부드러운 현미밥 130g*30입,오뚜기,https://www.kurly.com/goods/1001207777,28900,61,2025.07.16,제가 먹기에 양이 적어서 좋아요.
도시락·밥류,가뿐한끼 100% 현미로 지은 부드러운 현미밥 130g*30입,오뚜기,https://www.kurly.com/goods/1001207777,28900,61,2025.07.12,간편하고 좋아요 굿
도시락·밥류,가뿐한끼 100% 현미로 지은 부드러운 현미밥 130g*30입,오뚜기,https://www.kurly.com/goods/1001207777,28900,61,2025.07.12,"양은 조금 적은데, 다이어트용으로 구입했네요."
도시락·밥류,가뿐한끼 100% 현미로 지은 부드러운 현미밥 130g*30입,오뚜기,https://www.kurly.com/goods/1001207777,28900,61,2025.07.10,가뿐한끼 현미밥 편리해요
도시락·밥류,가뿐한끼 100% 현미로 지은 부드러운 현미밥 130g*30입,오뚜기,https://www.kurly.com/goods/1001207777,28900,61,2025.07.10,오뚜기 현미밥은 처음 먹어보는데 생각보다 식감이 너무 부드럽고 맛있어요
도시락·밥류,가뿐한끼 100% 현미로 지은 부드러운 현미밥 130g*30입,오뚜기,https://www.kurly.com/goods/1001207777,28900,61,2025.07.07,식단 할 때 딱 좋아요
도시락·밥류,가뿐한끼 100% 현미로 지은 부드러운 현미밥 130g*30입,오뚜기,https://www.kurly.com/goods/1001207777,28900,61,2025.07.06,부드럽고 급하게 현미밥이 필요할때 먹으려고 구매했어요.
도시락·밥류,가뿐한끼 100% 현미로 지은 부드러운 현미밥 130g*30입,오뚜기,https://www.kurly.com/goods/1001207777,28900,61,2025.07.05,맨날 흰 쌀밥 먹다가 건강챙겨야 겠다는 생각으로 현미 구입했어요. 양도 작아서 더 좋은 것 같아요
도시락·밥류,가뿐한끼 100% 현미로 지은 부드러운 현미밥 130g*30입,오뚜기,https://www.kurly.com/goods/1001207777,28900,61,2025.07.02,좋아요! 한번에 많이 쟁여놔야 편함
도시락·밥류,가뿐한끼 100% 현미로 지은 부드러운 현미밥 130g*30입,오뚜기,https://www.kurly.com/goods/1001207777,28900,61,2025.07.02,생각보다 현미의 식감이 까끌하지도 않고 한공기의 양도 적당해서 좋았어요
도시락·밥류,가뿐한끼 100% 현미로 지은 부드러운 현미밥 130g*30입,오뚜기,https://www.kurly.com/goods/1001207777,28900,61,2025.07.01,오뚜기 현미밥 좋아요
도시락·밥류,가뿐한끼 100% 현미로 지은 부드러운 현미밥 130g*30입,오뚜기,https://www.kurly.com/goods/1001207777,28900,61,2025.06.30,딱 알맞는 양입이다
도시락·밥류,가뿐한끼 100% 현미로 지은 부드러운 현미밥 130g*30입,오뚜기,https://www.kurly.com/goods/1001207777,28900,61,2025.06.28,양이 딱 가볍게 들기에 좋아요.
도시락·밥류,가뿐한끼 100% 현미로 지은 부드러운 현미밥 130g*30입,오뚜기,https://www.kurly.com/goods/1001207777,28900,61,2025.06.24,잘도착했고 내년까지 넉넉해요!
도시락·밥류,가뿐한끼 100% 현미로 지은 부드러운 현미밥 130g*30입,오뚜기,https://www.kurly.com/goods/1001207777,28900,61,2025.06.23,간단히 먹기 좋고 맛있어요~
도시락·밥류,가뿐한끼 100% 현미로 지은 부드러운 현미밥 130g*30입,오뚜기,https://www.kurly.com/goods/1001207777,28900,61,2025.06.21,아직 안먹어봤는데 다요트하려고 구매! 흰밥대신 현미밥으로 바꿔서 먹으려구요 기대기대
도시락·밥류,가뿐한끼 100% 현미로 지은 부드러운 현미밥 130g*30입,오뚜기,https://www.kurly.com/goods/1001207777,28900,61,2025.06.19,"생각한것보다 양이 더 적은것 같지만
일반 쌀밥보다 성분이 좋아 식단할때 좋아요"
도시락·밥류,가뿐한끼 100% 현미로 지은 부드러운 현미밥 130g*30입,오뚜기,https://www.kurly.com/goods/1001207777,28900,61,2025.06.17,현미밥 맛있어요~~ 집에 비상용으로 사두고 먹습니다 ㅎㅎ 좋아요
도시락·밥류,가뿐한끼 100% 현미로 지은 부드러운 현미밥 130g*30입,오뚜기,https://www.kurly.com/goods/1001207777,28900,61,2025.06.08,맛있어요 간편하고 양도 적당해요 다요트 할때 먹기 딱이네요
도시락·밥류,가뿐한끼 100% 현미로 지은 부드러운 현미밥 130g*30입,오뚜기,https://www.kurly.com/goods/1001207777,28900,61,2025.06.03,잘 먹고 있는 중임.
도시락·밥류,가뿐한끼 100% 현미로 지은 부드러운 현미밥 130g*30입,오뚜기,https://www.kurly.com/goods/1001207777,28900,61,2025.06.02,양이 적당하고 좋아서 재구매
도시락·밥류,가뿐한끼 100% 현미로 지은 부드러운 현미밥 130g*30입,오뚜기,https://www.kurly.com/goods/1001207777,28900,61,2025.06.02,150g이 품절이어서 130g으로 샀습니다. 조금 배고플거같지만 한번 먹어보고 괜찮으면 바꾸는걸로
도시락·밥류,가뿐한끼 100% 현미로 지은 부드러운 현미밥 130g*30입,오뚜기,https://www.kurly.com/goods/1001207777,28900,61,2025.05.28,"저렴한 가격에 구매 잘 한듯요
든든합니다"
도시락·밥류,가뿐한끼 100% 현미로 지은 부드러운 현미밥 130g*30입,오뚜기,https://www.kurly.com/goods/1001207777,28900,61,2025.05.28,저렴하게 잘 구매했어요
도시락·밥류,가뿐한끼 100% 현미로 지은 부드러운 현미밥 130g*30입,오뚜기,https://www.kurly.com/goods/1001207777,28900,61,2025.05.26,"회사 식당에서 가끔 밥없는 날
쟁여놨다가 돌려먹구있습니다
당 조절 하느라 요즘은 100%현미로만 지은 밥을 
찾아먹고있는데 다른제품들은 까슬거려서 싫던데
이건 이름 그대로 좀 부드러운거 같네요~
양도 딱 적당하고 앞으로 가뿐한끼로 정착할 것 같아요"
도시락·밥류,가뿐한끼 100% 현미로 지은 부드러운 현미밥 130g*30입,오뚜기,https://www.kurly.com/goods/1001207777,28900,61,2025.05.25,오뚜기 현미밥 기대
도시락·밥류,그레인보우 4종 (2입) (택1),청정원,https://www.kurly.com/goods/1000242164,6980,2711,2024.07.19,"요즘 비가 너무 많이와서 밥 차려먹기도 귀찮고 이것저것 사디도 번거로워서 대충 휘리릭 먹을 수 있는 제품 찾아보다가 구매했어요

밀키트 많이 먹으면 그 특유의 밀키트맛(?) 이 있어서 금방 질리게 되고, 또 너무 자극적으로 먹는 것 같아서 어딘가 개운하지 않았는데 이 제품은 평소에 잘 안 먹는 채소들도 엄청 다양하게 들어있고, 콩부터 잡곡까지 다양해서 제가 차려먹는 것보다 건강하게 먹는 느낌이에요 ㅋㅋㅋㅋㅋ

단독으로 먹기도 하고 그레인보우 반봉지에 집에 있는 채소들 곁들여 샐러드나 포케처럼 먹기도 하는데 그럼 포만감도 든든하고 맛도 있어요 ㅋㅋ 스리라차 뿌려먹으면 입에 착 붙는 맛도 있어서 완전 입터짐 방지템이에옄ㅋㅋㅋㅋㅋ

예전에 소고기, 닭가슴살도 애용했었는데 새우랑 아보카도맛 새로 나와서 구매해봤는데 너무 마음에 들어요~~
간만에 마음에 드는 신제품 발견!!"
도시락·밥류,그레인보우 4종 (2입) (택1),청정원,https://www.kurly.com/goods/1000242164,6980,2711,2025.09.23,"간편하게 전자레인지에 돌리가만 하면 되니까 편하고 든든하고 죻아요
맛도 꼭꼭 씹으면 고소해요"
도시락·밥류,그레인보우 4종 (2입) (택1),청정원,https://www.kurly.com/goods/1000242164,6980,2711,2025.09.22,봉지로된 그레인보우는 소고기가 제일 맛난 거 같아요!! 건강한 맛 나서 좋아용 ㅎㅎ
도시락·밥류,그레인보우 4종 (2입) (택1),청정원,https://www.kurly.com/goods/1000242164,6980,2711,2025.09.22,"단호박 생거를 얼린거네요? 단호박 얼리면 식감 향, 맛이 다 망가지는데 음식 만들어 파는 분들이 재료 성격도 이해못한 상태에서 그냥 구색만 맞춰서 파나봐요? 냉동하려면 익혀서 헤야합니다 단호박은..에휴..비릿해서 다 건져내고 먹었네요 한심하네요"
도시락·밥류,그레인보우 4종 (2입) (택1),청정원,https://www.kurly.com/goods/1000242164,6980,2711,2025.09.21,마늘향이 엄청 강해요 호불호
도시락·밥류,그레인보우 4종 (2입) (택1),청정원,https://www.kurly.com/goods/1000242164,6980,2711,2025.09.21,담백해요 슴슴한 볶음밥맛
도시락·밥류,그레인보우 4종 (2입) (택1),청정원,https://www.kurly.com/goods/1000242164,6980,2711,2025.09.20,건강한 맛이네요. 다이어트할 때 건강한 식사 챙기기 좋아요.
도시락·밥류,그레인보우 4종 (2입) (택1),청정원,https://www.kurly.com/goods/1000242164,6980,2711,2025.09.19,맛있어요 그레인보우 좋아해요 ^^
도시락·밥류,그레인보우 4종 (2입) (택1),청정원,https://www.kurly.com/goods/1000242164,6980,2711,2025.09.19,꼭꼭 씹어먹는맛이 넘 좋아요
도시락·밥류,그레인보우 4종 (2입) (택1),청정원,https://www.kurly.com/goods/1000242164,6980,2711,2025.09.19,간이 심심하면 태국식 피시소스넣어도 맛있습니다
도시락·밥류,그레인보우 4종 (2입) (택1),청정원,https://www.kurly.com/goods/1000242164,6980,2711,2025.09.19,"요거 맛별로 다샀어요
넘나 맛있고 간편합니다"
도시락·밥류,그레인보우 4종 (2입) (택1),청정원,https://www.kurly.com/goods/1000242164,6980,2711,2025.09.19,"그레인보우 다 맛있고 최애인데 단호박은 별루에요
순수 개인적취향"
도시락·밥류,그레인보우 4종 (2입) (택1),청정원,https://www.kurly.com/goods/1000242164,6980,2711,2025.09.19,"요거 진짜 맛있어요
좀 심심하다싶으면 체다치즈랑 그라파다노 뿌려서 먹는데 씹는 식감이 너무 좋습니다
잡곡좋아하시는분들 취향저격"
도시락·밥류,그레인보우 4종 (2입) (택1),청정원,https://www.kurly.com/goods/1000242164,6980,2711,2025.09.18,와 이거 맛괜찮고 양도 적당해서 좋아요
도시락·밥류,그레인보우 4종 (2입) (택1),청정원,https://www.kurly.com/goods/1000242164,6980,2711,2025.09.17,쌀밥대신 식단하기 딱좋아요
도시락·밥류,그레인보우 4종 (2입) (택1),청정원,https://www.kurly.com/goods/1000242164,6980,2711,2025.09.17,"생각보다 저염식단인데 맛이 괜찮네요
야채도 듬뿍
양은 적어요"
도시락·밥류,그레인보우 4종 (2입) (택1),청정원,https://www.kurly.com/goods/1000242164,6980,2711,2025.09.17,오 갈릭맛은 첨 먹어보는데 맛있네요! 새우톡톡씹히는 맛이 좋아요
도시락·밥류,그레인보우 4종 (2입) (택1),청정원,https://www.kurly.com/goods/1000242164,6980,2711,2025.09.17,"쉽게 , 급하게 돌려먹기  진심 좋아요
식감도 제취향"
도시락·밥류,그레인보우 4종 (2입) (택1),청정원,https://www.kurly.com/goods/1000242164,6980,2711,2025.09.16,요즘 맛있어서 모든맛 구매 섭렵중이예요
도시락·밥류,그레인보우 4종 (2입) (택1),청정원,https://www.kurly.com/goods/1000242164,6980,2711,2025.09.16,씹는맛이 좋고 가볍게 끼니를 해결할 수 있어서좋아요!
도시락·밥류,그레인보우 4종 (2입) (택1),청정원,https://www.kurly.com/goods/1000242164,6980,2711,2025.09.16,"다이어트 식단으로 구매했어요!

육아하면서 간편하게 점심에 뚝딱했네요 ㅎㅎ"
도시락·밥류,그레인보우 4종 (2입) (택1),청정원,https://www.kurly.com/goods/1000242164,6980,2711,2025.09.15,짱맛있어요!!! 간도 적당 양도 적당. 건강하게 맛있는 맛. 남자들한텐 좀 적을 것 같아요.
도시락·밥류,그레인보우 4종 (2입) (택1),청정원,https://www.kurly.com/goods/1000242164,6980,2711,2025.09.15,"단호박 먹다가 닭가슴살도 먹어보니 이것도 맛있네요 
배부른데 칼로리 낮아서 만족"
도시락·밥류,그레인보우 4종 (2입) (택1),청정원,https://www.kurly.com/goods/1000242164,6980,2711,2025.09.15,여러가지 재료가 골고루 들어잇어 정말 건강한 느낌. 간편하고 맛있고 재구매 의사 있습니다.
도시락·밥류,그레인보우 4종 (2입) (택1),청정원,https://www.kurly.com/goods/1000242164,6980,2711,2025.09.14,간편하고 맛있네요~!
도시락·밥류,그레인보우 4종 (2입) (택1),청정원,https://www.kurly.com/goods/1000242164,6980,2711,2025.09.12,처음주문했는데 맛있네요
도시락·밥류,그레인보우 4종 (2입) (택1),청정원,https://www.kurly.com/goods/1000242164,6980,2711,2025.09.12,"컬리제품 이것저것 주문하다보니 자꾸만 간편하게 섭취하는 제품들을 구매하게 되지만 1인가구에서는 어쩔수없이 이런제품들이 눈에 들어오네요  ㅎ
하지만 조금이라도 건강하게 먹을려고 집에있는 야채랑 표고버섯 잘게썰어 같이 볶아서 먹으니 조금은 훨~ 식감은 좋아요^^
그중 후기가 좋은 제품으로 구매하는 노력은 아끼지 않아요~~"
도시락·밥류,그레인보우 4종 (2입) (택1),청정원,https://www.kurly.com/goods/1000242164,6980,2711,2025.09.11,"깔끔한 맛과  포장되어 좋아요.
맛있어서 계속 재주문해요."
도시락·밥류,그레인보우 4종 (2입) (택1),청정원,https://www.kurly.com/goods/1000242164,6980,2711,2025.09.11,신랑 도시락으로 싸줬어요~^^
도시락·밥류,그레인보우 4종 (2입) (택1),청정원,https://www.kurly.com/goods/1000242164,6980,2711,2025.09.11,간편하게 먹기 젛아여
도시락·밥류,그레인보우 4종 (2입) (택1),청정원,https://www.kurly.com/goods/1000242164,6980,2711,2025.09.10,점심으로 자주 먹어요. 편하고 맛있고 좋아여.
도시락·밥류,그레인보우 4종 (2입) (택1),청정원,https://www.kurly.com/goods/1000242164,6980,2711,2025.09.09,와우 이거 간편하고 건강식이고 좋아요
도시락·밥류,그레인보우 4종 (2입) (택1),청정원,https://www.kurly.com/goods/1000242164,6980,2711,2025.09.09,맛있어요 괜찮네요 간편합니다
도시락·밥류,그레인보우 4종 (2입) (택1),청정원,https://www.kurly.com/goods/1000242164,6980,2711,2025.09.09,맛도 있고 간편하고 식단하기 좋습니다
도시락·밥류,그레인보우 4종 (2입) (택1),청정원,https://www.kurly.com/goods/1000242164,6980,2711,2025.09.09,간단하게 식단하게 좋은 음식
도시락·밥류,그레인보우 4종 (2입) (택1),청정원,https://www.kurly.com/goods/1000242164,6980,2711,2025.09.09,식단 할 때 간편하게 먹을 수 있어서 좋습니다
도시락·밥류,그레인보우 4종 (2입) (택1),청정원,https://www.kurly.com/goods/1000242164,6980,2711,2025.09.09,씹을거리도 많고 맛도 건강하니 맛나욥
도시락·밥류,그레인보우 4종 (2입) (택1),청정원,https://www.kurly.com/goods/1000242164,6980,2711,2025.09.09,맛있게 잘 먹었습니다 근데 호박이 잘 안녹아서 문제입니다
도시락·밥류,그레인보우 4종 (2입) (택1),청정원,https://www.kurly.com/goods/1000242164,6980,2711,2025.09.09,신선하게잘받았습니다ㅋㅎ
도시락·밥류,그레인보우 4종 (2입) (택1),청정원,https://www.kurly.com/goods/1000242164,6980,2711,2025.09.09,신선하게잘받았습니다 ㅋㅎ
도시락·밥류,그레인보우 4종 (2입) (택1),청정원,https://www.kurly.com/goods/1000242164,6980,2711,2025.09.09,신선하게잘받았습니다ㅎ
도시락·밥류,그레인보우 4종 (2입) (택1),청정원,https://www.kurly.com/goods/1000242164,6980,2711,2025.09.09,신선하게잘받았습니다ㅋ
도시락·밥류,그레인보우 4종 (2입) (택1),청정원,https://www.kurly.com/goods/1000242164,6980,2711,2025.09.09,신선하게잘받았습니다~
도시락·밥류,그레인보우 4종 (2입) (택1),청정원,https://www.kurly.com/goods/1000242164,6980,2711,2025.09.09,신선하게잘받았습니다 ~
도시락·밥류,그레인보우 4종 (2입) (택1),청정원,https://www.kurly.com/goods/1000242164,6980,2711,2025.09.09,신선하게잘받았습니다.
도시락·밥류,그레인보우 4종 (2입) (택1),청정원,https://www.kurly.com/goods/1000242164,6980,2711,2025.09.09,신선하게잘받았습니다
도시락·밥류,그레인보우 4종 (2입) (택1),청정원,https://www.kurly.com/goods/1000242164,6980,2711,2025.09.09,아직 먹기전인데 다이어트 식단으로 좋을것같아요
도시락·밥류,그레인보우 4종 (2입) (택1),청정원,https://www.kurly.com/goods/1000242164,6980,2711,2025.09.09,아직 먹기전인데 기대됩니다
도시락·밥류,그레인보우 4종 (2입) (택1),청정원,https://www.kurly.com/goods/1000242164,6980,2711,2025.09.08,"마늘, 올리브 향 좋아한다면 극호입니다
아닐경우 불호일수있어요
향이셉니다
저는 너무맛있어요"
도시락·밥류,그레인보우 4종 (2입) (택1),청정원,https://www.kurly.com/goods/1000242164,6980,2711,2025.09.08,"씹는맛이 좋고
구수하니 소고기뭇국+죽 느낌?
건강식인데 맛있게잘먹었네요"
도시락·밥류,엄마와 함께 소고기 비빔밥 세트,키즈다이닝,https://www.kurly.com/goods/1000773231,9800,1036,2024.10.08,"이런 제품 정말 좋네요~~~ 
큰 냉면그릇에 다 같이 넣고 비벼서 아이랑 반씩 나눠 먹었어요~ 💕
나물간도 전반적으로 순하구요~

고추장 양념이 아닌 간장 양념에 들어 있어서 아이들이 먹기에도 맵지 않아 좋습니다~^^

계란 후라이나만 하나 추가해서 올리면 영양 만점이고, 쓱쓱 비벼서 주니 평소 잘 먹지않는 느타리버섯까지 섭취할 수 있었어요.😋

청소, 빨래, 설거지 등등
집안일로 끊임없이 부족한 게 시간인데,
키즈다이닝 덕에 식사준비 시간이 훨씬 단축되어 너무나 고맙습니다.😭

나물양이 꽤 되서 평소 먹는 양보다 밥을 훨씬 적게 넣어야 합니다.
저는 잡곡밥에 했는데, 정말 맛있고
배부르게 잘 먹었어요 👍🏻💙"
도시락·밥류,엄마와 함께 소고기 비빔밥 세트,키즈다이닝,https://www.kurly.com/goods/1000773231,9800,1036,2025.09.20,아이가 너무 잘먹네요~
도시락·밥류,엄마와 함께 소고기 비빔밥 세트,키즈다이닝,https://www.kurly.com/goods/1000773231,9800,1036,2025.09.17,애기 채소 먹이기 좋아요ㅎㅎㅎ 맛도 있습니당
도시락·밥류,엄마와 함께 소고기 비빔밥 세트,키즈다이닝,https://www.kurly.com/goods/1000773231,9800,1036,2025.09.17,비빔밥용으로 다른 제품보다는 아이용이라 그런지 내용물이 부드러워서 좋아합니다
도시락·밥류,엄마와 함께 소고기 비빔밥 세트,키즈다이닝,https://www.kurly.com/goods/1000773231,9800,1036,2025.09.16,아이도 엄마도 잘 먹었어여
도시락·밥류,엄마와 함께 소고기 비빔밥 세트,키즈다이닝,https://www.kurly.com/goods/1000773231,9800,1036,2025.09.16,아기 여러 반찬 줄려고 구입해서요
도시락·밥류,엄마와 함께 소고기 비빔밥 세트,키즈다이닝,https://www.kurly.com/goods/1000773231,9800,1036,2025.09.14,소고기 비빔밥 맛나요
도시락·밥류,엄마와 함께 소고기 비빔밥 세트,키즈다이닝,https://www.kurly.com/goods/1000773231,9800,1036,2025.09.14,"야채 양이 많아요!!
22개월 아가랑 잘 나눠 먹었어요!!
간장 소스도 맛있네용"
도시락·밥류,엄마와 함께 소고기 비빔밥 세트,키즈다이닝,https://www.kurly.com/goods/1000773231,9800,1036,2025.09.13,엄청 맛이있고 그런건 아니고 한끼 먹기 좋습니다
도시락·밥류,엄마와 함께 소고기 비빔밥 세트,키즈다이닝,https://www.kurly.com/goods/1000773231,9800,1036,2025.09.13,간편하고 맛있어요 ~~
도시락·밥류,엄마와 함께 소고기 비빔밥 세트,키즈다이닝,https://www.kurly.com/goods/1000773231,9800,1036,2025.09.12,양 적어보여서 일인분인가 했는데..2.3명 먹어요
도시락·밥류,엄마와 함께 소고기 비빔밥 세트,키즈다이닝,https://www.kurly.com/goods/1000773231,9800,1036,2025.09.12,"아들 점심으로 주문해서 먹어 보지는 못 했지만 
계란후라이 1개 해서 쓱쓱 비비면 맛있을거 같아요"
도시락·밥류,엄마와 함께 소고기 비빔밥 세트,키즈다이닝,https://www.kurly.com/goods/1000773231,9800,1036,2025.09.11,채소가 다양하게 있어서 좋아요.
도시락·밥류,엄마와 함께 소고기 비빔밥 세트,키즈다이닝,https://www.kurly.com/goods/1000773231,9800,1036,2025.09.10,"비빔밥 먹고싶어서 구매했어요
맛있어요 재구매할거 같아요"
도시락·밥류,엄마와 함께 소고기 비빔밥 세트,키즈다이닝,https://www.kurly.com/goods/1000773231,9800,1036,2025.09.09,아이와 먹기 좋아요.
도시락·밥류,엄마와 함께 소고기 비빔밥 세트,키즈다이닝,https://www.kurly.com/goods/1000773231,9800,1036,2025.09.08,아이들 아침밥으로 너무 간편하고 좋네요 간장 양념장도 맛있네요!
도시락·밥류,엄마와 함께 소고기 비빔밥 세트,키즈다이닝,https://www.kurly.com/goods/1000773231,9800,1036,2025.09.07,다양한 채소를 먹을 수 있어서 좋아요
도시락·밥류,엄마와 함께 소고기 비빔밥 세트,키즈다이닝,https://www.kurly.com/goods/1000773231,9800,1036,2025.09.06,비빔밥 재료로 편하고 좋습니다
도시락·밥류,엄마와 함께 소고기 비빔밥 세트,키즈다이닝,https://www.kurly.com/goods/1000773231,9800,1036,2025.09.06,어른도 가능!!!!!!!
도시락·밥류,엄마와 함께 소고기 비빔밥 세트,키즈다이닝,https://www.kurly.com/goods/1000773231,9800,1036,2025.09.06,"아이랑 둘이 먹기 좋아요
소스가 간이 세지 않아 맛있어요"
도시락·밥류,엄마와 함께 소고기 비빔밥 세트,키즈다이닝,https://www.kurly.com/goods/1000773231,9800,1036,2025.09.05,아이가 잘 먹어요!
도시락·밥류,엄마와 함께 소고기 비빔밥 세트,키즈다이닝,https://www.kurly.com/goods/1000773231,9800,1036,2025.09.04,좀 달지만 채소들이 작아서 좋아요
도시락·밥류,엄마와 함께 소고기 비빔밥 세트,키즈다이닝,https://www.kurly.com/goods/1000773231,9800,1036,2025.09.03,좋아요. 맛있고 양도 적당함
도시락·밥류,엄마와 함께 소고기 비빔밥 세트,키즈다이닝,https://www.kurly.com/goods/1000773231,9800,1036,2025.09.02,"구성 괜찮아요
간장이라칩 고추장으로 비벼먹었어요"
도시락·밥류,엄마와 함께 소고기 비빔밥 세트,키즈다이닝,https://www.kurly.com/goods/1000773231,9800,1036,2025.09.02,오랜만에 생각나서 주문했어요
도시락·밥류,엄마와 함께 소고기 비빔밥 세트,키즈다이닝,https://www.kurly.com/goods/1000773231,9800,1036,2025.09.01,정말 애기랑 같이 맛있게 잘먹었어요!
도시락·밥류,엄마와 함께 소고기 비빔밥 세트,키즈다이닝,https://www.kurly.com/goods/1000773231,9800,1036,2025.08.30,오늘 아이들 저녁메뉴 해결하기위해 주문했어욯ㅎㅎ두명 먹이기 좋아요
도시락·밥류,엄마와 함께 소고기 비빔밥 세트,키즈다이닝,https://www.kurly.com/goods/1000773231,9800,1036,2025.08.29,애들이 그럭저럭 먹어줍니다ㅋ
도시락·밥류,엄마와 함께 소고기 비빔밥 세트,키즈다이닝,https://www.kurly.com/goods/1000773231,9800,1036,2025.08.29,나물을 따로 맛볼땐 별로였는데 비벼먹으니 먹을만해요
도시락·밥류,엄마와 함께 소고기 비빔밥 세트,키즈다이닝,https://www.kurly.com/goods/1000773231,9800,1036,2025.08.28,아이와 함께 먹기에 좋아요. 야채도 골고루 들어있고 양념은 간장이라서. 양도 많아서 저와 나눠 먹어도 충분한 양이에요. 만족해요. 또 시킬게요
도시락·밥류,엄마와 함께 소고기 비빔밥 세트,키즈다이닝,https://www.kurly.com/goods/1000773231,9800,1036,2025.08.28,아기가야채를 많이 안먹는데 비빔밥은 잘 먹어요
도시락·밥류,엄마와 함께 소고기 비빔밥 세트,키즈다이닝,https://www.kurly.com/goods/1000773231,9800,1036,2025.08.28,아기 야채를 잘 안먹어서 비빔밥자주 사서 먹여요 나물 반찬으로도 주먹밥으로도 비빔밥으로도 너무 좋아요
도시락·밥류,엄마와 함께 소고기 비빔밥 세트,키즈다이닝,https://www.kurly.com/goods/1000773231,9800,1036,2025.08.27,"아기가 비빔밥 잘먹어요
또 주문할께요"
도시락·밥류,엄마와 함께 소고기 비빔밥 세트,키즈다이닝,https://www.kurly.com/goods/1000773231,9800,1036,2025.08.26,아이랑 둘이 먹기 좋은 양이에요
도시락·밥류,엄마와 함께 소고기 비빔밥 세트,키즈다이닝,https://www.kurly.com/goods/1000773231,9800,1036,2025.08.26,비빔밥 재료 준비가 너무 편해요.
도시락·밥류,엄마와 함께 소고기 비빔밥 세트,키즈다이닝,https://www.kurly.com/goods/1000773231,9800,1036,2025.08.26,"비빔밥을 좋아하는 남편을 위해 여러 종류의 비빔밥을 주문해서 먹어봤어요
어떤건 기름기가 너무 많아 부담스럽고  또 다른 비빔밥은  고기가 질겨 고기를 빼버리고 먹었어요  그러다 이 제품을 구입해보니 기름기도 없고 고기도 갈아져있어 어린이나 나이드신 분들도 좋을 것같습니다   수십번 구매해 잘 먹고 있습니다  가끔씩 두개 이상  구매시 할인행사를 해 주시면 감사하겠어오"
도시락·밥류,엄마와 함께 소고기 비빔밥 세트,키즈다이닝,https://www.kurly.com/goods/1000773231,9800,1036,2025.08.26,"맛있게먹고
나왔어요
간장보단
고추장이더맛"
도시락·밥류,엄마와 함께 소고기 비빔밥 세트,키즈다이닝,https://www.kurly.com/goods/1000773231,9800,1036,2025.08.21,"소스가 간장이네요
집에 고추장도 살짝 넣어서 먹으니 구성도 좋고 맛있네요"
도시락·밥류,엄마와 함께 소고기 비빔밥 세트,키즈다이닝,https://www.kurly.com/goods/1000773231,9800,1036,2025.08.20,두 아이 먹기 좋아요
도시락·밥류,엄마와 함께 소고기 비빔밥 세트,키즈다이닝,https://www.kurly.com/goods/1000773231,9800,1036,2025.08.18,아이와 한 끼 먹기 좋아요
도시락·밥류,엄마와 함께 소고기 비빔밥 세트,키즈다이닝,https://www.kurly.com/goods/1000773231,9800,1036,2025.08.18,여러가지 나물을 먹게 할려고 주문했어요
도시락·밥류,엄마와 함께 소고기 비빔밥 세트,키즈다이닝,https://www.kurly.com/goods/1000773231,9800,1036,2025.08.18,"아이 반찬으로 주려고 샀어요.
양이 은근 많아요."
도시락·밥류,엄마와 함께 소고기 비빔밥 세트,키즈다이닝,https://www.kurly.com/goods/1000773231,9800,1036,2025.08.18,사놓고 먹지는 못했지만  간단하게 먹기는 좋아보여요
도시락·밥류,엄마와 함께 소고기 비빔밥 세트,키즈다이닝,https://www.kurly.com/goods/1000773231,9800,1036,2025.08.18,비빔밥 재료가 신선하고 아이가 좋아해요
도시락·밥류,엄마와 함께 소고기 비빔밥 세트,키즈다이닝,https://www.kurly.com/goods/1000773231,9800,1036,2025.08.18,맛있게 먹었습니다;;
도시락·밥류,엄마와 함께 소고기 비빔밥 세트,키즈다이닝,https://www.kurly.com/goods/1000773231,9800,1036,2025.08.18,종종구입해 먹습니다 양이랑 유통기한이 짧아 아쉬워요
도시락·밥류,엄마와 함께 소고기 비빔밥 세트,키즈다이닝,https://www.kurly.com/goods/1000773231,9800,1036,2025.08.16,간편하고 맛있어요~~ 간장대신 고추장 넣어서 먹었어요
도시락·밥류,엄마와 함께 소고기 비빔밥 세트,키즈다이닝,https://www.kurly.com/goods/1000773231,9800,1036,2025.08.16,"깔끔하고 맛있어요
시금치는 많이 질겨요"
도시락·밥류,엄마와 함께 소고기 비빔밥 세트,키즈다이닝,https://www.kurly.com/goods/1000773231,9800,1036,2025.08.16,채소안먹는아이 먹이기 딱 좋아요
도시락·밥류,엄마와 함께 소고기 비빔밥 세트,키즈다이닝,https://www.kurly.com/goods/1000773231,9800,1036,2025.08.15,맛있어요. 컬리 비빔밥 중에 제일 괜찮아요
도시락·밥류,쉬림프 나시고렝 볶음밥 (2개입),애슐리,https://www.kurly.com/goods/1000659853,7990,2009,2024.07.29,"⭐️여름철 입맛 살리는 초간단 요리메뉴⭐️

1. 요즘 날씨도 너무 더워서 요리해먹기 귀찮고
2. 안그래도 1분 1초가 아까운 출퇴근 시간에

간단하게 조리해서 먹기 너무 좋아요.

원래 레시피는 전자레인지로 적혀있는데 저는 간단하게 식용유 두르고 후라이팬에 볶아 먹으니까 방금 만든것 같은 볶음밥 느낌이었어요.

나시고랭은 원래 좋아하긴 했는데 딱 먹어보니까 집 근처 애슐리 매장에서 먹은거랑 존 똑⭐️

저는 많이 먹는 편이라 한 번에 두 봉지도 가능할거같아요 ㅋㅋㅋㅋ 출근때는 한 봉지만 먹어도 든든히 출근 가능하더라고요! 종종 이용할 예정입니다~~~"
도시락·밥류,쉬림프 나시고렝 볶음밥 (2개입),애슐리,https://www.kurly.com/goods/1000659853,7990,2009,2024.07.24,"☆강! 추!
야근하고 밥해먹기 귀찮을때 한팩 뚝!
주말에 애들 밥해주기 번거로우면 딱!
라면 끓이는것 보다 쉬우니 세상살기 편하네요~~~
전자레인지로 3분 돌리니까 진짜 편하고, 한알한알에 간도 다 베어있어서 직접 만든 느낌이 나네요!
다른거는 양념이 골고루 안되어있는 것도 많은데 이건 진짜 맛있어요! 복쌤도 울고갈듯~
애슐리 음식으로 우리집 냉장고 채워야겠어요!

맛은 애슐리가서 먹던 맛이랑 거의 똑같아요!
차이가 있다면 집에서 3분만에 뚝딱 할 수 있다는거~
살짝? 매콤?한 것 같기도 한 그런 입에 감기는 맛! 맵찔이 우리 딸이 먹어도 매운건 모르겠다네요!

일단 1인분씩 2개가 들어있어서 한번에 다 안먹어도 되고, 보관이 편해요! 자취생들 이거 한두개 사두면 진짜 편할것 같아요!
왜... 내가 자취할땐 이런게 없었는지..."
도시락·밥류,쉬림프 나시고렝 볶음밥 (2개입),애슐리,https://www.kurly.com/goods/1000659853,7990,2009,2025.09.22,제 입맛엔 조금 간이 쎘어요~
도시락·밥류,쉬림프 나시고렝 볶음밥 (2개입),애슐리,https://www.kurly.com/goods/1000659853,7990,2009,2025.09.21,지난번에 맛있게 먹었던 기억이 있어서 구매했어요 정말 느끼는 거지만 애슐리는 밥 상품들? 잘하는 것 같아요 주먹밥도 맛있거든요
도시락·밥류,쉬림프 나시고렝 볶음밥 (2개입),애슐리,https://www.kurly.com/goods/1000659853,7990,2009,2025.09.21,계란 좀 더 넣고 숙주 많이 넣어 볶아먹으니 맛나게 한끼해결
도시락·밥류,쉬림프 나시고렝 볶음밥 (2개입),애슐리,https://www.kurly.com/goods/1000659853,7990,2009,2025.09.20,불맛나고 짭짤하게 맛나요
도시락·밥류,쉬림프 나시고렝 볶음밥 (2개입),애슐리,https://www.kurly.com/goods/1000659853,7990,2009,2025.09.19,"맛있습니다
후루륵 볶아 맛있게 한끼해결 했어요"
도시락·밥류,쉬림프 나시고렝 볶음밥 (2개입),애슐리,https://www.kurly.com/goods/1000659853,7990,2009,2025.09.19,흠;;;;짭짤~~합니다.
도시락·밥류,쉬림프 나시고렝 볶음밥 (2개입),애슐리,https://www.kurly.com/goods/1000659853,7990,2009,2025.09.18,맛있네요. 짤 것 같아서 숙주나물 반봉지랑 계란 스크램블 하나 했는데 딱 좋아요
도시락·밥류,쉬림프 나시고렝 볶음밥 (2개입),애슐리,https://www.kurly.com/goods/1000659853,7990,2009,2025.09.18,생각보다는 양이 적고 맛도 보통입니다. 너무 기대를 해서 그런지. 조금 더 양이 많았으면 좋겠고 내용물도 조금 아쉽네요
도시락·밥류,쉬림프 나시고렝 볶음밥 (2개입),애슐리,https://www.kurly.com/goods/1000659853,7990,2009,2025.09.17,"숙주 추가로 넣어 먹었었더니 더 맛있어용😝
편하면서 맛있에 끼니 챙겨먹었슴당~~~
또 주문할게요🖤"
도시락·밥류,쉬림프 나시고렝 볶음밥 (2개입),애슐리,https://www.kurly.com/goods/1000659853,7990,2009,2025.09.16,그럭저럭 괜찮았습니다.
도시락·밥류,쉬림프 나시고렝 볶음밥 (2개입),애슐리,https://www.kurly.com/goods/1000659853,7990,2009,2025.09.16,음..별점5/2.5점 드립니다 ..
도시락·밥류,쉬림프 나시고렝 볶음밥 (2개입),애슐리,https://www.kurly.com/goods/1000659853,7990,2009,2025.09.16,후기에 짜다길래 밥 1/3공기에 스크램블 숙주넣어 볶았더니 아주 맛있어요
도시락·밥류,쉬림프 나시고렝 볶음밥 (2개입),애슐리,https://www.kurly.com/goods/1000659853,7990,2009,2025.09.16,나시고랭 볶음밥은 애슐리 제품이 제일 맛있더라구요. 할인해서 바로 샀어요ㅎ
도시락·밥류,쉬림프 나시고렝 볶음밥 (2개입),애슐리,https://www.kurly.com/goods/1000659853,7990,2009,2025.09.15,"숙주, 청경채, 새우, 달걀 추가
무더운 올 여름 간단한 한끼하게 해 준 고마운 아이템"
도시락·밥류,쉬림프 나시고렝 볶음밥 (2개입),애슐리,https://www.kurly.com/goods/1000659853,7990,2009,2025.09.15,좀짜서 밥 더 넣어먹어요
도시락·밥류,쉬림프 나시고렝 볶음밥 (2개입),애슐리,https://www.kurly.com/goods/1000659853,7990,2009,2025.09.15,두번째 구매해요 맛있어요
도시락·밥류,쉬림프 나시고렝 볶음밥 (2개입),애슐리,https://www.kurly.com/goods/1000659853,7990,2009,2025.09.14,안먹어봐서 기대반 걱정반입니다
도시락·밥류,쉬림프 나시고렝 볶음밥 (2개입),애슐리,https://www.kurly.com/goods/1000659853,7990,2009,2025.09.13,그냥그냥 괜찮습니다.
도시락·밥류,쉬림프 나시고렝 볶음밥 (2개입),애슐리,https://www.kurly.com/goods/1000659853,7990,2009,2025.09.13,너무 짜요  재구매는 안할듯
도시락·밥류,쉬림프 나시고렝 볶음밥 (2개입),애슐리,https://www.kurly.com/goods/1000659853,7990,2009,2025.09.13,2인분 혼자 먹어야 양이 맞지만 맛은 있어요~^^
도시락·밥류,쉬림프 나시고렝 볶음밥 (2개입),애슐리,https://www.kurly.com/goods/1000659853,7990,2009,2025.09.13,두번째 구매인데 나시고랭 생각이 나더라고요. 이국적인 맛 안나고 맛있습니다. 계란 후라이해서 먹음 더 맛있어요
도시락·밥류,쉬림프 나시고렝 볶음밥 (2개입),애슐리,https://www.kurly.com/goods/1000659853,7990,2009,2025.09.13,밥이. 없을때. 준비한걸로.   색다른맛. 느껏어요. 맛있어요
도시락·밥류,쉬림프 나시고렝 볶음밥 (2개입),애슐리,https://www.kurly.com/goods/1000659853,7990,2009,2025.09.13,너무 맛있고 인터넷에는 구매할 수 있는 곳이 없어서 컬리에서 매번 주문하는 볶음밥!!
도시락·밥류,쉬림프 나시고렝 볶음밥 (2개입),애슐리,https://www.kurly.com/goods/1000659853,7990,2009,2025.09.13,나시고렝 역시 유니크함
도시락·밥류,쉬림프 나시고렝 볶음밥 (2개입),애슐리,https://www.kurly.com/goods/1000659853,7990,2009,2025.09.11,맛 좋아요. 특히 애들이 좋아합니다.
도시락·밥류,쉬림프 나시고렝 볶음밥 (2개입),애슐리,https://www.kurly.com/goods/1000659853,7990,2009,2025.09.11,애슐리 제품이기도 하고 맛있어 보여서 구입했어요
도시락·밥류,쉬림프 나시고렝 볶음밥 (2개입),애슐리,https://www.kurly.com/goods/1000659853,7990,2009,2025.09.11,간편하고 맛있어 좋아요
도시락·밥류,쉬림프 나시고렝 볶음밥 (2개입),애슐리,https://www.kurly.com/goods/1000659853,7990,2009,2025.09.11,맛있어서 재구매에요
도시락·밥류,쉬림프 나시고렝 볶음밥 (2개입),애슐리,https://www.kurly.com/goods/1000659853,7990,2009,2025.09.10,"애슐리 다른 볶음밥이 맛있어서 이것도 구매해봤는데, 이건 맛이 없네요."
도시락·밥류,쉬림프 나시고렝 볶음밥 (2개입),애슐리,https://www.kurly.com/goods/1000659853,7990,2009,2025.09.10,그냥저냥 가격대비 괜찮은 맛이에요
도시락·밥류,쉬림프 나시고렝 볶음밥 (2개입),애슐리,https://www.kurly.com/goods/1000659853,7990,2009,2025.09.10,이거 저번에 먹어봤는데 넘 맛있어서 재주문 해요
도시락·밥류,쉬림프 나시고렝 볶음밥 (2개입),애슐리,https://www.kurly.com/goods/1000659853,7990,2009,2025.09.10,살짝 매콤한데 맛있어요
도시락·밥류,쉬림프 나시고렝 볶음밥 (2개입),애슐리,https://www.kurly.com/goods/1000659853,7990,2009,2025.09.09,고슬하지않고 축축해서 실망이지만 양념은 단짠단짠 맛났어요
도시락·밥류,쉬림프 나시고렝 볶음밥 (2개입),애슐리,https://www.kurly.com/goods/1000659853,7990,2009,2025.09.09,살짝 짠가 싶은데 그래두 맛있어요 ㅋㅋㅋㅋㅋ 한끼클리어입니다 ㅎㅎ
도시락·밥류,쉬림프 나시고렝 볶음밥 (2개입),애슐리,https://www.kurly.com/goods/1000659853,7990,2009,2025.09.09,먹어본 냉동볶음밥 중에 제일 맛있어요 재구매 3번째입니다 달걀프라이맘 추가로 올리면 되서 좋아요
도시락·밥류,쉬림프 나시고렝 볶음밥 (2개입),애슐리,https://www.kurly.com/goods/1000659853,7990,2009,2025.09.09,후기보고 궁금해서 구입했어요. 두 봉지 들어있고 간편하게 먹기 좋아보여요~
도시락·밥류,쉬림프 나시고렝 볶음밥 (2개입),애슐리,https://www.kurly.com/goods/1000659853,7990,2009,2025.09.09,더 살 예정입니당ㅎㅎ
도시락·밥류,쉬림프 나시고렝 볶음밥 (2개입),애슐리,https://www.kurly.com/goods/1000659853,7990,2009,2025.09.09,숙주 넣고 달걀 후라이 하나 올리면 진짜 인도네시아 나시고랭 먹는거 같아요 저는 짭짤해서 오히려 좋아요. 싱거웠으면 그냥 볶음밥이랑 차이 없었을거 같아요 거기에 이것저것 넣어먹을수 있어서 일반 볶음밥들보다 훨씬 나은거 같아요
도시락·밥류,쉬림프 나시고렝 볶음밥 (2개입),애슐리,https://www.kurly.com/goods/1000659853,7990,2009,2025.09.08,"아이가 좋아하네요
맛좋아요"
도시락·밥류,쉬림프 나시고렝 볶음밥 (2개입),애슐리,https://www.kurly.com/goods/1000659853,7990,2009,2025.09.08,애슐리에서 맛있게 먹은 나시고랭을 집에서도 먹고싶어 주문했어요 ㅎ
도시락·밥류,쉬림프 나시고렝 볶음밥 (2개입),애슐리,https://www.kurly.com/goods/1000659853,7990,2009,2025.09.08,처음 구매해봤는데 매콤하니 맛있네요.
도시락·밥류,쉬림프 나시고렝 볶음밥 (2개입),애슐리,https://www.kurly.com/goods/1000659853,7990,2009,2025.09.08,같이 산 숙주랑 볶고 후라이 두개 얹어서 애들. 주면 너무 잘먹어요~
도시락·밥류,쉬림프 나시고렝 볶음밥 (2개입),애슐리,https://www.kurly.com/goods/1000659853,7990,2009,2025.09.07,아직 시식전인데 맛있었으면 좋겠어요
도시락·밥류,쉬림프 나시고렝 볶음밥 (2개입),애슐리,https://www.kurly.com/goods/1000659853,7990,2009,2025.09.07,간편하게 먹기 좋은 것 같아요!
도시락·밥류,쉬림프 나시고렝 볶음밥 (2개입),애슐리,https://www.kurly.com/goods/1000659853,7990,2009,2025.09.07,쉬림프 나시고랭 볶음밥 후기보고 맛이 궁금해 주문해 봤어요~ 아직 먹어보진 않았지만 식감이 기대가 되네요
도시락·밥류,쉬림프 나시고렝 볶음밥 (2개입),애슐리,https://www.kurly.com/goods/1000659853,7990,2009,2025.09.07,밥하기 귀찮을 때 해먹으려고 구매해봤어요^^
도시락·밥류,쉬림프 나시고렝 볶음밥 (2개입),애슐리,https://www.kurly.com/goods/1000659853,7990,2009,2025.09.07,나시고렝 볶음밥   맛있어서 좋아요!
도시락·밥류,쉬림프 나시고렝 볶음밥 (2개입),애슐리,https://www.kurly.com/goods/1000659853,7990,2009,2025.09.07,좀 짜요 도시락 싸갈때 유용합니다
도시락·밥류,매일잡곡밥 210g (8입),햇반,https://www.kurly.com/goods/5050797,11480,6894,2025.09.21,"잡곡밥이 건강에 좋을거 같아서 주문해요
맛있어요"
도시락·밥류,매일잡곡밥 210g (8입),햇반,https://www.kurly.com/goods/5050797,11480,6894,2025.09.20,이 햇반은 너무 맛있어여
도시락·밥류,매일잡곡밥 210g (8입),햇반,https://www.kurly.com/goods/5050797,11480,6894,2025.09.19,"밥해먹기 귀찮을 때 필수.
바로바로 전자렌지에 돌려 먹을 수 있어서 좋아요."
도시락·밥류,매일잡곡밥 210g (8입),햇반,https://www.kurly.com/goods/5050797,11480,6894,2025.09.19,싸게 잘샀어요 늘 먹던거라 굿
도시락·밥류,매일잡곡밥 210g (8입),햇반,https://www.kurly.com/goods/5050797,11480,6894,2025.09.19,"밥 맛도  좋고, 집에 없어서는 안 될 비상템입니다"
도시락·밥류,매일잡곡밥 210g (8입),햇반,https://www.kurly.com/goods/5050797,11480,6894,2025.09.18,잡곡밥 박스도 있으면 좋겠어요
도시락·밥류,매일잡곡밥 210g (8입),햇반,https://www.kurly.com/goods/5050797,11480,6894,2025.09.18,늘 먹는 햇반 좋아요
도시락·밥류,매일잡곡밥 210g (8입),햇반,https://www.kurly.com/goods/5050797,11480,6894,2025.09.18,잡곡밥 먹기 좋아요
도시락·밥류,매일잡곡밥 210g (8입),햇반,https://www.kurly.com/goods/5050797,11480,6894,2025.09.16,집에서 해먹는 것보나 부드러워요~
도시락·밥류,매일잡곡밥 210g (8입),햇반,https://www.kurly.com/goods/5050797,11480,6894,2025.09.15,쿠폰으로 잘 구매했어요!!
도시락·밥류,매일잡곡밥 210g (8입),햇반,https://www.kurly.com/goods/5050797,11480,6894,2025.09.15,재구매 합니다 맛있어요
도시락·밥류,매일잡곡밥 210g (8입),햇반,https://www.kurly.com/goods/5050797,11480,6894,2025.09.14,나은 밥이 어중간할 때 필요해서 구매했습니다.
도시락·밥류,매일잡곡밥 210g (8입),햇반,https://www.kurly.com/goods/5050797,11480,6894,2025.09.13,맛있는 잡곡밥 입니다.
도시락·밥류,매일잡곡밥 210g (8입),햇반,https://www.kurly.com/goods/5050797,11480,6894,2025.09.10,기분따라 골라 먹어요
도시락·밥류,매일잡곡밥 210g (8입),햇반,https://www.kurly.com/goods/5050797,11480,6894,2025.09.10,햇반이 우리집 비상식량
도시락·밥류,매일잡곡밥 210g (8입),햇반,https://www.kurly.com/goods/5050797,11480,6894,2025.09.10,건강한맛이예요 빠른배송입니다
도시락·밥류,매일잡곡밥 210g (8입),햇반,https://www.kurly.com/goods/5050797,11480,6894,2025.09.04,항상 구매하는 즉석밥 입니다
도시락·밥류,매일잡곡밥 210g (8입),햇반,https://www.kurly.com/goods/5050797,11480,6894,2025.09.04,비상용으로 항상 구비해요
도시락·밥류,매일잡곡밥 210g (8입),햇반,https://www.kurly.com/goods/5050797,11480,6894,2025.09.04,12곡밥보다 맛이 좋아요
도시락·밥류,매일잡곡밥 210g (8입),햇반,https://www.kurly.com/goods/5050797,11480,6894,2025.09.04,몸에 좋은 곡물이 다양하게 들어있어 좋아요
도시락·밥류,매일잡곡밥 210g (8입),햇반,https://www.kurly.com/goods/5050797,11480,6894,2025.09.04,비율 높은 잡곡밥은 아니지만 백미나 현미랑은 차이가 있어 만족해요
도시락·밥류,매일잡곡밥 210g (8입),햇반,https://www.kurly.com/goods/5050797,11480,6894,2025.09.03,재재재구매 상품입니다
도시락·밥류,매일잡곡밥 210g (8입),햇반,https://www.kurly.com/goods/5050797,11480,6894,2025.09.03,특가로 저렴하게 구입 후 먹고 있네요
도시락·밥류,매일잡곡밥 210g (8입),햇반,https://www.kurly.com/goods/5050797,11480,6894,2025.09.02,잡곡밥 든든하게 필요할땐 햇반 잡곡밥 뜨끈하게 돌려요!
도시락·밥류,매일잡곡밥 210g (8입),햇반,https://www.kurly.com/goods/5050797,11480,6894,2025.09.01,늘 구입하는 제품이에요
도시락·밥류,매일잡곡밥 210g (8입),햇반,https://www.kurly.com/goods/5050797,11480,6894,2025.09.01,좋아요 항상 주문해요.
도시락·밥류,매일잡곡밥 210g (8입),햇반,https://www.kurly.com/goods/5050797,11480,6894,2025.08.31,제일 좋아하는 햇반이에요. 비상용으로 종종 구매해요
도시락·밥류,매일잡곡밥 210g (8입),햇반,https://www.kurly.com/goods/5050797,11480,6894,2025.08.31,애들 점심으로 먹게 하려고 주문합니다
도시락·밥류,매일잡곡밥 210g (8입),햇반,https://www.kurly.com/goods/5050797,11480,6894,2025.08.31,상비용으로 구매합니다
도시락·밥류,매일잡곡밥 210g (8입),햇반,https://www.kurly.com/goods/5050797,11480,6894,2025.08.31,급하게 필요할때를 위해 구매
도시락·밥류,매일잡곡밥 210g (8입),햇반,https://www.kurly.com/goods/5050797,11480,6894,2025.08.30,왜 햇반을 냉장으로 배송하는지 잘 모르겠네요 어쨌든 쿠폰 이용해서 좋은 가격에 구매했습니다
도시락·밥류,매일잡곡밥 210g (8입),햇반,https://www.kurly.com/goods/5050797,11480,6894,2025.08.29,다른 사이트보다 조금 비싼듯하네요
도시락·밥류,매일잡곡밥 210g (8입),햇반,https://www.kurly.com/goods/5050797,11480,6894,2025.08.28,"안녕하세요. 컬리입니다.

배송된 상품들이 젖어 있어 이용에 불편을 드린 점 진심으로 사과드립니다.

해당 건은 최근 높은 기온과 배송 물량 증가로 일부 구간에서 온도 유지가 충분하지 못했을 가능성이 있습니다. 
이로 인해 아이스팩이 녹아 다른 상품들까지 젖게 된 것으로 보입니다.

이용에 불편함을 드려 사과드리며 앞으로는 기온 변화에 더욱 신경 써 보냉 처리를 강화하고, 상품이 안전하게 배송될 수 있도록 포장 과정 전반을 재점검하겠습니다.

앞으로는 더 만족스러운 경험을 드릴 수 있도록 품질 관리에 최선을 다하겠습니다.
감사합니다.
Better Life for All. Kurly"
도시락·밥류,매일잡곡밥 210g (8입),햇반,https://www.kurly.com/goods/5050797,11480,6894,2025.08.27,비상용으로 구입해 둔건데 밥하기 귀찮다보니 금방이네요. 사놓으면 든든해요
도시락·밥류,매일잡곡밥 210g (8입),햇반,https://www.kurly.com/goods/5050797,11480,6894,2025.08.27,급할때 잡곡밥으로 먹을 수 았어 좋아요
도시락·밥류,매일잡곡밥 210g (8입),햇반,https://www.kurly.com/goods/5050797,11480,6894,2025.08.26,비상식량으로 구매해요^^
도시락·밥류,매일잡곡밥 210g (8입),햇반,https://www.kurly.com/goods/5050797,11480,6894,2025.08.26,주기적으로 재구매합니다~
도시락·밥류,매일잡곡밥 210g (8입),햇반,https://www.kurly.com/goods/5050797,11480,6894,2025.08.26,"비상용으로 구매해요 
간편하게 먹기 좋아요"
도시락·밥류,매일잡곡밥 210g (8입),햇반,https://www.kurly.com/goods/5050797,11480,6894,2025.08.25,흰밥 보다 건강할꺼 같아서요
도시락·밥류,매일잡곡밥 210g (8입),햇반,https://www.kurly.com/goods/5050797,11480,6894,2025.08.25,매일 잡곡밥 맛있어요
도시락·밥류,매일잡곡밥 210g (8입),햇반,https://www.kurly.com/goods/5050797,11480,6894,2025.08.25,자주 애용합니다. 세일 자주 해주세요.
도시락·밥류,매일잡곡밥 210g (8입),햇반,https://www.kurly.com/goods/5050797,11480,6894,2025.08.25,매일잡곡밥 좋아해요 ㅎㅎ
도시락·밥류,매일잡곡밥 210g (8입),햇반,https://www.kurly.com/goods/5050797,11480,6894,2025.08.25,세일해서 잘 구매했어요~
도시락·밥류,매일잡곡밥 210g (8입),햇반,https://www.kurly.com/goods/5050797,11480,6894,2025.08.24,햇반은 비상식량으로 쟁여두기 좋아요~ 밥하기 싫을때도 굿~~~
도시락·밥류,매일잡곡밥 210g (8입),햇반,https://www.kurly.com/goods/5050797,11480,6894,2025.08.24,잡곡밥 맛있어서 자주 주문학니다.
도시락·밥류,매일잡곡밥 210g (8입),햇반,https://www.kurly.com/goods/5050797,11480,6894,2025.08.24,밥이 애매할때 자주 이용합니다
도시락·밥류,매일잡곡밥 210g (8입),햇반,https://www.kurly.com/goods/5050797,11480,6894,2025.08.24,햇반 잡곡밥이 좋어요
도시락·밥류,매일잡곡밥 210g (8입),햇반,https://www.kurly.com/goods/5050797,11480,6894,2025.08.23,"가끔 밥하기 귀찮을때, 시간이 없을 때 해먹기 좋아요. 잡곡이 건강에도 좋다보니 잡곡으로만 햇반을 구매하게 되네요."
도시락·밥류,매일잡곡밥 210g (8입),햇반,https://www.kurly.com/goods/5050797,11480,6894,2025.08.23,쟁여놔야해요 ㅋㅋㅋ
도시락·밥류,매일잡곡밥 210g (8입),햇반,https://www.kurly.com/goods/5050797,11480,6894,2025.08.22,비상용으로 사다놔요
도시락·밥류,현미귀리곤약밥 150g*3입,햇반,https://www.kurly.com/goods/1000220006,4500,2049,2024.08.22,"사진 찍는 것을 잘 못해서... 제품 빠르게 잘 도착했어요! 어제 주문했는데 다음 날 배송되서 놀랐습니다. 점심에 현미귀리곤약밥이랑 골뱅이통조림, 허브솔트로 양념한 얼린 두부와 조미김을 같이 먹었는데 곤약밥 특유의 향도 없었고 식감이 진짜 너무 제 취향이었어요. 톡톡 터지는 식감을 좋아해서 평소에도 귀리밥이랑 보리밥을 자주 해먹거든요? 즉석밥에 곤약밥인데도 그 식감이 그대로인 게 신기하고 혁명적이라고 생각했어요ㅋㅋㅋ 즉석밥은 전자레인지로 돌리면 밥알이 금방 말라서 맛이 없는데 이건 그런 거 하나도 없었어요. 또 한 개당 150g이라 210g은 너무 많고 반만 먹긴엔 부족했던 밥 양이 저에겐 딱 맞더라고요. 이 제품말고 흑미귀리곤약밥도 있던데 그럿도 한번 주문해서 먹어보고 괜찮으면 두가지 번갈아가면서 먹으려고요. 곤약밥 입문용으로 딱입니다!"
도시락·밥류,현미귀리곤약밥 150g*3입,햇반,https://www.kurly.com/goods/1000220006,4500,2049,2025.09.22,현미귀리곤약밥 맛있어요 칼로리 낮아서 좋아요
도시락·밥류,현미귀리곤약밥 150g*3입,햇반,https://www.kurly.com/goods/1000220006,4500,2049,2025.09.22,식감이 일반 밥이랑은 다르긴 해서 조금 아쉽긴 한데 식단관리 할 때는 부담없이 먹을 수 있어서 좋은 것 같아요:)
도시락·밥류,현미귀리곤약밥 150g*3입,햇반,https://www.kurly.com/goods/1000220006,4500,2049,2025.09.22,"다이어트용으로 많이들 드시는데 저는곤약밥이 맛있어서 구매합니다.
맛있어요 ㅋ"
도시락·밥류,현미귀리곤약밥 150g*3입,햇반,https://www.kurly.com/goods/1000220006,4500,2049,2025.09.22,칼로리 낮아서 한번씩 구매
도시락·밥류,현미귀리곤약밥 150g*3입,햇반,https://www.kurly.com/goods/1000220006,4500,2049,2025.09.21,"가끔 밥이땡길때 먹어요
간편해서 좋아요"
도시락·밥류,현미귀리곤약밥 150g*3입,햇반,https://www.kurly.com/goods/1000220006,4500,2049,2025.09.21,"다욧한다구 여러개 삿어요
성분이 넘 사기라 밥먹으며 다이어트하기 쌉가넝 ㅠㅠ
곤약밥 느낌도 적어요"
도시락·밥류,현미귀리곤약밥 150g*3입,햇반,https://www.kurly.com/goods/1000220006,4500,2049,2025.09.21,햇반 현미귀라 곤약 밥 전자
도시락·밥류,현미귀리곤약밥 150g*3입,햇반,https://www.kurly.com/goods/1000220006,4500,2049,2025.09.20,"현미 귀리곤약밥 괜찮네요.
다이어트를 위해서 구매했습니다"
도시락·밥류,현미귀리곤약밥 150g*3입,햇반,https://www.kurly.com/goods/1000220006,4500,2049,2025.09.20,현미귀리 세일할 때 겟겟
도시락·밥류,현미귀리곤약밥 150g*3입,햇반,https://www.kurly.com/goods/1000220006,4500,2049,2025.09.19,"할인가로 저렴하게 잘 구매 했습니다.
양도 적당하고 좋아요."
도시락·밥류,현미귀리곤약밥 150g*3입,햇반,https://www.kurly.com/goods/1000220006,4500,2049,2025.09.19,새일해서 저렴하게 구매했어요 너무 좋아요
도시락·밥류,현미귀리곤약밥 150g*3입,햇반,https://www.kurly.com/goods/1000220006,4500,2049,2025.09.19,저속노화를 위해 흰쌀밥보단 현미잡곡밥을 주로 먹고 있어요~
도시락·밥류,현미귀리곤약밥 150g*3입,햇반,https://www.kurly.com/goods/1000220006,4500,2049,2025.09.19,곤약이 들어있어서 식감이 조금 낯설지만 건강 생각해서 간편하게 먹기 좋아요
도시락·밥류,현미귀리곤약밥 150g*3입,햇반,https://www.kurly.com/goods/1000220006,4500,2049,2025.09.19,한번 먹어보고 재구매 탄수화물 줄이고 싶어서 구매 고소해요
도시락·밥류,현미귀리곤약밥 150g*3입,햇반,https://www.kurly.com/goods/1000220006,4500,2049,2025.09.19,신랑과 딸을 위한 다이어트 밥
도시락·밥류,현미귀리곤약밥 150g*3입,햇반,https://www.kurly.com/goods/1000220006,4500,2049,2025.09.18,"그냥 맨밥만 먹기엔 덜맛나서 
비빔밥이나 덮밥으로 활용"
도시락·밥류,현미귀리곤약밥 150g*3입,햇반,https://www.kurly.com/goods/1000220006,4500,2049,2025.09.18,"맛은 없어요 ㅋ
건강생각해서 먹어요"
도시락·밥류,현미귀리곤약밥 150g*3입,햇반,https://www.kurly.com/goods/1000220006,4500,2049,2025.09.18,애용하는 상품이에요
도시락·밥류,현미귀리곤약밥 150g*3입,햇반,https://www.kurly.com/goods/1000220006,4500,2049,2025.09.18,곤약밥 중 제일 괜잖아요
도시락·밥류,현미귀리곤약밥 150g*3입,햇반,https://www.kurly.com/goods/1000220006,4500,2049,2025.09.18,"세일해수 저렴한 가격에 샀네요
두이어트용으로 좋아요 잘먹을기용
유통기한도 ㄱㅊ고 좋넹ㅎ ㅎㅎ"
도시락·밥류,현미귀리곤약밥 150g*3입,햇반,https://www.kurly.com/goods/1000220006,4500,2049,2025.09.17,가끔 탄수화물 먹을때 우리딸은 이 밥 먹네요 힘든 다이어트인생이지만 맛있어요
도시락·밥류,현미귀리곤약밥 150g*3입,햇반,https://www.kurly.com/goods/1000220006,4500,2049,2025.09.16,다이어트 용으로 먹는데 맛있습니다 씹는 맛도 있구요
도시락·밥류,현미귀리곤약밥 150g*3입,햇반,https://www.kurly.com/goods/1000220006,4500,2049,2025.09.16,탄수화물 섭취를 조금 줄이고자 선택하고 있는데 맛도 괜찮아요.
도시락·밥류,현미귀리곤약밥 150g*3입,햇반,https://www.kurly.com/goods/1000220006,4500,2049,2025.09.16,양도 적당하고 칼로리 부담없어 좋아요
도시락·밥류,현미귀리곤약밥 150g*3입,햇반,https://www.kurly.com/goods/1000220006,4500,2049,2025.09.15,은근 포만감이 있어요~~
도시락·밥류,현미귀리곤약밥 150g*3입,햇반,https://www.kurly.com/goods/1000220006,4500,2049,2025.09.15,곤약밥중에 제일 냄새 안나고 좋아요 ㅎㅎ
도시락·밥류,현미귀리곤약밥 150g*3입,햇반,https://www.kurly.com/goods/1000220006,4500,2049,2025.09.15,현미곤약밥 다이어트 템이에요
도시락·밥류,현미귀리곤약밥 150g*3입,햇반,https://www.kurly.com/goods/1000220006,4500,2049,2025.09.15,식단조절할 때 좋아요!!
도시락·밥류,현미귀리곤약밥 150g*3입,햇반,https://www.kurly.com/goods/1000220006,4500,2049,2025.09.14,담백하고 성분도 너무 젛고 부담없이 즐길 수 있어서 좋아요 재구매 할 것 같아요!
도시락·밥류,현미귀리곤약밥 150g*3입,햇반,https://www.kurly.com/goods/1000220006,4500,2049,2025.09.14,가격도 저렴하고 제품도 좋습니다
도시락·밥류,현미귀리곤약밥 150g*3입,햇반,https://www.kurly.com/goods/1000220006,4500,2049,2025.09.14,"다이어트하려고 구매
먹을만하네용"
도시락·밥류,현미귀리곤약밥 150g*3입,햇반,https://www.kurly.com/goods/1000220006,4500,2049,2025.09.13,"궁금해서 구매해봤는데 
먹을만해요"
도시락·밥류,현미귀리곤약밥 150g*3입,햇반,https://www.kurly.com/goods/1000220006,4500,2049,2025.09.13,세일해서 쟁여놨어요~~ 다이어트 할 때 좋아요
도시락·밥류,현미귀리곤약밥 150g*3입,햇반,https://www.kurly.com/goods/1000220006,4500,2049,2025.09.13,"건강생각해서 먹고 있는데.. 
진짜 밥의 찰기는 없고, 흩어지는 밥맛입니다. ㅜㅜ"
도시락·밥류,현미귀리곤약밥 150g*3입,햇반,https://www.kurly.com/goods/1000220006,4500,2049,2025.09.13,몇번째 재구매인지 몰겟네요 ㅎ헤 헤
도시락·밥류,현미귀리곤약밥 150g*3입,햇반,https://www.kurly.com/goods/1000220006,4500,2049,2025.09.13,식단땐 이 밥이 제일 최고. 없음안되오
도시락·밥류,현미귀리곤약밥 150g*3입,햇반,https://www.kurly.com/goods/1000220006,4500,2049,2025.09.13,"식단관리하며 먹기
좋아요. 매번 사놓고 먹어요"
도시락·밥류,현미귀리곤약밥 150g*3입,햇반,https://www.kurly.com/goods/1000220006,4500,2049,2025.09.13,식감이 독특해요 다이어트에 좋을듯
도시락·밥류,현미귀리곤약밥 150g*3입,햇반,https://www.kurly.com/goods/1000220006,4500,2049,2025.09.12,매일 먹는 밥 입니다.
도시락·밥류,현미귀리곤약밥 150g*3입,햇반,https://www.kurly.com/goods/1000220006,4500,2049,2025.09.11,다이어트 할따 아주 좋아요
도시락·밥류,현미귀리곤약밥 150g*3입,햇반,https://www.kurly.com/goods/1000220006,4500,2049,2025.09.10,밥먹을 한끼에 반통씩 먹어요.
도시락·밥류,현미귀리곤약밥 150g*3입,햇반,https://www.kurly.com/goods/1000220006,4500,2049,2025.09.10,자주 사먹어요 좋아요ㅈ
도시락·밥류,현미귀리곤약밥 150g*3입,햇반,https://www.kurly.com/goods/1000220006,4500,2049,2025.09.09,상시 쟁여템!! 자주 할인해주세요
도시락·밥류,현미귀리곤약밥 150g*3입,햇반,https://www.kurly.com/goods/1000220006,4500,2049,2025.09.09,현미귀리곤약밥은 처음 먹어보는데 맛있더라고요! 간편하게 곤약밥을 먹을 수 있어서 좋았어요!
도시락·밥류,현미귀리곤약밥 150g*3입,햇반,https://www.kurly.com/goods/1000220006,4500,2049,2025.09.08,착한 칼로리라 자주 구매합니다
도시락·밥류,현미귀리곤약밥 150g*3입,햇반,https://www.kurly.com/goods/1000220006,4500,2049,2025.09.07,곤약이 적당히 섞여있어 식감 해치지 않을 딱 좋은 비율이예요.
도시락·밥류,현미귀리곤약밥 150g*3입,햇반,https://www.kurly.com/goods/1000220006,4500,2049,2025.09.07,포만감이 아주 좋네요 굿
도시락·밥류,현미귀리곤약밥 150g*3입,햇반,https://www.kurly.com/goods/1000220006,4500,2049,2025.09.07,저렴하게 잘 샀어요~~
도시락·밥류,현미귀리곤약밥 150g*3입,햇반,https://www.kurly.com/goods/1000220006,4500,2049,2025.09.06,곤약밥이라서 렌지에 돌리면 좀 축축(?) 하긴 한데 맛있어요
도시락·밥류,라이킷 식단관리 시즌2 도시락 8종 (택2),마이비밀,https://www.kurly.com/goods/1000272598,4680,3498,2025.05.16,"오 ㅋㅋㅋ이거 맛있네용!
밥에 양념이 되어있어서 전혀 심심하지가 않습니다
외식할때 고기먹으러가면 마지막에 먹는 볶음밥 같은 느낌이요 ㅎㅎ
맵지도않고 고추장 양념느낌이구요 ㅋㅋ
바로 김 꺼내서 싸먹었습니다 ㅎㅎ
치즈도 들어있는데 알고보니 자연치즈더라고요
전자레인지 돌리니 딱 알맞게 녹아서 쭉쭉 늘어나고 맛있습니다ㅋㅋ
다음에 마이비밀 라이킷 도시락 시켜먹을땐 치즈닭갈비덮밥은 또 담아야겠어요ㅎㅎ
간단하게 챙겨먹기 좋은 것 같아요 ㅎㅎ
다른 도시락에 비해 덮밥이라 밥 양도 많고 성인 여성이 먹었을때 포만감 들었습니다
다른 맛도 먹어보고싶네요~"
도시락·밥류,라이킷 식단관리 시즌2 도시락 8종 (택2),마이비밀,https://www.kurly.com/goods/1000272598,4680,3498,2025.04.16,"회사에서 점심으로 간단하게 먹어봤어요 :)

우선 냉동 도시락들에 어설프게 들어있는
조각 야채들을 좋아하지 않아서
김치볶음밥과 함박의 깔끔한 구성이 마음에 들었어요!

김치볶음밥의 김치 식감이나
함박 스테이크 식감이 살아 있고
맵거나 짜거나 달거나 그런 모난 맛 없이 간도 적당했어요

양이 많지는 않아서 가볍게 먹고싶은 날 추천해요
성인 남성은 하나로는 배가 안 찬다고 하더라구요~

먹을 때 달걀이나 샐러드 조금 추가하면 충분한 한끼로 즐길 수 있을 것 같았습니다

요즘 물가도 많이 오르고
옷은 얇아져서 식단이 필요한데
디음에도 주문해서 먹어야겠어요!"
도시락·밥류,라이킷 식단관리 시즌2 도시락 8종 (택2),마이비밀,https://www.kurly.com/goods/1000272598,4680,3498,2024.12.10,"매워요!!
양파가 너무 커요!!

남편이랑 요즘 살이 너무 쪄서 어쩌지 하다가
다이어트하려고 도시락을 검색해봤어요.
때마침 쿠폰도 있고 모아둔 적립금도 있어서 
겸사겸사 가격은 좀 있지만 맛있어보이는 도시락으로
골라서 맛별로 하나씩 다 사봤어요.

다이어트 도시락이라서 그런건지 확실히 양은 적어요...ㅎㅎ
양이 적어서 칼로리가 낮은게 아닐까하는 합리적 의심은 있지만,
맛이 좋네요..! ㅎㅎ
영양성분도 이정도면 나쁘지 않다고 봅니다.

양념맛이 간도 쌔고, 그래서 맛있어요.
맛으로만 보면 매우 만족합니다.

양 작은건 뚱뚱한 제 몸과 늘어난 위를 탓해야겠습니다.
가격만 조금 더 저렴하면 좋겠네요"
도시락·밥류,라이킷 식단관리 시즌2 도시락 8종 (택2),마이비밀,https://www.kurly.com/goods/1000272598,4680,3498,2025.09.22,일반식으로 보기에 무척 부실합니다.
도시락·밥류,라이킷 식단관리 시즌2 도시락 8종 (택2),마이비밀,https://www.kurly.com/goods/1000272598,4680,3498,2025.09.22,"계란과 닭가슴살,밥과 비율이 적당하네요.볶은김치라도  소량 들어있으면 하네요."
도시락·밥류,라이킷 식단관리 시즌2 도시락 8종 (택2),마이비밀,https://www.kurly.com/goods/1000272598,4680,3498,2025.09.21,밥이 고실고실 하니 맛있어요.고기양념도 맛있어요.
도시락·밥류,라이킷 식단관리 시즌2 도시락 8종 (택2),마이비밀,https://www.kurly.com/goods/1000272598,4680,3498,2025.09.18,개인적으로 현미밥은 덜익은 맛이랑 식감이라 취향에 안 맞았습니다
도시락·밥류,라이킷 식단관리 시즌2 도시락 8종 (택2),마이비밀,https://www.kurly.com/goods/1000272598,4680,3498,2025.09.18,"지인이 맛있다길래 따라 구입했어요
양은 다른 냉동도시락류와 비슷하지만 맛이 너무 맛있어서 만족합니다
특히 고기 말이 너무 맛있네요"
도시락·밥류,라이킷 식단관리 시즌2 도시락 8종 (택2),마이비밀,https://www.kurly.com/goods/1000272598,4680,3498,2025.09.18,요즘은 다이어트 도시락도 종류가 많고 맛있어서 골라서 시켜먹이 좋아요 닭갈비도 나쁘지 않네요
도시락·밥류,라이킷 식단관리 시즌2 도시락 8종 (택2),마이비밀,https://www.kurly.com/goods/1000272598,4680,3498,2025.09.17,맛있어용!!! 재구매할것같아요!
도시락·밥류,라이킷 식단관리 시즌2 도시락 8종 (택2),마이비밀,https://www.kurly.com/goods/1000272598,4680,3498,2025.09.15,도시락 맛있어서 자주 구매해요
도시락·밥류,라이킷 식단관리 시즌2 도시락 8종 (택2),마이비밀,https://www.kurly.com/goods/1000272598,4680,3498,2025.09.15,이 도시락 맛있어서 자주 먹어요ㅎ
도시락·밥류,라이킷 식단관리 시즌2 도시락 8종 (택2),마이비밀,https://www.kurly.com/goods/1000272598,4680,3498,2025.09.15,맛있어요.점심으로 괜찮네요.언 두부는 식감이 안좋아서 별로인데 여기 두부는 좀 나아요.재구매의향있어요.
도시락·밥류,라이킷 식단관리 시즌2 도시락 8종 (택2),마이비밀,https://www.kurly.com/goods/1000272598,4680,3498,2025.09.15,그럭저럭 괜찮은맛이지만 개인적으로는 다른게더맛있었어요
도시락·밥류,라이킷 식단관리 시즌2 도시락 8종 (택2),마이비밀,https://www.kurly.com/goods/1000272598,4680,3498,2025.09.14,은근 배도 부르고 맛있게 잘 먹었습니당
도시락·밥류,라이킷 식단관리 시즌2 도시락 8종 (택2),마이비밀,https://www.kurly.com/goods/1000272598,4680,3498,2025.09.13,간단하게 먹기 좋아요
도시락·밥류,라이킷 식단관리 시즌2 도시락 8종 (택2),마이비밀,https://www.kurly.com/goods/1000272598,4680,3498,2025.09.13,후기가 좋아서 사봤어여
도시락·밥류,라이킷 식단관리 시즌2 도시락 8종 (택2),마이비밀,https://www.kurly.com/goods/1000272598,4680,3498,2025.09.13,새로운 도시락 도전해봤어여 ㅎㅎ아직 먹어보기전이라 맛은 모름
도시락·밥류,라이킷 식단관리 시즌2 도시락 8종 (택2),마이비밀,https://www.kurly.com/goods/1000272598,4680,3498,2025.09.13,재구매합니다감사합니다!!!!ㅇ
도시락·밥류,라이킷 식단관리 시즌2 도시락 8종 (택2),마이비밀,https://www.kurly.com/goods/1000272598,4680,3498,2025.09.13,재구매합니다감사합니다!!!!
도시락·밥류,라이킷 식단관리 시즌2 도시락 8종 (택2),마이비밀,https://www.kurly.com/goods/1000272598,4680,3498,2025.09.13,식단도시락 좋아요 귯
도시락·밥류,라이킷 식단관리 시즌2 도시락 8종 (택2),마이비밀,https://www.kurly.com/goods/1000272598,4680,3498,2025.09.13,세일해사 사버ㅏㅆ어여.
도시락·밥류,라이킷 식단관리 시즌2 도시락 8종 (택2),마이비밀,https://www.kurly.com/goods/1000272598,4680,3498,2025.09.13,강된장 비빔밥도 도시락으로 먹을 수 있다니까 너무 좋네요
도시락·밥류,라이킷 식단관리 시즌2 도시락 8종 (택2),마이비밀,https://www.kurly.com/goods/1000272598,4680,3498,2025.09.12,완전 맛있는데 양이 너무 적어요ㅠ 닭가슴살 추가로 데워먹음
도시락·밥류,라이킷 식단관리 시즌2 도시락 8종 (택2),마이비밀,https://www.kurly.com/goods/1000272598,4680,3498,2025.09.12,간편하게 먹기 좋아요
도시락·밥류,라이킷 식단관리 시즌2 도시락 8종 (택2),마이비밀,https://www.kurly.com/goods/1000272598,4680,3498,2025.09.11,저당이라 좋습니다 .
도시락·밥류,라이킷 식단관리 시즌2 도시락 8종 (택2),마이비밀,https://www.kurly.com/goods/1000272598,4680,3498,2025.09.11,양은 좀 적지만 사무실점심으로 한끼해결하기 좋아요!!
도시락·밥류,라이킷 식단관리 시즌2 도시락 8종 (택2),마이비밀,https://www.kurly.com/goods/1000272598,4680,3498,2025.09.11,양은 좀 적지만 사무실점심으로 한끼해결하기 좋아요!! 달달하니 맛있어요 ㅎㅎ
도시락·밥류,라이킷 식단관리 시즌2 도시락 8종 (택2),마이비밀,https://www.kurly.com/goods/1000272598,4680,3498,2025.09.11,양은 좀 적지만 사무실점심으로 한끼해결하기 좋아요!! 매번 재구매하고있습니다
도시락·밥류,라이킷 식단관리 시즌2 도시락 8종 (택2),마이비밀,https://www.kurly.com/goods/1000272598,4680,3498,2025.09.11,양은 좀 적지만 사무실점심으로 한끼해결하기 좋아요!!  맛있습니당
도시락·밥류,라이킷 식단관리 시즌2 도시락 8종 (택2),마이비밀,https://www.kurly.com/goods/1000272598,4680,3498,2025.09.10,"볶음밥,  고기말이 둘다 맛있는데 고기말이 소스가 좀 짜서 같이 먹으면 좀 자극적인 느낌입니다~"
도시락·밥류,라이킷 식단관리 시즌2 도시락 8종 (택2),마이비밀,https://www.kurly.com/goods/1000272598,4680,3498,2025.09.10,바쁠 때 간단히 먹기 편합니다
도시락·밥류,라이킷 식단관리 시즌2 도시락 8종 (택2),마이비밀,https://www.kurly.com/goods/1000272598,4680,3498,2025.09.10,"요즘 컬리 도시락에 꽂혀서 계속 여러 종류 사 먹어보고 있는데 콘치즈 닭갈비 3분 30초 돌렸는데 밥알이 딱딱하고 닭갈비가 아닌  국갈비 인가 봅니다. 국에 손톱만한 닭 세 점이랑 콩알만한 떡 들어가 있는데 그마저도 딱딱해요. 혹시나 해서 30초 더 돌렸더니 변함 없음.ㅠㅠ 여태 먹은 것 중에 제일 맛없어요. 
쫄쫄 굶다 먹은 점심이라 넘 배고파서 그냥 있던 낫또나 얹혀 먹긴 먹었는데 ..
정말 화를 참고 차분이 작성하고 있습니다… 하…"
도시락·밥류,라이킷 식단관리 시즌2 도시락 8종 (택2),마이비밀,https://www.kurly.com/goods/1000272598,4680,3498,2025.09.10,후기가 많아서 구매해봤습니다
도시락·밥류,라이킷 식단관리 시즌2 도시락 8종 (택2),마이비밀,https://www.kurly.com/goods/1000272598,4680,3498,2025.09.09,생각했던 것보다 치즈도 맛있고 고기도 맛있엇어요ㅜ 양이 많은 편은 아니지만 그래도 먹다 보니까 양에 적응되는 느낌ㅎㅎ
도시락·밥류,라이킷 식단관리 시즌2 도시락 8종 (택2),마이비밀,https://www.kurly.com/goods/1000272598,4680,3498,2025.09.07,궁금항 맛. 제주라서 좋아요
도시락·밥류,라이킷 식단관리 시즌2 도시락 8종 (택2),마이비밀,https://www.kurly.com/goods/1000272598,4680,3498,2025.09.07,궁금해서 사봤습니다
도시락·밥류,라이킷 식단관리 시즌2 도시락 8종 (택2),마이비밀,https://www.kurly.com/goods/1000272598,4680,3498,2025.09.07,맛잇어요 ㅎㅎ 건강식이라 또 먹을거같아여
도시락·밥류,라이킷 식단관리 시즌2 도시락 8종 (택2),마이비밀,https://www.kurly.com/goods/1000272598,4680,3498,2025.09.07,식단 도시락으로 잘 시켜먹는 제품
도시락·밥류,라이킷 식단관리 시즌2 도시락 8종 (택2),마이비밀,https://www.kurly.com/goods/1000272598,4680,3498,2025.09.07,식단도시락으로 종종 시켜먹는 맛이에요
도시락·밥류,라이킷 식단관리 시즌2 도시락 8종 (택2),마이비밀,https://www.kurly.com/goods/1000272598,4680,3498,2025.09.06,김치볶음밥 맛있어보여요
도시락·밥류,라이킷 식단관리 시즌2 도시락 8종 (택2),마이비밀,https://www.kurly.com/goods/1000272598,4680,3498,2025.09.06,콘치즈 맛있어보여요
도시락·밥류,라이킷 식단관리 시즌2 도시락 8종 (택2),마이비밀,https://www.kurly.com/goods/1000272598,4680,3498,2025.09.06,개인적으로이게제일맛있음
도시락·밥류,라이킷 식단관리 시즌2 도시락 8종 (택2),마이비밀,https://www.kurly.com/goods/1000272598,4680,3498,2025.09.05,"컬리 상품 역시 최고입니다.
간편도시락 맛있습니다.
만족합니다."
도시락·밥류,라이킷 식단관리 시즌2 도시락 8종 (택2),마이비밀,https://www.kurly.com/goods/1000272598,4680,3498,2025.09.05,닭가슴 계란덮밥입니다. 고소하니 간단히 먹기 좋아요
도시락·밥류,라이킷 식단관리 시즌2 도시락 8종 (택2),마이비밀,https://www.kurly.com/goods/1000272598,4680,3498,2025.09.05,콘치즈 닭갈비 도시락입니다. 간단히 먹기 좋아요
도시락·밥류,라이킷 식단관리 시즌2 도시락 8종 (택2),마이비밀,https://www.kurly.com/goods/1000272598,4680,3498,2025.09.04,아주 자극적인맛이네요 ㅋㅋㅋ식단관리맞나용
도시락·밥류,라이킷 식단관리 시즌2 도시락 8종 (택2),마이비밀,https://www.kurly.com/goods/1000272598,4680,3498,2025.09.03,점심 고민없이 가볍게 한끼 좋아요
도시락·밥류,라이킷 식단관리 시즌2 도시락 8종 (택2),마이비밀,https://www.kurly.com/goods/1000272598,4680,3498,2025.09.02,기대중입니다 이건 맛있었으면 좋겠어요
도시락·밥류,라이킷 식단관리 시즌2 도시락 8종 (택2),마이비밀,https://www.kurly.com/goods/1000272598,4680,3498,2025.09.02,음 맛있을거같았는데 그냥 그래요
도시락·밥류,리틀넥 비프 머쉬룸 리조또,LITTLENECK,https://www.kurly.com/goods/1000085902,14900,3721,2025.02.19,"리조또 정말 유명하다고 해서 한 번 구매해봤어요 구성은 정말 좋았고 만드는 방법도 간편했습니다 설명서 그대로 보고 만들어주면 초보자 분들도 손쉽게 만들 수 있어요! 

고기는 오래 구우면 질깁니다 적당히 구워서 먹으면 부드럽고 육즙도 제대로라 풍미가 아주 좋았어요 여기에 크리미한 리조또랑 같이 먹으면 조화가 좋아서 정말 맛있습니다 

리조또의 맛은 평범했던 것 같아요 고급 식당에서 먹는 리조또가 아니라 특유의 냉동 밀키트의 맛이 나는 리조또라 조금은 아쉬웠어요 느끼한 거 못 먹는 분이라면 아쉬울 수 있습니다 

여기에 짭짤한 베이컨을 넣어 먹으면 더 맛있을 것 같아요 아니면 피클을 곁들여 드셔보세용"
도시락·밥류,리틀넥 비프 머쉬룸 리조또,LITTLENECK,https://www.kurly.com/goods/1000085902,14900,3721,2024.01.29,"혼자만의 시간을 완벽하게 만들어준 리틀넥!
휴가중 맛있는 한 끼 식사를 위해 평이 좋은 리틀넥 비프 머쉬룸 리조또를 주문해두었어요. 집에서 여유를 즐기다가 혼밥 하러 나가기도 귀찮고, 맛있는 건 먹고 싶고. 이럴 때 우리 집을 홈스토랑으로 만글어준 고마운 제품입니다.
냉동버섯밥과 소고기, 버섯크림소스가 들어있는데, 냉동버섯밥은 그대로 냉동실에 두고, 소고기랑 버섯크림소스는 먹기 전날 냉장실로 옮겨 미리 해동했어요. 저처럼 미리 옮기지 못해 냉장 해동항 시간이 부족하신 분들은 찬물에 해동하시면 된답니다.
소고기는 올리브유 넉넉하게 둘러 구웠어요. 빠른 시간 내에 속까지 잘 익히기 위해, 소고기 겉면만 익힌 후 큐브 스테이크 같이 잘게 잘라주었어요.
다른 팬에는 냉동버섯밥을 볶다가 버섯크림소스 부어 자작하게 졸이면 끝! 너무나 간단하죠? 
이렇게 조리법은 쉬운데, 그릇에 리조또 담고 소고기를 올려주니 오 제법 그럴 듯해요. 소고기 양도, 밥에 포함된 버섯 양도 생각보다 꽤 많아요. 한 입 떠먹는데 여기가 레스토랑인지 집인지 행복합니다.
혼자 있을 때 먹을 거 잘 안 챙겨먹게 되는데 리틀넥 비프 머쉬룸 리조또가 있으니 한 그릇 요리인데도 엄청 차려먹는 기분이에요. 덕분에 휴가 기분이 더욱 업! 업! 되었습니다. 
혼자만의 여유를 즐기기에도 넘나 좋은 제품이었지만, 다음엔 여러 개 주문해서 가족과 함께하고 싶네요.^^"
도시락·밥류,리틀넥 비프 머쉬룸 리조또,LITTLENECK,https://www.kurly.com/goods/1000085902,14900,3721,2023.07.30,"크림리조또 좋아하시는 분들께 추천드려요~
컬리에서 파는 리틀넥 다른 메뉴 2개 먹어보고 매장에서 먹는 것과 맛이 거의 비슷해서 믿고 주문했어요
혼자먹을때 메뉴2개정도 다양한맛으로 먹고싶은데 양이 너무 많아서 이렇게 리조또+스테이크 조합으로 만들어진 메뉴가 마음에 들었습니다
먼저 냉동의 상태로 배송이와요 버섯이들어간 냉동리조또밥, 크림소스, 스테이크 이렇게 들어있습니다
저는 크림리조또에 버섯을 곁들이는걸 좋아해서 따로 구매한 느타리버섯을 올리브유로 볶다가 약간의 간을 위해 발사믹도 살짝 뿌려주고 준비했습니다
냉동밥은 살짝 달궈진 팬에 볶으면 끝이에요 ㅎㅎ 보니깐 밥알 사이에 버섯도 꽤 들어 있었어요
그후 어느정도 익은 밥에 크림 소스를 뿌리면서 같이 섞어주면 됩니다
그리고 버섯을 볶은 팬에 완전 해동된 스테이크를 구웠어요! 중요한 점은 스테이크에 시즈닝이 되어있으니 추가적으로 간을 하실 필요가 없다는 점입니다!!
그리고 덩어리째 익히면 시간이 오래걸려서 고기가 질겨질수 있으니 어느정도 겉면이 있으면 잘라서 익혀주세요 더 빠르고 연하게 익히는게 나으실거에요~
저는 리틀넥 리조또에 탄수화물과 단백질은 충분하다고 생각해서 부족한 식이섬유를 위해 버섯도 추가하고 리조또 담기전에 상추도 올려서 함께 먹었어요
그릇에 상추올리고 크림 리조또랑 버섯 다 익힌 고기 올리고 집에 남아있는 루꼴라 올리고 후추도 추가적으로 뿌리면 완성입니다!
(마켓컬리에서 파는 통피클과 같이 먹으니 더 맛있었어요~ )
고기의 간도 적절하고 냄새도 안나고.. 고기 컨디션이 좋아서 만족스러웠습니다 양도 적어보였는데 막상먹으니 딱 괜찮더라고요(리조또양은 많습니다)
리조또도 버섯덕분에 풍미가 깊고 크림의 부드러운 맛이 좋았어요 자극적이지 않은 맛입니다!
아 그리고 크림소스는 트러플향과 잘 어울려서 트러플오일도 같이 뿌려먹었습니다!

저처럼 채소를 추가해서 더욱 건강한 한끼로 챙겨드시깉 추천드려요~~
아이들도 좋아할 맛입니다^^"
도시락·밥류,리틀넥 비프 머쉬룸 리조또,LITTLENECK,https://www.kurly.com/goods/1000085902,14900,3721,2025.09.19,솔직히 밀 키트 라고 해서 퀄리티가 떨어지진 않을까 걱정했었는데 맛도 구성품도 정말 신선 하니 식당에서 먹는 것보다 더 맛있었어요. 그냥 조리방법 대로만 뚝딱 하면 10분 도 걸리지 않았고 정말 간편하게 할 수 있는 요리라서 더 좋았답니다. 저희 아빠 엄마가 입맛이 워낙 까다롭고 한식 파여서 솔직히 느끼 하다고 이야기 하면 어떻게 하나 걱정했었는데 걱정과 달리 너무 맛있게 잘 먹었다고 이야기 해주더라구요 크림도 적당히 고소하고 느끼하지도 않고 고기 퀄리티도 제가 따로 구매해서 올려 놓은 줄 알았다고 이야기 하셨어요. 요즘 세상 참 편리해졌다면서 밀키트 ￼칭찬을 어찌 그렇게도  많이 하는지 저도 후기를 워낙 안 남기는 스타일인데. 이거는 꼭 남기고 싶어서 남깁니다. 모두 구매해서 드셔 보세요.
도시락·밥류,리틀넥 비프 머쉬룸 리조또,LITTLENECK,https://www.kurly.com/goods/1000085902,14900,3721,2025.09.17,"리틀넥 스테이크 고기가 맛있어서
새로나온 리조또도 구매해봤는데요
담백하니 맛있어요!
양송이버섯 더 넣어서 푸짐하게 먹었어요"
도시락·밥류,리틀넥 비프 머쉬룸 리조또,LITTLENECK,https://www.kurly.com/goods/1000085902,14900,3721,2025.09.17,밀키트도 결국 첨가물 많이 들어가서 가급적 안먹는 게 좋겠지만.. 외식도 집밥도 여의치 않아서 종종 먹는데요. 이거 맛있습니다. 외식하는 느낌으로
도시락·밥류,리틀넥 비프 머쉬룸 리조또,LITTLENECK,https://www.kurly.com/goods/1000085902,14900,3721,2025.09.17,느끼하지 않고 맛있어요
도시락·밥류,리틀넥 비프 머쉬룸 리조또,LITTLENECK,https://www.kurly.com/goods/1000085902,14900,3721,2025.09.17,"먹다가 생각나서 쓰는 리뷰! 
기대 안하고 주문했는데 생각보다 맛있어요!
배달보다 훨씬 맛은 좋고 따뜻하게 먹을 수 있어서 만족스럽네용"
도시락·밥류,리틀넥 비프 머쉬룸 리조또,LITTLENECK,https://www.kurly.com/goods/1000085902,14900,3721,2025.09.17,비프 머쉬룸 리조또 고소하고 맛있습니다.
도시락·밥류,리틀넥 비프 머쉬룸 리조또,LITTLENECK,https://www.kurly.com/goods/1000085902,14900,3721,2025.09.16,"아이가 좋아해서 가끔 주문해요
마늘,양파,버섯 추가하면 더 맛있어요"
도시락·밥류,리틀넥 비프 머쉬룸 리조또,LITTLENECK,https://www.kurly.com/goods/1000085902,14900,3721,2025.09.15,맛있어요! 재구매하려구요
도시락·밥류,리틀넥 비프 머쉬룸 리조또,LITTLENECK,https://www.kurly.com/goods/1000085902,14900,3721,2025.09.15,"매번 같은 메뉴 지겨웠는데, 새롭네요 애들이 리조또&스테이크 맛있다고 재구매 확정되었어요 맛있대요"
도시락·밥류,리틀넥 비프 머쉬룸 리조또,LITTLENECK,https://www.kurly.com/goods/1000085902,14900,3721,2025.09.14,집들이 음식에 없어선 안되는 필수템입니다… ♥️
도시락·밥류,리틀넥 비프 머쉬룸 리조또,LITTLENECK,https://www.kurly.com/goods/1000085902,14900,3721,2025.09.14,스테이크가 생각보다 맛있어요 리조또도 괜찮고 할인할 땐 꼭 사고 할인 안 하면 좀 고민되는데 먹고 싶음 살 듯..
도시락·밥류,리틀넥 비프 머쉬룸 리조또,LITTLENECK,https://www.kurly.com/goods/1000085902,14900,3721,2025.09.14,"리조또 밀키트로 되어있어서
해먹기 편하고 고기 맛나요"
도시락·밥류,리틀넥 비프 머쉬룸 리조또,LITTLENECK,https://www.kurly.com/goods/1000085902,14900,3721,2025.09.14,후추맛?이 좀 강하긴한데 맛있어요
도시락·밥류,리틀넥 비프 머쉬룸 리조또,LITTLENECK,https://www.kurly.com/goods/1000085902,14900,3721,2025.09.14,"양식먹고싶은데 배달로 시키는거 보다 컬리에서 밀키트사는게 더 나을거같아서 주문해봤어요
딱 생각하는 그맛 정도였습니다"
도시락·밥류,리틀넥 비프 머쉬룸 리조또,LITTLENECK,https://www.kurly.com/goods/1000085902,14900,3721,2025.09.14,간편하게 먹기좋아서 자주사먹어요
도시락·밥류,리틀넥 비프 머쉬룸 리조또,LITTLENECK,https://www.kurly.com/goods/1000085902,14900,3721,2025.09.13,맛있네요. 고기도 맛있고 리조또도 맛있어요.
도시락·밥류,리틀넥 비프 머쉬룸 리조또,LITTLENECK,https://www.kurly.com/goods/1000085902,14900,3721,2025.09.13,"오~예전부터 먹고 싶었는데 가격이.비싸서 못먹고 있었는데.가격이 많이 할인되서 사봤어요~
이가격이면 자주  사먹을듯"
도시락·밥류,리틀넥 비프 머쉬룸 리조또,LITTLENECK,https://www.kurly.com/goods/1000085902,14900,3721,2025.09.12,지미추리소스 맛있어요
도시락·밥류,리틀넥 비프 머쉬룸 리조또,LITTLENECK,https://www.kurly.com/goods/1000085902,14900,3721,2025.09.12,브로콜리도 넣어서 먹었더니 참 맛있었어요
도시락·밥류,리틀넥 비프 머쉬룸 리조또,LITTLENECK,https://www.kurly.com/goods/1000085902,14900,3721,2025.09.11,"스테이크도 맛있지만
리조또
진짜 괜찮아요."
도시락·밥류,리틀넥 비프 머쉬룸 리조또,LITTLENECK,https://www.kurly.com/goods/1000085902,14900,3721,2025.09.10,고급식당에서 먹는 느낌이에여
도시락·밥류,리틀넥 비프 머쉬룸 리조또,LITTLENECK,https://www.kurly.com/goods/1000085902,14900,3721,2025.09.10,항상 세일하면 쟁여템이에요
도시락·밥류,리틀넥 비프 머쉬룸 리조또,LITTLENECK,https://www.kurly.com/goods/1000085902,14900,3721,2025.09.10,간편하고 맛있습니다
도시락·밥류,리틀넥 비프 머쉬룸 리조또,LITTLENECK,https://www.kurly.com/goods/1000085902,14900,3721,2025.09.09,버섯 향이 너~무 좋았어요
도시락·밥류,리틀넥 비프 머쉬룸 리조또,LITTLENECK,https://www.kurly.com/goods/1000085902,14900,3721,2025.09.09,스테이크도 맛있고 리조또도 넘 맛있어서 재구매했어요
도시락·밥류,리틀넥 비프 머쉬룸 리조또,LITTLENECK,https://www.kurly.com/goods/1000085902,14900,3721,2025.09.08,좋아하는 리조또인데 특가로 저렴하게 구입했어요
도시락·밥류,리틀넥 비프 머쉬룸 리조또,LITTLENECK,https://www.kurly.com/goods/1000085902,14900,3721,2025.09.08,고기도 있고 밥도 있어서 구입했어요 맛있어요
도시락·밥류,리틀넥 비프 머쉬룸 리조또,LITTLENECK,https://www.kurly.com/goods/1000085902,14900,3721,2025.09.07,너무 마싰음;; 그냥 사먹는 맛 같아요 좀 느끼할 것 같아서 청양고추랑 후추 넣었더니 딱 좋아요 굳
도시락·밥류,리틀넥 비프 머쉬룸 리조또,LITTLENECK,https://www.kurly.com/goods/1000085902,14900,3721,2025.09.07,고기가 살짝 질긴데 리조또 맛은 정말 맛있었어요!
도시락·밥류,리틀넥 비프 머쉬룸 리조또,LITTLENECK,https://www.kurly.com/goods/1000085902,14900,3721,2025.09.06,생각날 때 종종 시켜요 역시 리틀넥
도시락·밥류,리틀넥 비프 머쉬룸 리조또,LITTLENECK,https://www.kurly.com/goods/1000085902,14900,3721,2025.09.06,전에 맛있게 먹은 기억있어서 재구매합니다
도시락·밥류,리틀넥 비프 머쉬룸 리조또,LITTLENECK,https://www.kurly.com/goods/1000085902,14900,3721,2025.09.06,아이 점심으로 주려고 샀어요. 괜찮네요
도시락·밥류,리틀넥 비프 머쉬룸 리조또,LITTLENECK,https://www.kurly.com/goods/1000085902,14900,3721,2025.09.03,"맛있어서 행사할때 구매해둬요
가족들도 좋아해요"
도시락·밥류,리틀넥 비프 머쉬룸 리조또,LITTLENECK,https://www.kurly.com/goods/1000085902,14900,3721,2025.09.03,맛있지만 고기굽고 조리하는데 좀 번거로워요
도시락·밥류,리틀넥 비프 머쉬룸 리조또,LITTLENECK,https://www.kurly.com/goods/1000085902,14900,3721,2025.09.03,리조또 밀키트를 찾다가 후기가 좋아서 구매했습니다.
도시락·밥류,리틀넥 비프 머쉬룸 리조또,LITTLENECK,https://www.kurly.com/goods/1000085902,14900,3721,2025.09.03,맛나게먹었습니다 ㅎㅎ
도시락·밥류,리틀넥 비프 머쉬룸 리조또,LITTLENECK,https://www.kurly.com/goods/1000085902,14900,3721,2025.09.02,고기 맛있게 먹어서 사봤어요
도시락·밥류,리틀넥 비프 머쉬룸 리조또,LITTLENECK,https://www.kurly.com/goods/1000085902,14900,3721,2025.09.02,맛있어요 집에서도 먹을수 있어서 좋아요
도시락·밥류,리틀넥 비프 머쉬룸 리조또,LITTLENECK,https://www.kurly.com/goods/1000085902,14900,3721,2025.09.02,맛있겠죠~멋있을꼬라
도시락·밥류,리틀넥 비프 머쉬룸 리조또,LITTLENECK,https://www.kurly.com/goods/1000085902,14900,3721,2025.09.02,"리조또 레스토링에서 사 먹는맛이에요 
소스도 넉넉하고 고소하니 좋네요
고급스럽구요.근데 고기는 살짝 익히는게 좋을것같습니다. 
우선 만드는과정이 너무 쉬워요 라면만드는거랑 비슷행ㆅㆅ
컬리덕분에 맛있는 한끼 먹었어요"
도시락·밥류,리틀넥 비프 머쉬룸 리조또,LITTLENECK,https://www.kurly.com/goods/1000085902,14900,3721,2025.09.02,"원래 리조또는 죽같은 느낌이라 잘 먹지 않는 편이었는데, 편견을 깨고 좋아하게 만들어준 밀키트,,,!
원래 밀키트는 양이 적어서 좀 아쉬운데 이건 양도, 맛도 굉장히 만족스러운 편입니다!!!
같이 들어있는 고기는 퀄리티가 살짝 아쉽습니다. 근데 이 가격에 소고기랑 리조또를 먹을 수 있으니 가성비 좋은 밀키트라고 생각합니더"
도시락·밥류,리틀넥 비프 머쉬룸 리조또,LITTLENECK,https://www.kurly.com/goods/1000085902,14900,3721,2025.09.01,리조또도 맛있지만 고기가 특히 맛있어요
도시락·밥류,리틀넥 비프 머쉬룸 리조또,LITTLENECK,https://www.kurly.com/goods/1000085902,14900,3721,2025.09.01,아이가 좋아합니다.
도시락·밥류,리틀넥 비프 머쉬룸 리조또,LITTLENECK,https://www.kurly.com/goods/1000085902,14900,3721,2025.09.01,세일가격이 좋아서 구매합니다
도시락·밥류,리틀넥 비프 머쉬룸 리조또,LITTLENECK,https://www.kurly.com/goods/1000085902,14900,3721,2025.09.01,맛있어요 고기양은 많지 않은데 곁들여 먹는 거니까
도시락·밥류,리틀넥 비프 머쉬룸 리조또,LITTLENECK,https://www.kurly.com/goods/1000085902,14900,3721,2025.08.30,"버섯을좋아해서 고기도 같이 먹을수있어서 구매해봐요 
좋네요다양하게 구매할수있어서~"
도시락·밥류,리틀넥 비프 머쉬룸 리조또,LITTLENECK,https://www.kurly.com/goods/1000085902,14900,3721,2025.08.30,맛있어서 자주 구매해요
도시락·밥류,그레인보우 저당 도시락 4종 (택1),청정원,https://www.kurly.com/goods/1001234073,4980,587,2025.09.23,간편한 건강식 한끼 맛있게 먹었어요~~
도시락·밥류,그레인보우 저당 도시락 4종 (택1),청정원,https://www.kurly.com/goods/1001234073,4980,587,2025.09.22,간편하게 먹기 좋은데 생각보다 맛도 좋아서 재구매하고 싶네요!
도시락·밥류,그레인보우 저당 도시락 4종 (택1),청정원,https://www.kurly.com/goods/1001234073,4980,587,2025.09.22,저당 도시락이라서 다이어트에 좋고 전자렌지에 돌리기만 하면 맛있게 먹을 수 있습니다
도시락·밥류,그레인보우 저당 도시락 4종 (택1),청정원,https://www.kurly.com/goods/1001234073,4980,587,2025.09.22,점심으로 간편하고 가볍게 먹기 딱 좋습니다! 저당이라 부담없는데 맛도 좋아요!
도시락·밥류,그레인보우 저당 도시락 4종 (택1),청정원,https://www.kurly.com/goods/1001234073,4980,587,2025.09.22,그레인보우 잡곡 많아서 좋아요
도시락·밥류,그레인보우 저당 도시락 4종 (택1),청정원,https://www.kurly.com/goods/1001234073,4980,587,2025.09.21,베이컨이랑 할라피뇨 조합이 괜찮네요
도시락·밥류,그레인보우 저당 도시락 4종 (택1),청정원,https://www.kurly.com/goods/1001234073,4980,587,2025.09.21,제일 맛있는거 같아요
도시락·밥류,그레인보우 저당 도시락 4종 (택1),청정원,https://www.kurly.com/goods/1001234073,4980,587,2025.09.21,튜나크랩 맛이 좀 간간합니다
도시락·밥류,그레인보우 저당 도시락 4종 (택1),청정원,https://www.kurly.com/goods/1001234073,4980,587,2025.09.21,간편하면서도 건강 생각하는~
도시락·밥류,그레인보우 저당 도시락 4종 (택1),청정원,https://www.kurly.com/goods/1001234073,4980,587,2025.09.21,건강한 먹거리로 만족스러운~
도시락·밥류,그레인보우 저당 도시락 4종 (택1),청정원,https://www.kurly.com/goods/1001234073,4980,587,2025.09.21,건강하 한 끼로 맘에 들어요
도시락·밥류,그레인보우 저당 도시락 4종 (택1),청정원,https://www.kurly.com/goods/1001234073,4980,587,2025.09.21,구성도 맛도 괘찮아 재주문~
도시락·밥류,그레인보우 저당 도시락 4종 (택1),청정원,https://www.kurly.com/goods/1001234073,4980,587,2025.09.20,그냥 그래요…식단은 다 그런것 같아요
도시락·밥류,그레인보우 저당 도시락 4종 (택1),청정원,https://www.kurly.com/goods/1001234073,4980,587,2025.09.20,그냥 그래요~!!!
도시락·밥류,그레인보우 저당 도시락 4종 (택1),청정원,https://www.kurly.com/goods/1001234073,4980,587,2025.09.20,건강한 맛이예요. 다이어트에도 좋을거 같아요. 맛도 나쁘지 않음
도시락·밥류,그레인보우 저당 도시락 4종 (택1),청정원,https://www.kurly.com/goods/1001234073,4980,587,2025.09.20,약간 짭짤한데 건강한 맛이고 간단하게 먹기 좋아요
도시락·밥류,그레인보우 저당 도시락 4종 (택1),청정원,https://www.kurly.com/goods/1001234073,4980,587,2025.09.20,운동가기 전 간단한 식사용 튜나랑 베이컨 맛잇음
도시락·밥류,그레인보우 저당 도시락 4종 (택1),청정원,https://www.kurly.com/goods/1001234073,4980,587,2025.09.19,가게에서 한끼떼우기 넘 편한데 맛있기까지해요
도시락·밥류,그레인보우 저당 도시락 4종 (택1),청정원,https://www.kurly.com/goods/1001234073,4980,587,2025.09.19,저당도시락 좋아요 계란도 있어서 든든
도시락·밥류,그레인보우 저당 도시락 4종 (택1),청정원,https://www.kurly.com/goods/1001234073,4980,587,2025.09.19,적당한 양.. 맛도 좋아요
도시락·밥류,그레인보우 저당 도시락 4종 (택1),청정원,https://www.kurly.com/goods/1001234073,4980,587,2025.09.18,"이거 진짜 요물!!!!!!!
다이어트 해볼라고 샀는데요~ 너무 맛있어요!!!
제가 대식가라그런가 양이 좀 작게 느껴져서 리오마레참치샐러드랑 같이먹었어요 ㅎㅎ"
도시락·밥류,그레인보우 저당 도시락 4종 (택1),청정원,https://www.kurly.com/goods/1001234073,4980,587,2025.09.17,저당도시락에 대한 기대감을 갖고 구매해봅니다
도시락·밥류,그레인보우 저당 도시락 4종 (택1),청정원,https://www.kurly.com/goods/1001234073,4980,587,2025.09.17,비싸지만 저당도시락이래서 구매해봅니다
도시락·밥류,그레인보우 저당 도시락 4종 (택1),청정원,https://www.kurly.com/goods/1001234073,4980,587,2025.09.16,적당히 짭쪼름하고 곡물 잡곡 많이들어가있어서 씹는맛도 좋아요. 만족입니다
도시락·밥류,그레인보우 저당 도시락 4종 (택1),청정원,https://www.kurly.com/goods/1001234073,4980,587,2025.09.16,아침도시락으로 적당해요
도시락·밥류,그레인보우 저당 도시락 4종 (택1),청정원,https://www.kurly.com/goods/1001234073,4980,587,2025.09.16,아침도시락으로 무난해요
도시락·밥류,그레인보우 저당 도시락 4종 (택1),청정원,https://www.kurly.com/goods/1001234073,4980,587,2025.09.15,"짭짤하니 내용물도 나름 많고 맛있어요
다이어트용으로 좋네요"
도시락·밥류,그레인보우 저당 도시락 4종 (택1),청정원,https://www.kurly.com/goods/1001234073,4980,587,2025.09.15,"야채도 많고 계란후라이도 있고
짭짤하니 맛있네요"
도시락·밥류,그레인보우 저당 도시락 4종 (택1),청정원,https://www.kurly.com/goods/1001234073,4980,587,2025.09.15,맛있어서 또 시켜봤어요
도시락·밥류,그레인보우 저당 도시락 4종 (택1),청정원,https://www.kurly.com/goods/1001234073,4980,587,2025.09.15,에그베지가 젤 맛있는듯 사실  다 비슷하긴해요
도시락·밥류,그레인보우 저당 도시락 4종 (택1),청정원,https://www.kurly.com/goods/1001234073,4980,587,2025.09.15,당이 걱정되어 구입했어요
도시락·밥류,그레인보우 저당 도시락 4종 (택1),청정원,https://www.kurly.com/goods/1001234073,4980,587,2025.09.15,저당이라  구입했어요
도시락·밥류,그레인보우 저당 도시락 4종 (택1),청정원,https://www.kurly.com/goods/1001234073,4980,587,2025.09.15,비상식량으로 구입했어요
도시락·밥류,그레인보우 저당 도시락 4종 (택1),청정원,https://www.kurly.com/goods/1001234073,4980,587,2025.09.15,저당 도시락이라 솔직히 맛은 기대없이 구매했어요. 가볍게 먹고 싶은날 먹어봤는데 이거.. 맛있네요..??? 양은 적지만 정말 맛있어요ㅎㅎ 당황스러울 정도로 맛있어요.. 종류별로 다 사봤는데 시작이 너무 맘에 들어서 다른것도 몹시 궁금합니당!
도시락·밥류,그레인보우 저당 도시락 4종 (택1),청정원,https://www.kurly.com/goods/1001234073,4980,587,2025.09.14,그래인보우 저당 도시락은 한끼로 간편하게 먹기 편해요.
도시락·밥류,그레인보우 저당 도시락 4종 (택1),청정원,https://www.kurly.com/goods/1001234073,4980,587,2025.09.14,저랑 도시락이라. 구매했어요.
도시락·밥류,그레인보우 저당 도시락 4종 (택1),청정원,https://www.kurly.com/goods/1001234073,4980,587,2025.09.14,첫 구매였는데 생각 외로 너무 마음에 듭니다. 재구매 의사 있어요.
도시락·밥류,그레인보우 저당 도시락 4종 (택1),청정원,https://www.kurly.com/goods/1001234073,4980,587,2025.09.14,남편도시락으로. 구매했어요. 맛있길 바램
도시락·밥류,그레인보우 저당 도시락 4종 (택1),청정원,https://www.kurly.com/goods/1001234073,4980,587,2025.09.14,약간 퍽퍽한 식감이 매력.
도시락·밥류,그레인보우 저당 도시락 4종 (택1),청정원,https://www.kurly.com/goods/1001234073,4980,587,2025.09.14,"달걀이 제대로네요, 맛있어요"
도시락·밥류,그레인보우 저당 도시락 4종 (택1),청정원,https://www.kurly.com/goods/1001234073,4980,587,2025.09.13,병아리콩 들은게 더 맛나네요
도시락·밥류,그레인보우 저당 도시락 4종 (택1),청정원,https://www.kurly.com/goods/1001234073,4980,587,2025.09.12,한끼먹기 적당했어요 ㅎㅎ
도시락·밥류,그레인보우 저당 도시락 4종 (택1),청정원,https://www.kurly.com/goods/1001234073,4980,587,2025.09.12,나쁘지는 않았어요 ㅎㅎ
도시락·밥류,그레인보우 저당 도시락 4종 (택1),청정원,https://www.kurly.com/goods/1001234073,4980,587,2025.09.12,"다이어트 중이어서 나름 든든하고 맛있는거 찾고있었는데 이거 재구매 하려고요. 맛있어요. 양은 작지먄,,,"
도시락·밥류,그레인보우 저당 도시락 4종 (택1),청정원,https://www.kurly.com/goods/1001234073,4980,587,2025.09.12,씹히는 맛이 좋아요 반찬없이 먹어도 맛있네요
도시락·밥류,그레인보우 저당 도시락 4종 (택1),청정원,https://www.kurly.com/goods/1001234073,4980,587,2025.09.12,양은 적지만 병아리콩이 맛있어요
도시락·밥류,그레인보우 저당 도시락 4종 (택1),청정원,https://www.kurly.com/goods/1001234073,4980,587,2025.09.12,삼삼하니 맛있어요 부담없이 가볍게 한끼하기 좋아요
도시락·밥류,그레인보우 저당 도시락 4종 (택1),청정원,https://www.kurly.com/goods/1001234073,4980,587,2025.09.11,은근히 궁금하네요. ㅎㅎ
도시락·밥류,그레인보우 저당 도시락 4종 (택1),청정원,https://www.kurly.com/goods/1001234073,4980,587,2025.09.11,요즘 다이어트 하려고 하는데 함 사봤습니다
도시락·밥류,그레인보우 저당 도시락 4종 (택1),청정원,https://www.kurly.com/goods/1001234073,4980,587,2025.09.11,후기가 좋네요 올리브 가득인거 같다서 사봄여
도시락·밥류,저당 도시락 5종 세트,한끼통살,https://www.kurly.com/goods/1001156718,24900,114,2025.03.21,"요즘 너무 자극적인거 많이 먹어서 몸이 무거운것 같아서 아침은 좀 가볍게 먹고 싶어서 컬리에서 저당 도시락이라고 가볍게 먹을 수 있는 도시락을 발견해서 바로 주문했어요. 아침식사로 먹는데 맛도 있고 내용물도 충분해서 식사가 좀 자극적일때는 몇끼정도 저당도시락으로 먹어주면 몸도 좀 가벼워질 것 같네요. 한팩에 5개라 넉넉하니 좋네요. 이번에 처음 사봐서 5가지 맛 다 먹어보고 다시 주문할거같아요. 처음 구매해서 자세한 후기 적어보네요~

추가로 점심에 카레맛 다른거 먹어봤는데 확실히 괜찮네요. 그냥 이 팩 하나 가지고 가서 직장에서 전자렌지에 데워먹어도 좋을 것 같아요. 한끼로 훌륭하네요~포만감도 있고, 씹는 질감도 좋구요~나머지 3개맛도 먹어보고 추가 후기 작성할게요~"
도시락·밥류,저당 도시락 5종 세트,한끼통살,https://www.kurly.com/goods/1001156718,24900,114,2025.09.18,소스가 좀 단게 흠이네요
도시락·밥류,저당 도시락 5종 세트,한끼통살,https://www.kurly.com/goods/1001156718,24900,114,2025.09.16,아침도시락으로 좋아요
도시락·밥류,저당 도시락 5종 세트,한끼통살,https://www.kurly.com/goods/1001156718,24900,114,2025.09.15,"세일가에 샀는데 5개라 매일 하나씩 먹기에 좋더라구요. 맛은 뭐...다 그만그만해요. 
먹을만 했어요."
도시락·밥류,저당 도시락 5종 세트,한끼통살,https://www.kurly.com/goods/1001156718,24900,114,2025.09.10,종류별로사봄 맛나요
도시락·밥류,저당 도시락 5종 세트,한끼통살,https://www.kurly.com/goods/1001156718,24900,114,2025.09.09,양은 적지만 먹을만해요
도시락·밥류,저당 도시락 5종 세트,한끼통살,https://www.kurly.com/goods/1001156718,24900,114,2025.09.07,저당 도시락  다이어트용으로  먹어보려구요~
도시락·밥류,저당 도시락 5종 세트,한끼통살,https://www.kurly.com/goods/1001156718,24900,114,2025.09.05,다이어트 하고 싶어서 저당 도시락으로 시켰어요
도시락·밥류,저당 도시락 5종 세트,한끼통살,https://www.kurly.com/goods/1001156718,24900,114,2025.09.02,한끼통살 도시락이 다이어트 식으로 말고도 단백질 채우기도 좋아요. 허니소이맛이랑 버터커리맛은 초등아이들도 좋아해요
도시락·밥류,저당 도시락 5종 세트,한끼통살,https://www.kurly.com/goods/1001156718,24900,114,2025.08.30,솔직히 지방 너무 높아요... 다이어트 도시락이라기엔 그냥 양만 좀 적은 도시락 느낌
도시락·밥류,저당 도시락 5종 세트,한끼통살,https://www.kurly.com/goods/1001156718,24900,114,2025.08.28,맛은 있는데 식단하기엔 칼로리가 좀 높네요
도시락·밥류,저당 도시락 5종 세트,한끼통살,https://www.kurly.com/goods/1001156718,24900,114,2025.08.27,한끼 먹기에 좋아요
도시락·밥류,저당 도시락 5종 세트,한끼통살,https://www.kurly.com/goods/1001156718,24900,114,2025.08.26,운동 후 간단히 먹기 편해요
도시락·밥류,저당 도시락 5종 세트,한끼통살,https://www.kurly.com/goods/1001156718,24900,114,2025.08.23,한끼통살 저당 도시락 간단히 든든허게 먹기 좋아요
도시락·밥류,저당 도시락 5종 세트,한끼통살,https://www.kurly.com/goods/1001156718,24900,114,2025.08.19,"5개 다 맛있어서 좋고
단백질까지 챙기기 좋음"
도시락·밥류,저당 도시락 5종 세트,한끼통살,https://www.kurly.com/goods/1001156718,24900,114,2025.08.18,"잘 받았습니다.
감사합니다."
도시락·밥류,저당 도시락 5종 세트,한끼통살,https://www.kurly.com/goods/1001156718,24900,114,2025.08.16,"처음 구매해 보았습니다, 먹어보고 후기 남길께요"
도시락·밥류,저당 도시락 5종 세트,한끼통살,https://www.kurly.com/goods/1001156718,24900,114,2025.08.15,"처음 구매해봤는데
넘 맛있어요
할인할때 다시 구매해야겠어요^^~"
도시락·밥류,저당 도시락 5종 세트,한끼통살,https://www.kurly.com/goods/1001156718,24900,114,2025.08.14,"맛있어요
닭가슴살 볼도 들어있어서 나름 포만감있게 먹을 수 있네요"
도시락·밥류,저당 도시락 5종 세트,한끼통살,https://www.kurly.com/goods/1001156718,24900,114,2025.08.13,점심시간마다 다이어트하려고 하나씩 먹규있어요
도시락·밥류,저당 도시락 5종 세트,한끼통살,https://www.kurly.com/goods/1001156718,24900,114,2025.08.12,맛있어서 재구매했어요! 핫양념치킨맛이 최애입니다 ㅎㅎ
도시락·밥류,저당 도시락 5종 세트,한끼통살,https://www.kurly.com/goods/1001156718,24900,114,2025.08.05,일다니면서 도시락으로 가져가는데 간편하게 딱이에요
도시락·밥류,저당 도시락 5종 세트,한끼통살,https://www.kurly.com/goods/1001156718,24900,114,2025.08.05,가볍게 한 끼 먹기 좋아요. 회사 점심용 입니다.
도시락·밥류,저당 도시락 5종 세트,한끼통살,https://www.kurly.com/goods/1001156718,24900,114,2025.07.31,다이어트용으로 구매했어요
도시락·밥류,저당 도시락 5종 세트,한끼통살,https://www.kurly.com/goods/1001156718,24900,114,2025.07.30,"간편하게 먹기 좋고 다 맛있네요 
재구매할께요~"
도시락·밥류,저당 도시락 5종 세트,한끼통살,https://www.kurly.com/goods/1001156718,24900,114,2025.07.29,핫양념치킨맛 먹으며.. 되게 생각보다 칼칼하게 맵네요. 근데 저당이고 맛도 좋긴해요. 매운 맛 좋아하시면 안 질리게 드실 수 있을듯 합니다.
도시락·밥류,저당 도시락 5종 세트,한끼통살,https://www.kurly.com/goods/1001156718,24900,114,2025.07.28,저렴하게 잘 구매했내요 굿
도시락·밥류,저당 도시락 5종 세트,한끼통살,https://www.kurly.com/goods/1001156718,24900,114,2025.07.26,맛은있어요 ㅎ ㅎ 자극적이고
도시락·밥류,저당 도시락 5종 세트,한끼통살,https://www.kurly.com/goods/1001156718,24900,114,2025.07.26,아들다이어트를위해 구매했어요
도시락·밥류,저당 도시락 5종 세트,한끼통살,https://www.kurly.com/goods/1001156718,24900,114,2025.07.25,속도 편하고 든든해요
도시락·밥류,저당 도시락 5종 세트,한끼통살,https://www.kurly.com/goods/1001156718,24900,114,2025.07.24,맛도있고 간단한 한끼식사가 될것같아서 맘에 들어요
도시락·밥류,저당 도시락 5종 세트,한끼통살,https://www.kurly.com/goods/1001156718,24900,114,2025.07.23,"너무 부실하고 닭가슴살도 맹맛이에요
완전 다이어트용이라 다이어터들에게만 좋을듯"
도시락·밥류,저당 도시락 5종 세트,한끼통살,https://www.kurly.com/goods/1001156718,24900,114,2025.07.23,"딸 다이어트 도시락이에요
이것저것 사보는데 다 맛있다고하네요"
도시락·밥류,저당 도시락 5종 세트,한끼통살,https://www.kurly.com/goods/1001156718,24900,114,2025.07.22,처음 사먹어보는데 맛있네요 ㅋㅋ
도시락·밥류,저당 도시락 5종 세트,한끼통살,https://www.kurly.com/goods/1001156718,24900,114,2025.07.22,너무 맛있고 간단히 먹기 좋아요. 할일할 때 또 쟁여둘게요
도시락·밥류,저당 도시락 5종 세트,한끼통살,https://www.kurly.com/goods/1001156718,24900,114,2025.07.21,한끼통살이라 믿고 먹은도시랏이에요
도시락·밥류,저당 도시락 5종 세트,한끼통살,https://www.kurly.com/goods/1001156718,24900,114,2025.07.21,아이가 살을 좀 빼야해서 주문했는데 매워하네요
도시락·밥류,저당 도시락 5종 세트,한끼통살,https://www.kurly.com/goods/1001156718,24900,114,2025.07.20,셋트로 나와있어. 출근길에 들고 나가기 좋아요
도시락·밥류,저당 도시락 5종 세트,한끼통살,https://www.kurly.com/goods/1001156718,24900,114,2025.07.18,달긴한데 맛있어요! 신라면도 못 먹는 맵찔이라 핫양념치킨맛과 떡볶이맛은 너무 맵네요. 회사 점심으로 먹는데 가격도 착하고 매일 먹기 좋은 것 같아요.
도시락·밥류,저당 도시락 5종 세트,한끼통살,https://www.kurly.com/goods/1001156718,24900,114,2025.07.18,간편하고 맛있어요. 대충 때우는 음식보단 건강식이겟됴? ㅎㅎ
도시락·밥류,저당 도시락 5종 세트,한끼통살,https://www.kurly.com/goods/1001156718,24900,114,2025.07.18,아예 5개 페키지로 박스가 되어 있네요. 잘 먹겠습니다.
도시락·밥류,저당 도시락 5종 세트,한끼통살,https://www.kurly.com/goods/1001156718,24900,114,2025.07.17,아이들 아침 식사로 사용해 보려구요. 바쁜 워킹맘이라 늘 밥 해먹이기도 벅차고 빵만 줄 순 없어서 ㅠㅠ
도시락·밥류,저당 도시락 5종 세트,한끼통살,https://www.kurly.com/goods/1001156718,24900,114,2025.07.16,저당 도시락 맛도 있고 좋아요.
도시락·밥류,저당 도시락 5종 세트,한끼통살,https://www.kurly.com/goods/1001156718,24900,114,2025.07.15,간단히 점심도시락으로 좋아요
도시락·밥류,저당 도시락 5종 세트,한끼통살,https://www.kurly.com/goods/1001156718,24900,114,2025.07.14,간단히한끼때우기좋음.
도시락·밥류,저당 도시락 5종 세트,한끼통살,https://www.kurly.com/goods/1001156718,24900,114,2025.07.14,다섯가지 맛 모두 맛있어서 벌써 3번째 주문이에요. 다들 똑같은거 계속 먹음 안질리냐 그러는데 질리지 않는 맛이에요. 저당도시락이라 좋은데 유통기한이 좀 길어서 방부제가 어느정도 들어가있은 거라 생각되요. 그런부분에서는 맛있지만 어쩔수 없는 단점은 있는거 같아요
도시락·밥류,저당 도시락 5종 세트,한끼통살,https://www.kurly.com/goods/1001156718,24900,114,2025.07.14,맛있게 먹었어요..
도시락·밥류,저당 도시락 5종 세트,한끼통살,https://www.kurly.com/goods/1001156718,24900,114,2025.07.13,상품 상태도 좋고 맛있어요!!
도시락·밥류,저당 도시락 5종 세트,한끼통살,https://www.kurly.com/goods/1001156718,24900,114,2025.07.13,곳간가득채움여 여름이까 다이어트 ㅎㅐ요
도시락·밥류,저당 도시락 5종 세트,한끼통살,https://www.kurly.com/goods/1001156718,24900,114,2025.07.12,"다욧은평생고민인것같아요~
맛은보지못한상태~맛있으면 쭉~주문들어갑니당"
도시락·밥류,토핑 듬뿍 마요 덮밥 3종 (택1),다즐샵,https://www.kurly.com/goods/1001381990,4860,1528,2025.06.16,"""엄마 이거 하나 또 돌려주세요""
우리딸의 멘트랍니다.
치킨을 매우 좋아라 하지만 저렇게 뭐 섞여져서 비벼 먹는거, 양념장 들어간 거! 좋아하지 않는 아이거든요.

저는 당연히 뭐.. 싫어아하고 안 먹겠지 하고! 제가 먹을껄 돌렸어요. 치킨 냄새, 맛있는 냄새가 나니 슬슬 다가오는 첫째!

보고 안 먹겠다 할 줄 알았는데 너무 맛있는 냄새가 나니까 조금만 달래요. 한입만 ㅋㅋ 분명히 이런거 좋아하지 않는데..? 신기해서 한숟가락 주니까 그릇 가저오더라규오 ㅋㅋ
덜어달라로^^;;
그렇게..그녀는 난생 처음으로 치킨마요 덮밥을 클리어 했답니다. 엄마는 3숟가락 먹었나? 싶은데... ㅋㅋ

치킨 덮밥이라고 해서 튀긴 닭고기라 기름 누지지 않을까? 생각했는데 어머... 반성합니다.. 기름 누린내도 없고 바삭바삭함이 아예 없는 것도 아니게 맛있어용^)^ 신랑두 아이 먹는거 보더니 맛있어 보인다고 다음에는 더 많이 사래요 ㅋㅋ"
도시락·밥류,토핑 듬뿍 마요 덮밥 3종 (택1),다즐샵,https://www.kurly.com/goods/1001381990,4860,1528,2025.06.16,"다즐샵 치킨듬뿍마요덮밥은 큼직한 치킨과 달콤짭잘한 데리야끼  소스, 그리고 고소한 계란지단이 같이 어우러져 밥과 함께 먹기 든든하고 간편하며, 자극적이지 않으면서 한 끼 식사로 충분히 만족도가 높았습니다.
종이띠를 벗겨내고, 비닐을 살짝 열어 증기가 빠져 나갈수 있게 해준다음, 그 상태로 3~4분 정도 전자레인지에 돌리면 끝이라 조리과정이 따로 필요하지 않아서 간편하게 먹을 수 있었습니다.
닭고기 자체도 살코기만 들어가 있어 다이어트 용으로도 괜찮았고, 전반적으로 식단 관리를 하는 분들한테도 도움이 많이 될것 같아요.
부담없는 한끼로 아침식사 굶지않고 잘 먹으면서 출근합니다~"
도시락·밥류,토핑 듬뿍 마요 덮밥 3종 (택1),다즐샵,https://www.kurly.com/goods/1001381990,4860,1528,2025.06.11,"회사 점심으로 딱이더라구용~ 
자리에서 조용히 한 끼 가능 ㅋㅋ

회사 점심 뭐 먹지 고민하다가 귀찮아서 
[다즐샵] 치킨 듬뿍 마요 덮밥 하나 들고 왔거든용? 

자리에서 조용히 전자레인지 돌리고 먹었는데... 
어라? 생각보다 괜찮은데요?? ㅋㅋ

치킨 진짜 많이 들어있어서 ‘듬뿍’이 거짓말은 
아니구요~ 마요소스가 은근 중독성 있어서 젓가락 
멈출 수 없었슴다... 

밥도 눅눅하거나 퍽퍽한 느낌 없이 딱 좋아서 혼자 
자리에서 뚝딱 클리어했어용 😎

점심시간에 멀리 나가기 귀찮을 때, 배달 기다리기 
애매할 때 이거 하나 챙겨오면 완전 꿀템임다. 

주변에서 뭐 먹냐고 물어봤는데, 괜히 혼자 알고 
싶은 맛이라 살짝 숨겼어욬ㅋㅋ

냉동고에 몇 개 쟁여놨다가 출근 전에 가방에 하나 
넣고 오면 진짜 편해요~ 

다음엔 다른 맛도 도전해보려구용!"
도시락·밥류,토핑 듬뿍 마요 덮밥 3종 (택1),다즐샵,https://www.kurly.com/goods/1001381990,4860,1528,2025.09.23,도시락 맛잇어여 아이들이잘먹어요
도시락·밥류,토핑 듬뿍 마요 덮밥 3종 (택1),다즐샵,https://www.kurly.com/goods/1001381990,4860,1528,2025.09.22,양 많고 존맛탱이에요. 근데 마요가 좀 적은 느낌이에요 ㅠ
도시락·밥류,토핑 듬뿍 마요 덮밥 3종 (택1),다즐샵,https://www.kurly.com/goods/1001381990,4860,1528,2025.09.22,햄이 진짜 많이 들어가있어서 예상외로 맛있었어요
도시락·밥류,토핑 듬뿍 마요 덮밥 3종 (택1),다즐샵,https://www.kurly.com/goods/1001381990,4860,1528,2025.09.22,"양도 많고 맛았어요!
냄새가 미쳤어요"
도시락·밥류,토핑 듬뿍 마요 덮밥 3종 (택1),다즐샵,https://www.kurly.com/goods/1001381990,4860,1528,2025.09.22,"유명한 도시락 체인점 치킨마요 느낌이 나요 ㅋㅋㅋ
치킨이 조금 더 많았으면 좋았을거 같은데 그래도 맛있어서 좋습니아"
도시락·밥류,토핑 듬뿍 마요 덮밥 3종 (택1),다즐샵,https://www.kurly.com/goods/1001381990,4860,1528,2025.09.22,한끼 때우기 좋아요 간편!
도시락·밥류,토핑 듬뿍 마요 덮밥 3종 (택1),다즐샵,https://www.kurly.com/goods/1001381990,4860,1528,2025.09.22,요즘 다즐샵 잘하네 ㅎ
도시락·밥류,토핑 듬뿍 마요 덮밥 3종 (택1),다즐샵,https://www.kurly.com/goods/1001381990,4860,1528,2025.09.22,간편하게 한 끼 뚝딱! 너무 맛있어요
도시락·밥류,토핑 듬뿍 마요 덮밥 3종 (택1),다즐샵,https://www.kurly.com/goods/1001381990,4860,1528,2025.09.20,"애들이 잘먹네요.
재주문 했습니다"
도시락·밥류,토핑 듬뿍 마요 덮밥 3종 (택1),다즐샵,https://www.kurly.com/goods/1001381990,4860,1528,2025.09.20,애가 잘먹어서 재주문 했어욤
도시락·밥류,토핑 듬뿍 마요 덮밥 3종 (택1),다즐샵,https://www.kurly.com/goods/1001381990,4860,1528,2025.09.20,치킨 좀 더 넣어주세요... 맛은있는데 밥만 많음
도시락·밥류,토핑 듬뿍 마요 덮밥 3종 (택1),다즐샵,https://www.kurly.com/goods/1001381990,4860,1528,2025.09.20,나쁘지 않은데 좀 기름져요
도시락·밥류,토핑 듬뿍 마요 덮밥 3종 (택1),다즐샵,https://www.kurly.com/goods/1001381990,4860,1528,2025.09.20,비려요 렌지 돌리니 더 심하네요
도시락·밥류,토핑 듬뿍 마요 덮밥 3종 (택1),다즐샵,https://www.kurly.com/goods/1001381990,4860,1528,2025.09.20,그럭저럭먹을만합니다
도시락·밥류,토핑 듬뿍 마요 덮밥 3종 (택1),다즐샵,https://www.kurly.com/goods/1001381990,4860,1528,2025.09.19,편하게 먹기 좋아요
도시락·밥류,토핑 듬뿍 마요 덮밥 3종 (택1),다즐샵,https://www.kurly.com/goods/1001381990,4860,1528,2025.09.19,"세일가에 먹기 괜찮아요
롯데 쉐푸드는 이상한 냄새와 맛이 나는데 이건 진짜 밥맛이에요"
도시락·밥류,토핑 듬뿍 마요 덮밥 3종 (택1),다즐샵,https://www.kurly.com/goods/1001381990,4860,1528,2025.09.19,치킨마요는 근본이죠. 맛있게 먹을게요
도시락·밥류,토핑 듬뿍 마요 덮밥 3종 (택1),다즐샵,https://www.kurly.com/goods/1001381990,4860,1528,2025.09.19,맛있으면 재구매할게요. 햄마요 먹고 싶어서 샀어요
도시락·밥류,토핑 듬뿍 마요 덮밥 3종 (택1),다즐샵,https://www.kurly.com/goods/1001381990,4860,1528,2025.09.18,"잘 받았어요.
맛있어서 재주문 했어요 ~^^"
도시락·밥류,토핑 듬뿍 마요 덮밥 3종 (택1),다즐샵,https://www.kurly.com/goods/1001381990,4860,1528,2025.09.18,먹을만 합니다 간편해서 좋네요
도시락·밥류,토핑 듬뿍 마요 덮밥 3종 (택1),다즐샵,https://www.kurly.com/goods/1001381990,4860,1528,2025.09.18,생각보다 칼로리가 좀 높네요
도시락·밥류,토핑 듬뿍 마요 덮밥 3종 (택1),다즐샵,https://www.kurly.com/goods/1001381990,4860,1528,2025.09.18,"간단히 먹기 정말 좋아요
너무 짜지고 않고 맛도 괜찮습니다"
도시락·밥류,토핑 듬뿍 마요 덮밥 3종 (택1),다즐샵,https://www.kurly.com/goods/1001381990,4860,1528,2025.09.17,전에 먹아보고 괜찮아서 구매
도시락·밥류,토핑 듬뿍 마요 덮밥 3종 (택1),다즐샵,https://www.kurly.com/goods/1001381990,4860,1528,2025.09.17,살짝 느끼하지만 맛있어요
도시락·밥류,토핑 듬뿍 마요 덮밥 3종 (택1),다즐샵,https://www.kurly.com/goods/1001381990,4860,1528,2025.09.16,간편하게 먹을수있어서 좋아요
도시락·밥류,토핑 듬뿍 마요 덮밥 3종 (택1),다즐샵,https://www.kurly.com/goods/1001381990,4860,1528,2025.09.16,살짝 짜긴한데 급할때 괜찮아요
도시락·밥류,토핑 듬뿍 마요 덮밥 3종 (택1),다즐샵,https://www.kurly.com/goods/1001381990,4860,1528,2025.09.15,늦게 끝나는날 간단하게 저녁으로 먹으려고 샀어요
도시락·밥류,토핑 듬뿍 마요 덮밥 3종 (택1),다즐샵,https://www.kurly.com/goods/1001381990,4860,1528,2025.09.15,"아침으로 먹고 갔어요
간편하고 맛도 좋아서 재구매했어요"
도시락·밥류,토핑 듬뿍 마요 덮밥 3종 (택1),다즐샵,https://www.kurly.com/goods/1001381990,4860,1528,2025.09.15,간편하게 먹기 아주 좋음요 재구매템
도시락·밥류,토핑 듬뿍 마요 덮밥 3종 (택1),다즐샵,https://www.kurly.com/goods/1001381990,4860,1528,2025.09.15,괜찮길래 재구매함 ㅎ
도시락·밥류,토핑 듬뿍 마요 덮밥 3종 (택1),다즐샵,https://www.kurly.com/goods/1001381990,4860,1528,2025.09.15,간편하게 뚝딱하기 좋음
도시락·밥류,토핑 듬뿍 마요 덮밥 3종 (택1),다즐샵,https://www.kurly.com/goods/1001381990,4860,1528,2025.09.15,간편한 한끼로 너무 괜찮아서 재구매
도시락·밥류,토핑 듬뿍 마요 덮밥 3종 (택1),다즐샵,https://www.kurly.com/goods/1001381990,4860,1528,2025.09.15,비상 식량으로 딱임 ㅎ
도시락·밥류,토핑 듬뿍 마요 덮밥 3종 (택1),다즐샵,https://www.kurly.com/goods/1001381990,4860,1528,2025.09.15,우리집 비상식량입니다 ㅎㅎ
도시락·밥류,토핑 듬뿍 마요 덮밥 3종 (택1),다즐샵,https://www.kurly.com/goods/1001381990,4860,1528,2025.09.14,밥해먹기시러서 시켜봄 ㅠㅠ후기대로 맛있길요!
도시락·밥류,토핑 듬뿍 마요 덮밥 3종 (택1),다즐샵,https://www.kurly.com/goods/1001381990,4860,1528,2025.09.13,먹을 수록 느글거려서 다신 안 먹을 것 같습니다
도시락·밥류,토핑 듬뿍 마요 덮밥 3종 (택1),다즐샵,https://www.kurly.com/goods/1001381990,4860,1528,2025.09.13,칼로리 매우높지만... 맛은 있데요
도시락·밥류,토핑 듬뿍 마요 덮밥 3종 (택1),다즐샵,https://www.kurly.com/goods/1001381990,4860,1528,2025.09.12,음...울집 아들은 별로라고 합니다
도시락·밥류,토핑 듬뿍 마요 덮밥 3종 (택1),다즐샵,https://www.kurly.com/goods/1001381990,4860,1528,2025.09.11,참치마요 맛없을수가 없죠~
도시락·밥류,토핑 듬뿍 마요 덮밥 3종 (택1),다즐샵,https://www.kurly.com/goods/1001381990,4860,1528,2025.09.11,맛있어요~ 살찔것 같은 맛ㅋㅋㅋ
도시락·밥류,토핑 듬뿍 마요 덮밥 3종 (택1),다즐샵,https://www.kurly.com/goods/1001381990,4860,1528,2025.09.11,간편하고 맛있어요.
도시락·밥류,토핑 듬뿍 마요 덮밥 3종 (택1),다즐샵,https://www.kurly.com/goods/1001381990,4860,1528,2025.09.11,간편하게 잘 먹었습니다.
도시락·밥류,토핑 듬뿍 마요 덮밥 3종 (택1),다즐샵,https://www.kurly.com/goods/1001381990,4860,1528,2025.09.10,밑에 기름이 많긴한데 맛있는 치킨마요 맛은 맞습니다
도시락·밥류,토핑 듬뿍 마요 덮밥 3종 (택1),다즐샵,https://www.kurly.com/goods/1001381990,4860,1528,2025.09.10,"충격적일 정도로... 기름짐
대체 뭐 때문에 기름이 이렇게 좔좔 흐르는지 모르겠는데 중식 뺨치게 기름집니다 참고하세요
맛 자체는 그냥 평범한 치킨마요였는데 기름맛이 너무.. 제 입에는 너무 과해서 절반도 못 먹고 그냥 처분함
참치마요는 어떻게 먹지..ㅋㅋ 걘 좀 괜찮을라나"
도시락·밥류,토핑 듬뿍 마요 덮밥 3종 (택1),다즐샵,https://www.kurly.com/goods/1001381990,4860,1528,2025.09.10,후기 좋아서 편하게 먹으려고 주문해봅니다
도시락·밥류,토핑 듬뿍 마요 덮밥 3종 (택1),다즐샵,https://www.kurly.com/goods/1001381990,4860,1528,2025.09.10,"햄 덮밥도 그렇고 밥 아래에 기름이 왜케 많을까?
기름이 너무 많아서 느끼함"
도시락·밥류,토핑 듬뿍 마요 덮밥 3종 (택1),다즐샵,https://www.kurly.com/goods/1001381990,4860,1528,2025.09.10,육아중이라 빠르게 먹고 좋아하는거라 시켰는데 양이 조금 아쉽네요 맛은 아는맛입니다 ㅎㅎㅎ
도시락·밥류,정호영 명란감자채 솥밥 도시락,모두의맛집,https://www.kurly.com/goods/1000235782,6240,4087,2024.04.19,"오호 솔직한 후기를 써볼게요 🙆‍♀️

👍 먼저 장점 & 맛있게 먹는 방법

1. 양은 제 기준으로 괜찮았어요. 저는 작은 사이즈의 컵라면이랑 같이 먹어줬습니다. ㅎㅎ
2. 그리고 맛있게 먹는 방법은 김을 준비해서 김에 싸서 먹으면 맛있어요. 저는 컬리에서 kf365 김을 자주 사는데, 이 김 기준으로 2봉지 까서 같이 먹어줬답니다
3. 간도 잘 되어있고, 제 사진 보시는것 처럼 밑에 명란도 많이 깔려있어요 의외로 명란이 많아서 놀랐답니다! 감자도 충분히 있고
4. 점심 한 끼 잘 먹기에 아쉽지 않습니다 전자렌지만 있으면 금방 따뜻한 한 끼가 완성됩니다
5. 저는 완전 한식파라! 이거 명란을 버터에 볶은 맛이더라고요 그래서 저처럼 아부지 입맛이면 살짝 느끼하다고 느낄 수 있어요 💟 아무튼 김치 종류랑 같이 드시면 완전 찰떡궁합일 것 같아요 

제 직장 근처는 기본 점심값이 만원이 넘어가서 그런지
이런 퀄리티 좋은 도시락이 굉장히 필요합니다!

퀄리티 높은 도시락 많이 만들어주세요 🥄🥄💜💜"
도시락·밥류,정호영 명란감자채 솥밥 도시락,모두의맛집,https://www.kurly.com/goods/1000235782,6240,4087,2025.09.23,계속 품절이라 구매못하다가 겨우 구매했어요 맛있어요
도시락·밥류,정호영 명란감자채 솥밥 도시락,모두의맛집,https://www.kurly.com/goods/1000235782,6240,4087,2025.09.23,좀 짜고  퍽뻑해요
도시락·밥류,정호영 명란감자채 솥밥 도시락,모두의맛집,https://www.kurly.com/goods/1000235782,6240,4087,2025.09.23,무염 김이랑 먹음 궁합도 좋고 넘 맛있어요!
도시락·밥류,정호영 명란감자채 솥밥 도시락,모두의맛집,https://www.kurly.com/goods/1000235782,6240,4087,2025.09.22,전에 먹어본듯? 간도 양도 적당하고 맛있어요
도시락·밥류,정호영 명란감자채 솥밥 도시락,모두의맛집,https://www.kurly.com/goods/1000235782,6240,4087,2025.09.22,도시락 중에서 가장 무난하고 맛있음
도시락·밥류,정호영 명란감자채 솥밥 도시락,모두의맛집,https://www.kurly.com/goods/1000235782,6240,4087,2025.09.22,간단식으로 구매 잘먹겟습니다
도시락·밥류,정호영 명란감자채 솥밥 도시락,모두의맛집,https://www.kurly.com/goods/1000235782,6240,4087,2025.09.20,"오 생각보다 ㄱㅊ습니다
명란이 생각한것보다 많이 더 많이 있어서 좀 놀라웠음
양은 적당한거같고 감자가 덜익은게 있는데 대충 먹었ㅇ어요. 렌지에 더 돌리면될듯. 근데 은근 떡진 밥이 되서 조금 아쉽지만 요새 한끼 가격도 높은데 간단하게 렌지에 툭 하면되서 ㄱ시간도 아끼고 한끼 떼우기 괨찮네요. 나중에 다른것도 시켜봐야징~.~"
도시락·밥류,정호영 명란감자채 솥밥 도시락,모두의맛집,https://www.kurly.com/goods/1000235782,6240,4087,2025.09.20,마니 짠거같아요 명란을 덜어내야
도시락·밥류,정호영 명란감자채 솥밥 도시락,모두의맛집,https://www.kurly.com/goods/1000235782,6240,4087,2025.09.20,온더고만 주문하다가 하나 먹어보려구요 맛있음 재주문할게요
도시락·밥류,정호영 명란감자채 솥밥 도시락,모두의맛집,https://www.kurly.com/goods/1000235782,6240,4087,2025.09.19,"간단히 먹기 괜찮아요~
생각보다 맛있어서 재주문의사있어요"
도시락·밥류,정호영 명란감자채 솥밥 도시락,모두의맛집,https://www.kurly.com/goods/1000235782,6240,4087,2025.09.19,다좋은데 좀 비린맛이 나네요
도시락·밥류,정호영 명란감자채 솥밥 도시락,모두의맛집,https://www.kurly.com/goods/1000235782,6240,4087,2025.09.19,저녁식사로 구매했어요 양도 괜찮네요
도시락·밥류,정호영 명란감자채 솥밥 도시락,모두의맛집,https://www.kurly.com/goods/1000235782,6240,4087,2025.09.18,후기가 좋아서 구입했어여
도시락·밥류,정호영 명란감자채 솥밥 도시락,모두의맛집,https://www.kurly.com/goods/1000235782,6240,4087,2025.09.18,회사에 가져가서 데워먹기좋아요
도시락·밥류,정호영 명란감자채 솥밥 도시락,모두의맛집,https://www.kurly.com/goods/1000235782,6240,4087,2025.09.18,명란젓의 감칠맛이랑 짭짤함보다는 비린맛이 너무 강했어요..
도시락·밥류,정호영 명란감자채 솥밥 도시락,모두의맛집,https://www.kurly.com/goods/1000235782,6240,4087,2025.09.18,항상 맛잇게 먹어서 주문함
도시락·밥류,정호영 명란감자채 솥밥 도시락,모두의맛집,https://www.kurly.com/goods/1000235782,6240,4087,2025.09.17,맛있어서 재구매했어요
도시락·밥류,정호영 명란감자채 솥밥 도시락,모두의맛집,https://www.kurly.com/goods/1000235782,6240,4087,2025.09.17,한번 구매해 보고 맛있고 입맛에 맞아서 대량으로 계속 구매중입니다. 가격대가 낮지 않고 세일도 잘 안해서 아쉬워요. 세일 좀 해 주시면 좋겠습니다. 감사합니다. 맛있습니다.
도시락·밥류,정호영 명란감자채 솥밥 도시락,모두의맛집,https://www.kurly.com/goods/1000235782,6240,4087,2025.09.17,"간단하게 맛있는 한끼가 됩니다 
다른 반찬이 필요없네요"
도시락·밥류,정호영 명란감자채 솥밥 도시락,모두의맛집,https://www.kurly.com/goods/1000235782,6240,4087,2025.09.16,그냥 저냥 먹을만 합니다. 나쁘진 않지만 다음에도 주믄할지는 모르겠음
도시락·밥류,정호영 명란감자채 솥밥 도시락,모두의맛집,https://www.kurly.com/goods/1000235782,6240,4087,2025.09.16,"좀 비린향이 올라와서 맛은 있었지만
재주문은 안할거같아요"
도시락·밥류,정호영 명란감자채 솥밥 도시락,모두의맛집,https://www.kurly.com/goods/1000235782,6240,4087,2025.09.15,명란 별로 좋아하지는 않지만 가지솥밥?그게 맛있어서 같은 브랜드라서 한번 사봤어요.
도시락·밥류,정호영 명란감자채 솥밥 도시락,모두의맛집,https://www.kurly.com/goods/1000235782,6240,4087,2025.09.14,도시락 중 제일 맛있어요
도시락·밥류,정호영 명란감자채 솥밥 도시락,모두의맛집,https://www.kurly.com/goods/1000235782,6240,4087,2025.09.13,양도 좋고 맛도 좋고 세일하면 살려고 기다렸는데 드디어 세일을 해서 구매했어요. 한끼 도시락으로 정말 훌륭합니다.
도시락·밥류,정호영 명란감자채 솥밥 도시락,모두의맛집,https://www.kurly.com/goods/1000235782,6240,4087,2025.09.13,간편하게 먹기 좋아요!
도시락·밥류,정호영 명란감자채 솥밥 도시락,모두의맛집,https://www.kurly.com/goods/1000235782,6240,4087,2025.09.13,"안녕하세요. 컬리입니다.

비닐 포장이 찢어진 상태로 배송되어 상품 이용에 불편을 드린 점 사과드립니다.

해당 문제는 운송 중 다른 상품과의 마찰이나 접촉으로 인해 포장재에 미세한 손상이 발생했을 가능성이 있습니다. 이로 인해 포장 내부로 냉기가 직접 닿아 살얼음이 생긴 것으로 보입니다.

소중한 의견 감사드리며, 포장재의 내구성을 점검하고 배송 과정에서 상품이 안전하게 유지될 수 있도록 포장 방식을 보완하겠습니다. 

앞으로는 더 만족스러운 경험을 드릴 수 있도록 품질 관리에 최선을 다하겠습니다.

감사합니다
Better Life for All. Kurly"
도시락·밥류,정호영 명란감자채 솥밥 도시락,모두의맛집,https://www.kurly.com/goods/1000235782,6240,4087,2025.09.12,별로 맛잇진 않은거같아요
도시락·밥류,정호영 명란감자채 솥밥 도시락,모두의맛집,https://www.kurly.com/goods/1000235782,6240,4087,2025.09.12,도시락으로더운여름 점심 간편하게 잘 먹었습니다 추천함
도시락·밥류,정호영 명란감자채 솥밥 도시락,모두의맛집,https://www.kurly.com/goods/1000235782,6240,4087,2025.09.12,급할때 혼자 한끼 먹기 아주 좋아요
도시락·밥류,정호영 명란감자채 솥밥 도시락,모두의맛집,https://www.kurly.com/goods/1000235782,6240,4087,2025.09.12,가끔씩 생각나는 밥
도시락·밥류,정호영 명란감자채 솥밥 도시락,모두의맛집,https://www.kurly.com/goods/1000235782,6240,4087,2025.09.11,"남은재고 뜨는거보고 부랴부랴 주문했어요
맛있었으면 좋겠네요 ㅋㅋㅋ"
도시락·밥류,정호영 명란감자채 솥밥 도시락,모두의맛집,https://www.kurly.com/goods/1000235782,6240,4087,2025.09.11,가볍게 먹기 좋아요.
도시락·밥류,정호영 명란감자채 솥밥 도시락,모두의맛집,https://www.kurly.com/goods/1000235782,6240,4087,2025.09.11,감자 채소 밥 도시락 맛있어요
도시락·밥류,정호영 명란감자채 솥밥 도시락,모두의맛집,https://www.kurly.com/goods/1000235782,6240,4087,2025.09.11,정말 너무너무 맛있어요
도시락·밥류,정호영 명란감자채 솥밥 도시락,모두의맛집,https://www.kurly.com/goods/1000235782,6240,4087,2025.09.11,버터맛이 강해요. 김치가 필요해요. 필수
도시락·밥류,정호영 명란감자채 솥밥 도시락,모두의맛집,https://www.kurly.com/goods/1000235782,6240,4087,2025.09.11,"명란 좋아하지
않는데 이건 맛있네요"
도시락·밥류,정호영 명란감자채 솥밥 도시락,모두의맛집,https://www.kurly.com/goods/1000235782,6240,4087,2025.09.10,"최애 도시락이에요 비상식량같은
너무 담백하게 맛잇어요
명란이 많은지 좀 짜진듯"
도시락·밥류,정호영 명란감자채 솥밥 도시락,모두의맛집,https://www.kurly.com/goods/1000235782,6240,4087,2025.09.10,짭짤 맛은있는데 야미 너무적어요
도시락·밥류,정호영 명란감자채 솥밥 도시락,모두의맛집,https://www.kurly.com/goods/1000235782,6240,4087,2025.09.10,맛있어요~~~계속 사는중 입니다
도시락·밥류,정호영 명란감자채 솥밥 도시락,모두의맛집,https://www.kurly.com/goods/1000235782,6240,4087,2025.09.10,슴슴짭짤하니 먹을만 했어요
도시락·밥류,정호영 명란감자채 솥밥 도시락,모두의맛집,https://www.kurly.com/goods/1000235782,6240,4087,2025.09.10,간단하게 급하게 너무 맛있고 좋아요!
도시락·밥류,정호영 명란감자채 솥밥 도시락,모두의맛집,https://www.kurly.com/goods/1000235782,6240,4087,2025.09.10,반찬 아이디어가 떨어졌을땐 이거
도시락·밥류,정호영 명란감자채 솥밥 도시락,모두의맛집,https://www.kurly.com/goods/1000235782,6240,4087,2025.09.10,모두의 맛집 솥밥 도시락 믿고 먹어요 !
도시락·밥류,정호영 명란감자채 솥밥 도시락,모두의맛집,https://www.kurly.com/goods/1000235782,6240,4087,2025.09.09,점심으로 간편하게 먹기 좋아요 :)
도시락·밥류,정호영 명란감자채 솥밥 도시락,모두의맛집,https://www.kurly.com/goods/1000235782,6240,4087,2025.09.09,처음 구매해 봤는데 맛있는 거 같아요. 금액이 조금은 부담스럽긴 하지만 입에 맞아서 재구매 의사가 있습니다. 감사합니다.
도시락·밥류,정호영 명란감자채 솥밥 도시락,모두의맛집,https://www.kurly.com/goods/1000235782,6240,4087,2025.09.09,맛있어서 항상 재구매 추천해요
도시락·밥류,정호영 명란감자채 솥밥 도시락,모두의맛집,https://www.kurly.com/goods/1000235782,6240,4087,2025.09.09,사무실에서 간단한 한끼로 딱 좋습니다
도시락·밥류,정호영 명란감자채 솥밥 도시락,모두의맛집,https://www.kurly.com/goods/1000235782,6240,4087,2025.09.09,생각보다짜지않고먹을만해요
도시락·밥류,정호영 명란감자채 솥밥 도시락,모두의맛집,https://www.kurly.com/goods/1000235782,6240,4087,2025.09.09,단백해서 좋은데 좀 많이 짠듯해요
도시락·밥류,가뿐한끼 현미밥 150g X 30입,오뚜기,https://www.kurly.com/goods/1000050990,28900,1006,2022.10.31,"두번째 사진 (좌)햇O (우)가뿐한끼 입니다. 양 비교해보시라고 참고용으로 올려요ㅎㅎ

평점 별 다섯 개⭐️⭐️⭐️⭐️⭐️ 
평소에 햇O 현미밥을 즐겨 먹는데요.
210g짜리는 물론 다 먹을 수는 있지만 양이 좀 많은 느낌이고 130g짜리는 뭔가 아쉬운 느낌이더라고요ㅠㅠ

그러다가 이거 150g 짜리를 컬리에서 보고 오 괜찮은데?? 하고 시켜봤어요. 근데 시키면서도 혹시 맛이 없으면 어쩌나 즉석밥 특유의 냄새가 나면 어쩌나 걱정했거든요ㅠㅠ

근데 오늘 배송와서 하나 먹어보니까 웬걸!!!! 개인적으로 맛은 거의 햇O 현미밥이랑 똑같은 것 같아요! 햇O 말고 다른 브랜드 즉석밥에서 나는 즉석밥 특유의 이상한 냄새도 전혀 안 나고요. 현미랑 백미가 섞여있어서 식감이 너무 까끌하지도 않아요.

양은 많지도 적지도 않고 딱 적당하고 가격은 훨씬 더 싸고.. 안 살 이유가 없는거죠?? 즉석밥 이제 여기로 정착하기로 했습니다! 오뮤 가뿐한끼 컬리에서 계속 팔아줬으면 좋겠어요."
도시락·밥류,가뿐한끼 현미밥 150g X 30입,오뚜기,https://www.kurly.com/goods/1000050990,28900,1006,2025.09.23,다먹어서 재구매해용ㅋㅋ
도시락·밥류,가뿐한끼 현미밥 150g X 30입,오뚜기,https://www.kurly.com/goods/1000050990,28900,1006,2025.09.22,다이어트할 때 먹기 좋아요
도시락·밥류,가뿐한끼 현미밥 150g X 30입,오뚜기,https://www.kurly.com/goods/1000050990,28900,1006,2025.09.22,비상밥으로 또 구매했어요
도시락·밥류,가뿐한끼 현미밥 150g X 30입,오뚜기,https://www.kurly.com/goods/1000050990,28900,1006,2025.09.22,다이어트 중이라 현미밥 사봤네요~
도시락·밥류,가뿐한끼 현미밥 150g X 30입,오뚜기,https://www.kurly.com/goods/1000050990,28900,1006,2025.09.22,혈당조절을위해 구매했어요! 150그람인게 넘 맘에들고 저렴한 가격에 구매해서 좋아요
도시락·밥류,가뿐한끼 현미밥 150g X 30입,오뚜기,https://www.kurly.com/goods/1000050990,28900,1006,2025.09.15,생각보다 밥이 부드러워요
도시락·밥류,가뿐한끼 현미밥 150g X 30입,오뚜기,https://www.kurly.com/goods/1000050990,28900,1006,2025.09.12,양이 딱 좋아요. 맛도 좋고. 햇반에서 갈아탔어요.
도시락·밥류,가뿐한끼 현미밥 150g X 30입,오뚜기,https://www.kurly.com/goods/1000050990,28900,1006,2025.09.10,"그저 먹던 밥이 다 떨어져서 추가주문했습니다...ㅎㅎ
맛나고 편해요
."
도시락·밥류,가뿐한끼 현미밥 150g X 30입,오뚜기,https://www.kurly.com/goods/1000050990,28900,1006,2025.09.09,"밥하기귀찮을때 한번씩 먹고있어요
현미밥치고 부드럽고 현미밥이라 찰기는없어요"
도시락·밥류,가뿐한끼 현미밥 150g X 30입,오뚜기,https://www.kurly.com/goods/1000050990,28900,1006,2025.09.08,잘 받았어요 저렴하게 잘 구매한것같아요 다 먹고 재구매할께요
도시락·밥류,가뿐한끼 현미밥 150g X 30입,오뚜기,https://www.kurly.com/goods/1000050990,28900,1006,2025.09.07,나름 다이어트중이라 밥 부터 바꾸자해서 현미밥으로! 2분 맞게 돌리면 잘 익고 맛있는 밥이 됩니당~~~ 굿굿!
도시락·밥류,가뿐한끼 현미밥 150g X 30입,오뚜기,https://www.kurly.com/goods/1000050990,28900,1006,2025.09.05,작은밥 찾다가 마침 현미밥이 쎄일하기에 구매합니다. 요즘은 밥해먹는것도 힘드니...게으름이...다이어트에 현미밥 추천입니다. 날짜도 넉넉하니 좋네요.
도시락·밥류,가뿐한끼 현미밥 150g X 30입,오뚜기,https://www.kurly.com/goods/1000050990,28900,1006,2025.09.05,쿠폰써서 저렴하게 잘 구매한거같아서 너무좋아옵
도시락·밥류,가뿐한끼 현미밥 150g X 30입,오뚜기,https://www.kurly.com/goods/1000050990,28900,1006,2025.09.05,최고입니당 자주애용합니다 굿굿굿굿굿구ㅛ구ㅛㄱ굿숫
도시락·밥류,가뿐한끼 현미밥 150g X 30입,오뚜기,https://www.kurly.com/goods/1000050990,28900,1006,2025.09.04,"다이어트 시작!! 현미밥 우걱우걱 중입니다,,"
도시락·밥류,가뿐한끼 현미밥 150g X 30입,오뚜기,https://www.kurly.com/goods/1000050990,28900,1006,2025.09.03,현미밥 맛있습니다 좋아요
도시락·밥류,가뿐한끼 현미밥 150g X 30입,오뚜기,https://www.kurly.com/goods/1000050990,28900,1006,2025.09.02,두번째 구매합니다 다이어트용으로 적당한양이라 좋고 무엇보다 밥맛이 오뚜기가 최고
도시락·밥류,가뿐한끼 현미밥 150g X 30입,오뚜기,https://www.kurly.com/goods/1000050990,28900,1006,2025.09.01,한 끼 식사로 양이 딱 좋네요 ^____^
도시락·밥류,가뿐한끼 현미밥 150g X 30입,오뚜기,https://www.kurly.com/goods/1000050990,28900,1006,2025.08.29,오 맛있습니다 ㅎ추천
도시락·밥류,가뿐한끼 현미밥 150g X 30입,오뚜기,https://www.kurly.com/goods/1000050990,28900,1006,2025.08.22,한끼 식사로 양이 너무 좋아요. 현미를 맛나게 먹을 수 있어서 좋아요
도시락·밥류,가뿐한끼 현미밥 150g X 30입,오뚜기,https://www.kurly.com/goods/1000050990,28900,1006,2025.08.20,요즘 자주 먹고 있어요 집에 전자렌지가 없어서 그냥 먹어도 안 딱딱한 즉석밥 위주로 먹는데 이거 안 딱딱하고 안 데우고 그냥 먹어도 될 정도로 부끄러워요! 맛있어요
도시락·밥류,가뿐한끼 현미밥 150g X 30입,오뚜기,https://www.kurly.com/goods/1000050990,28900,1006,2025.08.18,130그램 먹다가 좀 부족한 거 같아서 동일 상품으로 150그램으로 넘어왔어요 재주문 하러 또 왔습니다 👍
도시락·밥류,가뿐한끼 현미밥 150g X 30입,오뚜기,https://www.kurly.com/goods/1000050990,28900,1006,2025.08.17,현미밥이 건강에 좋다고해서 ㅎ
도시락·밥류,가뿐한끼 현미밥 150g X 30입,오뚜기,https://www.kurly.com/goods/1000050990,28900,1006,2025.08.15,오뚜기 가뿐한끼 현미밥
도시락·밥류,가뿐한끼 현미밥 150g X 30입,오뚜기,https://www.kurly.com/goods/1000050990,28900,1006,2025.08.14,"가격대도 좋고 가볍게 먹기 좋습니다.
즉석밥은 요걸로 자주 구매해요!"
도시락·밥류,가뿐한끼 현미밥 150g X 30입,오뚜기,https://www.kurly.com/goods/1000050990,28900,1006,2025.08.14,먹기 적당한 양이라 만족해요
도시락·밥류,가뿐한끼 현미밥 150g X 30입,오뚜기,https://www.kurly.com/goods/1000050990,28900,1006,2025.08.05,이름처럼 가뿐하게 한끼 먹을수있는 용량이고 세일도 해서 넉넉하게 준비해 두는 제품…
도시락·밥류,가뿐한끼 현미밥 150g X 30입,오뚜기,https://www.kurly.com/goods/1000050990,28900,1006,2025.08.03,저렴하게 잘구매했어요
도시락·밥류,가뿐한끼 현미밥 150g X 30입,오뚜기,https://www.kurly.com/goods/1000050990,28900,1006,2025.08.02,"즉석밥은 항상 이걸로 주문해서 먹어요
밥맛이 좋고 양도 적당해서 좋아요"
도시락·밥류,가뿐한끼 현미밥 150g X 30입,오뚜기,https://www.kurly.com/goods/1000050990,28900,1006,2025.08.01,맛있어서 재구매했어요 30개나 되어서 오래 먹겠어요
도시락·밥류,가뿐한끼 현미밥 150g X 30입,오뚜기,https://www.kurly.com/goods/1000050990,28900,1006,2025.07.18,적은 용량이라 한끼의 부담이 확 줄어요.
도시락·밥류,가뿐한끼 현미밥 150g X 30입,오뚜기,https://www.kurly.com/goods/1000050990,28900,1006,2025.07.13,한 끼에 매우 적당한 양입니다.
도시락·밥류,가뿐한끼 현미밥 150g X 30입,오뚜기,https://www.kurly.com/goods/1000050990,28900,1006,2025.06.22,가분한끼 현미밥 재재구매합니다.
도시락·밥류,가뿐한끼 현미밥 150g X 30입,오뚜기,https://www.kurly.com/goods/1000050990,28900,1006,2025.06.17,150g이라서 양도 적당하고 30입인데 저렴하고 좋아요 집에서 떨어지지 않게 늘 구비해놔요ㅎ
도시락·밥류,가뿐한끼 현미밥 150g X 30입,오뚜기,https://www.kurly.com/goods/1000050990,28900,1006,2025.06.16,맛있어요 저는 오히려 50 50 백미현미 반반이어서 소화도 잘 되고 좋아요
도시락·밥류,가뿐한끼 현미밥 150g X 30입,오뚜기,https://www.kurly.com/goods/1000050990,28900,1006,2025.06.10,한끼 양 최적이에영! 배부르지도 배고프지도 않고!
도시락·밥류,가뿐한끼 현미밥 150g X 30입,오뚜기,https://www.kurly.com/goods/1000050990,28900,1006,2025.06.07,현미밥 너무 맛있어서 재구매했어요. 한끼에 한명이 먹기 너무 적당한 양이고 현미라 마음에 들어요.
도시락·밥류,가뿐한끼 현미밥 150g X 30입,오뚜기,https://www.kurly.com/goods/1000050990,28900,1006,2025.06.03,좋아요 촉촉하고 맛있어요
도시락·밥류,가뿐한끼 현미밥 150g X 30입,오뚜기,https://www.kurly.com/goods/1000050990,28900,1006,2025.06.02,양도 딱 적당하고 맛있어요 재구매 의사 있습니다 ^^ 배송도 빠르고 좋아요 ..!
도시락·밥류,가뿐한끼 현미밥 150g X 30입,오뚜기,https://www.kurly.com/goods/1000050990,28900,1006,2025.06.01,배송 빠르고 좋아요
도시락·밥류,가뿐한끼 현미밥 150g X 30입,오뚜기,https://www.kurly.com/goods/1000050990,28900,1006,2025.05.28,다이어트용으로 먹으려고샀어요
도시락·밥류,가뿐한끼 현미밥 150g X 30입,오뚜기,https://www.kurly.com/goods/1000050990,28900,1006,2025.05.25,밥은 현미밥이쥬~~~
도시락·밥류,가뿐한끼 현미밥 150g X 30입,오뚜기,https://www.kurly.com/goods/1000050990,28900,1006,2025.05.14,"양줄이려고 먹는 사이즈..
간편하고 너무 좋아요"
도시락·밥류,가뿐한끼 현미밥 150g X 30입,오뚜기,https://www.kurly.com/goods/1000050990,28900,1006,2025.05.13,양이 딱 적당해요 좋아요
도시락·밥류,가뿐한끼 현미밥 150g X 30입,오뚜기,https://www.kurly.com/goods/1000050990,28900,1006,2025.04.28,양이 적당한 현미밥 애용하고 있어요
도시락·밥류,가뿐한끼 현미밥 150g X 30입,오뚜기,https://www.kurly.com/goods/1000050990,28900,1006,2025.04.24,놀러가면 고기와 함께 꼭 필요한 햇반^^
도시락·밥류,가뿐한끼 현미밥 150g X 30입,오뚜기,https://www.kurly.com/goods/1000050990,28900,1006,2025.04.24,설명대로 렌지 2분돌리면 좀 까끌하고 소화도 안되는것 같은데 2분 30초 돌리면 딱 좋아요
도시락·밥류,가뿐한끼 현미밥 150g X 30입,오뚜기,https://www.kurly.com/goods/1000050990,28900,1006,2025.04.19,현미함량이 넘 낮아요. 100%면 좋겠어요
도시락·밥류,가뿐한끼 현미밥 150g X 30입,오뚜기,https://www.kurly.com/goods/1000050990,28900,1006,2025.04.19,가격도 괜찮고 사두고 먹기 좋아요
도시락·밥류,중화 간짜장볶음밥 (2개입),금룡각,https://www.kurly.com/goods/1000527167,8900,2521,2025.03.02,"구성 : 짜장 2봉지, 볶음밥 2봉지 

양:  간짜장이라 많지는 않지만 되직한 편이라 비벼먹기엔 충분해요.
볶음밥은 일반 냉동 볶음밥 정도의 양이라 여자분들이 먹기엔 충분합니다. 남자분들은 한 봉 반에서 두 봉은 드셔야할 것 같아요 

조리방법 : 전자렌지로 데우거나 후라이팬으로 조리가 가능하고
짜장은 중탕해서 드시면 됩니다.
전 고슬고슬한 밥을 좋아해서  볶음밥은 후라이팬으로 조리했고, 짜장은 밀크팬에 물 좀 넣고 데웠어요. 

맛 : 볶음밥에 생각보다 야채도 많이 보이고, 계란도 충분히 들어있어서 좋았고 특히 짜장은 중국음식점에서 시켜먹는 맛과 비슷해서 좋았어요. 시켜먹는 게 더 맛있긴 하지만 냉동으로 간편하게 데워먹는데 이 정도면 누구나 만족하지않을까 싶어요. 

금액 : 세일해서 7000원 초반으로 구매했어요.
세일 안하면 9000원 후반이었던 걸로 기억해요. 
제품의 퀄리티, 양으로 봤을 때 세일가로 사는 정도가 맞는 것 같고 정가로는 좀 비싸단 생각이 듭니다. 

평점 : 4점
세일만 계속 해준다면 재구매할 의향이 있습니다!
가끔 한 끼 식사 떼우기 좋은 냉동식품이 아닐까 싶어요 ㅎ
맛있게 잘 먹었습니당!"
도시락·밥류,중화 간짜장볶음밥 (2개입),금룡각,https://www.kurly.com/goods/1000527167,8900,2521,2024.06.07,"이번에 새로나온 신제품이라고 해서 주문해 봤어요
평소에 짜장면 보다는 짜장밥을 좋아하는데 일반 흰밥도 아니고 볶음밥에 짜장 소스를 뿌려 먹을 수 있다는게 참 좋았어요

게다가 요즘 짜장면 한그릇이 7-8,000원 인데 짜장면 한그릇으로 짜장밥 2인분을 맛볼 수 있다니 가성비면에서도 정말 최고였습니다. 

[장점]
1. 볶음밥 자체가 너무 맛있었습니다. 다양한 야채와 계란까지 있어서 이것만 먹어도 충분히 맛있었어요
2. 시판용 짜장 소스들은 너무 달아서 싫어했는데, 금룡각 간짜장볶음밥 짜장소스는 달지 않고 간이 딱 맞아서 개인적으로 딱 제 취향이었어요 

이 제품 정말 배고플때 식사용으로 딱 입니다!! 
바로 또 주문해야 겠어요 ㅋㅋ"
도시락·밥류,중화 간짜장볶음밥 (2개입),금룡각,https://www.kurly.com/goods/1000527167,8900,2521,2024.06.03,"찾았다 내사랑....
평소 중국집가도 짜장, 짬뽕보다 볶음밥을 더 자주 시키는 나...
컬리에서 이런 맛있는 간짜장볶음밥 만나서 넘 신나네여 💖

볶음밥 조리도 걍 프라이팬에 볶고 소스 붓기만 하면 되니까 넘 간편쓰,,
집에서 허세 좀 부려보겠다고 계란후라이도 반숙으로 해서 볶음밥 위에 올려보고 ㅋㅋㅋㅋ
양파도 조금 더 볶아서 올려보고 ㅋㅋㅋ 
새우도 조금 더 다져서 넣어보았습니다 캬캬
이미 다 되어 있는 금룡각에 숟가락 얹기 ㅋㅋㅋㅋㅋ 

가격이 7921원이길래 당연히 1인분인가 했더니 2인분?!... 대박...
이런 가성비 근래 들어 처음 보는 듯 ㅠㅠ 
중국집가서 먹는 가격의 반 값이라니... 넘 혜자롭습니다....
이런 아름다운 가격...
이제 중국집 배달도 빠빠이 해야할 때가 된 것 같네요~~

진짜 맛있게 먹었어요 💖💖💖💖👲"
도시락·밥류,중화 간짜장볶음밥 (2개입),금룡각,https://www.kurly.com/goods/1000527167,8900,2521,2025.09.22,너무 맛있습니다 재구매 의사 있어요~~ㅏ
도시락·밥류,중화 간짜장볶음밥 (2개입),금룡각,https://www.kurly.com/goods/1000527167,8900,2521,2025.09.22,이거 진짜 맛있고 간편해서 여러번 구매하고 있어요!!
도시락·밥류,중화 간짜장볶음밥 (2개입),금룡각,https://www.kurly.com/goods/1000527167,8900,2521,2025.09.21,집에서 간편하게 먹을 수 있는 볶음밥이에요. 가성비도 좋고 맛도 만족합니당
도시락·밥류,중화 간짜장볶음밥 (2개입),금룡각,https://www.kurly.com/goods/1000527167,8900,2521,2025.09.21,딱 중국집 볶음밥 맛이네요!
도시락·밥류,중화 간짜장볶음밥 (2개입),금룡각,https://www.kurly.com/goods/1000527167,8900,2521,2025.09.21,맛있었어요. 컬리 좋아요.
도시락·밥류,중화 간짜장볶음밥 (2개입),금룡각,https://www.kurly.com/goods/1000527167,8900,2521,2025.09.21,소스가 좀 짜긴한데 맛있어요
도시락·밥류,중화 간짜장볶음밥 (2개입),금룡각,https://www.kurly.com/goods/1000527167,8900,2521,2025.09.20,"아이들이 너무너무 맛나다하네요~~
볶음밥도 맛나고 짜장소스도 너무 맛있어요"
도시락·밥류,중화 간짜장볶음밥 (2개입),금룡각,https://www.kurly.com/goods/1000527167,8900,2521,2025.09.20,급할때 한번씩 먹기 좋아요.
도시락·밥류,중화 간짜장볶음밥 (2개입),금룡각,https://www.kurly.com/goods/1000527167,8900,2521,2025.09.20,"이거 짜장소스가 바뀐건가요?
리뷰에는 배달해서 먹는 볶음밥이랑 비슷하다고 해서
주문했는데 진짜 영 안좋네요
기대 많이하면서 좀 많이 샀는데
짜장소스는 그냥 3분짜장소스맛이고
짭니다 엄청짜요
볶음밥은 볶는도중에는 야채도 좀들어있고 해서
오 괜찮네 했는데 맛이 좀 그렇네요
불맛 난다고 그러던데 불맛도 안나고
많이 산거 후회중입니다 냉동실 자리차지하고있는데
언제쯤 다먹을지가 걱정이네요
유일하게 리뷰보고 실패함"
도시락·밥류,중화 간짜장볶음밥 (2개입),금룡각,https://www.kurly.com/goods/1000527167,8900,2521,2025.09.20,먼어도  계속 먹게되네요
도시락·밥류,중화 간짜장볶음밥 (2개입),금룡각,https://www.kurly.com/goods/1000527167,8900,2521,2025.09.20,"후기 보고 기대했는데 
맛이 있긴 있는데 제가 민감한건지 
모르겠지만 살짝 기름 맛이 (약간쩐맛?) 저한텐 안 맞았어요
아이랑 같이 먹으려 했는데
아이는 안주고 저만 먹었어요
한번 먹기엔 괜찮은듯 한데
저는 재구매는 안 할것 같아요"
도시락·밥류,중화 간짜장볶음밥 (2개입),금룡각,https://www.kurly.com/goods/1000527167,8900,2521,2025.09.19,간이 쎄지만 맛있어요. 찬밥 반공기 정도 같이 볶으면 좋을 것 같아요. 짜장 소스 모자르지 않게 넉넉합니다.
도시락·밥류,중화 간짜장볶음밥 (2개입),금룡각,https://www.kurly.com/goods/1000527167,8900,2521,2025.09.19,좋아요~ 또 구매할게요!
도시락·밥류,중화 간짜장볶음밥 (2개입),금룡각,https://www.kurly.com/goods/1000527167,8900,2521,2025.09.17,아이들이 잘먹어서 또구매
도시락·밥류,중화 간짜장볶음밥 (2개입),금룡각,https://www.kurly.com/goods/1000527167,8900,2521,2025.09.16,맛있어서 늘 쟁이는 ㅌㅁ
도시락·밥류,중화 간짜장볶음밥 (2개입),금룡각,https://www.kurly.com/goods/1000527167,8900,2521,2025.09.16,가격 대비 만족합니다...
도시락·밥류,중화 간짜장볶음밥 (2개입),금룡각,https://www.kurly.com/goods/1000527167,8900,2521,2025.09.16,맛있어서 세일할때마다 구매합니다
도시락·밥류,중화 간짜장볶음밥 (2개입),금룡각,https://www.kurly.com/goods/1000527167,8900,2521,2025.09.16,중식으로 딱 그대로 제현한 볶은 밥입니다
도시락·밥류,중화 간짜장볶음밥 (2개입),금룡각,https://www.kurly.com/goods/1000527167,8900,2521,2025.09.15,간단하게 짜장볶음밥 먹을 수 있어서 좋아요
도시락·밥류,중화 간짜장볶음밥 (2개입),금룡각,https://www.kurly.com/goods/1000527167,8900,2521,2025.09.15,퀄리티 생각보다 좋고 짜장 소스가 넘 맛있어요!
도시락·밥류,중화 간짜장볶음밥 (2개입),금룡각,https://www.kurly.com/goods/1000527167,8900,2521,2025.09.15,아이가 잘 먹어요~
도시락·밥류,중화 간짜장볶음밥 (2개입),금룡각,https://www.kurly.com/goods/1000527167,8900,2521,2025.09.15,후기보고 구매해봅니다
도시락·밥류,중화 간짜장볶음밥 (2개입),금룡각,https://www.kurly.com/goods/1000527167,8900,2521,2025.09.15,맛있어요~ 중국집에서 먹는 볶음밥맛
도시락·밥류,중화 간짜장볶음밥 (2개입),금룡각,https://www.kurly.com/goods/1000527167,8900,2521,2025.09.15,맛잇어요! 추천해요ㅋ
도시락·밥류,중화 간짜장볶음밥 (2개입),금룡각,https://www.kurly.com/goods/1000527167,8900,2521,2025.09.15,"양도 넉넉하고 생각보다 많이 느끼하지 않아요
짜장도 적지 않은 편이에요"
도시락·밥류,중화 간짜장볶음밥 (2개입),금룡각,https://www.kurly.com/goods/1000527167,8900,2521,2025.09.14,집에서 중국집 볶음밥을 먹을 수 있어 좋아요. 짜장 소스도 있어 비벼먹기 좋아요.
도시락·밥류,중화 간짜장볶음밥 (2개입),금룡각,https://www.kurly.com/goods/1000527167,8900,2521,2025.09.14,볶음밥 도시락 싸가요
도시락·밥류,중화 간짜장볶음밥 (2개입),금룡각,https://www.kurly.com/goods/1000527167,8900,2521,2025.09.14,급할 때 간편하게 좋아요
도시락·밥류,중화 간짜장볶음밥 (2개입),금룡각,https://www.kurly.com/goods/1000527167,8900,2521,2025.09.13,맛있어요..불향 나면서
도시락·밥류,중화 간짜장볶음밥 (2개입),금룡각,https://www.kurly.com/goods/1000527167,8900,2521,2025.09.13,맛있엇ㅓ 또주문했어요..
도시락·밥류,중화 간짜장볶음밥 (2개입),금룡각,https://www.kurly.com/goods/1000527167,8900,2521,2025.09.13,조리가 간편하고 맛도 무난하게 맛있어요! 할인할 때 가끔 구매합니다.
도시락·밥류,중화 간짜장볶음밥 (2개입),금룡각,https://www.kurly.com/goods/1000527167,8900,2521,2025.09.12,"중국집 볶음밥이랑 거의 비슷해요! 맛있습니다
시켜먹기 싫을때 이걸로 대체해도 좋겠어요"
도시락·밥류,중화 간짜장볶음밥 (2개입),금룡각,https://www.kurly.com/goods/1000527167,8900,2521,2025.09.12,그냥저냥 재주문을 하지 않을 거 같아요
도시락·밥류,중화 간짜장볶음밥 (2개입),금룡각,https://www.kurly.com/goods/1000527167,8900,2521,2025.09.11,자주 주문하는 제품입니다
도시락·밥류,중화 간짜장볶음밥 (2개입),금룡각,https://www.kurly.com/goods/1000527167,8900,2521,2025.09.11,간편하게 먹기 괜찮았어요
도시락·밥류,중화 간짜장볶음밥 (2개입),금룡각,https://www.kurly.com/goods/1000527167,8900,2521,2025.09.11,간짜장 볶음밥 굿입니다
도시락·밥류,중화 간짜장볶음밥 (2개입),금룡각,https://www.kurly.com/goods/1000527167,8900,2521,2025.09.10,간짜장볶음밥 맛있어요!
도시락·밥류,중화 간짜장볶음밥 (2개입),금룡각,https://www.kurly.com/goods/1000527167,8900,2521,2025.09.09,상품평이 좋아서 사봤어요
도시락·밥류,중화 간짜장볶음밥 (2개입),금룡각,https://www.kurly.com/goods/1000527167,8900,2521,2025.09.09,아들이 2인분을 뚝딱 먹었어요
도시락·밥류,중화 간짜장볶음밥 (2개입),금룡각,https://www.kurly.com/goods/1000527167,8900,2521,2025.09.09,"매주 아기 반찬, 가족들 반찬용으로 장보는데 안심되고 좋아요~~•"
도시락·밥류,중화 간짜장볶음밥 (2개입),금룡각,https://www.kurly.com/goods/1000527167,8900,2521,2025.09.08,음.. 괜찮았어요. 딱 이런 볶음밥만 먹고 싶을 때 좋아요.
도시락·밥류,중화 간짜장볶음밥 (2개입),금룡각,https://www.kurly.com/goods/1000527167,8900,2521,2025.09.08,"자주 구매합니다.
넘 맛나요."
도시락·밥류,중화 간짜장볶음밥 (2개입),금룡각,https://www.kurly.com/goods/1000527167,8900,2521,2025.09.07,아직 먹어보기 전이고 비상식으로 냉동실에 준비해놨어요
도시락·밥류,중화 간짜장볶음밥 (2개입),금룡각,https://www.kurly.com/goods/1000527167,8900,2521,2025.09.07,"잘받았어요 맘에들어요 맛나네요 편하게 받아서 좋네요.,~"
도시락·밥류,중화 간짜장볶음밥 (2개입),금룡각,https://www.kurly.com/goods/1000527167,8900,2521,2025.09.07,좋아요 상품에 만족합니다 품질도 좋고 맛있습니다 만족합니다
도시락·밥류,중화 간짜장볶음밥 (2개입),금룡각,https://www.kurly.com/goods/1000527167,8900,2521,2025.09.07,먹을만 합니다 수고많으셨어요
도시락·밥류,중화 간짜장볶음밥 (2개입),금룡각,https://www.kurly.com/goods/1000527167,8900,2521,2025.09.06,볶음밥도 맛있고 짜장도있어좋아요
도시락·밥류,식후혈당조절도움밥 210g*6,햇반,https://www.kurly.com/goods/1000154398,10800,1057,2025.09.22,먹을 만합니다 효과는 글쎄
도시락·밥류,식후혈당조절도움밥 210g*6,햇반,https://www.kurly.com/goods/1000154398,10800,1057,2025.09.21,혈당조절된다해서 구매완료
도시락·밥류,식후혈당조절도움밥 210g*6,햇반,https://www.kurly.com/goods/1000154398,10800,1057,2025.09.21,기숙사 딸에게 보내려고 주문
도시락·밥류,식후혈당조절도움밥 210g*6,햇반,https://www.kurly.com/goods/1000154398,10800,1057,2025.09.20,"혈당에 도움을 줄 수도 있다고해서
사봤는데"
도시락·밥류,식후혈당조절도움밥 210g*6,햇반,https://www.kurly.com/goods/1000154398,10800,1057,2025.09.20,밥 맛있어요. 혈당 관리에도 좋기를
도시락·밥류,식후혈당조절도움밥 210g*6,햇반,https://www.kurly.com/goods/1000154398,10800,1057,2025.09.19,다욧트 까진 못하더라도 건강생각해서 먹어봐여 ㅎㅎ
도시락·밥류,식후혈당조절도움밥 210g*6,햇반,https://www.kurly.com/goods/1000154398,10800,1057,2025.09.19,도움이 되는지는 모르겠지만 계속 먹어요ㅠ
도시락·밥류,식후혈당조절도움밥 210g*6,햇반,https://www.kurly.com/goods/1000154398,10800,1057,2025.09.18,혈당조절이라 구입해 봅니다. 생김새는 약간 묵은 밥 같아요
도시락·밥류,식후혈당조절도움밥 210g*6,햇반,https://www.kurly.com/goods/1000154398,10800,1057,2025.09.18,혈당조절에 좋길!!
도시락·밥류,식후혈당조절도움밥 210g*6,햇반,https://www.kurly.com/goods/1000154398,10800,1057,2025.09.17,혈당조절에 도움된다고 해서 샀는데 맛은 일반 햇반과 똑같아서 좋네요
도시락·밥류,식후혈당조절도움밥 210g*6,햇반,https://www.kurly.com/goods/1000154398,10800,1057,2025.09.17,밥이 없을때~~~^^ 하나씩
도시락·밥류,식후혈당조절도움밥 210g*6,햇반,https://www.kurly.com/goods/1000154398,10800,1057,2025.09.17,혈당 조절이 된다니 시켜봤어요
도시락·밥류,식후혈당조절도움밥 210g*6,햇반,https://www.kurly.com/goods/1000154398,10800,1057,2025.09.17,뭔가 맛있어요 맛으로 시켜머금
도시락·밥류,식후혈당조절도움밥 210g*6,햇반,https://www.kurly.com/goods/1000154398,10800,1057,2025.09.16,혈당조절에 도움된다해서 사봤어요 비싸긴하지만..ㅎ
도시락·밥류,식후혈당조절도움밥 210g*6,햇반,https://www.kurly.com/goods/1000154398,10800,1057,2025.09.15,"다른 현미밥 주문하다 후기가 좋아서 담아봅니다
아직 시식전이라..."
도시락·밥류,식후혈당조절도움밥 210g*6,햇반,https://www.kurly.com/goods/1000154398,10800,1057,2025.09.15,혈당이 자꾸 올라와서 주문했어요. 도움이 되었으면 좋겠습니다
도시락·밥류,식후혈당조절도움밥 210g*6,햇반,https://www.kurly.com/goods/1000154398,10800,1057,2025.09.15,양이 좀 많아요. 150-180그램도 출시됐으면
도시락·밥류,식후혈당조절도움밥 210g*6,햇반,https://www.kurly.com/goods/1000154398,10800,1057,2025.09.14,컬리에서 할인하길래
도시락·밥류,식후혈당조절도움밥 210g*6,햇반,https://www.kurly.com/goods/1000154398,10800,1057,2025.09.13,"색깔이 누래서 안땡겼는데 그냥 살짝 질은 햇반이에요^^
맛똑같음
혈당조절되는지는 모르겠지만
마음이 조금 편한...ㅋㅋ"
도시락·밥류,식후혈당조절도움밥 210g*6,햇반,https://www.kurly.com/goods/1000154398,10800,1057,2025.09.12,"식후혈당조절 된다해서
두번째  주문합니다."
도시락·밥류,식후혈당조절도움밥 210g*6,햇반,https://www.kurly.com/goods/1000154398,10800,1057,2025.09.12,일반 햇반보다는 건강에 조금이라도 도움이 될까 해서 구매했어요.
도시락·밥류,식후혈당조절도움밥 210g*6,햇반,https://www.kurly.com/goods/1000154398,10800,1057,2025.09.12,궁금해서 주문해봅니다~
도시락·밥류,식후혈당조절도움밥 210g*6,햇반,https://www.kurly.com/goods/1000154398,10800,1057,2025.09.10,"혈당조절에 도움될까해서
구매합니다"
도시락·밥류,식후혈당조절도움밥 210g*6,햇반,https://www.kurly.com/goods/1000154398,10800,1057,2025.09.10,건강에 도움 받으려고 구입했어요.  먹기에 불편감없이 맛있어요.  비싸지만 먹을만하네요.
도시락·밥류,식후혈당조절도움밥 210g*6,햇반,https://www.kurly.com/goods/1000154398,10800,1057,2025.09.09,혈당 조절해야 하는 식구가 있어서 계속 주문해 급할 때 이용합니다
도시락·밥류,식후혈당조절도움밥 210g*6,햇반,https://www.kurly.com/goods/1000154398,10800,1057,2025.09.08,혈당에 도움 된대서 구매해봄
도시락·밥류,식후혈당조절도움밥 210g*6,햇반,https://www.kurly.com/goods/1000154398,10800,1057,2025.09.07,혈당조절되겠죠? 재구매중입니다
도시락·밥류,식후혈당조절도움밥 210g*6,햇반,https://www.kurly.com/goods/1000154398,10800,1057,2025.09.04,"남편 당뇨가 있어 잡곡밥 위주로 햇반을 샀었는데, 이 제품 보고 나서는 요고만 삽니다!
가격대가 좀 있지만.. 이름부터가 뭔가 믿음직스러워서!! 이 햇반만 사게 되네요
찰기가 조금 있고, 색이 노르스름합니다
밥맛은 보통 햇반과 유사해요! 오히려 찰기가 있어서 밥맛이 더 나은것도 같습니다
남편도 잡곡밥 보다 이게 더 맛잇다고 하네요
비상용으로 꼭 잇어야 하는 필수품이니 앞으로도 계속 구매할 생각입니다
파는곳이 많지 않던데.. 역시 컬리에는 잇더라구요
그리고 컬리에서 이벤트 쿠폰 자주 줘서 좋아요
쿠폰 줄 때마다 쟁여두겠습니다
맛도 좋고 당뇨걱정도 줄이고! 일석이조!"
도시락·밥류,식후혈당조절도움밥 210g*6,햇반,https://www.kurly.com/goods/1000154398,10800,1057,2025.09.04,혈당에 좋은 지는?
도시락·밥류,식후혈당조절도움밥 210g*6,햇반,https://www.kurly.com/goods/1000154398,10800,1057,2025.09.03,맛 괜찮아서 자주 삽니당.
도시락·밥류,식후혈당조절도움밥 210g*6,햇반,https://www.kurly.com/goods/1000154398,10800,1057,2025.09.02,약간 노르스름한데 밥맛은 다른 햇반과 비슷하네요
도시락·밥류,식후혈당조절도움밥 210g*6,햇반,https://www.kurly.com/goods/1000154398,10800,1057,2025.09.02,햇반 잘 받았습니다
도시락·밥류,식후혈당조절도움밥 210g*6,햇반,https://www.kurly.com/goods/1000154398,10800,1057,2025.09.02,"할인이 끝나 이쉽지만... 한번 구매해봅니다..
저속노화밥 먹어 봤지만 너무 물맛이라 ㅋㅋㅋ
다시 흰밥으로 돌아가야 하는데 이건 어떨지 도전정신 발휘해 봅니다.."
도시락·밥류,식후혈당조절도움밥 210g*6,햇반,https://www.kurly.com/goods/1000154398,10800,1057,2025.09.01,누런게 색은 별로인데 먹어도 부담없고 소화도 잘 돼요
도시락·밥류,식후혈당조절도움밥 210g*6,햇반,https://www.kurly.com/goods/1000154398,10800,1057,2025.09.01,저당밥이라 종종 구매해요
도시락·밥류,식후혈당조절도움밥 210g*6,햇반,https://www.kurly.com/goods/1000154398,10800,1057,2025.09.01,혈당에 도움이 될까하여 구매했어요
도시락·밥류,식후혈당조절도움밥 210g*6,햇반,https://www.kurly.com/goods/1000154398,10800,1057,2025.09.01,"식후너무 혈당스파이크가와서 구매해봤어요~^^
도움되길~"
도시락·밥류,식후혈당조절도움밥 210g*6,햇반,https://www.kurly.com/goods/1000154398,10800,1057,2025.08.30,간편하게 먹으려고 구매
도시락·밥류,식후혈당조절도움밥 210g*6,햇반,https://www.kurly.com/goods/1000154398,10800,1057,2025.08.28,식후 혈당조절해준다고하야 궁금해서 주문해봣습니다
도시락·밥류,식후혈당조절도움밥 210g*6,햇반,https://www.kurly.com/goods/1000154398,10800,1057,2025.08.28,건강한 맛이라 자주 여러번 구매합니다
도시락·밥류,식후혈당조절도움밥 210g*6,햇반,https://www.kurly.com/goods/1000154398,10800,1057,2025.08.27,"식후  혈당 조절이  된다하여
구매합니다.  혈당조절 도움밥이
나와  감사합니다."
도시락·밥류,식후혈당조절도움밥 210g*6,햇반,https://www.kurly.com/goods/1000154398,10800,1057,2025.08.27,구몬을 사용해서 저렴하게 구매해서 굿입니다 맛도 굿입니다
도시락·밥류,식후혈당조절도움밥 210g*6,햇반,https://www.kurly.com/goods/1000154398,10800,1057,2025.08.26,맛있게 잘 먹고 있습니다.
도시락·밥류,식후혈당조절도움밥 210g*6,햇반,https://www.kurly.com/goods/1000154398,10800,1057,2025.08.25,자주이용해요 좋아요 ㅎㅎㅎㅎㅎ
도시락·밥류,식후혈당조절도움밥 210g*6,햇반,https://www.kurly.com/goods/1000154398,10800,1057,2025.08.25,효과가 있기를 바랍니다.
도시락·밥류,식후혈당조절도움밥 210g*6,햇반,https://www.kurly.com/goods/1000154398,10800,1057,2025.08.24,맛도 좋고 혈당관리에도 좋으니 고민이 필요없음.
도시락·밥류,식후혈당조절도움밥 210g*6,햇반,https://www.kurly.com/goods/1000154398,10800,1057,2025.08.24,특이한 밥맛이 좋네요
도시락·밥류,식후혈당조절도움밥 210g*6,햇반,https://www.kurly.com/goods/1000154398,10800,1057,2025.08.23,요즘 혈당 관리가 대세니깐 궁금해서 구입했는데 맛있어요. 부드럽고 쫀뜩한 식감이예요.
도시락·밥류,식후혈당조절도움밥 210g*6,햇반,https://www.kurly.com/goods/1000154398,10800,1057,2025.08.23,그냥 햇반이 더 맛있긴하지만 건강생각한다면 충분히 먹을만해요
도시락·밥류,식후혈당조절도움밥 210g*6,햇반,https://www.kurly.com/goods/1000154398,10800,1057,2025.08.22,없어서는 안되는!!
도시락·밥류,매콤해물 곤약 볶음밥 (4개입),라이틀리,https://www.kurly.com/goods/1001423299,9810,27388,2024.05.11,"드디어 먹어본 라이틀리 곤약볶음밥!
라이틀리 곤약볶음밥은 처음이어서
제일 추천이 많았던
매콤해물볶음밥으로 주문했구요. 
아이스팩과 함께
녹지않고 차갑게 배송받았어요! 

매콤해물볶음밥 맛은
이름그대로 매콤하면서
속재료가 넉넉하고
곤약 특유의 식감? 이 거의 느껴지지 않아
넘 맛있게 먹었어요! 
곤약 들어간거 모른채로 그냥 먹으면
일반적인 볶음밥이라고 할 것 같아요 ㅎㅎ
벌써 2번이나 먹었고
다 먹으면 재구매의사 있어요. 

매콤하지만 매운거 잘 못 드시는 분들도
충분히 먹을만한 맵기에요. 
딱 맛있게 매콤! 

오징어가 쫄깃하게 식감 더해주고
야채 낙낙히 들어있고
새우도 은근 많아요 ^^
1팩엔 새우 2개 들어있었고
(대신 오징어가 좀더 많았어요) 
다른 1팩에는 새우가 무려 5마리 들어있더라구요 ㅎㅎ

맛도 맛있지만
곤약이 들어가서 탄수화물이 적어 좋아요. 
당류도 2g으로 부담없이
마음껏 든든하게 한끼 먹을 수 있어서
넘 좋네요!
단백질은 6g으로
계란, 닭가슴살, 병아리콩 등을 추가해서
조금 보충해주면
더더 좋구요😄

기대도 컸음에도
만족스러웠던
라이틀리 곤약볶음밥. 
다른 맛들도 후기가 좋아
종류별로 하나씩 먹어보려구요 >_<

다이어트 하시는 분,
건강관리 혈당관리 하시는 분들에게
추천하고싶어요~~"
도시락·밥류,매콤해물 곤약 볶음밥 (4개입),라이틀리,https://www.kurly.com/goods/1001423299,9810,27388,2025.09.23,집에서 간편하게 먹으면 좋습니다. 사먹는 볶음밥 맛이에요
도시락·밥류,매콤해물 곤약 볶음밥 (4개입),라이틀리,https://www.kurly.com/goods/1001423299,9810,27388,2025.09.23,맛있게 잘 먹었습니다~~
도시락·밥류,매콤해물 곤약 볶음밥 (4개입),라이틀리,https://www.kurly.com/goods/1001423299,9810,27388,2025.09.22,곤약볶음밥 같지않고 맛있어요
도시락·밥류,매콤해물 곤약 볶음밥 (4개입),라이틀리,https://www.kurly.com/goods/1001423299,9810,27388,2025.09.22,매번 먹는 곤약볶음밥인데 저는 너무 맛있어요!!
도시락·밥류,매콤해물 곤약 볶음밥 (4개입),라이틀리,https://www.kurly.com/goods/1001423299,9810,27388,2025.09.21,라이틀리 제품 다이어트들한텐 정말 좋습니다. 맛있고 건강도 좋아요. 믿고 먹는 제품입니다!
도시락·밥류,매콤해물 곤약 볶음밥 (4개입),라이틀리,https://www.kurly.com/goods/1001423299,9810,27388,2025.09.20,"요거 맛있습니다.
현미밥이랑 같이
볶아 먹으면 매운거 못먹는 저에게는
딱이네요"
도시락·밥류,매콤해물 곤약 볶음밥 (4개입),라이틀리,https://www.kurly.com/goods/1001423299,9810,27388,2025.09.18,곤약볶음밥 중에 추천해요
도시락·밥류,매콤해물 곤약 볶음밥 (4개입),라이틀리,https://www.kurly.com/goods/1001423299,9810,27388,2025.09.18,매콤한데 맛있고 칼로리도 낮아 좋아요
도시락·밥류,매콤해물 곤약 볶음밥 (4개입),라이틀리,https://www.kurly.com/goods/1001423299,9810,27388,2025.09.18,매콤하고 해물 씹히는맛도 있고 가볍게 한끼 해결하기 좋습니다
도시락·밥류,매콤해물 곤약 볶음밥 (4개입),라이틀리,https://www.kurly.com/goods/1001423299,9810,27388,2025.09.15,곤약 볶음밥 중에서 젤 맛나요
도시락·밥류,매콤해물 곤약 볶음밥 (4개입),라이틀리,https://www.kurly.com/goods/1001423299,9810,27388,2025.09.14,"다이어트 하려고 주문햇어요
주위에서 추천 많이 하더라구요"
도시락·밥류,매콤해물 곤약 볶음밥 (4개입),라이틀리,https://www.kurly.com/goods/1001423299,9810,27388,2025.09.14,맛있는데 볶아도 질척하고 렌지에 돌려도 질척한 질감임
도시락·밥류,매콤해물 곤약 볶음밥 (4개입),라이틀리,https://www.kurly.com/goods/1001423299,9810,27388,2025.09.13,생각보다 많이 질펀해서 그냥 그래요. 맛이 있지도 없지도 않은 애매한 맛입니다.
도시락·밥류,매콤해물 곤약 볶음밥 (4개입),라이틀리,https://www.kurly.com/goods/1001423299,9810,27388,2025.09.13,후기가 좋아서 구입이여
도시락·밥류,매콤해물 곤약 볶음밥 (4개입),라이틀리,https://www.kurly.com/goods/1001423299,9810,27388,2025.09.12,식단관리하려고 샀어요 맛있어요
도시락·밥류,매콤해물 곤약 볶음밥 (4개입),라이틀리,https://www.kurly.com/goods/1001423299,9810,27388,2025.09.12,냉동실 쟁여템이에요. 계란후라이 같이 먹으면 더 맛있어요.
도시락·밥류,매콤해물 곤약 볶음밥 (4개입),라이틀리,https://www.kurly.com/goods/1001423299,9810,27388,2025.09.10,냉동 볶음밥 돌아가면서 시키는데 이건 좀 질척거리긴해요
도시락·밥류,매콤해물 곤약 볶음밥 (4개입),라이틀리,https://www.kurly.com/goods/1001423299,9810,27388,2025.09.10,계란후라이 구워서 올려먹으니 맛있어요 ㅎㅎ
도시락·밥류,매콤해물 곤약 볶음밥 (4개입),라이틀리,https://www.kurly.com/goods/1001423299,9810,27388,2025.09.09,간편하게 먹기좋습니다
도시락·밥류,매콤해물 곤약 볶음밥 (4개입),라이틀리,https://www.kurly.com/goods/1001423299,9810,27388,2025.09.07,점심에 회사에서 냉동 도시락 먹어요. 브랜드 바꿔가며 먹고 있어요. 처음 구매해요! 곤약볶음밥이라 칼로리도 낮고 체중조절에조 좋을꺼 같아요.
도시락·밥류,매콤해물 곤약 볶음밥 (4개입),라이틀리,https://www.kurly.com/goods/1001423299,9810,27388,2025.09.07,"도시락 메뉴로 간단하게 넘 좋아요
단점은 곤약밥이라 빨리 배고파져요..."
도시락·밥류,매콤해물 곤약 볶음밥 (4개입),라이틀리,https://www.kurly.com/goods/1001423299,9810,27388,2025.09.07,곤약볶음밥은 라이틀리꺼만 먹습니닷
도시락·밥류,매콤해물 곤약 볶음밥 (4개입),라이틀리,https://www.kurly.com/goods/1001423299,9810,27388,2025.09.06,"낫밷
전자렌지에 돌리명 되니까 바쁠때나 귀찮을때 먹기 딱 좋네여"
도시락·밥류,매콤해물 곤약 볶음밥 (4개입),라이틀리,https://www.kurly.com/goods/1001423299,9810,27388,2025.09.06,갖고 있는 야채 조금 더 넣고 볶아먹으면 꿀맛
도시락·밥류,매콤해물 곤약 볶음밥 (4개입),라이틀리,https://www.kurly.com/goods/1001423299,9810,27388,2025.09.05,간편하게 한끼 먹기 좋아요
도시락·밥류,매콤해물 곤약 볶음밥 (4개입),라이틀리,https://www.kurly.com/goods/1001423299,9810,27388,2025.09.03,"아 다이어터에게 한줄기 빛같은 맛 
저는 추가로 청양고추 넣어 먹으니 더 매콤하게 먹어서 좋았어요 :)"
도시락·밥류,매콤해물 곤약 볶음밥 (4개입),라이틀리,https://www.kurly.com/goods/1001423299,9810,27388,2025.09.02,해물맛이 젤 맛나요
도시락·밥류,매콤해물 곤약 볶음밥 (4개입),라이틀리,https://www.kurly.com/goods/1001423299,9810,27388,2025.09.02,곤약밥    다이어트 식단
도시락·밥류,매콤해물 곤약 볶음밥 (4개입),라이틀리,https://www.kurly.com/goods/1001423299,9810,27388,2025.09.02,매콤하니 맛나네요 맛있어요
도시락·밥류,매콤해물 곤약 볶음밥 (4개입),라이틀리,https://www.kurly.com/goods/1001423299,9810,27388,2025.08.31,"맛잇어요 살짝 묽은느낌이잇지만 칼로리낮아서 조아요
계란후라이 얹어서 먹으니 최고입니다"
도시락·밥류,매콤해물 곤약 볶음밥 (4개입),라이틀리,https://www.kurly.com/goods/1001423299,9810,27388,2025.08.28,재주문한 볶음밥!! 맛있는데 칼로리도 낮아서 식단할 때 좋습니다
도시락·밥류,매콤해물 곤약 볶음밥 (4개입),라이틀리,https://www.kurly.com/goods/1001423299,9810,27388,2025.08.27,다이어터에게 최고입니다! 그냥 볶음밥같아용
도시락·밥류,매콤해물 곤약 볶음밥 (4개입),라이틀리,https://www.kurly.com/goods/1001423299,9810,27388,2025.08.27,곤약이지만 거부감 없이 매콤하게 맛있어요
도시락·밥류,매콤해물 곤약 볶음밥 (4개입),라이틀리,https://www.kurly.com/goods/1001423299,9810,27388,2025.08.26,"여태까지 먹어본 다이어트 볶음밥중 최고맛남
급먹으면서 후기쓰러옮"
도시락·밥류,매콤해물 곤약 볶음밥 (4개입),라이틀리,https://www.kurly.com/goods/1001423299,9810,27388,2025.08.23,매콤해물맛 괜찮네용
도시락·밥류,매콤해물 곤약 볶음밥 (4개입),라이틀리,https://www.kurly.com/goods/1001423299,9810,27388,2025.08.21,곤약밥   맛있어요
도시락·밥류,매콤해물 곤약 볶음밥 (4개입),라이틀리,https://www.kurly.com/goods/1001423299,9810,27388,2025.08.18,다이어트용으로 좋아요 맛 괜찮음
도시락·밥류,매콤해물 곤약 볶음밥 (4개입),라이틀리,https://www.kurly.com/goods/1001423299,9810,27388,2025.08.18,음.. 제 입맛엔 조금 짜다고 느껴서 계란후라이 얹어서 먹어요
도시락·밥류,매콤해물 곤약 볶음밥 (4개입),라이틀리,https://www.kurly.com/goods/1001423299,9810,27388,2025.08.17,다이어트 하려고 구매했어요
도시락·밥류,매콤해물 곤약 볶음밥 (4개입),라이틀리,https://www.kurly.com/goods/1001423299,9810,27388,2025.08.17,다이어트 볶음밥중에 제일 맛있음
도시락·밥류,매콤해물 곤약 볶음밥 (4개입),라이틀리,https://www.kurly.com/goods/1001423299,9810,27388,2025.08.15,다욧할때한끼편하게먹기딱좋아요
도시락·밥류,매콤해물 곤약 볶음밥 (4개입),라이틀리,https://www.kurly.com/goods/1001423299,9810,27388,2025.08.15,맛있어요 간단하게 먹기에 최고 입니다
도시락·밥류,매콤해물 곤약 볶음밥 (4개입),라이틀리,https://www.kurly.com/goods/1001423299,9810,27388,2025.08.13,저는 그냥 그래요..
도시락·밥류,매콤해물 곤약 볶음밥 (4개입),라이틀리,https://www.kurly.com/goods/1001423299,9810,27388,2025.08.12,다이어트용으로 구매합미다!!
도시락·밥류,매콤해물 곤약 볶음밥 (4개입),라이틀리,https://www.kurly.com/goods/1001423299,9810,27388,2025.08.09,해물맛이랑  불맛이 많이 나서  맛있어요  양도  적당해서  한끼식사로  먹기 좋아요
도시락·밥류,매콤해물 곤약 볶음밥 (4개입),라이틀리,https://www.kurly.com/goods/1001423299,9810,27388,2025.08.07,매콤해물맛이 젤 맛있어요
도시락·밥류,매콤해물 곤약 볶음밥 (4개입),라이틀리,https://www.kurly.com/goods/1001423299,9810,27388,2025.08.07,간편하게 먹기좋고 맛도있어요 긋굿!
도시락·밥류,매콤해물 곤약 볶음밥 (4개입),라이틀리,https://www.kurly.com/goods/1001423299,9810,27388,2025.08.07,6개 짜리 번들보다 해물이 더 많이 들어 있는건 기분탓일까요
도시락·밥류,매콤해물 곤약 볶음밥 (4개입),라이틀리,https://www.kurly.com/goods/1001423299,9810,27388,2025.08.06,맛도 나쁘지  않고 부담없는 맛 입니다
도시락·밥류,그레인보우 스파이시 치킨 아보카도 2개입,청정원,https://www.kurly.com/goods/1000635408,7960,1473,2024.08.28,"그레인보우 스파이시 치킨 아보카도 2개입은 매콤한 맛과 아보카도의 부드러움이 조화를 이루는 제품입니다. 이 제품은 건강한 식단을 원하는 소비자들에게 적합하며, 다양한 영양소를 포함하고 있습니다.

제품 특징
- 매콤한 양념: 닭가슴살이 매콤하게 양념되어 있어 풍부한 맛을 제공합니다 [1].
- 영양소: 각종 곡물, 케일, 브로콜리, 피망 등의 채소가 포함되어 있어 영양가가 높습니다 [1].
- 단백질 함량: 14g의 단백질을 포함하고 있어 여름철 식단 관리에 적합합니다 [4].

제품 라인업
- 다양한 맛: 그레인보우 브랜드는 '갈릭쉬림프', '스리라차치킨', '스파이시치킨&아보카도' 등 다양한 맛을 제공하여 소비자 선택의 폭을 넓히고 있습니다 [2].

소비자 반응
- 인기 제품: 스파이시치킨&아보카도는 컬리 전용으로 출시되어 소비자들 사이에서 인기를 끌고 있습니다 [4].

관련 주제: 건강한 간편식
- 간편식의 인기: 현대인들은 바쁜 일상 속에서 간편하게 식사를 해결할 수 있는 제품을 선호하고 있습니다. 건강한 재료로 만들어진 간편식은 영양소를 놓치지 않으면서도 빠르게 섭취할 수 있는 장점이 있습니다. 그레인보우 스파이시 치킨 아보카도와 같은 제품은 이러한 트렌드에 부합하여 소비자들에게 큰 인기를 얻고 있습니다.

결론적으로, 그레인보우 스파이시 치킨 아보카도 2개입은 매콤한 맛과 영양가 높은 재료로 구성되어 있어 건강한 간편식을 찾는 소비자에게 적합한 선택입니다. 다양한 맛과 가격 혜택을 통해 소비자들에게 매력적인 옵션이 되고 있습니다. 건강한 식사를 원하신다면 이 제품을 고려해 보세요!"
도시락·밥류,그레인보우 스파이시 치킨 아보카도 2개입,청정원,https://www.kurly.com/goods/1000635408,7960,1473,2024.08.09,"✨ 구매이유 - 식단관리를 위해 주문했어요. 

✨ 패키지 - 비닐에 낱개포장 2봉 되어 들어있었습니다. 

✨ 조리법 - 저는 그레인보우 1봉, 콜리플라워 , 냉동야채 넣고 팬에 볶아주었어요. 기름 없이도 잘 볶아지더라고요. 

✨ 향 & 맛 - 매콤한 볶음 밥 냄새하 납니다. 더 많은 재료를 넣으니 특유의 맛은 잘 안느껴 졌어요. 든든하게 먹기 너무 좋아요. 탱글하게 알알이 씹히는 곡물과 콩, 작게 커팅된 닭가슴살은 좀 아쉬운만큼 들어있어 더 추가해 넣어주었답니다. 아보카도 진짜 좋아하는데 잘 안보였어요. 저는 잡곡류 좋아해서 식감 좋고 맛있게 잘 먹었습니다. 남은 한봉지는 단독으로 먹어봐야겠어요. 

✨ 찰떡궁합조합 - 그레인보우 스파이시 치킨 아보카도에 샐러드채소, 양배추, 콘옥수수, 계란, 닭가슴살 넣고 명란소스 뿌려 포케처럼 먹으니 진짜 든든하고 맛있어요."
도시락·밥류,그레인보우 스파이시 치킨 아보카도 2개입,청정원,https://www.kurly.com/goods/1000635408,7960,1473,2024.07.23,다른 맛을 먹어보다가 이번에 스파이시 치킨 아보카도 맛으로 구매해보았네요! 역시나 기대를 충족시켜주는 청정원! 1봉씩 2개 들어 있어서 위생적이라 좋아요 또 전자레인지에 그냥 돌리기만 하면 되서 너무 간편하고 재료도 다이어트에 도움이 되는 것들이라 너무 만족스러워요. 그렇다고 맛이 없나? 훌륭합니다 간도 적당히 베어 있어요 :)
도시락·밥류,그레인보우 스파이시 치킨 아보카도 2개입,청정원,https://www.kurly.com/goods/1000635408,7960,1473,2025.09.23,개인적으로 아보카도와 치킨좋아해서 따뜻하게 데워서 먹오면 든든한 한 끼 좋아요
도시락·밥류,그레인보우 스파이시 치킨 아보카도 2개입,청정원,https://www.kurly.com/goods/1000635408,7960,1473,2025.09.22,간편하게 건강하게 한끼 먹기 좋아요.
도시락·밥류,그레인보우 스파이시 치킨 아보카도 2개입,청정원,https://www.kurly.com/goods/1000635408,7960,1473,2025.09.22,생각보다 별로였어요 가볍게 먹기는 좋음
도시락·밥류,그레인보우 스파이시 치킨 아보카도 2개입,청정원,https://www.kurly.com/goods/1000635408,7960,1473,2025.09.21,"생각보다 포만감도 잇어서 저녁대용으로 
세일할 때 쟁입니다"
도시락·밥류,그레인보우 스파이시 치킨 아보카도 2개입,청정원,https://www.kurly.com/goods/1000635408,7960,1473,2025.09.19,건강해보여서 샀어요.
도시락·밥류,그레인보우 스파이시 치킨 아보카도 2개입,청정원,https://www.kurly.com/goods/1000635408,7960,1473,2025.09.19,제품 괜찮아서 재구매했습니다 ^^
도시락·밥류,그레인보우 스파이시 치킨 아보카도 2개입,청정원,https://www.kurly.com/goods/1000635408,7960,1473,2025.09.19,맛별로사서 거의 매일 점심을 요걸로 하고있습니다
도시락·밥류,그레인보우 스파이시 치킨 아보카도 2개입,청정원,https://www.kurly.com/goods/1000635408,7960,1473,2025.09.19,"요거 씹는식감이 넘좋아요
잡고좋아하시는분들 취향저격"
도시락·밥류,그레인보우 스파이시 치킨 아보카도 2개입,청정원,https://www.kurly.com/goods/1000635408,7960,1473,2025.09.19,그레인보우 시리즈 중 최애. 아보카도도 제법 큼직합니다
도시락·밥류,그레인보우 스파이시 치킨 아보카도 2개입,청정원,https://www.kurly.com/goods/1000635408,7960,1473,2025.09.19,토핑으로 무엇인가를 가미하지 않는이상 그냥 먹기는 좀 아쉽네요.
도시락·밥류,그레인보우 스파이시 치킨 아보카도 2개입,청정원,https://www.kurly.com/goods/1000635408,7960,1473,2025.09.18,항상 잘 먹고있습니다. 좋아요.
도시락·밥류,그레인보우 스파이시 치킨 아보카도 2개입,청정원,https://www.kurly.com/goods/1000635408,7960,1473,2025.09.17,간편하고 맛있긴 한데 아보카도 식감이 은근 거슬리네요 양은 제 기준 적당합니당
도시락·밥류,그레인보우 스파이시 치킨 아보카도 2개입,청정원,https://www.kurly.com/goods/1000635408,7960,1473,2025.09.15,혼밥으로 반찬없이 먹기좋아요.
도시락·밥류,그레인보우 스파이시 치킨 아보카도 2개입,청정원,https://www.kurly.com/goods/1000635408,7960,1473,2025.09.15,"음 저는 쏘평범합니다 이 시리즈중에 이것만 계속 세일 때려서 사봤는데 니맛도내맛도 아님 야채 부족해서 파프리카, 단호박 추가해 먹었어유"
도시락·밥류,그레인보우 스파이시 치킨 아보카도 2개입,청정원,https://www.kurly.com/goods/1000635408,7960,1473,2025.09.14,토마토랑 계란이랑 곁들이면 든든한 한끼!
도시락·밥류,그레인보우 스파이시 치킨 아보카도 2개입,청정원,https://www.kurly.com/goods/1000635408,7960,1473,2025.09.14,"저녁메뉴는 퇴근후 이거 데워서 간단히
먹고 빨리 쉴수있어요"
도시락·밥류,그레인보우 스파이시 치킨 아보카도 2개입,청정원,https://www.kurly.com/goods/1000635408,7960,1473,2025.09.14,아직 먹기전인데 맛있겠죠? ㅎㅎ
도시락·밥류,그레인보우 스파이시 치킨 아보카도 2개입,청정원,https://www.kurly.com/goods/1000635408,7960,1473,2025.09.14,아직 못 먹어뵜너요 구성이 꿀조합이길래 삽ㅎ
도시락·밥류,그레인보우 스파이시 치킨 아보카도 2개입,청정원,https://www.kurly.com/goods/1000635408,7960,1473,2025.09.13,"안녕하세요. 컬리입니다.

기대하고 구매하신 상품의 맛이 만족스럽지 못해 실망감을 드린 점 사과드립니다..

해당 상품은 닭가슴살, 아보카도, 여러 곡물을 함께 즐기는 샐러드 제품으로, 원재료 본연의 맛을 살리기 위해 자극적이지 않게 만들어졌습니다. 이 때문에 평소 드시던 입맛과 달라 밍밍하게 느끼셨을 수 있습니다.

고객님의 소중한 의견은 담당 부서에 전달하여 앞으로 상품의 맛과 특징을 더 명확하게 안내하고, 품질 개선에 참고하도록 하겠습니다.

소중한 의견 감사드리며 앞으로도 만족스러운 경험이 되실 수 있도록 노력하겠습니다.

감사합니다.
Better Life for All. Kurly"
도시락·밥류,그레인보우 스파이시 치킨 아보카도 2개입,청정원,https://www.kurly.com/goods/1000635408,7960,1473,2025.09.13,후기가 좋아서 세일할때 사봤어요
도시락·밥류,그레인보우 스파이시 치킨 아보카도 2개입,청정원,https://www.kurly.com/goods/1000635408,7960,1473,2025.09.12,"아보카도랑 치킨이 들어있어 씹는맛이 괜찮을거 같아 구매합니다!
집에있는 갈릭 닭가슴살이랑 같이 구매한 아보카드 첨가하여 먹으니 든든한 한끼로~~"
도시락·밥류,그레인보우 스파이시 치킨 아보카도 2개입,청정원,https://www.kurly.com/goods/1000635408,7960,1473,2025.09.12,간편하고 내용물이 다양해서 씹는 재미가 있고 매콤해서 좋네요.. 은근 배부른데 그래도 뭔가 맛있는 음식 먹는 느낌은 아니에요..
도시락·밥류,그레인보우 스파이시 치킨 아보카도 2개입,청정원,https://www.kurly.com/goods/1000635408,7960,1473,2025.09.11,애들이 좋아 하더군요. 학원 갔다 오면 곧잘 찾네요.
도시락·밥류,그레인보우 스파이시 치킨 아보카도 2개입,청정원,https://www.kurly.com/goods/1000635408,7960,1473,2025.09.11,저희신랑도시락으로 싸줬더니 너무맛있대요
도시락·밥류,그레인보우 스파이시 치킨 아보카도 2개입,청정원,https://www.kurly.com/goods/1000635408,7960,1473,2025.09.10,계란후라이 하나 톡 넣어먹음 끝!!!
도시락·밥류,그레인보우 스파이시 치킨 아보카도 2개입,청정원,https://www.kurly.com/goods/1000635408,7960,1473,2025.09.10,다이어트하는 사람에게 추천합니다.
도시락·밥류,그레인보우 스파이시 치킨 아보카도 2개입,청정원,https://www.kurly.com/goods/1000635408,7960,1473,2025.09.10,약간 인도특유의 향도 나면서 맛있어요
도시락·밥류,그레인보우 스파이시 치킨 아보카도 2개입,청정원,https://www.kurly.com/goods/1000635408,7960,1473,2025.09.10,"맛있어요.
편하고 들고 나가기도 편하고..ㅋ
만족합니다."
도시락·밥류,그레인보우 스파이시 치킨 아보카도 2개입,청정원,https://www.kurly.com/goods/1000635408,7960,1473,2025.09.09,"샐러드에 섞어먹으면.
포케 처럼 먹을 수 있어서 좋아요"
도시락·밥류,그레인보우 스파이시 치킨 아보카도 2개입,청정원,https://www.kurly.com/goods/1000635408,7960,1473,2025.09.09,다이어트용으로 점심에 먹으려고 샀아요 심심하니 먹응만햐요 ㅎㅎ
도시락·밥류,그레인보우 스파이시 치킨 아보카도 2개입,청정원,https://www.kurly.com/goods/1000635408,7960,1473,2025.09.09,신선하게잘받았습니다 ㅎㅋ
도시락·밥류,그레인보우 스파이시 치킨 아보카도 2개입,청정원,https://www.kurly.com/goods/1000635408,7960,1473,2025.09.09,신선하게잘받았습니다 ㅋ
도시락·밥류,그레인보우 스파이시 치킨 아보카도 2개입,청정원,https://www.kurly.com/goods/1000635408,7960,1473,2025.09.09,다이어트에 딱이예여
도시락·밥류,그레인보우 스파이시 치킨 아보카도 2개입,청정원,https://www.kurly.com/goods/1000635408,7960,1473,2025.09.09,"배송이 2번 나뉘어서 왔나요?
첫번째 카레받을때는 
제품이 안보여서 잤습니다~~~"
도시락·밥류,그레인보우 스파이시 치킨 아보카도 2개입,청정원,https://www.kurly.com/goods/1000635408,7960,1473,2025.09.08,냉장고 비상식으로 쟁여둬요
도시락·밥류,그레인보우 스파이시 치킨 아보카도 2개입,청정원,https://www.kurly.com/goods/1000635408,7960,1473,2025.09.07,샐러드대신 먹으려구요
도시락·밥류,그레인보우 스파이시 치킨 아보카도 2개입,청정원,https://www.kurly.com/goods/1000635408,7960,1473,2025.09.07,치즈랑 뿌려서 먹으니까 맛있어요! 건강해지는 느낌입니다^^
도시락·밥류,그레인보우 스파이시 치킨 아보카도 2개입,청정원,https://www.kurly.com/goods/1000635408,7960,1473,2025.09.07,후기가 좋아 기대가 큽니다~!
도시락·밥류,그레인보우 스파이시 치킨 아보카도 2개입,청정원,https://www.kurly.com/goods/1000635408,7960,1473,2025.09.06,식단을 맛있게 하려고 구매해봤어용 기대기대
도시락·밥류,그레인보우 스파이시 치킨 아보카도 2개입,청정원,https://www.kurly.com/goods/1000635408,7960,1473,2025.09.06,간단하게 먹을 수 있어요
도시락·밥류,그레인보우 스파이시 치킨 아보카도 2개입,청정원,https://www.kurly.com/goods/1000635408,7960,1473,2025.09.06,맛있어요. 재재재구매중입니다
도시락·밥류,그레인보우 스파이시 치킨 아보카도 2개입,청정원,https://www.kurly.com/goods/1000635408,7960,1473,2025.09.06,쏘쏘합니다. 간이 강해요.재구매는 안할것 같아요.
도시락·밥류,그레인보우 스파이시 치킨 아보카도 2개입,청정원,https://www.kurly.com/goods/1000635408,7960,1473,2025.09.06,요새 건강관리를 위해 먹고 있거든요 평소에 궁금했던 제품이라 구매를 갈겨보았습니다. 건강한 맛이예요 저는 다른 종류도 더 시켜서 먹어보려고 합니다 ㅎㅎ
도시락·밥류,그레인보우 스파이시 치킨 아보카도 2개입,청정원,https://www.kurly.com/goods/1000635408,7960,1473,2025.09.05,건강하게 한 끼 식사를 할 수 있으면서도 살짝 매콤해서 맛도 있어요
도시락·밥류,그레인보우 스파이시 치킨 아보카도 2개입,청정원,https://www.kurly.com/goods/1000635408,7960,1473,2025.09.05,후기가 좋아 구매해봣요요
도시락·밥류,그레인보우 스파이시 치킨 아보카도 2개입,청정원,https://www.kurly.com/goods/1000635408,7960,1473,2025.09.04,"냠 냠 마시뚬
다요트 식단치거는 마시뚬 ㅎㅎ
추천용"
도시락·밥류,그레인보우 스파이시 치킨 아보카도 2개입,청정원,https://www.kurly.com/goods/1000635408,7960,1473,2025.09.04,맛있습니다 간편하고 좋아요
도시락·밥류,세끼 뚝딱 도시락 3종 세트,탄단지,https://www.kurly.com/goods/1000376683,9900,1667,2025.07.14,"회사건물에 마땅히 먹을만한 음식들도 없고 한끼 먹으려면 요즘에는 기본 만원이 넘어가는 시대라.. 
종종 도시락을 사서 먹고있는데요 3개에 9천원 1개당 3천원꼴의 해당제품이 눈에 띄어서 주문했습니다


먼저 비닐도 안뜯고 렌지에 바로 넣어서 돌리면 밥이 안성되는 간편함이 좋았고 다양한 제품군과 라인업으로 인해서 돌려서 여러가지를 먹어볼수 있어서 좋았어요 

무엇보다 가격대가 3천원이라 부담없이 한끼을 해결할수 있는점이 가장 마음에 듭니다

다만 가격만큼 맛은 솔직히 그냥그랬어요..ㅎ 
한끼간단히 먹기에는 좋지만 크게 맛있지는않고 남자분들은 부족할 수 있으니 라면등 과 함께 드시길 추천드립니다"
도시락·밥류,세끼 뚝딱 도시락 3종 세트,탄단지,https://www.kurly.com/goods/1000376683,9900,1667,2025.01.04,"새해들어 다이어트 목표로 하시는 분들 많으시죠?
저는 다이어트용은 아니고 회사에 점심도시락을 싸가는데 매일 집밥먹는 느낌이라 건강하면서도 맛있는도시락 먹고 싶어 탄단지 세끼뚝딱도시락 3종세트
구매했어요 탄단지 세끼뚝딱도시락 3종 세트 구성은
참치마요덮밥, 김치볶음밥 & 불고기햄, 김치볶음밥 & 콘치즈입니다 제가 다 좋아하는 구성에 가격도 저렴하니 좋아요

* 참치마요덮밥 
저는 참치마요를 좋아해서 도시락 체인점 가서도
종종 주문해먹을 정도로 좋아하는 메뉴에요
​1팩 210g
촉촉한 참치마요 위에 풍성한 계란지단을 올려 더욱 맛있어요 종이 슬리브를 제거하고 비닐 포장이된채로
전자레인지 3분간 돌려주세요 조리방법도 간단하고 계란지단이 많이 들어있어 더욱 맛있었어요

* 김치볶음밥 & 불고기햄 
​누구나 좋아하는 김치볶음밥 위에 불고기를 품은 오믈렛과 짭조름한 불고기햄을 올려서 더욱 맛있어요 그냥 먹어도 맛있는데 커다란 스팸과 오믈렛이 들어있어 씹는 식감까지 더욱 좋았어요

* 김치볶음밥 & 콘치즈 
김치볶음밥과 콘치즈의 조화라 처음엔 좀 신선했는데요 김치볶음밥과 콘치즈 씹는 식감이 좋았어요
거기다 제가 좋아하는 치즈까지 곁들여먹으니 꿀맛이네요 저는 밥양을 조금 더 넣어 양념과 비벼서 전자래인지에 돌려먹었는데 은은하게 나는 치즈향과 콘치즈가 너무 맛있었어요

* 총평
3가지 도시락 다 너무 맛있었고 가격도 저렴하여 장바구니에 또 담아두었어요"
도시락·밥류,세끼 뚝딱 도시락 3종 세트,탄단지,https://www.kurly.com/goods/1000376683,9900,1667,2024.02.02,"탄단지 도시락 자주사먹는데 이번에 신상품으로 나와서 바로구매했는데!!
헉~~ 완전 가성비와 맛이 한끼먹기 최고인데요?
왜 세끼뚝딱인지 알겠더라구요!!
그리고 비닐포장안뜯고 그대로 전자레인지 돌리니 이것도 편하네요!

세가지다 먹어본결과!

1. 김치볶음밥&불고기햄 
 - 역시 김볶에 햄과 계란 조합은 말해뭐해요!
    오믈렛안에 불고기?도 들어있어서 깜놀 ㅎㅎ 
    먹다가 순삭했습니다 ㅜㅜ 너무맛있더라구요. 추천합니다!

2. 김치볶음밥&콘치즈
 - 김치볶음밥에 콘치즈라서 조금 신선한조합이길래 어떤가싶었는데
   생각보다 너무 어울리고 김치볶음밥에 치즈 환상궁합이네요!!

3. 참치마요덮밥 
 - 자극적이지않고 담백하게 너무 맛있어서 일반 컵밥제품들과는 비교할수가
   없이 가장맛있습니다. 어른아이 상관없이 이건 최고 No.1 !!

회사에 들고다니기도 편하고, 당분간 다른거는 못먹겠더라구요. 
가격도좋고 이걸로 꾸준히 정착하려구요! 추천드립니다!!

--"
도시락·밥류,세끼 뚝딱 도시락 3종 세트,탄단지,https://www.kurly.com/goods/1000376683,9900,1667,2025.09.22,도시락 3종 간편한데 맛있어요.
도시락·밥류,세끼 뚝딱 도시락 3종 세트,탄단지,https://www.kurly.com/goods/1000376683,9900,1667,2025.09.20,"퀄리티 장난아니네요
다이어트 도시락이 맞나 싶어요
칼로리는 낮다고 적혀있는데 맛있어 보여요 123ㄷㄷ"
도시락·밥류,세끼 뚝딱 도시락 3종 세트,탄단지,https://www.kurly.com/goods/1000376683,9900,1667,2025.09.20,"생각보다 괜찮았어요
간단하게 먹기 좋아요"
도시락·밥류,세끼 뚝딱 도시락 3종 세트,탄단지,https://www.kurly.com/goods/1000376683,9900,1667,2025.09.17,아직 먹기 전입니다 양에비해 저렴해서 좋어요
도시락·밥류,세끼 뚝딱 도시락 3종 세트,탄단지,https://www.kurly.com/goods/1000376683,9900,1667,2025.09.17,아침으로 먹기 좋아요~~
도시락·밥류,세끼 뚝딱 도시락 3종 세트,탄단지,https://www.kurly.com/goods/1000376683,9900,1667,2025.09.16,맛있는데 김볶 자체 맛은 좀 약해요
도시락·밥류,세끼 뚝딱 도시락 3종 세트,탄단지,https://www.kurly.com/goods/1000376683,9900,1667,2025.09.15,세끼 뚝딱 라인은 처음인데 기대돼요~
도시락·밥류,세끼 뚝딱 도시락 3종 세트,탄단지,https://www.kurly.com/goods/1000376683,9900,1667,2025.09.14,회사에서 도시락 싸들고댕기기 귀찮았는데 이거 하나면 너무 편하더라구요 양이 많진 않지만 만족합니다
도시락·밥류,세끼 뚝딱 도시락 3종 세트,탄단지,https://www.kurly.com/goods/1000376683,9900,1667,2025.09.14,애들 방학때 한끼용으로 잘 먹였어요!
도시락·밥류,세끼 뚝딱 도시락 3종 세트,탄단지,https://www.kurly.com/goods/1000376683,9900,1667,2025.09.11,한번 먹어봤는데 양이 조금 적게 느껴지지만 맛있더라구요!!! 그래서 또 주문했습니다
도시락·밥류,세끼 뚝딱 도시락 3종 세트,탄단지,https://www.kurly.com/goods/1000376683,9900,1667,2025.09.10,가격이 저렴해서 좋네요!
도시락·밥류,세끼 뚝딱 도시락 3종 세트,탄단지,https://www.kurly.com/goods/1000376683,9900,1667,2025.09.10,한기뚝딱으로 굿이예요
도시락·밥류,세끼 뚝딱 도시락 3종 세트,탄단지,https://www.kurly.com/goods/1000376683,9900,1667,2025.09.09,맛있어요. 근데 짜요! 다이어트에 도움될지 모르겠지만 적당한 가격이면 또 살듯.
도시락·밥류,세끼 뚝딱 도시락 3종 세트,탄단지,https://www.kurly.com/goods/1000376683,9900,1667,2025.09.07,"할인좀 많이해주세요
진짜 대량구매 각"
도시락·밥류,세끼 뚝딱 도시락 3종 세트,탄단지,https://www.kurly.com/goods/1000376683,9900,1667,2025.09.05,맛있어요 나쁘지 않음
도시락·밥류,세끼 뚝딱 도시락 3종 세트,탄단지,https://www.kurly.com/goods/1000376683,9900,1667,2025.09.05,다른 제품들에 비해 가격대도 좋고 맛도 나쁘지 않아요! 간단하게 먹기 좋아용
도시락·밥류,세끼 뚝딱 도시락 3종 세트,탄단지,https://www.kurly.com/goods/1000376683,9900,1667,2025.09.04,간편해서 먹기 좋아요
도시락·밥류,세끼 뚝딱 도시락 3종 세트,탄단지,https://www.kurly.com/goods/1000376683,9900,1667,2025.09.03,가성비 너무 좋구요. 간편하게 한끼 해결이네요
도시락·밥류,세끼 뚝딱 도시락 3종 세트,탄단지,https://www.kurly.com/goods/1000376683,9900,1667,2025.09.03,도시락 여기께 젤맛있어요
도시락·밥류,세끼 뚝딱 도시락 3종 세트,탄단지,https://www.kurly.com/goods/1000376683,9900,1667,2025.09.02,"식단하려구요
간단히 먹기 좋을거 같아요"
도시락·밥류,세끼 뚝딱 도시락 3종 세트,탄단지,https://www.kurly.com/goods/1000376683,9900,1667,2025.09.02,다양한맛인거같아주문해요
도시락·밥류,세끼 뚝딱 도시락 3종 세트,탄단지,https://www.kurly.com/goods/1000376683,9900,1667,2025.09.01,다이어트 하려고 주문했어요
도시락·밥류,세끼 뚝딱 도시락 3종 세트,탄단지,https://www.kurly.com/goods/1000376683,9900,1667,2025.09.01,"자주사는 도시락~
맛나요"
도시락·밥류,세끼 뚝딱 도시락 3종 세트,탄단지,https://www.kurly.com/goods/1000376683,9900,1667,2025.08.31,학원갔다 늦게 오는 아이 간식으로 좋네요 양이 적긴 해요
도시락·밥류,세끼 뚝딱 도시락 3종 세트,탄단지,https://www.kurly.com/goods/1000376683,9900,1667,2025.08.30,양도 많지.않아서 간단히 먹기 👍 좋아요
도시락·밥류,세끼 뚝딱 도시락 3종 세트,탄단지,https://www.kurly.com/goods/1000376683,9900,1667,2025.08.29,한끼 식사로 충분해요
도시락·밥류,세끼 뚝딱 도시락 3종 세트,탄단지,https://www.kurly.com/goods/1000376683,9900,1667,2025.08.28,살 너무 쪄서 다이어트 하려고 시킴..
도시락·밥류,세끼 뚝딱 도시락 3종 세트,탄단지,https://www.kurly.com/goods/1000376683,9900,1667,2025.08.27,간편하게 한끼뚝딱 좋아요!
도시락·밥류,세끼 뚝딱 도시락 3종 세트,탄단지,https://www.kurly.com/goods/1000376683,9900,1667,2025.08.26,도시락 넘 맛있어서 계속 재구매해요~!
도시락·밥류,세끼 뚝딱 도시락 3종 세트,탄단지,https://www.kurly.com/goods/1000376683,9900,1667,2025.08.26,도시락 잘 먹고 있어요 ㅎ 맛있어욤!
도시락·밥류,세끼 뚝딱 도시락 3종 세트,탄단지,https://www.kurly.com/goods/1000376683,9900,1667,2025.08.26,양은 작아 다른 것과 함께
도시락·밥류,세끼 뚝딱 도시락 3종 세트,탄단지,https://www.kurly.com/goods/1000376683,9900,1667,2025.08.25,3개 세트라 굿입니다
도시락·밥류,세끼 뚝딱 도시락 3종 세트,탄단지,https://www.kurly.com/goods/1000376683,9900,1667,2025.08.25,간단히 아침대용으로 좋아요
도시락·밥류,세끼 뚝딱 도시락 3종 세트,탄단지,https://www.kurly.com/goods/1000376683,9900,1667,2025.08.23,아이가 좋아해서 방학때 잘 먹였어요 세개다 맛 괜찮아요
도시락·밥류,세끼 뚝딱 도시락 3종 세트,탄단지,https://www.kurly.com/goods/1000376683,9900,1667,2025.08.21,참치마요가 제일 맛있어서 그것만 사고싶어요
도시락·밥류,세끼 뚝딱 도시락 3종 세트,탄단지,https://www.kurly.com/goods/1000376683,9900,1667,2025.08.21,간단히 먹기 좋은 것 같아요 ㅎ
도시락·밥류,세끼 뚝딱 도시락 3종 세트,탄단지,https://www.kurly.com/goods/1000376683,9900,1667,2025.08.21,한끼 식사로 좋아요
도시락·밥류,세끼 뚝딱 도시락 3종 세트,탄단지,https://www.kurly.com/goods/1000376683,9900,1667,2025.08.20,"아이 점심식사로 딱이에요~ 넘 맛나다고 하네요
시즌2도 시켰어요"
도시락·밥류,세끼 뚝딱 도시락 3종 세트,탄단지,https://www.kurly.com/goods/1000376683,9900,1667,2025.08.20,배송도 빠르고 맛있습니다~
도시락·밥류,세끼 뚝딱 도시락 3종 세트,탄단지,https://www.kurly.com/goods/1000376683,9900,1667,2025.08.20,양은좀작지만 간단히먹기 맛잇음
도시락·밥류,세끼 뚝딱 도시락 3종 세트,탄단지,https://www.kurly.com/goods/1000376683,9900,1667,2025.08.19,"매번 다이어트 도시락을 먹고 있는데
맛이 질려서 이것저것 주문해서 먹고 있어요
생각보다 더 맛있고 질리지 않는 메뉴였어요:)"
도시락·밥류,세끼 뚝딱 도시락 3종 세트,탄단지,https://www.kurly.com/goods/1000376683,9900,1667,2025.08.19,아이가 콘치즈만 먹어요
도시락·밥류,세끼 뚝딱 도시락 3종 세트,탄단지,https://www.kurly.com/goods/1000376683,9900,1667,2025.08.19,아이가 넘 맛있데요
도시락·밥류,세끼 뚝딱 도시락 3종 세트,탄단지,https://www.kurly.com/goods/1000376683,9900,1667,2025.08.17,가성비가 좋습니다. 오믈렛 안에있는 불고기 잡내 빼고 다 좋아요.
도시락·밥류,세끼 뚝딱 도시락 3종 세트,탄단지,https://www.kurly.com/goods/1000376683,9900,1667,2025.08.17,이거 불고기햄은 계란오믈렛 안에 있는 고기에서 잡내 납니다.ㅠㅠ 나머지 두개는 맛있고 가성비도 좋아요.
도시락·밥류,세끼 뚝딱 도시락 3종 세트,탄단지,https://www.kurly.com/goods/1000376683,9900,1667,2025.08.17,간편하고 맛있고 좋은데 불고기에서 고기잡내가 나요.. 그게 좀 아쉽고 나머지 두개 맛은 맛있습니다.
도시락·밥류,세끼 뚝딱 도시락 3종 세트,탄단지,https://www.kurly.com/goods/1000376683,9900,1667,2025.08.17,양은 좀 적어도 간단하게 먹기 좋아요 맛도 괜찮음
도시락·밥류,향긋한 골든퀸현미쌀밥 200g*36입 (1박스),컬리X햇반,https://www.kurly.com/goods/1001485260,47880,3749,2025.04.05,"최근 건강한 식사를 선호하는 소비자들 사이에서 인기를 끌고 있는 제품입니다.
현대인의 바쁜 일상 속에서도 건강한 식습관을 유지하고자 하는 사람들에게 안성맞춤인 제품입니다.

포장은 매우 실용적입니다. 지퍼형 포장으로 되어 있어 남은 밥을 쉽게 보관할 수 있고, 디자인 또한 깔끔하고 현대적이어서 시각적으로도 매력적입니다.

조리 방법도 간편합니다. 전자레인지를 이용해 약 2분 가량 데우기만 하면 맛있는 밥이 완성됩니다. 바쁜 아침이나 점심에 정말 유용하게 활용할 수 있죠. 또한, 끓는 물에 데우는 방법도 있어 상황에 따라 다양하게 조리할 수 있습니다.

결론적으로, 건강한 식사를 원하는 현대인들에게 특히 적합하며, 다양한 식단에 잘 어울리는 장점도 가지고 있습니다. 바쁜 일상 속에서도 간편하게 건강을 챙길 수 있는 그 가치를 충분히 발휘하는 제품입니다. 맛과 영양, 편리함을 모두 갖춘 이 제품은 일상 속에서 필요한 에너지를 충전하는 데 큰 도움이 될 것입니다."
도시락·밥류,향긋한 골든퀸현미쌀밥 200g*36입 (1박스),컬리X햇반,https://www.kurly.com/goods/1001485260,47880,3749,2025.04.05,"최근 건강한 식사를 선호하는 소비자들 사이에서 인기를 끌고 있는 제품입니다.
현대인의 바쁜 일상 속에서도 건강한 식습관을 유지하고자 하는 사람들에게 안성맞춤인 제품입니다.

포장은 매우 실용적입니다. 지퍼형 포장으로 되어 있어 남은 밥을 쉽게 보관할 수 있고, 디자인 또한 깔끔하고 현대적이어서 시각적으로도 매력적입니다.

조리 방법도 간편합니다. 전자레인지를 이용해 약 2분 가량 데우기만 하면 맛있는 밥이 완성됩니다. 바쁜 아침이나 점심에 정말 유용하게 활용할 수 있죠. 또한, 끓는 물에 데우는 방법도 있어 상황에 따라 다양하게 조리할 수 있습니다.

결론적으로, 건강한 식사를 원하는 현대인들에게 특히 적합하며, 다양한 식단에 잘 어울리는 장점도 가지고 있습니다. 바쁜 일상 속에서도 간편하게 건강을 챙길 수 있는 그 가치를 충분히 발휘하는 제품입니다. 맛과 영양, 편리함을 모두 갖춘 이 제품은 일상 속에서 필요한 에너지를 충전하는 데 큰 도움이 될 것입니다."
도시락·밥류,향긋한 골든퀸현미쌀밥 200g*36입 (1박스),컬리X햇반,https://www.kurly.com/goods/1001485260,47880,3749,2025.03.23,"주위에 아직 젊은 나이인데도 당뇨로 고생하는 사람들이 꽤 있어선지 되도록이면 그냥 백미 대신에 콩 등이 섞인 잡곡밥이나 혈당을 낮출 수 있는 현미밥으로 챙겨 먹으려고 하고 있어요~
골든퀸 현미밥은 개인적으로 느끼기에는 나름 부드러운 식감이랑 단백한 맛도 너무 괜찮아서 최근 꽤 주문해서 먹고 있는데, 전자렌지에 2분 돌리고 렌지 문을 열었을 때 퍼지는 특유의 구수한 누룽지 향이 먹기 전 부터 기분을 좋게 하네요~^^
나이도 한 살 더 먹은 만큼 건강에 신경을 쓰자고 생각이 드는데, 직접 현미밥을 해 먹으면 물론 좋겠지만 간편하게 먹어야 할 때는 컬리의 '골든퀸 현미밥'을 앞으로 계속 이용할 것 같아요ㅎㅎ"
도시락·밥류,향긋한 골든퀸현미쌀밥 200g*36입 (1박스),컬리X햇반,https://www.kurly.com/goods/1001485260,47880,3749,2025.09.23,또재구매해요 쟁여템이예요
도시락·밥류,향긋한 골든퀸현미쌀밥 200g*36입 (1박스),컬리X햇반,https://www.kurly.com/goods/1001485260,47880,3749,2025.09.23,맛있어요 김밥이나 간단히 주먹밥하려구 구매했어요
도시락·밥류,향긋한 골든퀸현미쌀밥 200g*36입 (1박스),컬리X햇반,https://www.kurly.com/goods/1001485260,47880,3749,2025.09.23,밥해먹기 귀찮을때 좋아요
도시락·밥류,향긋한 골든퀸현미쌀밥 200g*36입 (1박스),컬리X햇반,https://www.kurly.com/goods/1001485260,47880,3749,2025.09.23,"바쁠땐
햇반이 짱이죠
잘
먹을께요"
도시락·밥류,향긋한 골든퀸현미쌀밥 200g*36입 (1박스),컬리X햇반,https://www.kurly.com/goods/1001485260,47880,3749,2025.09.23,캠핑가서 먹으려고 샀는데 찰지고 맛있게 먹었어요
도시락·밥류,향긋한 골든퀸현미쌀밥 200g*36입 (1박스),컬리X햇반,https://www.kurly.com/goods/1001485260,47880,3749,2025.09.23,매번 구매하는 상품이에요
도시락·밥류,향긋한 골든퀸현미쌀밥 200g*36입 (1박스),컬리X햇반,https://www.kurly.com/goods/1001485260,47880,3749,2025.09.22,맛있어요 좋아요 좋아요
도시락·밥류,향긋한 골든퀸현미쌀밥 200g*36입 (1박스),컬리X햇반,https://www.kurly.com/goods/1001485260,47880,3749,2025.09.22,저렴한가격에 잘 구매했어요
도시락·밥류,향긋한 골든퀸현미쌀밥 200g*36입 (1박스),컬리X햇반,https://www.kurly.com/goods/1001485260,47880,3749,2025.09.22,맛있어서 또구매했어요
도시락·밥류,향긋한 골든퀸현미쌀밥 200g*36입 (1박스),컬리X햇반,https://www.kurly.com/goods/1001485260,47880,3749,2025.09.22,"너무맛있서요
일반 백미 햇반보다 더 맛있어요"
도시락·밥류,향긋한 골든퀸현미쌀밥 200g*36입 (1박스),컬리X햇반,https://www.kurly.com/goods/1001485260,47880,3749,2025.09.22,자주 시키는 컬리 상품
도시락·밥류,향긋한 골든퀸현미쌀밥 200g*36입 (1박스),컬리X햇반,https://www.kurly.com/goods/1001485260,47880,3749,2025.09.21,향도 좋고 밥맛도 좋아요
도시락·밥류,향긋한 골든퀸현미쌀밥 200g*36입 (1박스),컬리X햇반,https://www.kurly.com/goods/1001485260,47880,3749,2025.09.21,현미밥이라서 먹고나면 속이 편해여
도시락·밥류,향긋한 골든퀸현미쌀밥 200g*36입 (1박스),컬리X햇반,https://www.kurly.com/goods/1001485260,47880,3749,2025.09.21,즉석밥중에 제일 좋아하는 제품입니다
도시락·밥류,향긋한 골든퀸현미쌀밥 200g*36입 (1박스),컬리X햇반,https://www.kurly.com/goods/1001485260,47880,3749,2025.09.21,햇반중 제일 맛있어요 아들 주려고 샀어요 세일하길래
도시락·밥류,향긋한 골든퀸현미쌀밥 200g*36입 (1박스),컬리X햇반,https://www.kurly.com/goods/1001485260,47880,3749,2025.09.21,용량도 크고 가격도 저렴해서 주문했습니다.
도시락·밥류,향긋한 골든퀸현미쌀밥 200g*36입 (1박스),컬리X햇반,https://www.kurly.com/goods/1001485260,47880,3749,2025.09.21,"컬리는 제품들을 간편하게 살 수 있어서 좋습니다. 
건강을 위해 현미밥을 구매했어요~"
도시락·밥류,향긋한 골든퀸현미쌀밥 200g*36입 (1박스),컬리X햇반,https://www.kurly.com/goods/1001485260,47880,3749,2025.09.21,여러번 구매하는 제품
도시락·밥류,향긋한 골든퀸현미쌀밥 200g*36입 (1박스),컬리X햇반,https://www.kurly.com/goods/1001485260,47880,3749,2025.09.21,골드퀸 현미밥 맛있어요! 밥은 현미밥만 먹고 거의 해 먹지만 귀찮을때 먹으려고 세일일때 저렴한 가격에 쟁여놨어요!
도시락·밥류,향긋한 골든퀸현미쌀밥 200g*36입 (1박스),컬리X햇반,https://www.kurly.com/goods/1001485260,47880,3749,2025.09.21,비상용으로 항상 쟁여둬요
도시락·밥류,향긋한 골든퀸현미쌀밥 200g*36입 (1박스),컬리X햇반,https://www.kurly.com/goods/1001485260,47880,3749,2025.09.21,구수한 향이 아주 맛있어요
도시락·밥류,향긋한 골든퀸현미쌀밥 200g*36입 (1박스),컬리X햇반,https://www.kurly.com/goods/1001485260,47880,3749,2025.09.21,"현미밥 압력솥으로 하는거 아님 푹 익히기 어려워
컬리현미밥 자주 사먹어요
비싸서 할인하면 장 볼때 꼭 넣어요"
도시락·밥류,향긋한 골든퀸현미쌀밥 200g*36입 (1박스),컬리X햇반,https://www.kurly.com/goods/1001485260,47880,3749,2025.09.21,떨어지면 안대는 필수템 맛잇음
도시락·밥류,향긋한 골든퀸현미쌀밥 200g*36입 (1박스),컬리X햇반,https://www.kurly.com/goods/1001485260,47880,3749,2025.09.21,급할때 건강하게 한끼 먹을수있게 쟁여뒀어여
도시락·밥류,향긋한 골든퀸현미쌀밥 200g*36입 (1박스),컬리X햇반,https://www.kurly.com/goods/1001485260,47880,3749,2025.09.21,밥이 너무 구수함 존맛
도시락·밥류,향긋한 골든퀸현미쌀밥 200g*36입 (1박스),컬리X햇반,https://www.kurly.com/goods/1001485260,47880,3749,2025.09.21,누룽지향나고 너무 맛있어요
도시락·밥류,향긋한 골든퀸현미쌀밥 200g*36입 (1박스),컬리X햇반,https://www.kurly.com/goods/1001485260,47880,3749,2025.09.20,"할인해서 박스로 구매했어요
비상 식량으로 든든합니다"
도시락·밥류,향긋한 골든퀸현미쌀밥 200g*36입 (1박스),컬리X햇반,https://www.kurly.com/goods/1001485260,47880,3749,2025.09.20,식단할때 먹으려고 구매합니다
도시락·밥류,향긋한 골든퀸현미쌀밥 200g*36입 (1박스),컬리X햇반,https://www.kurly.com/goods/1001485260,47880,3749,2025.09.20,그냥 현미밥보다 향도 좋고 맛도 좋음
도시락·밥류,향긋한 골든퀸현미쌀밥 200g*36입 (1박스),컬리X햇반,https://www.kurly.com/goods/1001485260,47880,3749,2025.09.20,컬리only~가 구매하면서 더 안심이 됩니다.
도시락·밥류,향긋한 골든퀸현미쌀밥 200g*36입 (1박스),컬리X햇반,https://www.kurly.com/goods/1001485260,47880,3749,2025.09.20,늘 재구매하는 상품이에요
도시락·밥류,향긋한 골든퀸현미쌀밥 200g*36입 (1박스),컬리X햇반,https://www.kurly.com/goods/1001485260,47880,3749,2025.09.20,골드퀸일반이 좋아 현미 구매
도시락·밥류,향긋한 골든퀸현미쌀밥 200g*36입 (1박스),컬리X햇반,https://www.kurly.com/goods/1001485260,47880,3749,2025.09.20,자취템 편하고 백미보다는 식감이 좋아요
도시락·밥류,향긋한 골든퀸현미쌀밥 200g*36입 (1박스),컬리X햇반,https://www.kurly.com/goods/1001485260,47880,3749,2025.09.20,건강 생각해서 현미로 구매해봤는데 골든은 쌀이 더 낫네요
도시락·밥류,향긋한 골든퀸현미쌀밥 200g*36입 (1박스),컬리X햇반,https://www.kurly.com/goods/1001485260,47880,3749,2025.09.19,비싸서 망설이던거 세일덕에구매!
도시락·밥류,향긋한 골든퀸현미쌀밥 200g*36입 (1박스),컬리X햇반,https://www.kurly.com/goods/1001485260,47880,3749,2025.09.19,잘받았습니다 감사합니다~
도시락·밥류,향긋한 골든퀸현미쌀밥 200g*36입 (1박스),컬리X햇반,https://www.kurly.com/goods/1001485260,47880,3749,2025.09.19,금방 한 밥 냄새 너무 고소해요
도시락·밥류,향긋한 골든퀸현미쌀밥 200g*36입 (1박스),컬리X햇반,https://www.kurly.com/goods/1001485260,47880,3749,2025.09.19,배송 빠르고 포장도 정성스레~~  근데 햇반 유통기한이 임박한건 아니지만 다소 짧네요.. 12월말까지의 제품이 왔네요.
도시락·밥류,향긋한 골든퀸현미쌀밥 200g*36입 (1박스),컬리X햇반,https://www.kurly.com/goods/1001485260,47880,3749,2025.09.19,현미밥 맛있어서 자주시켜먹어요~
도시락·밥류,향긋한 골든퀸현미쌀밥 200g*36입 (1박스),컬리X햇반,https://www.kurly.com/goods/1001485260,47880,3749,2025.09.19,현미밥이 건강에 좋다고 하여 구매합니다. 비상용으로:)
도시락·밥류,향긋한 골든퀸현미쌀밥 200g*36입 (1박스),컬리X햇반,https://www.kurly.com/goods/1001485260,47880,3749,2025.09.19,"골드퀸 구수한 냄새 좋아요
현미밥리지만 애들도 잘 먹네요"
도시락·밥류,향긋한 골든퀸현미쌀밥 200g*36입 (1박스),컬리X햇반,https://www.kurly.com/goods/1001485260,47880,3749,2025.09.18,잘먹었어요현미밥ㅋㅋ
도시락·밥류,향긋한 골든퀸현미쌀밥 200g*36입 (1박스),컬리X햇반,https://www.kurly.com/goods/1001485260,47880,3749,2025.09.18,밥해먹는게 힘들어서 결국 주문하게 되는군
도시락·밥류,향긋한 골든퀸현미쌀밥 200g*36입 (1박스),컬리X햇반,https://www.kurly.com/goods/1001485260,47880,3749,2025.09.18,골든퀀 현미밥 생각보다 찰지고 맛있어요~^^
도시락·밥류,향긋한 골든퀸현미쌀밥 200g*36입 (1박스),컬리X햇반,https://www.kurly.com/goods/1001485260,47880,3749,2025.09.18,골든퀸 좋아해서 자주구매해요
도시락·밥류,향긋한 골든퀸현미쌀밥 200g*36입 (1박스),컬리X햇반,https://www.kurly.com/goods/1001485260,47880,3749,2025.09.18,"향이 구수합니다.
먹기 좋아요"
도시락·밥류,향긋한 골든퀸현미쌀밥 200g*36입 (1박스),컬리X햇반,https://www.kurly.com/goods/1001485260,47880,3749,2025.09.18,세일해서 한번 사봤는데 먹기 전이에요
도시락·밥류,닭가슴살 현미 삼각주먹밥 500g 3종 (택1),탄단지,https://www.kurly.com/goods/5151471,5580,12537,2022.10.17,"주먹밥 찾다가 할인이 떠서 사게되었어요!

일단 저는 너무 좋았던게 
낱개 포장 깔끔히 되어있었어서
전자레인지에 2분 이면 쉽게 완성될 수 있어서 먹기 간편했어요!
(2분 30초 돌리라는데 저는 2분이여도 따끈한 주먹밥이 되더라구요ㅎ)

그리고 간이 세지 않아서 같은 회사 제품인 소스 닭가슴살이랑 같이 먹어도 너무 좋았어요! (김에도 싸먹고, 닭가슴살, 김치랑 비벼먹어도 맛있었어요!)
마요네즈의 맛이 강하지 않아서 저는 마켓컬리에서 산 청량고추 마요랑도 비벼먹었더니 꿀맛🤍

밥을 많이 먹지 않아 딱 저 하나의 양이 전 너무 좋더라구요
다만 기름기가 좀 있어서 그게 아쉬웠는데
기름기가 있으니 에프에 구워먹으면 겉이 노릇노릇해질것 같네요! (에프가 없어서 시도는 못해봤는데 에프 있으신 분들은 꼭 에프에도 돌려봐주세요! 맛있을듯 ㅎㅎ)

그럼 오늘하루도 맛있게 보내세요🤍"
도시락·밥류,닭가슴살 현미 삼각주먹밥 500g 3종 (택1),탄단지,https://www.kurly.com/goods/5151471,5580,12537,2022.08.29,"다이어트중이라 조금씩 요기할 먹을거리를 찾다가
요거 아침식사나 중간에 배고플때 한끼 괜찮을거 같아서
구입했어요~ 상품평도 좋아서 궁금했어요~
지금 참치마요 먼저 하나 뜯어서 먹는중인데
너무너무 맛있어요~
특히 밥알이 찐득찐득 떡되서 뭉친밥 아니고
꼬들꼬들 하고 겉은 아주살짝 볶음밥 누룽지처럼
바삭한 식감이 아주 살짝 느껴져서 더 맛있어요!!
참치마요라길래 어떻게 마요네즈가 들어있지? 했는데
눈으로 보이는 마요네즈은 없구요~ 
밥에 이미 버무려져 있어서 맛은 살짝 납니다ㅎ
전체적으로 간도 너무 조화롭고 맛있어요~

저는 아예 봉지에서 내용물 다 빼내고 그릇에 올려
덮개없이 렌지 2분 돌렸어요~
경험상 봉지째로 넣거나 랩같은거 씌우면
밥이 초크초크 해지고 수분 가득 먹은 질은 느낌이라
그걸 안좋아해서 수분감 날릴려고 그렇게 했는데
꼬독꼬독하고 아주 맛있는 식감으로 조리되었어요!!

보통 공복으로 운동하고 오는데
오늘같이 당떨어지고 운동가기 싫을때
이거 하나에 라떼 하나 내려먹으면
다시 힘이 솟아서 운동 갈 마음 생길듯요!!
재구매 꼭 하러 돌아옵니다~!!!"
도시락·밥류,닭가슴살 현미 삼각주먹밥 500g 3종 (택1),탄단지,https://www.kurly.com/goods/5151471,5580,12537,2025.09.23,햄과 김치들어가서 맛없긴 힘들죠~ㅋ
도시락·밥류,닭가슴살 현미 삼각주먹밥 500g 3종 (택1),탄단지,https://www.kurly.com/goods/5151471,5580,12537,2025.09.23,"아이들이 좋아해요
간단하게 요기할때 딱이예요~~"
도시락·밥류,닭가슴살 현미 삼각주먹밥 500g 3종 (택1),탄단지,https://www.kurly.com/goods/5151471,5580,12537,2025.09.22,일하는 중에 따로 밥 먹을 시간이 없어서 간편히 먹을 수 있는 주먹밥 늘 냉동실에 넣어두고 먹어요~~ 자주 먹던게 질려서 요번엔 이 브랜드걸로 사 봤었어요. 간단히 먹기 좋았슴다 ㅎ
도시락·밥류,닭가슴살 현미 삼각주먹밥 500g 3종 (택1),탄단지,https://www.kurly.com/goods/5151471,5580,12537,2025.09.22,일하는 중에 따로 밥 먹을 시간이 없어서 간편히 먹을 수 있는 주먹밥 늘 냉동실에 넣어두고 먹어요~~ 자주 먹던게 질려서 요번엔 이 브랜드걸로 사 봤어요 ^^
도시락·밥류,닭가슴살 현미 삼각주먹밥 500g 3종 (택1),탄단지,https://www.kurly.com/goods/5151471,5580,12537,2025.09.21,너무 맛잇어요 간편하고
도시락·밥류,닭가슴살 현미 삼각주먹밥 500g 3종 (택1),탄단지,https://www.kurly.com/goods/5151471,5580,12537,2025.09.20,운동가기전에 간단하게 먹을용으로 구매햇어요 많이먹으면 부담스러워서 딱인거같아요
도시락·밥류,닭가슴살 현미 삼각주먹밥 500g 3종 (택1),탄단지,https://www.kurly.com/goods/5151471,5580,12537,2025.09.20,"출근길에
가볍게 먹을수 있어 좋아요"
도시락·밥류,닭가슴살 현미 삼각주먹밥 500g 3종 (택1),탄단지,https://www.kurly.com/goods/5151471,5580,12537,2025.09.20,신랑 출근 할때 하나씩 싸주면 좋아해요
도시락·밥류,닭가슴살 현미 삼각주먹밥 500g 3종 (택1),탄단지,https://www.kurly.com/goods/5151471,5580,12537,2025.09.20,생각보다 너무 맛있어서 또시킴
도시락·밥류,닭가슴살 현미 삼각주먹밥 500g 3종 (택1),탄단지,https://www.kurly.com/goods/5151471,5580,12537,2025.09.20,"벌써 세 번째 주문이에요. 두꺼운 김 사다가 길게 잘라서 싸서 먹으면 일반 컴비니에서 파는.
삼각 김밥보다 맛있는 것 같아요"
도시락·밥류,닭가슴살 현미 삼각주먹밥 500g 3종 (택1),탄단지,https://www.kurly.com/goods/5151471,5580,12537,2025.09.19,세일 좀 해주세요ㅠㅠ 이거 맛있는데
도시락·밥류,닭가슴살 현미 삼각주먹밥 500g 3종 (택1),탄단지,https://www.kurly.com/goods/5151471,5580,12537,2025.09.19,맛있어요 자주 할인해 주세요
도시락·밥류,닭가슴살 현미 삼각주먹밥 500g 3종 (택1),탄단지,https://www.kurly.com/goods/5151471,5580,12537,2025.09.19,주먹밥 중에 즐겨 먹는 주먹밥입니다 맛있어요 좋아요 😀
도시락·밥류,닭가슴살 현미 삼각주먹밥 500g 3종 (택1),탄단지,https://www.kurly.com/goods/5151471,5580,12537,2025.09.18,탄단지 닭가슴살 햄김치 현미 삼각 주먹밥 즐겨먹는 주먹밥입니다 맛있어요 자주 구입합니다 좋아요 😀 👍
도시락·밥류,닭가슴살 현미 삼각주먹밥 500g 3종 (택1),탄단지,https://www.kurly.com/goods/5151471,5580,12537,2025.09.17,"이거… 너무 좋아요
일단 한 끼 떼우는데 배고 안 고프고
가격도 엄청 착함"
도시락·밥류,닭가슴살 현미 삼각주먹밥 500g 3종 (택1),탄단지,https://www.kurly.com/goods/5151471,5580,12537,2025.09.16,점심으로 간편하게 갖고가서 먹어요
도시락·밥류,닭가슴살 현미 삼각주먹밥 500g 3종 (택1),탄단지,https://www.kurly.com/goods/5151471,5580,12537,2025.09.16,아침에 밥먹고 싶을때 준비합니다
도시락·밥류,닭가슴살 현미 삼각주먹밥 500g 3종 (택1),탄단지,https://www.kurly.com/goods/5151471,5580,12537,2025.09.16,많이 안짜고 먹을만 합니다. 굿
도시락·밥류,닭가슴살 현미 삼각주먹밥 500g 3종 (택1),탄단지,https://www.kurly.com/goods/5151471,5580,12537,2025.09.15,점심으로 가볍게 먹기좋아요
도시락·밥류,닭가슴살 현미 삼각주먹밥 500g 3종 (택1),탄단지,https://www.kurly.com/goods/5151471,5580,12537,2025.09.15,적당한 간이 좋고 가볍게 점심으로 먹기 딱좋아요
도시락·밥류,닭가슴살 현미 삼각주먹밥 500g 3종 (택1),탄단지,https://www.kurly.com/goods/5151471,5580,12537,2025.09.15,살짝씹히는 닭살과 달큰한 간장양념이 넘 맛있어요
도시락·밥류,닭가슴살 현미 삼각주먹밥 500g 3종 (택1),탄단지,https://www.kurly.com/goods/5151471,5580,12537,2025.09.15,햄김치보다 맛있어요 👍🏻👍🏻👍🏻👍🏻👍🏻
도시락·밥류,닭가슴살 현미 삼각주먹밥 500g 3종 (택1),탄단지,https://www.kurly.com/goods/5151471,5580,12537,2025.09.15,빠른배송 감사합니다 가격대비 좋아요 당뇨식으로 좋아요
도시락·밥류,닭가슴살 현미 삼각주먹밥 500g 3종 (택1),탄단지,https://www.kurly.com/goods/5151471,5580,12537,2025.09.15,재재구매템 바쁜 아침에 딱이에요
도시락·밥류,닭가슴살 현미 삼각주먹밥 500g 3종 (택1),탄단지,https://www.kurly.com/goods/5151471,5580,12537,2025.09.14,"밥 해먹기 귀찮을 때 비상용 
컵라면에 이거 하나면 딱임"
도시락·밥류,닭가슴살 현미 삼각주먹밥 500g 3종 (택1),탄단지,https://www.kurly.com/goods/5151471,5580,12537,2025.09.13,남편이 좋아하능 맛이에요
도시락·밥류,닭가슴살 현미 삼각주먹밥 500g 3종 (택1),탄단지,https://www.kurly.com/goods/5151471,5580,12537,2025.09.13,간편하게 먹기에 좋아요잉
도시락·밥류,닭가슴살 현미 삼각주먹밥 500g 3종 (택1),탄단지,https://www.kurly.com/goods/5151471,5580,12537,2025.09.13,"맛있어요 !!
간편하게 한끼로 좋네용"
도시락·밥류,닭가슴살 현미 삼각주먹밥 500g 3종 (택1),탄단지,https://www.kurly.com/goods/5151471,5580,12537,2025.09.12,맛있어요 재구매  하려고요
도시락·밥류,닭가슴살 현미 삼각주먹밥 500g 3종 (택1),탄단지,https://www.kurly.com/goods/5151471,5580,12537,2025.09.12,무난하게 먹기 좋긴한데 권장시간대로 돌려도 좀 타서 딱딱해져요ㅠㅠ 다른브랜드껀 안그러는데...
도시락·밥류,닭가슴살 현미 삼각주먹밥 500g 3종 (택1),탄단지,https://www.kurly.com/goods/5151471,5580,12537,2025.09.12,이것저것 주먹밥 사먹어봤지만 탄단지 주먹밥이 제일 맛나요!
도시락·밥류,닭가슴살 현미 삼각주먹밥 500g 3종 (택1),탄단지,https://www.kurly.com/goods/5151471,5580,12537,2025.09.11,아침용으로 딱이에요!!
도시락·밥류,닭가슴살 현미 삼각주먹밥 500g 3종 (택1),탄단지,https://www.kurly.com/goods/5151471,5580,12537,2025.09.10,다이어트용으로 구매
도시락·밥류,닭가슴살 현미 삼각주먹밥 500g 3종 (택1),탄단지,https://www.kurly.com/goods/5151471,5580,12537,2025.09.10,여기꺼 좋아하는데 다른맛은 이제 구매 안되나봐요 ㅠ
도시락·밥류,닭가슴살 현미 삼각주먹밥 500g 3종 (택1),탄단지,https://www.kurly.com/goods/5151471,5580,12537,2025.09.09,"후기 좋아서 사봤어요~
잘 먹어볼게요!"
도시락·밥류,닭가슴살 현미 삼각주먹밥 500g 3종 (택1),탄단지,https://www.kurly.com/goods/5151471,5580,12537,2025.09.09,"밥안먹고출근하는 남편때문에 속터지는 내가 
이걸로라도 쇼부를봤어요
운동한다고 새벽에 휙 나가버리는데 부랴부랴 이거라도 챙겨서 통에챙겨주면 들고나가요
어우 한대 콱"
도시락·밥류,닭가슴살 현미 삼각주먹밥 500g 3종 (택1),탄단지,https://www.kurly.com/goods/5151471,5580,12537,2025.09.09,이거 안사다놨더니 밥도안먹고 운동하고출근하는 남편
도시락·밥류,닭가슴살 현미 삼각주먹밥 500g 3종 (택1),탄단지,https://www.kurly.com/goods/5151471,5580,12537,2025.09.09,이거라도사놔야 운동하는 남편이 아침을먹어요
도시락·밥류,닭가슴살 현미 삼각주먹밥 500g 3종 (택1),탄단지,https://www.kurly.com/goods/5151471,5580,12537,2025.09.08,"먹고 재구매한 식품!
주변에 추천해주고, 또 그 지인이 다른분 추천해주고 해서 연쇄 구매 하게 되는 정말 맛있고 성분좋은 주먹밥!"
도시락·밥류,닭가슴살 현미 삼각주먹밥 500g 3종 (택1),탄단지,https://www.kurly.com/goods/5151471,5580,12537,2025.09.08,저녁대신먹는데 괜찮아서 2번째구매함
도시락·밥류,닭가슴살 현미 삼각주먹밥 500g 3종 (택1),탄단지,https://www.kurly.com/goods/5151471,5580,12537,2025.09.08,저녁대신 하나씩먹어요.좋아요
도시락·밥류,닭가슴살 현미 삼각주먹밥 500g 3종 (택1),탄단지,https://www.kurly.com/goods/5151471,5580,12537,2025.09.08,맛이 바뀐 거 같아요 ㅜㅜ 뭐죠?
도시락·밥류,닭가슴살 현미 삼각주먹밥 500g 3종 (택1),탄단지,https://www.kurly.com/goods/5151471,5580,12537,2025.09.08,"건강하고 맛있는 주먹밥
최고에요"
도시락·밥류,닭가슴살 현미 삼각주먹밥 500g 3종 (택1),탄단지,https://www.kurly.com/goods/5151471,5580,12537,2025.09.08,아침에 편하게주기좋아요 에프5분돌림 겉바속촉
도시락·밥류,닭가슴살 현미 삼각주먹밥 500g 3종 (택1),탄단지,https://www.kurly.com/goods/5151471,5580,12537,2025.09.07,무난한데 다른 브랜드보가 조리시간이 길어서 아쉽
도시락·밥류,닭가슴살 현미 삼각주먹밥 500g 3종 (택1),탄단지,https://www.kurly.com/goods/5151471,5580,12537,2025.09.07,간편하고 맛있어요👍
도시락·밥류,닭가슴살 현미 삼각주먹밥 500g 3종 (택1),탄단지,https://www.kurly.com/goods/5151471,5580,12537,2025.09.07,간이 쎄지 않고 간식으로 먹기도 괜찮아요. 다이어트할 때 샐러드랑 같이 먹어요.
도시락·밥류,닭가슴살 현미 삼각주먹밥 500g 3종 (택1),탄단지,https://www.kurly.com/goods/5151471,5580,12537,2025.09.07,"간장버터 맛있어요
간도 적당하고 김없어도 맛있음"
도시락·밥류,꼬마 유부초밥,풀무원,https://www.kurly.com/goods/5069130,3480,20591,2022.10.31,"처음 사 봤어요
저는 집에 밥 해놓은게 없어서
햇반으로 하다 보니
설명서에서 말하는 한공기 반이 아니라
밥 양을 햇반2개(두공기겠죠?)로 했어요
그래서 양념이 부족한 상태니까
집에 있는 단무지 잘게 썰어서 밥양념에 넣었습니다
근데 진짜 완성하고 보니
밥 양이 반공기정도가 남더라구요 ㅋㅋ
설명서에처럼 완성하면 밥 한공기반으로 생각하시몈 될 것 같아요
맛은.. 애들이 먹기에 좋은 맛이에요
어른입맛엔 약간 심심한데? 하실 수도 있을 것 같아요
제가 밥 양을 좀더 넣은 것도 있지만
타제품으로 만들었을땐 맛이 그래도 이렇게 약하진 않았거든요~
여튼 입맛이나 먹을 사람에 따라 유부초밥제품 고르시면 될텐데
이건 딱 건강하게 유부초밥 먹고싶으신 분들에게 좋을 것 같단 생각이 듭니다!
저는 요것만 먹을게 아니라
반찬(?)을 곁들일 생각이라 ㅋㅋ
오히려 간이 세지 않아 좋았습니다"
도시락·밥류,꼬마 유부초밥,풀무원,https://www.kurly.com/goods/5069130,3480,20591,2025.09.23,아이 가을소풍 도시락용~ㅎ
도시락·밥류,꼬마 유부초밥,풀무원,https://www.kurly.com/goods/5069130,3480,20591,2025.09.22,유부초밥 맛나요 좋아요
도시락·밥류,꼬마 유부초밥,풀무원,https://www.kurly.com/goods/5069130,3480,20591,2025.09.22,아이들이 너무 좋아해요. 매번 구입하고 있어요.짱
도시락·밥류,꼬마 유부초밥,풀무원,https://www.kurly.com/goods/5069130,3480,20591,2025.09.22,아이가 고소하다고 이 유부만 좋아해요
도시락·밥류,꼬마 유부초밥,풀무원,https://www.kurly.com/goods/5069130,3480,20591,2025.09.21,늘 컬리에서만 사요!!!!
도시락·밥류,꼬마 유부초밥,풀무원,https://www.kurly.com/goods/5069130,3480,20591,2025.09.21,아이도시락 싸주려구요~~~
도시락·밥류,꼬마 유부초밥,풀무원,https://www.kurly.com/goods/5069130,3480,20591,2025.09.21,아이 간식으로 한 봉지 뚝딱
도시락·밥류,꼬마 유부초밥,풀무원,https://www.kurly.com/goods/5069130,3480,20591,2025.09.21,한입에 먹기 좋은 크기
도시락·밥류,꼬마 유부초밥,풀무원,https://www.kurly.com/goods/5069130,3480,20591,2025.09.20,작아서 도시락으로 좋아요
도시락·밥류,꼬마 유부초밥,풀무원,https://www.kurly.com/goods/5069130,3480,20591,2025.09.20,급하게 해먹기에 맛나요. 애도 잘먹네요
도시락·밥류,꼬마 유부초밥,풀무원,https://www.kurly.com/goods/5069130,3480,20591,2025.09.20,애기만들어줬는데 잘먹네요!
도시락·밥류,꼬마 유부초밥,풀무원,https://www.kurly.com/goods/5069130,3480,20591,2025.09.19,애들이 먹기엔 꼬마유부초밥이 확실히 작고 편해요
도시락·밥류,꼬마 유부초밥,풀무원,https://www.kurly.com/goods/5069130,3480,20591,2025.09.19,두부유부해먹으려고 샀아요 한입크기라 좋어요
도시락·밥류,꼬마 유부초밥,풀무원,https://www.kurly.com/goods/5069130,3480,20591,2025.09.19,양이 아이랑 한번에 해먹기 적당해서 자주 사요
도시락·밥류,꼬마 유부초밥,풀무원,https://www.kurly.com/goods/5069130,3480,20591,2025.09.19,꼬마 유부초밥이 더피가두꺼워서맛있어요
도시락·밥류,꼬마 유부초밥,풀무원,https://www.kurly.com/goods/5069130,3480,20591,2025.09.18,ㅓ양도다우오어러로러
도시락·밥류,꼬마 유부초밥,풀무원,https://www.kurly.com/goods/5069130,3480,20591,2025.09.18,빠르고 간단하게 함께 해결할 수 있어서 늘 구매하는 유부 초
도시락·밥류,꼬마 유부초밥,풀무원,https://www.kurly.com/goods/5069130,3480,20591,2025.09.18,아이들이 좋아하고 비상용으로 자주 구매합니다
도시락·밥류,꼬마 유부초밥,풀무원,https://www.kurly.com/goods/5069130,3480,20591,2025.09.17,사이즈가 적당하고 맛있어서 자주구매해요
도시락·밥류,꼬마 유부초밥,풀무원,https://www.kurly.com/goods/5069130,3480,20591,2025.09.15,자주 시키는 유부초밥이에요
도시락·밥류,꼬마 유부초밥,풀무원,https://www.kurly.com/goods/5069130,3480,20591,2025.09.15,좋은 제품 잘 구매했어요 좋아요
도시락·밥류,꼬마 유부초밥,풀무원,https://www.kurly.com/goods/5069130,3480,20591,2025.09.15,유부초밥은 싸기가 귀찮아서 문제예요
도시락·밥류,꼬마 유부초밥,풀무원,https://www.kurly.com/goods/5069130,3480,20591,2025.09.15,가끔 아이들 간식으로 만들어주고 있어용
도시락·밥류,꼬마 유부초밥,풀무원,https://www.kurly.com/goods/5069130,3480,20591,2025.09.15,아이가 좋아해서 샀어요
도시락·밥류,꼬마 유부초밥,풀무원,https://www.kurly.com/goods/5069130,3480,20591,2025.09.15,"아이가 먹어보고 싶데서 
사봤어요
아직 먹어보기전이라 어떤지는 잘모르겠음"
도시락·밥류,꼬마 유부초밥,풀무원,https://www.kurly.com/goods/5069130,3480,20591,2025.09.15,유부초밥하려고샀어용. .
도시락·밥류,꼬마 유부초밥,풀무원,https://www.kurly.com/goods/5069130,3480,20591,2025.09.15,아침 대용으로 주문 했는데 뚝딱 간편하게 잘 만들어 먹었어용//
도시락·밥류,꼬마 유부초밥,풀무원,https://www.kurly.com/goods/5069130,3480,20591,2025.09.15,"맛있네요. 아는 맛, 바로 그맛이에요."
도시락·밥류,꼬마 유부초밥,풀무원,https://www.kurly.com/goods/5069130,3480,20591,2025.09.14,햇반 하나에 뚝깍 해치웠네요ㅎㅎ 간편하게 해먹기 넘 조아욥
도시락·밥류,꼬마 유부초밥,풀무원,https://www.kurly.com/goods/5069130,3480,20591,2025.09.14,"가끔씩 간단하게 차려줄 때, 나들이 갈 때 딱 좋아요~"
도시락·밥류,꼬마 유부초밥,풀무원,https://www.kurly.com/goods/5069130,3480,20591,2025.09.14,한입 사이즈라 아이가 먹기 좋아요
도시락·밥류,꼬마 유부초밥,풀무원,https://www.kurly.com/goods/5069130,3480,20591,2025.09.14,유부초밥 해먹으려고 세일하는 걸로 구매했어요
도시락·밥류,꼬마 유부초밥,풀무원,https://www.kurly.com/goods/5069130,3480,20591,2025.09.13,간편하게 요리해먹으려고 샀어요
도시락·밥류,꼬마 유부초밥,풀무원,https://www.kurly.com/goods/5069130,3480,20591,2025.09.13,사이즈가 작아서 아이들이 먹기 좋아요
도시락·밥류,꼬마 유부초밥,풀무원,https://www.kurly.com/goods/5069130,3480,20591,2025.09.12,유부초밥 사이즈가 작아서 한입에 먹기 딱 좋아요
도시락·밥류,꼬마 유부초밥,풀무원,https://www.kurly.com/goods/5069130,3480,20591,2025.09.12,배송 잘 왔습니다.
도시락·밥류,꼬마 유부초밥,풀무원,https://www.kurly.com/goods/5069130,3480,20591,2025.09.12,꼬마유부지만 그렇게 작은건 아니라 더 좋은~
도시락·밥류,꼬마 유부초밥,풀무원,https://www.kurly.com/goods/5069130,3480,20591,2025.09.11,아이들이 잘 먹어서 좋아요
도시락·밥류,꼬마 유부초밥,풀무원,https://www.kurly.com/goods/5069130,3480,20591,2025.09.11,작을것 같은데 의외로 다 먹고 나면 든든한 신기한 꼬마 초밥 이었다네. 그래도 다음엔 보통 사이즈로 사야지ㅎㅎ
도시락·밥류,꼬마 유부초밥,풀무원,https://www.kurly.com/goods/5069130,3480,20591,2025.09.11,꼬마 유부 초밥 맛있어요.
도시락·밥류,꼬마 유부초밥,풀무원,https://www.kurly.com/goods/5069130,3480,20591,2025.09.11,"유부초밥할때 한입에들어가
갠적으로 미니가좋아요"
도시락·밥류,꼬마 유부초밥,풀무원,https://www.kurly.com/goods/5069130,3480,20591,2025.09.11,간편하게 밥먹일때 좋아요 크기도 작고
도시락·밥류,꼬마 유부초밥,풀무원,https://www.kurly.com/goods/5069130,3480,20591,2025.09.11,한 입에 먹기 좋은 사이즈
도시락·밥류,꼬마 유부초밥,풀무원,https://www.kurly.com/goods/5069130,3480,20591,2025.09.11,아이들 한끼 해주기 좋아서 구매!
도시락·밥류,꼬마 유부초밥,풀무원,https://www.kurly.com/goods/5069130,3480,20591,2025.09.10,아기 만들어주려고 구매합니다~
도시락·밥류,꼬마 유부초밥,풀무원,https://www.kurly.com/goods/5069130,3480,20591,2025.09.10,유부 넣고 솥밥해도 맛나요
도시락·밥류,꼬마 유부초밥,풀무원,https://www.kurly.com/goods/5069130,3480,20591,2025.09.10,처음 구매 했는데 아이가 좋아 합니다
도시락·밥류,꼬마 유부초밥,풀무원,https://www.kurly.com/goods/5069130,3480,20591,2025.09.09,아이들 간식으로 자주 삽니다.
도시락·밥류,꼬마 유부초밥,풀무원,https://www.kurly.com/goods/5069130,3480,20591,2025.09.09,아이들 간식으로 좋네요! 맛있어요
도시락·밥류,주먹밥 4종,애슐리,https://www.kurly.com/goods/1000275030,7900,1893,2023.10.25,"치즈갈릭 스테이크 주먹밥
갈릭향만 나는게 아니고 진짜 구운 갈릭이 있어요 기대안하고 먹었는데 너무 맛있어서의외였어요. 자극적이지도 않고 그렇다고 밍밍하지도 않은데 너무 맛있어서 하루에 한개씩 먹고 있어요 이건 간식 식사 둘다 좋을것 같아요

특징 : 간간한 맛인거 같으면서 갈릭의 풍미가 너무 좋은 주먹밥이에요 제가 갈릭을 좋아해서 그런지 너무 맛있었어요 매**갈릭에서 먹던 시즐링 볶음밥맛도 나는거 같고..

맛 : 알싸한 맛이 마늘때문인지는 모르겠는데 약간의 매콤함이 있어요 이건 고추의 매콤함이라기보단 후추의 매콤함? 진짜 갈릭구운게 들어가서 향도훨씬 많이나고 맛도 있어여 리얼한 먹다가 조끔 지겨워질만할떄 치즈를 함께 먹으면 불향과 매콤함을 가라앉혀주면서 부드러운 맛이 됩니다"
도시락·밥류,주먹밥 4종,애슐리,https://www.kurly.com/goods/1000275030,7900,1893,2025.09.22,애슐리 중 버터와규가 제일맛있어요
도시락·밥류,주먹밥 4종,애슐리,https://www.kurly.com/goods/1000275030,7900,1893,2025.09.20,콘치즈 완전 맛나요 또 주문할게요 주식이 됐네요 주먹밥ㅎ
도시락·밥류,주먹밥 4종,애슐리,https://www.kurly.com/goods/1000275030,7900,1893,2025.09.20,편한배송 감사합니다~.
도시락·밥류,주먹밥 4종,애슐리,https://www.kurly.com/goods/1000275030,7900,1893,2025.09.18,햇반주먹밥 생각하며 사봤는데 애들이 잘 안먹네요ㅎ
도시락·밥류,주먹밥 4종,애슐리,https://www.kurly.com/goods/1000275030,7900,1893,2025.09.17,출근하면 아이들 학교-학원사이 요기거리찾는데 간단히 렌지돌려먹고가니 편해요.
도시락·밥류,주먹밥 4종,애슐리,https://www.kurly.com/goods/1000275030,7900,1893,2025.09.17,버터풍미가 많이 나는제품입니다.가볍게 먹기좋아요.
도시락·밥류,주먹밥 4종,애슐리,https://www.kurly.com/goods/1000275030,7900,1893,2025.09.17,콘치즈가 매운맛을 잡아주니 아이들이 잘먹습니다.
도시락·밥류,주먹밥 4종,애슐리,https://www.kurly.com/goods/1000275030,7900,1893,2025.09.17,이것만 먹음 느끼할듯
도시락·밥류,주먹밥 4종,애슐리,https://www.kurly.com/goods/1000275030,7900,1893,2025.09.17,맛있어요 간편하게 먹기 좋음
도시락·밥류,주먹밥 4종,애슐리,https://www.kurly.com/goods/1000275030,7900,1893,2025.09.16,아직 먹기전인데 다욧하려고 구매해봤어여
도시락·밥류,주먹밥 4종,애슐리,https://www.kurly.com/goods/1000275030,7900,1893,2025.09.16,맛이...음...가격 대비 만족합니다.... .
도시락·밥류,주먹밥 4종,애슐리,https://www.kurly.com/goods/1000275030,7900,1893,2025.09.16,갈릭의 향이 그득해요. 치즈도 늘어나서 맛있어요. 고기도 조금 있긴해요. 5개 들어 있어요
도시락·밥류,주먹밥 4종,애슐리,https://www.kurly.com/goods/1000275030,7900,1893,2025.09.15,맛있어요 직장가져가서 점심시간에 간편하게 데워먹음 적당히 배불러서 좋아요
도시락·밥류,주먹밥 4종,애슐리,https://www.kurly.com/goods/1000275030,7900,1893,2025.09.13,바쁠때 애들 밥으로 좋아요~
도시락·밥류,주먹밥 4종,애슐리,https://www.kurly.com/goods/1000275030,7900,1893,2025.09.12,다들 추천한 이유가 있는듯. 늘 김치만 먹었는데 맛있네요.
도시락·밥류,주먹밥 4종,애슐리,https://www.kurly.com/goods/1000275030,7900,1893,2025.09.12,다른 브랜드 건 좀 짜고 물리던데 여기껀 간도 쎄지않고 내용물도 적당히 들어서 맛있네요.
도시락·밥류,주먹밥 4종,애슐리,https://www.kurly.com/goods/1000275030,7900,1893,2025.09.12,주먹밥은 쟁여놔야하는데 맛있어보여서 샀어요 후기는 쏘쏘였지만...
도시락·밥류,주먹밥 4종,애슐리,https://www.kurly.com/goods/1000275030,7900,1893,2025.09.11,가볍게 먹기 좋아요~맛있어요!!
도시락·밥류,주먹밥 4종,애슐리,https://www.kurly.com/goods/1000275030,7900,1893,2025.09.11,아이들이 좋아해서 샀어요
도시락·밥류,주먹밥 4종,애슐리,https://www.kurly.com/goods/1000275030,7900,1893,2025.09.11,애슐리 브랜드 주먹밥이 개인적으로 제일 맛있어서 다른맛도 구매해봤어요! 약간 느끼할 수 있지만 매콤한 소스랑 같이 먹으니 궁합이 좋네요 ㅎㅎ 맛있어요!
도시락·밥류,주먹밥 4종,애슐리,https://www.kurly.com/goods/1000275030,7900,1893,2025.09.11,"회사 점심시간에 먹을려고 구매했었는데 맛있어서 재구매합니다! 밥알도 무르지않고 치즈도 적당량 들어있어서
맛도 좋아요~ 맛별로 재구매해볼려구요!"
도시락·밥류,주먹밥 4종,애슐리,https://www.kurly.com/goods/1000275030,7900,1893,2025.09.11,간편하규 간단하게 먹음
도시락·밥류,주먹밥 4종,애슐리,https://www.kurly.com/goods/1000275030,7900,1893,2025.09.10,"치즈가많진않네요, ,"
도시락·밥류,주먹밥 4종,애슐리,https://www.kurly.com/goods/1000275030,7900,1893,2025.09.08,간단하게 먹기 좋아요 맛있음
도시락·밥류,주먹밥 4종,애슐리,https://www.kurly.com/goods/1000275030,7900,1893,2025.09.08,"도시락과 주먹밥같이 먹으면 한끼뚝딱
남편이만족하고있습니다"
도시락·밥류,주먹밥 4종,애슐리,https://www.kurly.com/goods/1000275030,7900,1893,2025.09.08,도시락과 주먹밥하나 먹으면 한끼뚝딱~~^^
도시락·밥류,주먹밥 4종,애슐리,https://www.kurly.com/goods/1000275030,7900,1893,2025.09.07,후기보고 사봤어요 맛있길요
도시락·밥류,주먹밥 4종,애슐리,https://www.kurly.com/goods/1000275030,7900,1893,2025.09.06,기대에 비해 평범했어요
도시락·밥류,주먹밥 4종,애슐리,https://www.kurly.com/goods/1000275030,7900,1893,2025.09.05,잘받았습니다 감사합니다 맛나게먹을거야ㅡ
도시락·밥류,주먹밥 4종,애슐리,https://www.kurly.com/goods/1000275030,7900,1893,2025.09.05,이거 별로던데 언니가 시켰네\
도시락·밥류,주먹밥 4종,애슐리,https://www.kurly.com/goods/1000275030,7900,1893,2025.09.03,치즈 갈릭 스테이크 구매 합니다
도시락·밥류,주먹밥 4종,애슐리,https://www.kurly.com/goods/1000275030,7900,1893,2025.09.03,김치 콘치즈 주먹밥 구매 합니다
도시락·밥류,주먹밥 4종,애슐리,https://www.kurly.com/goods/1000275030,7900,1893,2025.09.03,아침으로 간단하게 먹기 좋은 것 같아요.
도시락·밥류,주먹밥 4종,애슐리,https://www.kurly.com/goods/1000275030,7900,1893,2025.09.03,너무 맛있어용.. 이틀만에 다 먹구 또 새로 시켰어요 정신없이 찍느라 음식 사진은 없지만.. 굿
도시락·밥류,주먹밥 4종,애슐리,https://www.kurly.com/goods/1000275030,7900,1893,2025.09.02,전자렌지보다 에프에 구우면 바싹하니 맛있어요~
도시락·밥류,주먹밥 4종,애슐리,https://www.kurly.com/goods/1000275030,7900,1893,2025.09.02,작아서 두개는 먹어야 배가 차요
도시락·밥류,주먹밥 4종,애슐리,https://www.kurly.com/goods/1000275030,7900,1893,2025.09.02,아침이나 출출할 때 간단하게 먹으려고 샀어요.
도시락·밥류,주먹밥 4종,애슐리,https://www.kurly.com/goods/1000275030,7900,1893,2025.09.01,"콘을 너무 좋아해서
콘치즈 삼각김밥이 있어 너무 좋아요
점심에 밥을 회사에 챙겨가는데
너무 맛있게 먹고있어요
그런데 내용물이 많이 작긴하네요 ㅠ
콘치즈가 별로 없어요 ㅠ"
도시락·밥류,주먹밥 4종,애슐리,https://www.kurly.com/goods/1000275030,7900,1893,2025.09.01,시식전이에요 참치나 김치 주먹밥 질려서 구입해 봤어요
도시락·밥류,주먹밥 4종,애슐리,https://www.kurly.com/goods/1000275030,7900,1893,2025.08.30,아침밥에 먹으려고  구매요
도시락·밥류,주먹밥 4종,애슐리,https://www.kurly.com/goods/1000275030,7900,1893,2025.08.30,아침밥 대용으로 먹으려고요
도시락·밥류,주먹밥 4종,애슐리,https://www.kurly.com/goods/1000275030,7900,1893,2025.08.30,평이 좋길래 사봤는데 애들이 맛이 별로라네요..컬리에서 삼각주먹밥 여러가지 사봤는데 이건 재구매는 못할듯
도시락·밥류,주먹밥 4종,애슐리,https://www.kurly.com/goods/1000275030,7900,1893,2025.08.29,싸게 잘 사서 넘 좋아요
도시락·밥류,주먹밥 4종,애슐리,https://www.kurly.com/goods/1000275030,7900,1893,2025.08.28,운동끝나고먹으라고시켜줬더니 닭가슴살아니라고 안먹는다는 남편
도시락·밥류,주먹밥 4종,애슐리,https://www.kurly.com/goods/1000275030,7900,1893,2025.08.28,우리남편 운동끝나고 와구와구먹으라고 시켰지
도시락·밥류,주먹밥 4종,애슐리,https://www.kurly.com/goods/1000275030,7900,1893,2025.08.28,주먹밥 편해요 좋아요
도시락·밥류,주먹밥 4종,애슐리,https://www.kurly.com/goods/1000275030,7900,1893,2025.08.28,고기맛 간편 삼각 좋음 애슐리 맛나죵
도시락·밥류,주먹밥 4종,애슐리,https://www.kurly.com/goods/1000275030,7900,1893,2025.08.27,아이들 아침 대용으로 구입했습니다. 아이들이 맛있다고 해서 뿌듯하네요^^
도시락·밥류,주먹밥 4종,애슐리,https://www.kurly.com/goods/1000275030,7900,1893,2025.08.27,요즘 이거에 꽂혔어요ㅎㅎ
도시락·밥류,다이어트 도시락 8종,마이비밀,https://www.kurly.com/goods/5056117,4900,46287,2023.10.29,"일이 밤 늦게 끝나는 편이라 밥을 챙겨먹기 쉽지않고 귀찮은데 이 도시락으로 해결했어요ㅠㅠ
항시? 다이어트중이라 ㅎㅎ 타사 도시락 다 먹어봤는데 맛도 배부른 만족감도 마이비밀 도시락 만한게 없더라구요 결국 돌아오게되는 마성의 맛,,,˗ˋˏ ♡ ˎˊ˗ 

저는 계란후라이를 하나 기본으로 같이 구워서 먹어주는 편이에요! 그릇 하나 준비해서 밥에다가 계란 올리구 옆에 닭갈비나 제육, 떡갈비 등을 비벼먹으면 덮밥이 따로 없더라구요 ㅎㅎ 
저는 저칼로리 마요네즈랑 데리야끼소스도 함께 뿌려서 비며먹어요!! 징짜 마싯습니당!

칼로리도 낮고 단백질도 은근 많아서 한끼 건강하게 든든하게 먹을수 있어서 넘 조아요 저는 꾸준히 재구매 중입니다 ㅎ 도시락 유목민들 모이세요!

*맛 추천: 닭갈비(매콤)<<<떡갈비, 함박스테이크<제육(매콤) 

닭갈비가 최애메뉴에요!!!! 달짝매콤한 맛이 먹어도 먹어도 안질리는 맛,, 한번씩 다른맛 도시락 먹어주면 또 넘 맛있어요 ㅎㅎ 마이비밀 도시락 흥해라~~"
도시락·밥류,다이어트 도시락 8종,마이비밀,https://www.kurly.com/goods/5056117,4900,46287,2021.09.25,"제가 살을 빼보겠다고 별에 별짓을 다해봤습니다. 
원푸드 다이어트, 다이어트 영양제, 운동, 피티 안해본 게 없습니다. 
하지만 항상 식단에서 무너지더군요. 아무리 포만감이 충분하고
영양소가 충분하더라도 맛이 없는 식단이면 절대 오래 지속이 안되더라구요 

정말 마지막이라고 생각하고 선택한 마이비밀 다이어트 도시락은 
제가 유일하게 다이어트에 성공해나가는 비결입니다. 
일주일만에 벌써 3KG나 감량되었고 효과를 몸소 체험하는 바입니다. 

차근차근 마이비밀 다이어트 도시락에 대해 평가해볼게요 

1. 맛 ★★★★★
밥과 반찬 모두 다 더해도 400KCAL가 안넘어가니까 
반찬이 좀 부족하다 느껴져도 소스랑 밥이랑 먹으니까 금새 먹더라구요 
그리고 고기반찬이 메인으로 된 도시락은 콩고기가 아니고 
진짜 돼지고기 소고기가 들어가서 그냥 존맛탱입니다. 


2. 영양  ★★★★★
일단 밥자체가 단순 현미밥 곡물밥이아니라 렌틸콩이나 귀리 이런게 
다 함유되서 칼로리랑 탄수화물을 최대한 낮추고 비타민과 무기질이
섭취되는점이 너무 좋구요. 아까도 말했듯이 고기반찬이 정말 
맛있어서 계속 먹게되는거 같습니다. 


3. 효과  ★★★★★
사진에 첨부하겠지만 일주일만에 3KG감량되었네요 ㅎㅎ
점심은 일반식으로 다 먹고 저녁만 도시락을 먹었는데도
바로 효과가 나타나서 기분이 너무 좋습니다 ㅎㅎ 
단, 간식이나 음료수 콜라 이런건 절대 금물입니다. !!


4. 마무리 총평  ★★★★★
맛 영양 감량 효과 모두 다 잡은 마이비밀 도시락
모두에게 추천드립니다 ! ! !
다들 건강한 다이어트 성공하세요~"
도시락·밥류,다이어트 도시락 8종,마이비밀,https://www.kurly.com/goods/5056117,4900,46287,2021.07.28,직장인인데요 다이어트중 식단은 매우 어려운 부분입니다 매번 식단을 짜고 바꾸기엔 시간도 많이 소요되고  마트가서 재료사고 냉장고에 쟁여두고 준비하는데도 시간이 많이 소요되고 정말 번거롭거든요 매번 같은걸먹을수도 없기에 항상 고민을 했었는데요  요 다이어트도시락이 제고민을 싹 해결을 해주네요 맛도 있고 영양도 놓치지않고 칼로리도 적게 챙겨먹을수 있는 요런 도시락이 있어서 다행이고 희소식입니다  사실 이걸 알기전까진 파리바게트에서 닭가슴살샐러드위주로 먹었는데 다이어트 하는 저에겐 정말 희소식이고 맛있게 건강하게 씹는행복도 주면서 다이어트를 할수있게 이런 도시락을 만들어주는 회사에 감사할따름입니다 제가 나이가 40대후반이라 그런지 배고픔을 많이 느끼거든요 근데 마이비밀 다어어트 도시락은 다 맛있는거같아요 제겐 딱이네요
도시락·밥류,다이어트 도시락 8종,마이비밀,https://www.kurly.com/goods/5056117,4900,46287,2025.09.21,간단하게 먹기 좋아요 맛있어요!
도시락·밥류,다이어트 도시락 8종,마이비밀,https://www.kurly.com/goods/5056117,4900,46287,2025.09.21,간단하게 먹기 좋아요 맛있어요!!!
도시락·밥류,다이어트 도시락 8종,마이비밀,https://www.kurly.com/goods/5056117,4900,46287,2025.09.21,간단하게 먹기 좋아요 맛있어요!!!
도시락·밥류,다이어트 도시락 8종,마이비밀,https://www.kurly.com/goods/5056117,4900,46287,2025.09.21,간단하게 먹기 좋아요 맛있어요!
도시락·밥류,다이어트 도시락 8종,마이비밀,https://www.kurly.com/goods/5056117,4900,46287,2025.09.21,간단하게 먹기 좋아요 맛있어요!!
도시락·밥류,다이어트 도시락 8종,마이비밀,https://www.kurly.com/goods/5056117,4900,46287,2025.09.21,간단하게 먹기 좋아요 맛있어요!
도시락·밥류,다이어트 도시락 8종,마이비밀,https://www.kurly.com/goods/5056117,4900,46287,2025.09.21,간단하게 먹기 좋아요 맛있어요!
도시락·밥류,다이어트 도시락 8종,마이비밀,https://www.kurly.com/goods/5056117,4900,46287,2025.09.20,음... 한번만 먹을래요
도시락·밥류,다이어트 도시락 8종,마이비밀,https://www.kurly.com/goods/5056117,4900,46287,2025.09.19,바쁜아침에 비상용으로..ㅎ
도시락·밥류,다이어트 도시락 8종,마이비밀,https://www.kurly.com/goods/5056117,4900,46287,2025.09.18,"지인이 맛있다길래 따라 구입했어요
양 자체는 다른 냉동도시락류와 비슷하지만 맛이 너무 맛있어서 만족합니다"
도시락·밥류,다이어트 도시락 8종,마이비밀,https://www.kurly.com/goods/5056117,4900,46287,2025.09.18,"지인이 맛있다길래 따라 구입했어요
양은 다른 냉동도시락류와 비슷하지만 맛이 너무 맛있어서 만족합니다"
도시락·밥류,다이어트 도시락 8종,마이비밀,https://www.kurly.com/goods/5056117,4900,46287,2025.09.17,도시락 재주문 맛괜찮아요~
도시락·밥류,다이어트 도시락 8종,마이비밀,https://www.kurly.com/goods/5056117,4900,46287,2025.09.17,간단하게 먹기 좋아요~
도시락·밥류,다이어트 도시락 8종,마이비밀,https://www.kurly.com/goods/5056117,4900,46287,2025.09.17,"마이비밀 간편식은 먹기좋게 잘 나와서
자주 구매해요~~^^"
도시락·밥류,다이어트 도시락 8종,마이비밀,https://www.kurly.com/goods/5056117,4900,46287,2025.09.17,간편식으로 먹기 딱 좋아요
도시락·밥류,다이어트 도시락 8종,마이비밀,https://www.kurly.com/goods/5056117,4900,46287,2025.09.15,가볍게 먹을 수 있고 다이어트식이라 좋습니다
도시락·밥류,다이어트 도시락 8종,마이비밀,https://www.kurly.com/goods/5056117,4900,46287,2025.09.15,가볍게 먹을 수 있어서 좋습니다
도시락·밥류,다이어트 도시락 8종,마이비밀,https://www.kurly.com/goods/5056117,4900,46287,2025.09.14,미트볼도괜찮고 소스도 맛있어요
도시락·밥류,다이어트 도시락 8종,마이비밀,https://www.kurly.com/goods/5056117,4900,46287,2025.09.14,정말 닭갈비 맛이 나네 괜찮아요
도시락·밥류,다이어트 도시락 8종,마이비밀,https://www.kurly.com/goods/5056117,4900,46287,2025.09.14,현미밥이 아주 좋아요
도시락·밥류,다이어트 도시락 8종,마이비밀,https://www.kurly.com/goods/5056117,4900,46287,2025.09.14,여러 가지 맛으로 구매했어요했어
도시락·밥류,다이어트 도시락 8종,마이비밀,https://www.kurly.com/goods/5056117,4900,46287,2025.09.14,다이어트 도시락 맛있어요
도시락·밥류,다이어트 도시락 8종,마이비밀,https://www.kurly.com/goods/5056117,4900,46287,2025.09.14,김치같은 반찬을 전자레인지에 돌리면 맛이 이상하지 않을까 걱정했는데 맛있엇습니다 양도 저는 적당히 배부른 정도였어요!
도시락·밥류,다이어트 도시락 8종,마이비밀,https://www.kurly.com/goods/5056117,4900,46287,2025.09.14,냉동식품이다보니 냉동식품 특유의 냉장고맛?이 날까 걱정했는데 생각보다 괜찮앗어여 간편하게 먹기 좋은 듯해여
도시락·밥류,다이어트 도시락 8종,마이비밀,https://www.kurly.com/goods/5056117,4900,46287,2025.09.13,간편하게 먹을 수 있어서 좋네요
도시락·밥류,다이어트 도시락 8종,마이비밀,https://www.kurly.com/goods/5056117,4900,46287,2025.09.13,칼로리가 낮다고 해서 먹어 보려고요
도시락·밥류,다이어트 도시락 8종,마이비밀,https://www.kurly.com/goods/5056117,4900,46287,2025.09.13,맛있다고 해서 기대돼요!
도시락·밥류,다이어트 도시락 8종,마이비밀,https://www.kurly.com/goods/5056117,4900,46287,2025.09.12,편해서 자주 먹어요 쟁여템이에요
도시락·밥류,다이어트 도시락 8종,마이비밀,https://www.kurly.com/goods/5056117,4900,46287,2025.09.12,구성도좋고  가격도 착하고 맛있고 잘먹고 있어요
도시락·밥류,다이어트 도시락 8종,마이비밀,https://www.kurly.com/goods/5056117,4900,46287,2025.09.12,구성좋고 남친이랑 같이먹으니 금방 먹어요
도시락·밥류,다이어트 도시락 8종,마이비밀,https://www.kurly.com/goods/5056117,4900,46287,2025.09.12,집에서 한개 회사에서 한개 맛있게 먹고 있어요
도시락·밥류,다이어트 도시락 8종,마이비밀,https://www.kurly.com/goods/5056117,4900,46287,2025.09.12,회사에서도 먹고 집에서도 먹고 잘먹고 있어요
도시락·밥류,다이어트 도시락 8종,마이비밀,https://www.kurly.com/goods/5056117,4900,46287,2025.09.12,구성좋고 맛있고 잘먹고 있어요
도시락·밥류,다이어트 도시락 8종,마이비밀,https://www.kurly.com/goods/5056117,4900,46287,2025.09.11,세일이라 구입했어요 맛있어요
도시락·밥류,다이어트 도시락 8종,마이비밀,https://www.kurly.com/goods/5056117,4900,46287,2025.09.11,간편하게 좋아요 나름 든든해요
도시락·밥류,다이어트 도시락 8종,마이비밀,https://www.kurly.com/goods/5056117,4900,46287,2025.09.11,맛있어요 잡곡이러 좋아요
도시락·밥류,다이어트 도시락 8종,마이비밀,https://www.kurly.com/goods/5056117,4900,46287,2025.09.10,한끼 식사로 딱이네요~
도시락·밥류,다이어트 도시락 8종,마이비밀,https://www.kurly.com/goods/5056117,4900,46287,2025.09.10,한끼 식사로 딱이네요
도시락·밥류,다이어트 도시락 8종,마이비밀,https://www.kurly.com/goods/5056117,4900,46287,2025.09.09,좋아요 고기가 부드러움
도시락·밥류,다이어트 도시락 8종,마이비밀,https://www.kurly.com/goods/5056117,4900,46287,2025.09.09,맛있어요 단호박이 밥에 있어서 굿
도시락·밥류,다이어트 도시락 8종,마이비밀,https://www.kurly.com/goods/5056117,4900,46287,2025.09.09,굿 다만 이건 약간 짤수도 있음
도시락·밥류,다이어트 도시락 8종,마이비밀,https://www.kurly.com/goods/5056117,4900,46287,2025.09.09,맛있어요 함박 괜찮음
도시락·밥류,다이어트 도시락 8종,마이비밀,https://www.kurly.com/goods/5056117,4900,46287,2025.09.09,좋아요 약간 싱거울수 있는데 괜찮아요
도시락·밥류,다이어트 도시락 8종,마이비밀,https://www.kurly.com/goods/5056117,4900,46287,2025.09.09,"배부르니
맛나요 ㅎㅎ"
도시락·밥류,다이어트 도시락 8종,마이비밀,https://www.kurly.com/goods/5056117,4900,46287,2025.09.09,맛잇고 배불럿어요 ㅎㅎ
도시락·밥류,다이어트 도시락 8종,마이비밀,https://www.kurly.com/goods/5056117,4900,46287,2025.09.09,나쁘지 않아요 간도 너무 쎄지 않고 적당하더라구요 도시락중에 제일 나은 거 같아요
도시락·밥류,다이어트 도시락 8종,마이비밀,https://www.kurly.com/goods/5056117,4900,46287,2025.09.08,간편해서 종종 시켜먹어요~
도시락·밥류,왕주꾸미 볶음 700g (냉동),하린이네주꾸미,https://www.kurly.com/goods/5069139,19500,1740,2025.09.14,"집에서 간편하게 쭈꾸미를 즐길 수 있다는 점이 정말 만족스러웠습니다. 밀키트 구성이라 손질할 필요 없이 바로 조리할 수 있었고, 포장도 깔끔해서 신선도가 잘 유지되었습니다. 양념은 매콤하면서도 감칠맛이 깊어 술안주로도, 밥 반찬으로도 훌륭했습니다. 특히 쭈꾸미가 적절한 비율로 들어 있어 질리지 않고 끝까지 맛있게 먹을 수 있었습니다. 야채를 조금 더 추가해 끓이니 국물이 더욱 시원하고 풍성해져 가족 모두가 만족했습니다. 매운맛 강도를 중간 정도로 조절해 누구나 즐길 수 있었고, 남은 양념에 밥을 비벼 먹으니 최고였습니다. 아쉬운 점을 꼽자면 다른야채가 넉넉했으면 하는 바람이 있지만, 전반적으로 가성비와 맛 모두 뛰어난 제품입니다. 재구매 의사 확실히 있습다"
도시락·밥류,왕주꾸미 볶음 700g (냉동),하린이네주꾸미,https://www.kurly.com/goods/5069139,19500,1740,2024.09.17,"콩나물 씻어서, 소금 티스푼 넣고 물도 자작하게 냄비에 넣어 뚜껑닫고 5분정도 끓여줬어요.

파기름을 내고 양파와 양배추를 양파가 투명해질 때 까지 볶다가 쭈꾸미를 넣어줬습니다.
저는 명란젓도 있어서 같이 넣었어요. 5분 정도 익히고 참기름을 두르고 참깨도 올려주면 끝!!

팩 한가득 쭈꾸미가 가득해서 생각보다 양이 많았어요. 양파랑 양배추를 추가했더니 남아서 저녁에 볶음밥까지 해먹으려고 합니다^^

불닭볶음면 스프 반개를 넣어도 매워하는 편인데 조금 매웠습니다. 맛있게 매워서 또 재주문하고 싶네요!! 
너무 잘 먹었고 사진 비주얼도 잘 나온 것 같아서 길게 적어봐요 만족만족👍"
도시락·밥류,왕주꾸미 볶음 700g (냉동),하린이네주꾸미,https://www.kurly.com/goods/5069139,19500,1740,2024.02.04,"성신여대에서 가장 유명한
하린이네 쭈꾸미가 컬리에 있길래
우선 왕쭈꾸미 볶음밥을 두개 사봤었어요!  어머나나!!  음청
맛잇는거에요!^^  그런데 재구매하려니 품절ㅠ
오마이가뜨!!!!!!
어쩔수없이  왕쭈꾸미볶음을 구매해서 먹어봤습니다.
제가 쭈꾸미볶음을 꺼려했던 이유가 있었습니다. 요론제품 다먹어봤지만 제가생각하는 양념맛이 아니었어요 
떡볶이소스느낌이강했던이유였죠!
그런데 하린이네 왕쭈꾸미 볶음은
매운데맛잇는그런맛이었어요!^^
냄새만맡아도 두피에땀나는 매운맛입니다ㅎ 쭈꾸미는태국산이구 저는 집에있는 양배추와당근을 넣어서 물좀더넣고 국물버전으로 먹었습니다^^
탱글 쫄깃한 쭈꾸미구요ㅎ 씹을수록 쭈꾸미향이 느껴집니다.
*저의시식법*
매울걸 감안해서 구운김에 싸먹었어요 .매운거드실때 꿀팁하나 더 드리면요! 보리차랑같이드세요^^도움이 됩니다^^"
도시락·밥류,왕주꾸미 볶음 700g (냉동),하린이네주꾸미,https://www.kurly.com/goods/5069139,19500,1740,2025.09.22,상품배송잘받았습니다좋은상품입니다.
도시락·밥류,왕주꾸미 볶음 700g (냉동),하린이네주꾸미,https://www.kurly.com/goods/5069139,19500,1740,2025.09.21,양많고맛있어서 자주구매해요
도시락·밥류,왕주꾸미 볶음 700g (냉동),하린이네주꾸미,https://www.kurly.com/goods/5069139,19500,1740,2025.09.20,적당히 매콤하고 쭈꾸미도 많이 들어있습니다
도시락·밥류,왕주꾸미 볶음 700g (냉동),하린이네주꾸미,https://www.kurly.com/goods/5069139,19500,1740,2025.09.18,먹고 싶을때 먹으려고 미리주문했어요^^
도시락·밥류,왕주꾸미 볶음 700g (냉동),하린이네주꾸미,https://www.kurly.com/goods/5069139,19500,1740,2025.09.17,오랜만에 주문해요 반찬없을때 볶아먹으려고요
도시락·밥류,왕주꾸미 볶음 700g (냉동),하린이네주꾸미,https://www.kurly.com/goods/5069139,19500,1740,2025.09.16,딱 알맞게 적당히 맵고 양이 많아서 좋아요! 쭈꾸미가 실해요
도시락·밥류,왕주꾸미 볶음 700g (냉동),하린이네주꾸미,https://www.kurly.com/goods/5069139,19500,1740,2025.09.16,항상 이용하는 제품인데 배송이 언제나 아쉽네요. 컬리가 초심을 잃은 듯 합니다. 여름이어서 냉매제를 더 많이 써야 함에도 불구하고 여름 주문 건은 항상 문제가 있네요. 쭈꾸미가 느껴질 정도로 말랑말랑 하게 해서 온 냉동제품인데 제품에 문제가 있다고 불만을 이야기 하니 컬리 정책상 섭취를 권하진 않지만 환불 해줄 수 없다는 답변 받았습니다.여름이고 비 오는 날이면 더 냉매제를 많이 써야 하는 거 아닌가요 주문 할 때 가끔 이렇게 기분이 상하는 일이 있는데 컬리 가 정말 초심을 많이 잃은 것 같습니다. 정책만 줄줄 읊으며 고객탓하는 고객센터도 문제인 것 같습니다.
도시락·밥류,왕주꾸미 볶음 700g (냉동),하린이네주꾸미,https://www.kurly.com/goods/5069139,19500,1740,2025.09.15,맛있어요 쭈꾸미는 하린이네만 먹어요!ㅎ
도시락·밥류,왕주꾸미 볶음 700g (냉동),하린이네주꾸미,https://www.kurly.com/goods/5069139,19500,1740,2025.09.15,지인 추천으로 먹어봤는데 맛있네요~
도시락·밥류,왕주꾸미 볶음 700g (냉동),하린이네주꾸미,https://www.kurly.com/goods/5069139,19500,1740,2025.09.11,하린이네 주꾸미 재재재구매템이에요!
도시락·밥류,왕주꾸미 볶음 700g (냉동),하린이네주꾸미,https://www.kurly.com/goods/5069139,19500,1740,2025.09.07,"진짜 너무너무너무마싯음
어떤 쭈꾸미보다도 하린이네가최거임..
컬리입점전부터머거서 벌써 몇년간 먹은 제품"
도시락·밥류,왕주꾸미 볶음 700g (냉동),하린이네주꾸미,https://www.kurly.com/goods/5069139,19500,1740,2025.09.03,맛있다는 평이 많아서 구매. 기대중이에요
도시락·밥류,왕주꾸미 볶음 700g (냉동),하린이네주꾸미,https://www.kurly.com/goods/5069139,19500,1740,2025.09.01,맛있어서 재구매했어요. 다른 건 양념만 잔뜩 있고 주꾸미는 쬐끔 들었는데 이건 주꾸미 많아서 좋아요.
도시락·밥류,왕주꾸미 볶음 700g (냉동),하린이네주꾸미,https://www.kurly.com/goods/5069139,19500,1740,2025.08.28,쭈꾸미 좋아해서 여러 브랜드 사서 먹어봤는데 하린이네가 젤 괜찮아요 쭈꾸미도 엄청 실하고 양념이 단맛이 강하지 않아서 부모님도 좋아하셨어요 매운거 좋아하는 저한테 적당한 정도의 맵기라 너무  맛있게 잘먹었어요
도시락·밥류,왕주꾸미 볶음 700g (냉동),하린이네주꾸미,https://www.kurly.com/goods/5069139,19500,1740,2025.08.27,하린이네 쭈꾸미 제일 맛있어요
도시락·밥류,왕주꾸미 볶음 700g (냉동),하린이네주꾸미,https://www.kurly.com/goods/5069139,19500,1740,2025.08.25,상품배송잘받았습니다좋은상품입니다.
도시락·밥류,왕주꾸미 볶음 700g (냉동),하린이네주꾸미,https://www.kurly.com/goods/5069139,19500,1740,2025.08.24,파는 쭈꾸미중에..내입엔 이게 젤맛잇음
도시락·밥류,왕주꾸미 볶음 700g (냉동),하린이네주꾸미,https://www.kurly.com/goods/5069139,19500,1740,2025.08.22,하린이네 쭈꾸미 볶음 처음 구입해서 먹었는데 다른데 쭈꾸미 볶음이랑 양념맛이 다르네요 좀더 감칠맛이 있어서 좋았어요 다음에도 재구매 할래요~~
도시락·밥류,왕주꾸미 볶음 700g (냉동),하린이네주꾸미,https://www.kurly.com/goods/5069139,19500,1740,2025.08.21,매운거 먹고싶을때는 하린이네 왕쭈꾸미에요
도시락·밥류,왕주꾸미 볶음 700g (냉동),하린이네주꾸미,https://www.kurly.com/goods/5069139,19500,1740,2025.08.20,매콤하고 맛있습니다
도시락·밥류,왕주꾸미 볶음 700g (냉동),하린이네주꾸미,https://www.kurly.com/goods/5069139,19500,1740,2025.08.15,캠핑하면서 먹었는데 쭈꾸미 사이즈가 크고 맵지 않았어요
도시락·밥류,왕주꾸미 볶음 700g (냉동),하린이네주꾸미,https://www.kurly.com/goods/5069139,19500,1740,2025.08.15,양도 많고 쭈꾸미도 실해요
도시락·밥류,왕주꾸미 볶음 700g (냉동),하린이네주꾸미,https://www.kurly.com/goods/5069139,19500,1740,2025.08.14,평이 좋아서 구매했습니다
도시락·밥류,왕주꾸미 볶음 700g (냉동),하린이네주꾸미,https://www.kurly.com/goods/5069139,19500,1740,2025.08.12,후기가 좋은 제품이라 샀어요
도시락·밥류,왕주꾸미 볶음 700g (냉동),하린이네주꾸미,https://www.kurly.com/goods/5069139,19500,1740,2025.08.10,믿고먹는 하린이네... 가격이 있지만 맛은 굿입니다
도시락·밥류,왕주꾸미 볶음 700g (냉동),하린이네주꾸미,https://www.kurly.com/goods/5069139,19500,1740,2025.08.08,역시 하린이네 주꾸미에요~
도시락·밥류,왕주꾸미 볶음 700g (냉동),하린이네주꾸미,https://www.kurly.com/goods/5069139,19500,1740,2025.08.05,맛있어서 순삭!! 쭈꾸미중에 제일 수율좋고 맛있어요
도시락·밥류,왕주꾸미 볶음 700g (냉동),하린이네주꾸미,https://www.kurly.com/goods/5069139,19500,1740,2025.08.04,매콤하니 맛있어요~! 꼭 깻잎 따로 사서 넣어주기!!!
도시락·밥류,왕주꾸미 볶음 700g (냉동),하린이네주꾸미,https://www.kurly.com/goods/5069139,19500,1740,2025.08.04,쭈꾸미는 그냥 하린이네
도시락·밥류,왕주꾸미 볶음 700g (냉동),하린이네주꾸미,https://www.kurly.com/goods/5069139,19500,1740,2025.07.29,하린이네가 양념이 넉넉해서 맛있어요
도시락·밥류,왕주꾸미 볶음 700g (냉동),하린이네주꾸미,https://www.kurly.com/goods/5069139,19500,1740,2025.07.28,탱글하고 맛있습니다
도시락·밥류,왕주꾸미 볶음 700g (냉동),하린이네주꾸미,https://www.kurly.com/goods/5069139,19500,1740,2025.07.24,쭈꾸미 볶음중 입맛에 제일 맞아요
도시락·밥류,왕주꾸미 볶음 700g (냉동),하린이네주꾸미,https://www.kurly.com/goods/5069139,19500,1740,2025.07.23,"하린이네쭈꾸미 맛있는 건 말해모해~
쭈꾸미 이것저것 다 먹어봤지만 하린이네가 제일이에요.
마요네즈 찍어서 깻잎 싸먹는 게 최고."
도시락·밥류,왕주꾸미 볶음 700g (냉동),하린이네주꾸미,https://www.kurly.com/goods/5069139,19500,1740,2025.07.21,집들이에 사용했는데 다들 좋아하셨어요
도시락·밥류,왕주꾸미 볶음 700g (냉동),하린이네주꾸미,https://www.kurly.com/goods/5069139,19500,1740,2025.07.20,하린이네 주꾸미가 젤 맛있는 것 같아요
도시락·밥류,왕주꾸미 볶음 700g (냉동),하린이네주꾸미,https://www.kurly.com/goods/5069139,19500,1740,2025.07.20,"양도넉넉하고 
삼겹살과 같이 볶으면 5인분이상나와요
너무맛있어요"
도시락·밥류,왕주꾸미 볶음 700g (냉동),하린이네주꾸미,https://www.kurly.com/goods/5069139,19500,1740,2025.07.18,자주 쟁겨두고 먹는 쭈꾸미입니다
도시락·밥류,왕주꾸미 볶음 700g (냉동),하린이네주꾸미,https://www.kurly.com/goods/5069139,19500,1740,2025.07.16,쭈꾸미 하린이네가 젤 나은거 같아요 두번째 구매햇네요
도시락·밥류,왕주꾸미 볶음 700g (냉동),하린이네주꾸미,https://www.kurly.com/goods/5069139,19500,1740,2025.07.13,재구매 여기 쭈꾸미가 제일 맛남 좋아용
도시락·밥류,왕주꾸미 볶음 700g (냉동),하린이네주꾸미,https://www.kurly.com/goods/5069139,19500,1740,2025.07.12,예전에먹엇을때 맣잇어서
도시락·밥류,왕주꾸미 볶음 700g (냉동),하린이네주꾸미,https://www.kurly.com/goods/5069139,19500,1740,2025.07.12,맛이 끝내줍니다 ㅎㅎㅎ 깻잎에 생김올리고 마늘 마요네즈 날치알 넣어 싸먹으면 통통쫄깃 너무 맛있어요 한 팩 볶으면 4인가족 충분히 먹을 수 있어요.
도시락·밥류,왕주꾸미 볶음 700g (냉동),하린이네주꾸미,https://www.kurly.com/goods/5069139,19500,1740,2025.07.10,맛있어요. 양도 많고 ㅎ 주꾸미 식감이 오독오독 너무 좋아요. 매운 거 잘 못 먹는데 이건 먹을 수 있었어요. 마요네즈 찍어 먹음 안 맵고 맛있음.
도시락·밥류,왕주꾸미 볶음 700g (냉동),하린이네주꾸미,https://www.kurly.com/goods/5069139,19500,1740,2025.07.10,쭈꾸미가 왕커서 가격이 좀있는데도 구입합니다
도시락·밥류,왕주꾸미 볶음 700g (냉동),하린이네주꾸미,https://www.kurly.com/goods/5069139,19500,1740,2025.07.09,쭈꾸미가 많이들어서좋아요.맛있어요.
도시락·밥류,왕주꾸미 볶음 700g (냉동),하린이네주꾸미,https://www.kurly.com/goods/5069139,19500,1740,2025.07.09,하린이네 쭈꾸미가 제일 맛남
도시락·밥류,왕주꾸미 볶음 700g (냉동),하린이네주꾸미,https://www.kurly.com/goods/5069139,19500,1740,2025.07.05,하린이네 쭈꾸미 양념도 넉넉하고 맛있어요
도시락·밥류,왕주꾸미 볶음 700g (냉동),하린이네주꾸미,https://www.kurly.com/goods/5069139,19500,1740,2025.07.05,공홈에서 주문하다가 컬리에도 있는거 보고 주문했어요 700그램 이라서 더 조아요
도시락·밥류,볶음밥 3종 (차돌김치/대패삼겹/직화곱창)(2개입),성수동분식,https://www.kurly.com/goods/1000527165,7120,1436,2024.06.19,"Classic is the best.
역시 클래식은 영원하네여
차돌김치볶음밥 맛이 없을 수 없는 조합인데 
그걸 이렇게 또 맛깔나게 살리시다니 ㅠ
흡족스럽게 식사했습니다
영혼의 단짝 반숙 계란후라이까지 올리니 진짜 잘어울리더라고요
집에서 간단히 볶음밥 해먹고 싶은데 여러가지 재료 썰기 귀찮을 때
이 제품 쓰면 간편하게 금방 해먹을 수 있어서 좋더라고요!
밥도 고슬고슬하고 약간 칼칼 매콤해서 고기랑 먹을 때에도 조합이 좋았어요!
저는 소불고기랑 쌈싸먹으면서 같이 먹었습니다 움하하
진짜 맛있게 먹었어요 대대대만족! 
3가지 종류 있는 것 같던데 차돌김치볶음밥은 못이길 것 같네요~ 
완전 고기구워먹고 바로 불판에 볶아먹는 그 맛이에요!!
존 to the 맛!
그리고 2인분에 7천원 꼴이라니... 요즘같은 물가에 대박 가성비 혜자네요~~
자주 사먹을 것 같습니다!!!"
도시락·밥류,볶음밥 3종 (차돌김치/대패삼겹/직화곱창)(2개입),성수동분식,https://www.kurly.com/goods/1000527165,7120,1436,2024.06.14,"오 뭐야 대패삼겹볶음밥 댕맛있음~~~~
역싀 맛없을 수가 없는 메뉴라 그런지ㅠ 맛있게 잘 먹음~~~!
삼겹살집에서 항상 마무리할 때 볶음밥 꼭 시키는 편인데
아예 제품으로 나오니까 댕편함~~~~ 
김가루가 같이 들어가있으니까 간 맞추기에도 좋음 ㅋㅋㅋ
나중에 캠핑처럼 야외활동 하러 나갔을 때에도 
패키지 한봉다리 가져가면 되니까 완전 간편할듯?!?

곱창볶음밥이랑 2종류 있길래 1개씩 사봤는데 
내 개인적 취향은 삼겹살 보끔밥 win!!!! (✿◕‿◕✿)
볶음밥에 반숙 계란 후라이 올려 먹으면 아주 잘 어울리는 조합,, 후후 
양도 많아서 2인분... 요즘 같은 물가에 흔히 볼 수 없는 가격... 
만족스러움 ㅋㅎㅋㅎ

담에 삼겹살 먹고 재료 일일이 썰기 귀찮을 때 
요 똑똑한 제품 또 써먹을 예정!!"
도시락·밥류,볶음밥 3종 (차돌김치/대패삼겹/직화곱창)(2개입),성수동분식,https://www.kurly.com/goods/1000527165,7120,1436,2024.06.10,"헐 취향 저격 제품 발견 ㅠㅠ
명실상부 K-디저트... 볶음밥 아입니꺼,,,

근데 철판 박박 긁으면서 먹어야하는 볶음밥을 
곱창 코스 스킵하고 바로 볶음밥으로 점프할 수 있는 방법이 있다니!!!!!
혁명입니닷!!!!!!! 😮😮😮🤩

ㅋㅋㅋㅋㅋㅋㅋ 후식 볶음밥은 먹고 싶은데 곱창까진 부담스러울 때가 있자나여
저만 그런가여? ㅋㅋㅋㅋㅋㅋㅋ
저는 매우 밥순이라서... 그럴때가 종종 있거든여 ㅠㅠ
ㅎㅎㅎㅎ 그런 밥순이의 니즈를 정확히 간파한 제품이 나오다니 
넘나 신기해요 ㅎㅎㅎㅎ

곱창도 조그맣게 썰려있고 깍두기도 잘게 썰려있으니까
씹기에도 편하더라고요! 
그렇게 맵지 않은 편이라 맵찔이들도 쉽게 먹을 수 있었어여 ㅋㅋㅋ
김가루도 같이 있으니까 굳이 김 안잘라도 되고 봉지 뜯어서 뿌리기만 하면 됨ㅋ
아주 간편^^

나중엔 ㄱㅖ란후라이나 치즈도 올려서 먹어보려고요 흐흐 
저는 조리하고 그릇에 옮겨담아 먹긴 했지만 
후라이팬 째로 먹어도 식당너낌나고 좋을듯 ㅎㅎㅎ 😝🍳"
도시락·밥류,볶음밥 3종 (차돌김치/대패삼겹/직화곱창)(2개입),성수동분식,https://www.kurly.com/goods/1000527165,7120,1436,2025.09.23,"날도 많이 추워졌는데... 
배송 30분만에 확인했는데도 밥알이 다 녹았네요.
바로 드실분만 주문하는게 좋을꺼 같습니다"
도시락·밥류,볶음밥 3종 (차돌김치/대패삼겹/직화곱창)(2개입),성수동분식,https://www.kurly.com/goods/1000527165,7120,1436,2025.09.22,맛있게 잘 먹었습니다
도시락·밥류,볶음밥 3종 (차돌김치/대패삼겹/직화곱창)(2개입),성수동분식,https://www.kurly.com/goods/1000527165,7120,1436,2025.09.22,차돌 볶음밥 맛있어요
도시락·밥류,볶음밥 3종 (차돌김치/대패삼겹/직화곱창)(2개입),성수동분식,https://www.kurly.com/goods/1000527165,7120,1436,2025.09.21,"밤에 갑자기 배고프거나 아침에 간단하게 전자레인지에 돌려먹으려고 구매했어요 ㅋㅋ 맛은 후기에 다들 괜찮다고 해서 기대중이에요
맛있으면 다음에 또 구매할께요"
도시락·밥류,볶음밥 3종 (차돌김치/대패삼겹/직화곱창)(2개입),성수동분식,https://www.kurly.com/goods/1000527165,7120,1436,2025.09.20,생각보다 맛있었어요 조리도 어렵지 않구요 다만 더 맛있게 먹으려면 후라이팬에 볶는 게 좀 더 나을 것 같긴 합니다. 식감 자체는 밋밋한 편이라 뭔가 씹는 맛이 있는 반찬이랑 같이 먹는 것을 추천드립니다. 양은 꽤 많은 편이었어요.
도시락·밥류,볶음밥 3종 (차돌김치/대패삼겹/직화곱창)(2개입),성수동분식,https://www.kurly.com/goods/1000527165,7120,1436,2025.09.19,삼겹살 구워먹고 먹기 딱 좋아요.
도시락·밥류,볶음밥 3종 (차돌김치/대패삼겹/직화곱창)(2개입),성수동분식,https://www.kurly.com/goods/1000527165,7120,1436,2025.09.19,쏘쏘 해요 차돌이 더 맛잇음
도시락·밥류,볶음밥 3종 (차돌김치/대패삼겹/직화곱창)(2개입),성수동분식,https://www.kurly.com/goods/1000527165,7120,1436,2025.09.19,"아는맛
맛있는 맛
고기먹고 먹는 볶음밥맛"
도시락·밥류,볶음밥 3종 (차돌김치/대패삼겹/직화곱창)(2개입),성수동분식,https://www.kurly.com/goods/1000527165,7120,1436,2025.09.19,맛있다고 추천을 받아서 구매했습니다
도시락·밥류,볶음밥 3종 (차돌김치/대패삼겹/직화곱창)(2개입),성수동분식,https://www.kurly.com/goods/1000527165,7120,1436,2025.09.18,마음 맛나게...쭉쭉 먹었어요
도시락·밥류,볶음밥 3종 (차돌김치/대패삼겹/직화곱창)(2개입),성수동분식,https://www.kurly.com/goods/1000527165,7120,1436,2025.09.18,차돌김치볶음밥 정말맛있어요
도시락·밥류,볶음밥 3종 (차돌김치/대패삼겹/직화곱창)(2개입),성수동분식,https://www.kurly.com/goods/1000527165,7120,1436,2025.09.18,성수동 차돌김치 신선하고 맛있어요
도시락·밥류,볶음밥 3종 (차돌김치/대패삼겹/직화곱창)(2개입),성수동분식,https://www.kurly.com/goods/1000527165,7120,1436,2025.09.16,밥하기 귀찮을때 먹어요
도시락·밥류,볶음밥 3종 (차돌김치/대패삼겹/직화곱창)(2개입),성수동분식,https://www.kurly.com/goods/1000527165,7120,1436,2025.09.16,제 입맛엔 살짝 달지만 맛은 괜찮아요. 고기는 한점정도 들어있었어요.
도시락·밥류,볶음밥 3종 (차돌김치/대패삼겹/직화곱창)(2개입),성수동분식,https://www.kurly.com/goods/1000527165,7120,1436,2025.09.16,대패삼겹 볶음 밥 맛나요
도시락·밥류,볶음밥 3종 (차돌김치/대패삼겹/직화곱창)(2개입),성수동분식,https://www.kurly.com/goods/1000527165,7120,1436,2025.09.15,할인해서 구매해봐요
도시락·밥류,볶음밥 3종 (차돌김치/대패삼겹/직화곱창)(2개입),성수동분식,https://www.kurly.com/goods/1000527165,7120,1436,2025.09.15,가끔 김치볶음밥 먹고싶어 새로운거 사봤어요
도시락·밥류,볶음밥 3종 (차돌김치/대패삼겹/직화곱창)(2개입),성수동분식,https://www.kurly.com/goods/1000527165,7120,1436,2025.09.15,굿 간편하게 먹기 좋아여
도시락·밥류,볶음밥 3종 (차돌김치/대패삼겹/직화곱창)(2개입),성수동분식,https://www.kurly.com/goods/1000527165,7120,1436,2025.09.15,대패 삼겹살 마무리 볶음밥
도시락·밥류,볶음밥 3종 (차돌김치/대패삼겹/직화곱창)(2개입),성수동분식,https://www.kurly.com/goods/1000527165,7120,1436,2025.09.15,고깃집 볶음밥이기엔 조금 아쉬워요. 콩나물 비빔밥 맛 . 그래도 제품 자체는 맛있어요 치즈 추가해먹었어요
도시락·밥류,볶음밥 3종 (차돌김치/대패삼겹/직화곱창)(2개입),성수동분식,https://www.kurly.com/goods/1000527165,7120,1436,2025.09.14,먹을만하니 좋네요. 계란후라이하나 얹어 먹어요.
도시락·밥류,볶음밥 3종 (차돌김치/대패삼겹/직화곱창)(2개입),성수동분식,https://www.kurly.com/goods/1000527165,7120,1436,2025.09.14,저렴하게 구매했습니다
도시락·밥류,볶음밥 3종 (차돌김치/대패삼겹/직화곱창)(2개입),성수동분식,https://www.kurly.com/goods/1000527165,7120,1436,2025.09.13,우삼겹 별로 들어있지도 않은데 냄새도 나서 다시는 안 시켜 먹을 것 같아요^^
도시락·밥류,볶음밥 3종 (차돌김치/대패삼겹/직화곱창)(2개입),성수동분식,https://www.kurly.com/goods/1000527165,7120,1436,2025.09.12,집들이 마무리 메뉴로 쓰려고 구매합니다~~볶음밥 세트 넘 좋아요!!!
도시락·밥류,볶음밥 3종 (차돌김치/대패삼겹/직화곱창)(2개입),성수동분식,https://www.kurly.com/goods/1000527165,7120,1436,2025.09.11,차돌박이라 기름집니다 양은 좀 적고 많이 안짜요 맛있게 잘 먹었습니다 재구매 의사 없습니다
도시락·밥류,볶음밥 3종 (차돌김치/대패삼겹/직화곱창)(2개입),성수동분식,https://www.kurly.com/goods/1000527165,7120,1436,2025.09.11,좀 기름진 편 인거같아요..재구입 안할거 같아요
도시락·밥류,볶음밥 3종 (차돌김치/대패삼겹/직화곱창)(2개입),성수동분식,https://www.kurly.com/goods/1000527165,7120,1436,2025.09.11,성수동 핫 맛집 기대됩니다
도시락·밥류,볶음밥 3종 (차돌김치/대패삼겹/직화곱창)(2개입),성수동분식,https://www.kurly.com/goods/1000527165,7120,1436,2025.09.11,너무 맛있고 세일할때 사니 가성비도 좋아요
도시락·밥류,볶음밥 3종 (차돌김치/대패삼겹/직화곱창)(2개입),성수동분식,https://www.kurly.com/goods/1000527165,7120,1436,2025.09.09,"떨어지면 불안한 제품ㅋㅋ
간편하게 볶아서 후라이나 치즈 뿌려 먹으면
한끼 든든해요"
도시락·밥류,볶음밥 3종 (차돌김치/대패삼겹/직화곱창)(2개입),성수동분식,https://www.kurly.com/goods/1000527165,7120,1436,2025.09.08,무슨 맛인지 잘 모르겠어요 김치 신 맛이 아니고 인공적인 신 맛이 나요
도시락·밥류,볶음밥 3종 (차돌김치/대패삼겹/직화곱창)(2개입),성수동분식,https://www.kurly.com/goods/1000527165,7120,1436,2025.09.08,"존맛이라길래 사봤는데 
솔직히 존맛은 모르겠고 
냉동볶음밥치곤 나쁘지않음

간이 싱겁진않으나 뭔가 심심해서 김 + 계후 필수"
도시락·밥류,볶음밥 3종 (차돌김치/대패삼겹/직화곱창)(2개입),성수동분식,https://www.kurly.com/goods/1000527165,7120,1436,2025.09.07,"느끼하지 않고
밥에 양념된 김치도 맛있었어요.

센불에 하면 맛있을거같아요.
저희는 중불에 해서 고슬하지 않았던듯."
도시락·밥류,볶음밥 3종 (차돌김치/대패삼겹/직화곱창)(2개입),성수동분식,https://www.kurly.com/goods/1000527165,7120,1436,2025.09.06,할인 많이해서 구매했어요. 맛도 기대됩니다.
도시락·밥류,볶음밥 3종 (차돌김치/대패삼겹/직화곱창)(2개입),성수동분식,https://www.kurly.com/goods/1000527165,7120,1436,2025.09.05,살짝 고기 냄새나요.. 재주문은 안할듯해요
도시락·밥류,볶음밥 3종 (차돌김치/대패삼겹/직화곱창)(2개입),성수동분식,https://www.kurly.com/goods/1000527165,7120,1436,2025.09.05,맛이 솔직히.. 별로입니다 재구매는 안할듯해요
도시락·밥류,볶음밥 3종 (차돌김치/대패삼겹/직화곱창)(2개입),성수동분식,https://www.kurly.com/goods/1000527165,7120,1436,2025.09.04,할인할 때 잘 샀어요
도시락·밥류,볶음밥 3종 (차돌김치/대패삼겹/직화곱창)(2개입),성수동분식,https://www.kurly.com/goods/1000527165,7120,1436,2025.09.04,차돌맛 기름이 많긴한데 제일 맛있어요
도시락·밥류,볶음밥 3종 (차돌김치/대패삼겹/직화곱창)(2개입),성수동분식,https://www.kurly.com/goods/1000527165,7120,1436,2025.09.04,간편하게 한끼 해먹어서 좋네요
도시락·밥류,볶음밥 3종 (차돌김치/대패삼겹/직화곱창)(2개입),성수동분식,https://www.kurly.com/goods/1000527165,7120,1436,2025.09.03,"맛있어요
남자들은 두봉다먹어야할듯요ㅋ"
도시락·밥류,볶음밥 3종 (차돌김치/대패삼겹/직화곱창)(2개입),성수동분식,https://www.kurly.com/goods/1000527165,7120,1436,2025.09.03,"자극적인데 맛있아요
에프에 160도로 13분정도 돌리면 약간 눌은 볶음밥으로 먹을 수 있어요:)"
도시락·밥류,볶음밥 3종 (차돌김치/대패삼겹/직화곱창)(2개입),성수동분식,https://www.kurly.com/goods/1000527165,7120,1436,2025.09.02,성수동분식 가성비 좋은 제품입니다~!
도시락·밥류,볶음밥 3종 (차돌김치/대패삼겹/직화곱창)(2개입),성수동분식,https://www.kurly.com/goods/1000527165,7120,1436,2025.09.01,놀러 가서 고기랑 같이 먹었는데 너무 맛있어요
도시락·밥류,볶음밥 3종 (차돌김치/대패삼겹/직화곱창)(2개입),성수동분식,https://www.kurly.com/goods/1000527165,7120,1436,2025.09.01,"고기는
생각보다 많이
안들어있는데 맛있어요 계란후라이에 딱!"
도시락·밥류,볶음밥 3종 (차돌김치/대패삼겹/직화곱창)(2개입),성수동분식,https://www.kurly.com/goods/1000527165,7120,1436,2025.08.30,"애매한 맛이에요. 메뉴 이름처럼 대패 삼겹 마무리 볶음밥이라기엔 너무 달고 조잡한 맛이 나요. 

그렇다고 맛없진 않지만 재구매는 안할 것 같아요-!"
도시락·밥류,볶음밥 3종 (차돌김치/대패삼겹/직화곱창)(2개입),성수동분식,https://www.kurly.com/goods/1000527165,7120,1436,2025.08.28,가격대비좋아요 잘구매했어요 또이용할께요 배송도 빠르네요좋아요
도시락·밥류,볶음밥 3종 (차돌김치/대패삼겹/직화곱창)(2개입),성수동분식,https://www.kurly.com/goods/1000527165,7120,1436,2025.08.28,냉동실 비상용 볶음밥
도시락·밥류,볶음밥 3종 (차돌김치/대패삼겹/직화곱창)(2개입),성수동분식,https://www.kurly.com/goods/1000527165,7120,1436,2025.08.28,냉동실에 보관했다 비상사에 먹으렵니다.
도시락·밥류,만능계란볶음밥 400G,햇반/쿡반,https://www.kurly.com/goods/1000347344,3300,2094,2025.09.23,계란 볶음밥 맛있어요. 계란도 많이 들어있네요
도시락·밥류,만능계란볶음밥 400G,햇반/쿡반,https://www.kurly.com/goods/1000347344,3300,2094,2025.09.23,맛있어서 재주문합니다 추천해요
도시락·밥류,만능계란볶음밥 400G,햇반/쿡반,https://www.kurly.com/goods/1000347344,3300,2094,2025.09.23,가끔 밥 없을때 아이에게 해주면 한그릇 뚝딱입니다 ㅎ
도시락·밥류,만능계란볶음밥 400G,햇반/쿡반,https://www.kurly.com/goods/1000347344,3300,2094,2025.09.22,맛있어서 종종 구매해요. 간편하게 한끼 준비할 수 있어요
도시락·밥류,만능계란볶음밥 400G,햇반/쿡반,https://www.kurly.com/goods/1000347344,3300,2094,2025.09.21,간편하고 무난해요! 할인할때마다 사는듯해요
도시락·밥류,만능계란볶음밥 400G,햇반/쿡반,https://www.kurly.com/goods/1000347344,3300,2094,2025.09.21,담백하고 고소하네요 케찹뿌려먹으니 맛있네요  반찬없이 이것만 먹으니까 양이 적네요
도시락·밥류,만능계란볶음밥 400G,햇반/쿡반,https://www.kurly.com/goods/1000347344,3300,2094,2025.09.21,"첫 구매구요, 도시락용으로 주문했어요."
도시락·밥류,만능계란볶음밥 400G,햇반/쿡반,https://www.kurly.com/goods/1000347344,3300,2094,2025.09.21,급할때 먹기 좋음 아들용
도시락·밥류,만능계란볶음밥 400G,햇반/쿡반,https://www.kurly.com/goods/1000347344,3300,2094,2025.09.21,아이들이 잘 먹어서 자주 구매해요
도시락·밥류,만능계란볶음밥 400G,햇반/쿡반,https://www.kurly.com/goods/1000347344,3300,2094,2025.09.20,간편하게 먹을 수 있어 좋아요
도시락·밥류,만능계란볶음밥 400G,햇반/쿡반,https://www.kurly.com/goods/1000347344,3300,2094,2025.09.20,맛있세 잘 먹엇스니다.💛
도시락·밥류,만능계란볶음밥 400G,햇반/쿡반,https://www.kurly.com/goods/1000347344,3300,2094,2025.09.20,볶음밥으로 간편하게 먹기 좋어요ㅎㅎ
도시락·밥류,만능계란볶음밥 400G,햇반/쿡반,https://www.kurly.com/goods/1000347344,3300,2094,2025.09.19,맛있어서 종종 구매해요
도시락·밥류,만능계란볶음밥 400G,햇반/쿡반,https://www.kurly.com/goods/1000347344,3300,2094,2025.09.19,맛이 괜찮아서 사놓는 품목이예요
도시락·밥류,만능계란볶음밥 400G,햇반/쿡반,https://www.kurly.com/goods/1000347344,3300,2094,2025.09.18,한끼 식사으로 급할 때
도시락·밥류,만능계란볶음밥 400G,햇반/쿡반,https://www.kurly.com/goods/1000347344,3300,2094,2025.09.18,자주구매하고있어요 좋아요 좋아요
도시락·밥류,만능계란볶음밥 400G,햇반/쿡반,https://www.kurly.com/goods/1000347344,3300,2094,2025.09.18,비상템으로 좋아요!!
도시락·밥류,만능계란볶음밥 400G,햇반/쿡반,https://www.kurly.com/goods/1000347344,3300,2094,2025.09.18,가격대비 좋은 제품입니다 포장과 배송도 만족합니다 아이들이 모두 잘 먹었다고 합니다
도시락·밥류,만능계란볶음밥 400G,햇반/쿡반,https://www.kurly.com/goods/1000347344,3300,2094,2025.09.18,가격대비 좋은 제품입니다 감사합니다 아이들이 모두 좋아하는 제품입니다
도시락·밥류,만능계란볶음밥 400G,햇반/쿡반,https://www.kurly.com/goods/1000347344,3300,2094,2025.09.18,저렴하길래 얼른 구매해봅니다 .  맛은 그냥 계란볶음밥 맛입니다 . 좋아요
도시락·밥류,만능계란볶음밥 400G,햇반/쿡반,https://www.kurly.com/goods/1000347344,3300,2094,2025.09.18,볶음밥 중에 제일 괜찮은 듯 아이들도 좋아해요
도시락·밥류,만능계란볶음밥 400G,햇반/쿡반,https://www.kurly.com/goods/1000347344,3300,2094,2025.09.17,"재구매하는 제품 입니다.
짜지않고 맛있어요.
가격도 세일해서 잘구매했어요"
도시락·밥류,만능계란볶음밥 400G,햇반/쿡반,https://www.kurly.com/goods/1000347344,3300,2094,2025.09.17,"간편하게 먹기 너무 좋아서 종종 사먹는데, 맛도 있어서 좋아요"
도시락·밥류,만능계란볶음밥 400G,햇반/쿡반,https://www.kurly.com/goods/1000347344,3300,2094,2025.09.17,전자렌지 용기에 돌리기만 하면 식사 끝. 맛있어요.
도시락·밥류,만능계란볶음밥 400G,햇반/쿡반,https://www.kurly.com/goods/1000347344,3300,2094,2025.09.17,계란추가 했더니 맛있네요
도시락·밥류,만능계란볶음밥 400G,햇반/쿡반,https://www.kurly.com/goods/1000347344,3300,2094,2025.09.16,오랜만에 주문했어요 맛있어요
도시락·밥류,만능계란볶음밥 400G,햇반/쿡반,https://www.kurly.com/goods/1000347344,3300,2094,2025.09.16,설명대로 계란스크램블후에 볶음밥넣고 볶으면 진짜 맛있어요
도시락·밥류,만능계란볶음밥 400G,햇반/쿡반,https://www.kurly.com/goods/1000347344,3300,2094,2025.09.16,"냉동 볶음밥 중 제일 선호하는 맛입니다. 계란, 파 추가해서 먹어요."
도시락·밥류,만능계란볶음밥 400G,햇반/쿡반,https://www.kurly.com/goods/1000347344,3300,2094,2025.09.16,할인해서싸게구매했네요
도시락·밥류,만능계란볶음밥 400G,햇반/쿡반,https://www.kurly.com/goods/1000347344,3300,2094,2025.09.16,간단하게 한끼 먹을때 좋아요
도시락·밥류,만능계란볶음밥 400G,햇반/쿡반,https://www.kurly.com/goods/1000347344,3300,2094,2025.09.15,자주시키는 계란볶음~~마능이예요
도시락·밥류,만능계란볶음밥 400G,햇반/쿡반,https://www.kurly.com/goods/1000347344,3300,2094,2025.09.15,아이가 좋아해서 자주 구매해요
도시락·밥류,만능계란볶음밥 400G,햇반/쿡반,https://www.kurly.com/goods/1000347344,3300,2094,2025.09.15,만능 계란 볶음밥은 볶음밥의 기본 베이스라서 구매 해 봤어요. 맛있으면 담에 재 구매 할께요.
도시락·밥류,만능계란볶음밥 400G,햇반/쿡반,https://www.kurly.com/goods/1000347344,3300,2094,2025.09.15,세일해서 샀는데 맛있어요
도시락·밥류,만능계란볶음밥 400G,햇반/쿡반,https://www.kurly.com/goods/1000347344,3300,2094,2025.09.15,"계란볶음밥은 처음인데
맛있겠죠~~
컬리 가방이 있어도 포장 뜯는데 오래 걸리고 쓰레기도 많이 나오고 그러네요"
도시락·밥류,만능계란볶음밥 400G,햇반/쿡반,https://www.kurly.com/goods/1000347344,3300,2094,2025.09.15,맛있어요 기숙사생이라 전자레인지에 돌려먹으면 딱임
도시락·밥류,만능계란볶음밥 400G,햇반/쿡반,https://www.kurly.com/goods/1000347344,3300,2094,2025.09.14,아침에 간단히 굿굿
도시락·밥류,만능계란볶음밥 400G,햇반/쿡반,https://www.kurly.com/goods/1000347344,3300,2094,2025.09.14,"여기서 구매한 냉동새우 넣고 볶음밥했어요.
새우 안넣고 해도 맛있어요."
도시락·밥류,만능계란볶음밥 400G,햇반/쿡반,https://www.kurly.com/goods/1000347344,3300,2094,2025.09.14,맛있어요 좋아요 굿 굿굿
도시락·밥류,만능계란볶음밥 400G,햇반/쿡반,https://www.kurly.com/goods/1000347344,3300,2094,2025.09.14,맛있어요 좋아요 재구매해요
도시락·밥류,만능계란볶음밥 400G,햇반/쿡반,https://www.kurly.com/goods/1000347344,3300,2094,2025.09.14,남편 야식용으로 샀는데 스팸김치볶음밥보다 양이 2배네요ㅜ
도시락·밥류,만능계란볶음밥 400G,햇반/쿡반,https://www.kurly.com/goods/1000347344,3300,2094,2025.09.14,맛있아요! 저렴해요
도시락·밥류,만능계란볶음밥 400G,햇반/쿡반,https://www.kurly.com/goods/1000347344,3300,2094,2025.09.14,간단하게 먹고싶을때 먹고있어요
도시락·밥류,만능계란볶음밥 400G,햇반/쿡반,https://www.kurly.com/goods/1000347344,3300,2094,2025.09.14,배고플때 전자레인지에 돌려 먹으려고 샀어요
도시락·밥류,만능계란볶음밥 400G,햇반/쿡반,https://www.kurly.com/goods/1000347344,3300,2094,2025.09.13,맛있게 잘먹었습니다 할인중이라 싸게삼
도시락·밥류,만능계란볶음밥 400G,햇반/쿡반,https://www.kurly.com/goods/1000347344,3300,2094,2025.09.13,간단히 먹을거 필요할때 요긴해요
도시락·밥류,만능계란볶음밥 400G,햇반/쿡반,https://www.kurly.com/goods/1000347344,3300,2094,2025.09.13,"시중에 계란 볶음밥 중 제일 맛있어요
자주구매합니다"
도시락·밥류,만능계란볶음밥 400G,햇반/쿡반,https://www.kurly.com/goods/1000347344,3300,2094,2025.09.13,가끔 주문하는데 닭가슴살 추가해서 먹어요
도시락·밥류,만능계란볶음밥 400G,햇반/쿡반,https://www.kurly.com/goods/1000347344,3300,2094,2025.09.13,잘받았습니다 할인가에 잘구매합니다 ㅎㅎ 다음에 또 구매할께요
도시락·밥류,만능계란볶음밥 400G,햇반/쿡반,https://www.kurly.com/goods/1000347344,3300,2094,2025.09.12,"간편하고 좋네요 
세일때 잘 샀어요
만족합니다."
도시락·밥류,귀리 흑미 곤약밥 150gX12입,햇반,https://www.kurly.com/goods/1000050952,23980,1281,2025.09.18,쿠폰 있을 때 삽니다
도시락·밥류,귀리 흑미 곤약밥 150gX12입,햇반,https://www.kurly.com/goods/1000050952,23980,1281,2025.09.10,살찌면 이런걸 더 비싸게 먹게 된다
도시락·밥류,귀리 흑미 곤약밥 150gX12입,햇반,https://www.kurly.com/goods/1000050952,23980,1281,2025.09.04,굿 항상 맛있게 잘 먹고 있어요
도시락·밥류,귀리 흑미 곤약밥 150gX12입,햇반,https://www.kurly.com/goods/1000050952,23980,1281,2025.09.02,자주시캬요 맛있어여
도시락·밥류,귀리 흑미 곤약밥 150gX12입,햇반,https://www.kurly.com/goods/1000050952,23980,1281,2025.08.31,꼬돌꼬돌하고 마이쪄용
도시락·밥류,귀리 흑미 곤약밥 150gX12입,햇반,https://www.kurly.com/goods/1000050952,23980,1281,2025.08.31,밥은 먹어야하는데 칼로리가 부담될때 먹는 제품입니다! 꼬들밥 선호하는데 곤약이라는 생각 안들고 꼬돌꼬돌 맛있어용
도시락·밥류,귀리 흑미 곤약밥 150gX12입,햇반,https://www.kurly.com/goods/1000050952,23980,1281,2025.08.30,식단관리하면서 밥머그려고 구입
도시락·밥류,귀리 흑미 곤약밥 150gX12입,햇반,https://www.kurly.com/goods/1000050952,23980,1281,2025.08.27,잘먹고 있어요~ 그냥보다 흑미가 맛나요
도시락·밥류,귀리 흑미 곤약밥 150gX12입,햇반,https://www.kurly.com/goods/1000050952,23980,1281,2025.08.20,햇반 구비해 두면 유용 해요
도시락·밥류,귀리 흑미 곤약밥 150gX12입,햇반,https://www.kurly.com/goods/1000050952,23980,1281,2025.08.19,곤약밥은 이거로 정착
도시락·밥류,귀리 흑미 곤약밥 150gX12입,햇반,https://www.kurly.com/goods/1000050952,23980,1281,2025.08.18,곤약밥은 이거만머거욥!!!!
도시락·밥류,귀리 흑미 곤약밥 150gX12입,햇반,https://www.kurly.com/goods/1000050952,23980,1281,2025.08.10,"냉장배송 되는데
냉장보관 하나요?"
도시락·밥류,귀리 흑미 곤약밥 150gX12입,햇반,https://www.kurly.com/goods/1000050952,23980,1281,2025.08.09,귀리밥 맛이 괜찮아요
도시락·밥류,귀리 흑미 곤약밥 150gX12입,햇반,https://www.kurly.com/goods/1000050952,23980,1281,2025.08.08,떨어져서 또 바로 구매함
도시락·밥류,귀리 흑미 곤약밥 150gX12입,햇반,https://www.kurly.com/goods/1000050952,23980,1281,2025.08.04,"식단 조절중이라 먹고 있어요.
늘 쟁여두는 템입니다"
도시락·밥류,귀리 흑미 곤약밥 150gX12입,햇반,https://www.kurly.com/goods/1000050952,23980,1281,2025.08.03,늘 구비해두고 있어요 구ㅣ리흑미 곤약밥
도시락·밥류,귀리 흑미 곤약밥 150gX12입,햇반,https://www.kurly.com/goods/1000050952,23980,1281,2025.08.02,"곤약밥 가성비, 맛 아주좋아요. 추천!"
도시락·밥류,귀리 흑미 곤약밥 150gX12입,햇반,https://www.kurly.com/goods/1000050952,23980,1281,2025.07.29,아직 안드셔보셨다면 추천할게요. 식감도 좋고 칼로리도 낮아 부담없이 먹어요
도시락·밥류,귀리 흑미 곤약밥 150gX12입,햇반,https://www.kurly.com/goods/1000050952,23980,1281,2025.07.29,다이어트용으로 구매했어요
도시락·밥류,귀리 흑미 곤약밥 150gX12입,햇반,https://www.kurly.com/goods/1000050952,23980,1281,2025.07.28,"매번 이것만 먹는데 할인해서 구매했어요.
식단관리 중이라 밥은 곤약밥만 먹게되요 물기가 다소 있지만, 칼로리는 낮고 맛은 담백하고 좋아여.."
도시락·밥류,귀리 흑미 곤약밥 150gX12입,햇반,https://www.kurly.com/goods/1000050952,23980,1281,2025.07.22,흑미를좋아해서 이거자주먹어요
도시락·밥류,귀리 흑미 곤약밥 150gX12입,햇반,https://www.kurly.com/goods/1000050952,23980,1281,2025.07.18,다이어트 중이라 식이조절에 도움될까 싶어서 구매해요. 괜찮으면 재구매하려고요
도시락·밥류,귀리 흑미 곤약밥 150gX12입,햇반,https://www.kurly.com/goods/1000050952,23980,1281,2025.07.16,"맛있어요!
배송도 굿굿"
도시락·밥류,귀리 흑미 곤약밥 150gX12입,햇반,https://www.kurly.com/goods/1000050952,23980,1281,2025.07.13,간편하게 먹기 좋아서 구매했어요!
도시락·밥류,귀리 흑미 곤약밥 150gX12입,햇반,https://www.kurly.com/goods/1000050952,23980,1281,2025.07.09,배송이 편해서 자주 삽니다ㅍ
도시락·밥류,귀리 흑미 곤약밥 150gX12입,햇반,https://www.kurly.com/goods/1000050952,23980,1281,2025.07.03,체계적으로 밥 챙겨 먹으려고 주문했어요
도시락·밥류,귀리 흑미 곤약밥 150gX12입,햇반,https://www.kurly.com/goods/1000050952,23980,1281,2025.06.30,"남편이 밥을 정말 많이 먹는데, 이걸로 바꾸고 살이 안 찐다네요ㅋㅋㅋ 믿거나 말거나~~~ 그래도 흰쌀밥 보다는 낫겠지하고 꾸준템으로 구매합니다"
도시락·밥류,귀리 흑미 곤약밥 150gX12입,햇반,https://www.kurly.com/goods/1000050952,23980,1281,2025.06.29,항상 잘 먹어요!!
도시락·밥류,귀리 흑미 곤약밥 150gX12입,햇반,https://www.kurly.com/goods/1000050952,23980,1281,2025.06.28,곤약밥 중엔 햇반이 가장 나은 듯 해요
도시락·밥류,귀리 흑미 곤약밥 150gX12입,햇반,https://www.kurly.com/goods/1000050952,23980,1281,2025.06.26,칼로리 착하고 전자레인지로 데워먹으니 편해요
도시락·밥류,귀리 흑미 곤약밥 150gX12입,햇반,https://www.kurly.com/goods/1000050952,23980,1281,2025.06.26,곤약밥 없으면 안되욥~
도시락·밥류,귀리 흑미 곤약밥 150gX12입,햇반,https://www.kurly.com/goods/1000050952,23980,1281,2025.06.25,입맛에는 안맞지만 건강을 위해서
도시락·밥류,귀리 흑미 곤약밥 150gX12입,햇반,https://www.kurly.com/goods/1000050952,23980,1281,2025.06.25,전자렌지에 1분30초 데워서 먹어요.
도시락·밥류,귀리 흑미 곤약밥 150gX12입,햇반,https://www.kurly.com/goods/1000050952,23980,1281,2025.06.24,"다이어트 하려고 회사에 도시락 싸고 다니면서 밥은 곤약밥으로 바꿨어요 
맛도 좋았고 소화도 잘 되고 저는 너무 만족합니다"
도시락·밥류,귀리 흑미 곤약밥 150gX12입,햇반,https://www.kurly.com/goods/1000050952,23980,1281,2025.06.23,"건강에 좋은 귀리 흑미 곤약밥 할인 쿠폰으로 구매해서
딸에게 보내줬어요. 맛있게 잘 먹고 있다고 해요. 늘 바쁘게 지내는 중에 건강 잘 챙기고 생활하기를 바라며,
재구매 합니다."
도시락·밥류,귀리 흑미 곤약밥 150gX12입,햇반,https://www.kurly.com/goods/1000050952,23980,1281,2025.06.19,무난한맛이랍니다.. 애용할게요 가격도 세일해서 좋았어요
도시락·밥류,귀리 흑미 곤약밥 150gX12입,햇반,https://www.kurly.com/goods/1000050952,23980,1281,2025.06.14,세일가 특템했습니다 ㅋ 다아는맛
도시락·밥류,귀리 흑미 곤약밥 150gX12입,햇반,https://www.kurly.com/goods/1000050952,23980,1281,2025.06.12,"몸에 좋은 흑미, 귀리가 들어 있고 칼로리가 낮아 좋아요."
도시락·밥류,귀리 흑미 곤약밥 150gX12입,햇반,https://www.kurly.com/goods/1000050952,23980,1281,2025.06.12,떨어져가서 재구매~
도시락·밥류,귀리 흑미 곤약밥 150gX12입,햇반,https://www.kurly.com/goods/1000050952,23980,1281,2025.06.10,더 큰 버전이 필요함
도시락·밥류,귀리 흑미 곤약밥 150gX12입,햇반,https://www.kurly.com/goods/1000050952,23980,1281,2025.06.08,당때문에 늘 곤약밥만 먹는데 나쁘지 않아요.
도시락·밥류,귀리 흑미 곤약밥 150gX12입,햇반,https://www.kurly.com/goods/1000050952,23980,1281,2025.06.06,"잘먹고 자주이용해요
앞으로도세일마니해주세요ㅅㄷㅇ"
도시락·밥류,귀리 흑미 곤약밥 150gX12입,햇반,https://www.kurly.com/goods/1000050952,23980,1281,2025.06.04,다이어트용으로 구입
도시락·밥류,귀리 흑미 곤약밥 150gX12입,햇반,https://www.kurly.com/goods/1000050952,23980,1281,2025.06.02,전자렌지에 1분30초 돌려서 먹어요.
도시락·밥류,귀리 흑미 곤약밥 150gX12입,햇반,https://www.kurly.com/goods/1000050952,23980,1281,2025.05.30,"흑미곤약밥도 최근에 먹어봤는데, 솔직히 다이어트나 건강식에 관심 있는 사람들한테는 꽤 괜찮은 선택인 것 같아요. 일반 쌀밥에 비해 칼로리가 낮고 포만감이 오래가서, 식단 관리할 때 부담 없이 먹을 수 있었어요. 흑미가 들어가 있어서 씹는 식감도 더 쫀득쫀득하고, 곤약 특유의 탱글한 느낌이 있어서 밥이 심심하지 않게 느껴졌어요.
다만, 평소 흰쌀밥만 먹던 사람이라면 곤약 특유의 냄새나 식감이 처음엔 조금 어색할 수 있어요. 그리고 흑미가 들어가서 밥 색깔이 진하고, 약간 고소한 맛이 더해지긴 하지만, 그래도 일반 밥보다는 담백한 편이라 반찬이랑 같이 먹는 게 더 맛있게 느껴졌어요.
전자레인지에 바로 데워 먹을 수 있어서 간편했고, 다이어트 중에도 밥에 대한 아쉬움 없이 든든하게 한 끼 해결할 수 있어서 만족스러웠어요. 다만 곤약밥 특유의 식감이나 냄새에 민감하다면 처음엔 적응이 필요할 수도 있을 것 같아요. 전체적으로 건강 챙기면서 식사량 조절하고 싶은 분들에겐 추천할 만한 제품입니다!"
도시락·밥류,귀리 흑미 곤약밥 150gX12입,햇반,https://www.kurly.com/goods/1000050952,23980,1281,2025.05.28,탄수화물 줄이려고 곤약밥으로 먹어요~ 확실히 효과 있어요🙂
도시락·밥류,귀리 흑미 곤약밥 150gX12입,햇반,https://www.kurly.com/goods/1000050952,23980,1281,2025.05.27,맛있어서 식단조절용으로 삽니다~
도시락·밥류,귀리 흑미 곤약밥 150gX12입,햇반,https://www.kurly.com/goods/1000050952,23980,1281,2025.05.26,좋습니다. 곤약밥이라서~
도시락·밥류,귀리 흑미 곤약밥 150gX12입,햇반,https://www.kurly.com/goods/1000050952,23980,1281,2025.05.26,다이어트땜시 먹고 있는데 매번 먹는 것 !!!
도시락·밥류,귀리 흑미 곤약밥 150gX12입,햇반,https://www.kurly.com/goods/1000050952,23980,1281,2025.05.26,유통기한이 8월까지라 짧은게 아쉬워요
도시락·밥류,컵반 덮밥 시리즈 10종,햇반,https://www.kurly.com/goods/5041044,3320,28377,2025.09.22,아이 기숙사 보냅니다. 주말에 가끔 챙겨 먹어요.
도시락·밥류,컵반 덮밥 시리즈 10종,햇반,https://www.kurly.com/goods/5041044,3320,28377,2025.09.22,간단하게 먹기 좋아요
도시락·밥류,컵반 덮밥 시리즈 10종,햇반,https://www.kurly.com/goods/5041044,3320,28377,2025.09.21,다들 아는 맛이예요
도시락·밥류,컵반 덮밥 시리즈 10종,햇반,https://www.kurly.com/goods/5041044,3320,28377,2025.09.21,이런 종류는 오뚜기가 더 낫네요
도시락·밥류,컵반 덮밥 시리즈 10종,햇반,https://www.kurly.com/goods/5041044,3320,28377,2025.09.21,치킨장조림에 마요 섞어먹는
도시락·밥류,컵반 덮밥 시리즈 10종,햇반,https://www.kurly.com/goods/5041044,3320,28377,2025.09.21,그냥 점심에 간단히 먹기좋어옹
도시락·밥류,컵반 덮밥 시리즈 10종,햇반,https://www.kurly.com/goods/5041044,3320,28377,2025.09.21,저렴해서다른물건살때마다같이주문해서쌓아둬요
도시락·밥류,컵반 덮밥 시리즈 10종,햇반,https://www.kurly.com/goods/5041044,3320,28377,2025.09.20,아이가 잘먹어서 자주 구매해요
도시락·밥류,컵반 덮밥 시리즈 10종,햇반,https://www.kurly.com/goods/5041044,3320,28377,2025.09.18,간편하게 먹기좋아요 👍
도시락·밥류,컵반 덮밥 시리즈 10종,햇반,https://www.kurly.com/goods/5041044,3320,28377,2025.09.18,간단하게 먹기 좋아요
도시락·밥류,컵반 덮밥 시리즈 10종,햇반,https://www.kurly.com/goods/5041044,3320,28377,2025.09.18,간편하게 아침대용으로 먹기 좋아요
도시락·밥류,컵반 덮밥 시리즈 10종,햇반,https://www.kurly.com/goods/5041044,3320,28377,2025.09.17,중화 마파두부는 첨인데 여행중 느끼할때 먹기좋을거같아요
도시락·밥류,컵반 덮밥 시리즈 10종,햇반,https://www.kurly.com/goods/5041044,3320,28377,2025.09.17,"여행용으로 구매했어요
마침 할인해서 좋아요"
도시락·밥류,컵반 덮밥 시리즈 10종,햇반,https://www.kurly.com/goods/5041044,3320,28377,2025.09.17,"여행갈때 가져가려고 구매했어요
컵밥만한게 없죠!"
도시락·밥류,컵반 덮밥 시리즈 10종,햇반,https://www.kurly.com/goods/5041044,3320,28377,2025.09.17,간편히 먹을때 먹어요
도시락·밥류,컵반 덮밥 시리즈 10종,햇반,https://www.kurly.com/goods/5041044,3320,28377,2025.09.16,밥맛없을때 가끔 생각나서 구매해봅니다
도시락·밥류,컵반 덮밥 시리즈 10종,햇반,https://www.kurly.com/goods/5041044,3320,28377,2025.09.16,가끔먹기 좋아서 구매합니다
도시락·밥류,컵반 덮밥 시리즈 10종,햇반,https://www.kurly.com/goods/5041044,3320,28377,2025.09.16,"급할때
아주 요긴하게 잘 쓰고있습니다
다행히 애들도 흡족해해서 기분좋구요"
도시락·밥류,컵반 덮밥 시리즈 10종,햇반,https://www.kurly.com/goods/5041044,3320,28377,2025.09.16,가끔 예전에 먹던 치킨마요가 그리울때 먹는데 맛있어요. 밥이 좀 적긴하지만 출출할때나 아침에 입맛없을때 간단히 먹긴 좋은양이에요.
도시락·밥류,컵반 덮밥 시리즈 10종,햇반,https://www.kurly.com/goods/5041044,3320,28377,2025.09.15,나트륨이 다른것 보다 적네요
도시락·밥류,컵반 덮밥 시리즈 10종,햇반,https://www.kurly.com/goods/5041044,3320,28377,2025.09.15,간폄하게 먹기 좋아요
도시락·밥류,컵반 덮밥 시리즈 10종,햇반,https://www.kurly.com/goods/5041044,3320,28377,2025.09.15,김치스팸 맛있어요~~
도시락·밥류,컵반 덮밥 시리즈 10종,햇반,https://www.kurly.com/goods/5041044,3320,28377,2025.09.15,배송빠르게잘받았어요
도시락·밥류,컵반 덮밥 시리즈 10종,햇반,https://www.kurly.com/goods/5041044,3320,28377,2025.09.15,"다른 브랜드 컵밥 사줬더니 맛없다며
￼CJ 가 제일 맛있대요"
도시락·밥류,컵반 덮밥 시리즈 10종,햇반,https://www.kurly.com/goods/5041044,3320,28377,2025.09.15,아이들이 너무나 좋아하는 치킨 마요 덮밥
도시락·밥류,컵반 덮밥 시리즈 10종,햇반,https://www.kurly.com/goods/5041044,3320,28377,2025.09.14,"여행가는데
조식뷔페
저녁은 3코스 하프보드라서
점심요기로
컵밥준비합니다

전자레인지 있는 숙소는ㆍ
필수죠"
도시락·밥류,컵반 덮밥 시리즈 10종,햇반,https://www.kurly.com/goods/5041044,3320,28377,2025.09.14,"아이가 있어서
안매운맛이랑
골랐어요"
도시락·밥류,컵반 덮밥 시리즈 10종,햇반,https://www.kurly.com/goods/5041044,3320,28377,2025.09.14,"10일정도
외국여행가서
미리 사요"
도시락·밥류,컵반 덮밥 시리즈 10종,햇반,https://www.kurly.com/goods/5041044,3320,28377,2025.09.14,"10일정도
여행가서
미리사요"
도시락·밥류,컵반 덮밥 시리즈 10종,햇반,https://www.kurly.com/goods/5041044,3320,28377,2025.09.14,간편식으로 한끼 먹기 좋아요
도시락·밥류,컵반 덮밥 시리즈 10종,햇반,https://www.kurly.com/goods/5041044,3320,28377,2025.09.14,이 맛이 맛있다고 하네요
도시락·밥류,컵반 덮밥 시리즈 10종,햇반,https://www.kurly.com/goods/5041044,3320,28377,2025.09.14,비상식량 근데왜 하나밖에 못고르나요?
도시락·밥류,컵반 덮밥 시리즈 10종,햇반,https://www.kurly.com/goods/5041044,3320,28377,2025.09.14,밥하기싫을때딱좋아요~
도시락·밥류,컵반 덮밥 시리즈 10종,햇반,https://www.kurly.com/goods/5041044,3320,28377,2025.09.13,매운게 땡겨서 사봤음
도시락·밥류,컵반 덮밥 시리즈 10종,햇반,https://www.kurly.com/goods/5041044,3320,28377,2025.09.13,맛있어서 또 구매함
도시락·밥류,컵반 덮밥 시리즈 10종,햇반,https://www.kurly.com/goods/5041044,3320,28377,2025.09.13,간편하게 먹으려고 삼
도시락·밥류,컵반 덮밥 시리즈 10종,햇반,https://www.kurly.com/goods/5041044,3320,28377,2025.09.12,귀찮을때 간편하게 먹을수있어서 좋아요
도시락·밥류,컵반 덮밥 시리즈 10종,햇반,https://www.kurly.com/goods/5041044,3320,28377,2025.09.12,간편하게 먹으려고 구매했어요
도시락·밥류,컵반 덮밥 시리즈 10종,햇반,https://www.kurly.com/goods/5041044,3320,28377,2025.09.11,맛있어요 동생이 맨날 사달라하는 제품이에요
도시락·밥류,컵반 덮밥 시리즈 10종,햇반,https://www.kurly.com/goods/5041044,3320,28377,2025.09.11,한끼식사로 아주 좋아요!!!!!!!!!
도시락·밥류,컵반 덮밥 시리즈 10종,햇반,https://www.kurly.com/goods/5041044,3320,28377,2025.09.11,컵밥중에 그런대로 괜찮은 제품입니다 간단히 때우고 싶을 때 편리하고 양도 적당하니 좋습니다
도시락·밥류,컵반 덮밥 시리즈 10종,햇반,https://www.kurly.com/goods/5041044,3320,28377,2025.09.11,잘받았습니다 안전하게 잘왔어요 좋아요 맛있어요
도시락·밥류,컵반 덮밥 시리즈 10종,햇반,https://www.kurly.com/goods/5041044,3320,28377,2025.09.11,잘받았습니다 행사로 저렴하게 잘 샀어요 좋아요
도시락·밥류,컵반 덮밥 시리즈 10종,햇반,https://www.kurly.com/goods/5041044,3320,28377,2025.09.11,잘받았습니다 편리하고 좋아요 아이에게 보내줬는데 좋아하네요
도시락·밥류,컵반 덮밥 시리즈 10종,햇반,https://www.kurly.com/goods/5041044,3320,28377,2025.09.11,잘받았습니다 편리하고 좋아요 기숙사 아이 보내줬어요
도시락·밥류,컵반 덮밥 시리즈 10종,햇반,https://www.kurly.com/goods/5041044,3320,28377,2025.09.10,아이가 간식으로 너무 잘 먹어요
도시락·밥류,컵반 덮밥 시리즈 10종,햇반,https://www.kurly.com/goods/5041044,3320,28377,2025.09.10,평소 짜장 좋아해서 구매햇어요
도시락·밥류,컵반 덮밥 시리즈 10종,햇반,https://www.kurly.com/goods/5041044,3320,28377,2025.09.10,마파두부 좋아하는데 기대되요
도시락·밥류,컵반 덮밥 시리즈 10종,햇반,https://www.kurly.com/goods/5041044,3320,28377,2025.09.10,맛잇을 것 같아 골고루 삿어요
도시락·밥류,컵반 덮밥 시리즈 10종,햇반,https://www.kurly.com/goods/5041044,3320,28377,2025.09.10,점심에ㅜ먹으려고 삿어요
도시락·밥류,한끼든든 시원한 황태국밥 (리뉴얼),LOTS OF LOVE,https://www.kurly.com/goods/5034409,6000,12100,2022.12.29,"술 먹으면 다음날 꼭 밥으로 해장해야되서 주로 국밥을 시켜 먹는데 국밥집은 최소 주문 금액 맞추기가 힘들더라구요 그래서 이번에는 거하게 술먹는 다음 날에 맞춰 이 제품을 사봤습니다.
일단 포장이 2인분이 한 봉지에 든 줄 모르고 한 봉지를 다 끓여버렸는데 양이 엄청 많더라구요(결국 남겼다가 아침에 먹고 점심에 또 먹었어요) 지퍼백 포장으로 되어 있어서 냄비에 물 350ml 넣고 반 부웠다가 끓여 먹고 나중에 또 반 부워서 드시면 됩니다.
해동할 필요 없이 물 끓이다가 냉동 제품 바로 넣어도 되는 거라 엄청 편리하고 끓이면 죽처럼 밥이 몰랑몰랑해서 해장에 정말 좋아요
제 개인적인 추천은 먹기 전에 참기름 조금 두르고 깨소금 올려 먹으면 참 맛있더라구요👍추천합니다"
도시락·밥류,한끼든든 시원한 황태국밥 (리뉴얼),LOTS OF LOVE,https://www.kurly.com/goods/5034409,6000,12100,2025.09.22,주문할 때마다 만족합니다 가볍게 한 끼 때울때 좋아요 시원하고 맛있어요
도시락·밥류,한끼든든 시원한 황태국밥 (리뉴얼),LOTS OF LOVE,https://www.kurly.com/goods/5034409,6000,12100,2025.09.22,짜지 않고 맛있습니다. 자주 이용합니다.
도시락·밥류,한끼든든 시원한 황태국밥 (리뉴얼),LOTS OF LOVE,https://www.kurly.com/goods/5034409,6000,12100,2025.09.22,짧은 시간 조리해서 먹기 좋아요
도시락·밥류,한끼든든 시원한 황태국밥 (리뉴얼),LOTS OF LOVE,https://www.kurly.com/goods/5034409,6000,12100,2025.09.22,황태국 첨 사보는데.편하게.먹기 쉬울 것 같아요 ㅎㅎ
도시락·밥류,한끼든든 시원한 황태국밥 (리뉴얼),LOTS OF LOVE,https://www.kurly.com/goods/5034409,6000,12100,2025.09.22,간편하고 맛도 좋고 진짜 재구매합니다
도시락·밥류,한끼든든 시원한 황태국밥 (리뉴얼),LOTS OF LOVE,https://www.kurly.com/goods/5034409,6000,12100,2025.09.22,술 먹고 난 해장으로 든든하고 좋습니다. 라면보다 훨씬 좋습니다
도시락·밥류,한끼든든 시원한 황태국밥 (리뉴얼),LOTS OF LOVE,https://www.kurly.com/goods/5034409,6000,12100,2025.09.22,간편하게국밥한그릇..
도시락·밥류,한끼든든 시원한 황태국밥 (리뉴얼),LOTS OF LOVE,https://www.kurly.com/goods/5034409,6000,12100,2025.09.21,맛있어서 자주 구매하고 있어요
도시락·밥류,한끼든든 시원한 황태국밥 (리뉴얼),LOTS OF LOVE,https://www.kurly.com/goods/5034409,6000,12100,2025.09.21,할인해서  잘샀어요 냉동실 쟁여템
도시락·밥류,한끼든든 시원한 황태국밥 (리뉴얼),LOTS OF LOVE,https://www.kurly.com/goods/5034409,6000,12100,2025.09.21,자주 주문하는 상품이에요. 달걀1개 추가하면 더 고소해요.
도시락·밥류,한끼든든 시원한 황태국밥 (리뉴얼),LOTS OF LOVE,https://www.kurly.com/goods/5034409,6000,12100,2025.09.21,간편해서 3번째 구매해요.
도시락·밥류,한끼든든 시원한 황태국밥 (리뉴얼),LOTS OF LOVE,https://www.kurly.com/goods/5034409,6000,12100,2025.09.21,물양을 많이 하면  짜지않고 맛있어서 재구매했어요
도시락·밥류,한끼든든 시원한 황태국밥 (리뉴얼),LOTS OF LOVE,https://www.kurly.com/goods/5034409,6000,12100,2025.09.20,"어째 구매하고 더 할인되어서 쟁여놓기로 구매했어요.
진짜 간편한데 맛도 있어 좋아요.
집에서 먹어도 좋지만 여행가서 먹으니 편해요."
도시락·밥류,한끼든든 시원한 황태국밥 (리뉴얼),LOTS OF LOVE,https://www.kurly.com/goods/5034409,6000,12100,2025.09.20,"황태국밥 시원해서 잘 먹고 있어요^^
깍두기랑 먹으면 진짜 꿀맛!!!"
도시락·밥류,한끼든든 시원한 황태국밥 (리뉴얼),LOTS OF LOVE,https://www.kurly.com/goods/5034409,6000,12100,2025.09.20,"해장으로 좋아요 
뜨끈하니 ^-^
자주 먹습니다~~"
도시락·밥류,한끼든든 시원한 황태국밥 (리뉴얼),LOTS OF LOVE,https://www.kurly.com/goods/5034409,6000,12100,2025.09.19,먹기편하고  맛있어서 재구매했어요
도시락·밥류,한끼든든 시원한 황태국밥 (리뉴얼),LOTS OF LOVE,https://www.kurly.com/goods/5034409,6000,12100,2025.09.19,"완전 사랑하는 최애템
미역국밥 황태국밥"
도시락·밥류,한끼든든 시원한 황태국밥 (리뉴얼),LOTS OF LOVE,https://www.kurly.com/goods/5034409,6000,12100,2025.09.19,저번에 먹어보고 맛있어서 재구매
도시락·밥류,한끼든든 시원한 황태국밥 (리뉴얼),LOTS OF LOVE,https://www.kurly.com/goods/5034409,6000,12100,2025.09.19,간편한 2인분 식사
도시락·밥류,한끼든든 시원한 황태국밥 (리뉴얼),LOTS OF LOVE,https://www.kurly.com/goods/5034409,6000,12100,2025.09.18,"아침대용으로 너무 좋아요
빵대신 밥!"
도시락·밥류,한끼든든 시원한 황태국밥 (리뉴얼),LOTS OF LOVE,https://www.kurly.com/goods/5034409,6000,12100,2025.09.18,이건 기대한것보다 별로였어요 간편하긴한데 다시재구매는 안할듯요
도시락·밥류,한끼든든 시원한 황태국밥 (리뉴얼),LOTS OF LOVE,https://www.kurly.com/goods/5034409,6000,12100,2025.09.18,세일해서 샀어요~~컬리 냉동국은 아무거나 사도 맛있음
도시락·밥류,한끼든든 시원한 황태국밥 (리뉴얼),LOTS OF LOVE,https://www.kurly.com/goods/5034409,6000,12100,2025.09.18,간편하고 맛있어요..
도시락·밥류,한끼든든 시원한 황태국밥 (리뉴얼),LOTS OF LOVE,https://www.kurly.com/goods/5034409,6000,12100,2025.09.17,시원하고 좋네요 잘 먹었습니다
도시락·밥류,한끼든든 시원한 황태국밥 (리뉴얼),LOTS OF LOVE,https://www.kurly.com/goods/5034409,6000,12100,2025.09.17,미역국밥에 이어 황태국밥도 아플 때 먹으면 넘 편리해요
도시락·밥류,한끼든든 시원한 황태국밥 (리뉴얼),LOTS OF LOVE,https://www.kurly.com/goods/5034409,6000,12100,2025.09.17,간편하고 맛좋고 강추해요
도시락·밥류,한끼든든 시원한 황태국밥 (리뉴얼),LOTS OF LOVE,https://www.kurly.com/goods/5034409,6000,12100,2025.09.17,간단하게 먹기좋아요
도시락·밥류,한끼든든 시원한 황태국밥 (리뉴얼),LOTS OF LOVE,https://www.kurly.com/goods/5034409,6000,12100,2025.09.17,맛있어서 자주 구매해요
도시락·밥류,한끼든든 시원한 황태국밥 (리뉴얼),LOTS OF LOVE,https://www.kurly.com/goods/5034409,6000,12100,2025.09.17,"재주문할정도루먹기간편하고진해요
입맛없는아침으로좋읍니다"
도시락·밥류,한끼든든 시원한 황태국밥 (리뉴얼),LOTS OF LOVE,https://www.kurly.com/goods/5034409,6000,12100,2025.09.17,급할때 한번 해먹기 좋아요
도시락·밥류,한끼든든 시원한 황태국밥 (리뉴얼),LOTS OF LOVE,https://www.kurly.com/goods/5034409,6000,12100,2025.09.17,"무난해요

죽

아플때

간단히."
도시락·밥류,한끼든든 시원한 황태국밥 (리뉴얼),LOTS OF LOVE,https://www.kurly.com/goods/5034409,6000,12100,2025.09.16,꽤 괜찮아요 만족합니다
도시락·밥류,한끼든든 시원한 황태국밥 (리뉴얼),LOTS OF LOVE,https://www.kurly.com/goods/5034409,6000,12100,2025.09.16,한번씩 편하게 먹기 좋아요
도시락·밥류,한끼든든 시원한 황태국밥 (리뉴얼),LOTS OF LOVE,https://www.kurly.com/goods/5034409,6000,12100,2025.09.16,밥까지 들어있어 간편
도시락·밥류,한끼든든 시원한 황태국밥 (리뉴얼),LOTS OF LOVE,https://www.kurly.com/goods/5034409,6000,12100,2025.09.16,한 끼 해결하기에 좋고 맛있어요
도시락·밥류,한끼든든 시원한 황태국밥 (리뉴얼),LOTS OF LOVE,https://www.kurly.com/goods/5034409,6000,12100,2025.09.16,술먹고 해장에 좋습니다. 든든합니다
도시락·밥류,한끼든든 시원한 황태국밥 (리뉴얼),LOTS OF LOVE,https://www.kurly.com/goods/5034409,6000,12100,2025.09.16,이거 한 번 맛 본 후로 지금 4번째 재구매하는 중. 앞으로도 더 살 거 같아요
도시락·밥류,한끼든든 시원한 황태국밥 (리뉴얼),LOTS OF LOVE,https://www.kurly.com/goods/5034409,6000,12100,2025.09.16,이거 진짜 양 푸짐해요. 그리고 맛도 좋아서 부담없이 한끼 하고 싶을 때 손 진짜 잘갑니다. 근데 조리법에 맞춰서 해도 저한텐 간이 좀 세더라구요. 물로 간 농도 잘 맞춰서 드세요
도시락·밥류,한끼든든 시원한 황태국밥 (리뉴얼),LOTS OF LOVE,https://www.kurly.com/goods/5034409,6000,12100,2025.09.16,아침으로 해줬어요계란하나 풀고
도시락·밥류,한끼든든 시원한 황태국밥 (리뉴얼),LOTS OF LOVE,https://www.kurly.com/goods/5034409,6000,12100,2025.09.15,아침에 먹기 좋아서 아주 만족하고 있어요
도시락·밥류,한끼든든 시원한 황태국밥 (리뉴얼),LOTS OF LOVE,https://www.kurly.com/goods/5034409,6000,12100,2025.09.15,"맛있어요
시원하고 급하게 먹을때
데워먹기 좋아요"
도시락·밥류,한끼든든 시원한 황태국밥 (리뉴얼),LOTS OF LOVE,https://www.kurly.com/goods/5034409,6000,12100,2025.09.15,요거 아침에 간단히 먹기 넘 좋아요
도시락·밥류,한끼든든 시원한 황태국밥 (리뉴얼),LOTS OF LOVE,https://www.kurly.com/goods/5034409,6000,12100,2025.09.14,처음 먹어봤는데 맛잇네요ㅋㅋ
도시락·밥류,한끼든든 시원한 황태국밥 (리뉴얼),LOTS OF LOVE,https://www.kurly.com/goods/5034409,6000,12100,2025.09.14,렌지에 간편하게 먹을수있어서 좋아요 물많이넣으니 안짜고 맛있어요
도시락·밥류,한끼든든 시원한 황태국밥 (리뉴얼),LOTS OF LOVE,https://www.kurly.com/goods/5034409,6000,12100,2025.09.14,"안녕하세요. 컬리입니다.

고객님의 보냉백에 냉동 상품이 담기지 않고 외부에 방치되어 상품이 모두 녹아버린 문제로 불편을 드린 점 진심으로 사과드립니다.

해당 건은 배송 담당자가 냉동 상품을 보냉백에 옮겨 담는 과정에서 착오가 있었을 가능성이 높으며, 이로 인해 상품이 해동되고 포장재가 젖은 상태로 배송된 것으로 보입니다.

상품 문제로 마음 쓰시게 한 점 죄송합니다. 번거로우시겠지만, 해당 상품의 상태를 간략히 [마이컬리 > 고객센터 > 1:1 문의]로 남겨주시거나, 저희 고객센터(1644-1107)로 접수해 주시면 신속히 확인하여 안내 드릴 수 있도록 하겠습니다.

향후 이러한 문제가 재발하지 않도록 배송 담당자에게 개인 보냉백 이용 시 냉동, 냉장 상품 모두 누락 없이 담도록 교육을 강화하겠습니다. 이용에 불편함을 드려 사과드리며, 동일 불편이 없도록 관리하겠습니다.

감사합니다.
Better Life for All. Kurly"
도시락·밥류,한끼든든 시원한 황태국밥 (리뉴얼),LOTS OF LOVE,https://www.kurly.com/goods/5034409,6000,12100,2025.09.14,맛있어보텨서 구매했엉ㅅ
도시락·밥류,한끼든든 시원한 황태국밥 (리뉴얼),LOTS OF LOVE,https://www.kurly.com/goods/5034409,6000,12100,2025.09.14,아침에 먹으니 든든해서 좋아요
도시락·밥류,한끼든든 시원한 황태국밥 (리뉴얼),LOTS OF LOVE,https://www.kurly.com/goods/5034409,6000,12100,2025.09.13,해장으로도 딱이네요. 빠르고 쉽게 완성되고 맛도 일품입니다.
도시락·밥류,한끼든든 시원한 황태국밥 (리뉴얼),LOTS OF LOVE,https://www.kurly.com/goods/5034409,6000,12100,2025.09.13,"여행가서 아이들이 잘먹었어요
간편하게먹기 너무조아요"
도시락·밥류,통 닭가슴살 곤약 도시락 5종 (2개입) (택1),누누반,https://www.kurly.com/goods/1001201269,7920,556,2025.09.16,치즈까지 사서 뿌려먹으면 존맛탱입니다!!! 추천!!
도시락·밥류,통 닭가슴살 곤약 도시락 5종 (2개입) (택1),누누반,https://www.kurly.com/goods/1001201269,7920,556,2025.09.16,만족해서 다음번 재구매의사 있습니다. 맛있어요.
도시락·밥류,통 닭가슴살 곤약 도시락 5종 (2개입) (택1),누누반,https://www.kurly.com/goods/1001201269,7920,556,2025.09.15,너무맛잇어용ㅋㅋ가격도저렴
도시락·밥류,통 닭가슴살 곤약 도시락 5종 (2개입) (택1),누누반,https://www.kurly.com/goods/1001201269,7920,556,2025.09.14,맛있습니다 굿굿입니다  간편
도시락·밥류,통 닭가슴살 곤약 도시락 5종 (2개입) (택1),누누반,https://www.kurly.com/goods/1001201269,7920,556,2025.09.13,닭가슴살이 통째로 있고 밥도 있어서 너무 맛있게 배부르게 먹었습니다.
도시락·밥류,통 닭가슴살 곤약 도시락 5종 (2개입) (택1),누누반,https://www.kurly.com/goods/1001201269,7920,556,2025.09.09,재재재구매템!!! 사실 다이어트보다는 간단한 한끼식사용이라고 생각해요
도시락·밥류,통 닭가슴살 곤약 도시락 5종 (2개입) (택1),누누반,https://www.kurly.com/goods/1001201269,7920,556,2025.09.08,묵은지삼겹 먹어보니 맛있어서 요거도 사봤는데 이것도 괜찮네요!
도시락·밥류,통 닭가슴살 곤약 도시락 5종 (2개입) (택1),누누반,https://www.kurly.com/goods/1001201269,7920,556,2025.09.06,맛있어보여요 기대됩니다
도시락·밥류,통 닭가슴살 곤약 도시락 5종 (2개입) (택1),누누반,https://www.kurly.com/goods/1001201269,7920,556,2025.09.06,묵은지랑 소불고기가 맛있어요!!
도시락·밥류,통 닭가슴살 곤약 도시락 5종 (2개입) (택1),누누반,https://www.kurly.com/goods/1001201269,7920,556,2025.09.06,저는 약간 버터향이 향긋한 버터라 별로 선호하지 않는 맛인데 동생의 최애 맛!! 요것만 찾아요!
도시락·밥류,통 닭가슴살 곤약 도시락 5종 (2개입) (택1),누누반,https://www.kurly.com/goods/1001201269,7920,556,2025.09.06,누누반 도시락 진짜 맛있어요 이것만 계속 먹어요!!
도시락·밥류,통 닭가슴살 곤약 도시락 5종 (2개입) (택1),누누반,https://www.kurly.com/goods/1001201269,7920,556,2025.09.05,정말 맛있다고 극찬해서 재구매요
도시락·밥류,통 닭가슴살 곤약 도시락 5종 (2개입) (택1),누누반,https://www.kurly.com/goods/1001201269,7920,556,2025.09.05,아이가 맛있다고 해서 시리즈 모두 구매요
도시락·밥류,통 닭가슴살 곤약 도시락 5종 (2개입) (택1),누누반,https://www.kurly.com/goods/1001201269,7920,556,2025.09.05,아이가 맛있다고 해서 재구매했어요
도시락·밥류,통 닭가슴살 곤약 도시락 5종 (2개입) (택1),누누반,https://www.kurly.com/goods/1001201269,7920,556,2025.09.04,묵은지삼겹볶음밥이 후기가 가장 좋아보여서 사봤는데 맛있네요
도시락·밥류,통 닭가슴살 곤약 도시락 5종 (2개입) (택1),누누반,https://www.kurly.com/goods/1001201269,7920,556,2025.09.04,운동하면서 필요해서 먹으려고 주문해요
도시락·밥류,통 닭가슴살 곤약 도시락 5종 (2개입) (택1),누누반,https://www.kurly.com/goods/1001201269,7920,556,2025.09.04,운동하면서 먹으려고 주문해요
도시락·밥류,통 닭가슴살 곤약 도시락 5종 (2개입) (택1),누누반,https://www.kurly.com/goods/1001201269,7920,556,2025.09.04,통 닭가슴살 곤약 묵은지삼겹볶음밥
도시락·밥류,통 닭가슴살 곤약 도시락 5종 (2개입) (택1),누누반,https://www.kurly.com/goods/1001201269,7920,556,2025.09.03,양이 꽤나 있고 든든해요!
도시락·밥류,통 닭가슴살 곤약 도시락 5종 (2개입) (택1),누누반,https://www.kurly.com/goods/1001201269,7920,556,2025.08.31,닭가슴살이 부드럽고 밥도 맛있어요 양도 많고 든든해요
도시락·밥류,통 닭가슴살 곤약 도시락 5종 (2개입) (택1),누누반,https://www.kurly.com/goods/1001201269,7920,556,2025.08.30,소불고기가 아주 맛있어요. 볶음밥이 믹스가 되어 괜찮아요
도시락·밥류,통 닭가슴살 곤약 도시락 5종 (2개입) (택1),누누반,https://www.kurly.com/goods/1001201269,7920,556,2025.08.30,버터가 고소하고 계란과 아주 맷치가 되어서 정말 최고입니다.
도시락·밥류,통 닭가슴살 곤약 도시락 5종 (2개입) (택1),누누반,https://www.kurly.com/goods/1001201269,7920,556,2025.08.30,삼겹살이 고소하고 아주 얇아서 쫄깃하네요. 양도 적당하고 다이어트를 하는 지인들한테도 적극 추천하고 싶네요
도시락·밥류,통 닭가슴살 곤약 도시락 5종 (2개입) (택1),누누반,https://www.kurly.com/goods/1001201269,7920,556,2025.08.30,햄김치가 볶여져서 아주 고소하고 볶음밥이 어우러져 아주 만족스러운 메뉴입니다.
도시락·밥류,통 닭가슴살 곤약 도시락 5종 (2개입) (택1),누누반,https://www.kurly.com/goods/1001201269,7920,556,2025.08.28,생각보다 별로였어요ㅜㅜ
도시락·밥류,통 닭가슴살 곤약 도시락 5종 (2개입) (택1),누누반,https://www.kurly.com/goods/1001201269,7920,556,2025.08.26,"아침에 먹고가려고 구입했어여 
간편하고 너무 좋내요 전자렌지에 돌리면 끝 
먹고 또 시키렵니다 
맛있어요 너무너무"
도시락·밥류,통 닭가슴살 곤약 도시락 5종 (2개입) (택1),누누반,https://www.kurly.com/goods/1001201269,7920,556,2025.08.26,"아침에 먹고가려고 구입했어여 
간편하고 너무 좋내요 전자렌지에 돌리면 끝 
먹고 또 시키렵니다 
맛있어요 너무너무 
좋앙"
도시락·밥류,통 닭가슴살 곤약 도시락 5종 (2개입) (택1),누누반,https://www.kurly.com/goods/1001201269,7920,556,2025.08.26,"아침에 먹고가려고 구입했어여 
간편하고 너무 좋내요 전자렌지에 돌리면 끝 
먹고 또 시키렵니다 
맛있어요 너무너무  ಢ‸ಢ"
도시락·밥류,통 닭가슴살 곤약 도시락 5종 (2개입) (택1),누누반,https://www.kurly.com/goods/1001201269,7920,556,2025.08.26,"아침에 먹고가려고 구입했어여 
간편하고 너무 좋내요 전자렌지에 돌리면 끝 
먹고 또 시키렵니다 
맛있어요 너무너무 
:D"
도시락·밥류,통 닭가슴살 곤약 도시락 5종 (2개입) (택1),누누반,https://www.kurly.com/goods/1001201269,7920,556,2025.08.26,짠편이라 밥을 더 섞어서 먹으면 좋아요
도시락·밥류,통 닭가슴살 곤약 도시락 5종 (2개입) (택1),누누반,https://www.kurly.com/goods/1001201269,7920,556,2025.08.26,제 입맛엔 소불고기 볶음밥이 제일 나아요
도시락·밥류,통 닭가슴살 곤약 도시락 5종 (2개입) (택1),누누반,https://www.kurly.com/goods/1001201269,7920,556,2025.08.26,괜찮아요 제 입맛엔 소불고기볶음밥이 제일 나았던거 같아요
도시락·밥류,통 닭가슴살 곤약 도시락 5종 (2개입) (택1),누누반,https://www.kurly.com/goods/1001201269,7920,556,2025.08.23,다른게 좀 짠거같아서 이걸 고름 양이 넉넉하네요
도시락·밥류,통 닭가슴살 곤약 도시락 5종 (2개입) (택1),누누반,https://www.kurly.com/goods/1001201269,7920,556,2025.08.23,저렴한가격에잘삿어요ㅋ
도시락·밥류,통 닭가슴살 곤약 도시락 5종 (2개입) (택1),누누반,https://www.kurly.com/goods/1001201269,7920,556,2025.08.21,닭가슴살 냄새나요 2번째 잘못주문했네요ㅠ
도시락·밥류,통 닭가슴살 곤약 도시락 5종 (2개입) (택1),누누반,https://www.kurly.com/goods/1001201269,7920,556,2025.08.20,점심 도시락으로 조아용
도시락·밥류,통 닭가슴살 곤약 도시락 5종 (2개입) (택1),누누반,https://www.kurly.com/goods/1001201269,7920,556,2025.08.20,회사 도시락으로 딱이에오
도시락·밥류,통 닭가슴살 곤약 도시락 5종 (2개입) (택1),누누반,https://www.kurly.com/goods/1001201269,7920,556,2025.08.19,양이 많고 한끼 충분한 식사에요 근데 제 입맛에는  좀 느끼해요
도시락·밥류,통 닭가슴살 곤약 도시락 5종 (2개입) (택1),누누반,https://www.kurly.com/goods/1001201269,7920,556,2025.08.19,양이 많고 내용물이 충실한데 제 입맛에는 좀 느끼해요
도시락·밥류,통 닭가슴살 곤약 도시락 5종 (2개입) (택1),누누반,https://www.kurly.com/goods/1001201269,7920,556,2025.08.19,맛 괜찮아요 무난하게 먹기좋음
도시락·밥류,통 닭가슴살 곤약 도시락 5종 (2개입) (택1),누누반,https://www.kurly.com/goods/1001201269,7920,556,2025.08.17,도시락 자주 구입함 볶음밥이 너무 맛있어요 최애는 묵은지삼겹
도시락·밥류,통 닭가슴살 곤약 도시락 5종 (2개입) (택1),누누반,https://www.kurly.com/goods/1001201269,7920,556,2025.08.17,최애도시락 닭가슴살 촉촉해요
도시락·밥류,통 닭가슴살 곤약 도시락 5종 (2개입) (택1),누누반,https://www.kurly.com/goods/1001201269,7920,556,2025.08.15,"비상식량으로 사봤는데,
제입맛에는 별루였어요"
도시락·밥류,통 닭가슴살 곤약 도시락 5종 (2개입) (택1),누누반,https://www.kurly.com/goods/1001201269,7920,556,2025.08.15,전체적으로 좀 아쉬운 맛이었어요
도시락·밥류,통 닭가슴살 곤약 도시락 5종 (2개입) (택1),누누반,https://www.kurly.com/goods/1001201269,7920,556,2025.08.14,간편하고 맛있게 잘 먹었습니다.
도시락·밥류,통 닭가슴살 곤약 도시락 5종 (2개입) (택1),누누반,https://www.kurly.com/goods/1001201269,7920,556,2025.08.14,회사에 점심으로 먹어요 든든해요
도시락·밥류,통 닭가슴살 곤약 도시락 5종 (2개입) (택1),누누반,https://www.kurly.com/goods/1001201269,7920,556,2025.08.13,소불고기가 맛있고 만족스러운 메뉴입니다. 통 닭가슴살이 쫄깃하네요
도시락·밥류,통 닭가슴살 곤약 도시락 5종 (2개입) (택1),누누반,https://www.kurly.com/goods/1001201269,7920,556,2025.08.13,버터가 부드럽고 계란이 고소하면서도 양도 딱 적당하고 주변의 다이어트를 하는 지인들한테도 적극 추천하고 싶네요.
도시락·밥류,통 닭가슴살 곤약 도시락 5종 (2개입) (택1),누누반,https://www.kurly.com/goods/1001201269,7920,556,2025.08.13,대패삼겹살이 고소하고 맛이 좋아요. 다음에 또 다시 구매할 기회가 생긴다면 재구매할 예정입니다
도시락·밥류,통 닭가슴살 곤약 도시락 5종 (2개입) (택1),누누반,https://www.kurly.com/goods/1001201269,7920,556,2025.08.13,닭가슴살이 쫄깃쫄깃한 식감이 좋네요. 삼겹살이 고소하고 아주 좋아요. 주변의 지인들한테도 적극 추천하고 싶네요
도시락·밥류,곤약현미 볶음밥 5종 (택1),한끼통살,https://www.kurly.com/goods/1001188030,7200,304,2025.05.12,"한끼통살 김가루 깍두기맛 곤약현미볶음밥 구매!
평소에도 김치볶음밥, 고기집 후식볶음밥, 감자탕 먹고 볶음밥 , 이런 자극적이고 매콤한 볶음밥을 좋아해요
그래서 구매하게된 깍두기맛 입니다

개인적으로 전자렌지 보다 후라이팬에 눌러붙게 요리하는게 훨 맛있어요 
냉동상태로 해동 따로안하고 냉동볶음밥과 올리브유를 조금 둘러서 볶고 저는 닭안심살 추가해서 볶았어요
이러면 진짜 식단 맛있게 할 수 있답니다 ^^
배불러요

시간없을땐 전자렌지에 간편하게 돌릴 수 있어 넘 편해요 전자렌지에만 돌려도 충분히 맛있어요~~~
곤약현미의 맛없는 맛 이 아니고 그냥 깍두기볶음밥 맛 이에요 ㅎㅎㅎㅎ😊

다먹으면 무조건 재구매 입니다!
많은 깍두기 조각이 들어있어 씹는맛이 좋고 
씹고싶은 욕구가 사라져요 
식단할때 너무 안먹으면 오히려 나중에 폭식하는데
한끼 이렇게 해결하면 배부르고 다른음식 생각안나고 너무 좋아요~~~👍🏻👍🏻
보관하기좋고 먹기 쉽고 다이어트되고
안살이유가없어요 ~~! 
김에 싸드셔도 맛있고 계란후라이 올려먹어도 굳!!!"
도시락·밥류,곤약현미 볶음밥 5종 (택1),한끼통살,https://www.kurly.com/goods/1001188030,7200,304,2025.09.21,다이어트 볶음밥 찾다가 이 제품을 찾았는데 맛있어서 재구매 자주 하는 제품입니다. 개인적으로 제일 좋아하는 맛입니다.
도시락·밥류,곤약현미 볶음밥 5종 (택1),한끼통살,https://www.kurly.com/goods/1001188030,7200,304,2025.09.21,다이어트 볶음밥 찾다가 이 제품을 찾았는데 맛있어서 재구매 자주 하는 제품입니다. 중화비빔밥 맛이에요.
도시락·밥류,곤약현미 볶음밥 5종 (택1),한끼통살,https://www.kurly.com/goods/1001188030,7200,304,2025.09.21,다이어트 볶음밥 찾다가 이 제품을 찾았는데 맛있어서 재구매 자주 하는 제품입니다. 제가 산 3가지 맛 중에 제일 자극적이지 않은 맛이라 좋아요.
도시락·밥류,곤약현미 볶음밥 5종 (택1),한끼통살,https://www.kurly.com/goods/1001188030,7200,304,2025.09.18,이거 넘 맛있어서 또 샀어요
도시락·밥류,곤약현미 볶음밥 5종 (택1),한끼통살,https://www.kurly.com/goods/1001188030,7200,304,2025.09.16,이거 진짜 최애맛...살살 볶아먹으면 가게 철판 볶음밥 맛이랑 비슷해요
도시락·밥류,곤약현미 볶음밥 5종 (택1),한끼통살,https://www.kurly.com/goods/1001188030,7200,304,2025.09.16,쌀밥 대신 매운 맛 느끼고 싶을 때 먹으려고 샀어요
도시락·밥류,곤약현미 볶음밥 5종 (택1),한끼통살,https://www.kurly.com/goods/1001188030,7200,304,2025.09.16,흰쌀밥 대신 슴슴한 맛이 생각날 때 먹으려고 시켰어요.
도시락·밥류,곤약현미 볶음밥 5종 (택1),한끼통살,https://www.kurly.com/goods/1001188030,7200,304,2025.09.15,맛있네요 비상템입니다
도시락·밥류,곤약현미 볶음밥 5종 (택1),한끼통살,https://www.kurly.com/goods/1001188030,7200,304,2025.09.15,좋아요 맛있어요..
도시락·밥류,곤약현미 볶음밥 5종 (택1),한끼통살,https://www.kurly.com/goods/1001188030,7200,304,2025.09.13,먹다보면 좀 자극적이긴 해요
도시락·밥류,곤약현미 볶음밥 5종 (택1),한끼통살,https://www.kurly.com/goods/1001188030,7200,304,2025.09.10,우리집 냉장고 필수템
도시락·밥류,곤약현미 볶음밥 5종 (택1),한끼통살,https://www.kurly.com/goods/1001188030,7200,304,2025.09.10,"다이어트식으로 간단하게 먹기 좋아요
계란 얹어 먹으면 맛있어요"
도시락·밥류,곤약현미 볶음밥 5종 (택1),한끼통살,https://www.kurly.com/goods/1001188030,7200,304,2025.09.09,몸 만드는 남편이 좋아하는 아이템
도시락·밥류,곤약현미 볶음밥 5종 (택1),한끼통살,https://www.kurly.com/goods/1001188030,7200,304,2025.09.09,맛있게 잘 먹고 있어요
도시락·밥류,곤약현미 볶음밥 5종 (택1),한끼통살,https://www.kurly.com/goods/1001188030,7200,304,2025.09.09,식단하는 남편이 좋아하는 메뉴예요
도시락·밥류,곤약현미 볶음밥 5종 (택1),한끼통살,https://www.kurly.com/goods/1001188030,7200,304,2025.09.08,버터향 고소하게 나면서 엄청 맛있어요
도시락·밥류,곤약현미 볶음밥 5종 (택1),한끼통살,https://www.kurly.com/goods/1001188030,7200,304,2025.09.08,무난하게 맛있는 맛이에요
도시락·밥류,곤약현미 볶음밥 5종 (택1),한끼통살,https://www.kurly.com/goods/1001188030,7200,304,2025.09.08,간이 조금 짭잘해서 스크램블 같이 먹어야 할 거 같아요
도시락·밥류,곤약현미 볶음밥 5종 (택1),한끼통살,https://www.kurly.com/goods/1001188030,7200,304,2025.09.08,전부 다 사봤는데 짬뽕해물맛이 제일 맛있네요
도시락·밥류,곤약현미 볶음밥 5종 (택1),한끼통살,https://www.kurly.com/goods/1001188030,7200,304,2025.09.04,맛있어서 다요트기간에 자주먹으려구오
도시락·밥류,곤약현미 볶음밥 5종 (택1),한끼통살,https://www.kurly.com/goods/1001188030,7200,304,2025.09.03,네가지맛 맛보기로 해물짬뽕맛 먹어봤는데 진짜 맛있어서 해물짬뽕맛으로 재구매 했어요!! 다이어트 중 한끼로 먹으려고 샀는데 다이어트하는 것 같지도 않고 넘 맛있어서 냉장고에 쟁여두려구요
도시락·밥류,곤약현미 볶음밥 5종 (택1),한끼통살,https://www.kurly.com/goods/1001188030,7200,304,2025.09.02,여러가지로 맛볼 수 있어 좋아요
도시락·밥류,곤약현미 볶음밥 5종 (택1),한끼통살,https://www.kurly.com/goods/1001188030,7200,304,2025.09.01,"대박놀란.. 나트륨이 많긴한데
이칼로리에 이맛? 넘 맛있어서 깜짝놀랐네요😮😮😮
매콤한 맛있고 짭짤하고 맛있습니다"
도시락·밥류,곤약현미 볶음밥 5종 (택1),한끼통살,https://www.kurly.com/goods/1001188030,7200,304,2025.09.01,저당이라 구매했어요
도시락·밥류,곤약현미 볶음밥 5종 (택1),한끼통살,https://www.kurly.com/goods/1001188030,7200,304,2025.09.01,맛있아요~~ 이게 곤약이 맞나!!? 다이어트할 때 아무것도 하기 싫은데 배달방지용이구 야채랑 같이 볶아줍니당
도시락·밥류,곤약현미 볶음밥 5종 (택1),한끼통살,https://www.kurly.com/goods/1001188030,7200,304,2025.09.01,맛있어요 ㅎㅎㅎㅎ 속세의 맛??? ㅋㅋㅋ
도시락·밥류,곤약현미 볶음밥 5종 (택1),한끼통살,https://www.kurly.com/goods/1001188030,7200,304,2025.08.31,맛있어요 좋아요..
도시락·밥류,곤약현미 볶음밥 5종 (택1),한끼통살,https://www.kurly.com/goods/1001188030,7200,304,2025.08.30,맛 궁금해서 구매해봅니다
도시락·밥류,곤약현미 볶음밥 5종 (택1),한끼통살,https://www.kurly.com/goods/1001188030,7200,304,2025.08.29,맛있어용 김가루도 적당한 것 같아용 잘 먹고있습니당
도시락·밥류,곤약현미 볶음밥 5종 (택1),한끼통살,https://www.kurly.com/goods/1001188030,7200,304,2025.08.29,냉동복음밥은 필수쟁여템 ㅋ-ㅋ
도시락·밥류,곤약현미 볶음밥 5종 (택1),한끼통살,https://www.kurly.com/goods/1001188030,7200,304,2025.08.29,"버터장조림맛 - 1등 제일 맛잇고 무난하이 좋았음
갈릭맛 - 2등 맛잇긴한데 마늘냄새 조금 신경쓰임 근데 맛있음
깍두기맛 - 3등 김치보끔밥맛 조았음 맛있고
해물짬뽕맛 -  4등 맛있긴한데 맵고 좀 짰음 그래도 맛있음 

개인 기록용 후기입니다! 4가지맛 전부 맛있게 잘 먹었어요"
도시락·밥류,곤약현미 볶음밥 5종 (택1),한끼통살,https://www.kurly.com/goods/1001188030,7200,304,2025.08.29,냉장고 쟁여템 간편해요
도시락·밥류,곤약현미 볶음밥 5종 (택1),한끼통살,https://www.kurly.com/goods/1001188030,7200,304,2025.08.28,"맛있었음 좋겠어요
식단관리하려구 구매해요"
도시락·밥류,곤약현미 볶음밥 5종 (택1),한끼통살,https://www.kurly.com/goods/1001188030,7200,304,2025.08.28,"후기가 좋아서 구매해봅니다
맛있기를"
도시락·밥류,곤약현미 볶음밥 5종 (택1),한끼통살,https://www.kurly.com/goods/1001188030,7200,304,2025.08.27,아직 안먹어봤는데 기숙사용으로 싸가기 좋을 것 같아 구매했습니다 ~
도시락·밥류,곤약현미 볶음밥 5종 (택1),한끼통살,https://www.kurly.com/goods/1001188030,7200,304,2025.08.27,저희신랑 식단도시락으로 싸주고있어요
도시락·밥류,곤약현미 볶음밥 5종 (택1),한끼통살,https://www.kurly.com/goods/1001188030,7200,304,2025.08.26,"와 깍두기맛 찐 맛있어요
다이어트랑 상관없는 맛이예요ㅋㅋ
간이 쎄서 양배추 좀 때려넣어도
싱겁지 않고 맛나네요"
도시락·밥류,곤약현미 볶음밥 5종 (택1),한끼통살,https://www.kurly.com/goods/1001188030,7200,304,2025.08.25,한개씩 맛볼수있어서 좋고 맛있음!
도시락·밥류,곤약현미 볶음밥 5종 (택1),한끼통살,https://www.kurly.com/goods/1001188030,7200,304,2025.08.24,맛있어서 재구매입니다 다이어트식?으로 샀는데 자극적 ㅋㅋ
도시락·밥류,곤약현미 볶음밥 5종 (택1),한끼통살,https://www.kurly.com/goods/1001188030,7200,304,2025.08.24,"닭갈비먹고 볶아주는 볶음밥같아요ㅎㅎ
추가적으로 이것저것 넣고 볶으면 더맛있어용😄

✅ 구매 이유
요즘 다이어트 중이라 탄수화물 줄이면서도 맛있는 식사를 찾고 있었는데, 곤약과 현미로 만든 볶음밥이라길래 바로 구매! 게다가 깍두기맛이라니… 이건 못 참죠.

🍽️ 조리 간편성
- 냉동 상태 그대로 전자레인지 3분이면 끝!
- 따로 손질할 필요 없이 바로 먹을 수 있어서 바쁜 아침에도 딱이에요.

😋 맛 후기
- 김가루 향이 전자레인지에서 꺼내자마자 확 올라와요. 고소하고 진짜 식욕 자극!
- 깍두기는 아삭아삭하고 새콤달콤해서 곤약밥과 찰떡궁합.
- 닭가슴살도 들어 있어서 단백질까지 챙길 수 있어요.
- 곤약 특유의 식감이 거의 느껴지지 않고, 현미 덕분에 고슬고슬한 밥 느낌이 살아있어요.

💡 추천 포인트
- 다이어트 중인데 맛 포기 못하는 분들께 강력 추천!
- 간편식인데도 재료가 알차고 맛이 기본에 충실해서 재구매 의사 100%입니다.
- 할인할 때 쟁여두면 진짜 든든한 한 끼 해결돼요."
도시락·밥류,곤약현미 볶음밥 5종 (택1),한끼통살,https://www.kurly.com/goods/1001188030,7200,304,2025.08.23,"딸아이가 볶음밥에 꽂혀서 자주 먹어요
 종류대로 사서 냉동고에~이왕이면 다이어트용으로"
도시락·밥류,곤약현미 볶음밥 5종 (택1),한끼통살,https://www.kurly.com/goods/1001188030,7200,304,2025.08.22,항상 잘 이용하고 있어요😊 또 구매하러오겠습니다 :) 감사합니다 !! !!
도시락·밥류,곤약현미 볶음밥 5종 (택1),한끼통살,https://www.kurly.com/goods/1001188030,7200,304,2025.08.21,맛보기로 여러개 들어있어서 좋아요
도시락·밥류,곤약현미 볶음밥 5종 (택1),한끼통살,https://www.kurly.com/goods/1001188030,7200,304,2025.08.20,항상 맛있어서 재구매템이에요
도시락·밥류,곤약현미 볶음밥 5종 (택1),한끼통살,https://www.kurly.com/goods/1001188030,7200,304,2025.08.20,곤약볶음밥 답정너 맛 기대
도시락·밥류,곤약현미 볶음밥 5종 (택1),한끼통살,https://www.kurly.com/goods/1001188030,7200,304,2025.08.18,고깃집 볶음밥 맛이에요 너무 맛있어..
도시락·밥류,곤약현미 볶음밥 5종 (택1),한끼통살,https://www.kurly.com/goods/1001188030,7200,304,2025.08.17,불맛도 나고 매콤해서 맛있어요 간단하게 한끼 먹을 수 있어 좋아요
도시락·밥류,곤약현미 볶음밥 5종 (택1),한끼통살,https://www.kurly.com/goods/1001188030,7200,304,2025.08.17,"간단하고 맛있게 한끼 먹을 수 있어 좋아요
계란이랑 함께 먹으면 조금 더 슴슴하게 먹을 수 있어요 냉동실에 쟁여놔요"
도시락·밥류,곤약현미 볶음밥 5종 (택1),한끼통살,https://www.kurly.com/goods/1001188030,7200,304,2025.08.15,무난하니 맛있네요 깍두기 볶음밥을 한번도 먹어본 적이 없어서 맛 비교는 안되는데 적당히 나트륨도 있고 자극적인 맛이 필요할 때 딱인듯 하네요
도시락·밥류,닭가슴살 김치볶음밥(4개입),굽네,https://www.kurly.com/goods/1000015089,10788,3695,2025.09.22,햇반 쿡반 닭갈비 볶음밥이 더 맛있습니다
도시락·밥류,닭가슴살 김치볶음밥(4개입),굽네,https://www.kurly.com/goods/1000015089,10788,3695,2025.09.22,굽네가 재료가 좋아요. 맛있어요.
도시락·밥류,닭가슴살 김치볶음밥(4개입),굽네,https://www.kurly.com/goods/1000015089,10788,3695,2025.09.20,맛있어요!!! 또 사먹을 의향 있어요.
도시락·밥류,닭가슴살 김치볶음밥(4개입),굽네,https://www.kurly.com/goods/1000015089,10788,3695,2025.09.19,먹을만하니 맛있었어요
도시락·밥류,닭가슴살 김치볶음밥(4개입),굽네,https://www.kurly.com/goods/1000015089,10788,3695,2025.09.18,김치 볶음밥에 세속적인 맛과 닭가슴살의 건강한 맛이 같이 느껴져서 좋았습니다
도시락·밥류,닭가슴살 김치볶음밥(4개입),굽네,https://www.kurly.com/goods/1000015089,10788,3695,2025.09.17,완전 맛있어요 닭가슴살 냄새안나고 안뻑뻑해요 그냥 김볶밥 같아여
도시락·밥류,닭가슴살 김치볶음밥(4개입),굽네,https://www.kurly.com/goods/1000015089,10788,3695,2025.09.17,식단조절하는 아이가 잘먹어요
도시락·밥류,닭가슴살 김치볶음밥(4개입),굽네,https://www.kurly.com/goods/1000015089,10788,3695,2025.09.16,김볶이 제일 맛있어요
도시락·밥류,닭가슴살 김치볶음밥(4개입),굽네,https://www.kurly.com/goods/1000015089,10788,3695,2025.09.15,가끔 사먹는데 귀찮을 때 먹기 넘 편해요 모짜렐라 치즈 올리고 날치알에 김가루 올리면 존맛 .. 고춧가루가 중국산인 거 빼고 좋아요
도시락·밥류,닭가슴살 김치볶음밥(4개입),굽네,https://www.kurly.com/goods/1000015089,10788,3695,2025.09.14,전자레인지 조리했는데도 맛있었어요!! 닭가슴살이 많이 느껴지지않지만 맛있는편이에요
도시락·밥류,닭가슴살 김치볶음밥(4개입),굽네,https://www.kurly.com/goods/1000015089,10788,3695,2025.09.14,맛있어요 계란후라이하나올려먹으면 양딱좋아요
도시락·밥류,닭가슴살 김치볶음밥(4개입),굽네,https://www.kurly.com/goods/1000015089,10788,3695,2025.09.13,"중딩아침으로 차려주기 딱이고,맛도있어요^^"
도시락·밥류,닭가슴살 김치볶음밥(4개입),굽네,https://www.kurly.com/goods/1000015089,10788,3695,2025.09.10,아들녀석이 이것만 찾아서 할인할때마다 쟁여줍니다
도시락·밥류,닭가슴살 김치볶음밥(4개입),굽네,https://www.kurly.com/goods/1000015089,10788,3695,2025.09.09,"간편히 먹기 좋아요
맛있어요"
도시락·밥류,닭가슴살 김치볶음밥(4개입),굽네,https://www.kurly.com/goods/1000015089,10788,3695,2025.09.09,맛있어서 더 사고 싶어용
도시락·밥류,닭가슴살 김치볶음밥(4개입),굽네,https://www.kurly.com/goods/1000015089,10788,3695,2025.09.08,양은적지만 고딩이 아침용
도시락·밥류,닭가슴살 김치볶음밥(4개입),굽네,https://www.kurly.com/goods/1000015089,10788,3695,2025.09.08,개당 양이 적긴해도 맛있어요
도시락·밥류,닭가슴살 김치볶음밥(4개입),굽네,https://www.kurly.com/goods/1000015089,10788,3695,2025.09.07,식단 조금 신경 쓰고 싶을 때 챙겨먹어요. 맛있어요.
도시락·밥류,닭가슴살 김치볶음밥(4개입),굽네,https://www.kurly.com/goods/1000015089,10788,3695,2025.09.07,항상 먹는 볶음밥이에요 떨어질때마다 쟁여놓고 다이어트용으로 먹어요 맛있기도하고 잘 안질리네요~!
도시락·밥류,닭가슴살 김치볶음밥(4개입),굽네,https://www.kurly.com/goods/1000015089,10788,3695,2025.09.07,김치가 제일 나은거같아요 밥없을때 먹기 간편해서 편함
도시락·밥류,닭가슴살 김치볶음밥(4개입),굽네,https://www.kurly.com/goods/1000015089,10788,3695,2025.09.06,맛있어요. 반찬없을대 애들 밥챙겨주기 편합니다.
도시락·밥류,닭가슴살 김치볶음밥(4개입),굽네,https://www.kurly.com/goods/1000015089,10788,3695,2025.09.06,간편하게 한끼 먹기 좋아요
도시락·밥류,닭가슴살 김치볶음밥(4개입),굽네,https://www.kurly.com/goods/1000015089,10788,3695,2025.09.06,다이어트용은 아니고 자취생밥입니다만 간만 맞추면 맛있어용ㅇ
도시락·밥류,닭가슴살 김치볶음밥(4개입),굽네,https://www.kurly.com/goods/1000015089,10788,3695,2025.09.05,맛있어서 두봉씩 먹게되니 다이어트가 안되네요
도시락·밥류,닭가슴살 김치볶음밥(4개입),굽네,https://www.kurly.com/goods/1000015089,10788,3695,2025.09.05,맛있어서 재구매합니다
도시락·밥류,닭가슴살 김치볶음밥(4개입),굽네,https://www.kurly.com/goods/1000015089,10788,3695,2025.09.04,맛있어요 단백하니 간단히 먹기 좋아요
도시락·밥류,닭가슴살 김치볶음밥(4개입),굽네,https://www.kurly.com/goods/1000015089,10788,3695,2025.09.03,"기름지지 않고 깔끔해서 자주 사먹습니다.
양배추랑 같이 볶아 먹으면 맛있어요"
도시락·밥류,닭가슴살 김치볶음밥(4개입),굽네,https://www.kurly.com/goods/1000015089,10788,3695,2025.09.01,김치볶음 맛있어요 간편하고
도시락·밥류,닭가슴살 김치볶음밥(4개입),굽네,https://www.kurly.com/goods/1000015089,10788,3695,2025.08.30,굽네 김치볶음밥 맛있게 먹었어요
도시락·밥류,닭가슴살 김치볶음밥(4개입),굽네,https://www.kurly.com/goods/1000015089,10788,3695,2025.08.28,안맵고 간편히 먹기 좋아요 잘받았습니다:)
도시락·밥류,닭가슴살 김치볶음밥(4개입),굽네,https://www.kurly.com/goods/1000015089,10788,3695,2025.08.27,닭가슴살도 은근 많이 들어서 포만감 굿
도시락·밥류,닭가슴살 김치볶음밥(4개입),굽네,https://www.kurly.com/goods/1000015089,10788,3695,2025.08.26,간단하게 먹기조아요 냄새도 안나요
도시락·밥류,닭가슴살 김치볶음밥(4개입),굽네,https://www.kurly.com/goods/1000015089,10788,3695,2025.08.24,맛도 좋고 식단관리에 좋아요
도시락·밥류,닭가슴살 김치볶음밥(4개입),굽네,https://www.kurly.com/goods/1000015089,10788,3695,2025.08.24,맛있는데 양이 부족해요
도시락·밥류,닭가슴살 김치볶음밥(4개입),굽네,https://www.kurly.com/goods/1000015089,10788,3695,2025.08.23,바쁜 아침에 데워먹기 좋아요.
도시락·밥류,닭가슴살 김치볶음밥(4개입),굽네,https://www.kurly.com/goods/1000015089,10788,3695,2025.08.22,늘 구매해서먹는 제품이에요
도시락·밥류,닭가슴살 김치볶음밥(4개입),굽네,https://www.kurly.com/goods/1000015089,10788,3695,2025.08.21,재주문했고 일반적인 닭가슴살 볶음밥 느낌이랑 달라요 그냥 김치볶음밥 같아요 한가지 아쉬운건 양이 살짝 아쉬워요ㅋ
도시락·밥류,닭가슴살 김치볶음밥(4개입),굽네,https://www.kurly.com/goods/1000015089,10788,3695,2025.08.21,맛있어서 재재구매합니다
도시락·밥류,닭가슴살 김치볶음밥(4개입),굽네,https://www.kurly.com/goods/1000015089,10788,3695,2025.08.19,다이어트 김볶중엔 이게 제일 맛있어요
도시락·밥류,닭가슴살 김치볶음밥(4개입),굽네,https://www.kurly.com/goods/1000015089,10788,3695,2025.08.19,최애 볶음밥입니다 추천
도시락·밥류,닭가슴살 김치볶음밥(4개입),굽네,https://www.kurly.com/goods/1000015089,10788,3695,2025.08.19,다이어트용 김볶인데 일반 김볶같아요 맛있어요
도시락·밥류,닭가슴살 김치볶음밥(4개입),굽네,https://www.kurly.com/goods/1000015089,10788,3695,2025.08.17,만족합니다 맛있네요
도시락·밥류,닭가슴살 김치볶음밥(4개입),굽네,https://www.kurly.com/goods/1000015089,10788,3695,2025.08.17,다이어트 식으로 좋아요
도시락·밥류,닭가슴살 김치볶음밥(4개입),굽네,https://www.kurly.com/goods/1000015089,10788,3695,2025.08.15,"볶음밥  너무 맛있어요
간단하면서도
맛있으니 백점이네요"
도시락·밥류,닭가슴살 김치볶음밥(4개입),굽네,https://www.kurly.com/goods/1000015089,10788,3695,2025.08.15,간단하개 한끼 식사로 너무 좋아요.
도시락·밥류,닭가슴살 김치볶음밥(4개입),굽네,https://www.kurly.com/goods/1000015089,10788,3695,2025.08.14,늘 시켜먹어요 맛있어요
도시락·밥류,닭가슴살 김치볶음밥(4개입),굽네,https://www.kurly.com/goods/1000015089,10788,3695,2025.08.12,가볍게 먹기 좋아요
도시락·밥류,닭가슴살 김치볶음밥(4개입),굽네,https://www.kurly.com/goods/1000015089,10788,3695,2025.08.11,간 안세서 좋네요 자주 먹을 것 같아요
도시락·밥류,닭가슴살 김치볶음밥(4개입),굽네,https://www.kurly.com/goods/1000015089,10788,3695,2025.08.10,양이 생각보다 많아서 놀랐어요!! 맛도 좋아요
도시락·밥류,닭가슴살 김치볶음밥(4개입),굽네,https://www.kurly.com/goods/1000015089,10788,3695,2025.08.10,"간편해서 좋고, 맛도 있어서 좋습니다"
도시락·밥류,새우볶음밥 420g,조선호텔,https://www.kurly.com/goods/1000817132,7347,476,2025.09.21,가벼운 한끼로 딱좋고 맛도 가격도 괜찮음 다만 1인양은 성인남성에게는 좀 작은듯
도시락·밥류,새우볶음밥 420g,조선호텔,https://www.kurly.com/goods/1000817132,7347,476,2025.09.17,맛있게 잘 먹었습니다.
도시락·밥류,새우볶음밥 420g,조선호텔,https://www.kurly.com/goods/1000817132,7347,476,2025.09.17,간단히 해먹기좋고 아주 맛있습니다
도시락·밥류,새우볶음밥 420g,조선호텔,https://www.kurly.com/goods/1000817132,7347,476,2025.09.17,맛있어요. 생각보다 새우도 크고 식감도 좋아요. 다음에 또 구매할거 같아용.
도시락·밥류,새우볶음밥 420g,조선호텔,https://www.kurly.com/goods/1000817132,7347,476,2025.09.15,조리도 간편하고 맛있어요!!
도시락·밥류,새우볶음밥 420g,조선호텔,https://www.kurly.com/goods/1000817132,7347,476,2025.09.12,새우볶음밥 다른데서도 먹어봤는데.역시 조선호텔 브랜드로 정착중
도시락·밥류,새우볶음밥 420g,조선호텔,https://www.kurly.com/goods/1000817132,7347,476,2025.09.07,"급할때 자주 먹어요
간편하고 새우도 크고 맛도 좋아요"
도시락·밥류,새우볶음밥 420g,조선호텔,https://www.kurly.com/goods/1000817132,7347,476,2025.09.06,새우볶음밥 중에 아이가 가장 좋아하는 제품이에요. 양이 적어요.
도시락·밥류,새우볶음밥 420g,조선호텔,https://www.kurly.com/goods/1000817132,7347,476,2025.09.02,방학때    비상용으로 구매했어요.  아이도  좋아해요
도시락·밥류,새우볶음밥 420g,조선호텔,https://www.kurly.com/goods/1000817132,7347,476,2025.09.01,간편하게 먹기 좋아요
도시락·밥류,새우볶음밥 420g,조선호텔,https://www.kurly.com/goods/1000817132,7347,476,2025.08.29,당근다져서 버터에 볶고 계란2알 추가로 스크램블해서 양푸짐하게 먹었어요 간도 딱맞고 새우도 아주 크고 많아요
도시락·밥류,새우볶음밥 420g,조선호텔,https://www.kurly.com/goods/1000817132,7347,476,2025.08.28,다른 볶음밥보다 비싸지만 훨씬 맛있어요
도시락·밥류,새우볶음밥 420g,조선호텔,https://www.kurly.com/goods/1000817132,7347,476,2025.08.28,"조선호텔 음식은 모두
실망을 주지 않는데
이 볶음밥도
간단하게 요리할수 있고
맛있어요"
도시락·밥류,새우볶음밥 420g,조선호텔,https://www.kurly.com/goods/1000817132,7347,476,2025.08.27,조선호텔 새우볶음밥 맛나요
도시락·밥류,새우볶음밥 420g,조선호텔,https://www.kurly.com/goods/1000817132,7347,476,2025.08.24,가격대비 괜찮아서 자주 사요.
도시락·밥류,새우볶음밥 420g,조선호텔,https://www.kurly.com/goods/1000817132,7347,476,2025.08.23,맛이 괜찮긴 한데 게살볶음밥이 더 맛있어요. 그래도 한끼 뚝딱해결하기 좋아요
도시락·밥류,새우볶음밥 420g,조선호텔,https://www.kurly.com/goods/1000817132,7347,476,2025.08.21,조선호텔의 맛을 집에서 느껴봅니다
도시락·밥류,새우볶음밥 420g,조선호텔,https://www.kurly.com/goods/1000817132,7347,476,2025.08.19,맛있어요 추천합니다 굿
도시락·밥류,새우볶음밥 420g,조선호텔,https://www.kurly.com/goods/1000817132,7347,476,2025.08.18,아이들  비상용으로 구매했어요 좋아요
도시락·밥류,새우볶음밥 420g,조선호텔,https://www.kurly.com/goods/1000817132,7347,476,2025.08.18,늘애용합니다   맞있어요 ㅋㅋ
도시락·밥류,새우볶음밥 420g,조선호텔,https://www.kurly.com/goods/1000817132,7347,476,2025.08.18,새우볶음밥 맛있어요 아들이 좋아합니다
도시락·밥류,새우볶음밥 420g,조선호텔,https://www.kurly.com/goods/1000817132,7347,476,2025.08.17,맛은있는데 마니녹아서 왔어요
도시락·밥류,새우볶음밥 420g,조선호텔,https://www.kurly.com/goods/1000817132,7347,476,2025.08.17,후기가 좋아서 사봤어요
도시락·밥류,새우볶음밥 420g,조선호텔,https://www.kurly.com/goods/1000817132,7347,476,2025.08.17,조선호텔이라 기대합니다
도시락·밥류,새우볶음밥 420g,조선호텔,https://www.kurly.com/goods/1000817132,7347,476,2025.08.16,약간불향나고괜찮아요
도시락·밥류,새우볶음밥 420g,조선호텔,https://www.kurly.com/goods/1000817132,7347,476,2025.08.16,맛있게 잘 먹었습니다!
도시락·밥류,새우볶음밥 420g,조선호텔,https://www.kurly.com/goods/1000817132,7347,476,2025.08.16,"간편해서 늘 


구입"
도시락·밥류,새우볶음밥 420g,조선호텔,https://www.kurly.com/goods/1000817132,7347,476,2025.08.15,"조선호텔 볶음밥, 다 👍 👍 👍 
고슬고슬 센불에 기름없이 볶아야 맛있어요 
1인씩 소분이라 더 굿"
도시락·밥류,새우볶음밥 420g,조선호텔,https://www.kurly.com/goods/1000817132,7347,476,2025.08.15,"간편하게 먹기 좋을거 같고
후기도 좋고 조선호텔꺼라서
맛있을거 같아서 샀어요"
도시락·밥류,새우볶음밥 420g,조선호텔,https://www.kurly.com/goods/1000817132,7347,476,2025.08.14,"맛있어요 몇번 주문했는지
모르겠네요 양이 좀 더 많았으면 하는
간절함뿐"
도시락·밥류,새우볶음밥 420g,조선호텔,https://www.kurly.com/goods/1000817132,7347,476,2025.08.13,불맛도 나고 간도 딱 적당해요. 새우도 탱글한게 1인분에 네개나 들었고요.
도시락·밥류,새우볶음밥 420g,조선호텔,https://www.kurly.com/goods/1000817132,7347,476,2025.08.11,"나름 볶음밥중엔 괘안아요
재구매 의사 있응ㅅ"
도시락·밥류,새우볶음밥 420g,조선호텔,https://www.kurly.com/goods/1000817132,7347,476,2025.08.11,게살 새우 다맛있네용ㅎㅎ
도시락·밥류,새우볶음밥 420g,조선호텔,https://www.kurly.com/goods/1000817132,7347,476,2025.08.11,조선호텔 볶음밥 종류별로 먹어 봤는데 다 맛있어요!
도시락·밥류,새우볶음밥 420g,조선호텔,https://www.kurly.com/goods/1000817132,7347,476,2025.08.11,"너무 맛있어요!
양념이 과하지 않고 맛을 잘 살렸어요"
도시락·밥류,새우볶음밥 420g,조선호텔,https://www.kurly.com/goods/1000817132,7347,476,2025.08.11,"무난해요
급할 때 비상용으로 먹으려고 삽니다"
도시락·밥류,새우볶음밥 420g,조선호텔,https://www.kurly.com/goods/1000817132,7347,476,2025.08.09,맛있게 먹어보려고 합니다
도시락·밥류,새우볶음밥 420g,조선호텔,https://www.kurly.com/goods/1000817132,7347,476,2025.08.09,항상 애용 중입니다. 감사합니다
도시락·밥류,새우볶음밥 420g,조선호텔,https://www.kurly.com/goods/1000817132,7347,476,2025.08.08,컬리 보냉포장강화했다더니 아침에 꺼내보니 물 다새고 한뭉탱이로 뭉쳐져서 먹기도싫어요
도시락·밥류,새우볶음밥 420g,조선호텔,https://www.kurly.com/goods/1000817132,7347,476,2025.08.08,조선호텔 새우볶음밥 맛있어요
도시락·밥류,새우볶음밥 420g,조선호텔,https://www.kurly.com/goods/1000817132,7347,476,2025.08.07,새우 볶음밥 맛있어요
도시락·밥류,새우볶음밥 420g,조선호텔,https://www.kurly.com/goods/1000817132,7347,476,2025.08.06,"간편식으로  먹기편해서 
사봤어요
컬리 믿고 삽니다"
도시락·밥류,새우볶음밥 420g,조선호텔,https://www.kurly.com/goods/1000817132,7347,476,2025.08.06,새우볶음밥은 만족스러움.  그러나 해동이 시작되는 상테에서야 냉동식품들을 받아야 하는 것엔 크게 불만족임.
도시락·밥류,새우볶음밥 420g,조선호텔,https://www.kurly.com/goods/1000817132,7347,476,2025.08.06,항상 사던건 질려서 후기보고 사봤어요 애들이 잘 먹으면 좋겠네요
도시락·밥류,새우볶음밥 420g,조선호텔,https://www.kurly.com/goods/1000817132,7347,476,2025.08.06,점심용으로 비치해둡니다.
도시락·밥류,새우볶음밥 420g,조선호텔,https://www.kurly.com/goods/1000817132,7347,476,2025.08.05,짱이에요... 새우도 크고....ㅠㅠㅠ계속 주문할까에요
도시락·밥류,새우볶음밥 420g,조선호텔,https://www.kurly.com/goods/1000817132,7347,476,2025.08.05,조선호텔 볶음밥들은 다 맛있어요
도시락·밥류,새우볶음밥 420g,조선호텔,https://www.kurly.com/goods/1000817132,7347,476,2025.08.05,급할때 먹기 좋고 짜장소스 곁들이면 최고네요
도시락·밥류,새우볶음밥 420g,조선호텔,https://www.kurly.com/goods/1000817132,7347,476,2025.08.05,"양은 작은것같아요.
맛은 먹을만 해요.
재구매 하야겠네요"
도시락·밥류,새우볶음밥 420g,조선호텔,https://www.kurly.com/goods/1000817132,7347,476,2025.08.03,맛있어요 굿굿 이에요 ๑˃̵͈̑ᴗ˂̵͈̑ ㅎㅎ
도시락·밥류,밥맛좋은밥 라이트 3입 6종 (택1) (냉동),밥이야,https://www.kurly.com/goods/1000014689,7980,3522,2025.09.13,"🍚 맛과 풍미
- 알콩밥은 현미, 귀리, 보리 등 잡곡이 어우러져 고소하고 담백한 맛이 특징임
- 밥알이 탱글탱글하게 살아 있어 전자레인지에 데워도 식감이 퍼지지 않음
- 잡곡 특유의 구수한 풍미가 있어 반찬 없이도 부담 없이 먹기 좋음

🥗 편의성
- 200g 포장 하나가 두 끼 분량으로 나뉘어 있어 100g씩 소분해 먹기 편리함
- 전자레인지에 1~2분만 돌리면 완성돼 바쁜 아침이나 야식 대용으로 활용 가능함
- 개별 포장이라 보관이 용이하고 휴대성도 좋아 캠핑, 여행 시 간편하게 챙길 수 있음

😋 장점
- 100g씩 나눠 먹을 수 있어 칼로리 조절이 용이해 다이어트 식단에 적합함
- 백미에 비해 식이섬유가 풍부해 포만감이 높고 변비 예방에도 도움을 줄 수 있음
- 별도의 조리 과정 없이 즉석밥처럼 간편하게 건강식을 챙길 수 있음

🤔 아쉬운 점
- 잡곡 특유의 향과 식감을 싫어하는 사람에게는 거부감이 있을 수 있음"
도시락·밥류,밥맛좋은밥 라이트 3입 6종 (택1) (냉동),밥이야,https://www.kurly.com/goods/1000014689,7980,3522,2024.10.15,"〰️
밥맛 밥 라이트 흑미밥을 구매했습니다.
종류 별로 다 구매해 리뷰 쓸 때 같은 
말만 반복하지만, 정말 모든 맛이 평균 
이상으로 맛있다고 하여 좋게 쓰는 
거랍니다. 😄

저는 먹어보진 않았지만 아이가 
맛있다고 하더군요. 특히 쌀밥을 가장 
선호하는 거 같긴 해요. 그래도 흑미밥이 
더 건강할 거 같아 꼭 다른 종류와 
흑미밥을 같이 주문해 줍니다. 👍

타지에서 혼자 생활하며 밥도 잘 안
챙겨 먹으니 너무 걱정되었는데 
간단하게 먹을 수 있고 양도 적당해서 
그런지 밥맛 밥 제품은 잘 먹어서 좋아요. 

소식자한테 완전 추천드려요. 
양이 적당해요. 🍚"
도시락·밥류,밥맛좋은밥 라이트 3입 6종 (택1) (냉동),밥이야,https://www.kurly.com/goods/1000014689,7980,3522,2023.04.25,"가성비 다이어트 하시는 분들께 강추📝✨
✅6세트 시키면 36번 끼니 해결!
✅100g당 껍질 살짝벗겨 전자레인지 1분(+30초!)
✅ 탄수화물 100g 찾을 때, 양이 딱 좋음!

-밥 1세트에 3개씩 들어있지만 100g씩 6개가 포장되어있어서 1팩 당 6번 먹고있어요. 
-정말 간편하게 냉동실에 뒀다가 전자레인지레 바로 데워 먹을 수 있어요.

저는 흑미밥과 현미밥만 주문해봤는데 현미밥이랑 쌀밥이 많이 섞여있지 않아서 너무 좋구요. 다이어트에 딱이에요! 소화도 느리게 돼서 배가 덜부름. 다이어트 하시는 분들께 강추합니다~~

‼️ 그냥 손으로 떨어지지는 않으니 안전하게 가위로 반자르는게 좋을것 같아요👍🏻

🍚배부르고 칼로리적은 점심🥗
저는 양념된 닭가슴살이랑 냉동밥1 개를 “전날에” 냉장고에서 해동시키고 1분30초 데우고 밥1분 데워서 먹어요! 그러면 진짜 간편한 다이어트식~! 심지어 시간도 적게걸리고 간편하고 맛있어요!!!"
도시락·밥류,밥맛좋은밥 라이트 3입 6종 (택1) (냉동),밥이야,https://www.kurly.com/goods/1000014689,7980,3522,2025.09.22,100g씩 소분되어 있어 좋네요
도시락·밥류,밥맛좋은밥 라이트 3입 6종 (택1) (냉동),밥이야,https://www.kurly.com/goods/1000014689,7980,3522,2025.09.22,첫구매입니다~~~굿
도시락·밥류,밥맛좋은밥 라이트 3입 6종 (택1) (냉동),밥이야,https://www.kurly.com/goods/1000014689,7980,3522,2025.09.21,제일 잘먹는 냉동밥이에요 양이 적어서 좋아요
도시락·밥류,밥맛좋은밥 라이트 3입 6종 (택1) (냉동),밥이야,https://www.kurly.com/goods/1000014689,7980,3522,2025.09.21,냉동밥 늘 쟁여두어요 딱 한끼용으로 너무 좋아요
도시락·밥류,밥맛좋은밥 라이트 3입 6종 (택1) (냉동),밥이야,https://www.kurly.com/goods/1000014689,7980,3522,2025.09.20,다이어터에게 필수템입니다
도시락·밥류,밥맛좋은밥 라이트 3입 6종 (택1) (냉동),밥이야,https://www.kurly.com/goods/1000014689,7980,3522,2025.09.18,이번거는 냄새가 좀 나서 별로네요
도시락·밥류,밥맛좋은밥 라이트 3입 6종 (택1) (냉동),밥이야,https://www.kurly.com/goods/1000014689,7980,3522,2025.09.17,최애밥 .. 다요트하려고 사서먹고잇는데 밥은 이만한게 없네용
도시락·밥류,밥맛좋은밥 라이트 3입 6종 (택1) (냉동),밥이야,https://www.kurly.com/goods/1000014689,7980,3522,2025.09.16,11곡밥 식감 좋고 맛있어서 비상용으로 구매했어요. 맛있게 잘 먹겠습니다. 양도 적당해요.
도시락·밥류,밥맛좋은밥 라이트 3입 6종 (택1) (냉동),밥이야,https://www.kurly.com/goods/1000014689,7980,3522,2025.09.15,잘 나눠지진 않는 것 같아요 밥은 괜찮아요
도시락·밥류,밥맛좋은밥 라이트 3입 6종 (택1) (냉동),밥이야,https://www.kurly.com/goods/1000014689,7980,3522,2025.09.14,다이어트 밥으로 종종 주문해요
도시락·밥류,밥맛좋은밥 라이트 3입 6종 (택1) (냉동),밥이야,https://www.kurly.com/goods/1000014689,7980,3522,2025.09.14,실용적이고 만족해요
도시락·밥류,밥맛좋은밥 라이트 3입 6종 (택1) (냉동),밥이야,https://www.kurly.com/goods/1000014689,7980,3522,2025.09.13,"🍚 맛과 풍미
- 알콩밥은 현미, 귀리, 보리 등 다양한 잡곡이 섞여 고소하고 담백한 맛을 냄
- 밥알이 탱글탱글해 전자레인지에 데워도 질척하지 않고 식감이 살아 있음
- 잡곡 고유의 풍미 덕분에 반찬 없이도 부담 없이 한 끼 해결이 가능함

🥗 편의성
- 200g 포장이 두 끼 분량으로 나뉘어 있어 100g씩 나눠 먹기 편리함
- 전자레인지에 1~2분 돌리면 바로 먹을 수 있어 바쁜 시간에 간단하게 활용 가능함
- 개별 포장으로 보관이 깔끔하고 캠핑이나 여행 시에도 간편하게 챙겨갈 수 있음

😋 장점
- 한 팩을 나눠 먹을 수 있어 칼로리 조절이 쉬워 다이어트 식단에 적합함
- 백미보다 식이섬유가 풍부해 포만감이 높고 장 건강 관리에도 도움을 줄 수 있음
- 별도 조리 없이 간편하게 건강한 잡곡밥을 먹을 수 있다는 점이 매력적임

🤔 아쉬운 점
- 잡곡 특유의 향이나 식감을 선호하지 않는 사람에게는 호불호가 있을 수 있음"
도시락·밥류,밥맛좋은밥 라이트 3입 6종 (택1) (냉동),밥이야,https://www.kurly.com/goods/1000014689,7980,3522,2025.09.12,"재구매입니다
밥 먹을 때 쌀을 많이 안 먹는 저한테는 딱 맞는 양이라는 것도 크지만
일단 밥맛이 너무 좋아요!
실온보관하는 제품들과는 비교가 안 되네요"
도시락·밥류,밥맛좋은밥 라이트 3입 6종 (택1) (냉동),밥이야,https://www.kurly.com/goods/1000014689,7980,3522,2025.09.12,냉동인줄 몰랐어요~
도시락·밥류,밥맛좋은밥 라이트 3입 6종 (택1) (냉동),밥이야,https://www.kurly.com/goods/1000014689,7980,3522,2025.09.05,한끼 먹기 좋아요!!
도시락·밥류,밥맛좋은밥 라이트 3입 6종 (택1) (냉동),밥이야,https://www.kurly.com/goods/1000014689,7980,3522,2025.09.05,딱 간단히 한끼먹기좋아요
도시락·밥류,밥맛좋은밥 라이트 3입 6종 (택1) (냉동),밥이야,https://www.kurly.com/goods/1000014689,7980,3522,2025.09.05,"먹을때 좀 딱딱해지지만 잡곡밥 좋아하기도하고
반만 먹고싶을때 좋아요"
도시락·밥류,밥맛좋은밥 라이트 3입 6종 (택1) (냉동),밥이야,https://www.kurly.com/goods/1000014689,7980,3522,2025.09.04,맛있어요 흰쌀밥 끊었는데 오랜만에 일반식 먹고싶어서 세일할때 샀어요
도시락·밥류,밥맛좋은밥 라이트 3입 6종 (택1) (냉동),밥이야,https://www.kurly.com/goods/1000014689,7980,3522,2025.09.04,맛이 일정해서 재구매할 때 고민이 없을 것 같습니다
도시락·밥류,밥맛좋은밥 라이트 3입 6종 (택1) (냉동),밥이야,https://www.kurly.com/goods/1000014689,7980,3522,2025.09.04,맨날 먹음 흑미밥이 찰지고 맛있음
도시락·밥류,밥맛좋은밥 라이트 3입 6종 (택1) (냉동),밥이야,https://www.kurly.com/goods/1000014689,7980,3522,2025.09.03,비상시에 먹으려고 구매했어요. 양도 적당하고 식감도 좋아요. 귀리밥 깔끔하고 맛있어요.
도시락·밥류,밥맛좋은밥 라이트 3입 6종 (택1) (냉동),밥이야,https://www.kurly.com/goods/1000014689,7980,3522,2025.09.02,다 좋은데 절취가 너무 불편해요
도시락·밥류,밥맛좋은밥 라이트 3입 6종 (택1) (냉동),밥이야,https://www.kurly.com/goods/1000014689,7980,3522,2025.09.02,저녁에 햄 밀 밥 먹을려고 주문했어요. 현미밥 해먹기 귀찮을 때 전자렌지에 돌려서 간편하게 먹을 수 있어서 좋아요.
도시락·밥류,밥맛좋은밥 라이트 3입 6종 (택1) (냉동),밥이야,https://www.kurly.com/goods/1000014689,7980,3522,2025.09.01,알콩밥 고소하니 맛 좋아요^^
도시락·밥류,밥맛좋은밥 라이트 3입 6종 (택1) (냉동),밥이야,https://www.kurly.com/goods/1000014689,7980,3522,2025.09.01,이제 햇반 말고 이걸로 정착
도시락·밥류,밥맛좋은밥 라이트 3입 6종 (택1) (냉동),밥이야,https://www.kurly.com/goods/1000014689,7980,3522,2025.08.31,햇반보다 맛있다네요
도시락·밥류,밥맛좋은밥 라이트 3입 6종 (택1) (냉동),밥이야,https://www.kurly.com/goods/1000014689,7980,3522,2025.08.31,다이어트 시작하면서 주문햇어요 양도 충분하고 맛도잇고 최고에요
도시락·밥류,밥맛좋은밥 라이트 3입 6종 (택1) (냉동),밥이야,https://www.kurly.com/goods/1000014689,7980,3522,2025.08.30,다이어트땜에 주문햇는대 너무조아요 양이적지도 많지도 딱 제가먹는양이에요^^
도시락·밥류,밥맛좋은밥 라이트 3입 6종 (택1) (냉동),밥이야,https://www.kurly.com/goods/1000014689,7980,3522,2025.08.28,항상 쟁여두는 밥! 다이어트용으로 양도 딱이고 다이어트 하시는 분들은 필수로 구매하세요~!
도시락·밥류,밥맛좋은밥 라이트 3입 6종 (택1) (냉동),밥이야,https://www.kurly.com/goods/1000014689,7980,3522,2025.08.27,소분되어 있어서 좋아요
도시락·밥류,밥맛좋은밥 라이트 3입 6종 (택1) (냉동),밥이야,https://www.kurly.com/goods/1000014689,7980,3522,2025.08.26,탄수 양을 줄이고 싶을때 한끼에 하나씩 먹기 딱 좋아요.
도시락·밥류,밥맛좋은밥 라이트 3입 6종 (택1) (냉동),밥이야,https://www.kurly.com/goods/1000014689,7980,3522,2025.08.26,밥이 비싸긴 한데 소량이고 냉동에서 꺼내 먹으면 찰지고 좋아요
도시락·밥류,밥맛좋은밥 라이트 3입 6종 (택1) (냉동),밥이야,https://www.kurly.com/goods/1000014689,7980,3522,2025.08.26,"다이어트 중이라 밥은 항상 이걸로만 시켜요! 
양도 적당하고 간편해서 좋습니다!"
도시락·밥류,밥맛좋은밥 라이트 3입 6종 (택1) (냉동),밥이야,https://www.kurly.com/goods/1000014689,7980,3522,2025.08.24,다이어트엔 최적입니닥
도시락·밥류,밥맛좋은밥 라이트 3입 6종 (택1) (냉동),밥이야,https://www.kurly.com/goods/1000014689,7980,3522,2025.08.22,귀리 식감 좋아요~
도시락·밥류,밥맛좋은밥 라이트 3입 6종 (택1) (냉동),밥이야,https://www.kurly.com/goods/1000014689,7980,3522,2025.08.22,"식단조절 할 때 좋고, 현미밥 맛있어요~"
도시락·밥류,밥맛좋은밥 라이트 3입 6종 (택1) (냉동),밥이야,https://www.kurly.com/goods/1000014689,7980,3522,2025.08.21,4달 째 밥이야 현미밥으로 식단 중이에요
도시락·밥류,밥맛좋은밥 라이트 3입 6종 (택1) (냉동),밥이야,https://www.kurly.com/goods/1000014689,7980,3522,2025.08.13,밥을 많이 안 먹어서 양이 딱 좋아요 맛있어요
도시락·밥류,밥맛좋은밥 라이트 3입 6종 (택1) (냉동),밥이야,https://www.kurly.com/goods/1000014689,7980,3522,2025.08.13,냉동실에 늘 쟁여두는 밥이에요 작은공기 좋아요
도시락·밥류,밥맛좋은밥 라이트 3입 6종 (택1) (냉동),밥이야,https://www.kurly.com/goods/1000014689,7980,3522,2025.08.13,"이번에는 흰쌀로 샀어요 먹고 싶을 때가 있어요
맛있어요. 양도 적절하고 편한데 분리가 힘드네요"
도시락·밥류,밥맛좋은밥 라이트 3입 6종 (택1) (냉동),밥이야,https://www.kurly.com/goods/1000014689,7980,3522,2025.08.13,햇반을 넘어서는 밥맛과 밥솥의 귀차니즘을 포기할 수 있는 재구매템
도시락·밥류,밥맛좋은밥 라이트 3입 6종 (택1) (냉동),밥이야,https://www.kurly.com/goods/1000014689,7980,3522,2025.08.12,국산쌀로 지어 담백한 맛으로 깔끔해요
도시락·밥류,밥맛좋은밥 라이트 3입 6종 (택1) (냉동),밥이야,https://www.kurly.com/goods/1000014689,7980,3522,2025.08.12,알콩밥은 최애맛으로 질리지가 않아요
도시락·밥류,밥맛좋은밥 라이트 3입 6종 (택1) (냉동),밥이야,https://www.kurly.com/goods/1000014689,7980,3522,2025.08.11,다이어트할 때 딱 먹기 좋은 양이라 너무 좋고 간편해용
도시락·밥류,밥맛좋은밥 라이트 3입 6종 (택1) (냉동),밥이야,https://www.kurly.com/goods/1000014689,7980,3522,2025.08.10,"식단 조절 할 때 적은양 좋고, 밥맛도 괜찮아요~"
도시락·밥류,밥맛좋은밥 라이트 3입 6종 (택1) (냉동),밥이야,https://www.kurly.com/goods/1000014689,7980,3522,2025.08.09,식단관리할때 먹기좋아요!
도시락·밥류,밥맛좋은밥 라이트 3입 6종 (택1) (냉동),밥이야,https://www.kurly.com/goods/1000014689,7980,3522,2025.08.08,현미밥도 맛있고 반 나눠 먹을수있어서 좋아요
도시락·밥류,스파게티 3종 (매운까르보나라/토마토/베이컨크림) (택1),스파게티스토리,https://www.kurly.com/goods/1001345856,6990,378,2025.09.19,렌지에 돌리기만하면 되서 간편해요
도시락·밥류,스파게티 3종 (매운까르보나라/토마토/베이컨크림) (택1),스파게티스토리,https://www.kurly.com/goods/1001345856,6990,378,2025.09.19,"회사에서 도시락으로 스파게티도 종종 주문해서 먹는데, 이번 스파개티 선택도 잘한 것 같습니다.
전자레인지 조리 만으로 간단하고 빠르게 먹기 좋았고 달달한 토마토에 간 고기도 들어가 식감도 느껴지고 감칠맛이 좋습니다.
무엇보다 치즈 스파게티 마냥 치즈가 듬뿍 올라가 있어 토마토 소스와 같이 열심히 섞어서 먹었습니다.

첫 입은 뷔페에서 먹어볼만한 토미토 스파게티 맛이 느껴지는데, 먹다보면 감칠맛 때문인지 그것보다 조금 더 고급스럽다? 생각들이 들고 어느샌가 다 먹어 빈 그릇을 보게 됍니다.

전 양이 살짝 부족해 [피자로빈슨] 뉴욕 메가 슬라이스 피자 제품도 같이 주문해서 곁들여 먹었습니다."
도시락·밥류,스파게티 3종 (매운까르보나라/토마토/베이컨크림) (택1),스파게티스토리,https://www.kurly.com/goods/1001345856,6990,378,2025.09.17,간편히 한끼 해결할수 있어요
도시락·밥류,스파게티 3종 (매운까르보나라/토마토/베이컨크림) (택1),스파게티스토리,https://www.kurly.com/goods/1001345856,6990,378,2025.09.17,리뷰가 좋네요 기대기대
도시락·밥류,스파게티 3종 (매운까르보나라/토마토/베이컨크림) (택1),스파게티스토리,https://www.kurly.com/goods/1001345856,6990,378,2025.09.16,가격 대비 한번쯤은 먹을만해요
도시락·밥류,스파게티 3종 (매운까르보나라/토마토/베이컨크림) (택1),스파게티스토리,https://www.kurly.com/goods/1001345856,6990,378,2025.09.16,날씨에. 따라스파게띠도 종류별로
도시락·밥류,스파게티 3종 (매운까르보나라/토마토/베이컨크림) (택1),스파게티스토리,https://www.kurly.com/goods/1001345856,6990,378,2025.09.16,종류별로 먹어보고 있지요
도시락·밥류,스파게티 3종 (매운까르보나라/토마토/베이컨크림) (택1),스파게티스토리,https://www.kurly.com/goods/1001345856,6990,378,2025.09.16,스파게티는 자주먹는편
도시락·밥류,스파게티 3종 (매운까르보나라/토마토/베이컨크림) (택1),스파게티스토리,https://www.kurly.com/goods/1001345856,6990,378,2025.09.16,먹기편해서 좋음 ㅎㅎ
도시락·밥류,스파게티 3종 (매운까르보나라/토마토/베이컨크림) (택1),스파게티스토리,https://www.kurly.com/goods/1001345856,6990,378,2025.09.16,레인지데우기만하면돼서넘편리
도시락·밥류,스파게티 3종 (매운까르보나라/토마토/베이컨크림) (택1),스파게티스토리,https://www.kurly.com/goods/1001345856,6990,378,2025.09.14,원래 좋아하던 메뉴인데 집에서 먹을 수 있어서 좋아
도시락·밥류,스파게티 3종 (매운까르보나라/토마토/베이컨크림) (택1),스파게티스토리,https://www.kurly.com/goods/1001345856,6990,378,2025.09.14,스파게티 스토리도 이제 집에서 먹을 수 있네요
도시락·밥류,스파게티 3종 (매운까르보나라/토마토/베이컨크림) (택1),스파게티스토리,https://www.kurly.com/goods/1001345856,6990,378,2025.09.13,"비상간식으로 주문해 놓은건데
어느샌가 다 먹고 난 그릇밖에 안 보이더라고요.
범인은 남의편...ㅋ"
도시락·밥류,스파게티 3종 (매운까르보나라/토마토/베이컨크림) (택1),스파게티스토리,https://www.kurly.com/goods/1001345856,6990,378,2025.09.13,"스파게티 종류는 넘 맛있다고 호불호가 없다고 하네요
아들 야간  간식으로 최고로 뽑아 봤어요
역시 재주문확정"
도시락·밥류,스파게티 3종 (매운까르보나라/토마토/베이컨크림) (택1),스파게티스토리,https://www.kurly.com/goods/1001345856,6990,378,2025.09.13,"최애 라네요 엄청 맛있었다고
밤에 야식으로 진짜진짜 맛있었다고 
재주문 확정입니다"
도시락·밥류,스파게티 3종 (매운까르보나라/토마토/베이컨크림) (택1),스파게티스토리,https://www.kurly.com/goods/1001345856,6990,378,2025.09.10,"솔직히 먹을만 하고 맛있는데요.
재구매 의사도 있고 다른 맛도 주문해봐야겠어요!"
도시락·밥류,스파게티 3종 (매운까르보나라/토마토/베이컨크림) (택1),스파게티스토리,https://www.kurly.com/goods/1001345856,6990,378,2025.09.09,매운건 제꺼 안매운건 아이꺼.ㅎㅎ
도시락·밥류,스파게티 3종 (매운까르보나라/토마토/베이컨크림) (택1),스파게티스토리,https://www.kurly.com/goods/1001345856,6990,378,2025.09.09,"간편하고 부드럽게 아이도 잘먹네용.
살짝 짠편이고 건더기가 좀 더 있었으면 하는 아쉬움이 살짝 있지만 괜찮아요~!"
도시락·밥류,스파게티 3종 (매운까르보나라/토마토/베이컨크림) (택1),스파게티스토리,https://www.kurly.com/goods/1001345856,6990,378,2025.09.08,토마토맛 새콤하고 소스맛 맛있어요
도시락·밥류,스파게티 3종 (매운까르보나라/토마토/베이컨크림) (택1),스파게티스토리,https://www.kurly.com/goods/1001345856,6990,378,2025.09.07,"완전 비추입니다. 진짜 이게 뭔가 싶은 그런 파스타예요. 후추 엄청 뿌린 체다치즈 싸구려 파스타 같아요. 치즈도 너무 빨리 굳고, 그냥 맵기만하고 맛도 없어요. 건더기는 0% 비추.

재구매 의사 0%"
도시락·밥류,스파게티 3종 (매운까르보나라/토마토/베이컨크림) (택1),스파게티스토리,https://www.kurly.com/goods/1001345856,6990,378,2025.09.04,무난무난하게 잘 먹었네요
도시락·밥류,스파게티 3종 (매운까르보나라/토마토/베이컨크림) (택1),스파게티스토리,https://www.kurly.com/goods/1001345856,6990,378,2025.09.04,"맛은 있지만.....
가격대비 양이 너무 적어요"
도시락·밥류,스파게티 3종 (매운까르보나라/토마토/베이컨크림) (택1),스파게티스토리,https://www.kurly.com/goods/1001345856,6990,378,2025.09.03,"진짜 이름그대로 치즈듬뿍들어있어요
맛있는건 당연하구요~!
재구매 의사있습니다"
도시락·밥류,스파게티 3종 (매운까르보나라/토마토/베이컨크림) (택1),스파게티스토리,https://www.kurly.com/goods/1001345856,6990,378,2025.09.03,"매운까르보나 좋아하는신랑이
너무 맛있다고 좋아했어요.
냉장이 아니고 냉동이라 걱정했는데
이전 냉장시켜줬던거보다
이게 더맛있다고 하네요ㅎ"
도시락·밥류,스파게티 3종 (매운까르보나라/토마토/베이컨크림) (택1),스파게티스토리,https://www.kurly.com/goods/1001345856,6990,378,2025.09.01,역시 치즈가 듬뿍 들어가야 맛있어요
도시락·밥류,스파게티 3종 (매운까르보나라/토마토/베이컨크림) (택1),스파게티스토리,https://www.kurly.com/goods/1001345856,6990,378,2025.09.01,먹기 간편해서 좋아요
도시락·밥류,스파게티 3종 (매운까르보나라/토마토/베이컨크림) (택1),스파게티스토리,https://www.kurly.com/goods/1001345856,6990,378,2025.09.01,아이가 좋아하네요~~
도시락·밥류,스파게티 3종 (매운까르보나라/토마토/베이컨크림) (택1),스파게티스토리,https://www.kurly.com/goods/1001345856,6990,378,2025.09.01,크림 스파게티 먹고싶어서 구매해 보았습니다
도시락·밥류,스파게티 3종 (매운까르보나라/토마토/베이컨크림) (택1),스파게티스토리,https://www.kurly.com/goods/1001345856,6990,378,2025.09.01,치즈가 가득 들어있어서 맛있다고 했어요
도시락·밥류,스파게티 3종 (매운까르보나라/토마토/베이컨크림) (택1),스파게티스토리,https://www.kurly.com/goods/1001345856,6990,378,2025.08.31,저렴하게 한끼 맛있께해결했네요.생각보다 더 매콤하더라구요.
도시락·밥류,스파게티 3종 (매운까르보나라/토마토/베이컨크림) (택1),스파게티스토리,https://www.kurly.com/goods/1001345856,6990,378,2025.08.31,맛있르면 재구매할게유
도시락·밥류,스파게티 3종 (매운까르보나라/토마토/베이컨크림) (택1),스파게티스토리,https://www.kurly.com/goods/1001345856,6990,378,2025.08.31,지나가다가 설대입구역에서 항상 먹어보고싶었는데 못먹어봐서 ㅠㅠ 반가워서 구매해봄 맛있으면 재구매
도시락·밥류,스파게티 3종 (매운까르보나라/토마토/베이컨크림) (택1),스파게티스토리,https://www.kurly.com/goods/1001345856,6990,378,2025.08.31,지나가다가 설대입구역에서 항상 먹어보고싶었는데 못먹어봐서 ㅠㅠ 반가워서 구매해봄
도시락·밥류,스파게티 3종 (매운까르보나라/토마토/베이컨크림) (택1),스파게티스토리,https://www.kurly.com/goods/1001345856,6990,378,2025.08.30,전형적인 토마토 스파게티ㅎ 무난하게 먹을만합니다
도시락·밥류,스파게티 3종 (매운까르보나라/토마토/베이컨크림) (택1),스파게티스토리,https://www.kurly.com/goods/1001345856,6990,378,2025.08.29,아이들이 잘먹네요 맛있어요
도시락·밥류,스파게티 3종 (매운까르보나라/토마토/베이컨크림) (택1),스파게티스토리,https://www.kurly.com/goods/1001345856,6990,378,2025.08.29,"먹기는 진짜 간편한데 안뒤적거리니까 덜익은 부분이 생김. 건더기가 하나도 없어서 아쉬운데 따로 넣어먹긴 귀찮. 첨엔 물생기는데 치즈 다 섞으니 꾸덕해짐. 맛도 매콤하니 괜찮지만 까르보나라?인지는 모르겠고 엄청 맛있다도 아님. 레토르트 스피게티치고 비싸지만 그만큼 퀄리티는 올라갔어도 레토르트.
재구매의사없음"
도시락·밥류,스파게티 3종 (매운까르보나라/토마토/베이컨크림) (택1),스파게티스토리,https://www.kurly.com/goods/1001345856,6990,378,2025.08.28,"꽤 맛있어요 매콤해도
크림베이스라 물리긴해요 ㅠㅠ"
도시락·밥류,스파게티 3종 (매운까르보나라/토마토/베이컨크림) (택1),스파게티스토리,https://www.kurly.com/goods/1001345856,6990,378,2025.08.28,날이 더워서 간편식 스파게티로 끼니를 해결중이라 다양한 제품 맛 보려고 구매했습니다.
도시락·밥류,스파게티 3종 (매운까르보나라/토마토/베이컨크림) (택1),스파게티스토리,https://www.kurly.com/goods/1001345856,6990,378,2025.08.27,이맛은 처음사바요 어떨지
도시락·밥류,스파게티 3종 (매운까르보나라/토마토/베이컨크림) (택1),스파게티스토리,https://www.kurly.com/goods/1001345856,6990,378,2025.08.27,맛있어요  감사합니다
도시락·밥류,스파게티 3종 (매운까르보나라/토마토/베이컨크림) (택1),스파게티스토리,https://www.kurly.com/goods/1001345856,6990,378,2025.08.26,베이컨돌돌돌ㅋㅋ 맛나요ㅋㅋ스파게티좋아하는사람에겐강추
도시락·밥류,스파게티 3종 (매운까르보나라/토마토/베이컨크림) (택1),스파게티스토리,https://www.kurly.com/goods/1001345856,6990,378,2025.08.26,"급땡길때 먹어볼려고 주문했어요^.^
냉동상태 그대로 와서 너무 좋네요"
도시락·밥류,스파게티 3종 (매운까르보나라/토마토/베이컨크림) (택1),스파게티스토리,https://www.kurly.com/goods/1001345856,6990,378,2025.08.26,아이가 너무 좋아해요
도시락·밥류,스파게티 3종 (매운까르보나라/토마토/베이컨크림) (택1),스파게티스토리,https://www.kurly.com/goods/1001345856,6990,378,2025.08.26,아이가 좋아하네요~
도시락·밥류,스파게티 3종 (매운까르보나라/토마토/베이컨크림) (택1),스파게티스토리,https://www.kurly.com/goods/1001345856,6990,378,2025.08.26,아침대용으로 간단하게먹기 좋아요
도시락·밥류,스파게티 3종 (매운까르보나라/토마토/베이컨크림) (택1),스파게티스토리,https://www.kurly.com/goods/1001345856,6990,378,2025.08.25,한끼 간단하게 떼우기 좋아요 굿
도시락·밥류,스파게티 3종 (매운까르보나라/토마토/베이컨크림) (택1),스파게티스토리,https://www.kurly.com/goods/1001345856,6990,378,2025.08.25,전자레인지에 간편히 먹기 좋음
도시락·밥류,스파게티 3종 (매운까르보나라/토마토/베이컨크림) (택1),스파게티스토리,https://www.kurly.com/goods/1001345856,6990,378,2025.08.24,간편하게 간단하게 한끼식사로 좋아요
도시락·밥류,스파게티 3종 (매운까르보나라/토마토/베이컨크림) (택1),스파게티스토리,https://www.kurly.com/goods/1001345856,6990,378,2025.08.24,"스파게티 좋아하는 저한테 딱이네요 
더운날씨에 불사용없이 렌지에 데워서 바로 먹을수 있어서 좋네요"
도시락·밥류,스파게티 3종 (매운까르보나라/토마토/베이컨크림) (택1),스파게티스토리,https://www.kurly.com/goods/1001345856,6990,378,2025.08.24,약간 매콤하고 꾸덕하니 맛있습니다~
도시락·밥류,오토나노 후리카케 4종 (택1),나가타니엔,https://www.kurly.com/goods/5113973,3500,6653,2025.08.18,"처음엔 무료배송 금액 채우려고 구매한 제품인데,
이제는 컬리 주문할 때마다 장바구니에
가장 먼저 담는 최애 제품이 됐어요🧺

비린 맛에 예민해서 연어맛이 괜찮을까 싶었는데,
비린 맛 전혀 없고 감칠맛 폭발이에요!
오차즈케에 활용할 때 가장 빛을 발하지만
반찬 없을 때 그냥 흰밥에 뿌려서 주먹밥 만들면
또 그것만큼 별미가 따로 없어요🍙

이미 간이 되어있어서 따로 소금 간 할 필요 없고,
5개 소포장이라 1-2인 가구에 딱이네요👍
대용량으로 사두고 처리 못해서 고민하는 것보다
조금 비싸더라도 소포장 사는 게 이득이에요 :)

저렴한 제품이랑은 확실히 맛에 차이가 있어요,
고급지고 감칠맛이 좋습니다❤️"
도시락·밥류,오토나노 후리카케 4종 (택1),나가타니엔,https://www.kurly.com/goods/5113973,3500,6653,2024.11.23,"2인가정입니다. 그러나 도시락으로 먹어봤습니다.
간편하게 먹을 수 있는 후리가케입니다. 집에서 해먹으면 물론 훨씬 좋겠지만 저녁을 도시락으로도 먹는편이라 시도해봤는데 가능하더라구요 ?

오차즈케 하려고 사는거라 타 제품 녹차맛 사려했는데 남편이 녹차를 안 좋아해서 보릿차로 대신하느랴 기본맛으로 샀습니다. Plan is basic 이니까요.

밥은 반공기 먹는데 거의 한 봉지 다 쓴 것 같습니다. 
밥 1공기당 꼭 1봉지 먹을 필요는 없는 것 같습니다. 
간이 되어있어서 먹기 편했고 보릿차랑 먹기도 합이 괜찮았습니다. 

1봉 3500원이었던가 그랬는데 다음번에도 재구매 의향있습니다."
도시락·밥류,오토나노 후리카케 4종 (택1),나가타니엔,https://www.kurly.com/goods/5113973,3500,6653,2024.09.24,"육회 비빔밥과 함께 밥에 후리가케로 간 했더니 감칠맛이 폭발이라 훨씬 맛있더라구요!

대신, 육회 양념할 때 간장이나 고추장, 소금 등 조금 약하게 간 하는게 꿀팁이에요.

주먹밥 만들어서 프라이팬에 소스 발라서 구워도 너무 맛있고, 통장어가 올라간 장어 덮밥 만들 때도 간장의 양은 줄이고 감칠맛 좋은 나가타니엔 후리가케 함께 곁들여도 너무 맛있는 한 상이에요ㅎ

연어를 굽고, 녹차로 오차츠케 만들어 국물에 살짝 풀어서 먹으면 일본에서 먹던 그 연어 오차츠케를 집에서도 재현가능하답다.

맛도 여러가지가 있어서 맞는 요리에 어울리는 양념을 선택해서 이용해보세요"
도시락·밥류,오토나노 후리카케 4종 (택1),나가타니엔,https://www.kurly.com/goods/5113973,3500,6653,2025.09.23,궁금해서 사봤는데 짭잘하니 맛있어요
도시락·밥류,오토나노 후리카케 4종 (택1),나가타니엔,https://www.kurly.com/goods/5113973,3500,6653,2025.09.23,연어맛이 젤 나아요
도시락·밥류,오토나노 후리카케 4종 (택1),나가타니엔,https://www.kurly.com/goods/5113973,3500,6653,2025.09.23,맛잏어요 확실히 향이 진하고 좋아요
도시락·밥류,오토나노 후리카케 4종 (택1),나가타니엔,https://www.kurly.com/goods/5113973,3500,6653,2025.09.22,딱 기본 후리카게에요 활용도 좋아요
도시락·밥류,오토나노 후리카케 4종 (택1),나가타니엔,https://www.kurly.com/goods/5113973,3500,6653,2025.09.22,생각보다 안간간하고 그냥 그래요. 양이 부족한 거 같아요
도시락·밥류,오토나노 후리카케 4종 (택1),나가타니엔,https://www.kurly.com/goods/5113973,3500,6653,2025.09.22,주먹밥에넣어먹으니 감칠맛이 나고 좋은 것 같습니다
도시락·밥류,오토나노 후리카케 4종 (택1),나가타니엔,https://www.kurly.com/goods/5113973,3500,6653,2025.09.21,알밥에 뿌려 먹어요
도시락·밥류,오토나노 후리카케 4종 (택1),나가타니엔,https://www.kurly.com/goods/5113973,3500,6653,2025.09.21,"튀는맛 없이 무난해요
메인재료나 추가간이 필요해요"
도시락·밥류,오토나노 후리카케 4종 (택1),나가타니엔,https://www.kurly.com/goods/5113973,3500,6653,2025.09.19,맛있게 잘 먹어서 또 주문했어요
도시락·밥류,오토나노 후리카케 4종 (택1),나가타니엔,https://www.kurly.com/goods/5113973,3500,6653,2025.09.19,간단하게 해 먹기 좋아요
도시락·밥류,오토나노 후리카케 4종 (택1),나가타니엔,https://www.kurly.com/goods/5113973,3500,6653,2025.09.19,간단하게 맛있게 먹기 딱
도시락·밥류,오토나노 후리카케 4종 (택1),나가타니엔,https://www.kurly.com/goods/5113973,3500,6653,2025.09.19,흰쌀밥 위에 솔솔 뿌려주면 잘 먹네요. 적당한 감칠맛과 향 괜찮은 것 같아요.
도시락·밥류,오토나노 후리카케 4종 (택1),나가타니엔,https://www.kurly.com/goods/5113973,3500,6653,2025.09.19,바쁠때  요기나게 ..주먹밥  맛이 업그레이드 되는 효과..재구매합니다
도시락·밥류,오토나노 후리카케 4종 (택1),나가타니엔,https://www.kurly.com/goods/5113973,3500,6653,2025.09.18,"한번에 부어서 비비지 않고, 밥에 살살 조금씩 뿌려서 떠 먹는 식으로 먹으니 참 맛있습니다."
도시락·밥류,오토나노 후리카케 4종 (택1),나가타니엔,https://www.kurly.com/goods/5113973,3500,6653,2025.09.18,주먹밥 자주 만드는 우리집은 떨어지지 않아요
도시락·밥류,오토나노 후리카케 4종 (택1),나가타니엔,https://www.kurly.com/goods/5113973,3500,6653,2025.09.17,ㅁ너무 좋아요 자주 구매합니다
도시락·밥류,오토나노 후리카케 4종 (택1),나가타니엔,https://www.kurly.com/goods/5113973,3500,6653,2025.09.17,후리가게 연어맛으로다가
도시락·밥류,오토나노 후리카케 4종 (택1),나가타니엔,https://www.kurly.com/goods/5113973,3500,6653,2025.09.17,처음사보는데.낱봉1개양이엄청나네요.1봉이서.둘이나눠먹엇는데.작지않습니다
도시락·밥류,오토나노 후리카케 4종 (택1),나가타니엔,https://www.kurly.com/goods/5113973,3500,6653,2025.09.17,주먹밥 만들때  좋아요 맛있어요
도시락·밥류,오토나노 후리카케 4종 (택1),나가타니엔,https://www.kurly.com/goods/5113973,3500,6653,2025.09.16,주먹밥할때나 오차즈케용으로 먹어보려고 구입했어요 맛이 너무 궁금..제발 취향에 맞으면 좋겠네요
도시락·밥류,오토나노 후리카케 4종 (택1),나가타니엔,https://www.kurly.com/goods/5113973,3500,6653,2025.09.16,후리카케로 오차즈케 해먹으려고 사봤는데 나쁘지 않네요
도시락·밥류,오토나노 후리카케 4종 (택1),나가타니엔,https://www.kurly.com/goods/5113973,3500,6653,2025.09.16,요즘 계속 구압하구 있어요 오랜만에 먹으니 맛있어요
도시락·밥류,오토나노 후리카케 4종 (택1),나가타니엔,https://www.kurly.com/goods/5113973,3500,6653,2025.09.16,도시락으러 싸갖고 다니기 좋아요
도시락·밥류,오토나노 후리카케 4종 (택1),나가타니엔,https://www.kurly.com/goods/5113973,3500,6653,2025.09.16,연어도 맛있어요~~~
도시락·밥류,오토나노 후리카케 4종 (택1),나가타니엔,https://www.kurly.com/goods/5113973,3500,6653,2025.09.16,가장무난 맛있음~~
도시락·밥류,오토나노 후리카케 4종 (택1),나가타니엔,https://www.kurly.com/goods/5113973,3500,6653,2025.09.16,역시 가쓰오부시는 배신하지 않는 맛이에요
도시락·밥류,오토나노 후리카케 4종 (택1),나가타니엔,https://www.kurly.com/goods/5113973,3500,6653,2025.09.16,오차즈케 해먹을 때 뿌려먹는데 맛있어요
도시락·밥류,오토나노 후리카케 4종 (택1),나가타니엔,https://www.kurly.com/goods/5113973,3500,6653,2025.09.15,밥 해먹기 너무 귀찮을 때 딱이에요
도시락·밥류,오토나노 후리카케 4종 (택1),나가타니엔,https://www.kurly.com/goods/5113973,3500,6653,2025.09.15,일본꺼라좀그렇긴한데 쏘쏘
도시락·밥류,오토나노 후리카케 4종 (택1),나가타니엔,https://www.kurly.com/goods/5113973,3500,6653,2025.09.14,밥에 비벼서 간편하게 먹을 수 있어서 좋으네요
도시락·밥류,오토나노 후리카케 4종 (택1),나가타니엔,https://www.kurly.com/goods/5113973,3500,6653,2025.09.14,필요해서 구입해요.
도시락·밥류,오토나노 후리카케 4종 (택1),나가타니엔,https://www.kurly.com/goods/5113973,3500,6653,2025.09.14,오차츠케 해먹으려고 샀는데 나쁘지않아요
도시락·밥류,오토나노 후리카케 4종 (택1),나가타니엔,https://www.kurly.com/goods/5113973,3500,6653,2025.09.14,엄청 되게 맛있다거나 그렇지는 않아요 그냥저냥
도시락·밥류,오토나노 후리카케 4종 (택1),나가타니엔,https://www.kurly.com/goods/5113973,3500,6653,2025.09.14,"주먹밥에 완전 좋아요
맛도 있어요"
도시락·밥류,오토나노 후리카케 4종 (택1),나가타니엔,https://www.kurly.com/goods/5113973,3500,6653,2025.09.14,"주먹밥 만들 때 넘 좋아요
맛있어요"
도시락·밥류,오토나노 후리카케 4종 (택1),나가타니엔,https://www.kurly.com/goods/5113973,3500,6653,2025.09.14,자주 구매합니다. 이게 제일 덜 짭니다.
도시락·밥류,오토나노 후리카케 4종 (택1),나가타니엔,https://www.kurly.com/goods/5113973,3500,6653,2025.09.13,풍미가 있는 후리가케네요 ㅎㅎ
도시락·밥류,오토나노 후리카케 4종 (택1),나가타니엔,https://www.kurly.com/goods/5113973,3500,6653,2025.09.11,특유의 향과 맛이 있는데 많이 비리거나 하진 않아요 소포장 되어 있어 편합니다
도시락·밥류,오토나노 후리카케 4종 (택1),나가타니엔,https://www.kurly.com/goods/5113973,3500,6653,2025.09.10,"간편하게 한봉지씩 톡톡톡

아이들 주먹밥으로 좋아요~~"
도시락·밥류,오토나노 후리카케 4종 (택1),나가타니엔,https://www.kurly.com/goods/5113973,3500,6653,2025.09.10,음청 맛나서 또 샀어요
도시락·밥류,오토나노 후리카케 4종 (택1),나가타니엔,https://www.kurly.com/goods/5113973,3500,6653,2025.09.09,"재구매템 입니다.
외국 가져ㅠ갈려고 구입했습니다."
도시락·밥류,오토나노 후리카케 4종 (택1),나가타니엔,https://www.kurly.com/goods/5113973,3500,6653,2025.09.09,아아들 주먹밥에 굿굿~
도시락·밥류,오토나노 후리카케 4종 (택1),나가타니엔,https://www.kurly.com/goods/5113973,3500,6653,2025.09.09,아이들  주먹밥해면 맛있어요
도시락·밥류,오토나노 후리카케 4종 (택1),나가타니엔,https://www.kurly.com/goods/5113973,3500,6653,2025.09.09,유부초밥 좋아하는데 제품 안에 들어있는 조미 가루는 별로 안 좋아해서 이렇게 따로 간 하려고 샀는데 넘 좋아요. 밥에 간 할 때 가다랑어 맛으로 하고 위에 김계란맛 뿌렸어요
도시락·밥류,오토나노 후리카케 4종 (택1),나가타니엔,https://www.kurly.com/goods/5113973,3500,6653,2025.09.08,아들램 요즘 주먹밥 자주 먹이는데 요거랑 김가루 같이 넣어서 만들면 맛나게 잘 먹어요. 보통밥 위에도 뿌려먹으면 또 맛나고 유용합니다.
도시락·밥류,오토나노 후리카케 4종 (택1),나가타니엔,https://www.kurly.com/goods/5113973,3500,6653,2025.09.08,후리가케 넘 맛나서 종종 구매해요
도시락·밥류,오토나노 후리카케 4종 (택1),나가타니엔,https://www.kurly.com/goods/5113973,3500,6653,2025.09.08,맛나요.좋아요. 굿!
도시락·밥류,볶음밥 3종 (통새우/닭가슴살/우삼겹김치) (2개입),풀무원,https://www.kurly.com/goods/1000866553,4980,945,2025.09.22,냉동볶음밥 중 젤 괜찮음!
도시락·밥류,볶음밥 3종 (통새우/닭가슴살/우삼겹김치) (2개입),풀무원,https://www.kurly.com/goods/1000866553,4980,945,2025.09.22,기름 안 두르고 대충 데워 먹었는데도 맛있었어요! 양이 좀 아쉬워서 양 불려 먹어요 ㅎㅎ..
도시락·밥류,볶음밥 3종 (통새우/닭가슴살/우삼겹김치) (2개입),풀무원,https://www.kurly.com/goods/1000866553,4980,945,2025.09.21,아이가 좋아해서 종종 사요.
도시락·밥류,볶음밥 3종 (통새우/닭가슴살/우삼겹김치) (2개입),풀무원,https://www.kurly.com/goods/1000866553,4980,945,2025.09.20,이런거 몇 개 있으면 급할때 요긴해서 쟁여놓아요
도시락·밥류,볶음밥 3종 (통새우/닭가슴살/우삼겹김치) (2개입),풀무원,https://www.kurly.com/goods/1000866553,4980,945,2025.09.20,반찬없거나 바쁠때 간편하게 볶기만 하면 되니까 너무 좋아요~맛있어요
도시락·밥류,볶음밥 3종 (통새우/닭가슴살/우삼겹김치) (2개입),풀무원,https://www.kurly.com/goods/1000866553,4980,945,2025.09.20,가장 무난한 맛입니다 가끔 먹을만합니다
도시락·밥류,볶음밥 3종 (통새우/닭가슴살/우삼겹김치) (2개입),풀무원,https://www.kurly.com/goods/1000866553,4980,945,2025.09.20,고수 얹어 잘 먹엇음다
도시락·밥류,볶음밥 3종 (통새우/닭가슴살/우삼겹김치) (2개입),풀무원,https://www.kurly.com/goods/1000866553,4980,945,2025.09.20,"새우볶음밥도 맛있어요.

새우볶음밥도 맛있어요.

새우볶음밥도 맛있어요"
도시락·밥류,볶음밥 3종 (통새우/닭가슴살/우삼겹김치) (2개입),풀무원,https://www.kurly.com/goods/1000866553,4980,945,2025.09.20,"가격도 좋고 
자주 구매해서 먹어요
맛도 좋아요"
도시락·밥류,볶음밥 3종 (통새우/닭가슴살/우삼겹김치) (2개입),풀무원,https://www.kurly.com/goods/1000866553,4980,945,2025.09.19,맛있어요 자주사요 좋아요좋아요
도시락·밥류,볶음밥 3종 (통새우/닭가슴살/우삼겹김치) (2개입),풀무원,https://www.kurly.com/goods/1000866553,4980,945,2025.09.19,맛있어요 자주사요 좋아요
도시락·밥류,볶음밥 3종 (통새우/닭가슴살/우삼겹김치) (2개입),풀무원,https://www.kurly.com/goods/1000866553,4980,945,2025.09.17,자주 구매해서 먹어요 가성비 좋고 맛도 좋아요
도시락·밥류,볶음밥 3종 (통새우/닭가슴살/우삼겹김치) (2개입),풀무원,https://www.kurly.com/goods/1000866553,4980,945,2025.09.17,"가성비 좋아서 마음에 드네요
재구매할게요"
도시락·밥류,볶음밥 3종 (통새우/닭가슴살/우삼겹김치) (2개입),풀무원,https://www.kurly.com/goods/1000866553,4980,945,2025.09.17,풀무원 통새우볶음밥 맛있어요
도시락·밥류,볶음밥 3종 (통새우/닭가슴살/우삼겹김치) (2개입),풀무원,https://www.kurly.com/goods/1000866553,4980,945,2025.09.17,풀무원 볶음밥 맛있어요
도시락·밥류,볶음밥 3종 (통새우/닭가슴살/우삼겹김치) (2개입),풀무원,https://www.kurly.com/goods/1000866553,4980,945,2025.09.17,저렴하게 잘삿어요 ㅣ
도시락·밥류,볶음밥 3종 (통새우/닭가슴살/우삼겹김치) (2개입),풀무원,https://www.kurly.com/goods/1000866553,4980,945,2025.09.16,풀무원 닭가슴살.볶음밥.구매했어요
도시락·밥류,볶음밥 3종 (통새우/닭가슴살/우삼겹김치) (2개입),풀무원,https://www.kurly.com/goods/1000866553,4980,945,2025.09.16,풀무원 통새우볶음밥 구매했어요
도시락·밥류,볶음밥 3종 (통새우/닭가슴살/우삼겹김치) (2개입),풀무원,https://www.kurly.com/goods/1000866553,4980,945,2025.09.16,간편하게 데워서 먹기 편해요
도시락·밥류,볶음밥 3종 (통새우/닭가슴살/우삼겹김치) (2개입),풀무원,https://www.kurly.com/goods/1000866553,4980,945,2025.09.15,신선하게잘받았습니다!
도시락·밥류,볶음밥 3종 (통새우/닭가슴살/우삼겹김치) (2개입),풀무원,https://www.kurly.com/goods/1000866553,4980,945,2025.09.15,신선하게잘받았습니다.
도시락·밥류,볶음밥 3종 (통새우/닭가슴살/우삼겹김치) (2개입),풀무원,https://www.kurly.com/goods/1000866553,4980,945,2025.09.15,신선하게잘받았습니다
도시락·밥류,볶음밥 3종 (통새우/닭가슴살/우삼겹김치) (2개입),풀무원,https://www.kurly.com/goods/1000866553,4980,945,2025.09.15,생각보다 맛있어서 매우 놀람 ^^
도시락·밥류,볶음밥 3종 (통새우/닭가슴살/우삼겹김치) (2개입),풀무원,https://www.kurly.com/goods/1000866553,4980,945,2025.09.15,새우도 제법 들어있고 간도 젝당해서 맛있습니다
도시락·밥류,볶음밥 3종 (통새우/닭가슴살/우삼겹김치) (2개입),풀무원,https://www.kurly.com/goods/1000866553,4980,945,2025.09.15,볶음밥은 풀무원께 제일 맛있는 거 같애요.
도시락·밥류,볶음밥 3종 (통새우/닭가슴살/우삼겹김치) (2개입),풀무원,https://www.kurly.com/goods/1000866553,4980,945,2025.09.14,새우가 탱글탱글해요
도시락·밥류,볶음밥 3종 (통새우/닭가슴살/우삼겹김치) (2개입),풀무원,https://www.kurly.com/goods/1000866553,4980,945,2025.09.14,풀무원 볶음밥이 맛있어서 새우볶음밥도 시켜 봤어요
도시락·밥류,볶음밥 3종 (통새우/닭가슴살/우삼겹김치) (2개입),풀무원,https://www.kurly.com/goods/1000866553,4980,945,2025.09.14,황금밥알이랑 헤깔려서 샀어요ㅠ 이건 진짜 맛없어여ㅠ 🤦
도시락·밥류,볶음밥 3종 (통새우/닭가슴살/우삼겹김치) (2개입),풀무원,https://www.kurly.com/goods/1000866553,4980,945,2025.09.14,"볶음밥 데워먹기 편하고, 새우가 통통합니다
비린맛 없이 양도 넉넉하고 가격대비 넘 만족스럽죠"
도시락·밥류,볶음밥 3종 (통새우/닭가슴살/우삼겹김치) (2개입),풀무원,https://www.kurly.com/goods/1000866553,4980,945,2025.09.14,"냉동상태 잘 유지되어서 왔어요
맛은 이미 먹던거라 아는 맛 - 맛있다는 말씀^^
집에서 편히 받아서 참 좋네요"
도시락·밥류,볶음밥 3종 (통새우/닭가슴살/우삼겹김치) (2개입),풀무원,https://www.kurly.com/goods/1000866553,4980,945,2025.09.14,"고슬고슬 통새우 최고예요
달걀까지 한끼로 손색없어요~^^"
도시락·밥류,볶음밥 3종 (통새우/닭가슴살/우삼겹김치) (2개입),풀무원,https://www.kurly.com/goods/1000866553,4980,945,2025.09.14,사진은 별로지만 맛은 최고예요 ㅎㅎ
도시락·밥류,볶음밥 3종 (통새우/닭가슴살/우삼겹김치) (2개입),풀무원,https://www.kurly.com/goods/1000866553,4980,945,2025.09.13,제일 건강한 볶음밥 같은 ㅎㅎ
도시락·밥류,볶음밥 3종 (통새우/닭가슴살/우삼겹김치) (2개입),풀무원,https://www.kurly.com/goods/1000866553,4980,945,2025.09.13,예전부터 냉동실에 늘 쟁여두는 우삼겹김치. 애들이 넘 좋아하거등요. 컬리에서 세일해서 또 구매해놨지요
도시락·밥류,볶음밥 3종 (통새우/닭가슴살/우삼겹김치) (2개입),풀무원,https://www.kurly.com/goods/1000866553,4980,945,2025.09.12,오랫만에 구매~~ 딸아이가 좋아하는 볶음밥 맛있어요
도시락·밥류,볶음밥 3종 (통새우/닭가슴살/우삼겹김치) (2개입),풀무원,https://www.kurly.com/goods/1000866553,4980,945,2025.09.11,"풀무원 볶음밥은 밥알이 쫄깃해서 좋습니다.
새우볶음밥 맛과식감 모두 좋아요."
도시락·밥류,볶음밥 3종 (통새우/닭가슴살/우삼겹김치) (2개입),풀무원,https://www.kurly.com/goods/1000866553,4980,945,2025.09.09,"간단하게 한끼에 좋습니다 ㅎ
평일이나 주말 아침 간단히 ㅎ"
도시락·밥류,볶음밥 3종 (통새우/닭가슴살/우삼겹김치) (2개입),풀무원,https://www.kurly.com/goods/1000866553,4980,945,2025.09.09,통새우볶음밥 그저그래요
도시락·밥류,볶음밥 3종 (통새우/닭가슴살/우삼겹김치) (2개입),풀무원,https://www.kurly.com/goods/1000866553,4980,945,2025.09.09,간단하게 먹기좋아요
도시락·밥류,볶음밥 3종 (통새우/닭가슴살/우삼겹김치) (2개입),풀무원,https://www.kurly.com/goods/1000866553,4980,945,2025.09.08,간단하게 먹을 수 있어 좋아요
도시락·밥류,볶음밥 3종 (통새우/닭가슴살/우삼겹김치) (2개입),풀무원,https://www.kurly.com/goods/1000866553,4980,945,2025.09.08,요리하기 편해요 ~~
도시락·밥류,볶음밥 3종 (통새우/닭가슴살/우삼겹김치) (2개입),풀무원,https://www.kurly.com/goods/1000866553,4980,945,2025.09.08,"재구매합니다 간편식으로 조리하기도
편하고 맛도 있어서 자주 잘 먹고있습니다"
도시락·밥류,볶음밥 3종 (통새우/닭가슴살/우삼겹김치) (2개입),풀무원,https://www.kurly.com/goods/1000866553,4980,945,2025.09.08,"재구매합니다 간편식으로 조리하기
편하고 맛도 있어서 잘 먹고있습니다"
도시락·밥류,볶음밥 3종 (통새우/닭가슴살/우삼겹김치) (2개입),풀무원,https://www.kurly.com/goods/1000866553,4980,945,2025.09.06,요리하기 간편하고 맛도 좋아요.
도시락·밥류,볶음밥 3종 (통새우/닭가슴살/우삼겹김치) (2개입),풀무원,https://www.kurly.com/goods/1000866553,4980,945,2025.09.06,냉동실에 항상 쟁여둠 ㅎㅎ
도시락·밥류,볶음밥 3종 (통새우/닭가슴살/우삼겹김치) (2개입),풀무원,https://www.kurly.com/goods/1000866553,4980,945,2025.09.06,계속 재구매중이에요
도시락·밥류,볶음밥 3종 (통새우/닭가슴살/우삼겹김치) (2개입),풀무원,https://www.kurly.com/goods/1000866553,4980,945,2025.09.05,맛있어요 간단하게 좋아요
도시락·밥류,볶음밥 3종 (통새우/닭가슴살/우삼겹김치) (2개입),풀무원,https://www.kurly.com/goods/1000866553,4980,945,2025.09.05,바쁘거나 컨디션 안좋을때 간편하게 잘 먹었어요.
도시락·밥류,볶음밥 3종 (통새우/닭가슴살/우삼겹김치) (2개입),풀무원,https://www.kurly.com/goods/1000866553,4980,945,2025.09.05,"편하네요 비비고만 먹다 풀무원구입
이것도 맛나네요 짜지않아 좋아요"
도시락·밥류,볶음밥 3종 (통새우/닭가슴살/우삼겹김치) (2개입),풀무원,https://www.kurly.com/goods/1000866553,4980,945,2025.09.05,맛있게 먹고 있습니다.
도시락·밥류,곤드레나물솥밥 (2개입),풀무원,https://www.kurly.com/goods/1000866555,5480,1128,2025.09.22,맛이 좋은데 1인분의 양은 적어요.
도시락·밥류,곤드레나물솥밥 (2개입),풀무원,https://www.kurly.com/goods/1000866555,5480,1128,2025.09.22,아직 먹어보진 않았어요~ 다른 제품만 먹어봤는데 풀무원이 좀 더 저렴해서 구매해봐요
도시락·밥류,곤드레나물솥밥 (2개입),풀무원,https://www.kurly.com/goods/1000866555,5480,1128,2025.09.22,맛있어요 깔끔한 맛 기대되네요
도시락·밥류,곤드레나물솥밥 (2개입),풀무원,https://www.kurly.com/goods/1000866555,5480,1128,2025.09.21,입맛없을때 짱이예요~~
도시락·밥류,곤드레나물솥밥 (2개입),풀무원,https://www.kurly.com/goods/1000866555,5480,1128,2025.09.21,일하고 난 후 힘들 땐 꼭 이 곤드레밥에 강된장으로 쓰~윽 비벼서 한그릇 뚝딱
도시락·밥류,곤드레나물솥밥 (2개입),풀무원,https://www.kurly.com/goods/1000866555,5480,1128,2025.09.20,처음 구입했는데 맛있어요
도시락·밥류,곤드레나물솥밥 (2개입),풀무원,https://www.kurly.com/goods/1000866555,5480,1128,2025.09.20,된장소스 비벼 먹으며 맛나여
도시락·밥류,곤드레나물솥밥 (2개입),풀무원,https://www.kurly.com/goods/1000866555,5480,1128,2025.09.19,점심 도시락 싸가려고 샀어요. 양념장까지 같이 있어서 좋아요
도시락·밥류,곤드레나물솥밥 (2개입),풀무원,https://www.kurly.com/goods/1000866555,5480,1128,2025.09.19,좋아요~ 또 구매할게요!
도시락·밥류,곤드레나물솥밥 (2개입),풀무원,https://www.kurly.com/goods/1000866555,5480,1128,2025.09.18,"양념이 된장이네요~
맛있어요"
도시락·밥류,곤드레나물솥밥 (2개입),풀무원,https://www.kurly.com/goods/1000866555,5480,1128,2025.09.18,곤드레나물솥밥 반찬 없을때 좋더라구여
도시락·밥류,곤드레나물솥밥 (2개입),풀무원,https://www.kurly.com/goods/1000866555,5480,1128,2025.09.17,부모님이 곤드레밥 좋아하셔서 자주 주문합니다
도시락·밥류,곤드레나물솥밥 (2개입),풀무원,https://www.kurly.com/goods/1000866555,5480,1128,2025.09.17,곤드레 나물밥 맛있어요
도시락·밥류,곤드레나물솥밥 (2개입),풀무원,https://www.kurly.com/goods/1000866555,5480,1128,2025.09.17,아직 먹어본 건 아니지만 풀무원 제품 믿고 먹습니다!
도시락·밥류,곤드레나물솥밥 (2개입),풀무원,https://www.kurly.com/goods/1000866555,5480,1128,2025.09.17,저렴하게 잘삿어요 ㆍ
도시락·밥류,곤드레나물솥밥 (2개입),풀무원,https://www.kurly.com/goods/1000866555,5480,1128,2025.09.16,먹고싶어서 제가 먹으려고 샀어여
도시락·밥류,곤드레나물솥밥 (2개입),풀무원,https://www.kurly.com/goods/1000866555,5480,1128,2025.09.16,빠른배달 감사합니다 추천합니다
도시락·밥류,곤드레나물솥밥 (2개입),풀무원,https://www.kurly.com/goods/1000866555,5480,1128,2025.09.16,곤드레나물솥밥 구매했어요
도시락·밥류,곤드레나물솥밥 (2개입),풀무원,https://www.kurly.com/goods/1000866555,5480,1128,2025.09.16,빠른배송 잘받았습니다..
도시락·밥류,곤드레나물솥밥 (2개입),풀무원,https://www.kurly.com/goods/1000866555,5480,1128,2025.09.16,그럭저럭 간편식이요
도시락·밥류,곤드레나물솥밥 (2개입),풀무원,https://www.kurly.com/goods/1000866555,5480,1128,2025.09.15,아직 안먹었지만 곤드레밥 좋아해용
도시락·밥류,곤드레나물솥밥 (2개입),풀무원,https://www.kurly.com/goods/1000866555,5480,1128,2025.09.14,풀무원 곤드레밥도 맛있네요
도시락·밥류,곤드레나물솥밥 (2개입),풀무원,https://www.kurly.com/goods/1000866555,5480,1128,2025.09.14,간편하게 즐기기 좋아요 버섯볶볶 같이 올려서 드세요
도시락·밥류,곤드레나물솥밥 (2개입),풀무원,https://www.kurly.com/goods/1000866555,5480,1128,2025.09.14,"향긋한 곤드레와 보리쌀로 지어져 맛있어요
저는 주로 간장에 먹는데 뒷맛이 깔끔합니다

고소한 참기름과 강된장 소스까지 굿~^^"
도시락·밥류,곤드레나물솥밥 (2개입),풀무원,https://www.kurly.com/goods/1000866555,5480,1128,2025.09.14,곤드레나물밥을 너무 좋아하는데 세일해서 좋은가격에 구매했어요
도시락·밥류,곤드레나물솥밥 (2개입),풀무원,https://www.kurly.com/goods/1000866555,5480,1128,2025.09.13,"가성비좋고 풀무원 곤드레 나물밥!
집에 있는 밥을 약간 추가해서 먹으면 참 좋아요 😄"
도시락·밥류,곤드레나물솥밥 (2개입),풀무원,https://www.kurly.com/goods/1000866555,5480,1128,2025.09.13,냉동밥 퀄이 마니 좋아졌네요 재구매했어요
도시락·밥류,곤드레나물솥밥 (2개입),풀무원,https://www.kurly.com/goods/1000866555,5480,1128,2025.09.13,사고나니 가격이 내렸네요ㅡ.ㅡ
도시락·밥류,곤드레나물솥밥 (2개입),풀무원,https://www.kurly.com/goods/1000866555,5480,1128,2025.09.12,"평소에 종종 사먹던 거예요 !
고소하고 은은하게 곤드레나물향이 퍼져서 별다른 반찬 없이도 맛있게 먹을 수 있어요 ^0^"
도시락·밥류,곤드레나물솥밥 (2개입),풀무원,https://www.kurly.com/goods/1000866555,5480,1128,2025.09.12,양념도 들어있고 좋습니다~
도시락·밥류,곤드레나물솥밥 (2개입),풀무원,https://www.kurly.com/goods/1000866555,5480,1128,2025.09.12,아침에 급하게 한끼에 좋아요
도시락·밥류,곤드레나물솥밥 (2개입),풀무원,https://www.kurly.com/goods/1000866555,5480,1128,2025.09.12,곤드레를 따로 조리할 필요 없어서 건강한 밥을 간편하게 먹을 수 있습니다. 신랑이 자주 먹을 만한 맛이라네요.
도시락·밥류,곤드레나물솥밥 (2개입),풀무원,https://www.kurly.com/goods/1000866555,5480,1128,2025.09.12,반찬이 아쉬울때 곤드레나물밥 하나 챙기면 뚝딱이라 좋아요
도시락·밥류,곤드레나물솥밥 (2개입),풀무원,https://www.kurly.com/goods/1000866555,5480,1128,2025.09.12,곤드레나물밥 좋아하는데 이건 강된장소스+참기름도 들어있고 보리쌀로 된 밥이라 속이 더 편안한 것 같아요~
도시락·밥류,곤드레나물솥밥 (2개입),풀무원,https://www.kurly.com/goods/1000866555,5480,1128,2025.09.11,곤드레밥 중에서 풀무원께 제일 맛남
도시락·밥류,곤드레나물솥밥 (2개입),풀무원,https://www.kurly.com/goods/1000866555,5480,1128,2025.09.11,곤드레나물밥은 어디든 맛이 괜찮네요
도시락·밥류,곤드레나물솥밥 (2개입),풀무원,https://www.kurly.com/goods/1000866555,5480,1128,2025.09.10,곤드레솥밥 맛있어요
도시락·밥류,곤드레나물솥밥 (2개입),풀무원,https://www.kurly.com/goods/1000866555,5480,1128,2025.09.10,진쨔 맛있어요...!! 강된장이랑 참기름까지 주는거 짱이에요!!
도시락·밥류,곤드레나물솥밥 (2개입),풀무원,https://www.kurly.com/goods/1000866555,5480,1128,2025.09.09,"곤드레나물 솥밥 잘 받았습니다, 감사합니다."
도시락·밥류,곤드레나물솥밥 (2개입),풀무원,https://www.kurly.com/goods/1000866555,5480,1128,2025.09.09,할인해서샀어요맛있기를바래요굿굿
도시락·밥류,곤드레나물솥밥 (2개입),풀무원,https://www.kurly.com/goods/1000866555,5480,1128,2025.09.09,가끔 시켜 먹습니다. 믿을만 합니다.
도시락·밥류,곤드레나물솥밥 (2개입),풀무원,https://www.kurly.com/goods/1000866555,5480,1128,2025.09.09,곤드레나물밥 맛있어요
도시락·밥류,곤드레나물솥밥 (2개입),풀무원,https://www.kurly.com/goods/1000866555,5480,1128,2025.09.09,간편해서 급하게 먹을 때 좋아요
도시락·밥류,곤드레나물솥밥 (2개입),풀무원,https://www.kurly.com/goods/1000866555,5480,1128,2025.09.09,간편식위주로 찾고 있는데 한번 궁금해서 구매했습니다
도시락·밥류,곤드레나물솥밥 (2개입),풀무원,https://www.kurly.com/goods/1000866555,5480,1128,2025.09.09,자주 구매하는 상품입니다.
도시락·밥류,곤드레나물솥밥 (2개입),풀무원,https://www.kurly.com/goods/1000866555,5480,1128,2025.09.08,"집에서 간편하게 곤드레나물밥을
맛있어요"
도시락·밥류,곤드레나물솥밥 (2개입),풀무원,https://www.kurly.com/goods/1000866555,5480,1128,2025.09.08,"곤드레 향이 많이 나지는 않네요
안에 참기름이랑 된장소스가 들어있어요"
도시락·밥류,곤드레나물솥밥 (2개입),풀무원,https://www.kurly.com/goods/1000866555,5480,1128,2025.09.08,곤드레솥밥 먹어요오
도시락·밥류,곤드레나물솥밥 (2개입),풀무원,https://www.kurly.com/goods/1000866555,5480,1128,2025.09.07,"가끔 시켜먹는데 
건강하고 맛있는 한끼에요! 
양은 많진 않아요 
저희가 양 많은 3식구라 그런지 
2인분 두봉지 먹음 그냥 적당한 수준이에요ㅎㅎ"
도시락·밥류,곤드레나물솥밥 (2개입),풀무원,https://www.kurly.com/goods/1000866555,5480,1128,2025.09.07,곤드레밥에 강된장 소스가 함께 있어요 굿
도시락·밥류,김재중의 나폴리식 갈비덮밥,편스토랑X온더고,https://www.kurly.com/goods/1001224864,6480,484,2025.05.05,"저는 직장인 자취생이다 보니 간편식을 매우 좋아하는데요~
이것저것 찾아 먹다가 요즘 온더고 제품에 맛에 띄어 
다양하게 많이, 자주 먹어보는 중이에요! 그러다가 온더고의 좋아하는 제품도 찾고 알게 되더라구요🤭

이번에도 온더고 제품 찾아보다가 예전에 동방신기 5명일떄 팬이었던 마음담아💜 편스토랑과 온더고의 콜라보 그리고 김재중의 나폴리식 갈비덮밥이라니! 제목만 봐도 너무 맛있을거 같아서 시켜 보았는데요!❓️❓️❓️❓️❓️❓️

정말 팬심을 떠나서 시키길 잘했다는 생각이 들어요‼️‼️
저는 사실 편스토랑은 잘 보지 않는 편이지만 
편스토랑때 유행했던 편의점 밤티라미수도 먹어보기도 했지요!

이번에 우연히 발견한 나폴리식 갈비덮밥 먹어보고 싶어서 주문했더니
💜매콤달짝 불고기 소스에, 상큼한 토마토소스까지 
안어울릴것 같나요❓️❓️❓️❓️
아니요‼️오해금물‼️ 전혀‼️
진짜 너무 맛있게 잘 먹었어요 👏👍👏👍👏
밥과 고기와 어우러져있는 소스를 슥슥 비벼서 먹으니
진짜 꿀맛이 따로 없더라구요~😆😆😆😆
심지어 안에 들어있는 고기 퀄리티 떨어지지 않아요💜💜
고기도 두툼하니 씹는맛도 좋더라구요!
진짜로 먹는 내내 너무 맛있게 잘 먹었어요!
내돈내산 찐후기 추천합니다 꼭 드셔 보세요~!
간편식으로도 최고! 맛으로도 최고 입니다~"
도시락·밥류,김재중의 나폴리식 갈비덮밥,편스토랑X온더고,https://www.kurly.com/goods/1001224864,6480,484,2025.04.12,"편스토랑 보다가 너무 신기한 메뉴라서 주문해봤어요!!
편의점에서만 파는 줄 알았는데 이제 컬리에서 받아볼 수 있다니 기대됩니다>.<

나폴리식 갈비덮밥? 깍두기 볶음밥?  토마토 소스?  의문이 가득한 메뉴였는데  오!! 저는 생각보다 너무 맛있었어요!!
깍두기가 아삭아삭 씹히는게 킥이었던 것 같고 고기도 많아서 씹는 맛이 아주 좋았습니다👍
토마토소스와 갈비가 이렇게 잘 어울리다니요ㅎㅎ 어디서도 먹어보지 못한 처음먹는 맛인데 이상하게 맛있네 하면서 한그릇 뚝딱 했습니다ㅋㅋㅋ 
전자레인지 돌리기만 하면 되니까 편하기도 했어요!
다음 메뉴도 기대됩니다~"
도시락·밥류,김재중의 나폴리식 갈비덮밥,편스토랑X온더고,https://www.kurly.com/goods/1001224864,6480,484,2025.09.22,안어울릴줄 알았는데 생각보다 맛있어요
도시락·밥류,김재중의 나폴리식 갈비덮밥,편스토랑X온더고,https://www.kurly.com/goods/1001224864,6480,484,2025.09.21,맛있어서 재구매 했어요
도시락·밥류,김재중의 나폴리식 갈비덮밥,편스토랑X온더고,https://www.kurly.com/goods/1001224864,6480,484,2025.09.21,재구매 제품이에요 👍🏻🫶🏻
도시락·밥류,김재중의 나폴리식 갈비덮밥,편스토랑X온더고,https://www.kurly.com/goods/1001224864,6480,484,2025.09.20,갈비덮밥 맛있어용ㅋㅋ
도시락·밥류,김재중의 나폴리식 갈비덮밥,편스토랑X온더고,https://www.kurly.com/goods/1001224864,6480,484,2025.09.17,안좋은 후기가 있어서 걱정했는데 생각보다 맛있네요
도시락·밥류,김재중의 나폴리식 갈비덮밥,편스토랑X온더고,https://www.kurly.com/goods/1001224864,6480,484,2025.09.16,고기가 좀 질김 재구매는 없음
도시락·밥류,김재중의 나폴리식 갈비덮밥,편스토랑X온더고,https://www.kurly.com/goods/1001224864,6480,484,2025.09.16,간이 조금 쎘으나 있으면은 또 먹고싶은 맛이었습니다..
도시락·밥류,김재중의 나폴리식 갈비덮밥,편스토랑X온더고,https://www.kurly.com/goods/1001224864,6480,484,2025.09.15,맛있네요 간편하게 먹을 수 있어 좋아요
도시락·밥류,김재중의 나폴리식 갈비덮밥,편스토랑X온더고,https://www.kurly.com/goods/1001224864,6480,484,2025.09.12,갈비덮밥 마음에들어요 추천
도시락·밥류,김재중의 나폴리식 갈비덮밥,편스토랑X온더고,https://www.kurly.com/goods/1001224864,6480,484,2025.09.12,"덮밥중에 이게 제일 맛있다고 하네요.
아들 입맛에 맞을 것 같아서 주문했는데, 재구매 목록에 일등일 듯 합니다."
도시락·밥류,김재중의 나폴리식 갈비덮밥,편스토랑X온더고,https://www.kurly.com/goods/1001224864,6480,484,2025.09.12,은근 쉽고 양념 맛있어서 또 먹을듯요
도시락·밥류,김재중의 나폴리식 갈비덮밥,편스토랑X온더고,https://www.kurly.com/goods/1001224864,6480,484,2025.09.09,맛이 넘. 좋아요 ! 양만 늘엇음 좋겠네요!
도시락·밥류,김재중의 나폴리식 갈비덮밥,편스토랑X온더고,https://www.kurly.com/goods/1001224864,6480,484,2025.09.09,도시락은  온더고가 잘 나옵니다
도시락·밥류,김재중의 나폴리식 갈비덮밥,편스토랑X온더고,https://www.kurly.com/goods/1001224864,6480,484,2025.09.09,"맛있어요 성인분들한테 배고플때먹으면 양은 약간 
부족하게 느껴지실 수도 있을것 같아요
고기가들었눈데 맛은 토마토 파스타 같아요 ㅎㅎ"
도시락·밥류,김재중의 나폴리식 갈비덮밥,편스토랑X온더고,https://www.kurly.com/goods/1001224864,6480,484,2025.09.08,냉동에 구비해놓고 비상용입니다.
도시락·밥류,김재중의 나폴리식 갈비덮밥,편스토랑X온더고,https://www.kurly.com/goods/1001224864,6480,484,2025.09.08,나폴리식 갈비덮밥 생각보다 맛있어요. 배부르게 잘 먹었습니다
도시락·밥류,김재중의 나폴리식 갈비덮밥,편스토랑X온더고,https://www.kurly.com/goods/1001224864,6480,484,2025.09.08,넘 맛있고 간편해요.
도시락·밥류,김재중의 나폴리식 갈비덮밥,편스토랑X온더고,https://www.kurly.com/goods/1001224864,6480,484,2025.09.06,잘 받았습니다!!!
도시락·밥류,김재중의 나폴리식 갈비덮밥,편스토랑X온더고,https://www.kurly.com/goods/1001224864,6480,484,2025.09.05,맛있어 보이네요 기대
도시락·밥류,김재중의 나폴리식 갈비덮밥,편스토랑X온더고,https://www.kurly.com/goods/1001224864,6480,484,2025.09.05,맛있게 잘 먹었습니다 또 주문하고싶어요
도시락·밥류,김재중의 나폴리식 갈비덮밥,편스토랑X온더고,https://www.kurly.com/goods/1001224864,6480,484,2025.09.04,그냥 함 시켯는데 아들이 맛있게 잘먹네요.
도시락·밥류,김재중의 나폴리식 갈비덮밥,편스토랑X온더고,https://www.kurly.com/goods/1001224864,6480,484,2025.09.04,점심 도시랃으로 괜찮아요
도시락·밥류,김재중의 나폴리식 갈비덮밥,편스토랑X온더고,https://www.kurly.com/goods/1001224864,6480,484,2025.09.02,처음 주문했는데 걍  그럭저럭 하네요
도시락·밥류,김재중의 나폴리식 갈비덮밥,편스토랑X온더고,https://www.kurly.com/goods/1001224864,6480,484,2025.09.01,"맛이 특이해여
먹을만 하지만 이제 재구매는 안할듯"
도시락·밥류,김재중의 나폴리식 갈비덮밥,편스토랑X온더고,https://www.kurly.com/goods/1001224864,6480,484,2025.08.31,"너무 맛있었습니다. 기대 안하고 먹었는데, 배고파서 먹었더니 진짜 맛있더라구요."
도시락·밥류,김재중의 나폴리식 갈비덮밥,편스토랑X온더고,https://www.kurly.com/goods/1001224864,6480,484,2025.08.31,재구매한건데 또 재구매각
도시락·밥류,김재중의 나폴리식 갈비덮밥,편스토랑X온더고,https://www.kurly.com/goods/1001224864,6480,484,2025.08.31,"온더고 간편하게 먹을 수 있는게 많더라구요.
김재중 나폴리식 갈비덮밥 한번 먹어본 후 맛있어서 또 구매했어요♥"
도시락·밥류,김재중의 나폴리식 갈비덮밥,편스토랑X온더고,https://www.kurly.com/goods/1001224864,6480,484,2025.08.28,맛있게 잘 먹을께요
도시락·밥류,김재중의 나폴리식 갈비덮밥,편스토랑X온더고,https://www.kurly.com/goods/1001224864,6480,484,2025.08.28,"자주 시켜먹어요
냉동도시락으로는 이게 좋운 거 같아요"
도시락·밥류,김재중의 나폴리식 갈비덮밥,편스토랑X온더고,https://www.kurly.com/goods/1001224864,6480,484,2025.08.26,간편하게 먹기 좋아요
도시락·밥류,김재중의 나폴리식 갈비덮밥,편스토랑X온더고,https://www.kurly.com/goods/1001224864,6480,484,2025.08.26,한끼 식사로 간단하고 맛있어요
도시락·밥류,김재중의 나폴리식 갈비덮밥,편스토랑X온더고,https://www.kurly.com/goods/1001224864,6480,484,2025.08.26,"맛있어요~ 달달 짭짤 새콤~ 양도 괜춘
맵기가 쫌 있네요 덜 느끼하지만 맵찔이인 저한테는 약간 맵네요"
도시락·밥류,김재중의 나폴리식 갈비덮밥,편스토랑X온더고,https://www.kurly.com/goods/1001224864,6480,484,2025.08.26,맛있고 좋아융!~~~~~=‘
도시락·밥류,김재중의 나폴리식 갈비덮밥,편스토랑X온더고,https://www.kurly.com/goods/1001224864,6480,484,2025.08.26,아이가 먹더니 아침에 먹기엔 너무 매워하네요
도시락·밥류,김재중의 나폴리식 갈비덮밥,편스토랑X온더고,https://www.kurly.com/goods/1001224864,6480,484,2025.08.26,식사대용으로 좋아요
도시락·밥류,김재중의 나폴리식 갈비덮밥,편스토랑X온더고,https://www.kurly.com/goods/1001224864,6480,484,2025.08.25,써있기는 4분 30초 돌리라고 하던데 그러면 윗쪽 고기가 서걱서걱 씹히더라고요ㅜ 더 돌리는게 맞을 것 같고… 제 입에는 많이 느끼했어요 조화로운 맛은 아니었엉ㅅ
도시락·밥류,김재중의 나폴리식 갈비덮밥,편스토랑X온더고,https://www.kurly.com/goods/1001224864,6480,484,2025.08.23,"김치?가 크게 썰려있어서 은근 매콤해용
밥 해먹기 귀찮을때 최고의 선택입니당"
도시락·밥류,김재중의 나폴리식 갈비덮밥,편스토랑X온더고,https://www.kurly.com/goods/1001224864,6480,484,2025.08.22,기대를 너무했나봐요 재구매는 안할듯
도시락·밥류,김재중의 나폴리식 갈비덮밥,편스토랑X온더고,https://www.kurly.com/goods/1001224864,6480,484,2025.08.21,의외로 맛있어서 재재구매..
도시락·밥류,김재중의 나폴리식 갈비덮밥,편스토랑X온더고,https://www.kurly.com/goods/1001224864,6480,484,2025.08.21,한번 먹을만해여. 괜춘
도시락·밥류,김재중의 나폴리식 갈비덮밥,편스토랑X온더고,https://www.kurly.com/goods/1001224864,6480,484,2025.08.20,맛있다고해서 구매했습니다.
도시락·밥류,김재중의 나폴리식 갈비덮밥,편스토랑X온더고,https://www.kurly.com/goods/1001224864,6480,484,2025.08.20,"양념이
꽤 맛있었어요!! 최고!"
도시락·밥류,김재중의 나폴리식 갈비덮밥,편스토랑X온더고,https://www.kurly.com/goods/1001224864,6480,484,2025.08.19,간편하게 잘 먹었어요
도시락·밥류,김재중의 나폴리식 갈비덮밥,편스토랑X온더고,https://www.kurly.com/goods/1001224864,6480,484,2025.08.19,"이색적이면서 익숙한 맛 좋네요

간편하기까지 하니 집에서 편하게 뻔하지 않은 한끼 챙겨먹을 수 있는 제품이에요"
도시락·밥류,김재중의 나폴리식 갈비덮밥,편스토랑X온더고,https://www.kurly.com/goods/1001224864,6480,484,2025.08.18,신제품이 나와서 사 보았습니다
도시락·밥류,김재중의 나폴리식 갈비덮밥,편스토랑X온더고,https://www.kurly.com/goods/1001224864,6480,484,2025.08.18,아잭 안먹어봤지만 맛있을것같앙요
도시락·밥류,김재중의 나폴리식 갈비덮밥,편스토랑X온더고,https://www.kurly.com/goods/1001224864,6480,484,2025.08.17,간편식으로 자주 삽니다 애들이 잘 먹어요
도시락·밥류,김재중의 나폴리식 갈비덮밥,편스토랑X온더고,https://www.kurly.com/goods/1001224864,6480,484,2025.08.16,기대돼요 맛있을 것 같아요
도시락·밥류,국산콩 유부초밥,풀무원,https://www.kurly.com/goods/5069132,4280,12961,2025.09.23,국산콩 유부초밥 좋습니다
도시락·밥류,국산콩 유부초밥,풀무원,https://www.kurly.com/goods/5069132,4280,12961,2025.09.22,1회분 딱 들어있어서 좋네요 항상 남겨서 언제 먹을지 고민했는데
도시락·밥류,국산콩 유부초밥,풀무원,https://www.kurly.com/goods/5069132,4280,12961,2025.09.22,국산콩으로 만들어서 고소해요
도시락·밥류,국산콩 유부초밥,풀무원,https://www.kurly.com/goods/5069132,4280,12961,2025.09.22,맛있어요 계속 구매할듯요
도시락·밥류,국산콩 유부초밥,풀무원,https://www.kurly.com/goods/5069132,4280,12961,2025.09.22,맛나요 좋아요 좋아요
도시락·밥류,국산콩 유부초밥,풀무원,https://www.kurly.com/goods/5069132,4280,12961,2025.09.22,유부초밥 조금 들어서 더 좋아욧!
도시락·밥류,국산콩 유부초밥,풀무원,https://www.kurly.com/goods/5069132,4280,12961,2025.09.22,아침바쁠때 도움되는 한끼식사재료입니다
도시락·밥류,국산콩 유부초밥,풀무원,https://www.kurly.com/goods/5069132,4280,12961,2025.09.22,시간없을때 간단하게 먹을 수 있어 좋아요
도시락·밥류,국산콩 유부초밥,풀무원,https://www.kurly.com/goods/5069132,4280,12961,2025.09.22,한끼 간단히 먹기 좋아요~ 성인 둘이 먹기엔 살짝 부족해요
도시락·밥류,국산콩 유부초밥,풀무원,https://www.kurly.com/goods/5069132,4280,12961,2025.09.21,"제일 좋아하는 유부초밥 
매일 먹어도 질리지 않아요."
도시락·밥류,국산콩 유부초밥,풀무원,https://www.kurly.com/goods/5069132,4280,12961,2025.09.21,처음 구매인데 맛있네요.
도시락·밥류,국산콩 유부초밥,풀무원,https://www.kurly.com/goods/5069132,4280,12961,2025.09.21,국산콩이라더좋아요 아이들도 잘먹고요
도시락·밥류,국산콩 유부초밥,풀무원,https://www.kurly.com/goods/5069132,4280,12961,2025.09.21,간식으로 하려고 구입했어요
도시락·밥류,국산콩 유부초밥,풀무원,https://www.kurly.com/goods/5069132,4280,12961,2025.09.20,국산콩 유부초밥이라 샀어요. 집에서 해먹기 좋고 맛있습니다
도시락·밥류,국산콩 유부초밥,풀무원,https://www.kurly.com/goods/5069132,4280,12961,2025.09.20,건강하게 아이들 먹일려고 자주 구매합니다
도시락·밥류,국산콩 유부초밥,풀무원,https://www.kurly.com/goods/5069132,4280,12961,2025.09.20,비상용으로 구매 애들한데 좋습니다
도시락·밥류,국산콩 유부초밥,풀무원,https://www.kurly.com/goods/5069132,4280,12961,2025.09.20,맛있어요 좋습니다 ㅎㅎ ~
도시락·밥류,국산콩 유부초밥,풀무원,https://www.kurly.com/goods/5069132,4280,12961,2025.09.19,유뷰 간이 짜지도 않고 고소하니 맛있어요
도시락·밥류,국산콩 유부초밥,풀무원,https://www.kurly.com/goods/5069132,4280,12961,2025.09.19,자주 구입해먹는 유부초밥이예요 국산콩이여서 믿고 구입해먹고있어요
도시락·밥류,국산콩 유부초밥,풀무원,https://www.kurly.com/goods/5069132,4280,12961,2025.09.19,제품 괜찮아서 종종 구입합니다 ^^
도시락·밥류,국산콩 유부초밥,풀무원,https://www.kurly.com/goods/5069132,4280,12961,2025.09.19,아이 아침밥 해주려고 구매
도시락·밥류,국산콩 유부초밥,풀무원,https://www.kurly.com/goods/5069132,4280,12961,2025.09.19,잘받았습니다 감사합니다!
도시락·밥류,국산콩 유부초밥,풀무원,https://www.kurly.com/goods/5069132,4280,12961,2025.09.18,물기 꼭 짜서 김밥에 넣으니까 맛있어요
도시락·밥류,국산콩 유부초밥,풀무원,https://www.kurly.com/goods/5069132,4280,12961,2025.09.18,국산콩으로 만들어 좋아요
도시락·밥류,국산콩 유부초밥,풀무원,https://www.kurly.com/goods/5069132,4280,12961,2025.09.18,유부초밥맛 굿굿!!!
도시락·밥류,국산콩 유부초밥,풀무원,https://www.kurly.com/goods/5069132,4280,12961,2025.09.18,"피가 도톰하니 밥 넣기가 편하네요
고소하니 맛나네요"
도시락·밥류,국산콩 유부초밥,풀무원,https://www.kurly.com/goods/5069132,4280,12961,2025.09.18,국산콩 유부라 자즈 그매해요
도시락·밥류,국산콩 유부초밥,풀무원,https://www.kurly.com/goods/5069132,4280,12961,2025.09.18,국산콩이라서 구매해요
도시락·밥류,국산콩 유부초밥,풀무원,https://www.kurly.com/goods/5069132,4280,12961,2025.09.17,국산콩이라좋고 유부초밥 맛도좋아요
도시락·밥류,국산콩 유부초밥,풀무원,https://www.kurly.com/goods/5069132,4280,12961,2025.09.17,간단히 후딱 먹이기 좋아요~!!맛있습니다
도시락·밥류,국산콩 유부초밥,풀무원,https://www.kurly.com/goods/5069132,4280,12961,2025.09.17,바쁜아침 먹기좋아요국산콩이라 믿고 먹어요
도시락·밥류,국산콩 유부초밥,풀무원,https://www.kurly.com/goods/5069132,4280,12961,2025.09.17,세일해서 구매해요.
도시락·밥류,국산콩 유부초밥,풀무원,https://www.kurly.com/goods/5069132,4280,12961,2025.09.17,국산콩이라 구매했어요
도시락·밥류,국산콩 유부초밥,풀무원,https://www.kurly.com/goods/5069132,4280,12961,2025.09.17,국산콩이라 늘 재구매
도시락·밥류,국산콩 유부초밥,풀무원,https://www.kurly.com/goods/5069132,4280,12961,2025.09.17,2인분하고 남은 밥은 주먹밥 만들어서 먹음 딱이에요
도시락·밥류,국산콩 유부초밥,풀무원,https://www.kurly.com/goods/5069132,4280,12961,2025.09.17,종종 애용합니다.좋앙요
도시락·밥류,국산콩 유부초밥,풀무원,https://www.kurly.com/goods/5069132,4280,12961,2025.09.17,먹어볼게요 유부초밥 좀더 할인해도 되겟어요
도시락·밥류,국산콩 유부초밥,풀무원,https://www.kurly.com/goods/5069132,4280,12961,2025.09.16,"저번에 사보고 샀어요.
한 개 들어서 딱 끝내고 좋음"
도시락·밥류,국산콩 유부초밥,풀무원,https://www.kurly.com/goods/5069132,4280,12961,2025.09.16,회사 점심 도시락으로 싸와서 맛있게 먹었네요~
도시락·밥류,국산콩 유부초밥,풀무원,https://www.kurly.com/goods/5069132,4280,12961,2025.09.15,2인분이라 한끼 먹기 좋아요.
도시락·밥류,국산콩 유부초밥,풀무원,https://www.kurly.com/goods/5069132,4280,12961,2025.09.15,"한번만 먹기에 적당한 양.
국산콩이라 더 몸에 좋으리라 여기며."
도시락·밥류,국산콩 유부초밥,풀무원,https://www.kurly.com/goods/5069132,4280,12961,2025.09.15,아이 간식으로 해주려고 구입
도시락·밥류,국산콩 유부초밥,풀무원,https://www.kurly.com/goods/5069132,4280,12961,2025.09.15,"아이 소풍도시락을 싸야되서 급하게 주문했는데 너무 유용하게 사용했습니다.
물론맛있었어요~^^"
도시락·밥류,국산콩 유부초밥,풀무원,https://www.kurly.com/goods/5069132,4280,12961,2025.09.15,"국산콩 이라 믿고 구매하였어요^^
유부초밥 맛있게 잘 먹었고
아이들도 맛있게 먹었어요~"
도시락·밥류,국산콩 유부초밥,풀무원,https://www.kurly.com/goods/5069132,4280,12961,2025.09.15,국산콩이라서 애정하는 유부예요^^
도시락·밥류,국산콩 유부초밥,풀무원,https://www.kurly.com/goods/5069132,4280,12961,2025.09.15,국산콩이여서 늘 사먹어요
도시락·밥류,국산콩 유부초밥,풀무원,https://www.kurly.com/goods/5069132,4280,12961,2025.09.15,잘 먹겠습니다 유부토밥
도시락·밥류,국산콩 유부초밥,풀무원,https://www.kurly.com/goods/5069132,4280,12961,2025.09.14,유부초밥 아이들이 좋아해서 재구매했어요
도시락·밥류,국산콩 유부초밥,풀무원,https://www.kurly.com/goods/5069132,4280,12961,2025.09.14,조아요 자주두매해요 ㅎㅎ
도시락·밥류,국산콩 유부초밥,풀무원,https://www.kurly.com/goods/5069132,4280,12961,2025.09.14,아침식사 때 좋아요.
도시락·밥류,누룽지 1kg (국내산),자연담은,https://www.kurly.com/goods/5145685,9520,6727,2022.07.20,"평소에도 누룽지를 좋아해서 자주 먹는 편인데 마켓컬리 구경하다가 유기농 100% 누룽지라길래 바로 구매해버렸답니다 ㅎㅎ

1kg가 얼마나 크겠어~ 했는데 막상 도착한걸 보니 생각보다 크네요?ㅋㅋㅋ

간식으로도 먹고 누룽지탕도 해먹고 이것저것 해먹다보면 또 금방 먹겠지요~!

일단 맛은 엄청 바삭하고 맛있어요! 
누룽지를 잘 눌려서 햇살 좋은 곳에 말린 느낌?

찬물에 10분정도 불린 후에 중불로 5분간 끓여주면 누룽지탕이 완성되는데 아침에 입맛없을때 간단하게 먹기도 너무 좋고
요 누룽지를 이용해서 중국집에서 파는 해물 누룽지탕을 해먹어도 너무 맛있을 거 같아요!!

원재료가 맛있으면 어떤 요리를 해도 맛있으니까요!
그리고 누룽지 조금에다가 뜨거운 물을 부어서 숭늉을 해먹어도 좋고 다재다능한 아이랍니다!ㅋㅋ

지금도 배송 온 누룽지를 먹으면서 리뷰 쓰고 있는데 손을 멈출 수가 없네요...!
야금야금 먹다보면 금세 다 먹을 거 같은데 재구매 의사 999999% 입니다!!!

자연 간식 누룽지 못참지"
도시락·밥류,누룽지 1kg (국내산),자연담은,https://www.kurly.com/goods/5145685,9520,6727,2025.09.22,국내산 쌀이라 좋아요
도시락·밥류,누룽지 1kg (국내산),자연담은,https://www.kurly.com/goods/5145685,9520,6727,2025.09.22,찬바람부니..역시 누룽지 먹고싶네요~적당한크기 만족합니다
도시락·밥류,누룽지 1kg (국내산),자연담은,https://www.kurly.com/goods/5145685,9520,6727,2025.09.20,누룽지 좋아해서 비상식량으로 항상 구비해두는데 이 제품은 처음 구매해봣는데 괜찮아요! 양도많고 저렴해요
도시락·밥류,누룽지 1kg (국내산),자연담은,https://www.kurly.com/goods/5145685,9520,6727,2025.09.20,누룽지 아이들이 속편하게 먹을때 좋아요
도시락·밥류,누룽지 1kg (국내산),자연담은,https://www.kurly.com/goods/5145685,9520,6727,2025.09.20,"입맛없을때 누릉지가 최고죠 가성비 좋고 맛도 좋아서 좋습니다
첫구매인데 만족합니다"
도시락·밥류,누룽지 1kg (국내산),자연담은,https://www.kurly.com/goods/5145685,9520,6727,2025.09.20,아침식사대용으로 잘 먹고 있어요
도시락·밥류,누룽지 1kg (국내산),자연담은,https://www.kurly.com/goods/5145685,9520,6727,2025.09.19,간편하고 맛있어요 ㅎㅎ
도시락·밥류,누룽지 1kg (국내산),자연담은,https://www.kurly.com/goods/5145685,9520,6727,2025.09.19,먹기 편하게 되있어서 좋네요
도시락·밥류,누룽지 1kg (국내산),자연담은,https://www.kurly.com/goods/5145685,9520,6727,2025.09.18,아침에 먹기.조항요
도시락·밥류,누룽지 1kg (국내산),자연담은,https://www.kurly.com/goods/5145685,9520,6727,2025.09.18,급해서 주문하긴 했는데..동네 직접구운 누룽지와는 비교가 안됨  ㅜ
도시락·밥류,누룽지 1kg (국내산),자연담은,https://www.kurly.com/goods/5145685,9520,6727,2025.09.17,"저번에 맛있게 먹어서 재주문 했는데 이번엔 두껍고 그냥 씹어먹기에 많이 딱딱하네요. 구수한 맛도 좀 덜하고 후기 보고 걱정하며 구매했는데 ...
뭐 그냥 끓여 먹으려고요."
도시락·밥류,누룽지 1kg (국내산),자연담은,https://www.kurly.com/goods/5145685,9520,6727,2025.09.16,"끓이면  속 편안하고 맛있어요..
한번씩 기름에 구워서 설탕 넣어 먹어도 굿~
바삭~~~"
도시락·밥류,누룽지 1kg (국내산),자연담은,https://www.kurly.com/goods/5145685,9520,6727,2025.09.15,아침대용으로 항상 쟁여둬요! 양도 넉넉하고 맛도 괜찮고 조금더 밀폐가 잘된다면 더 좋겠어요! 만족합니다
도시락·밥류,누룽지 1kg (국내산),자연담은,https://www.kurly.com/goods/5145685,9520,6727,2025.09.15,아침에대충끊여먹기에좋은것
도시락·밥류,누룽지 1kg (국내산),자연담은,https://www.kurly.com/goods/5145685,9520,6727,2025.09.15,주말 아침용으로 먹으려고 샀는데 양이 많아서 좋네요! 노릇노릇하니 맛있어 보여요.
도시락·밥류,누룽지 1kg (국내산),자연담은,https://www.kurly.com/goods/5145685,9520,6727,2025.09.15,후기좋아 구매했어요
도시락·밥류,누룽지 1kg (국내산),자연담은,https://www.kurly.com/goods/5145685,9520,6727,2025.09.14,가끔씩 간편한 아침으로 먹기 좋아요
도시락·밥류,누룽지 1kg (국내산),자연담은,https://www.kurly.com/goods/5145685,9520,6727,2025.09.13,1kg 매우 크네요ㅎㅎ
도시락·밥류,누룽지 1kg (국내산),자연담은,https://www.kurly.com/goods/5145685,9520,6727,2025.09.11,가격 양 젤 다 무난해서 자주 삼
도시락·밥류,누룽지 1kg (국내산),자연담은,https://www.kurly.com/goods/5145685,9520,6727,2025.09.09,집에 쟁여놓고 먹습니다 가성비도 좋고 영양가도 기대됩니다
도시락·밥류,누룽지 1kg (국내산),자연담은,https://www.kurly.com/goods/5145685,9520,6727,2025.09.09,"아침에 간편히 식사하기 좋아요
항상 구매합니다"
도시락·밥류,누룽지 1kg (국내산),자연담은,https://www.kurly.com/goods/5145685,9520,6727,2025.09.08,일키로 짜리라서 넉넉하게 두고 먹을수 있어서 좋아요!! 꾸준히 시켜먹고 있습니다
도시락·밥류,누룽지 1kg (국내산),자연담은,https://www.kurly.com/goods/5145685,9520,6727,2025.09.06,"아이가 종종 아침으로 누룽지 먹는 거 좋아해서 주문해요~ 끓여먹어도 좋고, 급할때 포트로 끓인 물에 뿔려줘도 좋아요"
도시락·밥류,누룽지 1kg (국내산),자연담은,https://www.kurly.com/goods/5145685,9520,6727,2025.09.06,"이쪽으로 다시왔네요~
잘 먹을게요 
감사합니다~^~^"
도시락·밥류,누룽지 1kg (국내산),자연담은,https://www.kurly.com/goods/5145685,9520,6727,2025.09.06,자연담은 누릉지 고소하네요
도시락·밥류,누룽지 1kg (국내산),자연담은,https://www.kurly.com/goods/5145685,9520,6727,2025.09.05,가끔 아이가 누룽지 찾아서 주문했어요
도시락·밥류,누룽지 1kg (국내산),자연담은,https://www.kurly.com/goods/5145685,9520,6727,2025.09.04,양이 많아서 놀랐네요~ 만족스럽습니다.
도시락·밥류,누룽지 1kg (국내산),자연담은,https://www.kurly.com/goods/5145685,9520,6727,2025.09.03,국내산이라서 샀어요 누룽지 맛있어요
도시락·밥류,누룽지 1kg (국내산),자연담은,https://www.kurly.com/goods/5145685,9520,6727,2025.09.03,컬리는 항상 믿고 주문해요 너무 편해요ㅎ
도시락·밥류,누룽지 1kg (국내산),자연담은,https://www.kurly.com/goods/5145685,9520,6727,2025.09.01,구수하고 맛있는 누룽지네요
도시락·밥류,누룽지 1kg (국내산),자연담은,https://www.kurly.com/goods/5145685,9520,6727,2025.08.31,누룽지닭백숙항려고산건데 쫄깃한 맛이없어서 좀 .. 그런걸 찾고잇엇는데...
도시락·밥류,누룽지 1kg (국내산),자연담은,https://www.kurly.com/goods/5145685,9520,6727,2025.08.30,아침에 끓여먹으면 속 안부대끼고 편해요.
도시락·밥류,누룽지 1kg (국내산),자연담은,https://www.kurly.com/goods/5145685,9520,6727,2025.08.29,바삭하고 좋으나 봉지를 열면 쩐내가 나요.그런데 맛을보면 쩐내는 안나고요.봉투열면 바로 나니까 잘 안먹게되네요. 누룽지라고 다 누룽지 맛이 나는건 아닌듯. 엄청 고소하진 않아요. 그냥 먹을만해요.
도시락·밥류,누룽지 1kg (국내산),자연담은,https://www.kurly.com/goods/5145685,9520,6727,2025.08.27,"외국에서 거주하면서 가끔 아심식사 대용으로 먹려고 구입했는데 오래된 냄새가 진동을 해서 먹을 수가 없어요. 유통기간은 2026년04월28일까지인데, 묵은냄새가 진동을 하고 누룽지를 끓여도 그 냄새는 가시질 않네요. 어떻게 이렇게 신선하지 못한 식품을 판매 할 수가 있는지 너무 실망스럽습니다. 먹거리는 신선도가 생명인데 어떻게 이럴수가 있는지.. 또 한번 깊은 실망감이 듭니다."
도시락·밥류,누룽지 1kg (국내산),자연담은,https://www.kurly.com/goods/5145685,9520,6727,2025.08.26,1키로라 양 많아 좋아요~~!
도시락·밥류,누룽지 1kg (국내산),자연담은,https://www.kurly.com/goods/5145685,9520,6727,2025.08.24,아침에 먹기 속 편해 좋아요
도시락·밥류,누룽지 1kg (국내산),자연담은,https://www.kurly.com/goods/5145685,9520,6727,2025.08.24,구수하고 맛 좋아요.
도시락·밥류,누룽지 1kg (국내산),자연담은,https://www.kurly.com/goods/5145685,9520,6727,2025.08.24,"아이 아침으로 주기에도 편하고
누룽지 삼계탕에 넣어서 먹기에도 좋아요"
도시락·밥류,누룽지 1kg (국내산),자연담은,https://www.kurly.com/goods/5145685,9520,6727,2025.08.24,아이가 잘 먹어서 재구매…
도시락·밥류,누룽지 1kg (국내산),자연담은,https://www.kurly.com/goods/5145685,9520,6727,2025.08.24,"유기농누룽지라길래 샀더니 쩐내가 심해요
원래 후기 작성 안하는데 이건 너무해요
휴가가서 간단하게 아침으로 준비한건데 
끓여도 냄새나요"
도시락·밥류,누룽지 1kg (국내산),자연담은,https://www.kurly.com/goods/5145685,9520,6727,2025.08.23,입맛 없을때 끓여먹기 좋아요
도시락·밥류,누룽지 1kg (국내산),자연담은,https://www.kurly.com/goods/5145685,9520,6727,2025.08.22,양이 넉넉해서 한참 먹겠어요
도시락·밥류,누룽지 1kg (국내산),자연담은,https://www.kurly.com/goods/5145685,9520,6727,2025.08.22,누룽지가 이상한 냄새가 나고 맛도 이상해요.
도시락·밥류,누룽지 1kg (국내산),자연담은,https://www.kurly.com/goods/5145685,9520,6727,2025.08.22,그냥저냥 먹을만해요
도시락·밥류,누룽지 1kg (국내산),자연담은,https://www.kurly.com/goods/5145685,9520,6727,2025.08.21,시판 누룽지 중에 제일 맛있어요
도시락·밥류,누룽지 1kg (국내산),자연담은,https://www.kurly.com/goods/5145685,9520,6727,2025.08.21,구수하고맛나요 아이들이좋아해요!
도시락·밥류,누룽지 1kg (국내산),자연담은,https://www.kurly.com/goods/5145685,9520,6727,2025.08.21,좋아요 누룽지 아침에딱이예요
도시락·밥류,누룽지 1kg (국내산),자연담은,https://www.kurly.com/goods/5145685,9520,6727,2025.08.21,고소하고 맛있는 누룽지
도시락·밥류,누룽지 1kg (국내산),자연담은,https://www.kurly.com/goods/5145685,9520,6727,2025.08.20,"빠른 배송 깔끔한 포장 합리적인 가격,
적립금과 쿠폰을 활용하면 더욱더 만족스러운 소비를 지향할 수 있어요.ㅎㅅㅎ"
도시락·밥류,100% 현미로 지은밥 130g*3입,햇반,https://www.kurly.com/goods/1000165841,4410,4585,2025.09.22,다욧용으로 구매! 급하게 잘 시킴!
도시락·밥류,100% 현미로 지은밥 130g*3입,햇반,https://www.kurly.com/goods/1000165841,4410,4585,2025.09.22,찰현미로 잘못 사서 좀 찰기가 있네요
도시락·밥류,100% 현미로 지은밥 130g*3입,햇반,https://www.kurly.com/goods/1000165841,4410,4585,2025.09.20,급할때 즉서밥은 필수아이템
도시락·밥류,100% 현미로 지은밥 130g*3입,햇반,https://www.kurly.com/goods/1000165841,4410,4585,2025.09.19,작은밥이라 딱 한끼 먹기 좋고 현미밥 많이 안 까끌거리고 맛있어요 늘 사먹습니다
도시락·밥류,100% 현미로 지은밥 130g*3입,햇반,https://www.kurly.com/goods/1000165841,4410,4585,2025.09.15,햇반은 필수 식품목록에 항상이예요^^
도시락·밥류,100% 현미로 지은밥 130g*3입,햇반,https://www.kurly.com/goods/1000165841,4410,4585,2025.09.15,백퍼센트 현미라서 좋아요
도시락·밥류,100% 현미로 지은밥 130g*3입,햇반,https://www.kurly.com/goods/1000165841,4410,4585,2025.09.14,소량이라 너무 마음이 듬
도시락·밥류,100% 현미로 지은밥 130g*3입,햇반,https://www.kurly.com/goods/1000165841,4410,4585,2025.09.14,밥맛 좋아요 고소하니
도시락·밥류,100% 현미로 지은밥 130g*3입,햇반,https://www.kurly.com/goods/1000165841,4410,4585,2025.09.13,항상 잘 먹고있습니당
도시락·밥류,100% 현미로 지은밥 130g*3입,햇반,https://www.kurly.com/goods/1000165841,4410,4585,2025.09.13,햇반 필수템이라서 세일 때 자주 구매해요~
도시락·밥류,100% 현미로 지은밥 130g*3입,햇반,https://www.kurly.com/goods/1000165841,4410,4585,2025.09.13,130g이 부담없이 먹기 딱 좋아요. 210g보다 단가가 비싼 게 흠.
도시락·밥류,100% 현미로 지은밥 130g*3입,햇반,https://www.kurly.com/goods/1000165841,4410,4585,2025.09.13,세일해사 잘사썽요. 귯
도시락·밥류,100% 현미로 지은밥 130g*3입,햇반,https://www.kurly.com/goods/1000165841,4410,4585,2025.09.13,가격도 저렴하고 품질도 좋아요
도시락·밥류,100% 현미로 지은밥 130g*3입,햇반,https://www.kurly.com/goods/1000165841,4410,4585,2025.09.12,비싸고 건강에 좋으니까
도시락·밥류,100% 현미로 지은밥 130g*3입,햇반,https://www.kurly.com/goods/1000165841,4410,4585,2025.09.12,100% 현미로지은밥
도시락·밥류,100% 현미로 지은밥 130g*3입,햇반,https://www.kurly.com/goods/1000165841,4410,4585,2025.09.11,밥양 적게먹을때 좋아요
도시락·밥류,100% 현미로 지은밥 130g*3입,햇반,https://www.kurly.com/goods/1000165841,4410,4585,2025.09.10,제 입맛에는 기존 쌀밥보다 맛있는 것 같아요ㅎㅎ
도시락·밥류,100% 현미로 지은밥 130g*3입,햇반,https://www.kurly.com/goods/1000165841,4410,4585,2025.09.10,"맛있는 햇반, 비상용으로 좋아요"
도시락·밥류,100% 현미로 지은밥 130g*3입,햇반,https://www.kurly.com/goods/1000165841,4410,4585,2025.09.10,세일해서 구매했어요
도시락·밥류,100% 현미로 지은밥 130g*3입,햇반,https://www.kurly.com/goods/1000165841,4410,4585,2025.09.09,크기다 작어서 좋음
도시락·밥류,100% 현미로 지은밥 130g*3입,햇반,https://www.kurly.com/goods/1000165841,4410,4585,2025.09.09,ㅎ자주 구매하는 제품이에요 아주 좋아요. 맛있습니다.
도시락·밥류,100% 현미로 지은밥 130g*3입,햇반,https://www.kurly.com/goods/1000165841,4410,4585,2025.09.09,비상용으로 쟁여두면 참 요긴합니다~ 적은양이라 남길 걱정도 없고 현미라 건강에도 플러스~ 좋아요^^
도시락·밥류,100% 현미로 지은밥 130g*3입,햇반,https://www.kurly.com/goods/1000165841,4410,4585,2025.09.08,양이 딱 좋아요! 재구매합니다
도시락·밥류,100% 현미로 지은밥 130g*3입,햇반,https://www.kurly.com/goods/1000165841,4410,4585,2025.09.08,다욧 중이라서 현미밥 먹는데 편해요
도시락·밥류,100% 현미로 지은밥 130g*3입,햇반,https://www.kurly.com/goods/1000165841,4410,4585,2025.09.08,밥이 먹고 싶을 때 종종 먹는 현미밥 입니다
도시락·밥류,100% 현미로 지은밥 130g*3입,햇반,https://www.kurly.com/goods/1000165841,4410,4585,2025.09.07,햇반 건강식 많이 만들어 주십쇼
도시락·밥류,100% 현미로 지은밥 130g*3입,햇반,https://www.kurly.com/goods/1000165841,4410,4585,2025.09.07,간편하게 먹기 좋아요
도시락·밥류,100% 현미로 지은밥 130g*3입,햇반,https://www.kurly.com/goods/1000165841,4410,4585,2025.09.06,현미밥 잘 받았습니다
도시락·밥류,100% 현미로 지은밥 130g*3입,햇반,https://www.kurly.com/goods/1000165841,4410,4585,2025.09.06,100프로 현미로 지은 밥이라서 좋아요
도시락·밥류,100% 현미로 지은밥 130g*3입,햇반,https://www.kurly.com/goods/1000165841,4410,4585,2025.09.06,현미밥 백프로인데 부드러워요
도시락·밥류,100% 현미로 지은밥 130g*3입,햇반,https://www.kurly.com/goods/1000165841,4410,4585,2025.09.06,가격대비 나쁘지 않아요 맛은 조금
도시락·밥류,100% 현미로 지은밥 130g*3입,햇반,https://www.kurly.com/goods/1000165841,4410,4585,2025.09.06,부드럽고 고소한 맛이 좋아요
도시락·밥류,100% 현미로 지은밥 130g*3입,햇반,https://www.kurly.com/goods/1000165841,4410,4585,2025.09.05,현미밥이라 구입했어요
도시락·밥류,100% 현미로 지은밥 130g*3입,햇반,https://www.kurly.com/goods/1000165841,4410,4585,2025.09.04,도시락으로먹으려고 삿
도시락·밥류,100% 현미로 지은밥 130g*3입,햇반,https://www.kurly.com/goods/1000165841,4410,4585,2025.09.04,급할때 간단히 먹기 좋아서 구매해요
도시락·밥류,100% 현미로 지은밥 130g*3입,햇반,https://www.kurly.com/goods/1000165841,4410,4585,2025.09.03,햇반 현미밥 괜찮아요
도시락·밥류,100% 현미로 지은밥 130g*3입,햇반,https://www.kurly.com/goods/1000165841,4410,4585,2025.09.02,"비상식령으로 항상 구매
세일할 때 쟁여두세요"
도시락·밥류,100% 현미로 지은밥 130g*3입,햇반,https://www.kurly.com/goods/1000165841,4410,4585,2025.09.02,비상식량으로 항상 구입
도시락·밥류,100% 현미로 지은밥 130g*3입,햇반,https://www.kurly.com/goods/1000165841,4410,4585,2025.09.01,현미밥은 힘드네요 ㅋㅋ 곤약밥으로 다시 가야겠습니다
도시락·밥류,100% 현미로 지은밥 130g*3입,햇반,https://www.kurly.com/goods/1000165841,4410,4585,2025.08.31,"양이 작아서 밥 조금 먹고싶을때 좋아요!
현미라 꼬들해요"
도시락·밥류,100% 현미로 지은밥 130g*3입,햇반,https://www.kurly.com/goods/1000165841,4410,4585,2025.08.31,고슬고슬 쫄깃쫄깃합니다.
도시락·밥류,100% 현미로 지은밥 130g*3입,햇반,https://www.kurly.com/goods/1000165841,4410,4585,2025.08.31,나름 관리하랴고 사요
도시락·밥류,100% 현미로 지은밥 130g*3입,햇반,https://www.kurly.com/goods/1000165841,4410,4585,2025.08.30,간편해서 굳. 양 괜찮
도시락·밥류,100% 현미로 지은밥 130g*3입,햇반,https://www.kurly.com/goods/1000165841,4410,4585,2025.08.28,찰현미가 섞였네요 ㅠ
도시락·밥류,100% 현미로 지은밥 130g*3입,햇반,https://www.kurly.com/goods/1000165841,4410,4585,2025.08.27,맛있어요 건강한데 맛있는 맛 따봉날려봅니다♥️
도시락·밥류,100% 현미로 지은밥 130g*3입,햇반,https://www.kurly.com/goods/1000165841,4410,4585,2025.08.27,"바빠서 밥 해먹기 힘들 때, 햇반이 너무 좋죠!
식단때문에 현미 먹고있는데, 100프로 현미쌀이라.. 양도 딱이라 쟁여템으로 좋아요! ^^"
도시락·밥류,100% 현미로 지은밥 130g*3입,햇반,https://www.kurly.com/goods/1000165841,4410,4585,2025.08.27,비상템 굿굿 파로도 작응용량 잇엇으면 ㅠㅠ
도시락·밥류,100% 현미로 지은밥 130g*3입,햇반,https://www.kurly.com/goods/1000165841,4410,4585,2025.08.26,"비상용으로 늘 구매하고 있는데 
주식이 되어지고 있는.."
도시락·밥류,100% 현미로 지은밥 130g*3입,햇반,https://www.kurly.com/goods/1000165841,4410,4585,2025.08.26,방학동안 아이가 편하게 잘 먹었어요
도시락·밥류,100% 현미로 지은밥 130g*3입,햇반,https://www.kurly.com/goods/1000165841,4410,4585,2025.08.25,현미밥 맛있어요 백퍼라서 좋아요
도시락·밥류,어린이 볶음밥(2개입) 5종,푸디버디,https://www.kurly.com/goods/1000392404,5100,1119,2024.02.23,"드디어 제가 원하던 어린이 볶음밥을 찾았네요!!
편식쟁이에 진짜 예민한 만8세,3세 아이들이 맛있다면서
잘 먹었어요~^^ 
우선 쌀이 외국산이 아니고 국산이라는 점이 좋았고,
제가 그동안 아이들에게 먹여본 시판 볶음밥은 뭔가 야채들의 식감이 도드라져서 편식쟁이 아이들이 싫어하고
제가 직접 만들어주는 볶음밥만 잘 먹었거든요 

이 볶음밥은 밥알이랑 다른재료들이 부드럽게 하나로 잘 어우러져서 아이들이 야채 들어가도 싫어하지 않고 잘 먹어주었어요

푸디버디 볶음밥 처음이라 어떤 맛을 살까하다가 잡채를 좋아하는 아이들이라서 잡채볶음밥을 샀는데 성공했네요~
저희 집 아이들은 잡채도 오로지 당면만 골라먹는 아이들이
랍니다ㅜㅜ 그런데 볶음밥 잘 먹어주니 감격했어요ㅎㅎ
제가 먹어봐도 맛있더라구요~ 간도 딱 적당했어요!

참고로 저는 전자레인지에 데우지않고 후라이팬에 포도씨유 조금 두르고 볶았답니다~~^^
다음 번에는 푸디버디 다른 볶음밥도 도전해보려구요!"
도시락·밥류,어린이 볶음밥(2개입) 5종,푸디버디,https://www.kurly.com/goods/1000392404,5100,1119,2025.09.21,냉동실 비상템.. 할인 안하나요..!!? 넘 비싸요..ㅠ
도시락·밥류,어린이 볶음밥(2개입) 5종,푸디버디,https://www.kurly.com/goods/1000392404,5100,1119,2025.09.21,이게 유통기한이 젤 짧네요
도시락·밥류,어린이 볶음밥(2개입) 5종,푸디버디,https://www.kurly.com/goods/1000392404,5100,1119,2025.09.21,잡채볶음밥 퀄리티가 괜찮아 다른것도 시켜봐요
도시락·밥류,어린이 볶음밥(2개입) 5종,푸디버디,https://www.kurly.com/goods/1000392404,5100,1119,2025.09.20,"초등 아들 토요일 아침 메뉴로 아빠가 해주기 딱 이에요
아이가 맛있게 잘 먹었습니다 
계란후라이 하나 올려주면 👍"
도시락·밥류,어린이 볶음밥(2개입) 5종,푸디버디,https://www.kurly.com/goods/1000392404,5100,1119,2025.09.18,"시중에 파는 볶음밥중에 제일 잘먹어요.
그렇다고 간이 엄청 쎈건 아니어서 종종 먹여요."
도시락·밥류,어린이 볶음밥(2개입) 5종,푸디버디,https://www.kurly.com/goods/1000392404,5100,1119,2025.09.18,"시중에 파는 볶음밥중에 제일 잘먹어요.
그렇다고 간이 엄청 쎈건 아니어서 종종 먹여요"
도시락·밥류,어린이 볶음밥(2개입) 5종,푸디버디,https://www.kurly.com/goods/1000392404,5100,1119,2025.09.18,급할때 한끼 넘기기 좋습니다
도시락·밥류,어린이 볶음밥(2개입) 5종,푸디버디,https://www.kurly.com/goods/1000392404,5100,1119,2025.09.18,아이가 가끔 먹고 싶다고해서 재주문했어요
도시락·밥류,어린이 볶음밥(2개입) 5종,푸디버디,https://www.kurly.com/goods/1000392404,5100,1119,2025.09.18,"꼬꼬마들이 정말 잘먹어요 
다른 볶음밥들은 대령해도 잘 먹지 않는데 
푸디버디는 언제나 그릇을 비우네요~"
도시락·밥류,어린이 볶음밥(2개입) 5종,푸디버디,https://www.kurly.com/goods/1000392404,5100,1119,2025.09.18,"냉동실에 하나도 남아있지 않아서
배송 받을 때까지 불안했네요ㅎㅎ
아침식사로 너무 편리합니다!"
도시락·밥류,어린이 볶음밥(2개입) 5종,푸디버디,https://www.kurly.com/goods/1000392404,5100,1119,2025.09.15,안먹으면 어카지 했는데 잘 먹어용 !
도시락·밥류,어린이 볶음밥(2개입) 5종,푸디버디,https://www.kurly.com/goods/1000392404,5100,1119,2025.09.15,아이들이 잘 먹어요 !!
도시락·밥류,어린이 볶음밥(2개입) 5종,푸디버디,https://www.kurly.com/goods/1000392404,5100,1119,2025.09.14,푸디버디 한우볶음밥이에요. 아이먹을거라 한우로~ 비사용으로 구매했습니다
도시락·밥류,어린이 볶음밥(2개입) 5종,푸디버디,https://www.kurly.com/goods/1000392404,5100,1119,2025.09.14,푸디버디 볶음밥 괜찮아요 맛도 양도~ 아이 비상용으로 쟁여두고 필요할때 렌지에~
도시락·밥류,어린이 볶음밥(2개입) 5종,푸디버디,https://www.kurly.com/goods/1000392404,5100,1119,2025.09.13,맛있고 양도 넉넉합니다.
도시락·밥류,어린이 볶음밥(2개입) 5종,푸디버디,https://www.kurly.com/goods/1000392404,5100,1119,2025.09.11,아이들이 잘먹는 볶음밥이에요
도시락·밥류,어린이 볶음밥(2개입) 5종,푸디버디,https://www.kurly.com/goods/1000392404,5100,1119,2025.09.11,맛있어요! 아이들이 잘먹어요
도시락·밥류,어린이 볶음밥(2개입) 5종,푸디버디,https://www.kurly.com/goods/1000392404,5100,1119,2025.09.11,아이들이 잘 먹어요.
도시락·밥류,어린이 볶음밥(2개입) 5종,푸디버디,https://www.kurly.com/goods/1000392404,5100,1119,2025.09.10,조리법도간편하고맛도있어요.
도시락·밥류,어린이 볶음밥(2개입) 5종,푸디버디,https://www.kurly.com/goods/1000392404,5100,1119,2025.09.10,한끼로간편하게주니잘먹네요.
도시락·밥류,어린이 볶음밥(2개입) 5종,푸디버디,https://www.kurly.com/goods/1000392404,5100,1119,2025.09.08,"아이 비상식량으로 냉동실 필수품
항상 구매중냐컼"
도시락·밥류,어린이 볶음밥(2개입) 5종,푸디버디,https://www.kurly.com/goods/1000392404,5100,1119,2025.09.08,"아이 비상식량으로 냉동실 필수품
항상 구매중냐재"
도시락·밥류,어린이 볶음밥(2개입) 5종,푸디버디,https://www.kurly.com/goods/1000392404,5100,1119,2025.09.08,"아이 비상식량으로 냉동실 필수품
항상 구매중ㅋㅋ"
도시락·밥류,어린이 볶음밥(2개입) 5종,푸디버디,https://www.kurly.com/goods/1000392404,5100,1119,2025.09.08,"아이 비상식량으로 냉동실 필수품
항상 구매중"
도시락·밥류,어린이 볶음밥(2개입) 5종,푸디버디,https://www.kurly.com/goods/1000392404,5100,1119,2025.09.08,잡채볶음밥 잘 먹어서 한우도 구매해봅니다.
도시락·밥류,어린이 볶음밥(2개입) 5종,푸디버디,https://www.kurly.com/goods/1000392404,5100,1119,2025.09.08,유아식 대체용으로 굿굿
도시락·밥류,어린이 볶음밥(2개입) 5종,푸디버디,https://www.kurly.com/goods/1000392404,5100,1119,2025.09.08,유아식 대체용으로 굿
도시락·밥류,어린이 볶음밥(2개입) 5종,푸디버디,https://www.kurly.com/goods/1000392404,5100,1119,2025.09.07,상품평이 좋아서 사봤어요 비싸요ㅜ
도시락·밥류,어린이 볶음밥(2개입) 5종,푸디버디,https://www.kurly.com/goods/1000392404,5100,1119,2025.09.07,한 끼 먹기 양도 괜찮아요
도시락·밥류,어린이 볶음밥(2개입) 5종,푸디버디,https://www.kurly.com/goods/1000392404,5100,1119,2025.09.07,간단하게 밥해줘야 할 때 최고예요
도시락·밥류,어린이 볶음밥(2개입) 5종,푸디버디,https://www.kurly.com/goods/1000392404,5100,1119,2025.09.06,애들이 잘먹어요. 스티커모아요
도시락·밥류,어린이 볶음밥(2개입) 5종,푸디버디,https://www.kurly.com/goods/1000392404,5100,1119,2025.09.05,아이가 잡채 볶음밥을 제일 좋아해요
도시락·밥류,어린이 볶음밥(2개입) 5종,푸디버디,https://www.kurly.com/goods/1000392404,5100,1119,2025.09.05,아이들 반찬 없을 때.. 아니면 밥 안먹는다고 할 때 한번씩 주면 잘 먹어요
도시락·밥류,어린이 볶음밥(2개입) 5종,푸디버디,https://www.kurly.com/goods/1000392404,5100,1119,2025.09.05,아기가 제일 좋아하고 잘먹어요.
도시락·밥류,어린이 볶음밥(2개입) 5종,푸디버디,https://www.kurly.com/goods/1000392404,5100,1119,2025.09.05,아기비상식량입니다. 잘먹어요.
도시락·밥류,어린이 볶음밥(2개입) 5종,푸디버디,https://www.kurly.com/goods/1000392404,5100,1119,2025.09.04,호다닥 볶아주기 좋아요. 계란이나 다진고기 더 넣어줄때도있어요.
도시락·밥류,어린이 볶음밥(2개입) 5종,푸디버디,https://www.kurly.com/goods/1000392404,5100,1119,2025.09.04,잡채 볶음밥 맛있어요
도시락·밥류,어린이 볶음밥(2개입) 5종,푸디버디,https://www.kurly.com/goods/1000392404,5100,1119,2025.09.04,아이가 오므라이스 좋아하는데 이거 볶아서 달걀 올려주고 있어요
도시락·밥류,어린이 볶음밥(2개입) 5종,푸디버디,https://www.kurly.com/goods/1000392404,5100,1119,2025.09.03,맛이 궁금해서 구입했어요!
도시락·밥류,어린이 볶음밥(2개입) 5종,푸디버디,https://www.kurly.com/goods/1000392404,5100,1119,2025.09.01,아이가 잘 먹어서 자주 시킵니다
도시락·밥류,어린이 볶음밥(2개입) 5종,푸디버디,https://www.kurly.com/goods/1000392404,5100,1119,2025.09.01,비상용으로 항상 쟁여둡니다
도시락·밥류,어린이 볶음밥(2개입) 5종,푸디버디,https://www.kurly.com/goods/1000392404,5100,1119,2025.09.01,급할때 좋아요. 우리집 비상식량 ㅎ
도시락·밥류,어린이 볶음밥(2개입) 5종,푸디버디,https://www.kurly.com/goods/1000392404,5100,1119,2025.09.01,아이들이 좋아하는 볶음밥입니당
도시락·밥류,어린이 볶음밥(2개입) 5종,푸디버디,https://www.kurly.com/goods/1000392404,5100,1119,2025.09.01,버터장조림 기대됩니다
도시락·밥류,어린이 볶음밥(2개입) 5종,푸디버디,https://www.kurly.com/goods/1000392404,5100,1119,2025.09.01,아기볶음밥으로 구매 잘먹었음좋겠어요
도시락·밥류,어린이 볶음밥(2개입) 5종,푸디버디,https://www.kurly.com/goods/1000392404,5100,1119,2025.08.31,아이들이 잘 먹어서 가끔씩 구매해요
도시락·밥류,어린이 볶음밥(2개입) 5종,푸디버디,https://www.kurly.com/goods/1000392404,5100,1119,2025.08.30,맞벌이 엄마에겐 너무 필요한 제품
도시락·밥류,어린이 볶음밥(2개입) 5종,푸디버디,https://www.kurly.com/goods/1000392404,5100,1119,2025.08.30,간이 세지 않고 아이도 좋아합니다
도시락·밥류,어린이 볶음밥(2개입) 5종,푸디버디,https://www.kurly.com/goods/1000392404,5100,1119,2025.08.29,밀도는 먹을때마다 감동적인맛
도시락·밥류,일품도시락 10종 (택2),다즐샵,https://www.kurly.com/goods/1000926740,4680,5313,2024.12.15,"외식으로만 즐기던 다양한 메뉴를 식단 관리하면서 맛 볼 수 있으니 입터짐은 방지하고, 욕구도 완벽하게 해결되니까 다즐샵이 진짜 최고예요 :)
또 10가지 다채로운 맛으로 구성되어 있어 골라 먹기도 좋았어요.




1. 시간 관리
바쁜 일상 속에서 건강한 식사를 챙기기 어려운데요.
간편하게 조리된 음식을 제공하여 시간을 절약하면서도 균형 잡힌 영양을 섭취할 수 있어요!
전자레인지에 몇 분만 데우면 바로 먹을 수 있어 바쁜 아침이나 점심시간이 짧은 경우에 특히 유용하고 관리할 때도 너무 좋아요.




2. 다양한 메뉴
닭가슴살, 단호박, 야채 등 건강한 재료를 사용한 도시락부터
불닭, 감자탕볶음밥, 훈제오리 등 이색적인 외식 메뉴까지 여러 가지 옵션이 마련되어 있는데요.
덕분에 매일 같은 음식을 먹는 지루함을 피할 수 있고, 계속해서 새로운 맛을 경험하며 감량을 지속하기 좋더라구요.




3. 영양성분
적절한 비율로 단백질, 탄수화물, 지방을 포함하고 있어 좋은데요.
각 제품마다 정확한 칼로리 정보와 영양 성분표가 적혀 있어서 보고 고르기 좋았어요.




4. 지속 가능한 습관 형성
정기적으로 건강식을 섭취함으로써 자연스럽게 올바른 식습관을 기를 수 있답니다.
단기적인 체중 감량뿐만 아니라 장기적인 건강 유지에도 좋을 것 같아요.




5. 맛있는 저칼로리 도시락으로 추천!!
저당, 고단백이면서 속세맛 그대로 맛이 있어서 저는 요거 10팩 쟁여두고 먹고 있어요.




양이 적어서 칼로리가 적은 줄 알았는데, 그게 아니고 220g 든든한 양인데도 저칼로리라 안심 또 안심
든든한 단백질 가득 메인 메유에 + 자극적인 감칠맛의 볶음밥 + 채소까지 완벽 그 자체입니다."
도시락·밥류,일품도시락 10종 (택2),다즐샵,https://www.kurly.com/goods/1000926740,4680,5313,2024.12.10,"퇴근후에 밥할 체력이 안되는 저질체력의 워킹맘을 살려준 일품도시락
10개 하나씩 주문해봤는데 하나같이 넘 맛있더라구요 
특히 강황버섯복음밥과 치즈불닭 색상도 넘 예뻐서 먹는내내 기분이 넘 좋더라구요
야채들도 급속냉동했는지 뎁히니깐 색상이 넘 예쁘고 나름 신선해서 맛있게 먹었습니다. 
야채가 같이 들어있어서 넘 좋았어요! 붉다 치즈도 쮹쮹 늘어나고 
저는 딱히 다이어트때문에 도시락을 구매한건 아니였는데 다이어트할때도 야채도 많아서 좋을것 같아요. 생각보다 맛있고 양도 넉넉해서 한끼 뚝딱해결하기 넘 좋았습니다.
다 먹으면 젤 맛있었던것들로 또 주문하려구요!"
도시락·밥류,일품도시락 10종 (택2),다즐샵,https://www.kurly.com/goods/1000926740,4680,5313,2024.12.09,"마켓컬리 도시락 김치볶음밥과 치즈감자롤을 먹어봤는데, 생각보다 정말 괜찮았습니다.

김치볶음밥은 적당히 매콤하고, 밥알도 뭉치지 않아 깔끔한 맛이었어요. 김치 향이 강하지 않으면서도 감칠맛이 살아 있어서 따로 반찬 없이도 맛있게 먹을 수 있었습니다.

치즈감자롤은 정말 치트키 같은 메뉴였어요. 겉은 바삭하고 속은 부드러운데, 치즈의 고소함이 감자랑 어우러져 완벽한 조합이었어요. 전자레인지로 데웠는데도 바삭함이 유지되는 점도 만족스러웠습니다.

전체적으로 양도 적당하고 맛도 좋아서, 바쁠 때 간단히 한 끼 해결하기에 딱 좋은 구성이었어요. 그냥 간편한 도시락을 넘어 맛까지 신경 쓴 느낌이라 다음에도 재구매할 것 같아요!"
도시락·밥류,일품도시락 10종 (택2),다즐샵,https://www.kurly.com/goods/1000926740,4680,5313,2025.09.18,"맛있어서 사먹고있어요
볶음밥도 오리고기도 맛나요"
도시락·밥류,일품도시락 10종 (택2),다즐샵,https://www.kurly.com/goods/1000926740,4680,5313,2025.09.17,역시나 가격대비맛있습니다~간단하게먹기에도좋고편리하고요
도시락·밥류,일품도시락 10종 (택2),다즐샵,https://www.kurly.com/goods/1000926740,4680,5313,2025.09.17,아들이 배고플때 꺼내 먹어용
도시락·밥류,일품도시락 10종 (택2),다즐샵,https://www.kurly.com/goods/1000926740,4680,5313,2025.09.17,간단하게 간편하게 한끼 뚝딱
도시락·밥류,일품도시락 10종 (택2),다즐샵,https://www.kurly.com/goods/1000926740,4680,5313,2025.09.17,간편하게 먹을수있어서 좋아요~~
도시락·밥류,일품도시락 10종 (택2),다즐샵,https://www.kurly.com/goods/1000926740,4680,5313,2025.09.17,간편하게 먹을수있어서 좋아요
도시락·밥류,일품도시락 10종 (택2),다즐샵,https://www.kurly.com/goods/1000926740,4680,5313,2025.09.17,간편하게 먹기 좋아요~
도시락·밥류,일품도시락 10종 (택2),다즐샵,https://www.kurly.com/goods/1000926740,4680,5313,2025.09.17,도시락 간단하게 먹기 좋아요~
도시락·밥류,일품도시락 10종 (택2),다즐샵,https://www.kurly.com/goods/1000926740,4680,5313,2025.09.17,도시락 자주 먹어요~ 그냥 먹을만해요
도시락·밥류,일품도시락 10종 (택2),다즐샵,https://www.kurly.com/goods/1000926740,4680,5313,2025.09.16,다이어트용으로. 급할때 과식안하게되서좋아요
도시락·밥류,일품도시락 10종 (택2),다즐샵,https://www.kurly.com/goods/1000926740,4680,5313,2025.09.16,헬쓰하는 아들 관리용으로 쟁겨둡니다.편리하고 맛도 괜찮아요
도시락·밥류,일품도시락 10종 (택2),다즐샵,https://www.kurly.com/goods/1000926740,4680,5313,2025.09.16,아들 관리용으로 쟁겨둡니다.편리하고 맛도 괜찮아요
도시락·밥류,일품도시락 10종 (택2),다즐샵,https://www.kurly.com/goods/1000926740,4680,5313,2025.09.15,간단히 먹기 딱 좋아요~
도시락·밥류,일품도시락 10종 (택2),다즐샵,https://www.kurly.com/goods/1000926740,4680,5313,2025.09.15,매콤하고 맛도 좋네요~
도시락·밥류,일품도시락 10종 (택2),다즐샵,https://www.kurly.com/goods/1000926740,4680,5313,2025.09.13,재구매합니다감사합니다!!!
도시락·밥류,일품도시락 10종 (택2),다즐샵,https://www.kurly.com/goods/1000926740,4680,5313,2025.09.13,재구매합니다감사합니다!!!!
도시락·밥류,일품도시락 10종 (택2),다즐샵,https://www.kurly.com/goods/1000926740,4680,5313,2025.09.13,무난하거 좋아요 굿
도시락·밥류,일품도시락 10종 (택2),다즐샵,https://www.kurly.com/goods/1000926740,4680,5313,2025.09.13,무난하고 좋아요 굿
도시락·밥류,일품도시락 10종 (택2),다즐샵,https://www.kurly.com/goods/1000926740,4680,5313,2025.09.11,저당이라 좋습니다 .
도시락·밥류,일품도시락 10종 (택2),다즐샵,https://www.kurly.com/goods/1000926740,4680,5313,2025.09.10,맛있었어요 김볶밥은 여기거로쟁이기로
도시락·밥류,일품도시락 10종 (택2),다즐샵,https://www.kurly.com/goods/1000926740,4680,5313,2025.09.08,남편건강식도시락 아주만족합니다
도시락·밥류,일품도시락 10종 (택2),다즐샵,https://www.kurly.com/goods/1000926740,4680,5313,2025.09.08,남편 건강식도시락 아주만족합니다
도시락·밥류,일품도시락 10종 (택2),다즐샵,https://www.kurly.com/goods/1000926740,4680,5313,2025.09.08,남편건강식 도시락아주만족합니다
도시락·밥류,일품도시락 10종 (택2),다즐샵,https://www.kurly.com/goods/1000926740,4680,5313,2025.09.08,남편 건강식 도시락아주만족합니다
도시락·밥류,일품도시락 10종 (택2),다즐샵,https://www.kurly.com/goods/1000926740,4680,5313,2025.09.08,양도 적당하고 맛있어요
도시락·밥류,일품도시락 10종 (택2),다즐샵,https://www.kurly.com/goods/1000926740,4680,5313,2025.09.08,한끼로도 먹기 충분하네요
도시락·밥류,일품도시락 10종 (택2),다즐샵,https://www.kurly.com/goods/1000926740,4680,5313,2025.09.07,나트륨도 낮고 단백질은 높고 좋아요 굿굿
도시락·밥류,일품도시락 10종 (택2),다즐샵,https://www.kurly.com/goods/1000926740,4680,5313,2025.09.07,나트륨 함량이 좀 적은 것 같아서 샀어요
도시락·밥류,일품도시락 10종 (택2),다즐샵,https://www.kurly.com/goods/1000926740,4680,5313,2025.09.06,조금 매콤합니다 양도 적어요
도시락·밥류,일품도시락 10종 (택2),다즐샵,https://www.kurly.com/goods/1000926740,4680,5313,2025.09.04,오리 고기와 감자탕 볶음밥 둘 다 너무 맛있어요
도시락·밥류,일품도시락 10종 (택2),다즐샵,https://www.kurly.com/goods/1000926740,4680,5313,2025.09.03,"맛있게

잘 먹었습니다~"
도시락·밥류,일품도시락 10종 (택2),다즐샵,https://www.kurly.com/goods/1000926740,4680,5313,2025.09.02,아침으로 먹기 좋아요.
도시락·밥류,일품도시락 10종 (택2),다즐샵,https://www.kurly.com/goods/1000926740,4680,5313,2025.09.02,자극적이긴 하지만 맛있어요.
도시락·밥류,일품도시락 10종 (택2),다즐샵,https://www.kurly.com/goods/1000926740,4680,5313,2025.09.02,늘 간편식을 선호하다보니 다양하게 구매해서 먹는데 맛은 그냥 먹은만해요
도시락·밥류,일품도시락 10종 (택2),다즐샵,https://www.kurly.com/goods/1000926740,4680,5313,2025.09.02,간단히 먹기좋아서 간편식을 먹는데 맛도 나쁘지않네요
도시락·밥류,일품도시락 10종 (택2),다즐샵,https://www.kurly.com/goods/1000926740,4680,5313,2025.09.01,양은 좀 적지만 맛있어요
도시락·밥류,일품도시락 10종 (택2),다즐샵,https://www.kurly.com/goods/1000926740,4680,5313,2025.09.01,새우가 더 맛있네요
도시락·밥류,일품도시락 10종 (택2),다즐샵,https://www.kurly.com/goods/1000926740,4680,5313,2025.08.31,종종 구매하는 간편식입니다
도시락·밥류,일품도시락 10종 (택2),다즐샵,https://www.kurly.com/goods/1000926740,4680,5313,2025.08.31,그냥 괜찮은 정도의 맛이예요
도시락·밥류,일품도시락 10종 (택2),다즐샵,https://www.kurly.com/goods/1000926740,4680,5313,2025.08.27,양념 적당히 맛나네요
도시락·밥류,일품도시락 10종 (택2),다즐샵,https://www.kurly.com/goods/1000926740,4680,5313,2025.08.27,너무 맵네요..ㅠ 맵찔이라 그런거겠죠
도시락·밥류,일품도시락 10종 (택2),다즐샵,https://www.kurly.com/goods/1000926740,4680,5313,2025.08.27,간편하고 맛있어요ㅎ
도시락·밥류,일품도시락 10종 (택2),다즐샵,https://www.kurly.com/goods/1000926740,4680,5313,2025.08.27,영양소도 다 들었고 간단히 떼우기 좋아요
도시락·밥류,일품도시락 10종 (택2),다즐샵,https://www.kurly.com/goods/1000926740,4680,5313,2025.08.27,간단히 먹기 좋아요 도시락으로 가져갑니다
도시락·밥류,일품도시락 10종 (택2),다즐샵,https://www.kurly.com/goods/1000926740,4680,5313,2025.08.27,"항상 잘먹고있습니다~
가격대비 맛도괜찮습니다^^"
도시락·밥류,일품도시락 10종 (택2),다즐샵,https://www.kurly.com/goods/1000926740,4680,5313,2025.08.27,"항상 잘먹고있습니다~
가격대비 괜찮습니다^^"
도시락·밥류,일품도시락 10종 (택2),다즐샵,https://www.kurly.com/goods/1000926740,4680,5313,2025.08.26,무난무난해요 ㅎㅎㅎ
도시락·밥류,뷰티핏 식단 관리 도시락 6종 (택1),그리팅,https://www.kurly.com/goods/1001343988,6300,152,2025.09.21,맛있어서 재구매 했어요
도시락·밥류,뷰티핏 식단 관리 도시락 6종 (택1),그리팅,https://www.kurly.com/goods/1001343988,6300,152,2025.09.21,맛있어서 재구매 했어요
도시락·밥류,뷰티핏 식단 관리 도시락 6종 (택1),그리팅,https://www.kurly.com/goods/1001343988,6300,152,2025.09.21,디게 건강한 맛이에요..
도시락·밥류,뷰티핏 식단 관리 도시락 6종 (택1),그리팅,https://www.kurly.com/goods/1001343988,6300,152,2025.09.18,"빠른배송 감사합니다,/!.₩;);&:"
도시락·밥류,뷰티핏 식단 관리 도시락 6종 (택1),그리팅,https://www.kurly.com/goods/1001343988,6300,152,2025.09.18,"빠른배송 감사합니다,!:@;!,"
도시락·밥류,뷰티핏 식단 관리 도시락 6종 (택1),그리팅,https://www.kurly.com/goods/1001343988,6300,152,2025.09.18,빠른배송 감사합니다?!:&;!;
도시락·밥류,뷰티핏 식단 관리 도시락 6종 (택1),그리팅,https://www.kurly.com/goods/1001343988,6300,152,2025.09.18,먹을만 합니다. 재구매 의사 있음
도시락·밥류,뷰티핏 식단 관리 도시락 6종 (택1),그리팅,https://www.kurly.com/goods/1001343988,6300,152,2025.09.18,규동 양념이 많이 들어있어서 밥에 비벼먹기 좋아요. 점심시간에 잘 먹엇습니아
도시락·밥류,뷰티핏 식단 관리 도시락 6종 (택1),그리팅,https://www.kurly.com/goods/1001343988,6300,152,2025.09.16,배고파서 좀전에 아침으로 먹었는데 그럭저럭 먹을만 해요
도시락·밥류,뷰티핏 식단 관리 도시락 6종 (택1),그리팅,https://www.kurly.com/goods/1001343988,6300,152,2025.09.16,커리가 풍미있고 맛있어요. 토핑은 아쉬워서 따로 새우나 계란 구워서 같이먹는게 딱입니다
도시락·밥류,뷰티핏 식단 관리 도시락 6종 (택1),그리팅,https://www.kurly.com/goods/1001343988,6300,152,2025.09.14,건강하면서도 맛을 챙긴 도시락이에요 재구매할거에요
도시락·밥류,뷰티핏 식단 관리 도시락 6종 (택1),그리팅,https://www.kurly.com/goods/1001343988,6300,152,2025.09.14,담백하고 슴슴한 맛입니다! 식단 먹다가 질릴때 먹기 좋아요
도시락·밥류,뷰티핏 식단 관리 도시락 6종 (택1),그리팅,https://www.kurly.com/goods/1001343988,6300,152,2025.09.13,맛있어서 재구매할려구요^^
도시락·밥류,뷰티핏 식단 관리 도시락 6종 (택1),그리팅,https://www.kurly.com/goods/1001343988,6300,152,2025.09.12,적당히 매콤하니 맛있었어요! 한 끼 식사로 굿
도시락·밥류,뷰티핏 식단 관리 도시락 6종 (택1),그리팅,https://www.kurly.com/goods/1001343988,6300,152,2025.09.11,좋아요 그리팅 제품 다 좋음
도시락·밥류,뷰티핏 식단 관리 도시락 6종 (택1),그리팅,https://www.kurly.com/goods/1001343988,6300,152,2025.09.11,"은근 갠츈 다요트 도시락 맛없는디
이건 갠튠 은근 양도 많음"
도시락·밥류,뷰티핏 식단 관리 도시락 6종 (택1),그리팅,https://www.kurly.com/goods/1001343988,6300,152,2025.09.10,파스타도 괜찮고 채소도 같이 있어서 좋아요
도시락·밥류,뷰티핏 식단 관리 도시락 6종 (택1),그리팅,https://www.kurly.com/goods/1001343988,6300,152,2025.09.10,커리가 맛있는 커리예요 한번씩 나쁘지않은 것 같아요
도시락·밥류,뷰티핏 식단 관리 도시락 6종 (택1),그리팅,https://www.kurly.com/goods/1001343988,6300,152,2025.09.10,밥도 맛있고 제육도 고기냄새 안나고 맛있네요
도시락·밥류,뷰티핏 식단 관리 도시락 6종 (택1),그리팅,https://www.kurly.com/goods/1001343988,6300,152,2025.09.09,간단하게 먹기 좋아요 맛있어요
도시락·밥류,뷰티핏 식단 관리 도시락 6종 (택1),그리팅,https://www.kurly.com/goods/1001343988,6300,152,2025.09.09,맛있어요 간단하게 먹고 좋아요
도시락·밥류,뷰티핏 식단 관리 도시락 6종 (택1),그리팅,https://www.kurly.com/goods/1001343988,6300,152,2025.09.09,전자레인지에 돌리기만 해서 간편하고 맛도 꽤 괜찮아서 재구매 할 것 같아요! 간은 좀 있는 편이예요. 밥 식감이 좋고 건더기가 넉넉히 들어가 있어요.
도시락·밥류,뷰티핏 식단 관리 도시락 6종 (택1),그리팅,https://www.kurly.com/goods/1001343988,6300,152,2025.09.08,다른 다이어트 도시락보다 좀 더 든든할까 햇믄데 얘도 무에 펴바른 밥알마냥 적네여
도시락·밥류,뷰티핏 식단 관리 도시락 6종 (택1),그리팅,https://www.kurly.com/goods/1001343988,6300,152,2025.09.08,소스가 좀 더 넉넉하면 좋겠어요. 파스타보다 밥류들이 맛있네요
도시락·밥류,뷰티핏 식단 관리 도시락 6종 (택1),그리팅,https://www.kurly.com/goods/1001343988,6300,152,2025.09.07,도시락이 되게 실해여 맛도 괜찮았어요
도시락·밥류,뷰티핏 식단 관리 도시락 6종 (택1),그리팅,https://www.kurly.com/goods/1001343988,6300,152,2025.09.07,아이들은 잘 안먹네요 ㅜ
도시락·밥류,뷰티핏 식단 관리 도시락 6종 (택1),그리팅,https://www.kurly.com/goods/1001343988,6300,152,2025.09.07,다이어트 음식으로 굿굿
도시락·밥류,뷰티핏 식단 관리 도시락 6종 (택1),그리팅,https://www.kurly.com/goods/1001343988,6300,152,2025.09.06,오 첫구매.맛있네요
도시락·밥류,뷰티핏 식단 관리 도시락 6종 (택1),그리팅,https://www.kurly.com/goods/1001343988,6300,152,2025.09.04,빠른배송 감사합니다/₩;@(5
도시락·밥류,뷰티핏 식단 관리 도시락 6종 (택1),그리팅,https://www.kurly.com/goods/1001343988,6300,152,2025.09.04,빠른배송 감사합니다-₩;&(₩(
도시락·밥류,뷰티핏 식단 관리 도시락 6종 (택1),그리팅,https://www.kurly.com/goods/1001343988,6300,152,2025.09.03,밥알도 꼬들꼬들 살아있고 닭가슴살도 쫄깃하니 맛있어요. 다이어트식 점심으로 회사에서 먹는데 만족합니다
도시락·밥류,뷰티핏 식단 관리 도시락 6종 (택1),그리팅,https://www.kurly.com/goods/1001343988,6300,152,2025.09.02,으어 저하고는 안맞는거 같아요 냄새나서 겨우 먹었는데 속이 안좋네요ㅠ
도시락·밥류,뷰티핏 식단 관리 도시락 6종 (택1),그리팅,https://www.kurly.com/goods/1001343988,6300,152,2025.09.01,그리팅제품은 믿고주문
도시락·밥류,뷰티핏 식단 관리 도시락 6종 (택1),그리팅,https://www.kurly.com/goods/1001343988,6300,152,2025.09.01,다이어트중이라 냉동밥 물리는데 규동 맛있네요
도시락·밥류,뷰티핏 식단 관리 도시락 6종 (택1),그리팅,https://www.kurly.com/goods/1001343988,6300,152,2025.08.29,그리팅 도시락은 함박스테이크 도시락으로 처음 먹어보고 맛이 괜찮아서 두번째로 주문해본 커리도시락. 맛있네요. 제가 채소를 좋아해서 더하느라 냉동 브로콜리랑 미니당근등 좀더 추가해서 전자렌지 돌렸어요. 커리 맛이 좋아서 다른 맛도 또 주문하려구요
도시락·밥류,뷰티핏 식단 관리 도시락 6종 (택1),그리팅,https://www.kurly.com/goods/1001343988,6300,152,2025.08.29,여기 제품 2개 째인데 둘다 넘 맛있어서 앞으로 정착해야겠다 싶어요. 맛있고 양도 퀄리티도 너무 좋아요
도시락·밥류,뷰티핏 식단 관리 도시락 6종 (택1),그리팅,https://www.kurly.com/goods/1001343988,6300,152,2025.08.29,간편합니다. 소스가 있어 아이가 잘 먹었습니다.
도시락·밥류,뷰티핏 식단 관리 도시락 6종 (택1),그리팅,https://www.kurly.com/goods/1001343988,6300,152,2025.08.29,초등 아이가 잘 먹었습니다.
도시락·밥류,뷰티핏 식단 관리 도시락 6종 (택1),그리팅,https://www.kurly.com/goods/1001343988,6300,152,2025.08.26,맛있어요 현재 다이어트중에는 적네요
도시락·밥류,뷰티핏 식단 관리 도시락 6종 (택1),그리팅,https://www.kurly.com/goods/1001343988,6300,152,2025.08.26,아직 먹기전이지만 너무 기대됩니다
도시락·밥류,뷰티핏 식단 관리 도시락 6종 (택1),그리팅,https://www.kurly.com/goods/1001343988,6300,152,2025.08.26,소스 충분하고 넘 맛있어서 싹싹 긁어먹엇어요. 재구매 의사있어요
도시락·밥류,뷰티핏 식단 관리 도시락 6종 (택1),그리팅,https://www.kurly.com/goods/1001343988,6300,152,2025.08.20,좋아요 앞으로도 구매예저에 해 ㅐ
도시락·밥류,뷰티핏 식단 관리 도시락 6종 (택1),그리팅,https://www.kurly.com/goods/1001343988,6300,152,2025.08.19,점심으로 한끼 좋아요 추천추천
도시락·밥류,뷰티핏 식단 관리 도시락 6종 (택1),그리팅,https://www.kurly.com/goods/1001343988,6300,152,2025.08.19,점심으로 한끼 좋아요 추천
도시락·밥류,뷰티핏 식단 관리 도시락 6종 (택1),그리팅,https://www.kurly.com/goods/1001343988,6300,152,2025.08.19,"다른 곳에서  이미 먹어봤는데
컬리에 있어서 반갑게 주문했어요
가벼운 식사에  좋아요"
도시락·밥류,뷰티핏 식단 관리 도시락 6종 (택1),그리팅,https://www.kurly.com/goods/1001343988,6300,152,2025.08.18,기대없이 샀는데 생각보다 맛있어요
도시락·밥류,뷰티핏 식단 관리 도시락 6종 (택1),그리팅,https://www.kurly.com/goods/1001343988,6300,152,2025.08.18,건강한 맛이지만 배는 안 차는
도시락·밥류,뷰티핏 식단 관리 도시락 6종 (택1),그리팅,https://www.kurly.com/goods/1001343988,6300,152,2025.08.18,점심 식사로 먹을만해요 추천 추천
도시락·밥류,뷰티핏 식단 관리 도시락 6종 (택1),그리팅,https://www.kurly.com/goods/1001343988,6300,152,2025.08.18,점심 식사로 좋아요 추천합니다 합니
도시락·밥류,뷰티핏 식단 관리 도시락 6종 (택1),그리팅,https://www.kurly.com/goods/1001343988,6300,152,2025.08.18,점심 식사로 좋습니다 추천
도시락·밥류,세끼 뚝딱 도시락 3종 세트 시즌2,탄단지,https://www.kurly.com/goods/1001230899,9900,153,2025.04.09,"탄단지 세끼뚝딱 시즌1로 매번N차구매하면서 먹고있었는데
이번제 시즌2 신상품이 나와서 바로 구매했어요!!
이제품도 비닐포장안뜯고 레인지 바로돌리니 너무편하네요!!


＃간장불고기 계란덮밥
돼지불고기인줄 알았는데 소불고기라서 확실히 부드럽더라구요!
스크램블계란과 너무 불고기간장양념조합이 밥비벼서먹었는데
입맛에 너무 딱맞았습니다!



＃모짜렐라 굴림만두 볶음밥
굴림만두와 모짜렐라치즈 조합이 너무궁금했는데 토마토피자소스
까지 궁합이너무잘맞더라구요! 밥도계란볶음밥이라 슥삭슥삭
소스와 치즈비벼서 먹으니 진짜맛잇었습니다!



＃ 김치볶음밥&콘치즈

원래 시즌1부터 저도 너무좋아하고 아이도잘먹은터라 이번시즌2
에도 같이 포함되었나보네요!
김치볶음밥과 치즈는 말해뭐합니까!? 너무맛있자냐~


＃ 진짜 3가지 신선한조합에 제입맛에도 아이들입맛에도 부담없이
너무맛있게 먹어서 가격과 맛에 가성비는 시즌1에 이어서
시즌2도 도시락중에 최고인것같습니다!!"
도시락·밥류,세끼 뚝딱 도시락 3종 세트 시즌2,탄단지,https://www.kurly.com/goods/1001230899,9900,153,2025.09.20,탄단지도시락  양도작아서저혼자먹기괜찮은것같아요.
도시락·밥류,세끼 뚝딱 도시락 3종 세트 시즌2,탄단지,https://www.kurly.com/goods/1001230899,9900,153,2025.09.19,괜찮은데 마요맛이 부족해요 ㅠㅠ
도시락·밥류,세끼 뚝딱 도시락 3종 세트 시즌2,탄단지,https://www.kurly.com/goods/1001230899,9900,153,2025.09.18,저렴해서 한번도전해봤습니다.
도시락·밥류,세끼 뚝딱 도시락 3종 세트 시즌2,탄단지,https://www.kurly.com/goods/1001230899,9900,153,2025.09.17,세 종류라 골라 먹기 좋아요
도시락·밥류,세끼 뚝딱 도시락 3종 세트 시즌2,탄단지,https://www.kurly.com/goods/1001230899,9900,153,2025.09.17,가격도 저렴하고 맛있어요~~
도시락·밥류,세끼 뚝딱 도시락 3종 세트 시즌2,탄단지,https://www.kurly.com/goods/1001230899,9900,153,2025.09.17,부담없이 간편하게 먹을수 있는 도시락입니다
도시락·밥류,세끼 뚝딱 도시락 3종 세트 시즌2,탄단지,https://www.kurly.com/goods/1001230899,9900,153,2025.09.16,양이 조금 적은가 싶긴한데 종류별로 있어서 맛있게 먹었습니다
도시락·밥류,세끼 뚝딱 도시락 3종 세트 시즌2,탄단지,https://www.kurly.com/goods/1001230899,9900,153,2025.09.15,전부터 먹어보고 싶었던 세끼 뚝딱이에요~~
도시락·밥류,세끼 뚝딱 도시락 3종 세트 시즌2,탄단지,https://www.kurly.com/goods/1001230899,9900,153,2025.09.14,한끼대용으로 먹는데 양은 적지만 맛나요!
도시락·밥류,세끼 뚝딱 도시락 3종 세트 시즌2,탄단지,https://www.kurly.com/goods/1001230899,9900,153,2025.09.13,양이 아쉽지만 맛있습니다
도시락·밥류,세끼 뚝딱 도시락 3종 세트 시즌2,탄단지,https://www.kurly.com/goods/1001230899,9900,153,2025.09.10,먹기전인데 기대해봅니다
도시락·밥류,세끼 뚝딱 도시락 3종 세트 시즌2,탄단지,https://www.kurly.com/goods/1001230899,9900,153,2025.09.10,간편하고 맛있어용 뭔가 영양밸런스는 없어보이지만
도시락·밥류,세끼 뚝딱 도시락 3종 세트 시즌2,탄단지,https://www.kurly.com/goods/1001230899,9900,153,2025.09.05,양이 조금 적다는 후기 보고 샀는데 적으면 따로 닭가슴살이랑 곁들여먹으면 딱일 것 같아서 샀어요 가격도 저렴하고 좋어요
도시락·밥류,세끼 뚝딱 도시락 3종 세트 시즌2,탄단지,https://www.kurly.com/goods/1001230899,9900,153,2025.09.04,회사 도시락으로 넣어 주는데 맛있다고 합니다
도시락·밥류,세끼 뚝딱 도시락 3종 세트 시즌2,탄단지,https://www.kurly.com/goods/1001230899,9900,153,2025.09.01,양아 적지만 맛있었어요
도시락·밥류,세끼 뚝딱 도시락 3종 세트 시즌2,탄단지,https://www.kurly.com/goods/1001230899,9900,153,2025.09.01,점심에 먹으려고 주문했어요
도시락·밥류,세끼 뚝딱 도시락 3종 세트 시즌2,탄단지,https://www.kurly.com/goods/1001230899,9900,153,2025.08.30,"김치볶음밥이 특히 맛있어서 재구매했습니다
다이어트 너무 힘들어요 ㅜㅜ
그래서 최대한 맛있는 음식을 찾고 있는데
컬리에서 구매한 도시락 너무 마음에 드네요
맛도 있고 간편해서 좋아요
또 구매하고 싶어요"
도시락·밥류,세끼 뚝딱 도시락 3종 세트 시즌2,탄단지,https://www.kurly.com/goods/1001230899,9900,153,2025.08.29,굴림만두 들어있는 거 하나 먹었는데 한 끼 간단히 해결하기에 좋네요. 다만 약간 간간한 느낌 ㅎ
도시락·밥류,세끼 뚝딱 도시락 3종 세트 시즌2,탄단지,https://www.kurly.com/goods/1001230899,9900,153,2025.08.28,기숙사에 보내주려고 구매
도시락·밥류,세끼 뚝딱 도시락 3종 세트 시즌2,탄단지,https://www.kurly.com/goods/1001230899,9900,153,2025.08.26,회사 점심 도시락으로 구매해서 구운란 2개랑 같이 먹으면 적당히 배부르고 좋아요
도시락·밥류,세끼 뚝딱 도시락 3종 세트 시즌2,탄단지,https://www.kurly.com/goods/1001230899,9900,153,2025.08.26,이 도시락 맛있어서 자주 구매해요!^^
도시락·밥류,세끼 뚝딱 도시락 3종 세트 시즌2,탄단지,https://www.kurly.com/goods/1001230899,9900,153,2025.08.25,간단하게 아침대용으로 좋네요
도시락·밥류,세끼 뚝딱 도시락 3종 세트 시즌2,탄단지,https://www.kurly.com/goods/1001230899,9900,153,2025.08.24,한끼 간단하게 먹기 좋아요.
도시락·밥류,세끼 뚝딱 도시락 3종 세트 시즌2,탄단지,https://www.kurly.com/goods/1001230899,9900,153,2025.08.23,아이가 맛있다고해서 시즌2도 사봤어요
도시락·밥류,세끼 뚝딱 도시락 3종 세트 시즌2,탄단지,https://www.kurly.com/goods/1001230899,9900,153,2025.08.23,남편. 도시락으로. 챙겨줬는데. 괜찮다고. 하네요
도시락·밥류,세끼 뚝딱 도시락 3종 세트 시즌2,탄단지,https://www.kurly.com/goods/1001230899,9900,153,2025.08.23,간단하게 먹기좋은데 뭔가 약간 부족한느낌
도시락·밥류,세끼 뚝딱 도시락 3종 세트 시즌2,탄단지,https://www.kurly.com/goods/1001230899,9900,153,2025.08.20,배송도 빠르고 맛있습니다~~7
도시락·밥류,세끼 뚝딱 도시락 3종 세트 시즌2,탄단지,https://www.kurly.com/goods/1001230899,9900,153,2025.08.20,양이좀작긴한데  간단한아침으로 조음
도시락·밥류,세끼 뚝딱 도시락 3종 세트 시즌2,탄단지,https://www.kurly.com/goods/1001230899,9900,153,2025.08.20,간식으로 먹기에 좋아요. 맛도 있고요.
도시락·밥류,세끼 뚝딱 도시락 3종 세트 시즌2,탄단지,https://www.kurly.com/goods/1001230899,9900,153,2025.08.19,맛있어요 추천합니다 굿
도시락·밥류,세끼 뚝딱 도시락 3종 세트 시즌2,탄단지,https://www.kurly.com/goods/1001230899,9900,153,2025.08.19,첫구매인데 먹어보고 더구매할께요
도시락·밥류,세끼 뚝딱 도시락 3종 세트 시즌2,탄단지,https://www.kurly.com/goods/1001230899,9900,153,2025.08.18,할인하길래 구입해봄~~
도시락·밥류,세끼 뚝딱 도시락 3종 세트 시즌2,탄단지,https://www.kurly.com/goods/1001230899,9900,153,2025.08.18,"한끼식사로 든든
다이어트 간편하게 좋아요"
도시락·밥류,세끼 뚝딱 도시락 3종 세트 시즌2,탄단지,https://www.kurly.com/goods/1001230899,9900,153,2025.08.17,저녁에 간단히 먹기 좋아서 구매!!
도시락·밥류,세끼 뚝딱 도시락 3종 세트 시즌2,탄단지,https://www.kurly.com/goods/1001230899,9900,153,2025.08.15,양은 좀 적지만 생각보다 꽤 맛있어요
도시락·밥류,세끼 뚝딱 도시락 3종 세트 시즌2,탄단지,https://www.kurly.com/goods/1001230899,9900,153,2025.08.14,아이가 맛있다고 잘 먹어요
도시락·밥류,세끼 뚝딱 도시락 3종 세트 시즌2,탄단지,https://www.kurly.com/goods/1001230899,9900,153,2025.08.13,이것도 맛잇어용 간편하게ㅜ먹기 조아요
도시락·밥류,세끼 뚝딱 도시락 3종 세트 시즌2,탄단지,https://www.kurly.com/goods/1001230899,9900,153,2025.08.13,추천입니다. 가성비 굿
도시락·밥류,세끼 뚝딱 도시락 3종 세트 시즌2,탄단지,https://www.kurly.com/goods/1001230899,9900,153,2025.08.12,새로운 맛이라서 주문해봤어요.아직 먹어보진 못했어요.가성비는 너무 좋아요~~
도시락·밥류,세끼 뚝딱 도시락 3종 세트 시즌2,탄단지,https://www.kurly.com/goods/1001230899,9900,153,2025.08.12,간편하게 점심 먹기 좋아용!! 입맛 없을때 그냥 뚝딱
도시락·밥류,세끼 뚝딱 도시락 3종 세트 시즌2,탄단지,https://www.kurly.com/goods/1001230899,9900,153,2025.08.11,다양한 맛이라 골라먹는 재미가 있네요
도시락·밥류,세끼 뚝딱 도시락 3종 세트 시즌2,탄단지,https://www.kurly.com/goods/1001230899,9900,153,2025.08.07,애들 방학이라 급할때 사용하려고 구매했어요. 제가 집에 없을때 애들이 쉽게 먹을 수 있더라구요
도시락·밥류,세끼 뚝딱 도시락 3종 세트 시즌2,탄단지,https://www.kurly.com/goods/1001230899,9900,153,2025.08.06,"양은 적지만 맛있어요
간편하게 한끼 먹기 좋고 간이 딱 맞네요
가성비 제품이라 재구매 의사 있어요!"
도시락·밥류,세끼 뚝딱 도시락 3종 세트 시즌2,탄단지,https://www.kurly.com/goods/1001230899,9900,153,2025.08.06,양은 적지만 간단히 떼우기에 좋죠
도시락·밥류,세끼 뚝딱 도시락 3종 세트 시즌2,탄단지,https://www.kurly.com/goods/1001230899,9900,153,2025.08.06,"밥양은 간단하게 먹기 좋은 양
 다이어트 하기에 딱 좋은양이였어요
급할때도 좋았습니다."
도시락·밥류,세끼 뚝딱 도시락 3종 세트 시즌2,탄단지,https://www.kurly.com/goods/1001230899,9900,153,2025.08.05,"3가지 모두 맛 괜찮더라구요
방학맞이 쟁이템"
도시락·밥류,세끼 뚝딱 도시락 3종 세트 시즌2,탄단지,https://www.kurly.com/goods/1001230899,9900,153,2025.08.05,간편하게 한끼 먹기 좋아요
도시락·밥류,세끼 뚝딱 도시락 3종 세트 시즌2,탄단지,https://www.kurly.com/goods/1001230899,9900,153,2025.08.04,"요즘 날씨가 너무 더워 밖에서 점심 먹기가 힘들어 도시락 구매를 시작했습니다. 해당 제품에 여러가지 맛이 있는데 3가지 맛 모두 구매해서 사무실에서 먹고 있는 중입니다.

1) 콘치즈맛
김치볶음밥에 콘치즈를 섞어 먹는 누구나 아는 맛입니다.
전혀 맵지 않고 달달한 맛이라 호불호가 없을 것 같습니다.
다만 모짜렐라 양은 많지 않은지 갓 데워 뜨거운 상태에도 치즈의 늘어짐도 없고 맛도 크게 느껴지진 않습니다.

2) 간장불고기맛
저는 콘치즈맛보다 불고기맛을 훨씬 맛있게 먹었습니다.
밖에서 사먹는 불고기에 밥 비벼먹는 맛이 나서 신기했습니다.
나름 버섯에 당근 등 야채도 있어 건강식처럼 느껴지기도 했어요.
살짝 단편이고 조미김 하나 준비해서 싸먹어도 좋을 것 같습니다.

3) 굴림만두맛
아직 먹어보지 못함

적당히 또는 소식한다면 도시락 하나 만으로도 나쁘지 않으나, 포만감을 느끼기에는 살짝 부족할 수 있어 저는 전자레인지용 만두도 추가해서 곁들여 먹었습니다."
도시락·밥류,세끼 뚝딱 도시락 3종 세트 시즌2,탄단지,https://www.kurly.com/goods/1001230899,9900,153,2025.08.03,"새로운 버전이 나왔어요
이것도 맛있어요"
도시락·밥류,어린이 볶음밥 3종 (5개입) (택1),집으로 ON,https://www.kurly.com/goods/1000065844,14950,11934,2025.09.20,아기가 너무 조아해요
도시락·밥류,어린이 볶음밥 3종 (5개입) (택1),집으로 ON,https://www.kurly.com/goods/1000065844,14950,11934,2025.09.19,청정원 어린이볶음밥이 잘나오더라구요. 제일 맛있어요. 간편하고 좋아요.
도시락·밥류,어린이 볶음밥 3종 (5개입) (택1),집으로 ON,https://www.kurly.com/goods/1000065844,14950,11934,2025.09.19,아이가 잘먹는 볶음밥이에요. 재료도 다양하고 맛있습니다.
도시락·밥류,어린이 볶음밥 3종 (5개입) (택1),집으로 ON,https://www.kurly.com/goods/1000065844,14950,11934,2025.09.11,"간이 심심하네요. 
아이들이 잘 안먹는데...ㅜ 간 약하게 먹는 아기들은 좋겠어요."
도시락·밥류,어린이 볶음밥 3종 (5개입) (택1),집으로 ON,https://www.kurly.com/goods/1000065844,14950,11934,2025.09.10,오 간편하고 아이도 잘먹고 성분도 괜찮아서 자주 먹을거같아용
도시락·밥류,어린이 볶음밥 3종 (5개입) (택1),집으로 ON,https://www.kurly.com/goods/1000065844,14950,11934,2025.09.10,"아이 볶음밥으로 최고입니다
양도 많고 맛도 좋아서 아이가 진짜
잘먹어요 앞으로 추가구매 할게요"
도시락·밥류,어린이 볶음밥 3종 (5개입) (택1),집으로 ON,https://www.kurly.com/goods/1000065844,14950,11934,2025.09.08,처음 사봤는데 잘 먹어주기를요 ㅠㅠ
도시락·밥류,어린이 볶음밥 3종 (5개입) (택1),집으로 ON,https://www.kurly.com/goods/1000065844,14950,11934,2025.09.08,후기 좋아서 구입! 타사 볶음밥 엄마표 볶음밥도 안먹는 아기인데 이건 잘먹어주길 바라요 ㅎㅎ
도시락·밥류,어린이 볶음밥 3종 (5개입) (택1),집으로 ON,https://www.kurly.com/goods/1000065844,14950,11934,2025.09.07,아이가 맛있게 잘 먹어요! 모짜렐라 치즈까지 넣어서 볶아주면 한 그릇 뚝딱입니다. 냉동실에 쟁여뒀다가 종종 간편하게 한끼 먹일 때 사용하고 있어요.
도시락·밥류,어린이 볶음밥 3종 (5개입) (택1),집으로 ON,https://www.kurly.com/goods/1000065844,14950,11934,2025.09.07,"음 간이 심심하긴해요. 
아이들이 간되어있는걸 먹다보니 잘 안먹으려하네요. 
국이랑 주면 잘 먹어요."
도시락·밥류,어린이 볶음밥 3종 (5개입) (택1),집으로 ON,https://www.kurly.com/goods/1000065844,14950,11934,2025.09.07,반찬없을 때 간편하게 주려고요~~
도시락·밥류,어린이 볶음밥 3종 (5개입) (택1),집으로 ON,https://www.kurly.com/goods/1000065844,14950,11934,2025.09.05,아기 간단 맘마로 좋아요
도시락·밥류,어린이 볶음밥 3종 (5개입) (택1),집으로 ON,https://www.kurly.com/goods/1000065844,14950,11934,2025.09.02,준비해놓은게 아무것도 없다는걸 발견했을때 요긴하게 쓰임
도시락·밥류,어린이 볶음밥 3종 (5개입) (택1),집으로 ON,https://www.kurly.com/goods/1000065844,14950,11934,2025.09.01,처음사봤는데 잘 먹으면 다른맛도 사보려구요
도시락·밥류,어린이 볶음밥 3종 (5개입) (택1),집으로 ON,https://www.kurly.com/goods/1000065844,14950,11934,2025.09.01,잘먹었습니다 맛있어요~
도시락·밥류,어린이 볶음밥 3종 (5개입) (택1),집으로 ON,https://www.kurly.com/goods/1000065844,14950,11934,2025.08.30,김치 안먹는 아이도 잘먹는 볶음밥 ㅋㅋ 가끔 저도 먹는데 맛있어요
도시락·밥류,어린이 볶음밥 3종 (5개입) (택1),집으로 ON,https://www.kurly.com/goods/1000065844,14950,11934,2025.08.29,아이 밥태기 와서 이건 잘 먹어줄까해서 시켜봤어요
도시락·밥류,어린이 볶음밥 3종 (5개입) (택1),집으로 ON,https://www.kurly.com/goods/1000065844,14950,11934,2025.08.24,그나마 잘먹는 볶음밥이라 일단 쟁여둡니다 ㅎ
도시락·밥류,어린이 볶음밥 3종 (5개입) (택1),집으로 ON,https://www.kurly.com/goods/1000065844,14950,11934,2025.08.22,직접 해주는 볶음밥보다 사주는 볶음밥을 더 잘 먹네요 어른이 먹어도 맛있는 볶음밥입니다~
도시락·밥류,어린이 볶음밥 3종 (5개입) (택1),집으로 ON,https://www.kurly.com/goods/1000065844,14950,11934,2025.08.21,핑크퐁 볶음밥 다 좋아하는데 한우를 아이가 제일 잘먹는 것 같아요. 계란후라이만 추가하면 딱이에요.
도시락·밥류,어린이 볶음밥 3종 (5개입) (택1),집으로 ON,https://www.kurly.com/goods/1000065844,14950,11934,2025.08.21,밥하기 귀찮을때 간단히 볶아주기만 하면 되니까 너무 좋아요. 아이가 잘먹더라구요~
도시락·밥류,어린이 볶음밥 3종 (5개입) (택1),집으로 ON,https://www.kurly.com/goods/1000065844,14950,11934,2025.08.19,처음으로 주문했는데 맛이 있어서 또 주문할 거 같아요
도시락·밥류,어린이 볶음밥 3종 (5개입) (택1),집으로 ON,https://www.kurly.com/goods/1000065844,14950,11934,2025.08.17,한우야채 맛있어서 김치목살도 주문
도시락·밥류,어린이 볶음밥 3종 (5개입) (택1),집으로 ON,https://www.kurly.com/goods/1000065844,14950,11934,2025.08.17,퇴근후 한끼뚝딱입니다
도시락·밥류,어린이 볶음밥 3종 (5개입) (택1),집으로 ON,https://www.kurly.com/goods/1000065844,14950,11934,2025.08.15,제가먹어도 맛있는 ㅋ소고기잘먹길래 랍스타도 구매했어요
도시락·밥류,어린이 볶음밥 3종 (5개입) (택1),집으로 ON,https://www.kurly.com/goods/1000065844,14950,11934,2025.08.12,저녁퇴근후 한끼뚝딱  어른입맛에도 괜찮네요
도시락·밥류,어린이 볶음밥 3종 (5개입) (택1),집으로 ON,https://www.kurly.com/goods/1000065844,14950,11934,2025.08.12,한우라서 더 믿음가고 좋아요
도시락·밥류,어린이 볶음밥 3종 (5개입) (택1),집으로 ON,https://www.kurly.com/goods/1000065844,14950,11934,2025.08.10,어른이 먹어도 맛있네요
도시락·밥류,어린이 볶음밥 3종 (5개입) (택1),집으로 ON,https://www.kurly.com/goods/1000065844,14950,11934,2025.08.10,냉장고에 쟁여놓는 제품이예요
도시락·밥류,어린이 볶음밥 3종 (5개입) (택1),집으로 ON,https://www.kurly.com/goods/1000065844,14950,11934,2025.08.10,아이가 맛있는지 잘 먹어요
도시락·밥류,어린이 볶음밥 3종 (5개입) (택1),집으로 ON,https://www.kurly.com/goods/1000065844,14950,11934,2025.08.07,귀여운 우리 조카가 젤 좋아하는 볶음밥.. 어른이 뺏어먹어도 맛있어요..
도시락·밥류,어린이 볶음밥 3종 (5개입) (택1),집으로 ON,https://www.kurly.com/goods/1000065844,14950,11934,2025.08.02,아이가 좋아해서 자주 구입합니다. 요알못이라 요긴하네요.
도시락·밥류,어린이 볶음밥 3종 (5개입) (택1),집으로 ON,https://www.kurly.com/goods/1000065844,14950,11934,2025.07.30,애들이잘먹어서구매!
도시락·밥류,어린이 볶음밥 3종 (5개입) (택1),집으로 ON,https://www.kurly.com/goods/1000065844,14950,11934,2025.07.30,애들이 잘먹어서구매
도시락·밥류,어린이 볶음밥 3종 (5개입) (택1),집으로 ON,https://www.kurly.com/goods/1000065844,14950,11934,2025.07.28,아기가 너무 좋아해요~.
도시락·밥류,어린이 볶음밥 3종 (5개입) (택1),집으로 ON,https://www.kurly.com/goods/1000065844,14950,11934,2025.07.23,"계란 하나 같이 넣고 볶아주니 간도 적당한거 같아요. 
처음 구입해보는데 맛도 괜찮네요~
냉동실에 구비해두면 한번씩 아이 볶음밥 이용 편할거 같아요."
도시락·밥류,어린이 볶음밥 3종 (5개입) (택1),집으로 ON,https://www.kurly.com/goods/1000065844,14950,11934,2025.07.22,잘먹어서 비상용으로 구매해놓으면 편해요
도시락·밥류,어린이 볶음밥 3종 (5개입) (택1),집으로 ON,https://www.kurly.com/goods/1000065844,14950,11934,2025.07.19,재구매입니다 가성비 좋아요
도시락·밥류,어린이 볶음밥 3종 (5개입) (택1),집으로 ON,https://www.kurly.com/goods/1000065844,14950,11934,2025.07.19,후라이팬에 볶는게 훨 나아요
도시락·밥류,어린이 볶음밥 3종 (5개입) (택1),집으로 ON,https://www.kurly.com/goods/1000065844,14950,11934,2025.07.18,아이도 아이아빠도 잘먹길래 자주 구매해요
도시락·밥류,어린이 볶음밥 3종 (5개입) (택1),집으로 ON,https://www.kurly.com/goods/1000065844,14950,11934,2025.07.10,아이가 맛있게 잘먹어요
도시락·밥류,어린이 볶음밥 3종 (5개입) (택1),집으로 ON,https://www.kurly.com/goods/1000065844,14950,11934,2025.07.08,아이가 한우야채를 제일 잘먹더라구요. 다른 것도 다 괜찮아요. 계란만 추가해주면 뚝딱입니다.
도시락·밥류,어린이 볶음밥 3종 (5개입) (택1),집으로 ON,https://www.kurly.com/goods/1000065844,14950,11934,2025.07.08,재료가 잘게 썰어있어서 아이들 먹기 딱이고 첨가물도 없어서 안심이에요.
도시락·밥류,어린이 볶음밥 3종 (5개입) (택1),집으로 ON,https://www.kurly.com/goods/1000065844,14950,11934,2025.07.08,아이가 너무 잘먹는 볶음밥이에요. 컬리냉동은 안녹고 잘와서 최고입니다.
도시락·밥류,어린이 볶음밥 3종 (5개입) (택1),집으로 ON,https://www.kurly.com/goods/1000065844,14950,11934,2025.07.07,애기가 김치를 먹기 시작했는데 안 매운 김치라 더 좋아하는 것 같아요
도시락·밥류,어린이 볶음밥 3종 (5개입) (택1),집으로 ON,https://www.kurly.com/goods/1000065844,14950,11934,2025.07.03,여기 볶음밥 두개 시켜봤는데 종류별로 다 잘먹네요 두돌아기에요
도시락·밥류,어린이 볶음밥 3종 (5개입) (택1),집으로 ON,https://www.kurly.com/goods/1000065844,14950,11934,2025.06.28,아이가 배고파할때 휘리릭 만들기 좋아 3가지 맛 다 구비해놨어요ㅎ
도시락·밥류,어린이 볶음밥 3종 (5개입) (택1),집으로 ON,https://www.kurly.com/goods/1000065844,14950,11934,2025.06.27,"아이 둘 다 좋아하는 볶으밥 ㅎㅎ
볶음밥의 느끼함을 들어 있는 김치가 그나마 잡아줘요 ㅋㅋ"
도시락·밥류,어린이 볶음밥 3종 (5개입) (택1),집으로 ON,https://www.kurly.com/goods/1000065844,14950,11934,2025.06.26,"안녕하세요. 컬리입니다.
믿고 구매해주셨으나 컬리 상품 배송으로 불편하게 해드려 사과 말씀드립니다.

고객님께서 불편을 겪으신 부분에 대해 유관부서를 통해 업체로도 전달하여, 
차후 같은 불편이 발생하지 않도록 노력하고 개선하겠습니다.

다시 한번 컬리 이용을 불편하게 해 사과의 말씀 드리며,
혹여 추가적으로 궁금하신 사항이 있으신 경우 고객행복센터로 문의하시면 신속한 도움 드릴 수 있도록 하겠습니다.

고객님이 소중한 말씀 귀 기울이며,
늘 신선하고 최상을 상품을 전달해 드리기 위해 최선을 다하는 컬리가 되겠습니다. 

감사합니다.
Better Life for All. Kurly"
도시락·밥류,어린이 볶음밥 3종 (5개입) (택1),집으로 ON,https://www.kurly.com/goods/1000065844,14950,11934,2025.06.22,아기가 좋아해서 자주 사요
