product_title,product_url,price,review_date,nickname,rating,review_text
[온더고] 간편 미식 덮밥 도시락 4종 (택1),https://www.kurly.com/goods/5135831,6000,2025.07.09,,,"간단하게 한 끼, 비빔밥 좋아요!
소고기 비빔밥에 다양한 채소와 달걀 후라이까지 모두 들어있어요. 영양소적인 면에서도 좋고 고소하고 맛있네요. 
비빔밥의 양념장이 고추장 베이스니까 많이 맵진 않더라도 아이들에게 줄 때에는 양념장을 조금 덜어내도 될 것 같아요. 가운데 부분에 있으니까 덜어내기 쉬워요.
양도 딱 적당하고 전자레인지에서 뚜껑 비닐 벗기지 않고도 골고루 잘 데워져서 먹기 좋았어요. 
온더고 다른 시리즈들도 맛있는데 소고기 비빔밥이 손이 먼저 가네요. 기대했던대로 맛있었어요. 
간단한 도시락이나 냉동실 비상 식량으로 추천합니다."
[온더고] 간편 미식 덮밥 도시락 4종 (택1),https://www.kurly.com/goods/5135831,6000,2025.04.15,,,"후기 귀찮아서 이렇게 까지 안쓰는데 진짜 맛있어요! 
일반 컵밥같은거랑 비교도 안될정도로 풍성합니다 물론 가격 차이가 있겠지만 아무튼 귀차니즘이나 자취생들에게는 외식이나 컵밥, 라면 보다 최고에요
레토르트 맛에 되게 민감?한 편인데 1도 안나고 그냥 집밥 얼려둔거 해동해 먹는맛
조리도 전자렌지에 툭 넣고 뚜껑만 뜯어 먹으면 되니까 편해요 특히 비빔밥이 나물도 많고 소고기 다진것도 씹히고 양념도 맛있고 양도 많고 짜지 않아서 너무 좋더라고 진짜 집밥 먹는 기분 오징어 제육덮밥도 고기나 오징어 야채가 큼지막하게 많이 들어가 있어서 좋아요 
밥해먹기 귀찮은날 한번씩 먹고있는데 다 먹으면 다른 것도 먹어볼게요"
[온더고] 간편 미식 덮밥 도시락 4종 (택1),https://www.kurly.com/goods/5135831,6000,2025.02.13,,,"요즘 물가가 너무 비싸 점심식사라도 아껴보려고 친구에게 추천받아 구매해봤습니다~
1) 돈까스카레는 에어프라이기가 아니라 바삭하진 않지만 푸짐한 양과 맛있는 카레의 조화가 좋았고,
2) 불고기카레는 모짜렐라 치즈가 들어있어 더 맛있고 중독성있었어요. 제가 카레를 많이 좋아하긴 합니다~
3) 전주비빔밥은 모든것이 다 들어있고 계란후라이가 들어있으니 너무 맛있고 푸짐했습니다. 한끼 식사로 너무 좋아요,,
3) 김치제육은 매콤한맛이라 중간중간 느끼할 때 먹어주면 너무 좋을만큼 맛있었어요!
특히 김치가 맛있었습니다.
별다른거 없이 전자레인지에 돌려주기만 하면 되니 너무 간편하고 보관하기도 좋았어요~
재구매 하려 합니다~"
[온더고] 간편 미식 덮밥 도시락 4종 (택1),https://www.kurly.com/goods/5135831,6000,2025.09.22,,,온더고 도시락이 제일 맛있어요.비빔밥도 내용도 좋고 계란도 들었어요.
[온더고] 간편 미식 덮밥 도시락 4종 (택1),https://www.kurly.com/goods/5135831,6000,2025.09.22,,,조금 매워요. 온더고 도시락이 제일 맛있어요.
[온더고] 간편 미식 덮밥 도시락 4종 (택1),https://www.kurly.com/goods/5135831,6000,2025.09.22,,,온더고 도시락이 제일 맛있어요.
[온더고] 간편 미식 덮밥 도시락 4종 (택1),https://www.kurly.com/goods/5135831,6000,2025.09.22,,,아침에 아들이 간단히 먹을때 아주 좋아요
[온더고] 간편 미식 덮밥 도시락 4종 (택1),https://www.kurly.com/goods/5135831,6000,2025.09.22,,,자주 시켜 먹을 정도로 맛있어요 ㅠㅠ
[온더고] 간편 미식 덮밥 도시락 4종 (택1),https://www.kurly.com/goods/5135831,6000,2025.09.22,,,자주 시켜 먹을 정도로 맛있어요!
[온더고] 간편 미식 덮밥 도시락 4종 (택1),https://www.kurly.com/goods/5135831,6000,2025.09.22,,,냉동비빔밥같지 않아요 굿
[2개 사면 33%][제일맞게컬리] 현미곤약 주먹밥 3종 (택1),https://www.kurly.com/goods/1001191650,6000,2025.08.07,,,"몇번째 재구매하는 제품입니다.
저희집에서는 종류별로 삼각김밥을 구입해서 냉동실에 쟁여두고 있어요 
출근길 등원길 외출길에 준비가 안되어있을때마다 너무 잘 이용하고 있거든요

그러던중 삼각김밥이지만 조금은 다이어트에 도움이 되고싶은 마음에 
(365일 다이어트중이라...)
cj와 컬리의 합작품인 현미곤약주먹밥을 구입했는데
여러가지 시리지중에서 김치베이컨이 저희집에서 제일 인기가 많네요 
저도 그렇지만 초등아이도 좋아하는 맛이에요 

사실 맛은 좋은데 간편한음식은 많이 없잖아요
그치만 김치베이컨 현미곤약 주먹밥은 맛도 좋고 간편해요 
특히 곤약때문에 톡톡터지는 식감때문에 재밋게 먹을 수 있네요

살짝 매콤하지만 충분히 초등고학년 아이도 먹을 수 있는 매움이에요
하나먹는다고 배부름은 아니지만 
바쁜일상에 가볍게 한끼로 추천합니다

칼로리 155kcl
전자레인지1:30~2분정도 돌리면 완성"
[2개 사면 33%][제일맞게컬리] 현미곤약 주먹밥 3종 (택1),https://www.kurly.com/goods/1001191650,6000,2025.07.25,,,"두번째 구매예요,처음 구매때 먹어보고 반한맛입니다
간장베이스랑 닭가슴살이랑 밥이랑 정말 잘 어우러져서 넘 맛있게 먹었어요,그리고 짜지않으면서  감칠맛이 있어서 렌지에 2개데워 먹었는데 3개 먹을뻔 했어요  재구매한것 오늘은 토마토 스프랑
또 맛나게 먹었습니다"
[2개 사면 33%][제일맞게컬리] 현미곤약 주먹밥 3종 (택1),https://www.kurly.com/goods/1001191650,6000,2025.04.10,,,"다이어트 하는데 전주비빔, 고추장 이런 맛 좋아한다? 🙌🏻 ❕❕ 당장 사시오👍🏻❗️❗️

전주비빔이랑 고추장 맛 좋아하는데 맨~날 다이어트한다고 조금씩 참고 곤약 주먹밥 되게 많이 사봤는데요. 곤약 딱딱한 식감, 애매한 맛이 실망했는데 이건 맛있어요 !!!
사진처럼 개별포장으로 5개 들어있어서 할인하면 사먹을만해요. 해동 안된 상태로 살짝 봉투 뜯어서 전자렌지에 2분 데우면 딱 좋아요. 😚
곤약 식감 다른 곤약 주먹밥에 비해서 확실히 적고 맛있구요. 과하지 않게 비빔, 고추장 맛 나서 진짜루 맛있고 또 인위적인맛 xx 아님 ! 맛있어요. 
〰️
✔️개별 포장 5개입
✔️딱 전주 비빔맛
✔️전자렌지에 편하게 먹을 수 있음
✔️세일할 때 사셔용 ㅋㅋ !!"
[2개 사면 33%][제일맞게컬리] 현미곤약 주먹밥 3종 (택1),https://www.kurly.com/goods/1001191650,6000,2025.09.22,,,김치도 맛있어요 먹기편함
[2개 사면 33%][제일맞게컬리] 현미곤약 주먹밥 3종 (택1),https://www.kurly.com/goods/1001191650,6000,2025.09.22,,,먹어보고 재주문했어요
[2개 사면 33%][제일맞게컬리] 현미곤약 주먹밥 3종 (택1),https://www.kurly.com/goods/1001191650,6000,2025.09.21,,,살짝 짭짤하지만 다이어트 할때 자극적인 맛이 샹각날때 먹기 좋은것 같아요.
[2개 사면 33%][제일맞게컬리] 현미곤약 주먹밥 3종 (택1),https://www.kurly.com/goods/1001191650,6000,2025.09.21,,,"적당히 매콤하니 좋아요. 
양은 한개로는 부족하네요."
[2개 사면 33%][제일맞게컬리] 현미곤약 주먹밥 3종 (택1),https://www.kurly.com/goods/1001191650,6000,2025.09.21,,,늘 먹던 제품이에요 간편하게 먹기 좋아요!
[2개 사면 33%][제일맞게컬리] 현미곤약 주먹밥 3종 (택1),https://www.kurly.com/goods/1001191650,6000,2025.09.21,,,간단히 저녁먹을때 먹으려 샀어요
[2개 사면 33%][제일맞게컬리] 현미곤약 주먹밥 3종 (택1),https://www.kurly.com/goods/1001191650,6000,2025.09.21,,,건강해지려고 샀어요
[햇반/쿡반] 노릇노릇 주먹밥 500g 6종 (택1),https://www.kurly.com/goods/1000185462,6000,2025.01.15,,,"가볍게 먹을 아침식사 대용으로 주문했어요. 
버터장조림주먹밥이면 나름 탄단지도 균형있을 식단이고 맛도 좋을 것 같아서요. 1개 당 180키로칼로리로 열량도 나쁘지 않구요. 

조리 방법은 전자렌지 또는 에어프라이기이구요. 전자렌지만 있는 관계로 전자렌지에서만 해동시켜서 먹어봤어요. 
먼저는 전자렌지 전용용기에 담아 약 2분 해동시켰는데 이렇게 먹는게 좀 더 촉촉한 느낌입니다. 안에 장조림도 실하게 들어 있어서 아침 식사 거하게 안 먹는 분은 딱일 거 같아요. 
전용 용기에 담지 못할만큼 바쁠 땐 봉지 위를 살짝 뜯어서 약 2분 돌리면 되는데 저는 일부러 30초씩 끊어서 돌렸어요. 바쁜 아침엔 이렇게라도 챙겨먹으면 좋을 거 같아요. 
위에 김을 잘라서 도시락 싸도 괜찮을 거 같아 남은 걸로는 그렇게 도전해볼 생각입니다. 다른 맛들로도 구매해보고 싶네요^^"
[햇반/쿡반] 노릇노릇 주먹밥 500g 6종 (택1),https://www.kurly.com/goods/1000185462,6000,2024.08.27,,,"햇반쿡반 불고기 주먹밥 우리집 냉동실 붙박이템이야. 불고기랑 밥이 정말 잘 어울려서 한 입 먹자마자 계속 손이 갔어. 
불고기의 달달하면서도 짭짤한 양념이 밥에 잘 배어있어서 간이 딱 맞아. 
게다가 밥도 그냥 밥이 아니라, 촉촉하고 고슬고슬한 식감이 좋아서 입안에서 잘 넘어가.  

주먹밥 크기도 적당하고, 한 끼로도 충분히 든든해. 
바쁜 아침이나 간편하게 먹고 싶을 때 전자레인지에 돌리기만 하면 되니까 정말 편리해. 
주먹밥이라 포크나 젓가락 필요 없이 손으로 먹을 수 있어서 더 간편하고 좋더라.

너도 한 번 먹어봐, 이거 진짜 강추야! 
맛있고 간편하게 한 끼 해결할 수 있어서 계속 사게 될꺼야 ㅎㅎㅎ"
[햇반/쿡반] 노릇노릇 주먹밥 500g 6종 (택1),https://www.kurly.com/goods/1000185462,6000,2024.08.20,,,"원래 냉동밥은 크게 기대하지 않고 시키는데
의외로 너무 맛있게 먹었네요. 김치가 많이 씹히지는 않지만 김치맛이 많이 느껴지고 다 먹고 나면 입안이 은근 알싸한 게 순하게 매운맛이에요. 
출출했는데 배송와서 바로 한 개 전자레인지에 돌렸더니 김이 모락모락나는 촉촉한 주먹밥 2분 만에 완성이고 은근 배가 부릅니다. 아마 안에 들어있는 모짜렐라 치즈도 한 몫하지 않을까 싶네요. 쭉쭉 늘어나고 고소한 게 요즘 논란이 되고 있는 가짜 치즈는 아닌 것 같아 안심이에요. 칼로리도 생각보다 낮아서 여느 고칼로리 간식보다 건강한 간식으로도 제격이네요.  사진에 유통기한도 참고하셔서 현명한 소비하세요. 적극 추천합니다!!"
[햇반/쿡반] 노릇노릇 주먹밥 500g 6종 (택1),https://www.kurly.com/goods/1000185462,6000,2025.09.22,,,좋아요 잘 산거 같아요 재구매각
[햇반/쿡반] 노릇노릇 주먹밥 500g 6종 (택1),https://www.kurly.com/goods/1000185462,6000,2025.09.22,,,계속 구매중. 비상용 식량
[햇반/쿡반] 노릇노릇 주먹밥 500g 6종 (택1),https://www.kurly.com/goods/1000185462,6000,2025.09.22,,,자주구매해요 간편하고 맛있어요
[햇반/쿡반] 노릇노릇 주먹밥 500g 6종 (택1),https://www.kurly.com/goods/1000185462,6000,2025.09.22,,,아이들이 주먹밥 중에서 이게 제일 맛있대요
[햇반/쿡반] 노릇노릇 주먹밥 500g 6종 (택1),https://www.kurly.com/goods/1000185462,6000,2025.09.22,,,아이들 간식 편하고 맛있어요
[햇반/쿡반] 노릇노릇 주먹밥 500g 6종 (택1),https://www.kurly.com/goods/1000185462,6000,2025.09.22,,,남편 간식으로 구비해둡니다
[햇반/쿡반] 노릇노릇 주먹밥 500g 6종 (택1),https://www.kurly.com/goods/1000185462,6000,2025.09.21,,,간편하게 먹기 좋은데 맛도 좋아요 :)
[햇반] 백미밥 210g*24입,https://www.kurly.com/goods/5099455,6000,2023.01.09,,,"1인가구에  정말 필요한 밥이죠 
코로나로인해  혼자 밥먹는 날이 많아서 
최근들어서 햇반을 몆박스로 주문해서 먹는데
정말 너무 편하네요 !!!!

똥손이라 음식을 잘하지도 못하고 
밥을 밥솥에 해도 어떤날은 설익고 어떤날은 
꼬들밥이되고 뭐가문제인지 ㅋ 
그런날도 많다보니 버리는 밥도 꽤되고
잘지어서 먹는날도 있는데.
밥이 또 일주일 지나서 버리게 되고 

그러다 햇반 세일하길래 두박스를 주문했더니 
너무 편하네요  
요즘편하게 밥먹어서 먹을때마다 야호 ~ 소리가 
저절로 나네요  ㅋ ㅋ
배달음식 시키고 햇밥만 데우면 밥차리기 ~ 끝
하루는 된찌. 하루는 김치찌개. 
이런식으로 먹다보니 24개가 금방 없어지네요 
저저럼 똥손이고 음식못하시는분들 
이렇게 드셔보세요

유통기한도 길구요 먹다보면 밥도 맛나서 
금방 한박스가 사라집니다 ~ 
쉽게 먹고 그릇만 헹궈 재활용 버리고 설겆이도 걱정없어요.
햇반 만드신분 존경합니다 ^^
3번째 자구매 들어갑니다 ~"
[햇반] 백미밥 210g*24입,https://www.kurly.com/goods/5099455,6000,2025.09.22,,,햇반 할인가로 사서 득템기분ㅋㅋ 좋네용ㅎ
[햇반] 백미밥 210g*24입,https://www.kurly.com/goods/5099455,6000,2025.09.22,,,누구나아는 그맛입니다
[햇반] 백미밥 210g*24입,https://www.kurly.com/goods/5099455,6000,2025.09.22,,,햇반은 비상용으로 필수ㅋㅋ
[햇반] 백미밥 210g*24입,https://www.kurly.com/goods/5099455,6000,2025.09.21,,,쿠폰있어서 저렴히 구매합니다
[햇반] 백미밥 210g*24입,https://www.kurly.com/goods/5099455,6000,2025.09.21,,,"마트에서 세일할때보다 조금 비싼데
할인쿠폰으로 저렴하게 샀어요.
아이셋이라 햇반은 항상 비상대기 구비합니다.
잘 먹겠습니다.
또 주문하겠습니다 ^^"
[햇반] 백미밥 210g*24입,https://www.kurly.com/goods/5099455,6000,2025.09.21,,,쿠폰덕에 잘 샀어요
[햇반] 백미밥 210g*24입,https://www.kurly.com/goods/5099455,6000,2025.09.21,,,세일할때마다 사둬요..
[햇반] 백미밥 210g*24입,https://www.kurly.com/goods/5099455,6000,2025.09.21,,,맛있게 잘 먹고있습니다.
[햇반] 백미밥 210g*24입,https://www.kurly.com/goods/5099455,6000,2025.09.21,,,"가격도 저렴하고 비상용으로 구매해요 
집앞까지 새벽배송해주니까 넘 편하고 좋아요"
[차려낸] 대파 풍미를 더한 새우볶음밥 (4개입),https://www.kurly.com/goods/1001502057,6000,2025.09.09,,,"(차려낸) 대파 풍미를 더한 새우볶음밥을 먹어봤는데 기대 이상으로 만족스러웠어요. 보통 냉동 볶음밥은 밥알이 눅눅하거나 재료가 적은 경우가 많은데, 이 제품은 직화솥 방식으로 볶아서 그런지 밥알이 고슬고슬하고 식감이 살아 있더라고요. 꼭 중국집 에서 시켜먹는 볶음밥 맛 처럼 맛있었어요.

무엇보다 큼직한 새우가 군데군데 들어 있어 한 숟가락 뜰 때마다 탱글한 식감을 느낄 수 있었던 게 좋았습니다. 대파 기름이 베어 있어서 고소하면서도 은은한 향이 나는 점도 매력적이었어요. 조리법도 간단해서 바쁠 때 전자레인지에 돌려 먹으면 4분 안에 한 끼가 해결되니 정말 편리했습니다. 간도 적당해서 아이와 함께 먹기에도 괜찮았고, 저는 스크램블 에그를 추가해 먹으니 더 풍성한 맛이 나더군요. 계란후리이 또는 짜장소스를 같이 넣어서 먹어도 맛있을것 같아요. 양도 230g이라 성인 여성 한 끼 식사로 충분했어요. 냉동실에 쟁여 두면 든든한 제품이라 앞으로도 재구매 의사가 있습니다. 냉동 볶음밥 중에서는 확실히 만족도가 높은 편이에요.

1인 가정 및 볶음밥을 좋아하시는 분들에게 강력추천드립니다.


저의 후기가 도움이 된다면 “도움돼요” 꼭 눌러주세요.
⭐️⭐️⭐️⭐️⭐️ (5/5)  
내돈내산 솔직후기였습니다."
[차려낸] 대파 풍미를 더한 새우볶음밥 (4개입),https://www.kurly.com/goods/1001502057,6000,2025.08.24,,,"새우볶음밥을 이번에는 조금 색다르게 즐겨봤어요. 그냥 먹어도 맛있지만, 집에 있던 숙주랑 부추를 넣어서 함께 볶아봤더니 또 다른 매력이 있더라고요.

숙주가 아삭아삭한 식감을 더해줘서 씹는 재미가 있었고, 부추는 향긋함을 살려줘서 볶음밥 전체 풍미가 훨씬 살아났습니다. 원래도 통통한 새우가 들어 있어서 맛있는데, 신선한 채소까지 곁들이니 마치 집에서 만든 맞춤 요리 같은 느낌이 들었어요.

간이 세지 않은 기본 맛이라 다른 재료와도 잘 어울려서 응용하기에 딱 좋았습니다. 덕분에 한 끼 식사지만 훨씬 푸짐하고 건강하게 먹을 수 있어서 만족스러웠습니다. 앞으로는 그냥 먹는 것뿐만 아니라 이렇게 재료를 추가해서 다양한 방법으로 즐겨보려고 합니다!! 컬리에서 볶음밥 정말 많이 먹어봤지만, 이번 새우볶음밥 강추해요!"
[차려낸] 대파 풍미를 더한 새우볶음밥 (4개입),https://www.kurly.com/goods/1001502057,6000,2025.08.24,,,"처음에는 간단하게 한 끼 때우려는 마음으로 새우볶음밥을 구매했는데, 예상보다 훨씬 만족스러웠습니다.😋
무엇보다도 칵테일 새우가 넉넉하게 들어 있어서 따로 재료를 더 추가하지 않아도 충분히 퀄리티 높은 볶음밥을 완성할 수 있었어요!!
새우의 식감도 탱글탱글해서 씹을 때마다 식감이 살아있고, 해산물 특유의 비린 맛 없이 깔끔한 맛이 인상적이었습니다.👍🏻
보통 볶음밥을 만들 때 파기름을 내거나 불맛을 내기 위해 이것저것 신경 써야 할 일이 많은데, 이 제품은 그런 번거로움이 전혀 없어요.
간단히 팬에 볶기만 해도 마치 중식당에서 바로 볶아낸 것처럼 불향이 가득 느껴지고, 밥알 하나하나가 기름에 잘 코팅되어 있어 고슬고슬하면서도 촉촉한 식감을 그대로 유지하고 있어요.👍🏻
전체적으로 간도 아주 잘 맞아서 짜지도 않고, 그렇다고 싱겁지도 않아 누구나 부담 없이 먹을 수 있는 맛입니다.
특히 중식 볶음밥 특유의 불향을 좋아하는 분들이라면 분명 만족하실 거예요.
냉동볶음밥이 이 정도 퀄리티라면 자주 사 먹을 만하다고 생각합니다.
바쁜 아침이나 간단한 점심 한 끼, 야식으로도 강력 추천합니다!🥳🥳🥳
인생 새우볶음밥으로 임명!!!👍🏻"
[차려낸] 대파 풍미를 더한 새우볶음밥 (4개입),https://www.kurly.com/goods/1001502057,6000,2025.09.22,,,맛있게 잘  먹겠습니다
[차려낸] 대파 풍미를 더한 새우볶음밥 (4개입),https://www.kurly.com/goods/1001502057,6000,2025.09.22,,,"김치볶음밥 맛있어서 새우볶음밥도 같이 주문했어요
귀찮을 때 편하게 해 먹기 좋아요"
[차려낸] 대파 풍미를 더한 새우볶음밥 (4개입),https://www.kurly.com/goods/1001502057,6000,2025.09.21,,,새우알도 많이들었고 다른반찬없이도 괜찮네요
[차려낸] 대파 풍미를 더한 새우볶음밥 (4개입),https://www.kurly.com/goods/1001502057,6000,2025.09.21,,,첨 주문해 봅니다.
[차려낸] 대파 풍미를 더한 새우볶음밥 (4개입),https://www.kurly.com/goods/1001502057,6000,2025.09.21,,,새우 크기가 다른 볶음밥보다 크네요 맛괜찮아요
[차려낸] 대파 풍미를 더한 새우볶음밥 (4개입),https://www.kurly.com/goods/1001502057,6000,2025.09.21,,,볶음밥 어디에나 잘어울려요
[차려낸] 대파 풍미를 더한 새우볶음밥 (4개입),https://www.kurly.com/goods/1001502057,6000,2025.09.21,,,"새우는 많이 들어있는데 대파 풍미는
잘 안나요. 양은 적당해요"
[컬리X햇반] 향긋한 골든퀸쌀밥 210g*6입,https://www.kurly.com/goods/1000202889,6000,2025.03.09,,,"🍚✨컬리*햇반 향긋한 골든퀸쌀밥 210g 6입✨🍚

이 밥을 먹어본 뒤로 그냥 쌀밥은 만족이 안 됩니다..
진짜 구수하고 맛있어요😋
하나 데워서 나눠 먹는데 가끔은 모자라지만 대부분 충족이 됩니다ㅎㅎ 
그냥 김에 싸서 먹어도 맛있고!
소세지 볶음에 골든퀸쌀밥! 
어떤 반찬과 같이 먹든 이 밥만 있으면 됩니다👍
구수한 누룽지향~✨☺️

저는 쌀도 누룽지향 나는 것을 좋아해서
항상 먹는 브랜드만 먹는데요.
이 컬리*햇반 골든퀸쌀밥은 바로 그 맛이 나요!
갓 지은 구수한 누룽지 향기 가득한 윤기나는 흰 쌀밥🍚✨
어머니도 이거 드셔보시고 맛있다고 하셔서 챙겨드렸네요.

대용량 나오면 쟁여두고 먹고싶은 제품입니다.
또 구매하러 왔어요❤️"
[컬리X햇반] 향긋한 골든퀸쌀밥 210g*6입,https://www.kurly.com/goods/1000202889,6000,2023.11.26,,,"한번 먹어보고싶었는데
할인해서 구매해봤어요
케이스가 눈으로 봐도 이쁘네요
밥맛은 어떨까 기대하며 먹었는데 역시 다른 햇반보다 더 고소하네요^^"
[컬리X햇반] 향긋한 골든퀸쌀밥 210g*6입,https://www.kurly.com/goods/1000202889,6000,2023.11.24,,,"재구매입니다. 햇반 특유의 냄새가 싫어서 웬만하면 즉석밥은 잘 먹지않는 편인데, 이 밥은 진짜 갓 지은 것 처럼 너무 맛나게 먹었어요. 즉석밥이라는 생각이 안 들정도로요 강추합니다!"
[컬리X햇반] 향긋한 골든퀸쌀밥 210g*6입,https://www.kurly.com/goods/1000202889,6000,2025.09.22,,,밥 맛잇어서 자주 구매해요 굿
[컬리X햇반] 향긋한 골든퀸쌀밥 210g*6입,https://www.kurly.com/goods/1000202889,6000,2025.09.21,,,쿠폰써서 저렴히 구매했습니다.
[컬리X햇반] 향긋한 골든퀸쌀밥 210g*6입,https://www.kurly.com/goods/1000202889,6000,2025.09.21,,,밥이 찰기도 좋고 향도 좋아요
[컬리X햇반] 향긋한 골든퀸쌀밥 210g*6입,https://www.kurly.com/goods/1000202889,6000,2025.09.21,,,할인해서 좋은 가격에 샀어요
[컬리X햇반] 향긋한 골든퀸쌀밥 210g*6입,https://www.kurly.com/goods/1000202889,6000,2025.09.21,,,어떤건 되게 구수하고 부드럽고 맛있는데 어떤건 뻣뻣하고 떡져있네요
[컬리X햇반] 향긋한 골든퀸쌀밥 210g*6입,https://www.kurly.com/goods/1000202889,6000,2025.09.21,,,확실히 찰지고 맛있어요 품종이 다르네용
[컬리X햇반] 향긋한 골든퀸쌀밥 210g*6입,https://www.kurly.com/goods/1000202889,6000,2025.09.21,,,자취생아들 밥떨어졌대서
[올반] 새우볶음밥 (4개입),https://www.kurly.com/goods/5031704,6000,2024.03.20,,,"처음 사봤는데 너무 맛있었어요. 저는 전자레인지에 돌리지 않고 팬에 한 번 볶아서 먹어봤어요.

1. 후라이팬에 카놀라유를 두른다.
2. 팬이 충분히 달궈지면 따로 썰어둔 마늘, 냉동 새우를 첨가해서 볶는다.
3. 마늘향이 올라올 즈음 올반볶음밥을 넣고 3분 가량 볶는다.
4. 노르스름한 색이 날 즈음 짜장소스를 전자레인지에 1분 정도 따로 돌린다.
5. 접시에 옮겨담고 밥 위에 짜장소스를 담는다.

저희집 전자레인지가 700w 인데 짜장소스는 1분만 돌려도 충분하더라구요. (2분 돌렸다가 약간 탐..)

저는 마늘이랑 버섯, 새우는 첨가해서 볶긴 했지만 굳이 넣지 않아도 충분히 재료가 탄탄한 편이예요. 맛있고 간편하게 한끼 해결 잘했습니다."
[올반] 새우볶음밥 (4개입),https://www.kurly.com/goods/5031704,6000,2023.06.04,,,"새우볶음밥을 먹고 싶어서 주문했어요.
냉동 짜장소스4개, 냉동 볶음밥4개가 개별포장으로 들어 있어요. 여자인 저에게 양은 좀 작은 듯합니다만. 소식하시는 분은 넉넉할지도…. ^^!‘ 전 계란과 양배추를 더 넣고 버터 한조각 넣어 볶다가 명란마요네즈랑 케찹을 넣어 조금 아이들 입맛으로 먹었습니다. 재료를 부과하시면 좀 더 맛있어요. 볶으실 때 기름 따로 넣으실 필요 없으시고 그냥 볶아주시면 밥알이 살아납니다."
[올반] 새우볶음밥 (4개입),https://www.kurly.com/goods/5031704,6000,2023.05.24,,,"마켓컬리 볶음밥 중 최애 볶음밥!!
몇 번을 재구매 했는지 모르겠네요 ㅎㅎ
이번엔 가족들 해주려고 4인분 한번에 조리했어요 가족들도 다 맛있어해요
저는 계란을 스크램블 처럼 조리 후 볶음밥이랑 같이 볶았더니 더 부드럽고 좋네요 ㅎㅎ
아이들이 좋아할 맛이에요! 
새우도 많이 들어있어요 강추합니다!!"
[올반] 새우볶음밥 (4개입),https://www.kurly.com/goods/5031704,6000,2025.09.22,,,얼마 전에 구매해서 다 먹고 재구매요. 온 가족이 정말 맛있게 먹어요. 급하게 먹을 때 간단히 먹기도 좋아요
[올반] 새우볶음밥 (4개입),https://www.kurly.com/goods/5031704,6000,2025.09.22,,,간단히 먹으려구 구입했어요. 볶음밥은 괜찮은데 짜장소스가 너무 달아서 별루네요...
[올반] 새우볶음밥 (4개입),https://www.kurly.com/goods/5031704,6000,2025.09.22,,,후기가 좋아서 구매해봅니다
[올반] 새우볶음밥 (4개입),https://www.kurly.com/goods/5031704,6000,2025.09.21,,,중국집에 서 먹는 그 맛이예요 맛있어요
[올반] 새우볶음밥 (4개입),https://www.kurly.com/goods/5031704,6000,2025.09.21,,,"새우볶음밥 맛있어요.
양도 넉넉, 맛도 좋아요"
[올반] 새우볶음밥 (4개입),https://www.kurly.com/goods/5031704,6000,2025.09.21,,,"맛도 인정, 짜장소스 동봉은 감동"
[올반] 새우볶음밥 (4개입),https://www.kurly.com/goods/5031704,6000,2025.09.21,,,"갠찮네요
짜장소스가 있어서 잘먹어요"
[오뚜기] 오뚜기밥 실속 210gX12,https://www.kurly.com/goods/1000169817,6000,2025.09.21,,,맛있었어요 가성비좋게 잘 샀습니다ㄴ
[오뚜기] 오뚜기밥 실속 210gX12,https://www.kurly.com/goods/1000169817,6000,2025.09.21,,,항상감사합니다~~~~
[오뚜기] 오뚜기밥 실속 210gX12,https://www.kurly.com/goods/1000169817,6000,2025.09.21,,,괜찮아요 좋아요 맛있어요
[오뚜기] 오뚜기밥 실속 210gX12,https://www.kurly.com/goods/1000169817,6000,2025.09.21,,,오뚜기밥이 맛도 좋고 양도 많고 렌지 넣기 전 밥 따기도 쉽고 좋아요 두 박스 샀는데 추천합니다
[오뚜기] 오뚜기밥 실속 210gX12,https://www.kurly.com/goods/1000169817,6000,2025.09.21,,,항상 오뚜기햇반만 사먹어요 맛잇어요
[오뚜기] 오뚜기밥 실속 210gX12,https://www.kurly.com/goods/1000169817,6000,2025.09.21,,,항상오뚜기햇반만 사먹네요~~ 맛잇어요~
[오뚜기] 오뚜기밥 실속 210gX12,https://www.kurly.com/goods/1000169817,6000,2025.09.21,,,자취생 필수템이여 할인 중이라 바로 구매했습니다
[오뚜기] 오뚜기밥 실속 210gX12,https://www.kurly.com/goods/1000169817,6000,2025.09.20,,,저렴하게 구매해서 좋아요 간편합니다
[오뚜기] 오뚜기밥 실속 210gX12,https://www.kurly.com/goods/1000169817,6000,2025.09.20,,,쿠폰도 써서 싸게 잘 샀어요
[오뚜기] 오뚜기밥 실속 210gX12,https://www.kurly.com/goods/1000169817,6000,2025.09.20,,,"즉석밥하면 오뚜기밥 210g 최고임!!!
소비기한 2026년 05월 28일 넉넉해요!!!"
[햇반] 라이스플랜 파로통곡물밥 190g*4입,https://www.kurly.com/goods/1001171769,6000,2025.08.06,,,"취향저격템 … 을 만나버렸습니다. 햇반은 앞으로 이 파로통곡물밥으로 정착하려고 합니다 !🍚🍚🍚

장바구니에 담을 땐 “이렇게라도 저속노화를 시도해보자^.^…”는 마음에 담은건데, 한 번 먹고나니 순전히 “맛있어서” 자꾸 찾게 되네요.

우선 식감이 너무너무 좋아요. 파로통곡물밥이라 통곡물 특유의 그 씹히는 맛이 너무 좋네요. 그 씹히는 맛 느끼려고 꼭꼭 씹어먹게 되네요! 평소 밥 진짜 빨리 먹는 편인데, 이거 먹으니까 속도가 느려졌어요. 

개인적인 소망이 있다면… 조금 더 적은 용량의 미니 파로통곡물밥이 나오면 너무너무 좋겠어요! 꼭꼭 씹어먹다 보니 금방 배가 찬 느낌이 들어서.. 조금 더 미니미한 용량이 있다면 부담스럽지 않게 딱 맞을 것 같은 느낌! 이 드네용 ㅎㅎ

저속노화는 물론이고 맛까지 챙길 수 있는 이 아이템.. 얼른 쟁이세요 >.< 🍚🍚🍚🍚"
[햇반] 라이스플랜 파로통곡물밥 190g*4입,https://www.kurly.com/goods/1001171769,6000,2025.09.22,,,저노화식단이라 관심 가져봅니다
[햇반] 라이스플랜 파로통곡물밥 190g*4입,https://www.kurly.com/goods/1001171769,6000,2025.09.22,,,다이어트 하고 있어서 재구매 했어요
[햇반] 라이스플랜 파로통곡물밥 190g*4입,https://www.kurly.com/goods/1001171769,6000,2025.09.21,,,맛 좋고 가격도 좋아 또 주문했어요.  밥짓기 싫어 또 먹게 되네요.
[햇반] 라이스플랜 파로통곡물밥 190g*4입,https://www.kurly.com/goods/1001171769,6000,2025.09.21,,,건강한 밥 먹을 수 있어서 좋아요
[햇반] 라이스플랜 파로통곡물밥 190g*4입,https://www.kurly.com/goods/1001171769,6000,2025.09.21,,,"다이어트 한다고 이걸 샀네요
먹을만하데요"
[햇반] 라이스플랜 파로통곡물밥 190g*4입,https://www.kurly.com/goods/1001171769,6000,2025.09.20,,,밥이 구수하고 맛있어요
[햇반] 라이스플랜 파로통곡물밥 190g*4입,https://www.kurly.com/goods/1001171769,6000,2025.09.20,,,고준희님이 드신다길래 비싸긴 하지만 주문해봤는데 맛있는 것 같아요
[햇반] 라이스플랜 파로통곡물밥 190g*4입,https://www.kurly.com/goods/1001171769,6000,2025.09.20,,,파로밥 정말 맛있네요.
[햇반] 라이스플랜 파로통곡물밥 190g*4입,https://www.kurly.com/goods/1001171769,6000,2025.09.20,,,파로 통곡물밥 정말 맛있어요. 너무너무 고소하고 건강해지는 느낌이에요
[차려낸] 국산 김치로 만든 김치볶음밥 (4개입),https://www.kurly.com/goods/1001401863,6000,2025.07.31,,,"국산 김치가 재료로 들어가는 데가 잘 없어서 사 본 볶음밥이예요. 일단 김치볶음밥은 김치맛이랑 간이 참 중요한데 이 제품은 국산 재료들인 것도 맛도 전체적으로 너무 괜찮네요. 🥄한봉지 볶으면 순삭!
저는 한봉지 볶을 때마다 집에 있는 재료를 좀 바꿔가며 섞어 줬어요. 
양배추를 같이 썰어 넣거나,
브로콜리 데친 걸 넣거나,
방울토마토를 마지막에 살짝 익혀 넣기도,
루꼴라를 얹어서 향긋한 야채랑 먹는 것도
잘 어울려서 4봉지 들은 거 순삭하고
다시 재구매 했습니다 🤭🤭🤭🤭🥢
매운 정도는 맵찔이인 제가 먹기에도 적당해서
짜지도 달지도 않은 요런 김볶을 원했어요!!"
[차려낸] 국산 김치로 만든 김치볶음밥 (4개입),https://www.kurly.com/goods/1001401863,6000,2025.09.22,,,간편한 한끼식사로 좋아요
[차려낸] 국산 김치로 만든 김치볶음밥 (4개입),https://www.kurly.com/goods/1001401863,6000,2025.09.22,,,맛있게 잘 먹겠습니다
[차려낸] 국산 김치로 만든 김치볶음밥 (4개입),https://www.kurly.com/goods/1001401863,6000,2025.09.22,,,"국산김치로 만든 볶음밥 맛있어요. 
또 구입할꺼 같아요."
[차려낸] 국산 김치로 만든 김치볶음밥 (4개입),https://www.kurly.com/goods/1001401863,6000,2025.09.22,,,"차려낸 김치볶음밥 맛있어요
냉동실에 냉동다진야채 있는 거 더 넣고 먹으니 더 맛있네요"
[차려낸] 국산 김치로 만든 김치볶음밥 (4개입),https://www.kurly.com/goods/1001401863,6000,2025.09.22,,,특별한맛은아니긴한데끼니때우기 ㄱㅊ함
[차려낸] 국산 김치로 만든 김치볶음밥 (4개입),https://www.kurly.com/goods/1001401863,6000,2025.09.22,,,가격도 착하고 후기가 좋아서 주문
[차려낸] 국산 김치로 만든 김치볶음밥 (4개입),https://www.kurly.com/goods/1001401863,6000,2025.09.21,,,조리가 간편하고 국산김치라 구매함
[차려낸] 국산 김치로 만든 김치볶음밥 (4개입),https://www.kurly.com/goods/1001401863,6000,2025.09.21,,,간편하고 맛있어요. 배추가 씹혀서 좋아요
[차려낸] 국산 김치로 만든 김치볶음밥 (4개입),https://www.kurly.com/goods/1001401863,6000,2025.09.21,,,맛있어서 재주문했어요ㅋㅋㅋ
[햇반] 작은햇반 130g*6입,https://www.kurly.com/goods/1000165839,6000,2025.09.22,,,급합때 전자렌즈에 돌려 먹기 좋아 쟁여 놓네요.작은 공기라 좋아요.
[햇반] 작은햇반 130g*6입,https://www.kurly.com/goods/1000165839,6000,2025.09.21,,,저렴하게 구입해서 만족합니다.
[햇반] 작은햇반 130g*6입,https://www.kurly.com/goods/1000165839,6000,2025.09.21,,,작은햇반으로 한공기 딱 적당해요
[햇반] 작은햇반 130g*6입,https://www.kurly.com/goods/1000165839,6000,2025.09.21,,,적게 먹고 싶을때 좋은 양. 세일해서 샀어요
[햇반] 작은햇반 130g*6입,https://www.kurly.com/goods/1000165839,6000,2025.09.21,,,아이아침밥으리ㅡ편리해여
[햇반] 작은햇반 130g*6입,https://www.kurly.com/goods/1000165839,6000,2025.09.21,,,햇반 작은기 필요해서 샀아요
[햇반] 작은햇반 130g*6입,https://www.kurly.com/goods/1000165839,6000,2025.09.21,,,작은 용량이라 자주 시켜 먹어요
[햇반] 작은햇반 130g*6입,https://www.kurly.com/goods/1000165839,6000,2025.09.21,,,작은햇반도 비상용으로 있으면 좋아요
[햇반] 작은햇반 130g*6입,https://www.kurly.com/goods/1000165839,6000,2025.09.21,,,늘 쟁여두고 먹고 있어요
[햇반] 작은햇반 130g*6입,https://www.kurly.com/goods/1000165839,6000,2025.09.21,,,"늘 구매하는 햇반.
긴 말이 필요없죠.
혼자 간단히 먹을때 너무 좋아요"
[햇반] 100% 통곡물밥 130g*12입,https://www.kurly.com/goods/1001303875,6000,2025.05.29,,,"여름이라 살이 너무 쪄서 다이어트 하려고 주문했어요!
통현미나 곤약밥 시킬까하다가 마침 할인하고 있어서 통곡물밥으로 주문! (그 어떤 구매처보다 컬리가 가장 저렴했어요 컬리짱><)

현미 보리 흑미 귀리 등등 들어있고, 다양한 곡물 특히 보리 덕분에 식감이 다채로워진 느낌! 통현미 흑미는 톡톡 터지는 느낌으로 먹는데 이 밥은 거기에 보리의 쫄깃(?)찰진 느낌이 한스푼 더해진 것 같아요!

원래는 햇반 큰거 먹는 사람이지만 ,,, 그래도 다이어트니까,,,ㅠ 양은 130g이라서 부담없이 다 먹을 수 있는 양이에요! 

가족들 밥먹을때 저는 한팩 돌려서 같이 먹기도 하고, 따로 포케나 볶음밥에 활용하기도 좋습니다!!

밖에 나가서 포케 사먹으려하면 너무 비싼데 직접 만들어 먹으면 반의 반도 안들어가용!

햇반 통곡물밥 + 양상추(or 양배추) + 생양파 + 오이 + 닭가슴살, 소고기, 지고기뒷다리살 등 지방적은 단백질 넣고 스리라차뿌려서 비벼먹으면 그냥 사먹는 양! (마요네즈 1/3 스푼만 추가로 넣어도 훨씬 맛있어짐)

다먹으면 할인 안해도 구매할 것 같아요! 맛있습니당!!"
[햇반] 100% 통곡물밥 130g*12입,https://www.kurly.com/goods/1001303875,6000,2025.09.22,,,재구매했어요 양도 딱 좋고 밥먹을때 쌀밥 부담스러운데 이건 괜찮아요 쟁여두고 간만에 밥먹을때 하나씩 먹어요
[햇반] 100% 통곡물밥 130g*12입,https://www.kurly.com/goods/1001303875,6000,2025.09.21,,,건강위해 샀는데 양이랑 딱 좋네요
[햇반] 100% 통곡물밥 130g*12입,https://www.kurly.com/goods/1001303875,6000,2025.09.21,,,곡물이라 오독오독 씹는 맛도 재밌고 맛있어요!
[햇반] 100% 통곡물밥 130g*12입,https://www.kurly.com/goods/1001303875,6000,2025.09.21,,,"컬리가 최고입니다
김진수 대리 출근합니까5"
[햇반] 100% 통곡물밥 130g*12입,https://www.kurly.com/goods/1001303875,6000,2025.09.20,,,햇반 흰쌀밥이나 현미만 섞인 건 좀 그랬는데 이번에 통곡물밥이 나와서 너무 좋네요! 식감이 엄청 거칠지도 않고 톡톡 터지는 식감이 너무 좋고 맛있어요!!
[햇반] 100% 통곡물밥 130g*12입,https://www.kurly.com/goods/1001303875,6000,2025.09.20,,,밥이 고소하고 맛있어요.
[햇반] 100% 통곡물밥 130g*12입,https://www.kurly.com/goods/1001303875,6000,2025.09.19,,,다이어트 하기 양도딱!!
[햇반] 100% 통곡물밥 130g*12입,https://www.kurly.com/goods/1001303875,6000,2025.09.19,,,고소하고 양도 적당해서 햇반 중에 제일 맘에 듭니다
[햇반] 100% 통곡물밥 130g*12입,https://www.kurly.com/goods/1001303875,6000,2025.09.19,,,130그람 좋아요 쟁여템
[햇반/쿡반] 노릇노릇 볶음밥 2개입 8종 (택1),https://www.kurly.com/goods/1000184373,6000,2025.08.14,,,"평소 볶음밥 좋아해서 이것저것 사 먹는데,햇반 닭갈비 볶음밥은 항상 자주 구매하는 제품이예요. 전자레인지에 4~5분 돌려도 되구요.전 왠만하면 프라이팬에 볶아요. 왠지 더 맛있는 느낌이거든요.

첫 입 먹었을 때 닭갈비 특유의 양념 맛이 딱 느껴지고. 닭고기도 생각보다 큼직하게 들어 있어서 씹는 맛이 좋고, 모짜렐라 치즈가 살짝 녹아 매운맛도 잡아주구요.
집에 모짜렐라치즈가 있으심 더 넣어도 맛있더라구요.


양은 혼자 먹기에 딱 좋구요.많이 드시는분들은 살짝 부족하실수 있어요. 
계란후라이 하나해서 얹어 먹음 영양도 업그레이드 되구요. 
저희 아들은 대패 삼겹살 구워서 함께 먹음 부족함 없더라구요.

바쁜 날 간단한 한 끼로도 좋고, 야식으로도 괜찮을 것 같아요. 재구매 의사 100%입니다."
[햇반/쿡반] 노릇노릇 볶음밥 2개입 8종 (택1),https://www.kurly.com/goods/1000184373,6000,2025.06.02,,,"제가 좋아하는 낙지 볶음밥을 주문해 봤습니다. ᐟ. ᐟ

일단 가격은 합격, 2인분에 말도 안 되는 착한 가격인 거 같아요 ദ്ദി
1인분씩 개별 포장이라 냉동실에 넣어놓고 밥하기 귀찮은 날 먹기 너무 간편하고 좋아요

제가 먹어본 건 김치 스팸, 닭갈비인데 두 제품이랑 양념소스가 따로 들어있어요
전자레인지 조리도 가능하지만 좀 더 맛있게 먹으려고 후라이팬으로 조리했어요 'ᴗ'

후라이팬 조리라 해서 거추장스러울까 했는데 기름 두른 팬에 해동하지 않은 볶음밥을 넣고 잘 볶아주다가 밥이 하얗게 변하면 양념소스를 넣고 한 번 더 볶아주면 완성이에요

개인적으로 양념소스가 넉넉해서 흰밥을 조금 추가해서 드시면 더 많은 양으로 든든하게 드실 수 있을 거 같아요

낙지도 생각보다 여러 개 들어 가있고 간이 센 편이라 제 입맛에는 딱 맞았는데 양념이 우리가 아는 낙지 볶음밥 양념이 아니라 살짝 아쉬울 수 도 있으니 참고해주세요
그래도 김가루 더해서 먹으니깐 맛있네요 ❥

오늘도 귀찮은 아침 간단하고 든든하게 해결했어요 . ᐟ. ᐟ"
[햇반/쿡반] 노릇노릇 볶음밥 2개입 8종 (택1),https://www.kurly.com/goods/1000184373,6000,2025.02.25,,,"간단한 식사를 위해 구매한 햇반 스팸 김치볶음밥 입니다~~

후라이팬에 데워 먹어도 되고
간단하게 전자렌지에 데워 먹을 수도 있어요~

스팸이 적당한 크기로 썰어져 있고
짭쪼름한 김치가 더해져
맛없없 조합입니다~~

하지만 저는 한개로는 양이 살짝 부족하고
짭조름하게 느껴지네요~~

그래서 후라이팬에 볶을 때
미리 구매 해둔 볶음밥용 냉동 야채믹스를 조금 더 넣고
콘샐러드도 추가해서 먹어요~~

자연스럽게 양이 늘어나서 좋고
야채가 들어가니 간도 살짝 약해지고
콘샐러드 식감이 좋아서
더 맛있게 즐길 수 있어 좋아요^^

냉동야채믹스는 안 익은 채소이니
먼저 후라이팬에 볶다가
거의 익을 때쯤 볶음밥을 넣어요~~

냉동 상태의 볶음밥이지만
밥알이 한알한알 살아 있네요~~

그리고 냉동상태로 덩어리째 밥이 붙어 있다면 봉지안에서 먼저 부순 후 후라이팬에 넣어 주세요~~
그래야 훨씬 골고루 빨리 잘 데워 지더라구요

밥양이 부족하다면 밥을 살짝 더 추가 해줘도  좋고요~~

후라이까지 하나 똭 올려주면
남부럽지 않은 한끼 완성입니다~~

맛있는 햇반 스팸 김치볶음밥!!
간단한 한끼를 위해 추천드려요~~"
[햇반/쿡반] 노릇노릇 볶음밥 2개입 8종 (택1),https://www.kurly.com/goods/1000184373,6000,2025.09.21,,,달아서 좀 아쉽네요.
[햇반/쿡반] 노릇노릇 볶음밥 2개입 8종 (택1),https://www.kurly.com/goods/1000184373,6000,2025.09.21,,,"밥 약간 넣고 모짜렐라 치즈 추가한 후
계란 올리고 케찹 뿌려주면 아이들이
참 잘먹어요.
밥하기 싫을때 가끔 해먹는데 맛납니다.
또 주문하겠습니다 ^^"
[햇반/쿡반] 노릇노릇 볶음밥 2개입 8종 (택1),https://www.kurly.com/goods/1000184373,6000,2025.09.21,,,적당하게 맵고 고소하고 맛도 좋습니다  반찬없이 먹기엔 한봉지양은적네요
[햇반/쿡반] 노릇노릇 볶음밥 2개입 8종 (택1),https://www.kurly.com/goods/1000184373,6000,2025.09.21,,,간단하게 먹기 좋고 맛도 좋아요. 가격할인할때 좀 쟁여두고 필요할때마다 꺼내 먹어요.
[햇반/쿡반] 노릇노릇 볶음밥 2개입 8종 (택1),https://www.kurly.com/goods/1000184373,6000,2025.09.21,,,낙지비빔밥이 없어서 아쉬어요
[햇반/쿡반] 노릇노릇 볶음밥 2개입 8종 (택1),https://www.kurly.com/goods/1000184373,6000,2025.09.21,,,최애볶입니다. 급할때 간단하게~
[햇반/쿡반] 노릇노릇 볶음밥 2개입 8종 (택1),https://www.kurly.com/goods/1000184373,6000,2025.09.21,,,양념간장이 있어서 입맛에 맞게 가능~
[컬리X햇반] 향긋한 골든퀸현미밥 200g*6입,https://www.kurly.com/goods/1000832403,6000,2025.04.05,,,"최근 건강한 식사를 선호하는 소비자들 사이에서 인기를 끌고 있는 제품입니다.
현대인의 바쁜 일상 속에서도 건강한 식습관을 유지하고자 하는 사람들에게 안성맞춤인 제품입니다.

포장은 매우 실용적입니다. 지퍼형 포장으로 되어 있어 남은 밥을 쉽게 보관할 수 있고, 디자인 또한 깔끔하고 현대적이어서 시각적으로도 매력적입니다.

조리 방법도 간편합니다. 전자레인지를 이용해 약 2분 가량 데우기만 하면 맛있는 밥이 완성됩니다. 바쁜 아침이나 점심에 정말 유용하게 활용할 수 있죠. 또한, 끓는 물에 데우는 방법도 있어 상황에 따라 다양하게 조리할 수 있습니다.

결론적으로, 건강한 식사를 원하는 현대인들에게 특히 적합하며, 다양한 식단에 잘 어울리는 장점도 가지고 있습니다. 바쁜 일상 속에서도 간편하게 건강을 챙길 수 있는 그 가치를 충분히 발휘하는 제품입니다. 맛과 영양, 편리함을 모두 갖춘 이 제품은 일상 속에서 필요한 에너지를 충전하는 데 큰 도움이 될 것입니다."
[컬리X햇반] 향긋한 골든퀸현미밥 200g*6입,https://www.kurly.com/goods/1000832403,6000,2025.04.05,,,"최근 건강한 식사를 선호하는 소비자들 사이에서 인기를 끌고 있는 제품입니다.
현대인의 바쁜 일상 속에서도 건강한 식습관을 유지하고자 하는 사람들에게 안성맞춤인 제품입니다.

포장은 매우 실용적입니다. 지퍼형 포장으로 되어 있어 남은 밥을 쉽게 보관할 수 있고, 디자인 또한 깔끔하고 현대적이어서 시각적으로도 매력적입니다.

조리 방법도 간편합니다. 전자레인지를 이용해 약 2분 가량 데우기만 하면 맛있는 밥이 완성됩니다. 바쁜 아침이나 점심에 정말 유용하게 활용할 수 있죠. 또한, 끓는 물에 데우는 방법도 있어 상황에 따라 다양하게 조리할 수 있습니다.

결론적으로, 건강한 식사를 원하는 현대인들에게 특히 적합하며, 다양한 식단에 잘 어울리는 장점도 가지고 있습니다. 바쁜 일상 속에서도 간편하게 건강을 챙길 수 있는 그 가치를 충분히 발휘하는 제품입니다. 맛과 영양, 편리함을 모두 갖춘 이 제품은 일상 속에서 필요한 에너지를 충전하는 데 큰 도움이 될 것입니다."
[컬리X햇반] 향긋한 골든퀸현미밥 200g*6입,https://www.kurly.com/goods/1000832403,6000,2025.03.23,,,"주위에 아직 젊은 나이인데도 당뇨로 고생하는 사람들이 꽤 있어선지 되도록이면 그냥 백미 대신에 콩 등이 섞인 잡곡밥이나 혈당을 낮출 수 있는 현미밥으로 챙겨 먹으려고 하고 있어요~
골든퀸 현미밥은 개인적으로 느끼기에는 나름 부드러운 식감이랑 단백한 맛도 너무 괜찮아서 최근 꽤 주문해서 먹고 있는데, 전자렌지에 2분 돌리고 렌지 문을 열었을 때 퍼지는 특유의 구수한 누룽지 향이 먹기 전 부터 기분을 좋게 하네요~^^
나이도 한 살 더 먹은 만큼 건강에 신경을 쓰자고 생각이 드는데, 직접 현미밥을 해 먹으면 물론 좋겠지만 간편하게 먹어야 할 때는 컬리의 '골든퀸 현미밥'을 앞으로 계속 이용할 것 같아요ㅎㅎ"
[컬리X햇반] 향긋한 골든퀸현미밥 200g*6입,https://www.kurly.com/goods/1000832403,6000,2025.09.22,,,자주 시키는 컬리 상품
[컬리X햇반] 향긋한 골든퀸현미밥 200g*6입,https://www.kurly.com/goods/1000832403,6000,2025.09.21,,,향도 좋고 밥맛도 좋아요
[컬리X햇반] 향긋한 골든퀸현미밥 200g*6입,https://www.kurly.com/goods/1000832403,6000,2025.09.21,,,현미밥이라서 먹고나면 속이 편해여
[컬리X햇반] 향긋한 골든퀸현미밥 200g*6입,https://www.kurly.com/goods/1000832403,6000,2025.09.21,,,즉석밥중에 제일 좋아하는 제품입니다
[컬리X햇반] 향긋한 골든퀸현미밥 200g*6입,https://www.kurly.com/goods/1000832403,6000,2025.09.21,,,햇반중 제일 맛있어요 아들 주려고 샀어요 세일하길래
[컬리X햇반] 향긋한 골든퀸현미밥 200g*6입,https://www.kurly.com/goods/1000832403,6000,2025.09.21,,,용량도 크고 가격도 저렴해서 주문했습니다.
[컬리X햇반] 향긋한 골든퀸현미밥 200g*6입,https://www.kurly.com/goods/1000832403,6000,2025.09.21,,,"컬리는 제품들을 간편하게 살 수 있어서 좋습니다. 
건강을 위해 현미밥을 구매했어요~"
[올반] 삼선 해물 누룽지탕,https://www.kurly.com/goods/1000089159,6000,2024.03.06,,,"아침 대용으로 먹으려고 주문했어요.

1.맛
약간 간이 세긴하지만 전체적으로 맛있었어요.
처음에는 누룽지의 바삭한 식감에,시간이 지날수록 누룽지에 소스가 스며들어 부드러운 식감에 다양한 즐거움이 있습니다.

2.조리 시간
해동만 되어 있다면 10분 안에 조리할 수 있어요.
설명대로 중탕해서 조리하는 거면 15분 정도 생각하면 돼요.
바쁜 아침 시간엔 좋은 것 같아요.

3.재료
들어있는 재료들이 막 풍성하진 않지만 종류가 다양하게 들어 있어 좋았어요. 양을 조금 푸짐하게 먹고 싶으면 새우나 오징어,청경채나 버섯 종류 등을 더 넣으면 될 것 같아요.

4.재구매
재구매 의사 있습니다. 집에서 이 정도 퀄리티를 빠른 시간 안에 누릴 수 있다면 좋은 선택지라 생각합니다."
[올반] 삼선 해물 누룽지탕,https://www.kurly.com/goods/1000089159,6000,2023.01.12,,,"해물누룽지탕 좋아하는 딸램양을 위해서 밀키트로 되어있는 올반해물누룽지탕 한번 구입해봤는데요~
포장을 개봉하니 ‘오잉? 이렇게 조금일수가?’하고 물음표를 찍었지만, 먹고나서는 모두들 ‘맛있는데?’하고 평이 바껴서 다음에 재구매해보자~할 정도로 맛이 괜츈합니다.
데워서 올리기만하면 되는 정말 간편한 밀키트의 매력에 푹 빠져 한끼 식사 차려봤습니다.

청경채랑 표고버섯, 홍고추까지 넣어서 4분정도 끓였는데요.
꼭 중불에서 끓여야합니다.
뚝배기라서 센불은 바닥에 눌러붙을 수 있어요.
밀키트로 중화요리 주문할때는 꼭 청경채 사두는거 잊지말아야겠어요~
냉동실에서 홍고추도 하나 송송 썰어두니 색감까지 이뻐서 다들 좋아라하더라구요^^
홍고추대신 빨강피망이나 파프리카도 괜찮을것 같아요.
맛도 괜츈합니다.
간이 적당해서 짜다는 느낌 전혀 없이 잘 먹을 수 있었어요. 담백한 맛이어서 좋았구요.
네식구 한그릇씩 먹기에 딱 좋아서 양도 적당했어요.
좋아하는 해물누룽지탕을 밀키트로 찾았으니 자주 먹을것 같아요^^"
[올반] 삼선 해물 누룽지탕,https://www.kurly.com/goods/1000089159,6000,2025.09.22,,,맛잇어서 재구매요 ㅋ
[올반] 삼선 해물 누룽지탕,https://www.kurly.com/goods/1000089159,6000,2025.09.22,,,"아주 잘 먹었습니다 
집에서 쉽고 간단하게 먹기 좋아요
누룽지도 바삭바삭합니다"
[올반] 삼선 해물 누룽지탕,https://www.kurly.com/goods/1000089159,6000,2025.09.22,,,갑자기 땡겨서 냉동실에  쟁여놨어요                 잘먹겠습니다
[올반] 삼선 해물 누룽지탕,https://www.kurly.com/goods/1000089159,6000,2025.09.22,,,삼선 누룽지탕 중국집에서 비싼데 간단하게 먹을 수 있어요
[올반] 삼선 해물 누룽지탕,https://www.kurly.com/goods/1000089159,6000,2025.09.22,,,올반 삼선 해물 누룽지탕 할인하길래 쟁여두려고 구매합니다
[올반] 삼선 해물 누룽지탕,https://www.kurly.com/goods/1000089159,6000,2025.09.21,,,해물 추가해서 맛있게먹었어요
[올반] 삼선 해물 누룽지탕,https://www.kurly.com/goods/1000089159,6000,2025.09.21,,,냉동실에 쟁여뒀어요~~~
[올반] 삼선 해물 누룽지탕,https://www.kurly.com/goods/1000089159,6000,2025.09.21,,,맛있긴한데 양은 적어요.
[탄단지] 가벼운 한식 도시락 6종 (택2),https://www.kurly.com/goods/5060785,6000,2025.03.21,,,"아이의 원픽 도시락!

밤에 도착했는데 제가 자는 시간이라 아침에 받아서 전부 해동 됐더라고요 ㅠ

도시락은 정말 잘 배송 체크해야겠어요!

바로 냉동실에 넣고 아침마다 주고 있어요

컬리에서 골고루 주문해 아이에게 줘봤는데
아예 원픽이에요

이번에는 10개 주문했고

아이에게 아침을 잘 먹여야 하거든요

제가 상을 차리면 주는대로 먹는 아이가 아니라서 ㅠㅠ

이건 어제 5분만에 다 먹었어요 (대박)

게살이 많이 보이고
오믈렛 안에는 참치도 있어요

아이가 하도 잘 먹다보니 저는 먹어본적이 없거든요

매운걸 못 먹는 아이인데 오징어볶음?도 수저로 싹싹 먹어요 

브로컬리랑 콩도 다 먹었어요

매일 아침 똑같은 도시락인데
더 잘 먹는것 같아요 ㅋㅋ(??)

제가 차려준 것도 가리지 않고 잘 먹으면 좋겠네요 ㅜㅜ

도시락 다 먹으면 또 10개씩 살듯

입 짧은 아이의
아침을 도와 주셔서 감사합니다;-;

+ 요즘 아침 식사 걱정이 덜어져서 정신건강에 도움.ㅋㅋ"
[탄단지] 가벼운 한식 도시락 6종 (택2),https://www.kurly.com/goods/5060785,6000,2025.03.07,,,"아이가 제일 좋아하는 컬리도시락입니다.

게살볶음밥도 맛있고
계란말이도 폭신폭신 좋다고 합니다.

매운걸 못 먹는데 오징어반찬은 또 맛있다고 하네요^^

평소 브로컬리 안 먹으면서 여기 브로컬리는 좋아해요
이 도시락 안에 있어서 좋은거라고 하네요
(?.?)

오랜만에 사줬더니 극찬을 하네요...
이게 지구상에서 제일 맛있다고?

ㅡ_ㅡ...

초4 아들이 제게 광고를 찍네요..
이거 많이 사 놓으라며..

골고루 샀는데 아이는 이 도시락을 제일 좋아해서 이것만 콕 찍어서 일년넘게 찬사를 보내는 중입니다.

아이가 갑각류를 좋아해서 그럴지도 모르겠습니다.
다음에는 이것만 10개 사볼까요 ;-;"
[탄단지] 가벼운 한식 도시락 6종 (택2),https://www.kurly.com/goods/5060785,6000,2024.04.24,,,"또 시켜버린 최애 도시락💛
요즘 너무 열심히 먹어버린 나머지 자제할 필요를 느껴 식이조절을 위해 재구매했습니다!

✅ 떡갈비 사이즈: 길이는 제 검지손가락 정도? 두께는 손가락 두 마디 조금 안 되는 정도입니다
✅ 떡갈비 상태: 사진 첨부했듯이 실하고 육즙도 낫배드! 냄새도 좋고 맛있습니다:)
✅ 나머지 반찬: 볶음김치 조금, 오므라이스 모양 계란말이(?)가 포함되어있는데 볶음김치 조금만 더 들어있으면 좋을듯해용
✅ 밥 상태: 냉동된 상태로 바로 전자레인지 돌려야 포슬한 밥 상태로 먹을 수 있습니다! 찰지고 쫀득해서 만족스러웠어요:)

❗️총평: 다이어트 하고싶은데 당장 탄수화물을 끊기는 어려우신 분들께 추천! 밥 양이 적은 편이라 적당한 양으로 먹기 좋아요:) 맛도 좋으니 고민하지 마시고 구매하시길~"
[탄단지] 가벼운 한식 도시락 6종 (택2),https://www.kurly.com/goods/5060785,6000,2025.09.22,,,다이어트 도시락 치고는 꽤 짜요
[탄단지] 가벼운 한식 도시락 6종 (택2),https://www.kurly.com/goods/5060785,6000,2025.09.22,,,다이어트 도시락 울 아들 잘먹고 있네요
[탄단지] 가벼운 한식 도시락 6종 (택2),https://www.kurly.com/goods/5060785,6000,2025.09.22,,,탄단지 도시락중 제일 맛있어요
[탄단지] 가벼운 한식 도시락 6종 (택2),https://www.kurly.com/goods/5060785,6000,2025.09.22,,,간단히 한끼 먹기 좋아요
[탄단지] 가벼운 한식 도시락 6종 (택2),https://www.kurly.com/goods/5060785,6000,2025.09.21,,,"그냥 쏘쏘에요 진짜 급할때 편의점꺼 보단 낫겠가눙  심정으로 먹어요
요리할때 많이 해서 밀키트로 해놓기도 하는 편이라 진짜진짜 급할때요 ㅎ"
[탄단지] 가벼운 한식 도시락 6종 (택2),https://www.kurly.com/goods/5060785,6000,2025.09.21,,,새벽배송 너무 좋아요~~
[탄단지] 가벼운 한식 도시락 6종 (택2),https://www.kurly.com/goods/5060785,6000,2025.09.21,,,새벽배송 너무 좋아요
[온더고] 정통 일식 커리 도시락 2종 (택1),https://www.kurly.com/goods/1000859330,6000,2025.08.03,,,"항상 온더고 제품중의 하나인 '춘천 치즈 닭갈비 덮밥'을
주로 시켜 먹다가 (물론 이번에도 주문했지만요 ㅎㅎ)
새롭게 다른 종류도 먹어 보고 싶어서 
""정통 일식 커리 도시락""의 2️⃣가지 종류중 돈카츠로
시켜 먹어 보았는데요‼️‼️

역시나 언제나 온더고의 제품은 후회 없는 
선택이었다는것을 느낄 수 있었어요👍‼️

보통 이런 시제품들은 고기가 얇고 맛도 그저그런편인데😅
온더고가 온더고해서 인지
사진에 고기 두툼한거 보이시나요❓️‼️
고기도 두툼하고, 적당힌 튀김두께에 
아주 좋은 조합을 가지고 있더라구요 👏 👏 👏 👏 👏 

그리고 안그래도 맛있지만
✅️THE 맛있게 먹는 💜TIP💜을 알려드리자면!
집에 모짜렐라 치즈 🧀 있으신분들은
처음에 원래 방법대로 렌지에 넣고 5️⃣분동안 돌린 뒤
비닐 열어서 치즈 원하는 만큼 넣고 나머지 1️⃣분 돌려서 
먹으면 진짜1️⃣0️⃣0️⃣0️⃣0️⃣x 그렇게 꿀맛이 없겠더라구요!

그리고 안에 들어 있는 커리 소스 자체도 
녹진하고 깊고 풍부한 풍미라서 짜지도 않고 
적당한 간에 맛이 정말 일품이었어요👍👍👍💜

집에서 간단하게 드시고싶은 분들, 
자취하는데 밥해먹기 귀찮으신 분들,
그럼에도 맛있는거 집에서 먹고 싶은 분들에게
아주 적격인 제품이랍니다😆😆😆😆

양도 적당해서 든든하게 먹기도 좋구요💜
찐 내돈내산 후기 였습니다~ 추천해요💜"
[온더고] 정통 일식 커리 도시락 2종 (택1),https://www.kurly.com/goods/1000859330,6000,2025.03.13,,,"와우!  여러분  찐찐  맛있어요👍👍🤪
도시락 거의 200그램이라  제주문 안하는데
# 온더고# 도시락은 325그램으로 재료튼실 퀄리티있어요

남친은 잡채밥이랑 ㆍ비빔밥 사무실서 먹더니
도시락중  쟁겨놓라는건 첨이네요👏👏👏👏

저는 돈까스 배달 넘 비싸고 해서  반신반의하고 시켰는데    일본 여행때 먹던 카레맛으로 우리나라 일반카레보다 찐하고 단짠 조합 맛나요

돈까스 잡내없어요  카레ㆍ밥 양도  한끼먹기
좋은양이고  후라이 두개해서 같이 먹었더니 배불러요

겉표지에 사용법 자세히 나왔어서 그대로 하심되는데요  리뷰에 전자렌지에 돈까스를 데우니  바삭함은 없다해서 

@ 저는@   개인적인  조리법 입니다

렌지에 잠시 돌려서 ㆍ돈까스ㆍ만 겉어서  에어프라이어에   8분 돌리니  
튀김옷  완전 바삭!!  고기 도톰 !!  
튀김옷은 핫도그 맛에  고기도  냄새없이 담백했어요   밥이람 카레는 렌지에  돌리심되요
카레양도 제법 많아서  후라이 까지해서 
정말 맛나게 먹었네요

도시락들 양도적고  두개는 먹어야하는데
온더고@ 도시락은   후라이랑 같이먹으니 
적당했네요
남친이 잡채랑ㆍ비빔밥  진짜 맛있다하니
우리는 ❤️온더고❤️  도시락에  정착할라합니다
조금 비싸지만 비싼만큼  퀄리티있고  재료들이 
튼실합니다
배달보다 나가먹는거에 비해서는  싸지만요ᆢ 

이렇게  맛있게 만드는 도시락을  컬리에서  찾게되서   기쁘네요~~~^^"
[온더고] 정통 일식 커리 도시락 2종 (택1),https://www.kurly.com/goods/1000859330,6000,2024.10.22,,,"온더고 카레 돈까스 도시락, 진짜 기대 이상입니다. 🍛🍛 바쁘게 하루를 보내다 보면 제대로 된 식사 챙기기 쉽지 않은데, 항상 온더고 도시락 덕분에 간편하게 한 끼를 해결할 때가 많아요. 이번 신제품은 정말 맛도리였습니다. 카레는 깊은 맛이 나고, 돈까스도 막 만든 것처럼 따뜻하고 맛있었어요. 돈까스 특유의 고소한 맛이 카레랑 잘 어울리고, 한 입 한 입이 진짜 만족스러웠습니다! 양도 넉넉해서 한 끼 먹고 나면 든든합니다. 특히 저는 카페를 운영하고 있는데 간단히 빨리 먹기 좋아요! 가격도 이 정도 퀄리티면 좋다고 생각해요. 요즘 밖에서 밥 사 먹는 거 생각하면 훨씬 가성비 좋은 것 같고, 재구매 의사 200%입니다!"
[온더고] 정통 일식 커리 도시락 2종 (택1),https://www.kurly.com/goods/1000859330,6000,2025.09.22,,,맛도 좋고 도시락으로 가져가기 좋아요
[온더고] 정통 일식 커리 도시락 2종 (택1),https://www.kurly.com/goods/1000859330,6000,2025.09.22,,,커리의 고소한 맛과 불고기의 진한 맛이 어우러져 아주 맛있어요. 양이 적당해서 다이어트에 도움이 되는 도시락입니다
[온더고] 정통 일식 커리 도시락 2종 (택1),https://www.kurly.com/goods/1000859330,6000,2025.09.22,,,가격이 저렴하고 가격 대비 가성비가 좋은 메뉴입니다. 양도 적당하고 맛이 있어서 주변의 다이어트를 하는 지인들한테도 적극 추천하고 싶네요. 대만족입니다. 많이 파세요. 다음에 또 다시 구매할 기회가 생긴다면 재구매할 예정입니다
[온더고] 정통 일식 커리 도시락 2종 (택1),https://www.kurly.com/goods/1000859330,6000,2025.09.22,,,비상식으로 다양하게 구비해 놓습니다.
[온더고] 정통 일식 커리 도시락 2종 (택1),https://www.kurly.com/goods/1000859330,6000,2025.09.21,,,"나쁘지는 않은데 냉동특성상 데우면 좀 딱딱해진게 아쉬워요
카레는 맛있어요"
[온더고] 정통 일식 커리 도시락 2종 (택1),https://www.kurly.com/goods/1000859330,6000,2025.09.21,,,"커리소스에서 향신료 향과 맛이 많이 나서 이국적이예요.
다만 조금 느끼했고, 고기는 냄새가 났어요. ㅠ"
[온더고] 정통 일식 커리 도시락 2종 (택1),https://www.kurly.com/goods/1000859330,6000,2025.09.21,,,돈까스가좀눅눅하긴한데먹을만해요
[조선호텔] 게살볶음밥 420g,https://www.kurly.com/goods/1000347446,6000,2025.03.15,,,"와~! 진짜 맛있네요
밥도 적당히 고슬하고 양도 많은편.
계란의 고소함과 게살의 짭쪼롬한맛의 밸런스가 휼룡합니다.

후라이팬에 기름 두르고 볶아먹으나,
전자렌지에 데워먹으나 맛이 동일하네요.
간편 도시락용으로도 손색없네요."
[조선호텔] 게살볶음밥 420g,https://www.kurly.com/goods/1000347446,6000,2025.09.22,,,조선호텔 김치 맛있게 먹어서 볶음밥도 구매했어요
[조선호텔] 게살볶음밥 420g,https://www.kurly.com/goods/1000347446,6000,2025.09.21,,,맛잇어요 뭐든거없고 되게부실해보이지만 맛있어요 ㅎㅎ 계란만 스크램블해서 더넣어 먹으면 좋아요
[조선호텔] 게살볶음밥 420g,https://www.kurly.com/goods/1000347446,6000,2025.09.21,,,게살은 안보이는데 맛있어요
[조선호텔] 게살볶음밥 420g,https://www.kurly.com/goods/1000347446,6000,2025.09.21,,,기대만큼 맛있지는 않아요
[조선호텔] 게살볶음밥 420g,https://www.kurly.com/goods/1000347446,6000,2025.09.21,,,재구매했습니다. 깔끔하고 고소합니다.
[조선호텔] 게살볶음밥 420g,https://www.kurly.com/goods/1000347446,6000,2025.09.21,,,맛있어요 간단하고 간편하게먹기 좋아요
[조선호텔] 게살볶음밥 420g,https://www.kurly.com/goods/1000347446,6000,2025.09.21,,,계란만 하나 더 추가해도 좋아요
[조선호텔] 게살볶음밥 420g,https://www.kurly.com/goods/1000347446,6000,2025.09.21,,,"재구매템
살짝 비린냄새 나기도 하고 간이 좀 쎄긴한데
맛있어요 다른거 곁들여 먹으면 좋음"
[조선호텔] 게살볶음밥 420g,https://www.kurly.com/goods/1000347446,6000,2025.09.21,,,가성비 좋아요. 편해요.
"[오므토토마토] 오므라이스 3종 (시그니처, 소시지, 함박스테이크) (택1)",https://www.kurly.com/goods/1001521296,6000,2025.09.03,,,"한끼 때우는 느낌으로 먹는거 정말 싫어하는 1인입니다. 
한끼 먹더라도 제대로 셋팅해서 먹는거 좋아하는데
워킹맘이라 넘 바빠서 진짜 제대로 해먹은날이 언젠지도 모르겠네요 ㅠㅠ 


오므라이스 진짜 좋아해서 시켜봤는데 이거 진짜 맛있네요! 패키징도 뭔가 고급져서 진짜 음식점에서 한끼 대접받는 느낌이었어요. 

계란도 포실포실하고 소스 진짜 대박 !!! 
담엔 함박도 먹어봐야겠어요 😍😍

강추입니다!!  🤩🤩"
"[오므토토마토] 오므라이스 3종 (시그니처, 소시지, 함박스테이크) (택1)",https://www.kurly.com/goods/1001521296,6000,2025.09.22,,,"30프로 세일해서 겟!
간편하게 한 끼 해결했어요."
"[오므토토마토] 오므라이스 3종 (시그니처, 소시지, 함박스테이크) (택1)",https://www.kurly.com/goods/1001521296,6000,2025.09.21,,,감사합니다 잘먹겠습니다
"[오므토토마토] 오므라이스 3종 (시그니처, 소시지, 함박스테이크) (택1)",https://www.kurly.com/goods/1001521296,6000,2025.09.21,,,"오므라이스 완제품 궁금해서 사봤는데 맛있어요,,,
간편조리 가능하고
소스의 맛도 맛있고 한끼 간편식사로 아주 좋았슴니다

물론 계란이 얇긴했지만.. 그래도 맛잇엇어요"
"[오므토토마토] 오므라이스 3종 (시그니처, 소시지, 함박스테이크) (택1)",https://www.kurly.com/goods/1001521296,6000,2025.09.21,,,간편하게 한끼하기 좋아요
"[오므토토마토] 오므라이스 3종 (시그니처, 소시지, 함박스테이크) (택1)",https://www.kurly.com/goods/1001521296,6000,2025.09.21,,,이거 소스도 맛있고 괜찮네요 계속 재구매하고있어요
"[오므토토마토] 오므라이스 3종 (시그니처, 소시지, 함박스테이크) (택1)",https://www.kurly.com/goods/1001521296,6000,2025.09.21,,,"단맛 적고 짠맛이 강해서 제 입에는 안맞네요
괜히샀음"
"[오므토토마토] 오므라이스 3종 (시그니처, 소시지, 함박스테이크) (택1)",https://www.kurly.com/goods/1001521296,6000,2025.09.21,,,맛이 궁금해서 주문했어요
"[오므토토마토] 오므라이스 3종 (시그니처, 소시지, 함박스테이크) (택1)",https://www.kurly.com/goods/1001521296,6000,2025.09.21,,,달달하고 맛있어요 싹다먹었네요
"[오므토토마토] 오므라이스 3종 (시그니처, 소시지, 함박스테이크) (택1)",https://www.kurly.com/goods/1001521296,6000,2025.09.21,,,간이 좀 쎈 편이에요 무난해요
[햇반] 백미밥 210g X 6입,https://www.kurly.com/goods/5003490,6000,2023.12.14,,,"햇반. 매일 먹는 제품입니다
간편해서. 매일 먹어요
맛도 좋구요"
[햇반] 백미밥 210g X 6입,https://www.kurly.com/goods/5003490,6000,2023.12.12,,,"역시 자취생은 햇반!!! 
급할땐 햇반 휘리릭 돌려먹음 시간절약되서 
넘 조아여^^"
[햇반] 백미밥 210g X 6입,https://www.kurly.com/goods/5003490,6000,2023.12.09,,,바쁜 주부에게 햅반은 고마운 식량이지요. 따끈따끈한 밥맛 좋은 햅반.
[햇반] 백미밥 210g X 6입,https://www.kurly.com/goods/5003490,6000,2025.09.22,,,갑자기 필요한 생필품
[햇반] 백미밥 210g X 6입,https://www.kurly.com/goods/5003490,6000,2025.09.22,,,굳이 백미밥 보내달라는 울아들
[햇반] 백미밥 210g X 6입,https://www.kurly.com/goods/5003490,6000,2025.09.21,,,햇반은 필수템 밥하기 귀찮을때. .
[햇반] 백미밥 210g X 6입,https://www.kurly.com/goods/5003490,6000,2025.09.21,,,"김밥만들때
시간 모자랄때
아주 간편하고 맛있어요~"
[햇반] 백미밥 210g X 6입,https://www.kurly.com/goods/5003490,6000,2025.09.21,,,배송 빠르고 좋아서 또 이용했는데 만족입니다
[햇반] 백미밥 210g X 6입,https://www.kurly.com/goods/5003490,6000,2025.09.21,,,"밥솥 밥과 거의 차이가 
없을 정도로 고슬고슬 하고 맛있어요"
[햇반] 백미밥 210g X 6입,https://www.kurly.com/goods/5003490,6000,2025.09.20,,,햇반이 밥맛은 좋아요
[온더고] 간편 고기 도시락 3종 (택1),https://www.kurly.com/goods/1000875366,6000,2025.09.22,,,김치제육이 최고 맛있음!!
[온더고] 간편 고기 도시락 3종 (택1),https://www.kurly.com/goods/1000875366,6000,2025.09.21,,,간단히 먹기좋아요 맛나요
[온더고] 간편 고기 도시락 3종 (택1),https://www.kurly.com/goods/1000875366,6000,2025.09.21,,,오징어가 큼직하고 많이 들어있네요
[온더고] 간편 고기 도시락 3종 (택1),https://www.kurly.com/goods/1000875366,6000,2025.09.21,,,약간 매콤하네요 브로콜리와 당면같은거 들어있구요 전자렌지에 돌리고나서 좀있다가 먹어도 맛있네요 계속 재구매하고있네요
[온더고] 간편 고기 도시락 3종 (택1),https://www.kurly.com/goods/1000875366,6000,2025.09.21,,,간편식으로 최고예요 자주 사요
[온더고] 간편 고기 도시락 3종 (택1),https://www.kurly.com/goods/1000875366,6000,2025.09.21,,,"후기가 좋아서 처음 사봤어요.
먹고 후기 추가 할게요!"
[온더고] 간편 고기 도시락 3종 (택1),https://www.kurly.com/goods/1000875366,6000,2025.09.21,,,간편하고 맛있게 굿굿
[온더고] 간편 고기 도시락 3종 (택1),https://www.kurly.com/goods/1000875366,6000,2025.09.21,,,"양이 젤 많아요
맛이 그렇게 짜지도 않고 괜찮은듯"
[온더고] 간편 고기 도시락 3종 (택1),https://www.kurly.com/goods/1000875366,6000,2025.09.21,,,"맛있어요
회사점심도시락으로 온더고자주먹어요"
[온더고] 간편 고기 도시락 3종 (택1),https://www.kurly.com/goods/1000875366,6000,2025.09.21,,,"맛있어요
양이 부족할 수도 있는데 전 딱 좋아요"
[햇반] 발아현미밥 210g (8입),https://www.kurly.com/goods/5050162,6000,2024.06.29,,,"☆ 발아현미밥 ☆
여행을 가려고 발아현미밥을 주문해야 했는데 컬리에서 할인도하고 상품평이 좋아 주문을 했습니다~ 집에서 비상용으로 둘 것까지 많이 주문해서 오늘 유부현미롤과 오이현미밥을 만들어 먹었네요~

혈당때문에 집에서도 잡곡밥이나 현미밥을 먹는데 햇반으로 발아현미밥을 주문해서 먹으니 편하고 좋네요~ 그리고 꼭꼭 씹어 억으니 고소하고 맛있어서 재주문하려고합니다~

만들어보겠습니다~ 
이게 손님접대용으로도 좋고 아이들 도시락으로도 인기짱이예요~ 한 번 만들어 드셔들 보세요~

재료: 발아현미밥2개, 유부롤8장, 양배추10장, 당근1/4, 오이2개, 참기름, 김, 양념장, 후레이크, 통깨,
굴소스, 치킨스톡을 준비합니다~

1. 당근은 살짝 볶아주고 오이는 길고 얇게 썰어 준비하고 양배추는 2분간 전자랜지에 돌려 준비합니다.
 2. 발아현미밥은 전자랜지에 2분돌려 약간 식혀 후레이크, 양념장, 참기름, 통깨, 굴소스, 치킨스톡, 잘게 다진 당근, 오이를 넣고 밥속을 만들어 준비합니다.
3. 유부롤에 양념물을 꽉 쫘서 준비합니다.
5. 양배추에 물끼를 제거하고 오이는 반으로 잘라 3등분해 오이 속을 파서 준비합니다.
4-1. 유부에 양배추를 깔고 밥을 깔아주고 당근과 오이를 넣고  말아 유부현미롤을 완성해 반을 잘라주면 완성~
4-2. 파 놓은 오이 안에 현미밥을 소복히 올려 한 입크기로 잘라주면 완성~
4-3. 양배추 위에 현미밥을 깔아주고 말아 주면 양배추롤밥 완성~

이렇게 현미밥으로  3가지 맛나는 유부현미롤밥, 오이현미밥과 양배추롤밥을 만들어 푸짐한 점심을 먹었습니다~"
[햇반] 발아현미밥 210g (8입),https://www.kurly.com/goods/5050162,6000,2025.09.21,,,세일할때 사서 더 만족합니다.
[햇반] 발아현미밥 210g (8입),https://www.kurly.com/goods/5050162,6000,2025.09.21,,,필수 템라서 떨어지니않게
[햇반] 발아현미밥 210g (8입),https://www.kurly.com/goods/5050162,6000,2025.09.21,,,현미햇반 좋아요 ! 세일해서 자주 구매해요
[햇반] 발아현미밥 210g (8입),https://www.kurly.com/goods/5050162,6000,2025.09.21,,,현미밥인데 안 까끌거리고 맛있어요
[햇반] 발아현미밥 210g (8입),https://www.kurly.com/goods/5050162,6000,2025.09.21,,,첨사먹어보는데~~맛잇엇음 좋겟네요
[햇반] 발아현미밥 210g (8입),https://www.kurly.com/goods/5050162,6000,2025.09.21,,,햇반 현미로 먹으니까 간편해여
[햇반] 발아현미밥 210g (8입),https://www.kurly.com/goods/5050162,6000,2025.09.20,,,맛있어서ㅡ재구매함.
[햇반] 발아현미밥 210g (8입),https://www.kurly.com/goods/5050162,6000,2025.09.20,,,다이어트용으로 구입해봤어요
[햇반] 발아현미밥 210g (8입),https://www.kurly.com/goods/5050162,6000,2025.09.20,,,세일해서 쟁이니 든든합니다
[온더고] 간편 외식 덮밥 3종 (택1),https://www.kurly.com/goods/1001141105,6000,2025.09.22,,,"바쁜데 먹기 좋네요 

현대인의 필수 저장 식품"
[온더고] 간편 외식 덮밥 3종 (택1),https://www.kurly.com/goods/1001141105,6000,2025.09.21,,,간단히 먹기좋아요 맛나요
[온더고] 간편 외식 덮밥 3종 (택1),https://www.kurly.com/goods/1001141105,6000,2025.09.21,,,"양이 젤 많아요
맛이 그렇게 짜지도 않고 괜찮은듯"
[온더고] 간편 외식 덮밥 3종 (택1),https://www.kurly.com/goods/1001141105,6000,2025.09.21,,,"맛있어요
닭고기시리즈는 다 맛있네요"
[온더고] 간편 외식 덮밥 3종 (택1),https://www.kurly.com/goods/1001141105,6000,2025.09.21,,,재구매 제품이에요 ☺️😘
[온더고] 간편 외식 덮밥 3종 (택1),https://www.kurly.com/goods/1001141105,6000,2025.09.21,,,재구매 제품이에요 🤩
[온더고] 간편 외식 덮밥 3종 (택1),https://www.kurly.com/goods/1001141105,6000,2025.09.20,,,덮밥 맛있어요 잘먹었어요
[온더고] 간편 외식 덮밥 3종 (택1),https://www.kurly.com/goods/1001141105,6000,2025.09.20,,,"한끼 때우기위해 샀어요.
밥챙겨먹기도 쉽지않네요.ㅎ"
[온더고] 간편 외식 덮밥 3종 (택1),https://www.kurly.com/goods/1001141105,6000,2025.09.20,,,종류별로 골고루 쟁여둡니다
[온더고] 간편 외식 덮밥 3종 (택1),https://www.kurly.com/goods/1001141105,6000,2025.09.19,,,간단하게 한끼 먹기 좋아요
[풀무원] 롤 유부초밥,https://www.kurly.com/goods/5069129,6000,2025.05.13,,,"최근에 먹어본 초밥 중 단연 최고였던 프리미엄 롤유뷰초밥!
처음에는 유뷰에 롤이 들어갔다고 해서 맛이 상상이 안 갔는데, 한 입 먹는 순간 “와, 이건 진짜다” 소리가 절로 나왔어요.

가장 먼저 눈에 띄는 건 비주얼. 일반 유뷰초밥처럼 밋밋하지 않고, 속재료가 정말 푸짐하게 들어 있어서 보는 것만으로도 군침이 돌았어요. 유뷰는 얇고 달지 않게 간이 되어 있어서 밥과 속재료의 맛을 방해하지 않더라고요. 겉은 부드럽고 속은 꽉 찬 느낌이라 식감이 너무 좋았어요.

속에 들어있는 재료도 하나하나 퀄리티가 느껴졌어요. 신선한 연어, 아보카도, 오이, 단무지, 크래미, 날치알 등 고급스러운 롤 재료들이 아낌없이 들어가 있어서 씹을 때마다 다양한 맛이 퍼져요. 단맛, 짠맛, 고소한 맛이 조화롭게 어우러져서 물리지 않고 계속 손이 갔어요. 밥도 적당히 고슬고슬하고 간이 잘 돼 있어서 입에서 퍼지는 감칠맛이 일품이었어요.

무엇보다 마음에 들었던 건 양과 퀄리티에 비해 가격이 정말 합리적이었다는 것! 배부르게 먹었는데도 전혀 부담 없었고, 하나만 먹어도 간단한 식사로 손색이 없을 정도였어요. 간장, 와사비, 생강초절임까지 정성스럽게 포장되어 와서 집에서도 고급 초밥집 느낌이 났어요.

가족들이랑 나눠 먹었는데 다들 엄지척! 아이들도 좋아하고, 부모님도 “이건 진짜 맛있다”고 하셨어요. 손님 초대용이나 특별한 날 식사로도 너무 좋을 것 같아요.

프리미엄이라는 이름이 절대 아깝지 않은, 진짜 만족도 200% 초밥이에요. 다음에도 재구매 의사 100%입니다. 강력 추천해요!"
[풀무원] 롤 유부초밥,https://www.kurly.com/goods/5069129,6000,2024.11.09,,,"* 풀무원 롤 유부초밥 *
풀무원 롤 유부초밥은 마켓컬리에서는 처음 구매이지만 마트에서 아주 자주 구매하는 저희집 단골 메뉴입니다~
유부초밥 보다 속재료를 매우 다양하게 응요이 가능해서 정말 좋은 식재료예요~

전 오늘 깻잎과 치즈를 넣어 잡곡 야채 유부롤을 만들었는데 정말 인기 최고였습니다~
레시피 공개하니 한 번 해드셔보세요~

재료: 유부16장, 깻잎16장, 치즈8장, 김16장, 잡곡밥2공기, 참깨, 참기름, 장조림소스2봉, 볶음조미깨2봉, 파프리카1개, 오이1/2, 양파1/2, 당근라페400g

만들기
1. 잡곡밥2공기에 볶음조미깨와 참기름, 참깨, 장조림 소스와 유부소스약간을 넣고 골고루 섞어 한 김 식혀 준비
2. 작은 깻잎은 씻어 물끼를 닦아주고 치즈는 반으로 잘라 준비
3. 파프리카, 양파, 오이는 유부길이로 0.5cm 두깨로 잘라 준비
4. 당근은 당근라페나 채썰어 살짝 볶아 준비
5. 유부는 유부물을 꽉 짜서 준비
6. 유부-깻잎-김-치즈-밥-파프리카-오이-
당근라페-양파순으로 재료를 올려 돌돌 말아 반으로 잘라 접시에 플레이팅하면 완성~

보기에도 예쁘고 먹기도 편하고 맛있는 유부롤은 오뎅국이나 계란국함께 드시면 더 맛있답니다~
자주 1+1행사 부탁드려요~^^"
[풀무원] 롤 유부초밥,https://www.kurly.com/goods/5069129,6000,2023.05.04,,,"유부초밥을 너무 좋아하는데 매번 만들어 먹는게 귀찮아서 그냥 안먹게 되었는데 
요것은 너무 간편하게 만들수 있다는 장점으로
바로 구매각했답니다 :-)

구성품은 사진과 같이 들어있습니다!!ㅎㅎ
갓지은 밥 한공기반정도를 눈으로 개량하고
초밥소스와 참깨야채볶음이랑 비볐어요~~
유부는 살짝 짜서 놓고 유부액을 밥에 살짝 넣어서
같이 비볐더니 조물조물 더 잘 비벼지더라고요!!

유부-김-밥 순으로 올리고 말아버리면 끝!!!!!
너무쉽죠?ㅋㅋㅋ유부김밥이에요!!!

맛은 기존 유부초밥보다 김이 있어서 그런지
감칠맛이나고~~타르타르 소스양이 조금 아쉽지만
찍어먹으면 또 색다른 맛을 느낄수 있어요!
처음엔 밥양이 많은 것 같았는데 얼추 비슷하게 맞았고
마지막에 남은 밥을 싹 넣어서 쌌더니 왕유부김밥!!ㅎ

저는3개만 먹어도 배가 부르네요ㅠㅠ!!
작아보여서 만만하게 봤더니
양이 그래도 꽤되요~~저는 또 재구매도 하고
주변에 추천도 할 것 같아요!!ㅎ"
[풀무원] 롤 유부초밥,https://www.kurly.com/goods/5069129,6000,2025.09.22,,,둘이 먹기 딱 좋아요
[풀무원] 롤 유부초밥,https://www.kurly.com/goods/5069129,6000,2025.09.22,,,오랜만애 주문했는데 살짝 단맛도는 유부인데 맛있어요
[풀무원] 롤 유부초밥,https://www.kurly.com/goods/5069129,6000,2025.09.22,,,간편해서 종종 구매해요
[풀무원] 롤 유부초밥,https://www.kurly.com/goods/5069129,6000,2025.09.21,,,맛있어서 자주 구입해요~
[풀무원] 롤 유부초밥,https://www.kurly.com/goods/5069129,6000,2025.09.21,,,배송상품모두만족스러워요ㅎㅎㅎㅎ.
[풀무원] 롤 유부초밥,https://www.kurly.com/goods/5069129,6000,2025.09.21,,,여러 가지 롤 유부초밥을 먹어봤는데 김이 들어 있고 소스에 찍어 먹는 이 롤 유부초밥이 가장 맛있어요
[풀무원] 롤 유부초밥,https://www.kurly.com/goods/5069129,6000,2025.09.21,,,일반 유부초밥보다 편하다고해서 구매해봤습니다. 유부가 찢어질일이 없어 좋네요 밥양은 좀 적게 들어가는편 인것같아요 맛있어요
[스윗밸런스] 오늘의 식단 도시락 6종 (택1),https://www.kurly.com/goods/5135870,6000,2024.06.01,,,"요즘 식단중이라 다이어트 도시락 찾다가
후기 좋길래 주문해봤어요!

일단 간편
전자렌지에 3분30초면 끝 😊

양은 처음에 적나 싶었는데
식단관리중인 성인 여자 기준
먹고나니 꽤 든든했어요!

남자분이 먹기에는 양이 많이 부족할 것 같아요!

곤드레가 질기지 않고 부드럽고
양념도 감칠맛나서 좋았어요

특히, 매콤동글닭가슴살전 소스는
이름대로 살짝 매콤해서 더 맛있어요!

다이어트 도시락 아닌것 같은 
맛에 기분좋게 한끼 식사 할 수 있어서
좋은 스윗밸런스 도시락 

요즘엔 건강하게 먹으면서
맛도 즐길 수 있는 제품이 많아서
좋네요! 다른메뉴도 주문해볼께요^^"
[스윗밸런스] 오늘의 식단 도시락 6종 (택1),https://www.kurly.com/goods/5135870,6000,2024.06.01,,,"저는 다이어트 목적이 아니라 집에 먹을거 없을 때 간편하게 먹을 용도로 구매해서 그런지 일단 식단 도시락답게 양은 굉장히 조금이에요ㅠㅜ
밥이 바닥에 펼쳐져 있는 느낌이었어요 ㅎㅎㅎ
하지만 다이어트용으로는 딱 좋을꺼 같아요. 
먹어도 먹은거 같지 않은 배고픔이 느껴질만한 양이에요 ㅎㅎㅎㅎㅎ 살은 그래야 빠지니까요 ㅎㅎㅎ

카레 특유의 향신료 맛이 현미밥이랑 잘 어우러져서 맛있어요.
닭가슴살은 잡내도 없고 쫄깃하면서 부드러운데 소스가 살짝 짭짤하게 느껴지네요.
저는 급하게 샐러드 만들어서 같이 먹었더니 괜찮았어요.
철저한 다이어트 식단에 지쳤을 때 먹으면 살짝 숨통 트일것 같은 짭짤함? ㅎㅎ

전체적으로 맛은 너무 좋았어요. 식단 구성이나 영양 구성도 만족스럽구요.
다이어트용으로든, 간편식용으로든 재구매할꺼 같아요^^"
[스윗밸런스] 오늘의 식단 도시락 6종 (택1),https://www.kurly.com/goods/5135870,6000,2023.11.25,,,"일단 도시락이 진짜 너무 맛있어요!!! 저는 모짜차돌김치볶음밥과 함박소스오믈렛, 크림굴림만두와 곤약간장계란밥을 사먹어봤는데 둘다 너무 맛있어서 다른 맛들도 다 사먹어보고싶을 정도에요!!! 
저는 모짜차돌김치볶음밥이 제일 맛있었어요!! 김치도 고기도 큼직하게 들어있고 치즈도 꽤 많이 들어있어요 제가 원래 많이 먹지는 않아서 저한테는 양이 딱 좋았어요!! 그리고 오믈렛이 진짜 대박이에요!!! 오믈렛이 완전 부드럽고 촉촉해요!! 소스랑도 너무 잘 어울려서 이 오믈렛만 따로 사먹고싶을 정도로 너무 맛있었어요!! 
같이 사먹은 곤약간장계란밥도 간이 많이 세지않고 만두랑 같이 있는 크림소스가 만두랑 너무 잘어울리고 진짜 맛있어요!! 
도시락 칼로리도 많이 높지않고 단백질도 많아서 영양성분이 정말 좋아요! 저는 저번에 사먹고 너무 맛있어서 또 사먹은거라서 두가지 맛 다 너무 맛있게 먹었어요 이 도시락은 종류별로 다 구매해서 냉동실에 쟁여두고 먹고싶어요!! 원래 먹는 양이 많지 않아서 저한테는 딱 맞았는데 먹는 양이 많으신 분들한테는 조금 적을 수도 있을 것 같아요 도시락 양이 적다면 닭가슴살이나 닭가슴살소세지랑 같이 먹어도 좋을 것 같아요 집에서 밥 해먹기 귀찮을 때 정말 딱이에요!! 
저의 원픽은 모짜차돌김치볶음밥과 함박소스오믈렛입니다!!!! 정말 너무너무 맛있어요!!! 재구매 무조건 합니다!! 자취생분들 뿐만 아니라 모든분들 꼭 한 번 드셔보세요!! 사먹어보면 절대 후회 안할겁니다!!

먹는방법
(비닐을 끝부분만 살짝 뜯어서 전자레인지에 3분 30초 돌리면 끝!)

추천하는 이유!!
1.단백질도 많고 영양성분이 좋다
2.간이 심심하지도않고 짜지도 않아서 딱 적당하다
3.내용물(김치,고기 등..)이 크고 꽤 많이 들어있다
4.냉동이지만 갓 지은 밥처럼 포슬포슬 퀄리티가 좋다
5.진짜 진짜 맛있다!"
[스윗밸런스] 오늘의 식단 도시락 6종 (택1),https://www.kurly.com/goods/5135870,6000,2025.09.22,,,"맛나요
다이욧중인데 좋아요 추천드려요"
[스윗밸런스] 오늘의 식단 도시락 6종 (택1),https://www.kurly.com/goods/5135870,6000,2025.09.22,,,"맛나요
다이욧중인데 좋아요"
[스윗밸런스] 오늘의 식단 도시락 6종 (택1),https://www.kurly.com/goods/5135870,6000,2025.09.22,,,자주 시켜 먹을 정도로 맛있어요 ㅠㅠ
[스윗밸런스] 오늘의 식단 도시락 6종 (택1),https://www.kurly.com/goods/5135870,6000,2025.09.22,,,자주 시켜 먹을 정도로 맛있어요!
[스윗밸런스] 오늘의 식단 도시락 6종 (택1),https://www.kurly.com/goods/5135870,6000,2025.09.21,,,새벽배송 너무 좋아요~
[스윗밸런스] 오늘의 식단 도시락 6종 (택1),https://www.kurly.com/goods/5135870,6000,2025.09.21,,,새벽배송 너무 좋아요~~
[스윗밸런스] 오늘의 식단 도시락 6종 (택1),https://www.kurly.com/goods/5135870,6000,2025.09.21,,,새벽배송 너무 좋아요.
[햇반] 흑미밥 210g (8입),https://www.kurly.com/goods/5050159,6000,2025.09.21,,,맛도 좋고 편리하고 세일도 해서 좋은 가격에 주문했습니다.
[햇반] 흑미밥 210g (8입),https://www.kurly.com/goods/5050159,6000,2025.09.21,,,흑미밥 맛있어서 세일할 때 좋은 가격으로 구매했어요
[햇반] 흑미밥 210g (8입),https://www.kurly.com/goods/5050159,6000,2025.09.21,,,간편하게 먹기 좋아 자주 주문하는 햇반 흑미밥
[햇반] 흑미밥 210g (8입),https://www.kurly.com/goods/5050159,6000,2025.09.21,,,집에 쌀이 한가득이지만 편리함에 햇반을 끊을 수가 없네여ㅜㅜ
[햇반] 흑미밥 210g (8입),https://www.kurly.com/goods/5050159,6000,2025.09.21,,,흑미 맛있어요 비상용으로 구비해놨어요
[햇반] 흑미밥 210g (8입),https://www.kurly.com/goods/5050159,6000,2025.09.20,,,흑미가 구수하고 좋습니다
[햇반] 흑미밥 210g (8입),https://www.kurly.com/goods/5050159,6000,2025.09.20,,,흑미밥 고소하고 맛있습니다.
[햇반] 흑미밥 210g (8입),https://www.kurly.com/goods/5050159,6000,2025.09.20,,,"세일쿠폰 있을때 햇반 쟁이기ㅎ
여행가야되는데 챙겨갈라그"
[성수동 분식] 콘치즈 김치볶음밥(2개입),https://www.kurly.com/goods/1000357323,6000,2025.07.05,,,"냉동볶음밥 이 정도면 찐이에요

사실 성수동 분식 제품은 그동안

마라떡볶이,닭갈비 떡볶이만 시켜봤는데요
이제품은 처음주문해 봤어요

볶음밥과 콘치즈 토핑이 따로 포장되어 있어서 조리도 훨씬 깔끔하고 편하구요

조리법은 간단하지만, 팬에 살짝 눌려 굽듯이 조리하면 더 맛있어요.

1. 김치볶음밥을 먼저 볶아주고

2. 가장자리에 콘치즈를 올려 녹여주면 끝!

한 접시에 예쁘게 담아내면 마치 분식집 인기 메뉴 같은 느낌!
아이디어도 좋고, 맛도 좋아서 집에서도 외식 분위기 내기 딱 좋아요.


김치볶음밥은 김치 함량이 30% 이상이라서 그런지,
묵직한 김치 풍미가 살아 있었고, 텁텁하지 않고 깔끔하게 매콤했어요.

여기에 고소한 옥수수와 치즈가 더해지니 단짠단짠의 환상 궁합!
특히 콘치즈는 치즈가 풍성하게 들어 있어서 녹였을 때의 고소함이 정말 좋았어요
평소 치즈 좋아하시는 분들께 강력 추천하고 싶은 메뉴예요.

전자레인지로도 조리 가능하지만, 저는 팬에 살짝 눌려서 바삭하게 만든 게 훨씬 더 맛있었어요.
밥에 살짝 누룽지처럼 눌러붙은 부분이 정말 별미더라구요.

이번 콘치즈 김치볶음밥은 간단하게 한 끼 먹기에도, 손님 대접용으로도 훌륭한거 같아요.
좀있음 방학이 다가오네요
더운 여름 방학때 집에 있는 아이들에게 특별하지 않지만 특별한 한끼 어떠세요?"
[성수동 분식] 콘치즈 김치볶음밥(2개입),https://www.kurly.com/goods/1000357323,6000,2025.01.09,,,"배송은 빨라요 물건 너무 좋아요
쿠폰 적립금 사용 너무 좋아요
항시 판매하니 비상용으로 좋아요
주문후 다음날오니 급하게 시켜도 걱정 없네요
여기에서 판매하는건 모두 믿을만해서 좋아요
선물용으로 너무 좋은 것 같아요
종류도 많아서 항상 고민하지만 후회한적은 없어요
우선 아이들이 너무 잘먹어요
그냥 먹어도 맛있고  치즈 더 올려서 먹으면더 맛있어요  밥을추가하면 좀더 연하게 먹을 수 있어요
가격이 아주 저렴하지는 않지만 그래도 맛있어서 재구매각입니다 우리집 막둥이가 아주 잘먹어서 저는 만족 대만족입니다~또 먹고싶네요~~^^
##막둥이랑 같이 만들었는데 마지막데코를 아빠얼굴로 만들었어요~ㅋㅋ~##

재주문하러 또 올께요"
[성수동 분식] 콘치즈 김치볶음밥(2개입),https://www.kurly.com/goods/1000357323,6000,2024.12.09,,,"가끔집에서 김치볶음밥만들기귀찮을때 쉽고간편하게먹을수있는밀키트를 둘러보다 콘치즈김치볶음밥이있길래 주문했습니다! 
✔[성수동분식] 콘치즈김치볶음밥(2개입)
❗[성수동분식] 콘치즈김치볶음밥 구성
-김치볶음밥2봉,콘치즈2봉
❗[성수동분식] 콘치즈김치볶음밥 조리법
-냉동되어있는 김치볶음밥에 콘치즈패키지만 찬물에 담가 해동해줍니다
-중불로 달군팬에 식용유를 두른뒤 냉도상태의 김치볶음밥을넣어 4분정도 골고루 볶아줍니다
-불을 끄고 볶음밥가운데에 콘치즈를 올려줍니다
-약불에서 콘치즈가 녹을때까지 1분정도 가열하면 완성!
쉽고 간편하게먹을수있는게 너무좋았습니다
콘치즈에 치즈도넉넉하게들어있어서좋았어요
볶음밥에 콘치즈섞어서 먹으면 꿀맛입니다!
2봉지씩 소포장되어있어서 1인가구에게 딱좋아요!
김치볶음밥도 달달하고 매콤한게 너무맛있게잘먹었습니다
재구매 100%입니다!"
[성수동 분식] 콘치즈 김치볶음밥(2개입),https://www.kurly.com/goods/1000357323,6000,2025.09.22,,,아이들 최애 볶음밥이에여 ㅎㅎ
[성수동 분식] 콘치즈 김치볶음밥(2개입),https://www.kurly.com/goods/1000357323,6000,2025.09.22,,,오랜만에 생각나서 주문했어요
[성수동 분식] 콘치즈 김치볶음밥(2개입),https://www.kurly.com/goods/1000357323,6000,2025.09.21,,,"맛있어요!! 콘치즈 양은 적긴한데 뭐 너무 적어서 먹을것도 없다<이런건 또 아니라 그냥저냥 먹을만합니다
제 친구는 냉동 김치볶음밥을 잘 못 먹는데 이건 김치도 많고 맛있다고 하네요 저도 냉동 특유의 이상한 김치볶음밥 맛이 없어서 잘 먹었어요! 여기에 에그마요랑 치즈 뿌려서 먹으니 더더 맛있더라구요 둘다 컬리 인기템 ㅎㅎ.. 이 조합 추천합니다!!"
[성수동 분식] 콘치즈 김치볶음밥(2개입),https://www.kurly.com/goods/1000357323,6000,2025.09.21,,,넘 맛있어서 재구매 중입니다!!
[성수동 분식] 콘치즈 김치볶음밥(2개입),https://www.kurly.com/goods/1000357323,6000,2025.09.20,,,"첨에 치즈랑 마요네즈가 있어서 맛이 괜찮을까 싶었는데, 김치볶음밥이랑 엄청 잘어울리네요"
[성수동 분식] 콘치즈 김치볶음밥(2개입),https://www.kurly.com/goods/1000357323,6000,2025.09.20,,,딸이해줘서 먹었는데 맛있네요.
[성수동 분식] 콘치즈 김치볶음밥(2개입),https://www.kurly.com/goods/1000357323,6000,2025.09.20,,,"간편하게 해먹기 너무 좋아요~
양은 항상 좀 아쉽지만요~ㅎㅎ"
[햇반] 백미밥 210g X 36입 (박스),https://www.kurly.com/goods/5082139,6000,2022.10.28,,,"한국인이라면 한 번쯤 먹어보았을 즉석밥이죠^^
저는 오뚜기밥과 햇반을 비교해 보고
햇반이 더 맛있고 몸에 맞는 것 같아서
햇반을 선택해서 먹고 있어요!
밥 지어먹기가 힘들 때 햇반을 먹는데요
환경에는 미안하지만 너무 간편하고 좋아요 
블라인드 테스트한다면 햇반은 
지은 밥이랑 거의 비교가 안될 것 같아요
손님상에 올려도, 혼자 예쁘게 그릇에 옮겨 담아 
차려 먹을 때도 너무 간편하고 좋습니다 ㅎㅎ
햇반 그릇은 씻어두고 길고양이 밥 줄 때 쓰고 있어요
여러 번 씻어서 사용할 수도 있어서 너무 좋아요
더 유용하게 재활용하시는 분들도 많을 것 같아서 궁금하네요
베라 숟가락처럼 아주아주 유용한 것 같아요
햇반 끝까지 간편하고 유용하고! 후기 쓰다 보니 
좋은 소비인 것 같은 생각이 드네요ㅎㅎ
한번 사둘 때 든든하게 36개가 좋은 것 같아요!
유통기한도 긴 걸로 빠르게 보내주셔서 감사합니다~"
[햇반] 백미밥 210g X 36입 (박스),https://www.kurly.com/goods/5082139,6000,2025.09.21,,,혼자 가는 여행. 식구들 비상용 밥으로 주문
[햇반] 백미밥 210g X 36입 (박스),https://www.kurly.com/goods/5082139,6000,2025.09.21,,,든든하게 쟁여두기~
[햇반] 백미밥 210g X 36입 (박스),https://www.kurly.com/goods/5082139,6000,2025.09.21,,,찰잡곡밥을 시켜야 하는데 재고가 없어 백미밥으로 주문했지만 햇반은 다 맛있어서 괜찮음~~~
[햇반] 백미밥 210g X 36입 (박스),https://www.kurly.com/goods/5082139,6000,2025.09.20,,,할인이 컸으면 좋겠어요ㅠ
[햇반] 백미밥 210g X 36입 (박스),https://www.kurly.com/goods/5082139,6000,2025.09.14,,,딸이 햇반 매니아?라 주문했어요 ㅎ 덕분에 저렴하게 잘 구매했어요 ㅎ
[햇반] 백미밥 210g X 36입 (박스),https://www.kurly.com/goods/5082139,6000,2025.09.13,,,"자취생의 필수품
저렴이라 좋아요"
[햇반] 백미밥 210g X 36입 (박스),https://www.kurly.com/goods/5082139,6000,2025.09.11,,,밥이 맛있어서 비상용으로 쟁여놓고 먹어요.
[햇반] 백미밥 210g X 36입 (박스),https://www.kurly.com/goods/5082139,6000,2025.09.10,,,세일 이여서 쟁여봅니다!!
[햇반] 백미밥 210g X 36입 (박스),https://www.kurly.com/goods/5082139,6000,2025.09.09,,,집에 하상 밥이 부족할때
[도산회관] 한우 소보로 주먹밥,https://www.kurly.com/goods/1001207695,6000,2025.04.06,,,"평소 도산회관 자주가는 사람으로써
반가움에 한봉지 구매했는데
이건 한봉지가 아니라 열봉지 추가구입 해야될듯합니다
역시 도산회관이네요 
고급져요 뭔가 주먹밥 하면 고급진 느낌은 안드는데
왜 고급진 맛이죠? 
도산회관에서 파는 볶음밥이랑 또 다르지만
맛있네요 진짜, 치즈 올려먹으니까 미칩니다 이거
인정합니다!!
괜히 제니와 칸예웨스트가 가는게 아니었네요
아참! 제가 도산회관 갔을때는 김사랑배우 봤는데
너무 이쁘시더라구요
안되겠다 주먹밥도 더시키고 도산회관도
다음주에 또 가야겠네요 !!"
[도산회관] 한우 소보로 주먹밥,https://www.kurly.com/goods/1001207695,6000,2025.04.05,,,"쟁여두고 출출할때 렌지 돌려먹던 쟁여템인데
컬리에 진출했네요! 장보는 김에 재구매합니다
제 동생은 에어프라이기를 즐겨쓰는데
에프로 돌려 먹어보곤 너무 맛있다길래
동생도 줄겸 여러개 쟁여봅니다ㅎㅎ
유통기한도 넉넉해서 쟁이기 딱임..
컵라면에도 먹고 치즈도 올려먹고
반숙 계란후라이에 비벼서 김싸먹으면 존맛!
다이어트 식단으로도 한끼 탄단지 뚝딱 가능..🍙"
[도산회관] 한우 소보로 주먹밥,https://www.kurly.com/goods/1001207695,6000,2025.09.21,,,도시락 밥으로 좋아요
[도산회관] 한우 소보로 주먹밥,https://www.kurly.com/goods/1001207695,6000,2025.09.20,,,자주 사먹는 음식이에요 강추합니다
[도산회관] 한우 소보로 주먹밥,https://www.kurly.com/goods/1001207695,6000,2025.09.20,,,남편이 마싯다고해요 전 안먹어봤는데  먹어봐야지~~
[도산회관] 한우 소보로 주먹밥,https://www.kurly.com/goods/1001207695,6000,2025.09.19,,,맛있어서 두번째 구입했는데 두번째껀 고기냄새가 나네요ㅠ 세번째 구매는 안할듯요
[도산회관] 한우 소보로 주먹밥,https://www.kurly.com/goods/1001207695,6000,2025.09.19,,,"지난번 처음 사봄
괜찮은거 같아서 재주문함
가격이 다소 높지만 아이가 맛있다며 잘 먹길래
간편하고 보관도 편리해서 좋네요
가격에 비해 양이 적지만ㅋ
맛있으니깐^^"
[도산회관] 한우 소보로 주먹밥,https://www.kurly.com/goods/1001207695,6000,2025.09.18,,,재구매 한번 사고 이것만 사게됨
[도산회관] 한우 소보로 주먹밥,https://www.kurly.com/goods/1001207695,6000,2025.09.17,,,후기좋아서 점심도시락용으로 구매해봤어요 맛있기를!!
[도산회관] 한우 소보로 주먹밥,https://www.kurly.com/goods/1001207695,6000,2025.09.17,,,간식으로 먹기 너무 좋아요 ㅎㅎ
[애슐리] 홈스토랑 볶음밥 6종 (4개입) (택1),https://www.kurly.com/goods/1000040680,6000,2024.12.07,,,"마켓컬리에서 애슐리 홈스토랑 와규버터볶음밥 4개입을 구매해봤어요. 이름만 들어도 고급진 느낌이 확 오잖아요? 냉동 볶음밥은 워낙 간편해서 자주 먹는데, 이건 정말 고급지게 한 끼 해결하고 싶을 때 추천하고 싶어요.  

조리법은 간단합니다. 프라이팬에 5분 정도 볶아주기만 하면 끝! 와규라 그런지 고기 맛이 진짜 풍부하고 부드러워요. 버터 풍미도 은은하면서 고소한 맛을 확 살려줘서 먹는 내내 만족도가 높았어요. 밥 알도 찰기가 살아 있고, 고기랑 버터 조화가 잘 맞아서 질리지 않더라고요.  

개인적으로 약간의 채소를 곁들이니 집에서 제대로 된 한 끼 먹는 기분이었어요. 외식 대용으로도 참 좋은거 같아요ㅎ"
[애슐리] 홈스토랑 볶음밥 6종 (4개입) (택1),https://www.kurly.com/goods/1000040680,6000,2024.06.24,,,"* 구매하게 된 동기

간편하게 먹을 수 있는 걸 찾다가 우연히 알게 되었는 데 가성비도 좋은 것 같아서 애슐리 통새우 볶음밥 밀키트를 구매하게 되었습니다

오늘 애슐리 통새우 볶음밥을 먹었는 데 맛있게 잘 먹었어요

* 장점은 4봉지로 나눠져 있어서 보관하기도 쉽습니다

* 자취하시는 분들이나 소식하시는 분들이나 야간에 주로 일하고 퇴근하고 오시는 분들이 사 먹기 좋을 것 같습니다

* 단점은 냉동이어서 딱딱하게 얼려있다보니 하나씩 부셔줘야 합니다

딱딱하게 얼려있다면 해동 시킨 후에 드시는 것이 좋을 것 같습니다

* 좋은 점은 새벽배송이라 새벽에 택배를 받아볼 수 있고 배송도 빠르고 포장도 드라이아이스팩과 꼼꼼하게 되어서 왔고 가격도 괜찮은 편이고 유통기한도 긴걸로 보내주셨어요!

맛 ⭐️ ⭐️ ⭐️ ⭐️ ⭐️ 
포장 ⭐️ ⭐️ ⭐️ ⭐️ ⭐️
배송 ⭐️ ⭐️ ⭐️ ⭐️ ⭐️ 

* 박스로 들고 오는 것이다보니 찢어져서 오는 경우가 많은 데 박스도 상품도 손상된 거 없이 잘 도착해서 좋았어요!

그리고 쿠폰을 사용해서 기존에 있던 가격보다 저렴하게 구입할 수 있어서 좋았어요!

**** 👍👍👍👍 추천드립니다 👍👍👍👍 ****

상품 잘 받았습니다 판매자님

다음에 또 주문하게 되면 여기서 구매 할 예정입니다"
[애슐리] 홈스토랑 볶음밥 6종 (4개입) (택1),https://www.kurly.com/goods/1000040680,6000,2024.04.07,,,"지난번에 애슐리에서 나온 홈스토랑 통새우 볶음밥을 구매해서 먹었는데 정말 맛있더라구요. 
그래서 이번엔 다른 종류도 먹어보고 싶어서 살펴보다가 이 '버터 와규 볶음밥' 도 맛있겠다 싶어서 구매해 봤습니다. 

한끼 먹을 분량이 적절하게 담겨져 있고, 평소에는 냉동시켜 보관하고 있다가 밥하기 귀찮거나 손님이 갑자기 왔는데 밥이 모자라거나 할 때 바로 전자레인지에 돌려서 먹으면 되니까 정말 편해요. 

집에 비상식량으로 꼭 구비해놔야 좋겠다 싶을만큼 정말 유용합니다.

게다가 맛도 정말 좋아요. 
제 입맛에는 통새우 볶음밥보다 이게 훨씬 맛있네요. 

버터향도 생각보다 많이 나고, 고기도 제대로 알차게 들어 있어서 너무너무 맛있어요. 
입맛 없을 때 먹기에도 진짜 좋을 것 같고, 특히 어린 아이들 입맛에 아주 잘 맞을만큼 단짠단짠입니다. 

앞으로도 자주 재구매할 것 같아요."
[애슐리] 홈스토랑 볶음밥 6종 (4개입) (택1),https://www.kurly.com/goods/1000040680,6000,2025.09.22,,,"빠른배송 감사합니당
간편하게 먹기 좋고 맛있어요ㅎㅎㅎㅎ"
[애슐리] 홈스토랑 볶음밥 6종 (4개입) (택1),https://www.kurly.com/goods/1000040680,6000,2025.09.21,,,맛있어요   볶음밥속 새우는 너무 작아서 생새우큰거 추가해서 먹어요
[애슐리] 홈스토랑 볶음밥 6종 (4개입) (택1),https://www.kurly.com/goods/1000040680,6000,2025.09.21,,,시킨 볶음밥중에서 제일 나은듯 합니다
[애슐리] 홈스토랑 볶음밥 6종 (4개입) (택1),https://www.kurly.com/goods/1000040680,6000,2025.09.21,,,아직 안 먹어 봤지만 느끼하지 않기 바랍니다
[애슐리] 홈스토랑 볶음밥 6종 (4개입) (택1),https://www.kurly.com/goods/1000040680,6000,2025.09.21,,,"조금 느끼하네요
파기름 내서 다시 볶았어요"
[애슐리] 홈스토랑 볶음밥 6종 (4개입) (택1),https://www.kurly.com/goods/1000040680,6000,2025.09.20,,,편하고 맛있어서 자주 사먹어요
[애슐리] 홈스토랑 볶음밥 6종 (4개입) (택1),https://www.kurly.com/goods/1000040680,6000,2025.09.19,,,아이들 아침밥으로 간단하게 해줄수 있고 맛있데요
[LOTS OF LOVE] 차돌듬뿍 묵은지 볶음밥,https://www.kurly.com/goods/5025689,6000,2023.06.05,,,재구입. 잘 받았습니다. 배송 빨라요
[LOTS OF LOVE] 차돌듬뿍 묵은지 볶음밥,https://www.kurly.com/goods/5025689,6000,2022.06.16,,,"양은 신랑이랑 먹어도 적당해요. 처음에 꺼내면 냉동 상태에서는 양이 좀 많은데 수분 먹고 익으면 숨이 죽어요. 
저는 살짝 누룽지처럼 먹는걸 좋아해서 좀 오래 익혀요. 
사진은 28cm 사각팬이고 얇게 깔면 딱 맞더라고요. 
처음에 베이컨 두 줄 대충 잘라서 넣고 잘 익힌 후 차돌묵은지 넣고 얇게 펴서 누룽지 느낌 날때까지 익혀요. 

차돌듬뿍 묵은지 볶음밥이야 주문할때마다 같이 주문하는 품목이고 세일할땐 무조건 쟁여요. 그냥 노멀하게 먹는것도 좋지만 주먹밥이나 누룽지로 먹어도 좋아요.

다만 고추기름? 같은게 많이 묻어나서 손으로 만질땐 비닐장갑 필수. 조리도구도 물 안드는 소재 사용하는게 좋아요. 
베이컨이나 햄 곁들이면 좋긴한데 밥 자체 간이 딱 맞게 되어있어서 감안해서 적당히 넣어주는게 좋아요.

급할때 한끼 책임져주는 우리집 비상식량이에요."
[LOTS OF LOVE] 차돌듬뿍 묵은지 볶음밥,https://www.kurly.com/goods/5025689,6000,2025.09.22,,,"1인분에 2500정도하는 볶음밥과 비교했을때(얘는 4000원꼴) 장점을 크게 못느끼겠어요
고기도 잘게잘게 들어가있고…
그냥 1인분당 2500원 볶음밥 사먹겠습니다

맛은 있어요"
[LOTS OF LOVE] 차돌듬뿍 묵은지 볶음밥,https://www.kurly.com/goods/5025689,6000,2025.09.22,,,계란후라이 하나 얹으면 더 맛있어요
[LOTS OF LOVE] 차돌듬뿍 묵은지 볶음밥,https://www.kurly.com/goods/5025689,6000,2025.09.21,,,맛있게잘먹었어요 굿굿
[LOTS OF LOVE] 차돌듬뿍 묵은지 볶음밥,https://www.kurly.com/goods/5025689,6000,2025.09.21,,,맛있어서 자주 자주 구매했어요
[LOTS OF LOVE] 차돌듬뿍 묵은지 볶음밥,https://www.kurly.com/goods/5025689,6000,2025.09.21,,,늘 냉동실에 쟁여놓는 필수품이에요~
[LOTS OF LOVE] 차돌듬뿍 묵은지 볶음밥,https://www.kurly.com/goods/5025689,6000,2025.09.20,,,기름이 너무 많아요.. 맛은 있습니다
[LOTS OF LOVE] 차돌듬뿍 묵은지 볶음밥,https://www.kurly.com/goods/5025689,6000,2025.09.20,,,세일할때좋앗는데 .. 세일안할땐...금액에쎄네여
[LOTS OF LOVE] 차돌듬뿍 묵은지 볶음밥,https://www.kurly.com/goods/5025689,6000,2025.09.20,,,항상 쟁이는 볶음밥이예요
[풀무원] 고소한 유부초밥,https://www.kurly.com/goods/5069131,6000,2025.06.17,,,"풀무원 고소한 유부초밥 솔직 후기
- 집에서도 간편하게, 부드럽고 고소한 한 끼 완성!

바쁠 때 한 끼 해결하려고 풀무원 유부초밥을 사봤는데,
생각보다 훨씬 간편하고 맛도 깔끔해서 자주 찾게 될 것 같아요.

🧡 구성
	•	유부 10장
	•	밥에 섞어 먹는 후리가케
	•	초밥소스(초간장)
필요한 재료가 전부 들어 있어서 밥만 있으면 끝!
유부도 이미 양념돼 있어서 따로 조리할 필요 없이 바로 사용 가능해요.

🥢 맛

유부 자체가 너무 달지 않고 은은하게 고소해서
자극적이지 않고 딱 좋았어요.
초밥소스도 시큼하지 않고 부드럽게 새콤한 맛이라
아이부터 어른까지 무난하게 즐길 수 있는 스타일이에요.

밥에 후리가케랑 소스 넣고 잘 비벼서 유부에 채워주면 완성!
간단한데 은근히 손맛 나는 느낌도 나고, 도시락으로도 좋아요.

🍽️ 활용 팁

✔️ 단무지, 오이, 계란지단, 참치마요 살짝 곁들이면 퀄리티 업!
✔️ 반찬 없이도 한 끼 해결 가능해서 자취생, 아이 간식용으로도 추천

⸻

✅ 총평

✔️ 구성 알차고 조리 간편
✔️ 유부가 너무 달지 않아 부담 없이 먹기 좋음
✔️ 아담하게 만들어 먹는 재미도 있음
❗ 유부 양이 정해져 있으니 밥 양 조절은 필수! (너무 많이 넣으면 터짐😂)

➡️ 간편하게 깔끔한 한 끼, 도시락용으로도 딱!
고소함+간편함+가성비 다 챙기고 싶다면 추천할 만한 제품이에요 🙌"
[풀무원] 고소한 유부초밥,https://www.kurly.com/goods/5069131,6000,2025.05.23,,,"원래 도시락 싸려고 구입했는데..  갑자기 너무 유부초밥이 먹고 싶어져서 먼저 한끼먹고 도시락용을 재구매했어요. 유부초밥은 아이가 좋아하는 편이 아니라 정말 오랜만에 구입했는데 이거는 맛있다고 엄청 잘먹네요!

기본양념이랑 꼬들단무지, 참기름까지 다 들어있어서 재료 추가할 필요없이 충분히 밥 양념 맛있게 잘 되더라고요. 그리고 유부가 너무 짜지도 않고 기름지지도 않고 너무 고소하게 맛있어요. 유부가 한팩에 14장씩 두팩 들어있는데 양념도 두개씩 소분되어 있어서 간식으로 간단하게 나누어서 만들기도 좋을 것 같아요  

유부안에 양념된 밥을 통통히 채워넣는걸 보더니 아이도 손씻고 도와줘서 금방 만들어냈어요. 중간중간 만들면서 하나씩 먹는 재미도 좋더라고요. 덕분에 맛있는 도시락 먹고 즐거운 추억 만들었습니다."
[풀무원] 고소한 유부초밥,https://www.kurly.com/goods/5069131,6000,2024.10.24,,,"고소~한 유부초밥 ㅎㅎ
항상 새콤달콤 유부초밥만 먹다가 아이들이 식초맛에 약간 거부감이 있길래
고소한 유부초밥은 어떤가 싶어 주문했던게 시초가되어
계속 쭈욱~ 고소한 유부초밥만 주문하고있어요

유부초밥안에 꼬들꼬들 식감의 단무지가 잘게 들어가고
참기름과 재료들을 넣고 섞으면 밥만 먹어도 맛있는 고소한 초밥이 됩니다

유부를 하나하나 찢어지지않게 펼쳐서 밥을 넣어 모양을 만들고있으면
하나가 완성된 순간부터 하나씩 집어가버려서
전체 완성샷은 못찍었지만ㅎㅎ 진짜 맛있습니다~

새콤달콤 유부초밥이 진짜 새콤달콤한 맛이라면
고소한 유부초밥은 진짜 고소~~한 유부초밥이에요!!

혹시 초밥에 식초맛이 싫은분들이나
미취학 자녀들이 초밥을 잘안먹는다 하시면 고소한 유부초밥해보세요^^"
[풀무원] 고소한 유부초밥,https://www.kurly.com/goods/5069131,6000,2025.09.22,,,도시락으로 싸 가서 먹으려고 구입했는데 아직 못해먹었네요
[풀무원] 고소한 유부초밥,https://www.kurly.com/goods/5069131,6000,2025.09.22,,,유부속 두부넣고 다이어트로
[풀무원] 고소한 유부초밥,https://www.kurly.com/goods/5069131,6000,2025.09.21,,,좋아하는 유부초밥인데 세일해서 구입했어요. 맛있게 잘 먹을게요~
[풀무원] 고소한 유부초밥,https://www.kurly.com/goods/5069131,6000,2025.09.21,,,유부초밥 맛있어요 감사합니다
[풀무원] 고소한 유부초밥,https://www.kurly.com/goods/5069131,6000,2025.09.21,,,가격이 좋아요 새콤달콤도 좋고 고소한것ㄷㅗ 좋아요
[풀무원] 고소한 유부초밥,https://www.kurly.com/goods/5069131,6000,2025.09.21,,,두부넣어서 먹어도 맛있어요~
[풀무원] 고소한 유부초밥,https://www.kurly.com/goods/5069131,6000,2025.09.21,,,고소하니 맛있어요 종종 사먹어요
[마이비밀] 라이킷 식단관리 도시락 8종 (택2),https://www.kurly.com/goods/1000134705,6000,2025.06.10,,,"마이비밀 계란볶음밥 + 떡갈비 냉동도시락 솔직 후기 🍱

육아하느라 정신없을 때, 밥 챙기기조차 힘든 날이 많은데요. 이럴 때 구세주처럼 등장한 게 바로 냉동도시락! 그중에서도 요즘 인기 있다는 마이비밀 계란볶음밥과 떡갈비 도시락을 먹어봤어요.

✅ 구성 & 조리
구성: 계란볶음밥 + 떡갈비 2조각 + 잡채 약간 + 나물 반찬
조리법: 전자레인지 3분~4분 30초 정도 돌리면 완성! 포장도 깔끔하고, 용기도 탄탄해서 따로 그릇에 옮기지 않아도 돼서 편했어요.
🍳 계란볶음밥 맛은?
기름지지 않고 깔끔한 스타일의 볶음밥이에요.
자극적이지 않고 고소해서 아이들과 함께 먹어도 괜찮을 정도예요.
다만 조금 밍밍하다고 느껴질 수 있어서, 개인적으로는 김치나 단무지랑 같이 먹으니 딱 좋았어요.
🥩 떡갈비는?
두께감도 적당하고, 잡내 없이 맛있었어요.
씹을 때 육즙은 살짝 부족했지만, 단짠단짠한 양념이 밥이랑 잘 어울렸어요.
기대보단 괜찮았고, 냉동식품치고 퀄리티는 만족!

전체적으로 구성의 균형이 좋아서 한 끼 식사로 충분했어요.
🌟 총평
장점: 간편함, 깔끔한 맛, 무난한 구성
재구매 의사: ★★★★★
정신없을 때 하나쯤 냉동고에 있으면 든든한 도시락이에요. 너무 자극적이지 않아서 자주 먹어도 부담 없고, 양도 딱 적당해요."
[마이비밀] 라이킷 식단관리 도시락 8종 (택2),https://www.kurly.com/goods/1000134705,6000,2023.11.29,,,"🍳계란볶음밥과 🍖떡갈비
마이킷 종류별로 먹어보고 쓰는 후기
집에서 아무때나 밥 먹고 싶을때 먹으려고 구매했는데
후기좋은 만큼 퀄리티 좋고 맛있네요
계란볶음밥과 떡갈비를
제일 마지막에 먹었는데 제일 맘에 들었어요
채소부분에 물도 안생기고
떡갈비 소스 덕분에 끝까지 맛있게 먹을 수 있는 맛
떡갈비가 쫀쫀한데 채소들이랑 같이 먹으니
완벽한 영양소를 채워주는 것 같네요

1. 간단히 식단 하기도 좋은데 착한 가격
2. 다양한 구성으로 질리지 않고 그날그날 끌리는 맛으로 먹을 수 있음
3. 전자렌지만으로 뜨끈한 밥반찬이 있어서 보기만해도 만족스럽고
4. 포만감 있어서 다른 먹을거리 생각이 안나도록 양이 충분했어요
5. 한톨도 안남기고 먹게되어 음식물 처리 안해도 되고
6. 종이, 비닐, 플라스틱 깨끗하게 닦여서 재활용해 버리기 편했습니다."
[마이비밀] 라이킷 식단관리 도시락 8종 (택2),https://www.kurly.com/goods/1000134705,6000,2023.03.01,,,"사실 저는 다이어트 보다는 지병으로 인한 근육손실 때문에 최근에 운동을 시작하면서 추가로 단백질 섭취를 위해서 회사에서 한끼 식사로 먹으려고 구매했어요. 입이 짧고 양이 적어서 추가로 구운계란을 얹으니 저에게는 충분한 한끼가 되었지만 평균적으로는 조금 작을것 같은 양이에요!

포장은 베뤼굳이에요! 탄탄하고 간단한 포장과 간단한 조리 방법까지. 전자레인지 하나만 있으면 됩니다! 

야채볶음밥은 다들 아시는 야채볶음밥과 똑같아요. 그리고 맛나요! 적당히 오일리해서 고소하면서 볶음밥 맛집에서 먹는것 같은 느낌이 들었고 치즈숯불닭은 진짜 살짝 매콤하면서 치즈도 같이 곁들여져 있으니 정말 한국인을 위한 닭가슴살 요리가 아닌가 생각이 들어요 ㅋㅋㅋ 진짜 숯불의 그 화한 맛도 나면서 매콤한! 그래서 저는 밥을 살짝 비벼도 먹어봤어요. 결론은 맛났습니다 >_< 그리고 추가로 곁들인 구운계란 덕분에 든든하면서 기분좋은 한끼가 되었네요!

사실 이번이 처음으로 이런 도시락을 사는거였는데 혹시 별로면 어쩌나 걱정을 많이 했지만 진짜 맛나게 먹어서 다음엔 뭐 먹을지 생각하면서 먹게 되더라구요 ㅋㅋㅋ 
이래서 사람들이 이런 도시락을 사서 먹는거구나...

일단 저는 완전 강추요!!!! 그럼 저는 이건 추가로 장바구니에 넣어놓고 다음 도시락을 찾아서 총총총,,,"
[마이비밀] 라이킷 식단관리 도시락 8종 (택2),https://www.kurly.com/goods/1000134705,6000,2025.09.22,,,제일 맛잇아요 또 구매함
[마이비밀] 라이킷 식단관리 도시락 8종 (택2),https://www.kurly.com/goods/1000134705,6000,2025.09.22,,,제일 맛나네요 굿국
[마이비밀] 라이킷 식단관리 도시락 8종 (택2),https://www.kurly.com/goods/1000134705,6000,2025.09.22,,,맛나요 굿굿 제일 맛남
[마이비밀] 라이킷 식단관리 도시락 8종 (택2),https://www.kurly.com/goods/1000134705,6000,2025.09.22,,,다 먹어봤는데 맛있어요
[마이비밀] 라이킷 식단관리 도시락 8종 (택2),https://www.kurly.com/goods/1000134705,6000,2025.09.22,,,처음 사봤는데 양은작아도 아들이 편하게 먹고있어요
[마이비밀] 라이킷 식단관리 도시락 8종 (택2),https://www.kurly.com/goods/1000134705,6000,2025.09.22,,,처음 사봤는데 양은작아도 편하게 먹을 수있어요
[마이비밀] 라이킷 식단관리 도시락 8종 (택2),https://www.kurly.com/goods/1000134705,6000,2025.09.21,,,늘 컬리에서만 사요!
[Chai797] 시그니처 쇠고기 마늘 볶음밥,https://www.kurly.com/goods/1001316382,6000,2025.05.19,,,"chai797짜장면 맛있게먹었는데
chai797 에서 시그니처 소고기마늘 볶음밥이 나왔더라구요~
저희신랑이 마늘도좋아하고 볶음밥도 좋아하는데 안살수가 없더라구요.
냉동으로 배송되구요.
2인분인데 지퍼백포장이에요.
1인분씩 포장되어있을줄 알았는데
2인분이 한번에 들어있더라구요
지퍼백포장이지만 1인분씩 포장이안된부분은 아쉬웠어요.
고슬고슬한 밥에 소고기랑 편마늘 다진마늘이 왕창 들어있었고 고기누린내도 없고  마늘향이 진하지만 먹기힘들지않고 감칠맛나게 맛있었어요.
불향이 진하진않았지만
충분히 맛있어서 만족했어요.
간이 센 편이라서 1인분기준 밥 반공기정도 더 넣고 볶아줬어요.
두번에 나눠서먹었으니 저희집 기준 2인분이아닌 3인분이였어요.
추가재료없이 볶아먹어도 충분히맛있지만 
대파 큰거 1대채썰어서 파기름내준다음 
시그니처 소고기마늘볶음밥1인분에 찬밥 반공기 더 넣고 5분정도 센불에서 볶아준다음
이베리코 목살이랑 양파볶아서 볶음밥위에 올려주고  씨제이 물냉면으로 물냉면 만들어서 같이먹어줬는데 사먹는 볶음밥중에 가장 맛있었어요.
계란후라이 올려먹어도 맛있을거같아요.
두번째먹을땐 양송이를 추가해줬어요.
제 입맛엔 소고기랑 마늘이랑 잘어울리는게 양송이더라구요.
대파랑 양송이 채썰어서 볶아주다가 시그니처
소고기마늘 볶음밥 넣어주고 찬밥 반공기 더 넣어준다음 센불에서 5분정도 볶아줬어요.
오일 살짝 추가해줘야 고슬고슬 잘 볶이더라구요.
두번짼 누룽지가있는 솥밥느낌으로 먹고싶어서 돌판냄비에 볶아줬는데 누룽지도 생기고 더 맛있더라구요.
미역국이랑 쫄면 만들어서 같이먹어줬는데
양송이넣으니까 조금더 고급진볶음밥이 된거같아서 좋더라구요!
간이 세긴한데 밥을 추가로 넣고 볶아주면되니까 큰문제는 아닌거같고
계란이 없어서 계란후라이를 올려먹지못했는데 계란후라이 추가로 올려드심 맛있을거같으니
다른분들은 계란후라이 올려드세요!!
참기름은 살짝 넣어도 되고
굳이 넣지않아도 충분히 맛있어요^^"
[Chai797] 시그니처 쇠고기 마늘 볶음밥,https://www.kurly.com/goods/1001316382,6000,2025.09.21,,,올리브유 두르고 중불로 맛나요
[Chai797] 시그니처 쇠고기 마늘 볶음밥,https://www.kurly.com/goods/1001316382,6000,2025.09.21,,,급할 때 간편이 요리하기 좋은 메뉴라 구입해 두었습니다. 냉동실에 넣어 두었어요.
[Chai797] 시그니처 쇠고기 마늘 볶음밥,https://www.kurly.com/goods/1001316382,6000,2025.09.20,,,맛있어서 재구매 여러번 했어요
[Chai797] 시그니처 쇠고기 마늘 볶음밥,https://www.kurly.com/goods/1001316382,6000,2025.09.20,,,"올리브오일에 마늘더넣고 볶다가 볶음밥넣고 
목살 구워잘라 볶음밥위에 올려먹음 필라프입니다ㅋㅋ"
[Chai797] 시그니처 쇠고기 마늘 볶음밥,https://www.kurly.com/goods/1001316382,6000,2025.09.19,,,"고기입자도 크고 마늘도 듬뿍
맛있어요"
[Chai797] 시그니처 쇠고기 마늘 볶음밥,https://www.kurly.com/goods/1001316382,6000,2025.09.19,,,좋아요~ 또 구매할게요
[Chai797] 시그니처 쇠고기 마늘 볶음밥,https://www.kurly.com/goods/1001316382,6000,2025.09.18,,,"오 생각보다 맛있어요~
아들이랑 남편이 잘 먹네요"
[Chai797] 시그니처 쇠고기 마늘 볶음밥,https://www.kurly.com/goods/1001316382,6000,2025.09.18,,,간편하게 볶음밥 해먹기 좋아요. 맛도 괜찮습니다
[Chai797] 시그니처 쇠고기 마늘 볶음밥,https://www.kurly.com/goods/1001316382,6000,2025.09.18,,,꼭 드셔보세요 추천해여
[탄단지] 가벼운 한식 도시락 6종 (2개입) (택1),https://www.kurly.com/goods/1000017061,6000,2025.03.21,,,"아이의 원픽 도시락!

밤에 도착했는데 제가 자는 시간이라 아침에 받아서 전부 해동 됐더라고요 ㅠ

도시락은 정말 잘 배송 체크해야겠어요!

바로 냉동실에 넣고 아침마다 주고 있어요

컬리에서 골고루 주문해 아이에게 줘봤는데
아예 원픽이에요

이번에는 10개 주문했고

아이에게 아침을 잘 먹여야 하거든요

제가 상을 차리면 주는대로 먹는 아이가 아니라서 ㅠㅠ

이건 어제 5분만에 다 먹었어요 (대박)

게살이 많이 보이고
오믈렛 안에는 참치도 있어요

아이가 하도 잘 먹다보니 저는 먹어본적이 없거든요

매운걸 못 먹는 아이인데 오징어볶음?도 수저로 싹싹 먹어요 

브로컬리랑 콩도 다 먹었어요

매일 아침 똑같은 도시락인데
더 잘 먹는것 같아요 ㅋㅋ(??)

제가 차려준 것도 가리지 않고 잘 먹으면 좋겠네요 ㅜㅜ

도시락 다 먹으면 또 10개씩 살듯

입 짧은 아이의
아침을 도와 주셔서 감사합니다;-;

+ 요즘 아침 식사 걱정이 덜어져서 정신건강에 도움.ㅋㅋ"
[탄단지] 가벼운 한식 도시락 6종 (2개입) (택1),https://www.kurly.com/goods/1000017061,6000,2025.03.07,,,"아이가 제일 좋아하는 컬리도시락입니다.

게살볶음밥도 맛있고
계란말이도 폭신폭신 좋다고 합니다.

매운걸 못 먹는데 오징어반찬은 또 맛있다고 하네요^^

평소 브로컬리 안 먹으면서 여기 브로컬리는 좋아해요
이 도시락 안에 있어서 좋은거라고 하네요
(?.?)

오랜만에 사줬더니 극찬을 하네요...
이게 지구상에서 제일 맛있다고?

ㅡ_ㅡ...

초4 아들이 제게 광고를 찍네요..
이거 많이 사 놓으라며..

골고루 샀는데 아이는 이 도시락을 제일 좋아해서 이것만 콕 찍어서 일년넘게 찬사를 보내는 중입니다.

아이가 갑각류를 좋아해서 그럴지도 모르겠습니다.
다음에는 이것만 10개 사볼까요 ;-;"
[탄단지] 가벼운 한식 도시락 6종 (2개입) (택1),https://www.kurly.com/goods/1000017061,6000,2024.04.24,,,"또 시켜버린 최애 도시락💛
요즘 너무 열심히 먹어버린 나머지 자제할 필요를 느껴 식이조절을 위해 재구매했습니다!

✅ 떡갈비 사이즈: 길이는 제 검지손가락 정도? 두께는 손가락 두 마디 조금 안 되는 정도입니다
✅ 떡갈비 상태: 사진 첨부했듯이 실하고 육즙도 낫배드! 냄새도 좋고 맛있습니다:)
✅ 나머지 반찬: 볶음김치 조금, 오므라이스 모양 계란말이(?)가 포함되어있는데 볶음김치 조금만 더 들어있으면 좋을듯해용
✅ 밥 상태: 냉동된 상태로 바로 전자레인지 돌려야 포슬한 밥 상태로 먹을 수 있습니다! 찰지고 쫀득해서 만족스러웠어요:)

❗️총평: 다이어트 하고싶은데 당장 탄수화물을 끊기는 어려우신 분들께 추천! 밥 양이 적은 편이라 적당한 양으로 먹기 좋아요:) 맛도 좋으니 고민하지 마시고 구매하시길~"
[탄단지] 가벼운 한식 도시락 6종 (2개입) (택1),https://www.kurly.com/goods/1000017061,6000,2025.09.22,,,다이어트 도시락 치고는 꽤 짜요
[탄단지] 가벼운 한식 도시락 6종 (2개입) (택1),https://www.kurly.com/goods/1000017061,6000,2025.09.22,,,다이어트 도시락 울 아들 잘먹고 있네요
[탄단지] 가벼운 한식 도시락 6종 (2개입) (택1),https://www.kurly.com/goods/1000017061,6000,2025.09.22,,,탄단지 도시락중 제일 맛있어요
[탄단지] 가벼운 한식 도시락 6종 (2개입) (택1),https://www.kurly.com/goods/1000017061,6000,2025.09.22,,,간단히 한끼 먹기 좋아요
[탄단지] 가벼운 한식 도시락 6종 (2개입) (택1),https://www.kurly.com/goods/1000017061,6000,2025.09.21,,,"그냥 쏘쏘에요 진짜 급할때 편의점꺼 보단 낫겠가눙  심정으로 먹어요
요리할때 많이 해서 밀키트로 해놓기도 하는 편이라 진짜진짜 급할때요 ㅎ"
[탄단지] 가벼운 한식 도시락 6종 (2개입) (택1),https://www.kurly.com/goods/1000017061,6000,2025.09.21,,,새벽배송 너무 좋아요~~
[탄단지] 가벼운 한식 도시락 6종 (2개입) (택1),https://www.kurly.com/goods/1000017061,6000,2025.09.21,,,새벽배송 너무 좋아요
[LOTS OF LOVE] 봄맛듬뿍 곤드레밥,https://www.kurly.com/goods/5004962,6000,2024.08.07,,,"오늘 저녁은 진짜 봄을 제대로 느낄 수 있는 곤드레밥으로 시작했어요! 곤드레밥을 간단하게 볶아서 그냥 먹었는데, 고소하고 푸짐해서 입맛을 확 사로잡더라고요. 여기에 매콤한 등갈비찜을 준비했는데, 깻잎 몇 장을 올려서 같이 먹으니까 이게 웬 맛의 조화람..! 깻잎의 향긋함이 매운맛을 살짝 잡아주니까 더 맛있었어요.

그리고 구운 부채살 고기와 오리고기 볶음, 여러 쌈야채를 곁들여 먹었는데, 곤드레밥과 찰떡궁합이었어요. 특히 오리고기 볶음은 곤드레밥의 고소함을 한층 끌어올려 주면서, 둘이 만나니까 건강한 맛이 배가 되더라고요. 이렇게 푸짐하고 건강한 식사를 하고 나니, 몸도 마음도 가뿐해지는 기분이에요. 집밥의 매력에 또 한번 반했습니다. 다음에도 이 조합으로 꼭 다시 해먹을거에용!"
[LOTS OF LOVE] 봄맛듬뿍 곤드레밥,https://www.kurly.com/goods/5004962,6000,2023.02.01,,,"<곤드레밥 맛있게 먹기>
추가재료: 버섯, 마늘, 계란

먼저 식용유 조금 두르고 버섯을 볶아주세요. 투명한 빛깔이 나면 익은 거에요.
남은 기름에 얇게 채썰거나 편 썰어둔 마늘 한 스푼 넣고 볶아주세요. 마늘 냄새 올라오면 바로 곤드레밥 1/2을 넣고 볶아주세요.
밥은 설명서 대로 4분 정도 볶으면 됩니다.

마지막으로 기호에 맞춰서 계란 후라이 올려주세요.

소스는 양조간장 살작 넣었어요. 식용유로 밥을 익히면 이미 기름이 둘러져서 참기름은 생략해도 충분합니다.

잘 비벼서 맛있게 먹어주세요:)
간장양념에 청양고추나 쪽파 썰어넣으면 더 맛있을 것 같아요ㅎㅎ"
[LOTS OF LOVE] 봄맛듬뿍 곤드레밥,https://www.kurly.com/goods/5004962,6000,2025.09.22,,,할인하면 무조건이에요
[LOTS OF LOVE] 봄맛듬뿍 곤드레밥,https://www.kurly.com/goods/5004962,6000,2025.09.22,,,여러 가지 볶음밥이랑 곤드레밥 주문해서 냉동실에 쟁여놨는데 든든하고 맛있네요
[LOTS OF LOVE] 봄맛듬뿍 곤드레밥,https://www.kurly.com/goods/5004962,6000,2025.09.22,,,"봄맛듬뿍 곤드레밥 잘먹고 잇어요
추천합니다!!!"
[LOTS OF LOVE] 봄맛듬뿍 곤드레밥,https://www.kurly.com/goods/5004962,6000,2025.09.21,,,냉동실에 쟁여두고 급할 때 편하게 먹겠어요.
[LOTS OF LOVE] 봄맛듬뿍 곤드레밥,https://www.kurly.com/goods/5004962,6000,2025.09.21,,,맛있어요   좋아요
[LOTS OF LOVE] 봄맛듬뿍 곤드레밥,https://www.kurly.com/goods/5004962,6000,2025.09.21,,,아침에 뚝딱 간편하게 시래기명란이랑 섞으면 굿
[LOTS OF LOVE] 봄맛듬뿍 곤드레밥,https://www.kurly.com/goods/5004962,6000,2025.09.20,,,아직 먹어보진 못했는데 기대하고 있어요!!
[LOTS OF LOVE] 봄맛듬뿍 곤드레밥,https://www.kurly.com/goods/5004962,6000,2025.09.20,,,입맛 없을때 먹으려고 구매했어요.
[컬리X햇반] 향긋한 골든퀸쌀밥 210g*36입 (1박스),https://www.kurly.com/goods/1001485256,6000,2025.04.05,,,"최근 건강한 식사를 선호하는 소비자들 사이에서 인기를 끌고 있는 제품입니다.
현대인의 바쁜 일상 속에서도 건강한 식습관을 유지하고자 하는 사람들에게 안성맞춤인 제품입니다.

포장은 매우 실용적입니다. 지퍼형 포장으로 되어 있어 남은 밥을 쉽게 보관할 수 있고, 디자인 또한 깔끔하고 현대적이어서 시각적으로도 매력적입니다.

조리 방법도 간편합니다. 전자레인지를 이용해 약 2분 가량 데우기만 하면 맛있는 밥이 완성됩니다. 바쁜 아침이나 점심에 정말 유용하게 활용할 수 있죠. 또한, 끓는 물에 데우는 방법도 있어 상황에 따라 다양하게 조리할 수 있습니다.

결론적으로, 건강한 식사를 원하는 현대인들에게 특히 적합하며, 다양한 식단에 잘 어울리는 장점도 가지고 있습니다. 바쁜 일상 속에서도 간편하게 건강을 챙길 수 있는 그 가치를 충분히 발휘하는 제품입니다. 맛과 영양, 편리함을 모두 갖춘 이 제품은 일상 속에서 필요한 에너지를 충전하는 데 큰 도움이 될 것입니다."
[컬리X햇반] 향긋한 골든퀸쌀밥 210g*36입 (1박스),https://www.kurly.com/goods/1001485256,6000,2025.04.05,,,"최근 건강한 식사를 선호하는 소비자들 사이에서 인기를 끌고 있는 제품입니다.
현대인의 바쁜 일상 속에서도 건강한 식습관을 유지하고자 하는 사람들에게 안성맞춤인 제품입니다.

포장은 매우 실용적입니다. 지퍼형 포장으로 되어 있어 남은 밥을 쉽게 보관할 수 있고, 디자인 또한 깔끔하고 현대적이어서 시각적으로도 매력적입니다.

조리 방법도 간편합니다. 전자레인지를 이용해 약 2분 가량 데우기만 하면 맛있는 밥이 완성됩니다. 바쁜 아침이나 점심에 정말 유용하게 활용할 수 있죠. 또한, 끓는 물에 데우는 방법도 있어 상황에 따라 다양하게 조리할 수 있습니다.

결론적으로, 건강한 식사를 원하는 현대인들에게 특히 적합하며, 다양한 식단에 잘 어울리는 장점도 가지고 있습니다. 바쁜 일상 속에서도 간편하게 건강을 챙길 수 있는 그 가치를 충분히 발휘하는 제품입니다. 맛과 영양, 편리함을 모두 갖춘 이 제품은 일상 속에서 필요한 에너지를 충전하는 데 큰 도움이 될 것입니다."
[컬리X햇반] 향긋한 골든퀸쌀밥 210g*36입 (1박스),https://www.kurly.com/goods/1001485256,6000,2025.03.23,,,"주위에 아직 젊은 나이인데도 당뇨로 고생하는 사람들이 꽤 있어선지 되도록이면 그냥 백미 대신에 콩 등이 섞인 잡곡밥이나 혈당을 낮출 수 있는 현미밥으로 챙겨 먹으려고 하고 있어요~
골든퀸 현미밥은 개인적으로 느끼기에는 나름 부드러운 식감이랑 단백한 맛도 너무 괜찮아서 최근 꽤 주문해서 먹고 있는데, 전자렌지에 2분 돌리고 렌지 문을 열었을 때 퍼지는 특유의 구수한 누룽지 향이 먹기 전 부터 기분을 좋게 하네요~^^
나이도 한 살 더 먹은 만큼 건강에 신경을 쓰자고 생각이 드는데, 직접 현미밥을 해 먹으면 물론 좋겠지만 간편하게 먹어야 할 때는 컬리의 '골든퀸 현미밥'을 앞으로 계속 이용할 것 같아요ㅎㅎ"
[컬리X햇반] 향긋한 골든퀸쌀밥 210g*36입 (1박스),https://www.kurly.com/goods/1001485256,6000,2025.09.22,,,밥 맛잇어서 자주 구매해요 굿
[컬리X햇반] 향긋한 골든퀸쌀밥 210g*36입 (1박스),https://www.kurly.com/goods/1001485256,6000,2025.09.22,,,자주 시키는 컬리 상품
[컬리X햇반] 향긋한 골든퀸쌀밥 210g*36입 (1박스),https://www.kurly.com/goods/1001485256,6000,2025.09.21,,,향도 좋고 밥맛도 좋아요
[컬리X햇반] 향긋한 골든퀸쌀밥 210g*36입 (1박스),https://www.kurly.com/goods/1001485256,6000,2025.09.21,,,쿠폰써서 저렴히 구매했습니다.
[컬리X햇반] 향긋한 골든퀸쌀밥 210g*36입 (1박스),https://www.kurly.com/goods/1001485256,6000,2025.09.21,,,밥이 찰기도 좋고 향도 좋아요
[컬리X햇반] 향긋한 골든퀸쌀밥 210g*36입 (1박스),https://www.kurly.com/goods/1001485256,6000,2025.09.21,,,현미밥이라서 먹고나면 속이 편해여
[컬리X햇반] 향긋한 골든퀸쌀밥 210g*36입 (1박스),https://www.kurly.com/goods/1001485256,6000,2025.09.21,,,즉석밥중에 제일 좋아하는 제품입니다
[햇반] 라이스플랜 렌틸콩현미밥 190g*4입,https://www.kurly.com/goods/1001171771,6000,2025.05.03,,,"”저속노화“ 라는 단어가 유행하기 무섭게 나온 제품인데 , 실제로 드시는 식단 고대로 나와서 따로 밥 할 수고로움 혹은 재료를 하나하나 굳이 사지 않아도 ( 재료 하나하나 다 사놓고 상황상 다 못먹거나 오래두거나 하는 경우가 없지않아 있기 때문에 ! ) 접해볼 수 있어 너무 좋았던 제품이에요. 

맛은 크게 무슨 특정한 맛이 난다기 보다는 식감이 좀 특이했던게 인상깊은 밥이었어요. 아무래도 고슬고슬 찰진 쌀밥과는 또 다른 느낌이라 , 씹는 식감도 되게 특이했고 은근 먹는 도중 포만감이 들어서 저는 한공기 기준 두번 나눠 먹었어요 ! ( 공기가 일반 햇반보다 좀 깊답니다) 

살짝 백미가 씹히는 느낌보단 렌틸콩의 비율이 많아 콩을 씹는 느낌이 많아서 어색하신 분들이라면 (저 역시도 그랬구요 ? ) 커리나 , 볶음밥으로 활용해서 드셔도 어색한 감 없이 드시는데 도움이 되지 않을까 하는 생각이 듭니당"
[햇반] 라이스플랜 렌틸콩현미밥 190g*4입,https://www.kurly.com/goods/1001171771,6000,2025.09.21,,,감사합니다 잘쓰겠습니다
[햇반] 라이스플랜 렌틸콩현미밥 190g*4입,https://www.kurly.com/goods/1001171771,6000,2025.09.20,,,늘 쟁여놓은 상품이에요....
[햇반] 라이스플랜 렌틸콩현미밥 190g*4입,https://www.kurly.com/goods/1001171771,6000,2025.09.20,,,요즘 콩을 많이 먹어서 넘 좋네요
[햇반] 라이스플랜 렌틸콩현미밥 190g*4입,https://www.kurly.com/goods/1001171771,6000,2025.09.20,,,이 제품 단종되지 않았으면 좋겠어요. 든든하고 건강한 맛
[햇반] 라이스플랜 렌틸콩현미밥 190g*4입,https://www.kurly.com/goods/1001171771,6000,2025.09.20,,,씹는맛 굿굿굿 좋아요좋아요 좋아요좋아요
[햇반] 라이스플랜 렌틸콩현미밥 190g*4입,https://www.kurly.com/goods/1001171771,6000,2025.09.19,,,떨어지지 않게 해두는 제품 중 하나입니다 밥하기 귀찮을 때 영양소 챙기면서 맛있게 먹을 수 있어서 좋아요
[햇반] 라이스플랜 렌틸콩현미밥 190g*4입,https://www.kurly.com/goods/1001171771,6000,2025.09.18,,,고소하고 맛있어요 좀 비싸지만
[햇반] 라이스플랜 렌틸콩현미밥 190g*4입,https://www.kurly.com/goods/1001171771,6000,2025.09.18,,,만족감 백퍼  딱 내 스타일  단백질 밥으로 최고요
[햇반] 라이스플랜 렌틸콩현미밥 190g*4입,https://www.kurly.com/goods/1001171771,6000,2025.09.18,,,이거 먹으면 속좋도 굿
[진실된손맛] 한우사골 양지곰탕,https://www.kurly.com/goods/5097092,6000,2024.06.28,,,"간편식으로 먹으려고 한우사골 양지곰탕을 구매해 보았습니다.
한우사골 양지곰탕의 조리 과정은 그냥 끓이기만 하면 되서 편했습니다.
냉동 상태의 재료를 해동한 후, 냄비에 넣고 끓이기만 하면 되는 간편한 방식이었습니다.
조리 시간은 약 10분도 안걸려서 한끼 뚝딱 차릴 수 있었네요.

조리 시 몇 가지 팁을 더하자면, 국물을 더 진하게 즐기고 싶다면 중불에서 천천히 끓이는 것이 좋습니다. 또한, 개인의 취향에 따라 소금이나 후추를 추가하여 간을 맞추면 더욱 맛있게 즐길 수 있습니다. 저는 약간의 다진 마늘과 고춧가루를 추가하여 매콤하게 즐겼습니다.
1인분으로 적절한 양이었습니다. 
혼자서 먹기에는 충분히 배부르게 먹을 수 있었고, 추가로 밥이나 반찬을 곁들이면 더욱 푸짐한 한 끼 식사가 될 수 있었습니다. 
가격은 일반 외식 비용을 고려했을 때 합리적이었습니다. 
집에서 간편하게 진한 한식 곰탕을 즐길 수 있는 점, 그리고 신선한 재료와 깊은 맛을 고려하면 가성비가 매우 뛰어났습니다."
[진실된손맛] 한우사골 양지곰탕,https://www.kurly.com/goods/5097092,6000,2023.08.01,,,밥 잘 안챙겨먹고 요리도 귀찮고 하기 힘든 스타일 이시라면 무조건 구매해 두세요.. 마켓 컬리 온갖 탕이란 탕은 사보고있는데 다 괜찬네요 이거는 파도 들고 고기도 많은거같고 먹을만해요 ㅜㅜ 냉동밥만 하나 데우면 한끼 안거를 수 있자나요? 조아요!
[진실된손맛] 한우사골 양지곰탕,https://www.kurly.com/goods/5097092,6000,2023.04.08,,,"한우사골 양지곰탕으로 
사골떡만두칼국수🍜 만들어 먹었어요 ~ 

국물이 진하고 고기랑 대파도 실하게 들어있어서 다른 추가 재료 없이 밥만 있어도 먹었었어요~

이번에는 연희동에 유명한 사골칼국수집 생각나서 만들어 보았어요 ~ 거기서는 줄서고 기다려서 먹었는데 집에서 더 푸짐하게 한그릇 먹었네요 ~

간단하게 사골떡만두칼국수🍜 만드는법 
진한 사골 국물을 해동시켜서 냄비에
넣고,
냉동 만두(풀무원만두추천), 떡국떡 넣고,
끓이다가 칼국수 면(감자칼국수면 추천)을 넣어요.
푹 끓여서 면이 익으면 
계란을 풀어서 위에 뿌려주고 
끓고나면 먹어요 ~ 

이제는 컬리 주문할때 쟁여놓는 품목이 되었어요 ~ 냉동 해 놓았다가 뜨뜻한 국물 생각나면 꺼내 먹기 좋은거같아요 ~"
[진실된손맛] 한우사골 양지곰탕,https://www.kurly.com/goods/5097092,6000,2025.09.21,,,국거리 없을때  필요하네요.대파 듬뿍 넣어서 먹으니 맛있어요
[진실된손맛] 한우사골 양지곰탕,https://www.kurly.com/goods/5097092,6000,2025.09.20,,,맛있어요 간편하면서도 진실된 손맛입니다 ㅋ
[진실된손맛] 한우사골 양지곰탕,https://www.kurly.com/goods/5097092,6000,2025.09.20,,,진실된손맛이야 뭐 믿고 구매하죵!
[진실된손맛] 한우사골 양지곰탕,https://www.kurly.com/goods/5097092,6000,2025.09.20,,,"자주 구매하는 제품이라
맛있어요"
[진실된손맛] 한우사골 양지곰탕,https://www.kurly.com/goods/5097092,6000,2025.09.20,,,"냄새없고 고기양도 엄청푸짐해요
데울때 어딘가 모르게 잡내가 있던데 이제품은 잘드셔요
 제구매각입니다"
[진실된손맛] 한우사골 양지곰탕,https://www.kurly.com/goods/5097092,6000,2025.09.20,,,아버님 임플란트 하셔서 주문해드렷는데 좋다고 하시네요 굿입니당
[진실된손맛] 한우사골 양지곰탕,https://www.kurly.com/goods/5097092,6000,2025.09.20,,,한끼 식사로 좋아요
[탄단지] 고단백 식단 도시락 4종 (택1),https://www.kurly.com/goods/1000658317,6000,2025.08.26,,,"기본적으로 달달한 소스맛이 가장 많이 느껴지고 함박스테이크 크기가 작아보이지만 밥 양을 보면 적은 양은 아닙니다.
고기 두께도 두꺼운 편이라 씹는 맛도 좋구요,

스테이크 외에 눈과 입으로 느껴지는 건더기로는 그린빈, 당근, 닭가슴살, 튀긴 감자 정도입니다.
생각보다 씹히는 내용물이 많아 스테이크를 같이 먹지 않아도 심심하지 않아 별도 반찬 없이 먹기에 좋습니다.
굳이 반찬을 곁들여 먹는다면 깍두기가 생각나네요.

참고)
데이그라스란 : 일본식 경양식 요리에 엄청나게 많이 들어가는 소스로, 경양식하면 생각나는 그 짭조름달달하고 감칠맛 나는 맛

전자레인지 가열 후, 비닐을 뜯을 때 뜨거운 열기에 놀라지 않도록 주의하세요:)"
[탄단지] 고단백 식단 도시락 4종 (택1),https://www.kurly.com/goods/1000658317,6000,2024.09.02,,,생각보다 맛있어서 놀랐습니다. 성인 남성 기준 양은 모자르지만 하루 4끼 식단을 짜는 사람들에게는 괜찮은 선택지 일 것 같습니다. 혹은 가벼운 아침식사로 괜찮은것 같습니다. 전자레인지 조리시 비닐 표지가 싱각보다 많이 부풀어서 놀랐지만 터지지는 않으니 다른분들은 그런것에 유의하시면 좋겠습니다. 함박스테이크도 냉동 식품이라고는 생각치도 못하게 부드럽고 육즙이 살아있습니다. 맛은 떡갈비에 가까워서 한식을 좋아하는 필자의 입맛에는 적절히 부합했습니다. 이 업체를 처음 이용하는 소비자로서 다른 상품들에 대한 기대를 상승시키는 제품이였습니다. 재구매의사와 다른 제품까지 구매할 의사 있습니다.
[탄단지] 고단백 식단 도시락 4종 (택1),https://www.kurly.com/goods/1000658317,6000,2024.08.20,,,"8개월 아기를 키우고 있는데, 잡고 일어서기 시작하면서 정말 밥을 해먹을수 잇는 시간이 없어요..그래서 자주 빵이나 편의점 음식을 많이 먹엇는데, 이번에 컬리에서 괜찮은 간편식을 찾앗어요! 이런스타일의 도시락은 처음 먹어서 맛잇을까..?햇는데 왠걸? 영양도 영양인데 맛이 정말 맛있네요! 고등어가 비리지도 않고 데리야끼소스와 곤드레밥이랑도 너무 잘어울려서 한끼식사로 정말 좋아요!  곤드레밥과 볶은 야채도 많이 들어 있어서 맛이 풍부해요! 다른버젼도 먹어보고싶네요!

-전자렌지로 드실경우 4분30초 돌리라고 되어잇지만. 추가로 2분정도 더 돌려야 생선까지 따뜻하게 먹을수 있네요. 

-고등어는 완전 순살에 아니기때문에 잘살펴서 드셔야 될거 같아요!"
[탄단지] 고단백 식단 도시락 4종 (택1),https://www.kurly.com/goods/1000658317,6000,2025.09.20,,,순살 고등어 맛있어요 ㅎㅎ
[탄단지] 고단백 식단 도시락 4종 (택1),https://www.kurly.com/goods/1000658317,6000,2025.09.17,,,"오우 맛있네요?
좀 오래돌려야함"
[탄단지] 고단백 식단 도시락 4종 (택1),https://www.kurly.com/goods/1000658317,6000,2025.09.17,,,아들이 맛있게 단백질 보충했다네요~~
[탄단지] 고단백 식단 도시락 4종 (택1),https://www.kurly.com/goods/1000658317,6000,2025.09.17,,,아들이 맛있게 잘먹었다네요
[탄단지] 고단백 식단 도시락 4종 (택1),https://www.kurly.com/goods/1000658317,6000,2025.09.16,,,안질리고 맛있어요~
[탄단지] 고단백 식단 도시락 4종 (택1),https://www.kurly.com/goods/1000658317,6000,2025.09.15,,,든든해서 좋아요!!!!
[탄단지] 고단백 식단 도시락 4종 (택1),https://www.kurly.com/goods/1000658317,6000,2025.09.15,,,든든해서 좋아요!!!
닭가슴살 곤약볶음밥 3종 (4개입) 택1,https://www.kurly.com/goods/1000149207,6000,2024.05.04,,,"요즘 식단 관리 중이라
백미는 안먹어서 곤약밥 종류 
찾다가 첫 구매했어요!

후기가 좋길래 믿고 구매 ^^

주로 점심 저녁 간단하게 먹고 싶을 때
냉동실에서 꺼내서 따로 해동 할 필요없이

3분30초-4분정도 볶아주면 완성!
라면 끓이는 것보다 더 간단한 볶음밥이예요~

맛은
은은한 카레 맛에 식감 좋은 닭가슴살 가득이라서
좋았도 새송이 야채도 작게 잘라져 있어 먹기
편하네요!

양은 성인여자 기준 한끼로 충분 하구요.

간편한데 맛까지 좋아서 무조건 재구매각인
곤약 볶음밥입니다.

곤약 특유의 식감이
잘 느껴지지 않아
곤약 잘 못먹는
사람도 부담없이 잘 먹을 수 있을 것 같아요😊"
닭가슴살 곤약볶음밥 3종 (4개입) 택1,https://www.kurly.com/goods/1000149207,6000,2023.04.20,,,"💜 구매이유
- 곧 다가올 여름을 대비해서 운동을 하고 있는데..
식단조절을 안하니 건강한 돼지가 되고있더라구요🐽
근데 굶는건 정말 못하겠고.. 적게먹는것도 못하구
맛있게 적당히 먹어야 식단조절을 길게 할수있을 것 같아서~ 찾아보다가 후기가 가장 좋아서 구매했어요!

💜 성분
- 닭가슴살 20.45%
- 곤약 20.45%
- 깍두기 14.36%
- 1 봉지에 200g 
- 275kcal

✅ 조리방법
- 전자레인지 3분 30초 또는 프라이팬조리

✅ 총평
- 다이어트 식단을 너무 완벽하게 하려다보면 작심삼일로 끝나더라구요…!!
그래서 완벽하진 않더라도 조금씩 조절해나가려고해요
깍두기볶음밥이라 맛이 진해서 맛있구요 저는 김치 한수저정도 더 넣고 계란도 올려먹어요^^ ㅎㅎㅎ
곤약밥이니 쌀보단 나을테니까요~~ㅎㅎㅎ
그리고 곤약 비율이 너무 높으면 질퍽한데 적절한 비율로 고슬고슬하니 식감도 괜찮고 곤약냄새 많이 안나요

혼밥하기에도 편하고 
맛있고 간편한 다이어트 식단으로 딱이에요^^
재구매의사 200% 입니다!"
닭가슴살 곤약볶음밥 3종 (4개입) 택1,https://www.kurly.com/goods/1000149207,6000,2025.09.21,,,느무맛있어요ㅠㅠ 굿 아주 굿
닭가슴살 곤약볶음밥 3종 (4개입) 택1,https://www.kurly.com/goods/1000149207,6000,2025.09.21,,,늘늘늘늘 꼭 구비해두은 냉동볶음밥이에요. 양배추 버섯 닭가슴살 추가해서 볶아먹어요
닭가슴살 곤약볶음밥 3종 (4개입) 택1,https://www.kurly.com/goods/1000149207,6000,2025.09.20,,,"카레맛이 나서 닭가슴살이 꽤들어있는데도
먹을때 맛이 괜찮아요.
이거랑 매콤한맛 같이 볶아먹으면 맛있습니다"
닭가슴살 곤약볶음밥 3종 (4개입) 택1,https://www.kurly.com/goods/1000149207,6000,2025.09.20,,,재구매했습니다~간편하고 깍두기맛이 제일 맛있어요~
닭가슴살 곤약볶음밥 3종 (4개입) 택1,https://www.kurly.com/goods/1000149207,6000,2025.09.19,,,곤약볶음밥 중 젤 맛있어요
닭가슴살 곤약볶음밥 3종 (4개입) 택1,https://www.kurly.com/goods/1000149207,6000,2025.09.19,,,무난하고 맛있는 볶음밥입니당 여기에 계란후라이까지 해서 다이어트할 때 잘 먹었습니다
닭가슴살 곤약볶음밥 3종 (4개입) 택1,https://www.kurly.com/goods/1000149207,6000,2025.09.18,,,냉장고에 항상 구비되어 있어요 ㅎㅎ 맛있어요
닭가슴살 곤약볶음밥 3종 (4개입) 택1,https://www.kurly.com/goods/1000149207,6000,2025.09.18,,,간편하게 볶아서 계란후라이 닭가슴살 추가해서 먹어요
[올반] 김치볶음밥 (2개입),https://www.kurly.com/goods/5031706,6000,2023.10.31,,,"올반 김치볶음밥은 요즘 만나기 힘든 맛이에요.
우리집 식구 모두 매운 걸 못 먹는데 시중에서 판매하는 제품들은 
모두 너무 매워서 흰밥을 많이 섞어서 볶아먹는데
올반 김치볶음밥은 하나도 안맵고 모짜렐라 치즈를 함께 넣어서 쫀듯한 맛과
고소한 맛을 함께 느낄 수 있어서 좋았어요.
맵지 않다는 것에 환호한 우리 식구들  재주문해서 잘 먹고 있습니다."
[올반] 김치볶음밥 (2개입),https://www.kurly.com/goods/5031706,6000,2023.10.26,,,"미리 상온에 내놓았다가 후라이팬에 기름 두르고 살짝만 볶아도 잘 익어요
치즈는 들어있는 거에 집에 있는 치즈 더 추가해 넣었는데 전반적으로 부드러운 맛이라 깔칼한 맛을 내려면 뭔가 조미를 가해야할것 같아요 색깔만 빨갛지 맵지않아서 애들도 잘 먹을듯
김치는 별로 안보여요. 김치의 씹는맛은 없네요 
그래도 재구매의사 있어요"
[올반] 김치볶음밥 (2개입),https://www.kurly.com/goods/5031706,6000,2025.09.22,,,할인해서 미리주문한
[올반] 김치볶음밥 (2개입),https://www.kurly.com/goods/5031706,6000,2025.09.22,,,맛있어서 종종 구매해요
[올반] 김치볶음밥 (2개입),https://www.kurly.com/goods/5031706,6000,2025.09.21,,,주변에서 추천받아 구매해봤어요
[올반] 김치볶음밥 (2개입),https://www.kurly.com/goods/5031706,6000,2025.09.21,,,많이 안 매워서 아이들도 잘 먹어요
[올반] 김치볶음밥 (2개입),https://www.kurly.com/goods/5031706,6000,2025.09.21,,,맛있네요 간단하게 먹기 좋아요~
[올반] 김치볶음밥 (2개입),https://www.kurly.com/goods/5031706,6000,2025.09.21,,,웍에 휘리릭 볶아서 먹어요
[올반] 김치볶음밥 (2개입),https://www.kurly.com/goods/5031706,6000,2025.09.21,,,좋아요 잘 샀어요 ㅎㅎ
[올반] 김치볶음밥 (2개입),https://www.kurly.com/goods/5031706,6000,2025.09.21,,,"치즈 포장지 투명하게 바꼈네요 치즈가 양이 어째 줄어든거같은,,,"
[온더고] 육즙촉촉 오븐 함박스테이크 정식,https://www.kurly.com/goods/1000875372,6000,2025.04.16,,,"평소에 온더고 도시락제품 종종 시켜먹는 편인데 함박도 맛있네요

보통은 매콤불닭을 주로 시키는데 함박도 맛있어요
고기냄새에 예민한 편이라 냉동도시락같은 제품에 있는 고기류는 잘못하면 비린내? 누린내? 같은게 많이 나서 잘 안먹는 편이였는데 온더고 도시락류는 냄새 일절 안나고 샐러드랑 해서 간단하면서도 든든한 한끼가 가능해요

저는 집에서 슬라이스치즈 한장이랑 계란후라이 하나 추가해서 먹었는데 역시 실패없는 맛없없 조합이였어요

감자는 포슬포슬하니 맛있고 대략 4-5조각 들어서 아쉬움 없는 양이였어요
볶음밥은 그냥 평범한 도시락 맛이에요 
소스도 너무 튀거나하지 않는 평범하면서도 클레식한 맛이고 모자람 없이 딱 적당한 양이였어요

다음에도 재구매 의사 있어요 세일 자주해주세요 ㅎㅎ"
[온더고] 육즙촉촉 오븐 함박스테이크 정식,https://www.kurly.com/goods/1000875372,6000,2025.09.22,,,"기대를 걸었는데

그냥 저냥 먹을만했어요"
[온더고] 육즙촉촉 오븐 함박스테이크 정식,https://www.kurly.com/goods/1000875372,6000,2025.09.21,,,간편하게 먹을수있어서 좋아요
[온더고] 육즙촉촉 오븐 함박스테이크 정식,https://www.kurly.com/goods/1000875372,6000,2025.09.21,,,밥은 좀 적지만 한끼 간편하게 먹을수있어요
[온더고] 육즙촉촉 오븐 함박스테이크 정식,https://www.kurly.com/goods/1000875372,6000,2025.09.21,,,온더고 제품이 맛있네요 그래서 커리돈가스에 이어 함박스테이크도 구매했어요 맛있겠죠
[온더고] 육즙촉촉 오븐 함박스테이크 정식,https://www.kurly.com/goods/1000875372,6000,2025.09.21,,,요거보다예전에고구마랑같이들어있는거가맛있던데 왜요샌안보일까
[온더고] 육즙촉촉 오븐 함박스테이크 정식,https://www.kurly.com/goods/1000875372,6000,2025.09.21,,,간단히먹기좋아요 함박먹고싶을때
[온더고] 육즙촉촉 오븐 함박스테이크 정식,https://www.kurly.com/goods/1000875372,6000,2025.09.20,,,전에 나왔던 스타일이 더 맛있던거같은...
[온더고] 육즙촉촉 오븐 함박스테이크 정식,https://www.kurly.com/goods/1000875372,6000,2025.09.18,,,맛있고 양도 괜찮았어요
[온더고] 육즙촉촉 오븐 함박스테이크 정식,https://www.kurly.com/goods/1000875372,6000,2025.09.17,,,맛있게 잘 먹었습니다
[어리틀빗] 웜그레인 샐러드 7종 (택1),https://www.kurly.com/goods/1000243875,6000,2023.10.04,,,"365일 맨날 다이어트하는 사람에게 딱 좋은 냉동 샐러드...🙊👍👍

다이어트하느라 샐러드 사고 샌드위치 사고 그러다 못먹고 버리는 날이 많아서 엄마한테 매번 뭐라고 잔소리 들었는데 이제 냉동이라서 유통기한 신경안쓰고 먹을 수 있어서 너무 맘 편하네요!!!! 거기다가 샐러드도 전자레인지 넣고 바로 돌리면 끝이라서 귀차니즘 직장인에게는 안성맞춤😌👍

솔직히 맛은 기대 안했는데 상큼한 레몬에 오리엔탈 소스가 보리랑 너무 잘 어울리고 중간중간 야채나 브로콜리조차도 너무 맛나버료요...💓 진짜 컬리 들어와줘서 넘 감사하네요 앞으로도 종류별로 다 살려고요!!! 포만감도 너무 좋고 단백질도 20g이상이라서 딱 다이어터나 유지어터에게 너무 좋은 냉동 샐러드!!! 더 많이 할인해주세여...많이 쟁여둘게요...🫶"
[어리틀빗] 웜그레인 샐러드 7종 (택1),https://www.kurly.com/goods/1000243875,6000,2025.09.21,,,웜샐러드 생각보다.맛있어요
[어리틀빗] 웜그레인 샐러드 7종 (택1),https://www.kurly.com/goods/1000243875,6000,2025.09.21,,,전자렌지.돌려 간단하게 조심으로 구입
[어리틀빗] 웜그레인 샐러드 7종 (택1),https://www.kurly.com/goods/1000243875,6000,2025.09.21,,,진짜 너ㅜㅁ너ㅜㅁ 맛있어요!!!
[어리틀빗] 웜그레인 샐러드 7종 (택1),https://www.kurly.com/goods/1000243875,6000,2025.09.21,,,우리집 냉동실 필수템이이요
[어리틀빗] 웜그레인 샐러드 7종 (택1),https://www.kurly.com/goods/1000243875,6000,2025.09.21,,,쏘쏘~ 나쁘진 않지만 밥도 아니고 샐러드도 아닌게 뭔가 아쉽네요
[어리틀빗] 웜그레인 샐러드 7종 (택1),https://www.kurly.com/goods/1000243875,6000,2025.09.21,,,음 쏘쏘~ 씹는 식감은 좋은데
[어리틀빗] 웜그레인 샐러드 7종 (택1),https://www.kurly.com/goods/1000243875,6000,2025.09.21,,,처음 먹어보는 맛인데 괜찮네요
[어리틀빗] 웜그레인 샐러드 7종 (택1),https://www.kurly.com/goods/1000243875,6000,2025.09.21,,,올리브+발사믹 조합 맛있습니다
[어리틀빗] 웜그레인 샐러드 7종 (택1),https://www.kurly.com/goods/1000243875,6000,2025.09.21,,,간편하게 먹기 좋아요
[햇반] 솥반 9종,https://www.kurly.com/goods/5082168,6000,2025.04.02,,,"매우 만족스러웠습니다. 생각보다 향이 진하고 고소한 풍미가 입안을 감싸며 매우 맛있었습니다. 전복내장의 특유의 향이 부담스럽지 않고 은은하게 살아 있어, 해산물 특유의 풍미를 좋아하는 분들께 특히 추천드리고 싶습니다. 전복 슬라이스도 씹는 식감이 살아 있어 질리지 않고 맛있게 먹을 수 있었고, 밥알도 찰기 있는 식감이라 전반적으로 고급스러운 느낌을 받을 수 있습니다.
가장 매력적인 점은, 바쁜 아침에 먹기 정말 좋은 구성입니다. 전자레인지에 그대로 데워 간편하게 먹을 수 있어, 시간이 부족한 아침에도 든든한 한 끼를 빠르게 해결할 수 있다는 점이 큰 장점입니다. 아침에는 무거운 음식이 부담스러운데, 이 제품은 양이 적당해서 너무 더부룩하지 않으면서도 속은 든든하게 채워주는, 딱 좋은 구성이라고 느껴졌습니다.
또한 실온 보관이 가능하여 쟁여두기에도 편리하다는 점이 매우 마음에 들었습니다. 냉장/냉동 보관이 필요 없어 보관에 대한 부담이 없고, 언제든 필요할 때 꺼내어 간편하게 즐길 수 있습니다. 깔끔하고 견고한 패키지 덕분에 이동 중에도 형태가 흐트러지지 않아 휴대성도 우수했습니다. 맛, 구성, 편의성까지 모두 만족스러운 제품이었습니다."
[햇반] 솥반 9종,https://www.kurly.com/goods/5082168,6000,2023.02.05,,,"약밥을 좋아해 할아버지란 별명을 지닌 저에게 '꿀'약밥은 그냥 지나칠 수 없는 그런 존재입니다.. 사실 이미 재구매를 했는데요, 이상하게 이번에 훨씬 맛있게 먹어 그만큼 하고 싶은 말이 많습니다. 

 일단 정말 간편하고 가격도 적당합니다. 물론 할인까지 한다면 더욱 좋고요. 저희 집 오래된 전자레인지 기준 1분 30초면 끝입니다. 이제 꺼내고 비닐을 뜯어 먹기만 하면 돼요. 심지어 용기가 뜨겁지도 않아 급하게 무언가를 찾고, 또 그걸로 조심히 집는 그런 수고가 필요 없어요. 처음에는 약간의 김과 함께 약밥 특유의 단내가 올라옵니다. 촉촉을 넘어 약간의 찐득함이 눈으로 느껴지고요. 제가 약밥을 좋아하는 이유 중 하나가 바로 다양한 속재료인데요, 충분히 다채롭고 재료 양도 적지 않습니다. 다만 재료가 한 곳으로 몰려있는 경우가 있어 한 번 슥 섞어주면 더 좋습니다. 

 성인 남성 기준 하나 먹으면 딱 질리지도 부족하지도 않습니다. 물론 양으로는 부족하지만 아침 대용으로, 혹은 간식이나 야식용으로는 매우 적합할 것 같습니다. 

 저에게 약밥의 맛을 알려주신 어머니께서도 한 입 하시더니 ‘오 괜찮네’ 라는 평을 남기셨습니다. 물가가 무섭게 오르고, 이미 떡집 가격이 겁날 정도가 된 요즘 약밥러버에게 한 줄기 빛입니다. 앞으로도 할인 자주 하길 바랄 뿐입니다."
[햇반] 솥반 9종,https://www.kurly.com/goods/5082168,6000,2025.09.22,,,아이 기숙사에 보냅니다. 솥반은 처음보내는데 맛나면 좋겠네요
[햇반] 솥반 9종,https://www.kurly.com/goods/5082168,6000,2025.09.22,,,아이 기숙사에 보냈어요. 솥반은 처음인데 괜찮으면 좋겠네요
[햇반] 솥반 9종,https://www.kurly.com/goods/5082168,6000,2025.09.22,,,솥반종류는 처음 주문해서 보내보는데 맛있으면 좋겠네요. 아이 기숙사에서 가끔씩 바쁠 때 챙겨먹기 좋다고 합니다.
[햇반] 솥반 9종,https://www.kurly.com/goods/5082168,6000,2025.09.22,,,오 이거 또 재구매 할 듯요
[햇반] 솥반 9종,https://www.kurly.com/goods/5082168,6000,2025.09.22,,,한끼 별미로 좋습니다
[햇반] 솥반 9종,https://www.kurly.com/goods/5082168,6000,2025.09.22,,,"잘 받았습니다 잘 먹었습니다
잘 받았습니다 잘 먹었습니다
잘 받았습니다 잘 먹었습니다."
[햇반] 솥반 9종,https://www.kurly.com/goods/5082168,6000,2025.09.22,,,"잘 받았습니다 잘 먹었습니다
잘 받았습니다 잘 먹었습니다
잘 받았습니다 잘 먹었습니다"
[햇반] 솥반 9종,https://www.kurly.com/goods/5082168,6000,2025.09.22,,,"잘 받았습니다 잘 먹었습니다 잘 받았습니다 잘 먹었습니다
잘 받았습니다 잘 먹었습니다 잘 받았습니다 잘 먹었습니다"
[햇반] 매일 찰잡곡밥 210g (8입),https://www.kurly.com/goods/5050800,6000,2025.09.21,,,찰지고 맛있어서 자주  구매합니다.
[햇반] 매일 찰잡곡밥 210g (8입),https://www.kurly.com/goods/5050800,6000,2025.09.21,,,"찰잡곡밥 맛있어요 
자주 구매하는 제품입니다"
[햇반] 매일 찰잡곡밥 210g (8입),https://www.kurly.com/goods/5050800,6000,2025.09.21,,,잡곡밥인데도 촉촉하고 맛있습니다 ~~
[햇반] 매일 찰잡곡밥 210g (8입),https://www.kurly.com/goods/5050800,6000,2025.09.20,,,찰밥  흰밥보다  맛있어요  흰밥 질릴때  여러가지로주문해  먹고있어요
[햇반] 매일 찰잡곡밥 210g (8입),https://www.kurly.com/goods/5050800,6000,2025.09.19,,,비상식량입니다 찰잡곡밥 무난하니 좋아요 고소해요 맛있어요
[햇반] 매일 찰잡곡밥 210g (8입),https://www.kurly.com/goods/5050800,6000,2025.09.18,,,늘 먹는 햇반 붸뤼 굳
[햇반] 매일 찰잡곡밥 210g (8입),https://www.kurly.com/goods/5050800,6000,2025.09.17,,,찰이라서 더 쫀득하고 맛있어요
[햇반] 매일 찰잡곡밥 210g (8입),https://www.kurly.com/goods/5050800,6000,2025.09.15,,,"밥맛 좋아요 
세일가에 구매요"
[햇반] 매일 찰잡곡밥 210g (8입),https://www.kurly.com/goods/5050800,6000,2025.09.15,,,상온을 냉장과 함께 보내시니 다 젖어서 와요
[햇반] 매일 찰잡곡밥 210g (8입),https://www.kurly.com/goods/5050800,6000,2025.09.14,,,햇반은 주로 이걸 먹는데 26/2/6 까지 이고 가격이 좋아요
[바르다 김선생] 시그니처 주먹밥 2종,https://www.kurly.com/goods/5151454,6000,2025.09.22,,,아이들 간식용으로 편리해요
[바르다 김선생] 시그니처 주먹밥 2종,https://www.kurly.com/goods/5151454,6000,2025.09.22,,,간단하게 먹기 좋아요
[바르다 김선생] 시그니처 주먹밥 2종,https://www.kurly.com/goods/5151454,6000,2025.09.21,,,진짜 맛있게 잘 먹고 있어요. 감사합니다
[바르다 김선생] 시그니처 주먹밥 2종,https://www.kurly.com/goods/5151454,6000,2025.09.21,,,주먹밥 ~햇반처럼 번갈아가며 먹어보고 있어요 다양하게 선택할 수 있어 좋아요
[바르다 김선생] 시그니처 주먹밥 2종,https://www.kurly.com/goods/5151454,6000,2025.09.20,,,종류별로 구입해서 먹어요 세상 간편간편 주기적으로 구입합니다ㅎ
[바르다 김선생] 시그니처 주먹밥 2종,https://www.kurly.com/goods/5151454,6000,2025.09.20,,,치즈가 들어있어서 아침식사용으로 먹어도 맛나요~
[바르다 김선생] 시그니처 주먹밥 2종,https://www.kurly.com/goods/5151454,6000,2025.09.20,,,세일해서 쟁여둡니다.
[바르다 김선생] 시그니처 주먹밥 2종,https://www.kurly.com/goods/5151454,6000,2025.09.20,,,"오~ 맛있아요
아침대용으로 좋아요"
[바르다 김선생] 시그니처 주먹밥 2종,https://www.kurly.com/goods/5151454,6000,2025.09.20,,,세일해서 사봤어요!
[바르다 김선생] 시그니처 주먹밥 2종,https://www.kurly.com/goods/5151454,6000,2025.09.20,,,품질최고입니다 재구매 할거예요
[하남돼지집] 철판삼겹살마무리볶음밥 4입,https://www.kurly.com/goods/5155567,6000,2022.02.22,,,"제가 요즘 갑상선이 안좋아서 밀가루+흰쌀을  줄였어요.
요즘 계속 잡곡밥만 먹다가 꼬슬꼬슬한 흰밥에 볶음밥이
먹고싶어 주문했어요.

하나는 아는 지인께
드리고 하나는 제가 먹었는데,이건 여러개 주문해서
냉동실에 쌓아놔야하는 쟁여템이예요!

밥 진짜 꼬슬꼬슬 갓지은것처럼 너무 맛있어요!


1.후라이팬을 준비합니다.
2.냉동실을열어 마켓컬리에서 주문한  철판 삼겹살 마무리
볶음밥을 꺼냅니다.
3.저는 냉장고에 남겨놨던 파채무침을 후라이팬에
함께 넣어줘서 볶았어요 (너무 맛있어요)
4.마켓컬리에서 주문한 미소시루 된장국을 끓여 두스푼
넣어 볶아줬어요.
5.마켓컬리에서 주문한 생와사비도 함께꺼내서
삼겹살을 찍어 먹었어요.


철판볶음밥안에 삼겹살 들어있는거있죠 ㅠㅠ
밥밖에 없을줄 알았는데
이가격에 이퀄리티!!
완전 추천합니다.
덕분에 저녁 든든하게 잘먹었습니다 감동이에요!


하남돼지 사랑해요 마켓컬리 사랑해요.
또 주문할게요!!"
[하남돼지집] 철판삼겹살마무리볶음밥 4입,https://www.kurly.com/goods/5155567,6000,2025.09.22,,,조금 짜서 밥을 좀 더 추가해서 볶아도 맛있어요
[하남돼지집] 철판삼겹살마무리볶음밥 4입,https://www.kurly.com/goods/5155567,6000,2025.09.21,,,맛나게 잘먹겠습니다 ㅎㅎ
[하남돼지집] 철판삼겹살마무리볶음밥 4입,https://www.kurly.com/goods/5155567,6000,2025.09.21,,,첨 구매해봤는데 아니 진찌 가끔 고기집 볶음밥 먹고싶을때 있잖아요 그때 딱이예요
[하남돼지집] 철판삼겹살마무리볶음밥 4입,https://www.kurly.com/goods/5155567,6000,2025.09.21,,,"맛있는데 좀 누룽지처럼 먹어야 더 맛있어요
그냥 볶았을땐 그냥 그랬는데ㅋㅋ
좀 누릉지같이 더 구워 먹으니 맛있더라구요

근데 고기구워먹고 볶아먹는 밥이 더 맛있어요
이건 그냥 간편식"
[하남돼지집] 철판삼겹살마무리볶음밥 4입,https://www.kurly.com/goods/5155567,6000,2025.09.20,,,볶음밥 맛있어요ㅎㅎ
[하남돼지집] 철판삼겹살마무리볶음밥 4입,https://www.kurly.com/goods/5155567,6000,2025.09.18,,,"큰아들이 가끔씩 찾아서 냉동실
쟁여템이여요."
[하남돼지집] 철판삼겹살마무리볶음밥 4입,https://www.kurly.com/goods/5155567,6000,2025.09.18,,,재구매탬 안매워서 먹기가 좋아요
[하남돼지집] 철판삼겹살마무리볶음밥 4입,https://www.kurly.com/goods/5155567,6000,2025.09.18,,,쟁여두고 먹는 볶음밥이에요
[하남돼지집] 철판삼겹살마무리볶음밥 4입,https://www.kurly.com/goods/5155567,6000,2025.09.17,,,"진짜 맛있음 ㅠㅠㅠㅠㅠㅠㅠㅜㅠㅜㅜㅜㅜ
이거먹고 다른건 맛이없...."
[라이틀리] 곤약김밥 5종 (택1),https://www.kurly.com/goods/5138822,6000,2023.05.23,,,"급 김밥이 먹고 싶어서 찾아보다가 주문해봤습니다. 닭가슴살도 좋아하고 청양고추도 좋아해서 이걸로 픽!! 처음에 딱 뜯어서 봤는데 김밥이 조금 홀쭉하네요...ㅋㅋㅋ 김밥이 다이어트중인가봐요 ^^;; 아무튼... 전자렌지에 3분정도 돌려서 먹어봤습니다. 
@식감@ 
곤약 김밥이라고는 전혀 느끼질 못하는 식감입니다. 그냥 쌀밥으로 만든 김밥인데 전자렌지에 돌려서 약간 수분이 마르고 꼬들꼬들한 식감이었습니다. 안에 닭가슴살은 덩어리로 씹히지는 않고 닭가슴살을 믹서기로 갈아서 넣었는지 잘게 부서져있는 식감이었습니다. 
@맛@
청양고추가 들어가서 그런지 살짝 매콤합니다. 그래도 닭가슴살이 들어있어서 청양고추의 매운맛을 어느정도 중화시켜줘서 맵질이인 저도 맛있게 잘 먹었습니다. 매콤제육보다 확실히 덜 맵습니다 ㅋㅋ 매콤제육은 학학 거리면서 먹었는데 이건 그냥 맛있게 매워서 잘 먹었네요 ^^ 
가볍게 칼로리 부담없이 김밥이 먹고 싶을때 아주 좋은 김밥인것 같습니다. 김밥 생각날때 또 주문하러 올게요~^^"
[라이틀리] 곤약김밥 5종 (택1),https://www.kurly.com/goods/5138822,6000,2025.09.20,,,가끔 생각나면 냉동실에 쟁여놓고 먹을 수 있어서 좋아요. 벌써 몇번째 주문인지...ㅎ
[라이틀리] 곤약김밥 5종 (택1),https://www.kurly.com/goods/5138822,6000,2025.09.20,,,가끔 냉동실에 쟁여놓고 먹는 음식
[라이틀리] 곤약김밥 5종 (택1),https://www.kurly.com/goods/5138822,6000,2025.09.16,,,두가지 맛 모두 맛있어요
[라이틀리] 곤약김밥 5종 (택1),https://www.kurly.com/goods/5138822,6000,2025.09.16,,,오 생각보다 맛있어요
[라이틀리] 곤약김밥 5종 (택1),https://www.kurly.com/goods/5138822,6000,2025.09.15,,,매콤한 땡초어묵이 곤약밥이랑 잘 어울려요. 칼로리 부담 없이 든든하게 한 끼로 먹기 좋아 만족스러워요.
[라이틀리] 곤약김밥 5종 (택1),https://www.kurly.com/goods/5138822,6000,2025.09.15,,,곤약밥이라 부담 없고 유부우엉 조합이 담백해요. 간단히 한 끼 대용으로 가볍게 즐기기 좋아 만족스러워요.
[라이틀리] 곤약김밥 5종 (택1),https://www.kurly.com/goods/5138822,6000,2025.09.15,,,아직 안먹어봤는데 후기가 좋길래 샀어요
[라이틀리] 곤약김밥 5종 (택1),https://www.kurly.com/goods/5138822,6000,2025.09.13,,,양 생각보다 많고 재료도 제대로 들어가있어서 좋움
[라이틀리] 곤약김밥 5종 (택1),https://www.kurly.com/goods/5138822,6000,2025.09.13,,,기대안했는데 맛있게 매콤함 재구매예정
[오뚜기] 가뿐한끼 100% 현미로 지은 부드러운 현미밥 130g*30입,https://www.kurly.com/goods/1001207777,6000,2025.09.22,,,적은공기로 딱 좋아요 밥맛도 구수하고 괜찮아여
[오뚜기] 가뿐한끼 100% 현미로 지은 부드러운 현미밥 130g*30입,https://www.kurly.com/goods/1001207777,6000,2025.09.14,,,식단중이라 구매한현미밥 맛잇어요
[오뚜기] 가뿐한끼 100% 현미로 지은 부드러운 현미밥 130g*30입,https://www.kurly.com/goods/1001207777,6000,2025.09.09,,,150g 짜리 잘먹어서 이번엔 작은걸로 현미백퍼 사봣습니다
[오뚜기] 가뿐한끼 100% 현미로 지은 부드러운 현미밥 130g*30입,https://www.kurly.com/goods/1001207777,6000,2025.09.08,,,"양이 적은 아이들이 한끼 맛있게 잘 먹어요.
거칠지 않고 찰지고 부드럽네요."
[오뚜기] 가뿐한끼 100% 현미로 지은 부드러운 현미밥 130g*30입,https://www.kurly.com/goods/1001207777,6000,2025.09.07,,,오뚜기 현미밥 양은 130그람으로 적지만 식감도 부드러운 편이고 가성비 좋아요
[오뚜기] 가뿐한끼 100% 현미로 지은 부드러운 현미밥 130g*30입,https://www.kurly.com/goods/1001207777,6000,2025.09.05,,,가격 좋고 먹을만 하네요 전자레인지 돌리고 먹다보면 조금 굳는감이 있지만 다른 타제품들에 비하면 괜찮은 것 같아요
[오뚜기] 가뿐한끼 100% 현미로 지은 부드러운 현미밥 130g*30입,https://www.kurly.com/goods/1001207777,6000,2025.09.03,,,오뚜기 현미밥도 부드럽고 찰져서 맛있어요
[오뚜기] 가뿐한끼 100% 현미로 지은 부드러운 현미밥 130g*30입,https://www.kurly.com/goods/1001207777,6000,2025.09.02,,,나쁘지 않아거 좋아요ㅔ
[오뚜기] 가뿐한끼 100% 현미로 지은 부드러운 현미밥 130g*30입,https://www.kurly.com/goods/1001207777,6000,2025.08.29,,,다른거 사면서 구매함ᆢ  식감이 거칠긴해도 몸에 좋다니까
[오뚜기] 가뿐한끼 100% 현미로 지은 부드러운 현미밥 130g*30입,https://www.kurly.com/goods/1001207777,6000,2025.08.20,,,배송도 빠르고 포장도 좋아요
[청정원] 그레인보우 4종 (2입) (택1),https://www.kurly.com/goods/1000242164,6000,2024.07.19,,,"요즘 비가 너무 많이와서 밥 차려먹기도 귀찮고 이것저것 사디도 번거로워서 대충 휘리릭 먹을 수 있는 제품 찾아보다가 구매했어요

밀키트 많이 먹으면 그 특유의 밀키트맛(?) 이 있어서 금방 질리게 되고, 또 너무 자극적으로 먹는 것 같아서 어딘가 개운하지 않았는데 이 제품은 평소에 잘 안 먹는 채소들도 엄청 다양하게 들어있고, 콩부터 잡곡까지 다양해서 제가 차려먹는 것보다 건강하게 먹는 느낌이에요 ㅋㅋㅋㅋㅋ

단독으로 먹기도 하고 그레인보우 반봉지에 집에 있는 채소들 곁들여 샐러드나 포케처럼 먹기도 하는데 그럼 포만감도 든든하고 맛도 있어요 ㅋㅋ 스리라차 뿌려먹으면 입에 착 붙는 맛도 있어서 완전 입터짐 방지템이에옄ㅋㅋㅋㅋㅋ

예전에 소고기, 닭가슴살도 애용했었는데 새우랑 아보카도맛 새로 나와서 구매해봤는데 너무 마음에 들어요~~
간만에 마음에 드는 신제품 발견!!"
[청정원] 그레인보우 4종 (2입) (택1),https://www.kurly.com/goods/1000242164,6000,2025.09.21,,,마늘향이 엄청 강해요 호불호
[청정원] 그레인보우 4종 (2입) (택1),https://www.kurly.com/goods/1000242164,6000,2025.09.21,,,담백해요 슴슴한 볶음밥맛
[청정원] 그레인보우 4종 (2입) (택1),https://www.kurly.com/goods/1000242164,6000,2025.09.20,,,건강한 맛이네요. 다이어트할 때 건강한 식사 챙기기 좋아요.
[청정원] 그레인보우 4종 (2입) (택1),https://www.kurly.com/goods/1000242164,6000,2025.09.19,,,맛있어요 그레인보우 좋아해요 ^^
[청정원] 그레인보우 4종 (2입) (택1),https://www.kurly.com/goods/1000242164,6000,2025.09.19,,,꼭꼭 씹어먹는맛이 넘 좋아요
[청정원] 그레인보우 4종 (2입) (택1),https://www.kurly.com/goods/1000242164,6000,2025.09.19,,,간이 심심하면 태국식 피시소스넣어도 맛있습니다
[청정원] 그레인보우 4종 (2입) (택1),https://www.kurly.com/goods/1000242164,6000,2025.09.19,,,"요거 맛별로 다샀어요
넘나 맛있고 간편합니다"
[청정원] 그레인보우 4종 (2입) (택1),https://www.kurly.com/goods/1000242164,6000,2025.09.19,,,"그레인보우 다 맛있고 최애인데 단호박은 별루에요
순수 개인적취향"
[청정원] 그레인보우 4종 (2입) (택1),https://www.kurly.com/goods/1000242164,6000,2025.09.19,,,"요거 진짜 맛있어요
좀 심심하다싶으면 체다치즈랑 그라파다노 뿌려서 먹는데 씹는 식감이 너무 좋습니다
잡곡좋아하시는분들 취향저격"
[키즈다이닝] 엄마와 함께 소고기 비빔밥 세트,https://www.kurly.com/goods/1000773231,6000,2024.10.08,,,"이런 제품 정말 좋네요~~~ 
큰 냉면그릇에 다 같이 넣고 비벼서 아이랑 반씩 나눠 먹었어요~ 💕
나물간도 전반적으로 순하구요~

고추장 양념이 아닌 간장 양념에 들어 있어서 아이들이 먹기에도 맵지 않아 좋습니다~^^

계란 후라이나만 하나 추가해서 올리면 영양 만점이고, 쓱쓱 비벼서 주니 평소 잘 먹지않는 느타리버섯까지 섭취할 수 있었어요.😋

청소, 빨래, 설거지 등등
집안일로 끊임없이 부족한 게 시간인데,
키즈다이닝 덕에 식사준비 시간이 훨씬 단축되어 너무나 고맙습니다.😭

나물양이 꽤 되서 평소 먹는 양보다 밥을 훨씬 적게 넣어야 합니다.
저는 잡곡밥에 했는데, 정말 맛있고
배부르게 잘 먹었어요 👍🏻💙"
[키즈다이닝] 엄마와 함께 소고기 비빔밥 세트,https://www.kurly.com/goods/1000773231,6000,2025.09.20,,,아이가 너무 잘먹네요~
[키즈다이닝] 엄마와 함께 소고기 비빔밥 세트,https://www.kurly.com/goods/1000773231,6000,2025.09.17,,,애기 채소 먹이기 좋아요ㅎㅎㅎ 맛도 있습니당
[키즈다이닝] 엄마와 함께 소고기 비빔밥 세트,https://www.kurly.com/goods/1000773231,6000,2025.09.17,,,비빔밥용으로 다른 제품보다는 아이용이라 그런지 내용물이 부드러워서 좋아합니다
[키즈다이닝] 엄마와 함께 소고기 비빔밥 세트,https://www.kurly.com/goods/1000773231,6000,2025.09.16,,,아이도 엄마도 잘 먹었어여
[키즈다이닝] 엄마와 함께 소고기 비빔밥 세트,https://www.kurly.com/goods/1000773231,6000,2025.09.16,,,아기 여러 반찬 줄려고 구입해서요
[키즈다이닝] 엄마와 함께 소고기 비빔밥 세트,https://www.kurly.com/goods/1000773231,6000,2025.09.14,,,소고기 비빔밥 맛나요
[키즈다이닝] 엄마와 함께 소고기 비빔밥 세트,https://www.kurly.com/goods/1000773231,6000,2025.09.14,,,"야채 양이 많아요!!
22개월 아가랑 잘 나눠 먹었어요!!
간장 소스도 맛있네용"
[키즈다이닝] 엄마와 함께 소고기 비빔밥 세트,https://www.kurly.com/goods/1000773231,6000,2025.09.13,,,엄청 맛이있고 그런건 아니고 한끼 먹기 좋습니다
[키즈다이닝] 엄마와 함께 소고기 비빔밥 세트,https://www.kurly.com/goods/1000773231,6000,2025.09.13,,,간편하고 맛있어요 ~~
[애슐리] 쉬림프 나시고렝 볶음밥 (2개입),https://www.kurly.com/goods/1000659853,6000,2024.07.29,,,"⭐️여름철 입맛 살리는 초간단 요리메뉴⭐️

1. 요즘 날씨도 너무 더워서 요리해먹기 귀찮고
2. 안그래도 1분 1초가 아까운 출퇴근 시간에

간단하게 조리해서 먹기 너무 좋아요.

원래 레시피는 전자레인지로 적혀있는데 저는 간단하게 식용유 두르고 후라이팬에 볶아 먹으니까 방금 만든것 같은 볶음밥 느낌이었어요.

나시고랭은 원래 좋아하긴 했는데 딱 먹어보니까 집 근처 애슐리 매장에서 먹은거랑 존 똑⭐️

저는 많이 먹는 편이라 한 번에 두 봉지도 가능할거같아요 ㅋㅋㅋㅋ 출근때는 한 봉지만 먹어도 든든히 출근 가능하더라고요! 종종 이용할 예정입니다~~~"
[애슐리] 쉬림프 나시고렝 볶음밥 (2개입),https://www.kurly.com/goods/1000659853,6000,2024.07.24,,,"☆강! 추!
야근하고 밥해먹기 귀찮을때 한팩 뚝!
주말에 애들 밥해주기 번거로우면 딱!
라면 끓이는것 보다 쉬우니 세상살기 편하네요~~~
전자레인지로 3분 돌리니까 진짜 편하고, 한알한알에 간도 다 베어있어서 직접 만든 느낌이 나네요!
다른거는 양념이 골고루 안되어있는 것도 많은데 이건 진짜 맛있어요! 복쌤도 울고갈듯~
애슐리 음식으로 우리집 냉장고 채워야겠어요!

맛은 애슐리가서 먹던 맛이랑 거의 똑같아요!
차이가 있다면 집에서 3분만에 뚝딱 할 수 있다는거~
살짝? 매콤?한 것 같기도 한 그런 입에 감기는 맛! 맵찔이 우리 딸이 먹어도 매운건 모르겠다네요!

일단 1인분씩 2개가 들어있어서 한번에 다 안먹어도 되고, 보관이 편해요! 자취생들 이거 한두개 사두면 진짜 편할것 같아요!
왜... 내가 자취할땐 이런게 없었는지..."
[애슐리] 쉬림프 나시고렝 볶음밥 (2개입),https://www.kurly.com/goods/1000659853,6000,2025.09.21,,,지난번에 맛있게 먹었던 기억이 있어서 구매했어요 정말 느끼는 거지만 애슐리는 밥 상품들? 잘하는 것 같아요 주먹밥도 맛있거든요
[애슐리] 쉬림프 나시고렝 볶음밥 (2개입),https://www.kurly.com/goods/1000659853,6000,2025.09.21,,,계란 좀 더 넣고 숙주 많이 넣어 볶아먹으니 맛나게 한끼해결
[애슐리] 쉬림프 나시고렝 볶음밥 (2개입),https://www.kurly.com/goods/1000659853,6000,2025.09.20,,,불맛나고 짭짤하게 맛나요
[애슐리] 쉬림프 나시고렝 볶음밥 (2개입),https://www.kurly.com/goods/1000659853,6000,2025.09.19,,,"맛있습니다
후루륵 볶아 맛있게 한끼해결 했어요"
[애슐리] 쉬림프 나시고렝 볶음밥 (2개입),https://www.kurly.com/goods/1000659853,6000,2025.09.19,,,흠;;;;짭짤~~합니다.
[애슐리] 쉬림프 나시고렝 볶음밥 (2개입),https://www.kurly.com/goods/1000659853,6000,2025.09.18,,,맛있네요. 짤 것 같아서 숙주나물 반봉지랑 계란 스크램블 하나 했는데 딱 좋아요
[애슐리] 쉬림프 나시고렝 볶음밥 (2개입),https://www.kurly.com/goods/1000659853,6000,2025.09.18,,,생각보다는 양이 적고 맛도 보통입니다. 너무 기대를 해서 그런지. 조금 더 양이 많았으면 좋겠고 내용물도 조금 아쉽네요
[애슐리] 쉬림프 나시고렝 볶음밥 (2개입),https://www.kurly.com/goods/1000659853,6000,2025.09.17,,,"숙주 추가로 넣어 먹었었더니 더 맛있어용😝
편하면서 맛있에 끼니 챙겨먹었슴당~~~
또 주문할게요🖤"
[햇반] 매일잡곡밥 210g (8입),https://www.kurly.com/goods/5050797,6000,2025.09.21,,,"잡곡밥이 건강에 좋을거 같아서 주문해요
맛있어요"
[햇반] 매일잡곡밥 210g (8입),https://www.kurly.com/goods/5050797,6000,2025.09.20,,,이 햇반은 너무 맛있어여
[햇반] 매일잡곡밥 210g (8입),https://www.kurly.com/goods/5050797,6000,2025.09.19,,,"밥해먹기 귀찮을 때 필수.
바로바로 전자렌지에 돌려 먹을 수 있어서 좋아요."
[햇반] 매일잡곡밥 210g (8입),https://www.kurly.com/goods/5050797,6000,2025.09.19,,,싸게 잘샀어요 늘 먹던거라 굿
[햇반] 매일잡곡밥 210g (8입),https://www.kurly.com/goods/5050797,6000,2025.09.19,,,"밥 맛도  좋고, 집에 없어서는 안 될 비상템입니다"
[햇반] 매일잡곡밥 210g (8입),https://www.kurly.com/goods/5050797,6000,2025.09.18,,,잡곡밥 박스도 있으면 좋겠어요
[햇반] 매일잡곡밥 210g (8입),https://www.kurly.com/goods/5050797,6000,2025.09.18,,,늘 먹는 햇반 좋아요
[햇반] 매일잡곡밥 210g (8입),https://www.kurly.com/goods/5050797,6000,2025.09.18,,,잡곡밥 먹기 좋아요
[햇반] 매일잡곡밥 210g (8입),https://www.kurly.com/goods/5050797,6000,2025.09.16,,,집에서 해먹는 것보나 부드러워요~
[햇반] 매일잡곡밥 210g (8입),https://www.kurly.com/goods/5050797,6000,2025.09.15,,,쿠폰으로 잘 구매했어요!!
[햇반] 현미귀리곤약밥 150g*3입,https://www.kurly.com/goods/1000220006,6000,2024.08.22,,,"사진 찍는 것을 잘 못해서... 제품 빠르게 잘 도착했어요! 어제 주문했는데 다음 날 배송되서 놀랐습니다. 점심에 현미귀리곤약밥이랑 골뱅이통조림, 허브솔트로 양념한 얼린 두부와 조미김을 같이 먹었는데 곤약밥 특유의 향도 없었고 식감이 진짜 너무 제 취향이었어요. 톡톡 터지는 식감을 좋아해서 평소에도 귀리밥이랑 보리밥을 자주 해먹거든요? 즉석밥에 곤약밥인데도 그 식감이 그대로인 게 신기하고 혁명적이라고 생각했어요ㅋㅋㅋ 즉석밥은 전자레인지로 돌리면 밥알이 금방 말라서 맛이 없는데 이건 그런 거 하나도 없었어요. 또 한 개당 150g이라 210g은 너무 많고 반만 먹긴엔 부족했던 밥 양이 저에겐 딱 맞더라고요. 이 제품말고 흑미귀리곤약밥도 있던데 그럿도 한번 주문해서 먹어보고 괜찮으면 두가지 번갈아가면서 먹으려고요. 곤약밥 입문용으로 딱입니다!"
[햇반] 현미귀리곤약밥 150g*3입,https://www.kurly.com/goods/1000220006,6000,2025.09.22,,,칼로리 낮아서 한번씩 구매
[햇반] 현미귀리곤약밥 150g*3입,https://www.kurly.com/goods/1000220006,6000,2025.09.21,,,"가끔 밥이땡길때 먹어요
간편해서 좋아요"
[햇반] 현미귀리곤약밥 150g*3입,https://www.kurly.com/goods/1000220006,6000,2025.09.21,,,"다욧한다구 여러개 삿어요
성분이 넘 사기라 밥먹으며 다이어트하기 쌉가넝 ㅠㅠ
곤약밥 느낌도 적어요"
[햇반] 현미귀리곤약밥 150g*3입,https://www.kurly.com/goods/1000220006,6000,2025.09.21,,,햇반 현미귀라 곤약 밥 전자
[햇반] 현미귀리곤약밥 150g*3입,https://www.kurly.com/goods/1000220006,6000,2025.09.20,,,"현미 귀리곤약밥 괜찮네요.
다이어트를 위해서 구매했습니다"
[햇반] 현미귀리곤약밥 150g*3입,https://www.kurly.com/goods/1000220006,6000,2025.09.20,,,현미귀리 세일할 때 겟겟
[햇반] 현미귀리곤약밥 150g*3입,https://www.kurly.com/goods/1000220006,6000,2025.09.19,,,"할인가로 저렴하게 잘 구매 했습니다.
양도 적당하고 좋아요."
[햇반] 현미귀리곤약밥 150g*3입,https://www.kurly.com/goods/1000220006,6000,2025.09.19,,,새일해서 저렴하게 구매했어요 너무 좋아요
[햇반] 현미귀리곤약밥 150g*3입,https://www.kurly.com/goods/1000220006,6000,2025.09.19,,,저속노화를 위해 흰쌀밥보단 현미잡곡밥을 주로 먹고 있어요~
[마이비밀] 라이킷 식단관리 시즌2 도시락 8종 (택2),https://www.kurly.com/goods/1000272598,6000,2025.05.16,,,"오 ㅋㅋㅋ이거 맛있네용!
밥에 양념이 되어있어서 전혀 심심하지가 않습니다
외식할때 고기먹으러가면 마지막에 먹는 볶음밥 같은 느낌이요 ㅎㅎ
맵지도않고 고추장 양념느낌이구요 ㅋㅋ
바로 김 꺼내서 싸먹었습니다 ㅎㅎ
치즈도 들어있는데 알고보니 자연치즈더라고요
전자레인지 돌리니 딱 알맞게 녹아서 쭉쭉 늘어나고 맛있습니다ㅋㅋ
다음에 마이비밀 라이킷 도시락 시켜먹을땐 치즈닭갈비덮밥은 또 담아야겠어요ㅎㅎ
간단하게 챙겨먹기 좋은 것 같아요 ㅎㅎ
다른 도시락에 비해 덮밥이라 밥 양도 많고 성인 여성이 먹었을때 포만감 들었습니다
다른 맛도 먹어보고싶네요~"
[마이비밀] 라이킷 식단관리 시즌2 도시락 8종 (택2),https://www.kurly.com/goods/1000272598,6000,2025.04.16,,,"회사에서 점심으로 간단하게 먹어봤어요 :)

우선 냉동 도시락들에 어설프게 들어있는
조각 야채들을 좋아하지 않아서
김치볶음밥과 함박의 깔끔한 구성이 마음에 들었어요!

김치볶음밥의 김치 식감이나
함박 스테이크 식감이 살아 있고
맵거나 짜거나 달거나 그런 모난 맛 없이 간도 적당했어요

양이 많지는 않아서 가볍게 먹고싶은 날 추천해요
성인 남성은 하나로는 배가 안 찬다고 하더라구요~

먹을 때 달걀이나 샐러드 조금 추가하면 충분한 한끼로 즐길 수 있을 것 같았습니다

요즘 물가도 많이 오르고
옷은 얇아져서 식단이 필요한데
디음에도 주문해서 먹어야겠어요!"
[마이비밀] 라이킷 식단관리 시즌2 도시락 8종 (택2),https://www.kurly.com/goods/1000272598,6000,2024.12.10,,,"매워요!!
양파가 너무 커요!!

남편이랑 요즘 살이 너무 쪄서 어쩌지 하다가
다이어트하려고 도시락을 검색해봤어요.
때마침 쿠폰도 있고 모아둔 적립금도 있어서 
겸사겸사 가격은 좀 있지만 맛있어보이는 도시락으로
골라서 맛별로 하나씩 다 사봤어요.

다이어트 도시락이라서 그런건지 확실히 양은 적어요...ㅎㅎ
양이 적어서 칼로리가 낮은게 아닐까하는 합리적 의심은 있지만,
맛이 좋네요..! ㅎㅎ
영양성분도 이정도면 나쁘지 않다고 봅니다.

양념맛이 간도 쌔고, 그래서 맛있어요.
맛으로만 보면 매우 만족합니다.

양 작은건 뚱뚱한 제 몸과 늘어난 위를 탓해야겠습니다.
가격만 조금 더 저렴하면 좋겠네요"
[마이비밀] 라이킷 식단관리 시즌2 도시락 8종 (택2),https://www.kurly.com/goods/1000272598,6000,2025.09.21,,,밥이 고실고실 하니 맛있어요.고기양념도 맛있어요.
[마이비밀] 라이킷 식단관리 시즌2 도시락 8종 (택2),https://www.kurly.com/goods/1000272598,6000,2025.09.18,,,개인적으로 현미밥은 덜익은 맛이랑 식감이라 취향에 안 맞았습니다
[마이비밀] 라이킷 식단관리 시즌2 도시락 8종 (택2),https://www.kurly.com/goods/1000272598,6000,2025.09.18,,,"지인이 맛있다길래 따라 구입했어요
양은 다른 냉동도시락류와 비슷하지만 맛이 너무 맛있어서 만족합니다
특히 고기 말이 너무 맛있네요"
[마이비밀] 라이킷 식단관리 시즌2 도시락 8종 (택2),https://www.kurly.com/goods/1000272598,6000,2025.09.18,,,요즘은 다이어트 도시락도 종류가 많고 맛있어서 골라서 시켜먹이 좋아요 닭갈비도 나쁘지 않네요
[마이비밀] 라이킷 식단관리 시즌2 도시락 8종 (택2),https://www.kurly.com/goods/1000272598,6000,2025.09.17,,,맛있어용!!! 재구매할것같아요!
[마이비밀] 라이킷 식단관리 시즌2 도시락 8종 (택2),https://www.kurly.com/goods/1000272598,6000,2025.09.15,,,도시락 맛있어서 자주 구매해요
[마이비밀] 라이킷 식단관리 시즌2 도시락 8종 (택2),https://www.kurly.com/goods/1000272598,6000,2025.09.15,,,이 도시락 맛있어서 자주 먹어요ㅎ
[청정원] 그레인보우 저당 도시락 4종 (택1),https://www.kurly.com/goods/1001234073,6000,2025.09.22,,,그레인보우 잡곡 많아서 좋아요
[청정원] 그레인보우 저당 도시락 4종 (택1),https://www.kurly.com/goods/1001234073,6000,2025.09.21,,,베이컨이랑 할라피뇨 조합이 괜찮네요
[청정원] 그레인보우 저당 도시락 4종 (택1),https://www.kurly.com/goods/1001234073,6000,2025.09.21,,,제일 맛있는거 같아요
[청정원] 그레인보우 저당 도시락 4종 (택1),https://www.kurly.com/goods/1001234073,6000,2025.09.21,,,튜나크랩 맛이 좀 간간합니다
[청정원] 그레인보우 저당 도시락 4종 (택1),https://www.kurly.com/goods/1001234073,6000,2025.09.21,,,간편하면서도 건강 생각하는~
[청정원] 그레인보우 저당 도시락 4종 (택1),https://www.kurly.com/goods/1001234073,6000,2025.09.21,,,건강한 먹거리로 만족스러운~
[청정원] 그레인보우 저당 도시락 4종 (택1),https://www.kurly.com/goods/1001234073,6000,2025.09.21,,,건강하 한 끼로 맘에 들어요
[청정원] 그레인보우 저당 도시락 4종 (택1),https://www.kurly.com/goods/1001234073,6000,2025.09.21,,,구성도 맛도 괘찮아 재주문~
[청정원] 그레인보우 저당 도시락 4종 (택1),https://www.kurly.com/goods/1001234073,6000,2025.09.20,,,그냥 그래요…식단은 다 그런것 같아요
[청정원] 그레인보우 저당 도시락 4종 (택1),https://www.kurly.com/goods/1001234073,6000,2025.09.20,,,그냥 그래요~!!!
[한끼통살] 저당 도시락 5종 세트,https://www.kurly.com/goods/1001156718,6000,2025.03.21,,,"요즘 너무 자극적인거 많이 먹어서 몸이 무거운것 같아서 아침은 좀 가볍게 먹고 싶어서 컬리에서 저당 도시락이라고 가볍게 먹을 수 있는 도시락을 발견해서 바로 주문했어요. 아침식사로 먹는데 맛도 있고 내용물도 충분해서 식사가 좀 자극적일때는 몇끼정도 저당도시락으로 먹어주면 몸도 좀 가벼워질 것 같네요. 한팩에 5개라 넉넉하니 좋네요. 이번에 처음 사봐서 5가지 맛 다 먹어보고 다시 주문할거같아요. 처음 구매해서 자세한 후기 적어보네요~

추가로 점심에 카레맛 다른거 먹어봤는데 확실히 괜찮네요. 그냥 이 팩 하나 가지고 가서 직장에서 전자렌지에 데워먹어도 좋을 것 같아요. 한끼로 훌륭하네요~포만감도 있고, 씹는 질감도 좋구요~나머지 3개맛도 먹어보고 추가 후기 작성할게요~"
[한끼통살] 저당 도시락 5종 세트,https://www.kurly.com/goods/1001156718,6000,2025.09.18,,,소스가 좀 단게 흠이네요
[한끼통살] 저당 도시락 5종 세트,https://www.kurly.com/goods/1001156718,6000,2025.09.16,,,아침도시락으로 좋아요
[한끼통살] 저당 도시락 5종 세트,https://www.kurly.com/goods/1001156718,6000,2025.09.15,,,"세일가에 샀는데 5개라 매일 하나씩 먹기에 좋더라구요. 맛은 뭐...다 그만그만해요. 
먹을만 했어요."
[한끼통살] 저당 도시락 5종 세트,https://www.kurly.com/goods/1001156718,6000,2025.09.10,,,종류별로사봄 맛나요
[한끼통살] 저당 도시락 5종 세트,https://www.kurly.com/goods/1001156718,6000,2025.09.09,,,양은 적지만 먹을만해요
[한끼통살] 저당 도시락 5종 세트,https://www.kurly.com/goods/1001156718,6000,2025.09.07,,,저당 도시락  다이어트용으로  먹어보려구요~
[한끼통살] 저당 도시락 5종 세트,https://www.kurly.com/goods/1001156718,6000,2025.09.05,,,다이어트 하고 싶어서 저당 도시락으로 시켰어요
[한끼통살] 저당 도시락 5종 세트,https://www.kurly.com/goods/1001156718,6000,2025.09.02,,,한끼통살 도시락이 다이어트 식으로 말고도 단백질 채우기도 좋아요. 허니소이맛이랑 버터커리맛은 초등아이들도 좋아해요
[한끼통살] 저당 도시락 5종 세트,https://www.kurly.com/goods/1001156718,6000,2025.08.30,,,솔직히 지방 너무 높아요... 다이어트 도시락이라기엔 그냥 양만 좀 적은 도시락 느낌
[다즐샵] 토핑 듬뿍 마요 덮밥 3종 (택1),https://www.kurly.com/goods/1001381990,6000,2025.06.16,,,"""엄마 이거 하나 또 돌려주세요""
우리딸의 멘트랍니다.
치킨을 매우 좋아라 하지만 저렇게 뭐 섞여져서 비벼 먹는거, 양념장 들어간 거! 좋아하지 않는 아이거든요.

저는 당연히 뭐.. 싫어아하고 안 먹겠지 하고! 제가 먹을껄 돌렸어요. 치킨 냄새, 맛있는 냄새가 나니 슬슬 다가오는 첫째!

보고 안 먹겠다 할 줄 알았는데 너무 맛있는 냄새가 나니까 조금만 달래요. 한입만 ㅋㅋ 분명히 이런거 좋아하지 않는데..? 신기해서 한숟가락 주니까 그릇 가저오더라규오 ㅋㅋ
덜어달라로^^;;
그렇게..그녀는 난생 처음으로 치킨마요 덮밥을 클리어 했답니다. 엄마는 3숟가락 먹었나? 싶은데... ㅋㅋ

치킨 덮밥이라고 해서 튀긴 닭고기라 기름 누지지 않을까? 생각했는데 어머... 반성합니다.. 기름 누린내도 없고 바삭바삭함이 아예 없는 것도 아니게 맛있어용^)^ 신랑두 아이 먹는거 보더니 맛있어 보인다고 다음에는 더 많이 사래요 ㅋㅋ"
[다즐샵] 토핑 듬뿍 마요 덮밥 3종 (택1),https://www.kurly.com/goods/1001381990,6000,2025.06.16,,,"다즐샵 치킨듬뿍마요덮밥은 큼직한 치킨과 달콤짭잘한 데리야끼  소스, 그리고 고소한 계란지단이 같이 어우러져 밥과 함께 먹기 든든하고 간편하며, 자극적이지 않으면서 한 끼 식사로 충분히 만족도가 높았습니다.
종이띠를 벗겨내고, 비닐을 살짝 열어 증기가 빠져 나갈수 있게 해준다음, 그 상태로 3~4분 정도 전자레인지에 돌리면 끝이라 조리과정이 따로 필요하지 않아서 간편하게 먹을 수 있었습니다.
닭고기 자체도 살코기만 들어가 있어 다이어트 용으로도 괜찮았고, 전반적으로 식단 관리를 하는 분들한테도 도움이 많이 될것 같아요.
부담없는 한끼로 아침식사 굶지않고 잘 먹으면서 출근합니다~"
[다즐샵] 토핑 듬뿍 마요 덮밥 3종 (택1),https://www.kurly.com/goods/1001381990,6000,2025.06.11,,,"회사 점심으로 딱이더라구용~ 
자리에서 조용히 한 끼 가능 ㅋㅋ

회사 점심 뭐 먹지 고민하다가 귀찮아서 
[다즐샵] 치킨 듬뿍 마요 덮밥 하나 들고 왔거든용? 

자리에서 조용히 전자레인지 돌리고 먹었는데... 
어라? 생각보다 괜찮은데요?? ㅋㅋ

치킨 진짜 많이 들어있어서 ‘듬뿍’이 거짓말은 
아니구요~ 마요소스가 은근 중독성 있어서 젓가락 
멈출 수 없었슴다... 

밥도 눅눅하거나 퍽퍽한 느낌 없이 딱 좋아서 혼자 
자리에서 뚝딱 클리어했어용 😎

점심시간에 멀리 나가기 귀찮을 때, 배달 기다리기 
애매할 때 이거 하나 챙겨오면 완전 꿀템임다. 

주변에서 뭐 먹냐고 물어봤는데, 괜히 혼자 알고 
싶은 맛이라 살짝 숨겼어욬ㅋㅋ

냉동고에 몇 개 쟁여놨다가 출근 전에 가방에 하나 
넣고 오면 진짜 편해요~ 

다음엔 다른 맛도 도전해보려구용!"
[다즐샵] 토핑 듬뿍 마요 덮밥 3종 (택1),https://www.kurly.com/goods/1001381990,6000,2025.09.20,,,"애들이 잘먹네요.
재주문 했습니다"
[다즐샵] 토핑 듬뿍 마요 덮밥 3종 (택1),https://www.kurly.com/goods/1001381990,6000,2025.09.20,,,애가 잘먹어서 재주문 했어욤
[다즐샵] 토핑 듬뿍 마요 덮밥 3종 (택1),https://www.kurly.com/goods/1001381990,6000,2025.09.20,,,치킨 좀 더 넣어주세요... 맛은있는데 밥만 많음
[다즐샵] 토핑 듬뿍 마요 덮밥 3종 (택1),https://www.kurly.com/goods/1001381990,6000,2025.09.20,,,나쁘지 않은데 좀 기름져요
[다즐샵] 토핑 듬뿍 마요 덮밥 3종 (택1),https://www.kurly.com/goods/1001381990,6000,2025.09.20,,,비려요 렌지 돌리니 더 심하네요
[다즐샵] 토핑 듬뿍 마요 덮밥 3종 (택1),https://www.kurly.com/goods/1001381990,6000,2025.09.20,,,그럭저럭먹을만합니다
[다즐샵] 토핑 듬뿍 마요 덮밥 3종 (택1),https://www.kurly.com/goods/1001381990,6000,2025.09.19,,,편하게 먹기 좋아요
[모두의맛집] 정호영 명란감자채 솥밥 도시락,https://www.kurly.com/goods/1000235782,6000,2024.04.19,,,"오호 솔직한 후기를 써볼게요 🙆‍♀️

👍 먼저 장점 & 맛있게 먹는 방법

1. 양은 제 기준으로 괜찮았어요. 저는 작은 사이즈의 컵라면이랑 같이 먹어줬습니다. ㅎㅎ
2. 그리고 맛있게 먹는 방법은 김을 준비해서 김에 싸서 먹으면 맛있어요. 저는 컬리에서 kf365 김을 자주 사는데, 이 김 기준으로 2봉지 까서 같이 먹어줬답니다
3. 간도 잘 되어있고, 제 사진 보시는것 처럼 밑에 명란도 많이 깔려있어요 의외로 명란이 많아서 놀랐답니다! 감자도 충분히 있고
4. 점심 한 끼 잘 먹기에 아쉽지 않습니다 전자렌지만 있으면 금방 따뜻한 한 끼가 완성됩니다
5. 저는 완전 한식파라! 이거 명란을 버터에 볶은 맛이더라고요 그래서 저처럼 아부지 입맛이면 살짝 느끼하다고 느낄 수 있어요 💟 아무튼 김치 종류랑 같이 드시면 완전 찰떡궁합일 것 같아요 

제 직장 근처는 기본 점심값이 만원이 넘어가서 그런지
이런 퀄리티 좋은 도시락이 굉장히 필요합니다!

퀄리티 높은 도시락 많이 만들어주세요 🥄🥄💜💜"
[모두의맛집] 정호영 명란감자채 솥밥 도시락,https://www.kurly.com/goods/1000235782,6000,2025.09.20,,,"오 생각보다 ㄱㅊ습니다
명란이 생각한것보다 많이 더 많이 있어서 좀 놀라웠음
양은 적당한거같고 감자가 덜익은게 있는데 대충 먹었ㅇ어요. 렌지에 더 돌리면될듯. 근데 은근 떡진 밥이 되서 조금 아쉽지만 요새 한끼 가격도 높은데 간단하게 렌지에 툭 하면되서 ㄱ시간도 아끼고 한끼 떼우기 괨찮네요. 나중에 다른것도 시켜봐야징~.~"
[모두의맛집] 정호영 명란감자채 솥밥 도시락,https://www.kurly.com/goods/1000235782,6000,2025.09.20,,,마니 짠거같아요 명란을 덜어내야
[모두의맛집] 정호영 명란감자채 솥밥 도시락,https://www.kurly.com/goods/1000235782,6000,2025.09.20,,,온더고만 주문하다가 하나 먹어보려구요 맛있음 재주문할게요
[모두의맛집] 정호영 명란감자채 솥밥 도시락,https://www.kurly.com/goods/1000235782,6000,2025.09.19,,,"간단히 먹기 괜찮아요~
생각보다 맛있어서 재주문의사있어요"
[모두의맛집] 정호영 명란감자채 솥밥 도시락,https://www.kurly.com/goods/1000235782,6000,2025.09.19,,,다좋은데 좀 비린맛이 나네요
[모두의맛집] 정호영 명란감자채 솥밥 도시락,https://www.kurly.com/goods/1000235782,6000,2025.09.19,,,저녁식사로 구매했어요 양도 괜찮네요
[모두의맛집] 정호영 명란감자채 솥밥 도시락,https://www.kurly.com/goods/1000235782,6000,2025.09.18,,,후기가 좋아서 구입했어여
[모두의맛집] 정호영 명란감자채 솥밥 도시락,https://www.kurly.com/goods/1000235782,6000,2025.09.18,,,회사에 가져가서 데워먹기좋아요
[모두의맛집] 정호영 명란감자채 솥밥 도시락,https://www.kurly.com/goods/1000235782,6000,2025.09.18,,,명란젓의 감칠맛이랑 짭짤함보다는 비린맛이 너무 강했어요..
[오뚜기] 가뿐한끼 현미밥 150g X 30입,https://www.kurly.com/goods/1000050990,6000,2022.10.31,,,"두번째 사진 (좌)햇O (우)가뿐한끼 입니다. 양 비교해보시라고 참고용으로 올려요ㅎㅎ

평점 별 다섯 개⭐️⭐️⭐️⭐️⭐️ 
평소에 햇O 현미밥을 즐겨 먹는데요.
210g짜리는 물론 다 먹을 수는 있지만 양이 좀 많은 느낌이고 130g짜리는 뭔가 아쉬운 느낌이더라고요ㅠㅠ

그러다가 이거 150g 짜리를 컬리에서 보고 오 괜찮은데?? 하고 시켜봤어요. 근데 시키면서도 혹시 맛이 없으면 어쩌나 즉석밥 특유의 냄새가 나면 어쩌나 걱정했거든요ㅠㅠ

근데 오늘 배송와서 하나 먹어보니까 웬걸!!!! 개인적으로 맛은 거의 햇O 현미밥이랑 똑같은 것 같아요! 햇O 말고 다른 브랜드 즉석밥에서 나는 즉석밥 특유의 이상한 냄새도 전혀 안 나고요. 현미랑 백미가 섞여있어서 식감이 너무 까끌하지도 않아요.

양은 많지도 적지도 않고 딱 적당하고 가격은 훨씬 더 싸고.. 안 살 이유가 없는거죠?? 즉석밥 이제 여기로 정착하기로 했습니다! 오뮤 가뿐한끼 컬리에서 계속 팔아줬으면 좋겠어요."
[오뚜기] 가뿐한끼 현미밥 150g X 30입,https://www.kurly.com/goods/1000050990,6000,2025.09.22,,,다이어트 중이라 현미밥 사봤네요~
[오뚜기] 가뿐한끼 현미밥 150g X 30입,https://www.kurly.com/goods/1000050990,6000,2025.09.22,,,혈당조절을위해 구매했어요! 150그람인게 넘 맘에들고 저렴한 가격에 구매해서 좋아요
[오뚜기] 가뿐한끼 현미밥 150g X 30입,https://www.kurly.com/goods/1000050990,6000,2025.09.15,,,생각보다 밥이 부드러워요
[오뚜기] 가뿐한끼 현미밥 150g X 30입,https://www.kurly.com/goods/1000050990,6000,2025.09.12,,,양이 딱 좋아요. 맛도 좋고. 햇반에서 갈아탔어요.
[오뚜기] 가뿐한끼 현미밥 150g X 30입,https://www.kurly.com/goods/1000050990,6000,2025.09.10,,,"그저 먹던 밥이 다 떨어져서 추가주문했습니다...ㅎㅎ
맛나고 편해요
."
[오뚜기] 가뿐한끼 현미밥 150g X 30입,https://www.kurly.com/goods/1000050990,6000,2025.09.09,,,"밥하기귀찮을때 한번씩 먹고있어요
현미밥치고 부드럽고 현미밥이라 찰기는없어요"
[오뚜기] 가뿐한끼 현미밥 150g X 30입,https://www.kurly.com/goods/1000050990,6000,2025.09.08,,,잘 받았어요 저렴하게 잘 구매한것같아요 다 먹고 재구매할께요
[오뚜기] 가뿐한끼 현미밥 150g X 30입,https://www.kurly.com/goods/1000050990,6000,2025.09.07,,,나름 다이어트중이라 밥 부터 바꾸자해서 현미밥으로! 2분 맞게 돌리면 잘 익고 맛있는 밥이 됩니당~~~ 굿굿!
[오뚜기] 가뿐한끼 현미밥 150g X 30입,https://www.kurly.com/goods/1000050990,6000,2025.09.05,,,작은밥 찾다가 마침 현미밥이 쎄일하기에 구매합니다. 요즘은 밥해먹는것도 힘드니...게으름이...다이어트에 현미밥 추천입니다. 날짜도 넉넉하니 좋네요.
[금룡각] 중화 간짜장볶음밥 (2개입),https://www.kurly.com/goods/1000527167,6000,2025.03.02,,4,"구성 : 짜장 2봉지, 볶음밥 2봉지 

양:  간짜장이라 많지는 않지만 되직한 편이라 비벼먹기엔 충분해요.
볶음밥은 일반 냉동 볶음밥 정도의 양이라 여자분들이 먹기엔 충분합니다. 남자분들은 한 봉 반에서 두 봉은 드셔야할 것 같아요 

조리방법 : 전자렌지로 데우거나 후라이팬으로 조리가 가능하고
짜장은 중탕해서 드시면 됩니다.
전 고슬고슬한 밥을 좋아해서  볶음밥은 후라이팬으로 조리했고, 짜장은 밀크팬에 물 좀 넣고 데웠어요. 

맛 : 볶음밥에 생각보다 야채도 많이 보이고, 계란도 충분히 들어있어서 좋았고 특히 짜장은 중국음식점에서 시켜먹는 맛과 비슷해서 좋았어요. 시켜먹는 게 더 맛있긴 하지만 냉동으로 간편하게 데워먹는데 이 정도면 누구나 만족하지않을까 싶어요. 

금액 : 세일해서 7000원 초반으로 구매했어요.
세일 안하면 9000원 후반이었던 걸로 기억해요. 
제품의 퀄리티, 양으로 봤을 때 세일가로 사는 정도가 맞는 것 같고 정가로는 좀 비싸단 생각이 듭니다. 

평점 : 4점
세일만 계속 해준다면 재구매할 의향이 있습니다!
가끔 한 끼 식사 떼우기 좋은 냉동식품이 아닐까 싶어요 ㅎ
맛있게 잘 먹었습니당!"
[금룡각] 중화 간짜장볶음밥 (2개입),https://www.kurly.com/goods/1000527167,6000,2024.06.07,,,"이번에 새로나온 신제품이라고 해서 주문해 봤어요
평소에 짜장면 보다는 짜장밥을 좋아하는데 일반 흰밥도 아니고 볶음밥에 짜장 소스를 뿌려 먹을 수 있다는게 참 좋았어요

게다가 요즘 짜장면 한그릇이 7-8,000원 인데 짜장면 한그릇으로 짜장밥 2인분을 맛볼 수 있다니 가성비면에서도 정말 최고였습니다. 

[장점]
1. 볶음밥 자체가 너무 맛있었습니다. 다양한 야채와 계란까지 있어서 이것만 먹어도 충분히 맛있었어요
2. 시판용 짜장 소스들은 너무 달아서 싫어했는데, 금룡각 간짜장볶음밥 짜장소스는 달지 않고 간이 딱 맞아서 개인적으로 딱 제 취향이었어요 

이 제품 정말 배고플때 식사용으로 딱 입니다!! 
바로 또 주문해야 겠어요 ㅋㅋ"
[금룡각] 중화 간짜장볶음밥 (2개입),https://www.kurly.com/goods/1000527167,6000,2024.06.03,,,"찾았다 내사랑....
평소 중국집가도 짜장, 짬뽕보다 볶음밥을 더 자주 시키는 나...
컬리에서 이런 맛있는 간짜장볶음밥 만나서 넘 신나네여 💖

볶음밥 조리도 걍 프라이팬에 볶고 소스 붓기만 하면 되니까 넘 간편쓰,,
집에서 허세 좀 부려보겠다고 계란후라이도 반숙으로 해서 볶음밥 위에 올려보고 ㅋㅋㅋㅋ
양파도 조금 더 볶아서 올려보고 ㅋㅋㅋ 
새우도 조금 더 다져서 넣어보았습니다 캬캬
이미 다 되어 있는 금룡각에 숟가락 얹기 ㅋㅋㅋㅋㅋ 

가격이 7921원이길래 당연히 1인분인가 했더니 2인분?!... 대박...
이런 가성비 근래 들어 처음 보는 듯 ㅠㅠ 
중국집가서 먹는 가격의 반 값이라니... 넘 혜자롭습니다....
이런 아름다운 가격...
이제 중국집 배달도 빠빠이 해야할 때가 된 것 같네요~~

진짜 맛있게 먹었어요 💖💖💖💖👲"
[금룡각] 중화 간짜장볶음밥 (2개입),https://www.kurly.com/goods/1000527167,6000,2025.09.21,,,집에서 간편하게 먹을 수 있는 볶음밥이에요. 가성비도 좋고 맛도 만족합니당
[금룡각] 중화 간짜장볶음밥 (2개입),https://www.kurly.com/goods/1000527167,6000,2025.09.21,,,딱 중국집 볶음밥 맛이네요!
[금룡각] 중화 간짜장볶음밥 (2개입),https://www.kurly.com/goods/1000527167,6000,2025.09.21,,,맛있었어요. 컬리 좋아요.
[금룡각] 중화 간짜장볶음밥 (2개입),https://www.kurly.com/goods/1000527167,6000,2025.09.21,,,소스가 좀 짜긴한데 맛있어요
[금룡각] 중화 간짜장볶음밥 (2개입),https://www.kurly.com/goods/1000527167,6000,2025.09.20,,,"아이들이 너무너무 맛나다하네요~~
볶음밥도 맛나고 짜장소스도 너무 맛있어요"
[금룡각] 중화 간짜장볶음밥 (2개입),https://www.kurly.com/goods/1000527167,6000,2025.09.20,,,급할때 한번씩 먹기 좋아요.
[금룡각] 중화 간짜장볶음밥 (2개입),https://www.kurly.com/goods/1000527167,6000,2025.09.20,,,"이거 짜장소스가 바뀐건가요?
리뷰에는 배달해서 먹는 볶음밥이랑 비슷하다고 해서
주문했는데 진짜 영 안좋네요
기대 많이하면서 좀 많이 샀는데
짜장소스는 그냥 3분짜장소스맛이고
짭니다 엄청짜요
볶음밥은 볶는도중에는 야채도 좀들어있고 해서
오 괜찮네 했는데 맛이 좀 그렇네요
불맛 난다고 그러던데 불맛도 안나고
많이 산거 후회중입니다 냉동실 자리차지하고있는데
언제쯤 다먹을지가 걱정이네요
유일하게 리뷰보고 실패함"
[햇반] 식후혈당조절도움밥 210g*6,https://www.kurly.com/goods/1000154398,6000,2025.09.21,,,혈당조절된다해서 구매완료
[햇반] 식후혈당조절도움밥 210g*6,https://www.kurly.com/goods/1000154398,6000,2025.09.21,,,기숙사 딸에게 보내려고 주문
[햇반] 식후혈당조절도움밥 210g*6,https://www.kurly.com/goods/1000154398,6000,2025.09.20,,,"혈당에 도움을 줄 수도 있다고해서
사봤는데"
[햇반] 식후혈당조절도움밥 210g*6,https://www.kurly.com/goods/1000154398,6000,2025.09.20,,,밥 맛있어요. 혈당 관리에도 좋기를
[햇반] 식후혈당조절도움밥 210g*6,https://www.kurly.com/goods/1000154398,6000,2025.09.19,,,다욧트 까진 못하더라도 건강생각해서 먹어봐여 ㅎㅎ
[햇반] 식후혈당조절도움밥 210g*6,https://www.kurly.com/goods/1000154398,6000,2025.09.19,,,도움이 되는지는 모르겠지만 계속 먹어요ㅠ
[햇반] 식후혈당조절도움밥 210g*6,https://www.kurly.com/goods/1000154398,6000,2025.09.18,,,혈당조절이라 구입해 봅니다. 생김새는 약간 묵은 밥 같아요
[햇반] 식후혈당조절도움밥 210g*6,https://www.kurly.com/goods/1000154398,6000,2025.09.18,,,혈당조절에 좋길!!
[햇반] 식후혈당조절도움밥 210g*6,https://www.kurly.com/goods/1000154398,6000,2025.09.17,,,혈당조절에 도움된다고 해서 샀는데 맛은 일반 햇반과 똑같아서 좋네요
[햇반] 식후혈당조절도움밥 210g*6,https://www.kurly.com/goods/1000154398,6000,2025.09.17,,,밥이 없을때~~~^^ 하나씩
[라이틀리] 매콤해물 곤약 볶음밥 (4개입),https://www.kurly.com/goods/1001423299,6000,2024.05.11,,,"드디어 먹어본 라이틀리 곤약볶음밥!
라이틀리 곤약볶음밥은 처음이어서
제일 추천이 많았던
매콤해물볶음밥으로 주문했구요. 
아이스팩과 함께
녹지않고 차갑게 배송받았어요! 

매콤해물볶음밥 맛은
이름그대로 매콤하면서
속재료가 넉넉하고
곤약 특유의 식감? 이 거의 느껴지지 않아
넘 맛있게 먹었어요! 
곤약 들어간거 모른채로 그냥 먹으면
일반적인 볶음밥이라고 할 것 같아요 ㅎㅎ
벌써 2번이나 먹었고
다 먹으면 재구매의사 있어요. 

매콤하지만 매운거 잘 못 드시는 분들도
충분히 먹을만한 맵기에요. 
딱 맛있게 매콤! 

오징어가 쫄깃하게 식감 더해주고
야채 낙낙히 들어있고
새우도 은근 많아요 ^^
1팩엔 새우 2개 들어있었고
(대신 오징어가 좀더 많았어요) 
다른 1팩에는 새우가 무려 5마리 들어있더라구요 ㅎㅎ

맛도 맛있지만
곤약이 들어가서 탄수화물이 적어 좋아요. 
당류도 2g으로 부담없이
마음껏 든든하게 한끼 먹을 수 있어서
넘 좋네요!
단백질은 6g으로
계란, 닭가슴살, 병아리콩 등을 추가해서
조금 보충해주면
더더 좋구요😄

기대도 컸음에도
만족스러웠던
라이틀리 곤약볶음밥. 
다른 맛들도 후기가 좋아
종류별로 하나씩 먹어보려구요 >_<

다이어트 하시는 분,
건강관리 혈당관리 하시는 분들에게
추천하고싶어요~~"
[라이틀리] 매콤해물 곤약 볶음밥 (4개입),https://www.kurly.com/goods/1001423299,6000,2025.09.21,,,라이틀리 제품 다이어트들한텐 정말 좋습니다. 맛있고 건강도 좋아요. 믿고 먹는 제품입니다!
[라이틀리] 매콤해물 곤약 볶음밥 (4개입),https://www.kurly.com/goods/1001423299,6000,2025.09.20,,,"요거 맛있습니다.
현미밥이랑 같이
볶아 먹으면 매운거 못먹는 저에게는
딱이네요"
[라이틀리] 매콤해물 곤약 볶음밥 (4개입),https://www.kurly.com/goods/1001423299,6000,2025.09.18,,,곤약볶음밥 중에 추천해요
[라이틀리] 매콤해물 곤약 볶음밥 (4개입),https://www.kurly.com/goods/1001423299,6000,2025.09.18,,,매콤한데 맛있고 칼로리도 낮아 좋아요
[라이틀리] 매콤해물 곤약 볶음밥 (4개입),https://www.kurly.com/goods/1001423299,6000,2025.09.18,,,매콤하고 해물 씹히는맛도 있고 가볍게 한끼 해결하기 좋습니다
[라이틀리] 매콤해물 곤약 볶음밥 (4개입),https://www.kurly.com/goods/1001423299,6000,2025.09.15,,,곤약 볶음밥 중에서 젤 맛나요
[라이틀리] 매콤해물 곤약 볶음밥 (4개입),https://www.kurly.com/goods/1001423299,6000,2025.09.14,,,"다이어트 하려고 주문햇어요
주위에서 추천 많이 하더라구요"
[라이틀리] 매콤해물 곤약 볶음밥 (4개입),https://www.kurly.com/goods/1001423299,6000,2025.09.14,,,맛있는데 볶아도 질척하고 렌지에 돌려도 질척한 질감임
[라이틀리] 매콤해물 곤약 볶음밥 (4개입),https://www.kurly.com/goods/1001423299,6000,2025.09.13,,,생각보다 많이 질펀해서 그냥 그래요. 맛이 있지도 없지도 않은 애매한 맛입니다.
[청정원] 그레인보우 스파이시 치킨 아보카도 2개입,https://www.kurly.com/goods/1000635408,6000,2024.08.28,,,"그레인보우 스파이시 치킨 아보카도 2개입은 매콤한 맛과 아보카도의 부드러움이 조화를 이루는 제품입니다. 이 제품은 건강한 식단을 원하는 소비자들에게 적합하며, 다양한 영양소를 포함하고 있습니다.

제품 특징
- 매콤한 양념: 닭가슴살이 매콤하게 양념되어 있어 풍부한 맛을 제공합니다 [1].
- 영양소: 각종 곡물, 케일, 브로콜리, 피망 등의 채소가 포함되어 있어 영양가가 높습니다 [1].
- 단백질 함량: 14g의 단백질을 포함하고 있어 여름철 식단 관리에 적합합니다 [4].

제품 라인업
- 다양한 맛: 그레인보우 브랜드는 '갈릭쉬림프', '스리라차치킨', '스파이시치킨&아보카도' 등 다양한 맛을 제공하여 소비자 선택의 폭을 넓히고 있습니다 [2].

소비자 반응
- 인기 제품: 스파이시치킨&아보카도는 컬리 전용으로 출시되어 소비자들 사이에서 인기를 끌고 있습니다 [4].

관련 주제: 건강한 간편식
- 간편식의 인기: 현대인들은 바쁜 일상 속에서 간편하게 식사를 해결할 수 있는 제품을 선호하고 있습니다. 건강한 재료로 만들어진 간편식은 영양소를 놓치지 않으면서도 빠르게 섭취할 수 있는 장점이 있습니다. 그레인보우 스파이시 치킨 아보카도와 같은 제품은 이러한 트렌드에 부합하여 소비자들에게 큰 인기를 얻고 있습니다.

결론적으로, 그레인보우 스파이시 치킨 아보카도 2개입은 매콤한 맛과 영양가 높은 재료로 구성되어 있어 건강한 간편식을 찾는 소비자에게 적합한 선택입니다. 다양한 맛과 가격 혜택을 통해 소비자들에게 매력적인 옵션이 되고 있습니다. 건강한 식사를 원하신다면 이 제품을 고려해 보세요!"
[청정원] 그레인보우 스파이시 치킨 아보카도 2개입,https://www.kurly.com/goods/1000635408,6000,2024.08.09,,,"✨ 구매이유 - 식단관리를 위해 주문했어요. 

✨ 패키지 - 비닐에 낱개포장 2봉 되어 들어있었습니다. 

✨ 조리법 - 저는 그레인보우 1봉, 콜리플라워 , 냉동야채 넣고 팬에 볶아주었어요. 기름 없이도 잘 볶아지더라고요. 

✨ 향 & 맛 - 매콤한 볶음 밥 냄새하 납니다. 더 많은 재료를 넣으니 특유의 맛은 잘 안느껴 졌어요. 든든하게 먹기 너무 좋아요. 탱글하게 알알이 씹히는 곡물과 콩, 작게 커팅된 닭가슴살은 좀 아쉬운만큼 들어있어 더 추가해 넣어주었답니다. 아보카도 진짜 좋아하는데 잘 안보였어요. 저는 잡곡류 좋아해서 식감 좋고 맛있게 잘 먹었습니다. 남은 한봉지는 단독으로 먹어봐야겠어요. 

✨ 찰떡궁합조합 - 그레인보우 스파이시 치킨 아보카도에 샐러드채소, 양배추, 콘옥수수, 계란, 닭가슴살 넣고 명란소스 뿌려 포케처럼 먹으니 진짜 든든하고 맛있어요."
[청정원] 그레인보우 스파이시 치킨 아보카도 2개입,https://www.kurly.com/goods/1000635408,6000,2024.07.23,,,다른 맛을 먹어보다가 이번에 스파이시 치킨 아보카도 맛으로 구매해보았네요! 역시나 기대를 충족시켜주는 청정원! 1봉씩 2개 들어 있어서 위생적이라 좋아요 또 전자레인지에 그냥 돌리기만 하면 되서 너무 간편하고 재료도 다이어트에 도움이 되는 것들이라 너무 만족스러워요. 그렇다고 맛이 없나? 훌륭합니다 간도 적당히 베어 있어요 :)
[청정원] 그레인보우 스파이시 치킨 아보카도 2개입,https://www.kurly.com/goods/1000635408,6000,2025.09.22,,,생각보다 별로였어요 가볍게 먹기는 좋음
[청정원] 그레인보우 스파이시 치킨 아보카도 2개입,https://www.kurly.com/goods/1000635408,6000,2025.09.21,,,"생각보다 포만감도 잇어서 저녁대용으로 
세일할 때 쟁입니다"
[청정원] 그레인보우 스파이시 치킨 아보카도 2개입,https://www.kurly.com/goods/1000635408,6000,2025.09.19,,,건강해보여서 샀어요.
[청정원] 그레인보우 스파이시 치킨 아보카도 2개입,https://www.kurly.com/goods/1000635408,6000,2025.09.19,,,제품 괜찮아서 재구매했습니다 ^^
[청정원] 그레인보우 스파이시 치킨 아보카도 2개입,https://www.kurly.com/goods/1000635408,6000,2025.09.19,,,맛별로사서 거의 매일 점심을 요걸로 하고있습니다
[청정원] 그레인보우 스파이시 치킨 아보카도 2개입,https://www.kurly.com/goods/1000635408,6000,2025.09.19,,,"요거 씹는식감이 넘좋아요
잡고좋아하시는분들 취향저격"
[청정원] 그레인보우 스파이시 치킨 아보카도 2개입,https://www.kurly.com/goods/1000635408,6000,2025.09.19,,,그레인보우 시리즈 중 최애. 아보카도도 제법 큼직합니다
[탄단지] 세끼 뚝딱 도시락 3종 세트,https://www.kurly.com/goods/1000376683,6000,2025.07.14,,,"회사건물에 마땅히 먹을만한 음식들도 없고 한끼 먹으려면 요즘에는 기본 만원이 넘어가는 시대라.. 
종종 도시락을 사서 먹고있는데요 3개에 9천원 1개당 3천원꼴의 해당제품이 눈에 띄어서 주문했습니다


먼저 비닐도 안뜯고 렌지에 바로 넣어서 돌리면 밥이 안성되는 간편함이 좋았고 다양한 제품군과 라인업으로 인해서 돌려서 여러가지를 먹어볼수 있어서 좋았어요 

무엇보다 가격대가 3천원이라 부담없이 한끼을 해결할수 있는점이 가장 마음에 듭니다

다만 가격만큼 맛은 솔직히 그냥그랬어요..ㅎ 
한끼간단히 먹기에는 좋지만 크게 맛있지는않고 남자분들은 부족할 수 있으니 라면등 과 함께 드시길 추천드립니다"
[탄단지] 세끼 뚝딱 도시락 3종 세트,https://www.kurly.com/goods/1000376683,6000,2025.01.04,,,"새해들어 다이어트 목표로 하시는 분들 많으시죠?
저는 다이어트용은 아니고 회사에 점심도시락을 싸가는데 매일 집밥먹는 느낌이라 건강하면서도 맛있는도시락 먹고 싶어 탄단지 세끼뚝딱도시락 3종세트
구매했어요 탄단지 세끼뚝딱도시락 3종 세트 구성은
참치마요덮밥, 김치볶음밥 & 불고기햄, 김치볶음밥 & 콘치즈입니다 제가 다 좋아하는 구성에 가격도 저렴하니 좋아요

* 참치마요덮밥 
저는 참치마요를 좋아해서 도시락 체인점 가서도
종종 주문해먹을 정도로 좋아하는 메뉴에요
​1팩 210g
촉촉한 참치마요 위에 풍성한 계란지단을 올려 더욱 맛있어요 종이 슬리브를 제거하고 비닐 포장이된채로
전자레인지 3분간 돌려주세요 조리방법도 간단하고 계란지단이 많이 들어있어 더욱 맛있었어요

* 김치볶음밥 & 불고기햄 
​누구나 좋아하는 김치볶음밥 위에 불고기를 품은 오믈렛과 짭조름한 불고기햄을 올려서 더욱 맛있어요 그냥 먹어도 맛있는데 커다란 스팸과 오믈렛이 들어있어 씹는 식감까지 더욱 좋았어요

* 김치볶음밥 & 콘치즈 
김치볶음밥과 콘치즈의 조화라 처음엔 좀 신선했는데요 김치볶음밥과 콘치즈 씹는 식감이 좋았어요
거기다 제가 좋아하는 치즈까지 곁들여먹으니 꿀맛이네요 저는 밥양을 조금 더 넣어 양념과 비벼서 전자래인지에 돌려먹었는데 은은하게 나는 치즈향과 콘치즈가 너무 맛있었어요

* 총평
3가지 도시락 다 너무 맛있었고 가격도 저렴하여 장바구니에 또 담아두었어요"
[탄단지] 세끼 뚝딱 도시락 3종 세트,https://www.kurly.com/goods/1000376683,6000,2024.02.02,,,"탄단지 도시락 자주사먹는데 이번에 신상품으로 나와서 바로구매했는데!!
헉~~ 완전 가성비와 맛이 한끼먹기 최고인데요?
왜 세끼뚝딱인지 알겠더라구요!!
그리고 비닐포장안뜯고 그대로 전자레인지 돌리니 이것도 편하네요!

세가지다 먹어본결과!

1. 김치볶음밥&불고기햄 
 - 역시 김볶에 햄과 계란 조합은 말해뭐해요!
    오믈렛안에 불고기?도 들어있어서 깜놀 ㅎㅎ 
    먹다가 순삭했습니다 ㅜㅜ 너무맛있더라구요. 추천합니다!

2. 김치볶음밥&콘치즈
 - 김치볶음밥에 콘치즈라서 조금 신선한조합이길래 어떤가싶었는데
   생각보다 너무 어울리고 김치볶음밥에 치즈 환상궁합이네요!!

3. 참치마요덮밥 
 - 자극적이지않고 담백하게 너무 맛있어서 일반 컵밥제품들과는 비교할수가
   없이 가장맛있습니다. 어른아이 상관없이 이건 최고 No.1 !!

회사에 들고다니기도 편하고, 당분간 다른거는 못먹겠더라구요. 
가격도좋고 이걸로 꾸준히 정착하려구요! 추천드립니다!!

--"
[탄단지] 세끼 뚝딱 도시락 3종 세트,https://www.kurly.com/goods/1000376683,6000,2025.09.20,,,"퀄리티 장난아니네요
다이어트 도시락이 맞나 싶어요
칼로리는 낮다고 적혀있는데 맛있어 보여요 123ㄷㄷ"
[탄단지] 세끼 뚝딱 도시락 3종 세트,https://www.kurly.com/goods/1000376683,6000,2025.09.20,,,"생각보다 괜찮았어요
간단하게 먹기 좋아요"
[탄단지] 세끼 뚝딱 도시락 3종 세트,https://www.kurly.com/goods/1000376683,6000,2025.09.17,,,아직 먹기 전입니다 양에비해 저렴해서 좋어요
[탄단지] 세끼 뚝딱 도시락 3종 세트,https://www.kurly.com/goods/1000376683,6000,2025.09.17,,,아침으로 먹기 좋아요~~
[탄단지] 세끼 뚝딱 도시락 3종 세트,https://www.kurly.com/goods/1000376683,6000,2025.09.16,,,맛있는데 김볶 자체 맛은 좀 약해요
[탄단지] 세끼 뚝딱 도시락 3종 세트,https://www.kurly.com/goods/1000376683,6000,2025.09.15,,,세끼 뚝딱 라인은 처음인데 기대돼요~
[탄단지] 세끼 뚝딱 도시락 3종 세트,https://www.kurly.com/goods/1000376683,6000,2025.09.14,,,회사에서 도시락 싸들고댕기기 귀찮았는데 이거 하나면 너무 편하더라구요 양이 많진 않지만 만족합니다
[컬리X햇반] 향긋한 골든퀸현미쌀밥 200g*36입 (1박스),https://www.kurly.com/goods/1001485260,6000,2025.04.05,,,"최근 건강한 식사를 선호하는 소비자들 사이에서 인기를 끌고 있는 제품입니다.
현대인의 바쁜 일상 속에서도 건강한 식습관을 유지하고자 하는 사람들에게 안성맞춤인 제품입니다.

포장은 매우 실용적입니다. 지퍼형 포장으로 되어 있어 남은 밥을 쉽게 보관할 수 있고, 디자인 또한 깔끔하고 현대적이어서 시각적으로도 매력적입니다.

조리 방법도 간편합니다. 전자레인지를 이용해 약 2분 가량 데우기만 하면 맛있는 밥이 완성됩니다. 바쁜 아침이나 점심에 정말 유용하게 활용할 수 있죠. 또한, 끓는 물에 데우는 방법도 있어 상황에 따라 다양하게 조리할 수 있습니다.

결론적으로, 건강한 식사를 원하는 현대인들에게 특히 적합하며, 다양한 식단에 잘 어울리는 장점도 가지고 있습니다. 바쁜 일상 속에서도 간편하게 건강을 챙길 수 있는 그 가치를 충분히 발휘하는 제품입니다. 맛과 영양, 편리함을 모두 갖춘 이 제품은 일상 속에서 필요한 에너지를 충전하는 데 큰 도움이 될 것입니다."
[컬리X햇반] 향긋한 골든퀸현미쌀밥 200g*36입 (1박스),https://www.kurly.com/goods/1001485260,6000,2025.04.05,,,"최근 건강한 식사를 선호하는 소비자들 사이에서 인기를 끌고 있는 제품입니다.
현대인의 바쁜 일상 속에서도 건강한 식습관을 유지하고자 하는 사람들에게 안성맞춤인 제품입니다.

포장은 매우 실용적입니다. 지퍼형 포장으로 되어 있어 남은 밥을 쉽게 보관할 수 있고, 디자인 또한 깔끔하고 현대적이어서 시각적으로도 매력적입니다.

조리 방법도 간편합니다. 전자레인지를 이용해 약 2분 가량 데우기만 하면 맛있는 밥이 완성됩니다. 바쁜 아침이나 점심에 정말 유용하게 활용할 수 있죠. 또한, 끓는 물에 데우는 방법도 있어 상황에 따라 다양하게 조리할 수 있습니다.

결론적으로, 건강한 식사를 원하는 현대인들에게 특히 적합하며, 다양한 식단에 잘 어울리는 장점도 가지고 있습니다. 바쁜 일상 속에서도 간편하게 건강을 챙길 수 있는 그 가치를 충분히 발휘하는 제품입니다. 맛과 영양, 편리함을 모두 갖춘 이 제품은 일상 속에서 필요한 에너지를 충전하는 데 큰 도움이 될 것입니다."
[컬리X햇반] 향긋한 골든퀸현미쌀밥 200g*36입 (1박스),https://www.kurly.com/goods/1001485260,6000,2025.03.23,,,"주위에 아직 젊은 나이인데도 당뇨로 고생하는 사람들이 꽤 있어선지 되도록이면 그냥 백미 대신에 콩 등이 섞인 잡곡밥이나 혈당을 낮출 수 있는 현미밥으로 챙겨 먹으려고 하고 있어요~
골든퀸 현미밥은 개인적으로 느끼기에는 나름 부드러운 식감이랑 단백한 맛도 너무 괜찮아서 최근 꽤 주문해서 먹고 있는데, 전자렌지에 2분 돌리고 렌지 문을 열었을 때 퍼지는 특유의 구수한 누룽지 향이 먹기 전 부터 기분을 좋게 하네요~^^
나이도 한 살 더 먹은 만큼 건강에 신경을 쓰자고 생각이 드는데, 직접 현미밥을 해 먹으면 물론 좋겠지만 간편하게 먹어야 할 때는 컬리의 '골든퀸 현미밥'을 앞으로 계속 이용할 것 같아요ㅎㅎ"
[컬리X햇반] 향긋한 골든퀸현미쌀밥 200g*36입 (1박스),https://www.kurly.com/goods/1001485260,6000,2025.09.22,,,자주 시키는 컬리 상품
[컬리X햇반] 향긋한 골든퀸현미쌀밥 200g*36입 (1박스),https://www.kurly.com/goods/1001485260,6000,2025.09.21,,,향도 좋고 밥맛도 좋아요
[컬리X햇반] 향긋한 골든퀸현미쌀밥 200g*36입 (1박스),https://www.kurly.com/goods/1001485260,6000,2025.09.21,,,현미밥이라서 먹고나면 속이 편해여
[컬리X햇반] 향긋한 골든퀸현미쌀밥 200g*36입 (1박스),https://www.kurly.com/goods/1001485260,6000,2025.09.21,,,즉석밥중에 제일 좋아하는 제품입니다
[컬리X햇반] 향긋한 골든퀸현미쌀밥 200g*36입 (1박스),https://www.kurly.com/goods/1001485260,6000,2025.09.21,,,햇반중 제일 맛있어요 아들 주려고 샀어요 세일하길래
[컬리X햇반] 향긋한 골든퀸현미쌀밥 200g*36입 (1박스),https://www.kurly.com/goods/1001485260,6000,2025.09.21,,,용량도 크고 가격도 저렴해서 주문했습니다.
[컬리X햇반] 향긋한 골든퀸현미쌀밥 200g*36입 (1박스),https://www.kurly.com/goods/1001485260,6000,2025.09.21,,,"컬리는 제품들을 간편하게 살 수 있어서 좋습니다. 
건강을 위해 현미밥을 구매했어요~"
[탄단지] 닭가슴살 현미 삼각주먹밥 500g 3종 (택1),https://www.kurly.com/goods/5151471,6000,2022.10.17,,,"주먹밥 찾다가 할인이 떠서 사게되었어요!

일단 저는 너무 좋았던게 
낱개 포장 깔끔히 되어있었어서
전자레인지에 2분 이면 쉽게 완성될 수 있어서 먹기 간편했어요!
(2분 30초 돌리라는데 저는 2분이여도 따끈한 주먹밥이 되더라구요ㅎ)

그리고 간이 세지 않아서 같은 회사 제품인 소스 닭가슴살이랑 같이 먹어도 너무 좋았어요! (김에도 싸먹고, 닭가슴살, 김치랑 비벼먹어도 맛있었어요!)
마요네즈의 맛이 강하지 않아서 저는 마켓컬리에서 산 청량고추 마요랑도 비벼먹었더니 꿀맛🤍

밥을 많이 먹지 않아 딱 저 하나의 양이 전 너무 좋더라구요
다만 기름기가 좀 있어서 그게 아쉬웠는데
기름기가 있으니 에프에 구워먹으면 겉이 노릇노릇해질것 같네요! (에프가 없어서 시도는 못해봤는데 에프 있으신 분들은 꼭 에프에도 돌려봐주세요! 맛있을듯 ㅎㅎ)

그럼 오늘하루도 맛있게 보내세요🤍"
[탄단지] 닭가슴살 현미 삼각주먹밥 500g 3종 (택1),https://www.kurly.com/goods/5151471,6000,2022.08.29,,,"다이어트중이라 조금씩 요기할 먹을거리를 찾다가
요거 아침식사나 중간에 배고플때 한끼 괜찮을거 같아서
구입했어요~ 상품평도 좋아서 궁금했어요~
지금 참치마요 먼저 하나 뜯어서 먹는중인데
너무너무 맛있어요~
특히 밥알이 찐득찐득 떡되서 뭉친밥 아니고
꼬들꼬들 하고 겉은 아주살짝 볶음밥 누룽지처럼
바삭한 식감이 아주 살짝 느껴져서 더 맛있어요!!
참치마요라길래 어떻게 마요네즈가 들어있지? 했는데
눈으로 보이는 마요네즈은 없구요~ 
밥에 이미 버무려져 있어서 맛은 살짝 납니다ㅎ
전체적으로 간도 너무 조화롭고 맛있어요~

저는 아예 봉지에서 내용물 다 빼내고 그릇에 올려
덮개없이 렌지 2분 돌렸어요~
경험상 봉지째로 넣거나 랩같은거 씌우면
밥이 초크초크 해지고 수분 가득 먹은 질은 느낌이라
그걸 안좋아해서 수분감 날릴려고 그렇게 했는데
꼬독꼬독하고 아주 맛있는 식감으로 조리되었어요!!

보통 공복으로 운동하고 오는데
오늘같이 당떨어지고 운동가기 싫을때
이거 하나에 라떼 하나 내려먹으면
다시 힘이 솟아서 운동 갈 마음 생길듯요!!
재구매 꼭 하러 돌아옵니다~!!!"
[탄단지] 닭가슴살 현미 삼각주먹밥 500g 3종 (택1),https://www.kurly.com/goods/5151471,6000,2025.09.22,,,일하는 중에 따로 밥 먹을 시간이 없어서 간편히 먹을 수 있는 주먹밥 늘 냉동실에 넣어두고 먹어요~~ 자주 먹던게 질려서 요번엔 이 브랜드걸로 사 봤었어요. 간단히 먹기 좋았슴다 ㅎ
[탄단지] 닭가슴살 현미 삼각주먹밥 500g 3종 (택1),https://www.kurly.com/goods/5151471,6000,2025.09.22,,,일하는 중에 따로 밥 먹을 시간이 없어서 간편히 먹을 수 있는 주먹밥 늘 냉동실에 넣어두고 먹어요~~ 자주 먹던게 질려서 요번엔 이 브랜드걸로 사 봤어요 ^^
[탄단지] 닭가슴살 현미 삼각주먹밥 500g 3종 (택1),https://www.kurly.com/goods/5151471,6000,2025.09.21,,,너무 맛잇어요 간편하고
[탄단지] 닭가슴살 현미 삼각주먹밥 500g 3종 (택1),https://www.kurly.com/goods/5151471,6000,2025.09.20,,,운동가기전에 간단하게 먹을용으로 구매햇어요 많이먹으면 부담스러워서 딱인거같아요
[탄단지] 닭가슴살 현미 삼각주먹밥 500g 3종 (택1),https://www.kurly.com/goods/5151471,6000,2025.09.20,,,"출근길에
가볍게 먹을수 있어 좋아요"
[탄단지] 닭가슴살 현미 삼각주먹밥 500g 3종 (택1),https://www.kurly.com/goods/5151471,6000,2025.09.20,,,신랑 출근 할때 하나씩 싸주면 좋아해요
[탄단지] 닭가슴살 현미 삼각주먹밥 500g 3종 (택1),https://www.kurly.com/goods/5151471,6000,2025.09.20,,,생각보다 너무 맛있어서 또시킴
[탄단지] 닭가슴살 현미 삼각주먹밥 500g 3종 (택1),https://www.kurly.com/goods/5151471,6000,2025.09.20,,,"벌써 세 번째 주문이에요. 두꺼운 김 사다가 길게 잘라서 싸서 먹으면 일반 컴비니에서 파는.
삼각 김밥보다 맛있는 것 같아요"
[풀무원] 꼬마 유부초밥,https://www.kurly.com/goods/5069130,6000,2022.10.31,,,"처음 사 봤어요
저는 집에 밥 해놓은게 없어서
햇반으로 하다 보니
설명서에서 말하는 한공기 반이 아니라
밥 양을 햇반2개(두공기겠죠?)로 했어요
그래서 양념이 부족한 상태니까
집에 있는 단무지 잘게 썰어서 밥양념에 넣었습니다
근데 진짜 완성하고 보니
밥 양이 반공기정도가 남더라구요 ㅋㅋ
설명서에처럼 완성하면 밥 한공기반으로 생각하시몈 될 것 같아요
맛은.. 애들이 먹기에 좋은 맛이에요
어른입맛엔 약간 심심한데? 하실 수도 있을 것 같아요
제가 밥 양을 좀더 넣은 것도 있지만
타제품으로 만들었을땐 맛이 그래도 이렇게 약하진 않았거든요~
여튼 입맛이나 먹을 사람에 따라 유부초밥제품 고르시면 될텐데
이건 딱 건강하게 유부초밥 먹고싶으신 분들에게 좋을 것 같단 생각이 듭니다!
저는 요것만 먹을게 아니라
반찬(?)을 곁들일 생각이라 ㅋㅋ
오히려 간이 세지 않아 좋았습니다"
[풀무원] 꼬마 유부초밥,https://www.kurly.com/goods/5069130,6000,2025.09.22,,,아이들이 너무 좋아해요. 매번 구입하고 있어요.짱
[풀무원] 꼬마 유부초밥,https://www.kurly.com/goods/5069130,6000,2025.09.22,,,아이가 고소하다고 이 유부만 좋아해요
[풀무원] 꼬마 유부초밥,https://www.kurly.com/goods/5069130,6000,2025.09.21,,,늘 컬리에서만 사요!!!!
[풀무원] 꼬마 유부초밥,https://www.kurly.com/goods/5069130,6000,2025.09.21,,,아이도시락 싸주려구요~~~
[풀무원] 꼬마 유부초밥,https://www.kurly.com/goods/5069130,6000,2025.09.21,,,아이 간식으로 한 봉지 뚝딱
[풀무원] 꼬마 유부초밥,https://www.kurly.com/goods/5069130,6000,2025.09.21,,,한입에 먹기 좋은 크기
[풀무원] 꼬마 유부초밥,https://www.kurly.com/goods/5069130,6000,2025.09.20,,,작아서 도시락으로 좋아요
[풀무원] 꼬마 유부초밥,https://www.kurly.com/goods/5069130,6000,2025.09.20,,,급하게 해먹기에 맛나요. 애도 잘먹네요
[풀무원] 꼬마 유부초밥,https://www.kurly.com/goods/5069130,6000,2025.09.20,,,애기만들어줬는데 잘먹네요!
[애슐리] 주먹밥 4종,https://www.kurly.com/goods/1000275030,6000,2023.10.25,,,"치즈갈릭 스테이크 주먹밥
갈릭향만 나는게 아니고 진짜 구운 갈릭이 있어요 기대안하고 먹었는데 너무 맛있어서의외였어요. 자극적이지도 않고 그렇다고 밍밍하지도 않은데 너무 맛있어서 하루에 한개씩 먹고 있어요 이건 간식 식사 둘다 좋을것 같아요

특징 : 간간한 맛인거 같으면서 갈릭의 풍미가 너무 좋은 주먹밥이에요 제가 갈릭을 좋아해서 그런지 너무 맛있었어요 매**갈릭에서 먹던 시즐링 볶음밥맛도 나는거 같고..

맛 : 알싸한 맛이 마늘때문인지는 모르겠는데 약간의 매콤함이 있어요 이건 고추의 매콤함이라기보단 후추의 매콤함? 진짜 갈릭구운게 들어가서 향도훨씬 많이나고 맛도 있어여 리얼한 먹다가 조끔 지겨워질만할떄 치즈를 함께 먹으면 불향과 매콤함을 가라앉혀주면서 부드러운 맛이 됩니다"
[애슐리] 주먹밥 4종,https://www.kurly.com/goods/1000275030,6000,2025.09.22,,,애슐리 중 버터와규가 제일맛있어요
[애슐리] 주먹밥 4종,https://www.kurly.com/goods/1000275030,6000,2025.09.20,,,콘치즈 완전 맛나요 또 주문할게요 주식이 됐네요 주먹밥ㅎ
[애슐리] 주먹밥 4종,https://www.kurly.com/goods/1000275030,6000,2025.09.20,,,편한배송 감사합니다~.
[애슐리] 주먹밥 4종,https://www.kurly.com/goods/1000275030,6000,2025.09.18,,,햇반주먹밥 생각하며 사봤는데 애들이 잘 안먹네요ㅎ
[애슐리] 주먹밥 4종,https://www.kurly.com/goods/1000275030,6000,2025.09.17,,,출근하면 아이들 학교-학원사이 요기거리찾는데 간단히 렌지돌려먹고가니 편해요.
[애슐리] 주먹밥 4종,https://www.kurly.com/goods/1000275030,6000,2025.09.17,,,버터풍미가 많이 나는제품입니다.가볍게 먹기좋아요.
[애슐리] 주먹밥 4종,https://www.kurly.com/goods/1000275030,6000,2025.09.17,,,콘치즈가 매운맛을 잡아주니 아이들이 잘먹습니다.
[애슐리] 주먹밥 4종,https://www.kurly.com/goods/1000275030,6000,2025.09.17,,,이것만 먹음 느끼할듯
[애슐리] 주먹밥 4종,https://www.kurly.com/goods/1000275030,6000,2025.09.17,,,맛있어요 간편하게 먹기 좋음
[마이비밀] 다이어트 도시락 8종,https://www.kurly.com/goods/5056117,6000,2023.10.29,,,"일이 밤 늦게 끝나는 편이라 밥을 챙겨먹기 쉽지않고 귀찮은데 이 도시락으로 해결했어요ㅠㅠ
항시? 다이어트중이라 ㅎㅎ 타사 도시락 다 먹어봤는데 맛도 배부른 만족감도 마이비밀 도시락 만한게 없더라구요 결국 돌아오게되는 마성의 맛,,,˗ˋˏ ♡ ˎˊ˗ 

저는 계란후라이를 하나 기본으로 같이 구워서 먹어주는 편이에요! 그릇 하나 준비해서 밥에다가 계란 올리구 옆에 닭갈비나 제육, 떡갈비 등을 비벼먹으면 덮밥이 따로 없더라구요 ㅎㅎ 
저는 저칼로리 마요네즈랑 데리야끼소스도 함께 뿌려서 비며먹어요!! 징짜 마싯습니당!

칼로리도 낮고 단백질도 은근 많아서 한끼 건강하게 든든하게 먹을수 있어서 넘 조아요 저는 꾸준히 재구매 중입니다 ㅎ 도시락 유목민들 모이세요!

*맛 추천: 닭갈비(매콤)<<<떡갈비, 함박스테이크<제육(매콤) 

닭갈비가 최애메뉴에요!!!! 달짝매콤한 맛이 먹어도 먹어도 안질리는 맛,, 한번씩 다른맛 도시락 먹어주면 또 넘 맛있어요 ㅎㅎ 마이비밀 도시락 흥해라~~"
[마이비밀] 다이어트 도시락 8종,https://www.kurly.com/goods/5056117,6000,2021.09.25,,,"제가 살을 빼보겠다고 별에 별짓을 다해봤습니다. 
원푸드 다이어트, 다이어트 영양제, 운동, 피티 안해본 게 없습니다. 
하지만 항상 식단에서 무너지더군요. 아무리 포만감이 충분하고
영양소가 충분하더라도 맛이 없는 식단이면 절대 오래 지속이 안되더라구요 

정말 마지막이라고 생각하고 선택한 마이비밀 다이어트 도시락은 
제가 유일하게 다이어트에 성공해나가는 비결입니다. 
일주일만에 벌써 3KG나 감량되었고 효과를 몸소 체험하는 바입니다. 

차근차근 마이비밀 다이어트 도시락에 대해 평가해볼게요 

1. 맛 ★★★★★
밥과 반찬 모두 다 더해도 400KCAL가 안넘어가니까 
반찬이 좀 부족하다 느껴져도 소스랑 밥이랑 먹으니까 금새 먹더라구요 
그리고 고기반찬이 메인으로 된 도시락은 콩고기가 아니고 
진짜 돼지고기 소고기가 들어가서 그냥 존맛탱입니다. 


2. 영양  ★★★★★
일단 밥자체가 단순 현미밥 곡물밥이아니라 렌틸콩이나 귀리 이런게 
다 함유되서 칼로리랑 탄수화물을 최대한 낮추고 비타민과 무기질이
섭취되는점이 너무 좋구요. 아까도 말했듯이 고기반찬이 정말 
맛있어서 계속 먹게되는거 같습니다. 


3. 효과  ★★★★★
사진에 첨부하겠지만 일주일만에 3KG감량되었네요 ㅎㅎ
점심은 일반식으로 다 먹고 저녁만 도시락을 먹었는데도
바로 효과가 나타나서 기분이 너무 좋습니다 ㅎㅎ 
단, 간식이나 음료수 콜라 이런건 절대 금물입니다. !!


4. 마무리 총평  ★★★★★
맛 영양 감량 효과 모두 다 잡은 마이비밀 도시락
모두에게 추천드립니다 ! ! !
다들 건강한 다이어트 성공하세요~"
[마이비밀] 다이어트 도시락 8종,https://www.kurly.com/goods/5056117,6000,2021.07.28,,,직장인인데요 다이어트중 식단은 매우 어려운 부분입니다 매번 식단을 짜고 바꾸기엔 시간도 많이 소요되고  마트가서 재료사고 냉장고에 쟁여두고 준비하는데도 시간이 많이 소요되고 정말 번거롭거든요 매번 같은걸먹을수도 없기에 항상 고민을 했었는데요  요 다이어트도시락이 제고민을 싹 해결을 해주네요 맛도 있고 영양도 놓치지않고 칼로리도 적게 챙겨먹을수 있는 요런 도시락이 있어서 다행이고 희소식입니다  사실 이걸 알기전까진 파리바게트에서 닭가슴살샐러드위주로 먹었는데 다이어트 하는 저에겐 정말 희소식이고 맛있게 건강하게 씹는행복도 주면서 다이어트를 할수있게 이런 도시락을 만들어주는 회사에 감사할따름입니다 제가 나이가 40대후반이라 그런지 배고픔을 많이 느끼거든요 근데 마이비밀 다어어트 도시락은 다 맛있는거같아요 제겐 딱이네요
[마이비밀] 다이어트 도시락 8종,https://www.kurly.com/goods/5056117,6000,2025.09.21,,,간단하게 먹기 좋아요 맛있어요!
[마이비밀] 다이어트 도시락 8종,https://www.kurly.com/goods/5056117,6000,2025.09.21,,,간단하게 먹기 좋아요 맛있어요!!!
[마이비밀] 다이어트 도시락 8종,https://www.kurly.com/goods/5056117,6000,2025.09.21,,,간단하게 먹기 좋아요 맛있어요!!!
[마이비밀] 다이어트 도시락 8종,https://www.kurly.com/goods/5056117,6000,2025.09.21,,,간단하게 먹기 좋아요 맛있어요!
[마이비밀] 다이어트 도시락 8종,https://www.kurly.com/goods/5056117,6000,2025.09.21,,,간단하게 먹기 좋아요 맛있어요!!
[마이비밀] 다이어트 도시락 8종,https://www.kurly.com/goods/5056117,6000,2025.09.21,,,간단하게 먹기 좋아요 맛있어요!
[마이비밀] 다이어트 도시락 8종,https://www.kurly.com/goods/5056117,6000,2025.09.21,,,간단하게 먹기 좋아요 맛있어요!
[하린이네주꾸미] 왕주꾸미 볶음 700g (냉동),https://www.kurly.com/goods/5069139,6000,2025.09.14,,,"집에서 간편하게 쭈꾸미를 즐길 수 있다는 점이 정말 만족스러웠습니다. 밀키트 구성이라 손질할 필요 없이 바로 조리할 수 있었고, 포장도 깔끔해서 신선도가 잘 유지되었습니다. 양념은 매콤하면서도 감칠맛이 깊어 술안주로도, 밥 반찬으로도 훌륭했습니다. 특히 쭈꾸미가 적절한 비율로 들어 있어 질리지 않고 끝까지 맛있게 먹을 수 있었습니다. 야채를 조금 더 추가해 끓이니 국물이 더욱 시원하고 풍성해져 가족 모두가 만족했습니다. 매운맛 강도를 중간 정도로 조절해 누구나 즐길 수 있었고, 남은 양념에 밥을 비벼 먹으니 최고였습니다. 아쉬운 점을 꼽자면 다른야채가 넉넉했으면 하는 바람이 있지만, 전반적으로 가성비와 맛 모두 뛰어난 제품입니다. 재구매 의사 확실히 있습다"
[하린이네주꾸미] 왕주꾸미 볶음 700g (냉동),https://www.kurly.com/goods/5069139,6000,2024.09.17,,,"콩나물 씻어서, 소금 티스푼 넣고 물도 자작하게 냄비에 넣어 뚜껑닫고 5분정도 끓여줬어요.

파기름을 내고 양파와 양배추를 양파가 투명해질 때 까지 볶다가 쭈꾸미를 넣어줬습니다.
저는 명란젓도 있어서 같이 넣었어요. 5분 정도 익히고 참기름을 두르고 참깨도 올려주면 끝!!

팩 한가득 쭈꾸미가 가득해서 생각보다 양이 많았어요. 양파랑 양배추를 추가했더니 남아서 저녁에 볶음밥까지 해먹으려고 합니다^^

불닭볶음면 스프 반개를 넣어도 매워하는 편인데 조금 매웠습니다. 맛있게 매워서 또 재주문하고 싶네요!! 
너무 잘 먹었고 사진 비주얼도 잘 나온 것 같아서 길게 적어봐요 만족만족👍"
[하린이네주꾸미] 왕주꾸미 볶음 700g (냉동),https://www.kurly.com/goods/5069139,6000,2024.02.04,,,"성신여대에서 가장 유명한
하린이네 쭈꾸미가 컬리에 있길래
우선 왕쭈꾸미 볶음밥을 두개 사봤었어요!  어머나나!!  음청
맛잇는거에요!^^  그런데 재구매하려니 품절ㅠ
오마이가뜨!!!!!!
어쩔수없이  왕쭈꾸미볶음을 구매해서 먹어봤습니다.
제가 쭈꾸미볶음을 꺼려했던 이유가 있었습니다. 요론제품 다먹어봤지만 제가생각하는 양념맛이 아니었어요 
떡볶이소스느낌이강했던이유였죠!
그런데 하린이네 왕쭈꾸미 볶음은
매운데맛잇는그런맛이었어요!^^
냄새만맡아도 두피에땀나는 매운맛입니다ㅎ 쭈꾸미는태국산이구 저는 집에있는 양배추와당근을 넣어서 물좀더넣고 국물버전으로 먹었습니다^^
탱글 쫄깃한 쭈꾸미구요ㅎ 씹을수록 쭈꾸미향이 느껴집니다.
*저의시식법*
매울걸 감안해서 구운김에 싸먹었어요 .매운거드실때 꿀팁하나 더 드리면요! 보리차랑같이드세요^^도움이 됩니다^^"
[하린이네주꾸미] 왕주꾸미 볶음 700g (냉동),https://www.kurly.com/goods/5069139,6000,2025.09.21,,,양많고맛있어서 자주구매해요
[하린이네주꾸미] 왕주꾸미 볶음 700g (냉동),https://www.kurly.com/goods/5069139,6000,2025.09.20,,,적당히 매콤하고 쭈꾸미도 많이 들어있습니다
[하린이네주꾸미] 왕주꾸미 볶음 700g (냉동),https://www.kurly.com/goods/5069139,6000,2025.09.18,,,먹고 싶을때 먹으려고 미리주문했어요^^
[하린이네주꾸미] 왕주꾸미 볶음 700g (냉동),https://www.kurly.com/goods/5069139,6000,2025.09.17,,,오랜만에 주문해요 반찬없을때 볶아먹으려고요
[하린이네주꾸미] 왕주꾸미 볶음 700g (냉동),https://www.kurly.com/goods/5069139,6000,2025.09.16,,,딱 알맞게 적당히 맵고 양이 많아서 좋아요! 쭈꾸미가 실해요
[하린이네주꾸미] 왕주꾸미 볶음 700g (냉동),https://www.kurly.com/goods/5069139,6000,2025.09.16,,,항상 이용하는 제품인데 배송이 언제나 아쉽네요. 컬리가 초심을 잃은 듯 합니다. 여름이어서 냉매제를 더 많이 써야 함에도 불구하고 여름 주문 건은 항상 문제가 있네요. 쭈꾸미가 느껴질 정도로 말랑말랑 하게 해서 온 냉동제품인데 제품에 문제가 있다고 불만을 이야기 하니 컬리 정책상 섭취를 권하진 않지만 환불 해줄 수 없다는 답변 받았습니다.여름이고 비 오는 날이면 더 냉매제를 많이 써야 하는 거 아닌가요 주문 할 때 가끔 이렇게 기분이 상하는 일이 있는데 컬리 가 정말 초심을 많이 잃은 것 같습니다. 정책만 줄줄 읊으며 고객탓하는 고객센터도 문제인 것 같습니다.
[하린이네주꾸미] 왕주꾸미 볶음 700g (냉동),https://www.kurly.com/goods/5069139,6000,2025.09.15,,,맛있어요 쭈꾸미는 하린이네만 먹어요!ㅎ
[성수동분식] 볶음밥 3종 (차돌김치/대패삼겹/직화곱창)(2개입),https://www.kurly.com/goods/1000527165,6000,2024.06.19,,,"Classic is the best.
역시 클래식은 영원하네여
차돌김치볶음밥 맛이 없을 수 없는 조합인데 
그걸 이렇게 또 맛깔나게 살리시다니 ㅠ
흡족스럽게 식사했습니다
영혼의 단짝 반숙 계란후라이까지 올리니 진짜 잘어울리더라고요
집에서 간단히 볶음밥 해먹고 싶은데 여러가지 재료 썰기 귀찮을 때
이 제품 쓰면 간편하게 금방 해먹을 수 있어서 좋더라고요!
밥도 고슬고슬하고 약간 칼칼 매콤해서 고기랑 먹을 때에도 조합이 좋았어요!
저는 소불고기랑 쌈싸먹으면서 같이 먹었습니다 움하하
진짜 맛있게 먹었어요 대대대만족! 
3가지 종류 있는 것 같던데 차돌김치볶음밥은 못이길 것 같네요~ 
완전 고기구워먹고 바로 불판에 볶아먹는 그 맛이에요!!
존 to the 맛!
그리고 2인분에 7천원 꼴이라니... 요즘같은 물가에 대박 가성비 혜자네요~~
자주 사먹을 것 같습니다!!!"
[성수동분식] 볶음밥 3종 (차돌김치/대패삼겹/직화곱창)(2개입),https://www.kurly.com/goods/1000527165,6000,2024.06.14,,,"오 뭐야 대패삼겹볶음밥 댕맛있음~~~~
역싀 맛없을 수가 없는 메뉴라 그런지ㅠ 맛있게 잘 먹음~~~!
삼겹살집에서 항상 마무리할 때 볶음밥 꼭 시키는 편인데
아예 제품으로 나오니까 댕편함~~~~ 
김가루가 같이 들어가있으니까 간 맞추기에도 좋음 ㅋㅋㅋ
나중에 캠핑처럼 야외활동 하러 나갔을 때에도 
패키지 한봉다리 가져가면 되니까 완전 간편할듯?!?

곱창볶음밥이랑 2종류 있길래 1개씩 사봤는데 
내 개인적 취향은 삼겹살 보끔밥 win!!!! (✿◕‿◕✿)
볶음밥에 반숙 계란 후라이 올려 먹으면 아주 잘 어울리는 조합,, 후후 
양도 많아서 2인분... 요즘 같은 물가에 흔히 볼 수 없는 가격... 
만족스러움 ㅋㅎㅋㅎ

담에 삼겹살 먹고 재료 일일이 썰기 귀찮을 때 
요 똑똑한 제품 또 써먹을 예정!!"
[성수동분식] 볶음밥 3종 (차돌김치/대패삼겹/직화곱창)(2개입),https://www.kurly.com/goods/1000527165,6000,2024.06.10,,,"헐 취향 저격 제품 발견 ㅠㅠ
명실상부 K-디저트... 볶음밥 아입니꺼,,,

근데 철판 박박 긁으면서 먹어야하는 볶음밥을 
곱창 코스 스킵하고 바로 볶음밥으로 점프할 수 있는 방법이 있다니!!!!!
혁명입니닷!!!!!!! 😮😮😮🤩

ㅋㅋㅋㅋㅋㅋㅋ 후식 볶음밥은 먹고 싶은데 곱창까진 부담스러울 때가 있자나여
저만 그런가여? ㅋㅋㅋㅋㅋㅋㅋ
저는 매우 밥순이라서... 그럴때가 종종 있거든여 ㅠㅠ
ㅎㅎㅎㅎ 그런 밥순이의 니즈를 정확히 간파한 제품이 나오다니 
넘나 신기해요 ㅎㅎㅎㅎ

곱창도 조그맣게 썰려있고 깍두기도 잘게 썰려있으니까
씹기에도 편하더라고요! 
그렇게 맵지 않은 편이라 맵찔이들도 쉽게 먹을 수 있었어여 ㅋㅋㅋ
김가루도 같이 있으니까 굳이 김 안잘라도 되고 봉지 뜯어서 뿌리기만 하면 됨ㅋ
아주 간편^^

나중엔 ㄱㅖ란후라이나 치즈도 올려서 먹어보려고요 흐흐 
저는 조리하고 그릇에 옮겨담아 먹긴 했지만 
후라이팬 째로 먹어도 식당너낌나고 좋을듯 ㅎㅎㅎ 😝🍳"
[성수동분식] 볶음밥 3종 (차돌김치/대패삼겹/직화곱창)(2개입),https://www.kurly.com/goods/1000527165,6000,2025.09.22,,,차돌 볶음밥 맛있어요
[성수동분식] 볶음밥 3종 (차돌김치/대패삼겹/직화곱창)(2개입),https://www.kurly.com/goods/1000527165,6000,2025.09.21,,,"밤에 갑자기 배고프거나 아침에 간단하게 전자레인지에 돌려먹으려고 구매했어요 ㅋㅋ 맛은 후기에 다들 괜찮다고 해서 기대중이에요
맛있으면 다음에 또 구매할께요"
[성수동분식] 볶음밥 3종 (차돌김치/대패삼겹/직화곱창)(2개입),https://www.kurly.com/goods/1000527165,6000,2025.09.20,,,생각보다 맛있었어요 조리도 어렵지 않구요 다만 더 맛있게 먹으려면 후라이팬에 볶는 게 좀 더 나을 것 같긴 합니다. 식감 자체는 밋밋한 편이라 뭔가 씹는 맛이 있는 반찬이랑 같이 먹는 것을 추천드립니다. 양은 꽤 많은 편이었어요.
[성수동분식] 볶음밥 3종 (차돌김치/대패삼겹/직화곱창)(2개입),https://www.kurly.com/goods/1000527165,6000,2025.09.19,,,삼겹살 구워먹고 먹기 딱 좋아요.
[성수동분식] 볶음밥 3종 (차돌김치/대패삼겹/직화곱창)(2개입),https://www.kurly.com/goods/1000527165,6000,2025.09.19,,,쏘쏘 해요 차돌이 더 맛잇음
[성수동분식] 볶음밥 3종 (차돌김치/대패삼겹/직화곱창)(2개입),https://www.kurly.com/goods/1000527165,6000,2025.09.19,,,"아는맛
맛있는 맛
고기먹고 먹는 볶음밥맛"
[성수동분식] 볶음밥 3종 (차돌김치/대패삼겹/직화곱창)(2개입),https://www.kurly.com/goods/1000527165,6000,2025.09.19,,,맛있다고 추천을 받아서 구매했습니다
[햇반/쿡반] 만능계란볶음밥 400G,https://www.kurly.com/goods/1000347344,6000,2025.09.22,,,맛있어서 종종 구매해요. 간편하게 한끼 준비할 수 있어요
[햇반/쿡반] 만능계란볶음밥 400G,https://www.kurly.com/goods/1000347344,6000,2025.09.21,,,간편하고 무난해요! 할인할때마다 사는듯해요
[햇반/쿡반] 만능계란볶음밥 400G,https://www.kurly.com/goods/1000347344,6000,2025.09.21,,,담백하고 고소하네요 케찹뿌려먹으니 맛있네요  반찬없이 이것만 먹으니까 양이 적네요
[햇반/쿡반] 만능계란볶음밥 400G,https://www.kurly.com/goods/1000347344,6000,2025.09.21,,,"첫 구매구요, 도시락용으로 주문했어요."
[햇반/쿡반] 만능계란볶음밥 400G,https://www.kurly.com/goods/1000347344,6000,2025.09.21,,,급할때 먹기 좋음 아들용
[햇반/쿡반] 만능계란볶음밥 400G,https://www.kurly.com/goods/1000347344,6000,2025.09.21,,,아이들이 잘 먹어서 자주 구매해요
[햇반/쿡반] 만능계란볶음밥 400G,https://www.kurly.com/goods/1000347344,6000,2025.09.20,,,간편하게 먹을 수 있어 좋아요
[햇반/쿡반] 만능계란볶음밥 400G,https://www.kurly.com/goods/1000347344,6000,2025.09.20,,,맛있세 잘 먹엇스니다.💛
[햇반/쿡반] 만능계란볶음밥 400G,https://www.kurly.com/goods/1000347344,6000,2025.09.20,,,볶음밥으로 간편하게 먹기 좋어요ㅎㅎ
[햇반/쿡반] 만능계란볶음밥 400G,https://www.kurly.com/goods/1000347344,6000,2025.09.19,,,맛있어서 종종 구매해요
[햇반] 귀리 흑미 곤약밥 150gX12입,https://www.kurly.com/goods/1000050952,6000,2025.09.18,,,쿠폰 있을 때 삽니다
[햇반] 귀리 흑미 곤약밥 150gX12입,https://www.kurly.com/goods/1000050952,6000,2025.09.10,,,살찌면 이런걸 더 비싸게 먹게 된다
[햇반] 귀리 흑미 곤약밥 150gX12입,https://www.kurly.com/goods/1000050952,6000,2025.09.04,,,굿 항상 맛있게 잘 먹고 있어요
[햇반] 귀리 흑미 곤약밥 150gX12입,https://www.kurly.com/goods/1000050952,6000,2025.09.02,,,자주시캬요 맛있어여
[햇반] 귀리 흑미 곤약밥 150gX12입,https://www.kurly.com/goods/1000050952,6000,2025.08.31,,,꼬돌꼬돌하고 마이쪄용
[햇반] 귀리 흑미 곤약밥 150gX12입,https://www.kurly.com/goods/1000050952,6000,2025.08.31,,,밥은 먹어야하는데 칼로리가 부담될때 먹는 제품입니다! 꼬들밥 선호하는데 곤약이라는 생각 안들고 꼬돌꼬돌 맛있어용
[햇반] 귀리 흑미 곤약밥 150gX12입,https://www.kurly.com/goods/1000050952,6000,2025.08.30,,,식단관리하면서 밥머그려고 구입
[햇반] 귀리 흑미 곤약밥 150gX12입,https://www.kurly.com/goods/1000050952,6000,2025.08.27,,,잘먹고 있어요~ 그냥보다 흑미가 맛나요
[햇반] 귀리 흑미 곤약밥 150gX12입,https://www.kurly.com/goods/1000050952,6000,2025.08.20,,,햇반 구비해 두면 유용 해요
[햇반] 귀리 흑미 곤약밥 150gX12입,https://www.kurly.com/goods/1000050952,6000,2025.08.19,,,곤약밥은 이거로 정착
[햇반] 컵반 덮밥 시리즈 10종,https://www.kurly.com/goods/5041044,6000,2025.09.22,,,아이 기숙사 보냅니다. 주말에 가끔 챙겨 먹어요.
[햇반] 컵반 덮밥 시리즈 10종,https://www.kurly.com/goods/5041044,6000,2025.09.22,,,간단하게 먹기 좋아요
[햇반] 컵반 덮밥 시리즈 10종,https://www.kurly.com/goods/5041044,6000,2025.09.21,,,다들 아는 맛이예요
[햇반] 컵반 덮밥 시리즈 10종,https://www.kurly.com/goods/5041044,6000,2025.09.21,,,이런 종류는 오뚜기가 더 낫네요
[햇반] 컵반 덮밥 시리즈 10종,https://www.kurly.com/goods/5041044,6000,2025.09.21,,,치킨장조림에 마요 섞어먹는
[햇반] 컵반 덮밥 시리즈 10종,https://www.kurly.com/goods/5041044,6000,2025.09.21,,,그냥 점심에 간단히 먹기좋어옹
[햇반] 컵반 덮밥 시리즈 10종,https://www.kurly.com/goods/5041044,6000,2025.09.21,,,저렴해서다른물건살때마다같이주문해서쌓아둬요
[햇반] 컵반 덮밥 시리즈 10종,https://www.kurly.com/goods/5041044,6000,2025.09.20,,,아이가 잘먹어서 자주 구매해요
[햇반] 컵반 덮밥 시리즈 10종,https://www.kurly.com/goods/5041044,6000,2025.09.18,,,간편하게 먹기좋아요 👍
[햇반] 컵반 덮밥 시리즈 10종,https://www.kurly.com/goods/5041044,6000,2025.09.18,,,간단하게 먹기 좋아요
[LOTS OF LOVE] 한끼든든 시원한 황태국밥 (리뉴얼),https://www.kurly.com/goods/5034409,6000,2022.12.29,,,"술 먹으면 다음날 꼭 밥으로 해장해야되서 주로 국밥을 시켜 먹는데 국밥집은 최소 주문 금액 맞추기가 힘들더라구요 그래서 이번에는 거하게 술먹는 다음 날에 맞춰 이 제품을 사봤습니다.
일단 포장이 2인분이 한 봉지에 든 줄 모르고 한 봉지를 다 끓여버렸는데 양이 엄청 많더라구요(결국 남겼다가 아침에 먹고 점심에 또 먹었어요) 지퍼백 포장으로 되어 있어서 냄비에 물 350ml 넣고 반 부웠다가 끓여 먹고 나중에 또 반 부워서 드시면 됩니다.
해동할 필요 없이 물 끓이다가 냉동 제품 바로 넣어도 되는 거라 엄청 편리하고 끓이면 죽처럼 밥이 몰랑몰랑해서 해장에 정말 좋아요
제 개인적인 추천은 먹기 전에 참기름 조금 두르고 깨소금 올려 먹으면 참 맛있더라구요👍추천합니다"
[LOTS OF LOVE] 한끼든든 시원한 황태국밥 (리뉴얼),https://www.kurly.com/goods/5034409,6000,2025.09.22,,,간편하게국밥한그릇..
[LOTS OF LOVE] 한끼든든 시원한 황태국밥 (리뉴얼),https://www.kurly.com/goods/5034409,6000,2025.09.21,,,맛있어서 자주 구매하고 있어요
[LOTS OF LOVE] 한끼든든 시원한 황태국밥 (리뉴얼),https://www.kurly.com/goods/5034409,6000,2025.09.21,,,할인해서  잘샀어요 냉동실 쟁여템
[LOTS OF LOVE] 한끼든든 시원한 황태국밥 (리뉴얼),https://www.kurly.com/goods/5034409,6000,2025.09.21,,,자주 주문하는 상품이에요. 달걀1개 추가하면 더 고소해요.
[LOTS OF LOVE] 한끼든든 시원한 황태국밥 (리뉴얼),https://www.kurly.com/goods/5034409,6000,2025.09.21,,,간편해서 3번째 구매해요.
[LOTS OF LOVE] 한끼든든 시원한 황태국밥 (리뉴얼),https://www.kurly.com/goods/5034409,6000,2025.09.21,,,물양을 많이 하면  짜지않고 맛있어서 재구매했어요
[LOTS OF LOVE] 한끼든든 시원한 황태국밥 (리뉴얼),https://www.kurly.com/goods/5034409,6000,2025.09.20,,,"어째 구매하고 더 할인되어서 쟁여놓기로 구매했어요.
진짜 간편한데 맛도 있어 좋아요.
집에서 먹어도 좋지만 여행가서 먹으니 편해요."
[LOTS OF LOVE] 한끼든든 시원한 황태국밥 (리뉴얼),https://www.kurly.com/goods/5034409,6000,2025.09.20,,,"황태국밥 시원해서 잘 먹고 있어요^^
깍두기랑 먹으면 진짜 꿀맛!!!"
[LOTS OF LOVE] 한끼든든 시원한 황태국밥 (리뉴얼),https://www.kurly.com/goods/5034409,6000,2025.09.20,,,"해장으로 좋아요 
뜨끈하니 ^-^
자주 먹습니다~~"
[누누반] 통 닭가슴살 곤약 도시락 5종 (2개입) (택1),https://www.kurly.com/goods/1001201269,6000,2025.09.16,,,치즈까지 사서 뿌려먹으면 존맛탱입니다!!! 추천!!
[누누반] 통 닭가슴살 곤약 도시락 5종 (2개입) (택1),https://www.kurly.com/goods/1001201269,6000,2025.09.16,,,만족해서 다음번 재구매의사 있습니다. 맛있어요.
[누누반] 통 닭가슴살 곤약 도시락 5종 (2개입) (택1),https://www.kurly.com/goods/1001201269,6000,2025.09.15,,,너무맛잇어용ㅋㅋ가격도저렴
[누누반] 통 닭가슴살 곤약 도시락 5종 (2개입) (택1),https://www.kurly.com/goods/1001201269,6000,2025.09.14,,,맛있습니다 굿굿입니다  간편
[누누반] 통 닭가슴살 곤약 도시락 5종 (2개입) (택1),https://www.kurly.com/goods/1001201269,6000,2025.09.13,,,닭가슴살이 통째로 있고 밥도 있어서 너무 맛있게 배부르게 먹었습니다.
[누누반] 통 닭가슴살 곤약 도시락 5종 (2개입) (택1),https://www.kurly.com/goods/1001201269,6000,2025.09.09,,,재재재구매템!!! 사실 다이어트보다는 간단한 한끼식사용이라고 생각해요
[누누반] 통 닭가슴살 곤약 도시락 5종 (2개입) (택1),https://www.kurly.com/goods/1001201269,6000,2025.09.08,,,묵은지삼겹 먹어보니 맛있어서 요거도 사봤는데 이것도 괜찮네요!
[누누반] 통 닭가슴살 곤약 도시락 5종 (2개입) (택1),https://www.kurly.com/goods/1001201269,6000,2025.09.06,,,맛있어보여요 기대됩니다
[누누반] 통 닭가슴살 곤약 도시락 5종 (2개입) (택1),https://www.kurly.com/goods/1001201269,6000,2025.09.06,,,묵은지랑 소불고기가 맛있어요!!
[누누반] 통 닭가슴살 곤약 도시락 5종 (2개입) (택1),https://www.kurly.com/goods/1001201269,6000,2025.09.06,,,저는 약간 버터향이 향긋한 버터라 별로 선호하지 않는 맛인데 동생의 최애 맛!! 요것만 찾아요!
[한끼통살] 곤약현미 볶음밥 5종 (택1),https://www.kurly.com/goods/1001188030,6000,2025.05.12,,,"한끼통살 김가루 깍두기맛 곤약현미볶음밥 구매!
평소에도 김치볶음밥, 고기집 후식볶음밥, 감자탕 먹고 볶음밥 , 이런 자극적이고 매콤한 볶음밥을 좋아해요
그래서 구매하게된 깍두기맛 입니다

개인적으로 전자렌지 보다 후라이팬에 눌러붙게 요리하는게 훨 맛있어요 
냉동상태로 해동 따로안하고 냉동볶음밥과 올리브유를 조금 둘러서 볶고 저는 닭안심살 추가해서 볶았어요
이러면 진짜 식단 맛있게 할 수 있답니다 ^^
배불러요

시간없을땐 전자렌지에 간편하게 돌릴 수 있어 넘 편해요 전자렌지에만 돌려도 충분히 맛있어요~~~
곤약현미의 맛없는 맛 이 아니고 그냥 깍두기볶음밥 맛 이에요 ㅎㅎㅎㅎ😊

다먹으면 무조건 재구매 입니다!
많은 깍두기 조각이 들어있어 씹는맛이 좋고 
씹고싶은 욕구가 사라져요 
식단할때 너무 안먹으면 오히려 나중에 폭식하는데
한끼 이렇게 해결하면 배부르고 다른음식 생각안나고 너무 좋아요~~~👍🏻👍🏻
보관하기좋고 먹기 쉽고 다이어트되고
안살이유가없어요 ~~! 
김에 싸드셔도 맛있고 계란후라이 올려먹어도 굳!!!"
[한끼통살] 곤약현미 볶음밥 5종 (택1),https://www.kurly.com/goods/1001188030,6000,2025.09.21,,,다이어트 볶음밥 찾다가 이 제품을 찾았는데 맛있어서 재구매 자주 하는 제품입니다. 개인적으로 제일 좋아하는 맛입니다.
[한끼통살] 곤약현미 볶음밥 5종 (택1),https://www.kurly.com/goods/1001188030,6000,2025.09.21,,,다이어트 볶음밥 찾다가 이 제품을 찾았는데 맛있어서 재구매 자주 하는 제품입니다. 중화비빔밥 맛이에요.
[한끼통살] 곤약현미 볶음밥 5종 (택1),https://www.kurly.com/goods/1001188030,6000,2025.09.21,,,다이어트 볶음밥 찾다가 이 제품을 찾았는데 맛있어서 재구매 자주 하는 제품입니다. 제가 산 3가지 맛 중에 제일 자극적이지 않은 맛이라 좋아요.
[한끼통살] 곤약현미 볶음밥 5종 (택1),https://www.kurly.com/goods/1001188030,6000,2025.09.18,,,이거 넘 맛있어서 또 샀어요
[한끼통살] 곤약현미 볶음밥 5종 (택1),https://www.kurly.com/goods/1001188030,6000,2025.09.16,,,이거 진짜 최애맛...살살 볶아먹으면 가게 철판 볶음밥 맛이랑 비슷해요
[한끼통살] 곤약현미 볶음밥 5종 (택1),https://www.kurly.com/goods/1001188030,6000,2025.09.16,,,쌀밥 대신 매운 맛 느끼고 싶을 때 먹으려고 샀어요
[한끼통살] 곤약현미 볶음밥 5종 (택1),https://www.kurly.com/goods/1001188030,6000,2025.09.16,,,흰쌀밥 대신 슴슴한 맛이 생각날 때 먹으려고 시켰어요.
[한끼통살] 곤약현미 볶음밥 5종 (택1),https://www.kurly.com/goods/1001188030,6000,2025.09.15,,,맛있네요 비상템입니다
[한끼통살] 곤약현미 볶음밥 5종 (택1),https://www.kurly.com/goods/1001188030,6000,2025.09.15,,,좋아요 맛있어요..
[굽네] 닭가슴살 김치볶음밥(4개입),https://www.kurly.com/goods/1000015089,6000,2025.09.20,,,맛있어요!!! 또 사먹을 의향 있어요.
[굽네] 닭가슴살 김치볶음밥(4개입),https://www.kurly.com/goods/1000015089,6000,2025.09.19,,,먹을만하니 맛있었어요
[굽네] 닭가슴살 김치볶음밥(4개입),https://www.kurly.com/goods/1000015089,6000,2025.09.18,,,김치 볶음밥에 세속적인 맛과 닭가슴살의 건강한 맛이 같이 느껴져서 좋았습니다
[굽네] 닭가슴살 김치볶음밥(4개입),https://www.kurly.com/goods/1000015089,6000,2025.09.17,,,완전 맛있어요 닭가슴살 냄새안나고 안뻑뻑해요 그냥 김볶밥 같아여
[굽네] 닭가슴살 김치볶음밥(4개입),https://www.kurly.com/goods/1000015089,6000,2025.09.17,,,식단조절하는 아이가 잘먹어요
[굽네] 닭가슴살 김치볶음밥(4개입),https://www.kurly.com/goods/1000015089,6000,2025.09.16,,,김볶이 제일 맛있어요
[굽네] 닭가슴살 김치볶음밥(4개입),https://www.kurly.com/goods/1000015089,6000,2025.09.15,,,가끔 사먹는데 귀찮을 때 먹기 넘 편해요 모짜렐라 치즈 올리고 날치알에 김가루 올리면 존맛 .. 고춧가루가 중국산인 거 빼고 좋아요
[굽네] 닭가슴살 김치볶음밥(4개입),https://www.kurly.com/goods/1000015089,6000,2025.09.14,,,전자레인지 조리했는데도 맛있었어요!! 닭가슴살이 많이 느껴지지않지만 맛있는편이에요
[굽네] 닭가슴살 김치볶음밥(4개입),https://www.kurly.com/goods/1000015089,6000,2025.09.14,,,맛있어요 계란후라이하나올려먹으면 양딱좋아요
[조선호텔] 새우볶음밥 420g,https://www.kurly.com/goods/1000817132,6000,2025.09.21,,,가벼운 한끼로 딱좋고 맛도 가격도 괜찮음 다만 1인양은 성인남성에게는 좀 작은듯
[조선호텔] 새우볶음밥 420g,https://www.kurly.com/goods/1000817132,6000,2025.09.17,,,맛있게 잘 먹었습니다.
[조선호텔] 새우볶음밥 420g,https://www.kurly.com/goods/1000817132,6000,2025.09.17,,,간단히 해먹기좋고 아주 맛있습니다
[조선호텔] 새우볶음밥 420g,https://www.kurly.com/goods/1000817132,6000,2025.09.17,,,맛있어요. 생각보다 새우도 크고 식감도 좋아요. 다음에 또 구매할거 같아용.
[조선호텔] 새우볶음밥 420g,https://www.kurly.com/goods/1000817132,6000,2025.09.15,,,조리도 간편하고 맛있어요!!
[조선호텔] 새우볶음밥 420g,https://www.kurly.com/goods/1000817132,6000,2025.09.12,,,새우볶음밥 다른데서도 먹어봤는데.역시 조선호텔 브랜드로 정착중
[조선호텔] 새우볶음밥 420g,https://www.kurly.com/goods/1000817132,6000,2025.09.07,,,"급할때 자주 먹어요
간편하고 새우도 크고 맛도 좋아요"
[조선호텔] 새우볶음밥 420g,https://www.kurly.com/goods/1000817132,6000,2025.09.06,,,새우볶음밥 중에 아이가 가장 좋아하는 제품이에요. 양이 적어요.
[조선호텔] 새우볶음밥 420g,https://www.kurly.com/goods/1000817132,6000,2025.09.02,,,방학때    비상용으로 구매했어요.  아이도  좋아해요
[조선호텔] 새우볶음밥 420g,https://www.kurly.com/goods/1000817132,6000,2025.09.01,,,간편하게 먹기 좋아요
[밥이야] 밥맛좋은밥 라이트 3입 6종 (택1) (냉동),https://www.kurly.com/goods/1000014689,6000,2025.09.13,,,"🍚 맛과 풍미
- 알콩밥은 현미, 귀리, 보리 등 잡곡이 어우러져 고소하고 담백한 맛이 특징임
- 밥알이 탱글탱글하게 살아 있어 전자레인지에 데워도 식감이 퍼지지 않음
- 잡곡 특유의 구수한 풍미가 있어 반찬 없이도 부담 없이 먹기 좋음

🥗 편의성
- 200g 포장 하나가 두 끼 분량으로 나뉘어 있어 100g씩 소분해 먹기 편리함
- 전자레인지에 1~2분만 돌리면 완성돼 바쁜 아침이나 야식 대용으로 활용 가능함
- 개별 포장이라 보관이 용이하고 휴대성도 좋아 캠핑, 여행 시 간편하게 챙길 수 있음

😋 장점
- 100g씩 나눠 먹을 수 있어 칼로리 조절이 용이해 다이어트 식단에 적합함
- 백미에 비해 식이섬유가 풍부해 포만감이 높고 변비 예방에도 도움을 줄 수 있음
- 별도의 조리 과정 없이 즉석밥처럼 간편하게 건강식을 챙길 수 있음

🤔 아쉬운 점
- 잡곡 특유의 향과 식감을 싫어하는 사람에게는 거부감이 있을 수 있음"
[밥이야] 밥맛좋은밥 라이트 3입 6종 (택1) (냉동),https://www.kurly.com/goods/1000014689,6000,2024.10.15,,,"〰️
밥맛 밥 라이트 흑미밥을 구매했습니다.
종류 별로 다 구매해 리뷰 쓸 때 같은 
말만 반복하지만, 정말 모든 맛이 평균 
이상으로 맛있다고 하여 좋게 쓰는 
거랍니다. 😄

저는 먹어보진 않았지만 아이가 
맛있다고 하더군요. 특히 쌀밥을 가장 
선호하는 거 같긴 해요. 그래도 흑미밥이 
더 건강할 거 같아 꼭 다른 종류와 
흑미밥을 같이 주문해 줍니다. 👍

타지에서 혼자 생활하며 밥도 잘 안
챙겨 먹으니 너무 걱정되었는데 
간단하게 먹을 수 있고 양도 적당해서 
그런지 밥맛 밥 제품은 잘 먹어서 좋아요. 

소식자한테 완전 추천드려요. 
양이 적당해요. 🍚"
[밥이야] 밥맛좋은밥 라이트 3입 6종 (택1) (냉동),https://www.kurly.com/goods/1000014689,6000,2023.04.25,,,"가성비 다이어트 하시는 분들께 강추📝✨
✅6세트 시키면 36번 끼니 해결!
✅100g당 껍질 살짝벗겨 전자레인지 1분(+30초!)
✅ 탄수화물 100g 찾을 때, 양이 딱 좋음!

-밥 1세트에 3개씩 들어있지만 100g씩 6개가 포장되어있어서 1팩 당 6번 먹고있어요. 
-정말 간편하게 냉동실에 뒀다가 전자레인지레 바로 데워 먹을 수 있어요.

저는 흑미밥과 현미밥만 주문해봤는데 현미밥이랑 쌀밥이 많이 섞여있지 않아서 너무 좋구요. 다이어트에 딱이에요! 소화도 느리게 돼서 배가 덜부름. 다이어트 하시는 분들께 강추합니다~~

‼️ 그냥 손으로 떨어지지는 않으니 안전하게 가위로 반자르는게 좋을것 같아요👍🏻

🍚배부르고 칼로리적은 점심🥗
저는 양념된 닭가슴살이랑 냉동밥1 개를 “전날에” 냉장고에서 해동시키고 1분30초 데우고 밥1분 데워서 먹어요! 그러면 진짜 간편한 다이어트식~! 심지어 시간도 적게걸리고 간편하고 맛있어요!!!"
[밥이야] 밥맛좋은밥 라이트 3입 6종 (택1) (냉동),https://www.kurly.com/goods/1000014689,6000,2025.09.21,,,제일 잘먹는 냉동밥이에요 양이 적어서 좋아요
[밥이야] 밥맛좋은밥 라이트 3입 6종 (택1) (냉동),https://www.kurly.com/goods/1000014689,6000,2025.09.21,,,냉동밥 늘 쟁여두어요 딱 한끼용으로 너무 좋아요
[밥이야] 밥맛좋은밥 라이트 3입 6종 (택1) (냉동),https://www.kurly.com/goods/1000014689,6000,2025.09.20,,,다이어터에게 필수템입니다
[밥이야] 밥맛좋은밥 라이트 3입 6종 (택1) (냉동),https://www.kurly.com/goods/1000014689,6000,2025.09.18,,,이번거는 냄새가 좀 나서 별로네요
[밥이야] 밥맛좋은밥 라이트 3입 6종 (택1) (냉동),https://www.kurly.com/goods/1000014689,6000,2025.09.17,,,최애밥 .. 다요트하려고 사서먹고잇는데 밥은 이만한게 없네용
[밥이야] 밥맛좋은밥 라이트 3입 6종 (택1) (냉동),https://www.kurly.com/goods/1000014689,6000,2025.09.16,,,11곡밥 식감 좋고 맛있어서 비상용으로 구매했어요. 맛있게 잘 먹겠습니다. 양도 적당해요.
[밥이야] 밥맛좋은밥 라이트 3입 6종 (택1) (냉동),https://www.kurly.com/goods/1000014689,6000,2025.09.15,,,잘 나눠지진 않는 것 같아요 밥은 괜찮아요
[스파게티스토리] 스파게티 3종 (매운까르보나라/토마토/베이컨크림) (택1),https://www.kurly.com/goods/1001345856,6000,2025.09.19,,,렌지에 돌리기만하면 되서 간편해요
[스파게티스토리] 스파게티 3종 (매운까르보나라/토마토/베이컨크림) (택1),https://www.kurly.com/goods/1001345856,6000,2025.09.19,,,"회사에서 도시락으로 스파게티도 종종 주문해서 먹는데, 이번 스파개티 선택도 잘한 것 같습니다.
전자레인지 조리 만으로 간단하고 빠르게 먹기 좋았고 달달한 토마토에 간 고기도 들어가 식감도 느껴지고 감칠맛이 좋습니다.
무엇보다 치즈 스파게티 마냥 치즈가 듬뿍 올라가 있어 토마토 소스와 같이 열심히 섞어서 먹었습니다.

첫 입은 뷔페에서 먹어볼만한 토미토 스파게티 맛이 느껴지는데, 먹다보면 감칠맛 때문인지 그것보다 조금 더 고급스럽다? 생각들이 들고 어느샌가 다 먹어 빈 그릇을 보게 됍니다.

전 양이 살짝 부족해 [피자로빈슨] 뉴욕 메가 슬라이스 피자 제품도 같이 주문해서 곁들여 먹었습니다."
[스파게티스토리] 스파게티 3종 (매운까르보나라/토마토/베이컨크림) (택1),https://www.kurly.com/goods/1001345856,6000,2025.09.17,,,간편히 한끼 해결할수 있어요
[스파게티스토리] 스파게티 3종 (매운까르보나라/토마토/베이컨크림) (택1),https://www.kurly.com/goods/1001345856,6000,2025.09.17,,,리뷰가 좋네요 기대기대
[스파게티스토리] 스파게티 3종 (매운까르보나라/토마토/베이컨크림) (택1),https://www.kurly.com/goods/1001345856,6000,2025.09.16,,,가격 대비 한번쯤은 먹을만해요
[스파게티스토리] 스파게티 3종 (매운까르보나라/토마토/베이컨크림) (택1),https://www.kurly.com/goods/1001345856,6000,2025.09.16,,,날씨에. 따라스파게띠도 종류별로
[스파게티스토리] 스파게티 3종 (매운까르보나라/토마토/베이컨크림) (택1),https://www.kurly.com/goods/1001345856,6000,2025.09.16,,,종류별로 먹어보고 있지요
[스파게티스토리] 스파게티 3종 (매운까르보나라/토마토/베이컨크림) (택1),https://www.kurly.com/goods/1001345856,6000,2025.09.16,,,스파게티는 자주먹는편
[스파게티스토리] 스파게티 3종 (매운까르보나라/토마토/베이컨크림) (택1),https://www.kurly.com/goods/1001345856,6000,2025.09.16,,,먹기편해서 좋음 ㅎㅎ
[스파게티스토리] 스파게티 3종 (매운까르보나라/토마토/베이컨크림) (택1),https://www.kurly.com/goods/1001345856,6000,2025.09.16,,,레인지데우기만하면돼서넘편리
[나가타니엔] 오토나노 후리카케 4종 (택1),https://www.kurly.com/goods/5113973,6000,2025.08.18,,,"처음엔 무료배송 금액 채우려고 구매한 제품인데,
이제는 컬리 주문할 때마다 장바구니에
가장 먼저 담는 최애 제품이 됐어요🧺

비린 맛에 예민해서 연어맛이 괜찮을까 싶었는데,
비린 맛 전혀 없고 감칠맛 폭발이에요!
오차즈케에 활용할 때 가장 빛을 발하지만
반찬 없을 때 그냥 흰밥에 뿌려서 주먹밥 만들면
또 그것만큼 별미가 따로 없어요🍙

이미 간이 되어있어서 따로 소금 간 할 필요 없고,
5개 소포장이라 1-2인 가구에 딱이네요👍
대용량으로 사두고 처리 못해서 고민하는 것보다
조금 비싸더라도 소포장 사는 게 이득이에요 :)

저렴한 제품이랑은 확실히 맛에 차이가 있어요,
고급지고 감칠맛이 좋습니다❤️"
[나가타니엔] 오토나노 후리카케 4종 (택1),https://www.kurly.com/goods/5113973,6000,2024.11.23,,,"2인가정입니다. 그러나 도시락으로 먹어봤습니다.
간편하게 먹을 수 있는 후리가케입니다. 집에서 해먹으면 물론 훨씬 좋겠지만 저녁을 도시락으로도 먹는편이라 시도해봤는데 가능하더라구요 ?

오차즈케 하려고 사는거라 타 제품 녹차맛 사려했는데 남편이 녹차를 안 좋아해서 보릿차로 대신하느랴 기본맛으로 샀습니다. Plan is basic 이니까요.

밥은 반공기 먹는데 거의 한 봉지 다 쓴 것 같습니다. 
밥 1공기당 꼭 1봉지 먹을 필요는 없는 것 같습니다. 
간이 되어있어서 먹기 편했고 보릿차랑 먹기도 합이 괜찮았습니다. 

1봉 3500원이었던가 그랬는데 다음번에도 재구매 의향있습니다."
[나가타니엔] 오토나노 후리카케 4종 (택1),https://www.kurly.com/goods/5113973,6000,2024.09.24,,,"육회 비빔밥과 함께 밥에 후리가케로 간 했더니 감칠맛이 폭발이라 훨씬 맛있더라구요!

대신, 육회 양념할 때 간장이나 고추장, 소금 등 조금 약하게 간 하는게 꿀팁이에요.

주먹밥 만들어서 프라이팬에 소스 발라서 구워도 너무 맛있고, 통장어가 올라간 장어 덮밥 만들 때도 간장의 양은 줄이고 감칠맛 좋은 나가타니엔 후리가케 함께 곁들여도 너무 맛있는 한 상이에요ㅎ

연어를 굽고, 녹차로 오차츠케 만들어 국물에 살짝 풀어서 먹으면 일본에서 먹던 그 연어 오차츠케를 집에서도 재현가능하답다.

맛도 여러가지가 있어서 맞는 요리에 어울리는 양념을 선택해서 이용해보세요"
[나가타니엔] 오토나노 후리카케 4종 (택1),https://www.kurly.com/goods/5113973,6000,2025.09.21,,,알밥에 뿌려 먹어요
[나가타니엔] 오토나노 후리카케 4종 (택1),https://www.kurly.com/goods/5113973,6000,2025.09.21,,,"튀는맛 없이 무난해요
메인재료나 추가간이 필요해요"
[나가타니엔] 오토나노 후리카케 4종 (택1),https://www.kurly.com/goods/5113973,6000,2025.09.19,,,맛있게 잘 먹어서 또 주문했어요
[나가타니엔] 오토나노 후리카케 4종 (택1),https://www.kurly.com/goods/5113973,6000,2025.09.19,,,간단하게 해 먹기 좋아요
[나가타니엔] 오토나노 후리카케 4종 (택1),https://www.kurly.com/goods/5113973,6000,2025.09.19,,,간단하게 맛있게 먹기 딱
[나가타니엔] 오토나노 후리카케 4종 (택1),https://www.kurly.com/goods/5113973,6000,2025.09.19,,,흰쌀밥 위에 솔솔 뿌려주면 잘 먹네요. 적당한 감칠맛과 향 괜찮은 것 같아요.
[나가타니엔] 오토나노 후리카케 4종 (택1),https://www.kurly.com/goods/5113973,6000,2025.09.19,,,바쁠때  요기나게 ..주먹밥  맛이 업그레이드 되는 효과..재구매합니다
[풀무원] 볶음밥 3종 (통새우/닭가슴살/우삼겹김치) (2개입),https://www.kurly.com/goods/1000866553,6000,2025.09.22,,,냉동볶음밥 중 젤 괜찮음!
[풀무원] 볶음밥 3종 (통새우/닭가슴살/우삼겹김치) (2개입),https://www.kurly.com/goods/1000866553,6000,2025.09.22,,,기름 안 두르고 대충 데워 먹었는데도 맛있었어요! 양이 좀 아쉬워서 양 불려 먹어요 ㅎㅎ..
[풀무원] 볶음밥 3종 (통새우/닭가슴살/우삼겹김치) (2개입),https://www.kurly.com/goods/1000866553,6000,2025.09.21,,,아이가 좋아해서 종종 사요.
[풀무원] 볶음밥 3종 (통새우/닭가슴살/우삼겹김치) (2개입),https://www.kurly.com/goods/1000866553,6000,2025.09.20,,,이런거 몇 개 있으면 급할때 요긴해서 쟁여놓아요
[풀무원] 볶음밥 3종 (통새우/닭가슴살/우삼겹김치) (2개입),https://www.kurly.com/goods/1000866553,6000,2025.09.20,,,반찬없거나 바쁠때 간편하게 볶기만 하면 되니까 너무 좋아요~맛있어요
[풀무원] 볶음밥 3종 (통새우/닭가슴살/우삼겹김치) (2개입),https://www.kurly.com/goods/1000866553,6000,2025.09.20,,,가장 무난한 맛입니다 가끔 먹을만합니다
[풀무원] 볶음밥 3종 (통새우/닭가슴살/우삼겹김치) (2개입),https://www.kurly.com/goods/1000866553,6000,2025.09.20,,,고수 얹어 잘 먹엇음다
[풀무원] 볶음밥 3종 (통새우/닭가슴살/우삼겹김치) (2개입),https://www.kurly.com/goods/1000866553,6000,2025.09.20,,,"새우볶음밥도 맛있어요.

새우볶음밥도 맛있어요.

새우볶음밥도 맛있어요"
[풀무원] 볶음밥 3종 (통새우/닭가슴살/우삼겹김치) (2개입),https://www.kurly.com/goods/1000866553,6000,2025.09.20,,,"가격도 좋고 
자주 구매해서 먹어요
맛도 좋아요"
[풀무원] 볶음밥 3종 (통새우/닭가슴살/우삼겹김치) (2개입),https://www.kurly.com/goods/1000866553,6000,2025.09.19,,,맛있어요 자주사요 좋아요좋아요
[풀무원] 곤드레나물솥밥 (2개입),https://www.kurly.com/goods/1000866555,6000,2025.09.22,,,아직 먹어보진 않았어요~ 다른 제품만 먹어봤는데 풀무원이 좀 더 저렴해서 구매해봐요
[풀무원] 곤드레나물솥밥 (2개입),https://www.kurly.com/goods/1000866555,6000,2025.09.22,,,맛있어요 깔끔한 맛 기대되네요
[풀무원] 곤드레나물솥밥 (2개입),https://www.kurly.com/goods/1000866555,6000,2025.09.21,,,입맛없을때 짱이예요~~
[풀무원] 곤드레나물솥밥 (2개입),https://www.kurly.com/goods/1000866555,6000,2025.09.21,,,일하고 난 후 힘들 땐 꼭 이 곤드레밥에 강된장으로 쓰~윽 비벼서 한그릇 뚝딱
[풀무원] 곤드레나물솥밥 (2개입),https://www.kurly.com/goods/1000866555,6000,2025.09.20,,,처음 구입했는데 맛있어요
[풀무원] 곤드레나물솥밥 (2개입),https://www.kurly.com/goods/1000866555,6000,2025.09.20,,,된장소스 비벼 먹으며 맛나여
[풀무원] 곤드레나물솥밥 (2개입),https://www.kurly.com/goods/1000866555,6000,2025.09.19,,,점심 도시락 싸가려고 샀어요. 양념장까지 같이 있어서 좋아요
[풀무원] 곤드레나물솥밥 (2개입),https://www.kurly.com/goods/1000866555,6000,2025.09.19,,,좋아요~ 또 구매할게요!
[풀무원] 곤드레나물솥밥 (2개입),https://www.kurly.com/goods/1000866555,6000,2025.09.18,,,"양념이 된장이네요~
맛있어요"
[풀무원] 곤드레나물솥밥 (2개입),https://www.kurly.com/goods/1000866555,6000,2025.09.18,,,곤드레나물솥밥 반찬 없을때 좋더라구여
[편스토랑X온더고] 김재중의 나폴리식 갈비덮밥,https://www.kurly.com/goods/1001224864,6000,2025.05.05,,,"저는 직장인 자취생이다 보니 간편식을 매우 좋아하는데요~
이것저것 찾아 먹다가 요즘 온더고 제품에 맛에 띄어 
다양하게 많이, 자주 먹어보는 중이에요! 그러다가 온더고의 좋아하는 제품도 찾고 알게 되더라구요🤭

이번에도 온더고 제품 찾아보다가 예전에 동방신기 5명일떄 팬이었던 마음담아💜 편스토랑과 온더고의 콜라보 그리고 김재중의 나폴리식 갈비덮밥이라니! 제목만 봐도 너무 맛있을거 같아서 시켜 보았는데요!❓️❓️❓️❓️❓️❓️

정말 팬심을 떠나서 시키길 잘했다는 생각이 들어요‼️‼️
저는 사실 편스토랑은 잘 보지 않는 편이지만 
편스토랑때 유행했던 편의점 밤티라미수도 먹어보기도 했지요!

이번에 우연히 발견한 나폴리식 갈비덮밥 먹어보고 싶어서 주문했더니
💜매콤달짝 불고기 소스에, 상큼한 토마토소스까지 
안어울릴것 같나요❓️❓️❓️❓️
아니요‼️오해금물‼️ 전혀‼️
진짜 너무 맛있게 잘 먹었어요 👏👍👏👍👏
밥과 고기와 어우러져있는 소스를 슥슥 비벼서 먹으니
진짜 꿀맛이 따로 없더라구요~😆😆😆😆
심지어 안에 들어있는 고기 퀄리티 떨어지지 않아요💜💜
고기도 두툼하니 씹는맛도 좋더라구요!
진짜로 먹는 내내 너무 맛있게 잘 먹었어요!
내돈내산 찐후기 추천합니다 꼭 드셔 보세요~!
간편식으로도 최고! 맛으로도 최고 입니다~"
[편스토랑X온더고] 김재중의 나폴리식 갈비덮밥,https://www.kurly.com/goods/1001224864,6000,2025.04.12,,,"편스토랑 보다가 너무 신기한 메뉴라서 주문해봤어요!!
편의점에서만 파는 줄 알았는데 이제 컬리에서 받아볼 수 있다니 기대됩니다>.<

나폴리식 갈비덮밥? 깍두기 볶음밥?  토마토 소스?  의문이 가득한 메뉴였는데  오!! 저는 생각보다 너무 맛있었어요!!
깍두기가 아삭아삭 씹히는게 킥이었던 것 같고 고기도 많아서 씹는 맛이 아주 좋았습니다👍
토마토소스와 갈비가 이렇게 잘 어울리다니요ㅎㅎ 어디서도 먹어보지 못한 처음먹는 맛인데 이상하게 맛있네 하면서 한그릇 뚝딱 했습니다ㅋㅋㅋ 
전자레인지 돌리기만 하면 되니까 편하기도 했어요!
다음 메뉴도 기대됩니다~"
[편스토랑X온더고] 김재중의 나폴리식 갈비덮밥,https://www.kurly.com/goods/1001224864,6000,2025.09.22,,,안어울릴줄 알았는데 생각보다 맛있어요
[편스토랑X온더고] 김재중의 나폴리식 갈비덮밥,https://www.kurly.com/goods/1001224864,6000,2025.09.21,,,맛있어서 재구매 했어요
[편스토랑X온더고] 김재중의 나폴리식 갈비덮밥,https://www.kurly.com/goods/1001224864,6000,2025.09.21,,,재구매 제품이에요 👍🏻🫶🏻
[편스토랑X온더고] 김재중의 나폴리식 갈비덮밥,https://www.kurly.com/goods/1001224864,6000,2025.09.20,,,갈비덮밥 맛있어용ㅋㅋ
[편스토랑X온더고] 김재중의 나폴리식 갈비덮밥,https://www.kurly.com/goods/1001224864,6000,2025.09.17,,,안좋은 후기가 있어서 걱정했는데 생각보다 맛있네요
[편스토랑X온더고] 김재중의 나폴리식 갈비덮밥,https://www.kurly.com/goods/1001224864,6000,2025.09.16,,,고기가 좀 질김 재구매는 없음
[편스토랑X온더고] 김재중의 나폴리식 갈비덮밥,https://www.kurly.com/goods/1001224864,6000,2025.09.16,,,간이 조금 쎘으나 있으면은 또 먹고싶은 맛이었습니다..
[편스토랑X온더고] 김재중의 나폴리식 갈비덮밥,https://www.kurly.com/goods/1001224864,6000,2025.09.15,,,맛있네요 간편하게 먹을 수 있어 좋아요
[풀무원] 국산콩 유부초밥,https://www.kurly.com/goods/5069132,6000,2025.09.22,,,한끼 간단히 먹기 좋아요~ 성인 둘이 먹기엔 살짝 부족해요
[풀무원] 국산콩 유부초밥,https://www.kurly.com/goods/5069132,6000,2025.09.21,,,"제일 좋아하는 유부초밥 
매일 먹어도 질리지 않아요."
[풀무원] 국산콩 유부초밥,https://www.kurly.com/goods/5069132,6000,2025.09.21,,,처음 구매인데 맛있네요.
[풀무원] 국산콩 유부초밥,https://www.kurly.com/goods/5069132,6000,2025.09.21,,,국산콩이라더좋아요 아이들도 잘먹고요
[풀무원] 국산콩 유부초밥,https://www.kurly.com/goods/5069132,6000,2025.09.21,,,간식으로 하려고 구입했어요
[풀무원] 국산콩 유부초밥,https://www.kurly.com/goods/5069132,6000,2025.09.20,,,국산콩 유부초밥이라 샀어요. 집에서 해먹기 좋고 맛있습니다
[풀무원] 국산콩 유부초밥,https://www.kurly.com/goods/5069132,6000,2025.09.20,,,건강하게 아이들 먹일려고 자주 구매합니다
[풀무원] 국산콩 유부초밥,https://www.kurly.com/goods/5069132,6000,2025.09.20,,,비상용으로 구매 애들한데 좋습니다
[풀무원] 국산콩 유부초밥,https://www.kurly.com/goods/5069132,6000,2025.09.20,,,맛있어요 좋습니다 ㅎㅎ ~
[풀무원] 국산콩 유부초밥,https://www.kurly.com/goods/5069132,6000,2025.09.19,,,유뷰 간이 짜지도 않고 고소하니 맛있어요
[자연담은] 누룽지 1kg (국내산),https://www.kurly.com/goods/5145685,6000,2022.07.20,,,"평소에도 누룽지를 좋아해서 자주 먹는 편인데 마켓컬리 구경하다가 유기농 100% 누룽지라길래 바로 구매해버렸답니다 ㅎㅎ

1kg가 얼마나 크겠어~ 했는데 막상 도착한걸 보니 생각보다 크네요?ㅋㅋㅋ

간식으로도 먹고 누룽지탕도 해먹고 이것저것 해먹다보면 또 금방 먹겠지요~!

일단 맛은 엄청 바삭하고 맛있어요! 
누룽지를 잘 눌려서 햇살 좋은 곳에 말린 느낌?

찬물에 10분정도 불린 후에 중불로 5분간 끓여주면 누룽지탕이 완성되는데 아침에 입맛없을때 간단하게 먹기도 너무 좋고
요 누룽지를 이용해서 중국집에서 파는 해물 누룽지탕을 해먹어도 너무 맛있을 거 같아요!!

원재료가 맛있으면 어떤 요리를 해도 맛있으니까요!
그리고 누룽지 조금에다가 뜨거운 물을 부어서 숭늉을 해먹어도 좋고 다재다능한 아이랍니다!ㅋㅋ

지금도 배송 온 누룽지를 먹으면서 리뷰 쓰고 있는데 손을 멈출 수가 없네요...!
야금야금 먹다보면 금세 다 먹을 거 같은데 재구매 의사 999999% 입니다!!!

자연 간식 누룽지 못참지"
[자연담은] 누룽지 1kg (국내산),https://www.kurly.com/goods/5145685,6000,2025.09.22,,,찬바람부니..역시 누룽지 먹고싶네요~적당한크기 만족합니다
[자연담은] 누룽지 1kg (국내산),https://www.kurly.com/goods/5145685,6000,2025.09.20,,,누룽지 좋아해서 비상식량으로 항상 구비해두는데 이 제품은 처음 구매해봣는데 괜찮아요! 양도많고 저렴해요
[자연담은] 누룽지 1kg (국내산),https://www.kurly.com/goods/5145685,6000,2025.09.20,,,누룽지 아이들이 속편하게 먹을때 좋아요
[자연담은] 누룽지 1kg (국내산),https://www.kurly.com/goods/5145685,6000,2025.09.20,,,"입맛없을때 누릉지가 최고죠 가성비 좋고 맛도 좋아서 좋습니다
첫구매인데 만족합니다"
[자연담은] 누룽지 1kg (국내산),https://www.kurly.com/goods/5145685,6000,2025.09.20,,,아침식사대용으로 잘 먹고 있어요
[자연담은] 누룽지 1kg (국내산),https://www.kurly.com/goods/5145685,6000,2025.09.19,,,간편하고 맛있어요 ㅎㅎ
[자연담은] 누룽지 1kg (국내산),https://www.kurly.com/goods/5145685,6000,2025.09.19,,,먹기 편하게 되있어서 좋네요
[자연담은] 누룽지 1kg (국내산),https://www.kurly.com/goods/5145685,6000,2025.09.18,,,아침에 먹기.조항요
[자연담은] 누룽지 1kg (국내산),https://www.kurly.com/goods/5145685,6000,2025.09.18,,,급해서 주문하긴 했는데..동네 직접구운 누룽지와는 비교가 안됨  ㅜ
[햇반] 100% 현미로 지은밥 130g*3입,https://www.kurly.com/goods/1000165841,6000,2025.09.20,,,급할때 즉서밥은 필수아이템
[햇반] 100% 현미로 지은밥 130g*3입,https://www.kurly.com/goods/1000165841,6000,2025.09.19,,,작은밥이라 딱 한끼 먹기 좋고 현미밥 많이 안 까끌거리고 맛있어요 늘 사먹습니다
[햇반] 100% 현미로 지은밥 130g*3입,https://www.kurly.com/goods/1000165841,6000,2025.09.15,,,햇반은 필수 식품목록에 항상이예요^^
[햇반] 100% 현미로 지은밥 130g*3입,https://www.kurly.com/goods/1000165841,6000,2025.09.15,,,백퍼센트 현미라서 좋아요
[햇반] 100% 현미로 지은밥 130g*3입,https://www.kurly.com/goods/1000165841,6000,2025.09.14,,,소량이라 너무 마음이 듬
[햇반] 100% 현미로 지은밥 130g*3입,https://www.kurly.com/goods/1000165841,6000,2025.09.14,,,밥맛 좋아요 고소하니
[햇반] 100% 현미로 지은밥 130g*3입,https://www.kurly.com/goods/1000165841,6000,2025.09.13,,,항상 잘 먹고있습니당
[햇반] 100% 현미로 지은밥 130g*3입,https://www.kurly.com/goods/1000165841,6000,2025.09.13,,,햇반 필수템이라서 세일 때 자주 구매해요~
[햇반] 100% 현미로 지은밥 130g*3입,https://www.kurly.com/goods/1000165841,6000,2025.09.13,,,130g이 부담없이 먹기 딱 좋아요. 210g보다 단가가 비싼 게 흠.
[햇반] 100% 현미로 지은밥 130g*3입,https://www.kurly.com/goods/1000165841,6000,2025.09.13,,,세일해사 잘사썽요. 귯
[푸디버디] 어린이 볶음밥(2개입) 5종,https://www.kurly.com/goods/1000392404,6000,2024.02.23,,,"드디어 제가 원하던 어린이 볶음밥을 찾았네요!!
편식쟁이에 진짜 예민한 만8세,3세 아이들이 맛있다면서
잘 먹었어요~^^ 
우선 쌀이 외국산이 아니고 국산이라는 점이 좋았고,
제가 그동안 아이들에게 먹여본 시판 볶음밥은 뭔가 야채들의 식감이 도드라져서 편식쟁이 아이들이 싫어하고
제가 직접 만들어주는 볶음밥만 잘 먹었거든요 

이 볶음밥은 밥알이랑 다른재료들이 부드럽게 하나로 잘 어우러져서 아이들이 야채 들어가도 싫어하지 않고 잘 먹어주었어요

푸디버디 볶음밥 처음이라 어떤 맛을 살까하다가 잡채를 좋아하는 아이들이라서 잡채볶음밥을 샀는데 성공했네요~
저희 집 아이들은 잡채도 오로지 당면만 골라먹는 아이들이
랍니다ㅜㅜ 그런데 볶음밥 잘 먹어주니 감격했어요ㅎㅎ
제가 먹어봐도 맛있더라구요~ 간도 딱 적당했어요!

참고로 저는 전자레인지에 데우지않고 후라이팬에 포도씨유 조금 두르고 볶았답니다~~^^
다음 번에는 푸디버디 다른 볶음밥도 도전해보려구요!"
[푸디버디] 어린이 볶음밥(2개입) 5종,https://www.kurly.com/goods/1000392404,6000,2025.09.21,,,냉동실 비상템.. 할인 안하나요..!!? 넘 비싸요..ㅠ
[푸디버디] 어린이 볶음밥(2개입) 5종,https://www.kurly.com/goods/1000392404,6000,2025.09.21,,,이게 유통기한이 젤 짧네요
[푸디버디] 어린이 볶음밥(2개입) 5종,https://www.kurly.com/goods/1000392404,6000,2025.09.21,,,잡채볶음밥 퀄리티가 괜찮아 다른것도 시켜봐요
[푸디버디] 어린이 볶음밥(2개입) 5종,https://www.kurly.com/goods/1000392404,6000,2025.09.20,,,"초등 아들 토요일 아침 메뉴로 아빠가 해주기 딱 이에요
아이가 맛있게 잘 먹었습니다 
계란후라이 하나 올려주면 👍"
[푸디버디] 어린이 볶음밥(2개입) 5종,https://www.kurly.com/goods/1000392404,6000,2025.09.18,,,"시중에 파는 볶음밥중에 제일 잘먹어요.
그렇다고 간이 엄청 쎈건 아니어서 종종 먹여요."
[푸디버디] 어린이 볶음밥(2개입) 5종,https://www.kurly.com/goods/1000392404,6000,2025.09.18,,,"시중에 파는 볶음밥중에 제일 잘먹어요.
그렇다고 간이 엄청 쎈건 아니어서 종종 먹여요"
[푸디버디] 어린이 볶음밥(2개입) 5종,https://www.kurly.com/goods/1000392404,6000,2025.09.18,,,급할때 한끼 넘기기 좋습니다
[푸디버디] 어린이 볶음밥(2개입) 5종,https://www.kurly.com/goods/1000392404,6000,2025.09.18,,,아이가 가끔 먹고 싶다고해서 재주문했어요
[푸디버디] 어린이 볶음밥(2개입) 5종,https://www.kurly.com/goods/1000392404,6000,2025.09.18,,,"꼬꼬마들이 정말 잘먹어요 
다른 볶음밥들은 대령해도 잘 먹지 않는데 
푸디버디는 언제나 그릇을 비우네요~"
[다즐샵] 일품도시락 10종 (택2),https://www.kurly.com/goods/1000926740,6000,2024.12.15,,,"외식으로만 즐기던 다양한 메뉴를 식단 관리하면서 맛 볼 수 있으니 입터짐은 방지하고, 욕구도 완벽하게 해결되니까 다즐샵이 진짜 최고예요 :)
또 10가지 다채로운 맛으로 구성되어 있어 골라 먹기도 좋았어요.




1. 시간 관리
바쁜 일상 속에서 건강한 식사를 챙기기 어려운데요.
간편하게 조리된 음식을 제공하여 시간을 절약하면서도 균형 잡힌 영양을 섭취할 수 있어요!
전자레인지에 몇 분만 데우면 바로 먹을 수 있어 바쁜 아침이나 점심시간이 짧은 경우에 특히 유용하고 관리할 때도 너무 좋아요.




2. 다양한 메뉴
닭가슴살, 단호박, 야채 등 건강한 재료를 사용한 도시락부터
불닭, 감자탕볶음밥, 훈제오리 등 이색적인 외식 메뉴까지 여러 가지 옵션이 마련되어 있는데요.
덕분에 매일 같은 음식을 먹는 지루함을 피할 수 있고, 계속해서 새로운 맛을 경험하며 감량을 지속하기 좋더라구요.




3. 영양성분
적절한 비율로 단백질, 탄수화물, 지방을 포함하고 있어 좋은데요.
각 제품마다 정확한 칼로리 정보와 영양 성분표가 적혀 있어서 보고 고르기 좋았어요.




4. 지속 가능한 습관 형성
정기적으로 건강식을 섭취함으로써 자연스럽게 올바른 식습관을 기를 수 있답니다.
단기적인 체중 감량뿐만 아니라 장기적인 건강 유지에도 좋을 것 같아요.




5. 맛있는 저칼로리 도시락으로 추천!!
저당, 고단백이면서 속세맛 그대로 맛이 있어서 저는 요거 10팩 쟁여두고 먹고 있어요.




양이 적어서 칼로리가 적은 줄 알았는데, 그게 아니고 220g 든든한 양인데도 저칼로리라 안심 또 안심
든든한 단백질 가득 메인 메유에 + 자극적인 감칠맛의 볶음밥 + 채소까지 완벽 그 자체입니다."
[다즐샵] 일품도시락 10종 (택2),https://www.kurly.com/goods/1000926740,6000,2024.12.10,,,"퇴근후에 밥할 체력이 안되는 저질체력의 워킹맘을 살려준 일품도시락
10개 하나씩 주문해봤는데 하나같이 넘 맛있더라구요 
특히 강황버섯복음밥과 치즈불닭 색상도 넘 예뻐서 먹는내내 기분이 넘 좋더라구요
야채들도 급속냉동했는지 뎁히니깐 색상이 넘 예쁘고 나름 신선해서 맛있게 먹었습니다. 
야채가 같이 들어있어서 넘 좋았어요! 붉다 치즈도 쮹쮹 늘어나고 
저는 딱히 다이어트때문에 도시락을 구매한건 아니였는데 다이어트할때도 야채도 많아서 좋을것 같아요. 생각보다 맛있고 양도 넉넉해서 한끼 뚝딱해결하기 넘 좋았습니다.
다 먹으면 젤 맛있었던것들로 또 주문하려구요!"
[다즐샵] 일품도시락 10종 (택2),https://www.kurly.com/goods/1000926740,6000,2024.12.09,,,"마켓컬리 도시락 김치볶음밥과 치즈감자롤을 먹어봤는데, 생각보다 정말 괜찮았습니다.

김치볶음밥은 적당히 매콤하고, 밥알도 뭉치지 않아 깔끔한 맛이었어요. 김치 향이 강하지 않으면서도 감칠맛이 살아 있어서 따로 반찬 없이도 맛있게 먹을 수 있었습니다.

치즈감자롤은 정말 치트키 같은 메뉴였어요. 겉은 바삭하고 속은 부드러운데, 치즈의 고소함이 감자랑 어우러져 완벽한 조합이었어요. 전자레인지로 데웠는데도 바삭함이 유지되는 점도 만족스러웠습니다.

전체적으로 양도 적당하고 맛도 좋아서, 바쁠 때 간단히 한 끼 해결하기에 딱 좋은 구성이었어요. 그냥 간편한 도시락을 넘어 맛까지 신경 쓴 느낌이라 다음에도 재구매할 것 같아요!"
[다즐샵] 일품도시락 10종 (택2),https://www.kurly.com/goods/1000926740,6000,2025.09.18,,,"맛있어서 사먹고있어요
볶음밥도 오리고기도 맛나요"
[다즐샵] 일품도시락 10종 (택2),https://www.kurly.com/goods/1000926740,6000,2025.09.17,,,역시나 가격대비맛있습니다~간단하게먹기에도좋고편리하고요
[다즐샵] 일품도시락 10종 (택2),https://www.kurly.com/goods/1000926740,6000,2025.09.17,,,아들이 배고플때 꺼내 먹어용
[다즐샵] 일품도시락 10종 (택2),https://www.kurly.com/goods/1000926740,6000,2025.09.17,,,간단하게 간편하게 한끼 뚝딱
[다즐샵] 일품도시락 10종 (택2),https://www.kurly.com/goods/1000926740,6000,2025.09.17,,,간편하게 먹을수있어서 좋아요~~
[다즐샵] 일품도시락 10종 (택2),https://www.kurly.com/goods/1000926740,6000,2025.09.17,,,간편하게 먹을수있어서 좋아요
[다즐샵] 일품도시락 10종 (택2),https://www.kurly.com/goods/1000926740,6000,2025.09.17,,,간편하게 먹기 좋아요~
[그리팅] 뷰티핏 식단 관리 도시락 6종 (택1),https://www.kurly.com/goods/1001343988,6000,2025.09.21,,,맛있어서 재구매 했어요
[그리팅] 뷰티핏 식단 관리 도시락 6종 (택1),https://www.kurly.com/goods/1001343988,6000,2025.09.21,,,맛있어서 재구매 했어요
[그리팅] 뷰티핏 식단 관리 도시락 6종 (택1),https://www.kurly.com/goods/1001343988,6000,2025.09.21,,,디게 건강한 맛이에요..
[그리팅] 뷰티핏 식단 관리 도시락 6종 (택1),https://www.kurly.com/goods/1001343988,6000,2025.09.18,,,"빠른배송 감사합니다,/!.₩;);&:"
[그리팅] 뷰티핏 식단 관리 도시락 6종 (택1),https://www.kurly.com/goods/1001343988,6000,2025.09.18,,,"빠른배송 감사합니다,!:@;!,"
[그리팅] 뷰티핏 식단 관리 도시락 6종 (택1),https://www.kurly.com/goods/1001343988,6000,2025.09.18,,,빠른배송 감사합니다?!:&;!;
[그리팅] 뷰티핏 식단 관리 도시락 6종 (택1),https://www.kurly.com/goods/1001343988,6000,2025.09.18,,,먹을만 합니다. 재구매 의사 있음
[그리팅] 뷰티핏 식단 관리 도시락 6종 (택1),https://www.kurly.com/goods/1001343988,6000,2025.09.18,,,규동 양념이 많이 들어있어서 밥에 비벼먹기 좋아요. 점심시간에 잘 먹엇습니아
[그리팅] 뷰티핏 식단 관리 도시락 6종 (택1),https://www.kurly.com/goods/1001343988,6000,2025.09.16,,,배고파서 좀전에 아침으로 먹었는데 그럭저럭 먹을만 해요
[그리팅] 뷰티핏 식단 관리 도시락 6종 (택1),https://www.kurly.com/goods/1001343988,6000,2025.09.16,,,커리가 풍미있고 맛있어요. 토핑은 아쉬워서 따로 새우나 계란 구워서 같이먹는게 딱입니다
[탄단지] 세끼 뚝딱 도시락 3종 세트 시즌2,https://www.kurly.com/goods/1001230899,6000,2025.04.09,,,"탄단지 세끼뚝딱 시즌1로 매번N차구매하면서 먹고있었는데
이번제 시즌2 신상품이 나와서 바로 구매했어요!!
이제품도 비닐포장안뜯고 레인지 바로돌리니 너무편하네요!!


＃간장불고기 계란덮밥
돼지불고기인줄 알았는데 소불고기라서 확실히 부드럽더라구요!
스크램블계란과 너무 불고기간장양념조합이 밥비벼서먹었는데
입맛에 너무 딱맞았습니다!



＃모짜렐라 굴림만두 볶음밥
굴림만두와 모짜렐라치즈 조합이 너무궁금했는데 토마토피자소스
까지 궁합이너무잘맞더라구요! 밥도계란볶음밥이라 슥삭슥삭
소스와 치즈비벼서 먹으니 진짜맛잇었습니다!



＃ 김치볶음밥&콘치즈

원래 시즌1부터 저도 너무좋아하고 아이도잘먹은터라 이번시즌2
에도 같이 포함되었나보네요!
김치볶음밥과 치즈는 말해뭐합니까!? 너무맛있자냐~


＃ 진짜 3가지 신선한조합에 제입맛에도 아이들입맛에도 부담없이
너무맛있게 먹어서 가격과 맛에 가성비는 시즌1에 이어서
시즌2도 도시락중에 최고인것같습니다!!"
[탄단지] 세끼 뚝딱 도시락 3종 세트 시즌2,https://www.kurly.com/goods/1001230899,6000,2025.09.20,,,탄단지도시락  양도작아서저혼자먹기괜찮은것같아요.
[탄단지] 세끼 뚝딱 도시락 3종 세트 시즌2,https://www.kurly.com/goods/1001230899,6000,2025.09.19,,,괜찮은데 마요맛이 부족해요 ㅠㅠ
[탄단지] 세끼 뚝딱 도시락 3종 세트 시즌2,https://www.kurly.com/goods/1001230899,6000,2025.09.18,,,저렴해서 한번도전해봤습니다.
[탄단지] 세끼 뚝딱 도시락 3종 세트 시즌2,https://www.kurly.com/goods/1001230899,6000,2025.09.17,,,세 종류라 골라 먹기 좋아요
[탄단지] 세끼 뚝딱 도시락 3종 세트 시즌2,https://www.kurly.com/goods/1001230899,6000,2025.09.17,,,가격도 저렴하고 맛있어요~~
[탄단지] 세끼 뚝딱 도시락 3종 세트 시즌2,https://www.kurly.com/goods/1001230899,6000,2025.09.17,,,부담없이 간편하게 먹을수 있는 도시락입니다
[탄단지] 세끼 뚝딱 도시락 3종 세트 시즌2,https://www.kurly.com/goods/1001230899,6000,2025.09.16,,,양이 조금 적은가 싶긴한데 종류별로 있어서 맛있게 먹었습니다
[탄단지] 세끼 뚝딱 도시락 3종 세트 시즌2,https://www.kurly.com/goods/1001230899,6000,2025.09.15,,,전부터 먹어보고 싶었던 세끼 뚝딱이에요~~
[탄단지] 세끼 뚝딱 도시락 3종 세트 시즌2,https://www.kurly.com/goods/1001230899,6000,2025.09.14,,,한끼대용으로 먹는데 양은 적지만 맛나요!
[집으로 ON] 어린이 볶음밥 3종 (5개입) (택1),https://www.kurly.com/goods/1000065844,6000,2025.09.20,,,아기가 너무 조아해요
[집으로 ON] 어린이 볶음밥 3종 (5개입) (택1),https://www.kurly.com/goods/1000065844,6000,2025.09.19,,,청정원 어린이볶음밥이 잘나오더라구요. 제일 맛있어요. 간편하고 좋아요.
[집으로 ON] 어린이 볶음밥 3종 (5개입) (택1),https://www.kurly.com/goods/1000065844,6000,2025.09.19,,,아이가 잘먹는 볶음밥이에요. 재료도 다양하고 맛있습니다.
[집으로 ON] 어린이 볶음밥 3종 (5개입) (택1),https://www.kurly.com/goods/1000065844,6000,2025.09.11,,,"간이 심심하네요. 
아이들이 잘 안먹는데...ㅜ 간 약하게 먹는 아기들은 좋겠어요."
[집으로 ON] 어린이 볶음밥 3종 (5개입) (택1),https://www.kurly.com/goods/1000065844,6000,2025.09.10,,,오 간편하고 아이도 잘먹고 성분도 괜찮아서 자주 먹을거같아용
[집으로 ON] 어린이 볶음밥 3종 (5개입) (택1),https://www.kurly.com/goods/1000065844,6000,2025.09.10,,,"아이 볶음밥으로 최고입니다
양도 많고 맛도 좋아서 아이가 진짜
잘먹어요 앞으로 추가구매 할게요"
[집으로 ON] 어린이 볶음밥 3종 (5개입) (택1),https://www.kurly.com/goods/1000065844,6000,2025.09.08,,,처음 사봤는데 잘 먹어주기를요 ㅠㅠ
[집으로 ON] 어린이 볶음밥 3종 (5개입) (택1),https://www.kurly.com/goods/1000065844,6000,2025.09.08,,,후기 좋아서 구입! 타사 볶음밥 엄마표 볶음밥도 안먹는 아기인데 이건 잘먹어주길 바라요 ㅎㅎ
[집으로 ON] 어린이 볶음밥 3종 (5개입) (택1),https://www.kurly.com/goods/1000065844,6000,2025.09.07,,,아이가 맛있게 잘 먹어요! 모짜렐라 치즈까지 넣어서 볶아주면 한 그릇 뚝딱입니다. 냉동실에 쟁여뒀다가 종종 간편하게 한끼 먹일 때 사용하고 있어요.
[집으로 ON] 어린이 볶음밥 3종 (5개입) (택1),https://www.kurly.com/goods/1000065844,6000,2025.09.07,,,"음 간이 심심하긴해요. 
아이들이 간되어있는걸 먹다보니 잘 안먹으려하네요. 
국이랑 주면 잘 먹어요."
[모두의맛집] 오세득 소고기 가지 솥밥 도시락,https://www.kurly.com/goods/1000235786,6000,2024.10.25,,,"오세득 셰프의 소고기 가지덮밥!!!
흑백요리사 너무 너무 재미있게 봤는데, 컬리 쇼핑중
모두의맛집 오세득 셰프의 소고기 가지덮밥이 눈에 팍 띄더라구요!!!
안그래도 가지 넘 좋아라하는데, 냉큼 장바구니에 겟 했습니다.

냉동에다 조리가 전자렌지로 간단하게 된다니,
이런건 맛있으면 무조건 여러개 쟁여둬야합니다 ㅠㅠㅠ
바로 전자렌지 돌려줬어요.
뚜껑이 플라스틱으로 되어있어서 살짝 오픈해주고
그 뒤는 그냥 전자렌지에게 맡기면 됩니다.
그러면 그냥 완성...아니 이렇게 초간단할수가..미쳤네요!

일단 비주얼적으로 아주 맛있어보였어요.
가지도 아무 큼지막하니 숭덩숭덩 들어가있었고
편마늘과 소고기 파 양 양파 등 양념들이 고루 뒤섞여
넘 맛있어보였어요. 밥도 무려 솥밥이라니..당장 섞어줬습니다.
양념이 부족하게 느껴지지않았지만 이런 솥밥엔
김을 싸먹어야 맛있기 때문에 묻지도 따지지도않고 무조건 김 추가^^ㅎ
간이 그렇게 쎄지않고 적당히 단짠단짠한 맛이에요!
후기에 맵다는 말이 있었지만  ....? 제 입맛에는 전혀 맵지않아요
매움의 ㅁ 도 느껴지지않았습니다. 제게는 그저 단짠단짠!!
큼지막한 가지에 양념이 고루배여 가지 넘 맛있었습니다.
김+솥밥+가지 조합 최고!!

엄청 어마무시한 맛은 아니지만 가지를 좋아한다면
냉동실에 쟁여뒀다 간단하고 맛있는 한끼가 땡기는 날
뚝딱!! 할 수 있는 한끼 도시락으로 추천합니다 : )"
[모두의맛집] 오세득 소고기 가지 솥밥 도시락,https://www.kurly.com/goods/1000235786,6000,2023.11.23,,,"지인분께서 가지솥밥 맛있다고 추천하셔서 먹어봤는데 왜 추천하신지 알겠더라구요! 평소에 가지 식감을 좋아하는 편이 아닌데도 말캉말캉한 가지가 맛있게 느껴진 적은 처음이에요
그리고 양고기집에서 먹는 마늘밥처럼 마늘 향이 고소하게 나는게 참 매력적인데 가지 양념이 충분해서 김 하나만 있어도 한 끼 뚝딱입니다. 얘는 냉동실에 비상 식량으로 구비해두고 밥맛 없을 때 하나씩 꺼내먹으려구요

추가 팁: 밥 위에 있는 가지 양념이 정해진 시간대로만 돌리면 해동 안된 부분이 있더라구요 그래서 2분 돌리고 밥 위에 흐트려 놓고 나머지 시간을 돌리면 훨씬 더 잘 녹더라구요"
[모두의맛집] 오세득 소고기 가지 솥밥 도시락,https://www.kurly.com/goods/1000235786,6000,2025.09.21,,,김치 너무 짜지도 않고 밥이랑 먹기 좋아요.
[모두의맛집] 오세득 소고기 가지 솥밥 도시락,https://www.kurly.com/goods/1000235786,6000,2025.09.20,,,"지인에게 먹여보고 싶을때 
주문해주는 음식이에요
그 정도로 만족해요:)"
[모두의맛집] 오세득 소고기 가지 솥밥 도시락,https://www.kurly.com/goods/1000235786,6000,2025.09.19,,,소스가 조금 부족한데 맛은 좋아요~
[모두의맛집] 오세득 소고기 가지 솥밥 도시락,https://www.kurly.com/goods/1000235786,6000,2025.09.18,,,맛있어요 재구매할래요
[모두의맛집] 오세득 소고기 가지 솥밥 도시락,https://www.kurly.com/goods/1000235786,6000,2025.09.18,,,맛있을 것 같아요 간편해서 좋아요
[모두의맛집] 오세득 소고기 가지 솥밥 도시락,https://www.kurly.com/goods/1000235786,6000,2025.09.15,,,전체적으로 가지양이 넘 적어서 재구매는 안하려구요.
[모두의맛집] 오세득 소고기 가지 솥밥 도시락,https://www.kurly.com/goods/1000235786,6000,2025.09.15,,,맛있어용 재구매에요
[모두의맛집] 오세득 소고기 가지 솥밥 도시락,https://www.kurly.com/goods/1000235786,6000,2025.09.14,,,양념이 많이 달긴 해요
