keyword,title,link,description,bloggername,bloggerlink,postdate
,,,,,,
도시락 100,광주<b>도시락</b>배달 샐러드로 다이어트까지,https://blog.naver.com/wlgoehdehd/224036526901,"처음에는 <b>도시락</b> 직접 싸가기도 했지만 아침마다 정신없고, 배달음식은 맛은 괜찮지만 기름지고 비싸고... 바로 광주<b>도시락</b>배달 서비스였어요. 처음에는 &quot;회사에 <b>도시락</b>을 직접 가져다준다고?&quot; 반신반의했어요.... ",Love Pop Music Talk (L.P.M.T),blog.naver.com/wlgoehdehd,20251010
도시락 100,마카오 이심 <b>도시락</b>이심 추천 갤럭시 사용법 할인코드,https://blog.naver.com/19840602/224040238336,"<b>도시락</b> 이심 eSIM 사용이었어요. 예전엔 유심을 바꿔 끼우느라 분실 걱정도 많고, 공항 도착하자마자 와이파이 안 잡혀서 길 찾는 데 애먹은 적이 많았는데요. 이번엔 갤럭시에서 바로 설치 가능한 <b>도시락</b>... ",꽃맘이간다,blog.naver.com/19840602,20251014
도시락 100,창원 한식 맛집 삼거리식당 <b>도시락</b>으로 즐기기,https://blog.naver.com/timeless_coffee_lab/224044976692,이번에 <b>도시락</b>으로 포장해서 먹어볼 수 있었어요 ??주소: 경남 창원시 의창구 평산로171번길 2 2층... 아니라 <b>도시락</b>으로도 포장이 가능해요 프리미엄 <b>도시락</b> 두루치기+ 고등어구이 16000원 스페셜 <b>도시락</b>... ,꾸준한 일상,blog.naver.com/timeless_coffee_lab,20251017
도시락 100,"내돈내산 해외여행 필수품, 와이파이 <b>도시락</b> 이용후기",https://blog.naver.com/dhpd10/224047233522,"이번 포스팅에서는 이번 추석 연휴 베트남 다낭여행에서 알차게 사용했던 와이파이 <b>도시락</b> 이용... 와이파이 <b>도시락</b>을 신청해서 이용하고 있다. 가격이 저렴하기도 하고, 한개의 기기로 2~3명이 한번에 이용할... ",행복한 모녀의 해피로그,blog.naver.com/dhpd10,20251020
도시락 100,락앤락 올핏보온<b>도시락</b> 참치야채죽 수능<b>도시락</b> 메뉴,https://blog.naver.com/dhdmsdo79/224047859460,수능<b>도시락</b> 메뉴 추천해드리니 락앤락 올핏보온<b>도시락</b>으로 준비해 보세요. 해가 갈수록 시간이 유독 빠르다는 느낌이 있었는데 2025년은 유독 더 빠르게 지나가는 듯합니다. 곧 수능을 보는 고등학생 아이를... ,제시의 달빛부엌,blog.naver.com/dhdmsdo79,20251022
도시락 100,일본 이심 할인코드 <b>도시락</b> 이심 일본여행 esim 추천,https://blog.naver.com/thezan/224041192934,"위험 <b>도시락</b> eSIM 설치 간단, 가격 합리적, 무제한 가능, 유심 교체 불필요 아이폰XR 이후, 갤럭시S23... <b>도시락</b>eSIM은 아이폰, 갤럭시 모두 앱에서 바로 설치할 수 있고, 사용 방법도 간단해서 공항에 도착해서... ",지소의 기록,blog.naver.com/thezan,20251014
도시락 100,유럽여행 포켓 와이파이 <b>도시락</b> 예약 사용법 가격 할인,https://blog.naver.com/my50cent/224037685733,유럽 여행 와이파이 <b>도시락</b> 할인 예약 사용법 일본이나 동남아와 달리 유럽 여행은 보통 7일 이상 장기... 와이파이 <b>도시락</b> 할인 예약 유럽여행 포켓 와이파이 목차 ??유럽 데이터 비교 ??유럽 와이파이... ,이토록 멋진 여행,blog.naver.com/my50cent,20251011
도시락 100,경복궁 근처 가볼만한곳 통인시장 엽전<b>도시락</b> 먹거리 후기,https://blog.naver.com/blood7715/224044392665,"경복궁 근처 가볼만한곳 통인시장 엽전<b>도시락</b> 먹거리 후기 매주 화요일, 셋째주 일요일 휴무 평일... 바로 통인시장 엽전<b>도시락</b>. 통인시장은 경복궁에서 도보로 10분 정도 걸리는 곳에 위치한 아주 작은... ",눈떠보니다섯,blog.naver.com/blood7715,20251017
도시락 100,수능<b>도시락</b>통추천 넉넉한 텀스 일체형보온<b>도시락</b>,https://blog.naver.com/valueyey/224038681011,수능이 다가오고 있어요 요즘은 식단 조절하시는 분들도 많아서 직장인<b>도시락</b> 싸 들고 다니는 분들도 많아져서 급식하는 아이들보다 어른들이 일체형보온<b>도시락</b>을 들고 다니죠? 수능<b>도시락</b>통 고민하는 분들은... ,향기의 행복한요리,blog.naver.com/valueyey,20251012
도시락 100,메추리알표고장조림 만들기 450g <b>도시락</b>반찬 메뉴 레시피,https://blog.naver.com/boru130/224048738006,이번주부터 남편이 <b>도시락</b>을 싸달라고 해서 <b>도시락</b>반찬으로 만들었지요 맨날 <b>도시락</b> 메뉴 고민하느라 머리아픈 1인 살짝 매콤한 맛 나라고 청양고추 넣었는데 이건 필수는 아니고요 혹시 버섯은 없고 그냥... ,보루빵네 먹고놀고사는 이야기,blog.naver.com/boru130,20251021
도시락 100,어린이집 소풍<b>도시락</b> 하츄핑 <b>도시락</b> 만드는 법,https://blog.naver.com/blue90sky/224044541984,매년 돌아오는 소풍 시즌 하츄핑 <b>도시락</b> 만들기 우리 딸내미 요즘 빠져있는 하츄핑. 핑크 좋아하는 공주님들 취향 저격인지 티니핑중에 유일하게 하츄핑만 알아요. 반짝이 한스푼 추가-★ 그래서 하츄핑 <b>도시락</b>... ,지금이 아니면 할 수 없는 일,blog.naver.com/blue90sky,20251017
도시락 100,직장인 <b>도시락</b> 모음 점점 소박해지는 24주차 기록,https://blog.naver.com/323redtree/224042505867,"오늘 직장인 <b>도시락</b> 모음은 지난달 아버님 생신 주간의 고군분투가 담긴 기록입니다. 정신 없는... 마음은 그게 아닌데 점점 소박해지는 직장인 <b>도시락</b> 모음.zip ☆주부 미션☆ 1.한 끼 예산 5,000원 2.단백질 함량... ",이렇게 살다가 이렇게 죽을 수는 없다,blog.naver.com/323redtree,20251015
도시락 100,초등 체험학습 소풍 <b>도시락</b> 만들기 예쁘게 꾸미는 법,https://blog.naver.com/pearls0225/224046098879,"소풍 <b>도시락</b> 만들기로 추천드려요 초등 체험학습 <b>도시락</b> 초등 소풍 <b>도시락</b> 메뉴 구성 ??스팸 김밥 ??꽃게, 달팽이 소세지 ??롤식빵 샌드위치 ??너겟 ??머랭,젤리 ??과일 가장 먼저 <b>도시락</b>! 1학년 때... ",너와의 시간♡,blog.naver.com/pearls0225,20251019
도시락 100,대전<b>도시락</b>:) 우담화벤토,https://blog.naver.com/bluenote0415/224035914440,대전<b>도시락</b> 우담화벤토 포스팅 스타트! 탄방역에서 도보 15분 거리 남선공원 공영 주차장 이용하거나 주변 골목 흰 선 라인 주차 가능 우담화 벤토 아웃테리어 대전<b>도시락</b> 우담화 벤토 네이버 지도 보면서... ,그랬지응...Yeah I did,blog.naver.com/bluenote0415,20251011
도시락 100,"간단한 초등 어린이<b>도시락</b>, 유치원 어린이집 소풍<b>도시락</b> 추천",https://blog.naver.com/es_roni/224049112873,"유아들은 소풍 <b>도시락</b> 초등, 어린이들은 함께 피크닉 가거나 또는 저처럼 라이딩 <b>도시락</b>을 준비하는 분들도 꽤 많이 계실것 같은데요. 오늘은 지난 주말 아이와 갑자기 동네로 피크닉 나가며 집에 있는... ",로니스토리,blog.naver.com/es_roni,20251021
도시락 100,잠실 단체<b>도시락</b> 테이블스푼 고급스러운 한입<b>도시락</b> 포장,https://blog.naver.com/alley1980/224022208183,잠실 단체<b>도시락</b> 테이블스푼 고급스러운 한입<b>도시락</b> 포장 남편은 스케쥴 근무라 평일날 쉬는데 이사 후 첫 휴무일이었어요. 새집에서 둘이서 편하게 식사하고 싶어서 잠실에 있는 테이블스푼에서 한입<b>도시락</b>... ,고고씨네 소소한 일상,blog.naver.com/alley1980,20250926
도시락 100,직장인 점심 <b>도시락</b> 반찬 메뉴 추천 만들기 <b>도시락</b>싸기,https://blog.naver.com/kimhy004/224048571694,직장인 점심<b>도시락</b> 만들기 점심 <b>도시락</b> 반찬 메뉴 만들기 <b>도시락</b>반찬 메뉴 추천 직장인 <b>도시락</b> 싸기 직장인 <b>도시락</b>반찬 추천 안녕하세요 들꽃향기입니다. 날씨가 갑자기 쌀쌀해졌어요. 밖에서 사 먹는... ,들꽃향기 건강 밥상,blog.naver.com/kimhy004,20251021
도시락 100,출근 전 15분 컷! 워킹맘의 유치원 소풍<b>도시락</b> 레시피,https://blog.naver.com/ggoddi311/224043784030,"안녕하세요, 요리하는 워킹맘 꼬띠르예요:) 가을 소풍 시즌이라 <b>도시락</b> 준비로 매일 아침 분주하시죠? 예쁘게 꾸미고 싶은 마음은 굴뚝같은데 현실은 출근 시간과의 싸움이잖아요~ 지난 소풍<b>도시락</b>은 눈코입... ",17년차 식품 MD의 쉬운 집밥 레시피,blog.naver.com/ggoddi311,20251016
도시락 100,강남<b>도시락</b>배달 프리미엄 한정식 신사만장어,https://blog.naver.com/wkdwndus1454/224020422133,오늘은 강남<b>도시락</b> 포장이 꼭 필요했습니다. 그래서 선택하게된 바로 한정식 그중에서도 프리미엄으로 픽한곳이 신사만장어입니다. 강남<b>도시락</b> 프리미엄 신사만장어 중요한곳에 선물할 예정이라서... ,코코볼라이프,blog.naver.com/wkdwndus1454,20250924
도시락 100,보온<b>도시락</b> 추천 온온 커스텀 스테인리스 <b>도시락</b>통 솔직 리뷰,https://blog.naver.com/teenie11/224047072275,룩스라이프 보온<b>도시락</b> 추천 온온 보온<b>도시락</b>커스텀 가능 <b>도시락</b> 글. 사진. 영상 ? green maru 요즘같이 추운 날씨에 점심시간이 되면 차가운 <b>도시락</b>을 먹는 게 정말 고역이더라고요. 특히 직장인 <b>도시락</b> 통으로... ,초록지붕,blog.naver.com/teenie11,20251020
도시락 100,샐러드 스텐 <b>도시락</b>통 추천 스웰잇츠<b>도시락</b> 636ml,https://blog.naver.com/decadentliz/224033657263,스웰잇츠 <b>도시락</b> 2 in 1 Eats 샐러드 용기 스텐 <b>도시락</b>통 추천 다이어트를 결심하면서 점심 식사를 샐러드나 포케로 대신할 때가 많은데요. 매일 사먹자니 가격 부담이 만만치 않아 귀찮더라도 직접 만들어... ,리즈의 술로그 ♪,blog.naver.com/decadentliz,20251006
도시락 100,보온 보냉이 가능한 텀스 일체형보온<b>도시락</b>통,https://blog.naver.com/ommaa-/224036408317,보온 보냉이 가능한 감성 <b>도시락</b>통! 〔텀스 일체형보온<b>도시락</b>〕 매일 가족의 식사를 챙기는 주부로서 신경 쓰이는 것 중 하나는 밖에서도 따뜻하고 든든하게 식사를 할 수 있냐는 건데요~ 남편이 회사에서 점심... ,Ommaa의 해 먹을 결심,blog.naver.com/ommaa-,20251010
도시락 100,수능<b>도시락</b>메뉴 수능<b>도시락</b>통 추천 락앤락 올핏보온<b>도시락</b>,https://blog.naver.com/leescook/224049642864,아침부터 긴장한 아이가 점심만이라도 편하게 먹을 수 있도록 부담이 적은 수능<b>도시락</b> 메뉴와 보온 <b>도시락</b>통을 소개할게요. 락앤락에서 새로 출시된 &quot;락앤락 올핏보온<b>도시락</b>&quot; 을 사용해서 수능<b>도시락</b>... ,리즈쿡 한식제철밥상,blog.naver.com/leescook,20251022
도시락 100,[편의점 <b>도시락</b> 리뷰] CU 꾸덕라구치즈파스타,https://blog.naver.com/catch22pako/224045055788,오늘 소개할 CU의 새 <b>도시락</b> 메뉴는 편의점 파스타에 라구를 더한 꾸덕라구치즈파스타입니다. 이제는 편의점 <b>도시락</b>으로 라구 파스타를 다 먹을 수 있는데요! 제가 개인적으로 라구 소스를 만들어 먹는 걸... ,리뷰하고 요리하는 직장인 주부 파코씨,blog.naver.com/catch22pako,20251018
도시락 100,수능 <b>도시락</b> 메뉴 ft. 락앤락 올핏보온<b>도시락</b>,https://blog.naver.com/dou_blog/224049881215,수능<b>도시락</b>통 추천 <b>도시락</b> 메뉴 락앤락 올핏보온<b>도시락</b> 한 번에 정리! 수능날은 아침 일찍부터 긴장감이 감도는 날이다. 수험생에게 <b>도시락</b>은 단순한 식사가 아니라 부모의 응원과 정성이 담긴 ‘하루의... ,맛있는 듀레시피?,blog.naver.com/dou_blog,20251022
도시락 100,다이어트밀프랩으로 챙기는 직장인남편 아침<b>도시락</b>,https://blog.naver.com/mykim0403/224046722974,"주말을 잘 보내고 출근하는 남편을 위한 아침 <b>도시락</b> 다이어트밀프랩으로 만들어 봤습니다. 다이어트식단 직장인<b>도시락</b> 재료 감자, 계란, 오이, 사과, 방울토마토, 무화과, 식빵조금 은효맘미미 매주 비슷한... ",은효맘미미의 행복한 일상,blog.naver.com/mykim0403,20251019
도시락 100,일본 이심 후쿠오카 여행 5G <b>도시락</b> esim,https://blog.naver.com/aje-aje/224047597145,일본 이심 후쿠오카 여행 5G <b>도시락</b> esim 무더운 여름이 지나고 일본 여행하기 제일 좋은 계절이 왔는데... 이번에도 제가 항상 믿고 사용하는 <b>도시락</b> esim으로 후쿠오카에서 너무 편하게 여행하고 왔답니다! 1.... ,먹고 마시고 여행하는 AJAJ,blog.naver.com/aje-aje,20251020
도시락 100,"수능<b>도시락</b>통, 텀스 보온<b>도시락</b>통 4종 6시간 동안 따뜻하게!",https://blog.naver.com/lovelyelice/224041040638,"수능<b>도시락</b>통으로 정말 유명한 텀스 보온<b>도시락</b>통! 스테인레스 304 이중구조로 뛰어한 보온보냉 감성적인 디자인, 텀스<b>도시락</b> 4종 덕분에 다양하게 식사를 챙겨줄 수 있는 따뜻한 보온<b>도시락</b>통이에요.... ",L O V E L Y - E L I C E ♡,blog.naver.com/lovelyelice,20251014
도시락 100,참치마요주먹밥 만들기 간단 <b>도시락</b> 메뉴,https://blog.naver.com/be2141st/224040453967,"참치마요주먹밥 만들기 간단 <b>도시락</b> 메뉴 오늘은 든든한 한 끼로도 좋고, 간단 <b>도시락</b> 메뉴로도 좋은 참치마요주먹밥을 만들었어요, 참치는 집에 늘 있어서, 특별한 재료 없이도 참치캔 하나면 충분하거든요.... ",초록스토리,blog.naver.com/be2141st,20251014
도시락 100,"덕양구 <b>도시락</b> 따뜻한 집밥 그대로, 발열<b>도시락</b> 런치스토리",https://blog.naver.com/atelier_rena/224048455385,"덕양구 <b>도시락</b> 매일 바뀌는 반찬으로 질리지 않는 런치스토리 한 끼 홈오피스에서 일하는 나는 요즘... 당일배달 ? 직장인 <b>도시락</b> 덕양구 <b>도시락</b> 전문 브랜드인 런치스토리는 직장인 <b>도시락</b>, 상가, 사무실... ",맛집 멋집 러버 레나,blog.naver.com/atelier_rena,20251021
도시락 100,유치원 소풍<b>도시락</b> 만들기 아기김밥 <b>도시락</b>,https://blog.naver.com/yujin2614/224049558727,# 유치원 소풍<b>도시락</b> 만들기 아기김밥 <b>도시락</b> 가을 유치원 소풍<b>도시락</b> 만들기 : 아이를 위한 먹기 편한 아기김밥 레시피 공유 요즘 가을 소풍 시즌이죠. 소풍 <b>도시락</b> 어떻게 하면 예쁘게 싸줄까? 하는 고민에... ,u__kongkong : Mom,blog.naver.com/yujin2614,20251022
도시락 100,미도델리 데미 한우 함박 <b>도시락</b>(신세계백화점 강남점),https://blog.naver.com/kh750/224036089913,#미도델리 #한우함박<b>도시락</b> #한우함박 #강남신세계마켓 눈으로 먼저 먹는 데미한우함박<b>도시락</b> 미도델리 강남 신세계백화점 마켓에 들렀다가 얼마 전에 오픈한 경양식 델리인 미도델리에 가봤어요 정통 델리... ,커피사랑 경화의 소소하고 맛깔난 이야기들,blog.naver.com/kh750,20251010
도시락 100,유치원 소풍<b>도시락</b> 만들기 팁! 얌박스 사용 후기까지,https://blog.naver.com/songsy016/224021421967,YUMBOX 유치원 소풍<b>도시락</b> 만들기 팁! 얌박스 사용 후기까지 가을이면 우리 아이들이 기다리는 가장 큰... 바로 유치원 소풍<b>도시락</b> 준비랍니다 저는 이번에 어린이집 때 쓰던 <b>도시락</b>통이 불편해서 새로... ,뽀리맘의 육아 드로잉,blog.naver.com/songsy016,20250925
도시락 100,매운 어묵김밥 레시피 초간단 나들이 <b>도시락</b> 메뉴,https://blog.naver.com/starship89/224019756094,매운 어묵김밥 레시피 초간단 나들이 <b>도시락</b> 메뉴 안녕하세요 부부공감 입니다. 선선한 바람이 부는 가을이라 나들이 가시는 분들 많으실 텐데요! 나들이용 <b>도시락</b>을 생각하면 소풍 느낌도 들고 기분이... ,부부공감 간단 집밥 레시피 :),blog.naver.com/starship89,20250924
도시락 100,오이김밥 만들기 점심<b>도시락</b>메뉴 - 제육김밥,https://blog.naver.com/goollu/224034077460,<b>도시락</b>메뉴 오이김밥 만들기 제육김밥 삼형제엄마 ♡ 엔쮸 연휴가 길어지니까 끼니 떼우는 것도 일이네 ㅋ 애매하게 남은 제육볶음으로 뭐할까 하다가 오이김밥 만들기 시작. 근데 만들고 보니 애들 점심<b>도시락</b>... ,삼형제엄마 ? 엔쮸,blog.naver.com/goollu,20251007
도시락 100,대구 하객버스 <b>도시락</b>! 감사의 마음을 담은 정성 <b>도시락</b>구성,https://blog.naver.com/misseunbin/224048337681,대구 하객버스 <b>도시락</b> 안다미로2014 안녕하세요! 안다미로2014입니다. :) 어느덧 10월 중순이 지나 아침 저녁으로 쌀쌀한 바람이 불기 시작했는데요 결혼하기 좋은 계절인 만큼 안다미로2014의 하객<b>도시락</b>을... ,ANDAMIRO2014 그릇에넘치도록많이 :),blog.naver.com/misseunbin,20251021
도시락 100,유치원 소풍 <b>도시락</b> 싸기 <b>도시락</b>통부터 재료 알려드림,https://blog.naver.com/dony_zzang/224040494534,유치원 소풍 <b>도시락</b> 싸기 <b>도시락</b>통부터 재료 알려드림 요즘 날씨가 아주 춥진않고 살짝 쌀쌀한게 가을 소풍가기 딱 좋은 것 같아요 ! 춘추복 체육복 입고 소풍간 연년생 남매 ㅎ 연년생이다보니 소풍을 하루씩... ,돈블리네 소소한 일상 ♡,blog.naver.com/dony_zzang,20251014
도시락 100,수능<b>도시락</b>통 추천 텀스 투고 보온<b>도시락</b> 4P,https://blog.naver.com/snowcandy19/224038001786,텀스 투고 보온<b>도시락</b> 4P #수능<b>도시락</b>통 #수능보온<b>도시락</b>통 #보온<b>도시락</b>통 #<b>도시락</b>통추천 #수능보온<b>도시락</b> #텀스 #텀스투고보온<b>도시락</b>4P 안녕하시지예~지니어뭉이라예 : ) 오늘도 편안한 하루를 보내고... ,슬기로운,blog.naver.com/snowcandy19,20251011
도시락 100,10월 서울 가볼만한곳 서촌 데이트 통인시장 <b>도시락</b>카페,https://blog.naver.com/amyangela/224044969956,통인시장 <b>도시락</b>카페 후기 전해드릴게요 1. 10월 서울 가볼만한곳 통인시장 주소 : 서울 종로구... 쇠퇴했었으나 <b>도시락</b>카페라는 기발하고 이색적인 아이디어를 도입하며 활기를 되찾았고 현재는 서울의 핫플이... ,태운의 판타스틱 여행이야기,blog.naver.com/amyangela,20251017
도시락 100,다이어트밀프랩 남편<b>도시락</b>으로 준비하는 다이어트식단,https://blog.naver.com/mykim0403/224049213946,"바쁜 일상, 다이어트밀프랩으로 준비하는 남편<b>도시락</b> 준비해봅니다. 아침으로 먹는 직장인 아침<b>도시락</b> 간편하고 건강하게 챙겨보아요. 이번주 다이어트밀프랩재료입니다. 남편은 회사냉장고에 밀프랩을... ",은효맘미미의 행복한 일상,blog.naver.com/mykim0403,20251021
도시락 100,등산<b>도시락</b> 유부초밥토핑 맛살 유부초밥 만들기,https://blog.naver.com/leehumdinger/224039624404,등산<b>도시락</b> 유부초밥토핑 맛살 유부초밥 만들기 운동 별로 안 좋아하던 시골댁이 등산을 즐겨 다닐... 힘들게 오르는 등산도 재밌지만 또 정상에서 먹는 등산<b>도시락</b>과 하산식! 그 어느것 하나도 놓치고 싶지... ,"시골집, 맛있는 이야기",blog.naver.com/leehumdinger,20251015
도시락 100,25년 10월 넷째주 꼬륵 신사본점 메뉴 [<b>도시락</b>맛집],https://blog.naver.com/coreuk/224046230018,"<b>도시락</b>이 필요하신분은 미리 예약부탁드리며 매장으로 연락주시면 자세한 상담도 가능합니다 신사동 꼬륵 본점 카톡 ID : minggyu82 Instagram : 꼬륵 , coreuk_doshirak TEL 02.515.7999 꼬륵은 건강한 <b>도시락</b>을... ",꼬륵수제도시락:요리사가만드는 건강한수제도시락,blog.naver.com/coreuk,20251019
도시락 100,포켓몬스터 포켓몬 마스터볼 <b>도시락</b>통 출시,https://blog.naver.com/ptj0969/224037551126,"스케이터 마스터볼 런치박스 <b>도시락</b>통 가격 2,200엔 인기 만점 포켓몬 마스터볼 <b>도시락</b>통이 등장 310ml로 작은 사이즈이므로 연소자에게 딱 <b>도시락</b> 시간이 기대되네요 용기 본체는 뚜껑을 분리하여 전자레인지... ",에레키맨의 무겐 블로그,blog.naver.com/ptj0969,20251011
도시락 100,어린이집 유치원 가을 소풍 <b>도시락</b> 모음집,https://blog.naver.com/missyou106/224042140276,어린이집 유치원 가을 소풍 <b>도시락</b> 모음집 글 / 사진. 꽃냥이 안녕하세요 쁘니와 함께하는 일상을 기록중인 육아 인플루언서 꽃냥이입니다 학교가면 <b>도시락</b> 쌀일 있겠나? 했는데 까먹고 있던 가을 소풍이... ,lovely nyang,blog.naver.com/missyou106,20251015
도시락 100,광주 직장인 점심 <b>도시락</b> 정기 배달 맛있는 수제<b>도시락</b> 리뷰,https://blog.naver.com/2vivi/224022235747,점심<b>도시락</b>배달이에요. 직접 챙겨 먹기 어려운 상황에서 집밥 같은 따뜻함과 영양까지 챙길 수 있어서 만족도가 정말 높아요. &amp; *전화 문의 : 0507-1489-0448 *카카오톡 플러스친구에서 &quot;현숙희 <b>도시락</b>&quot; 검색 후 문의... ,나스나스한하루,blog.naver.com/2vivi,20250926
도시락 100,대전 한정식 유천동 도담한정식 <b>도시락</b>,https://blog.naver.com/hoiring0102/224049225530,"대전 한정식 유천동 도담한정식 <b>도시락</b> 도담한정식 화-일 11:00 ~ 21:30 15:00 ~ 17:00 브레이크 타임 매주 월요일 정기휴무 주차장 있음, 아기의자 있음 지난주 한정식이 먹고 싶어서 대전 유천동 도담한정식 <b>도시락</b>을... ",호이링네 남매 일상,blog.naver.com/hoiring0102,20251021
도시락 100,귀여운 콩 패턴이 들어간 보온보냉되는 단콩 <b>도시락</b>보냉백,https://blog.naver.com/anythingg_/224041254805,단콩 <b>도시락</b>보냉백 은채맘 ??? ? 육아 | 아기방 인테리어 | 집꾸미기 ?  리빙 인스타그램 @ ju.ee_home  육아 인스타그램 @ eunchae_dragon 요번에 새로 사용해보게 된 귀여운 콩 패턴이 그려진 단콩 <b>도시락</b>보냉백... ,"달이 좋아,",blog.naver.com/anythingg_,20251014
도시락 100,직장인 과일 샐러드 밀프랩 <b>도시락</b>통 옴라이프 후르츠팟,https://blog.naver.com/es_roni/224035233148,요즘 친구들에게 들으면 건강 및 경제적인 마인드로 직장인들 점심 <b>도시락</b> 많이 싸는거 같아요. 저의 경우엔 근무보다는 아이 라이딩 <b>도시락</b>을 많이 챙기는 중인데요. 요즘 눈에 슬슬 들어오는 제품이 바로... ,로니스토리,blog.naver.com/es_roni,20251009
도시락 100,소풍<b>도시락</b> 만들기  가을에 어울리는 연어 주먹밥 레시피,https://blog.naver.com/lkh9007/224049415108,"많죠 <b>도시락</b> 하면 늘 김밥이 먼저 떠오르지만, 오늘은 조금 색다르게 연어주먹밥 레시피를 소개해보려고 해요 보기에도 예쁘고, 한입 크기로 먹기 편해서 <b>도시락</b> 열자마자 옆에 있는 친구들이 “대박! 이거... ",음식에 진심인 Superfoodie,blog.naver.com/lkh9007,20251022
도시락 100,10월 1주차 직장인 <b>도시락</b> | 차돌박이감자조림 | 미트볼파스타,https://blog.naver.com/eooming/224039566437,10월 1주차 직장인 <b>도시락</b> 월 차돌박이감자조림 화 런치데이 수 미트볼파스타 목 루꼴라참치김밥 루꼴라... 이번주도 #점메추 #간단혼밥 #직장인<b>도시락</b> 차돌박이감자조림/브로콜리무침/계란말이 일요일 저녁... ,말랑말랑 집사라이프,blog.naver.com/eooming,20251013
도시락 100,2025 29cm DDP 디자인페어  코코라커 <b>도시락</b>통  밀폐용기,https://blog.naver.com/hoperecipe/224047808624,"코코라커 캔디팟 <b>도시락</b>통 밀폐용기 COCO LOCKER 유난히 사람들이 많았던 코코라커 <b>도시락</b>통, 밀폐용기 작년에 아프고 나서부터 어디갈때에는 아침 <b>도시락</b>을 꼭 싸가고 있어요. 그래서 <b>도시락</b> 용기에... ",밀라의 맛있는 이야기,blog.naver.com/hoperecipe,20251020
도시락 100,서울 가을 데이트 서촌 가볼만한곳 통인시장 엽전<b>도시락</b>,https://blog.naver.com/amyangela/224024084704,"및 <b>도시락</b>카페 이용시간으로는 충분합니다 물론, 자리가 없는 경우가 많으니 대중교통을 타고 오는게... 엽전<b>도시락</b> 흥행의 힘입어 요즘은 서울 내 최고의 관광지가 되었어요 3. 통인시장 <b>도시락</b>카페 위치 자... ",태운의 판타스틱 여행이야기,blog.naver.com/amyangela,20250928
도시락 100,직장인 점심 스텐 <b>도시락</b>통 비교 다소다 vs 락앤락 슬림 <b>도시락</b>,https://blog.naver.com/22sunshine/224041376310,"골라보는 제돈제산 <b>도시락</b> 다소다 vs 락앤락 슬림 <b>도시락</b> 글/사진 ⓒ 순곰 안녕하세요, 순곰입니다 :) 요즘 <b>도시락</b> 싸는 분들 정말 많아진 것 같아요. 물가가 오르기도 했지만, 건강하게 자신에게 맞는 음식을... ",순곰:작은곰 생활기록,blog.naver.com/22sunshine,20251015
도시락 100,보온<b>도시락</b>통 추천 텀스 투고 보온<b>도시락</b> 수능<b>도시락</b>통,https://blog.naver.com/sotfef96/224038617109,보온토시락통 추천 텀스 투고 보온<b>도시락</b> 안녕하세요. 오늘은 디자인이 예쁘고 보온력과 휴대성이 좋은 텀스 투고 보온<b>도시락</b>을 소개해 볼게요. 이제 곧 있을 수험생들 수능<b>도시락</b>통으로 참 잘 어울리는... ,늘 감사의 요리 스케치 Book,blog.naver.com/sotfef96,20251012
도시락 100,수제 햄버거 치즈볼 샐러드 <b>도시락</b> 만들기,https://blog.naver.com/rjf3639/224034716105,<b>도시락</b>만들기 어린이<b>도시락</b> 수제햄버거만들기 치즈볼 샐러드 어린이<b>도시락</b> 저번주 <b>도시락</b>봉사 시간에는 수제 햄버거 치즈볼  샐러드  귤로 채워진 어린이<b>도시락</b> 만들었어요. 치즈볼은 시판제품 사용하였고... ,현진맘 요리이야기,blog.naver.com/rjf3639,20251008
도시락 100,울산 샌드위치 <b>도시락</b> 회사 단체 주문 베리메리 디저트,https://blog.naver.com/sweetydy/224047309748,"샌드위치 <b>도시락</b> 주문해 봤는데 다들 좋아하더라구요 :) 울산 샌드위치 단체 주문 베리메리 디저트는... 단체 <b>도시락</b> 주문 베리메리 디저트에서 제가 주문한 샌드위치 <b>도시락</b>은 비엘티+더치커피, 비엘티+계절과일... ",단슌한블로그,blog.naver.com/sweetydy,20251020
도시락 100,전주수제<b>도시락</b> 군침식탁 다과<b>도시락</b> 단체주문도 가능해요,https://blog.naver.com/sgdb486/224039263664,전주수제<b>도시락</b> 군침식탁 다과<b>도시락</b> 단체주문도 가능해요 날씨가 선선해지고 나들이가기 좋은 날 전주수제<b>도시락</b>주문해서 소풍가기 좋겠더라고요 간단하게 샌드위치랑 과일로만 구성이 되어있어서... ,쏭끼의 방방곡곡 여행기 ??,blog.naver.com/sgdb486,20251015
도시락 100,먹으러 다니는 작업실 기록 간단 <b>도시락</b> 집밥 냉털,https://blog.naver.com/playasong/224042617633,작업실에 혼자 앉아 있으면 이상하게 허기지고 일하러 왔나 먹으러 왔나 <b>도시락</b> 1. 텀블러에 차도... 오자마자 <b>도시락</b> 먹는 건 왜 그러는 거야? 또 왜 이렇게 맛있으며 왜 밥은 적게 싸온 거야? 걱정 마... ,songs about Song,blog.naver.com/playasong,20251015
도시락 100,명란 계란말이 만드는법 수능 <b>도시락</b> 반찬 레시피,https://blog.naver.com/be2141st/224037533477,"명란 계란말이 만드는법 수능 <b>도시락</b> 반찬 레시피 아침 공기가 부쩍 차가워졌다는 걸 느끼는 순간, 문득... 수능 <b>도시락</b>이란 게 단순히 밥과 반찬만 채워넣는 일이 아니잖아요. 시험 보는 날 먹게 될 유일한 한 끼... ",초록스토리,blog.naver.com/be2141st,20251011
도시락 100,스팸계란말이 레시피 수능<b>도시락</b>메뉴 반찬,https://blog.naver.com/leescook/224047837504,스팸계란말이 레시피 스팸계란말이 스팸요리 수능<b>도시락</b>메뉴 오늘부터 갑자기 날씨가 쌀쌀해져 일교차가 많이 큽니다. 감기가 걸리지 않게 조심하세요. 곧 수능이라 수능<b>도시락</b>메뉴나 반찬 고민이신... ,리즈쿡 한식제철밥상,blog.naver.com/leescook,20251020
도시락 100,부천<b>도시락</b>배송 든든하게 한끼 먹을 수 있는 아주식당,https://blog.naver.com/gemma--/224036355209,꿀젬입니다 :) 오늘은 부천<b>도시락</b>배송 가게로 유명한 아주식당에 다녀왔어요. 남편과함께 든든한 점심... 뭔가 정겨운 한식당에 들어가는 느낌이네요 :) 부천 아주식당은 홀도 하지만 회사<b>도시락</b>배송 전문... ,젬마랜드,blog.naver.com/gemma--,20251010
도시락 100,정성담은 부산 수제 <b>도시락</b> 꿀템박스로 점심 해결!,https://blog.naver.com/rlaqhtjd0110/224049713474,"정기 <b>도시락</b> 오늘의 메뉴 *보온 한식 <b>도시락</b>* 백미밥, 콩나물국, 바베큐닭살야채볶음, 양념만두강정, 도토리묵김가루무침, 꽃맛살샐러드, 김치 *샐러드 <b>도시락</b>* 우삼겹 샐러드 직장인분들 중에 자취하시는... ",꿀템박스 도시락,blog.naver.com/rlaqhtjd0110,20251022
도시락 100,"국민대 행사<b>도시락</b> 45인분, 올해는 네이버 본사로 출동했어요!",https://blog.naver.com/kmr098/224047553751,"국민대 행사<b>도시락</b> 45인분, 올해는 네이버 본사로 출동했어요! 안녕하세요. 단체<b>도시락</b> &amp; 출장케이터링 전문 담쓰<b>도시락</b>입니다  이번에는 정말 반가운 인연으로 다시 만나 뵙게 된 국민대학교 행사... ",담쓰도시락 (010-3060-8381),blog.naver.com/kmr098,20251020
도시락 100,10월 3주차 직장인 <b>도시락</b> | 양념소구이 | 토핑 유부초밥,https://blog.naver.com/eooming/224046363703,5월 3주차 직장인 <b>도시락</b> 월 연차 화 런치데이 수 양념소구이와 분홍소세지구이 목 유부초밥 길고 긴 추석이지났어요. 저는 월요일에 연차를 제출한 상태라 화요일에 출근했답니다. 화요일은 런치데이라 <b>도시락</b>... ,말랑말랑 집사라이프,blog.naver.com/eooming,20251019
도시락 100,<b>도시락</b> 일기,https://blog.naver.com/review_on_today/224045717363,"간단하게 <b>도시락</b>을 싸들고 다니는 중인데요 블챌 쓰기 좋은 아이템(?)이라 밥 먹을 때마다 사진 찍어왔습니다ㅋㅋㅋㅋ 먼저 월요일 #스프링롤 일요일에 본가에 있을 때 엄마가 스프링롤을 해주셨는데, <b>도시락</b>으... ",REVIEW ON TODAY,blog.naver.com/review_on_today,20251018
도시락 100,목살 스테이크 으깬 감자샐러드 <b>도시락</b> 만들기,https://blog.naver.com/rjf3639/224049522492,"목살  스테이크 만들기 으깬 감자샐러드 <b>도시락</b>만들기 일주일에 한 번씩 참여하는 <b>도시락</b>봉사도 다음주면 마지막이네요. 이번 요리교실에는 목살스테이크, 감자샐러드, 포도를 넣어 <b>도시락</b>만들기 했답니다.... ",현진맘 요리이야기,blog.naver.com/rjf3639,20251022
도시락 100,직장인 점심 <b>도시락</b> 싸기 <b>도시락</b> 메뉴 10월 1주차,https://blog.naver.com/limhyunae/224037202689,"직장인 점심 <b>도시락</b> 싸기 <b>도시락</b> 메뉴 10월 1주차 이 포스팅은 쿠팡 파트너스 활동의 일환으로, 이에 따른 일정액의 수수료를 제공받습니다 추석 연휴가 있어서 고민을 하다가 그래도 나름 평일 며칠 안되는데... ",달달한 그녀의 일상,blog.naver.com/limhyunae,20251012
도시락 100,<b>도시락</b>가방 만들기 가방만들기 재봉틀 취미,https://blog.naver.com/rjf3639/224048252800,가방만들기 <b>도시락</b>가방만들기 가방 재봉틀 미싱 취미생활 재봉수업 듣고 요즘 집에서 짬짬이 취미생활로 유튜브 보면서 가방만들기 등 미싱을 열심히 돌리고 있어요. 빨간 <b>도시락</b> 가방은 3번째로 만든 가방인데... ,현진맘 요리이야기,blog.naver.com/rjf3639,20251021
도시락 100,다용도 <b>도시락</b>통 4종 추천 직장인 피크닉 모두 만족!,https://blog.naver.com/needcomall/224049739162,"안녕하세요 니드코입니다 선선한 가을바람이 기분 좋은 요즘, 피크닉 떠나시는 분들, 회사에 <b>도시락</b> 챙겨 다니는 분들 많으시죠?  그래서 오늘은 직장인 <b>도시락</b>용으로도, 피크닉 <b>도시락</b>용으로도 딱 좋은... ","프리미엄 리빙 브랜드, 니드코",blog.naver.com/needcomall,20251022
도시락 100,텀스 일체형보온<b>도시락</b> 추천 대용량 직장인<b>도시락</b>통으로 딱!,https://blog.naver.com/raphaelachoi/224038834976,"보온력과 실용성을 모두 갖춘 텀스 일체형 보온<b>도시락</b>, 직장인 점심 <b>도시락</b>으로 딱이에요. 요즘 외식 물가가 너무 올라 점심을 직접 싸 다니는 직장인들이 많죠. 저도 몇 번 <b>도시락</b>을 챙겨봤는데, 늘 불편했던 게... ",푸디레의 미식일기,blog.naver.com/raphaelachoi,20251012
도시락 100,식빵 불고기 피자 &amp; 국물떡볶이 <b>도시락</b> 만들기,https://blog.naver.com/rjf3639/224041802369,긴 연휴가 끝나고 <b>도시락</b>만들기 봉사 다녀 왔어요. 이번주 메뉴는 식빵 불고기피자와 국물떡볶이 랍니다. 아이들이 먹을 <b>도시락</b>이라 좋아하는 메뉴로 채워진 <b>도시락</b>만들기 ♡ 국물떡볶이와 함께 곁들인 삶은... ,현진맘 요리이야기,blog.naver.com/rjf3639,20251015
도시락 100,말차식혜 &amp; 유부초밥 <b>도시락</b>,https://blog.naver.com/hi_angie/224027510093,회의갔다가 간식으로 <b>도시락</b>을 받았거든요 나름 알찬 구성이었는데요 식혜도 함께 받아서 말차를 섞어... 여기 <b>도시락</b>을 종종 회의 간식으로 받는데 아마 가격을 잘 맞춰주시는게 아닌가 생각ㅋㅋㅋ 유부초밥... ,오늘의 레시피,blog.naver.com/hi_angie,20251011
도시락 100,간단한 <b>도시락</b> 만들기 분홍소세지 요리 추억의 옛날 <b>도시락</b>,https://blog.naver.com/djanus/224044612701,언제 먹어도 맛있는 간단한 <b>도시락</b> 만들기 옛날<b>도시락</b> 스타일 분홍소세지 요리 + 볶음김치 친정에서 잔멸치볶음을 한 통 얻어오니 문득 '옛날 <b>도시락</b>'이 생각났어요. 이 조합은 정말 싫어할 수가 없죠! 생각난... ,미니멀쿡의 미니멀 레시피,blog.naver.com/djanus,20251017
도시락 100,가을 피크닉 <b>도시락</b> &lt;소시지 롤업 토스트&gt;,https://blog.naver.com/ggya0000/224028557893,초간단 피크닉 <b>도시락</b> 소시지 롤업 토스트 소시지가 건강한 음식은 아니지만 어른 아이 할 것 없이... 그냥 소시지에 밥+김만 말아서 <b>도시락</b>통에 담아 나가서 먹으면 그 마저도 꿀맛인 소시지! 저는 식빵을... ,봄의 한 순간,blog.naver.com/ggya0000,20251001
도시락 100,CU 편의점 <b>도시락</b> 한끼만족 7첩반상,https://blog.naver.com/orbyun/224034951153,본격적으로 CU<b>도시락</b> 7첩반상을 간단하게 리뷰하기에 앞서 풀어야 할 썰이 한바가지다. 원래는 편의점 <b>도시락</b>을 먹을 생각이 1도 없었다. 어젯밤 남편이 버거킹 시동을 부릉부릉 걸길래 트러플 머쉬룸... ,옥상상추 달콤한 아이스크림,blog.naver.com/orbyun,20251008
도시락 100,"부산 단체 <b>도시락</b>, 퀄리티 높은 꿀템박스",https://blog.naver.com/rlaqhtjd0110/224044294603,"부산 금정구에 위치한 단체 <b>도시락</b>, 정기 및 샐러드 <b>도시락</b> 전문 꿀템박스입니다 최근 많이 쌀쌀해졌어요. 이렇게 쌀쌀할 때 야외 행사가 있으면 식사를 더욱 신경 쓰게 되잖아요 혹시나 식으면 만족도가... ",꿀템박스 도시락,blog.naver.com/rlaqhtjd0110,20251017
도시락 100,"질리지 않고 먹는 부산, 양산 정기 <b>도시락</b> 꿀템박스",https://blog.naver.com/rlaqhtjd0110/224041857686,"정기 <b>도시락</b> 오늘의 메뉴 *보온 한식 <b>도시락</b>* 백미밥, 무채국, 닭갈비, 해물동그랑땡조림, 맛살냉채, 양파간장절임, 김치 *샐러드 <b>도시락</b>* 우삼겹 샐러드 부산, 양산 직장인분들, 점심 식사는 어떻게... ",꿀템박스 도시락,blog.naver.com/rlaqhtjd0110,20251015
도시락 100,일체형보온<b>도시락</b> 반찬 메뉴 수능<b>도시락</b>통추천,https://blog.naver.com/gtbaby35/224037800592,그래서 수능시 챙겨 갖고 가기 좋고 다양한 메뉴를 담아서 골고루 챙겨 주면서 사용할 수 있는 수능<b>도시락</b>통 제품으로 사용하기에도 좋은 텀스 일체형보온<b>도시락</b> 사용해서 <b>도시락</b> 메뉴 정해봤어요. 텀스... ,5인 가족 집밥 레시피,blog.naver.com/gtbaby35,20251011
도시락 100,광주수제<b>도시락</b> 버스대절음식 조찬으로 준비했어요,https://blog.naver.com/rhkrekfgo1/224047751418,광주수제<b>도시락</b> 버스대절음식 조찬으로 준비했어요 달쌤키친입니다. 오늘부터 갑자기 확 추워진... 오늘 저희 달쌤키친에서는 버스대절음식 조착<b>도시락</b>으로 준비해드린 <b>도시락</b> 구성 소개를 해보려고 해요.... ,광주수제도시락 달쌤키친,blog.naver.com/rhkrekfgo1,20251020
도시락 100,<b>도시락</b> 데코픽 주먹밥틀 사 모으기,https://blog.naver.com/poorso/224044123961,저 김펀치에 가위로 자르기 힘든 작은 동그라미가 있음 플라스틱은 필요 없단 말이다ㅠㅠ 그래도 삼 식빵 커터도 사고 <b>도시락</b> 픽도 삼 ㅋ 다이소에 천원짜리 픽도 샀는데 역시 일본픽이 예뻐... <b>도시락</b> 한번... ,쏘가의 행복한공간 :D,blog.naver.com/poorso,20251017
도시락 100,&lt;추석연휴&gt;따뜻한 <b>도시락</b>에 마음담아 배달했다,https://blog.naver.com/ksl150400/224032756282,"점심 <b>도시락</b>을 전해드리려고 해요. 저희가 식당은 알아볼 텐데... 혹시 배달을 좀 도와주실 수 있을까요?... 그리고 어제, 드디어 첫 번째 <b>도시락</b> 배달 봉사날이다. 우리 봉사자들과 함께 약속된 식당으로 <b>도시락</b>을... ",지혜옷수선,blog.naver.com/ksl150400,20251005
도시락 100,가을 나들이부터 겨울 <b>도시락</b>까지! 보온보냉백,https://blog.naver.com/korea_gift/224049651018,"가을엔 따뜻한 커피와 간식을, 겨울엔 따끈한 <b>도시락</b>을 챙기기에 딱 좋은 필수 아이템! 오늘은... 그래서 <b>도시락</b> 가방, 나들이용, 출근용, 캠핑용으로 다양하게 활용 가능해요.  ? 보온보냉 기능으로 사계절... ",판촉물을 고려하라! 고려기프트(주),blog.naver.com/korea_gift,20251022
도시락 100,아기<b>도시락</b> 슈슈아띠 <b>도시락</b>통 내돈내산 후기,https://blog.naver.com/herotvfxq5/224046687869,엄마들은 소풍 때마다 <b>도시락</b> 예쁘게 싸기 전쟁을 하시더라고요.. 저번 소풍에 수능<b>도시락</b>을 싸간 전적이 있어서^^.. 이번에는 조금 골고루라도 싸줘보려고 이것저것 찾아보다가 슈슈아띠 <b>도시락</b>이 예쁘고... ,분홍이와 함께하는 육아일상,blog.naver.com/herotvfxq5,20251019
도시락 100,투고 보온<b>도시락</b>가방 수능<b>도시락</b>통 추천,https://blog.naver.com/choco135kr/224036829499,투고 보온<b>도시락</b>가방 수능<b>도시락</b>통 추천 안녕하세요^^ 주변분들과 대화를 하다보면 점심<b>도시락</b> 챙겨 다니시는분들이 생각보다 정말 많으시더라고요 또 수능이 얼마 안 남아서 수능<b>도시락</b>통 뭐가 좋을까..... ,평범한듯 특별한 꽃길이네,blog.naver.com/choco135kr,20251010
도시락 100,<b>도시락</b> 반찬 추천 동원몰 양반 계란옷 입힌 새우부추완자,https://blog.naver.com/elarpi/224047120002,"<b>도시락</b> 반찬 추천 동원몰 고소하고 부드러운 &quot;양반 계란옷 입힌 새우부추완자&quot; 여러분, 혹시 요즘 어떤... 아이들 반찬은 물론 <b>도시락</b> 반찬으로도 좋고 명절 제수 음식 준비할 때 간편하면서도 맛있는 만능... ",엘라피 愛 맛있는여행,blog.naver.com/elarpi,20251020
도시락 100,"북한강 따라 달리자, 자전거와 <b>도시락</b> 한 끼",https://blog.naver.com/gostcij/224034468655,"그날은 시작 전까지 비가 내려 살짝 긴장했지만, <b>도시락</b>을 드실 때쯤 거짓말처럼 비가 그치며... 보라시골 정원에서 따뜻한 <b>도시락</b>을 즐기는 사이, 하늘은 어느새 맑아졌고 본격적인 라이딩이... ",보라시골 & 서미순나물연구소,blog.naver.com/gostcij,20251008
도시락 100,명동 <b>도시락</b> 케이터링 명동덮밥<b>도시락</b>,https://blog.naver.com/ihyoo1/224037628740,명동 메이원호텔 지하에 있는 명동덮밥 <b>도시락</b>은 <b>도시락</b> 케이터링 전문 식당이다. <b>도시락</b> 케이터링 전문점 명동덮밥 도시갈은 명동역에서도 가까운 편으로 남산 나들이 할때 여기서 <b>도시락</b> 포장해서 가면... ,매일매일 행복하게,blog.naver.com/ihyoo1,20251013
도시락 100,<b>도시락</b>일기 직장인 점심 <b>도시락</b> 싸기 25년 10월 13일 월요일,https://blog.naver.com/lattia/224039548347,"2025년 10월 13일 월요일 &lt;<b>도시락</b>통&gt; 무인양품 MUJI <b>도시락</b>통 &lt;메뉴&gt; 주메뉴 사과, 찐당근, 찐표고버섯, 찐달걀 소스 땅콩버터, 들기름, 소금, 후추 견과류 유가원 데일리 믹스넛츠 음료 매일두유 99.9 &lt;식사후기... ",Lattia's Metasequoia,blog.naver.com/lattia,20251013
도시락 100,<b>도시락</b> 생활자,https://blog.naver.com/poohcey/224043982755,"요즘 <b>도시락</b>을 싸고 있어요. 대체로 신랑이 먹을 <b>도시락</b>이고, 가끔 제 것도 싸가지고 출근합니다. 한 달 정도 되었는데, 생각보다 괜찮더라고요. '<b>도시락</b>을 어떻게 싸가지고 다녀, 아침에 안 그래도 바쁜데...... ",읽고 쓰는 삶,blog.naver.com/poohcey,20251017
도시락 100,다이소 꿀템 유아 유치원 <b>도시락</b>통 어린이집 소풍<b>도시락</b> 준비,https://blog.naver.com/missyou106/224035759713,어린이집 소풍<b>도시락</b> 유아 유치원 <b>도시락</b>통 다이소 꿀템으로 준비 글 / 사진. 꽃냥이 안녕하세요 육아 인플루언서 꽃냥이입니다 가을이라 그런지 주변에서 소풍<b>도시락</b>에 관련된 이야기가 많이들려오네요!!... ,lovely nyang,blog.naver.com/missyou106,20251009
도시락 100,gs25 혜자로운 추석명절<b>도시락</b> 내돈내산 후기,https://blog.naver.com/ks1058/224024475944,"명절 기분 내볼려고 구입해 본 gs25 추석명절<b>도시락</b> 딱 기분만 내기 좋은 <b>도시락</b>이었다. gs25 혜자로운 추석명절<b>도시락</b> 가격 &amp; 영양 정보 가격 : 6,600원 중량 : 534g 열량 : 976kcal 처음엔 혜자롭다.. 이가격에... ",직접 맛보고 체험하고 리뷰,blog.naver.com/ks1058,20250928
도시락 100,한솥<b>도시락</b> 10월 신메뉴 후기 치즈 돈카츠,https://blog.naver.com/limhyunae/224042145679,한솥<b>도시락</b> 10월 신메뉴 후기 치즈 돈카츠 오랜만에 한솥<b>도시락</b> 다녀왔어요 요즘 외식물가가 어마어마해서 점심 식대 기본 만원은 넘어가잖아요? 그런데 최대한 식대를 커버할 수 있는 곳이 한솥<b>도시락</b>이에요... ,달달한 그녀의 일상,blog.naver.com/limhyunae,20251015
도시락 100,SUS304 런치박스 어린이<b>도시락</b> 식판<b>도시락</b> 추천,https://blog.naver.com/ilove1018/224047939332,스텐<b>도시락</b> 추천합니다 !! 요즘 가을 소풍 많이들 다니고 계신가요? 지지남매맘도 지지남매들이랑... 나들이 나가기전에 간단하게 <b>도시락</b>을 준비해서 나들이소풍가서 먹으면 집에서 먹는거보다 더 맛있는거... ,지지맘's 소소한 행복,blog.naver.com/ilove1018,20251020
도시락 100,다이소 추천템 주방 2칸 밀폐용기  간단 <b>도시락</b> 반찬,https://blog.naver.com/djanus/224046410762,"다이소 추천템 주방 2칸 밀폐용기 간단 <b>도시락</b> 반찬 통 다이소 추천템 네오플햄 엠버 유리 밀폐용기 2컨 나눔 580ml 1개 3,000원 간단 <b>도시락</b> 반찬 만들기 베이컨은 뜨거운 물에 살짝 데친 후 노릇 노릇 구워줍니다... ",미니멀쿡의 미니멀 레시피,blog.naver.com/djanus,20251019
도시락 100,스타벅스 수능기프트 써모스 보온병 수능 <b>도시락</b>,https://blog.naver.com/joo_cat_85/224039428660,스타벅스 수능 기프트 보온<b>도시락</b> 보온병 텀블러 키링 파우치 01. 클로버 써모스 보온<b>도시락</b> 1140ml 보온<b>도시락</b>은 연마제 제거를 따로 하지 않고 주방세제로 쓱- 씻고 첫 사용하면 된다고 해요! 좋은데?... ,18년차 고양이집사,blog.naver.com/joo_cat_85,20251013
도시락 100,9월 4주차 직장인 <b>도시락</b> | 구운야채카레 | 돼지고기야채볶음,https://blog.naver.com/eooming/224039548907,9월 4주차 직장인 <b>도시락</b> 월 구운야채카레 화 런치데이 수 돼지고기야채볶음 목 연차 #점메추 #간단혼밥 #직장인<b>도시락</b> 명절 연휴 잘 보내셨나요? 벌써 10월이다 싶었는데 <b>도시락</b> 포스팅은 2주나 밀린거 있죠.... ,말랑말랑 집사라이프,blog.naver.com/eooming,20251013
도시락 100,(푸드스토리)  Sh수협은행 다과박스 / 다과<b>도시락</b>,https://blog.naver.com/catering_foodstory/224037674710,#푸드스토리 #케이터링 #다과박스 #푸드스토리케이터링 #박스푸드스토리 #디저트<b>도시락</b> #샌드위치다과박스 #디저트다과박스 #Sh수협다과박스 #광진구다과박스 #광진구<b>도시락</b> #서울다과박스... ,푸드스토리 케이터링,blog.naver.com/catering_foodstory,20251016
도시락 100,직장인 간단 <b>도시락</b> 다이어리,https://blog.naver.com/phyuna00/224050028956,"그동안 싸온 <b>도시락</b>들을 모아봤어요. 저는 밥, 국, 반찬을 따로 챙기기보단 한 팬에 다 넣고 뚝딱 만들어서 <b>도시락</b>에 담는 스타일이에요  아침에 아들 식사 챙기면서 만드는 메뉴들이라 자연스럽게 제 점심... ",웰가 홀릭,blog.naver.com/phyuna00,20251022
도시락 100,수능<b>도시락</b>메뉴 락앤락 올핏보온<b>도시락</b> 수험생 점심 싸는법,https://blog.naver.com/boru130/224050041162,13 목요일 벌써 코앞으로 다가왔네요 모든 수험생 여러분들 화이팅 입니다 수험생들도 마지막 스퍼트에 힘들겠지만 사실 어머님들도 수능<b>도시락</b>메뉴로 고민이 많으시더라고요 오늘은 락앤락 올핏보온<b>도시락</b>... ,보루빵네 먹고놀고사는 이야기,blog.naver.com/boru130,20251022
도시락 100,전대병원<b>도시락</b> 정성과 온기를 담은 든든한 한끼,https://blog.naver.com/rhkrekfgo1/224050036847,전대병원<b>도시락</b> 정성과 온기를 담은 든든한 한끼 안녕하세요 달쌤키친입니다^^ 어느덧 올해도 100일도... 오늘 포스팅은 전대병원<b>도시락</b>으로 보내드린 메뉴 구성이구요. 한우불고기전복<b>도시락</b>으로... ,광주수제도시락 달쌤키친,blog.naver.com/rhkrekfgo1,20251022
영양제 100,식물성 멜라토닌 <b>영양제</b> 효과 및 입면안정제 후기,https://blog.naver.com/chnhi/224049586666,"식물성멜라토닌 <b>영양제</b>를 찾아보기 시작했어요  가격만 싼 제품보다 성분, 함량, 인증을 먼저 보자는... 4주 사용 기록, 몸이 반응하는 순서를 적어봅니다 1주차에는 식물성멜라토닌 <b>영양제</b>를 밤 11시 기준... ",이선생의 건강 탐구 노트,blog.naver.com/chnhi,20251022
영양제 100,콜라겐 많은 음식 &amp; 콜라겐 효능 &amp; 콜라겐 <b>영양제</b> 추천,https://blog.naver.com/herbalmam/224049972328,콜라겐 <b>영양제</b> 하나쯤은 챙겨드시죠? 특히 가을철에는 피부관리에 신경을 쓰는 이유가 부쩍 건조하고 탄력이 없어서 환절기에 피부관리 어떻게 해야 할지? 고민하시는 것 같아요!! 예전 같으면 <b>영양제</b> 뭐라도... ,멋쟁이엄마,blog.naver.com/herbalmam,20251022
영양제 100,"강아지 관절<b>영양제</b> 추천, CMG 제약 슬개골 탈구 예방 <b>영양제</b>",https://blog.naver.com/love2466812/224048488334,"강아지 관절<b>영양제</b> 추천! 강아지 슬개골 탈구 예방 우리 집 말티즈 감자는 활발한 소형견이에요.... 그래서 수의사 조언대로, 강아지 관절<b>영양제</b>부터 챙기기로 했어요. 문제는 시중에 너무 많은 강아지 <b>영양제</b>가... ",말티즈 감자 princess,blog.naver.com/love2466812,20251021
영양제 100,남성 탈모 <b>영양제</b> 리포좀비오틴 케라니민 섭취 후기 및 추천,https://blog.naver.com/jasonmoondistri/224049627502,그런 과정에서 남자 탈모 <b>영양제</b>로도 여자들도 같이 편하게 챙길 수 있는 케라니민정을 소개받게 됐습니다. 1. 남자 탈모 <b>영양제</b> 여자도 필요할까 일단 이런 탈모<b>영양제</b>를 살펴본 것 중 하나는 비오틴 여부에... ,"꾸준한 한걸음, 오늘보다 나은 내일을 기대합니다.",blog.naver.com/jasonmoondistri,20251022
영양제 100,강아지 관절<b>영양제</b> 관절염 보조제 급여 후기,https://blog.naver.com/khy920630/224049935529,진짜 강아지 관절<b>영양제</b> 찾는다면 바른뉴트리펫 강츄조인트 톡톡 율무는 3살 말티푸입니다. 올해 초... 저희가 선택한 관절<b>영양제</b>는 바른뉴트리펫 강츄조인트 톡톡입니다. 제가 살펴본 제품들 중 완제품... ,키튼쿨,blog.naver.com/khy920630,20251022
영양제 100,강아지 관절<b>영양제</b> 역시 CMG제약! 슬개골 <b>영양제</b>부터 퓨레... ,https://blog.naver.com/gjgmldus71/224048227248,강아지 관절<b>영양제</b> 역시 CMG 제약! 슬개골 <b>영양제</b>부터 퓨레 간식까지 글. 사진. 영상 ? 미르맘 반려견을 키우는 집이라면 한 번쯤 관절 문제 겪거나 걱정해 보셨을 거예요 특히 소형견에게 흔한 슬개골 탈구는... ,웃는 개님 미르,blog.naver.com/gjgmldus71,20251021
영양제 100,강아지 슬개골 탈구 예방 관절보감 <b>영양제</b> 6개월 급여후기,https://blog.naver.com/krhera/224049549629,저는 이게 바로 6개월 동안 꾸준히 급여해온 ‘관절보감’ 강아지 슬개골 <b>영양제</b> 덕분이라고 생각하고요. 기호성도 좋아 간식처럼 급여하고 있는 관절<b>영양제</b> 쿨이에게 6개월간 급여해 본 변화와 솔직후기... ,쿨이네 일상 이야기,blog.naver.com/krhera,20251022
영양제 100,다이소 <b>영양제</b> 종류 다양함 5천원으로 챙기는 건강기능식품,https://blog.naver.com/zaja1972/224047989498,다이소의 끝은 어디일까요?ㅎㅎ 약국에서만 구입이 가능한 줄 알았던 여러 종류의 <b>영양제</b>들을 이제는 다이소에서도 구입이 가능하니 말이죠. 얼마전 알게된 다이소 <b>영양제</b> 종류를 간단하게 소개해... ,가을사랑의 행복을 꿈꾸는 곳,blog.naver.com/zaja1972,20251020
영양제 100,간수치 원인 효과 좋은 <b>영양제</b>로 잡은 이야기,https://blog.naver.com/ehdus85/224047737919,"병원에 방문해 상담도 받아보거나 약사님께 조언을 구하기도 했는데 그러던 중 간 건강에 좋다는 여러 <b>영양제</b> 정보를 접하게 된거에요. 많은 종류 <b>영양제</b> 중에 어떤 게 남편에게 가장 적합할지, 또 실제로 효과를... ",Journey with the Son,blog.naver.com/ehdus85,20251020
영양제 100,아이 키 크는 법 성장기 <b>영양제</b> 키클래오 HT042,https://blog.naver.com/tbcatshj/224049271025,그래서 좀 더 확실한 서포트를 위해 키 성장 <b>영양제</b>를 챙겨주고 있어요. 숙면을 위한 생활 습관... 아이 키 크는 법 정보가 과도하게 많은 요즘 키 성장 <b>영양제</b>도 뭐가 맞는지 잘 모르겠다 싶을 때가 많은데요.... ,느릿하게 따스하게_넷,blog.naver.com/tbcatshj,20251022
영양제 100,"고양이 유산균, CMG제약 <b>영양제</b> 및 다이어트 간식 추천",https://blog.naver.com/esallye/224047842043,"고양이 유산균 &amp; 고양이 <b>영양제</b> 메타바이오틱스 플렉스 펫 인플루언서 @앙꼬냥 저희 첫째냥 앙꼬는... 최근에는 고양이 <b>영양제</b>가 단순한 보조식품을 넘어 고양이 간식처럼 자리를 잡으면서, 어떤 <b>영양제</b>를... ","앙버터냥, 앙꼬랑 버터랑♡",blog.naver.com/esallye,20251020
영양제 100,"고양이 면역력 <b>영양제</b>, 노묘 <b>영양제</b> 한 가지만 골라야 한다면?",https://blog.naver.com/wjdwlsrock/224047785552,면역력 <b>영양제</b> 로 많이들 먹이시길래 저도 한번 급여를 해봤답니다 좋은 점이 꽤 많아 노묘 <b>영양제</b> 로 한 가지만 먹여야 한다면 이걸 먹여야겠다.. 라고 생각할 정도로 이점들이 많았어요 사료에 이미 들어가... ,비비테,blog.naver.com/wjdwlsrock,20251020
영양제 100,강아지관절<b>영양제</b>+강아지 다이어트 간식 = CMG 제약,https://blog.naver.com/bigchon_/224048074937,강아지관절<b>영양제</b> + 강아지 다이어트 간식 = CMG 제약 추천 ? 빅숑동토미 반려견을 키우면서 꼭... 강아지관절<b>영양제</b>도 꾸준히 챙겨주고 있어요! 그런데 <b>영양제</b>라고 하지만 실제로는 성분도 함량도 부족한... ,동구밖 촘촘이길 ??,blog.naver.com/bigchon_,20251021
영양제 100,강아지치석 신시어리 반려동물 딥케어 <b>영양제</b> 입냄새,https://blog.naver.com/hooddy/224049254683,오늘은 노령견 키우시는 분들에게는 정말 필수템이 될 <b>영양제</b>를 소개해드리려고 해요 둥이는 13년... 만한 <b>영양제</b>를 찾고 찾다가 너무 좋은제품을 알게되어서 소개해드리려구요!!! [ 신시어리 반려동물 딥케어... ,on / off,blog.naver.com/hooddy,20251021
영양제 100,"강아지 노견 종합 <b>영양제</b> 디어랩스 33% 할인 받는 방법, 울애기... ",https://blog.naver.com/happypanchok/224049583464,"울애기쌩쌩 강아지 종합<b>영양제</b> 강아지 5대 건강 한번에 관리 &quot;디어랩스 울애기쌩쌩 강아지 종합<b>영양제</b>&quot;가 60일분 대용 33% 할인으로 28,700원에 나왔습니다 정가 44,500원에서 무려 15,800원이나 저렴해졌어요.... ",애드공감,blog.naver.com/happypanchok,20251022
영양제 100,"유아 약국<b>영양제</b> 도담도담 트리플비타 후기, 가격",https://blog.naver.com/kirke84/224049235057,도담도담 트리플비타는 약국에서 구입이 가능한 일반의약품으로 어린이 종합비타민 <b>영양제</b>에요. 지난달 한 박스 구입 후 벌써 거의 다 먹어가고 있습니다 ㅎㅎ 트리플비타액은 액상 타입의 짜먹는 <b>영양제</b>이... ,둥이맘의 즐거운 재테크,blog.naver.com/kirke84,20251021
영양제 100,대상포진<b>영양제</b> 섭취 시 라이신 병행해야 하는 이유,https://blog.naver.com/ari06050605/224047701956,대상포진<b>영양제</b> 섭취 시 라이신 병행해야 하는 이유 어느 날 몸의 한쪽에서만 아픔이 느껴지신적... 이러한 증상이 나타났을때 많은 사람들이 대상포진<b>영양제</b> 챙긴다고 하더라고요. 이 바이러스는 헤르페스의... ,TENDERandROSE,blog.naver.com/ari06050605,20251020
영양제 100,강아지 <b>영양제</b> 추천 면역력 개선 애견<b>영양제</b>,https://blog.naver.com/khy920630/224048907837,"그러고는 펜트리로 달려가 애견<b>영양제</b>부터 챙겼답니다. 율무는 평소 무른 변을 자주 보는데, 이렇게 갑자기 날씨가 추워지면 백발백중이거든요. 그런데 올 초부터 강아지 <b>영양제</b>를 급여한 뒤부터 환절기에도... ",키튼쿨,blog.naver.com/khy920630,20251021
영양제 100,마그네슘 <b>영양제</b> 효능 부작용 수면 섭취시간,https://blog.naver.com/moroningstar/224048949887,"최근에는 피로 회복, 근육 이완, 신경 안정 등 다양한 마그네슘 <b>영양제</b> 효능이 알려지면서 많은... 마그네슘 <b>영양제</b> 효능 ? 몸의 균형을 잡다 Magnesium은 우리 몸의 300가지 이상 효소 반응에 관여하는 필수... ","매일향의 생각 도화지, 생활 속 건강한 삶",blog.naver.com/moroningstar,20251021
영양제 100,청소년 키크는 <b>영양제</b> 꼼꼼하게 고르는 법 키클래오042 선택... ,https://blog.naver.com/kangsncs/224048429139,청소년 키크는 <b>영양제</b> 꼼꼼하게 고르는 법 키클래오042 선택 이유 안녕하세요. 육아 인플루언서 내루입니다. 요즘 주변 엄마들 사이에서도 청소년 키크는 <b>영양제</b> 이야기가 참 많죠. 특히 중학생 시기에는... ,워킹맘의 저녁육아,blog.naver.com/kangsncs,20251021
영양제 100,간장약 지방간 있다면 부담없이 먹기 죻은 천연 <b>영양제</b>로,https://blog.naver.com/arisui/224047750935,요즘은 간 <b>영양제</b> 리파포틴을 먹이는 중인데 조금씩 피로감이 줄어드는 것 같아 마음이 한결 놓이는듯... 혹시나 중간에 아기라도 가진다면 아이에게 피해가 될까봐 최대한 순한 <b>영양제</b> 수준의 간 보조제를... ,핑크훅의 신나는 라이프,blog.naver.com/arisui,20251021
영양제 100,직장인 다이어트 수월했던 <b>영양제</b>,https://blog.naver.com/ehdus85/224049771235,밸런스는 <b>영양제</b>로 맞춰주는 것이 훨씬 긍정적이고 편하게 느껴졌는데요 동료는 제가 직장인... 좋은 <b>영양제</b>가 필요했대요 그 와중에 일본에서 직구로 구매할 수 있는비라이토를 봤는데 워낙 후기가 좋아 믿고... ,Journey with the Son,blog.naver.com/ehdus85,20251022
영양제 100,자라나는 성장기 어린이 키크는 <b>영양제</b> 추천 3개월 후기,https://blog.naver.com/hyein1229/224048988581,자라나는 성장기 어린이 키크는 <b>영양제</b> 추천 3개월 후기 요즘 주변 아이들을 보면 눈에 띄게 크는... 그래서 지난 3개월간 성장기 <b>영양제</b>를 꾸준히 먹이며 관찰해 봤어요. 마른 체형이라도 기초 영양은 꼭... ,날라리엄마의 365일,blog.naver.com/hyein1229,20251021
영양제 100,강아지기관지<b>영양제</b> 수의사가 만든 집밥리메디R,https://blog.naver.com/gyk918/224049695774,강아지기관지<b>영양제</b>라도 꾸준히 먹이자는 생각으로 준비한 집밥리메디R 강아지<b>영양제</b> 입니다 :) 수의사가 만든 강아지기관지<b>영양제</b>라는 점이 마음이 놓였어요 아이들 체중에 따른 권장 급여량이 적혀 있으니... ,투덜투덜 토깽이 일상??,blog.naver.com/gyk918,20251022
영양제 100,당뇨<b>영양제</b> 초기부터 챙기는 이유,https://blog.naver.com/rabbitmom_/224047953793,"생활건강 당뇨초기<b>영양제</b> 나의 꾸준템 @글, 사진 라이프인플루언서 토순맘 요즙 습관적으로 식사 후에... 섭추가 많은 분들과 함께 식후 혈당 관리에 관심이 있다면 어떠실까요?! #당뇨<b>영양제</b> #당뇨초기<b>영양제</b>",오감발달 토순이네 긍정육아,blog.naver.com/rabbitmom_,20251020
영양제 100,다리 힘이 약해진 강아지를 위한 관절관리 강아지<b>영양제</b>... ,https://blog.naver.com/taehee09/224047808297,"BONE A PETY joint caps 다리 힘이 약해진 강아지를 위한 관절관리 강아지<b>영양제</b> 조인트캡스 안녕하세요.... 강아지 다리 절뚝일 때는 우선 무리한 운동을 피하고, 체중 조절과 함께 강아지<b>영양제</b>를 챙겨주는 게... ",뒷북치는 포스팅,blog.naver.com/taehee09,20251020
영양제 100,피부에좋은<b>영양제</b> 판토텐산 꾸준섭취템,https://blog.naver.com/bc586/224048162599,생각을 하다가 떠올린 것이 피부에좋은<b>영양제</b>. 피부에좋은<b>영양제</b>는 간단하게 섭취할 수 있고 이정도는 잘 챙길 수 있을 거라 생각. 피부에좋은<b>영양제</b> 먹어야겠다 생각하고 제품을 여러가지 알아보기 시작. 좋은... ,쭈니야 놀자,blog.naver.com/bc586,20251021
영양제 100,알부민의효능 먹는 알부민<b>영양제</b>효능 주의점 섭취법,https://blog.naver.com/coconara270/224049804491,"알부민의효능 먹는 알부민<b>영양제</b>효능 주의점 섭취법 요즘 들어 피로가 잘 쌓이고, 붓기나 체력 저하가... 오늘은 알부민의효능, 알부민<b>영양제</b>효능 대해 정리해보려 합니다. 알부민의효능 알부민 혈액 내... ",건강 리빙 육아 인플루언서,blog.naver.com/coconara270,20251022
영양제 100,면역력 <b>영양제</b> 추천 및 섭취 후 변화 후기 기록일지!,https://blog.naver.com/limja00/224047770094,"면역력 <b>영양제</b> 추천 및 섭취 후 변화 후기 기록일지!  궁금해하시는 정보는 댓글에 적겠습니다... 그래서 그다음으로 챙긴 게 비타민C, 유산균, 아연 같은 기초 면역력 <b>영양제</b>였다. 어쨌든 기본은... ",내맘이야,blog.naver.com/limja00,20251021
영양제 100,"관절 <b>영양제</b>, 관절에 좋은 <b>영양제</b> 똑똑하게 고르는 방법",https://blog.naver.com/greenvil27/224048996626,"관절에 좋은 <b>영양제</b>, 똑똑하게 고르는 방법 안녕하세요, 밤에는 날씨가 아주 쌀쌀해졌네요. 나이가... 관절 건강은 우리 삶의 질과 직결되는 만큼, 많은 분들이 관절 <b>영양제</b>에 관심을 갖고 계십니다. 하지만... ",시온의 살림,blog.naver.com/greenvil27,20251021
영양제 100,강아지 관절<b>영양제</b> 관절염 슬개골탈구 슬개골 <b>영양제</b>,https://blog.naver.com/blue_bells82/224049034621,강아지 관절<b>영양제</b> 강아지 관절염 슬개골탈구 관리 강아지 슬개골 <b>영양제</b> 반려견과 함께 지내다 보면 점프를 좋아 하는 아이들은 하루에도 몇 번씩 점프를 하는 모습을 어렵지 않게 볼 수 있는데요. 리토... ,푸들푸들한 하루,blog.naver.com/blue_bells82,20251022
영양제 100,돌지난 아기 <b>영양제</b> 추천 어린이 칼슘제 키가 쑥쑥,https://blog.naver.com/penguin_mom/224049093079,돌지난 아기 <b>영양제</b>를 알아보다가 키가 쑥쑥 자라나는데 도움을 줄 수 있는 밀키튼 어린이 칼슘제를 알게 되었어요. 어떤 점에서 마음에 들었는지 정리해볼게요. 돌지난 아기 <b>영양제</b> 고르는 법 30cm에 지나지... ,공대부부 펭귄이네 육아방정식,blog.naver.com/penguin_mom,20251021
영양제 100,키성장기<b>영양제</b> 청소년 키크는<b>영양제</b> 키즈텐042,https://blog.naver.com/jini4998/224049564418,"그래서 아이들이 거부감 없이 챙길 수 있는 키크는<b>영양제</b>를 찾아보다가, 성장기 아이들을 위해... 그래서 저는 아이들 식단을 챙기면서도 보조적으로 키성장<b>영양제</b>를 병행해보기로 했어요. 키즈텐042는 성장기... ",끌림♥,blog.naver.com/jini4998,20251022
영양제 100,쿠팡 <b>영양제</b> 가품 구분? 이베이 직구 전 확인법 알아보기,https://blog.naver.com/charlottemoi/224048408311,"최근 쿠팡 <b>영양제</b> 가품으로 떠들썩 했었죠. 그때 이후로 <b>영양제</b> 종류는 아이허브에서 구입했었는데, 갑자기 구입 할 제품이 생겨 이베이에서 검색하니 동일 제품이 있어서 저도 모르게 홀린듯 구입하게... ",프로핫딜러,blog.naver.com/charlottemoi,20251021
영양제 100,고혈압두부 <b>영양제</b> 관리 병행하는 중,https://blog.naver.com/ehdus85/224049772792,들어 <b>영양제</b>를 알아보게 된 거예요 아마 처음에는 대부분 분이 음식으로서 필요한 영양소를 챙겨주려고... 보통 <b>영양제</b> 한 번 먹으면 몇 개월 이상 꾸준하게 먹는데 매달 시키지 않아도 정기 구독을 간편하게... ,Journey with the Son,blog.naver.com/ehdus85,20251022
영양제 100,고양이 <b>영양제</b> GMG제약 결석 방광염 증상 전 관리,https://blog.naver.com/djsvh123/224048025407,"고양이 <b>영양제</b> CMG 제약 결석 방광염 증상 전 관리 냥집사 된지 6~7개월 차, 주변에서 다들 입을 모아... 고양이 <b>영양제</b> 급여하여 음수량 관리를 하며 증상이 나타나기 전 관리를 해주는 게 중요하다더라고요... ",리리남매의 하루,blog.naver.com/djsvh123,20251020
영양제 100,탈모에 좋은 <b>영양제</b> 선택 해서 꾸준히 챙기는중,https://blog.naver.com/miyustory/224048525795,그래서 저도 가족으로서 뭔가 해드리고 싶은 맘에 이것저것 찾아보다가 탈모에좋은<b>영양제</b>를... &quot; 탈모에좋은<b>영양제</b> 고르는 법 &quot; 시중에 탈모에 좋다는 제품들이 정말 많아요. 하지만 성분을 꼼꼼히 따져보지... ,미유 뷰티&패션 크리에이터,blog.naver.com/miyustory,20251021
영양제 100,만성피로 불면증<b>영양제</b> 헬퓨 릴렉스 케어 테아닌 후기,https://blog.naver.com/leesang27/224048041778,"연휴에 작은 약통에다 <b>영양제</b>를 조금 덜어서 가져갔었는데, 습기제거제를 안 넣었더니 약이... 카페인과 불면증<b>영양제</b>가 붙으면 누가 이길까? 실험해 본 적이 있는데 ㅋ(일부러 한 건 아니구요~;;) 카페인이... ",소비의 모든 것,blog.naver.com/leesang27,20251021
영양제 100,"강아지 눈<b>영양제</b>, 눈꼽 눈물자국 관리용 애견<b>영양제</b>",https://blog.naver.com/bichon-haru/224049777147,강아지 눈<b>영양제</b> 눈꼽 눈물자국 관리용 애견<b>영양제</b> 하루는 보기엔 하얗고 예쁘지만 나이가 들어서 그런건지 몰라도 강아지 눈꼽 양도 많아지고요. ㅜ 조금만 관리를 소홀하게 되면 강아지 눈물자국도... ,비숑프리제 하루와 나무,blog.naver.com/bichon-haru,20251022
영양제 100,강아지호흡기에 도움주는 <b>영양제</b> 닥터카엘 브레스틴,https://blog.naver.com/buddygood/224047883557,오늘은 강아지호흡기에 도움을 주는 <b>영양제</b> 닥터카엘브레스틴을 소개하도록 하겠습니다. 일단 우리... 이제는 노견이라 보양식으로 3일에 한번 꼴로 닭을 삶아 주는데 주기에 맞춰 <b>영양제</b>도 급여해 줄... ,새로운 시작 또 다른 세상,blog.naver.com/buddygood,20251020
영양제 100,면역강화 항산화 고농축 뉴질랜드 프로폴리스 <b>영양제</b>,https://blog.naver.com/tjdrhd_17/224049015235,면역강화 항산화 고농축 뉴질랜드 프로폴리스 <b>영양제</b> <b>영양제</b>를 잘먹지않는 나는 항상화작용을 하고 면역강화에 좋은 프로폴리스와 프로바이오틱스라는 마음으로 챙겨먹는 편이다. 지인이 뉴질랜드에... ,쇼르숑 일상,blog.naver.com/tjdrhd_17,20251021
영양제 100,아이 성장발달계산기 사용법 + IGF-1 <b>영양제</b> 꾸준히 먹은 결과!,https://blog.naver.com/slowdownandenjoylife/224048998021,"IGF-1 <b>영양제</b>를 함께 챙겨주고 있어요! 특히 성장판이 활발히 열려 있는 시기에는 영양 밸런스를 얼마나 잘 챙기느냐에 따라 키 성장 속도가 달라지기 때문에 요즘은 식습관, 수면, <b>영양제</b> 관리까지 신경을... ",slow down and enjoy life,blog.naver.com/slowdownandenjoylife,20251021
영양제 100,남성 여자 탈모<b>영양제</b> 비오틴 섭취 후기 및 관리해본 경험,https://blog.naver.com/h_h1030/224048715899,탈모 <b>영양제</b> 셀가 유기농 비오틴이었답니다. 1. 남성 여자 탈모<b>영양제</b> 필요성 비오틴은 비타민B7이라고 불리는 수용성 비타민이에요. 단백질 대사와 에너지 생성에 관여하고 모발과 손톱 건강을 유지하는 데... ,예니하우스,blog.naver.com/h_h1030,20251021
영양제 100,청소년 종합 <b>영양제</b> HT042 홍삼 준비,https://blog.naver.com/cookinggirls/224049992910,"청소년 종합 <b>영양제</b> HT042 홍삼 준비 by 김공실 아이한테는 어떤 <b>영양제</b>가 좋을까? 최근들어 조금 피곤해 하는 것 같은데, 그도 그럴 것이 학교 끝나면 학원 학원에서 집에 오면 식사하고 조금 쉬다가 또 바로 또... ",김공실월드♥,blog.naver.com/cookinggirls,20251022
영양제 100,강아지 눈물자국 눈<b>영양제</b> 강아지 눈꼽 관리 애견<b>영양제</b>,https://blog.naver.com/blue_bells82/224048503724,강아지 눈물자국 눈<b>영양제</b> 강아지 눈꼽 관리 애견<b>영양제</b> 반려견과 함께 생활을 하다 보면 다른 건강도 물론 중요한 부분이지만 강아지눈 건강은 특히 중요하다는 생각을 하게 되는데요. 시력을 위한 기관이기도... ,푸들푸들한 하루,blog.naver.com/blue_bells82,20251021
영양제 100,키즈텐 실리콘 아기 약병으로 돌아기 <b>영양제</b> 챙겨먹기,https://blog.naver.com/hoho8222/224047885253,우리집 골칫덩어리 1순위 아기 약병...ㅠㅠㅠ 하지만 이제 아기 <b>영양제</b>나 약먹일때 큰 걱정하지 않아도... 실리콘 약병으로 부드러우면서 아기 손에 촥 감기는 그립감이라 거부감없이 <b>영양제</b>나 약을 접할 수... ,밍들렌 | 밍밍이의 놀이터♬,blog.naver.com/hoho8222,20251020
영양제 100,지방 간 <b>영양제</b> 추천 밀크씨슬 락토디토 챙기기 시작,https://blog.naver.com/pkhh_luv/224048311785,지방 간 <b>영양제</b> 추천 밀크씨슬 락토디토 챙기기 시작 최근에 피로감이 길어지는 것 같다며 밤에 푹 자도... 그래서 더 늦기 전에 저희 부부도 간 <b>영양제</b> 추천 제품을 비교해 보고 꾸준히 챙겨봐야겠다는 생각이... ,♥? 내가 그려가는 꽃길,blog.naver.com/pkhh_luv,20251021
영양제 100,탈모 고민 <b>영양제</b> 정착 템 추천,https://blog.naver.com/andlstjs/224047780842,(절대 귀찮아서 그런 거 아님!) 그러다 알게 된 게 바로 이 탈모 <b>영양제</b>! 시중에 탈모 <b>영양제</b>가 정말 많길래 많은 공부 끝에 나름의 기준을 가지고 선택한 친구! 웰리카 모그로스입니다. - 탈모 고민 <b>영양제</b> 선정... ,민박하는 풀하우스,blog.naver.com/andlstjs,20251020
영양제 100,역류성후두염<b>영양제</b>추천 잘 맞는 것으로,https://blog.naver.com/ehdus85/224047736460,평소에도 속이 쓰리거나 소화 불량에 시달리는 일이 많아 고민하던 중 친구가 역류성후두염<b>영양제</b>추천... 역류성후두염<b>영양제</b>추천 해준 상품을 보니 건강한 천연 원료로 이루어져 걱정 안 하고 먹을 수... ,Journey with the Son,blog.naver.com/ehdus85,20251020
영양제 100,헤어 모발 <b>영양제</b> 로 선택,https://blog.naver.com/miyustory/224048499323,그래서 이제 <b>영양제</b> 겉으로 바르는 것만으로는 안되겠다 싶었어요. 이젠 속에서부터 케어해보자! 하고 찾기 시작한 게 바로 헤어 <b>영양제</b> &quot;<b>영양제</b> 고르는 법?&quot; 인터넷에서 발<b>영양제</b> 추천 검색해보니 진짜 수십... ,미유 뷰티&패션 크리에이터,blog.naver.com/miyustory,20251021
영양제 100,베리썸 키즈 오메가3 아기 <b>영양제</b> 추천 월령별 복용법 정보,https://blog.naver.com/chaessay/224048035906,? 베리썸 오메가3 키즈 기억력 브레인 ⓒ 글 사진 / 에세희 아기 6개월부터 챙겨주면 좋은 <b>영양제</b> ‘오메가 3’ 이거 은근 모르는 엄마아빠들 많더라구요 돌 전에 오메가3 먹일 수 있는지 몰랐다 키즈 <b>영양제</b>... ,ALOES.,blog.naver.com/chaessay,20251021
영양제 100,돌지난 아기 <b>영양제</b>로 키 성장 챙기기 두돌 여아 남아 선물... ,https://blog.naver.com/dragirl89/224047938589,돌지난 아기 <b>영양제</b>로 칼슘과 단백질을 충분히 보충하는 게 중요하죠. 우리 집에서는 밥만으로 부족할 때도 흡수율 좋은 천연칼슘<b>영양제</b> 밀키튼으로 자연스럽게 아기영양관리를 하고 있어요. 편식 아이도... ,"오늘도, 다정한스푼",blog.naver.com/dragirl89,20251020
영양제 100,만성피로<b>영양제</b> 추천 - 간에 좋은 <b>영양제</b> 깬다큐Q,https://blog.naver.com/sonrock/224048474070,"비타민 <b>영양제</b>와 함께 드셔도 괜찮아요. 숙취해소법으로 음주 전 2정, 음주 후 2정, 그리고 다음날 아침까지 2정을 모두 먹는 것이 포인트! 평상시에 간에 좋은 <b>영양제</b>로 드신 다면 아침에 1정, 저녁에 1정을... ",방방이와 방방곡곡 동GO동樂,blog.naver.com/sonrock,20251021
영양제 100,강아지 눈 <b>영양제</b>로 눈물 자국 눈주위 케어 가능할까,https://blog.naver.com/djsvh123/224049555239,강아지 눈 <b>영양제</b>로 눈물 자국 눈주위 케어 가능할까 강아지를 키우다 보면 저처럼 &quot;강아지 눈물자국... 눈 <b>영양제</b>로 케어가 되나? 싶은 생각도 들고 강아지 눈 건강도 더 나빠지는 게 아닌가 싶은 생각도 들어... ,리리남매의 하루,blog.naver.com/djsvh123,20251022
영양제 100,천연 한방 강아지 관절 <b>영양제</b> &quot;보골산&quot;,https://blog.naver.com/asltjr77/224049952368,"#천연발효<b>영양제</b>, #한방발효균, #pawsitiveessential, #PE<b>영양제</b>, #강아지피부병, #강아지아토피, #강아지모량, #강아지모질, #강아지면역, #강아지비타민, #강아지<b>영양제</b> #<b>영양제</b>샘플, #샘플신청... ",양군RG,blog.naver.com/asltjr77,20251022
영양제 100,강아지 <b>영양제</b> 노령견 위한 노견<b>영양제</b> 항산화제,https://blog.naver.com/blue_bells82/224049227263,"강아지 <b>영양제</b> 노령견 위한 노견<b>영양제</b> 강아지 항산화제 반려견이 나이를 먹어갈수록 더욱 신경이 쓰이는 부분이 바로 건강 관리 일 텐데요. 리토(미니어처 푸들, 7살)를 보면 지금도 아기 같은데 노령견의... ",푸들푸들한 하루,blog.naver.com/blue_bells82,20251022
영양제 100,식물성 멜라토닌 <b>영양제</b> 효능 및 추천 제품,https://blog.naver.com/chnhi/224045420762,식물성멜라토닌 <b>영양제</b> 2개월 사용 기록과 선택 팁 1. 잠 때문에 달라진 하루를 기록해요 밤에 불 끄고... 식물성멜라토닌 <b>영양제</b>를 찾아보기 시작했답니다  2. 루틴과 환경부터 재정비했어요 먼저... ,이선생의 건강 탐구 노트,blog.naver.com/chnhi,20251018
영양제 100,어린이아연<b>영양제</b> 7살 아이 2주동안 먹인 솔직 후기,https://blog.naver.com/love01th/224049755836,어린이아연<b>영양제</b> 7살 아이 2주동안 먹인 솔직 후기 어린이아연<b>영양제</b> 7살 아이 2주동안 먹인 솔직 후기 어린이아연<b>영양제</b> 7살 아이 2주동안 먹인 솔직 후기 7살 아들이 유난히 잔병치레가 많았어요. 조금만... ,ElonMusk_Tesla,blog.naver.com/love01th,20251022
영양제 100,위 <b>영양제</b> 내돈내산 추천 3개월 복용 후기,https://blog.naver.com/estherdanbi/224049019661,#위<b>영양제</b> #위<b>영양제</b>내돈내산 #위<b>영양제</b>추천 #위에좋은<b>영양제</b> #속쓰림 위 <b>영양제</b> 내돈내산 추천 3개월 복용 후기 위 <b>영양제</b> 내돈내산 추천 3개월 복용 후기 위 <b>영양제</b> 내돈내산 추천 3개월 복용 후기 3개월 전만... ,단비마켓-공구/맛집/뷰티리뷰,blog.naver.com/estherdanbi,20251021
영양제 100,갱년기<b>영양제</b> 추천 2주 섭취하고 느낀 변화 솔직 후기,https://blog.naver.com/dbsgmlx/224049853033,갱년기<b>영양제</b> 추천 2주 섭취하고 느낀 변화 솔직 후기 갱년기<b>영양제</b> 추천 2주 섭취하고 느낀 변화 솔직 후기 갱년기<b>영양제</b> 추천 2주 섭취하고 느낀 변화 솔직 후기 안녕하세요 최근 들어 유난히 이유 없는... ,구니의 블로그,blog.naver.com/dbsgmlx,20251022
영양제 100,천연 한방 강아지 면역 <b>영양제</b> &quot;견생산&quot;,https://blog.naver.com/asltjr77/224049946256,"#천연발효<b>영양제</b>, #한방발효균, #pawsitiveessential, #PE<b>영양제</b>, #강아지피부병, #강아지아토피, #강아지모량, #강아지모질, #강아지면역, #강아지비타민, #강아지<b>영양제</b> #<b>영양제</b>샘플, #샘플신청... ",양군RG,blog.naver.com/asltjr77,20251022
영양제 100,멜라토닌 <b>영양제</b> 효과 및 부작용 알아보자,https://blog.naver.com/chnhi/224044279637,<b>영양제</b> 고르는 법과 4주 사용 기록 1. 야근 뒤척임에서 루틴 찾기 퇴근하고 불 끄면 눈이 또렷해지더라구요  블루라이트를 끊어도 잠이 안 와서 멍하니 누워만 있던 날이 길었어요 그때 멜라토닌 <b>영양제</b>를... ,이선생의 건강 탐구 노트,blog.naver.com/chnhi,20251017
영양제 100,갱년기 <b>영양제</b> 추천 고민 끝에 선택한 이유,https://blog.naver.com/love01th/224047377367,"갱년기 <b>영양제</b> 추천 고민 끝에 선택한 이유 갱년기 <b>영양제</b> 추천 고민 끝에 선택한 이유 예전엔 아침에 눈을 뜨면 몸도 가볍고 기분도 상쾌했는데, 어느 순간부터 조금씩 달라지기 시작했어요. 밤잠이 자주 깨고... ",ElonMusk_Tesla,blog.naver.com/love01th,20251020
영양제 100,갱년기 <b>영양제</b> 추천 확인하고 비교,https://blog.naver.com/jasonmoondistri/224047823667,갱년기 <b>영양제</b> 추천 확인하고 비교 갱년기 <b>영양제</b> 추천 확인하고 비교 갱년기 <b>영양제</b> 추천 확인하고 비교 1. 몸이 보내는 신호를 무시할 수 없었던 이유 예전엔 아무리 피곤해도 하루 자고 나면 괜찮았는데... ,"꾸준한 한걸음, 오늘보다 나은 내일을 기대합니다.",blog.naver.com/jasonmoondistri,20251020
영양제 100,청소년 <b>영양제</b> 추천 키클래오 후기,https://blog.naver.com/joy61062/224044216270,청소년 <b>영양제</b> 추천 키를 키우려면 일찍부터 챙겨먹어요 청소년 <b>영양제</b> 키클래오 후기 조금이라도 키를 키우려고 찾아보니까 뼈를 튼튼하게 자랄수있도록 도와주는건 기본이고 주변에서는 청소년 성장기... ,행복한 김다니,blog.naver.com/joy61062,20251017
영양제 100,강아지 슬개골 <b>영양제</b> 진짜 잘 먹어요,https://blog.naver.com/gosoo777/224042183042,슬개골 걱정으로 알아본 <b>영양제</b> 그때부터 슬개골 관리가 남 일이 아니구나 하는 마음으로 강아지 슬개골 <b>영양제</b>에 대해 예전과 다르게 사믓 진지하게 찾아보기 시작했죠. 검색하다 보니 관절 <b>영양제</b>가 워낙... ,댕댕이스토리-댕댕이들의 소소한 일상 이야기 그리고,blog.naver.com/gosoo777,20251015
영양제 100,멜라토닌 <b>영양제</b> 부작용 수면에 도움 되는 제품 추천,https://blog.naver.com/chnhi/224049590331,멜라토닌 <b>영양제</b> 부작용 수면에 도움 되는 제품 추천 멜라토닌 <b>영양제</b> 부작용 수면에 도움 되는 제품 추천 멜라토닌 <b>영양제</b> 부작용 수면에 도움 되는 제품 추천 멜라토닌 <b>영양제</b> 부작용 수면에 도움 되는 제품... ,이선생의 건강 탐구 노트,blog.naver.com/chnhi,20251022
영양제 100,눈<b>영양제</b> 침침한 눈에 2주 섭취 후 변화 솔직 후기,https://blog.naver.com/note377/224047267466,눈<b>영양제</b> 침침한 눈에 2주 섭취 후 변화 솔직 후기 눈<b>영양제</b> 침침한 눈에 2주 섭취 후 변화 솔직 후기 눈<b>영양제</b> 침침한 눈에 2주 섭취 후 변화 솔직 후기 요즘 스마트폰이나 노트북 보는 시간이 늘어나면서... ,일상다반사,blog.naver.com/note377,20251020
영양제 100,강아지 <b>영양제</b> 아이즈캡스 눈 고민 끝!,https://blog.naver.com/gosoo777/224044655018,이래선 안 되겠다 싶어 얼른 강아지 <b>영양제</b>를 알아봤지요. 1. <b>영양제</b>는 아이즈캡스로 눈 고민 해결 저는 동물 관련 유튜브를 많이 보는 편인데 거기서 수의사님이 꼭 하는 말이 성분을 비교해야 한다는 거였어요.... ,댕댕이스토리-댕댕이들의 소소한 일상 이야기 그리고,blog.naver.com/gosoo777,20251017
영양제 100,면역력 높이는 <b>영양제</b> 2주 섭취하고 피로감 줄인 리얼 변화 후기,https://blog.naver.com/love01th/224048401888,면역력 높이는 <b>영양제</b> 2주 섭취하고 피로감 줄인 리얼 변화 후기 면역력 높이는 <b>영양제</b> 2주 섭취하고 피로감 줄인 리얼 변화 후기 면역력 높이는 <b>영양제</b> 2주 섭취하고 피로감 줄인 리얼 변화 후기 요즘 유독... ,ElonMusk_Tesla,blog.naver.com/love01th,20251021
영양제 100,무릎관절<b>영양제</b> 추천 콘드로이친 선택 후기,https://blog.naver.com/dbsgmlx/224045773618,무릎관절<b>영양제</b> 알아보게 된 이유 2. 제품 복용 후 느낀 변화 3. 제품 고를 때 선택법 4. 복용법과 유의사항 5. 전반적인 만족도 후기 1. 무릎관절<b>영양제</b> 알아보게 된 계기 안녕하세요 회사에서 하루 종일 앉아... ,구니의 블로그,blog.naver.com/dbsgmlx,20251018
영양제 100,멜라토닌 <b>영양제</b> 부작용 수면에 좋은 제품 체크,https://blog.naver.com/sikui11/224047608201,#멜라토닌<b>영양제</b>부작용 #멜라토닌<b>영양제</b> #수면에좋은제품 #멜라토닌<b>영양제</b> 멜라토닌 <b>영양제</b> 부작용 수면에 좋은 제품 체크 멜라토닌 <b>영양제</b> 부작용 수면에 좋은 제품 체크 멜라토닌 <b>영양제</b> 부작용 수면에... ,시쿠이의 일상,blog.naver.com/sikui11,20251021
영양제 100,면역력에 좋은 <b>영양제</b> 추천 복용방법 후기,https://blog.naver.com/iqeqamy/224042575083,면역력에 좋은 <b>영양제</b> 추천 복용방법 후기 면역력에 좋은 <b>영양제</b> 추천 복용방법 후기 면역력에 좋은 <b>영양제</b> 추천 복용방법 후기 안녕하세요! 오늘은 정말 중요한 주제를 다뤄보려 해요. 바로 면역력과 관련된... ,[구르미],blog.naver.com/iqeqamy,20251016
영양제 100,강아지 관절<b>영양제</b> 추천 관절염 슬개골탈구 관리,https://blog.naver.com/jy841018/224046610109,"강아지 관절<b>영양제</b> 추천 관절염 슬개골탈구 관리 반려견이 나이를 먹었다는 건 걸음걸이를 통해 알 수... 노령화 대열에 들어가는 반려견 추수를 위해, 관절 건강을 위한 강아지 <b>영양제</b>의 필요성을 느끼고... ",놀멍쉬멍 댕댕로드,blog.naver.com/jy841018,20251019
영양제 100,강아지 항산화제 간 노견 <b>영양제</b> 급여 후 변화,https://blog.naver.com/pcmm1/224045935567,"강아지 항산화제 간 노견 <b>영양제</b> 급여 후 변화 아나포유 옥스탑으로 지켜주는 우리 아이들의 건강... 노견<b>영양제</b>로 꾸준히 급여해 왔어요 그 결과, 최근 건강검진에서 GGT 수치가 33.6에서 19.4로 큰 폭으로... ",사월&영웅이와 행복한 동행,blog.naver.com/pcmm1,20251019
영양제 100,"비타민B1(티아민) <b>영양제</b> 추천, 복용 효과와 실제 체감 후기",https://blog.naver.com/mallangjuice/224049505462,"비타민B1(티아민) <b>영양제</b> 추천, 복용 효과와 실제 체감 후기 ※ 본 제품은 건강기능식품이 아닌 일반 식품입니다. ※ 질병의 예방 및 치료를 위한 의약품이 아닙니다 비타민B1(티아민) <b>영양제</b> 추천, 복용 효과와... ",마마말랑의 뷰티 패션 블로그,blog.naver.com/mallangjuice,20251022
영양제 100,강아지 항산화제 간수치 간<b>영양제</b> 추천,https://blog.naver.com/khy920630/224046981515,정해진 용량과 급여량을 지켰지만 그래도 최대한 도움되고자 강아지 간<b>영양제</b>를 찾아봤습니다. 간<b>영양제</b>를 검색하다 보니 항산화제라는 말이 많이 보이더라구요. 알고 보니 항산화와 간은 서로 깊은 연관이... ,키튼쿨,blog.naver.com/khy920630,20251020
영양제 100,필요했던 임신준비필수<b>영양제</b> 이노시톨 챙기는 이유,https://blog.naver.com/limhyunae/224039954732,특히 임신준비필수<b>영양제</b>를 찾아보는데 도대체 뭘 먹어야 하는지도 모르겠고 종류도 너무 많아서... 먹어본 <b>영양제</b> 중에서 가장 많이 도움이 됐던 걸 알려 드릴 게요 :) 임신준비<b>영양제</b> 대표적인 것들은? 먼저... ,달달한 그녀의 일상,blog.naver.com/limhyunae,20251014
영양제 100,NMN 효능 <b>영양제</b> 직접 섭취 후기,https://blog.naver.com/okddoo/224045370696,NMN 효능 <b>영양제</b> 직접 섭취 후기 어느덧 연말이 다가오고 있네요 올해 들어 나이 한 살 더 먹었다고... 외부에서 <b>영양제</b>로 보충해주는것이 좋죠 이미 해외에서는 NMN이 세포 활성화와 노화 방지에 도움을 주는... ,옥련댁의 뚜형제키우기,blog.naver.com/okddoo,20251018
영양제 100,성분굿 강아지 관절<b>영양제</b> 저의 선택,https://blog.naver.com/gosoo777/224043731737,그런 이유로 자연스럽게 강아지 관절<b>영양제</b>에 대해 찾아보기 시작했죠. 1. 이 제품을 찾게 된 이유 우리... 수의사 분이 <b>영양제</b>는 성분이 전부라고 말씀하시더군요. 이런 이유로 저도 전 성분을 꼼꼼히 비교하기... ,댕댕이스토리-댕댕이들의 소소한 일상 이야기 그리고,blog.naver.com/gosoo777,20251017
영양제 100,강아지 췌장 <b>영양제</b> 소화효소 소화제 추천,https://blog.naver.com/jy841018/224042410291,강아지 췌장 <b>영양제</b> 소화효소 소화제 추천 강아지 토와 설사는 꽤 흔해서 의외로 그냥 넘기기... 지금은 강아지 소화제 겸 췌장 건강을 간편하게 챙길 수 있는 강아지 소화효소 <b>영양제</b>를 급여하고 있답니다.... ,놀멍쉬멍 댕댕로드,blog.naver.com/jy841018,20251015
영양제 100,"비타민D 주사 가격 용량, <b>영양제</b> 고르는법",https://blog.naver.com/tmvlem5070/224047528871,"#비타민D주사가격 #비타민D용량 #비타민D<b>영양제</b> #비타민D 비타민D 주사 가격 용량, <b>영양제</b> 고르는법 비타민D 주사 가격 용량, <b>영양제</b> 고르는법 비타민D 주사 가격 용량, <b>영양제</b> 고르는법 요즘은 자도 피곤하고... ",그래도 해야지 어떻게 해,blog.naver.com/tmvlem5070,20251021
영양제 100,임신준비<b>영양제</b> 엽산 맘스포뮬러 1단계 복용시기,https://blog.naver.com/ddae0203/224043494645,"임신준비<b>영양제</b> 맘스포뮬러 1단계 임신을 준비하고 있다면 가장 먼저 몸 건강! 마음 건강이 가장... 임신준비<b>영양제</b>부터 출산 후까지 맘스포뮬러 1단계, 2단계를 꾸준히 챙겼어요 기타가공품이 아닌, 식약처... ","아이와 함께하는 기록,",blog.naver.com/ddae0203,20251016
영양제 100,키즈종합<b>영양제</b> 효과 감기 덜 걸리는 이유 '영양 조합',https://blog.naver.com/skcsy59/224038847201,"키즈종합<b>영양제</b>를 본격적으로 알아보기 시작했어요. 그냥 비타민 하나 주면 될 줄 알았는데, 생각보다 훨씬 복잡하더라고요. 성장기 아이에게 필요한 건 '균형 영양' 어린이 <b>영양제</b>는 단순히 “비타민 하나”가... ",블로거 아빠는 육아 중,blog.naver.com/skcsy59,20251019
영양제 100,강아지 관절<b>영양제</b> 노견 슬개골 관리,https://blog.naver.com/alswls113500/224045732991,강아지 관절<b>영양제</b> 노견 슬개골 관리 내년이면 사랑이가 벌써 10살! 강아지 나이 7살 전후로 노화가 시작된다고 알려져 있는 만큼 노견 <b>영양제</b> 급여는 필수잖아요? 푸들은 소형견 중에서도 슬개골이 약한 편이기... ,Sweet home 사랑이네,blog.naver.com/alswls113500,20251018
영양제 100,강아지<b>영양제</b> 고민 피부<b>영양제</b>로 외이염까지 케어,https://blog.naver.com/pcmm1/224042157250,"강아지<b>영양제</b> 선택 고민 끝! 피부<b>영양제</b>로 외이염까지 케어 &quot;강아지 피부<b>영양제</b> 울애기쌩쌩으로 시작한 우리 집 세 아이들의 피부 관리 이야기&quot; 말티즈 바람이, 구조 당시부터 외이염 으로 고생했던 이야기... ",사월&영웅이와 행복한 동행,blog.naver.com/pcmm1,20251015
영양제 100,무릎관절<b>영양제</b> 추천 및 관리 꿀팁 공유,https://blog.naver.com/purnyuga/224049056314,무릎관절<b>영양제</b> 추천 및 관리 꿀팁 공유 무릎관절<b>영양제</b> 추천 및 관리 꿀팁 공유 무릎관절<b>영양제</b> 추천 및 관리 꿀팁 공유 제가 직업 특성 때문에 오래 서 있는 일도 많고 여기저기 뛰어다닐 때도 잦거든요.... ,초록이야기,blog.naver.com/purnyuga,20251022
영양제 100,여성 탈모 <b>영양제</b> 추천 부작용 없이 관리하기,https://blog.naver.com/1524sck/224049135907,여성탈모 <b>영양제</b> 추천 부작용 없이 관리하기 여성탈모 <b>영양제</b> 추천 부작용 없이 관리하기 여성탈모 <b>영양제</b> 추천 부작용 없이 관리하기 안녕하세요 저는 40대 중반에 접어들면서 탈모로 고민하게 된 편이에요.... ,달콤한 긍정마을,blog.naver.com/1524sck,20251021
영양제 100,와사비 효능과 항염 핵산<b>영양제</b>,https://blog.naver.com/kyung9770/224046269827,와사비 효능과 항염 핵산<b>영양제</b> 일본 여행 다녀오면서 김여사와 동생의 두 눈을 초롱초롱하게 했던 코큐텐과 와사비 항염<b>영양제</b>. 건강기능식품은 건강에 도움을 주는 제품이니 적절한 휴식 + 음식 + 수면... ,생기발랄지나쒸♬,blog.naver.com/kyung9770,20251019
영양제 100,멜라토닌 <b>영양제</b> 후기 및 수면에 도움 되는 제품은?,https://blog.naver.com/chnhi/224048379321,#멜라토닌<b>영양제</b>부작용 #멜라토닌<b>영양제</b> #수면에좋은제품 #멜라토닌<b>영양제</b> 멜라토닌 <b>영양제</b> 부작용 수면에 좋은 제품 체크 멜라토닌 <b>영양제</b> 부작용 수면에 좋은 제품 체크 멜라토닌 <b>영양제</b> 부작용 수면에... ,이선생의 건강 탐구 노트,blog.naver.com/chnhi,20251021
영양제 100,키크는 <b>영양제</b> 키성장 예상키 키성장기<b>영양제</b>,https://blog.naver.com/joy61062/224044212883,키크는 <b>영양제</b> 키클래오 한달동안 섭취 후기 키성장기 <b>영양제</b> 키크는법 안녕하세요 사랑스러운 두 아이를 키우고 있는 육아인플루언서 쁨남매맘입니다:) 저희 첫째와 둘째는 둘다 키가 작은 편이라서 걱정이... ,행복한 김다니,blog.naver.com/joy61062,20251017
영양제 100,흰머리<b>영양제</b> 영양부족이 원인 후기,https://blog.naver.com/cha31105/224039642817,"흰머리<b>영양제</b> 새치 <b>영양제</b> 고민 맨 처음에는 새치 <b>영양제</b>를 복용해 볼까 고민했었어요. 인터넷에 검색해보면 다양한 상품들이 출시되고 있고, 여러 리뷰도 있어서 끌렸거든요. 하지만 실제로 자세히 알아보니... ",기쁨이의 여수부동산 탐방,blog.naver.com/cha31105,20251014
영양제 100,강아지 기관지협착증 <b>영양제</b> 성분으로 선택,https://blog.naver.com/gosoo777/224042114394,강아지 기관지협착증 <b>영양제</b>로 이미 베스트셀러로 자리 잡은 제품이고 많은 보호자들이 실제 효과를... 강아지 기관지협착증 <b>영양제</b>로서 본아페티가 특별하다고 느낀 또 다른 이유는 휴먼 그레이드 100%에 NON GMO... ,댕댕이스토리-댕댕이들의 소소한 일상 이야기 그리고,blog.naver.com/gosoo777,20251015
영양제 100,비오틴 <b>영양제</b> 고르는법 추천,https://blog.naver.com/estherdanbi/224041148067,"비오틴 <b>영양제</b> 고르는법 추천 비오틴 <b>영양제</b> 고르는법 추천 비오틴 <b>영양제</b> 고르는법 추천 요즘 따라 머리카락이 가늘어지고 모발이 푸석해졌어요. 머리 감을 때마다 빠지는 머리카락이 늘고, 정수리 숱도... ",단비마켓-공구/맛집/뷰티리뷰,blog.naver.com/estherdanbi,20251014
영양제 100,오쏘몰 바이탈F 내돈내산 후기 여성 올인원<b>영양제</b>,https://blog.naver.com/kk0jjin/224043612642,올인원<b>영양제</b> 오쏘몰 바이탈F 내돈내산 후기 하루 한 병으로 활력을 채우는 나의 루틴템 이 포스팅은... 예전부터 “독일 약국 <b>영양제</b>”로 유명해서 직접 구매해 먹어보았답니다. 2. 독일 프리미엄 <b>영양제</b>... ,??꼬꼬찐이??,blog.naver.com/kk0jjin,20251016
영양제 100,고등학생 키크는 <b>영양제</b> 선택 방법 및 변화 과정 솔직 후기,https://blog.naver.com/estherdanbi/224047398096,고등학생 키크는 <b>영양제</b> 선택 방법 및 변화 과정 솔직 후기 -------------- 고등학생 키크는 <b>영양제</b> 선택 방법 및 변화 과정 솔직 후기 고등학생 키크는 <b>영양제</b> 선택 방법 및 변화 과정 솔직 후기 1. 성장이 멈춘 우리... ,단비마켓-공구/맛집/뷰티리뷰,blog.naver.com/estherdanbi,20251020
영양제 100,중학생 키크는 <b>영양제</b> 성장기라 챙긴 이유와 후기,https://blog.naver.com/love01th/224049974940,중학생 키크는 <b>영양제</b> 성장기라 챙긴 이유와 후기 중학생 키크는 <b>영양제</b> 성장기라 챙긴 이유와 후기 중학생 키크는 <b>영양제</b> 성장기라 챙긴 이유와 후기 중학생 키크는 <b>영양제</b> 성장기라 챙긴 이유와 후기 1. 성장... ,ElonMusk_Tesla,blog.naver.com/love01th,20251022
영양제 100,멜라토닌 <b>영양제</b> 부작용 없는 뉴로랩스 굿 나잇 5MG,https://blog.naver.com/mhhot/224040540386,멜라토닌 <b>영양제</b> 부작용 없는 뉴로랩스 굿 나잇 5MG이에요. ? 직장에서 교대 근무를 자주 하시는 분... 잠이 점점 줄어드는 이유가 있었다ㅠㅜ 멜라토닌 <b>영양제</b> 부작용 없는 뉴로랩스 굿 나잇 5MG에는... ,die Freuden des Alltags,blog.naver.com/mhhot,20251014
영양제 100,"직장인 건강관리에 좋은 <b>영양제</b>, 아임뮨 알로에 겔",https://blog.naver.com/jimon0714/224048278496,형태의 <b>영양제</b>라서 <b>영양제</b>라기보단 기호식품같아보일 수 있는데 아임뮨 알로에겔은 식품의약품안전처에서 인증받은 건강기능식품이다 따라서 간식이 아닌 면역력 강화를 위한 건강루틴 <b>영양제</b>다! 환절기 나의... ,?’?’?,blog.naver.com/jimon0714,20251021
영양제 100,멜라토닌 <b>영양제</b> 뉴로랩스 식물성 멜라토닌 5MG 후기,https://blog.naver.com/rijikun/224038911606,"멜라토닌 <b>영양제</b> 뉴로랩스식물성멜라토닌5mg 안녕하세요, 리지쿤이에요! 요즘은 일과 생활의 경계가... 그래서 이번엔 멜라토닌 <b>영양제</b> 중에서도 식물성 원료로 만들어진 뉴로랩스 식물성 멜라토닌 5MG 함유... ",(마드리드 더비 이겨서) 다시 깬 리지쿤,blog.naver.com/rijikun,20251012
직장점심 100,광화문 회식 맛집 광화문역 단체모임장소 <b>점심</b> <b>직장</b> 고기... ,https://blog.naver.com/context/223967629428,광화문 회식 맛집 광화문역 단체모임장소 <b>점심</b> <b>직장</b> 고기 룸식당가성비 한식당 우아라 광화문점 특별한 날 무엇을 먹을지 어디서 먹을지 고민이 많습니다. 보통 가는곳만 가게 되는게 일반적이죠. 이런날... ,"Pleasure K- 먹는 즐거움,보는 즐거움,듣는 즐거움",blog.naver.com/context,20250812
직장점심 100,"수원 회센터, 신선함 가득한 <b>직장 점심</b>회식",https://blog.naver.com/dyne1_/223707128282,"오랜만에 회사 동료들과 <b>점심</b> 회식을 하기로 하고, 수원에서 가장 신선하다는 소문을 듣고 찾아간... 수원 회센터에서 찾은 맛집의 진수 이곳은 <b>점심</b> 식사뿐만 아니라 포장 서비스도 훌륭했습니다. 수원... ",세상 모든 관심이 나에게로 왔으면 좋겠다.,blog.naver.com/dyne1_,20241227
직장점심 100,다이어트 식단 고단백질 도시락 <b>직장 점심</b> 해결하기,https://blog.naver.com/tjdrhd_17/224013902036,매일 <b>직장</b>에서 많으면 2끼 이상을 해결하는 나! 10시에 퇴근해서 항상 다음날 도시락을 한 끼 정도는... 다음날<b>점심</b>으로 먹은 고추장 돈 불고기 플래터도 간이 쌔지 않고 현미밥이랑 함께 먹기 너무 좋았다.... ,쇼르숑 일상,blog.naver.com/tjdrhd_17,20250919
직장점심 100,을지로 맛집 <b>직장 점심</b>회식 추천 한암동 을지점,https://blog.naver.com/sdsdblog/223975587766,"<b>점심</b>회식 때 1,2번 가본 한암동 을지점에서 아이와 주말 외식했어요~ 법카로 먹던 식당 중에서도... 좋고요, ??<b>직장</b> 회식이나 어른 모신 행사는 말할 것도 없이 최적입니당 필요한 기념일에 예약하고... ",순딩순딩 아이랑 여행,blog.naver.com/sdsdblog,20250819
직장점심 100,"선릉 뷔페 추천, <b>직장</b> 동료들과 다녀온 L7강남 플로팅 <b>점심</b> 후기",https://blog.naver.com/forktip/223980303098,덕분에 <b>직장 점심</b> 모임 장소로는 만족스러웠습니다.  이런 분께 추천합니다 선릉역 근처에서 세련된 점심 모임을 찾는 직장인 분위기와 감각적인 인테리어를 중시하는 분 전통 한식 뷔페보다는 이탈리안... ,건강은 덤.여행은 보너스,blog.naver.com/forktip,20250823
직장점심 100,을지로 한식 [한암동 을지점] <b>직장 점심</b>추천 회식장소로 완벽한... ,https://blog.naver.com/acon5150/224039948229,위치가 워낙 좋아서 직장인뿐만 아니라 을 지로 근처 관광객이나 외국인 손님도 찾기 좋은 곳이에요.... 을지로회식 #<b>직장점심</b>추천 #한암동을지점 #을지로한식 #세운상가맛집 #을지로숨은맛집 #을지로점심맛... ,효데이의 리뷰 다이어리,blog.naver.com/acon5150,20251016
직장점심 100,<b>직장 점심</b>은 여기로 찜! 면식당 오창점 방문 후기,https://blog.naver.com/qqq8546/224044221338,"얼큰김치우동은 뜨끈한 국물이 쌀쌀한 날씨에 몸을 확 풀어주고, 속까지 편안하게 채워주는 느낌이라 요즘 같은 때에 <b>점심</b>으로 완전 제격이었어요. <b>직장</b> 동료들과 함께 먹으면서 진짜 여기 오길 잘했네~ 소리를... ",요찌 블로그,blog.naver.com/qqq8546,20251017
직장점심 100,당산역 <b>점심</b> 선유도역 <b>점심</b> <b>직장</b>동료와 <b>점심</b>하기 좋은... ,https://blog.naver.com/bo32_/224012791303,"<b>직장</b>동료와 <b>점심</b>하기 좋은 감골연탄집 메뉴 구성 선유도역 <b>점심</b> 맛집 감골연탄집은 <b>점심</b>에는 연탄 불고기를 판매하고 있지만 저녁에는 또 고깃집이기때문에 <b>점심</b>, 저녁 모두 방문하셔도 좋아요 이날 같이... ",bo32_님의블로그,blog.naver.com/bo32_,20250918
직장점심 100,<b>직장</b> 동료들과 <b>점심</b> 회동!  춘천 마라탕 마라공방 춘천강남점... ,https://blog.naver.com/gksk920522/223952174039,내부 분위기 = <b>직장 점심</b> 장소로 완벽 테이블 간격도 넓고 조명도 은은해서 전반적으로 깔끔하면서... 춘천꿔바로우 #직장인점심맛집 #춘천점심추천 #회사근처맛집 #직장인맛집탐방 #춘천회식장소... ,우당탕탕 삼형제네 블로그에 오신걸 환영합니다 ??,blog.naver.com/gksk920522,20250730
직장점심 100,[<b>직장</b>주간밥상일기] 20250310... <b>점심</b>메뉴 두번째월급날,https://blog.naver.com/twinmamy/223796416528,"좋다,,ㅎ 점심먹고 산책도 해봄,, 지리산을 항상 볼 수 있는곳,,, 20250312 수요일 새벽에도 열심히... 출근~ <b>직장 점심</b>~~ 돈 뼈감자탕 에 순살닭꼬치구이 낙지참나물초무침 구운버섯샐러드 부추생채,석박지 오늘... ",twinmamy의 이야기,blog.naver.com/twinmamy,20250314
직장점심 100,전주 덕진동 맛집 :: FA(파) 이탈리안 레스토랑에서 <b>직장 점심</b>... ,https://blog.naver.com/nako_08/223986895330,주문했어요 <b>직장</b>에서 출발하며 전화로 예약하면서 메뉴까지 미리 말씀드렸더니 도착했을 때 이미 세팅이 완료되어 있었어요 <b>점심</b> 회식 시간에 딱 맞춰 준비해주셔서 기다림 없이 바로 먹을 수 있었던 점이... ,전주 1인의 한갓진 일상,blog.naver.com/nako_08,20250828
직장점심 100,[런치랩 후기]구내식당없는 <b>직장</b> 도시락구독으로 <b>점심</b>도시락배달,https://blog.naver.com/hafee1/223824217718,도시락배달 런치랩 구내식당 없는 <b>직장</b>에서 <b>점심</b>도시락 배달 맛있게 먹은 후기 업소 정보는 밑으로 내가 요즘 미용실에서 프리랜서로 일하고 있는데 일하다보니 매번 <b>점심</b>때마다 식당 나가기도 힘들고... ,미쿡언니의 굿띵헌팅,blog.naver.com/hafee1,20250406
직장점심 100,갈마동 와타요업 드디어 가봤다! 그리고 나의 <b>직장 점심</b>일기!,https://blog.naver.com/lunes_i/223891691045,<b>직장 점심</b>일기와 대전텐동맛집 갈마동 와타요업 다녀온 진짜 내돈내산 후기 남겨볼게요! 제가 대전... 주말에 점심먹으러 가신다면 웨이팅걸고 다른거 하고 오시면 딱 될 듯해요! 저도 1시간 살짝 넘게 웨이팅 한... ,햄블리의 우당탕 일상!,blog.naver.com/lunes_i,20250607
직장점심 100,송도 점심추천 &quot; 마루젠우동 &quot; <b>직장점심</b>메뉴추천,https://blog.naver.com/kha5105/224010097296,안녕하세요 미니캣입니다 오늘은 송도 국제지구역에 있는 <b>점심</b>식사 드실수있는 우동집... 튀김 <b>점심</b>시간 조금지나서 그런지 사람들이 많이 왔다간 흔적을 튀김에서 볼수 있었어요 ㅎㅎ 많이 없지만 주문하면... ,아이 다운 이야기 [i story],blog.naver.com/kha5105,20250916
직장점심 100,<b>직장</b>에서 간단하게 먹는 <b>점심</b>메뉴 추천 [봉구스밥버거],https://blog.naver.com/alyssa_lee/223961025197,"바쁜 <b>직장</b>인이라 <b>점심</b> 한 끼도 제대로 못 챙겨 먹는 날이 많은데, 이 정도 구성이면 건강 챙기는 느낌도 들고 기분도 한결 나아졌습니다. 사실 처음엔 밥버거라고 해서 그냥 간단한 주먹밥 느낌일 줄 알았거든요.... ",앨리사의 소소한 행복,blog.naver.com/alyssa_lee,20250806
직장점심 100,[니뽕내뽕 앨리웨이인천점] <b>직장</b>동료들과 즐긴 매콤한 <b>점심</b>시... ,https://blog.naver.com/2522i/223881865438,평일 점심시간을 맞아 직장동료들과 함께 인천 도화동 앨리웨이에 위치한 니뽕내뽕을 찾았다.... 이렇게 세 가지 메뉴를 고루 시켜 다양한 맛을 보는 것도 <b>직장 점심</b>의 묘미다. 주문 후 음식이 나오는 속도는... ,"모모,반지 엄마 블로그",blog.naver.com/2522i,20250529
직장점심 100,"석창포환만들기, 첫 <b>직장</b>의 <b>점심</b>시간, 무엇을 발견할 수 있을까?",https://blog.naver.com/yey9795_bw/224010833183,"처음 만난 <b>직장 점심</b>, 낯선 풍경의 시작일까? 첫 직장에서의 점심시간, 동료들과 함께 식당으로 향할 때면 왠지 모를 낯섦이 밀려오곤 했습니다. 뭐가 그렇게 궁금했던 걸까요? 마치 미지의 세계를 탐험하듯... ",책의 매력 거지,blog.naver.com/yey9795_bw,20250917
직장점심 100,오이도 물회 맛집 바담칼국수 <b>직장</b>동료와 <b>점심</b>약속... ,https://blog.naver.com/asiaharper/223975333663,탱탱한 어묵에 육수 맛 잘 배어 <b>직장 점심</b>식사 즐거워 바담칼국수 외관이 정말 깔끔하고 현대적이어서 직장인들이 점심 먹기에 딱 좋아 보였어요. 오이도 조개찜 맛집답게 점심시간에 직장인 손님들도 많이... ,GOOD NIGHT WORLD,blog.naver.com/asiaharper,20250819
직장점심 100,"<b>직장</b>에서의 <b>점심</b> 시간, 어떻게 활용하는 게 좋을까? ?",https://blog.naver.com/chailyhood/223774780992,"<b>직장</b> 내 <b>점심</b> 시간은 단순한 ‘밥 먹는 시간’이 아니라, 어떻게 활용하느냐에 따라 업무 효율과 스트레스 관리에 큰 영향을 미치는 시간입니다. ? 팀원들과 친목을 다질 수도 있고 ? 혼자만의 시간을 가지며... ",?디에이치성형외과?,blog.naver.com/chailyhood,20250226
직장점심 100,"수영구도시락 <b>직장 점심</b>, 단체 식사할 때 딱이네요",https://blog.naver.com/dbfk6346/223670684344,스마일런치박스는 <b>직장</b>인들의 상대로 <b>점심</b> 배달을 전문으로 하는 도시락업체답게 수저 까지 모두 준비되어 있었어요 비주얼이 뜯기 전부터 너무 기대되는 거 있쥬? 두구두구두구 반찬도 호불호없이 다 좋아하는... ,블린이의 blog,blog.naver.com/dbfk6346,20241123
직장점심 100,구월동 <b>점심</b> 맛집 면식당 <b>직장</b>동료와 즐긴 든든한 <b>점심</b>,https://blog.naver.com/qqq8546/224027249909,<b>직장</b> 생활을 하다 보면 <b>점심</b>시간은 하루 중 가장 소중한 휴식이 되는 순간이에요. 저는 동료들과 종종 새로운 곳을 찾아다니며 <b>점심</b>식사를 즐기는데 이번에는 회사 근처에서 괜찮다는 소문을 듣고 면식당... ,요찌 블로그,blog.naver.com/qqq8546,20250930
직장점심 100,한우 오마카세 런치세트 우몽블랙 평촌점 <b>직장 점심</b> 모임 후기,https://blog.naver.com/joodeang77/224023819074,범계 평촌역 맛집 한우 오마카세 런치세트 우몽블랙 평촌점 <b>직장 점심</b> 모임 후기 안녕하세요 오늘은... 가격이 부담스럽지 않아서 직장인 점심 모임이나 회식 전 점심에도 딱 좋았어요. 세트 구성에는 한우 구이... ,캠핑박사의 하루,blog.naver.com/joodeang77,20250927
직장점심 100,오늘의 <b>직장 점심</b> 메뉴와 레시피,https://blog.naver.com/dlftns46889/223782342796,"특별한 점심을 먹었어요. 메뉴는 김부각, 부대찌개, 옥수수계란찜, 그리고 떡볶이파스타였어요. 영양소가 골고루 들어간 한 끼였는데요, 각 메뉴별로 간단한 레시피를 공유해볼게요! 오늘의 <b>직장 점심</b> 메뉴와... ",일상행복,blog.naver.com/dlftns46889,20250303
직장점심 100,용인 도시락으로 <b>직장 점심</b>부터 홈파티까지 해결! 소문난... ,https://blog.naver.com/miel949409/224043530922,"<b>직장</b>인들의 빠른 <b>점심</b> 해결사로도, 가족 행사의 품격을 높이는 비밀병기로도 손색없습니다. 오늘도 회의실에서 마지막 소스 한 방울까지 싹 비운 도시락 박스를 보며 미소를 지었어요. 다음엔 회사 야유회... ",혜진이의 소소한 일상 :),blog.naver.com/miel949409,20251016
직장점심 100,내돈내산 광화문 <b>직장 점심</b> 오양식관 (광화문 김치찌개 맛집),https://blog.naver.com/hxxyxxx/223635317249,광화문 <b>직장 점심</b> 오양식관 글·사진 @유라비 요즘 같은 날씨에 딱 어울리는 광화문 직장인(=저)들의 소울푸드인 광화문 김치찌개 맛집 오양식관에서 점심식사한 후기를 포스팅하려 해요. 오양식관은 가성비... ,?? The pursuit of Happiness,blog.naver.com/hxxyxxx,20241028
직장점심 100,상무지구 <b>직장 점심</b> 회식 추천 박홍열 갈비탕 정식 메뉴,https://blog.naver.com/luvsososo/223979160139,"사실 요 근처 <b>직장</b>인들이 <b>점심</b> 회식할 때 자주 찾는다는 얘기는 많이 들었는데, 직접 가보니 왜 그런지 알겠더라구요! 박홍열 갈비탕  광주광역시 서구 상무중앙로68번길 5 1층(치평동) ? 영업시간ㅣ10:30~22:00... ",달콤한 삶을 한입에 담아,blog.naver.com/luvsososo,20250822
직장점심 100,<b>직장 점심</b> 후에 자주 찾는 선릉카페 유로스커피 로스터스의... ,https://blog.naver.com/sapphiresea21/223951396307,"<b>직장</b> 근처라 <b>점심</b> 후 빠르게 들르기 좋은 위치에 있어, 여유로운 시간을 보내기에 더할 나위 없는 장소입니다. 내부는 깔끔하게 관리되어 있으며, 일하는 사람들과 친목을 다질 수 있는 넓은 좌석 공간이... ",꿈꾸던 그곳에서,blog.naver.com/sapphiresea21,20250729
직장점심 100,<b>직장 점심</b> 본도시락. 바싹불고기제육한상. 10400원. 야채가... ,https://blog.naver.com/neria99/223353440456,오늘 회의에서 간만에 본도시락으로 <b>점심</b>을 먹었다. 이름은 바싹불고기제육한상. 보다시피 고급스런... 오랫만에 본도시락을 먹어보니 과연 <b>직장</b>에서 먹을 법한 고급 도시락 이기는 하지만. 야채나 채소가... ,꿈많은 나무늘보 이야기,blog.naver.com/neria99,20240214
직장점심 100,구미도시락 구미<b>직장 점심</b> 무료배송 푸드박스 구미점,https://blog.naver.com/auroraksi/223926744642,당일도 오전 10시까지 주문하면 편하게 집이나 <b>직장</b>에서 먹을 수 있어요. 전날 주문해서 <b>점심</b>시간 전 현관문 앞에 딱!! 무료로 배송된답니다. 도시락 포장 무료배송된 도시락 가방 열어보면 도시락 2개와... ,오로라의 일상 리뷰,blog.naver.com/auroraksi,20250708
직장점심 100,부평영양수액 피로회복 <b>직장 점심</b>시간에도,https://blog.naver.com/dodamhanbang/223811612461,부평영양수액 <b>직장 점심</b>시간에도 피로가 오랜 기간 누적될 경우 전반적으로 기운과 체력이 떨어지고... 부평영양수액은 1회에 30분 동안 진행되기 때문에 바쁜 직장인 분들도 점심시간에 들러 수액치료를... ,도담한방병원,blog.naver.com/dodamhanbang,20250327
직장점심 100,[금천문화재단 제2기 SNS 청년서포터즈] <b>점심</b>시간 <b>직장</b>... ,https://blog.naver.com/comg0629/224044952000,"가산동 <b>직장</b>인들의 <b>점심</b> 시간에 한 틈의 쉼터가 되어줄 흥겨운 한마당, &lt;2025 금천라이브&gt;가 이틀간 가산 빌딩숲 한가운데서 열렸습니다~ 장소는 가산디지털단지, 일명 지밸리(G-vally)에서 진행되었습니다. 더... ",욘승's 저장소,blog.naver.com/comg0629,20251017
직장점심 100,<b>직장</b> 상사가 쌍욕하길래 <b>점심</b>시간 무단 퇴사한 신입,https://blog.naver.com/theinspirer/223856058666,"몇 년 전 일인데, 이런 <b>직장</b> 내 괴롭힘이 여전한 곳이 많은 것 같습니다. 최근까지도 반복되네요. 이런 이유로 퇴사하는 분들도 많은데, 그럼 자진 퇴사일까요? 실업급여는 못 받을까요? 상사 막말로 <b>점심</b>시간에... ",인스파이어 재테크,blog.naver.com/theinspirer,20250505
직장점심 100,식중독과 <b>직장</b>에서의 <b>점심</b>식사 - 안전한 식사를 위한 팁,https://blog.naver.com/extron1968/223392507735,"식중독의 일반적인 원인 중 하나는 <b>직장 점심</b>입니다. 많은 사람들이 자신의 점심을 직장으로 가져오는 반면, 다른 사람들은 구내식당이나 식당 음식에 의존합니다. 음식이 어디서 오든 간에, 병에 걸리지 않도록... ",봄날,blog.naver.com/extron1968,20240323
직장점심 100,"가족 외식, <b>직장 점심</b>, 배달까지! 다 되는 중식당 예향",https://blog.naver.com/deokcheon01/224012238519,"홀도 널찍해서 가족 외식이나 <b>직장</b>인 <b>점심</b> 모임에도 딱 맞습니다. 특히 “배달 맛집”으로도 유명하지만, 실제로 매장에서 먹으면 따뜻하게 바로 나오는 음식 덕분에 만족도가 더 높다는 리뷰가 많습니다.... ",덕천마을상가번영회 블로그,blog.naver.com/deokcheon01,20250918
직장점심 100,<b>직장 점심</b>도시락[배달] 대전정기도시락 이소도시락중리점,https://blog.naver.com/inaria84/223867052864,#협찬 <b>직장 점심</b>도시락[배달] 대전정기도시락 이소도시락중리점 +5월 식단표 첨부 안녕하세요 행복한잇팁입니다 오늘은 직장에 도시락배달해주는 업체 이소도시락중리점의 도시락을 공개해보려고 합니다... ,행복한잇팁itip,blog.naver.com/inaria84,20250515
직장점심 100,알파키친 보온도시락 <b>직장 점심</b> 도시락통 추천!,https://blog.naver.com/qorwldms9567/223822343345,저도 <b>직장</b>을 다니고있는데용! 식비가 나오지만 경기가 너무 안좋다보니 식비라도 아껴야되겠단 마음에 도시락을 싸들고 다니거든요! 새벽에 일어나서 도시락을 싸고오면 <b>점심</b>되면 다 식고 눅눅해지거든용 ㅠ... ,자취인과 뚠뚜,blog.naver.com/qorwldms9567,20250404
직장점심 100,&quot;맞벌이는 <b>직장 점심</b> 시간에 아이 가져라&quot;…,https://blog.naver.com/allsix6/223598313270,&quot;맞벌이는 <b>직장 점심</b> 시간에 아이 가져라&quot;… 푸틴식 저출산 대책 논란 예브게니 셰스토팔로프 러시아 보건부 장관은 지난 최근 방송 인터뷰에서 “직장 때문에 바쁘다는 것은 아이를... ,Day by Day,blog.naver.com/allsix6,20240927
직장점심 100,창원 도계동 밥집 민속골 가성비 맛집  <b>직장 점심</b> 대박 발견!,https://blog.naver.com/heyhey_119/223901588376,"오늘 직장동료들과 점심으로 다녀온 **창원 도계동 밥집 민속골 가성비 맛집**을 소개해드릴게요!... 가격도 착하고, 무엇보다 정말 집에서 해주는 밥 같은 맛이라 마음까지 따뜻해지더라고요  <b>직장 점심</b>으로는... ",꿈꾸는부자,blog.naver.com/heyhey_119,20250617
직장점심 100,"<b>직장</b> 내 <b>점심</b>시간, 아이디어의 온상이 되다",https://blog.naver.com/pnscale/224028931034,"<b>직장</b> 내 <b>점심</b>시간, 아이디어의 온상이 되다 <b>직장</b> 내 <b>점심</b>시간은 단순한 식사 시간이 아니라, 창의적인 아이디어가 싹트는 중요한 순간입니다 바쁜 업무에 쫓기는 직원들에게 <b>점심</b>시간은 짧지만 소중한 휴식의... ",pnscale님의 블로그,blog.naver.com/pnscale,20251006
직장점심 100,대전도시락배달｜<b>직장 점심</b>도시락은 이소도시락 중리점에서... ,https://blog.naver.com/toqhafls_love/223914246875,"자취생이나 <b>직장</b>인 <b>점심</b>도시락, 회의도시락 찾는 분들께 꼭 추천드리고 싶어요 마무리 후기 한마디 매일 <b>점심</b> 고민하기 지치셨다면, 세종시밥집 찾는 분들, 대전도시락 필요하신 분들께 이소도시락 중리점... ",새봄린마미의 일기,blog.naver.com/toqhafls_love,20250629
직장점심 100,"전주배달도시락 <b>직장 점심</b> 후기, 온담도시락과 함께한 하루",https://blog.naver.com/hyeonsu6959/223967563529,"<b>점심</b>시간이 훨씬 여유로워지고, 사무실에서 동료들과 도란도란 도시락을 먹는 시간이 또 하나의 작은 힐링이 되었네요 ㅎㅎ 전주에서 <b>직장</b>인 <b>점심</b> 도시락 배달을 찾고 계신다면, 저는 자신 있게 온담도시락을... ",뷰티의 즐거움,blog.naver.com/hyeonsu6959,20250812
직장점심 100,세종 도시락 배달 추천 <b>직장 점심</b> 도시락 맘스민,https://blog.naver.com/isshoniboobu/223630923255,안녕하세요 잇쇼니부부입니다 요즘 물가가 장난 아닌 이 시점에 <b>직장 점심</b>을 도시락을 싸가지고 다니는... 오후 3시 이전에 사전 주문 예약제로 운영됩니다 #세종도시락배달 #세종직장도시락 #세종점심도시락,잇쇼니부부의 블로그,blog.naver.com/isshoniboobu,20241023
직장점심 100,<b>직장</b>동료들과 <b>점심</b>으로 다녀온 경북도청맛집 옥된장... ,https://blog.naver.com/jijibebe4860/224044352863,"하루 종일 바쁘게 움직이다 보니 따뜻하고 든든한 점심이 필요했는데, 마침 직장 근처에 된장전골... 짧은 점심시간에도 기분 좋게 식사를 마칠 수 있었습니다. <b>직장 점심</b>으로 경북도청맛집 옥된장... ",jijibebe4860님의 블로그,blog.naver.com/jijibebe4860,20251017
직장점심 100,미국 <b>직장</b>에 싸가는 <b>점심</b> &amp; 어쩌다 한 주 동안 먹은 음식들 기록,https://blog.naver.com/ouiou55/224026592267,새 <b>직장</b>에서도 여기저기서 음식을 주신다. 내가 잠시 자리를 비운 동안 동료가 수박을 챙겨줬다. 그리고 노란 수박이 맛있는지 없는지 온 직원들이 대토론을 했다. 결론은 신기한 수확물인 걸로 … 나는 <b>점심</b>... ,A BEAUTIFUL MESS,blog.naver.com/ouiou55,20250930
직장점심 100,<b>직장</b> |  <b>점심</b>시간 17분전,https://blog.naver.com/izakaya_l/223449538074,"위이이이이잉~~ 12시30분이 <b>점심</b>시간인데, 늘 앞서가는 그들 그들의 논리는 밥 먹는 시간이 12시... 못마땅할 뿐이고, 이렇게 <b>직장</b>생활 소재거리 생긴것을 '낙'으로 삼으며 블로그를 작성할 뿐이야. 저도... ",Just the Way You Are,blog.naver.com/izakaya_l,20240517
직장점심 100,<b>직장</b>에서 활용할 수 있는 <b>점심</b>시간 아이디어,https://blog.naver.com/brown4098/224042780204,<b>직장</b>에서 활용할 수 있는 <b>점심</b>시간 아이디어 <b>점심</b>시간은 <b>직장</b>에서 직원들이 재충전하고 에너지를 회복할 수 있는 중요한 시간입니다 이 시간을 어떻게 활용하느냐에 따라 업무 효율성과 팀워크에 긍정적인... ,brown4098님의 블로그,blog.naver.com/brown4098,20251021
직장점심 100,<b>직장</b>에서 <b>점심</b>시간의 중요성,https://blog.naver.com/qyrb11ykk2w/224005971689,"<b>직장</b>에서 <b>점심</b>시간의 중요성 <b>직장</b>에서 <b>점심</b>시간은 단순히 식사를 하는 시간을 넘어서, 직원들의 생산성과 창의성에 큰 영향을 미치는 중요한 요소입니다 많은 사람들이 <b>점심</b>시간을 단순히 배를 채우는 시간으로... ",qyrb11ykk2w님의 블로그,blog.naver.com/qyrb11ykk2w,20250922
직장점심 100,"<b>직장 점심</b>시간에 가기 좋은 넓은 가산카페 추천, 리부트카페... ",https://blog.naver.com/gusdk5936/223940619787,"<b>직장 점심</b>시간에 가기 좋은 넓은 가산카페 추천, 리부트카페 가산점(생과일 수박 스무디 추천) 점심시간에 가산디지털단지쪽 에서 직장인분들과 같이 가면 좋을 것 같은 넓은 가산카페 리부트파크 갔다온 후기... ",혀나수첩,blog.naver.com/gusdk5936,20250720
직장점심 100,아침 <b>점심</b> 이 작은 변화로 <b>직장</b>생활을 바꿨습니다,https://blog.naver.com/tkos3333/223619326209,"쳇바퀴 도는 <b>직장</b>인이지만, 매일매일 새롭게 사는 방법. 정해진 시간표 속에서 내가 좋아하는 것을 사이사이에 야무지게 하나씩 꼭 집어넣는다. 아침에 하나 <b>점심</b>에 하나 저녁에 하나 그게 쌓여서 하루를 즐겁게... ",타키온의 경제적 자유!,blog.naver.com/tkos3333,20241015
직장점심 100,판교맛집 <b>직장 점심</b>시간에 든든한 집밥 스타일의 밥집 청담보리가,https://blog.naver.com/bebe89_/224051102539,"있어서 <b>점심</b>, 저녁 모두 <b>직장</b>인들에게 사랑받는 곳임을 느낄 수 있겠더라구요 보리굴비가 맛있는 청담보리가에서 든든한 집밥의 음식을 드셔보세요~ 경기 성남시 분당구 대왕판교로 606번길 45 2층 201호 - 203호",먹놀잠하고싶은 B.B의 Daily,blog.naver.com/bebe89_,20251023
직장점심 100,방이역 카츠젠 방문기 ? 신혼부부의 <b>직장 점심</b>식사 데이트,https://blog.naver.com/wkqlqhsh/223780734317,방이역 카츠젠 방문기 ? 신혼부부의 <b>직장 점심</b> 데이트 바쁜 직장 생활 속에서도 점심시간만큼은 소중한 휴식 같은 시간이죠. ?? 특히 신혼부부라면 함께 맛있는 식사를 하면서 하루의 활력을 충전하는 게... ,우주를 탐험하며,blog.naver.com/wkqlqhsh,20250302
직장점심 100,"백수의 삶...(ep.6 일요일 전<b>직장</b> 동생과 <b>점심</b>식사후, 디얼스... ",https://blog.naver.com/ninja50000/223415547422,"그렇게 전<b>직장</b> 동생과 <b>점심</b>한끼하고, 집으로 돌아오니 4시반... 디얼스 대표님께 전화가 옵니다. 새로출시될 디얼스 X 썬연료 블랙에디션을 디사모에게 선물하려고 챙겨오셨다고... 아~! 항상 멀 이리도... ",날아갈 수 있는 그날을 위해!!!,blog.naver.com/ninja50000,20240415
직장점심 100,프로 혼밥러의 <b>직장 점심</b> 메뉴,https://blog.naver.com/jiyun9702222/223868921797,"프로 혼밥러의 <b>직장 점심</b> 메뉴 아마 회사에서 가장 야무지게 혼밥하는 직원이 아닐까 싶다. 1시간... 도와드렸더니 점심 시간에 사다주신 티 라떼 .. 커피빈 티라떼 처음 마셔봤는데 맛도 좋고, 기분도 넘... ",쮼,blog.naver.com/jiyun9702222,20250518
직장점심 100,[<b>직장 점심</b> 후기] 수원 파이브가이즈 딜리버리 ? 비싸지만 또... ,https://blog.naver.com/bugeely1121/223872347647,"오늘 점심은 조금 특별하게 직원들과 함께 파이브가이즈(Five Guys) 햄버거를 시켜 먹었어요. 요즘 SNS에서... <b>직장 점심</b>으로는 조금 부담될 수 있는 가격이긴 하지만, 그래도 가끔은 이런 프리미엄 버거가 당길 때가... ",분당 워킹맘,blog.naver.com/bugeely1121,20250521
직장점심 100,[<b>직장</b>맘 <b>점심</b> 해결?] 경산 자인 으뜸맛집 도시락 배달!... ,https://blog.naver.com/sobluejh6705/224038893278,"따뜻하고 건강한 한 끼, 여러분도 꼭 한번 드셔보세요  #경산맛집 #자인맛집 #으뜸맛집 #도시락배달 #월식사 #<b>직장</b>인<b>점심</b> #집밥도시락 #경산도시락 #<b>직장</b>인도시락 #가성비도시락 #<b>직장</b>맘일상 #<b>점심</b>메뉴추천",look at me jh,blog.naver.com/sobluejh6705,20251012
직장점심 100,"목포역 근처 혼밥·<b>직장 점심</b> 모두 좋은 맛집, 봉마켓",https://blog.naver.com/graziosouny/224004460617,"혼밥하기에도 부담 없고, <b>직장</b>인 <b>점심</b>·퇴근 후 식사 장소로도 딱 좋은 곳이에요.  해시태그 #목포역맛집 #목포맛집 #봉마켓 #목포역근처맛집 #목포혼밥 #목포<b>점심</b> #목포저녁 #목포가성비맛집 #목포여행맛집... ",just moments,blog.naver.com/graziosouny,20250911
직장점심 100,<b>직장</b>에서 <b>점심</b>시간에 아이디어를 발전시키는 방법,https://blog.naver.com/mmemployer/224037964514,"<b>직장</b>에서 <b>점심</b>시간에 아이디어를 발전시키는 방법 <b>직장</b>에서 <b>점심</b>시간은 단순히 식사를 위한 시간이 아닙니다 이 시간은 동료들과의 소통, 새로운 아이디어를 발전시키고 창의적인 사고를 촉진할 수 있는 중요한... ",mmemployer님의 블로그,blog.naver.com/mmemployer,20251011
직장점심 100,"소사역 <b>직장 점심</b> 도시락, 역곡에위치한 길동우동가게서 산... ",https://blog.naver.com/sbh5668/224015415929,"오늘 <b>점심</b>은 소박했지만, 가끔은 이런 소소한 도시락 한 끼가 더 기억에 남는 것 같아요.해시태그 #역곡맛집 #역곡김밥 #소사역<b>점심</b> #일요일<b>점심</b> #<b>직장</b>도시락 #김밥한끼 #소소한일상 #네이버블로그일상",sbh5668님의블로그,blog.naver.com/sbh5668,20250920
직장점심 100,<b>직장</b>에서의 <b>점심</b>시간 활용법,https://blog.naver.com/entirelyuk/224031261270,"<b>직장</b>에서의 <b>점심</b>시간 활용법 <b>직장</b>에서의 <b>점심</b>시간은 단순히 식사를 하는 시간을 넘어서, 직원들이 에너지를 재충전하고 동료들과의 관계를 강화할 수 있는 중요한 기회입니다 효율적으로 활용하는 방법을... ",entirelyuk님의 블로그,blog.naver.com/entirelyuk,20251010
직장점심 100,푸드박스 매일 배송 수거 가성비 좋은 <b>직장</b> 단체 <b>점심</b> 도시락 추천,https://blog.naver.com/s126416/223257683806,"의정부도시락 푸드박스 매일 배송 수거 가성비 좋은 <b>직장</b> 단체 <b>점심</b> 도시락 추천 #의정부도시락, #사무실 도시락, #회사 도시락, #<b>직장</b>인 도시락, #<b>점심</b> 도시락 <b>직장</b>인 <b>점심</b>/단체 도시락 전문 푸드박스 의정부... ",행복한쩡이의블로그 후라이캠핑,blog.naver.com/s126416,20231107
직장점심 100,<b>직장</b>에서 즐기는 <b>점심</b> 힐링 루틴,https://blog.naver.com/etrtomthpav84162/224016909891,"<b>직장</b>에서 즐기는 <b>점심</b> 힐링 루틴 <b>직장</b>에서의 <b>점심</b> 시간은 단순한 식사를 넘어, 하루의 스트레스를 해소하고 재충전하는 힐링의 순간이 될 수 있습니다 많은 사람들이 바쁜 업무에 쫓겨 <b>점심</b>을 대충 해결하는... ",etrtomthpav84162님의 블로그,blog.naver.com/etrtomthpav84162,20250930
직장점심 100,"<b>직장</b> 내 <b>점심</b>시간, 창의성을 자극하는 활동들",https://blog.naver.com/normal1461/223998038153,"<b>직장</b> 내 <b>점심</b>시간, 창의성을 자극하는 활동들 <b>직장</b> 내 <b>점심</b>시간은 단순한 식사 시간이 아니라, 직원들이 창의성을 발휘할 수 있는 중요한 기회입니다 바쁜 업무 환경 속에서 짧은 시간 동안 에너지를 재충전하고... ",normal1461님의 블로그,blog.naver.com/normal1461,20250910
직장점심 100,<b>직장</b> 상사 모시고 접대... 캠프에 간 고등어 성공적인 <b>점심</b> 식사,https://blog.naver.com/4002chny/224030000523,031-334-7200 #용인맛집 #캠프에간고등어 #친구모임 #간장게장 #게장정식 #용인<b>점심</b> <b>직장</b> 상사를 모시고 근처 용인맛집을 찾다가 용인맛집 가족모임 캠프에 간 고등어를 방문했습니다. 양지IC에서 가까워... ,4002chny님의 블로그,blog.naver.com/4002chny,20251002
직장점심 100,<b>직장</b>에서의 <b>점심</b>시간 활용 팁,https://blog.naver.com/8zrepresent/224032226116,"<b>직장</b>에서의 <b>점심</b>시간 활용 팁 <b>직장</b>에서의 <b>점심</b>시간은 단순히 식사하는 시간을 넘어, 업무 효율성을 높이고 개인의 삶의 질을 향상시킬 수 있는 중요한 시간입니다 제대로 활용하는 방법을 알아보겠습니다 첫째... ",8zrepresent님의 블로그,blog.naver.com/8zrepresent,20251013
직장점심 100,충무로맛집에서 <b>직장</b> 후배와 같이 <b>점심</b>먹은 BEEFY 후기.,https://blog.naver.com/purinlove04/223985797740,<b>직장 점심</b>시간인 만큼 술은 패스. 대신 논콜 와인은 부탁드렸답니다. 음식이 나오자마자 그 비주얼에... 점심 먹고나서 직장인 점심의 꽃인 카페에서 들려 테이크 아웃하며 일터로 돌아가서 오후 열일 하고... ,예냥의 잡동사니 스케치,blog.naver.com/purinlove04,20250827
직장점심 100,<b>직장</b>에서의 <b>점심</b>시간 아이디어 모음,https://blog.naver.com/when18024/224004617321,"<b>직장</b>에서의 <b>점심</b>시간은 단순한 식사를 넘어서, 동료들과의 소통을 강화하고 업무에 대한 스트레스를 해소할 수 있는 소중한 시간입니다 다양한 <b>점심</b>시간 아이디어를 통해 보다 즐겁고 생산적인 시간을 만들어... ",when18024님의 블로그,blog.naver.com/when18024,20250923
직장점심 100,<b>직장</b>근처 <b>점심</b> 요가 찾다가 발견한 요가람 여의도점 샛강요가... ,https://blog.naver.com/yjhjh0909/224030109421,요가가 너무 궁금해서 <b>직장</b> 근처에 <b>점심</b>시간에 할 수 있는 곳을 찾아봤어요 그러다 발견한 곳이 요가람 여의도점이에요 샛강 근처라서 접근성도 좋고 분위기도 괜찮아 보여서 바로 가봤답니다 처음 요가를... ,yjhjh0909님의 블로그,blog.naver.com/yjhjh0909,20251003
직장점심 100,"<b>직장</b> 내 <b>점심</b>시간, 아이디어 발산의 기회로 만들기",https://blog.naver.com/zamtaoenlu041/223997491035,"<b>직장</b> 내 <b>점심</b>시간은 단순한 식사를 넘어 아이디어 발산의 기회로 활용될 수 있습니다 많은 <b>직장</b>인들이 <b>점심</b>시간을 이용해 동료들과 소통하고, 스트레스를 해소하며, 업무에서 잠시 벗어나는 시간을 가집니다 이... ",zamtaoenlu041님의 블로그,blog.naver.com/zamtaoenlu041,20250914
직장점심 100,<b>직장점심</b>메뉴 박성환돈까스 연산토곡점 토마호크 돈까스,https://blog.naver.com/mywhayoung/223805261968,돈까스 #<b>직장점심</b>메뉴 #박성환돈까스 #박성환돈까스연산토곡점 #박성환돈까스토마호크 #토마호크돈까스 박성환돈까스 같은 경우에 얼마 전에 토곡사거리 인근에 돈까스집이 생겼는데 아무래도 직장인들 점심... ,"주말엔 뭐하고 놀까, 나만의 취향기록",blog.naver.com/mywhayoung,20250321
직장점심 100,교대역 서초보쌈... 열무막국수가 맛있는 서초동 <b>직장</b>근처 <b>점심</b>집,https://blog.naver.com/purpist/224049792961,투박한 아저씨들 <b>점심</b>집 <b>점심</b>에 걷다가 혼자서 청국장 반찬 밥 혼밥 한상 투박한맛 개인적으로 좋아하는 맛입니다. 떠먹다가 말아서 사장님 서비스 후라이 뭐라도 직접 하는집 전종류는 입구에서 부쳐주십니다.... ,purpist님의블로그,blog.naver.com/purpist,20251022
직장점심 100,<b>직장</b>에서 <b>점심</b>시간을 즐겁게 보내는 팁,https://blog.naver.com/polite6n/224012296982,<b>직장</b>에서 <b>점심</b>시간을 즐겁게 보내는 팁 <b>직장</b>에서 <b>점심</b>시간을 즐겁게 보내는 것은 업무의 스트레스를 줄이고 동료와의 관계를 더욱 돈독히 하는 좋은 방법입니다 다음은 <b>점심</b>시간을 더욱 즐겁게 보내기 위한 몇... ,polite6n님의 블로그,blog.naver.com/polite6n,20250927
직장점심 100,배꼽집 목동맛집 현대41타워 <b>직장</b>회식 <b>점심</b>식사,https://blog.naver.com/imcoolgirl2/223670355031,저는 <b>점심</b> 정식 세트 메뉴만 알고 있어서 <b>점심</b>에 한 번 가봐야겠다 생각했는데 저녁때 회식으로 양념갈비를 먹게 되다니! 고기는 보통 송추가마골에서 먹었는데 새로운 맛집을 알게되서 기분이 좋았습니다. 다른... ,더 빛나는 오늘,blog.naver.com/imcoolgirl2,20241123
직장점심 100,대전도시락배달 매일 색다른 국과 반찬 보온도시락 <b>직장점심</b>... ,https://blog.naver.com/khathor224/223728552797,대전도시락배달 매일 색다른 국과 반찬 보온도시락 <b>직장점심</b> 추천 이소도시락 중리점 이소도시락 중리점 저희 직장이 대전 연구단지 근처인데 그렇다 보니 들어가면 들어갈수록 더 식당이나 점심 해결할곳이... ,창백한 푸른별,blog.naver.com/khathor224,20250117
직장점심 100,"<b>직장</b>에서의 <b>점심</b>시간, 힐링 음악 추천",https://blog.naver.com/tamsmoifsm142/224015855631,"<b>직장</b>에서의 <b>점심</b>시간, 힐링 음악 추천 <b>직장</b>에서의 <b>점심</b>시간은 하루의 중간에 잠시 휴식을 취하고 재충전할 수 있는 소중한 시간입니다 바쁜 업무 속에서 짧은 시간이지만, 이 시간을 어떻게... ",tamsmoifsm142님의 블로그,blog.naver.com/tamsmoifsm142,20250927
직장점심 100,치과위생사 <b>직장 점심</b> 메뉴 주간 식단표,https://blog.naver.com/honeyrain57/223584706878,치과위생사 <b>직장 점심</b> 메뉴 9월 식단 표 이번 주 일상 포토덤프 주제는 치과위생사가 직장에서 먹은 점심 메뉴를 기록해 보는 것이다. 월요일 점심은 깜빡하고 못 찍어서 화요일 점심부터 기록해 보았다. 우리... ,책읽는 꿀비의 부일부자,blog.naver.com/honeyrain57,20240915
직장점심 100,<b>직장</b>에서 <b>점심</b>시간 활용법,https://blog.naver.com/fnvillage/224011688786,"<b>직장</b>에서 <b>점심</b>시간 활용법 <b>직장</b>에서의 <b>점심</b>시간은 단순히 식사를 하는 시간을 넘어, 업무의 효율성을 높이고 스트레스를 해소할 수 있는 중요한 시간입니다 이를 효과적으로 활용하기 위해 몇 가지 방법을... ",fnvillage님의 블로그,blog.naver.com/fnvillage,20250921
직장점심 100,문정역 맛집 <b>직장</b> 근처 미도인 가성비 <b>점심</b> 생면파스타 추천,https://blog.naver.com/ameonna1/223972341260,"또 스테이크류의 메뉴도 가성비가 좋아, 문정역 근처 맛집은 <b>직장</b>인 <b>점심</b> 맛집으로도 꽤나 매력적이다. 그러하기에 퇴근길 한 잔 하는 오붓한 회식도 가능한 문정역 맛집이라 하겠다. 미도인의 다양한 메뉴가... ",꾸미의 근현대문화유산 탐방,blog.naver.com/ameonna1,20250816
직장점심 100,"[선릉역] 평일 <b>직장 점심</b> |  함흥음식 전문점 반룡산 (냉면, 만두... ",https://blog.naver.com/h_fleur/224013115244,반룡산 서울특별시 강남구 테헤란로78길 26 1층 선릉역 1번출구 15분 이내 거리 월~일 11:00-21:30 토일 21:00 마감 단체 이용가능 반룡산 매번 블로그로 눈팅만 한 반룡산 여름 다지나고 오늘에서야 방문~~ 생각보다... ,하이썬의 날마다 좋은날,blog.naver.com/h_fleur,20250918
직장점심 100,<b>직장</b>에서 즐길 수 있는 <b>점심</b>시간 활동 추천,https://blog.naver.com/discount11430/223980822821,"<b>직장</b>에서 즐길 수 있는 <b>점심</b>시간 활동 추천 <b>직장</b>에서 <b>점심</b>시간은 단순히 식사를 하는 시간 이상의 의미를 가지고 있습니다 이 시간을 활용해 동료들과의 유대감을 강화하거나, 개인의 스트레스를 해소하는... ",discount11430님의 블로그,blog.naver.com/discount11430,20250902
직장점심 100,원주 도시락 정기배송 /<b>직장 점심</b> 도시락 배달!,https://blog.naver.com/sanchi_wonju/223716351755,<b>직장</b>에서 <b>점심</b>은 든든하게 드셔야 오후까지 힘을 내실수있으니까요! 저녁 도시락도 문의가많으신데 추후에 신청자가늘면 고려 해보겠습니다! 들기름에 미역 달달 볶아서 들깨 미역국 보내드릴려구요:) 맛있고... ,샌드위치&샐러드&포케 전문점 원주 샌치(sanchi),blog.naver.com/sanchi_wonju,20250106
직장점심 100,"전<b>직장 점심</b>메이트와 저녁회동, OOTD, 서울밤, 일일일독",https://blog.naver.com/chocho824/223106210228,#전<b>직장점심</b>메이트와 #저녁회동 우린 매번 떡볶이라며ㅋ 만나고 난뒤 헤어지며 나눈 #톡 언니라는 호칭은 너무 간지럽기도하고 동생이지만 나보다 언니같은 친구라서 나를 전직장 직책으로 불러줬었는데 둘다... ,일상 속 일상탈출,blog.naver.com/chocho824,20230519
직장점심 100,&lt;양산수제도시락&gt; <b>직장점심</b>이벤트,https://blog.naver.com/ingan3/221693219941,남자친구분 직장으로 보내시는거라 직원분들 함께 점심즐기실 수 있도록 넉넉히 준비하셨습니다. #<b>직장점심</b>이벤트 입니다. 여자친구분께서 준비해주셨어요^^* 이렇게 보내시면 감동 안받을 수 없을듯합니다..... ,스윗파르페,blog.naver.com/ingan3,20191030
직장점심 100,"시화공단 맛집 황실미가, <b>직장 점심</b>으로 어때요?",https://blog.naver.com/penguin_mom/223035196564,다만 <b>직장 점심</b>시간에는 주차가 혼잡 할 수 있어요. 외관은 이렇게 생겼어요 분위기는 전통 한식집... ㅎㅎ 남편 보고싶어 갔지만 두루치기 먹고 두번 반해버렸어요 ㅎㅎ 황실미가 직장인 점심으로 좋아요 특히... ,공대부부 펭귄이네 육아방정식,blog.naver.com/penguin_mom,20230305
직장점심 100,판교 라스트리트 맛집 쉐누하누 - <b>점심</b> 판교샤브샤브 맛집,https://blog.naver.com/na_le_de/224045460975,"라스트리트 맛집 중에서도 쉐누하누는 가성비, 맛, 분위기 모두 잡았다 한우의 풍미와 넉넉한 인심이 인상 깊었고 점심 샤브샤브 구성은 어디서도 보기 힘들었다 부모님 외식, <b>직장 점심</b>, 회식 장소로도 완벽하다",바나나 서점,blog.naver.com/na_le_de,20251018
직장점심 100,1년에 240시간…<b>직장 점심</b>시간을 제대로 활용하는 방법,https://blog.naver.com/mknewspaper/223717820050,<b>직장</b>인들에게 <b>점심</b>시간은 무엇과도 바꿀 수 없는 소중한 시간입니다. 다섯 시간의 오후 근무를 위해 재충전을 하는 시간인데요. 사진: 이승환 기자 너무 짧게 느껴지는 시간이지만 1년이면 240시간이나... ,매일경제,blog.naver.com/mknewspaper,20190920
직장점심 100,<b>직장 점심</b>시간에 받는 스트레스... 오늘 뭐 먹을까?,https://blog.naver.com/alsxjd316/220559852348,<b>직장 점심</b>시간이나 이렇게 휴일에 혼자 해결 해야 하는 날의 점심시간 은근 스트레스 장난 아니죠?... 제 입맛에는 맞는 거 같아요 ㅎ 암튼 직장에서 받는 점심시간 스트레스 오늘 오래간만에 쉬는 집에서도... ,쉬운 듯 어려운,blog.naver.com/alsxjd316,20151205
직장점심 100,"다니고 싶은 <b>직장</b>, <b>점심</b>시간 2시간 ^^",https://blog.naver.com/iwi_log/100203247760,"다니고 싶은 <b>직장</b>, 아이웍스인터렉티브가 되기 위해! 2013년부터 시행된 바로.. ㅎㄷㄷ.. 10월의 페이데이입니다!! 페이데이, 월급날의 경우, <b>점심</b>시간이 2시간이나 길어지거든요.. 정말 행복한 눈물이 흐를 것... ",아이웍스인터렉티브 블로그,blog.naver.com/iwi_log,20140109
직장점심 100,[<b>직장</b>] <b>점심</b>시간에 놀러와,https://blog.naver.com/mintblue918/223124786127,"가격은 좀 나가는 편. 4인 엔빵 22,000원 정도? 날씨도 좋고 금요일이고 우리끼리 <b>점심</b>도 좋고 <b>직장</b>생활 만만쉐 또 기회를 노려보자 회사근처 은근히 여기저기 갈곳이 있군요. 놀러오시면 맛난거 사드릴게요","다정한 글, 규모있는 삶",blog.naver.com/mintblue918,20230609
직장점심 100,도시락 배달 전문 추천 <b>직장</b> 회사 샐러드 안산<b>점심</b> 다양한 메뉴,https://blog.naver.com/cooka147/223913604733,안산 본오동에 위치한 도시락배달 전문 업체 보글보글도시락에서 점심메뉴를 시켜보았어요 점심메뉴... 직장도시락정기배달 #직장도시락구독 #점메추 #<b>직장점심</b> #도시락업체추천 #도시락업체 #보글보글... ,일상을 모두 담아,blog.naver.com/cooka147,20250627
직장점심 100,벚꽃 구경(조치원) &amp; <b>직장 점심</b>은 도시락^^,https://blog.naver.com/songjy050/222702502162,일욜 <b>점심</b>은 전복크림리조또^^ 4미 만원 게우 갈아 내장소스 만들고 파프리카 양송이 등 다지고 양파... 보통 밤에는 하늘에 구름 거의 없는데 담날 비가 왔었나??^^ 고복저수지 벚꽃 영상도^^ 수욜 <b>점심</b> 도시락... ,쏭 스 마 일,blog.naver.com/songjy050,20220416
직장점심 100,메뉴 두가지 + 간식 아이디어 하나~ (캐나다의 <b>점심</b> + <b>직장</b> 이야기~),https://blog.naver.com/rfiennes/220306960451,"<b>직장</b>에서는 30분을 쓰고, 학교에서는 스낵 시간이 15분씩 두 번 있습니다. 그리고 <b>점심</b>시간이 30분 있고요. Elementary school (초등학교)에서야 빼도 박도 못하게 15분씩 두번인거고, 고등학교 가면 자기가 듣는... ",Ottawa의 두 총각,blog.naver.com/rfiennes,20150321
직장점심 100,"브랜드 미스터네이처 해남 꿀고구마 , <b>직장 점심</b> 또는 저녁 ♥",https://blog.naver.com/ddiamosho/221630173653,어른들에게는 아니지만 <b>직장</b> 동료들에게 챙겨보고 싶어서 너무 진부한 제품들보다는 건강하고 믿음직한 미스터네이처 제품 고민중이예요. 어떤 품목으로 할지는 고민 중인데 아무래도 우리 모두 <b>점심</b> 다이어트... ,"쏘링의 요즘너말야 ♪ ALOHA , OHANA",blog.naver.com/ddiamosho,20190827
직장점심 100,굽네 소스가 맛있는 닭가슴살로 <b>직장 점심</b>도시락 먹는 요즘,https://blog.naver.com/nunu77777/223153373566,"요즘 <b>직장</b>에 도시락을 싸가지고 다닌다. 계속 앉아서 일을 하다보니 살이 찌기 시작했는데, 그대로 두면 점점 더 심해질 것 같았다. 늘 <b>점심</b>은 바깥에서 사먹었었는데, 이제 도시락을 먹기로 했다. 돈이... ",우아한 집콕생활,blog.naver.com/nunu77777,20230711
직장점심 100,<b>직장 점심</b> 약속 잡기,https://blog.naver.com/gumpda00/223153969489,"<b>직장</b> 생활이 그렇게 되는가. 가만히 있고 싶어도 어떤 일은 일어나고, 가만히 놔두질 않는다. <b>점심</b>도 어떡하든 약속이 생기게 되고 사람들을 만나야 한다. 만나지 않으면 적이 되고 오해가 생긴다. 그래서... ",검프의 일상 비일상,blog.naver.com/gumpda00,20230819
직장점심 100,부산 해운대도시락 <b>직장 점심</b> 배달 국가대표 도시락,https://blog.naver.com/rewrew0326/223097500316,연락처 : 010-****-**** <b>직장</b>인 <b>점심</b>식사 매일 어디나가서먹지.. 뭐먹지.. 고민하는것도 일인데 자영업 하시는분들 매장직원들 식사고민 회사직원들 식사고민 있으시다면 여기 이용해보심 좋을것같아요 :),어쩌다 육아일기,blog.naver.com/rewrew0326,20230509
직장점심 100,가장 편한 <b>점심</b> / <b>직장</b> 근처로 거처를 옮겨라.,https://blog.naver.com/formast/222965064208,집이 가깝다보니 <b>점심</b> 먹기가 편리해졌다. 사먹지 않아도 되고 도시락을 싸오지 않아도 되었다. 조금만... 가볍게 <b>직장</b>에서 용무를 볼 수 있어서 좋다. 그런데 이사를 하게 되면서 회사와 거리가 멀어져 어쩔 수... ,직장인 채식 30년 생존기,blog.naver.com/formast,20221225
직장점심 100,파주운정투워니네 ㅣ  운정워킹맘 ㅣ <b>직장 점심</b>메뉴^^,https://blog.naver.com/yoongsnon/223193234293,<b>직장</b>에서 맛있는거 먹었다!!! 하고 소통하고 싶어서 ㅋㅋ <b>점심</b>시간이후에 올립니다~~ <b>점심</b>식사 메뉴~~~ 고추장찌게와~ 콩나물 무침 콩자반 않좋아하는데... 조리사 선생님 콩자반은 먹어요^^ 샐러드는 어쩜이리... ,소소한 일상 투워니네 이야기,blog.naver.com/yoongsnon,20230825
직장점심 100,영국 전 <b>직장</b> 상사의 <b>점심</b>식사 초대,https://blog.naver.com/jaemogu/223176749740,내가 trainee optometrist로써 첫 <b>직장</b>이었던 Vision Express. 아쉽게도 마무리는 안좋게 마무리 되었지만... 내 전 슈퍼바이저가 내 합격기념 <b>점심</b>식사를 초대했다. 아쉽게도 음식 사진을 깜빡하고 못 찍었다. 내 전... ,영국검안사 째모의 영국 살이,blog.naver.com/jaemogu,20230807
직장점심 100,판교 긴자 <b>직장 점심</b> 회식장소 추천!(feat.회사돈회사산),https://blog.naver.com/lastmistake/222634394531,"회식 장소로 고른 이유중 하나인 뷰 작은 정원이 꾸며져있어서 입과 함께 눈도 즐거울 수 있음,, (1월의 겨울뷰는 초록초록하지 않아서 조금 아쉽) 판교 긴자 <b>직장 점심</b> 회식장소 추천! 점심 회식 메뉴 픽은... ",??COOL IS HOT??,blog.naver.com/lastmistake,20220129
직장점심 100,건강한 <b>직장 점심</b> 아이디어,https://ezclub.tistory.com/656,일정에 따라 전날 밤이나 당일 아침에 준비할 수도 있고 직장에서 주방을 사용할 수 있다면 점심시간에도 괜찮습니다. 건강한 <b>직장 점심</b>에 필요한 것들 신진대사를 시작하기에 아침 식사가 하루 중 가장... ,Ezclub의 꿀팁,https://ezclub.tistory.com/,20181120
건강루틴 100,매일 아침 <b>건강 루틴</b>의 시작 녹즙기 착즙기 차이 파워가드... ,https://blog.naver.com/skcsy59/223990213566,"아침마다 신선한 주스를 즐기고 싶은 분 아이 간식, 간편 건강식을 준비하는 분 세척, 관리 편한 착즙기를 찾는 분. 다이어트, <b>건강 루틴</b>을 시작하려는 분. 마지막으로 부모님께 선물하고 싶은 분들까지 추천하고... ",블로거 아빠는 육아 중,blog.naver.com/skcsy59,20250904
건강루틴 100,"[<b>건강</b>] 하루 한 알, 속 편한 <b>루틴</b> 웰니스트 카보산 한입 애사비... ",https://blog.naver.com/mtr_1105/224051096376,"웰니스트 카보산 한입 애사비 속까지 개운하게, 이제는 &quot;식초도 알약으로 간편하게!&quot;  내 아침 루틴... 이러다 보니 '<b>건강 루틴</b>'은 '건강 스트레스'가 되어버렸고, 결국 며칠씩 빼먹기 시작했어요 ㅠㅠ 그러던 중... ",먹고 읽고 사고,blog.naver.com/mtr_1105,20251023
건강루틴 100,발효 꽃송이버섯 효소로 시작한 <b>건강 루틴</b> 5일차 후기,https://blog.naver.com/gtbaby35/224042396642,"저 처럼 잦은 회식이나 불규칙한 식습관으로 <b>건강</b> 관리가 필요하다고 느끼시는 분, 혹은 활기찬 하루를 위한 새로운 <b>루틴</b>을 만들고 싶은 분들이라면 꽃송이버섯 효소로 <b>건강</b> 습관을 식작해 보시는건 어떨까요?... ",5인 가족 집밥 레시피,blog.naver.com/gtbaby35,20251015
건강루틴 100,체지방감소와 혈당 조절 케어 <b>건강 루틴</b>!,https://blog.naver.com/uni_do/223930396953,그렇게 시작된 <b>건강 루틴</b> 체지방감소와 혈당 조절 관리는 한두번 해서 끝나는 게 아니고 꾸준한 루틴이 중요한 것 같아요. 이 부분이 어렵기도 하지만 말이에요. 그래서 저는 건강하게 음식을 섭취하고... ,캠퍼도냥 캠핑이야기,blog.naver.com/uni_do,20250713
건강루틴 100,양배추의 효능 매일 챙기는 작은 <b>건강 루틴</b>,https://blog.naver.com/sungma1/223951049141,이런 <b>루틴</b>이 결국 <b>건강</b>을 지키는 힘이 된다고 믿어요. #양배추몽 #양배추즙 #위에좋은음식 https://m.smartstore.naver.com/dt_farm/products/10780291906 &lt;제품을 제공받아 솔직하게 작성한 리뷰입니다&gt;,초코 & 옥상 식물 키우기,blog.naver.com/sungma1,20250729
건강루틴 100,급성간염 회복 후 선택한 <b>건강 루틴</b> 경험담,https://blog.naver.com/luv744/224048764598,그래도 가만히 있으면 안 되니까 리파포틴 영양제도 먹으면서 운동도 시작한 남편의 <b>건강 루틴</b>... 이제 수치도 나아졌으니 술 마셔도 되겠다는 농담을 했지만 간 건강을 챙기는 그 루틴이 좋은 습관으로 자리잡은... ,S s u ♥,blog.naver.com/luv744,20251023
건강루틴 100,매일 마시는 <b>건강 루틴</b> 이탈리아 비비베르데 유기농 언필터... ,https://blog.naver.com/jajonsim34/224028843308,가능해서 <b>건강 루틴</b> 입문자에게도 정말 딱이에요. 혹시 “요즘 나를 챙기고 있나?” 싶으셨다면... 헬시루틴 #장건강 #건강한습관 #클린이팅 #셀프케어 #웰빙라이프 #식초다이어트 #뷰티푸드 #내몸을위한선택... ,♥Happy Corn♡,blog.naver.com/jajonsim34,20251001
건강루틴 100,질건강유산균 이너케어로 매일 챙기는 <b>건강 루틴</b>,https://blog.naver.com/lovegodonly/224037111603,"질건강유산균 이너케어로 매일 챙기는 <b>건강 루틴</b> 예전에는 단순히 장 건강만 신경 쓰면 된다고... 혹시 작은 불편함 때문에 고민 중이라면, 저처럼 질건강유산균과 이너케어 루틴을 만들어 보시는 걸... ",시유니와 유니의 공간,blog.naver.com/lovegodonly,20251010
건강루틴 100,"20대루테인, 미리 시작한 눈 <b>건강 루틴</b>의 변화",https://blog.naver.com/lghmink2002/223974443695,꾸준히 이 <b>루틴</b>을 유지하다보면 앞으로 더 <b>건강</b>한 일상을 보낼 수 있을거라 생각해요. 결국 눈 <b>건강</b>은 순간에 짧은 관리가 아니라 평생 해야하는 관리라는 생각을 하게 돼요. 하루 1알로 시작하는 작은 습관이 제... ,동그라미,blog.naver.com/lghmink2002,20250818
건강루틴 100,신림필라테스 에이프릴에서 다시 찾은 <b>건강</b>한 <b>루틴</b>,https://blog.naver.com/missrona/224042035475,"식습관과 수면 습관까지 함께 관리해 주신 덕분에 몸뿐 아니라 생활 리듬도 <b>건강</b>해졌어요. 지금은 운동이 자연스러운 하루의 <b>루틴</b>이 되었어요. 6. 신림필라테스 에이프릴, 꾸준함의 이유 운동을 꾸준히 이어가기... ",Ronasu:로나수,blog.naver.com/missrona,20251015
건강루틴 100,참든애사비 리얼사과플러스 사과초모식초로 챙기는 <b>건강 루틴</b>,https://blog.naver.com/ivoryegg/224009288884,"강한 식초 향은 줄이고 상큼함을 살려 부담 없이 마실 수 있었고, 이제는 건강을 챙기는 작은 루틴으로... 한마디로, 맛있게 즐기면서도 몸속 컨디션을 관리할 수 있는 스마트한 <b>건강 루틴</b> 아이템이라는 게 큰... ",기승전챔,blog.naver.com/ivoryegg,20250915
건강루틴 100,40대 여성 <b>건강 루틴</b> 비밀,https://blog.naver.com/foodring365/223975744051,"이 글에서는 40대 여성을 위한 실천 가능한 건강관리 루틴을 단계별로 살펴본다. 체력과 활력을 위한... 또한, <b>건강 루틴</b>은 완벽해야 하는 것이 아니라 지속 가능해야 한다는 점을 기억하자. 오늘 하루 조금 덜... ",여노피산부인과,blog.naver.com/foodring365,20250819
건강루틴 100,"올리브오일 캡슐, 제 <b>건강 루틴</b>이 된 이유",https://blog.naver.com/alstjms0501/223986031862,"올리브오일 캡슐, 제 <b>건강 루틴</b>이 된 이유 올리브오일 캡슐, 제 <b>건강 루틴</b>이 된 이유 건강을 챙기고 싶은... 앞으로도 꾸준히 이 루틴을 이어가며 건강한 라이프스타일을 지켜가려고 합니다. &amp;",비니볼링,blog.naver.com/alstjms0501,20250828
건강루틴 100,레몬즙 원액 활용 <b>건강 루틴</b> 및 레몬수 레시피 공유,https://blog.naver.com/kimdeawoon/223974931220,"레몬즙 원액, <b>건강 루틴</b>으로 정착할 수 있을까? 처음엔 단순히 상큼함 때문에 시작했는데한 달쯤 지나고 나니 자연스레 루틴이 되었습니다. 무작정 건강에 좋다고 믿기보다직접 경험하고 몸에 맞게 조절하니더... ",중고차이야기꾼,blog.naver.com/kimdeawoon,20250819
건강루틴 100,"애사비 알약 먹는법, 사과초모식초 효능 <b>건강</b>한 다이어트 <b>루틴</b>... ",https://blog.naver.com/mama3484/223881681190,"미국과 유럽에서는 이미 건강을 챙기기 위한 데일리 루틴으로 자리잡았고, 다양한 방식으로 활용되고... 작지만 확실한 변화, 새롭게 시작하는 <b>건강 루틴</b> 몸은 거짓말을 하지 않잖아요. 평소 단 음식이나... ",우리집 리뷰일기,blog.naver.com/mama3484,20250529
건강루틴 100,"냉장고를 부탁해 박지환 다슬기즙, 냉부해 장이수 6년 <b>건강루틴</b>",https://blog.naver.com/rkarbfl/224040512633,"냉장고를 부탁해 박지환 다슬기즙, 냉부해 장이수 6년 <b>건강루틴</b> 배우 박지환이 냉부해에서 공개한 6년 루틴 건강식품이 주목받고 있습니다. 아미노산과 타우린이 풍부한 다슬기의 특징과 현대인의 건강 관리에... ",Dyana's English,blog.naver.com/rkarbfl,20251014
건강루틴 100,카무트효소 섭취로 <b>건강 루틴</b> 만든 후기,https://blog.naver.com/merryjin11022/223895856804,"물 없이도 간편하게 섭취할 수 있는 <b>건강 루틴</b>, 처음엔 그 필요성을 크게 느끼지 못했어요. 평소엔 식사... 바쁜 일상 속에서도 무리 없이, 복잡하지 않게 실천할 수 있는 루틴. 그런 점에서 이영애 건강미식... ",메리View,blog.naver.com/merryjin11022,20250611
건강루틴 100,산수유의효능으로 시작한 <b>건강 루틴</b> 후기~!,https://blog.naver.com/wlrudgml11/223886081984,"좋은 건강식품같아요^^ 요즘 부모님께도 보내드리고 있는데, 기력없던 아버지께서도 엄청 좋아하십니다!^^ 앞으로도 쭉 꾸준히 챙겨보려 해요^^ 몸에 맞는 <b>건강 루틴</b>을 찾는게 중요하잖아요!! 산수유의 효능을... ",☆ 지갱씨 세상 ☆,blog.naver.com/wlrudgml11,20250602
건강루틴 100,애사비 먹는법 하루 한잔에 <b>건강 루틴</b> 방법,https://blog.naver.com/viva0/223895175620,애사비 먹는법 하루 한잔에 <b>건강 루틴</b> 방법 나이도 아직 짱짱한데 ㅠㅠ 얼마 전 건강검진에서 공복혈당... 예전처럼 식후에 나른하고 졸리는 것도 덜해서 아침 루틴으로 습관화 하고 있답니다. 식단은 아침엔... ,한 아이가 있었네,blog.naver.com/viva0,20250611
건강루틴 100,여배우 김민하의 현실 건강학 ? 매일 실천하는 <b>건강루틴</b>,https://blog.naver.com/pie0123/224045342050,화려해 보이지만 결코 과하지 않은 김민하의 <b>건강 루틴</b> 7가지를 함께 살펴볼게요. 1. 하루의 시작은... #김민하루틴 #김민하건강습관 #셀프케어 #동안피부 #웰니스라이프 #여배우루틴 #명상루틴 #자기관리... ,행복은 아이스크림,blog.naver.com/pie0123,20251018
건강루틴 100,"제로생강청까지, 호랑이 생강청으로 챙기는 <b>건강 루틴</b> 소개",https://blog.naver.com/jaera1990/224012447211,처음 출시된 꿀생강청은 설탕이나 원당 대신 꿀을 넣어 <b>건강</b>한 단맛을 살렸다는 점에서 많은 사랑을... 마시는 <b>루틴</b>을 가져가려고 노력하고 있습니다  은은한 생강향과 매콤한 맛이 더해진 생강청차를 마시면... ,취미: 블로그,blog.naver.com/jaera1990,20250918
건강루틴 100,혈당바로 바나바잎추출물 한의사 설계 <b>건강 루틴</b> 케어,https://blog.naver.com/alicec__/224050477919,바나바잎추출물 한의사 설계 <b>건강 루틴</b> 케어 혈당바로 구매링크 이런 분들께 추천드려요 ? 식습관과 하루 루틴을 함께 관리하고 싶은 분 ? 간편하게 챙길 수 있는 액상 건강식품을 찾는 분 ? 자연 유래 원료를... ,마녀의 은밀한 연구실,blog.naver.com/alicec__,20251022
건강루틴 100,장에 좋은 유산균 프로바이오틱스 추천 30대 <b>건강루틴</b>,https://blog.naver.com/jiyea_junjin/223988315453,(찐) 벌써 두달 차가 된 저희 부부의 건강한 습관 루틴인데요. 몸 속도 클린하게 하면서 장 건강과 여성... 후반 <b>건강루틴</b> 필수템 장 건강이 전신 건강에 큰 영향을 미치다보니 별거 아닌거 같지만 저는 유산균... ,"햅삐한, hipzzi 라이프",blog.naver.com/jiyea_junjin,20250829
건강루틴 100,세노비스 트리플러스 오메가-3 이뮨 맨&amp;우먼 나만의 <b>건강루틴</b>,https://blog.naver.com/lovelymmmmee/224039024837,운동만 해서는 건강관리가 안되잖아요. 그래서 찾은 나만의 <b>건강루틴</b>! 바로 세노비스 트리플러스 오메가-3 이뮨 맨&amp;우먼 랍니다. 체력은 물론 정상적인 면역기능까지 끌어올릴 수 있다보니 요즘 같이... ,날마다 유쾌한 러펭,blog.naver.com/lovelymmmmee,20251013
건강루틴 100,어린이 종합비타민 비타대장 활동량 많은 아이를 위한 <b>건강루틴</b>,https://blog.naver.com/doublesyoung/224013768194,하루 한 포 <b>루틴</b>으로 부담 없이 챙길 수 있어서 정말 만족하고 있어요. 비타대장 성장기 어린이를 고려해 여러 영양소가 포함된 비타대장은 약사가 직접 설꼐한 어린이 <b>건강</b>기능식품이에요. 하루 한 포로 13종의... ,신유딩 놀이터,blog.naver.com/doublesyoung,20250919
건강루틴 100,헤밀레 유기농 대마종자유먹는법 효능  <b>건강루틴</b>,https://blog.naver.com/coco_navely/224028492669,"현대인의 <b>건강루틴</b>중 하나 건강한 오일 시장이 연평균 25% 성장하고 있다는 만큼 점점 더 양질에 지방산 섭취에 관심이 늘어가고 있죠 저 처럼 바쁜 직장인, 밥도 급하게 먹어야 하는 저로서는 건강을 챙기기에... ",beautyong로그?,blog.naver.com/coco_navely,20251001
건강루틴 100,모유유래유산균 BNR17 추천 일상 생활 속에서도 <b>건강 루틴</b>... ,https://blog.naver.com/kimdeawoon/223979983867,<b>건강 루틴</b> 챙기기 최근들어 예전보다 몸 상태가 자주 예민해지는 걸 느끼면서 생활 루틴을 돌아보게 됐어요. 특히 컨디션 조절이 어렵거나 소화가 불편한 날이 잦아지다 보니 하루하루의 기본적인 건강 관리가... ,중고차이야기꾼,blog.naver.com/kimdeawoon,20250822
건강루틴 100,착즙주스 한 달 사용 후기 엔자임주스로 만든 <b>건강 루틴</b> 변화,https://blog.naver.com/fds6051/223990885000,"아침을 <b>건강 루틴</b>으로 바꾸자! ? 그 선택지가 바로 휴롬 착즙기 H410이었고, 저는 이걸로 요즘 건강 트렌드로 떠오른 착즙주스인 효소주스(엔자임주스)를 직접 만들어 마시기 시작했답니다. 1. 아침 루틴, 작은... ",옥냥의 육아 한스푼,blog.naver.com/fds6051,20250901
건강루틴 100,"레몬즙추천, 맛있고 간편한 <b>건강 루틴</b> 만들기",https://blog.naver.com/pretty4415/223922031002,기분 전환도 되고 <b>건강</b>도 챙기고 정말 좋은 <b>루틴</b>이 되었어요. 앞으로도 레몬즙 <b>루틴</b>은 쭉 이어갈 생각이에요. 몸이 점점 더 가벼워지고 피부 상태도 좋아지니 자연스럽게 동기부여가 되더라고요. 여러분도... ,즐거운 가족의 찬란주,blog.naver.com/pretty4415,20250704
건강루틴 100,나만의 <b>건강 루틴</b> BEW MCT 오일 먹는법,https://blog.naver.com/ivoryegg/224032008394,"요즘 들어 건강에 대한 관심이 높아지면서 운동도 꾸준히 하고 있는데요. 그럼에도 불구하고 에너지가 금세 떨어지다 보니, 자연스럽게 지속적으로 힘을 채워줄 <b>건강 루틴</b>을 찾게 되더라고요. 그때 눈에... ",기승전챔,blog.naver.com/ivoryegg,20251004
건강루틴 100,초등학생유산균 장 <b>건강 루틴</b> 만들기,https://blog.naver.com/zestlook/224025650246,"보니, 건강이 자연스럽게 신경 쓰였는데, 이걸로 간단하게 <b>건강 루틴</b> 만들게 돼서 너무 마음에 들어요! 안정성이 뛰어날 뿐만 아니라, 50억 보장균수에다가, 한 포에는 프로바이오틱스, 프락토올리고당과... ",주찬아맘의 자유공간,blog.naver.com/zestlook,20250929
건강루틴 100,"양배추즙 만들기, 집에서 해보니 훨씬 <b>건강</b>한 <b>루틴</b>이 됐어요",https://blog.naver.com/sungma1/223876672721,"없는 <b>건강 루틴</b>을 찾는 분 - 하루 한 잔으로 속 건강 챙기고 싶은 분 - 자연식 기반 디톡스를 시작하고... 건강은 거창한 게 아니라 작은 루틴 하나에서 시작된다는 말, 양배추즙 만들기를 통해 진짜 느꼈지만... ",초코 & 옥상 식물 키우기,blog.naver.com/sungma1,20250525
건강루틴 100,"신장에 좋은 음식, 몸속 노폐물 청소하는 <b>건강 루틴</b>",https://blog.naver.com/jinji5658/224046986503,<b>건강</b> 식단에서 빠질 수 없는 과일입니다 안토시아닌과 비타민E가 신장의 노화와 산화 스트레스를 줄여줍니다 냉동으로 보관해두고 하루 한 줌씩 요거트나 오트밀에 곁들여보세요 신장을 지키는 식습관 <b>루틴</b>... ,설수맘 살림하우스,blog.naver.com/jinji5658,20251020
건강루틴 100,효소 섭취로 <b>건강</b>한 소화 <b>루틴</b> 만드는 방법,https://blog.naver.com/guni_mom/223860437941,이영애의 건강미식 브랜드라서 믿고 구매했는데 식후에 한 포씩 챙겨 먹으니 어느 순간 루틴이 됐어요.... 게다가 다른 곡물에 비해 식이섬유나 단백질 함유량이 높으니까 <b>건강 루틴</b>에 도움이 되는 거죠. 그리고... ,일상의 생생한 기록,blog.naver.com/guni_mom,20250510
건강루틴 100,잇몸 <b>건강</b> 하루한장 <b>루틴</b> 프로유더블. 잇몸 튼튼 케어템 솔직후기,https://blog.naver.com/bigrice85/224014657598,잇몸에좋은 #잇몸케어 #입속<b>건강루틴</b> #하루한장습관 #잇몸이민감할때 #프로폴리스추천 #프로폴리스필름 #입속이편해지는필름 #잇몸건강챙기는습관 #잇몸걱정줄이는방법 #건강한구강습관만들기 #치과가기전루틴,나머지 반은 여행러,blog.naver.com/bigrice85,20250920
건강루틴 100,"아스타잔틴 효능, 루테인만으로 부족했던 50대 눈 <b>건강 루틴</b>",https://blog.naver.com/chuneunjeong/223949549695,아스타잔틴 효능은 단순한 유행이 아니라 50대 이후의 눈 <b>건강</b>을 위한 또 하나의 <b>루틴</b>이 될 수 있겠다는 생각이 들어요. 앞으로도 ‘작은 한 알’로 매일의 일상과 글쓰기를 조금씩 회복해 나가보려 합니다.... ,아이와의 일상을 기록하다,blog.naver.com/chuneunjeong,20250728
건강루틴 100,"작두콩차효능 담은 건강차, 쌍치로스터 티백추천 <b>건강루틴</b>스... ",https://blog.naver.com/bbholic84/224022608458,쌍치로스터 <b>건강루틴</b>스타터 세트란? 이 제품은 티백 입문자들을 위한 대표 건강차 3종을 한번에 담은 구성이에요. 총 3가지 맛이 들어있어 매일매일 다른 차를 마시면 3일의 루틴을 쉽게 만들 수 있어요. 구수한... ,비비홀릭의 집밥이야기♡,blog.naver.com/bbholic84,20250926
건강루틴 100,"메디타민 심리스 프로바이오틱스 마이크로캡슐,장<b>건강 루틴</b>!!",https://blog.naver.com/pj3547/224028403517,"그러다 지인의 추천으로 메디타민 심리스 프로바이오틱스를 접하게 되었고, 지금은 제 <b>건강 루틴</b>의 중요한 부분이 되었답니다. 왜 프로바이오틱스가 필요할까? 장 건강은 단순히 소화 기능만을 넘어 면역력... ",먹잘알 사장언니,blog.naver.com/pj3547,20251001
건강루틴 100,"쓰는 종아리마사지기, 집에서 마사지롤러로 즐기는 <b>건강 루틴</b>",https://blog.naver.com/412hana/224020682303,"할머니와 함께 쓰는 종아리마사지기, 집에서 마사지롤러로 즐기는 <b>건강 루틴</b> 요즘은 부모님이나 할머니... 함께하는 건강과 대화의 루틴이 된 느낌이다 사용해보니.. 장점은! ? 다리 붓기 완화 &amp; 피로 회복에... ",달나라별똥별,blog.naver.com/412hana,20250924
건강루틴 100,몸에 좋은 차 찾는다면 쌍치로스터 <b>건강루틴</b>스타터 세트 추천... ,https://blog.naver.com/ae7578/224020517578,건강한 제품인 건 확실한 듯~ 우리 같이 건강스타터해요. #<b>건강루틴</b>스타터 #귤비트차 #몸에좋은차 #쌍치로스터 #유기농 #유기농차 #건강차 #티백차 #마시는차 #우엉차 #작두콩도라지차 #환절기 #커피대신차... ,살빠지는 레시피,blog.naver.com/ae7578,20250924
건강루틴 100,레몬워터효능 매일 가볍게 즐기는 <b>건강 루틴</b>,https://blog.naver.com/miracle0317/223938098668,저도 처음엔 “며칠 하다 말겠지” 싶었는데 어느새 이 <b>루틴</b>이 없으면 허전할 만큼 익숙해졌어요.... 맛있게 <b>건강</b> 챙기기 딱인 것 같아요. 이대로 계속 이어가 보겠습니다~! https://m.smartstore.naver.com/dt_farm... ,Feel so good,blog.naver.com/miracle0317,20250811
건강루틴 100,레모나 올인원 이뮨 트윈샷 운동 후 <b>건강 루틴</b> 완성하기,https://blog.naver.com/phe03222/224018435173,"레모나 올인원 이뮨 트윈샷 운동 후 <b>건강 루틴</b> 완성하기 안녕하세요 이웃님들 네이버 스포츠... 비타민과 건강기능식품 노하우 어릴 때부터 익숙했던 노란 병, 레모나! 다들 한 번쯤은 먹어본 적이 있으시죠?... ",오늘 뭐 하니? (하은 블로그),blog.naver.com/phe03222,20250923
건강루틴 100,휴롬 착즙기 주스키트 추천 엔자임주스로 나만의 <b>건강루틴</b> 만들기,https://blog.naver.com/loveyou12/223985515616,"아침을 여는 <b>건강루틴</b> 요즘 제가 아침에 눈 뜨자마자 먼저 하는 일이 있어요. 바로 채소와 과일로 갓... 덕분에 군것질 횟수도 줄고, 자연스레 생활 패턴도 건강하게 바뀌었어요. 온 가족이 함께 아침에 제가 마실... ",플러키비비의 맛있는 김밥 lab,blog.naver.com/loveyou12,20250827
건강루틴 100,서리태 검은콩차 나를 위한 가장 간단한 <b>건강 루틴</b>,https://blog.naver.com/duzo328/224040774371,서리태 검은콩차 나를 위한 가장 간단한 <b>건강 루틴</b> 하루를 시작할때 물 한잔은 기본이죠 그런데 그냥... 항산화 루틴으로 평가받기도 하구요 매일 챙기긴 부담스러운 건강식품 대신 따뜻한 콩차로 조금씩... ,캔디스 건강한 과거와 미래,blog.naver.com/duzo328,20251023
건강루틴 100,40대 중년 <b>건강루틴</b> 보령 뉴 프로디케어 프리미엄,https://blog.naver.com/aquair1009/224036050866,"우리 부부는 뉴프로디케어 프리미엄을 하루 한번, 2캡슐 섭취로 <b>건강루틴</b>을 설계하려고 해요. 약... 하루하루 건강해지는 루틴 화이팅해 볼게요! 보령 뉴 프로디케어 프리미엄 Link 뉴 보령 프로디케어... ",결혼한 여자들의 깨알스토리,blog.naver.com/aquair1009,20251009
건강루틴 100,다이소 건강기능식품 추천 5천원으로 챙기는 <b>건강루틴</b>,https://blog.naver.com/redmilkb/223991388397,"높아 건강기능식품 입문자도 <b>건강루틴</b>을 챙기기에 적합합니다. 특히 저처럼 가족 전체가 챙겨 먹는 경우, 가격 부담 없이 여러 개 사서 나눠 먹기 좋아서 만족도가 높았어요. 3. 가르시니아 ? 건강한 다이어트... ",소소한 살림,blog.naver.com/redmilkb,20250901
건강루틴 100,쌍치로스터 <b>건강루틴</b>스타터 후기 물 대신 차로 즐기는 건강관리... ,https://blog.naver.com/nkh9475/224021486245,"해당 업체로부터 제품과 소정의 원고료를 받고 작성했습니다 쌍치로스터 <b>건강루틴</b>스타터 후기 물 대신... 작은 건강관리 루틴이 되었어요 집안일을 마치고 잠시 쉬는 시간에는 귤비트차와 과일, 견과류를... ",끝도없는 인기,blog.naver.com/nkh9475,20250925
건강루틴 100,레몬물레몬즙 고민 끝! 레비씨 주스로 <b>건강 루틴</b> 정착했어요,https://blog.naver.com/hynam88/223908670711,꾸준히 섭취할 수 있다는 것이 결국 <b>건강</b> 관리에 있어서 가장 중요한 부분이니까요. 이번 기회에 레몬물레몬즙 <b>루틴</b>을 디티팜 레비씨 주스로 시작해보세요. 저는 앞으로도 꾸준히 마시면서 더 <b>건강</b>한... ,보리여니맘의 기억저장소,blog.naver.com/hynam88,20250623
건강루틴 100,<b>건강루틴</b> 해초롱' 100% 천연발효 애사비로 남편 혈당관리 하기!,https://blog.naver.com/dmswl2809/224020680659,진정한 건강관리는 이런 사과식초로 헤야해요! '<b>건강루틴</b> 해초롱' 주문하면 다음날 바로 집앞으로 슝~ 사과식초 애사비도 좋지만 브로멜라인이 다량 함유된 파인애플이 함께 들어간 사과초도 혈당관리와... ,채채와 방구네,blog.naver.com/dmswl2809,20250924
건강루틴 100,몸에 좋은 차 <b>건강루틴</b>스타터 귤비트차 쌍치로스터,https://blog.naver.com/topncrystal/224022514346,#쌍치로스터 #<b>건강루틴</b>스타터 #유기농 #유기농차 #유기농건강차 #건강차 #티백차 #티백추천 #몸에좋은차 #커피대신차 #디카페인차 #카페인없는차 #물대용차 #물대신차 #마시는차 #마시는차종류 #작두콩도라지차... ,크리스탈 라이프스타일,blog.naver.com/topncrystal,20250926
건강루틴 100,열우물 저염고미 한방울 천연 미네랄로 시작하는 하루 <b>건강 루틴</b>,https://blog.naver.com/yeorumul/224048735688,"간편하게 <b>건강 루틴</b>을 만들고 싶은 분 ---  제품 구성 20ml 1병 3병 5병 10병 500ml 1.5L ※ 본 제품은 건강기능식품이 아니며, 질병의 예방 또는 치료를 위한 제품이 아닙니다. 바로구매 하기 https://naver.me... ",열우물 공식블로그,blog.naver.com/yeorumul,20251021
건강루틴 100,"마음<b>건강루틴</b> 만들기 좋은 스트레스검사 앱, 어플, 마음결미니... ",https://blog.naver.com/88ditmfl/224033859615,"간편한 사용법, 전문성이 담긴 분석, 그리고 치유 프로그램까지 제공하는 마음결미니는 단순한 스트레스검사 앱 앱이 아니라, 꾸준히 활용하면 나만의 마음<b>건강 루틴</b>을 만들어주는 친구 같았습니다. 정신건강... ",送,blog.naver.com/88ditmfl,20251007
건강루틴 100,[<b>건강</b>관리] 국내산 6년근으로... 하루 한 포 홍삼진액 <b>루틴</b>,https://blog.naver.com/412hana/224004589824,"[건강관리] 국내산 6년근으로 꽉 채운 홍삼즙, 하루 한 포 홍삼진액 루틴 요즘 들어 부쩍 피로가 쉽게... 포, <b>건강 루틴</b> 만들기 홍삼을 꼭 챙겨야지 하면서도 정작 매번 까먹기 일쑤였는데, 스틱형이라 그냥 들고... ",달나라별똥별,blog.naver.com/412hana,20250912
건강루틴 100,"강황추출물, 두유·요거트와 함께 즐기는 온 가족 <b>건강 루틴</b>",https://blog.naver.com/kshcym/224019799103,"지켜주는 <b>건강 루틴</b>으로도 안성맞춤입니다. 4. 이런 분들께 추천드려요 아침을 자주 거르는 분... 올 가을, 가족 건강을 위해 새로운 루틴을 찾고 계신다면 액상형 강황추출물을 추천드립니다. 꾸준히 챙기시면... ",영종사랑,blog.naver.com/kshcym,20250925
건강루틴 100,산수유 진액으로 다시 찾은 <b>건강 루틴</b>,https://blog.naver.com/miracle0317/223872493987,커피 대신 마시기에 딱 좋은 <b>루틴</b>이 됐어요. 카페인 없이도 하루의 리듬을 편안하게 만들어주더라고요. 한약이나 기능성 음료에 거부감 있는 분도 이 제품은 부담 없을 거예요. 너무 <b>건강</b>식품스럽지 않거든요.... ,Feel so good,blog.naver.com/miracle0317,20250522
건강루틴 100,"중년의 <b>건강 루틴</b>, 미네랄워터 태초수로 매일 리셋하세요!",https://blog.naver.com/miya75kr/223819092085,"마셔도 건강 보충한 느낌이 들어요. 게다가 미세플라스틱 ZERO, 이거 진짜 중요한 거 아시죠? 요즘 생수... <b>건강 루틴</b>, 이렇게 챙기고 있어요 요즘 저의 하루 루틴은 이렇게 흘러가요: 1.기상 후 공복에 태초수 한 병... ",miya,blog.naver.com/miya75kr,20250402
건강루틴 100,<b>건강 루틴</b>을 만들고 싶다면? 도테라 LLV부터 시작하세요,https://blog.naver.com/aroma-house/223956186133,"섭취  건강은 루틴이에요 LLV는 단순한 종합비타민이 아니에요. 내 몸의 엔진을 튜닝하고, 세포를 관리하며, 면역을 다지는 고급 설계된 <b>건강 루틴</b>이에요. 그리고 에센셜오일과 함께 사용할 수 있어... ",아로마하우스,blog.naver.com/aroma-house,20250802
건강루틴 100,홀베리 유기농 레몬즙으로 나만의 <b>건강루틴</b> 만들기 후기,https://blog.naver.com/kwh486man/224039061566,"편리함, 신뢰할 수 있는 원재료, 다양한 활용도까지 모자람 없는 프리미엄 레몬즙으로 <b>건강 루틴</b>을 시작해보세요. 오늘의 작은 선택이 내일의 건강한 변화를 만듭니다. [홀베리 유기능 레몬즙 시크릿 할인링크]... ","천하에쓸놈의, 쓸만한 이야기",blog.naver.com/kwh486man,20251013
건강루틴 100,"겨울이 오기 전, 도테라 오일로 준비하는 가족 <b>건강 루틴</b>",https://blog.naver.com/miracledoterra/224048423161,"지금은 도테라 오일 <b>루틴</b>으로 훨씬 <b>건강</b>하게 겨울을 나고 있어요. 오늘은 제가 실제로 실천하고 있는 ‘겨울 감기 예방 향기 <b>루틴</b>’을 소개해드릴게요. 겨울철 감기, 왜 더 잘 걸릴까요? 겨울엔 우리 몸의 면역... ",Oilhaus,blog.naver.com/miracledoterra,20251021
건강루틴 100,네이처홀릭 100억 유산균  나만의 장 <b>건강 루틴</b> 중이랍니다,https://blog.naver.com/gywjdtjdals/223983775944,장 <b>건강 루틴</b> 하나 소개해드릴께요 요즘 장 건강 때문에 유산균 찾는 분들 많죠? 저도 평소에 장에 가스가 잘 차고 더부룩해서 유산균은 꼭 챙기는 편인데요 이번에 캐나다 프리미엄 건강식품... ,꿈이큰아이,blog.naver.com/gywjdtjdals,20250826
건강루틴 100,공복레몬수 대신 레비씨주스로 <b>건강</b>한 아침 <b>루틴</b> 완성!,https://blog.naver.com/miracle0317/223902097059,한동안 **공복레몬수**가 아침 <b>건강 루틴</b>으로 많이들 추천하길래 저도 시도해본 적이 있어요. 몸에... 현재는 아침마다 **레비씨주스 한 팩 + 따뜻한 물 한 잔** 루틴으로 건강한 하루를 시작하고 있어요. 그 효과는... ,Feel so good,blog.naver.com/miracle0317,20250714
건강루틴 100,"[<b>건강</b>관리] 속이 편안해지는 하루 <b>루틴</b>, 쉴드비책... ",https://blog.naver.com/412hana/224044300406,부드럽게 감싸주는 진짜 퓨어한 <b>건강 루틴</b>을 찾는다면 쉴드비책 스토마복합물 추천~ #쉴드비책 #스토마복합물 #감초양배추금은화 #100%퓨어식품 #속쓰림완화 #민감한속케어 #위건강 #자연원료건강식품 #속편한루틴,달나라별똥별,blog.naver.com/412hana,20251017
건강루틴 100,여성 질유산균 추천 엘레나 90캡슐 하루 <b>건강 루틴</b> 챙기기,https://blog.naver.com/sy5316/224007300619,하루 루틴으로 자리 잡았어요! 평소 스트레스나 생활 습관 때문에 건강이 흔들리는 여성들에게 강추드려요 휴대 간편한 <b>건강 루틴</b>템을 찾는 분들에게도 꼭꼭 추천드리고 싶어요~ 2주 동안 먹어보니까 여성... ,하늬바람 타고 들에서 핀 꽃,blog.naver.com/sy5316,20250914
건강루틴 100,"아침공복 올리브오일 레몬즙, 부부가 함께하는 <b>건강</b>모닝<b>루틴</b>",https://blog.naver.com/gkack1/224004313920,중장년 부부의 건강한 모닝루틴 올리브오일 + 레몬즙으로 시작하는 아침 홀라이프 유기농 레몬즙... 피부 탄력!!에도 도움 될 것 같아 기대 중이랍니다..^^ 무엇보다 남편이랑 같이 챙겨 먹으니 부부 <b>건강 루틴</b>이... ,보까형제의 猫한세상,blog.naver.com/gkack1,20250911
건강루틴 100,나의 장<b>건강루틴</b>으로 빙그레 닥터캡슐장건강골드,https://blog.naver.com/yuna0030/224042015266,닥터캡슐장<b>건강</b>골드 좀더 효과적일거 같아요 프로바이오틱스 전용용기 ! 빛차단은 물론 상온보관도 용이해서 저는 정수기 옆에 놓고 아침에 눈뜨자마자 먹고있어요 제 아침<b>루틴</b>이 유산균.철분제... ,카일리행복요리육아,blog.naver.com/yuna0030,20251015
건강루틴 100,"뉴트리원 프리미엄 알부민 골드, 마시는알부민으로 <b>건강 루틴</b>... ",https://blog.naver.com/softman_777/224022206914,"처음엔 ‘알부민이 뭘까?’라는 호기심에서 시작했지만, 꾸준히 마셔보니 제 하루 루틴에 자연스럽게... 액상알부민 #건강습관 #하루한병<b>건강루틴</b> #뉴트리원건강기능식품 #직장인영양관리 #간편건강챙기기",소프트맨의 블로그,blog.naver.com/softman_777,20250926
건강루틴 100,숫치로건강즙 푸룬스틱 후기... 유산균으로 채운 진짜 <b>건강 루틴</b>,https://blog.naver.com/sandhya/224034107092,"하루를 시작하기 전 공복에 한 개, 혹은 식사 후 디저트처럼 한 개씩 먹는 루틴이 생겼다. 진한 맛... 숫치로 푸룬스틱은 화려하지 않아도 매일 손이 가는 진짜 <b>건강 루틴</b>의 시작이다. 숫치로건강즙 푸룬스틱에... ",밀크티 책세상,blog.naver.com/sandhya,20251007
건강루틴 100,쌍치로스터 <b>건강루틴</b>스타터 유기농 작두콩 도라지차... ,https://blog.naver.com/sunwly/224021482298,#상치로스터 #<b>건강루틴</b>스타터 #유기농차 #건강차 #유기농다이어트차 #다이어트차 #티백차 #몸에좋은차 #커피대신차 #카페인없는차 #물대용차 #물대신차 #작두콩도라지차 #돼지감자차 #우엉차 #귤비트차,각설탕식구들,blog.naver.com/sunwly,20250925
건강루틴 100,티백 추천 쌍치로스터 <b>건강루틴</b>스타터 건강차 맛보기,https://blog.naver.com/aeirmeki/224021633927,"그런데 흐트러진 일상을 정리하는 시간, 단정한 일상을 제공한다는 유기농 건강차 브랜드 쌍치로스터에서 <b>건강루틴</b>스타터 A, B 2가지 세트로 3가지 티백을 한 번에 맛 볼 수 있게 해주어서 이거다 싶었지요. HACCP... ",#NAME?,blog.naver.com/aeirmeki,20250925
건강루틴 100,매일 한팩 <b>건강 루틴</b> 올가니카 클렌즈주스 30days 후기,https://blog.naver.com/taehyunmk/224047764644,주스 루틴으로 아침이 상쾌하고 속이 편한 건 물론 <b>건강 루틴</b>까지 생긴것 같아 뿌듯하기 까지 한 요즘이에요 건강만큼은 눈에 보이는 성과만큼이나 과정이 중요하다고 생각해요 꾸준함을 이길 수 있는 건... ,먹고 마시고 사랑하라 Comer Beber Amar,blog.naver.com/taehyunmk,20251020
건강루틴 100,"인터넷 면세점 쇼핑리스트, <b>건강 루틴</b> 챙기는 여행 필수품 추천",https://blog.naver.com/kwonakong/223919687857,무너진 <b>건강 루틴</b>을 챙겨야겠다는 생각이 들더라고요. 자기관리를 꾸준히 챙길 수 있을만한 제품을... 자기관리 #건강관리 #갓생살기 #갓생러 #데일리루틴 #면세점쇼핑리스트 #면세점추천템 #여행필수품,?? 아콩이의 여행로그 ??,blog.naver.com/kwonakong,20250702
건강루틴 100,타이거모닝 진저샷 미라클모닝 <b>건강루틴</b> 내돈내산 후기,https://blog.naver.com/ekgp1071/223997938042,소이현님 <b>건강루틴</b>으로 유명한 타이거모닝 진저샷 내돈내산 후기입니다! 타이거모닝 진저샷 3병 58... 아침에 안먹으면 허전해서 참지 못하고 항상 마시게 되었는데 지금은 건강한 루틴 타이거모닝 진저샷으로... ,혜다로그,blog.naver.com/ekgp1071,20250906
건강루틴 100,"하루 한 포로 채우는 <b>건강 루틴</b>, 이경제 흑염소 진액 진_ 건강과... ",https://blog.naver.com/honey_bong/224041258445,"도움 <b>건강</b>은 거창한 변화보다, 이렇게 매일의 작은 <b>루틴</b>에서 자라나는 것 같아요. 잔잔하게 하루를 여는 한 포, 하루를 이경제 흑염소 진액 진 한 포로 시작해 보시는 것은 어떠세요? * 구매링크 이경제 흑염소... ",허니봉의 미술과 마음 사이,blog.naver.com/honey_bong,20251014
건강루틴 100,요즘 꾸준히 챙겨 먹는 <b>건강 루틴</b>! 몸 염증에 좋은 영양제,https://blog.naver.com/guri7943/223962796269,분 - 건강한 루틴을 만들고 싶은 분 요즘은 물 한 컵과 함께 이 제품으로 하루를 시작하는 게 습관처럼... 식물성건강식품 #비염영양제 #건강기능식품추천 #<b>건강루틴</b> #체험후기 #건강식품리뷰 #식물성영양제... ,"예쁜날, 예쁨을 남겨요",blog.naver.com/guri7943,20250807
건강루틴 100,월클 제니의 <b>건강 루틴</b> 5가지- 몸매 관리 비결 대공개,https://blog.naver.com/pie0123/224038656186,운동이나 식단 변경 전에는 반드시 전문가와 상담하시기 바랍니다. #셀럽<b>건강루틴</b> #제니 #블랙핑크 #운동루틴 #식단관리 #건강관리 #다이어트 #몸매관리 #필라테스 #저염식 #스트레칭 #꿀피부 #긍정마인드,행복은 아이스크림,blog.naver.com/pie0123,20251012
건강루틴 100,<b>건강</b> 관리 | 직장인 하루 한 포 <b>루틴</b>으로 챙긴 나의 체력 관리,https://blog.naver.com/kus8110/223982934727,저는 출근길에 하루 한 포를 챙기는 루틴으로 건강관리 간편하게 챙기고 있어요. 여러분도 건강 관리가... #건강관리 #직장인건강관리 #하루한포 #홍삼스틱 #정관장에브리타임 #면역력 #피로회복 #<b>건강루틴</b>,소담소담,blog.naver.com/kus8110,20250825
건강루틴 100,<b>건강</b> 습관 하루 10분으로 평생 <b>건강</b> 지키는 실전 <b>루틴</b>,https://blog.naver.com/kcqbpavdod/224036823808,오늘은 바쁜 당신을 위해 하루 10분으로 실천 가능한 건강 습관 루틴을 소개해드릴게요. - 아침 습관으로 하루를 여는 <b>건강 루틴</b> 아침은 하루를 시작하는 가장 중요한 시간입니다. 이 시간을 어떻게 보내느냐에... ,365 건강습관,blog.naver.com/kcqbpavdod,20251010
건강루틴 100,피로 누적된 엄마의 선택 이뮨샷으로 시작하는 <b>건강 루틴</b>,https://blog.naver.com/jensksj/224032404374,"그래서 요즘 이제품으로 피로회복 루틴의 기본템으로 자리 잡게 됐어요. 헬씨디어 퍼펙트 이뮨은 한 박스에 7병이 들어 있어서, 일주일 동안 <b>건강 루틴</b>을 시작해보기 딱 좋아요. 저는 좀 더 꾸준한 효과를... ",초등맘의 소소한 일상이야기,blog.naver.com/jensksj,20251005
건강루틴 100,<b>건강 루틴</b> 4주 챌린지 이벤트 : 혈당 관리를 위한 식이섬유 먹기,https://blog.naver.com/wellifeblog/223993714613,"대상웰라이프 공식 블로그, 웰라이프 매거진의 매달 다른 <b>건강 루틴</b> 챌린지와 함께 건강한 일상을... <b>건강 루틴</b>을 실천하고 매주 1회 이상 루틴 인증 댓글을 남겨주시면 참여 완료! STEP 1. 공식 블로그 이웃... ",대상웰라이프 공식 블로그,blog.naver.com/wellifeblog,20250903
건강루틴 100,어린이눈영양제 눈에는눈 키즈루테인 아이눈<b>건강 루틴</b>,https://blog.naver.com/fds6051/223925995295,"이젠 아침마다 유산균 1포 + 이 루테인 1포 이렇게 챙기는 게 우리 가족 눈 <b>건강 루틴</b>이 되었답니다.... 루테인 키즈 제품을 고민 중이라면, 아이 눈 건강을 위한 루틴을 시작해보기 딱 좋은 선택이에요.  하루... ",옥냥의 육아 한스푼,blog.naver.com/fds6051,20250708
건강루틴 100,하루 한 포! 여름감기 달고 사는 분들을 위한 <b>건강 루틴</b>,https://blog.naver.com/lajessica_/224001134465,"하루 한포, 주머니 속 <b>건강 루틴</b>! 자꾸 생강나 따뜻한 기운 채우는 작은 습관 아직도 에어컨 없이는 못... 생강스틱 하나로 건강한 아침 루틴 완성입니다.  네이버 스토어 상품 보러가기 https://naver.me/5l73dVkd... ","빛나는 기록, 요요의 기록소",blog.naver.com/lajessica_,20250909
건강루틴 100,리틀빅스 2기 <b>건강루틴</b> 시작! 더리틀스 알티지부스터... ,https://blog.naver.com/goddooree/224012980309,"그래서 저희 남편은 비싼 다이어트라고도 부른답니다 하핫 <b>건강루틴</b> 첫번째 ; 건강한 지방 섭취 최근 100% 땅콩버터 열풍이 부는 것도 결국 건강하고 좋은 지방 섭취의 일환인데, 포인트는 오메가3 섭취하고도... ",둘둘의 High Playground♬,blog.naver.com/goddooree,20250918
건강루틴 100,<b>건강루틴</b> 단백질끝판왕 콩백질 식단대용 단백질쉐이크 베미베라,https://blog.naver.com/boy8101/223979833792,해요 맛도 좋고 건강도 생각한 단백질끝판왕 콩백질 식단대용으로 좋은 단백질쉐이크 베미베라 로 <b>건강루틴</b> 시작해 보세요 #<b>건강루틴</b> #식단대용 #단백질쉐이크 #단백질끝판왕 #베미베라 #단백질베미베라 #콩백질,람삐의 일상탈출,blog.naver.com/boy8101,20250822
건강루틴 100,닥터라이블리 그린 스무디 3개월 후기 | 아침<b>건강 루틴</b>,https://blog.naver.com/parocouple/224021747743,앞으로도 루틴대로 이어갈 계획  오늘 먹는 한끼가 내일의 나를 만든다. #그린스무디 #닥터라이블리 #아침<b>건강루틴</b> #건강식단 #건강습관 #건강한아침 #그린스무디효과 #건강스무디,팔오부부,blog.naver.com/parocouple,20250925
건강루틴 100,몸에 좋은 차 <b>건강루틴</b>스타터 쌍치로스터 귤비트차 하루 시작,https://blog.naver.com/doona224/224019985866,온누리약국에도 납품되는 제품이라 진짜 건강에 도움이 되는 제품이에요! 매일 가볍게 건강한 루틴을 시작하고 싶은 분들을 위한 입문용으로 쌍치로스터 <b>건강루틴</b>스타터 세트 추천드려요 :),* 행복바이러스 두나왕 *,blog.naver.com/doona224,20250924
건강루틴 100,일주일 <b>건강 루틴</b> 쉽게 따라 할 수 있는 계획,https://blog.naver.com/anniversary_714/224042289087,"이렇게 일주일 동안의 <b>건강 루틴</b>을 실천하면, 건강한 삶을 유지하는 데 큰 도움이 됩니다 중요한 것은 지속적으로 실천하는 것이며, 자신에게 맞는 루틴을 찾아가는 것입니다 건강은 작은 습관에서 시작됩니다",anniversary_714님의블로그,blog.naver.com/anniversary_714,20251015
건강루틴 100,금값처럼 오르는 병원비 줄이는 <b>건강 루틴</b> 5가지,https://blog.naver.com/qlxk010/224047525405,"금값처럼 오르는 병원비 줄이는 <b>건강 루틴</b> 5가지 글, 사진 @콩도리맘 요즘 금값이 치솟고 있다는 소식... 꾸준한 걷기 습관은 병원 갈 일을 줄이는 확실한 루틴이에요! 장 건강 = 면역 건강, 유산균 챙기기 우리... ",콩도리맘의 건강랄라,blog.naver.com/qlxk010,20251020
건강루틴 100,흑하랑상추 추출액  굿대디  편안한 밤 상쾌한 아침 <b>건강 루틴</b>... ,https://blog.naver.com/rlagusdk0203/224024345454,"저희 가족은 흑하랑상추 굿대디를 통해 더욱 활기차고 건강한 하루를 보내 볼게요 여러분도 가족 <b>건강 루틴</b>을 찾고 계신다면, 흑하랑상추추출액 굿대디 로 시작해보시는 건 어떨까요? 흑하랑 상추 락투신... ",미니팡의 공유 기록 ?,blog.naver.com/rlagusdk0203,20250928
건강루틴 100,면역력 강화를 위한 <b>건강 루틴</b>_2,https://blog.naver.com/cling_0173/224042413221,"같은 <b>건강 루틴</b>을 일상에 통합함으로써 면역력을 강화하고, 건강한 삶을 유지할 수 있습니다 면역력을 높이는 것은 단순히 질병 예방에 그치지 않고, 전반적인 삶의 질을 향상시키는 데 기여합니다 지속 가능한... ",Ma belle vie,blog.naver.com/cling_0173,20251016
건강루틴 100,66일 <b>건강</b> 관리<b>루틴</b> 챙기기 위한 30대 여자선물 홍삼스틱 추천,https://blog.naver.com/yunrock/224001584619,66일간 꾸준히 실천하면 새로운 습관이 형성된다고들 하는데 66포 구성으로 66일간 건강관리 루틴을... 간편하게 건강 관리 챙길 수 있다며 <b>건강 루틴</b> 만들 수 있을 것 같다고 만족해 하더라고요 반응을 보고... ,지발양 오늘 하루도 화이팅♡,blog.naver.com/yunrock,20250909
건강루틴 100,마침내 꽉 채워 서른이 되어버린 여성의 <b>건강</b>한 삶을 위한 <b>루틴</b>... ,https://blog.naver.com/95_minji/224038999037,"나만의 <b>건강 루틴</b> 몇가지를 공개해볼까 한다. 10년 넘게 몸무게 49-50초반을 유지하는,, 나름 자신 있는... 붓기 관리하기 가볍고 건강한 삶이 모토랄까…. 아침 루틴 1_ 유산균 1_ 공복에 유산균 먹기 ?? 먼저... ",Anchive: 나의 아카이브,blog.naver.com/95_minji,20251012
건강루틴 100,"NMN 스페르미딘, <b>건강 루틴</b>의 판을 바꾸는 조합",https://blog.naver.com/creative_bs/223968766372,"기능성 루틴을 과학적으로 구성하고 싶은 분 피부, 체력, 면역력 전반에 변화를 느끼는 30~50대 <b>건강 루틴</b>을 시작하고 싶지만 무엇부터 먹어야 할지 모르는 분 <b>건강 루틴</b>, 이제는 성분을 넘어서 조합의... ",누룽지?’?’?,blog.naver.com/creative_bs,20250813
건강루틴 100,눈건강 영양제 추천 광동 365케어 루테인으로 눈 <b>건강 루틴</b> 시작!,https://blog.naver.com/icemanyeo/224047914569,"요즘 따라 스마트폰, 컴퓨터 화면을 보는 시간이 늘어나면서 '눈 건강'에 대한 고민이 깊어지고... 하루에 딱 한 알만 챙기면 되는 간편함 덕분에 바쁜 일상 속에서도 꾸준히 눈 <b>건강 루틴</b>을 지킬 수 있답니다.... ",메이크업바바,blog.naver.com/icemanyeo,20251020
건강루틴 100,<b>건강 루틴</b> 4주 챌린지 이벤트 : 콜레스테롤을 낮추기 위한... ,https://blog.naver.com/wellifeblog/224027551936,"대상웰라이프 공식 블로그, 웰라이프 매거진의 매달 다른 <b>건강 루틴</b> 챌린지와 함께 건강한 일상을... <b>건강 루틴</b>을 실천하고 매주 1회 이상 루틴 인증 댓글을 남겨주시면 참여 완료! STEP 1. 공식 블로그 이웃... ",대상웰라이프 공식 블로그,blog.naver.com/wellifeblog,20251001
건강루틴 100,전참시 김성령 <b>건강 루틴</b> 레스토랑 위치 어디,https://blog.naver.com/ajhr98113/223855065022,그녀의 <b>건강 루틴</b>과 매니저와 함께 방문한 레스토랑이 어디인지 궁금합니다. 자세히 알아볼까요?... 소파 대신 바닥에 앉아 티비 채널을 돌리다 선택한건 SBS의 좋은 아침 건강 프로그램인데요. 하루를 건강하게... ,유카리의 예능있는 삶,blog.naver.com/ajhr98113,20250504
건강루틴 100,"환절기 나만의 <b>건강루틴</b> 지강인 고려홍삼정, 도라지배즙으로... ",https://blog.naver.com/antonina/224040451991,"그대로 건강한 맛을 느낄 수 있는 지강인 도라지배즙 마무리 오늘부터 지강인 패밀리 11기 저와 함께 환절기 나만의 <b>건강루틴</b>~ 지강인 고려홍삼정, 도라지배즙으로 감기예방함께 실천해볼까요? #지강인... ",친절한 안또의 일상 이야기,blog.naver.com/antonina,20251014
건강루틴 100,"정신<b>건강</b>의 날, 나를 돌보는 하루 마음의 회복 <b>루틴</b> 5가지",https://blog.naver.com/jellytreez/224037132672,"내가 실천하는 마음 <b>건강 루틴</b> 정신건강을 지키는 건 거창하지 않아도 돼요. 제가 꾸준히 해오고... 마음 관리도 꾸준함이 답 정신건강은 단 한 번의 힐링으로 완성되지 않아요. 매일의 작은 루틴, 작은... ",젤리나무가 전하는 트렌드!!,blog.naver.com/jellytreez,20251010
건강루틴 100,"링티 테라티 - 목 케어를 위한 목칼칼 <b>건강루틴</b>, 목에좋은... ",https://blog.naver.com/berrytaste/224023938403,"내 <b>건강루틴</b>으로 데일리로 링티 테라티 마셔주는 요즘. 테라티 주 소재는 호주산 프로폴리스가... 목구멍 건강 케어하기! 링티 테라티 특징 링티 테라티 맛은 상큼하고 시원한 유자맛으로, 1포당 칼로리도 10kcal... ",릴리의 낭만가득한 일상,blog.naver.com/berrytaste,20250927
건강루틴 100,<b>건강 루틴</b> 4주 챌린지 이벤트 : 스트레스 해소에 좋은 달리기,https://blog.naver.com/wellifeblog/223960958993,"대상웰라이프 공식 블로그, 웰라이프 매거진의 매달 다른 <b>건강 루틴</b> 챌린지와 함께 건강한 일상을... 이번 달에는 건강한 몸과 마음을 위한 달리기 루틴 챌린지에 함께 참여해 보세요! Editor's Pick... ",대상웰라이프 공식 블로그,blog.naver.com/wellifeblog,20250806
건강루틴 100,<b>건강 루틴</b> 4주 챌린지 1주년... 감사 챌린지로 마음 건강 지키기,https://blog.naver.com/wellifeblog/223857494051,1주년 <b>건강 루틴</b> 챌린지 이벤트도 정신 건강을 다스릴 수 있는 감사 챌린지로 준비했어요. 하루에 한... EVENT <b>건강 루틴</b> 4주 챌린지 1주년 이벤트 참여방법. <b>건강 루틴</b>을 실천하고 매주 1회 이상 루틴 인증... ,대상웰라이프 공식 블로그,blog.naver.com/wellifeblog,20250507
마켓컬리 100,<b>마켓컬리</b> 할인 쿠폰 받는 법 총정리,https://blog.naver.com/idailynews/224017180025,<b>마켓컬리</b>는 원래는 식자재 위주로만 판매했었어요. 최근엔 뷰티컬리라고 해서 화장품도 함께 판매하게... 마켓만 검색해도 금방 나오기 때문에 찾는 건 그렇게 어렵지 않았어요. 이후에 앱을 클릭하신다면 바로... ,더데일리뉴스,blog.naver.com/idailynews,20250922
마켓컬리 100,<b>마켓컬리</b> 쿠폰 받는법 총정리,https://blog.naver.com/ryu71158/224017517361,<b>마켓컬리</b> 쿠폰 받는법을 적용받아서 처음 구매해 보고 만족스러운 분들은 계속해서 이용하시려고 할 거였어요. 제가 처음에 딱 그랬었어요. 장기로 쓰실 생각이라면 컬리멤버스 가입도 나중에 해보시는 것도... ,태국에서의 삶,blog.naver.com/ryu71158,20250922
마켓컬리 100,"<b>마켓컬리</b> 내돈 내산 샌드위치재료 / 올리브 치아바타, 홀머슬 햄... ",https://blog.naver.com/gloomy_holic/223991053178,"쿠팡도, 컬리도 모두 애용하는 사람으로서 <b>마켓컬리</b>에서 자주 사는 품목으로 만들어먹는 먹순이&amp;빵순이의 기록을 해볼까 싶다. 평일 아침의 경우엔 출근하는 차 안에서 두유, 삶은 계란이나 소포장 떡을 먹는... ",언제나 그러하듯 ? ? ?,blog.naver.com/gloomy_holic,20250905
마켓컬리 100,[<b>마켓컬리</b> 추천 밀키트] EBS 극한직업 떡볶이 『 파주... ,https://blog.naver.com/sangyun1106/224046335656,[<b>마켓컬리</b> 추천 밀키트] 『 파주 사과떡볶이 』 포장지 어떤 식재료가 들어갔는지 잘 적혀있었고... [<b>마켓컬리</b> 추천 밀키트] 『 파주 사과떡볶이 내용 구성품 보시면 아시겠지만... 상온해동 한다고 해서... ,N잡러민초파 쩝쩝박사 도전기,blog.naver.com/sangyun1106,20251019
마켓컬리 100,<b>마켓컬리</b> 추천인 코드 qqqq82 첫구매 컬리 추천템,https://blog.naver.com/im_lime/224044066051,원더컬리 기간이라서 <b>마켓컬리</b> 추천인 코드 넣고 가입을 하시면 1만원 적립금과 첫구매 할인쿠폰도 받을 수 있어요 그럼 오늘은 내돈내산 컬리 추천템도 보여 드릴게요 사진을 누르면 해당 제품 페이지로... ,달달한 꿀로그♡,blog.naver.com/im_lime,20251017
마켓컬리 100,"<b>마켓컬리</b> 친구추천 5,000원(친구추천 아이디) + 1만원... ",https://dobiho.com/51243/,"<b>마켓컬리</b> 친구추천 5,000원(친구추천 아이디) + 1만원 할인쿠폰 + 100원 구매상품 도비호 | 2025년 10월... 컬리멤버스 1900원 가입도 개이득인 것 같다. 친구가 추천해줘서 오아시스마켓을 가입했더니 5000원 도... ",dobiho on HCI,https://dobiho.com/,20251007
마켓컬리 100,<b>마켓컬리</b> 추천인 1만원 미역국 끓이는법 재료,https://blog.naver.com/ahspzk2000/224046745865,혹시 <b>마켓컬리</b> 추천인만 필요하셔서 오신 분이라면 ---&gt; love12 참고해 주시면 감사하겠습니다.(_ _) 현재 컬리에서 매일 쿠폰을 받으실 수 있어요. 원더컬리 쿠폰 받기로 지급이 되고 있었어요. 저는 어제... ,정보의 공유,blog.naver.com/ahspzk2000,20251019
마켓컬리 100,"<b>마켓컬리</b> 추천인 코드 입력확인, 보는법",https://blog.naver.com/tbr68/224017301697,"그런 제가 요즘까지 이용 중인 <b>마켓컬리</b>는 신규 이벤트까지 함께 진행 중이므로 지금 참여하면 다양한 혜택이 주어져 편리합니다. <b>마켓컬리</b> 추천인 코드를 통해 5,000원 적립금이 제공되니 참고해 주시길... ",성공한 덕후,blog.naver.com/tbr68,20250922
마켓컬리 100,피쿠알 엑스트라버진 올리브오일 <b>마켓컬리</b> 추천상품 올리브유... ,https://blog.naver.com/wtiger5v/224034401850,큰딸에게 추석 선물도 할 겸 집에서도 사용하기 위해 컬리N마트에서 피쿠알 올리브오일을 구매했는데요. <b>마켓컬리</b> 추천상품으로 괜찮아 소개 드립니다. 최상위 등급인 엑스트라버진 올리브오일이고 2024년... ,백호v 푸드스토리,blog.naver.com/wtiger5v,20251007
마켓컬리 100,<b>마켓컬리</b> 이연복 목란 짬뽕 밀키트 내돈내산 후기,https://blog.naver.com/imagine8611/224036169682,안녕하세요 :) 이매에요 ㅋㅋ 오늘은 <b>마켓컬리</b>에서 내돈내산으로 종종 구매해먹는 이연복 쉐프의 목란... <b>마켓컬리</b> 이연복 목란 짬뽕 밀키트 마일드맛 후기 ⓒ이매 <b>마켓컬리</b>에서 장을 볼때면 꼭 쟁여놓는... ,이매네집,blog.naver.com/imagine8611,20251010
마켓컬리 100,"<b>마켓컬리</b> 추천템 | 비비고 고등어, 간편 브리또, 삼겹살, 티네... ",https://blog.naver.com/mango767999/224048505155,이 포스팅은 컬리 큐레이터의 일환으로 구매 시 일정액의 수수료를 제공 받습니다. 이사 준비로 바빠 장보기도 제대로 안하다가 텅텅 빈 냉장고를 보고 안되겠다 싶어 결국 들어간 곳은 <b>마켓컬리</b> 이마트 상품도... ,망고유우 아카이브,blog.naver.com/mango767999,20251021
마켓컬리 100,무화과 샌드위치 만들기 무화과 먹는법 요리 <b>마켓컬리</b> 추천상품,https://blog.naver.com/baby0817/224035690319,#내돈내산 무화과 먹는법 무화과 샌드위치 만들기 무화과 요리 <b>마켓컬리</b> 추천상품 샌드위치만들기 와... 지난번에 <b>마켓컬리</b> 추천상품 제품으로 구입을 해두었던 것인데 며칠 정도 냉장고에 쟁여두었더니... ,축복받은 유전자 완소남매의 엄마표 먹거리,blog.naver.com/baby0817,20251009
마켓컬리 100,<b>마켓컬리</b> 추천상품 반할만떡당면만두 사과떡볶이 내돈내산후기,https://blog.naver.com/darleydale/224036964934,알고 <b>마켓 컬리</b>에도 입점이 되었더라고요. 사과 떡볶이와 제가 아주 오래전부터 즐겨 먹고 있는 반할만떡 당면만두 입니닷!!! 요 반할만떡 당면만두는 진짜 오래전부터 꾸준히 먹고 있는 <b>마켓컬리</b> 상품이기도... ,연의식탁,blog.naver.com/darleydale,20251010
마켓컬리 100,<b>마켓컬리</b>추천상품ㅣ신의주 얼큰순대국,https://blog.naver.com/orangeade35/224043401649,"오늘은 <b>마켓컬리</b>에서 후기가 9999+나 있는 신의주 찹쌀순대의 얼큰순대국을 사보았습니다!!! 제가... 맛있는 밀키트 흥해라 흥~ 이 포스팅은 컬리 큐레이터의 일환으로, 구매 시 이에 따른 일정액의 수수료를... ",엄마숫사자의 슬기로운생활,blog.naver.com/orangeade35,20251019
마켓컬리 100,미국에서 즐기는 <b>마켓컬리</b> USA 내돈내산 먹을거리 쇼핑 추천템,https://blog.naver.com/lbr861102/224019630043,<b>마켓컬리</b>USA 미국서도 주문할 수 있다 이제! 사실 내가 한국에 있었을 때는 컬리가 없어서 SNS나... 일단 한인마켓에 없는 제품들이 많고 한국 트렌드도 보인다. 이제 미국 관세도 높아져서 한국에서 택배받기도... ,Leebo's Sweet Home,blog.naver.com/lbr861102,20250924
마켓컬리 100,<b>마켓컬리</b> 오마뎅 진짜 부산 떡볶이 후기,https://blog.naver.com/rainbi92/224034179973,"<b>마켓컬리</b>가 35,000원 이상 구매시 10,000원 할인쿠폰을 줘서 우짤 수 없었다 ^&lt;^ ㅎㅎ.. 무료배송 때매 40,000원 채우느라 너무 힘드렀댜 떡볶이 대체 어떻게 끊을 수 있는 걸까 일주일에 한 번은 꼭 먹고 싶어지는... ",행복한 기록로그,blog.naver.com/rainbi92,20251007
마켓컬리 100,화이트리에 생식빵 솔직 후기 (feat. <b>마켓컬리</b> 새벽배송),https://blog.naver.com/goodpig1004/224036749025,"SNS랑 블로그에서 많이 봤던 식빵계의 명품, 화이트리에 생식빵을 <b>마켓컬리</b>에서도 판매를 하더라고요.... 이미지 출처: <b>마켓컬리</b> 계속 궁금하기만 했던 화이트리에 생식빵을 드디어! <b>마켓컬리</b>를 통해... ",쿤이랑 알콩달콩,blog.naver.com/goodpig1004,20251012
마켓컬리 100,<b>마켓컬리</b> 추천인 아이디 입력하고 쿠폰 1만원 받는 법 qqqq82,https://blog.naver.com/im_lime/224023297911,"검색창에 컬리 혹은 <b>마켓컬리</b> 검색을 하여 사이트에 접속하세요 첫 화면에 보이는 할인쿠폰 배너를 클릭하면 바로 회원가입 화면으로 넘어 갑니다 사용할 아이디와 비밀번호, 이름과 이메일, 휴대폰 번호를... ",달달한 꿀로그♡,blog.naver.com/im_lime,20250927
마켓컬리 100,<b>마켓컬리</b> 추천인 : coffee 친구초대 컬리 첫구매 추천템,https://blog.naver.com/asnymse/224046365869,구매해본 컬리 추천템들을 자세히 소개해보려 합니다. ? <b>마켓컬리</b> 신규가입 첫구매 혜택  60% 할인쿠폰(최대 1만원) 또는50% 할인쿠폰(최대 5천원) 두 가지 중 한 가지 쿠폰을 선택해서 사용할 수 있어요. 저는... ,"멋대로, 내 맘대로",blog.naver.com/asnymse,20251019
마켓컬리 100,<b>마켓컬리</b> 추천인 추가쿠폰과 적립금 받는 방법,https://blog.naver.com/ahspzk2000/224031794723,"<b>마켓컬리</b> 추천인 쿠폰: love12 컬리 배송 과정은 ‘배송 준비 중 → 출발 → 배송 완료’ 순서로 바뀌고 배송이 완료되었습니다. 컬리앱 알림으로 안심 배송 확인 앱에서 주문 후, 카톡 알림과 앱 알림이 동시에... ",정보의 공유,blog.naver.com/ahspzk2000,20251004
마켓컬리 100,<b>마켓컬리</b> 포트럭 홍가리비 백합조개 톳해물솥밥키트,https://blog.naver.com/seulbi_hi/224018899175,"이 포스팅은 컬리 큐레이터의 일환으로, 구매 시 이에 따른 일정액의 수수료를 제공받습니다 안녕하세요, 슬비입니다. 요즘 여름부터 <b>마켓컬리</b>를 자주 이용하고 있는데 덥고 장보고 나면 항상 사야하는... ",슬비하이,blog.naver.com/seulbi_hi,20250925
마켓컬리 100,<b>마켓컬리</b> 빵 추천상품 아침식사대용 내돈내산 후기,https://blog.naver.com/cyh_0919/224019593913,저번에 컬리 푸드 페스타에 가서 보니 <b>마켓컬리</b> 자체 베이커리 중에 괜찮은 제품들이 많이 보이더라고요. 그래서 저도 찾아보다 R15 통밀 모닝롤이라는게 눈에 들어왔고요. 모닝빵은 평소에도 종종... ,오늘의 탠저린,blog.naver.com/cyh_0919,20250924
마켓컬리 100,<b>마켓컬리</b> 추천템 아이들 아침메뉴 아이엠베이글 그리고 베지밀,https://blog.naver.com/bertering/224022014318,이 포스팅은 컬리 큐레이터 커넥트 활동의 일환으로 판매 발생시 수수료를 제공 받습니다. 아이엠베이글 <b>마켓컬리</b> 추천템 학교가기전 아이들 아침으로 유용한 아이엠베이글 소개해요 :) <b>마켓컬리</b>에서 종종... ,어나더제이 블로그-,blog.naver.com/bertering,20250926
마켓컬리 100,<b>마켓컬리</b> 추천템 :: 도리깨침 월남쌈,https://blog.naver.com/good_for_u/224047189615,"<b>마켓컬리</b> 도리깨침 월남쌈. 새벽배송으로 신선하게 배송온다. 이렇게 두 칸, 그리고 아래쪽에... 내일 저녁은 이걸로만 라이트하게 먹을거에요.............. 진짜임. [도리깨침] 월남쌈 밀키트 - <b>마켓컬리</b>","잘했어, 스텔라",blog.naver.com/good_for_u,20251020
마켓컬리 100,<b>마켓컬리</b> 추천상품 오마뎅 진짜 부산 떡볶이 밀키트 추천템,https://blog.naver.com/sun2hwa/224037729659,"이 포스팅은 컬리 큐레이터의 일환으로, 구매 시 이에 따른 일정액의 수수료를 제공받습니다. 새벽배송으로 #<b>마켓컬리</b> 도착이요~ 쿠팡 로켓프레시 번갈아가면서 온라인 장보기 좋아하는 1인♪ <b>마켓컬리</b>는 종종... ",앨리스의 맛있는 이야기,blog.naver.com/sun2hwa,20251011
마켓컬리 100,도시락 모음 ― 도시락 반찬 메뉴 및 제품 추천 feat.<b>마켓컬리</b>,https://blog.naver.com/alice_restaurant/224049213219,"(6,480원/<b>마켓컬리</b>) 그냥 밥은 심심하니까 멸치볶음 뿌려주기  그리고 아낌없이 뿌려주는 깨ㅋㅋㅋ 2.... (5,480원/<b>마켓컬리</b> 기준) * KF365 통통한 그릴 비엔나 소시지 700g(11,500원/<b>마켓컬리</b> 기준) 3. 갑오징어볶음... ",Alice's Petite Bistro,blog.naver.com/alice_restaurant,20251022
마켓컬리 100,<b>마켓컬리</b> 추천상품 니뽕내뽕 크림짬뽕 n번째 재구매템,https://blog.naver.com/redmilkb/224021231219,"<b>마켓컬리</b> 추천상품 니뽕내뽕 크림짬뽕 n번째 재구매템 요즘 장을 보러 나가는 게 번거로워 온라인 장보기를 자주 이용하는데, 그중에서도 가장 만족도가 높은 건 역시 <b>마켓컬리</b> 새벽배송이에요. 전날 밤에... ",소소한 살림,blog.naver.com/redmilkb,20250925
마켓컬리 100,<b>마켓컬리</b> 추천템 세모면 100%메밀면 들기름막국수 밀키트,https://blog.naver.com/syyh_na/224042341320,100% 메밀면에 국산 들깨로 짠 들기름이 있는 세상의 모든 면요리엔 들기름막국수 <b>마켓컬리</b>에서... #기록하는삶 #천안워킹맘 #천안일상블로거 #천안직장인 세모면 100%메밀면 들기름막국수 구성품 <b>마켓컬리</b>에서... ,[외계in공간],blog.naver.com/syyh_na,20251015
마켓컬리 100,<b>마켓컬리</b> 다이어트음식추천!,https://blog.naver.com/colorfg/223968080994,"<b>마켓컬리</b> 다이어트음식 추천! (면 편) 다이어트 중에도 면은 포기 못하겠고... 라면, 파스타는 칼로리... 헤라가 <b>마켓컬리</b>에서 득템한 존맛탱 면들을 소개해볼게요  진짜 면 러버들 필수 저장각이에요~ 1. 풀무원... ",건강해지고 예뻐지는 기록장,blog.naver.com/colorfg,20250812
마켓컬리 100,<b>마켓컬리</b> 추천인 아이디 확인 kkk127 만원 적립금받기,https://blog.naver.com/blo92/224041951285,<b>마켓컬리</b> 추천인 아이디=kkk127 적용방법 알려드릴게요 추천인 적용방법은 아래 링크로 접속하셔서... 같아요 컬리멤버스 저는 원래 컬리멤버스였는데 탈퇴했다가 재가입했더니 100원멤버십 이용권을... ,살림의 여왕 ??,blog.naver.com/blo92,20251015
마켓컬리 100,<b>마켓컬리</b> 선물 추천템 산타마리아노벨라 아쿠아 디로즈,https://blog.naver.com/lightographer/224023610778,적립된 포인트는 현금처럼 사용이 가능한데요. 첫 배송을 완료하면 5천원이 적립되는 방식이에요. #<b>마켓컬리</b> #<b>마켓컬리</b>초대코드 #<b>마켓컬리</b>초대코드아이디 #jh94645 #컬리선물추천 #초대코드 #친구초대코드,Studio4080,blog.naver.com/lightographer,20250927
마켓컬리 100,제주살이 <b>마켓컬리</b> 오로라 생연어 후기,https://blog.naver.com/makafood/224016357811,오늘은 제주에서 만나는 <b>마켓컬리</b> 오로라 생연어 후기입니다. 당연히 내돈내산이죠. 컬리는 협찬 안들어 오나? ㅎㅎ 암튼 요즘 날씨가 갑자기 쌀쌀해지면서 입맛이 없더라구요. 그래서 광어를 사먹으려고 했는데... ,마카롱의 일상다반사,blog.naver.com/makafood,20250921
마켓컬리 100,<b>마켓컬리</b> 추천인 아이디 참여이벤트명 쿠폰 1만원 받기,https://blog.naver.com/ahspzk2000/224009430611,<b>마켓컬리</b> 추천인 아이디: love12 컬리 참여이벤트명: 현재 진행중없음 특히 친구 초대 이벤트는 추천인과 피추천인 모두 혜택을 받는 구조라 서로 이득인데 신규 가입자에게는 5천원 적립금과 1만원 쿠폰도... ,정보의 공유,blog.naver.com/ahspzk2000,20250916
마켓컬리 100,가을 캠핑음식 추천 <b>마켓컬리</b> 밀키트 보다 간단한 캠핑요리,https://blog.naver.com/valueyey/224050044846,가을 캠핑음식 추천 <b>마켓컬리</b> 밀키트 보다 간단한 캠핑요리 길었던 연휴와 흐릿한 날이 지나가면서... 이번에 <b>마켓컬리</b> 밀키트 보다 간단한 캠핑요리 하나 찾아서 그걸 들고 가려고요. 조리 시간도 7분이면... ,향기의 행복한요리,blog.naver.com/valueyey,20251022
마켓컬리 100,"3살 아기 키우는 집 <b>마켓컬리</b> 장바구니 :: 어린이 케찹, 어린이... ",https://blog.naver.com/infoflow/224040215280,"컬리 친구추천 이벤트 컬리 친구초대 이벤트 적립금 두 배 기간이에요. 원래는 초대 이벤트 적립금이 5,000원인데 10/20 월요일 오전 11시까지 <b>마켓컬리</b> 가입 시 추천인 아이디 greeene 를 입력 후 7일 이내 첫 구매 시... ",아랄로그,blog.naver.com/infoflow,20251014
마켓컬리 100,<b>마켓컬리</b> 추천제품 <b>마켓컬리</b> 감자튀김 루토사 코티드 씬컷... ,https://blog.naver.com/lordlyseven/224046126431,[루토사] 슈스트링 포테이토 프라이 400g <b>마켓컬리</b> 추천제품 <b>마켓컬리</b> 감자튀김 루토사 코티드 씬컷 프라이 내돈내산 후기 들고 왔어요♡ 바삭하고 짭짤한 감자튀김의 대명사 루토사 코티드 씬컷 프라이... ,짱유의 일상,blog.naver.com/lordlyseven,20251020
마켓컬리 100,모델 한혜진 <b>마켓컬리</b> 추천상품 내돈내산 다이어트 추천템 8가지,https://blog.naver.com/8winner/224029894993,더 자세한 내용을 댓글에 있는 출처 영상으로 봐주세요! <b>마켓컬리</b> 다이어트 추천템 1탄 ▼ 출처 : 한혜진 Han Hye Jin #한혜진다이어트식단 #연예인다이어트식단 #컬리추천템 #<b>마켓컬리</b>다이어트추천 #컬리다이어트,레슬리's 푸드매거진,blog.naver.com/8winner,20251002
마켓컬리 100,"<b>마켓컬리</b> 추천상품 달보드레 쌀 4kg, 현미 2kg (컬리 추천템)",https://blog.naver.com/sun2hwa/224047666759,비싸더라도 컬리에서 주문중! #<b>마켓컬리</b> #새벽배송 올 때는 비닐에 담겨 오는데 한번 더 이중포장해서 터짐없이 안전하게 도착이요~ 윤기도 나고 구수한 향에 찰기도 좋아 재재재재구매하고 있는... ,앨리스의 맛있는 이야기,blog.naver.com/sun2hwa,20251020
마켓컬리 100,<b>마켓컬리</b> 마더푸드 오리지널 쪽갈비 600g,https://blog.naver.com/caffeine5434/224030389333,"<b>마켓컬리</b>에서 쪽갈비를 구입했다 후기가 많고 평이 좋길래 쿠폰이 있을때 주문해 보았다 마더푸드... 같다 <b>마켓컬리</b>에서 주문한 마더푸드 쪽갈비 손으로 집어 쏙쏙 먹기 편한 사이즈로, 미리 해동만 잘... ",이런저런 일상공간,blog.naver.com/caffeine5434,20251003
마켓컬리 100,<b>마켓컬리</b> 추천제품 톳 문어솥밥 밀키트 간편조리 후기,https://blog.naver.com/seulbi_hi/224043447331,"이 포스팅은 컬리 큐레이터의 일환으로, 구매 시 이에 따른 일정액의 수수료를 제공받습니다... <b>마켓컬리</b> 이용하시는 분들 이용하지 않으셔도 진짜 이거 한 번 드셔보시와요  집들이 음식으로도 밀키트인데 완전... ",슬비하이,blog.naver.com/seulbi_hi,20251020
마켓컬리 100,<b>마켓컬리</b> 추천인 코드 mjk2797 추천상품 에머이 쌀국수 밀키트,https://blog.naver.com/mjk2797/224018633693,"▼ 이렇게 주말 점심으로 간단히 해먹기 좋은 컬리 추천템, <b>마켓컬리</b> 추천상품 에머이 소고기 쌀국수 밀키트 2인분 후기 남겨봤습니다. 쌀국수 좋아하신다면 강추 - !  <b>마켓컬리</b> 회원 가입 전이 시라면... ",쪙이의 블로그,blog.naver.com/mjk2797,20250923
마켓컬리 100,<b>마켓컬리</b> 떡 추천상품 추천템 창억 호박인절미 보관 낱개포장떡,https://blog.naver.com/mitsru79/224025426262,제가 좋아하는 <b>마켓컬리</b>에서 구입한 떡들 경기떡집 이티떡이랑 건강한 쑥개떡! 낱개포장 떡... <b>마켓컬리</b> 추천상품 창억떡 호박인절미입니다. 이 떡이 1위라네요^^ 아무리 1위라도 까만콩 들어가면... ,미쯔루의 맛탐식탐,blog.naver.com/mitsru79,20250929
마켓컬리 100,"간편하지만 든든한 한 끼, <b>마켓컬리</b> 나주식 곰탕 후기",https://blog.naver.com/ducky777/224024881846,<b>마켓컬리</b> 밀키트 중에서도 추천할 만한 상품인 것 같다. ?? [진실된손맛] 맑은 나주식곰탕 #<b>마켓컬리</b> #밀키트 #나주식곰탕 #곰탕밀키트 #간편요리 #혼밥 #밀키트추천 #컬리밀키트,에이프릴 스토리,blog.naver.com/ducky777,20250929
마켓컬리 100,<b>마켓컬리</b> 추천상품 이연복 목란 매운 짬뽕 밀키트 추천,https://blog.naver.com/wtiger5v/224028840858,컬리는 샛별 배송을 전면에 내세워 품질 좋은 상품으로 인기몰이 하고 있는 온라인 마켓입니다. 많은 분들이 이용하고 계셔서 <b>마켓컬리</b> 추천상품으로 거론되면 큰 인기를 끄는 상품이 되는데요. 그중에서도 큰... ,백호v 푸드스토리,blog.naver.com/wtiger5v,20251001
마켓컬리 100,<b>마켓컬리</b>추천상품ㅣ전주 베테랑 고기만두 김치만두 후기,https://blog.naver.com/orangeade35/224031786828,"구매는 <b>마켓컬리</b>에서 했구요, 김치만두, 고기만두 각각 5,980원에 했습니다. 구성은 한봉지에... 컬리에서는 베테랑칼국수의 칼국수, 만두, 쫄면, 우동 등등 다 팔고있더라구요!!! 집에서 전주 한옥마을의 명물... ",엄마숫사자의 슬기로운생활,blog.naver.com/orangeade35,20251012
마켓컬리 100,"<b>마켓컬리</b> 추천상품, 결국 또 담게되는 내돈내산 재구매템",https://blog.naver.com/happykimju/224021839302,디저트까지 컬리에서 완성할 수 있어요  결국 또 담게 되는 <b>마켓컬리</b> 추천상품 오늘 소개한 제품들은 단순히 한 번 맛보고 끝이 아니라 내돈내산으로 n번째 재구매할 만큼 정말 매력적인 메뉴들이랍니다. 홈파티... ,7월의 크리스마스,blog.naver.com/happykimju,20250925
마켓컬리 100,<b>마켓컬리</b> 추천 상품 사리원 소불고기 전골 밀키트 솔직후기,https://blog.naver.com/aza1104/223993699824,<b>마켓컬리</b> 추천 상품 사리원 소불고기 전골 밀키트 솔직후기 요즘 집에서 간편하게 즐길 수 있는... 그중에서도 저는 최근 <b>마켓컬리</b> 추천상품으로 눈에 띈 사리원 소불고기 전골을 주문해 봤어요. <b>마켓컬리</b>에서... ,쿡쿡이의 홈쿡 레시피,blog.naver.com/aza1104,20250903
마켓컬리 100,아기키우는 집 <b>마켓컬리</b> 장바구니 :: 유아식 반찬 추천 3가지,https://blog.naver.com/infoflow/224020723487,이 포스팅은 <b>마켓컬리</b> 큐레이터 활동의 일환으로 제품 판매 시 수수료를 제공받습니다. 더 좋은 콘텐츠... 워킹맘이라 직접 반찬을 할 시간은 안나고 <b>마켓컬리</b>에서 냉큼 아이 반찬을 주문했는데요. 생각보다... ,아랄로그,blog.naver.com/infoflow,20250925
마켓컬리 100,<b>마켓컬리</b> 추천 제품 거대곰탕 내돈내산 후기,https://blog.naver.com/lordlyseven/224028671961,[거대곰탕] 곰탕 <b>마켓컬리</b> 추천 제품 거대곰탕 내돈내산 후기 들고 왔어요♡ <b>마켓컬리</b> 추천 제품으로 유명한 거대곰탕 드디어 먹어보았어요! 거대곰탕 1개에 500g이고 냉동 보관 제품입니다 <b>마켓컬리</b> 추천... ,짱유의 일상,blog.naver.com/lordlyseven,20251004
마켓컬리 100,"<b>마켓컬리</b> 고구마, 속 편한 아침식사 ? 가볍지만 든든하게!",https://blog.naver.com/goodpig1004/224034731590,[ <b>마켓컬리</b> 신규 가입 혜택 보기 ] https://we.kurly.com/Y0fe5Txohzb #고구마아침식단 #<b>마켓컬리</b>고구마 #아침식사추천 #건강한아침 #찐고구마리뷰 #간편식단 #소화잘되는음식 #<b>마켓컬리</b>리뷰 #<b>마켓컬리</b> #오늘도컬리 #ID... ,쿤이랑 알콩달콩,blog.naver.com/goodpig1004,20251009
마켓컬리 100,<b>마켓컬리</b> 추천인 아이디 oujosh 쿠폰 활용 팁!,https://blog.naver.com/jiny_home/224044995262,오늘은 <b>마켓컬리</b> 포스팅을 준비해 보았는데요! 추천인 아이디 oujosh와 함께 쿠폰 활용 팁 정리해... (자세한 내용은 아래에서 확인하세요) ↓ ↓ 쇼핑템 둘러보기 GUACAMOLE <b>마켓컬리</b>에서 새롭게 도전해 본... ,SALON DE J.,blog.naver.com/jiny_home,20251017
마켓컬리 100,"<b>마켓컬리</b> 추천템, 히든천재의 화덕브레드 샌드위치 만들기",https://blog.naver.com/hiha17/224032613144,이제 네이버에서도 컬리 주문이 가능하더라고요! 제대 애정하는 <b>마켓컬리</b> 추천템을 하나씩 풀어볼게요. 그 중 첫번째. 요즘 빠진 제품인데요. 벌써 3번째 구매 중! 포노부오노 히든천재의 화덕브레드 입니다... ,지금 히야,blog.naver.com/hiha17,20251005
마켓컬리 100,<b>마켓컬리</b> 첫구매 쿠폰 혜택 총정리,https://blog.naver.com/k3129th/224018537854,컬리에서 신선 식품을 더욱 저렴하게 아시는 분은 아시겠지만 <b>마켓컬리</b>는 신선 식품을 빠르게 배송할 수 있는 배송 체계를 갖추었습니다. 필요한 식자재를 사면 편하게 집 앞까지 배달을 시킬 수 있으니 정말... ,지니의일상,blog.naver.com/k3129th,20250923
마켓컬리 100,<b>마켓컬리</b> 추천인 아이디 ha1234 친구초대 가입 이벤트 혜택... ,https://blog.naver.com/happypudding/224029470004,trackingCode=blog_bloghome_searchlist 신선식품 위주로 구입하신다면 솔직히 컬리보다는 오아시스<b>마켓</b>... <b>컬리</b> 추천인 ID ha1234 #컬리 #<b>마켓컬리</b> #컬리추천인 #<b>마켓컬리</b>추천인 #<b>마켓컬리</b>추천인코드... ,먹고 놀고 즐거운 인생 ♬,blog.naver.com/happypudding,20251002
마켓컬리 100,식비절약 어플 <b>마켓컬리</b> 앱혜택 매일 포인트 모아서 절약하기,https://blog.naver.com/gshwa9/224029164519,<b>마켓컬리</b> <b>마켓컬리</b> 식비절약 어플을 몇가지 사용하고 있는데요. 쿠팡만 사용하던 저에게는 가뭄의... 컬리의 행운 출첵 매일 10~50p로 적게 느껴지지만 누적 포인트가 있어서 한달에 2-3천원은 적립됩니다.... ,우아네홈 살림이야기,blog.naver.com/gshwa9,20251002
마켓컬리 100,<b>마켓컬리</b> 이연복의 목란 짬뽕 마일드,https://blog.naver.com/caffeine5434/224011062518,<b>마켓컬리</b>에서 마음에 드는 밀키트를 만났다 바로 이연복의 목란 짬뽕으로 이미 후기가 9999건을 넘은... 짬뽕은 <b>마켓컬리</b>의 목란 마일드로 정착해도 될 것 같다 세일을 하게 되면 냉동실에 여러 개 쟁여놓아야지... ,이런저런 일상공간,blog.naver.com/caffeine5434,20250917
마켓컬리 100,사미헌 전통 소갈비찜 추석선물 <b>마켓컬리</b>추천템,https://blog.naver.com/blogdanielland/224012389699,#사미헌전통소갈비찜 #사미헌 #<b>마켓컬리</b>추천상품 #컬리추천템 #추석선물 #명절선물 #진짜갈비 #내가족을위한소갈비찜 #집밥같은따뜻함 #정성가득소갈비찜 #10분뚝딱소갈비찜 #우리집냉동실히어로 #진짜갈비500g... ,메이플대니얼의 요리공간 다니엘랜드,blog.naver.com/blogdanielland,20250919
마켓컬리 100,<b>마켓컬리</b> 추천인 sooy110 자주 구매한 내돈내산 간식 추천템,https://blog.naver.com/sooy110/224023997287,이 글이 도움이 되셨다면 컬리 추천인 sooy110 입력도 해주시면 감사합니다. 다음 <b>마켓컬리</b> 추천인 글은 집밥 해먹는 밀프랩글로 들고 와볼게요 &gt;.&lt; 다들 즐거운 먹부림 되세요 ♥,슬단#로그,blog.naver.com/sooy110,20250927
마켓컬리 100,"미국 <b>마켓컬리</b> 내돈내산 리빙, 유아동 제품 추천템",https://blog.naver.com/lbr861102/224020972696,이번엔 미국 #<b>마켓컬리</b>USA 유아동 제품들 리뷰다. 한국서 살 수 있던 걸 미국까지 3-4일만에 보내주니... 일리윤 아토 탑투토 워시 이건 아마존에도 있는데 가격 비교를 해봤더니 컬리서 사는 게 이득이길래... ,Leebo's Sweet Home,blog.naver.com/lbr861102,20250925
마켓컬리 100,<b>마켓컬리</b> 추천템 추천상품 미자언니네 백암순대국,https://blog.naver.com/mitsru79/224045819167,<b>마켓컬리</b> 추천템 미자언니네 백암순대국 울 지겸이가 순대국을 좋아해서 이번 <b>마켓컬리</b> 장바구니에 담았던 미자언니네 백암순대국입니다. 미자언니네 꽃게액젓을 몇 년간 꾸준히 먹고 있는데... 순대국도... ,미쯔루의 맛탐식탐,blog.naver.com/mitsru79,20251018
마켓컬리 100,<b>마켓컬리</b> 추천 제품 사미헌 갈비탕 내돈내산 후기,https://blog.naver.com/lordlyseven/224034683319,<b>마켓컬리</b> 추천 제품 사미헌 갈비탕 내돈내산 후기 들고 왔어요♡ <b>마켓컬리</b> 추천템으로 유명한 사미헌 갈비탕 확실히 맛이 있어서 N 번째 구매 중인 제품이에요 사미헌 갈비탕은 냉동상태에서 끓여도 되지만... ,짱유의 일상,blog.naver.com/lordlyseven,20251013
마켓컬리 100,99핫도그 내돈내산 후기 [ <b>마켓컬리</b> ],https://blog.naver.com/sarang8246/224030200426,99핫도그라서 가격이 9900원인가봐요 바이 컬리. 라고 적혀있는 걸 보니 아마 <b>마켓컬리</b> 전용 상품인가봅니다 바삭함은 높아고 가격은 잡은 대용량팩 10개입 입니다 원재료명은 사진을 참고해 주세요 개당... ,s,blog.naver.com/sarang8246,20251003
마켓컬리 100,오늘 뭐먹지? <b>마켓컬리</b> 추천상품 첫구매 쿠폰,https://blog.naver.com/heena_mom/224043030298,<b>마켓컬리</b> 첫구매 쿠폰 오천원 적립 컬리 주문 시 놓치면 아까운 정보! 첫구매 시에 추천아이디 넣으면 양쪽 모두 각각 오천원씩 받을 수 있어요. <b>마켓컬리</b> 추천아이디 : heenamom74 꼭 받으셔서 쇼핑하시고 저도... ,▒ 희나네집 ▒ 라이프스타일디자이너! : 비주언니,blog.naver.com/heena_mom,20251016
마켓컬리 100,발뮤다 전기포트로 내려본 <b>마켓컬리</b> 추천상품 프릳츠 드립백... ,https://blog.naver.com/mely1004/224039851381,"이 포스팅은 컬리 큐레이터의 일환으로, 구매시 이에 따른 일정액의 수수료를 제공 받습니다. 프릳츠 커피와 함께한 홈카페 이번 <b>마켓컬리</b> 장 보면서 담아본 프릳츠 드립백, 매번 모모스커피만 마시다 프릳츠... ",Daily Log,blog.naver.com/mely1004,20251013
마켓컬리 100,<b>마켓컬리</b> 그리팅 오아시스마켓 할인팁,https://blog.naver.com/skyhoua/224045700610,<b>마켓컬리</b> 그리팅 오아시스마켓 할인팁 쿠폰. 적립금. 페이코. 토스. 네이버페이 경유 오아시스마켓 추천인 skyhoua 컬리 추천. https://we.kurly.com/Y0fe5Txohzb 그리팅 추천. CCOD860R 가입 안 하신 분들은 추천인... ,함께 행복하고 건강하기 위해.,blog.naver.com/skyhoua,20251018
마켓컬리 100,<b>마켓컬리</b> 명절 선물세트 홍삼 쿠키 세트 추천,https://blog.naver.com/ssong6604/224029988668,"쿠키는 현대백화점에서 몇번 사봤는데 <b>마켓컬리</b>에도 있길래 이젠 할인받아서 <b>마켓컬리</b>에서 구입중이다. 김정환 홍삼 에너지타임 플러스 32포 26,900원 전에는 정관장으로 선물했는데 가격도 비싸서 달랑... ",헬로우 두두,blog.naver.com/ssong6604,20251002
마켓컬리 100,25년 10월 9일 <b>마켓컬리</b> 장바구니 캠핑용 <b>마켓컬리</b> 쇼핑리스트,https://blog.naver.com/lordlyseven/224035435345,이번 추석 연휴가 길어서 인터넷으로 음식 구매가 어려웠는데 컬리는 새벽 배송이 있어서 좋아요 저의 캠핑용 <b>마켓컬리</b> 쇼핑리스트를 공개합니다! 두둥! <b>마켓컬리</b> 추천템으로 유명한 미트클레버 대구막창... ,짱유의 일상,blog.naver.com/lordlyseven,20251010
마켓컬리 100,<b>마켓컬리</b> 석관동 떡볶이 석관동 모듬튀김 후기,https://blog.naver.com/rainbi92/224034561932,"떡볶이를 먹는데 튀김이 없으면 99% 섭섭해 ??? <b>마켓컬리</b>에서 장바구니에 떡볶이를 담았더니 ㅋㅋ 연관으로 얘가 떠서 덥석 담았던 제품 석관동 떡볶이 석관동 모듬튀김 가격은 3,825원 후기를 쓰는... ",행복한 기록로그,blog.naver.com/rainbi92,20251008
마켓컬리 100,<b>마켓컬리</b> 만원 냉동족발 추천! 99족발 순살 족발 후기,https://blog.naver.com/tazsun20/223970904838,맛을 원하는 분 컬리 순살족발 보러가기 이렇게 <b>마켓컬리</b> 만원 냉동족발 추천! 99족발 순살 족발 내돈내산 후기 정보를 알려드렸어요! 인기 아이템 더 알아보기 #<b>마켓컬리</b>족발 #컬리순살족발 #냉동족발추천,꿀리뷰,blog.naver.com/tazsun20,20250815
마켓컬리 100,"쇼핑리뷰)상품장보기♡<b>마켓컬리</b>,코스트코,cj몰,이마트",https://blog.naver.com/maru0525/224009672058,"<b>마켓컬리</b>에서 자주 주문 하다보니 이젠 자주 주문 하는 품목이 생기네요. 그건 바로 오봉집 시리즈... 잘 먹을께♡ <b>마켓컬리</b> 애플하우스는 즉석떡볶이도 주문하고 가끔 애플하우스 만두도 주문하는데, 만두는... ",우리문화,blog.naver.com/maru0525,20250916
마켓컬리 100,홍콩여행 선물 필수템 제니쿠키 <b>마켓컬리</b> 샛별배송 선물 후기... ,https://blog.naver.com/kickic1/224048398538,홍콩여행 선물 필수템 제니쿠키 <b>마켓컬리</b> 샛별배송 선물 후기 버터쿠키 커피쿠키 홍콩여행 다녀올 때 필수템처럼 쟁여오던 제니쿠키가 <b>마켓컬리</b> 샛별배송이 가능하다는거 알고 계셨나요? 어느날 집 앞에 딱!... ,조댕의 잡다구리한 박스,blog.naver.com/kickic1,20251021
마켓컬리 100,연예인 추천 뷰티&amp;<b>마켓컬리</b> 제품 내돈내산 후기 (에끌라두 괄사... ,https://blog.naver.com/hisgoddess/224049788387,"뷰티컬리 제품 2개 &amp; <b>마켓컬리</b> 제품 1개 총 3개를 소개해 드릴까 합니다  * * * [ 뷰티컬리 : 에끌라두 괄사 ] 먼저, 에끌라두 괄사는 배우 김유정 씨가 쓴다는 괄사예요! 혈자리를 눌러주면서 붓기를 빼주는데 저... ",40代 뷰티 블로거의 뷰티풀 라이프,blog.naver.com/hisgoddess,20251022
마켓컬리 100,런던베이글 <b>마켓컬리</b> 새벽배송 웨이팅 bye,https://blog.naver.com/mcleejy/224046133291,런던베이글 런던베이글이 새벽배송이 되네요 어제 <b>마켓컬리</b>에서 주문하다가 발견한 런던베이글 한번씩... 느낄 수 있는 런던베이글 <b>마켓컬리</b> 새벽배송 런던베이글뮤지엄 생각날때 한번씩 주문하게 될 거 같아요! &amp;,투현맘,blog.naver.com/mcleejy,20251019
마켓컬리 100,<b>마켓컬리</b> 춘천식 닭갈비 1kg 간편 밀키트,https://blog.naver.com/lovelyelice/224029771886,"<b>마켓컬리</b> 밀키트 중 <b>마켓컬리</b> 춘천식 닭갈비 1kg 양도 푸짐하고 만들기 간편한 <b>마켓컬리</b> 밀키트. 닭갈비를 사 먹으면 생각보다 가격도 비싸고, 닭고기도 별로 없어서 실망한 적이 많은데 <b>마켓컬리</b> 춘천식... ",L O V E L Y - E L I C E ♡,blog.naver.com/lovelyelice,20251002
마켓컬리 100,<b>마켓컬리</b> 추천템 오마뎅 부산 물떡 오뎅탕 밀키트 내돈내산... ,https://blog.naver.com/doodoong2_/224043308620,이 포스팅은 컬리 큐레이터의 일환으로 구매시 이에 따른 일정액의 수수료를 제공받습니다. <b>마켓컬리</b>추천템 <b>마켓컬리</b> 추천템 내돈내산 오마뎅 오뎅탕 오뎅탕밀키트 찬바람이 불기 시작하면 가장 먼저 생각나는... ,"뚜둥맘, 자연을 담은 집밥",blog.naver.com/doodoong2_,20251016
마켓컬리 100,<b>마켓컬리</b> 추천상품 갤러리아 고메494 재래구이 김,https://blog.naver.com/mitsru79/224037606530,<b>마켓컬리</b> 추천상품 갤러리아 고메494 재래구이 김 시댁에서 한 캔 가져온 김 선물로 들어온 김을 나눠... 맛있어서 어디서 파나 검색하다 보니 <b>마켓컬리</b>에 있네요 후기가 2700개가 넘는 인기 김 중... ,미쯔루의 맛탐식탐,blog.naver.com/mitsru79,20251011
마켓컬리 100,<b>마켓컬리</b> 추천상품 신의주찹쌀순대 얼큰 순대국,https://blog.naver.com/mitsru79/224015674239,쿠폰이 올 때가 되었는데 딱 그때 도착해서 너무나 반가웠던 <b>마켓컬리</b> 쿠폰입니다! 이번에 온 쿠폰은... <b>마켓컬리</b> 추천상품 신의주 찹쌀순대의 순대국은 총 2종으로 나옵니다. 얼큰순대국 찹쌀순대국 둘 다... ,미쯔루의 맛탐식탐,blog.naver.com/mitsru79,20250920
마켓컬리 100,죠스떡볶이 밀키트 <b>마켓컬리</b> 내돈내산,https://blog.naver.com/ks1058/224034956417,<b>마켓컬리</b>에서 5500원에 2인분이다. 칼칼한 고춧가루 양념이라 평소 죠스떡볶이를 즐겨 먹었는데 언제부턴가 매장에서 포장을 하면 기본으로 올려주던 만두는 빠지고 가격은 오르고 고춧가루 양은 줄더라..... ,직접 맛보고 체험하고 리뷰,blog.naver.com/ks1058,20251008
마켓컬리 100,<b>마켓컬리</b> 추천인 쿠폰 혜택 총정리,https://blog.naver.com/littlemonk/224018560897,그래서 오늘은 여러 쇼핑몰 중 <b>마켓컬리</b> 추천인 쿠폰을 이용해 합리적으로 구매할 수 있는 방법에 대해... 컬리에서는 여러 식재료나 물건을 합리적으로 살 수 있지만 배송이 굉장히 빠르기로 유명합니다. 전날... ,오늘도 휘뚜루마뚜루,blog.naver.com/littlemonk,20250923
마켓컬리 100,3~4만원대 추석선물추천 - 내돈내산 <b>마켓컬리</b> 구매템!!,https://blog.naver.com/mintjubu/224020556891,<b>마켓컬리</b>에서 구매한 청도반건시는 낱개포장되어 있어서 먹기도 좋고 보관도 쉽더라구요~~ 선물할때마다 저는 꼭 제것도 함께 시켜서 먹어보는데 상태도 너무 좋고 맛있어서 올해도 역시 <b>마켓컬리</b>에... ,고고!!! 민트주부(..),blog.naver.com/mintjubu,20250924
마켓컬리 100,<b>마켓컬리</b> 추천상품 고래주방물떡어묵탕,https://blog.naver.com/blue8969/223983901933,"#<b>마켓컬리</b>추천상품 #<b>마켓컬리</b>배송 #고래주방물떡어묵탕 안녕하세요. 매일 집밥 준비하는 영리한토끼입니다. <b>마켓컬리</b> 신규가입 혜택에 빠져 꾸준히 주문하고 있답니다. 일요일 주문해도, <b>마켓컬리</b>... ",영리한토끼,blog.naver.com/blue8969,20250826
마켓컬리 100,<b>마켓컬리</b> 추천 템 갈비찜버터밥! 명절 주말 후 아침 메뉴 추천,https://blog.naver.com/naokyai/224015380029,<b>마켓컬리</b> 추천 템 갈비찜버터밥! 명절 후 주말 아침 메뉴 추천 copyright 글 ? 사진 ? 영상... 시작해볼께요 :-) <b>마켓컬리</b> 추천 템 갈비찜버터밥! 명절 후 주말 아침 메뉴도 추천 따뜻한 밥에... ,똑똑! 맛있게 냠냠,blog.naver.com/naokyai,20250920
마켓컬리 100,<b>마켓컬리</b> 추천상품 재구매 각 외식비 줄이는 BEST4,https://blog.naver.com/ysj5327/224045687374,니뽕내뽕 크림짬뽕 <b>마켓컬리</b>에서 먹은 밀키트 중 개인적으로 이거 1등이에요! 니뽕내뽕은 제가 대학생 때 매장 줄 서서 먹던 곳인데 컬리에 있길래 완전 추억 돋았거든요. 요 크림짬뽕이 매장에서도 베스트... ,눈사람씨의 가전 가구 & 살림,blog.naver.com/ysj5327,20251018
마켓컬리 100,<b>마켓컬리</b>추천인 아이디kurlycode blue5074 신규가입혜택,https://blog.naver.com/blue8969/224023752004,컬리멤버스는 <b>마켓컬리</b> 앱으로 주문하면 이만원이상 무료배송입니다. 저는 <b>마켓컬리</b> 매력에 푹 빠져있어 출석체크도 매일 진행하여 적립금을 모으고 있답니다. <b>마켓컬리</b> 신규 가입 후 앱으로 주문... ,영리한토끼,blog.naver.com/blue8969,20250928
마켓컬리 100,<b>마켓컬리</b> 추천상품 라비퀸 로제 떡볶이 매콤까르보나라 밀떡,https://blog.naver.com/esun14/224024645144,라비퀸 밀키트로 순삭 ~ _ <b>마켓컬리</b> 추천상품 냉동 간식 집에서도 자주 해먹는 떡볶이 레시피가 있지만 또 다른 매콤한 맛이 당길 때가 있어서 종종 <b>마켓컬리</b>에서 밀키트로 구매해 냉동실에 쟁여놓곤 해요.... ,소곤일상 ? ?? sogonlife,blog.naver.com/esun14,20250928
마켓컬리 100,밤맛 오예스 <b>마켓컬리</b> 9월 신상간식 후기,https://blog.naver.com/tazsun20/224006918934,"#퍼플즈 #밤맛오예스 밤맛 오예스 <b>마켓컬리</b> 9월 신상간식 후기 컬리 추천템26 #퍼플즈 <b>마켓컬리</b>, 내사진 출처 오늘은 오랜만에 색다른 간식을 소개해 드리려고 해요. 바로 오예스 밤맛이에요. 오예스는 국민... ",꿀리뷰,blog.naver.com/tazsun20,20250913
마켓컬리 100,올리브영 <b>마켓컬리</b> 오늘의집 쓰시죠? 부업도 하세요!,https://blog.naver.com/zmzsza/224042515535,"<b>마켓컬리</b> 요리를 자주 하거나, 식재료를 컬리에서 시켜보신 적 있다면 이건 꼭 해보세요. <b>마켓컬리</b>는 식품, 간편식, 건강식품 중심이라 '오늘 저녁 뭐 해먹었어요' 같은 생활형 콘텐츠에 잘 어울립니다. 특히... ",아이와 함께 키우는 평생 부자 습관,blog.naver.com/zmzsza,20251016
마켓컬리 100,오봉집 제육볶음 후기 [ <b>마켓컬리</b> ],https://blog.naver.com/sarang8246/224032380999,오봉집 제육볶음 후기 [ <b>마켓컬리</b> ] 내돈내산 제품 구입 후기 <b>마켓컬리</b>에서 장 보면서 제육볶음이 하나 있길래 구매했습니다 400그람에 7900원대 정도의 가격이었습니다 돼지고기는 목전지 ( 앞다리.... ,s,blog.naver.com/sarang8246,20251005
마켓컬리 100,간단 복숭아 보관법 후숙 말랑 복숭아 냉장 보관 꿀팁 <b>마켓컬리</b>... ,https://blog.naver.com/hee81hoo/223994477070,간단 복숭아 보관법 후숙 말랑 복숭아 냉장 보관 꿀팁 <b>마켓컬리</b> 장바구니 복숭아가 맛있는 계절이죠... 오늘은 포장재를 활용한 간단 복숭아 보관법을 소개드립니다~ 복숭아는 <b>마켓컬리</b>에서 샀어요! 준비물... ,은야쟁이의 오렌지 블랙박스,blog.naver.com/hee81hoo,20250904
마켓컬리 100,<b>마켓컬리</b> 간식 블랑제리코팡 통밤식빵,https://blog.naver.com/shkdm1/224044961030,<b>마켓컬리</b> 간식 블랑제리코팡 통밤식빵 <b>마켓컬리</b>에서 쿠폰이 자주 오곤 하는데 필요한 물품이 있을 때 쿠폰이 오면 주문하곤 합니다. 이번에는 간식으로 즐기기 좋을 것 같은 블랑제리코팡 통밤식빵이 눈에 띄어... ,일상기록,blog.naver.com/shkdm1,20251017
마켓컬리 100,<b>마켓컬리</b> 추천상품 장바구니 KF365 반찬 소시지 파래김,https://blog.naver.com/sumika1207/224013578309,<b>마켓컬리</b> 추천상품 <b>마켓컬리</b> 장바구니 KF 365 반찬 소시지 &amp; 파래김 오랜만의 <b>마켓컬리</b> 추천상품 장바구니 포스팅으로 돌아왔다. 후기를 찾아보고 다양하게 고르고 골라본 나의 <b>마켓컬리</b> 추천상품은 어떤... ,언제나맑음,blog.naver.com/sumika1207,20250919
마켓컬리 100,<b>마켓컬리</b> 치밥하기 좋은 순살 바베큐치킨 후기,https://blog.naver.com/tazsun20/224006818085,컬리 바베큐 치밥치킨 보러가기 이렇게 <b>마켓컬리</b> 치밥하기 좋은 순살 바베큐치킨 후기 정보를 알려드렸어요! 인기 아이템 더 알아보기 #<b>마켓컬리</b>치킨 #컬리순살바베큐,꿀리뷰,blog.naver.com/tazsun20,20250913
마켓컬리 100,추억 소환 <b>마켓컬리</b> 추천템 진짜 부산 떡볶이 후기 야식메뉴로 딱,https://blog.naver.com/redmilkb/224022419141,추억 소환 <b>마켓컬리</b> 추천템 진짜 부산 떡볶이 후기 야식메뉴로 딱 떡볶이는 언제 먹어도 질리지 않는... 제품이 <b>마켓컬리</b>에 있길래 요즘 자주 구매하고 있어요 바로 오마뎅 진짜 부산 떡볶이 가래떡인데요... ,소소한 살림,blog.naver.com/redmilkb,20250926
마켓컬리 100,<b>마켓컬리</b> 추천템 쫀득쫀득 뇨끼 만들기 추천,https://blog.naver.com/peony_blossom/224014441095,쫀득 쫀득한 뇨끼 크림뇨끼 만들기 <b>마켓컬리</b>에서 발견한 뇨끼로 도리도리 맛도리 만들기 레시피 요거... 자체를 컬리에서 구매할 수 있었어요. 오.. 좋은세상이어라 할인할 때 구매했고요! 냉동실에 저장 (?)... ,＊데일리 메모리즈＊,blog.naver.com/peony_blossom,20250920
마켓컬리 100,<b>마켓컬리</b> 추천상품 오마뎅 풍년방앗간 떡꼬치,https://blog.naver.com/sun2hwa/224007074532,"이 포스팅은 컬리 큐레이터의 일환으로, 구매 시 이에 따른 일정액의 수수료를 제공받습니다. 학창시절 분식집에서 많이 먹었던 떡꼬치를 <b>마켓컬리</b> 장보다가 발견! 오후 10시 59분까지 주문하면 그 다음날 새벽... ",앨리스의 맛있는 이야기,blog.naver.com/sun2hwa,20250914
마켓컬리 100,<b>마켓컬리</b> 추천 이연복의 목란 우육탕면 솔직 후기,https://blog.naver.com/shj007kr/224021708422,"평소 <b>마켓컬리</b>를 자주 이용하지는 않지만, 쿠폰이 날아올 때면 한 번씩 구경하다가 꼭 장바구니에 뭔가... 그런데 이번에 <b>마켓컬리</b> 추천 제품으로 만나본 이연복의 목란 우육탕면은 집에서 간단히 조리해서 그... ",오늘도 심콩한 하루,blog.naver.com/shj007kr,20250925
마켓컬리 100,"<b>마켓컬리</b> 라티브 올리브레몬샷, 3만원대 추석명절선물... ",https://blog.naver.com/lsr204/224030599071,오늘은 <b>마켓컬리</b>에서 내돈내산으로 구입한 추석명절선물 라티브 올리브레몬샷을 소개해보려 해요... [라티브] 올리브레몬샷 14개입 - <b>마켓컬리</b> 라티브 올리브레몬샷 14개입을 <b>마켓컬리</b>에서 구입 가능하고... ,?'?'?,blog.naver.com/lsr204,20251003
마켓컬리 100,광천김 명란 도시락김 <b>마켓컬리</b> 추천상품,https://blog.naver.com/sun2hwa/224002040263,"이 포스팅은 컬리 큐레이터의 일환으로, 구매 시 이에 따른 일정액의 수수료를 제공받습니다. 벌써 N번째 사먹고 있는 <b>마켓컬리</b> 추천템 광천김 명란 도시락김 총 12봉이 들어있으며 가격도 6,980원으로 가성비도... ",앨리스의 맛있는 이야기,blog.naver.com/sun2hwa,20250910
마켓컬리 100,<b>마켓컬리</b> 추천인 아이디,https://blog.naver.com/season368/224017178954,특히 <b>마켓컬리</b>를 활용하는 횟수가 전보다 훨씬 많이 늘어났습니다. 다양한 혜택이 포함되어 있다 보니 자주 애용하게 된답니다. 마침 신규 회원으로 등록하시면 <b>마켓컬리</b> 추천인 아이디를 기재할 수 있으므로... ,현명한 일상의 투자,blog.naver.com/season368,20250922
마켓컬리 100,"<b>마켓컬리</b> 알바 후기, 다양한 업무와 근무 분위기 파악하기",https://al4114al.tistory.com/1902,알바를 고려 중이라면 이 정보를 참고하시어 도움이 되길 바랍니다. 여러분도 <b>마켓컬리</b>에서 알바를 해보세요! <b>마켓컬리</b> 알바 지원 바로가기 <b>마켓컬리</b>지원하러가기 앱 컬리윅스 앱 다운로드 바로가기,al4114al,https://al4114al.tistory.com/,20251004
이너뷰티 100,자보티바 효능 브라질 <b>이너뷰티</b> 다이어트 후기,https://blog.naver.com/k_jjangga/224036814403,"비타민C가 풍부하니 면역력에도 좋고, 무엇보다 피부가 매끄럽고 맑아지는 <b>이너뷰티</b> 효과가... 피부도 푸석함이 사라지고 탄력이 조금씩 돌아오는 게 보여서, <b>이너뷰티</b> 효과까지 함께 챙길 수 있었습니다.... ",solrasido,blog.naver.com/k_jjangga,20251010
이너뷰티 100,<b>이너뷰티</b>히알루론산 속건조 안부터 잡아요!,https://blog.naver.com/ddoja447/224049829347,"<b>이너뷰티</b>히알루론산 섭취하면 이런 건조한 피부에 좋다는 이야기를 들어 후기를 찾아보다 평이 좋은... 그때 지인이 피부 속 장벽이 무너지면 화장품만으로는 해결이 안 된다면서, <b>이너뷰티</b>가 중요하다... ",무슨 블로그,blog.naver.com/ddoja447,20251022
이너뷰티 100,먹는콜라겐 하루 한 병으로 챙긴 <b>이너뷰티</b>,https://blog.naver.com/estherdanbi/224040966299,"챙긴 <b>이너뷰티</b> 요즘 들어 하루가 어떻게 지나가는지 모를 정도로 바쁘게 살고 있답니다. 출근 전후로... 예전에는 마시는 제품이 낯설었는데, 요즘은 <b>이너뷰티</b>라는 개념이 익숙해지면서 점점 더 관심이... ",단비마켓-공구/맛집/뷰티리뷰,blog.naver.com/estherdanbi,20251014
이너뷰티 100,<b>이너뷰티</b> 먹는 콜라겐│피부속당김 관리로 리턴콜라겐 후기,https://blog.naver.com/lunefleur/223929289364,루틴 <b>이너뷰티</b> 제품에 관심이 가기 시작했어요 그중에서 가장 눈에 들어왔던 건 비타민C와 콜라겐을... 처음으로 '<b>이너뷰티</b>' 관리라는 개념을 본격적으로 고민하게 됐어요 속 건조나 푸석함은 결국 안에서부터... ,취향모음집,blog.naver.com/lunefleur,20250711
이너뷰티 100,세노비스 콜라겐 히알루론산 앰플샷 올리브영 <b>이너뷰티</b> 추천템,https://blog.naver.com/kmccall/224040124359,주변 친구들에게 이런 고민을 털어놓았더니 다들 하나같이 요즘은 <b>이너뷰티</b> 꼭 챙겨야 한다고... 10월 한달간 구매왕에 도전하면 추첨을 통해 69만원상당 뷰티디바이스 쿼드쎄라도 받을 수 있다고 해요!... ,치과위생사엄마 DIY.살림.육아 꿀팁저장소♥?♥?,blog.naver.com/kmccall,20251013
이너뷰티 100,<b>이너뷰티</b> 효과 기대했던 것보다 더 많은 변화가 생겨,https://blog.naver.com/arisui/224020453506,<b>이너뷰티</b> 효과 좋다는 것을 알게 되며 관리하기로 결심하게 되었답니다. 어떤 방법이 존재하는지... <b>이너뷰티</b> 효과 등 제가 지금 어떤 걸 챙겨야 하는지 관심을 가지고 열심히 알아보기 시작했답니다. 생각보다... ,핑크훅의 신나는 라이프,blog.naver.com/arisui,20250924
이너뷰티 100,리포좀 비타민C 글루타치온 순수250 유케어핏 <b>이너뷰티</b> 챙기기,https://blog.naver.com/jiyea_junjin/224043357807,"뷰블 하면서 생긴 좋은 습관이 바로 <b>이너뷰티</b> 챙기기인거 같습니다. 원래는 화장품, 운동 위주로만 나를 가꾸다가, <b>이너뷰티</b>라는 걸 처음 알게되어 천천히 공부하다보니 여자라면 노화가 진행될 수록... ","햅삐한, hipzzi 라이프",blog.naver.com/jiyea_junjin,20251016
이너뷰티 100,"붓기 빼는법 <b>이너뷰티</b> 캔디, 니아르 브이케어 파인애플맛... ",https://blog.naver.com/486xhxh/223999526413,"&quot;붓기 빼는법 <b>이너뷰티</b> 캔디, 니아르 브이케어 파인애플맛 아이돌 관리템&quot; 안녕하세요! 쥔이입니다... 소개된 <b>이너뷰티</b> 제품이라고 해서 관심이 갔는데요 평소 신경 쓰이던 부분이라 꾸준히 챙기면 좋을 것 좋을... ",쥔이로그 : 뷰티&패션&팝업,blog.naver.com/486xhxh,20250908
이너뷰티 100,"현직 의사, 약사가 공동개발한 <b>이너뷰티</b> 뉴벨라 순도 98... ",https://blog.naver.com/tjddk8860/224042745708,"그래서 <b>이너뷰티</b>로 챙겨보려 뉴벨라의 리포좀 글루타치온을 섭취해보기로 했답니다! 이 브랜드는... 먹는 <b>이너뷰티</b>가 아닌, 건강까지 챙기는 제품이니까요~ 원재료부터 제조, 가공, 보존, 유통 단계까지... ",셔아 station,blog.naver.com/tjddk8860,20251016
이너뷰티 100,자보티바 효과 브라질포도 성분이 들어간 <b>이너뷰티</b> 후기,https://blog.naver.com/jasonmoondistri/224039784189,"즉, 자보티바는 단순히 체중만 줄이는 것이 아니라, <b>이너뷰티</b>까지 함께 관리해주는 안에서부터... 아닌 <b>이너뷰티</b> 솔루션임을 실감했습니다. 중년 여성에게 자보티바가 꼭 필요한 이유 갱년기 이후에는... ","꾸준한 한걸음, 오늘보다 나은 내일을 기대합니다.",blog.naver.com/jasonmoondistri,20251013
이너뷰티 100,많은 음식 속부터 탄탄하게! 현명한 <b>이너뷰티</b> 가이드 대공개!,https://blog.naver.com/miracle0317/224040074873,"디티팜 뷰티리얼콜라겐 5000, 내 <b>이너뷰티</b>의 진짜 정착템! 시중엔 정말 다양한 콜라겐 제품이 많죠. 그중에서 제가 왜 뷰티리얼콜라겐에 정착했는지 솔직하게 말씀드려볼게요. 3-1. 우리 몸에 더 잘 맞는 ‘소... ",Feel so good,blog.naver.com/miracle0317,20251018
이너뷰티 100,가을 저분자콜라겐 효능 <b>이너뷰티</b> 템,https://blog.naver.com/goodjoyful/224049344504,게다가 요즘 탄력도 떨어지는 것 같아 고민이 되서 이것저것 알아보다보니 바르는 걸로 안 될 때에는 '<b>이너뷰티</b>' 를 해주라는 말이 있더라구요. 특히 30대 이상 여성분들이라면 '<b>이너뷰티</b>' 의 중요성을 실감할... ,안탈리아 건강멘토 ??,blog.naver.com/goodjoyful,20251022
이너뷰티 100,리쥬란 이너닷 젤리 f-PDRN <b>이너뷰티</b> 챙긴 후기,https://blog.naver.com/pppmh0827/224029264344,홈케어도 하지만 바쁠 때는 빼먹을 때가 많다 보니 이젠 피부에 좋다는 <b>이너뷰티</b>도 챙기게 되더라고요. 그런 저에게 리쥬란 이너닷 젤리에는 딱 피부에 좋다고 하는 성분들이 가득 들어있는 거 같아 맘에... ,뷰티패션 블로거 샤샤의 하루♥,blog.naver.com/pppmh0827,20251002
이너뷰티 100,올리브영 추천템 바이탈뷰티 <b>이너뷰티</b> 3종 2주 섭취후기,https://blog.naver.com/qmfosej/224044979335,ㅋㅋㅋㅋㅋ 게다가 바이탈뷰티 제품은 그냥 <b>이너뷰티</b> 제품과는 다르게! 그날 컨디션에 따라 케어하기도 좋아서 더 제대로 '속'부터 관리하기 좋았거든요 매일매일 기초 케어 전 챙겨주니 슈퍼루틴은 이제... ,뷰티 데일리 @이람님,blog.naver.com/qmfosej,20251017
이너뷰티 100,비타민B5 판토텐산 트러블 피부가 챙기는 <b>이너뷰티</b>,https://blog.naver.com/jiinn0126/224043863435,제가 최근에 운동하면서 트레이너님이 잠시 바뀌었던 이슈가 있었는데 그 선생님이 마침 저와 비슷한... 이 피지를 덜 만들 수 있도록 유분기 덜어주는 성분이니 제가 꼭 챙겨야 할 그런 <b>이너뷰티</b>라고 볼 수... ,본격 덕밍아웃 공간,blog.naver.com/jiinn0126,20251017
이너뷰티 100,"올리브영 <b>이너뷰티</b> 에사비 추천, 비비랩 먹는 콜라겐",https://blog.naver.com/doo-bu/223945285190,"요즘따라 하루에 생기가 없다는 느낌이 들어서 생기 가득한 하루를 위해 결국 <b>이너뷰티</b> 루틴을 다시... 그럼 어떠한 <b>이너뷰티</b>인지, 소개차 #먹는콜라겐추천 을 후기로 한번 쭉 적어볼게요. 비비랩 저분자... ",모또 메이크업 배우기,blog.naver.com/doo-bu,20250724
이너뷰티 100,리쥬란 이너닷 젤리 와디즈 1위 <b>이너뷰티</b> 먹는 콜라겐 추천,https://blog.naver.com/invu1657/224041092260,"그 중 하나가 바로 먹는 #콜라겐추천 와디즈 1위* <b>이너뷰티</b>템 #리쥬란 #이너닷젤리 후기가 좋길래 저도 먹어보고 있는데 성분도 믿을 수 있고, 맛있기까지해서 저의 스킨케어 루틴에 함께 하고 있답니다.... ",낭만소녀의 워너비걸즈,blog.naver.com/invu1657,20251014
이너뷰티 100,리쥬란 <b>이너뷰티</b> 이너닷 젤리 먹는 콜라겐 추천,https://blog.naver.com/s_eun2/224030167627,안녕하세요 뷰티 인플루언서 으니쮸에요. tmi지만.. 저희 엄마가 먹는 콜라겐을 예전부터 정말... 리쥬란의 <b>이너뷰티</b> 이너닷 젤리로 선택했어요. 패키지도 리쥬란 브랜드 느낌 팍팍..ㅎㅎ 컬러감이 너무... ,으니쮸로그,blog.naver.com/s_eun2,20251002
이너뷰티 100,리포좀비타민C까지 한 번에! <b>이너뷰티</b>영양제 선택 가이드,https://blog.naver.com/sp6402/224038697835,오늘은 똑똑하게 건강을 챙기고 싶은 분들을 위해 <b>이너뷰티</b>의 선택 기준을 완전히 바꿔줄 제품을... 프리미엄 <b>이너 뷰티</b>를 실현합니다. 목적성 있는 핵심 부원료 4중 영양 설계 성분 간의 균형을 고려한... ,진심 가득한 한가닥의 리뷰나라,blog.naver.com/sp6402,20251012
이너뷰티 100,리탱글 나의 <b>이너뷰티</b> 루틴 콜라겐 젤리 추천 상콤해!,https://blog.naver.com/ltellmel/224020464404,설계하는 <b>이너뷰티</b> 템이라 요고요고 놓칠 수 없었다는거! 바로 리탱글 콜라겐 젤리로 요고요고 쓴맛 하나도 없이 상콤하고 달콤해서 간식처럼 챙기기에도 딱이라는거! 요즘 제가 꼭 챙기는 <b>이너뷰티</b> 템이라는거... ,히슈의 홀리데이♩,blog.naver.com/ltellmel,20250924
이너뷰티 100,"<b>이너뷰티</b> 먹는 콜라겐, PDRN 피부탄력 재생 관리 방법",https://blog.naver.com/jiyea_junjin/223925088787,그러다보니 피부탄력 재생 관리방법으로 피부과 가거나 뷰티디바이스 기기로 관리하는 일상 생활 속에서 꼭 챙겨줘야하는 뷰티 추천템으로 먹는 콜라겐 이나 <b>이너뷰티</b>를 생각하지 않을 수가 없었어요.... ,"햅삐한, hipzzi 라이프",blog.naver.com/jiyea_junjin,20250707
이너뷰티 100,순수250 | 리포좀비타민C까지 담은 고함량 <b>이너뷰티</b>,https://blog.naver.com/godud10/224043275214,"요즘엔 단순히 화장품을 바르는 것보다 먹는 <b>이너뷰티</b>가 중요함이 강조되고 있는데요, 저도 요즘... 도와 <b>이너뷰티</b> 효과를 극대화 시켜준답니다 (*제품에 대한 설명이 아닌 원료에 대한 설명) 또한, 피부... ",현기증나니까 빨리요,blog.naver.com/godud10,20251016
이너뷰티 100,올인원 피부 비타민 바이브젠 바이탈 스킨샷 <b>이너뷰티</b> 관리템,https://blog.naver.com/tjddk8860/224001925184,"이젠 <b>이너뷰티</b>의 도움을 확실하게 받고 싶다 하시는 분들께 추천 드리는 올인원 피부 비타민, 바이브젠 바이탈 스킨샷! 바이브젠은 이미 <b>이너뷰티</b> 업계에도 인지도가 꽤 있는 브랜드에요 단순히 유행 성분만... ",셔아 station,blog.naver.com/tjddk8860,20250910
이너뷰티 100,"리쥬란 이너닷 젤리, 와디즈 1위 <b>이너뷰티</b>로 채우는 피부 활력",https://blog.naver.com/tan27/224041386501,리쥬란 rejuran 이너닷 디엔에이 글로우 젤리로 시작하는 속부터 차오르는 광채 요즘 아침에 일어나면... 말 그대로 피부 속을 위한 프리미엄 뷰티 신소재를 꾹 눌러 담은 <b>이너뷰티</b> 젤리! 게다가 피부 진피층의... ,뷰티&패션 박나니,blog.naver.com/tan27,20251014
이너뷰티 100,"웨딩촬영 전 예비신부의 <b>이너뷰티</b> 루틴, 리쥬란 이너닷 젤리 후기",https://blog.naver.com/hwanghwoo/224041067563,안녕하세요~ 뷰티블로거 귀톨이입니다. 요즘 제 일상은 ‘웨딩’으로 가득해요. 결혼식이 얼마 남지... #리쥬란 #이너닷젤리 #리쥬란이너닷디엔에이글로우젤리 #<b>이너뷰티</b> #저분자콜라겐 #콜라겐추천 #rejuran... ,뷰티패션블로거 귀톨이,blog.naver.com/hwanghwoo,20251014
이너뷰티 100,신제품 바이탈뷰티 슈퍼콜라겐 케라핏 <b>이너뷰티</b> 입문템 후기,https://blog.naver.com/pppmh0827/223970072970,올리브영 추천템 신제품 바이탈뷰티 슈퍼콜라겐 케라핏 <b>이너뷰티</b> 입문템 후기 요즘 어떻게 먹느냐에 따라 달라지는 걸 몸으로 느끼고 있는지라 바빠도 끼니를 거르지 않으려고 노력하고 건조해서 마시는 물... ,뷰티패션 블로거 샤샤의 하루♥,blog.naver.com/pppmh0827,20250819
이너뷰티 100,브루젠 <b>이너뷰티</b> 커피 콜드브루로 챙기는 콜라겐,https://blog.naver.com/sky52640/224004872522,브루젠 <b>이너뷰티</b> 커피 콜드브루로 챙기는 콜라겐 저에게 커피는 단순한 음료가 아니라 하루의 시작과... 브루젠 <b>이너뷰티</b> 커피를 직접 마셔 본 후기를 포스팅으로 들고 와봤어요 ??_?? 평소에도... ,꽃보다케이양 달콤한인생,blog.naver.com/sky52640,20250912
이너뷰티 100,붓기케어 인플루언서캔디로 <b>이너뷰티</b> 챙기기 엘리즈 리즈캔디,https://blog.naver.com/alicec__/224021782684,"“리즈 시절”이라는 말처럼, 가장 빛나던 그때의 나를 다시 만나게 도와주는 <b>이너뷰티</b>템이라고 해서 바로 관심이 갔어요. 붓기케어 인플루언서캔디로 <b>이너뷰티</b> 챙기기 엘리즈 리즈캔디 1. 붓기케어... ",마녀의 은밀한 연구실,blog.naver.com/alicec__,20250925
이너뷰티 100,저분자콜라겐 추천 리쥬란 이너닷 젤리 <b>이너뷰티</b>,https://blog.naver.com/qmfosej/224043213683,"피부 강자 리쥬란의 첫 <b>이너뷰티</b>템 앰플로 워낙 유명한 리쥬란에서 처음 선보이는 <b>이너뷰티</b> 제품이 바로 이 이너닷 젤리랍니다 특히 핵심 성분이 f-PDRN인데, 이게 그냥 PDRN이 아니라 섭취할 수 있도록 연구된... ",뷰티 데일리 @이람님,blog.naver.com/qmfosej,20251016
이너뷰티 100,해외여행 <b>이너뷰티</b> 영양제 아미노트리 더블케어 마시는... ,https://blog.naver.com/i1214/224030969937,함께 건강한 피부를 지켜주세요~ #<b>이너뷰티</b>영양제 #더블케어마시는히알루론산 #더블케어 #속건조영양제 #자외선영양제 #마시는히알루론산 #아미노트리 #여행필수템 #여행뷰티 #해외여행준비물 #해외여행<b>이너뷰티</b>,올리와 함께 여행올리??,blog.naver.com/i1214,20251003
이너뷰티 100,"추천, 올리브영에서 챙기는 <b>이너뷰티</b> 루틴 이너비 글로우앰플",https://blog.naver.com/hiloha/224030617254,"주는 이너비 글로우앰플입니다. 요즘 제가 선선해지는 가을맞이 <b>이너뷰티</b>로 챙겨 먹고 있는 먹는 콜라겐인데, 이전 먹었던 젤리형 콜라겐보다 먹기가 수월해서 제 마음에 쏙 드는 뷰티템이에요. 한 손에... ",꿀잼꿀팸,blog.naver.com/hiloha,20251003
이너뷰티 100,피부장벽 강화 요거트볼 레시피로 <b>이너뷰티</b> 챙기기,https://blog.naver.com/lahol_lahol/224020120877,"재료는 위의 링크를 통해 바로 확인하실 수 있습니다. 맛과 건강을 동시에 챙기는 진짜 <b>이너뷰티</b>, 오늘부터 시작해 보세요. 오늘도 자신을 위해서 사세요 #피부장벽 #<b>이너뷰티</b> #요거트볼레시피 #피부관리 #홈카페",피부과 시술보다 중요한 '진짜' 이너뷰티,blog.naver.com/lahol_lahol,20250924
이너뷰티 100,<b>이너뷰티</b> 관리의 시작 프롬바이오 디어퀸 리포좀 올리브영... ,https://blog.naver.com/dltmdrmsl/224023451144,안녕하세요 슴그미입니다 :) 나이가 들수록 <b>이너뷰티</b>에 대한 관심이 나날이 커지고 있어요. 아무래도 스킨케어만으로 어릴 때와 같은 맑은 피부로 가꾸는게 쉽지 않으니 <b>이너뷰티</b>라도 관리를 해보자 싶은 마음..... ,슴그미의 새로고침,blog.naver.com/dltmdrmsl,20250927
이너뷰티 100,아르기닌효능 <b>이너뷰티</b> 아르기닌여자,https://blog.naver.com/wkdwndus1454/223941785301,또한 <b>이너뷰티</b>를 책임지는 글루타치온까지도 함꼐 들어가있는데요 글루타치온은 3개의 아미노산인... 그렇기에 요즘 여성분들이 <b>이너뷰티</b>를 위해서 꼬옥 챙겨드시는 편인데 요 아르기닌 화이트 3x안에 모두... ,코코볼라이프,blog.naver.com/wkdwndus1454,20250722
이너뷰티 100,네고왕 클렌즈주스왕 달심 그린클렌즈주스 <b>이너뷰티</b> 루틴 완성,https://blog.naver.com/jaera1990/224020886242,시작한 <b>이너뷰티</b> 브랜드예요. 이름에 깃든 뜻이 참 예쁜데요. 달에게 아내의 건강을 빌던 마음에서 유래했다고 합니다. 그런 대표님의 철학 덕분인지 달심에서는 여성 건강을 위한 <b>이너뷰티</b> 제품군이 꽤... ,취미: 블로그,blog.naver.com/jaera1990,20250925
이너뷰티 100,먹는 f-PDRN 저분자 콜라겐 추천 리쥬란 이너닷 젤리 <b>이너뷰티</b>,https://blog.naver.com/tjddk8860/224041651634,"리쥬란 이너닷 젤리가 기능적인 부분은 확실히 좋다는 걸 알았으니 이제 중요한 건 맛! 사실 제가 요즘 영양제를 열심히 챙겨먹느라 <b>이너뷰티</b>는 약간 추가해서 선택적으로, 유동적으로ㅋㅋㅋㅋㅋ 챙기고... ",셔아 station,blog.naver.com/tjddk8860,20251015
이너뷰티 100,<b>이너뷰티</b> 영양제 추천 리포좀 비타민C 유케어핏 리포좀... ,https://blog.naver.com/ii__pu/224038519063,<b>이너뷰티</b> 영양제 추천 리포좀 비타민C 유케어핏 리포좀 글루타치온 순수 250. 안녕하세요! 저는 요즘 들어 <b>이너뷰티</b>에 진심이라서 매일 챙겨 먹을 <b>이너뷰티</b> 영양제를 정말 깐깐하게 알아봤는데요. 정말... ,B l u e N o t e,blog.naver.com/ii__pu,20251013
이너뷰티 100,아르기닌여자 <b>이너뷰티</b>부터 꼼꼼하게 챙기는 법 추천,https://blog.naver.com/mama3484/223949621841,"근데 특히 제가 심한 것 같아 알아보니 다들 <b>이너뷰티</b>를 잘 챙기고 계시더라고요..? 비타민부터 콜라겐... 오늘은 제가 직접 챙기고 있는 아르기닌 성분에 대한 이야기부터, 어떻게 쉽게 <b>이너뷰티</b> 루틴에 녹여낼... ",우리집 리뷰일기,blog.naver.com/mama3484,20250728
이너뷰티 100,"환절기 피부 관리 필수템 간편한 <b>이너뷰티</b> 루틴, 에버콜라겐... ",https://blog.naver.com/pm3439/224034211289,위해 <b>이너</b>제품들을 다양하게 섭취하고 있는데요 그 중에서 요즘 꾸준히 섭취 중인 뉴트리 에버콜라겐 타임레티놀A를 소개해드릴게요 요즘 <b>뷰티</b> 제품이 좋은 게 많지만 먹기 어려우면 손이 안 가는데 뉴트리... ,ARaShi00,blog.naver.com/pm3439,20251007
이너뷰티 100,<b>이너뷰티</b> 오니스트 트리플샤인 탱글한 미백젤리 추석선물 추천,https://blog.naver.com/pppmh0827/224014708928,올해는 <b>이너뷰티</b> 아이템을 챙기려고 노력하고 있어요. 그중에서도 여름내 피부가 어둡고 칙칙해져서... 올리브영 건강식품 카테고리에서도 인기 많은 <b>이너뷰티</b>로 출시 이후 누적 300만포 판매를 돌파했다더니... ,뷰티패션 블로거 샤샤의 하루♥,blog.naver.com/pppmh0827,20250919
이너뷰티 100,먹는콜라겐 이너비 글로우앰플 가을철 올리브영 <b>이너뷰티</b> 추천,https://blog.naver.com/goodse7/224029379985,뷰티인플루언서 롬이입니다 :) 환절기가 되니까 여름이랑은 또 다른 고민이 생기더라고요. 그래서... 이너비 글로우앰플은 올리브영 <b>이너뷰티</b>템으로 쉽게 구매할 수 있답니다. 시중에 다양한 제품들... ,RomE's Beauty Log,blog.naver.com/goodse7,20251002
이너뷰티 100,네이버 넾다세일 콜라겐추천! 먹는 콜라겐으로 <b>이너뷰티</b> 시작!,https://blog.naver.com/sssord12/224043669623,"<b>이너뷰티</b> 정착템, 비비랩 저분자콜라겐으로 매일 루틴 완성!' 안녕하세요, 뷰티 인플루언서 소르디예요:) 요즘 날씨가 제법 쌀쌀해져서 그런가 환절기라 하루의 생기가 부족하다는 느낌이 들더라고요, 그래서... ",Ssor:D_blog,blog.naver.com/sssord12,20251016
이너뷰티 100,아르기닌여자 추천 활력 <b>이너뷰티</b> 같이 챙기는 석류콜라겐,https://blog.naver.com/ping911/223942045744,"활력과 <b>이너뷰티</b> 관리해 보려구요 활력 충전 생기 충전 익스트림 아르기닌 화이트 3X 익스트림은... 함유해 <b>이너뷰티</b>를 같이 챙길 수 있어 좋더라구요 섭취방법 1일 1회, 1회 1포를 섭취하십시오. 기상 직후... ",♡ 행복백양 ♡,blog.naver.com/ping911,20250722
이너뷰티 100,레티놀 워터 2주 효과 솔직 후기 내돈내산 공구템으로 <b>이너뷰티</b>... ,https://blog.naver.com/hujeb119/224046264397,요즘 유튜브에서도 자주 보이고 뷰티업계에서는 이걸 모르는 사람이 없다고 하더라구요? 바로 '레티놀 워터'죠~ 이건 바르는 <b>이너뷰티</b> 계열로 화장품의 뒤를 잇는 핫제품인데 인플루언서들도 많이 애용한다고... ,"따스한 감성 한잔, 추억 한 모금",blog.naver.com/hujeb119,20251019
이너뷰티 100,seer 씨어 시어 모이스처 글로우워터 피부미백 <b>이너뷰티</b> 추천... ,https://blog.naver.com/chungkhouse/223995419531,"관리에서 답이 나온다는 말, 직접 실감할 수 있었습니다. 오늘도 맑고 생기 있는 하루 보내시길 바랍니다. #시어모이스처글로우워터 #피부미백 #<b>이너뷰티</b>추천 #피에스트로 #피부건강기능식품 #뷰티 #글로우워터",청케 HOUSE,blog.naver.com/chungkhouse,20250904
이너뷰티 100,올리브영 이너비 글로우앰플 고함량 먹는 콜라겐 추천 <b>이너뷰티</b>,https://blog.naver.com/suyako/224030056563,패션 /뷰티 인플루언서 &quot; 호갱님안나B &quot; #CJ웰케어 #이너비 #글로우앰플 #고함량콜라겐 #콜라겐추천 #먹는콜라겐 #<b>이너뷰티</b> #올리브영 #올리브영앰플 #올리브영추천템 #바이오코어 #피부면역유산균,이기적인 호갱님의 화장대'-'♡인간화장품테스터,blog.naver.com/suyako,20251002
이너뷰티 100,"아미노산 <b>이너뷰티</b>, 누트라코스 데일리아미노샷&amp;엑셀러레이터",https://blog.naver.com/moon_i20/224015994572,누트라코스(nutrakos) 데일리아미노샷&amp;엑셀러레이터 데일리아미노샷 : 15ml X 30포 엑셀러레이터 : 10포 요즘엔 부쩍 <b>이너뷰티</b>에도 많은 관심을 갖고 있다. 아미노산 <b>이너뷰티</b>를 마시고 싶어 찾다가 알게 된... ,달로그,blog.naver.com/moon_i20,20250921
이너뷰티 100,더블케어 마시는 히알루론산 <b>이너뷰티</b>영양제 피부보습,https://blog.naver.com/llllllooolll/223946918385,"AMINOTREE 더블케어 마시는 히알루론산 <b>이너뷰티</b>영양제 촉촉 피부보습! 글, 사진 ⓒ 진아 매일 일어나면... 헤스케어 전문 브랜드 아미노트리에서 피부 보습과 자외선 케어 기능 동시에 갖춘 <b>이너뷰티</b>영양제가... ",스윗블로그 슈가♥허니!,blog.naver.com/llllllooolll,20250725
이너뷰티 100,추천템 먹는시카 신제품 바이탈뷰티 슈퍼시카 B5 <b>이너뷰티</b> 후기,https://blog.naver.com/qmfosej/223971367246,아모레퍼시픽 <b>이너뷰티</b> 브랜드 바이탈뷰티에서 이번에 새롭게 출시한 시카 비타민인데요! 민감 맞춤 포뮬러로 속부터 진정시켜 매일 반복되는 민감함을 편안하게 케어하는 잇템이었답니다 화장품 바르기 전에... ,뷰티 데일리 @이람님,blog.naver.com/qmfosej,20250815
이너뷰티 100,NMN 영양제 추천 <b>이너뷰티</b> 섭취 방법,https://blog.naver.com/jasonmoondistri/224047574884,"NMN 영양제 추천 <b>이너뷰티</b> 섭취 방법 NMN 영양제 추천 <b>이너뷰티</b> 섭취 방법 NMN 영양제 추천 <b>이너뷰티</b> 섭취 방법 NMN 영양제 추천 <b>이너뷰티</b> 섭취 방법 나이가 어느덧 30대 중반이 되다 보니, 예전에는 전혀 없던 몸의... ","꾸준한 한걸음, 오늘보다 나은 내일을 기대합니다.",blog.naver.com/jasonmoondistri,20251020
이너뷰티 100,피부관리템 속광스틱 <b>이너뷰티</b> 스킨마스터 피에스트로,https://blog.naver.com/dhfdoswl/224042728867,피부관리템 속광스틱 <b>이너뷰티</b> 스킨마스터 피에스트로 안녕하세요 최여름입니다 환절기 건조해지는 날씨에 피부가 또 다시 정신을 못차리고 있어요. 그럴때 피부에 바르는 화장품 뿐만이 아니라 <b>이너뷰티</b>로... ,최여름,blog.naver.com/dhfdoswl,20251016
이너뷰티 100,"아름다움의 근본, <b>이너 뷰티</b> 관리법",https://blog.naver.com/hanscos7/224043149064,이루어지는 <b>이너 뷰티</b> 사실 동안 미모라 함은 본래 나이보다 어려 보이는 것을 말하잖아요~ 장기적으로... 그래서 <b>이너 뷰티</b>를 실천하는 게 빠르면 빠를수록 좋아요. 비록 사소해 보일 수 있는 것들이지만 오래... ,한스코스,blog.naver.com/hanscos7,20251019
이너뷰티 100,"네이버 넾다세일' 올 가을 나만의 <b>이너뷰티</b> 루틴, 저분자... ",https://blog.naver.com/pdmho92/224043746356,"부드럽게 녹는 세븐베리 맛, 올 가을 나만의 <b>이너뷰티</b> 루틴 콜라겐추천 가을이면 꼭 시작하는 나만의 <b>이너뷰티</b> 루틴..! 계절이 바뀔 때마다 컨디션이 떨어지는 건 저만 그런 거 아니죠..? 그래서 요즘은 외적인... ","살림에 감성비, 가성비를 더하다",blog.naver.com/pdmho92,20251016
이너뷰티 100,지예은 아르기닌 화이트 3x 복용후기! 활력+<b>이너뷰티</b>를 한 번에,https://blog.naver.com/tasha81/224015307681,"예전보다 체력이 빨리 방전되고, 피곤함도 더 크게 느껴지더라고요 그래서 요즘은 <b>이너뷰티</b> 제품을... 가방 이너백에 한포씩 매일 챙겨가는데요! 몇 개 더 챙겨 가니 챙겨간 걸 한 번에 다 먹어버리는 제... ",블링블링마이유,blog.naver.com/tasha81,20250922
이너뷰티 100,<b>이너뷰티</b> 루아센시아 글루타치온 필름 피부관리템 추천,https://blog.naver.com/nb98269/223994951972,"안녕하세요 뷰티 인플루언서 빼켠입니다. <b>이너뷰티</b> 챙기려고 유산균, 콜라겐은 챙겨먹는데 정작 글루타치온은 잊고 있었더라고요? 이번에 루아센시아 글루타치온을 피부관리템 추천받으면서 챙겨먹고... ",뷰티 패션 인플루언서 빼켠,blog.naver.com/nb98269,20250904
이너뷰티 100,코나피딜 메가실리엄 효과 3kg 뺀 후기 <b>이너뷰티</b> 루틴 추천,https://blog.naver.com/newze_/223975949946,"보호, 이너 밸런스 유지에 도움 · 키위 과즙분말 : 뉴질랜드 제스프리 그린 키위 과즙 분말 ACTINIDIN... 있는 <b>이너뷰티</b> 템이에요. 제가 이거 먹고 나서 가장 만족스러웠던 건 장 활동이 규칙적이 되었다는 거...!!... ",NEWZE's AGIT,blog.naver.com/newze_,20250819
이너뷰티 100,로즈퀸 먹는장미오일 <b>이너뷰티</b>의 시작,https://blog.naver.com/wodk13/224011288072,"제가 요즘 꾸준히 챙기고 있는 <b>이너뷰티</b> 아이템, '로즈퀸의 먹는장미오일'을 소개해드리려고 해요. 진짜 빛나는 피부는 속부터 관리해야 하잖아요~ 그래서 요즘은 '<b>이너뷰티</b>'가 정말 필수라는 생각이 들어요... ",스마트 라이프의 모든것,blog.naver.com/wodk13,20250917
이너뷰티 100,스킨마스터 피에스트로 미백관리 <b>이너뷰티</b>,https://blog.naver.com/dailydessert/224044978191,함유된 #<b>이너뷰티</b> 식품이에요 피에스트로는 피부진피층에 있는 콜라겐과 히알루론산 유전자를 활성화시키는 물질이에요 (본 내용은 제품과 관련 없는 건강 정보입니다) 급격하게 기온이 떨어지고 날씨가... ,후추 커플의 결혼 준비♥,blog.naver.com/dailydessert,20251017
이너뷰티 100,"<b>이너뷰티</b> 장 건강, 피부건강을 잡을 수 있는 코나피딜 메가실리엄",https://blog.naver.com/jungjmi531/224035039576,"이럴때는 겉만 관리를 하는 것이 아니라 속부터 다스리는 <b>이너뷰티</b>를 해야 한다는 말을 듣고, 코나피딜... 정리하자면, 속을 비우고 → 채우고 → 건강하게 가꾸는 <b>이너뷰티</b> 루틴이 메가실리엄 한 포 안에 다... ",퐁퐁만두,blog.naver.com/jungjmi531,20251008
이너뷰티 100,하루한포 마시는 <b>이너뷰티</b> 그래바이오 내몸N파이토,https://blog.naver.com/yojikung/224034495968,맞는 <b>이너뷰티</b>로 건강을 챙기고 있어요 한포로 산뜻하고 가벼운 하루가 되도록 도와주는 그래바이오... 누구나 맛있게 간편히 하루한폰 마시는 <b>이너뷰티</b> 간편하게 마시면서 건강히 기분좋은 하루를 보내보세요!,여기저기 양파네,blog.naver.com/yojikung,20251008
이너뷰티 100,피부 <b>이너뷰티</b> 리탱글 콜라겐젤리 맛있게 먹는 콜라겐 추천!,https://blog.naver.com/qmfosej/224017332745,한동안 <b>이너뷰티</b> 제품을 챙기지 않곤 했었는데요 이번에 골라본 리탱글 콜라겐젤리는 우선 맛부터가 있어서 꾸준히 챙기게 되더라고요..? 피부 <b>이너뷰티</b>는 물론이고 건강 루틴까지 챙겨줄 수 있는 제품이라... ,뷰티 데일리 @이람님,blog.naver.com/qmfosej,20250922
이너뷰티 100,브루젠 <b>이너뷰티</b> 디카페인 콜라겐 커피 직장동료 집들이 선물... ,https://blog.naver.com/kaze_92/224006350977,브루젠 <b>이너뷰티</b> 커피 2종 제가 요즘 마시고 있는 커피를 추천드릴게요. 바로 브루젠 <b>이너뷰티</b> 커피! <b>이너뷰티</b> 커피와 <b>이너뷰티</b> 디카페인 커피 2종이 있고요. 커피 속에 저분자피쉬콜라겐이 들어있는... ,찬란한우아의 맛있는 집밥 이야기,blog.naver.com/kaze_92,20250913
이너뷰티 100,네이버 넾다세일 먹는콜라겐추천 하루 한 포 <b>이너뷰티</b> 비비랩... ,https://blog.naver.com/rinto0916/224043799037,포로 <b>이너뷰티</b> 완성! 비비랩 저분자콜라겐S 요즘 중요한 건 속 관리! 환절기라서 건조해진 날씨 때문에 하루에 생기도 필요한 것 같아 더 중요하게 챙기는건 <b>이너뷰티</b>인 것 같아요. 그래서... ,♥아이린토 다락방♥,blog.naver.com/rinto0916,20251017
이너뷰티 100,뉴벨라 리포좀 글루타치온으로 <b>이너뷰티</b>하고 있어요.,https://blog.naver.com/gojmsj/224021341436,<b>이너뷰티</b>에 관심이 진심인 글람이 직접 먹어보고 체험하고 쓰는 포스팅입니다! 뉴벨라 리포좀 글루타치온으로 <b>이너뷰티</b>하고 있어요. 안녕하세요. 글람이예요 :) <b>이너뷰티</b>에 관심이 많은 저는 평소에도 새로운... ,글람,blog.naver.com/gojmsj,20250925
이너뷰티 100,"저분자 석류콜라겐젤리 추천, 헬시플레이스로 맛있게 <b>이너뷰티</b>... ",https://blog.naver.com/dahamida/223966578487,대개의 콜라겐 제품은 비리거나 맛이 없어서 <b>이너뷰티</b>를 챙기고 싶어도 피하기 일쑤다. 하지만... 콜라겐과 에스트로겐을 동시에 챙길 수 있는 <b>이너뷰티</b>템! 올리브영 1위 <b>이너뷰티</b> 브랜드 헬시플레이스의... ,문화 소믈리에,blog.naver.com/dahamida,20250811
이너뷰티 100,매실 애사비 플로우<b>이너뷰티</b> 다이어트 애사비,https://blog.naver.com/oun0422/224025757147,"혈당 조절은 기본 + 체지방 감소 (저온 발효 자몽) + 소화와 변비 개선 (저온 발효 매실) 플로우<b>이너뷰티</b>... 다이어트 <b>이너뷰티</b>에 도움을 받고 있는 매실 애사비입니다. 매실은 속을 편안하게 하며, 특히 여름에... ",평안한 삶,blog.naver.com/oun0422,20250929
이너뷰티 100,먹는 자외선차단제 서퍼데이 스노우로 <b>이너뷰티</b> 관리,https://blog.naver.com/pj3547/224049707504,"연애인들도 관리할때 늘 몸속부터 채워주는 <b>이너뷰티</b>의 중요성을 강조하더라구요 연옌만큼은... 채워주는 <b>이너뷰티</b>에 눈을 돌리게 된 것도 그래서입니다. 여러 제품을 알아보던 중, 자외선 저항성 증가에... ",먹잘알 사장언니,blog.naver.com/pj3547,20251022
이너뷰티 100,레몬즙원액 웰리너스 올리브오일레몬샷 <b>이너뷰티</b> 후기,https://blog.naver.com/bangsil47/224025943576,먹는 <b>이너뷰티</b>가 유행이에요. 레몬즙효능과 염증 예방에 좋다고 하는데 실제로 이렇게 먹고 피부가... 미네랄소금물도 급부상인데 그만큼 요새 <b>이너뷰티</b>에 관심이 생겼어요 소비기한이 2027년으로 넉넉하고... ,방실로그,blog.naver.com/bangsil47,20250929
이너뷰티 100,대한항공 기내면세 추천 <b>이너뷰티</b> 오니스트 트리플샤인 미백젤리,https://blog.naver.com/s_eun2/224046646908,안녕하세요 뷰티 인플루언서 으니쮸에요. 평소에 피부 미백에 관심이 정말 많은 제가 몇달 전부터 꾸준히 챙겨먹고 있는 <b>이너뷰티</b> 바로 오니스트 트리플샤인 미백젤리 소개해드리려고 가지고 왔어요.... ,으니쮸로그,blog.naver.com/s_eun2,20251019
이너뷰티 100,붓기캔디 <b>이너뷰티</b>를 위해 먹는 브이캔디 파인애플맛,https://blog.naver.com/perfect62/224007629521,"붓기캔디 꾸준히 먹고 내 붓기 제대로 내가 관리할것이다,,,, <b>이너뷰티</b> 이너피스 버스 타고 출근길이나 퇴근길에도 붓기캔디 한정씩 ㅎㅎ 기분좋은 아침의 하루 내 붓기 절대 비켜 ! 슬로우리즘 브이캔디 붓기캔디",헤이션,blog.naver.com/perfect62,20250914
이너뷰티 100,먹는 히알루론산 <b>이너뷰티</b> 티퍼런스 히알루론 콤부차 추천,https://blog.naver.com/lds9525/223922891791,"먹는 히알루론산 <b>이너뷰티</b> 티퍼런스 히알루론 콤부차 추천 글, 사진, 영상 뷰티 인플루언서 @마이뚜 엄마가 되었어도 초딩 입맛을 갖고 있는 마이뚜는 탄산음료를 무척 좋아하는 편인데 어느순간 마냥... ",마이뚜의 안녕 뷰티 (ft. 고양이),blog.naver.com/lds9525,20250705
이너뷰티 100,<b>이너뷰티</b> 누트라코스 데일리아미노샷 &amp; 엑셀러레이터,https://blog.naver.com/jjungini34/224016238715,위한 이너제품들에 관심이 많아질 수 밖에 없는데 이탈리아에서 건너온 <b>이너뷰티</b>계의 에르메스... TIMERECOVERY #아미노산 #6AA #뷰티아미노산 #10AA_SMC #75달톤아미노산 #직장인골프대회 #누트라액티브,비서제이,blog.naver.com/jjungini34,20250921
이너뷰티 100,<b>이너뷰티</b> 글루타치온 효과 추천 핏인랩 트리플 핏 콜라겐,https://blog.naver.com/yoo100402/224039594167,않아 <b>이너뷰티</b>를 챙겨 먹어야겠더라구여 ! 신랑도 같이 챙겨먹고 있는 액상 글루타치온 효능까지 함께 챙길 수 있는 액상 타입 소개해드릴게요 #<b>이너뷰티</b> #글루타치온효과 #글루타치온효능 #글루타치온추천... ,꿀순이??,blog.naver.com/yoo100402,20251013
이너뷰티 100,아내의 이름에서 시작된 진심 시너지 케어 세트 크림+<b>이너뷰티</b>,https://blog.naver.com/treeyooon10/224043905632,"아내의 이름에서 시작된 진심 시너지 케어 세트 크림+<b>이너뷰티</b> 안녕하세요, 집순이 윤빛나예요 :) 요즘 날씨가 너무 건조해서 그런지 피부가 푸석하고, 화장도 잘 안 먹는 느낌이었어요. 그래서 이번에 피부... ",오늘도빛나는하루,blog.naver.com/treeyooon10,20251017
이너뷰티 100,<b>이너뷰티</b> 비타민C와 글루타치온500mg 화이트포르테로... ,https://blog.naver.com/tkftkf00/224005756217,<b>이너뷰티</b> 비타민C와 글루타치온500mg 화이트포르테로 관리하기 (내돈내산) 안녕하세요 ~ 요즘 아침... 될것같아요 ~ <b>이너뷰티</b> 화이트포르테 글루타치온을 섭취해야하는 이유는? 글루타치온은 우리 몸에서... ,에센셜로그 ( Essential Log),blog.naver.com/tkftkf00,20250912
이너뷰티 100,마시는 콜라겐 유명템 오니스트 트리플콜라겐 <b>이너뷰티</b>... ,https://blog.naver.com/k_159500/224014452146,그렇다면 <b>이너뷰티</b>를 위한 오니스트 트리플콜라겐 어떨까요? 마시는 콜라겐으로 유명한 제품이라서 받는 사람도 좋아하고~ 추석 선물로 <b>이너뷰티</b> 선물은 생각지도 못했을 테니까 그 센스에 놀라게 될 선물이... ,치즈초콜릿 블로그,blog.naver.com/k_159500,20250919
이너뷰티 100,네이버 넾다세일 맞이 <b>이너뷰티</b> 득템 비비랩 먹는콜라겐추천,https://blog.naver.com/lqud/224043530729,"맛있어서 매일 챙기는 먹는콜라겐, 핑크빛 <b>이너뷰티</b> 습관 찬바람이 불기 시작하면서 나타나는 여러... 특히 저는 환절기를 심하게 타는 편이라 이번엔 <b>이너뷰티</b> 케어에 제대로 투자해 보기로 마음먹었답니다.... ",영업왕 제제의 블로그,blog.naver.com/lqud,20251016
이너뷰티 100,"바이탈뷰티 슈퍼콜라겐 케라핏 효과, <b>이너뷰티</b> 입문템 솔직후기",https://blog.naver.com/siehl/224036171218,바이탈뷰티 <b>이너뷰티</b> 중에서 슈퍼레티놀이 저의 최애예요! 그리고 되게 맛있어요 ㅋㅋㅋㅋ 새콤달콤한 레몬맛인데 그냥 먹어도 맛있지만! 저는 평소에도 탄산수에 레몬즙을 타먹거든요 탄산수+얼음+레몬즙... ,다랑의 뷰티양x플레이군,blog.naver.com/siehl,20251017
이너뷰티 100,비건콜라겐 슬로우글로우 콜라겐 피치핏치 구미젤리 <b>이너뷰티</b>... ,https://blog.naver.com/nora1910/223964641916,슬로우글로우는 <b>이너뷰티</b>템을 만드는 회사에요. 그곳에서 맛있고 당류 함량도 63%나 낮춘 콜라겐 구미를... 진짜 나를 위한 <b>이너뷰티</b>구미가 아닐 수 없어요. 이 식물성 콜라겐은 유기농 히비스커스 추출물로... ,what a wonderful life~!,blog.naver.com/nora1910,20250811
이너뷰티 100,비다3 사포닉스! 프로 골프선수도 챙기는 <b>이너뷰티</b>,https://blog.naver.com/ds88cjy/224013871826,"건강한 이너케어 효과 선사! 프로골프선수 윤선정 선수가 함께하는, 비다3 사포닉스! 제대로된 <b>이너뷰티</b>로 시작하세요~ 요즘 가장 핫한 3세대 체중조절 기능성 원료 [콜레우스 포스콜리] 주성분 함유! 국내산... ",VACUNAR,blog.naver.com/ds88cjy,20250919
이너뷰티 100,큐시락토 아커만시아 뮤신유산균 <b>이너뷰티</b>로 챙기고 있어요!,https://blog.naver.com/goddnsdl89/224012103862,보니 <b>이너뷰티</b>까지 신경써야 할 때인 것 같다. 큐시락토 아커만시아 뮤신유산균 그래서 요즘 내가... 확실히 장 컨디션에 따라서 피부 컨디션도 달라지는 것 같은데 <b>이너뷰티</b>로 챙기게 되었으니 꾸준히... ,♥끄적이는나의일상들♥,blog.naver.com/goddnsdl89,20250917
이너뷰티 100,대한항공 기내면세에서 만나는 <b>이너뷰티</b> 피부미백젤리... ,https://blog.naver.com/meesoda/224040205766,"피부미백 <b>이너뷰티</b> 아이템 중 하나인데 ^-^ 10월 1일부터 대한항공 전 노선 기내면세 정식 입점을... 이미 누적 판매량이 300만 포를 돌파했고, 올리브영 건강식품 카테고리 1위까지 차지한 만큼 <b>이너뷰티</b>... ",겔뱅의 라이프스타일,blog.naver.com/meesoda,20251013
이너뷰티 100,<b>이너뷰티</b>꿀템 유케어핏 리포좀글루타치온 순수250... ,https://blog.naver.com/kamhoo/224047744118,"유케어핏 리포좀글루타치온 순수250 리포좀비타민C 인지질코팅글루타치온 <b>이너뷰티</b>영양제 <b>이너뷰티</b>에 관심이 많은분이라면, 다들 알고 계시는 글루타치온!!!!!! 시중에 판매가 되는 글루타치온이 많은데... ",정신줄 놓지 마라 아직 안 떴다,blog.naver.com/kamhoo,20251020
이너뷰티 100,뷰티 마시는 식물성 멜라토닌 콜라겐 &amp; PDRN 마시는 <b>이너뷰티</b>... ,https://blog.naver.com/seojy8353/223975115758,"탄탄 브랜드에서 <b>이너뷰티</b> 라인으로 ‘탄탄뷰티’가 새롭게 나왔어요. &quot;건강한 피부, 건강한 습관으로!&quot; 올리브영에서 만날 수 있는 탄탄뷰티는 피부 건강과 뷰티 리추얼을 돕는 원료 배합으로 뷰티... ",제이영의 뷰티패션더하기,blog.naver.com/seojy8353,20250819
이너뷰티 100,"올리브영 <b>이너뷰티</b> 추천, 먹는 리쥬글로우 PDRN 글루타치온 후기",https://blog.naver.com/wedbl/223951090469,"있는 뷰티 <b>이너뷰티</b> 제품이에요. 평소보다 푸석한 피부 컨디션이 느껴질 때, 1포로 하루를... 콜라겐 #저분자피쉬콜라겐 #<b>이너뷰티</b> #올리브영 #올리브영추천 #이너랩 #셀트리온 #셀트리온스킨큐어",친한언니의 패션&뷰티 라이프,blog.naver.com/wedbl,20250729
이너뷰티 100,<b>이너뷰티</b> 베르가못 원액! 뷰티끄랩 베르가못 슬림샷라이트스틱,https://blog.naver.com/marina_22/224016907086,뷰티끄랩 <b>이너뷰티</b>로 일상속에 건강한 습관을 만들면 좋겠죠? 1포 15g 용량의 이 제품은 물이나 탄산수에 타서 마시면 간편하게 섭취할수있는데요. 요즘 핫한 올리브유와 함께 섭취해도 효과적이고 샐러드나... ,마리나 뷰티블로그,blog.naver.com/marina_22,20250922
이너뷰티 100,미네랄워터 태초수 | 생기있는 피부 나만의 <b>이너뷰티</b> 저속노화... ,https://blog.naver.com/whitedeer11/224036426904,미네랄워터 태초수 생기있는 피부 나만의 <b>이너뷰티</b> 저속노화 필수템 온누리약국에서 만든 프리미엄... 되면서 <b>이너뷰티</b>의 중요성을 깨닫게 되었답니다 #프리미엄수소수 #노화방지 #미네랄워터태초수 노화의... ,This is the moment,blog.naver.com/whitedeer11,20251010
이너뷰티 100,뉴클리드 여성청결제로 민감한부위 <b>이너뷰티</b> 챙기기,https://blog.naver.com/gnere79/224008166998,우선 뉴클리드 젠틀 클린케어 이너 클린젤은 여성청결제중에서도 패키지나 용기디자인이 너무... 뉴클리드 여성청결제로 <b>이너뷰티</b>까지 꼼꼼히 챙겨요 여성청결제의 경우 민감한 부위에 쓰는 거라 성분을... ,me:blog,blog.naver.com/gnere79,20250915
이너뷰티 100,미백젤리 트리플샤인 오니스트 비라이트 썬케어 <b>이너뷰티</b>,https://blog.naver.com/jo6377/223866094187,썬케어 <b>이너뷰티</b>를 만났다는게 행운인것 같아요 햇빛이 흔적을 남기지 못하게 자외선의 범인인... 가능한 <b>이너뷰티</b>템을 리뷰하게 되어 택배를 받고서 바로 언박싱을 해보았답니다 트리플샤인을... ,제크맘바비의 뷰티테라피,blog.naver.com/jo6377,20250515
이너뷰티 100,엘리스 리즈캔디 붓기케어 <b>이너뷰티</b> 인플루언서 캔디 후기,https://blog.naver.com/miokdalki/224027137728,먹는 <b>이너뷰티</b>템 찾으시는 분 붓기로 고민하거나 이너 건강까지 함께 챙기고 싶은 분들은 리즈캔디 맛있게 드셔보세요. 도움이 될 수 있어요! ??본제품은 의약품 및 건강기능식품이 아닌 식품(캔디)입니다.... ,재밌는취미,blog.naver.com/miokdalki,20250930
이너뷰티 100,올리브영세일 다이어트 <b>이너뷰티</b> 추천템 온리추얼 슬리밍컷... ,https://blog.naver.com/nb98269/223993621847,안녕하세요 뷰티 인플루언서 빼켠입니다. 다이어트 &amp; <b>이너뷰티</b>를 고려해야겠다는 생각에 9월 올리브영세일겸 올영세일 추천템 추천 받았는데요. 한혜진 다이어트로 유명한 온리추얼 슬리밍컷과 여배우... ,뷰티 패션 인플루언서 빼켠,blog.naver.com/nb98269,20250903
이너뷰티 100,NMN 영양제 추천 <b>이너뷰티</b> 관리 후기,https://blog.naver.com/sgnarae/224047925430,*** NMN 영양제 추천 <b>이너뷰티</b> 관리 후기 NMN 영양제 추천 <b>이너뷰티</b> 관리 후기 NMN 영양제 추천 <b>이너뷰티</b> 관리 후기 NMN 영양제 추천 <b>이너뷰티</b> 관리 후기 NMN 영양제 추천 <b>이너뷰티</b> 관리 후기 NMN 영양제 추천 <b>이너뷰티</b>... ,네이버 노래맑음 블로그,blog.naver.com/sgnarae,20251020
이너뷰티 100,탄산음료 대신 <b>이너뷰티</b> 파인애플식초 '녹차 파인애플 비니거',https://blog.naver.com/nomad203010/224017986582,"탄산음료 대신 <b>이너뷰티</b> 파인애플식초 '녹차 파인애플 비니거' 요즘 매일 러닝을 하고 있어서 무엇보다... 한잔으로 <b>이너뷰티</b> 습관 파인애플식초 녹차 파인애플 비니거는 산야초발효액에 파인애플, 녹차를... ",일상의 기록,blog.naver.com/nomad203010,20250922
이너뷰티 100,붓기케어 인플루언서캔디 <b>이너뷰티</b> 내 얼굴의 리즈시절  엘리즈... ,https://blog.naver.com/guyspice/224028640764,"이것이 SNS에서 주목받는 엔터테이너들과 함께 개발한 인플루언서템 엘리즈 V-케어 리즈캔디의 낱개의 모습. 붓기는 체중이 아니라, 순환과 효소 문제라는 것은 최근에 주목받는 연구 결과이다. <b>이너뷰티</b>... ",PoCo A pOcO,blog.naver.com/guyspice,20251001
이너뷰티 100,붓기케어 <b>이너뷰티</b> 인플루언서캔디 엘리즈 리즈캔디,https://blog.naver.com/guguddum/224017108703,저는 최근 붓기케어에 도움을 주는 새로운 <b>이너뷰티</b> 제품을 만나서 매일 아침 거울을 보는 것이... 주는 <b>이너뷰티</b> 루틴이 필요하다고 생각합니다. 리즈캔디는 효소와 원료의 효과로 체내 순환을 도와주고 붓기를... ,구름밍~,blog.naver.com/guguddum,20250922
이너뷰티 100,[일상]<b>이너뷰티</b>에 좋은 NFC 착즙 베르가못 &quot;뷰티끄랩 <b>이너뷰티</b>... ,https://blog.naver.com/donas/224034071265,일상 : <b>이너뷰티</b>에 좋은 NFC 착즙 베르가못 &quot;뷰티끄랩 <b>이너뷰티</b> 베르가못 슬림샷 라이트스틱&quot; 지중해 식단이 유명하고 좋다는 건 예전부터 알려진 사실이다. 그래서 요거트와 견과류는 잘 챙겨먹고 있는데... ,세상구경,blog.naver.com/donas,20251007
이너뷰티 100,고체애사비 상큼하니 맛있게 씹어먹는 애콜 애사비로 <b>이너뷰티</b>... ,https://blog.naver.com/pig1126611/224020300675,고체애사비 시간을 되돌린 듯한 탄력을 위한 애콜 <b>이너뷰티</b> 케어! 글 &amp; 사진 ⓒ 미라클 애콜 고체애사비 40대에 들어서면서부터 아무래도 이전과 다르게 피부가 푸석거리니 <b>이너뷰티</b>를 챙겨야겠다 싶어서 어떤... ,미라클의 소소한 일상들♡,blog.naver.com/pig1126611,20250924
이너뷰티 100,"글루타치온 분말 추천, 웰리카로 이지 <b>이너뷰티</b> 관리하자!",https://blog.naver.com/dahamida/223998865788,물론 데일리 <b>이너뷰티</b> 관리용으로도 좋기 때문! 웰리카 글루타치온영양제는 순수 함량 최고 순도인 90... 비타민C 외에도 글루타치온 효능 및 활성을 증가시킬 수 있는 <b>이너뷰티</b> 부원료인 L-시스테인... ,문화 소믈리에,blog.naver.com/dahamida,20250909
이너뷰티 100,피부 타입별 <b>이너뷰티</b> 솔루션,https://blog.naver.com/blanco_j/224019802494,"오늘은 우리 피부 타입에 맞는 <b>이너뷰티</b> 솔루션에 대해 이야기해보려고 해요. &quot;피부관리는 겉만 하는 게... 많은 분이 피부 타입별로 다른 화장품을 사용하듯, <b>이너뷰티</b>도 피부 타입에 맞게 관리하는 것이... ",클로이의 트렌드 스토리,blog.naver.com/blanco_j,20250924
이너뷰티 100,니아르브이케어 <b>이너뷰티</b> 캔디 아이돌 붓기관리 관리템,https://blog.naver.com/miokdalki/224030554420,니아르브이케어 <b>이너뷰티</b> 캔디 아이돌 붓기관리 관리템 후기 바쁜 일상에서도 붓기와 이너를 간편하게 관리할 수 있는 니아르브이케어 자몽맛 캔디! 달콤하고 간편하게 붓기와 이너 관리하고 싶은 분들께... ,재밌는취미,blog.naver.com/miokdalki,20251003
