url,caption,hashtags
https://www.instagram.com/p/DQIwJy0kUae/,20251023치킨덮밥#직장인도시락 #치킨덮밥 #도시락 #자취요리그램 #자취요리스타그램,직장인도시락;치킨덮밥;도시락;자취요리그램;자취요리스타그램
https://www.instagram.com/p/DQJkv0PgWZJ/,#남매저녁내일은 파업 할래 #도시락#쏘세지볶음#찜닭#치즈계란말이#우삼겹순두부찌개#두부부침,남매저녁내일은;도시락;쏘세지볶음;찜닭;치즈계란말이;우삼겹순두부찌개;두부부침
https://www.instagram.com/p/DQIciTnErjm/c/18333356431237612/,밥 양을 늘려본 #남편도시락 😃어제 소불고기에 조랭이떡 넣고 #궁중불고기 넉낌내기🤍✨️남편 최애 반찬 중 하나인 감자채볶음🥔짭조름하게 조린 두부조림😙반찬가게에서 공수한 #새우마늘쫑볶음 🦐🧄없으면 서운한 단무지💛🫶건강식으로 준비하려는데 쉽지 않네yo 맛나게 먹고 오늘도 화이팅🐨🦫👶🏻🧡#직장인도시락 #도시락 #건강도시락 #도시락메뉴추천,남편도시락;궁중불고기;새우마늘쫑볶음;직장인도시락;도시락;건강도시락;도시락메뉴추천
https://www.instagram.com/p/DQJeGIrj368/c/17968971701970184/,"회사에 싸갈 도시락잡곡밥, 돈가쓰, 연근&땅콩조림",
https://www.instagram.com/p/DQIQg6-krT3/c/17988307004888028/,"밤새 목감기+코 푸느라고 잠을 한숨도 못잤어요,,🥲어제 오리탕 뜨끈하게 먹었는데도 결국엔 감기가 심해졌습니다🫣오늘은 아침에 너무 비몽사몽이라 그냥 소세지 굽고계란말이만 후딱해서 간단하게 쌌습니다!오늘은 어제보다 몸이 나아지기를 바래보아요..🙏#밤밥 #소세지 #계란말이 #토마토 #대파김치 #낙지젓갈 #도시락 #남편도시락 #다이어트도시락 #직장인도시락 #아침밥 #한식 #저녁메뉴 #요리 #반주 #foodstagram #lunchbox #homecooking #kfood #koreafood",밤밥;소세지;계란말이;토마토;대파김치;낙지젓갈;도시락;남편도시락;다이어트도시락;직장인도시락;아침밥;한식;저녁메뉴;요리;반주;foodstagram;lunchbox;homecooking;kfood;koreafood
https://www.instagram.com/p/DQIYR02EyWj/c/17864069811483218/,"이번엔  #라부부""엄마,  너무 예뻐요 ""  아침부터 열일한 보람이있네  비록 이빨5개 짭이지만 정성만큼은 정품ㅎㅎ잘다녀와~~ 애기롱🩷💜🩷💜#현장체험학습#도시락",라부부;현장체험학습;도시락
https://www.instagram.com/p/DEM0y5ez3WF/,[문어 계란참치주먹밥 도시락]📍비엔나소세지 / 낙지젓갈 / 양상추샐러드📍문어 계란참치마요주먹밥📍표고어묵국남편한테 도시락으로 뭐 먹고 싶냐고 물어봤더니'참치계란볶음밥'이라고 하길래ㅋㅋㅋ볶음밥을 또 해주긴 뭐해서 #문어주먹밥 만들었어요🐙❤️만들고 나서 너무너무 귀여워서 매우 흡족‼️🫶삼촌이 직접 재배하신 쑥갓 넣고 끓인 #표고어묵국 까지분식분식한 연말 도시락이네요✨️✨️,문어주먹밥;표고어묵국
https://www.instagram.com/p/DInCZ4myM50/c/18045343673134491/,#모내도시락 25.4.19Tᴏᴅᴀʏ‘ꜱ Mᴇɴᴜ 𓌉◯𓇋• 떡갈비• 진미채볶음• 어묵볶음• 배추김치도시락 귀찮아서 후다다다닥😵‍💫,모내도시락
https://www.instagram.com/p/DJG5qVVPvnm/,"5/1, 근로자의 날에도 일한 남편🥲혼자 출근 안하고 놀자니 맘이 불편하네요(그래놓고 제일 신나게 논 본인^^;)♥ 소세지야채볶음♥ 옛날 소세지♥ 고추/무 장아찌♥ 김치냉장고에 있는 재료 이것저것 꺼내서 도시락 싸다 보니소세지가 두가지나 있네요,,😅소세지는 맛있으니까.. 질리도록 먹으렴,,⠀#남편도시락 #직장인도시락 #점심도시락 #도시락메뉴 #도시락",남편도시락;직장인도시락;점심도시락;도시락메뉴;도시락
https://www.instagram.com/p/DQJfiCUEyD1/c/18072584243195533/,"<닭고기 감자 토마토 스튜>날씨가 쌀쌀해지니 브런치도 따뜻한 걸 찾게 된다. 부다페스트 갔을 때 먹은 굴라쉬가 생각나서 만든건데.. 파프리카 가루가 없어서 확실한 맛이 나진 않았다. 하여튼 창문을 열어놓고 따뜻한 스튜를 먹으니 공기는 차갑고 속이 뜨뜻해지는게 금상첨화였다 .. 고소한 닭고기, 포슬포슬한 감자, 시원한 토마토 국물, 찍어먹는 빵까지. . . 더 추워지면 한 번 더 만들어 먹을 거 같다🥘🪾재료 : 닭고기, 감자, 양파, pomi 토마토퓨레, 소금, 굴소스, 참치액젓, 페퍼론치노, 후추🥘만드는 방법1. 닭고기를 구워준 후 잠시 접시에 덜어내기2. 닭고기 기름에 양파 카라멜라이징 해주기3. 감자와 닭고기를 잘라 넣어주고 굴소를 한 스푼 넣어 볶아주기4. 재료가 보일만큼 물을 넣고 감자가 살짝 익을 때까지 끓여주기5. 토마토퓨레는 취향껏 넣어주기(저는 물1 퓨레 1/2 비율로 넣었어요 맛이 밍밍하면 퓨레 더 넣어주기!)6. 참치액젓 반스푼, 페퍼론치노를 넣고 나머지 간은 소금과 후추로 마무리 해주기#주말 #브런치",주말;브런치
https://www.instagram.com/p/DLz7AZ0TFEP/,#남편도시락 #모음집 9탄🍱예쁘게 싸는 건 모르겠고 타임 어택 찍느라 바쁨#리얼 #현실 #도시락매일 새벽 6시 아침의 시작은 도시락으로😄#일상 #먹방 #뭐먹지 #집밥 #신혼부부 #lunchbox #弁当 #남편도시락 #도시락 #직장인도시락 #점심도시락 #아침밥 #아침메뉴,남편도시락;모음집;리얼;현실;도시락;일상;먹방;뭐먹지;집밥;신혼부부;lunchbox;弁当;직장인도시락;점심도시락;아침밥;아침메뉴
https://www.instagram.com/p/DEWx_zOB-iO/,#🍱#뽀레버도시락 #깨지도시락 2024년 도시락작년에는 남펴니 도시락을 싸게 됐어요다이어트도시락에서..변질되어버린...🙄🙄올해도...계속 할것...같아요?🤣🤣🤣🤣#도시락기록 #도시락그램 #남편도시락 #도시락#홈쿡 #집밥 #주부스타그램 #요리스타그램,🍱;뽀레버도시락;깨지도시락;도시락기록;도시락그램;남편도시락;도시락;홈쿡;집밥;주부스타그램;요리스타그램
https://www.instagram.com/p/DEvhWTpTxch/,250113 오늘의 도시락🍱 좀만 더 자고싶다...🥲또르륵#집밥 #월요일밥상🍚 #점심밥 #점심메뉴 #도시락 위에는 나의 #직장인도시락 아래는 우리딸 #초등학생도시락 #소세지김밥 #미니돈까스 #돈까스소스 는 앙증맞게ㅋ.ㅋ #딸기 #옥수수콘 #김치 나는#곤약밥 #멸치볶음 #곤약메추리알장조림 #짜사이무침 #닭가슴살스테이크 #야채찜 #한식 #점심도시락 #워킹맘육아 #요리스타그램 #먹스타스램 #집밥스타그램 #윤함바집밥👩🏻‍🍳 #먹팔#맞팔,집밥;월요일밥상🍚;점심밥;점심메뉴;도시락;직장인도시락;초등학생도시락;소세지김밥;미니돈까스;돈까스소스;딸기;옥수수콘;김치;곤약밥;멸치볶음;곤약메추리알장조림;짜사이무침;닭가슴살스테이크;야채찜;한식;점심도시락;워킹맘육아;요리스타그램;먹스타스램;집밥스타그램;윤함바집밥👩🏻🍳;먹팔;맞팔
https://www.instagram.com/p/DIxJF_kz7ja/,-#소풍도시락둥이들 소풍늦잠자서 클날뻔..하볶고 부치고 말고 썰고아주 난리였음잘 다녀와💛,소풍도시락둥이들
https://www.instagram.com/p/DKvYG2eT6X3/,⁡⁡ミートボール星ポテトハムウインナーたまご焼きかまぼこブロッコリーミニトマトごはんキウイ🥝⁡お久しぶりカービィもりもり⭐︎⁡今日は年長さんの参観日！たのしみ〜いってきまーす🍙⁡#お弁当 #お弁当記録 #幼稚園弁当 #年長弁当 #年少弁当 #도시락 #lunchbox #お弁当日記 #デコ弁 #キャラ弁3150 #bento #ココ弁 #カービィ #カービィ弁当 #星のカービィ #こにぎり弁当,お弁当;お弁当記録;幼稚園弁当;年長弁当;年少弁当;도시락;lunchbox;お弁当日記;デコ弁;キャラ弁3150;bento;ココ弁;カービィ;カービィ弁当;星のカービィ;こにぎり弁当
https://www.instagram.com/p/C6kjeUkvoKD/,📝어린이날😊 밑반찬 ㆍ숙주나물무침ㆍ오이무침ㆍ무생채ㆍ비엔나소시지ㆍ맛살계란말이ㆍ동그랑땡ㆍ연근조림ㆍ아몬드멸치볶음ㆍ미역줄기볶음✔️밑반찬 레시피는 릴스에 있어요.오늘은 저희집 초딩이 좋아하는 반찬 위주로🥹맛있는 식사하시고 행복한 연휴 보내세요❤️#집밥 #한식 #홈쿡 #레시피#밑반찬 #밑반찬레시피 #일주일반찬 #도시락 #요리영상 #직장인도시락 #예쁜상차림#kimchi #koreanfood #cooking #food #recipe #cook #yummyfood #cookstagram,집밥;한식;홈쿡;레시피;밑반찬;밑반찬레시피;일주일반찬;도시락;요리영상;직장인도시락;예쁜상차림;kimchi;koreanfood;cooking;food;recipe;cook;yummyfood;cookstagram
https://www.instagram.com/p/DO-clZskcgZ/c/18136007809442836/,"-#엄마놀이 이빨 붙이다가 주먹으로 내려칠 뻔한걸 겨우 참았지뭐야소풍은 제발 일년에 한번만 갔으믄 좋겠읍니다 ,,/#소풍#소풍도시락#도시락#라부부도시락#캐릭터도시락#labubu",엄마놀이;소풍;소풍도시락;도시락;라부부도시락;캐릭터도시락;labubu
https://www.instagram.com/p/DPQQ3f3gPWh/,"2025 / 10 / 1 (Wed) 점심 (𝙇𝙪𝙣𝙘𝙝) #부모님도시락✌︎ #김밥남편 출근시켜놓고, 바로 김밥재료 준비해서 만들었어요🫥집에 있는재료들 냉털 했습니다🩷계란 지단 부치고, 스팸굽고, 맛살볶고묵은지 씻어서 넣어주니 질리지않고 마지막까지 맛있게 ‼️모두들 오후도 화이팅하세요 🫶🏻",부모님도시락;김밥
https://www.instagram.com/p/DPQQ3f3gPWh/c/18072030890469189/,"2025 / 10 / 1 (Wed) 점심 (𝙇𝙪𝙣𝙘𝙝) #부모님도시락✌︎ #김밥남편 출근시켜놓고, 바로 김밥재료 준비해서 만들었어요🫥집에 있는재료들 냉털 했습니다🩷계란 지단 부치고, 스팸굽고, 맛살볶고묵은지 씻어서 넣어주니 질리지않고 마지막까지 맛있게 ‼️모두들 오후도 화이팅하세요 🫶🏻",부모님도시락;김밥
https://www.instagram.com/p/DQHaFhGElz6/,도시락 싸들고 댕기는 인턴#출근 #도시락 #ootd,출근;도시락;ootd
https://www.instagram.com/p/DQIMgorE-ng/,*おはようございます*本日アルモンデ弁当*ねぎ入り卵焼きドーン！*市販の肉団子に玉ねぎ蓮根ピーマンを炒めて酒醤油砂糖みりんをジャーっ！そこに湯煎した肉団子を絡めて出来上がり*溶いた片栗粉を入れなくても市販の肉団子のとろみだけで十分です☺︎*いつもおかずは3種類つめていますが今日は卵焼きと肉団子だけ(￣ー￣)*やる気なし丸出しのお弁当になりました*あまりの寒さにそろそろこたつを出そうと思ってます*今から冬の模様替えスタートです！*皆さまも風邪をひかないよう気を付けて暖かくしてお出かけ下さいね( ◠‿◠ )*,
https://www.instagram.com/p/DQF3xuCkofB/c/18098520418670188/,오늘은 좀 건강식으로 준비했어요😅든든한 소불고기🧡 구운 두부에 간장 쪼르르🤍명란 넣은 계란말이🍳 마늘향 나는 버섯볶음🍄‍🟫없으면 서운한 김치❤️ 남편 최애 크래미 콘샐러드🌽💛남편! 두부 야채도 버리지 말고 꼭꼭 챙겨먹엉🫶#도시락 #직장인도시락 #남편도시락 #건강도시락 #도시락메뉴추천 #명란계란말이 #소불고기도시락,도시락;직장인도시락;남편도시락;건강도시락;도시락메뉴추천;명란계란말이;소불고기도시락
https://www.instagram.com/p/DQJWsDakvgx/c/17857650975477579/,"⋆ ʙʀɪᴅɢᴇ.ᴄᴀᴛ ⋆브릿지독 - 독시락(𝐝𝐨𝐠𝐬𝐢𝐫𝐚𝐤)오늘은 냉동해둔 간식들을 꺼내내일 쓸 만큼만 독시락 통에 옮겨 담았어요🫧토핑이랑 간식을 나눠서 소분해두니까필요할 때마다 꺼내 쓰기 너무 편하고,통째로 냉장 보관해도 깔끔해서 좋아요🤍그리고 특히 강아지들은 외출할 때간식이나 사료 보관용으로도 완전 실용적🐶!브릿지독 신제품, 독시락(𝐝𝐨𝐠𝐬𝐢𝐫𝐚𝐤)은10월 말 ~ 11월 초 오픈 예정🧺🏷️ @bridge.dog_official #브릿지독 #브릿지독식꾸 #식꾸 #고양이식기 #강아지식기 #고양이밥그릇 #고양이간식통 #도시락 #간식보관함 #신제품",브릿지독;브릿지독식꾸;식꾸;고양이식기;강아지식기;고양이밥그릇;고양이간식통;도시락;간식보관함;신제품
https://www.instagram.com/p/DQIPA7vku9_/,"..뭔가 먹고싶은걸 싸는게 아니라,.냉장고 상태에 따라 메뉴가 변하는 듯ㅋ.먹어도 줄지않기도 하고, 냉장고가 코딱지만해서ㅠ.- 냉제육&부추계란찜- 배추김치&진미채- 시금치무침- 멸치볶음2종.#도시락라이프제243일차 #직장인도시락 #도시락 #전날밤에싸는도시락 #락앤락 #스타터팩 #집밥 #야채가필요해 #예당인 #도시락통사야되는데 #뭐사지",도시락라이프제243일차;직장인도시락;도시락;전날밤에싸는도시락;락앤락;스타터팩;집밥;야채가필요해;예당인;도시락통사야되는데;뭐사지
https://www.instagram.com/p/DQIe7DVk1JI/c/17898326205300247/,#7살소풍 #드디어 #마지막소풍 #꺄 #소풍도시락 #햄리본유부초밥 드디어 마지막 소풍 도시락이다!!!!!!!!!!!!!!!!!!!!!이날만을 기다렸다!!!!!!!!!!!!!!!!!꺄~~~~~소리 질러~~~~~~~~~~~~~~추석 전부터 계속 안 좋던 컨디션으로 대장내시경을 받아서인지 받은 날도 다음날인 오늘도 현기증이 말도 못하게 심해서 어제도 갑자기 바닥에 철푸덕 쓰러지고...오늘도 도시락 싸다 몇번을 붙잡고 서있거나 앉아 있었는지 모른다....그래도 우리딸 마지막 도시락이라고 혼신의 힘을 다했다!!!엄마의 정성이 특별히 가득 담긴 도시락이니 다른 소풍때보다 더 맛있게 먹고 와주길^^엄마는 이제 요양을 해볼란다ㅋㅋㅋㅋ재밌게 소풍 잘 다녀와♡♡♡♡♡#둘째딸 #7살 #둘째이야기 #둘째육아일기 #둘째육아기록 #둘째성장일기 #둘째성장기록 #둘째일상 #소풍 #도시락,7살소풍;드디어;마지막소풍;꺄;소풍도시락;햄리본유부초밥;둘째딸;7살;둘째이야기;둘째육아일기;둘째육아기록;둘째성장일기;둘째성장기록;둘째일상;소풍;도시락
https://www.instagram.com/p/DQISPgqE31b/,"[따콩이네 집밥👶🏻] 어제 자기 전에 도시락 뭐 먹고 싶은지 물어봤더니 역시 제육볶음이네요! 콩나물 무침 물어보니 그건 싫다하고 냉장고 안에 오이 있어서 오이무침으로 되물으니 좋다고,, 참 취향 분명한 남편쓰👍🏻알람 듣고 눈 번쩍 뜬 다음 바로 제육볶음, 오이무침, 된장찌개ෆ어묵볶음은 지난번 김밥때 만들었던 남은걸로 반찬칸 채우기 완성간보면서 먹다보니 씁씁-하 맵지만 중독적이면 그만이쥬(근자감) 따콩이 아빠야 오늘도 열심히 일하고 싹싹 다 비워서 가지고 와ෆ#따콩냠 #오늘의점심 #오늘의식사 #오늘의밥상 #오늘의메뉴 #오늘의식탁 #집밥 #점심 #홈쿡 #도시락 #벤또 #맛집 #제육볶음 #된장찌개 #레시피 #맛집공유 #맛도리 #집밥요리 #집밥레시피 #신혼부부 #예비엄마",따콩냠;오늘의점심;오늘의식사;오늘의밥상;오늘의메뉴;오늘의식탁;집밥;점심;홈쿡;도시락;벤또;맛집;제육볶음;된장찌개;레시피;맛집공유;맛도리;집밥요리;집밥레시피;신혼부부;예비엄마
https://www.instagram.com/p/DQIOU-oE-8i/,#쑤도시락 #오늘의도시락 이제 평일 퇴근 후 만남은 너무 힘드네요🥱아침에 일어나는데 두들겨 맞은 줄 알았어요ㅋㅋㅋ냉동실에 있던 얼큰 육개장 밀키트에 대파 더 썰어 넣고오랜만에 김계란말이 했는데 나쁘지 않게 된 거 같아요😄,쑤도시락;오늘의도시락
https://www.instagram.com/p/DJoUbbSPluT/,"감자에 싹이 나서,, 잎이 나서,,🥔오늘은 감자 처분하기 대작전-!감자 숭덩숭덩 썰어 넣고 참치 넣고냉장고에 남은 두부까지 몽땅 넣어 끓인 참치감자짜글이➿쓱싹 비벼먹으면 밥 도둑이 따로 없어요☺️♥ 참치감자짜글이♥ 계란후라이♥ 고추/무 장아찌♥ 견과류볶음계란후라이 한다고 팬 달궈놓고 반찬 담느라 깜~빡하고알아차렸을 땐 이미 까맣게 타버린 프라이팬^^;언제쯤 멀티가 되려나,,😅😭#남편도시락 #직장인도시락 #점심도시락 #도시락메뉴 #도시락",남편도시락;직장인도시락;점심도시락;도시락메뉴;도시락
https://www.instagram.com/p/DLmZHzKP1JD/,오야지치 도시락 .ᐟ.ᐟ 🍱 ♥ 오야지치를 진~~짜 좋아하는 푸슝깅이 있어서 오야지치 도시락을 낋여왓습니다 캬캬 .ᐟ.ᐟ 예전에 하도 도시락 많이 만들어서 만들 캐릭터가 없어가지구. . 캐릭터 추천을 받앗더니 오야지치만 4번이 나왓다는 사실 .ᐟ.ᐟ 솔찍히.. ㅋ 첨 봣을 때는 오야지치가 왜…? 잇는거지 싶엇는데 보다보니까 오야지치의 매력을 알게 되어버렷3. .♥날씨가 점점 더워져서 이번엔 도시락 가방에 담아서 아이스 팩 까지 총 동원해서 대구에 갖고 올라왔어요 😑 도시락 가방도 여러개 있는데 다음에 하나하나 소개 해드릴게용 진짜 너무 귀여운 도시락 가방이 잇거덩요 히히 ♥ K.K 도시락 만들 때 한꺼번에 많이 만든 시금치 콘 볶음.ᐟ.ᐟ 칸칸이 통에 소분해서 냉동해 놔서 그런가 이번 도시락은 만드는데 30분도 안 걸렸답니다. . ♥ 별 틀 (?)은 화과자 재료 파는 곳에서 사봤는데 만족합니다.ᐟ 다음에 브라우니 만들어서 위에 크림치즈 좀 찍어가지구 올려도 이쁠 듯 싶어요 ㅎㅅㅎ 다들 날이 점점x100 더워지는데 건강 유의하시구여 야외활동시에는 음수 .ᐟ.ᐟ.ᐟ.ᐟ 잊지마시길 바랍니다 ♥ #도시락 #캐릭터도시락 #다마고치 #오야지치,도시락;캐릭터도시락;다마고치;오야지치
https://www.instagram.com/p/DIkWblEyuTA/,"#도시락#소풍도시락예전 도시락 사진에 댓글,디엠이 계속 달리길래아 또 소풍시즌이구나 했는데어김없이 우리 막둥이 엄마!.현장체험학습 간데 도시락 싸줘~~~이번 도시락은 #봄소풍 느낌 가득이당잘다녀와 내아기🌷",도시락;소풍도시락;봄소풍
https://www.instagram.com/p/DDL8Q7ySsMM/,#남편도시락🍱 472번째 ( #NPDSR 472 )오늘은 일정이 있어서 이제야 피드를 쓰네요. 오늘의 도시락은 파 당근 듬뿍 넣은 계란말이와 어제 새로 무친 밑반찬들 넣고 저녁은 남아있던 제육볶음을 덮밥으로 해서 쌌어요. 제육볶음이 아직 남아있는데... 내일도 제육볶음이 등장할 예정입니다?😏오후 시간 행복하게 보내세요🫶🏻 ..제육덮밥은 저녁밥입니다.,남편도시락🍱;NPDSR
https://www.instagram.com/p/DPxROJ5krMB/,"-도윤이 소풍날🧡치즈곰돌이 주먹밥 주문했는데프로사부작러인 나는 참을 수 없지,,도시락 쌀때마다 신나는 나ㅋㅋ10월이니까 할로윈분위기로🎃♥좋아하는 도윤이 보니까 뿌듯하네잘 다녀와아♥ #소풍도시락 #도시락 #할로윈도시락 #happyhalloween",소풍도시락;도시락;할로윈도시락;happyhalloween
https://www.instagram.com/p/DQF___LE8qu/c/18052951739319760/,이현이의 첫 소풍도시락❤️처음 싸주는 도시락이라 이현이가 열었을때 행복하길 바라며 정성스럽게 만들었는데아침에 보고서는 엄마 너무 이쁘다❤️ 해주는 딸 반전은  점심시간에 도시락을 열었더니 치즈가 뚜껑에 달라 붙었고그걸 본 이현이는 꺼이꺼이 울었다고 한다그러다 잠에 들었다고.......엄마 맴찢이네ㅎㅎㅎ #유아도시락#소풍도시락#도시락#김밥#얌박스,유아도시락;소풍도시락;도시락;김밥;얌박스
https://www.instagram.com/p/DEvkmNFzVFq/,방학도시락 시작🥹.아침먹이고 점심도시락 싸주고 가게로출근💪이번에도 시작된 점심도시락🍱한주도 화이팅하세요☺️...#중딩도시락#고딩도시락#점심도시락#방학도시락#도시락반찬#도시락#김치찌개#돼지고기김치찌개#꼬마돈까스#미니돈까스#두부조림#멸치볶음#집밥#홈쿡#먹스타그램#온더테이블#충북혁신도시,중딩도시락;고딩도시락;점심도시락;방학도시락;도시락반찬;도시락;김치찌개;돼지고기김치찌개;꼬마돈까스;미니돈까스;두부조림;멸치볶음;집밥;홈쿡;먹스타그램;온더테이블;충북혁신도시
https://www.instagram.com/p/CyPjX3IhQoF/,"🍱❤️편식쟁이 김쿠키6살 되니 먹을 수 있는 게 많아져서캐릭터 도시락 도전🙃🌈처음이라 그나마 쉬운 거 도전했는데아침부터 김을 가위로 오리고 붙이고 하얗게 불태움😵도시락 싸기 장비는 쿠팡에서 구입!일본여행 다닐 때 사온것도 있는데지금은 쿠팡에서 다 팔더라구요🤣도시락은 인스타감성 뿜뿜 오미박스✨가격 후덜덜하고 생각보다 너-무 커서하리보, 곰돌이 도시락 또 샀어요🥲오미박스는 쿠키가 먹을수 있는 양이 아님🤣심야괴담회 보며 여유롭게 시작했는데생각보다 오래 걸려서 배(과일)는 패쓰!이럴줄 알았으면 리허설이라도 할껄🥲사진도 이거 딸랑 한장!다음에는 더 예쁘게 싸줄게😎우리 공주님 맛있게 먹구즐거운 시간 보내구 와❤️ ...#아이도시락 #엄마표도시락 #캐릭터도시락 #도시락 #도시락통 #도시락만들기 #도시락꾸미기 #소풍도시락 #어린이집도시락 #어린이집소풍도시락 #유치원도시락 #유치원소풍도시락#오미박스 #콩콩도시락",아이도시락;엄마표도시락;캐릭터도시락;도시락;도시락통;도시락만들기;도시락꾸미기;소풍도시락;어린이집도시락;어린이집소풍도시락;유치원도시락;유치원소풍도시락;오미박스;콩콩도시락
https://www.instagram.com/p/DPAW-BNAcsG/c/18298633849264521/,⁡⁡ミートボールナゲットほうれん草のごま和えブロッコリーハムミニトマトウインナーオムライスぶどう🍇⁡兄者の大好きなポムポムプリン🍙ポムポムプリンの歌をオムオムプリンにして歌ってました🌞作り甲斐がありすぎる🌞笑⁡今日は運動会のリハーサル🙌この前リレーの練習を覗かせてもらった時は無事号泣(笑)我が息子がというよりもう学年のみんなよ😭こんな逞しくなってさ😭あんなおちびだったのに😭軽い気持ちで見に行ったが入場からなみだ😭w本番恐ろしいー(笑)妹者はわたしが出る時は目瞑ってて🙈とか言ってるんですけども､､見られるの恥ずかしいようで､､どうにか見るけどね､､🙈練習ファイト~( ˶ ᷇ 𖥦 ᷆ ˵ )⁡⁡#お弁当 #お弁当記録 #幼稚園弁当 #年長弁当 #年少弁当 #도시락 #lunchbox #お弁当日記 #デコ弁 #キャラ弁3150 #bento #ココ弁 #オムライス弁当 #ポムポムプリン #サンリオ弁当 #ポムポムプリン弁当,お弁当;お弁当記録;幼稚園弁当;年長弁当;年少弁当;도시락;lunchbox;お弁当日記;デコ弁;キャラ弁3150;bento;ココ弁;オムライス弁当;ポムポムプリン;サンリオ弁当;ポムポムプリン弁当
https://www.instagram.com/p/DQA8SlokTDr/,"2025.10.20급! 추워진 날씨 다들 따뜻하게 입고 출근하셨나용?제가 사는 곳은 그래도 아직 맨투맨, 후드티 하나로도견딜만한데 서울은 아침 온도가 10도 아래로 떨어졌더라구요다들 감기 조심하시구 이럴 때 일수록 밥든든하게!!💪🏻오늘의 도시락은 주말에 한솥 끓인 김치찌개와둥이(@jy._____.2)님을 보고 아이디어를 얻은 스팸계란전을하려고 했는데 집에 계란이 하나 밖에 남지 않은 이슈로계란후라이에게 밀려버린 스팸구이 입니당 ㅋㅋㅋ(사연있는 스팸구이)그리고 김을 따로 챙겨가려했는데맨밥 비주얼이 너무 휑해보여서 김을 밥에 비벼 갔어용😝오늘도 이렇게 도시락 해결!#직장인도시락 #직장인점심시간 #직장인점심도시락 #도시락 #점심도시락 #오늘의도시락 #도시락기록 #도시락일기 #도시락메뉴추천 #자취요리 #쿡스타그램 #도시락스타그램 #도시락반찬",직장인도시락;직장인점심시간;직장인점심도시락;도시락;점심도시락;오늘의도시락;도시락기록;도시락일기;도시락메뉴추천;자취요리;쿡스타그램;도시락스타그램;도시락반찬
https://www.instagram.com/p/DBI1fdmT8Mk/c/17860605060255335/,첫째 체험학습날크게 꾸밈없이 도시락 싸주었는데도 너무 좋아했다 ^.<💚#체험학습 #체험학습도시락 #도시락 #초딩도시락 #초등도시락 #일상 #주부모드 #시나모롤 #김밥 #유부초밥 #먹스타 #먹스타그램,체험학습;체험학습도시락;도시락;초딩도시락;초등도시락;일상;주부모드;시나모롤;김밥;유부초밥;먹스타;먹스타그램
https://www.instagram.com/p/DOenq5lE1UE/,2025/09/11  金曜日鱈の唐揚げオクラ出汁浸し出汁巻卵セロリの金平煎り酒で下味をつけた鱈の唐揚げはくさみも消えて中ふんわり。..#大館工芸社#公長齋小菅#曲げわっぱ弁当#bento#bentobox#도시락#점심#pr#お弁当記録#お弁当#弁当#LunchBox,bento;bentobox;도시락;점심;pr;LunchBox
https://www.instagram.com/p/C4tqdiMhpPl/,"어제 달걀말이가 5개 들어가냐 안들어가냐 했는데 좁은 집에 끼워 넣는 거 성공!🤣참치마요 쪽파를 올려줬음 더 이뻤을텐데 아쉽네용🥹ㅋㅋ반찬 하기 싫어서 집에 있는 반찬으로 채워넣었습니다,,,,🤭다들 오늘도 점심 맛있게 드시구요! 내일 만나요🩷 저녁 9시!!!!👩🏻‍🍳⭐️10분 완성 초간단 도시락 레시피 100👉🏻참치마요덮밥 + 베이컨 달걀말이📚레시피 책 14번 도시락 메뉴#남편도시락 #집밥 #도시락 #반찬 #신혼부부 #육아맘 #자매맘#직장인 #직장인도시락 #자취생 #출근 #봄 #맛점 #참치마요 #참치마요덮밥 #달걀말이 #베이컨 #계란말이 #곤약 #장조림 #김치 #장아찌 #야미도시락",남편도시락;집밥;도시락;반찬;신혼부부;육아맘;자매맘;직장인;직장인도시락;자취생;출근;봄;맛점;참치마요;참치마요덮밥;달걀말이;베이컨;계란말이;곤약;장조림;김치;장아찌;야미도시락
https://www.instagram.com/p/DIkPOw3hoWU/,하빈이 체험학습가는날!!재밋게 놀다와🤗.#도시락 #도시락메뉴 #도시락메뉴추천 #초등도시락 #소풍도시락 #초등소풍도시락 #어린이초밥 #계란초밥 #크래미초밥 #롤유부초밥,도시락;도시락메뉴;도시락메뉴추천;초등도시락;소풍도시락;초등소풍도시락;어린이초밥;계란초밥;크래미초밥;롤유부초밥
https://www.instagram.com/p/DI2ZU9pTA21/c/18279718951268460/,"오늘은 봄이 소풍 날! 그리고 첫 도시락봄이가 좋아하는 것들로 채웠다, 맘에 든다고 좋아하는 뽐🫶🏻재밌게 놀고 맛있게 먹고 와🩷#소풍#소풍도시락#도시락",소풍;소풍도시락;도시락
https://www.instagram.com/p/DNzTSvwZArG/c/17942954724062642/,만들다보니 라부부 이빨 한개 들어 갈 자리없어서 걍 8개로ㅋ이제 진짜진짜 안녕하자 라부부야..#도시락 #라부부 #캐릭터도시락 #초딩맘 #딸맘 #딸바보,도시락;라부부;캐릭터도시락;초딩맘;딸맘;딸바보
https://www.instagram.com/p/DQFxivRE8nK/,#お弁当#今日のお弁当#豚キムチ丼#lunch#lunchbox#obento#도시락#delimia#おべんたぐらむ,お弁当;今日のお弁当;豚キムチ丼;lunch;lunchbox;obento;도시락;delimia;おべんたぐらむ
https://www.instagram.com/p/DQJgHROk0-Y/,洋風のような和風のようなお弁当。#小さな物語御膳 #魚に串に炭炙りいものこ #ланчбкс #도시락 #便當 #boxlunch #弁当,도시락;boxlunch
https://www.instagram.com/p/DMrcyewTsce/,"🥒🍳🥫1️⃣ 계란참치오이상추덮밥유튜브에 도시락을 검색하면 나오는 쇼츠들 중에 냉장고에 전부 재료가 있는 영상을 발견했어요! (기분이 좋아요🤘)종종 한두개씩 사야하는 재료가 있기 마련인데, 오늘은 운이 좋았네요!!! 럭 키 비 키🍀간장소스 비율간장 2, 올리고당 1, 식초 1, 참기름 1, 통깨 많이!#도시락 #점심 #간단도시락",도시락;점심;간단도시락
https://www.instagram.com/p/DQIlmwekq6R/,2025 10 23오늘 아들의 도시락은 감자샐러드 샌드위치로 준비했다. 감자샐러드에 베이컨도 으깨 넣어 구운 식빵에 가득 넣었다. 오늘 유난히 피곤하다는 아들인데 좋아하는 샌드위치를 먹고 힘났으면 좋겠다. 오늘도 힘내라  화이팅!#도시락그램 #도시락 #감자베이컨샌드위치 #감자샐러드샌드위치 #아들을위한도시락 #엄마도시락 #오늘도힘내자,도시락그램;도시락;감자베이컨샌드위치;감자샐러드샌드위치;아들을위한도시락;엄마도시락;오늘도힘내자
https://www.instagram.com/p/DJ8_yeGvHOm/,코스트코에서 닭다리살 잔뜩 사서이것저것 닭요리 밀프랩을 만들어 두었는데그 중 닭갈비를 볶아서 후딱 도시락 완성🙂양념장 만들어 바로 냉동실로 들어가 맛도 못봤는데볶아소 먹어보니 제법 맛나네융➿♥ 닭갈비♥ 무장아찌♥ 김치이번주도 열심히 도시락 쌌다..🫠주말 어서오고~!#남편도시락 #직장인도시락 #점심도시락 #도시락메뉴 #도시락,남편도시락;직장인도시락;점심도시락;도시락메뉴;도시락
https://www.instagram.com/p/DJIalDvTcHg/,#포켓몬도시락 #소풍도시락이쯤되면 나도 즐기는건가싶은데.. .그러기엔 너어무 힘듦 🫠⠀⠀⠀⠀📍올해도 세종에서 원격코칭해준(!) ⠀⠀나의 미지니에게 아주 무한한 감사를 전함.°♡⠀⠀,포켓몬도시락;소풍도시락
https://www.instagram.com/p/DPAb4hwk6QE/,おはようございます✨#今日のお弁当 #ハロウィン弁当 昨晩、近所の人が生協で間違えた注文して多すぎたから貰ってって、持ってきてくれた。70過ぎの一人暮らしの人で良く会うと話しはしてたんだけど、そんな事初めて。間違えて頼んだの主人に見つかると怒られるから、黙ってもらってって。ちょっと変だな？って思ったけど、せっかく持ってきてくれたから断るのも悪いと思って頂いたんだけど。ネギ、豆腐、魚とか入ってた。でもね、ご主人は数年前に亡くなってるんだよ。これは痴呆の始まり？　最近の会話もそう言えば変な事もあった。ちょっと心配になってしまった💦まだ、そんな年じゃないと思うけど、こんな風に始まるって聞いた事あるから😢娘さんが居るのは知ってるけど連絡先も知らないし。しばらく、様子見てみるしかないのかな。こんな時はどうする？・・・・@tsu_ya_ko_mama つやちゃんの#エッグランタン つやちゃん，ありがとう🎃今日も素敵な一日になりますように✨いつも，ありがとうございます☺️#お弁当 #obento #lunchbox #bento #娘弁当 #おにぎり弁当 #ハロウィンおにぎり #japanesbento #japanesfood #instafood #instagood #曲げわっぱ #くりぬき弁当箱 #おうちごはんlover #私のおいしい写真 #mamagirl #フーディスト #こっそり雑穀 #おべんとう #お弁当記録 #かりんほんぽ #曲げわっぱ2509 #도시락 #秋弁当,obento;lunchbox;bento;japanesbento;japanesfood;instafood;instagood;mamagirl;도시락
https://www.instagram.com/p/DOVRcMAgUmj/c/18343190185167572/,고급다과도시락 with 도시락키친수년째 메드트로닉스의 단체행사에 도시락키친이 함께하고 있습니다. 식사 메뉴 뿐만아니라 간식/ 디저트/ 다과 메뉴들로 구성된 도시락도 인기있는 메뉴 중 하나랍니다. 식사하기 애매한 이른 아침 또는 늦은 오후 행사엔 다과도시락을 추천드려요💙 매번 좋아해주시고 찾아주셔서 감사합니다. 9월 대부분 날짜 도시락 예약 마감입니다. 행사 준비 앞두고 계신 분들은 주문 전 도시락 준비 가는 여부 먼저 확인해주세요:)내일 가득 채워주신 행사도 완벽히 준비하겠습니다💙,
https://www.instagram.com/p/DO7J55akwtE/,"-#소풍도시락이번이 올해 마지막 도시락이길 바라며💜간식도시락은 최애 #티니핑마카롱 소풍가면 항상 밥이 식으니.. 좀 촉촉하게 먹이려고 나름 연구해서🧐#오믈렛주먹밥 계란이 밥을 굳지않고 촉촉하게 해줘서 식어도 맛있게!치즈 얹은 #떡갈비 #과일 까지 꽉 채우기@cnjcompany00 에서 보내주신 #알로록달로록 노랑, 빨강, 초록 가루 계란물에 풀어 #오믈렛 만들고소고기후리가케 주먹밥 위 감싸주면 #삼색주먹밥 완성😘소풍 잘 다녀오고 도시락 깨끗이 비워오세요👌🏻",소풍도시락이번이;티니핑마카롱;오믈렛주먹밥;떡갈비;과일;알로록달로록;오믈렛;삼색주먹밥
https://www.instagram.com/p/DPmxtg8E1uY/c/17926513221136357/,#쑤도시락 #오늘의도시락 연휴내내 많이 먹었더니 몸이 무겁네요😂저희 엄마는 제사를 안 지내도 명절엔 명절음식을 상다리 부러지게 차려주시는데용🫶고생스럽게 음식 하지말고 이번엔 사먹자 했는데도잡채랑 육전&느타리버섯전을 만들어서 가져다주신거 있죠😘👍맛있게 먹고 남은 잡채에 고춧가루 넣고 매콤하게 잡채볶음밥 만들어왔어요🧡7일이나 쉬었고 하루만 출근하면 또 주말이라 출근하는거 나쁘지 않다고 생각했는데막상 오늘이 되니까... 연차 쓰지 않은게 후회되는거 있죠...🤣🤣오늘 출근하시는 분들 모두 화이팅하세요🙌,쑤도시락;오늘의도시락
https://www.instagram.com/p/DM8u3IwTYqs/,"⠀#도시락기록⠀오늘은 언제 먹어도 맛도리 그 자체인 근본 조합으로 가보자고 〰️⠀▸ 백미밥▸ 버섯제육볶음▸ 계란말이 + 야채춘권▸ 체리⠀오늘은 간단하게 앞다리살에 양파, 파, 버섯, 청꼬 넣고 양념해서제육볶음 휘뚜루마뚜루 볶아내주면 오늘의 메인 완성이라구 🤭반찬은 파 다져넣고 마요네즈 살짝 넣어 계란말이 만들어주고 ,기름 두른 김에 야채춘권도 구워내고 후식 체리까지 챙기면 끝 !⠀⠀",도시락기록
https://www.instagram.com/p/DNNtYgkhKmc/,"#도시락#선물구매링크 @cook_and_candle 프로필 클릭.젓갈과 반찬을 영상에 담아내기가 쉽지는 않네요🥰일단 드셔보시면 쫀득한 원물을느끼실 수 있을거예요!맛은 신아푸드니 맛보장이고요^^도시락에 담아 마음을 전해보세요🎁.🥣16차 젓갈반찬 이벤트 *5만원 이상 주문 시 무료배송 *구매완료 댓글 10명 커피 쿠폰ex) 구매완료, 이름,  전화번호 뒤 4자리*8만원 이상 주문 시 전원 랜덤김치 500g 증정(지인들과 함께 구매하세요💕).오늘도 수고 많으셨습니다^^",도시락;선물구매링크
https://www.instagram.com/p/DL1EBwIhvIq/,"🍱행복한 도시락 라이프(●’◡‘●)ﾉ얼마전에 시어머니랑 통화하는데 어머님께서 힘들게 도시락 싸지말고 나가서 사먹으라고 하시는거에요ㅋㅋㅋ어머님.. 더워서 나가는게 더 힘들어요…라고 했습니다😭날씨 미쳤어요… 진짜 개개개덥고 습함ㅠ.ㅠ🏷️닭가슴살 카레볶음밥단백질 섭취를 위한 닭찌찌 카레볶음밥이에요➰대파,당근 볶다가 닭가슴살 찢어넣고 카레가루와 굴소스로 간 맞췄어요.카레향 솔솔나는게 넘나 맛도리💛• 반찬 : 라이스페이퍼만두, 고순김치, 감자샐러드🏷️부추계란볶음밥솔직히 덥고 지쳐서 도시락싸기 넘 귀찮았는데…털어야 할 야채가 너무 많은거에요ㅋㅋㅋ? 나 쉬고싶다…그래서 부랴부랴 부추랑 계란넣고 간단히 볶음밥 했구요〰️파프리카 처리하려고 파프리카 우삼겹볶음도 만들었습니다!고소한 볶음밥이랑 단짠한 우삼겹볶음이 아주우 잘 어울렸다능😉• 반찬 : 파프리카 우삼겹볶음, 총각김치🏷️열무비빔밥저녁으로 열무비빔밥 해먹었을 때에요-!남은 반찬까지 모조리 도시락으로 챙겼습니다ㅋㅋㅋㅋ 힘 안쓰고 도시락 챙기기 성공😁• 반찬 : 부추전, 깻잎조림, 오이소박이🏷️감자샐러드와 치아바타1,2인분만 만드는거 어케 하는거죠…?샌드위치 싸려고 만든 감자샐러드인데 먹어도 먹어도 안끝나요〰️마지막으로 털어먹으려고 치아바타를 챙겨봤습니다!샌디치 아니고 이렇게 빵만 챙긴건 또 첨이에요ㅋㅋㅋ#점심도시락 #직장인도시락",점심도시락;직장인도시락
https://www.instagram.com/p/DPKl4kREmT5/,"-다시 돌아온 가을 소풍철 도시락 🍂🍁🍱손기술 없이 기본에 충실한아들이 좋아하는 거로 만 가득 채운사랑 가득 엄마표 도시락 🩷손재주 없으면 어때요 🙈기본으로도 이렇게 꽉 채워주면 완성인데 🩷💚도시락 준비 은근 신경 쓰이는데엄마들 모두 편하게 쉽게 쉽게 가자구용 ㅋㅋㅋ내 돈 내산이지만 추천하고 싶은 아이템 적어봤어요⬇️⬇️✔ 도시락통(콩콩도시락)흔들어도 끄떡없고, 옆으로 세워도 끄떡없는진짜 최강 도시락통 👍👍✔ 꼬마김밥용 김밥(할아버지가 만든 꼬마김밥)꼬마김밥 김은 요거 하나면 시간 절약! ⏱작은 김밥 만들 때 진짜 편리해요 🩷집에 두고 생각날 때마다 만들어 먹기 진짜 편하다구욧✔ 하트 식빵 틀 (한입 미니하트 샌드위치 틀)봄 소풍 때 준비했던 햄 치즈 식빵 롤은 생각보다 시간이 오래 걸리고 실패 확률 높더라구요,이건 빵틀에 빵 넣고 잼만 넣어 꾹!초간단 간식 완성 ✨ 아이 간식 만들기로 최고입니당👍#콩콩도시락#5세소풍#도시락",콩콩도시락;5세소풍;도시락
https://www.instagram.com/p/DGeXJcHTU3l/,예순여섯번째 #도시락• 명란마요 감태 주먹밥• 집코바• 콘샐러드• 숙주나물 / 풋고추• 계란찜• 사과잼 그릭요거트사과가 너무 많아서 잼으로 만들었는데너어무 맛있더라구용( ͡° ͜ʖ ͡°)❣️흐뭇#오늘의도시락 #도시락만들기 #도시락기록 #도시락꾸미기#도시락메뉴추천 #점심도시락 #직장인도시락 #남편도시락#나무도시락 #우드도시락 #bento #lunchbox #おべんとう#명란마요감태주먹밥 #감태주먹밥 #집코바 #콘샐러드 #수제사과잼#그릭요거트,도시락;오늘의도시락;도시락만들기;도시락기록;도시락꾸미기;도시락메뉴추천;점심도시락;직장인도시락;남편도시락;나무도시락;우드도시락;bento;lunchbox;명란마요감태주먹밥;감태주먹밥;집코바;콘샐러드;수제사과잼;그릭요거트
https://www.instagram.com/p/DDNplyNydAC/,오늘의 요또시락🐧▪️치킨마요덮밥▪️함박스테이크▪️콩나물국▪️배추김치▪️오징어젓갈▫️초콜렛❗️자세한 레시피는 프로필링크를 참고해주세요.#도시락반찬 #도시락 #직장인도시락 #lunchbox #점심도시락 #요리레시피 #다이어트식단 #도시락만들기 #회사원도시락 #도시락그램 #다이어트도시락 #mealprep #도시락싸기 #bento #bentobox #bentoboxlunch #함박스테이크 #치킨 #치킨마요 #치킨마요덮밥,도시락반찬;도시락;직장인도시락;lunchbox;점심도시락;요리레시피;다이어트식단;도시락만들기;회사원도시락;도시락그램;다이어트도시락;mealprep;도시락싸기;bento;bentobox;bentoboxlunch;함박스테이크;치킨;치킨마요;치킨마요덮밥
https://www.instagram.com/p/DCSfYe7Su3Q/,🏡🍱 #남편도시락수능이 코앞에 왔네수능도시락 싼지도 엊그제 같은데..애들이랑 의논해서 먹고싶은 반찬으로 하면 별탈 없을것 같다남편도시락 요즘은 귀찮아 대충 싸주지만요래 모아보니 정성 한가득이었다수험생 부모님 도시락 피드보고 조금이나마 도움이 됐음 좋겠다수험생! 수험생부모님! 그동안 고생 많으셨어요끝까지 화이팅하세요❤️#도시락 #보온도시락 #직장인도시락 #점심도시락 #점심메뉴 #lunchbox #koreanfood,남편도시락수능이;도시락;보온도시락;직장인도시락;점심도시락;점심메뉴;lunchbox;koreanfood
https://www.instagram.com/p/DK_JWTdyfxz/,"2025.06.17화요일 도시락은 랜만에 파스타 도시락으로!소스는 대기업의 맛 폰타나꺼 사용해주고재료는 내맘대로 베이컨,새우,양송이 등등 넣어주기💛피클은 저번에 피자시키고 남은거 활용해주고마트에서 산 바질토마토 치아바타까지 담아주니오늘도 나름 봐줄만한 도시락이 되었다-!#직장인도시락 #직장인점심시간 #점심도시락 #도시락 #점심시간 #도시락기록 #도시락스타그램 #도시락통 #도시락메뉴추천 #도시락반찬 #파스타도시락 #오도완 #쿡스타 #도시락일기 #토마토바질 #점심뭐먹지",직장인도시락;직장인점심시간;점심도시락;도시락;점심시간;도시락기록;도시락스타그램;도시락통;도시락메뉴추천;도시락반찬;파스타도시락;오도완;쿡스타;도시락일기;토마토바질;점심뭐먹지
https://www.instagram.com/p/DO-8I5tEhFW/,한교동 김밥 도시락 💙한교동 새우튀김김밥 만드는 영상귀엽게 봐주셔서 감사해요🫶타르타르소스에 찍어먹으면 맛있어요!느끼함 잡아줄 김치에 과일까지 담아서 도시락 완성🍱⭐️마지막 영상 보고 웃고가세요~ AI 영상도 만들어보고싶어서 큰맘먹고 연간구독하고김밥이 통통 튀어 도망가는 모습 만들어달라했는데눈은 왜 굴리고 발은 왜 생긴건지 ㅋㅋㅋㅋ프롬프트 쓰는법부터 연습해야겠어요😂가을이 되니 소풍도시락 관련 문의가 많이 오네요~ 궁금하신점 있으시면 언제든 디엠주세요📍한교동 김밥 만드는법 릴스에서 보실수 있습니다 Hangyodon Gimbap Lunchbox #캐릭터도시락 #소풍도시락 #도시락 #도시락만들기 #한교동 #푸드아트 #김밥 #산리오 #foodart #lunchbox #gimbap #hangyodon,캐릭터도시락;소풍도시락;도시락;도시락만들기;한교동;푸드아트;김밥;산리오;foodart;lunchbox;gimbap;hangyodon
https://www.instagram.com/p/DJEEpJ2PxdA/,♡ 진심 백프로 피크닉 도시락 ♡ 봄바람 맞으면서 도시락 까먹는거...기분 최고잖냐... ∩⸝⸝∩ ♥︎더워지기 전에 피크닉 갔다오세요😊😊,
https://www.instagram.com/p/DOvnnjOEuCP/,💟 소풍도시락케데헌 도시락💜요즘 최고 인기라는데 뒤늦게 케데헌 봤더니 넘 잼있네요 ㅎ도시락에 담아본 더피💙와 서씨🖤김밥 위에는 K-POP🍱#도시락 #콩콩도시락 #소풍도시락 #케데헌 #케데헌도시락,도시락;콩콩도시락;소풍도시락;케데헌;케데헌도시락
https://www.instagram.com/p/DPNPHbPE8ye/,지은 #첫도시락 저만큼 싸는데 왜 장볼건 한가득인지 😂 포도 몇 알 쓰는데 한박스 주문하고ㅋㅋㅋ 아침 불태웠다. 잘 다녀와❤️#도시락 #아이도시락 #쿠팡추천템 #쿠팡없이못살아,첫도시락;도시락;아이도시락;쿠팡추천템;쿠팡없이못살아
https://www.instagram.com/p/DOubwOCk-PI/,.우리 유니 가을소풍 도시락 🍱#라부부 #라부부도시락 #행운 #가을소풍 #도시락#popmart,라부부;라부부도시락;행운;가을소풍;도시락;popmart
https://www.instagram.com/p/DBhvnU0hm--/c/18060210626083839/,◻️일어나자마자 소풍 도시락 보고신난 또으니 표정 잊지 못해😆소풍 다녀와서 맛있게 잘 먹었다며💕이런맛에 도시락 싸나보당🥰--#미동공주님💗,미동공주님
https://www.instagram.com/p/DQIpWKKktYA/,🇸🇬 직장인 도시락 #58- 먹다남은 난도스 치킨- 잡곡밥- 양배추라페- 감 🇸🇬 my lunchbox #58- leftover chicken from Nando’s- brown rice- cabbage salad- Korean persimmon #직장인점심 #도시락 #건강 #식단 #점심시간 #혈당조절 #냉털 #집밥 #corporatelife #corporatelunch #lunchidea #packlunch #cbd #worklife #diet #lazymeal #koreanfood #koreanlunch #mealprep,58;직장인점심;도시락;건강;식단;점심시간;혈당조절;냉털;집밥;corporatelife;corporatelunch;lunchidea;packlunch;cbd;worklife;diet;lazymeal;koreanfood;koreanlunch;mealprep
https://www.instagram.com/p/DQJYX6Rkc0U/,👑2025.10.23.THUR. 공주점심🍱 👑menu. 케이준치킨샐러드(+허니머스타드소스).#공주점심 #도시락 #직장인도시락 #공주밥 #princess #lunch #lunchbox,공주점심;도시락;직장인도시락;공주밥;princess;lunch;lunchbox
https://www.instagram.com/p/DNCUeYoTLsF/,"🌿 오늘도 마음을 담아 정성껏 지었습니다.발우공양의 수제 도시락은 계절의 재료, 자연의 시간, 수행자의 마음으로 만듭니다.속을 편안하게 하고, 마음을 다독이는 한 끼.복잡한 일상 속, 잠시 멈춰 숨 고를 수 있는 시간을 담았습니다.한 그릇의 밥에도 고요한 정성과 철학을 담는발우공양 수제 도시락, 지금 경험해보세요.📍사전 예약 필수📦 테이크아웃 전용📞 예약 및 문의는 프로필 링크 클릭#발우공양 #사찰음식 #도시락 #채식도시락 #수제도시락 #마음밥상 #웰빙푸드 #템플푸드 #정성가득",발우공양;사찰음식;도시락;채식도시락;수제도시락;마음밥상;웰빙푸드;템플푸드;정성가득
https://www.instagram.com/p/DOF6gGEEWSB/,소중한 분들께 보내는 맛있는 식사👩🏻‍🍳예쁘게 한입씩먹기도 좋고 배도 부르고😋인기 너무 많은 구성이에요👍케이터링 더시작은 오늘도 맛있게 준비합니다 [메뉴구성]토핑유부초밥 2종 쌈밥 옥수수버터구이수제떡갈비콜드 파스타 수제 애플파이 과일음료: 수제오렌지에이드/아이스아메리카노/아이스라떼#케이터링 #도시락 #수제도시락 #행사도시락 #케이터링도시락 #주문도시락 #케이터링더시작,케이터링;도시락;수제도시락;행사도시락;케이터링도시락;주문도시락;케이터링더시작
https://www.instagram.com/p/DQIhl1_kkLQ/,おはようございます✨今朝は寒くて目が覚めた💦寒い。薄手のコートを着てマリン🐶の部屋もまだ，早いかな？って思ったけど、暖房入れて仕事に行きました。過保護😂#今日のお弁当 #そぼろ弁当 #ハロウィン弁当 お化けおにぎりで#onigiriaction おにぎりアクション🍙#レッツニギニギ #おにぎりで世界を変える 1人でも多くの子供達の笑顔が見られますように✨・・・今年も作りました三日月🌙そぼろ弁当。@akitchen.n あきっちんちゃん、可愛いアイデア🩷いつも、ありがとう👻・・今日も素敵な一日になりますようにいつも，ありがとうございます💜　　　#お弁当 #obento #lunchbox #bento #娘弁当 #japanesefood #japanesebento #instafood #instagood #おうちごはんlover #私のおいしい写真 #こっそり雑穀 #mamagirl #フーディスト #かりんほんぽ #曲げわっぱ2510 #snapdish #ヤマサbento2025 #おべんとう #お弁当記録 #도시락 #曲げわっぱ,今日のお弁当;そぼろ弁当;ハロウィン弁当;onigiriaction;レッツニギニギ;おにぎりで世界を変える;お弁当;obento;lunchbox;bento;娘弁当;japanesefood;japanesebento;instafood;instagood;おうちごはんlover;私のおいしい写真;こっそり雑穀;mamagirl;フーディスト;かりんほんぽ;曲げわっぱ2510;snapdish;ヤマサbento2025;おべんとう;お弁当記録;도시락;曲げわっぱ
https://www.instagram.com/p/DNCS7Aazbw-/,8/7 🍱・・・・・・・・・・・・・・・・・・・・・・・・・・・・・・・・・・・・・・・・・학교 다녔을 때 수요일 급식은 유독 맛있는 메뉴만 나와서 기다려졌던 기억이 있어요 ₊✧그래서 수요일 특식을 만들어봤습니다 ₊♡₊˚ 🍒・₊✧⋆୨୧ ₊ﾟ 레시피는 사진에 자세히 적혀있어요 🥡🥢 ⊹ɞ₊✧ 오늘의 도시락 ✧₊ɞ 오므라이스ɞ 나폴리탄 파스타ɞ 문어모양 비엔나 소세지ɞ 방울토마토 2개・・・・・・・・・・・・・・・・・・・・・・・・・・・・・・・・・・・・・・・・・子どもの頃、水曜日の給食はとびきり美味しくて、毎週ワクワクしてたな₊✧そんな思い出をぎゅっと詰めて、水曜日のスペシャル弁当を作ってみたよ₊♡₊˚ 🍒・₊✧‎⋆୨୧ ₊ﾟ レシピは写真に詳しく書いてありますよ〜 🥡🥢 ⊹ɞ₊✧ 今日のお弁当 ✧₊ɞ オムライスɞ ナポリタンパスタɞ タコさんウィンナーɞ ミニトマト 2個・・・・・・・・・・・・・・・・・・・・・・・・・・・・・・・・・・・・・・・・・Wednesdays used to be the best at school ’cause lunch was always something yummy ₊✧So I put together a little Wednesday special to bring back those vibes ₊♡₊˚ 🍒・₊✧‎⋆୨୧ ₊ﾟ The recipe is written in detail in the photo 🥡🥢 ⊹ɞ₊✧ Today’s Lunchbox ✧₊ɞ Omuriceɞ Napolitan Pastaɞ Octopus-shaped Vienna Sausagesɞ 2 Cherry Tomatoes・・・・・・・・・・・・・・・・・・・・・・・・・・・・・・・・・・・・・・・・・#도시락 #직장인도시락 #점심도시락 #bento #obento #弁当 #べんとう #お弁当 #旦那弁当 #毎日弁当 #lunchbox #lunch #followforfollowback #follow4like #f4f #フォ #좋아요 #반사,도시락;직장인도시락;점심도시락;bento;obento;lunchbox;lunch;followforfollowback;follow4like;f4f;좋아요;반사
https://www.instagram.com/p/DKGF4bdB53f/c/18051318686080572/,오늘의 도시락🍱• 들기름 두부부침• 마늘쫑볶음• 고추참치• 김치들기름에 노릇노릇 구운 두부에 파양념장 올려주기😋,
https://www.instagram.com/p/DKvH2EoTo77/,"⠀⠀#도시락기록⠀⠀오늘은 수요고개를 넘어야하니 맛도리 메뉴로 골라줄 수 밖에 😋⠀⠀▸ 우삼겹유부초밥▸ 애호박부추전▸ 사과 + 땅콩버터⠀⠀우삼겹 잘게 잘라서 마늘이랑 간장 양념 해서 후다닥 볶아주고 부추랑 후라가케 넣어 단짠단짠 뚠뚠 유부초밥 만들어주기 🍙어제 먹고 남은 부침개 반죽으로 애호박부추전 부쳐 넣어주고 ,사과랑 땅콩버터 후식으로 챙겨주면 오늘 도시락도 든든하지 😉⠀⠀",도시락기록
https://www.instagram.com/p/DOvl1gYEgpQ/,🕸⋆꙳⁡⁡⁡シナモロールのハロウィン弁当 𓂃𓈒𓏸︎︎︎︎👻⁡⁡⁡ハロウィンのお弁当を作ってる時って普段のお弁当よりも数倍楽しいジャックオーランタンやおばけ達をどんな表情にするか考えて作るのも楽しいし👻⁡今年で最後かと思うと寂しすぎるー⁡⁡⁡⁡⁡⁡⁡⁡⁡⁡⁡⁡⁡⁡#ハロウィン#ハロウィン弁当#ハロウィンご飯#シナモロール弁当#シナモロールハロウィン弁当#シナモロールハロウィン#シナモン弁当#サンリオ弁当#秋弁当#女の子弁当#年長弁当#幼稚園弁当#キャラ弁#便當#도시락#キャラ弁3150#oben365#kodomo_bento_#mamagirl#minnano_obentou#kyaraben#lunchbox#lunchboxideas#bentoboxlunch#funfood#bekalanaksekolah#bentoanak#bentolunch#Halloween#Halloweenbento,도시락;oben365;kodomo_bento_;mamagirl;minnano_obentou;kyaraben;lunchbox;lunchboxideas;bentoboxlunch;funfood;bekalanaksekolah;bentoanak;bentolunch;Halloween;Halloweenbento
https://www.instagram.com/p/DOFbEEfEQqH/,"2025.09.02벌써 9월이라니,,,9월이지만 날씨는 아직 한여름🥵오랜만에 김밥 도시락을 싸고 싶은데 채소류가 들어가면빨리 상할까봐 집에 있는 스팸과 계란깻잎으로 간단하게 말아줬어요!김밥은 진짜 뭘 넣고 만들어도 맛있는거 같아요,,❤️그리고 마트 갔는데 소바바가 무려 3,990원에 팔고 있길래냅다 구매하고 도시락에 쏙 담아줬어요 ㅎㅎ허니맛은 먹어봐서 이번엔 양념맛으로 구매했는데웬걸,, 앙념도 진짜 너무 맛있잖아요🫢#직장인도시락 #직장인점심도시락 #점심도시락 #직장인점심시간 #도시락 #도시락기록 #도시락일기 #도시락스타그램 #도시락통추천 #계란스팸김밥 #김밥도시락 #자취일기 #쿡스타그램 #요리일기 #자취요리 #오도완 #오늘의도시락 #도시락메뉴",직장인도시락;직장인점심도시락;점심도시락;직장인점심시간;도시락;도시락기록;도시락일기;도시락스타그램;도시락통추천;계란스팸김밥;김밥도시락;자취일기;쿡스타그램;요리일기;자취요리;오도완;오늘의도시락;도시락메뉴
https://www.instagram.com/p/DPTwsC0EnvI/c/18104229355625130/,💟 소풍도시락오랜만에 다시 만들어본리본햄 유부초밥🩷꽉채워 담아봤어요:)김밥이랑 문어소떡까지 한칸씩🩵#도시락 #소풍도시락 #나들이도시락 #리본햄유부초밥,도시락;소풍도시락;나들이도시락;리본햄유부초밥
https://www.instagram.com/p/DOpZF2cgbNj/,"📝25.09.16.화오랜만에 짜장밥⍤역시 아무리 봐도요렇게 밥이랑 반찬 꽉꽉 차있는 집밥 도시락이 최고ꔚ 짜장밥은 고기 채소 아낌없이 넣어 걸쭉하게 만들어 놓고-!냉동해놓은 새우가 있어서 손질하고 아침부터 탕탕탕- 스트레스 해소했어요〰굽다가 하나 맛 봤는데 요거 새우살이 톡톡 씹혀서 식감도 좋고 매콤한 청양고추 맛이 은은해서 햅격..🙈잠자는 새우살 있는 분들 도시락 메뉴로 도전!!!👀아닛,, 오늘 도시락은 만들면서 제가 먹고 싶네욥💭오늘도 힘내용 ෆ̈#도시락 #직장인도시락 #남편도시락 #점심도시락 #집밥도시락 #집밥 #집밥요리 #집밥일기 #직장인점심 #점심메뉴추천 #도시락메뉴 #집밥메뉴 #수제도시락 #한식도시락 #한끼 #짜장 #짜장덮밥 #짜장밥 #새우동그랑땡 #새우전 #청경채",도시락;직장인도시락;남편도시락;점심도시락;집밥도시락;집밥;집밥요리;집밥일기;직장인점심;점심메뉴추천;도시락메뉴;집밥메뉴;수제도시락;한식도시락;한끼;짜장;짜장덮밥;짜장밥;새우동그랑땡;새우전;청경채
https://www.instagram.com/p/DLPBdq3ubmb/c/18064005331914333/,막둥이가 요청하신강아지 도시락왜이렇게 소풍 자주가는거같지…,
https://www.instagram.com/p/DQG6-z6EZ-w/,#협찬 오늘의 쏘락 도시락🍱▫️고구마 치즈 그라탕 (@dreamo_19 )이제 뜨끈뜨끈 군고구마의 계절이에요🍠🍠딱 마침 불로구마 서포터즈인 꼬구마로 한 달을 함께 하게 되었어요그 시작은 아이스 군고구마!그냥 먹어도 꿀이 뚝뚝뚝 떨어지는 고구마인데더 맛있게 먹으려고치즈 듬뿍 크래미 슥슥 그라탕으로 만들었습니다🍀..#쏘락도시락 #점심도시락 #직장인도시락 #직장인점심도시락 #꼬구마18기_쏘락 #불로구마 #고구마 #불로구마서포터즈 #고구마치즈그라탕 #고구마그라탕도시락 #고구마도시락,협찬;쏘락도시락;점심도시락;직장인도시락;직장인점심도시락;꼬구마18기_쏘락;불로구마;고구마;불로구마서포터즈;고구마치즈그라탕;고구마그라탕도시락;고구마도시락
https://www.instagram.com/p/DKraPFnyv4V/,귀여운 도시락 만들기 𖦹 ꩜ ♪피크닉 가기 전에 뭘 해볼까 하다가 만들어본 동동이와 리락쿠마!동동이는 참치마요 주먹밥이고 리락쿠마는 부드러운 에그마요 샌드위치랍니다 가끔 해먹는데 간단하고 맛있어서 레시피는 아래에 공유할게용 다음에는 아리 도시락 도저언 ! ଘ( ˊᵕˋ )ଓ★에그마요 레시피★1. 계란 3개를 풀어 전자렌지에 3분 돌리기2. 부푼 계란을 으깨고 재료 넣어서 섞어주기재료🥣마요네즈 4T머스타드 1T올리고당 1T소금 한꼬집후추 약간파슬리 뿌려서 마무리!@nezi_zip #네지사부작,네지사부작
https://www.instagram.com/p/DMrFLNoh4cG/,"🍱아침부터 30도.. 미친겁니까๐·°(৹˃ᗝ˂৹)°·๐회사오니까 얼굴이 익었어요ㅋㅋㅋ🥵그래도 낼까지만 일하믄 휴가라 힘내봅니다-!다덜 휴가계획은 세우셨나요!? 저는 그냥 소소하게 조카랑 놀고 친구 만나고 남편이랑 영화나 한편 때릴까 해요➰🏷️감자채덮밥과 반찬반찬공장 가동해서 반찬부자입니다ㅋㅋㅋㅋ약간 옛날도시락 스타일인데 감자채볶음에 밥 비벼먹으면 맛있어요! 그리고 볶음김치, 멸치볶음, 용가리는 게임오버 아닌가요🤍🏷️오이계란김밥과 닭봉조림오이씨 제거하고 소금에 절여주세요. 그리고 밥에 간하고 섞섞-!계란말이는 쯔유로 간 맞추고 말았더니 부드럽고 좋네요➰심플한 맛인데 고소한 계란과 아삭한 오이조합이 꽤 괜찮습니다.그리고 아주 성공적인 닭봉조림까지!!! 맘에 들어요😉계란김밥이 살짝 슴슴했는데 동생표 열무지짐 올려먹으니까 딱임.🏷️카레와 반찬카레 혼밥데이할때 먹은거 그~대로 도시락ㅋㅋㅋㅋㅋ또먹어도 맛있고요…?💛🏷️엽떡과 두부유부초밥엽떡에 양배추 추가 나온거 아시죠!??그래서 양배추 추가한 엽떡! 제가 시켜봤습니다. 첨엔 추가된거 맞아…?했는데 바닥에 깔려있더라구요ㅋㅋㅋㅋ저녁으로 실컷먹고 남은건 남편&제 도시락으루 털었습니다.매울땐 두부유부초밥으로 내려주긔〰️#점심도시락 #직장인도시락",점심도시락;직장인도시락
https://www.instagram.com/p/DKveyaKzI85/c/17859253359503209/,"-진짜 기록용 피드,,,이번 소풍은 햄버거세트 도시락 🍔🍟콜라는 젤리로 😉마지막이길 바랬는데한번 더 남았네 🫥결석시키까,,더운 날엔 치즈는 아닌걸로녹아서 엉망진창짜투리 먹어보고는 맛있다고신나서 간 유준 잘 다녀오고소풍은 이제 안갔으면 좋겠다 진심#엄마표도시락 #소풍도시락 #도시락그만 #소풍그만",엄마표도시락;소풍도시락;도시락그만;소풍그만
https://www.instagram.com/p/DOw8fxzgbu9/c/17860921758480401/,⁡⁡焼き鳥コールスローブロッコリーハムウインナーたまご焼きごはんぶどう🍇⁡バットばつ丸と、マイメロ🍙⁡今日は兄者のリレーの練習を覗きにいくよ👀またまたありがたやーな機会をありがとうございます😭気合い入れて思いっきり走るらしいのでたのしみ☺️笑⁡今週もお疲れさまでした〜( ˶ ᷇ 𖥦 ᷆ ˵ )⁡⁡#お弁当 #お弁当記録 #幼稚園弁当 #年長弁当 #年少弁当 #도시락 #lunchbox #お弁当日記 #デコ弁 #キャラ弁3150 #bento #ココ弁 #ばつ丸弁当 #マイメロ #サンリオ弁当 #マイメロ弁当,お弁当;お弁当記録;幼稚園弁当;年長弁当;年少弁当;도시락;lunchbox;お弁当日記;デコ弁;キャラ弁3150;bento;ココ弁;ばつ丸弁当;マイメロ;サンリオ弁当;マイメロ弁当
https://www.instagram.com/p/DE01AXizjPm/,#제리김밥🐶 설 맞이전 보강 수업 다니느라 정신없는🙄몸이 힘드니까 만사 다 귀탆아지니까 인서타도 귀찮요새 점심 안먹고 수업해서 그런지 더 힘든거 같아서 간만에 #묵참김밥 도시락 싸서 출근🫥피곤타 피고네😥#쩰시락 #밀프렙 #도시락 #점심도시락 #직장인도시락 #김밥 #다이아트김밥 #묵은지참치김밥 #침치김밥 #김밥맛집 #김밥레시피 #다이어트김밥 #다이어트식단 #식단 #다이어트도시락 #점심식단 #diet #dietfood #gimbap,제리김밥;묵참김밥;쩰시락;밀프렙;도시락;점심도시락;직장인도시락;김밥;다이아트김밥;묵은지참치김밥;침치김밥;김밥맛집;김밥레시피;다이어트김밥;다이어트식단;식단;다이어트도시락;점심식단;diet;dietfood;gimbap
https://www.instagram.com/p/DLldfWtzABs/,"⭐️소불고기+배추김치+물김치⭐️친구가 다이소 다짐기쓰는 나를 위해서 무려 무선 쵸퍼를 선물해죠땅,,😭🩷 쏘스윗이야 징짜루!!!🥰🥰주방템 업그레이드 완룡😆 받자마자 뭐든 갈갈해보고 싶어서 양파랑 마늘이랑 사과 갈아넣고 소불고기를 재워버림스 💤 다이소 다짐기도 완전 만족하고 썼었는데 이렇게 좋은걸 왜 이제 썼나 싶었당 ㅋㅋㅋ ㅋㅋ불고기에 느타리버섯 나름 꽃다발마냥 올렸는데 어때유?ㅋㅋ다른고기는 그냥 아무김치나 다 맛도리지만 요상하게 불고기에는 배추김치가 찰떡인 느낌! 그리고 어제도 챙겨온 물김치가 점심시간까지 더 알맞게 익어서 완전 물냉면 같고 맛있어서 오늘도 챙겨왔당 물김치 막차임 ㅠ 그치만 다음으로는 열무김치 대기중ㅎㅎㅎ 엄마최공👍 점심시간 빨리와랏 벌써 배고파아아아아아😁",
https://www.instagram.com/p/CymgSsSv3c5/,가을소풍 #도시락이번 컨셉은 꼬꼬패밀리🐔🐤🐤애들도 소풍에 들떴는지 엄마 일어날때 같이 일어나 도시락 중간점검 하면서 귀엽다고 쫑알쫑알😍오늘 신나게 뛰어놀고 맛있게 먹구 와~~❤️#하블리네_도시락..#소풍도시락#유아도시락#가을소풍#도시락꾸미기,도시락;하블리네_도시락;소풍도시락;유아도시락;가을소풍;도시락꾸미기
https://www.instagram.com/p/DP5bZvYgehw/,"おばけお弁当👻🪄︎︎　　もうすぐハロウィン🎃みんなはハロウィンお弁当作る（作った）のかな🥺♡？　今回は アーネスト すまいる雑貨 @smile.zakka さんの"" おばけおにぎり型 "" を使わせていただいたので簡単に可愛く出来ました✨　のりパンチも付いてるから、海苔をちまちま切らなくていい！（大事！！！）おにぎり以外にも卵焼きも使いました🙏🏻🤍　お弁当作りに欠かせないアイテムがたっっくさん！可愛いアイテム多数なのでぜひ飛んで見てください～！💘　▷▷ @smile.zakka 　おさつコロッケは幼児食アカウントの方でレシピ投稿予定です🍠- - - - - - - - - - - - - - - - - - - - - - - - - - - - - - - - - - 　いいね・コメント・保存 いつもありがとうございます🌷︎　☞ @kuu1.obento 　- - - - - - - - - - - - - - - - - - - - - - - - - - - - - - - - - 　#PR #すまいる雑貨アンバサダー #アーネスト #すまいる雑貨 ##お弁当 #子供弁当 #子供お弁当 #幼稚園お弁当 #幼稚園弁当 #こどもお弁当 #子ども弁当 #幼児食 #離乳食 #保育園弁当 #お弁当記録 #年少弁当 #年中弁当 #年長弁当 #도시락 #ハロウィン #ハロウィンごはん #halloween #ハロウィン弁当",PR;도시락;halloween
https://www.instagram.com/p/DOwlovAE9wG/,"#협찬 #무료제공 #무료지원 #하림 #역시하림 #계모임체험단 #동물복지IFF큐브닭가슴살스위트바비큐@harim_official더위가 지나고 선선한 가을 정취가 물씬~🍂요런 날은 야외 나들이 가줘야 제맛이잖아죠.아이들 어릴 때는 도시락 싸들고 나들이도 자주 갔었는데, 이제는 일정 맞추기도 힘드네요.ㅎㅎ다들 각자 스케줄이 아주 바쁘심.추억 떠올려보며 가을 소풍 도시락 싸봤답니다. 도시락이 주는 정겨움이 또 있잖아요. 만들 때부터 괜히 기분 좋아지는 거 실화냐며~ 이제 쌀 일도 거의 없다 보니 더 그리운가 봐요.이번 도시락 메뉴는 하림 동물복지 IFF 큐브 닭가슴살 스위트 바비큐맛으로 만든 닭가슴살 샐러드와 유부초밥!🍱 간단하면서도 맛과 건강까지 챙길 수 있어 넘 좋죠.👉 동물복지 IFF 큐브 닭가슴살은 4가지 맛① 트러플맛② 스위트 바비큐맛③ 고추찜닭맛④ 맥적구이맛이미 양념이 돼 있어 다른 양념없이도 간편하게 조리 가능하고, 팬이나 에어프라이어로 금방 완성되는 촉촉한 식감이 매력 포인트예요.✨📌 동물복지 IFF 큐브 닭가슴살 특징ㆍ 담백한 닭가슴살을 한입 크기로 개별 급속 동결해 간편 조리 가능ㆍ 팬이나 에어프라이어로 간단하게 완성되는 촉촉한 식감ㆍ 동물복지 인증 닭고기 사용ㆍ 영하 35℃ 이하 급속 동결로 신선한 육질 유지가을은 유독 짧아서 늘 아쉽잖아요. 추워지기 전에 맘껏 만끽해볼래요.💛...........#동물복지 #동물복지IFF큐브닭가슴살 #동물복지닭가슴살 #하림닭가슴살 #큐브닭가슴살 #닭가슴살 #닭가슴살요리 #닭가슴살레시피 #닭요리 #큐브닭가슴살요리 #도시락 #도시락메뉴 #닭가슴살도시락 #다이어트도시락 #도시락레시피 #직장인도시락",협찬;무료제공;무료지원;하림;역시하림;계모임체험단;동물복지IFF큐브닭가슴살스위트바비큐;동물복지;동물복지IFF큐브닭가슴살;동물복지닭가슴살;하림닭가슴살;큐브닭가슴살;닭가슴살;닭가슴살요리;닭가슴살레시피;닭요리;큐브닭가슴살요리;도시락;도시락메뉴;닭가슴살도시락;다이어트도시락;도시락레시피;직장인도시락
https://www.instagram.com/p/DNmhTb-Ju0V/,📆 8/21📍 떡갈비 주먹밥 오늘도 언니 부탁으로 미니 도시락으로 싸봤어요 ヾ(•̀ ヮ <)و 어제 너무 적지 않았냐고 물어보니 너무 적어서 다이어트에 좋았다고 하더라구요 ㅋㅋㅋㅋ 가끔은 미니 도시락으로 부탁한다고 했어요 ჱ̒^ ̳ ̫ ̳^ 도시락 통이 너무 작아서 주먹밥 넣으니 다른 반찬 넣을 자리가 없어서 그건 좀 아쉬웠어요. 다음엔 더 알차게 싸줘야겠어요 (՞ •̀֊•́՞)ฅ,
https://www.instagram.com/p/DQI1G9JEmJD/,#도시락,도시락
https://www.instagram.com/p/DP5CaBaAcdY/c/18001962164821829/,⁡⁡つくね小松菜焼き浸しミニトマトブロッコリーハムウインナーそぼろごはんキウイ🥝⁡妹者リクエストのトゥントゥントゥンサフール(°▽°)兄者がお弁当覗いて、泣きながらこれ可愛くないからヤダ😭😭😭て(笑)号泣(笑)それ見てゲラゲラしてる妹ww兄者だけ顔もぎ取って持たせたww⁡⁡今週もお疲れさまでした〜！⁡⁡#お弁当 #お弁当記録 #幼稚園弁当 #年長弁当 #年少弁当 #도시락 #lunchbox #お弁当日記 #デコ弁 #キャラ弁3150 #bento #ココ弁  #トゥントゥントゥンサフール #TungTungTungSahur #トゥントゥントゥンサフール弁当,お弁当;お弁当記録;幼稚園弁当;年長弁当;年少弁当;도시락;lunchbox;お弁当日記;デコ弁;キャラ弁3150;bento;ココ弁;トゥントゥントゥンサフール;TungTungTungSahur;トゥントゥントゥンサフール弁当
https://www.instagram.com/p/DOwmrvlk0ei/,체험학습 도시락 완성🍱늘 같은 메뉴 :)#도시락,도시락
https://www.instagram.com/p/DQGU_lmEU0D/c/18085150438940138/,오늘의 식단 공유 🍽️· 애호박 참치 덮밥 · 소세지 · 단무지 · 멸치 · 사과 🧡소소하지만 건강하게 챙겨먹기 🧡#애호박 #참치 #집밥 #식단 #메뉴 #유아식 #밥상 #도시락 #bento #yummy #homecooking #맛있어,애호박;참치;집밥;식단;메뉴;유아식;밥상;도시락;bento;yummy;homecooking;맛있어
https://www.instagram.com/p/DL6QGD3SVHQ/,#서말숙도시락 #🍱▪️햇반▪️닭볶음탕▪️콩나물무침▪️오이탕탕이▪️열무김치요즘 날씨가 심각하게 덥네요 🥵더울땐 잘먹어야 하니 닭볶음탕 챙겨봤어요제 닭볶음탕 레시피는 마지막에 고추장 반스푼이 킥인데하필 똑 떨어져서 맛이 어떨지 모르겠네요 😡온열질환 조심하시고 오늘도 화이팅 하세요 🩵#직장인도시락 #도시락그램 #도시락 #밥상 #닭볶음탕 #닭볶음탕도시락 #밥스타 #남편도시락 #남친도시락 #도시락맛집,서말숙도시락;직장인도시락;도시락그램;도시락;밥상;닭볶음탕;닭볶음탕도시락;밥스타;남편도시락;남친도시락;도시락맛집
https://www.instagram.com/p/DMoXz2-zYa0/,"주말 퇴근 후 엽기닭볶음탕 시켜 먹고남은 닭고기살 찢어 넣고 볶음밥 하려고 했는데 남은 게 없..다😅남은 소스로 소세지,계란 넣어서 볶음밥🤎💛매콤한 엽닭소스 하나면 다른 양념 필요없어요➿♥ 소세지볶음밥♥ 야채해물전♥ 깻잎지♥ 콩조림♥ 멸치볶음♥ 김치날씨가 덥다 못해 뜨겁네요..☀️💥에어컨 틀고 요리해도 땀 뻘뻘🫠초절정 한여름 잘 버팁시둥!#남편도시락 #직장인도시락 #점심도시락 #회사도시락 #도시락메뉴 #도시락 #도시락기록 #도시락추천 #도시락싸는아내 #🍱",남편도시락;직장인도시락;점심도시락;회사도시락;도시락메뉴;도시락;도시락기록;도시락추천;도시락싸는아내;🍱
https://www.instagram.com/p/DJIlwPczy1x/,울 댜니 첫 도시락 완성🦖🩷🐰처음이라 긴장했는데 다 만들고 보니 너무 뿌듯하쟈나🫶🏻 울 애기가 좋아하는 것들로 가득 채워봄! 숲활동 다녀와서 맛있게 먹어줘다인아🥰이거 비싼 도시락이야ㅋㅋㅋㅋㅋㅋㅋㅋㅋㅋㅋㅋㅋ그중에 제일은 엄마빠의💌옴먀 내년엔 두개 싸야하네…??🫢ㅋㅋㅋㅋㅋㅋㅋㅋㅋ역시 쉽지않은 애둘맘^^내년엔 더 예쁘게 싸줄게 우래기들🩷💛💚💜❤️#34개월아기,34개월아기
https://www.instagram.com/p/DNo4ovKz6j6/,おはようございます☀きょうのお弁当は#からあげ弁当  ▷鶏の唐揚げ▷麺つゆおにぎり▷パプリカとミニトマトのマリネ▷ブロッコリー▷ポテトフライ ✎𓂃𓂃𓂃𓂃𓂃𓂃𓂃𓂃 今日のお弁当はアルモンデで作ったお弁当🐓唐揚げをリーゼントに見立てたつっぱりおにぎり(？)にしてみました🖤(笑) ⁡そしてそして8/21～8/23でギト弁選手権が開催中とのことでこの唐揚げ弁当で参加させていただきます❣ …今年はギトギト感がかなり少な目になってしまいました🤣🤣🤣💦私的には唐揚げを盛り盛りっと詰めてギト感を出したつもりです←  ⁡ ちなみにギト弁選手権とはいっちーさんなべんさんが共同企画しているもので💡@icchi_hiro @naben_ji  普段彩り、栄養バランス、映えなど意識して作ってる弁当🍱一旦忘れて若い男子が好きそうな茶色でギットギトで背徳感マシマシなお弁当作ってみませんか🤣(いっちーさん説)とのことでした～～～～！！！#ギト弁選手権 #ギト弁選手権2025 のタグ付け必須ですのでご注意ください♬ ⁡このお弁当箱は去年開催時に当選させていただいて、プレゼントしていただいたお弁当箱なんです🎁✨ 今年も素敵なお弁当箱が商品みたい🤭❤明日まで開催しているので是非皆様参加してみてくださいね♬  ✎𓂃𓂃𓂃𓂃𓂃𓂃𓂃𓂃𓂃𓂃⁡いつも見てくださりありがとうございます･*:.｡❁⁡今日もゆるりといきましょうଘʕ੭·͡ᴥ·ʔ ੭✎𓂃𓂃𓂃𓂃𓂃𓂃𓂃#お弁当 #弁当 #bento #かわいいお弁当 #便当 #도시락 #手作り弁当 #旦那弁当 #oben365 #曲げわっぱ2508 #かりんほんぽ ⁡,bento;도시락;oben365
https://www.instagram.com/p/DOLYqBPEXz4/,"2025.09.04#제품제공 오늘의 도시락 사진을 저녁시간이 되서야 올리다니🥲조금 늦었지만 오늘의 도시락을 소개하자면!얼마전 올렸던 김밥 도시락을 많이들 좋아해주셔서또 소풍 느낌이 나는 도시락으로 말아와봤어요!😋다진소고기 넣어서 색감과 식감 모두 살려주고아삭아삭 배추김치와 미니 버터쿠키까지 챙겨주면간단하지만 맛있는 도시락 완성!귀여운 도시락가방에 쏙 담아주니 소풍 분위기 한껏 up!!출근길도 상큼해지는 매직을 경험했습니다💗부담스럽지 않은 사이즈에 디자인도 보냉 기능도 완벽하니앞으로 제 애착 도시락 가방이 될 것 같아요,,😝🍴@jworldny#직장인도시락 #직장인점심시간 #직장인점심도시락 #점심도시락 #도시락 #도시락스타그램 #도시락일기 #도시락기록 #유부초밥도시락 #소고기유부초밥 #벤또 #오늘의도시락 #자취요리 #소풍도시락 #제이월드 #도시락가방 #보냉백 #미니보냉백 #쿨러백",제품제공;직장인도시락;직장인점심시간;직장인점심도시락;점심도시락;도시락;도시락스타그램;도시락일기;도시락기록;유부초밥도시락;소고기유부초밥;벤또;오늘의도시락;자취요리;소풍도시락;제이월드;도시락가방;보냉백;미니보냉백;쿨러백
https://www.instagram.com/p/DPyokfmD0ln/,"-긴 연휴를 잘 보내고 어린이집 등원과 동시에서울대공원으로 가을소풍 다녀온 라유늬 🍁봄 소풍때 싸주었던 도시락이 마음에 들었는지,소풍을 앞두고 지난번 봄 소풍때처럼문어랑 달팽이김밥, 과일 그리고 블루베리맛 나는 캐릭터빵을후식으로 꼭 넣어달라고 몇 번이고 말해주었다.확실한 라윤덕분에 진짜 다른거 안하고 원하는것만쏙쏙 도시락을 만들다보니 출근전에 마음은 분주했지만한시간도 안걸리는 초간단 도시락으로 싸주고는기분좋게 소풍을 보내고, 잘 다녀와준 오늘의 라윤이❣️라윤이가 내 도시락이 제일 예뻤다며 맛있게 다 ~ 먹었다고고맙다고, 다음에 또 같은걸로 부탁해 ~ 라고 해주었다🙂‍↕️그리고 지난소풍때 선생님 간식으로는 루꼴라잠봉뵈르를만들어 드렸는데 같은걸 해드릴 수 없으니 클래식한에그포테이토 샌드위치를 만들어 드렸고,물어보지 않았는데 선생님께서 너무 맛있게 드시더라 엄마 ~엄마 최고야 ~ 라고 말해주는 딸 덕분에여러모로 뿌듯한 하루 !✊🏻#라유니도시락 #라유니먹기록",라유니도시락;라유니먹기록
https://www.instagram.com/p/DBkfiuLPdJ9/c/18342246232124357/,재율이 현장학습 도시락🍱엄마! 이거 진짜 이쁘다~해줘서 고맙댜🖤⠀📍도시락통 @dasoda_lunchbox나머진엄마표🐿🐿🌰,
https://www.instagram.com/p/DNMj8dnh357/,"🍱회사오면 넘나 기운이 빠지지만ㅋㅋㅋㅋ그래도 밥만큼은 잘챙겨먹는 찌니집밥입니다🤣사실, 요즘 컨디션 난조이슈로 저녁도 대충 차려먹고 도시락도 종종 빼먹고 있어요〰️ 칸 채우기 넘나 빡센것…(・_・)ノ✔️카레카레 끓이면 한솥.. 다들 아시죠!?ㅋㅋㅋㅋ마지막 카레는 도시락 당첨입니다➰ 반찬도 냉털!• 반찬 : 멸치볶음, 오징어부추전, 열무지짐✔️훈제오리볶음밥몸에 좋은 파프리카 잔~뜩 넣고 만든 훈제오리볶음밥쓰➰고소하니 넘 맛좋아요!!• 반찬 : 닭강정, 스크램블에그, 총각김치✔️고순김치참치볶음밥고구마순김치가 폭삭 익어가지고 그냥은 못먹겠더라구요.이럴땐 김볶이 최고지라👍🏻그런데 김치만 넣는건 있을 수 없는 일이라 야채참치 추가ㅋㅋㅋ집에 반찬이 똑 떨어져서 대패삼겹에 야채넣고 데리야끼소스로 볶볶!그리고 동생표 소고기장조림 존맛이였어요. 파는거같았음(칭찬임)• 반찬 : 대패삼겹볶음, 소고기장조림✔️간장계란밥간단하게 간계밥과 용가리 챙겼어요👻두끼 연속으로 먹은건데 질리지 않는 메뉴인건 분명합니다!• 반찬 : 용가리, 열무김치#직장인도시락 #점심도시락",직장인도시락;점심도시락
https://www.instagram.com/p/DDdbXqdzc_B/,.도시락 느므 싸고퐜는데  4년만에 첨 싸봄🎶4년에 한번이 딱인듯👍🏻신나서 소풍간 언니야 즐겁게 놀다와😍.픽 챙겨라고 말을 안했노😭😫 꼭 챙겨와🙏🏻 1회용 아니다ㅜㅜ.#도시락#소풍도시락🍱 #케릭터도시락#시나모롤도시락#サンリオおにぎり#キャラ弁初心者,도시락;소풍도시락;케릭터도시락;시나모롤도시락
https://www.instagram.com/p/DPPhxlME-bQ/,오늘 만든건 아니고 저 밥 안했습니다~ 오늘은 국군의날 뚱데렐라 군인아저씨는 쉬는 날 이랍니다🫥 어제 내기 해서 진 뚱데렐라는 아침밥을 하기로 했고 쓸데없이 일찍 일어나 삼겹살 굽고 있는 중이랍니다😑 아침부터 진짜😮‍💨 꽁꽁 얼어 다같이 붙어 있는 삼겹살 덩이리 통째로 올려 사투중이고 기름 튄다고 똥강아지들 비옷 입혀 놓고 동네 챙피하게 문이란 문은 다 열어 놓고 누구랑 얘기하는건지 혼자 계속 뭐라고 떠들고 있고 아무래도 저거 악령이 씌운 거 같아요😓 그냥 져줄껄🤦‍♀️#김밥 #도시락,김밥;도시락
https://www.instagram.com/p/DKM4pzKST-i/,가나디 김치볶음밥🍚저 아무래도... 캐릭터 도시락 만들기에 맛들린 것 같아요...이번엔 친구들의 요청을 받아 만든 가나디 도시락!🐶쉬울 줄 알았지만 생각보다 디테일 잡기 꽤 어려웠다는 후문...요즘엔 캐릭터 도시락만 싸서 그런가평범한 메뉴를 올리기엔... 흠 뭔가 심심한 것 같은 느낌?그래서 도시락 사진은 꽤 되는데 업로드를 미루고 있었어요🤔그치만 원래 현실 도시락을 기록하기 위해 만든 계정이니앞으론 마음 가는대로 쭉 올려보겠슴니다 우하하!갑자기 개판오분전 도시락이 나와도 놀라지마시기를...😎암튼지간 캐릭터 도시락은 계속 이어질거구요🍙언제든 캐릭터 추천 받습니다🧑‍🍳🤍#도시락기록,도시락기록
https://www.instagram.com/p/DQA-KVqAQWd/,"📝25.10.20.월#제품제공 일그러진 하트..?⍤오늘 도시락은 남편이 좋아하는 참마덮밥ෆ̈정말 간단한데 완전 맛보장되는 도시락 필수 메뉴죠🤍달걀 풀어 스크램블 해주고 김자반+쪽파로 색감 더해주기〰간장소스에 채 썰어 볶은 양파 밥 위에 깔아주고그 위에 하트모양 참치마요 올려주기ꔚ오늘 도시락 하이라이트 ‘하인즈 50% 지방 줄인 마요네즈‘✨하인즈 제품이야 워낙 유명한데 지방까지 줄인 제품이라 먹는 동안 맘까지 폴폴 가벼워집니당…💭예쁘게 짜고 싶은데,, 일그러진 하트지만!?ㅎㅎ좋아하는 메뉴 맛있게 먹으용ෆ̈오늘 날씨가 너무 추워요🥶다들 옷 따뜻하게 챙겨 입으세욥🧦🤍+요러고 마요네즈 더 짜가기..헣👀🎁 하인즈 ( @heinz_kr_official )#도시락 #직장인도시락 #남편도시락 #점심도시락 #집밥도시락 #집밥 #집밥요리 #집밥일기 #직장인점심 #점심메뉴추천 #도시락메뉴 #집밥메뉴 #수제도시락 #한식도시락 #한끼 #하인즈 #마요네즈 #하인즈마요네즈 #참치마요덮밥 #참치마요 #닭다리살구이",제품제공;도시락;직장인도시락;남편도시락;점심도시락;집밥도시락;집밥;집밥요리;집밥일기;직장인점심;점심메뉴추천;도시락메뉴;집밥메뉴;수제도시락;한식도시락;한끼;하인즈;마요네즈;하인즈마요네즈;참치마요덮밥;참치마요;닭다리살구이
https://www.instagram.com/p/DKOcMsWT8Q_/,"5/29- 버터장조림비빔밥- 애호박멘보샤 & 칠리소스- 콩나물무침 & 단무지- 치킨샐러드오늘 메뉴 완전 푸짐하죠?새우패티를 만들면서 조금 빼둔걸로 멘보샤를 했어요❤️새우반죽 만든거 맛을 첨 봤는데 탱글탱글하게 씹히는게 너어어어무 맛있어요😍😍닭안심도 아라레와 빵가루 두가지로 튀겨서 샐러드에 올려줬어요😆멘보샤와 치킨 하고 남은 계란을 스크램블해서 덮밥에 알차게 써서 마무리!만들고보니 소고기, 닭고기, 새우, 계란까지 단백질 폭탄이네요😆👍노란 반찬들이 많다보니 사진 아무리 찍어도 누렇게 되서 조금 보정했는데 괜찮을지 모르겠어요🥲 너무 쨍한가..?#도시락 #직장인도시락 #직장인 #점심메뉴 #버터장조림비빔밥 #애호박멘보샤 #치킨샐러드",도시락;직장인도시락;직장인;점심메뉴;버터장조림비빔밥;애호박멘보샤;치킨샐러드
https://www.instagram.com/p/DBgVWLWTZ5J/,"우리 휘 대망의 가을 소풍도시락🍁🍂🐿️컨셉을 가을로 잡아놓고 몇주전부터 틈틈히 고민해어제부터 데코 준비, 오늘 5시반부터 일어나 열심히 만들었어요😆새벽부터 일어났는데도 만드는 내내 어찌나 재밌던지시간 가는 줄 모르게 열심히 열중하며 만들어놓고만든 결과물을 보며 어찌나 뿌듯하던지역시나 이게 내 적성에 맞구나 싶었네용😆보자마자 소세지 햄버거가 먹고 싶다며 한입 먹어보고는“엄마 다 다 넣어주세요!!”를 외친 휘와오빠 도시락이 부러운지 “나!나!”를 외친 율이를 위해남은 데코를 활용해 아침밥을 만들어주니받아보며 “우와~~~” 따봉을 들어준 우리 겸딩이들💛💙다행히 소풍지까지 멀쩡하게 도착했다는 다람쥐 유부초밥!우와~~맛있겠다~~를 외쳤다는 선생님과 휘 친구들ㅎㅎ간식만 싸온 친구 한명에게 김밥2개와 유부초밥1개,휘가 제일 좋아하는 해바라기소세지를 나누어주고는상추만 빼고 모든 음식을 다 먹었다는 휘💙대단하다 너무 예쁘다며 칭찬해준 가족들, 친구들, 인친님들과싹싹 잘먹어준 휘 덕분에 너무나 뿌듯했던 하루였답니당🥰#가을소풍 #가을소풍도시락 #소풍도시락 #글라라키친 #휘✨",가을소풍;가을소풍도시락;소풍도시락;글라라키친;휘
https://www.instagram.com/p/DBLaQxCzoIH/,"★_평소보다 1시간이나 일찍, 무려 다섯 시 반에 일어나 만든🤪우리 우혁이의 인생 첫 소풍 도시락!이게 뭐라고 한 시간이나 걸렸지만,출근 준비 전에 못 끝낼까봐 아주 맘졸이며 만들었지만,급하게 검색하고 따라한 @kongkong2_kim 레시피와도시락통이 없어도 아쉽지 않았던 @livingcreat.or 컬러풀 용기 덕분에다행히 계획대로 착착, 그럴싸하게(?) 무사히 완성!내가 만들었지만 (아 물론 내 아이디어는 아니지만☺️)너무 귀여웁네😍ㅋㅋㅋ#도시락 #소풍도시락 #유치원도시락 #유치원소풍 #유치원소풍도시락 #소풍도시락싸기 #도시락만들기 #다섯살첫소풍도시락",도시락;소풍도시락;유치원도시락;유치원소풍;유치원소풍도시락;소풍도시락싸기;도시락만들기;다섯살첫소풍도시락
https://www.instagram.com/p/DPLbAfnkuog/,こんにちは♪#今日のお弁当❁鶏肉のレモン煮🍋 (6個ぐらい入ってます😋)❁にんじんしりしり❁星の卵焼き🌟❁紫キャベツのナムル❁ちくわのおばけ👻❁プチトマト、ブロッコリー❁黒ねこさん、おばけちゃん、くまさんミイラおにぎり追記🌟黒ねこさんのお髭はだいぶ硬かったので、写真撮ってから取り除いちゃいました💦#ハロウィン弁当 #くまさん弁当 #ねこ弁当 ノープランで作ったハロウィン弁当🎃プチトマト、ちょっとホラーすぎたかな⁈👻🍅くまさんが、今日はミイラになっちゃいました🤭＊.｡.＊ﾟ＊.｡.＊ﾟ＊.｡.＊ﾟ＊.｡.＊ﾟ＊.｡.＊ﾟ＊メインの鶏肉のレモン煮🍋は、給食でも出ていたメニューで、我が家でも大人気😋❤️甘辛い唐揚げにレモン風味が美味しい🤤昨夜作っておいたから、朝ラクでした🙌🏻月曜日！明日で9月も終わるとは😳早いな〜今週もよろしくお願いします✨＊.｡.＊ﾟ＊.｡.＊ﾟ＊.｡.＊ﾟ＊.｡.＊ﾟ＊.｡.＊ﾟ＊見に来てくださりありがとうございます🙇🏻‍♀️💕@happy.k.baglecafeいいね♡フォローとても嬉しいです🥹#お弁当 #お弁当記録 #旦那弁当 #高校生弁当 #高校生男子弁当 #こども弁当 #スケーター弁当箱 #おばけおにぎり #黒ねこおにぎり #キャラ弁 #簡単キャラ弁 #かわいいお弁当 #かりんほんぽ #曲げわっぱ2509 #bento #도시락 #wp_deli_japan #おべんたぐらむ,bento;도시락;wp_deli_japan
https://www.instagram.com/p/DFL_Y6Kzi94/,1월 24일 #밍키식단[ 닭가슴살 양배추쌈 ]👧🏻• 찐양배추 200g• 저당현미밥 120g• 한끼통살 (@hankki_tongsal )그릴드닭가슴살 볼케이노 100g• 시금치나물 30g• 엄마표 무생채 15g• 명장바이오 (@myoungjang_food_official )미역김자반 1포🫧 요즘 양배추가 달다고 엄마께서 한가득 사와서 쪄주셨어용 ! 덕분에 오늘 도시락은 찐양배추를 가득챙겨 밥이랑 같이 싸먹으려구 챙겨줬습니당 ㅎㅎ 참치쌈장을 만들까하다가 매콤한 볼케이노 닭가슴살을 같이 챙겨줬는뎅 잘어울릴지 모르겠네용 😝 벌써 이번주도 끝나구 내일부터 쭉 연휴 시작이네용 ㅎㅎ 1월이 끝나가는게 시간이 넘 빠르게 흐르는 것 같아요 😭 연휴에도 열심히 집밥피드를 준비해볼게용 기대해쥬셔용 😝 그럼 다들 이번주도 고생많으셨구 오늘 하루 행복가득 홧팅입니당 !#직장인도시락 #도시락 #식사기록 #집밥 #다이어트도시락 #간단요리 #양배추쌈 #닭가슴살 #おうちごはん #ダイエット日記 #ソーセージ,밍키식단;직장인도시락;도시락;식사기록;집밥;다이어트도시락;간단요리;양배추쌈;닭가슴살
https://www.instagram.com/p/DF9NRudx82b/c/18114128350448790/,"대단한 일도 없는데 괜히 부산해서 포스팅도 제대로 못하고있지만 도시락!! 아직도 어김없이 싸가고 있습니다💪🏻둘째가 “점심먹는 시간이 부족하다는 이유”로 (사실은 친구랑 노느라💦) 점심도시락을 그대로 남겨오는 날도 꽤 있지만 그래도 도시락은 계속 싸가고 있어요. ”쌀“을 잘 안먹던 아이들이 이젠 주먹밥, 유부초밥, 김밥, 볶음밥 등도 잘먹게되어 싸줄 수 있는 음식의 종류가 늘었어요. 덕분에 저의 도시락 메뉴 선택지도 많이 늘었답니다.최근에는 무쌈에 파프리카, 오징어숙회, 무순을 넣고 무쌈말이를 싸줬는데 맛있다며 또 싸달라고 하더라고요:) 오징어나 새콤달콤한 맛 좋아하는 아이들에게 추천합니다!도시락.. 여전히들 싸고 계시죠??😂 #도시락",도시락
https://www.instagram.com/p/DOKRB0KkpbH/c/17958622547990745/,써모피셔사이언티픽 with 도시락키친제가 도시락키친을 만들게 된 이유 중 하나가 직장인이던 시절 행사는 많은데 마음에 드는 도시락 구성과 포장까지 완벽한 곳이 없어서 매번 시간낭비를 많이하다! 그렇다면 내가 한번 만들어보자! 라는 마음으로 도시락키친을 시작하였습니다.제 생각과 같은 분들이 많아 저희가 준비하는 도시락을 좋아해주시고 꾸준히 찾아주신 분들 덕분에 이번 여름도 바쁘게 보낼 수 있었습니다. 9월 행사도 가득 채워주셔서 감사합니다!강남이나 여의도 등 서울에 저희가 도시락을 준비해드린 수많은 기업과 공공기관 등을 지나갈때 내적 친밀감도 높고 얼마나 뿌듯한지 몰라요 ㅎㅎ 이번 행사 도시락도 많은 분들이 좋아해주셨고! 다음달 전 직원 행사에도 도시락을 주문해주신다는 말씀까지 해주셔서 우리 팀 모두 행복해하였습니다❤️정성스럽게 준비한 도시락 모두 좋아해주셔서 감사합니다!오늘 행사들도 부지런히 잘 준비하겠습니다!!!,
https://www.instagram.com/p/DO3OZQtkdu0/,"@@넌 뭐 먹을래?🔥 평생 한솥 메뉴 단 두 가지! 🍱여러분은 어떤 조합으로 평생 드실 건가요?저는 고민 끝에 2번 제육덮밥 + 5번 송정식떡갈비로 선택했어요 ✔️매콤달달 밥도둑 제육덮밥 한 그릇에, 불향 가득 정성 가득한 떡갈비까지! 🥩🍚든든함과 만족감을 동시에 잡는 최고의 조합 아닐까요? 😋✨여러분의 최애 한솥 픽은 무엇인가요? 👇댓글로 여러분의 선택을 공유해 주세요🫶❤️#밸런스게임 #한솥 #도시락 #음식",밸런스게임;한솥;도시락;음식
https://www.instagram.com/p/DO3OZQtkdu0/c/18096725956660312/,"@@넌 뭐 먹을래?🔥 평생 한솥 메뉴 단 두 가지! 🍱여러분은 어떤 조합으로 평생 드실 건가요?저는 고민 끝에 2번 제육덮밥 + 5번 송정식떡갈비로 선택했어요 ✔️매콤달달 밥도둑 제육덮밥 한 그릇에, 불향 가득 정성 가득한 떡갈비까지! 🥩🍚든든함과 만족감을 동시에 잡는 최고의 조합 아닐까요? 😋✨여러분의 최애 한솥 픽은 무엇인가요? 👇댓글로 여러분의 선택을 공유해 주세요🫶❤️#밸런스게임 #한솥 #도시락 #음식",밸런스게임;한솥;도시락;음식
https://www.instagram.com/p/DQIkFojkkYE/,"1025. 10. 23북어콩나물국돼지고기 김치볶음온두부 / 간장치킨/ 양념소스, 소금백목이무침참나물무침꽈리고추죽봉어묵볶음배추겉절이단감요구르트사이드메뉴누룽지, 잔치국수",
https://www.instagram.com/p/DQGHcTvCRyN/,2025.10.22- 낙지볶음 + 소면- 김치치즈주먹밥#도시락 #도시락메뉴 #도시락반찬 #도시락스타 #도시락스타그램 #직장인도시락 #자취생도시락 #맞팔,도시락;도시락메뉴;도시락반찬;도시락스타;도시락스타그램;직장인도시락;자취생도시락;맞팔
https://www.instagram.com/p/DQIXGSvE6WH/,🌸今日のお弁当10月23日　木曜日　晴れ#エビフライおにぎり弁当#エビフライおにぎり　（サラダ巻き風マヨ入り）#ローゼルとネギの玉子焼き #牛肉コロッケ　（私のお助けマン）#マスカット#具沢山みそ汁　（写真撮り忘れ）・大根・人参・じゃがいも・舞茸・揚げ・ネギおはようございます🙇‍♀️最低気温15℃朝起きた時に靴下履いてなかったから床が冷たいと感じた朝でした夏からいきなり冬になってる感じ私の好きな秋は何処へ😣そんな今朝はエビフライおにぎり#おにぎりアクション #onigiriaction ちょうど1年前、初海外で韓国🇰🇷に連れて行ってもらった時のお土産の韓国海苔でおにぎり作ったんだった〜あれから1年韓国🇰🇷また行きたいな〜Netflixで土日配信中の#テプン商事　を楽しみに今日も1日頑張ろ〜#今日のお弁当#お弁当記録#お弁当#弁当#도시락#便當#べんとう#娘のお弁当#韓ドラ#ジュノ可愛い#しっかりおばさん#聖地巡り#したい#パクソジュン#好き#私のおいしい写真#レタスクラブ#西部ガス#海老フライ#レタス巻,onigiriaction;도시락
https://www.instagram.com/p/DQIwkFKiVBj/,🍱🍱 오늘 내 도시락 마치 미쿡학생 스낵도시락같은🤣그나마 샐러드와 방토가 내건강 지킴이인듯🫶......#집밥 #홈쿡 #한식#koreanfood #밑반찬#집밥스타그램 #푸드스타그램#onthetable #수다맘테이블#현실밥상 #엄마밥상 #가정식밥상 #가정식#냉털 #한식밥상#도시락 #직장인도시락#현실도시락,집밥;홈쿡;한식;koreanfood;밑반찬;집밥스타그램;푸드스타그램;onthetable;수다맘테이블;현실밥상;엄마밥상;가정식밥상;가정식;냉털;한식밥상;도시락;직장인도시락;현실도시락
https://www.instagram.com/p/DQIZd9rD45Z/c/18065851196372328/,おはようございます😊昨日から保温ランチジャーを使い始めたら、次男坊に米に対しておかずが足りない〜と言われたので、中華丼の具を追加💨保温のお弁当箱は、ご飯やおかずをさます時間が無いのをいい事にのんびりしてたら、今日は少し早く行くから。と言われ大慌て😵‍💫中華丼の具にエビ入れたんだけどな…スープジャーの奥底に全部沈んでる模様(´-ω-｀)#高校生弁当☺︎たれ漬け唐揚げ☺︎たまご焼き☺︎中華丼の具☺︎どら焼き⋆┈┈┈┈┈┈┈┈┈┈┈┈┈┈┈⋆#高校生男子弁当#男子高校生弁当#高校生のお弁当#元野球部弁当#元高校球児弁当#今日のお弁当#息子弁当#地味弁#茶弁#簡単弁当#頑張らないお弁当#受験生弁当#便當#도시락#bento#bentobox#lunch#lunchbox#homecooking#minnano_obentou#obentou#ゆきまる今日のお弁当#ゆきまる今日のお子弁,高校生弁当;高校生男子弁当;男子高校生弁当;高校生のお弁当;元野球部弁当;元高校球児弁当;今日のお弁当;息子弁当;地味弁;茶弁;簡単弁当;頑張らないお弁当;受験生弁当;便當;도시락;bento;bentobox;lunch;lunchbox;homecooking;minnano_obentou;obentou;ゆきまる今日のお弁当;ゆきまる今日のお子弁
https://www.instagram.com/p/DQI4yIFgcuJ/c/17846836734567933/,.#우지니소풍도시락 #일찍일어나긴했는데#뇌정지🙄 #뭐부터해야할지.#금손엄마들많은세상.#노력해야한다🤭#고군분투#도시락#맛있게먹고오길😍#친구들것도두둑히보냄😂.#날씨도좋네☀️ #잘다녀와❤👋👋 .#아...#모자안보냈다#하...,우지니소풍도시락;일찍일어나긴했는데;뇌정지;뭐부터해야할지;금손엄마들많은세상;노력해야한다;고군분투;도시락;맛있게먹고오길;친구들것도두둑히보냄;날씨도좋네;잘다녀와;아;모자안보냈다;하
https://www.instagram.com/p/DJpvczFh96k/c/17966340569873057/,"#첫줄#엄마표도시락 #체험학습도시락 #체험학습 #초등도시락 #도시락#인천맛집 #캐릭터도시락 #피크닉도시락 #소풍도시락체험학습 간다고 새벽부터 일어나서 열심히 만들었다..❤️맛있게 먹고와라 아들🥰#학급회장 이라고 카네이션도 만들고, 편지도써서 챙겨가고분주했던 비오는 날 아침.......#좋아요 #좋반테러 #인친환영 #맞팔환영 #맞팔은댓글 #광고목적팔로우금지적발시즉시차단",첫줄;엄마표도시락;체험학습도시락;체험학습;초등도시락;도시락;인천맛집;캐릭터도시락;피크닉도시락;소풍도시락체험학습;학급회장;좋아요;좋반테러;인친환영;맞팔환영;맞팔은댓글;광고목적팔로우금지적발시즉시차단
https://www.instagram.com/p/DMojuajBTo9/,"치즈계란찜🍱✔️ 마늘햄구이✔️ 땡초어묵볶음, 갓김치✔️ 흑미잡곡밥, 마늘햄구이✔️ 육수분말 넣은 치즈계란찜아침부터 육수에 치즈계란찜🥚 만들었는데 성공💛육수 오늘 오픈했어요!3박스 60포에 1만원대에 협의한 나,, 멋지지않나요?😎인님들 맛있는거 저렴히 드셔보시라고 준비했습니다2차공구는 아직 미정이라,, 단독 공구 진행할때 한번 드셔보세요💛✔️여수청년 깊은맛 육수스틱에는 조미료, 덱스트린, 향미증진제, MSG, 유화제, 방부제, 인공감미료, 합성향료, 합성착색료 등 화학첨가물은 첨가되지 않았습니다.(마감된 공구입니다)..#온더테이블 #홈쿡  #도시락 #남편도시락 #햄 #계란찜  #집밥 #일상 #먹스타 #먹방 #daily",온더테이블;홈쿡;도시락;남편도시락;햄;계란찜;집밥;일상;먹스타;먹방;daily
https://www.instagram.com/p/DPKsxIJkqhX/,おはようございます✨今週もよろしくお願いします☺️#今日のお弁当 #ハロウィン弁当 週末は、湘南の方に出かけて，美味しいものを沢山食べてゆっくりすごしてきました☺️毎日バタバタだけど，そんな時間も必要だよね。また，頑張ります🩷・・・今日も素敵な一日になりますように✨いつも，ありがとうございます🎃#お弁当 #obento #lunchbox #bento #娘弁当 #ハロウィンおにぎり #おにぎり弁当 #曲げわっぱ #かりんほんぽ #曲げわっぱ2509 #おうちごはんlover #私のおいしい写真 #mamagirl #フーディスト #こっそり雑穀 #japanesfood #japanesebento #instafood #instagood 月間 #おべんとう #お弁当記録 #도시락,obento;lunchbox;bento;mamagirl;japanesfood;japanesebento;instafood;instagood;도시락
https://www.instagram.com/p/DPNB1_Vk1uC/,#쑤도시락 #오늘의도시락 주말에 포장해 온 탕수육이랑 부추 무침입니다💚짜장은... 집에 감자도 많고 해서... 감자 넣고집짜장 만들어먹으려고 한.. 두어달 전에 사다 둔거거든요?어제 만드려고 보니 짜장분말이 아니라 즉석짜장이더라고요🤦‍♀️참... 그래도 덕분에 도시락은 쉽게 쌌어요ㅋㅋㅋ,쑤도시락;오늘의도시락
https://www.instagram.com/p/DQIkqDBj9WN/c/18024747965566781/,"르큅 304스텐 완전밀폐도시락 #공동구매요즘 어린이들 아침 일찍 나가서 학교 갔다가 학원 갔다 집에 오면 밤이고..그 사이에 중간중간 사먹기보다 도시락이라도 챙겨 먹이고 싶은 엄마 마음.그래서 요즘 다시 도시락이 뜬다고 합니다,근데 플라스틱은 냄새 배고 변색되고, 어떤 도시락은 뚜껑 안 맞아서 국물 새고,무거운 건 애들이 들고 다니기 힘들고그래서 찾은✅르큅 304스텐 완벽밀폐 3구 도시락304 스테인리스 스틸이 도시락은 304 스텐이에요.병원에서 쓰는 수술 도구, 고급 주방 용품에 쓰는 그 재질.녹도 안 슬고, 냄새도 안 배고, 위생적이에요.•완벽 밀폐도시락 싸보신 분은 아히죠, 가방에서 국물 샌 거 발견하면 ㅠㅠ 그래서 국물은 도시락으로 잘 못하잖아요.그래서 또 제가 보온도시락 여러 개를 싸 보았는데..차에서 다 펴놓고 먹기가 어렵더라고요.이 도시락은 실리콘 고무링이랑 이중락 버클로 확실하게 잠가요.국물, 소스, 안 새요.미역국이든 된장찌개든 국물 있는 반찬도 담아줄 수 있어요.•3칸 구성밥이랑 반찬이랑 국이랑 따로따로 담을 수 있어요.밥에 국물 스며드는 거 싫어하는 애들 많잖아요. 김치랑 밥이랑 섞이는 것도 싫어하고.3칸으로 나뉘어 있으니까 집에서 먹는 것처럼 깔끔하게 구분해서 담아줄 수 있어요.용량은 780ml. 성인 한 끼 먹기 딱 좋은 양이에요. 밥 한 공기, 반찬 두세 가지 담으면 적당해요.•사용이 편해요제일 중요한 거 있죠? 차갑게 먹으면 맛없잖아요.이 도시락은 전자레인지에 돌릴 수 있어요. (뚜껑만 빼고, 3분 이내로)전자레인지 있으면 따뜻하게 데워 먹을 수 있고,(스테인리스라서 인덕션이나 가스레인지에 올려서 직접 데울 수도 있어요.요리는 말고 잠시 데우기 가능,,)그리고 설거지는 식기세척기에 그냥 넣으면 돼요. (스텐만)고무 패킹이랑 버클도 다 분리되니까 구석구석 깨끗하게 씻을 수 있어요.•그리고 예뻐요요즘 애들 감성 있잖아요.(저희집 뽀로로 도시락을 안 좋아해요 ㅠㅠ)모던토프, 세이지그린, 로즈퀴즈핑크 프렌치 감성의 파스텔톤 3가지 색상.성장기 아이들한테는 제대로 된 밥 한 끼가 중요한데..아이들도 엄마들도 너무 바쁘고간단하게 밥 담고 반찬 두세 가지만 담아도 밖에서 사먹는 것보다 빠르고 편하더라고요.집에 남은 반찬 있으면 그거 담고,국 끓인 거 있으면 그것도 담고,밥은 밥솥에서 바로 퍼담으면 돼요.그렇게 싼 도시락 하나가 아이한테는 엄마의 마음이 되는 거죠,,워킹맘 분들도, 엄마 아빠가 먼저 출근하면 아이는 혼자 집에서 준비하고 나가야 할 때.그럴 때 식탁 위에 도시락 하나 올려두고 가면 아이가 데워 먹으니 좋다고 하시더라고요!✓ 안전한 304 스테인리스 스틸✓ 국물 안 새는 완벽 밀폐✓ 밥·반찬·국 따로 담는 3칸 구성✓ 전자레인지, 인덕션, 가스레인지 사용 가능✓ 식기세척기 가능해서 관리 편함✓ 예쁜 프렌치 감성 3가지 컬러✓ 성인 한 끼 적당한 780ml 용량10/23~29르큅 304스텐 완벽밀폐 3구 도시락모던토프, 세이지그린, 로즈퀴즈핑크18,400원감사합니다💕#뽀이맘민영 #초등맘 #초등맘스타그램 #도시락 #르큅도시락 #학생도시락",공동구매요즘;뽀이맘민영;초등맘;초등맘스타그램;도시락;르큅도시락;학생도시락
https://www.instagram.com/p/DNEr2kmzrO6/,"2025.08.08다들 도시락 사진 찍으실 때 몇장 정도 찍으시나용 ㅋㅋㅋ처음엔 기록용으로 시작한 계정인데점점 많은 분들이 좋아해주시니 욕심이 생겨서맘에 드는 컷 나올때 까지 10장 이상씩은 찍는거 같아요🤣그래서 사무실에서 찍는게 더 눈치 보였던,,😖 ㅎㅎㅎ이젠 집에서 찍으니 10장이고 20장이고맘껏 찍을 수 있어서 넘 좋다,,💗오늘 도시락은 마파두부 쿨이 돈거 같아서 두부 듬뿍 넣어만들어주고 중국집 스타일로 찐만두도 같이 쏙!계란후라이를 할까 말이를 할까 고민하다가 말이로 pick!!다들 이번주도 고생하셨습니다 ㅎㅎ 주말 잘보내세요😙#직장인도시락 #직장인점심시간 #직장인점심도시락 #점심도시락 #도시락 #도시락기록 #도시락스타그램 #도시락일기 #도시락메뉴추천 #마파두부덮밥 #마파두부 #비비고왕교자 #밥반찬 #자취일기 #자취요리 #쿡스타그램 #오도완 #오늘의도시락 #벤또",직장인도시락;직장인점심시간;직장인점심도시락;점심도시락;도시락;도시락기록;도시락스타그램;도시락일기;도시락메뉴추천;마파두부덮밥;마파두부;비비고왕교자;밥반찬;자취일기;자취요리;쿡스타그램;오도완;오늘의도시락;벤또
https://www.instagram.com/p/DBXz4WfBfEn/c/18045302894670918/,⠀⠀할로윈 도시락👻⠀콩이가 맛있게🧡즐겁게 먹었길🎃⠀⠀#뉴나미니미_콩,뉴나미니미_콩
https://www.instagram.com/p/DMNKaQevmoz/c/18041834282678904/,😣🍱⚠️자세히보지마시오.화가 많이난 키티 도시락.. 넘 못생겨서 만들다 중단함(원래는 태닝키티를 만들려고 했었는데..)#다이소 #다이소신상 #도시락 #키티밥틀,다이소;다이소신상;도시락;키티밥틀
https://www.instagram.com/p/DOpLtptAb3l/,"🍱요즘 집에서 밥을 대~충 먹어서 피드부족이슈..ㅋ⫬ㅋ⫬ 그래도 도시락은 부랴부랴 챙기는 중이에요➰한동안 샌친자로써 샌듸치를 엄청 싸갔는데 요즘 한풀 죽었습니다😂다시 볶음밥러버로ㅋㅋㅋㅋ✔️훈제오리야채볶음밥옥시시밥에 훈제오리,감자,땡초넣고 볶았우요〰️훈제오리는 크게 양념 안해도 맛도리!!! 굴소스만 찔끔 넣습니다ㅋㅋㅋ• 반찬 : 피카츄돈까스, 김자반✔️소고기볶음밥코코에서 소고기다짐육사서 동생이랑 반띵!소분해서 냉동실에 얼려두니까 마음이 든든합니다..🤍소고기 볶다가 당근,양파넣고 데리야끼소스로 볶았는데 쪼온맛!!!!!위에 뿌린건 라유소스에요➰• 반찬 : 김치, 남은피자, 그릭요거트✔️휘카레레토르트 찬스로ㅋㅋㅋ 휘카레 부드럽고 맛있습니다.그리고 만들어둔 양파&단호박튀김까지 챙겨서 냉털 완료😉• 반찬 : 양파&단호박튀김, 김치✔️일본솥밥일본 무인양품에서 사온 솥밥키트로 지은 밥이에요.짭쪼름한게 짱 맛잇음ㅋㅋㅋㅋㅋ요건 김만 싸먹어도 굳굳인데 단백질이 너무 없어서 두부데리야끼 만들었습니다. 간단하지만 맛도리 조합쓰🤎#직장인도시락 #점심도시락",직장인도시락;점심도시락
https://www.instagram.com/p/DA96UX8S9Rk/c/18098658058649022/,선하리 첫 소풍🩷#도시락#소풍도시락,도시락;소풍도시락
https://www.instagram.com/p/DOx0pt4kqgJ/,こんばんは🎃#今日のお弁当❁ミートボール　(餃子の皮でハロウィン風にアレンジ)@chiori.m.m  ちおりさんの本のレシピ♡簡単で美味しくて何度もお世話になってます🙇🏻‍♀️ありがとうございます💕❁ちくわにポークビッツのお花🌸@tsu_ya_ko_mama  つやこママさんのレシピ♡❁エッグランタン🎃@tsu_ya_ko_mama  こちらもつやこママさんの♡❁えびとブロッコリーとゆで卵のサラダ❁紫キャベツラペ❁パプリカ塩昆布あえ❁黒ねこさんおにぎり#ハロウィン弁当#ミートボール弁当#おにぎり弁当ハロウィン弁当🎃は、来週から始めようかな〜と思ってましたが、スーパーにもハロウィンパッケージのお菓子が並び始めてたので、スタートしてみました🥳＊.｡.＊ﾟ＊.｡.＊ﾟ＊.｡.＊ﾟ＊.｡.＊ﾟ＊.｡.＊ﾟ＊黒ねこさんは、@k_a_k_i__  さちこちゃんの本にも載ってる黒ねこのまるおにぎりを参考にさせてもらいました🥰さちこちゃん♡可愛いアイデアをありがとう💕去年は、本に付いてる型紙にそって海苔をカットしたんですが、今年はフリーハンドな上、思いつきで🎃を持たせてみたら、肝心の尻尾をつけ忘れ😢💦また落ち着いて作りたい🐈‍⬛💕＊.｡.＊ﾟ＊.｡.＊ﾟ＊.｡.＊ﾟ＊.｡.＊ﾟ＊.｡.＊ﾟ＊ハロウィンといえば！のエッグランタン🎃は、@tsu_ya_ko_mama  つやこママさんの動画の作り方で今年も作らせてもらいました🥰レンチンで出来ちゃう可愛いお花のおかずも🌸つやこママさん♡可愛いレシピをありがとうございます💕次男が、流行りに乗ってしまい発熱...🤒🏥まだ検査は早いと言われたから、分からないけど多分...長男は明日模試...✏️除菌やら色々頑張るぞー✊🏻みなさまも体にお気をつけて🙏楽しい週末を〜🥰＊.｡.＊ﾟ＊.｡.＊ﾟ＊.｡.＊ﾟ＊.｡.＊ﾟ＊.｡.＊ﾟ＊見に来てくださりありがとうございます🙇🏻‍♀️💕@happy.k.baglecafeいいね♡フォローとても嬉しいです🥹#お弁当 #お弁当記録 #旦那弁当 #高校生弁当 #高校生男子弁当 #子供弁当 #曲げわっぱ弁当箱 #大館工芸社  #キャラ弁 #簡単キャラ弁 #かわいいお弁当 #ねこ弁当 #黒ねこおにぎり #ハートアクション #かりんほんぽ #曲げわっぱ2509 #characterfood #bento #도시락 #オベンタグラム,characterfood;bento;도시락
https://www.instagram.com/p/CrjrfZnPe-k/,"#소풍도시락#아기도시락#도시락#얼굴김밥#레인보우김밥오늘 우리막둥이 도시락싸서 가는 첫소풍,신나게 놀고 맛있게 먹고와🤍",소풍도시락;아기도시락;도시락;얼굴김밥;레인보우김밥
https://www.instagram.com/p/DJjXlVjzMhW/,예랑이 도시락 20일차❤️김치찜 남은 걸로 김치볶음밥~~ 뭔가 아쉬워서 김치볶음밥 넣고 계란으로 말았는데 생각보다 쉽지 않다..ㅎ😂..#직장인도시락 #예랑이도시락 #도시락 #예비신혼부부 #식비절약,직장인도시락;예랑이도시락;도시락;예비신혼부부;식비절약
https://www.instagram.com/p/DPFabgVk-qy/,"막바지 다이어터의 일주일치 도시락✨이번주는 분명 힘이 없을거라는 생각에 지난 주말에 도시락을 미리 싸놓고 냉동실에 넣어놨는데,, 그러길 아주아주 잘한 것 같아요😉오이랑 토마토 넣을 공간만 빼고 냉동실행 했다가 해동 후 렌지땡 하니 편하게 먹고 좋더라고요🌟물론 일주일치 다 쌌을 때 거대한 도시락 군단에 흠칫👀남자들 로딩밴딩 정보는 많은데 여자는 별로 없더라고요..🤍그래서 조심스레 이번 평일 도시락을 모아보았어요 ꙳ʕㅇ̆̈ʔ ⁼³야채를 한가득 먹기는 했지만 어찌저찌 줄여보려한 저탄 밴딩 수목금!토요일 아침 공복 운동 끝내고 지금 집에 가자마자 쌀밥 먹을 생각에 설레는 사람🍚🍚🍚그나저나 도시락 피드 진짜 왜이렇게 잘나가유… 계속 도시락만 먹어야겠자너 🍠🐣🥦...#도시락 #다이어트도시락 #식단 #다이어트 #다이어트식단 #다이어트레시피 #다이어터 #diet #foodie #바디프로필 #바프식단 #로딩 #밴딩 #탄단지 #직장인도시락 #운동하는여자 #운동하는직장인 #오운완 #관리하는여자 #급찐급빠 #먹스타그램 #밀프랩 #혼밥 #건강 #닭가슴살 #단호박",도시락;다이어트도시락;식단;다이어트;다이어트식단;다이어트레시피;다이어터;diet;foodie;바디프로필;바프식단;로딩;밴딩;탄단지;직장인도시락;운동하는여자;운동하는직장인;오운완;관리하는여자;급찐급빠;먹스타그램;밀프랩;혼밥;건강;닭가슴살;단호박
https://www.instagram.com/p/DOZq4Z_k08X/,"갑자기 김치찌개가 끌린다면 냉동고에 아껴뒀던 아이를 스윽! 매직글래드랩 야무지게 싸서 도시락으로 데려가기✨ 이번주 도시락 쌀 틈이 없지만 내일부터는 성실히 살아보겠습니다😌🍱 1식 닭떡야 - 바르닭 스팀닭가슴살, 햇살시루 호박시루(팥), 상추, 파프리카🍱 2식 닭밥야 - 김치찌개, 계란후라이, 현미밥, 조미김, 상추#다이어트도시락 #다이어트레시피 #다이어트요리 #직장인다이어터 #직장인다이어터도시락 #직장인도시락 #도시락 #밀프렙",다이어트도시락;다이어트레시피;다이어트요리;직장인다이어터;직장인다이어터도시락;직장인도시락;도시락;밀프렙
https://www.instagram.com/p/DOdPuyEgW-h/,"제품제공 | 가을 피크닉 도시락 🍂이제 드디어 여름이 가고 가을 느낌이 나더라구요!!주말에 도시락 싸들고 계곡 다녀왔는데 너무 행복했어요..🤎메뉴는 하림 동물복지 IFF 큐브닭가슴살을 활용해서💛닭가슴살 감자구이, 💛파닭꼬치 만들고에그샌드위치도 같이 준비해봤답니다 ◡̈트러플 / 스위트바비큐 / 고추찜닭 / 맥적구이로 4가지 맛에한입크기로 손질되어 있어서 조리만 하면되니 엄청 편하더라구요!동물복지 인증받은 제품이고, 엄청 촉촉해서 대만족한 제품✨✔️동물복지 IFF 큐브닭가슴살 트러플맛트러플 맛으로 파닭꼬치를 만들었는데, 간도 따로 필요없이파랑 큐브 닭가슴살 꼬치에 꽂아 굽기만 했는데도 간 딱맞고 촉촉하니 진짜 맛있구요..!!✔️동물복지 IFF 큐브닭가슴살 스위트바비큐닭가슴살 감자구이는 스위트바비큐 맛으로 만들어봤는데,별도 양념에 닭가슴살 재워놓지 않아도 돼서 정말 편하고담백하고 부드럽고 간식이나 도시락 메뉴로 찰떡이더라는!!추워지기 전에 피크닉 열심히 다니면서 가을 잔뜩 누려야겠어요 :>👉 @harim_natural#하림 #역시하림 #계모임체험단 #동물복지 #동물복지IFF큐브닭가슴살 #동물복지닭가슴살 #하림닭가슴살 #큐브닭가슴살 #닭가슴살 #닭가슴살요리 #닭가슴살레시피 #닭요리 #큐브닭가슴살요리 #도시락 #도시락메뉴 #닭가슴살도시락 #다이어트도시락 #레시피 #도시락레시피 #직장인도시락 #동물복지IFF큐브닭가슴살스위트바비큐 #동물복지IFF큐브닭가슴살트러플맛 #피크닉도시락 #피크닉도시락메뉴 #소풍도시락 #소풍도시락메뉴",하림;역시하림;계모임체험단;동물복지;동물복지IFF큐브닭가슴살;동물복지닭가슴살;하림닭가슴살;큐브닭가슴살;닭가슴살;닭가슴살요리;닭가슴살레시피;닭요리;큐브닭가슴살요리;도시락;도시락메뉴;닭가슴살도시락;다이어트도시락;레시피;도시락레시피;직장인도시락;동물복지IFF큐브닭가슴살스위트바비큐;동물복지IFF큐브닭가슴살트러플맛;피크닉도시락;피크닉도시락메뉴;소풍도시락;소풍도시락메뉴
https://www.instagram.com/p/DJjYET2T1DO/c/18309197017231529/,이제 피크닉 철이 왔죠!?🌞반응 좋았던 ’도시락 반찬 6가지‘ 소개해요!🤗🍱💛 1. 옆구리김밥2. 쫀득 닭봉 조림3. 땡초김밥4. 쏘야볶음5. 묵참말이6. 애호박돈까스*자세한 레시피는 신내린셰프 릴스 본문에서 확인 가능합니다👩‍🍳🎶#신내린셰프 #도시락 #피크닉 #피크닉음식 #도시락레시피 #반찬 #집밥 #초간단김밥 #김밥레시피 #밥도둑,신내린셰프;도시락;피크닉;피크닉음식;도시락레시피;반찬;집밥;초간단김밥;김밥레시피;밥도둑
https://www.instagram.com/p/DECRh9aSOkP/c/18044467091522997/,#밑반찬만들기 🌲#태훈맘밑반찬만들기 🍄🌶🍆🫑🧄🧅#반찬어제 시장가서 싱싱한 굴도사고 꼬막도 사고이것저것 장바구니 가득 담아서 반찬 만드네요 아침마다 #도시락 🍱싸거덩여 😅겨울이라서 보온도시락에 국도 있어야 하니늙으막에  웬 쌩고생이쥬🥲당연히 도시락반찬 위주로 하게 되네요 도시락 사진도 찍는다면서귀찮아서리 😂따뜻한 봄되믄 찍어볼께요강추위가 계속❄️❄️웬지 맘까지 꽁꽁 굴로 만든 어리굴젓이 맛있습니다 꼬막도 싱싱하고 오늘도 추운날씨에 고생많으셨습니다 따뜻한 저녁드세요 💚💕#밑반찬#어리굴젓#꼬막무침#계란말이#오뎅볶음#우엉조림#멸치볶음#도시락#도시락반찬#정성,밑반찬만들기;태훈맘밑반찬만들기;반찬어제;도시락;밑반찬;어리굴젓;꼬막무침;계란말이;오뎅볶음;우엉조림;멸치볶음;도시락반찬;정성
https://www.instagram.com/p/DQJOHPAEQXS/,▪️두부유부초밥▪️팽이버섯크래미전▪️포도▪️햇밤#직장인 #직장인도시락 #도시락 #bento,직장인;직장인도시락;도시락;bento
https://www.instagram.com/p/DQJmN0GkjfC/,.2025年10月23日(木)グラタン弁当　朝載せられずだったので…！.#お弁当 #おべんとう #お弁当記録 #お弁当おかず #おべんたぐらむ #lunchbox #ランチボックス#lunchboxideas #lunchboxrecipes#도시락,お弁当;おべんとう;お弁当記録;お弁当おかず;おべんたぐらむ;lunchbox;ランチボックス;lunchboxideas;lunchboxrecipes;도시락
https://www.instagram.com/p/DQJPwGZEhG2/,.＿＿＿＿＿＿＿＿＿＿＿＿＿˗ˏˋ メンチカツのサンド  ˎˊ˗𓆡レッドキウイ＿＿＿＿＿＿＿＿＿＿＿＿＿崩れるのが怖すぎていつもより多めに圧をかけたかけすぎたかもパン　薄っ！キウイ食べ頃になってよき　きめ細やかであまい控えめなレッドもかわいい#湯種パン#お弁当 #お弁当記録 #お弁当日記 #おべんとう #サンドイッチ弁当 #野菜弁当  #産直 #地元野菜 #茨城の野菜 #茨城の美味しいもの #季節を楽しむ弁当 #季節を味わう #sandwich #sandwichbento #bento #lunchbox #도시락 #便當,湯種パン;お弁当;お弁当記録;お弁当日記;おべんとう;サンドイッチ弁当;野菜弁当;産直;地元野菜;茨城の野菜;茨城の美味しいもの;季節を楽しむ弁当;季節を味わう;sandwich;sandwichbento;bento;lunchbox;도시락;便當
https://www.instagram.com/p/DQIIo6Gk_RF/,ちょいと帰りまする✈️#🍱#空弁#お弁当#Bento#도시락#食べ物#Food#음식#朝食#Breakfast#아침식사#instadiary,🍱;空弁;お弁当;Bento;도시락;食べ物;Food;음식;朝食;Breakfast;아침식사;instadiary
https://www.instagram.com/p/DQIUJvjk0ry/c/17930510817110536/,.おはようございます ◡̈︎︎ ☀︎今日の🍱は、怖くないけど…ちょっとだけ怖い（つもりの）やつ👻𖤣𖥧 スカルパスタ💀𖤣𖥧 フランケンキウイ🍏𖤣𖥧 メープルバターカボチャ🎃𖤣𖥧 ソーセー人（👻バージョン）𖤣𖥧ラディッシュ目玉👁️𖤣𖥧イチジク焼きマッシュルーム💀リベンジ🍄昨日より眼窩を大きくくり抜いてみたよ👀すこしはそれっぽくなったかな😏フランケンの口オリーブにしたらよかったー🥸#オレア🐶#ハロウィン弁当#むすこ弁当#お弁当作り楽しもう部#アルモンデ弁当#スカルパスタ#フランケンキウイ#おべんたぐらむ#クロワッサンお弁当部#ビションフリーゼ#ビションフリーゼ多頭飼い#bichonfrisé#今日のお弁当#地味弁#obento#lunchbox#obentagram#도시락#お弁当記録#お弁当ダイアリー@obento.diary.jp@lettuce_official#久留米イチジク慣れんことしたもんだから時間なくて朝ごはんも食べず台所もぐちゃぐちゃで飛び出てきたよ仕事中お腹が空いたら水飲むしかない👻,bichonfris;obento;lunchbox;obentagram;도시락
https://www.instagram.com/p/DQG6nvXD-tI/,<10월 22일 당일 생산 오후 재고>연어 1수비드 1쉬림프 (21일 생산 있음)잠봉 1핫치킨 (21일 생산 있음)슬라이스 품절아래칸은 하루전 제품 10프로 할인 판매 중입니다~#용산맛집 #용산샐러드 #용산샐러드맛집 #도시락 #건강샐러드 #24시식당 #용산역맛집 #샐러드,용산맛집;용산샐러드;용산샐러드맛집;도시락;건강샐러드;24시식당;용산역맛집;샐러드
https://www.instagram.com/p/DQIOqyNE9OB/c/18056502467282970/,#현장체험학습 #도시락 #원피스 #하루가길다 #초딩아빠 #출근언제해 #퇴근안해야지 😌,현장체험학습;도시락;원피스;하루가길다;초딩아빠;출근언제해;퇴근안해야지
https://www.instagram.com/p/DQIe02xE87G/,".우리 뜽우 유치원 가을 소풍~ 🍂 💕 새벽 일찍 일어나 분주하게ㅎ5세교사, 보조교사, 원장님, 기사님꺼까지 야무지게!불태웠다 🔥🔥🔥떡갈비도 만들고문어는 낚시로 잡아오고LA갈비 재우고모닝빵 감자계란샐러드 만들고오징어쪽파 샐러드(?) 만들고김밥 돌돌 말아서잘 다녀와 아들~ 🫶뜽우는 문어보다 김밥보다 떡갈비보다하리보젤리랑 초콜렛과자가 좋다고 신나게 갔다고 한다ㅋㅋㅋ#도시락 #교사도시락 #유치원도시락 #어린이집도시락#선생님도시락 #단체도시락#그냥 #케이터링 을 할까#도시락집을차릴까 #단체도시락주문을받을까 그냥 난#집밥 ㅋㅋㅋ",도시락;교사도시락;유치원도시락;어린이집도시락;선생님도시락;단체도시락;그냥;케이터링;도시락집을차릴까;단체도시락주문을받을까;집밥
https://www.instagram.com/p/DQIjw8rj2dK/,오랜만에 새우요리🦐칠리소스 없으면 당장 만들어버렷🙌🏻케찹2+맛술1+굴소스1+고춧가루1+알룰로스1+설탕0.5넣고 섞으면 칠리소스 완성➰❤️새우 10마리 했다가 모자랄까봐 4마리 더 넣어줬습니다••마이 묵고 힘내🌟♥ 칠리새우덮밥♥ 콘치즈♥ 땅콩조림♥ 치킨무얼마 전 화분에 파 심었거든요🤭어제 첫 수확했어요🎵매일 무럭무럭 자라는 파 보는 기쁨으로 하루를 시작한답니다!수확의 기쁨🎶 너모 재밌어요😚#남편도시락 #직장인도시락 #점심도시락 #회사도시락 #도시락메뉴 #도시락 #도시락기록 #도시락추천 #도시락싸는아내 #🍱,남편도시락;직장인도시락;점심도시락;회사도시락;도시락메뉴;도시락;도시락기록;도시락추천;도시락싸는아내
https://www.instagram.com/p/DLY_RC6xxmC/,오늘의 메뉴🍱불고기 덮밥!덥고 습하고 요샌 도시락싸기 너무 귀찮아서 대충 먹게되는거 같아요.... 정성스러운 도시락 싸는분들 너무 대단해요ㅠㅠ 그래도 오늘은 금요일!!!! 다들 즐거운주말 보내세욥➰🩵,
https://www.instagram.com/p/DNPHrdqyrZy/,2025.08.12오늘 도시락은 뭔가 시골밥상스러운 도시락으로!소고기 넣고 된장과 함께 볶아서 강된장 만들어주고함께 싸먹을 양배추까지 쪄줬어요 ㅎㅎ양배추는 전자레인지에 한번 더 데워먹을거니까푹 익히지는 않고 조금만 익혀주기!😊그리고 비가 계속 오길래 먹고 싶어서 구매해본 냉동전!기름을 두르지 않고 구워도 된다길래냉동된 상태로 냅다 후라이팬에 올려놨는데전에서 기름이 나오면서 완전 노릇노릇 잘 구워짐!🫢과연 맛은 어떨지 너무 궁금한데 빨리 점심 먹고 싶어요 ㅋㅋ그나저나 부산은 진짜 아침부터하늘에 구멍 뚫린거처럼 비가오네요😭다들 조심하시구 오늘도 화이팅입니닷👏🏻#직장인도시락 #직장인점심시간 #점심도시락 #도시락 #직장인점심도시락 #도시락스타그램 #도시락일기 #도시락기록 #밥반찬 #강된장 #소고기강된장 #강된장쌈밥 #부추전 #요리스타그램 #쿡스타그램 #자취요리 #자취일기 #오늘의도시락 #벤또,직장인도시락;직장인점심시간;점심도시락;도시락;직장인점심도시락;도시락스타그램;도시락일기;도시락기록;밥반찬;강된장;소고기강된장;강된장쌈밥;부추전;요리스타그램;쿡스타그램;자취요리;자취일기;오늘의도시락;벤또
https://www.instagram.com/p/DPxRxxJE34s/,"#제품제공 #쑤도시락 #오늘의도시락 명절 후유증으로 도시락 준비하기도 출근도 힘드네요😭어제 퇴근길엔 비도 많이 와서 집 가는데 2시간 40분이나 걸린거 있죠..ㅠㅠ집에 가니 아무것도 하기 싫어서 간단하게 냉동 스파게티랑 쏘팡 데워서 담아왔어요🥱스파게티는 #윙잇 ( @wingeat ) 에서 보내주신 제품인데그대로 들고 와서 전자레인지에 간단하게 데워먹어도 되지만도시락에 담아먹으면 더 맛있으니까 옮겨 담아왔어요🤭🧡포장지를 뜯었는데 진짜 치즈폭탄!!!! 얼른 맛보고 싶어요🤤윙잇에는 스파게티 뿐만아니라 한식, 양식, 분식, 식단, 디저트 등  맛있는 제품 종류가 엄~~청 다양해서 요즘 저희집 식탁에 빠지지 않고 올라가고 있어요😆3-4번째 사진은 늦퇴한 남편 밥상사진인데 역시 윙윗의 불향 가득한 #북성로불고기 가 메인이에요🤎남으면 다음날 쌈 싸먹으려고 했는데 남편이 정말 맛있었는지 싹싹 긁어먹더라고요...다음 번 구매 시에 장바구니에 1순위로 담으려고요😂😂그리고 꼭 추천 드리고 싶은 제품이 음식 사진은 없지만마지막 제품 사진에 있는 #차돌짬뽕국밥 !!!!!!!!꼬오오옥 쟁여두시길 강추드려요👍물만 부어서 끓이거나 전자렌지 데워 드시면 되는데매콤~ 하고 찐~한게 해장용으로도 너무 좋고요🤭👍비 오는 날 속 뜨끈하게 먹기에도 캠핑가서 아침으로도넘 좋을 거 같더라고요😍🧡",제품제공;쑤도시락;오늘의도시락;윙잇;북성로불고기;차돌짬뽕국밥
https://www.instagram.com/p/DNF0Avyzl60/,こんばんは⭐️#今日のお弁当❁和風ガパオライス❁ヤングコーンとスナップエンドウのベーコン巻き❁お花ゆで卵❁タコさんウインナー🐙❁プチトマト❁スヌーピーこにぎりお弁当箱の横のチャーリーブラウンとウッドストックは、スヌさんガチャの💕スヌさん出なかった😢#ガパオライス弁当#スヌーピー弁当#夏弁当疲れが溜まった金曜日は、簡単ガパオライス弁当🙌🏻目玉焼き🍳をのせようとして失敗💦急遽ゆで卵を茹でて、お花にしてのせました🌼　今日はおかずが少なかったから、次男の450mlのお弁当箱を借りました🤗次男はテニス部🎾で、我が家で一番運動してるのに、一番少食なんです...💦＊.｡.＊ﾟ＊.｡.＊ﾟ＊.｡.＊ﾟ＊.｡.＊ﾟ＊.｡.＊ﾟ＊明日からお盆休み🙌🏻長男の塾弁があったりなかったりですが、ひとまずお休みモードです🥰明日は羽根を伸ばすぞ〜🍻みなさま楽しい週末を✨後ほど、ゆっくり伺わせてください🙏＊.｡.＊ﾟ＊.｡.＊ﾟ＊.｡.＊ﾟ＊.｡.＊ﾟ＊.｡.＊ﾟ＊見に来てくださりありがとうございます🙇🏻‍♀️💕@happy.k.baglecafeいいね♡フォローとても嬉しいです🥹#お弁当 #お弁当記録 #旦那弁当 #キャラ弁 #キャラフード #snoopy #peanuts #characterfood #bento #デコ弁 #도시락 #便当 #曲げわっぱ2508 #かりんほんぽ #おうちごはんlover #おべんたぐらむ,snoopy;peanuts;characterfood;bento;도시락
https://www.instagram.com/p/DOKnMeKE5XL/,<귀여웠던 8월 도시락 마무리🗯️>8월엔 도시락을 귀엽게 만들고 싶었나보다! 사실 매달 비슷한 도시락 메뉴이지만 구조배치와 재료의 변화만 줘도 매달 다른 음식을 먹는다고 뇌속임을 할 수 있다는 것..👓 유부초밥에 김으로 만든 표정을 더해봤는데 사실 맛은 별다른게 없었지만 귀여움 한 스푼 뿌려주니 기분 좋게 점심을 해결할 수 있더라! 이후로도 둥근 김밥에 동글동글한 재료를 넣는다든가 에그마요에 소세지를 추가한다든가 카레토핑을 바꿔본다든가 등등..! 가장 귀여운 도시락은? 내 눈에만 귀여울지도 몰라 ..😬🏠 아무튼 하루를 귀엽게 시작할 수 있도록 움직여본 큐티한 8월 도시락 마무리!#도시락,도시락
https://www.instagram.com/p/DPQoEZdiYV5/,#광고김치볶음밥 쿨타임 찾아와서 김치볶음밥 만들었어요 미역국은 김치볶음밥 맨날 잘 먹다가도 어떤 날은 갑자기 맵다고 못 먹겠다고 하는 중딩둘째언니를 위해 혹시 몰라서 만들었어요ㅋㅋㅋ🤭중딩큰언니가 오늘 시험 끝났다고 친구 만나러 갔는데 늦을 것 같아서 중딩큰언니 밥은 따뜻하게 보온 도시락에 담아봤어요 ~사용한 보온 도시락은 @mosh_korea 제품인데요모든 용기가 스테인리스 소재로 보온력과 밀폐력이 뛰어나고 뜨거운 걸 담아도 손이 뜨겁지 않아요디자인도 예뻐서 들고 다니기 딱이라 다가오는 수능에 수능 도시락으로 사용하기도 좋을 것 같아요🩵✨#모슈 #보온도시락 #도시락 #수능도시락 #kfood #도시락메뉴 #소풍도시락 #점메추 #간편요리 #플레이팅 #그릇 #식기 #홈쿡,광고김치볶음밥;모슈;보온도시락;도시락;수능도시락;kfood;도시락메뉴;소풍도시락;점메추;간편요리;플레이팅;그릇;식기;홈쿡
https://www.instagram.com/p/DBPrHBaz8by/,#도시락#소풍도시락#할로윈도시락 #다소다도시락김밥이 제일 맛있는데...소풍때마다 보기중 요상한거 고르는 막내멍뭉이견학 잘다녀와🤎,도시락;소풍도시락;할로윈도시락;다소다도시락
https://www.instagram.com/p/DOUYBzXE33e/,おはようございます☀️きょうのお弁当は#おにぎり弁当 ⁡▷ベーコンおにぎり🍓▷お花卵焼き▷ナゲット▷ブロッコリー▷ﾍﾟﾍﾟﾛﾝﾁｰﾉ▷蒸しにんじん▷ミニトマト⁡⁡✎𓂃𓂃𓂃𓂃𓂃𓂃𓂃𓂃𓂃⁡⁡な～～～～んにも思いつかなかったので⁡ベーコンを使っておにぎりにしました🍙⁡⁡⁡ご飯にはバターとコンソメ、塩コショウを少し混ぜています♬.*ﾟ⁡そのままのお米でも美味しいですが、混ぜるとリッチな味わいになってさらに美味しいです🤤❤⁡おにぎりにはお馴染みのいちご柄に🍓💛⁡⁡いつも見てくださりありがとうございます･*:.｡❁⁡今日もゆるりといきましょうଘʕ੭·͡ᴥ·ʔ ੭✎𓂃𓂃𓂃𓂃𓂃𓂃𓂃#お弁当 #弁当 #bento #かわいいお弁当 #便当 #도시락 #手作り弁当 #旦那弁当 #oben365 #曲げわっぱ2509 #かりんほんぽ ⁡,bento;도시락;oben365
https://www.instagram.com/p/DMoHGVCT8bZ/,"⠀#제품제공 #도시락기록⠀안 왔으면 싶던 월요일이 왔고 나는 오늘도 도시락을 챙겼지 🥹⠀▸ 백미밥▸ 바싹불고기▸ 팝콘치킨 + 오이지무침▸ 골드키위▸ 이롬 유기농ABC주스⠀주말에 장보면서 돼지목전지가 세일해서 덥썩 사고 뭘 해먹지하다제일 만만한 돼지불백느낌으로 바싹 불고기 만들어 볶아줬다 😅짭짤한 불고기에 매콤한 오이지, 먹고싶어 사온 팝콘치킨 챙기기 !오늘 후식은 아오리사과랑 고민하다 골드키위로 결정했다구 〰️⠀지난번 이롬 뉴밀러 3기 활동을 했는데 감사하게도 우수뉴밀러로선정을 해주신 덕에 ‘ 유기농ABC주스 ’ 까지 받아보게 되었다 💚하나 맛보니 귀여운 파우치에 새콤하고 깔끔한 맛 너무 맘에 들어 !건강하고 맛있으니 피드에 종종 등장 시켜줘야겠는 맛이라구 🤭⠀🏷️ @erom.newmeal ⠀⠀#이롬 #뉴밀플러스 #뉴밀러3기 #1일1생식 ⠀⠀",제품제공;도시락기록;이롬;뉴밀플러스;뉴밀러3기;1일1생식
https://www.instagram.com/p/DCbIg26SBDB/,야미쏘 다이어트 도시락 모음.zip😍#식단일기 를 쓰면서 도시락 싸는 재미에도빠져있는 중이라 그동안 찍어둔#다이어트도시락 사진을 모아봤당👍도시락을 싸기 전날 밤에 항상어떤 메뉴를 넣을까 고민하면서상상으로 미리 싸보기도 하는데 재밌음🤣그냥 도시락이 아니라 #다이어트 용이기 때문에메뉴가 좀 한정적 이지만 그래도 #도시락 으로싸먹으면 더 맛있는 느낌이라 좋다💕#도시락스타그램 을 구경하는것도 좋아해서앞으로도 도시락은 자주 쌀 예정ㅎㅎ..#직장인도시락 #도시락그램 #도시락메뉴 #도시락만들기 #도시락반찬 #도시락싸기 #도시락통 #lunchbox #dosirak #diet#직장인다이어트 #followers #instalike,식단일기;다이어트도시락;다이어트;도시락;도시락스타그램;직장인도시락;도시락그램;도시락메뉴;도시락만들기;도시락반찬;도시락싸기;도시락통;lunchbox;dosirak;diet;직장인다이어트;followers;instalike
https://www.instagram.com/p/DBfO5MgSvvn/,#남편도시락🍱 454번째 ( #NPDSR 454 )오늘의 도시락은 냉동실에 화석이 되어가던 용가리 어묵 구출작전. 어묵이랑 양배추 넣어 매콤하게 볶아냈어요. 덮밥처럼 먹음 기가 막히게 맛있을 텐데 우리 남편은 그냥 반찬처럼 먹겠죠?😟 아침에 등산을 해야 하는데 어제 상갓집에 갔다가 늦게 온 남편이 컨디션이 안 좋아 오늘은 못했네요. 이따가 동네라도 계속 돌아야겠어요! 날이 많이 추워요! 감기 조심하세요🫶🏻..샐러드는 저녁밥입니다.,남편도시락🍱;NPDSR
https://www.instagram.com/p/DGHR8SbTbvC/,"#lunchbox for son👦 #아들도시락#도시락 이번주에 싸준거랑 작년에 찍어뒀던🍱사진이랑 올려봅니다😊#김밥 싸줄땐 기본김밥 + 참치만 많이 넣은 김밥/진미채만 많이 넣은 김밥/🔥매운어묵만 많이 넣은 김밥, 항상 두세가지맛으로 싸주고요🤤늦잠 잔 날은😱 IKEA에서 산 '냉동미트볼 + 냉동매쉬포테이토 + 소스' 가끔 애용해요. 전자렌지찜기에 미트볼 ♨️데울 동안, 냉동매쉬포테이토 우유 약간 넣고 후라이팬에서 녹이고, 그 옆에서 IKEA 소스 가루로 소스 만들고, 🫛냉동완두콩은 전기주전자 ♨️끓인 물에 잠깐 담궈놓고, ♨️보온도시락에 맨밑에 매쉬포테이토 깔고, 미트볼을 소스랑 완두콩 뿌려가며 넣으면 끝!✌️📸맨마지막 사진은 👦즤아들이 생애 처음 🍩도넛가게에서 아르바이트하고 남은 거 싸온 귀한 도너츠에요🥹 방학 때 집에서 뒹굴뒹굴 빤스만 입고 한국 드라마 보고 있을 땐 언제 사람 구실하려나 했는데🤣 친구랑 쇼핑센터에 이력서 돌리러 갈거라더니 진짜 알바 구했더라구요😱 이력서에 좋은 말은 다갖다넣고 그럴싸하게 잘썼더라구요ㅋㅋ 넘 기특하긴한데 이제 고1이라 공부 열심히 해야된다 하니 알아서 잘하겠다고 하네요🥰 오늘 아들자랑에 말이 길었네요🤭 모두 즐거운 한주 되세요🥰🍀🌷🌻#kimbab",lunchbox;아들도시락;도시락;김밥;kimbab
https://www.instagram.com/p/DOxaEnakrh9/,아씨! 제가 싼 도시락 어때요?(기대),
https://www.instagram.com/p/DOn5l72k2U1/,미니 곰돌이 유부초밥 도시락🧸모자와 리본 장식으로 더욱 사랑스러운 아기 곰돌이들🥹💕제가 애정하는 얌박스 스낵 그린컬러에 담았더니더 귀여움…💚아이들 소풍 도시락 메뉴로 강력추천드려요!!👦🏻👧🏻곰돌이 유부초밥 만드는 영상도바로 이어 등록 해 볼게요💗#도시락 #lunchbox #lunchideas #schoollunch #소풍도시락 #어린이집도시락 #유치원도시락 #아이도시락 #유부초밥 #kidslunch #bekal #bekalanaksekolah #弁当 #べんとう #foodart,도시락;lunchbox;lunchideas;schoollunch;소풍도시락;어린이집도시락;유치원도시락;아이도시락;유부초밥;kidslunch;bekal;bekalanaksekolah;foodart
https://www.instagram.com/p/DCSw5ejy_8K/c/17866094439186433/,"#부러워😍엄마가 이렇게 예쁜 도시락 싸주면,,소풍 가서 친구들한테 엄청 자랑하고 싶겠는걸요😍",부러워😍
https://www.instagram.com/p/DQIoQhTEjru/,"미도 매장 촬영현장 비하인드 feat.사장님 목소리 나레이션🤣🤣🤣미도 매장에서는 따뜻한 밥 한 끼의 순간을 담는 촬영이 진행되었어요.정성스럽게 지은 여주쌀 밥과 하루를 채우는 도시락의 색감,그리고 매장 안의 온기를 카메라에 담았습니다.국산 재료로 만든 건강한 메뉴,매일 새로 짓는 밥의 향기,그리고 정직한 손맛이 전해지길 바랍니다.이번 촬영은 미도의 철학인“좋은 쌀로 매일의 식탁을 새롭게”라는 메시지를 담고 있어요 🌾#미도 #발효곳간 #건강한한끼 #여주쌀 #도시락 #별미밥 #국산재료 #신세계강남점 #즉석도정미 #한끼의정성 #mido #koreanrice #ricebowl #healthymeal #신세계푸드 #밥맛좋은집",미도;발효곳간;건강한한끼;여주쌀;도시락;별미밥;국산재료;신세계강남점;즉석도정미;한끼의정성;mido;koreanrice;ricebowl;healthymeal;신세계푸드;밥맛좋은집
https://www.instagram.com/p/DQIVIQXkk73/,"25.10.23오늘의 도시락아침: 스팸계란치즈꼬마김밥점심: 중식 스타일 야채볶음, 오이크래미샐러드, 콩나물무침#도시락 #도시락메뉴 #도시락그램 #도시락싸기 #점심 #점심메뉴 #점심도시락 #직장인도시락",도시락;도시락메뉴;도시락그램;도시락싸기;점심;점심메뉴;점심도시락;직장인도시락
https://www.instagram.com/p/DQIqLeVExE5/,사진 속 제품은 200ml 사각입니다 도시락 페트병 필요하신 분들 문의언제든 환영:)#보틀스..#페트병 #페트병공병 #페트병의모든것보틀스 #페트병보틀스#페트병제조공장 #페트병공장 #페트병제조업체 #페트병제조업체보틀스 #페트병라벨 #페트병뚜껑..#도시락 #도시락페트병,보틀스;페트병;페트병공병;페트병의모든것보틀스;페트병보틀스;페트병제조공장;페트병공장;페트병제조업체;페트병제조업체보틀스;페트병라벨;페트병뚜껑;도시락;도시락페트병
https://www.instagram.com/p/DPSzrVeEk9d/,허전하다 했더니 두부조림 빠졌🫠오늘도 좋은 식사되세요 🙏🏻#집밥유희#도시락#노플라스틱,집밥유희;도시락;노플라스틱
https://www.instagram.com/p/DQGMJdgkhlP/c/18405395587185485/,🧒 소풍도시락 집에 그 흔한 이쁜 종이? 같은것도 없고 은박지 둘둘 말아 미리 준비하지 않은 나를 반성하며 🧒 엄마 이번엔 작게 부탁해요의견 적극 반영 해서 작게를 잘 못 만들지만 최대한 미니미로 완성 ✨️ 맛나게 먹고 재미나게 놀다가 와 이 와중에 남편이 김밥 도시락에 담아줬는데 👨‍🦱 오 치즈랑 일반 반반 넣은거야? 🧔‍♂️ 김밥이 종류가 달라? 정확히 반반 그냥 모르고 넣은거 였음ㅎ ...#초딩도시락 #도시락 #초딩 #소풍도시락,초딩도시락;도시락;초딩;소풍도시락
https://www.instagram.com/p/DNEe8KsTB2_/,海老天丼弁当でおはようございます！︎︎︎︎海老天(大葉)と︎︎︎︎錦糸卵で海老天丼と🍉弁当☺️🫶💕スイカ弁当は別で投稿させて下さい🍉✨#ゴータ弁当#みや弁#クロワッサンお弁当部 #クロワッサン普段弁当 #わっぱ弁当#lunch#foodstagram #food#foodphotography #instafood#obentagram #おうちごはんlover #お昼ごはん#도시락　#Lunchbox#お弁当作り楽しもう部#チーム早起き#お昼ごはんが楽しみになるお弁当#天丼弁当 #海老天丼#スイカ弁当,lunch;foodstagram;food;foodphotography;instafood;obentagram;도시락;Lunchbox
https://www.instagram.com/p/DPqkfpyCRbj/c/18403795459136941/,"올해는 마지막이었으면 하는#소풍도시락 세번 쌀뻔한거 두번만 싸서 그나마 다행이지만그래도 이제 그만싸고파🤣명절전 영혼을 불태운딸래미, 아들래미 #도시락제발 다음 소풍은 점심제공되는 곳이길🙏#영혼도시락#캐릭터도시락 #엄마표도시락 #예쁜도시락",소풍도시락;도시락제발;영혼도시락;캐릭터도시락;엄마표도시락;예쁜도시락
https://www.instagram.com/p/DNMhxMMTQsZ/c/17842080429558631/,8/11 🍱・・・・・・・・・・・・・・・・・・・・・・・・・・・・・・・・・・・・・・・・・월요일 아침은 진짜 기상 난이도 🚨최고치🚨 😴💤오늘은 늦잠 자서 💤➡️💨 후다닥 만든 도시락 🍱💦내일은 ⏰일찍 일어나서 ✨예쁘게✨ 플레이팅 해봐야겠어요 🐥💛₊✧ 오늘의 도시락 ✧₊ɞ 흰쌀밥 + 후리가케ɞ 함박스테이크 & 치즈ɞ 김 계란말이ɞ 두부구이ɞ 방울토마토 1개・・・・・・・・・・・・・・・・・・・・・・・・・・・・・・・・・・・・・・・・・月曜日の朝はほんとに起床レベル🚨MAX🚨 😴💤今日は寝坊して 💤➡️💨 ぱぱっと作ったお弁当 🍱💦明日は ⏰早起きして ✨かわいく✨ 盛り付けしてみます 🐥💛₊✧ 今日のお弁当 ✧₊ɞ 白ごはん＋ふりかけɞ ハンバーグステーキ＆チーズɞ 海苔入り卵焼きɞ 焼き豆腐ɞ ミニトマト１個・・・・・・・・・・・・・・・・・・・・・・・・・・・・・・・・・・・・・・・・・Monday mornings have the wake-up difficulty 🚨at MAX🚨 😴💤Overslept today 💤➡️💨 so I whipped up a quick bento 🍱💦Tomorrow I’ll ⏰wake up early and ✨plate it cutely✨ 🐥💛₊✧ Today’s Bento ✧₊ɞ White Rice + Furikakeɞ Hamburg Steak & Cheeseɞ Rolled Omelet with Seaweedɞ Grilled Tofuɞ 1 Cherry Tomato・・・・・・・・・・・・・・・・・・・・・・・・・・・・・・・・・・・・・・・・・#도시락 #직장인도시락 #점심도시락 #bento #弁当 #べんとう #followforfollowback #follow4like #f4f #フォ #좋아요 #반사,도시락;직장인도시락;점심도시락;bento;followforfollowback;follow4like;f4f;좋아요;반사
https://www.instagram.com/p/DOi82grkfBG/,.수안이에게 처음 싸주는 소중한 첫 도시락❤️수안이가 다니는 어린이집은 작년까지소풍을 가면 어린이집에서 도시락을 준비했기에내가 도시락을 싸줄 기회가 없었는데올해부터 엄마표 도시락 1-2회 정도 준비해달라고 해서너무 기쁘고 기대 중이었다는😌❤️아침에 도시락을 싸고 사진을 찍고 있었는데수안이가 일어나서 눈 비비며 다가오길래좋아할 거 생각하니 정말 기쁘고 들뜬 마음에👩🏻수안아~ 엄마가 수안이 도시락 쌌어!? 어때? 귀엽지?😆🧒🏻엄마 근데 주스는 어딨어?😶(전날 도시락+주스+과자 준다함)👩🏻 ……..(너 T야…?😑)세상 T같은 대답에 2초 벙찜ㅋㅋㅋㅋㅋㅋㅋㅋ(T는 아빠 하나만해도 충분하다..)더 웃긴건 수안이가 토끼를 좋아해서 토끼 주먹밥도 만든건데정작 소풍가서는 과일이랑 샌드위치만 먹어서선생님이 주먹밥 먹었다고 전화오심…^^안 버리고 드셔주셔서 감사해요 슨생님…🥹어쨌든… 딸랑구에게 첫 도시락 만들어주기 성공!?!😳❤️,
https://www.instagram.com/p/DO5oOpZD9RJ/,".#가을소풍 #소풍도시락 (2025.09.22)오랜만이네요~ 반갑습니다👋새벽에 일어나 도시락 쌌다고 하루종일 헤롱헤롱~😵‍💫하지만 정신차리고 마음 먹은김에 기록 남기기로!!벚꽃사진 올릴 때가 엊그제 같은데 벌써 가을이라니...🍂4월에 갑자기 큰 수술과 회복을 하느라긴 시간 엄마의 빈 자리를 경험했던 찬영이.평범한 일상이 얼마나 소중하고 감사한 것 인지를깊이 깨달았던 만큼,가족들과 함께 할 수 있는 이 시간들을최선을 다해 지내며 지난 시간 보상해 주고 싶어서아직 몸이 온전치는 않지만 노력하며 살아가는 중입니다.큰 일을 겪으면서 찬영이는 의젓해졌고몸도 마음도 조금은 단단해진 걸 느끼지만,요즘 매일 같이 있으니까 또 까불까불~샤우팅을 해야 말을 듣는...😅 아직은 어린이🧒오랜만에 엄마의 사랑 가득 담은 도시락이 좋았는지채소를 안먹는데,꾸밈 초록채소까지 싹 다 먹었다는 찬영이👍10살 횽아인데 지금도 여전한 자동차 러버 🚗🚕🚙자동차밥이 젤 맛있었다고^^맛있게 먹어줘서 고마워~ 사랑해❤️🩷💛...#소풍 #가을소풍 #소풍도시락 #가을소풍도시락#도시락 #캐릭터도시락 #자동차러버 #엄마표도시락 #아들맘 #아들도치맘 #찬영사랑둥이",가을소풍;소풍도시락;소풍;가을소풍도시락;도시락;캐릭터도시락;자동차러버;엄마표도시락;아들맘;아들도치맘;찬영사랑둥이
https://www.instagram.com/p/DQIHa-zE2IH/c/18043176227472677/,오늘의 냉털오늘 점심도 바쁠것 같아서어제 저녁에 미리 싸둔 도시락을 챙겨봅니다해물완자와 낙지볶음!🍥🏝해물완자 하면서 낙지 볶느라 조금 태웠는데이게 또 현실 도시락 아니겠습니까!!벌써 목요일인데 2일만 열일하자구요아.. 저는 이번주 주말내내 출장입니다 😇😇😇,
https://www.instagram.com/p/DIz014ESqz4/,⠀새벽 일찍 일어나서 준비한첫째 현장학습 도시락♥️잘 다녀와🤩⠀⠀올 상반기 애 둘 도시락은 오늘 싼 도시락과 두번째 사진인 얼마 전 둘째 도시락으로 끝 :)마치 숙제를 끝낸 기분입니다?!ㅋㅋㅋㅋㅋ⠀⠀⠀⠀⠀⠀,
https://www.instagram.com/p/DNexmQtRyEM/,"2025.08.183일간의 연휴동안 강릉 여행을 다녀왔어요!길감자도 먹고 물회도 먹고 유명한 닭강정도 뿌수고완전 먹부림 가득한 3일이였답니다😋그래서 월요일 도시락은 샐러드파스타로!닭가슴살, 오이, 토마토 등등 넣어주고파스타면을 저당 오리엔탈 드레싱에 섞어섞어~제품제공으로 받은 드레싱 소스이지만진짜 너무 맛있어서 요즘 자주 애용중이라는,,💗특히 냉파스타는 소스가 진짜 생명인데저당이라서 더 안심하고 먹을 수 있어,, 저당 만만세🙌🏻같이 먹을 계란도 반숙으로 삶아주고배가 헛헛할 때 먹을 간식까지 챙겨주면 오늘의 도시락도 완성!#직장인점심 #직장인점심시간 #직장인점심도시락 #점심도시락 #도시락 #도시락기록 #도시락일기 #샐러드파스타 #냉파스타 #다이어트도시락 #쿡스타그램 #자취요리 #자취일기 #오도완 #오늘의도시락 #요리스타그램 #도시락스타그램 #the건강한닭가슴살 #저당드레싱",직장인점심;직장인점심시간;직장인점심도시락;점심도시락;도시락;도시락기록;도시락일기;샐러드파스타;냉파스타;다이어트도시락;쿡스타그램;자취요리;자취일기;오도완;오늘의도시락;요리스타그램;도시락스타그램;the건강한닭가슴살;저당드레싱
https://www.instagram.com/p/DHCN0W9T07p/,"⠀#도시락기록⠀오늘 도시락은 어제 저녁부터 김밥을 쌀거라고 정했지 뭐야 🤤⠀▸ 어묵스팸김밥▸ 누들핏 튀김우동▸ 과수원 사과⠀어제부터 도시락 메뉴는 정했지만 재료는 사지 않았다고 한다 🤔집에 있던 재료들 싹 다 털어털어 내맘대로 집 김밥 만들어버리기 ,어묵 매콤하게 양념해서 볶아주고 스팸이랑 계란도 두툼히 굽기 !단무지랑 깻잎 추가해서 밥 얼른 양념해 휘뚤마뚤 말아주면 끝 💕누들핏 튀김우동맛이랑 같이 먹고 사과주스로 입가심해야지 😋⠀",도시락기록
https://www.instagram.com/p/DQDGcJJkhcx/c/18531439423022300/,[ 10월 21일 / 김치볶음밥과 별란말이 ]#밍키식단 #제품제공👧🏻• 저당파로밥 100g• 엄마표 김치• 이금기 (@lkk.korea ) 갈릭굴소스 / 다시다 1T• 후추 / 알룰로스 1t• 별란말이• 마니커에프앤지 (@manikerfng_ ) 통살팝콘치킨• 비비드키친 (@vividkitchen_official ) 저칼로리 양념치킨소스🫧 한동안 밥생각이 안나더니 이번주는 또 밥이 땡겨서오랜만에 준비한 김치볶음밥 도시락 .ᐟ달걀후라이를 올릴까 달걀말이를 만들까 고민하다가귀여운 별란말이로 챙겨줬답니당 ⭐저희집에는 냉동실이 총 3개가 있는뎅그 중에 하나는 제 식단창고로 사용하고나머지는 공용으로 쓰고 있거든용 ?요즘 먹고싶은 게 많아져서 공용냉동실까지점점 채워가다보니 엄마가 얼른 비우라고 하시더라구용 🥲그래서 당분간은 닭가슴살뿐만 아니라다양한 냉동제품들이 등장할 예정이랍니당 ꔛꕤ일반식과 다이어트식이 왔다갔다할 수도 있으니사실 도시락이 더 다양해지니 오히려 좋을 지도 몰라요 💛그럼 다들 오늘 하루도 행복가득한 화요일 보내시길 바라요 ☘️🫧🫧 도시락 용기는 나누담 @xeonic_nanudam 🫶🏻#직장인도시락 #도시락 #식사기록 #집밥 #오늘의도시락 #김치볶음밥 #마니커에프앤지 #팝콘치킨 #피크닉도시락 #간단요리 #점심도시락 #식단공유 #おうちごはん #ダイエット日記 #ソーセージ #お弁当記録 #丼弁当 #식단기록 #bento #lunchbox,밍키식단;제품제공;직장인도시락;도시락;식사기록;집밥;오늘의도시락;김치볶음밥;마니커에프앤지;팝콘치킨;피크닉도시락;간단요리;점심도시락;식단공유;식단기록;bento;lunchbox
https://www.instagram.com/p/DN5LRv5krCG/,こんばんは🧸#今日のお弁当❁スイチリ唐揚げ❁さくらんぼ卵焼き🍒@tomochu15  とまとちゃんのレシピ♡❁れんこんマヨ塩焼き@chiori.m.m  ちおりさんのレシピ♡鶏ガラとガーリックで食が進みます😋❤️❁ちくわきゅうり❁揚げラディッシュ❁ブロッコリー❁くまさんおにぎり🐻🐻‍❄️　(🐻さんは、だし醤油をちょっと混ぜてます)#唐揚げ弁当#くまさん弁当#さくらんぼ卵焼き@tomochu15  とまとちゃんの新作🍒さくらんぼ卵焼きに一目惚れ💘しまして😍早速真似っこさせてもらいました🥹♡とまとちゃん♡可愛いアイデアをありがとう😍何度も動画を見て作ったはずなんですが...さくらんぼの茎の部分がちょっと長かった〜🤦🏻‍♀️💦ヘッドホン🎧に見えても、どうかさくらんぼ🍒をイメージして、見てやってください🥹💕また作りたい✊🏻✨＊.｡.＊ﾟ＊.｡.＊ﾟ＊.｡.＊ﾟ＊.｡.＊ﾟ＊.｡.＊ﾟ＊金曜日の感覚でいたら、まだ木曜日でした😇ﾁｰﾝ昨日は色々大変な1日だったから、余計長く感じます💦あと一日！気持ちを切り替えて✨頑張ります🙌🏻＊.｡.＊ﾟ＊.｡.＊ﾟ＊.｡.＊ﾟ＊.｡.＊ﾟ＊.｡.＊ﾟ＊見に来てくださりありがとうございます🙇🏻‍♀️💕@happy.k.baglecafeいいね♡フォローとても嬉しいです🥹#お弁当 #お弁当記録 #旦那弁当 #キャラ弁 #キャラフード #かわいいお弁当 #子供弁当 #characterfood #bento #デコ弁 #도시락 #曲げわっぱ2508 #かりんほんぽ #おうちごはんlover #スケーター弁当箱 #スケーター公式アンバサダー #wp_deli_japan #おべんたぐらむ,characterfood;bento;도시락;wp_deli_japan
https://www.instagram.com/p/DJvW7fqzMHC/c/18069623704948944/,강민이 소풍 도시락 기록용🫶🏻🖤포켓몬 글씨 만드는것만 한시간 걸린듯..🫠#포켓몬도시락#피카츄#피카츄도시락#봄소풍도시락#캐릭터도시락#도시락#콩콩도시락#포켓몬,포켓몬도시락;피카츄;피카츄도시락;봄소풍도시락;캐릭터도시락;도시락;콩콩도시락;포켓몬
https://www.instagram.com/p/DA--qcKysF1/,💟 쿠로미 미니 삼각주먹밥💟 키티 유부초밥#가을소풍도시락 #kids_lunchbox폼폼푸린💛마이멜로디🩷키티❤️시나모롤🤍마지막 쿠로미🖤까지도시락 완성:)미니 삼각주먹밥틀로 만들어본쿠로미🖤유부초밥 위에는 키티 치즈 올려봤어요❤️#도시락 #콩콩도시락,가을소풍도시락;kids_lunchbox폼폼푸린;도시락;콩콩도시락
https://www.instagram.com/p/DLkiQWRzP8l/c/18074426782944710/,"👨🏻‍🍳 라이스페이퍼떡볶이, 참치마요삼각김밥, 부추계란말이",
https://www.instagram.com/p/DOcH84oE7Gd/,おはようございます☀️きょうのお弁当は#りす弁当  ▷りすおにぎり▷ソース唐揚げ▷りんご風卵焼き▷ブロッコリー▷どんぐり風ミートボール ⁡✎𓂃𓂃𓂃𓂃𓂃𓂃𓂃𓂃𓂃 今年の秋弁当第2弾はりす弁当🐿昨年もりす弁当は作ったのですがあまりうまく作れなくて💦なのでリベンジ弁当です🔥 今回はしっぽも作ってみたりしてみました💕おにぎりで作ると耳の大きさなどが大きくなりすぎたりするので今回は赤ウインナーをカットしたものを使用してみました！ こっちの方が簡単に作れるのでおすすめです( •̀ ω •́ )✧  ✎𓂃𓂃𓂃𓂃𓂃𓂃𓂃話は変わりますが皆さんにとって秋と言えばなんですか？？🍁私は「食欲の秋🐷」！！笑この間もマックの月見バーガーセット(パイとシェイクも)をペろりと平らげてしまいました…ヽ(ﾟωﾟ)ﾉ三ヽ(ﾟωﾟ)ﾉ⁡いつも見てくださりありがとうございます･*:.｡❁⁡今日もゆるりといきましょうଘʕ੭·͡ᴥ·ʔ ੭✎𓂃𓂃𓂃𓂃𓂃𓂃𓂃#お弁当 #弁当 #bento #かわいいお弁当 #便当 #도시락 #手作り弁当 #旦那弁当 #oben365 #曲げわっぱ2509 #かりんほんぽ #秋弁当 ⁡,bento;도시락;oben365
https://www.instagram.com/p/DPKcWsFE3V6/,#쑤도시락 #오늘의도시락 어제 저녁에 소고기 굽고 된장찌개 끓여서 맛나게 먹고도시락도 그렇게 싸려고 했는데...배부르게 먹고 나니 귀찮더라고요🤭 ㅋㅋㅋ간단하게 숯불갈비맛 닭다리살 스테이크 담아왔어요 ㅎㅎ,쑤도시락;오늘의도시락
https://www.instagram.com/p/DNmWJyBhCBA/,"🍱벌써 목욜이에요!!!!이번주 순삭하는 기분입니다ㅋㅋㅋㅋ야호🤍사실 이번주는 장염이슈로.. 삼일내내 죽 먹는중이고..요건 지난주 도시락들이에요➰🏷️훈제오리덮밥과 오닭계샐러드간단하게 다진마늘,대파만 넣고 훈제오리 볶볶!이대로 밥에 곁들이면 별거아닌데 진짜 맛도리에요ㅋㅋㅋ오닭계샐러드는 말그대로 오이,닭가슴살,계란넣고 만든건디〰️소스는 마요네즈 4, 간장 1/2, 홀머 1, 알룰로스 2/3, 갈은 참깨 1 비율로 했는데 취향껏 조절하시면 될 것 같습니다.🏷️카레와 밑반찬싸갈게 없는 날은 팬트리에서 레토르트를 꺼내옵니다..ㅋㅋㅋ휘카레랑 동그랑땡,깻잎지,김치 챙겼어요!🏷️흰밥과 밑반찬원래 볶음밥을 자주 쌌는데 요즘은 밥에 다양한 반찬먹는게 좋아요!!주말에 반찬공장 돌린김에 바리바리ㅋㅋㅋㅋ떡갈비, 들깨버섯볶음, 콩나물무침, 김자반 입니당➰🏷️유부초밥과 로제떡볶이저녁으로 급땡긴 신전로제떡볶이-! 참 맛있죠잉~?튀김이랑 실컷먹고 남은거+유부초밥 만들어서 도시락 완료🙌🏻유부초밥에 토치질은 꼭 하십셔..! 불맛 더해지면 쫀맛이니깐.후식은 요거트입니다🥣#직장인도시락 #점심도시락",직장인도시락;점심도시락
https://www.instagram.com/p/Czcl28lPvZe/,D+1727⠀⠀⠀⠀⠀⠀⠀⠀⠀⠀⠀⠀⠀⠀⠀⠀⠀찬이 어린이집은 놀러도 많이 다니는데한 번도 도시락 싸오란 말을 안 하더니처음으로 도시락 준비해달라는 말에전 날 밤까지도 뭐 싸주지.. 하며나름 첫 도시락이라고 나 혼자 설렜다가아침에 눈 뜨니 귀찮고 시간도 없고‘아 오늘 얼집 보내지 말까…’😇⠀⠀⠀⠀⠀⠀⠀⠀⠀⠀⠀⠀⠀⠀⠀⠀⠀“찬아 도시락 안 예뻐도 맛있게 먹고 와” 했더니“우와 맛있겠다! 도시락에 엄마 사랑이 가득 들어있네~”하는 찬이 덕에 기분 좋아짐^^^ㅠㅠ..♥️⠀⠀⠀⠀⠀⠀⠀⠀⠀⠀⠀⠀⠀⠀⠀⠀⠀⠀⠀⠀⠀⠀⠀⠀⠀⠀⠀⠀⠀⠀⠀⠀⠀⠀#첫도시락 #마이무,첫도시락;마이무
https://www.instagram.com/p/DOGUkhrkUm2/,"오늘의 쏘락 도시락🍱▫️김치볶음밥▫️용가리돈까스▫️미역국▫️청사과불패 조합인 용가리×김치볶음밥 크아앙🦕나름 귀엽게 눈도 만들어줌!볶음밥에 반숙란 탁 올리고 싶었지만,아직은 날이 더워서 다음 기회에...🐻 쏘락's 픽 도시락과 제품 정보는 프로필링크에 있어요 🐻..#쏘락도시락 #점심도시락 #직장인도시락 #직장인점심도시락 #오도완 #오늘의도시락 #도시락 #도시락만들기 #도시락메뉴 #도시락그램 #자취요리 #자취생요리 #dosirak #obento #bento #lunchbox #lunchboxideas #弁当 #お弁当 #fyp #용가리돈까스 #김치볶음밥도시락 #김치볶음밥 #용가리김치볶음밥",쏘락도시락;점심도시락;직장인도시락;직장인점심도시락;오도완;오늘의도시락;도시락;도시락만들기;도시락메뉴;도시락그램;자취요리;자취생요리;dosirak;obento;bento;lunchbox;lunchboxideas;fyp;용가리돈까스;김치볶음밥도시락;김치볶음밥;용가리김치볶음밥
https://www.instagram.com/p/DQIpPkpkhj0/c/18531699475022052/,.3학년이지만 2번째 체험학습😂시간에 쫓겨 디테일이 떨어지지만 맛있게 먹고재밌게 놀구와😍.#3학년체험학습 #도시락 #워킹맘스타그램 #후딱만들고출근,3학년체험학습;도시락;워킹맘스타그램;후딱만들고출근
https://www.instagram.com/p/DQHR4Iwj10v/,저녁은 일반식 먹음 밥은 반 공기.. 컨디션 이슈로 운동 쉬는날.🤒#20251022 #샐러드 #식단 #diet #도시락,20251022;샐러드;식단;diet;도시락
https://www.instagram.com/p/DQI0cBNgc3O/c/17902733553147916/,엄마 친구분이 표고버섯을 주셔서 소세지랑 달달 볶아먹기 흠 표고버섯 솥밥을 먹을까봐요?#도시락 #직장인도시락 #직장인점심도시락 #점심도시락,도시락;직장인도시락;직장인점심도시락;점심도시락
https://www.instagram.com/p/DQGTnOVjy3R/,25.10.22. 점심도시락#도시락 #소식도시락#크래미계란볶음밥#치킨너겟#해물완자,도시락;소식도시락;크래미계란볶음밥;치킨너겟;해물완자
https://www.instagram.com/p/DQJXHZhAT2J/,온반찬김밥이에요 내일또 만나요 ~~...#온반찬김밥#양산맛집#양산반찬#집밥#주문반찬#맛집#꼬마김밥#혼밥#맛있는밥상#제사음식#케이터링#도시락#밥상,온반찬김밥;양산맛집;양산반찬;집밥;주문반찬;맛집;꼬마김밥;혼밥;맛있는밥상;제사음식;케이터링;도시락;밥상
https://www.instagram.com/p/DQIlSXYkpe3/c/18525176788022347/,도시락 기록하기67어제 저녁 비빔밥 해 먹은걸로 도시락 싸기🍳해가 쨍쨍 맑은 가을날🌞,
https://www.instagram.com/p/DQJa4kZEvdw/,🧑‍🍳 25.10.23 ꔌ늘થ 도⋌∣락 🧑‍🍳- 닭도리탕정식 - 김말이 야채춘권 튀김 🍱 개성 도시락 🍱 📍대구 중구 큰장로22길25 ☎️010-3191-9758 🏷️11:00AM - 14:00PM[일요일휴무] ✔️문의는 전화/문자/DM [DM문의는 24시간 풀가동 항시대기중ෆ⃛ ] ....#대구 #서문시장  #대구맛집 #서문시장맛집 #도시락 #개성도시락 #대구단체도시락  #서문시장도시락 #서문시장단체도시락  #단체주문 #단체음식 #오늘의도시락  #직화불고기 #고추장불고기 #제육볶음  #오징어볶음 #불고기맛집 #대신동 #중구  #큰장로 #맛집 #음식 #한식 #양식 #중식 #동호회 #동호회모임 #산악회 #직장인도시락 #행사,대구;서문시장;대구맛집;서문시장맛집;도시락;개성도시락;대구단체도시락;서문시장도시락;서문시장단체도시락;단체주문;단체음식;오늘의도시락;직화불고기;고추장불고기;제육볶음;오징어볶음;불고기맛집;대신동;중구;큰장로;맛집;음식;한식;양식;중식;동호회;동호회모임;산악회;직장인도시락;행사
https://www.instagram.com/p/DQI6nF6Etkm/,#danny #아빠요리 #도시락스타그램 #도시락 #도시락싸기 #도시락반찬 #점심도시락 #점심,danny;아빠요리;도시락스타그램;도시락;도시락싸기;도시락반찬;점심도시락;점심
https://www.instagram.com/p/DQISN-_Ex6T/,・おはようございます本当に寒くなってきましたね揚げ物も全然苦でなくなりました！変わり映えのしないお弁当ですが、作ったことで良しとしましょう（笑）今日も笑顔で過ごしましょう♪・・春巻き揚げ餃子卵焼きブロッコリーオーブン焼きズッキーニエリンギミニトマト・・#お弁当#obento#도시락#お弁当記録#中学生弁当#高校生弁当#毎日お弁当#lunchbox,お弁当;obento;도시락;お弁当記録;中学生弁当;高校生弁当;毎日お弁当;lunchbox
https://www.instagram.com/p/DQJRWOdDyc0/,"요즘 피드가 좀 뜸했네용 ㅎㅎ도시락은 쌌는데 넘 피곤한거 있죠,,게으른 나 정신차료 ㅜㅜㅜ 🥹초심을 찾고자,, 맛나게 싸봤습니당❤️❤️배민비마트에 돼지갈비 1키로가 8900원이길래 사봤는데제 기준 간이 좀 쎄긴하지만 쌀밥이랑 짭쪼롬한 돼지갈비는 극락...그리고 요즘 너무 춥지않나요?! ㅜㅜ가을이 없어진,,,🍂🍂따시게 입고 다니세용❤️🫶🏻",
https://www.instagram.com/p/DQJCpxwj9nk/,"🍁 𝟮𝟬𝟮𝟱.𝟭𝟬.𝟮𝟯백수한달째, 먹고자고놀다보니 체중계가 빡친것 같습니다ㅋ도시락 챙길땐 먹는양이 정해져있으니 자제가 좀 됐었는데요새는 뭐..ㅋㅋ  눈떠서 감을때까지 먹으니..🤣🤣 미쳐요ㅋㅋ집에서 먹더라도 적당히 먹어야겠다 싶어 식판을 알아보다얼마전 잔디반디님이 스토리에 새 도시락을 공개하셨는데식판으로도 도시락으로도 딱이다싶어 바로 구매하려니 없어서언제 나오는지 여쭤 봤는데 감사하게도 보내주셨어요😎처음보는 올리브 색상 넘 예쁘게 나오고 기존 사용해오던도시락들과 똑같이 전자랜지,식기세척기 둘다 가능해서 편하고정말 물이 안새는지 쉐킷쉐킷 있는 힘껏 흔들기도 했지요ㅋㅋ잘 사용할게요 감사합니다❤️🌱 제품제공 : @zandibandi🍱 잔디반디심플락 , 3칸/2칸 , 베이지/올리브/브라운🌸 𝓣𝓸𝓭𝓪𝔂'𝓼 𝓓𝓸𝓼𝓲𝓻𝓪𝓴• 야채카레 • 현미밥• 김치• 방울토마토#오늘의도시락 #오늘의메뉴 #식판도시락#잔디반디 #잔디반디심플락 #도시락#홈메이드 #홈쿡 #집밥 #🍱 #협찬",오늘의도시락;오늘의메뉴;식판도시락;잔디반디;잔디반디심플락;도시락;홈메이드;홈쿡;집밥;협찬
https://www.instagram.com/p/DQJJb_JkesW/,이번주 도시락 모음집_2#3 깐풍만두+주먹밥#4 깻잎말이+두부명란찜오늘 유튭 올라가요🫶🏻❤️#도시락 #도시락브이로그,3;4;도시락;도시락브이로그
https://www.instagram.com/p/DQJk0mPEsmd/,#도시락 #주문오면 #체크후 #안고 #업고 #출발 #배달완료 #오늘도보람찬,도시락;주문오면;체크후;안고;업고;출발;배달완료;오늘도보람찬
https://www.instagram.com/p/DPDjyJhEpZy/,이번주 마지막 도시락. 좋은 식사되세요🙏🏻#집밥유희#도시락#노플라스틱,집밥유희;도시락;노플라스틱
https://www.instagram.com/p/DQJRlqIEwX8/c/17887344087373552/,엘라네 지우 도시락 이야기❤️2025.10.23.목요일오늘메뉴밥.갈비탕.김계란말이.김치.목요일.. 어서.. 일요일이 오기를 🥲왜 이리 피곤 한가요 😂😂친정엄마가 해주신 갈비탕이 있어수월하게 준비 끝 !! .오늘은 빨리 잘 수 있기를 🙏.#아들 #점심 #도시락 #알러지 #음식알러지#점심메뉴 #도시락메뉴,아들;점심;도시락;알러지;음식알러지;점심메뉴;도시락메뉴
https://www.instagram.com/p/DJk_g35yzHc/,내일 27개월 엄우쭈의 첫 소풍🫶...언제 이만큼 커서 어린이집을가고소풍도 다녀왔는지🙈그저 신기하고 대견한 엄마 ㅋㅋㅋ제일 신기한건 다같이 돗자리에서 낮잠잔건데..그게 가능한 일인가요 ㅋㅋㅋㅋㅋㅋㅋ슨생님들 대단하심...😆😆...#소풍도시락 #아기도시락 #어린이집 #어린이집소풍 #도시락 #피크닉 #유부초밥 #뽀로로 #27개월아기 #3살 #캐릭터도시락 #아기간식,소풍도시락;아기도시락;어린이집;어린이집소풍;도시락;피크닉;유부초밥;뽀로로;27개월아기;3살;캐릭터도시락;아기간식
https://www.instagram.com/p/DPyADCjEozb/c/18093347410641241/,❤️오늘도 감사합니다. ^^퀵도 함께~🚗🚗🚗,
https://www.instagram.com/p/DHr1TpCTM9b/,"3월 27일 오늘의 오! 시락오늘은 급식대가 두부조림 레시피로 뚝딱 만든 도시락이예요! 같이 먹으면 맛있을 것 같아서 급하게 밥도 달걀 넣고 휘리릭 볶아 완성했어요. 내일은 남편 교육이라 도시락 없데이💗 다음 주에 만나요!꾸리꾸리한 날씨가 반갑기는 오랜만이네요. 강한 비는 아니라고 하지만 불길이 더이상 번지지 않고 얼른 꺼지길 바랍니다🙏🏻😸아침-단백질 쉐이크😼점심-달걀볶음밥, 급식대가 두부조림주재료 단백질 함량: 28g-달걀 한 알당: 7g-두부 100g당: 7g😻간식-단백질 쉐이크#도시락 #직장인도시락 #점심도시락 #단백질식단 #단백질도시락 #식단도시락 #단백질식단 #단백질함량 #영양성분 #남편도시락 #신혼 #냥집사 #집밥 #집밥레시피 #도시락레시피 #추천메뉴 #점메추 #간식 #아침 #점심 #근육량늘리기 #근육 #오늘의도시락 #계란볶음밥🍳 #달걀볶음밥 #두부조림 #급식대가두부조림 #급식대가 #급식대가레시피",도시락;직장인도시락;점심도시락;단백질식단;단백질도시락;식단도시락;단백질함량;영양성분;남편도시락;신혼;냥집사;집밥;집밥레시피;도시락레시피;추천메뉴;점메추;간식;아침;점심;근육량늘리기;근육;오늘의도시락;계란볶음밥🍳;달걀볶음밥;두부조림;급식대가두부조림;급식대가;급식대가레시피
https://www.instagram.com/p/DBvq8p3TSXr/,"#할로윈도시락큰딸 현장체험 도시락 🍱🎃👻💀마침 할로윈 전날이라 야심차게 준비해본 도시락인데 오랜만에 멘붕 왔다는🤪🤪🤪이것저것 너무 복잡하게 될까봐 깔끔하게 하려고 했는데 욕심이 끝이 없었네😂😂😂둘째가 날따라 만든 마녀🧙빗자루는 나보다 더 잘 만들어서 언니 선물로 넣어주고시간 부족해 미이라 소시지도 대충 ㅋ 할로윈 픽도 대충 막 꽂아 아숩😅호박은 손 벌벌 떨며하고 눈들도 생각보다 시간이 더 걸려서 마지막엔 에랏 하고 했는데ㅋ아쉬움은 늘 있기마련이니😝그래도 또하나의 도시락을 완성해서 만족💕 두번은 또 못할 할로윈 도시락은🍱📍스팸 주먹밥 해골들...하양이치즈📍호박... 주먹밥에 노랑이치즈📍마녀 빗자루... 계란지단, 구운감자, 김📍미이라소시지...비엔나햄, 하양이치즈, 김📍오레오📍미니 마쉬멜로 & 하리보젤리올핸 이걸로 끝이겠지😅울 큰딸도 신이나서 가고 역쉬 친구들과 담임 선생님으로부터 도시락이 핫이슈였다니나의 도시락은 멈출수가 음네🥰🫶👻#현장체험도시락 #할로윈도시락 #해피할로윈 #초등도시락 #도시락 #수제도시락 #엄마표도시락 #찢었다 #도시락싸는엄마 #장기자랑 #아이엠마더",할로윈도시락큰딸;현장체험도시락;할로윈도시락;해피할로윈;초등도시락;도시락;수제도시락;엄마표도시락;찢었다;도시락싸는엄마;장기자랑;아이엠마더
https://www.instagram.com/p/DNP6RO_yW7E/,.『アンパンマン弁当』簡単可愛い弁当はこちら➱➱➱ @meshinyo気になったらリポストしてね🔁キャラ弁の定番？みんな大好きアンパンマン🍞海苔パンチ使ったから綺麗なお顔デショー🙂@tsu_ya_ko_mama さんのを参考にさせていただいたけど、、面倒臭いからおむすびまんもアンパンマンも同じ顔でちょっと奇妙デショー🙂これも残り物＋レンチンのみ＋そのまま投入系で火なし手抜き弁当でぇす🍱----------------------最後まで見てくださりありがとうございます😭❤️👦🏻3才＆👶🏻1才｜転勤族ママ（関西▶︎広島▶︎千葉）です👩🏻🍱AIに頼って奮闘中！初お弁当生活の成長記録✍️🉐ストーリーズは懸賞＆子連れお得情報🍕子連れでも行けるお洒落ランチ・カフェこんなことを発信してるので、フォローしてママ友になってもらえたら喜びます🥹コメント、DMでお気軽に絡んでください❤️フォローはここから👇@meshinyo ----------------------#幼稚園弁当 #年少弁当 #キャラ弁 #도시락 #chatgpt活用 #アンパンマン弁当,도시락;chatgpt
https://www.instagram.com/p/DMtbFtJzeYM/,たこ飯と唐揚げ弁当でおはようございます☀️︎︎︎︎☑︎たこ飯🐙✨︎︎︎︎☑︎唐揚げ🍗✨︎︎︎︎☑︎ブロッコリーおかか醤油和え🥦✨︎︎︎︎☑︎だし巻き玉子🥚✨︎︎︎︎☑︎かぼちゃ黒糖メープル煮🎃✨久しぶりにごーちゃん弁当です😊明日お弁当いるん？？いるで！って事で😆🙌張り切ってたこ飯炊きました🐙✨たこ飯は美味しく出来たので娘にもお裾分け今日は掃除機や洗濯干すやつなど足らない物買い足しに行ってきます🙋‍♀️#ゴータ弁当#みや弁#クロワッサンお弁当部 #クロワッサン普段弁当 #わっぱ弁当#lunch#foodstagram #food#foodphotography #instafood#obentagram #おうちごはんlover #お昼ごはん#도시락　#Lunchbox#お弁当作り楽しもう部#チーム早起き#お昼ごはんが楽しみになるお弁当#たこ飯弁当 #唐揚げ#唐揚げ弁当,lunch;foodstagram;food;foodphotography;instafood;obentagram;도시락;Lunchbox
https://www.instagram.com/p/DO4tvA5E_fq/,おはようございます☀️きょうのお弁当は#唐揚げ弁当  ▷唐揚げ▷エビフライ🍤▷男の子ごはん▷コーンポテサラ▷おにぎり卵焼き▷ブロッコリー▷蒸しにんじん▷応援たこ星人 ⁡✎𓂃𓂃𓂃𓂃𓂃𓂃𓂃𓂃 運動会に持っていくお弁当をイメージして作ったお弁当です🏃🔥#運動会弁当  自分の運動会のお弁当の記憶は唐揚げ、おにぎり、卵焼き、アスパラの肉巻きなど♬運動会の楽しみだったことを今でも覚えています。 そんな定番？なおかずをメインに盛り盛りと詰めて作ってみました🍗🍗🍗ご飯はこれで0.5合分詰めてあります🌼  今回使ったお弁当箱は　@bboxforkidsjapan b.boxのミニランチボックス❤ぱっと目をひくカラーに一目ぼれして選んでみました！ ボトルは使い勝手を考えてホワイトカラーに🤍蓋と一体型のフリップトップ飲み口になっててすっと飲めるので、とても使いやすかったです😳　　お弁当箱はミニランチボックスですが1L入るので、割と大きめです！全部埋められるかな？💦と心配な部分もありましたが詰めてみると、あっという間に詰められました😳✨✨ 動かせる仕切りがあるので1つのマスはお菓子やフルーツでも嬉しいかも🍪🍓  お気にいりのお弁当箱の一つになりました💛 これからも使っていこうと思いますので、もし同じ弁当箱をお持ちの方いらっしゃいましたら詰め方など、一つの参考にしてもらえたら嬉しいです🥰⁡✎𓂃𓂃𓂃𓂃𓂃𓂃𓂃𓂃𓂃𓂃⁡いつも見てくださりありがとうございます･*:.｡❁⁡今日もゆるりといきましょうଘʕ੭·͡ᴥ·ʔ ੭✎𓂃𓂃𓂃𓂃𓂃𓂃𓂃#PR #お弁当 #弁当 #bento #行楽弁当 #かわいいお弁当 #便当 #도시락 #手作り弁当 #旦那弁当 #oben365 #曲げわっぱ2509 #かりんほんぽ ⁡,PR;bento;도시락;oben365
https://www.instagram.com/p/DOvpRb8EngB/,산리오도시락 주문하신 나의 하나뿐인 고객님ෆ작년이랑 똑같이 만들었는데 작년꺼는 기억이 안난다는😂매년 새롭고 좋지뭐😝,
https://www.instagram.com/p/DKQP3hDTYYH/,⠀#도시락기록⠀금요일 같은 목요일 보내고 드디어 진짜 금요일이 되었다 !! 🤗⠀참치마요유부초밥샤오롱바오오이지무침골드키위 + 만다린⠀롤유부초밥 꺼내 매콤하게 청양참치마요 넣고 유부초밥 돌돌 🍥간단하게 샤오롱바오 쪄서 넣고 오이지무침까지 챙기면 완성 !거기에 오늘도 과일 두가지 넣어주면 이번주도 무사히 보냈다 💕⠀,도시락기록
https://www.instagram.com/p/DKQP3hDTYYH/c/18041931830540796/,⠀#도시락기록⠀금요일 같은 목요일 보내고 드디어 진짜 금요일이 되었다 !! 🤗⠀참치마요유부초밥샤오롱바오오이지무침골드키위 + 만다린⠀롤유부초밥 꺼내 매콤하게 청양참치마요 넣고 유부초밥 돌돌 🍥간단하게 샤오롱바오 쪄서 넣고 오이지무침까지 챙기면 완성 !거기에 오늘도 과일 두가지 넣어주면 이번주도 무사히 보냈다 💕⠀,도시락기록
https://www.instagram.com/p/DQHM98CkhFe/,땡초오뎅김밥인데 땡초를 못구해서 피망같은 고추로 맨들어서 말아주심 #도시락#도시락기록#직장인도시락#점심도시락#도시락스타그램#땡초김밥#땡초구해줘,도시락;도시락기록;직장인도시락;점심도시락;도시락스타그램;땡초김밥;땡초구해줘
https://www.instagram.com/p/DQHU8XEjrfu/,🫶🏻Today’s lunch for Jay🫶🏻🥗샐러드 &🍗치킨#la #orangecounty #도시락 #kfood #lunchboxlove #남편사랑해❤️,la;orangecounty;도시락;kfood;lunchboxlove;남편사랑해❤️
https://www.instagram.com/p/DQIitLUkskB/,#기록용 도시락을 대체 몇번을 싼거얔ㅋㅋㅋㅋ앨범 찾아보니 피드에 없는도시락도 있네 앞으로 이걸 몇년을 더해야하누?😁😁#도시락 #유치원도시락 #어린이집도시락 #도시락장인될듯 #소풍도시락 #아들도시락 #도시락픽 #도시락메뉴 #도시락데코 #도시락픽 #예쁜도시락 #도시락통추천 #도시락통,기록용;도시락;유치원도시락;어린이집도시락;도시락장인될듯;소풍도시락;아들도시락;도시락픽;도시락메뉴;도시락데코;예쁜도시락;도시락통추천;도시락통
https://www.instagram.com/p/DQF05zDkvSJ/,#가을소풍 🍱🍊🍬🍭#도시락#도시락싸기#소풍미션완료#재밌게놀고와,가을소풍;도시락;도시락싸기;소풍미션완료;재밌게놀고와
https://www.instagram.com/p/DQHcs1fDrnG/,오늘의 #도시락 아이들의 최애 #삼각김밥오늘은 후쿠오카 우동집에서 먹었던 오니기리를 생각하며 새우튀김을 넣어 봄. 그 우동집 오니기리는 하얀쌀밥에 새우튀김이 들어가 지극히 평범해보이다 못해 맛이 없을거 같았지만 제일 맛있었음. 하얀밥인줄 알았는데 양념이 너무 잘 되어있었음. 나는 온갖 후리카케를 때려넣음. 😎오늘은 콜린의 생일. 이안이가 어제 자기 생일이라며 학교에 7:15에 가더니 오늘도 7:15에 갔음. 오늘은 왜 일찍 가냐고하니 형 생일이라서 가야한다고. 가서 뭐할껀데 물어보니 친구들이랑 놀거란다… 🤔🤣그래서 점심도 못 싸갔음 …,도시락;삼각김밥
https://www.instagram.com/p/DQJf7wiETyh/,도시락챙겨서 피크닉☀️추워져서 이제 못가..🥺#피크닉 #도시락 #이마트 #이마트털이,피크닉;도시락;이마트;이마트털이
https://www.instagram.com/p/DQHGffeEQZl/,🍱미들스쿨 도시락#도시락 #집밥 #도시락스타그램 #맛스타그램 #먹스타그램 #한식 #한식도시락 #반찬 #간단도시락 #점심도시락#LunchBox #KoreanFood #Foodie #Foodstagram #Yummy#Homemade #HealthyFood #Delicious #FoodPorn #InstaFood#LunchIdeas #Homecooked #FoodLover #FoodPic #MealPrep,도시락;집밥;도시락스타그램;맛스타그램;먹스타그램;한식;한식도시락;반찬;간단도시락;점심도시락;LunchBox;KoreanFood;Foodie;Foodstagram;Yummy;Homemade;HealthyFood;Delicious;FoodPorn;InstaFood;LunchIdeas;Homecooked;FoodLover;FoodPic;MealPrep
https://www.instagram.com/p/DQItQi7E0RG/,"안녕하세요!배달 보온도시락&샐러드 전문업체 푸디스퀘어 입니다🍱【10.23중식 도시락 샐러드 메뉴🍴】👍푸디스퀘어를 선택하는 이유✔️매일 다른메뉴✔️기다림 없는 배송✔️탁월한 보온(4시간)✔️뒤처리(※샐러드는 수거 서비스가 지원되지않습니다)✏️사용 설명서✔️기업 전용 도시락&샐러드 배송 서비스✔️3명 이상의 인원부터 서비스가 이용가능✔️주 3~4회 주문을 기본✔️결제방식은 월 말 결제(후불결제)를 기본으로하며 매월 첫째 주 금요일에 결제를 진행⚠️도시락, 샐러드는 세트가 아닙니다.각각 따로 주문 가능합니다⚠️샐러드는 당일주문이 불가합니다⚠️📍연락처 010-9676-3990📍전화문의  월~금 7:00~17:00매일 인스타그램에서 메뉴 갱신중🍴 질문이나 문의사항은 인스타그램 DM 또는 연락처 로 연락주세요.오늘도 좋은 하루 보내십시오💫#맛스타 #맛스타그램 #맛있다 #푸드스타그램 #또먹고싶다 #맛집#오늘뭐먹지 #food#foodfic #instafood #도시락 #샐러드#salad #lunchbox #lunch #점심 #점심메뉴",맛스타;맛스타그램;맛있다;푸드스타그램;또먹고싶다;맛집;오늘뭐먹지;food;foodfic;instafood;도시락;샐러드;salad;lunchbox;lunch;점심;점심메뉴
https://www.instagram.com/p/DQI8HNrkgux/,"제공 | cocolocker⠀ ⠀ 지난주 DDP 디자인 페어에 초대를 받아 다녀왔어요’Live your color‘라는 메시지와 함께 다채로운 컬러의 제품과 이야기 소개를 보며 코코라커라는 밀폐용기&도시락 브랜드에 대해 알게 되었어요⠀ ⠀ 그리고 처음 공개되는 VIP 키트도 함께 선물로 받았는데가을 느낌의 무화과 컬러에 포크에는 제 이름까지 각인되어 있어 센스에 한 번 더 반한⋰˚⠀ ⠀ 기다렸던 가을이 와서 좋은데 이 계절이 금방 지나갈 것 같아 아쉽지만 지금을 즐기며오늘은 피크닉 도시락 느낌으로 홈브런치!⠀ ⠀ 컬러, 디자인, 실용성까지 더해져 저는 선물용으로도 추가 구매했는데 많은 분들이 알게 되면 더 좋을 것 같아요♡⠀ ⠀ ⠀ ⠀⠀ ⠀⠀ ⠀─────── ୨ৎ ───────@coco_locker ────────────────#도시락 #밀폐용기 #피크닉도시락 #샌드위치 #피크닉샌드위치 #홈브런치 #홈크닉 #홈카페 #테이블웨어#sandwich #picnic #tableware #弁当 #サンドイッチ",도시락;밀폐용기;피크닉도시락;샌드위치;피크닉샌드위치;홈브런치;홈크닉;홈카페;테이블웨어;sandwich;picnic;tableware
https://www.instagram.com/p/DQGB0SLkbUL/,"후 메잌 디스.ᐟ.ᐟ 잇츠미𓂃♥원래 상어가족 만들어주려고 했는데 늦잠 이슈로..아기상어 도시락으로 급 변경(,,•﹏•,,)샌드위치 햄도 깜빡하고 안 시켜서 스팸 구워서 입 만들고롤샌드위치에서 그냥 잼 바른 빵으로 변경..얼레벌레 약 30분만에 완성한 첫 소풍 도시락🍱💛쫑알쫑알 도시락 후기도 들려주면 좋을텐데..하고 아쉽지만-배도 의젓하게 잘 따고 재미있게 놀고 온 그녀♥♥#소풍도시락 #아기도시락 #도시락 #아기상어도시락",소풍도시락;아기도시락;도시락;아기상어도시락
https://www.instagram.com/p/DOxrg3Vj5Pk/,-마지막 도시락 기록용 !!!!!!!드디어 7세 유준이의 마지막 도시락이다뭐 이거 해달라 저거 해달라 크게 요청사항 없는 애라이번엔 진짜 진짜 x 23424 그냥 김밥 살거라고 했는데아침에 일어나서 보더니🧒🏻 엄마 그냥 김밥 산다고 하더니 이게 뭐야 너무 웃기고 귀엽다 ~하면서 세상 해맑게 웃으면서 좋아하는거 보고 피로가 풀리..긴 개뿔마지막이라서 속이 너무 후련하다귀찮고 매번 스트레스 받았지만처음부터 끝까지 소풍때마다 사랑과 정성을 가득 담았더니오늘 갑자기 엄마 도시락 예쁘게 싸줘서 고마워 사랑해 한다표현에 인색한 엄마는 나도 ~ 라고 답하고 뒤돌아서서 코끝찡 함 해따무튼 유준이 유치원시절 마지막 도시락 잘가라 안녕 !우리 아들도 오늘 유치원에서 잘자고 낼 만나자 🩵(아 꼬동이는 도시락 없는 유치원 절실하다..)#엄마표도시락 #소풍도시락#도시락그만 #진짜마지막,엄마표도시락;소풍도시락;도시락그만;진짜마지막
https://www.instagram.com/p/DQBRwBVEhFe/,こんにちは🌟#今日のお弁当❁黄パプリカとオクラの肉巻き❁はんぺん団子❁カニカマの卵焼き🍎❁ハムとにんじんのマリネ❁ブロッコリー❁ボロニアソーセージおにぎり#肉巻き弁当#おにぎり弁当#トイストーリー弁当　なんとなくお弁当に使おうと買っていたボロニアソーセージの賞味期限が、なんと今日まで💦という事で、トイストーリー3のロッツォおにぎりにしてみました🧸が...見えますかね？🫣ソーセージの味が濃かったので、ご飯はただ丸めただけの白米です🍚笑メニューの上3つは@tsu_ya_ko_mama  つやこママさんの📖レシピ💕可愛くて美味しいレシピをありがとうございます🙇🏻‍♀️✨＊.｡.＊ﾟ＊.｡.＊ﾟ＊.｡.＊ﾟ＊.｡.＊ﾟ＊.｡.＊ﾟ＊今日は両足筋肉痛で、そろりそろりと歩いてます🤭昨日の草引き🌱しか思い当たる節がなく...腰を痛めないように気をつけたら、足にきた模様😇運動しないとな〜🏃‍♀️今週もよろしくお願いします🧸💕よい一日を✨＊.｡.＊ﾟ＊.｡.＊ﾟ＊.｡.＊ﾟ＊.｡.＊ﾟ＊.｡.＊ﾟ＊見に来てくださりありがとうございます🙇🏻‍♀️💕@happy.k.baglecafeいいね♡フォローとても嬉しいです🥹#お弁当 #お弁当記録 #旦那弁当 #高校生弁当 #高校生男子弁当 #こども弁当 #ロッツォ弁当 #toystory #ディズニー弁当 #wpc弁当箱 #キャラ弁 #簡単キャラ弁 #かわいいお弁当 #フーディストノート #かりんほんぽ #曲げわっぱ2510 #bento #도시락 #オベンタグラム #OnigiriAction,toystory;wpc;bento;도시락;OnigiriAction
https://www.instagram.com/p/DMmE2j1Txqv/,📝밑반찬 ㆍ오이무침ㆍ메추리알장ㆍ어묵볶음 ㆍ애호박볶음ㆍ고사리나물ㆍ진미채ㆍ미역줄기볶음ㆍ멸치볶음ㆍ콩나물무침ㆍ비엔나소시지ㆍ시금치나물ㆍ콩자반더운 날씨에 건강 조심하세요🩷#집밥 #한식 #홈쿡 #레시피#밑반찬 #밑반찬레시피 #일주일반찬 #도시락 #요리영상 #직장인도시락 #예쁜상차림#kimchi #koreanfood #cooking #food #recipe #cook #yummyfood #cookstagram,집밥;한식;홈쿡;레시피;밑반찬;밑반찬레시피;일주일반찬;도시락;요리영상;직장인도시락;예쁜상차림;kimchi;koreanfood;cooking;food;recipe;cook;yummyfood;cookstagram
https://www.instagram.com/p/DOTN26Ej8E5/,고놈 참 맛나겠다!😋 도시락 챙겨 소풍가기 좋은 가을이 오고있어요~🔗배경화면은 프로필 링크에서 다운받을 수 있어요!#똥깡아지메주 #메주 #일러스트 #인스타툰 #도시락 #소풍 #가을 #피크닉,똥깡아지메주;메주;일러스트;인스타툰;도시락;소풍;가을;피크닉
https://www.instagram.com/p/DAzNwD9ziLP/,오늘도 새벽부터 열심히 도시락 싸는 엄마♡#비오는날#현체#ㅜㅜ#현장체험학습도시락#소풍#도시락,비오는날;현체;ㅜㅜ;현장체험학습도시락;소풍;도시락
https://www.instagram.com/p/DOs5suEgRR5/,幼稚園お弁当まとめ👦🏻　　ふりかけおにぎり以外はいつもの、ろく助の塩で🍙　今回はいつもよりお弁当グッズを使っていなかったのでいくつか作り方を載せてみました🙏🏻🤍　画像のスペースの関係でかなり簡潔になってしまっているのでもし気になるのがあれば(？)なんでも聞いてください……♡　　　息子のだいすきなイシイさんのミートボールの塩味が近くのスーパーから消えてしまって探し回る日々です🥺🥺笑　　- - - - - - - - - - - - - - - - - - - - - - - - - - - - - - - - - - - 　いいね・コメント・保存 いつもありがとうございます🌷︎　☞ @kuu1.obento - - - - - - - - - - - - - - - - - - - - - - - - - - - - - - - - - - - 　　#お弁当 #こども弁当 #子供お弁当 #幼稚園お弁当 #幼稚園弁当 #こどもお弁当 #子ども弁当 #幼児食 #離乳食 #保育園弁当 #幼児弁当 #お弁当記録 #年少弁当 #年中弁当 #年長弁当 #キャラ弁初心者 #도시락,도시락
https://www.instagram.com/p/DCdfKhayrkB/c/18032774342356129/,하반기에만 #소풍도시락 두번은 너무했네...,소풍도시락
https://www.instagram.com/p/DMqsr4Tzd9N/,"⠀#제품제공 #도시락기록⠀두부를 잘 안 먹는 사람이라 큰 맘 먹고 주말에 두부를 샀다 , 🫨⠀▸ 백미밥 + 반숙후라이▸ 고추장볶음 두부조림▸ 팝콘치킨▸ 골드키위 + 복숭아⠀ 오늘은 두부를 무조건 먹어야겠다며 어제 저녁부터 메뉴 고민을 ,,소고기볶음고추장 이용해서 양파, 마늘, 파 추가해서 두부조림 💓거기에 밥 슥슥 비벼야하니까 후라이도 하나 만들어 담았지 ✌🏻팝콘치킨에 과일도 두가지 챙겨주면 오늘도 완벽 조합 도시락 !⠀아 오늘 도시락 킥인 소고기 볶음 고추장은 특별한맛 ‘ 소보꼬 ’ ❤️‍🔥저당 장류 맛집 고맙당이지만 소보꼬도 대대존맛템이라구요 〰️⠀🏷️ @specialmat._.official ⠀⠀⠀⠀#고맙당 #고맙당엠버서더 #고맙당엠버서더2기 #저당소스 #다이어트 #소보꼬 #소보꼬고추장 #소고기볶음고추장⠀⠀",제품제공;도시락기록;고맙당;고맙당엠버서더;고맙당엠버서더2기;저당소스;다이어트;소보꼬;소보꼬고추장;소고기볶음고추장
https://www.instagram.com/p/DIWISo-yF_V/,"‘🥣 귀여워서 마음까지 간질거린 듀아아... 🥚’이번 봄엔 나에게, 혹은 소중한 누군가에게 귀여움을 도시락에 담아 선물하고픈 요즘! 보기만 해도 힐링되는 weilaiwooo (@weilaiwooo )님의 요리를 소개합니다 !👩🏻‍🍳반죽부터 김, 고명까지 정성 가득한 디테일에‘이게 진짜 음식이라고?’ 싶을 만큼 귀엽고 섬세한데요!먹기 아까운 비주얼, 두 번 봐도 감탄만 나오는 도시락들 🍱에디터는 그저.. 계란에 간장 비벼먹는 요리실력이지만, 오늘만큼은 정성스레 만들어보려 합니다 💫📷 @weilaiwooo #도시락 #매거진 #도시락추천 #도시락맛집 #주둥치 #산리오 #가나디 #맛집추천",도시락;매거진;도시락추천;도시락맛집;주둥치;산리오;가나디;맛집추천
https://www.instagram.com/p/DN-kSKdktmx/,"소풍도시락 메뉴 추천 받아요 ‎˖ ⊹ ♬˚₊‧　໋♩ೀ⋆｡˚네, 물론 시우파파가 요리할거에오. 시우는 어딜가든 밥은 다 아빠가 해 줬다고 참 ~~ 솔직하게 말하고 다녀서 어린이집에서도 엄마는 요똥인거 다 알아요. (어린이집 상담 때 매우 머쓱해졌음) 바깥일 하랴 집에서 시우랑 내 밥 만들어주랴 내 짝꿍의 가장의 무게는 가늠할 수 없지만, 제 요리실력은 모두가 가늠할 수 있어요. 누가 아기엄마 되면 다 하게 된다고 하던데, 왜 요리는 안 늘고 하기 싫죠(?) 주먹밥 정도는 자본의 힘 .ᐟ 주먹밥 틀로 이번에도 제가 해 봅니다 . 강아지+고양이 주먹밥 두 번 우려먹어서 이번엔 다른거 해줘야해요 ☻ 매주 숲체험 + 거의 매주 있는 견학 . 외부 활동 많은 어린이집 참 좋은데 요똥 엄마에게 도시락 준비는 괴로워요 ꩜p.s 도시락은 주먹밥 빼고 다 남편 작품입니댜..... 저는 아닙니다...",
https://www.instagram.com/p/DONEerNAaM4/,📝25.09.05.금즐거운 금요일⍤한 주가 빠르게 간 것 같아요ꔚ 오늘 도시락은 고구마랑 묵은지 넣고 만든 오리주물럭〰제가 좋아하는 미나리도 살짝 무쳐 담고마지막 남은 포도도 넣어줬어요과일 다 먹어갈 때쯤어머니께서 요번엔 귤을 보내주셨어요✨과일 좋아하는 저 기억하시고매번 챙겨보내주셔서 넘 감사해요🙈💗다들 이번 주말도 잘 보내시고오늘도 힘내용 ෆ̈#도시락 #직장인도시락 #남편도시락 #점심도시락 #집밥도시락 #집밥 #집밥요리 #집밥일기 #직장인점심 #점심메뉴추천 #도시락메뉴 #집밥메뉴 #수제도시락 #한식도시락 #한끼 #반찬 #오리주물럭 #미나리무침 #포도,도시락;직장인도시락;남편도시락;점심도시락;집밥도시락;집밥;집밥요리;집밥일기;직장인점심;점심메뉴추천;도시락메뉴;집밥메뉴;수제도시락;한식도시락;한끼;반찬;오리주물럭;미나리무침;포도
https://www.instagram.com/p/DPK2n_qgfhq/,"🍱슬기로운 도시락생활〰️🎶집밥은 대충먹어도 도시락은 포기몬해요ㅋㅋㅋㅋㅋ점심 맛나게 먹고 배 뚜드리면서 OTT보면 얼마나 좋게요?🏷️키마카레키마카레의 매력은 또 다르쥬➰촉촉함이 부족하니까 치즈로 채워!!! 짱맛탱이에요🤍• 반찬 : 들깨버섯볶음,감자샐러드,김치🏷️치즈계란말이김밥제가 아주 좋아라하는 김밥 중 하나인데 통계란말이를 똬악-!엄청 촉촉하고 부드럽고 포만감까지 좋아요ㅋㅋㅋ계란말이에는 양배추,당근 넣었고 쯔유로 간 맞췄습니다.• 반찬 : 가라아게,복숭아🏷️비지찌개제가 만든건 아니고.. 마트표 콩비지찌개입니다.저녁으로 먹고 남은건 도시락으루ㅋㅋㅋㅋ짬처리완료ㅋㅋㅋㅋ• 반찬 : 소불고기,양배추샐러드,김치🏷️참치마요주먹밥아니 반찬이 없어도 너~무 없는거에요!?그래서 훈제오리 대충굽고 주먹밥으로 싸봤습니다.주먹밥에 훈제오리 올려 먹으면 짱마싯어용➰• 반찬 : 훈제오리볶음,김치#직장인도시락 #점심도시락",직장인도시락;점심도시락
https://www.instagram.com/p/DPgKV7oEk49/,🍱도먹걸 도시락🍱❣️지속 가능한 다이어트 식단의 비밀★ 땅버 파스타다이어트 식단을 오래 이어가려면 맛있는 만족감이 꼭 필요해요 ✨그럴 땐 고소함으로 포만감을 채워주는 땅콩버터 파스타가 딱! 🥜🍝👍오늘 사용한 재료는 도먹걸 @domukgirl 프로필 링크 클릭!#도시락 #도시락스타그램 #다이어트 #레시피 #다이어트도시락 #다이어트레시피 #집밥그램 #반찬스타그램 #메뉴추천 #나무도시락통 #도시락통 #도먹걸,도시락;도시락스타그램;다이어트;레시피;다이어트도시락;다이어트레시피;집밥그램;반찬스타그램;메뉴추천;나무도시락통;도시락통;도먹걸
https://www.instagram.com/p/C4_raWfSDCq/,"옥수수콘으로 반찬 칸 하나 채우기🤣🤣🤣내일 라이브 방송은 꼭 놀러오세요😙아이들도 소풍에도 좋고, 봄나들이에도 좋은 메뉴 할거에요!밥도그 / 치즈 라이스고로케!🩷집 앞에 벚꽃들이 피기 시작하네요~ 따뜻한 하루 보내시길 바랍니다🫶🏻⭐️10분 완성 초간단 도시락 레시피100👉🏻달걀롤밥 + 닭갈비📚레시피책 17번 도시락 메뉴#남편도시락 #집밥 #반찬 #도시락 #신혼부부 #육아 #자매맘#자취생 #직장인 #직장인도시락 #점심 #맛점 #소풍#야미도시락 #달걀롤밥 #닭갈비 #옥수수콘 #콩나물무침 #두부조림",남편도시락;집밥;반찬;도시락;신혼부부;육아;자매맘;자취생;직장인;직장인도시락;점심;맛점;소풍;야미도시락;달걀롤밥;닭갈비;옥수수콘;콩나물무침;두부조림
https://www.instagram.com/p/C4_raWfSDCq/c/18046095007635614/,"옥수수콘으로 반찬 칸 하나 채우기🤣🤣🤣내일 라이브 방송은 꼭 놀러오세요😙아이들도 소풍에도 좋고, 봄나들이에도 좋은 메뉴 할거에요!밥도그 / 치즈 라이스고로케!🩷집 앞에 벚꽃들이 피기 시작하네요~ 따뜻한 하루 보내시길 바랍니다🫶🏻⭐️10분 완성 초간단 도시락 레시피100👉🏻달걀롤밥 + 닭갈비📚레시피책 17번 도시락 메뉴#남편도시락 #집밥 #반찬 #도시락 #신혼부부 #육아 #자매맘#자취생 #직장인 #직장인도시락 #점심 #맛점 #소풍#야미도시락 #달걀롤밥 #닭갈비 #옥수수콘 #콩나물무침 #두부조림",남편도시락;집밥;반찬;도시락;신혼부부;육아;자매맘;자취생;직장인;직장인도시락;점심;맛점;소풍;야미도시락;달걀롤밥;닭갈비;옥수수콘;콩나물무침;두부조림
https://www.instagram.com/p/DQIP5YTE9Zm/,콩불#도시락,도시락
https://www.instagram.com/p/DQIesbIk3O1/,-오늘점심♡.#오늘점심 #도시락 #김밥도시락 #김밥 #점심메뉴 #요리 #일상 #점심메뉴 #오늘의도시락,오늘점심;도시락;김밥도시락;김밥;점심메뉴;요리;일상;오늘의도시락
https://www.instagram.com/p/DQIRzV8E60h/c/18143047168441400/,"📌10/23 | 90kg 남편 도시락- 양배추야채볶음- 닭다리살스테이크- 두부들기름 구이- 계란후라이오늘 도시락은 살짝 가을 웜톤.?.? 으로 셋팅해봤어요.(구라)아니 들기름 두부구이 왤케 맛있죠..? 단백질양 맞춰주려고 넣은건데 제가 뺏어먹고 싶어요,, 그리고 사진 보시면 알겠지만 저 당근 꽤나 못썰어요ㅋㅋ 칼질도 잘 못하고 계란후라이도 안터지게 못만드는 요리실력이지만 어찌저찌 항상 만든답니다..? 하다보면 늘겠죠????오늘의 도시락도 얼렁뚱땅 완성~🍱#도시락 #직장인점심 #직장인점심도시락 #신혼부부",도시락;직장인점심;직장인점심도시락;신혼부부
https://www.instagram.com/p/DQIrsqKEQt8/,오늘도 많이 먹어❤️#도시락 #도시락추천 #도시락기록 #도시락메뉴추천 #도시락일기 #도시락메뉴추천 #남편 #남편도시락 #남편점심 #직장인 #직장인도시락 #직장인점심메뉴 #직장인점심 #직장인점심도시락 #오늘도 #화이팅 #🍱,도시락;도시락추천;도시락기록;도시락메뉴추천;도시락일기;남편;남편도시락;남편점심;직장인;직장인도시락;직장인점심메뉴;직장인점심;직장인점심도시락;오늘도;화이팅;🍱
https://www.instagram.com/p/DQIRMnjkx0M/c/18529679494040595/,🍱2025.10.23 도시락- 압구정쭈꾸미🐙- 샐러드🥗쭈꾸미에 청양고춧가루 챱챱 야채 챱챱🧂🥕맛있다... 한봉은 1인분이다 혼자 가득 먹을거임콩나물 없어서 샐러드 한사발 챙겨봄🥗즐거운 목요일 화이팅🤗,
https://www.instagram.com/p/DQIMvvpk3L8/,白米(海苔弁)  焼き鮭　卵焼き　ピーマン醤油炒め　Qちゃん #俺の弁当#俺弁当#弁当男子#男子弁当#弁当#お弁当#おじさん弁当#弁当おじさん#弁当記録#도시락#Lunchbox#栗久曲げわっぱ#曲げわっぱ,俺の弁当;俺弁当;弁当男子;男子弁当;弁当;お弁当;おじさん弁当;弁当おじさん;弁当記録;도시락;Lunchbox;栗久曲げわっぱ;曲げわっぱ
https://www.instagram.com/p/DQJnEN5knre/,"서울게러지바점심뷔페  메뉴2025년 10월 24일 금요일 점심 메뉴오전 11시 부터 오후 2시 까지 🐔 치킨데이 🐔 후라이드치킨 & 달콤칠리소스, 치킨무카레우동 🥢계란장조림 🐷 김치콩나물국숙주나물치커리겉절이가지볶음배추김치양배추샐러드 with 유자드레싱, 참깨흑임자드레싱  경단   셀프 토스트 with 딸기쨈  컵라면  매실쥬스***당일 식재료의 수급 상황에 따라 찬이 변동될 수 있음을 양해 부탁드려요🙏***서울시 종로구 종로14길 4 1층게러지바 점심뷔페 #점심메뉴 #점심뷔페 #한식부페 #종로한식뷔페 #종로뷔페 #종로런치타임 #종로런치 #줄서는식당 #도시락 #점심도시락 #한끼식사 #한끼",점심메뉴;점심뷔페;한식부페;종로한식뷔페;종로뷔페;종로런치타임;종로런치;줄서는식당;도시락;점심도시락;한끼식사;한끼
https://www.instagram.com/p/DK1SgFbyJUF/c/18359962033148195/,.백미밥 칠리새우동치미무무침명엽채볶음 갓김치지짐이,
https://www.instagram.com/p/DQJQXhBEnwM/c/17863605771493828/,"오늘 도시락 알록달록,,❤️-게살 부추 계란 볶음밥-두부조림-잡채 도시락🍱#도시락 #직장인도시락 #메뉴 #메뉴추천 #밥상기록",도시락;직장인도시락;메뉴;메뉴추천;밥상기록
https://www.instagram.com/p/DQIQp89krFb/,한주 아이들 도시락+방과후 간식😋 한창 크는 아이들♪♬♫먹성이 무서워🐷#도시락#밥상기록 #미국맘일상 #일상기록,도시락;밥상기록;미국맘일상;일상기록
https://www.instagram.com/p/DOkP6oqkxP3/,📝밑반찬 ㆍ콩자반ㆍ어묵볶음ㆍ진미채ㆍ멸치볶음ㆍ볶음김치ㆍ메추리알조림ㆍ분홍소시지ㆍ우엉조림ㆍ소고기장조림ㆍ두부동그랑땡ㆍ김계란말이ㆍ미역줄기볶음 이번 주는 도시락 반찬 위주로 만들었어요☺️ #집밥 #한식 #홈쿡 #레시피#밑반찬 #밑반찬레시피 #일주일반찬 #도시락 #요리영상 #직장인도시락 #예쁜상차림#kimchi #koreanfood #cooking #food #recipe #cook #yummyfood #cookstagram,집밥;한식;홈쿡;레시피;밑반찬;밑반찬레시피;일주일반찬;도시락;요리영상;직장인도시락;예쁜상차림;kimchi;koreanfood;cooking;food;recipe;cook;yummyfood;cookstagram
https://www.instagram.com/p/DQJD7izgALQ/,"#아기도시락 #아기김밥 #롤샌드위치 우리 딸 첫 도시락,,ෆ 어린이집에서 소풍간다고 싸오래서들떠서 준비한 도시락◡̈ 예쁘거나 귀엽진않지만엄만 노력해따.ᐟ 잘 먹었다고 연락와서 행복한 하루ꕀ 🍀",아기도시락;아기김밥;롤샌드위치
https://www.instagram.com/p/Ca_HqETM_8b/,당장 피크닉 가야하는💕도시락레시피9💕언능 도시락 싸다가 나들이 가고 싶따ㅠㅠㅠ@@남친&여친 싸주면 무조건 반할꼴?😁...#도식락레시피 #피크닉레시피 #피크닉도시락레시피 #피크닉도시락 #도시락 #도시락만들기 #베이컨치즈말이 #댕댕이유부초밥 #튤립샌드위 #스팸무스비 #구운참치주먹밥 #접어먹는사각김밥 #모닝빵에그샌드위치 #묵은지참치김밥 #큐브몬테크리스토 #몬테크리스토 #먹스타그램 #맛스타그램 #먹방 #냠냠 #오먹카드뉴스 #일반 #포,도식락레시피;피크닉레시피;피크닉도시락레시피;피크닉도시락;도시락;도시락만들기;베이컨치즈말이;댕댕이유부초밥;튤립샌드위;스팸무스비;구운참치주먹밥;접어먹는사각김밥;모닝빵에그샌드위치;묵은지참치김밥;큐브몬테크리스토;몬테크리스토;먹스타그램;맛스타그램;먹방;냠냠;오먹카드뉴스;일반;포
https://www.instagram.com/p/DDN3QsZTLbe/,#소풍데이 🖤⠀⠀⠀⠀⠀⠀⠀⠀⠀⠀우리 애기들 소풍데이 ◠‿◠각자 원하는 걸로 만들어주기잘 다녀와 🤍⠀⠀⠀⠀⠀⠀⠀⠀⠀⠀⠀⠀⠀⠀⠀#하츄핑도시락 #하츄핑 #티니핑도시락 #티니핑#곰돌이도시락 #유아도시락 #어린이도시락 #도시락,소풍데이;하츄핑도시락;하츄핑;티니핑도시락;티니핑;곰돌이도시락;유아도시락;어린이도시락;도시락
https://www.instagram.com/p/DOf0dj0kuYe/,こんばんは🧸すごい雨☔️みなさんのところは大丈夫でしょうか？💦#今日のお弁当❁れんこん入りつくね　刻んだのと、すりおろした蓮根入り😋ふわシャキ✨❁ハート柄卵焼き💕❁にんじんとツナの胡麻和え❁プチトマトのベーコン巻き❁ブロッコリー❁くまさんおにぎり🐻‍❄️#おにぎり弁当#つくね弁当#秋弁当慌てて作った白くまさん🐻‍❄️💓ドーナツ🍩食べたいな〜って見てる⁈🤭#くまさん弁当初挑戦のハート柄の卵焼きは@tomochu15  とまとちゃんのレシピ💓とまとちゃん♡可愛いアイデアをありがとう🥰＊.｡.＊ﾟ＊.｡.＊ﾟ＊.｡.＊ﾟ＊.｡.＊ﾟ＊.｡.＊ﾟ＊実は...とまとちゃんの新作のきのこ🍄卵焼きを作ったんだけど、卵がまだ固まってないのに最後のひと巻きを焦ってしまい、ぐちゃっときのこが崩れてしまって😢ｶﾞｰﾝあたふたしながら、そのベースの卵焼きをハート柄の卵焼きにしました🫣今度は落ち着いて作りたい✊🏻完成出来なかったけど...きのこ卵焼きも可愛かった🥹💕＊.｡.＊ﾟ＊.｡.＊ﾟ＊.｡.＊ﾟ＊.｡.＊ﾟ＊.｡.＊ﾟ＊三連休🙌🏻なかなかみんな揃いませんが、敬老の日の🎁を、両方の実家へ渡しに行く予定🚗今年は、治一郎のバウムクーヘンなどのセットにしました✨喜んでくれるかな？　長くなりましたが🙏今週もお疲れさまでした🙌🏻✨楽しい週末を☺️🎶＊.｡.＊ﾟ＊.｡.＊ﾟ＊.｡.＊ﾟ＊.｡.＊ﾟ＊.｡.＊ﾟ＊見に来てくださりありがとうございます🙇🏻‍♀️💕@happy.k.baglecafeいいね♡フォローとても嬉しいです🥹#お弁当 #お弁当記録 #旦那弁当 #高校生弁当 #高校生男子弁当 #子供弁当 #くまさんおにぎり #おにぎり弁当 #ハートアクション #スケーター弁当箱 #キャラ弁 #簡単キャラ弁 #かわいいお弁当 #かりんほんぽ #曲げわっぱ2509 #characterfood #bento #도시락 #オベンタグラム,characterfood;bento;도시락
https://www.instagram.com/p/DQJOgLHk7yj/c/17943247452070037/,"10/22 썬시락🍱.💌오늘의 DMI(도시락 Too Much Information=도엠아이):- #제품제공 #협찬 다이어트 중에도 추억의 치킨마요는 포기 못해‼️ <치킨마요 덮밥 도시락>- 바르닭(@barudak_official )의 크런치 닭가슴살 달고나맛으로 치킨하면 바로 떠오르는 치킨마요 덮밥 만들었어요😍 학창시절 가성비 갑 오브 갑이던 치킨마요를 다이어트식으로 먹을 수 있다니😘- 냉동 상태에서 1분 30초 에프에 돌리면 바삭바삭한 치킨이 나와요🥰 사실 달고나맛이래서 읭?😳했는데 먹어보니 허니콤보맛이라서 거부감 전혀 없었어용👍👍👍- 치킨마요에 필수인 데리야끼 소스 대신 🧅양파를 간장+알룰로스 양념으로 볶아줬구요, 에그 스크램블도 해줬어요🍳🍳 마요네즈도 시판 비건마요 소스로 만드니 이거 그냥 우리가 아는 치킨마요 맛인데요?😍😍😍- 김가루 뿌려줘야 정석인데.... 가방에 챙겨놓고 잊어서 그대로 가져왔다는...😅😅😅 .❤️오늘도 즐거운 하루 되세요~ 인친님들🥰.#썬시락_도시락#도시락#bento#lunchbox#bentobox#도엠아이#DMI#제품제공 #바르닭 #닭가슴살 #닭가슴살추천 #다이어트 #다이어트식단 #식단관리 #다이어트도시락 #썬시락 #간단도시락#도시락스타그램 #cook #cooking #일상 #daily #맞팔 #친해져요 #짠순이도시락 #koreanfood",제품제공;협찬;bento;lunchbox;bentobox;DMI;바르닭;닭가슴살;닭가슴살추천;다이어트;다이어트식단;식단관리;다이어트도시락;썬시락;간단도시락;cook;cooking;daily;koreanfood
https://www.instagram.com/p/DNT8hddSGYU/,⠀#제품제공 #도시락기록⠀건강한게 최고지만 맵찔이도 가끔은 극강의 매운맛이 필요해 ❤️‍🔥⠀▸ 계란볶음밥 + 소스듬뿍통살 ▸ 닭가슴살 볼케이노 불만두▸ 단무지 + 골드키위⠀오늘은 건강식 같지만 고자극 메뉴로 이번주 도시락 마무리하기 !굽네에서 제공해준 만두와 닭가슴살을 이용해 든든히 챙겼다 ✌🏻맵찔이 위장보호용 파계란볶음밥에 달달매콤한 숯불바베큐맛 소스듬뿍통살 통 크게 올리고 맵싹한 볼케이노 만두도 챙기기 🔥⠀도시락 챙기며 맛보니 맵찔이도 즐겁게 즐길 수 있는 매운맛 !그래도 입안 진화용 단무지 + 골드키위면 나도 맵부심있다구 😎⠀굽네몰 (@goobnemall_official )에서는 지금 !#맵부심챌린지 (~8/20)가 한참 진행중이랍니다 😉🔥 굽네몰 자사몰에서 판매하는 [맵부심 챌린지 SET]를 구매 후 인스타그램에 인증샷을 올리면 굽네치킨 3만원 상품권 당첨이 !한 매운맛 하시는 분들은 모두 같이 참여해봐요 😍⠀⠀⠀#굽네몰 #굽네즈3기 #굽네몰맵부심챌린지 #볼케이노돈카츠 #닭가슴살청양고추만두 #닭가슴살볼케이노불만두 #소스듬뿍통살숯불바베큐 #매운맛챌린지⠀⠀,제품제공;도시락기록;맵부심챌린지;굽네몰;굽네즈3기;굽네몰맵부심챌린지;볼케이노돈카츠;닭가슴살청양고추만두;닭가슴살볼케이노불만두;소스듬뿍통살숯불바베큐;매운맛챌린지
https://www.instagram.com/p/DJiiaVey7_W/,오늘의 도시락- 오징어볶음- 도라지무침- 명란- 야채찜 도시락 오랜만👋역시 사먹는 밥 보다는 집밥이 짱인 듯 😏#직장인도시락 #현실도시락 #도시락 #식비절약,직장인도시락;현실도시락;도시락;식비절약
https://www.instagram.com/p/DONzFkEEqit/,"🍱도먹걸 도시락🍱❣️애매하게 남은 부추 활용법 부추계란김밥 냉장고에 애매하게 남아있는 부추, 다들 어떻게 하시나요? 🤔그럴 땐 김밥 속 재료로 활용하면 맛있게 소진할 수 있어요!👍오늘 사용한 재료는 도먹걸 @domukgirl 프로필 링크 클릭!#도시락 #도시락스타그램 #다이어트 #레시피 #다이어트도시락 #다이어트레시피 #집밥그램 #반찬스타그램 #메뉴추천 #나무도시락통 #도시락통 #도먹걸",도시락;도시락스타그램;다이어트;레시피;다이어트도시락;다이어트레시피;집밥그램;반찬스타그램;메뉴추천;나무도시락통;도시락통;도먹걸
https://www.instagram.com/p/DMtbYTAzjKb/,"요즘 식단 모음 zip 🏡저녁만 되면 도시락 싸느라 바쁜 요즘. 제 도시락 싸면서 아부지 도시락도 같이 싸드리고 있어요🐣다이어트는 같이해야 하는 법💪🏾단백질은 최애 닭가슴살 돌려가며 넣어주고(한끼 30g 정도 먹어요)탄수도 팥친자답게 팥 혹은 귀리밥 섞어가며 먹고 있어요✨상사말고 동기들이랑 밥 먹어야 할 때에는 샐러드 먹으러 가자며 조르기,, 윗분들이랑 먹을 때에는 어쩔 수 없지만 😢 회사 근처 중식 백짬뽕 좋더라구요? 유독 해산물이랑 야채가 정말 많아서 면 한 젓가락 안 먹어도 배부르더라고요. 그렇게 혼자 쿰쩍쿰쩍 다이어트에 적응해나가고 있는 중. 입 안 터지려면 빵을 줄이는게 맞긴 한 것 같아요… 내 소중한 빵.. 빵순이라.. 매일이 다이어터의 삶이었겠죠..?😚 당분간 열심히 닭을 먹어보겠습니다 🍗...#식단 #도시락 #다이어트도시락 #닭가슴살도시락 #닭밥야 #식단도시락 #직장인도시락 #밀프랩 #닭가슴살 #치킨 #탄단지 #샐러드 #포케 #닭가슴살샐러드 #다이어트 #다이어터 #다이어트식단 #식단일기 #오운완 #운동하는여자 #salad #poke #먹스타그램 #맛집 #맛스타그램 #다이어트레시피 #바프식단 #바프준비 #ㅇㅇㅇ #헬스타그램",식단;도시락;다이어트도시락;닭가슴살도시락;닭밥야;식단도시락;직장인도시락;밀프랩;닭가슴살;치킨;탄단지;샐러드;포케;닭가슴살샐러드;다이어트;다이어터;다이어트식단;식단일기;오운완;운동하는여자;salad;poke;먹스타그램;맛집;맛스타그램;다이어트레시피;바프식단;바프준비;헬스타그램
https://www.instagram.com/p/C8JDJvnvDx1/,불태웠다..👊🏻둘이 같이 소풍 가서 다행이야일하면서 도시락 싸기는 너무 힘드러그래도 사랑을 담아 쌌으니 맛있게 먹어❤#주먹밥도시락 #소풍도시락 #엄마표도시락 #자매도시락 #유부초밥도시락 #아기도시락 #귀여운도시락 #소풍 #도시락,주먹밥도시락;소풍도시락;엄마표도시락;자매도시락;유부초밥도시락;아기도시락;귀여운도시락;소풍;도시락
https://www.instagram.com/p/DPzmLk3k4wi/,어제 싸온 유부초밥 입니다~ 또 뚱데렐라 혼자 신난 가족단합대회 중이고요😮‍💨 뚱데렐라는 새벽부터 일어나 라면 끓여 먹고 이동갈비 먹어야 한다고 못살게 구는 중😓 여긴 파리지옥이고 집에 가고 싶고😭 오늘 하루만 버티면 저도 드디어 연휴 끝이랍니다🥹 아자아자🫩#유부초밥 #도시락,유부초밥;도시락
https://www.instagram.com/p/DPxMVLRE6fk/c/18530230651013967/,"오늘의 아빠 도시락은 김밥! ➰🤍아빠가 자영업자라 하루에 두끼를 밖에서 사드셨거든요 한끼라도 집밥처럼 해드리자! 하고 시작 된 도시락 싸기가 어느덧 3년차 진입을 했네요 어느날은 제 숙취로 인해 엄마가 싸주시고 , 어느날은 또 사드시고 중간 중간 빠지는 날도 있었지만 그래도 잘해왔다고 생각해요 🤍이제 아부지가 15년동안 하셨던 일을 그만두시고 잠시 휴식기를 가지시려고 해요 ✨😭 정말 한달에 한번 쉬시고 주말도 없이 일을 하셨던곳이라 오히려 잘됐다싶기도하면서 시원섭섭하기도 하네요 저는 당분간 아부지 도시락은 싸지 않겠지만 집밥이나 제 도시락을 싸서 올려보도록 할게요 🍱🤍지금까지 열심히 일한 아부지께 고생하셨다고 해야겠어요 사랑ㅎ ㅡ... ㅕ요~ 🌀 ✅김밥✅열무김치✅겉절이✅후식샤인머스캣",
https://www.instagram.com/p/DH8kpYNPYn9/c/17850165186431046/,저랑 같이 도시락 싸묵으실 분 구합니다..🍱🍀엄선해온 도시락통 추천 5선 재밌게 봐주시길➰도시락의 장점🍳1. 식비도 아끼구요💸2. 다이어트 하기 좋구요🏋️‍♀️3. 요리도 늘어요👩‍🍳4. 그리고…재밌어요🥹모두 저와 도시락 세상에 빠져보아요..🤍🏷️ #도시락 #도시락통 #다이어트 #도시락추천 #도시락🍱 #도시락기록,도시락;도시락통;다이어트;도시락추천;도시락기록
https://www.instagram.com/p/DQILhYak-9_/,훈제오리. 콩나물무침. 버섯볶음. 샐러드. 딸기아들이 좋아하는 콩나물과 버섯 🍄 <오늘의 킥>버섯은 처음부터 기름넣지 말고 마른팬에서 수분을 좀 날려주고 어느정도 색이 나면 그때 올리브오일 칙칙!그래야 버섯이 물컹거리지 않고 맛있어여^^..#엄마표도시락 #엄마요리 #매운거못먹는아들 #매일저녁 #도시락 #운동하는아들 #저녁도시락#너무 기름진음식은소화가안되요#훈제오리 #콩나물무침 #버섯볶음 #샐러드 #딸기 #탄단지 #살도찌고 #근육도늘리는,엄마표도시락;엄마요리;매운거못먹는아들;매일저녁;도시락;운동하는아들;저녁도시락;너무;훈제오리;콩나물무침;버섯볶음;샐러드;딸기;탄단지;살도찌고;근육도늘리는
https://www.instagram.com/p/DQIzFUDkge2/,유치원 소풍 도시락 별거아니군 ㅋㅋㅋ #소풍 #도시락 #유치원도시락 #가을 #워킹맘 #키즈,소풍;도시락;유치원도시락;가을;워킹맘;키즈
https://www.instagram.com/p/DQIemhvk_xw/c/17851174254534440/,오늘 도시락은 김말이튀김과 크래미전입니당🤗요즘 다이어트 비스무리~ 하게 하고 있어서밥을 많이 안 먹는데.. 손이 큰 습관이 어디 안가요2인가구인데 반찬을 항상 4인가구처럼 하게 되는 ㅎ저는 회사 사내식당에서 밥을 먹지만오빠는 도시락 때문에어찌보면 점심 저녁을 집밥으로 해결하는건데일주일 내내 같은 반찬이니 지겨울 것 같아요한번씩 사먹겠다고 하는 이유가 있어요 ㅋ_ㅋ#김말이 #크래미전 #전날싸는도시락 #직장인도시락 #직장인 #도시락 #도시락메뉴 #도시락레시피 #요린이 #집밥 #반찬 #도시락반찬 #남자친구도시락 #집밥메뉴,김말이;크래미전;전날싸는도시락;직장인도시락;직장인;도시락;도시락메뉴;도시락레시피;요린이;집밥;반찬;도시락반찬;남자친구도시락;집밥메뉴
https://www.instagram.com/p/DQILFhpkxAV/c/18104125180621095/,"살다보니 둘이 같은 날 #소풍 가는 날도 오네. 👦🏻👧🏻둘 다 김밥은 싫대서 해골 안에 김치볶음밥 숨김.친구들과 재밌게 놀고 선생님 말씀 잘 듣고, #도시락 맛있게 먹고 와~#붱도시락#소풍도시락 #할로윈도시락 #현장체험 #현장체험학습도시락 #🍱",소풍;도시락;붱도시락;소풍도시락;할로윈도시락;현장체험;현장체험학습도시락
https://www.instagram.com/p/DQIT0P1k1UF/,#バジルチキン#パプリカとチーズのオムレツ#紫キャベツマリネ#おかか生姜夏にたくさん作って冷凍していたバジルソースもラスト。ようやく暑さが落ち着いて、きのうは寒いぐらいだったけどこのぐらいの気候は体がよく動いて気持ちいい😆今日はいやーな乳がん検診です。痛くなく終わりますように🥲#お弁当#도시락#お弁当記録#obento#なるべく無添加#無添加弁当#食育#男子高校生弁当#旦那さん弁当#バジルチキン弁当,バジルチキン;パプリカとチーズのオムレツ;紫キャベツマリネ;おかか生姜;お弁当;도시락;お弁当記録;obento;なるべく無添加;無添加弁当;食育;男子高校生弁当;旦那さん弁当;バジルチキン弁当
https://www.instagram.com/p/DQISoRYkgWz/,#おべんとう記録2025/10/23今日は娘🌻の合唱祭娘は子供も伴奏🎹担当です。オンマ、いつも家で1人で練習してるの見てるから、合唱が重なると感極まって涙出ちゃうんだよな🥲息子はテスト期間でお弁当お休み最初娘のお弁当箱に詰めてたんだけど、小さすぎて詰めづらくて結局兄さんのお弁当箱借りましたw▽チュモッパ▽豚唐揚げ▽アスパラ・ヤングコーンベーコン巻き▽中華ポテト▽塩味玉▽アンパンマンポテト▽キウイ#陸上女子#中学生弁当 #女子弁当 #はみだし弁当#スケーター弁当箱#도시락 #고등학생도시락 #도시락그램,おべんとう記録;陸上女子;中学生弁当;女子弁当;はみだし弁当;スケーター弁当箱;도시락;고등학생도시락;도시락그램
https://www.instagram.com/p/DQDt5COkhjv/,2025. 10. 21.#도시락 #열무비빔밥 #한달에10만원도시락만들기 #비야도시락,도시락;열무비빔밥;한달에10만원도시락만들기;비야도시락
https://www.instagram.com/p/DQI4VYvDzEE/,🍛2025년 10월 24일오늘의 점심 도시락▪️카레라이스▪️돈까스▪️배추김치#직장인점심 #점심도시락 #남편표도시락 #쀼 #점심밥 #lunchbox #도시락 #배추김치 #카레라이스 #라기네집밥,직장인점심;점심도시락;남편표도시락;쀼;점심밥;lunchbox;도시락;배추김치;카레라이스;라기네집밥
https://www.instagram.com/p/DQIJ_KWE63y/c/18087838573898071/,2025.10.23.목  #남편을위한도시락 #夫のための弁当 ..날씨가 쌀쌀해지니까 아침에 일어나기가 점점 싫어진다~🥱#카무트밥#배추김치 #무말랭이#고추장아찌 #표고버섯볶음#떡갈비 #도시락#점심#점심도시락#직장인도시락#도시락싸기#도시락그램#먹스타그램#주부스타그램#아내도시락#도시락채우기#락앤락도시락통#건강도시락#매일매일도시락#소통#맞팔 #오늘도 #맛있게,남편을위한도시락;카무트밥;배추김치;무말랭이;고추장아찌;표고버섯볶음;떡갈비;도시락;점심;점심도시락;직장인도시락;도시락싸기;도시락그램;먹스타그램;주부스타그램;아내도시락;도시락채우기;락앤락도시락통;건강도시락;매일매일도시락;소통;맞팔;오늘도;맛있게
https://www.instagram.com/p/DL521MNzZDj/,#모내도시락 25.7.10Tᴏᴅᴀʏ‘ꜱ Mᴇɴᴜ 𓌉◯𓇋• 대패제육볶음• 오이고추된장무침• 피클• 명태초무침더위가 언제쯤 물러날지🥵그래도 이제 곧 주말이에요!!목요팅팅🩵,모내도시락
https://www.instagram.com/p/DPPtRqvE_TB/,오늘도 도시락 싸주기 성공!!랫만에 울떠니 현장학습 가는 날🫧이때 아니면 언제 또 이래 싸주겠노ㅋㅋㅋ토끼 젤 좋아하니까!!이번에는 토끼스팸주먹밥🐰그나저나 급 추워졌다ㅠㅠ아침이라 그런가.....겨울도 싫은데 오쩌지?? 벌써부터 걱정🤣#토끼 #토끼스팸주먹밥 #주먹밥#현장학습 #도시락 #주부놀이 👩‍🍳,토끼;토끼스팸주먹밥;주먹밥;현장학습;도시락;주부놀이
https://www.instagram.com/p/DP5rvmXk8dY/,"#아브로네 ⠀⠀⠀⠀⠀⠀⠀⠀⠀⠀⠀⠀올해 도시락도 끝🙌🏻 아준이가 요청사항도 많았고😅 엄청 기대하고 있었어가지고,, 부담쓰ㅋㅋㅋ 엄마 어떻게 이렇게 다 만들어쏘오~? 귀여운 말한마디에 기분으쓱🥰 맛있게 먹었닝😉 ⠀⠀⠀⠀⠀⠀⠀⠀⠀⠀⠀⠀⠀⠀⠀⠀⠀⠀⠀⠀⠀⠀⠀⠀#소풍도시락 #도시락 #아기도시락 #어린이집소풍",아브로네;소풍도시락;도시락;아기도시락;어린이집소풍
https://www.instagram.com/p/DNm5-xrMV54/c/18064722251196222/,도시락 잘 못 싸줘버림ㅠㅠ..#도시락 #댕댕이 #강아지 #강아지유치원 #댕댕이유치원 #강아지유치원도시락 #댕댕이유치원도시락 #오이도시락 #댕댕이도시락 #강아지도시락 #유치원도시락 #사람도시락,도시락;댕댕이;강아지;강아지유치원;댕댕이유치원;강아지유치원도시락;댕댕이유치원도시락;오이도시락;댕댕이도시락;강아지도시락;유치원도시락;사람도시락
https://www.instagram.com/p/DODcBnQDzGY/,.『人生初の幼稚園弁当まとめ②🍱』簡単可愛い弁当はこちら➱➱➱ @meshinyoこのお店行きたい！と思ったら右上の•••から保存！あっという間に夏休みも終わって２学期スタート🫠＆明日から毎日弁当生活も再開🍱１学期は記録用に１日もかかさず写真におさめてて、チャッピーがせっかくやから載せるべきと言うてくれたので、ちょこちょこ載せていきますシリーズ笑海苔パンチを購入したお陰でちょっとブスさがマシになってきたり時短になったり🫶1日1つずつくらいで何かしらデビューしてみたり、前回の失敗を活かしてリピってみたり🫶大体晩飯残り＋レンチン＋そのまま投入系のみで基本朝は火使わん手抜き🤪これからもとにかく時短に命掛けてチョット可愛い弁当作れるよう頑張ります＆記録も続けよう🤪----------------------最後まで見てくださりありがとうございます😭❤️転勤族ママ（関西▶︎広島▶︎千葉）👦🏻3才＆👶🏻1才です👩🏻🍱「AI×時短」で作る、簡単こども弁当🉐ストーリー：懸賞情報・無料子連れスポット☕️ @sweetsnyo では365日子連れランチ更新中✍️フォローしていただけると、子連れママ友が増えたみたいで嬉しいです🥹保存やシェアもしてもらえると励みになります🤍フォローはここから👇 @meshinyo----------------------#キャラ弁 #簡単弁当 #子どもお弁当 #子連れママ #子育てママと繋がりたい #幼稚園弁当 #年少弁当 #도시락 #chatgpt活用 #お弁当まとめ #お弁当記録 #お弁当初心者 #弁当初心者,도시락;chatgpt
https://www.instagram.com/p/DDxz0NZyg8L/c/17878835625125726/,"만들어놓고 기분이가 정말 좋았던 레시피 ⭐️스팸이랑 당근을 활용해서 간단하게 김밥 말아봤어요와 근데 요고 진~짜 맛있어요 😛 뿌듯 💗드디어 금요일이에요 ( ੭ ̇ᗜ ̇ )੭오늘도 우리 긍정 에너지 마구마구 발산하자구요 🎵파이팅 ☁️☁️☁️〰️🏷️ 스팸당근김밥 2줄1️⃣ 스팸 적당한 크기로 썰어서 4조각을 굽는다.2️⃣ 당근 잘게 썰어서 프라이팬에 볶다가 다진마늘 1작은술, 설탕 0.5작은술, 참치액 0.5작은술 넣어서 볶고 들기름 넣고 마무리3️⃣ 냉동유부 2장 해동해서 잘게 썬다.4️⃣ 밥에 당근, 유부 넣고 후리가케, 맛소금 살짝만 넣어서 간 맞춘다.5️⃣ 김밥김에 밥 깔고 상추, 스팸 올려서 말아주면 완성ㆍㆍㆍ〰️🍱 #스팸김밥 #스팸당근김밥 #김밥",스팸김밥;스팸당근김밥;김밥
https://www.instagram.com/p/DPAHX3XE5qf/,#쑤도시락 카레도시락입니다💛오랜만에 해먹으니까 너무 맛있어서 저녁엔 두번이나 리필해 먹었네요🤣,쑤도시락
https://www.instagram.com/p/DNMzA7nR5an/,한끼에 도시락 하나면 끝 ! 이렇게 간편 할 수가 없다 .당1g미만 단백질50g 운동에 미친자들 환장할 성분🫢 .야채 종류도 5가지 다양하게 들어가고 맛 종류도 정말 많아서 지겹지 않게 골라 먹는 재미까지.! 가격까지 너무 저렴해버리네.섭취 하루 전 냉장 해동 후 전자렌지 6분만 조리하면 맛나게 호로록 가능합니다 이제 식사도 간편하게 하는 시대가 왔습니다 여러분 가방 무겁게 밥 따로 닭 따로 야채 따로 챙기는 시대는 빠이~.@yundiet_official .#다이어트#다이어트도시락#도시락#식단,다이어트;다이어트도시락;도시락;식단
https://www.instagram.com/p/DMtP_XvTrt2/,"⠀#도시락기록⠀이번주도 절반 잘 버틴 수요일은 오늘도 맛있는거 챙겨주기 ✌🏻⠀▸ 투움바파스타▸ 불고기부리또 + 팝콘치킨▸ 복숭아 + 골드키위⠀오늘은 중복이라지만 난 파스타를 먹을테야 ! 대신 토핑 가득 💓최애소스 투움바에 새우랑 잠봉다이스 잔뜩 넣어 파스타 만들고 ,주말에 밀프랩 해둔 불고기부리또에 팝콘치킨 같이 챙겨줬다 〰️후식 과일은 말해뭐해지만 이번주내내 팝콘치킨은 무족권적 .. 🫨⠀⠀",도시락기록
https://www.instagram.com/p/DOZwCqGkzFt/,"소세지 곰돌이 주먹밥 도시락🧸너무나 예쁘고 귀여운 비주얼의 도시락🥰햄 or 소세지로 만든 귀👂🏻가 잘 붙어 있어 주는게 관건!!👉🏼밥알의 찰기로 쫀쫀하게 붙여 주기👉🏼케첩, 마요를 살짝 묻혀 붙여 주기👉🏼외국에 어떤 엄마는 튀긴 스파게티로 고정시켜 주시던데 전 그건 좀 힘들었어요?🤔🐻소세지 얼굴은 튀긴 스파게티로 고정 시켜주어도 되어요. 다시 올려보는 도시락이라,, 영상도 바로 올려볼게요🫣✨#도시락 #소풍도시락 #lunchbox #kidslunch #lunchideas #유치원도시락 #어린이집도시락 #아이도시락 #lunchboxideas #bekal #bekalanaksekolah #bento #foodie #foodart #주먹밥",도시락;소풍도시락;lunchbox;kidslunch;lunchideas;유치원도시락;어린이집도시락;아이도시락;lunchboxideas;bekal;bekalanaksekolah;bento;foodie;foodart;주먹밥
https://www.instagram.com/p/DNcbuCcTPib/,こんにちは🧸♡#今日のお弁当#お昼ごはん❁メンチカツ🧸❁にんじんしりしり❁ブロッコリーおかかマヨ和え❁カニカマ入り卵焼き🍎❁紫キャベツのナムル❁赤いウインナー❁プチトマト、オクラ#メンチカツ弁当#くまさん弁当長男は、朝から塾へようやくやる気スイッチが入った模様✊🏻長男の塾弁と思いきや、旦那さんのお昼ごはんを置き弁にしました🧸次男はお皿に取り分けて🍽️＊.｡.＊ﾟ＊.｡.＊ﾟ＊.｡.＊ﾟ＊.｡.＊ﾟ＊.｡.＊ﾟ＊お盆休みも今日まで😢名残惜しい〜明日から通常運転です💦ちょっと息抜きしてきます🥰☕️みなさま楽しい日曜日をお過ごしください✨＊.｡.＊ﾟ＊.｡.＊ﾟ＊.｡.＊ﾟ＊.｡.＊ﾟ＊.｡.＊ﾟ＊見に来てくださりありがとうございます🙇🏻‍♀️💕@happy.k.baglecafeいいね♡フォローとても嬉しいです🥹#お弁当 #お弁当記録 #旦那弁当 #高校生男子弁当 #高校生弁当 #キャラ弁 #キャラフード #曲げわっぱ弁当箱 #大館工芸社 #characterfood #bento #デコ弁 #도시락 #便当 #曲げわっぱ2508 #かりんほんぽ #おうちごはんlover #wp_deli_japan  #おべんたぐらむ,characterfood;bento;도시락;wp_deli_japan
https://www.instagram.com/p/DKx5P3MSNpC/,"오늘의 도시락은 #참치마요 #참치마요덮밥 🤍아니 어제 이마트 문도 닫고배민클럽도 어제가 마지막이길래 B마트 이용해봤더니,완전 신세계더라구요?맨날 무거운 장 들고올 필요도 없고,식재료도 거의 최저가에,할인쿠폰까지 먹이니까 저렴하게 잘 이용했어요.전에 이마트 쓱배송 몇 번 이용했을때는꼭 상한거 몇 개가 껴있어서 보고사는게 낫다 싶었는데이번에는 상태 좋은것들로 잘 왔더라구요.주말 아니면 그냥 이렇게 온라인으로 장보려구요 😊다들 장 볼때, 어떻게 이용하세요?🍱참치마요덮밥밥을 밑에 깔아주고, 스크램블에그를 그 위에 올려줘요.마요네즈와 기름뺀 참치를 섞어줘서 올려주고,양파와 간장, 물, 설탕을 1 : 1 : 1 비율로 졸여주면 완성15분컷 맛있는 참치마요 도시락 완성 입니다 ✔️📎한끼를 먹어도 맛있게,로대리의 한 끼 기록.zipRodaeri in Rodailybox",참치마요;참치마요덮밥
https://www.instagram.com/p/DKx5P3MSNpC/c/17914813617110965/,"오늘의 도시락은 #참치마요 #참치마요덮밥 🤍아니 어제 이마트 문도 닫고배민클럽도 어제가 마지막이길래 B마트 이용해봤더니,완전 신세계더라구요?맨날 무거운 장 들고올 필요도 없고,식재료도 거의 최저가에,할인쿠폰까지 먹이니까 저렴하게 잘 이용했어요.전에 이마트 쓱배송 몇 번 이용했을때는꼭 상한거 몇 개가 껴있어서 보고사는게 낫다 싶었는데이번에는 상태 좋은것들로 잘 왔더라구요.주말 아니면 그냥 이렇게 온라인으로 장보려구요 😊다들 장 볼때, 어떻게 이용하세요?🍱참치마요덮밥밥을 밑에 깔아주고, 스크램블에그를 그 위에 올려줘요.마요네즈와 기름뺀 참치를 섞어줘서 올려주고,양파와 간장, 물, 설탕을 1 : 1 : 1 비율로 졸여주면 완성15분컷 맛있는 참치마요 도시락 완성 입니다 ✔️📎한끼를 먹어도 맛있게,로대리의 한 끼 기록.zipRodaeri in Rodailybox",참치마요;참치마요덮밥
https://www.instagram.com/p/DQJRGhGkcqh/,아기소풍 도시락이랑 김밥!!새벽부터 너무 바빴어😭#도시락#아기도시락#소풍#집밥스타그램#김밥#집김밥맛도리,도시락;아기도시락;소풍;집밥스타그램;김밥;집김밥맛도리
https://www.instagram.com/p/DQIrSB9iXqv/,2025.10.23- 잡곡밥- 양배추버섯볶음- 낫또- 계란후라이- 떡갈비- 궁채장아찌#도시락 #도시락메뉴 #도시락반찬 #도시락스타그램 #직장인도시락 #자취생도시락 #도시락스타,도시락;도시락메뉴;도시락반찬;도시락스타그램;직장인도시락;자취생도시락;도시락스타
https://www.instagram.com/p/DQHDbkWkpNL/c/18536747185000600/,"2025.10.22 (수)❣️🐟매콤 짭쪼롬 고등어 조림🐟❣️▪️고등어조림에 무랑 감자까지 잔뜩 담아요!▪️반찬으로는 더덕무침, 참나물, 열무김치, 양념두부를:)▫️월급이 들어오기 전까지 허리띠 졸라매야해요😅#고등어조림 #더덕무침 #양념두부 #직장인 #다이어트 #도시락",고등어조림;더덕무침;양념두부;직장인;다이어트;도시락
https://www.instagram.com/p/DQF1hUbk6d1/c/18100342708590959/,유치원 간당#소풍 #도시락 #체육복,소풍;도시락;체육복
https://www.instagram.com/p/DQIztkok5su/,단체도시락 서울지역가능합니다. -----070.7723.7272 ----- #도시락특공대#인천도시락 #인천도시락배달 #인천도시락주문 #인천도시락맛집#인천맛집#인천배달 #어린이도시락#도시락배달#배달도시락 #부천도시락#웨딩도시락#수제도시락#키즈도시락#단체도시락#단체도시락배달#촬영도시락#연예인도시락#맞춤도시락#청라도시락#일산도시락#주안도시락#구월동도시락#부천배달#서울단체도시락#인천단체도시락#서울도시락#도시락#1인분#도시락그램,도시락특공대;인천도시락;인천도시락배달;인천도시락주문;인천도시락맛집;인천맛집;인천배달;어린이도시락;도시락배달;배달도시락;부천도시락;웨딩도시락;수제도시락;키즈도시락;단체도시락;단체도시락배달;촬영도시락;연예인도시락;맞춤도시락;청라도시락;일산도시락;주안도시락;구월동도시락;부천배달;서울단체도시락;인천단체도시락;서울도시락;도시락;1인분;도시락그램
https://www.instagram.com/p/DQJOfJUDwNn/c/18096774604776486/,"-문도방 찬합에 꼭 한번 담아보고 싶었던추억의도시락 메뉴들..🥢그때 그 시절 도시락엔 진미채, 미니돈가스,메추리알, 너겟 , 도시락김, 뱅어포도 담아다녔었는데 😅저는 아이들 먹일꺼라 분홍소세지 대신 두부봉을 붙였구요셋째 아이껀 모양커터로 찍어냈어요^^두부봉 붙이다 남은 계란물에는 쪽파 송송 썰어서계란말이로 변신!  큰아이 멸치볶음엔 꽈리고추도 함께 넣고볶음 김치는 아이 어른 모두 좋아하는 메뉴이니빠뜨리지 않고 담아내기 😊#문도방 #문도방공모전 #제10회문도방공모전@moondobang_gallery@moondobang@moondobang_ceramics",문도방;문도방공모전;제10회문도방공모전
https://www.instagram.com/p/DQI9dY-EcQN/,"안녕하세요 전주 청년갑부도시락 입니다❤️ 10월 23일 식단 올려드립니다 🍱오늘도 맛있게 드세요 😄일반도시락 6600 (부가세포함)프리미엄도시락 8800 (부가세포함)점심 : 월요일~토요일 저녁 : 월요일 ~금요일전주/김제/삼례/외곽지역 배달가능 합니다 🚛🚚세금계산서발행 카드결제 가능합니다어디서든 냄새날 걱정없이 깔끔하고간편한 전주 청년갑부도시락 입니다 ❣️ 매일 바뀌는 집밥 메뉴들로 구성되어 있으며 당일배송&당일조리를 원칙으로 합니다.🤙외부 보온 용기를 사용하여 보온이 유지되며 내피 용기는 재사용하지 않고 매일 교체하여 사용합니다😄잔반처리 따로하실 필요없이 뚜껑만 덮어놓으시면 다음날 새 도시락 드리면서 그대로 남은 음식물 까지 수거해갑니다🚚공사현장, 사무실, 상가, 매장, 병원등등 어디든 1인1도시락으로 배달가능합니다 🚛2인샘플도시락 무료 이벤트 중이니 언제든지 편하게 문의주세요 ☎️문의및 주문전화 063-715-1104010-7594-1104#전주 #김제 #도시락 #월도시락 #혁신도시 #전주도시락 #김제도시락 #청년갑부도시락 #청년 #서전주 #이서 #완주#일반도시락 #행사도시락 #가성비 #학교도시락 #1인도시락 #혁신동 #효자동 #서신동 #전주신시가지 #동김제 #단체도시락 #도시락업체#삼례 #금구  #만성",전주;김제;도시락;월도시락;혁신도시;전주도시락;김제도시락;청년갑부도시락;청년;서전주;이서;완주;일반도시락;행사도시락;가성비;학교도시락;1인도시락;혁신동;효자동;서신동;전주신시가지;동김제;단체도시락;도시락업체;삼례;금구;만성
https://www.instagram.com/p/DQHa9x8D5_J/,10.-- [어느날의 도시락]요즘 몸이 말이 아닌지너무 피곤해요저번주 찍었지만 올리지 못한 도시락이쁘게 꾸미고 싶었지만...그래도 사랑한다고 해줘요 ヽ(；▽；)ノ안뇽#귤락 #도시락 #직장인점심 #오늘의도시락 #보쌈 #보쌈도시락 #lunchbox #💖,귤락;도시락;직장인점심;오늘의도시락;보쌈;보쌈도시락;lunchbox;💖
https://www.instagram.com/p/DQJY4lEEUP-/,#쨔네밥상 #쨔네먹방#쨔네저녁밥상 #쨔네집밥#먹스타그램 #맛스타그램 #선팔맞팔 #먹팔맞팔 #도시락 #도시락메뉴#그릭요거트고구마케이크 #소고기주먹밥 #동그랑땡.울애기 소풍도시락 💕손재주없는 엄마는 양으로 승부한다 💪,쨔네밥상;쨔네먹방;쨔네저녁밥상;쨔네집밥;먹스타그램;맛스타그램;선팔맞팔;먹팔맞팔;도시락;도시락메뉴;그릭요거트고구마케이크;소고기주먹밥;동그랑땡
https://www.instagram.com/p/DNH3FslTbs4/c/18102097651579847/,"8/9 🏡주말에는 집밥이죠!週末は#おうちごはん 🍳✨のんびりごはんタイム♡Weekend = #HomeCookedVibes 🥘💕Staying in, cooking up comfort. 🍳・・・・・・・・・・・・・・・・・・・・・・・・・・・・・・・・・・・・・・・・・✧ 오늘의 메뉴 ✧₊ɞ 삼겹살 김치찌개 🥘ɞ 통등심돈까스 🍖ɞ 수박 🍉・・・・・・・・・・・・・・・・・・・・・・・・・・・・・・・・・・・・・・・・・✧ 今日のメニュー ✧₊ɞ サムギョプサル入りキムチチゲ 🥘ɞ 厚切りロースとんかつ 🍖ɞ スイカ 🍉・・・・・・・・・・・・・・・・・・・・・・・・・・・・・・・・・・・・・・・・・✧ Today’s Menu ✧₊ɞ Kimchi stew with pork belly 🥘ɞ Thick-cut pork cutlet 🍖ɞ Watermelon 🍉・・・・・・・・・・・・・・・・・・・・・・・・・・・・・・・・・・・・・・・・・#도시락 #직장인도시락 #점심도시락 #bento #obento #弁当 #べんとう #お弁当 #旦那弁当 #毎日弁当 #lunchbox #lunch #followforfollowback #follow4like #f4f #フォ #좋아요 #반사 #집밥 #집밥스타그램 #자취요리 #자취",HomeCookedVibes;도시락;직장인도시락;점심도시락;bento;obento;lunchbox;lunch;followforfollowback;follow4like;f4f;좋아요;반사;집밥;집밥스타그램;자취요리;자취
https://www.instagram.com/p/DOUsC_XEhGi/,"2025.09.08또 시작된 월요일🤨이번주는 수요일부터 토요일까지 출장이 있어요!🚅💨윗지방으로 올라가는김에 서울도 들리고퇴근하고 친구들 만나서 맛있는 것도 먹고 내려와야겠어요!일산, 고양 맛집 알고 계시면 슬쩍 추천해주고 가셔도,,💗#직장인도시락 #직장인점심시간 #직장인점심도시락 #점심도시락 #도시락 #도시락기록 #도시락메뉴추천 #도시락스타그램 #오늘의도시락 #벤또 #요리스타그램 #자취요리 #자취일기 #소세지볶음밥 #비엔나소세지 #도시락레시피",직장인도시락;직장인점심시간;직장인점심도시락;점심도시락;도시락;도시락기록;도시락메뉴추천;도시락스타그램;오늘의도시락;벤또;요리스타그램;자취요리;자취일기;소세지볶음밥;비엔나소세지;도시락레시피
https://www.instagram.com/p/DOXLzBDD9lj/,스팸 넣은 김치볶음밥 🟰 맛없없남은 스팸 처리 메뉴로 김치볶음밥 결정!마지막에 버터 넣고 볶았더니 짱 맛있어요☺️♥ 스팸김치볶음밥♥ 계란국♥ 치킨너겟&머스타드소스♥ 깻잎지치킨너겟 구운 냄새가 좋았는지 집에 오자마자치킨너겟 하나 덥썩 집어먹는 남편ㅋ-ㅋ원래 바로 구워서 먹었을 때가 젤루 맛있긴해요🤭#남편도시락 #직장인도시락 #점심도시락 #회사도시락 #도시락메뉴 #도시락 #도시락기록 #도시락추천 #도시락싸는아내 #🍱,남편도시락;직장인도시락;점심도시락;회사도시락;도시락메뉴;도시락;도시락기록;도시락추천;도시락싸는아내;🍱
https://www.instagram.com/p/DOcLcGokrp3/,오늘의 도시락🍱• 비빔밥• 모둠전• 김치싸고보니 뭔가 명절느낌🏵️,
https://www.instagram.com/p/DQHHZMhkhCd/,🍳오늘의도시락🍳✔️오리부추볶음밥✔️진미채무침✔️멸치볶음감기몸살로 🤧 고생하는 아들ㅜㅜ이번 한주는 힘들어도 너~~~무 힘들다😱😱이또한 지나간다🚘 무시하고 간다💪💪#껀껀맘#도시락#도시락메뉴#도시락기록#직장인도시락#학원도시락#운동도시락#집밥#점심도시락#저녁도시락#축바라지,껀껀맘;도시락;도시락메뉴;도시락기록;직장인도시락;학원도시락;운동도시락;집밥;점심도시락;저녁도시락;축바라지
https://www.instagram.com/p/DH4SXibTS1a/,"⠀#도시락기록⠀4월도 빼먹지 말고 도시락 챙겨야지 다짐하면서 시작하는 첫 날 !⠀▸ 스팸계란주먹밥▸ 소세지떡강정▸ 천혜향▸ 쫀득쿠키 (오레오 + 야채크래커)⠀4월 첫 도시락은 주먹밥 도시락으로 결정하고 최애재료 집합 ! 😚스팸에 간장 살짝 졸이고 스크램블에그, 김가루, 참기름, 깨 넣기 순식간에 단짠 주먹밥 만들고 오랜만에 소떡강정도 만들어줬다 .오늘 후식은 주말에 만든 쫀득쿠키랑 천혜향 넣어주면 완성 ! 💕",도시락기록
https://www.instagram.com/p/DKGtxiCz7Z9/,소풍Day 🍱소풍도시락 싸보고 싶었는데 드디어 ! 도시락 싸봤다 ! 어렵긴 하네 그래도 즐거웠길 바래 ♥ #소풍도시락 #아기도시락 #포켓몬도시락 #도시락 #육아소통,소풍도시락;아기도시락;포켓몬도시락;도시락;육아소통
