category_url,product_name,brand,product_url,price,review_count,review_date,review_text
https://www.kurly.com/categories/032009?filters=&page=1,트루바이타민 I (30일분),덴프스,https://www.kurly.com/goods/1001051171,25400,136,2025.06.09,낱개포장으로 되어있어서 사무실에서 가볍게 뜯어서 먹습니다. 할인할때 좋은가격에 구매해서 만족스럽습니다. 은박을 덧데는 포장이 변경되었네요. 습기나 외부환경에 영향을 받지 않을것 같아요.
https://www.kurly.com/categories/032009?filters=&page=1,트루바이타민 I (30일분),덴프스,https://www.kurly.com/goods/1001051171,25400,136,2025.05.29,"정착하고 꾸준히 먹고있는 비타민이예요:)
하루도 빠짐없이
매일 아침마다 한포씩 꼭 챙겨먹고있어요"
https://www.kurly.com/categories/032009?filters=&page=1,트루바이타민 I (30일분),덴프스,https://www.kurly.com/goods/1001051171,25400,136,2025.05.29,"작년부터 매일매일 챙겨 먹는 덴푸스 트루비타민 1년가까이 먹었더니 이제는 습관처럼 먹어요
하루에 필요한 비타민이 한봉지에 루테인까지 들어있어요
인증받은 프리미엄 비타민이라 믿고 먹어요
눈주변떨림이나 안구건조증 이유없이 피곤한것까지 많이 개선되어 진거  같아
꾸준히 먹고 있어요
한봉지에 다들어 있고 휴대하기도 편하고 약사이즈도 적당해서 목넘김도 편해요"
https://www.kurly.com/categories/032009?filters=&page=1,트루바이타민 I (30일분),덴프스,https://www.kurly.com/goods/1001051171,25400,136,2025.09.22,자주 먹고 있습니다.
https://www.kurly.com/categories/032009?filters=&page=1,트루바이타민 I (30일분),덴프스,https://www.kurly.com/goods/1001051171,25400,136,2025.09.21,비타민 자주 구매해요
https://www.kurly.com/categories/032009?filters=&page=1,트루바이타민 I (30일분),덴프스,https://www.kurly.com/goods/1001051171,25400,136,2025.09.21,"종합비타민은 늘 덴푸스로
구매합니다~"
https://www.kurly.com/categories/032009?filters=&page=1,트루바이타민 I (30일분),덴프스,https://www.kurly.com/goods/1001051171,25400,136,2025.09.20,"건강에 좋겠죠
기대해요"
https://www.kurly.com/categories/032009?filters=&page=1,트루바이타민 I (30일분),덴프스,https://www.kurly.com/goods/1001051171,25400,136,2025.09.20,"나이 40이 넘어가면서..  선물받은 비타민과 여러가지 건강보조제들을 귀찮아서 안먹게 되더라구요~ 한번에 털어넣으려고 구매.
열심히 챙겨먹고싶네요~"
https://www.kurly.com/categories/032009?filters=&page=1,트루바이타민 I (30일분),덴프스,https://www.kurly.com/goods/1001051171,25400,136,2025.09.20,다먹고 재구매해요.. 루테인도 있어서 좋아요
https://www.kurly.com/categories/032009?filters=&page=1,트루바이타민 I (30일분),덴프스,https://www.kurly.com/goods/1001051171,25400,136,2025.09.19,간편해서 주문했어요.
https://www.kurly.com/categories/032009?filters=&page=1,멀티비타민키즈 + V - Complex15 (30일분),비타바움,https://www.kurly.com/goods/1000963113,95200,206,2025.09.22,컬리 쇼핑백 좋아요 ㅎ
https://www.kurly.com/categories/032009?filters=&page=1,멀티비타민키즈 + V - Complex15 (30일분),비타바움,https://www.kurly.com/goods/1000963113,95200,206,2025.09.22,컬리  쇼핑백   디자인   깔끔하고  좋네요
https://www.kurly.com/categories/032009?filters=&page=1,멀티비타민키즈 + V - Complex15 (30일분),비타바움,https://www.kurly.com/goods/1000963113,95200,206,2025.09.21,선물용으로 쓰기 좋아요
https://www.kurly.com/categories/032009?filters=&page=1,멀티비타민키즈 + V - Complex15 (30일분),비타바움,https://www.kurly.com/goods/1000963113,95200,206,2025.09.21,종이백 깔끔하고 예뻐요
https://www.kurly.com/categories/032009?filters=&page=1,멀티비타민키즈 + V - Complex15 (30일분),비타바움,https://www.kurly.com/goods/1000963113,95200,206,2025.09.21,잘 받았습니다 ㅋㅎ
https://www.kurly.com/categories/032009?filters=&page=1,멀티비타민키즈 + V - Complex15 (30일분),비타바움,https://www.kurly.com/goods/1000963113,95200,206,2025.09.21,유용하게 잘 썼어요
https://www.kurly.com/categories/032009?filters=&page=1,멀티비타민키즈 + V - Complex15 (30일분),비타바움,https://www.kurly.com/goods/1000963113,95200,206,2025.09.20,제니쿠키 선물 할려고 샀는데 종이백이 없어 샀어요
https://www.kurly.com/categories/032009?filters=&page=1,멀티비타민키즈 + V - Complex15 (30일분),비타바움,https://www.kurly.com/goods/1000963113,95200,206,2025.09.20,금액채우기용 ㅎㅎ ㅋㅋ
https://www.kurly.com/categories/032009?filters=&page=1,멀티비타민키즈 + V - Complex15 (30일분),비타바움,https://www.kurly.com/goods/1000963113,95200,206,2025.09.20,쇼핑백 실용적이고 좋습니다
https://www.kurly.com/categories/032009?filters=&page=1,멀티비타민키즈 + V - Complex15 (30일분),비타바움,https://www.kurly.com/goods/1000963113,95200,206,2025.09.20,쇼핑백  심플하네요
https://www.kurly.com/categories/032009?filters=&page=1,이뮨샷 올인원 비타민 플러스 (10일분),로트벡쉔,https://www.kurly.com/goods/5099197,59000,996,2025.04.29,"딸아이가 요즘 매일 공부하느라 몹시 피곤해해서 애정하는 컬리에서 리뷰많은 로트벡쉔 구매...딸 하루 먹어보더니 "" 피로가 쌱~~가시네요""이러더라구요"
https://www.kurly.com/categories/032009?filters=&page=1,이뮨샷 올인원 비타민 플러스 (10일분),로트벡쉔,https://www.kurly.com/goods/5099197,59000,996,2025.01.09,"르트벡쉔  이뮨샷 올인원 이것이 함량이 제일 높고 좋아요
마시는 비타민 중에 제일 효과가 빠르다고 해서 
상비하는 비타민이에요
진저 비타민 두병 보너스로 받아서  그건 제가 마시려고요.
컬리가 배송도 빠르고 안전해서 컬리로 주문해요"
https://www.kurly.com/categories/032009?filters=&page=1,이뮨샷 올인원 비타민 플러스 (10일분),로트벡쉔,https://www.kurly.com/goods/5099197,59000,996,2024.01.07,감기기운있거나 환절기 혹은 피곤할때 몇일 마셔주면 효과있어요! 맛은 쥬스 맛인데 살짝 알약맛 같은 끝맛이 있지만 못먹을 정도 아니고 좋아요. 초등학생도 잘먹어요
https://www.kurly.com/categories/032009?filters=&page=1,이뮨샷 올인원 비타민 플러스 (10일분),로트벡쉔,https://www.kurly.com/goods/5099197,59000,996,2025.09.22,컬리 쇼핑백 좋아요 ㅎ
https://www.kurly.com/categories/032009?filters=&page=1,이뮨샷 올인원 비타민 플러스 (10일분),로트벡쉔,https://www.kurly.com/goods/5099197,59000,996,2025.09.22,컬리  쇼핑백   디자인   깔끔하고  좋네요
https://www.kurly.com/categories/032009?filters=&page=1,이뮨샷 올인원 비타민 플러스 (10일분),로트벡쉔,https://www.kurly.com/goods/5099197,59000,996,2025.09.21,선물용으로 쓰기 좋아요
https://www.kurly.com/categories/032009?filters=&page=1,이뮨샷 올인원 비타민 플러스 (10일분),로트벡쉔,https://www.kurly.com/goods/5099197,59000,996,2025.09.21,종이백 깔끔하고 예뻐요
https://www.kurly.com/categories/032009?filters=&page=1,이뮨샷 올인원 비타민 플러스 (10일분),로트벡쉔,https://www.kurly.com/goods/5099197,59000,996,2025.09.21,잘 받았습니다 ㅋㅎ
https://www.kurly.com/categories/032009?filters=&page=1,이뮨샷 올인원 비타민 플러스 (10일분),로트벡쉔,https://www.kurly.com/goods/5099197,59000,996,2025.09.21,유용하게 잘 썼어요
https://www.kurly.com/categories/032009?filters=&page=1,이뮨샷 올인원 비타민 플러스 (10일분),로트벡쉔,https://www.kurly.com/goods/5099197,59000,996,2025.09.20,제니쿠키 선물 할려고 샀는데 종이백이 없어 샀어요
https://www.kurly.com/categories/032009?filters=&page=1,이뮨킥 10 멀티비타민+아연 (10일분),로트벡쉔,https://www.kurly.com/goods/5145668,49000,448,2024.12.21,"볼때마다 귀여운 로트벡쉔>.<
비타민 챙겨먹고자 간편하게 먹으려고 로트벡쉔 구매합니다
크기가 작아서 빠르게 마실수있어서 좋아요
먹고나면 반짝!하는게 있긴 있습니다"
https://www.kurly.com/categories/032009?filters=&page=1,이뮨킥 10 멀티비타민+아연 (10일분),로트벡쉔,https://www.kurly.com/goods/5145668,49000,448,2024.08.05,병이 진짜 앙증맞게 귀여워요. 아이가 자꾸 감기에 걸려서 면역력 지켜주려고 샀는데 맛있다며 잘 먹어요.
https://www.kurly.com/categories/032009?filters=&page=1,이뮨킥 10 멀티비타민+아연 (10일분),로트벡쉔,https://www.kurly.com/goods/5145668,49000,448,2024.07.18,"눈이 번쩍 뜨인다는 후기에 바로 구입했는데, 확실히 체력이 덜 딸려요"
https://www.kurly.com/categories/032009?filters=&page=1,이뮨킥 10 멀티비타민+아연 (10일분),로트벡쉔,https://www.kurly.com/goods/5145668,49000,448,2025.09.22,컬리 쇼핑백 좋아요 ㅎ
https://www.kurly.com/categories/032009?filters=&page=1,이뮨킥 10 멀티비타민+아연 (10일분),로트벡쉔,https://www.kurly.com/goods/5145668,49000,448,2025.09.22,컬리  쇼핑백   디자인   깔끔하고  좋네요
https://www.kurly.com/categories/032009?filters=&page=1,이뮨킥 10 멀티비타민+아연 (10일분),로트벡쉔,https://www.kurly.com/goods/5145668,49000,448,2025.09.21,선물용으로 쓰기 좋아요
https://www.kurly.com/categories/032009?filters=&page=1,이뮨킥 10 멀티비타민+아연 (10일분),로트벡쉔,https://www.kurly.com/goods/5145668,49000,448,2025.09.21,종이백 깔끔하고 예뻐요
https://www.kurly.com/categories/032009?filters=&page=1,이뮨킥 10 멀티비타민+아연 (10일분),로트벡쉔,https://www.kurly.com/goods/5145668,49000,448,2025.09.21,잘 받았습니다 ㅋㅎ
https://www.kurly.com/categories/032009?filters=&page=1,이뮨킥 10 멀티비타민+아연 (10일분),로트벡쉔,https://www.kurly.com/goods/5145668,49000,448,2025.09.21,유용하게 잘 썼어요
https://www.kurly.com/categories/032009?filters=&page=1,이뮨킥 10 멀티비타민+아연 (10일분),로트벡쉔,https://www.kurly.com/goods/5145668,49000,448,2025.09.21,박스에 들어있고 10개니까 10일동안 먹는거겠네요 비타민 미네랄 보충용이라고 써 있어요 피곤할때 하나씩 먹어야겠어요
https://www.kurly.com/categories/032009?filters=&page=1,비타민D 다이렉트 (30일분),바이오렉트라,https://www.kurly.com/goods/1000425744,39600,286,2025.09.22,컬리 쇼핑백 좋아요 ㅎ
https://www.kurly.com/categories/032009?filters=&page=1,비타민D 다이렉트 (30일분),바이오렉트라,https://www.kurly.com/goods/1000425744,39600,286,2025.09.22,컬리  쇼핑백   디자인   깔끔하고  좋네요
https://www.kurly.com/categories/032009?filters=&page=1,비타민D 다이렉트 (30일분),바이오렉트라,https://www.kurly.com/goods/1000425744,39600,286,2025.09.21,선물용으로 쓰기 좋아요
https://www.kurly.com/categories/032009?filters=&page=1,비타민D 다이렉트 (30일분),바이오렉트라,https://www.kurly.com/goods/1000425744,39600,286,2025.09.21,종이백 깔끔하고 예뻐요
https://www.kurly.com/categories/032009?filters=&page=1,비타민D 다이렉트 (30일분),바이오렉트라,https://www.kurly.com/goods/1000425744,39600,286,2025.09.21,잘 받았습니다 ㅋㅎ
https://www.kurly.com/categories/032009?filters=&page=1,비타민D 다이렉트 (30일분),바이오렉트라,https://www.kurly.com/goods/1000425744,39600,286,2025.09.21,유용하게 잘 썼어요
https://www.kurly.com/categories/032009?filters=&page=1,비타민D 다이렉트 (30일분),바이오렉트라,https://www.kurly.com/goods/1000425744,39600,286,2025.09.20,제니쿠키 선물 할려고 샀는데 종이백이 없어 샀어요
https://www.kurly.com/categories/032009?filters=&page=1,비타민D 다이렉트 (30일분),바이오렉트라,https://www.kurly.com/goods/1000425744,39600,286,2025.09.20,금액채우기용 ㅎㅎ ㅋㅋ
https://www.kurly.com/categories/032009?filters=&page=1,비타민D 다이렉트 (30일분),바이오렉트라,https://www.kurly.com/goods/1000425744,39600,286,2025.09.20,쇼핑백 실용적이고 좋습니다
https://www.kurly.com/categories/032009?filters=&page=1,비타민D 다이렉트 (30일분),바이오렉트라,https://www.kurly.com/goods/1000425744,39600,286,2025.09.20,쇼핑백  심플하네요
https://www.kurly.com/categories/032009?filters=&page=1,덴마크 유산균이야기 기획세트 (120일분) + 부스터업 2EA,덴프스,https://www.kurly.com/goods/1001325441,62000,18857,2025.09.15,"요즘 장 건강 챙기려고 이것저것 찾아보다가 덴프스 덴마크 유산균이야기를 알게 됐어요😊 하루 한 포 간단하게 챙기면 되니까 바쁜 아침에도 부담 없더라구요. 맛도 시큼하거나 거슬리지 않고, 은근히 상큼해서 물 없이도 그냥 쏙 먹을 수 있어서 편해요✨ 며칠 꾸준히 먹다 보니 화장실 가는 게 한결 편해지고, 속이 가볍게 정리되는 느낌이 들어서 만족 중이에요👍 무엇보다 덴프스가 덴마크 원료로 만든다는 점이 신뢰가 가고, 아이부터 어른까지 온 가족이 함께 먹을 수 있다는 게 제일 큰 장점 같아요👨‍👩‍👧‍👦 건강 챙기고 싶으신 분들께 진심으로 추천할 만한 유산균이에요💙"
https://www.kurly.com/categories/032009?filters=&page=1,덴마크 유산균이야기 기획세트 (120일분) + 부스터업 2EA,덴프스,https://www.kurly.com/goods/1001325441,62000,18857,2025.06.18,항상 먹고 있습니다 워낙 유명해서 좋다고 믿고 먹어요
https://www.kurly.com/categories/032009?filters=&page=1,덴마크 유산균이야기 기획세트 (120일분) + 부스터업 2EA,덴프스,https://www.kurly.com/goods/1001325441,62000,18857,2025.06.15,기존에 아이들이 먹던거라 가격 좋을때 구입했어요
https://www.kurly.com/categories/032009?filters=&page=1,덴마크 유산균이야기 기획세트 (120일분) + 부스터업 2EA,덴프스,https://www.kurly.com/goods/1001325441,62000,18857,2025.09.22,유산균은 얘만 먹는것같아요
https://www.kurly.com/categories/032009?filters=&page=1,덴마크 유산균이야기 기획세트 (120일분) + 부스터업 2EA,덴프스,https://www.kurly.com/goods/1001325441,62000,18857,2025.09.22,덴프스 요즘 잘 먹고 있어요
https://www.kurly.com/categories/032009?filters=&page=1,덴마크 유산균이야기 기획세트 (120일분) + 부스터업 2EA,덴프스,https://www.kurly.com/goods/1001325441,62000,18857,2025.09.22,아침공복에 한알씩 먹고 있습니다 장이 튼튼해 지는것 같아요 ㅎㅎ
https://www.kurly.com/categories/032009?filters=&page=1,덴마크 유산균이야기 기획세트 (120일분) + 부스터업 2EA,덴프스,https://www.kurly.com/goods/1001325441,62000,18857,2025.09.22,"아이허브에서 사먹다 알도 작고 먹기 편해서 바꿨어요
화장실 잘 가요ㅋ"
https://www.kurly.com/categories/032009?filters=&page=1,덴마크 유산균이야기 기획세트 (120일분) + 부스터업 2EA,덴프스,https://www.kurly.com/goods/1001325441,62000,18857,2025.09.22,알이 작아서 먹기는 편하고 휴대하고 들고 다니기도 냉장이 아니라서 편해요
https://www.kurly.com/categories/032009?filters=&page=1,덴마크 유산균이야기 기획세트 (120일분) + 부스터업 2EA,덴프스,https://www.kurly.com/goods/1001325441,62000,18857,2025.09.22,"다른거 먹다가 새로 한 번 도전해봤는데, 공복 유산균 먹고 후기 다시 쓰러올게요"
https://www.kurly.com/categories/032009?filters=&page=1,덴마크 유산균이야기 기획세트 (120일분) + 부스터업 2EA,덴프스,https://www.kurly.com/goods/1001325441,62000,18857,2025.09.22,꾸준히 먹고 있고 효과 있습니다
https://www.kurly.com/categories/032009?filters=&page=1,메가도스C 3000 (100일분) (고려은단 메가도스C 3000 ),고려은단,https://www.kurly.com/goods/1001143403,31500,785,2023.06.19,"고려은단 메가도스C  비타민씨 3000mg은 몇년째 먹고 있던 제품인데요. 컬리에도 판매하는군요!!
세일해서 판매해서 좋은가격에 구매했어요~^^

분말형이라서 소화흡수도 더 잘되고,
위자극에도 무리가 덜 가는것 같구요. 
개별 스틱형 포장이라 좀더 깔끔하게 들고 나닐 수 있고, 외부의 빛과 습기에 더 안전한것 같아 좋아요.

한포만 먹어도 고함량이라 비타민C를 충분히 섭취 할 수 있다는 점도 너무 좋아요. 

사실 분말형이 새콤해서 먹기 힘들다는 분들 계시는데, 다년간 분말을 먹어온 제가 먹는 방법을 공유하자면. 
한포를 뜯어서 입안에 털어 넣는데, 혀를  움푹 파지게 말아준다음 그릇에 뭔가를 담듯이, 혀에 비타민씨 분말이 한곳에 모이게 한다음 혀와 입천장을 만나게 해서 분말을 잠깐 눌러줍니다.(그러면 분말이 퍼지거나 입안에서 여기저기 흩어지지않아 좋아요) 그런다음 재빨리 물을 마시면 조심히 마시면서 삼켜주면 됩니다.
그리고 비타민씨 분말은 되도록이면 치아에 닿지 않게 한번에 삼켜주시는게 좋아요^^

비타민씨 드시고 모두들 건강챙기세요^^"
https://www.kurly.com/categories/032009?filters=&page=1,메가도스C 3000 (100일분) (고려은단 메가도스C 3000 ),고려은단,https://www.kurly.com/goods/1001143403,31500,785,2025.09.18,비타민씨 부족하여 구매합니다. 세일할 때 구매해요.
https://www.kurly.com/categories/032009?filters=&page=1,메가도스C 3000 (100일분) (고려은단 메가도스C 3000 ),고려은단,https://www.kurly.com/goods/1001143403,31500,785,2025.09.17,메가도스 첫 시도. 고용량이 이라 조금 걱정되기도 했는데 저는 아무 이상도 없네요. 꾸준히 복용하면서 몸에 맞는지 테스트 하려고합니다.
https://www.kurly.com/categories/032009?filters=&page=1,메가도스C 3000 (100일분) (고려은단 메가도스C 3000 ),고려은단,https://www.kurly.com/goods/1001143403,31500,785,2025.09.11,남편이 환절기만되면 감기를 달고살아서 비타민찾다가 후기보고 구매해봐요 꾸준히 먹여볼께요
https://www.kurly.com/categories/032009?filters=&page=1,메가도스C 3000 (100일분) (고려은단 메가도스C 3000 ),고려은단,https://www.kurly.com/goods/1001143403,31500,785,2025.08.26,잘받았습니다 잘사용하겠습니다
https://www.kurly.com/categories/032009?filters=&page=1,메가도스C 3000 (100일분) (고려은단 메가도스C 3000 ),고려은단,https://www.kurly.com/goods/1001143403,31500,785,2025.08.16,"비타민c 메가도스 한지
5년 넘어서 다른 제품든도 많이 먹었지만 고려은단 제품이 먹고 나면 기운나고 확실히 차이가 나서 이제품으로 계속 먹고 있어요."
https://www.kurly.com/categories/032009?filters=&page=1,메가도스C 3000 (100일분) (고려은단 메가도스C 3000 ),고려은단,https://www.kurly.com/goods/1001143403,31500,785,2025.07.27,메가도즈 3000으로 나와서 좋고 분말형이라 먹기 더 편해요.
https://www.kurly.com/categories/032009?filters=&page=1,메가도스C 3000 (100일분) (고려은단 메가도스C 3000 ),고려은단,https://www.kurly.com/goods/1001143403,31500,785,2025.07.27,너무셔요 ㅠㅠ.. 시다 못해 써요
https://www.kurly.com/categories/032009?filters=&page=1,메가도스C 3000 (100일분) (고려은단 메가도스C 3000 ),고려은단,https://www.kurly.com/goods/1001143403,31500,785,2025.07.23,피곤할때 무조건 먹어줍니다!
https://www.kurly.com/categories/032009?filters=&page=1,메가도스C 3000 (100일분) (고려은단 메가도스C 3000 ),고려은단,https://www.kurly.com/goods/1001143403,31500,785,2025.07.23,먹을만하고 안먹으면 티나서 계속 구매중~~
https://www.kurly.com/categories/032009?filters=&page=1,비타프레쉬 귤젤리 비타민C&D 3000 구미(23일분),엔젯오리진,https://www.kurly.com/goods/5055718,10800,6593,2022.07.09,"‘귤’ 검색하다 우연히 발견한 제품…젤리 모양도 예쁘고, 단게 먹고 싶을 때 두세게 정도 먹으면 좋을 거 같아 바로 주문해서 샛별배송으로 받았어요. 언박싱 후 먹어보니 예상했던 맛과 식감 입니다. 이거 하루 3개로는 안될 듯요 너무 맛있어서…그래도 영양제이니 정해진 용법을 지켜야하니 꾹~~참고 있네요ㅎㅎ. 비타민제 구매하려면 해외배송은 일주일정도, 국내택배도 아무리 빨라도 이틀 후에야 받을 수 있는데, 컬리는 24시간도 채 안걸리네요. 그 만큼 전달해 주시는 분들의 수고가 많겠지요ㅎㅎ. 
제품의 유통기한도 24년까지 넉넉하고, 세일 중이라 바로 재주문 넣었네요. 이렇게 좋은 상품인 줄 알았으면 한꺼번에 했었을텐데… 온가족이 함께 섭취하려면 한 개로는 부족해서요."
https://www.kurly.com/categories/032009?filters=&page=1,비타프레쉬 귤젤리 비타민C&D 3000 구미(23일분),엔젯오리진,https://www.kurly.com/goods/5055718,10800,6593,2025.09.21,젤리 대신 마구마구 먹어서 자주 구매하고 있습니다
https://www.kurly.com/categories/032009?filters=&page=1,비타프레쉬 귤젤리 비타민C&D 3000 구미(23일분),엔젯오리진,https://www.kurly.com/goods/5055718,10800,6593,2025.09.21,아이가 젤리 먹고 싶어 할때 용량 초과되도 그냥 막 먹어요
https://www.kurly.com/categories/032009?filters=&page=1,비타프레쉬 귤젤리 비타민C&D 3000 구미(23일분),엔젯오리진,https://www.kurly.com/goods/5055718,10800,6593,2025.09.20,맛있어요 간식처럼 먹기 좋아요
https://www.kurly.com/categories/032009?filters=&page=1,비타프레쉬 귤젤리 비타민C&D 3000 구미(23일분),엔젯오리진,https://www.kurly.com/goods/5055718,10800,6593,2025.09.19,일단 맛있고 간편해서 매일 챙겨먹기 좋아요.
https://www.kurly.com/categories/032009?filters=&page=1,비타프레쉬 귤젤리 비타민C&D 3000 구미(23일분),엔젯오리진,https://www.kurly.com/goods/5055718,10800,6593,2025.09.19,젤리먹는것 같아요 맛나요
https://www.kurly.com/categories/032009?filters=&page=1,비타프레쉬 귤젤리 비타민C&D 3000 구미(23일분),엔젯오리진,https://www.kurly.com/goods/5055718,10800,6593,2025.09.18,아직 먹어보진 않았지만 후기가 좋아 기대
https://www.kurly.com/categories/032009?filters=&page=1,비타프레쉬 귤젤리 비타민C&D 3000 구미(23일분),엔젯오리진,https://www.kurly.com/goods/5055718,10800,6593,2025.09.18,먹기 편해서 좋아요
https://www.kurly.com/categories/032009?filters=&page=1,비타프레쉬 귤젤리 비타민C&D 3000 구미(23일분),엔젯오리진,https://www.kurly.com/goods/5055718,10800,6593,2025.09.17,비타민 잘 안챙겨 먹어서 젤리로 주문했어요. 맛있어요.
https://www.kurly.com/categories/032009?filters=&page=1,비타프레쉬 귤젤리 비타민C&D 3000 구미(23일분),엔젯오리진,https://www.kurly.com/goods/5055718,10800,6593,2025.09.15,작은 크기 맛있어요 하루 3알인데 더많이 먹게되네요 c와D챙길 수 있어 좋아요
https://www.kurly.com/categories/032009?filters=&page=1,"칼슘, 마그네슘, 아연, 비타민D (60일분)",네이처메이드,https://www.kurly.com/goods/5054295,19990,1626,2025.09.22,쿠폰을 잘 쓰니 컬리가 최저가였습니다 만족합니다
https://www.kurly.com/categories/032009?filters=&page=1,"칼슘, 마그네슘, 아연, 비타민D (60일분)",네이처메이드,https://www.kurly.com/goods/5054295,19990,1626,2025.09.16,자주시키는제품입니다 73
https://www.kurly.com/categories/032009?filters=&page=1,"칼슘, 마그네슘, 아연, 비타민D (60일분)",네이처메이드,https://www.kurly.com/goods/5054295,19990,1626,2025.09.11,"성장기 아이 코피가 자주나는데
칼슘부족이면 난다 들어서 구입해봐요.
일주일 먹였는데 약발덕인지 아직 코피 안나요.
알약 크다해서 솔가 살까하다 네이쳐메이드 샀는데도 커요. 덴프스 유산균알이랑 비교"
https://www.kurly.com/categories/032009?filters=&page=1,"칼슘, 마그네슘, 아연, 비타민D (60일분)",네이처메이드,https://www.kurly.com/goods/5054295,19990,1626,2025.09.11,건강 챙기려고 필요해서 구입했어요
https://www.kurly.com/categories/032009?filters=&page=1,"칼슘, 마그네슘, 아연, 비타민D (60일분)",네이처메이드,https://www.kurly.com/goods/5054295,19990,1626,2025.09.10,처음 주문인데 피로회복에 효과좋네요
https://www.kurly.com/categories/032009?filters=&page=1,"칼슘, 마그네슘, 아연, 비타민D (60일분)",네이처메이드,https://www.kurly.com/goods/5054295,19990,1626,2025.09.06,마그네슘이 필요해서 구입합니다
https://www.kurly.com/categories/032009?filters=&page=1,"칼슘, 마그네슘, 아연, 비타민D (60일분)",네이처메이드,https://www.kurly.com/goods/5054295,19990,1626,2025.09.06,자주구매하는제품입니다
https://www.kurly.com/categories/032009?filters=&page=1,"칼슘, 마그네슘, 아연, 비타민D (60일분)",네이처메이드,https://www.kurly.com/goods/5054295,19990,1626,2025.09.05,"새끼손톱만한 크기입니다(손톱이 좀 큰편)
3알 한번에 먹기 괜찮아요
뼈 건강을 챙길 나이라 앞으로 컬리에서 계속 구매해서 먹을 예정입니다"
https://www.kurly.com/categories/032009?filters=&page=1,"칼슘, 마그네슘, 아연, 비타민D (60일분)",네이처메이드,https://www.kurly.com/goods/5054295,19990,1626,2025.09.05,"아주좋아요
빠른배송왔어요
좋아요!!!"
https://www.kurly.com/categories/032009?filters=&page=1,"칼슘, 마그네슘, 아연, 비타민D (60일분)",네이처메이드,https://www.kurly.com/goods/5054295,19990,1626,2025.09.05,꾸준히 구매하는데 너무 좋아요
https://www.kurly.com/categories/032009?filters=&page=1,아임비타 멀티비타민 이뮨샷 2종,종근당건강,https://www.kurly.com/goods/1000127424,72000,537,2024.08.03,"여름감기에 걸려서 고생했는데 아임비타 먹고 금방 나았어요!!
더운 여름에 먹으면 힘이 납니다!!"
https://www.kurly.com/categories/032009?filters=&page=1,아임비타 멀티비타민 이뮨샷 2종,종근당건강,https://www.kurly.com/goods/1000127424,72000,537,2024.07.05,"아임비타 멀티비타민 이뮨샷 어르신들 선물용으로 구매했어요 
액상이라 섭취하는데 편해서 좋습니다"
https://www.kurly.com/categories/032009?filters=&page=1,아임비타 멀티비타민 이뮨샷 2종,종근당건강,https://www.kurly.com/goods/1000127424,72000,537,2024.06.27,요즘 날씨도 더워지고 체력도 부족해서 이런저런 영양제를 먹어주며 버티고 있습니다. 그중에서 비타민은 꼭 먹어주는 편인데 종근당에서 나온 멀티비타민을 보고 궁금해서 구입했어요. 여행갔을때 매일매일 먹어줬는데 힘든 일정에도 덜 피곤해서 좋았어요. 다음에 또 구입해 보렵니다.
https://www.kurly.com/categories/032009?filters=&page=1,아임비타 멀티비타민 이뮨샷 2종,종근당건강,https://www.kurly.com/goods/1000127424,72000,537,2025.09.22,항상 먹는 영양제에요
https://www.kurly.com/categories/032009?filters=&page=1,아임비타 멀티비타민 이뮨샷 2종,종근당건강,https://www.kurly.com/goods/1000127424,72000,537,2025.09.13,추석선물로 비타민 구매. 이뮨이라 더좋겠죠. 비싸네요.
https://www.kurly.com/categories/032009?filters=&page=1,아임비타 멀티비타민 이뮨샷 2종,종근당건강,https://www.kurly.com/goods/1000127424,72000,537,2025.09.07,피곤한날 하나씩 먹으면 좀 나은것 같아서..
https://www.kurly.com/categories/032009?filters=&page=1,아임비타 멀티비타민 이뮨샷 2종,종근당건강,https://www.kurly.com/goods/1000127424,72000,537,2025.08.21,가끔 피곤할때 먹어요 굳
https://www.kurly.com/categories/032009?filters=&page=1,아임비타 멀티비타민 이뮨샷 2종,종근당건강,https://www.kurly.com/goods/1000127424,72000,537,2025.08.18,배송 빠르게 잘 왔어요
https://www.kurly.com/categories/032009?filters=&page=1,아임비타 멀티비타민 이뮨샷 2종,종근당건강,https://www.kurly.com/goods/1000127424,72000,537,2025.08.16,선물용으로 구마햤어요^.^
https://www.kurly.com/categories/032009?filters=&page=1,프레스샷 (10일분),프레스샷,https://www.kurly.com/goods/1000127407,29900,188,2025.09.21,아침에 먹으면 효과가 있다고 합니다. 남편이
https://www.kurly.com/categories/032009?filters=&page=1,프레스샷 (10일분),프레스샷,https://www.kurly.com/goods/1000127407,29900,188,2025.09.16,즉각적인 효과는 모르겠고 달아요.
https://www.kurly.com/categories/032009?filters=&page=1,프레스샷 (10일분),프레스샷,https://www.kurly.com/goods/1000127407,29900,188,2025.09.08,선물용으로 구매했습니다. 후기ㅁ처럼 효과가있으면 좋겠네요
https://www.kurly.com/categories/032009?filters=&page=1,프레스샷 (10일분),프레스샷,https://www.kurly.com/goods/1000127407,29900,188,2025.09.07,이틀에 한번씩 먹어용
https://www.kurly.com/categories/032009?filters=&page=1,프레스샷 (10일분),프레스샷,https://www.kurly.com/goods/1000127407,29900,188,2025.09.04,"마시면 바로 효과가 나오는 부스터샷이네요ㅎㅎ
대용량으로 나왔으면 좋겠습니다:)"
https://www.kurly.com/categories/032009?filters=&page=1,프레스샷 (10일분),프레스샷,https://www.kurly.com/goods/1000127407,29900,188,2025.09.01,여행에서 기력 떨어질때 먹으면 좋아요. 근데 너~~~~무 달아서 저당으로 나왔으면 좋겠어요
https://www.kurly.com/categories/032009?filters=&page=1,프레스샷 (10일분),프레스샷,https://www.kurly.com/goods/1000127407,29900,188,2025.08.31,세일하길래 구매했는데 쿠팡이 훨씬 저렴해요 ㅠ
https://www.kurly.com/categories/032009?filters=&page=1,프레스샷 (10일분),프레스샷,https://www.kurly.com/goods/1000127407,29900,188,2025.08.15,기운떨어질때 하나씩 먹으려구요
https://www.kurly.com/categories/032009?filters=&page=1,프레스샷 (10일분),프레스샷,https://www.kurly.com/goods/1000127407,29900,188,2025.08.04,프레스샷 가격이 올랐어요 할인기대해봅니다
https://www.kurly.com/categories/032009?filters=&page=1,프레스샷 (10일분),프레스샷,https://www.kurly.com/goods/1000127407,29900,188,2025.07.25,몇개 안먹어봐서 피곤함에 효과가 좋은지는 잘 모르겠지만 여러 종류의 영양소를 한번에 챙겨먹을 수 있어서 편해요
https://www.kurly.com/categories/032009?filters=&page=1,비타민B12 다이렉트 (30일분),바이오렉트라,https://www.kurly.com/goods/1000425747,45000,213,2025.09.22,컬리 쇼핑백 좋아요 ㅎ
https://www.kurly.com/categories/032009?filters=&page=1,비타민B12 다이렉트 (30일분),바이오렉트라,https://www.kurly.com/goods/1000425747,45000,213,2025.09.22,컬리  쇼핑백   디자인   깔끔하고  좋네요
https://www.kurly.com/categories/032009?filters=&page=1,비타민B12 다이렉트 (30일분),바이오렉트라,https://www.kurly.com/goods/1000425747,45000,213,2025.09.21,선물용으로 쓰기 좋아요
https://www.kurly.com/categories/032009?filters=&page=1,비타민B12 다이렉트 (30일분),바이오렉트라,https://www.kurly.com/goods/1000425747,45000,213,2025.09.21,종이백 깔끔하고 예뻐요
https://www.kurly.com/categories/032009?filters=&page=1,비타민B12 다이렉트 (30일분),바이오렉트라,https://www.kurly.com/goods/1000425747,45000,213,2025.09.21,잘 받았습니다 ㅋㅎ
https://www.kurly.com/categories/032009?filters=&page=1,비타민B12 다이렉트 (30일분),바이오렉트라,https://www.kurly.com/goods/1000425747,45000,213,2025.09.21,유용하게 잘 썼어요
https://www.kurly.com/categories/032009?filters=&page=1,비타민B12 다이렉트 (30일분),바이오렉트라,https://www.kurly.com/goods/1000425747,45000,213,2025.09.20,제니쿠키 선물 할려고 샀는데 종이백이 없어 샀어요
https://www.kurly.com/categories/032009?filters=&page=1,비타민B12 다이렉트 (30일분),바이오렉트라,https://www.kurly.com/goods/1000425747,45000,213,2025.09.20,두번째 구매에요 너무 맛나네요
https://www.kurly.com/categories/032009?filters=&page=1,비타민B12 다이렉트 (30일분),바이오렉트라,https://www.kurly.com/goods/1000425747,45000,213,2025.09.20,금액채우기용 ㅎㅎ ㅋㅋ
https://www.kurly.com/categories/032009?filters=&page=1,비타민B12 다이렉트 (30일분),바이오렉트라,https://www.kurly.com/goods/1000425747,45000,213,2025.09.20,쇼핑백 실용적이고 좋습니다
https://www.kurly.com/categories/032009?filters=&page=1,마그네슘400 (30일분),도펠헤르츠,https://www.kurly.com/goods/5068121,12900,2277,2022.05.17,"두 달 전 즈음 오른쪽 눈 떨림이 있었어요. 하루 이틀 살짝살짝 눈이 떨리다가 말길래 괜찮은가 보다 하고 넘겼었어요. 그런데 그 이후로 눈 떨림이 좀 자주 반복되더라고요. 그래서 마침 컬리에서 할인하고 있는 도펠헤르츠의 마그네슘을 구입했어요.

4월 25일 구입해서 26일 받자마자 복용했어요. 

하루 한 알씩 먹으면 되고 약 크기도 많이 크지 않아서 먹기에 부담이 덜해요. 이것도 독일 제품이긴 하지만 해외 알약들 중에서 크기가 너무 커서 목 넘김이 힘든 것들이 있었거든요. 하지만 이 제품은 목 넘김이 괜찮은 적당한 사이즈였어요. 

<복용일지>

4월 27일 5회 눈 떨림이 있음
4월 28일 2-3회 눈 떨림이 있음
4월 30일 미세한 눈 떨림이 있음
5월 3일 눈 떨림 없음

개인마다 편차는 있겠지만 저는 일주일 정도 복용하니 눈 떨림이 사라졌어요. 나중을 위해 현재까지 꾸준히 먹고 있고 할인 중이라 세 박스 구입했어요. 다 먹게 되면 재구입할 예정이에요!"
https://www.kurly.com/categories/032009?filters=&page=1,마그네슘400 (30일분),도펠헤르츠,https://www.kurly.com/goods/5068121,12900,2277,2025.09.21,부모님께 마그네슘 보내드렸어요 좋아하시네요
https://www.kurly.com/categories/032009?filters=&page=1,마그네슘400 (30일분),도펠헤르츠,https://www.kurly.com/goods/5068121,12900,2277,2025.09.20,이제 좀 챙겨먹으려고 사봤어요
https://www.kurly.com/categories/032009?filters=&page=1,마그네슘400 (30일분),도펠헤르츠,https://www.kurly.com/goods/5068121,12900,2277,2025.09.20,다른거 먹다가 급해서 샀는데 괜찮았어요~
https://www.kurly.com/categories/032009?filters=&page=1,마그네슘400 (30일분),도펠헤르츠,https://www.kurly.com/goods/5068121,12900,2277,2025.09.17,마그네슘은 매일 안먹어도 근육통이나 잠안올때 먹고있어요
https://www.kurly.com/categories/032009?filters=&page=1,마그네슘400 (30일분),도펠헤르츠,https://www.kurly.com/goods/5068121,12900,2277,2025.09.16,요새 손이 떨리기도 하고 잠도 통 자지 못하는것 같아 마그네슘 보충해 보려고 합니다.
https://www.kurly.com/categories/032009?filters=&page=1,마그네슘400 (30일분),도펠헤르츠,https://www.kurly.com/goods/5068121,12900,2277,2025.09.15,가격대비 성능 괜찮아서 계속 구매중. 할인이 오래 유지되면 좋을 듯여
https://www.kurly.com/categories/032009?filters=&page=1,마그네슘400 (30일분),도펠헤르츠,https://www.kurly.com/goods/5068121,12900,2277,2025.09.14,마그네슘 불면증에  시달리는 남편이 먹어요
https://www.kurly.com/categories/032009?filters=&page=1,마그네슘400 (30일분),도펠헤르츠,https://www.kurly.com/goods/5068121,12900,2277,2025.09.14,눈꺼풀이 떨려서 구매했어요
https://www.kurly.com/categories/032009?filters=&page=1,마그네슘400 (30일분),도펠헤르츠,https://www.kurly.com/goods/5068121,12900,2277,2025.09.13,효과좀 있는거 같아요
https://www.kurly.com/categories/032009?filters=&page=1,아임비타 이뮨샷 선물세트 (20일분),종근당건강,https://www.kurly.com/goods/1001381421,49900,2,2025.09.21,잘 사용했어요. 좋아요 ^^
https://www.kurly.com/categories/032009?filters=&page=1,아임비타 이뮨샷 선물세트 (20일분),종근당건강,https://www.kurly.com/goods/1001381421,49900,2,2025.07.31,급히 선물할 데가 있어서 샀는데 바로 배송와서 좋아요 종이봉투도 있고 ㅎㅎ 이 세트 좋네요
https://www.kurly.com/categories/032009?filters=&page=1,아이젠 다이렉트 (30일분),바이오렉트라,https://www.kurly.com/goods/1000425750,45000,212,2025.09.22,컬리 쇼핑백 좋아요 ㅎ
https://www.kurly.com/categories/032009?filters=&page=1,아이젠 다이렉트 (30일분),바이오렉트라,https://www.kurly.com/goods/1000425750,45000,212,2025.09.22,컬리  쇼핑백   디자인   깔끔하고  좋네요
https://www.kurly.com/categories/032009?filters=&page=1,아이젠 다이렉트 (30일분),바이오렉트라,https://www.kurly.com/goods/1000425750,45000,212,2025.09.21,선물용으로 쓰기 좋아요
https://www.kurly.com/categories/032009?filters=&page=1,아이젠 다이렉트 (30일분),바이오렉트라,https://www.kurly.com/goods/1000425750,45000,212,2025.09.21,종이백 깔끔하고 예뻐요
https://www.kurly.com/categories/032009?filters=&page=1,아이젠 다이렉트 (30일분),바이오렉트라,https://www.kurly.com/goods/1000425750,45000,212,2025.09.21,잘 받았습니다 ㅋㅎ
https://www.kurly.com/categories/032009?filters=&page=1,아이젠 다이렉트 (30일분),바이오렉트라,https://www.kurly.com/goods/1000425750,45000,212,2025.09.21,유용하게 잘 썼어요
https://www.kurly.com/categories/032009?filters=&page=1,아이젠 다이렉트 (30일분),바이오렉트라,https://www.kurly.com/goods/1000425750,45000,212,2025.09.20,제니쿠키 선물 할려고 샀는데 종이백이 없어 샀어요
https://www.kurly.com/categories/032009?filters=&page=1,아이젠 다이렉트 (30일분),바이오렉트라,https://www.kurly.com/goods/1000425750,45000,212,2025.09.20,금액채우기용 ㅎㅎ ㅋㅋ
https://www.kurly.com/categories/032009?filters=&page=1,아이젠 다이렉트 (30일분),바이오렉트라,https://www.kurly.com/goods/1000425750,45000,212,2025.09.20,쇼핑백 실용적이고 좋습니다
https://www.kurly.com/categories/032009?filters=&page=1,아이젠 다이렉트 (30일분),바이오렉트라,https://www.kurly.com/goods/1000425750,45000,212,2025.09.20,쇼핑백  심플하네요
https://www.kurly.com/categories/032009?filters=&page=1,멀티비타민 우먼 더블업 (50일분),센트룸,https://www.kurly.com/goods/5097881,25000,572,2025.09.21,다먹어서 구매해요.
https://www.kurly.com/categories/032009?filters=&page=1,멀티비타민 우먼 더블업 (50일분),센트룸,https://www.kurly.com/goods/5097881,25000,572,2025.09.21,아이가 잘 챙겨먹고 있어요
https://www.kurly.com/categories/032009?filters=&page=1,멀티비타민 우먼 더블업 (50일분),센트룸,https://www.kurly.com/goods/5097881,25000,572,2025.09.18,행사가가 너무 좋아 구매했어요.
https://www.kurly.com/categories/032009?filters=&page=1,멀티비타민 우먼 더블업 (50일분),센트룸,https://www.kurly.com/goods/5097881,25000,572,2025.09.17,활력이 좀 돌까 해서 먹는데 아직은 잘..
https://www.kurly.com/categories/032009?filters=&page=1,멀티비타민 우먼 더블업 (50일분),센트룸,https://www.kurly.com/goods/5097881,25000,572,2025.09.17,의사 추천으로 꾸준히 먹고있어요
https://www.kurly.com/categories/032009?filters=&page=1,멀티비타민 우먼 더블업 (50일분),센트룸,https://www.kurly.com/goods/5097881,25000,572,2025.09.16,상품배송잘받았습니다좋은상품입니다.
https://www.kurly.com/categories/032009?filters=&page=1,멀티비타민 우먼 더블업 (50일분),센트룸,https://www.kurly.com/goods/5097881,25000,572,2025.09.15,더블업이 나왔네요~
https://www.kurly.com/categories/032009?filters=&page=1,멀티비타민 우먼 더블업 (50일분),센트룸,https://www.kurly.com/goods/5097881,25000,572,2025.08.30,"잘 받았어요.
사장님 번창하세요"
https://www.kurly.com/categories/032009?filters=&page=1,멀티비타민 우먼 더블업 (50일분),센트룸,https://www.kurly.com/goods/5097881,25000,572,2025.08.29,항상 먹던거 에요 급하게 주문햇는데 빨리와서 좋앗어요
https://www.kurly.com/categories/032009?filters=&page=1,멀티비타민 우먼 더블업 (50일분),센트룸,https://www.kurly.com/goods/5097881,25000,572,2025.08.21,원래 먹는 비타민인데 세일하길래 삿어요 좋아요
https://www.kurly.com/categories/032009?filters=&page=1,얼박 10입 3종,동아제약,https://www.kurly.com/goods/1000217399,16000,741,2025.09.22,그냥 한번쯤 먹을만한 맛
https://www.kurly.com/categories/032009?filters=&page=1,얼박 10입 3종,동아제약,https://www.kurly.com/goods/1000217399,16000,741,2025.09.20,새로운거라 시켜봤네요
https://www.kurly.com/categories/032009?filters=&page=1,얼박 10입 3종,동아제약,https://www.kurly.com/goods/1000217399,16000,741,2025.09.17,간식용으로 좋아요~
https://www.kurly.com/categories/032009?filters=&page=1,얼박 10입 3종,동아제약,https://www.kurly.com/goods/1000217399,16000,741,2025.09.17,간식용으로 좋아요~!
https://www.kurly.com/categories/032009?filters=&page=1,얼박 10입 3종,동아제약,https://www.kurly.com/goods/1000217399,16000,741,2025.09.17,간식용으로 주문 했어요
https://www.kurly.com/categories/032009?filters=&page=1,얼박 10입 3종,동아제약,https://www.kurly.com/goods/1000217399,16000,741,2025.09.14,얼려서 외출하면 정신 번쩍
https://www.kurly.com/categories/032009?filters=&page=1,얼박 10입 3종,동아제약,https://www.kurly.com/goods/1000217399,16000,741,2025.09.08,얼려서 먹으니 시원하고 좋아요
https://www.kurly.com/categories/032009?filters=&page=1,얼박 10입 3종,동아제약,https://www.kurly.com/goods/1000217399,16000,741,2025.09.07,시원하게 잘 먹고 있어요
https://www.kurly.com/categories/032009?filters=&page=1,얼박 10입 3종,동아제약,https://www.kurly.com/goods/1000217399,16000,741,2025.09.01,좋습니다! 좋아요!!ㄱ
https://www.kurly.com/categories/032009?filters=&page=1,얼박 10입 3종,동아제약,https://www.kurly.com/goods/1000217399,16000,741,2025.08.29,수험생인 아들이 좋아해요
https://www.kurly.com/categories/032009?filters=&page=1,비타민C 1000 이지 + 비타민D 180정(90일분) (비타민C 1000 이지+비타민D),고려은단,https://www.kurly.com/goods/1001143409,17500,3209,2025.09.15,비타민 챙겨먹기.좋아요
https://www.kurly.com/categories/032009?filters=&page=1,비타민C 1000 이지 + 비타민D 180정(90일분) (비타민C 1000 이지+비타민D),고려은단,https://www.kurly.com/goods/1001143409,17500,3209,2025.09.15,비타민은 고려라길래 처음 사서 먹어보는데 잘먹고있어요
https://www.kurly.com/categories/032009?filters=&page=1,비타민C 1000 이지 + 비타민D 180정(90일분) (비타민C 1000 이지+비타민D),고려은단,https://www.kurly.com/goods/1001143409,17500,3209,2025.09.15,약국까지 안가고 편하게 구매해요
https://www.kurly.com/categories/032009?filters=&page=1,비타민C 1000 이지 + 비타민D 180정(90일분) (비타민C 1000 이지+비타민D),고려은단,https://www.kurly.com/goods/1001143409,17500,3209,2025.09.14,비타민 c.d를 함께 섭취 할수 있어서 여름엔 필수죠.
https://www.kurly.com/categories/032009?filters=&page=1,비타민C 1000 이지 + 비타민D 180정(90일분) (비타민C 1000 이지+비타민D),고려은단,https://www.kurly.com/goods/1001143409,17500,3209,2025.09.13,일등 비타민 c 제품이에요! 크기가 작아서 목넘김이 좋아요!
https://www.kurly.com/categories/032009?filters=&page=1,비타민C 1000 이지 + 비타민D 180정(90일분) (비타민C 1000 이지+비타민D),고려은단,https://www.kurly.com/goods/1001143409,17500,3209,2025.09.13,비타민씨 챙겨 먹어여 할것 같아서 고민중에 목넘김이 좋다고 해서 사봤는데 진짜 다르네요 ㅎ 먹기 편하고 포장도 잘 되어 있어요 좋아요
https://www.kurly.com/categories/032009?filters=&page=1,비타민C 1000 이지 + 비타민D 180정(90일분) (비타민C 1000 이지+비타민D),고려은단,https://www.kurly.com/goods/1001143409,17500,3209,2025.09.12,크기가 작아져서 더 좋아요
https://www.kurly.com/categories/032009?filters=&page=1,비타민C 1000 이지 + 비타민D 180정(90일분) (비타민C 1000 이지+비타민D),고려은단,https://www.kurly.com/goods/1001143409,17500,3209,2025.09.08,"후기 보고 구매합니다.
신랑이랑 같이 건강 챙기려고요."
https://www.kurly.com/categories/032009?filters=&page=1,비타민C 1000 이지 + 비타민D 180정(90일분) (비타민C 1000 이지+비타민D),고려은단,https://www.kurly.com/goods/1001143409,17500,3209,2025.09.04,알약이 작아서 목넘김이 편하네요
https://www.kurly.com/categories/032009?filters=&page=1,비타민C 1000 이지 + 비타민D 180정(90일분) (비타민C 1000 이지+비타민D),고려은단,https://www.kurly.com/goods/1001143409,17500,3209,2025.09.03,다시 비타민 C를 구매했어요
https://www.kurly.com/categories/032009?filters=&page=1,오메가3 700 (60일분),솔가,https://www.kurly.com/goods/1000794238,39900,3238,2022.12.28,"오메가3가 좋다는건 알고 있었지만 10년전쯤 한번 먹어보고 생선비린내같은 것이 올라와서 그만 두었어요
요즘은 눈영양제나 종합비타민 같은 걸로 먹었어요
그런데 겨울철 그리고 환절기에 피부 건조와 가려움증이 생겼고, 또 눈에도 인공눈물도 넣고 있는터라 알아보던 중 피부건조함에도 오메가3가 좋다고 해서 컬리에 들어와서 검색하다 <솔가>제품이 있어 믿고 주문했어요
다음날 아침 배송받아 뜯어보고 “아뿔사” 영양제 크기를 체크 안했었더라구요
솔가 라는 브랜드만 보고! 주위에서 먹기힘들어도 영양제는 커야 효과 있다고들 하지만 저는 작은 캡슐을 선호해서 ‘어떻게 먹지’ 하고 있다가 한번 먹어보았어요
그런데 내려감도 부드럽고 생선냄새도 전혀 없어서
며칠 먹어보고 좋아서 한통 더 쟁여두었어요
생선도 잘 안 먹고 해서 오메가3는 늘 신경쓰였는데
뭔가 든든합니다
부드러운 캅셀에 냄새도 없고 피부건조함에도 효과 있고
대만족입니다"
https://www.kurly.com/categories/032009?filters=&page=1,오메가3 700 (60일분),솔가,https://www.kurly.com/goods/1000794238,39900,3238,2025.09.21,다먹고 구매해요.저렴해요.0
https://www.kurly.com/categories/032009?filters=&page=1,오메가3 700 (60일분),솔가,https://www.kurly.com/goods/1000794238,39900,3238,2025.09.15,"믿고먹는 솔가~~
항상 빼먹지않고 먹는 영양제
오메가3인데
크기가 좀 크긴하지만
그래도 잘  먹어요
솔가 추천~~!!"
https://www.kurly.com/categories/032009?filters=&page=1,오메가3 700 (60일분),솔가,https://www.kurly.com/goods/1000794238,39900,3238,2025.09.09,"맛있어요 또구매할게요 감사합니다 
ㄷ"
https://www.kurly.com/categories/032009?filters=&page=1,오메가3 700 (60일분),솔가,https://www.kurly.com/goods/1000794238,39900,3238,2025.09.01,솔가 종류별로 많아서 좋아요
https://www.kurly.com/categories/032009?filters=&page=1,오메가3 700 (60일분),솔가,https://www.kurly.com/goods/1000794238,39900,3238,2025.08.25,매번구매해요 좋은것같아요
https://www.kurly.com/categories/032009?filters=&page=1,오메가3 700 (60일분),솔가,https://www.kurly.com/goods/1000794238,39900,3238,2025.08.04,오메가 좋아요 임신준비
https://www.kurly.com/categories/032009?filters=&page=1,오메가3 700 (60일분),솔가,https://www.kurly.com/goods/1000794238,39900,3238,2025.08.03,본가에서 오메가3 이걸로 받아 먹었다가 다 먹어서 이번엔 직접 구매해봤어요
https://www.kurly.com/categories/032009?filters=&page=1,오메가3 700 (60일분),솔가,https://www.kurly.com/goods/1000794238,39900,3238,2025.07.31,오메가 챙겨먹으려고구매해요
https://www.kurly.com/categories/032009?filters=&page=1,오메가3 700 (60일분),솔가,https://www.kurly.com/goods/1000794238,39900,3238,2025.07.26,솔가라 믿을 수 있고 잘 먹고 있어여
https://www.kurly.com/categories/032009?filters=&page=1,트루바이타민 (30일분),덴프스,https://www.kurly.com/goods/1001051175,25000,57,2025.09.22,아이 비타민 주문했어요. 크기도 적당하고 좋아요.
https://www.kurly.com/categories/032009?filters=&page=1,트루바이타민 (30일분),덴프스,https://www.kurly.com/goods/1001051175,25000,57,2025.09.06,아이를 샀어야 했는데 잘못 샀네요ㅎ 다 먹으면 아이로
https://www.kurly.com/categories/032009?filters=&page=1,트루바이타민 (30일분),덴프스,https://www.kurly.com/goods/1001051175,25000,57,2025.08.20,남편이 잘 먹고 있어요.
https://www.kurly.com/categories/032009?filters=&page=1,트루바이타민 (30일분),덴프스,https://www.kurly.com/goods/1001051175,25000,57,2025.08.17,열심히 챙겨먹어보고있읍니다
https://www.kurly.com/categories/032009?filters=&page=1,트루바이타민 (30일분),덴프스,https://www.kurly.com/goods/1001051175,25000,57,2025.08.15,두번째 구매합니다. 한포에 이것저것 한번에 들어있어서 간편해요.
https://www.kurly.com/categories/032009?filters=&page=1,트루바이타민 (30일분),덴프스,https://www.kurly.com/goods/1001051175,25000,57,2025.08.08,남편 비타민으로 늘 구매하는데 덴프스 가격 컬리가 맘에 들어요~조제약처럼 1일 1봉투라 가지고 다니면서 거르지않고 먹게 됩니다. 여행갈 때도 챙겨가기 좋아요.
https://www.kurly.com/categories/032009?filters=&page=1,트루바이타민 (30일분),덴프스,https://www.kurly.com/goods/1001051175,25000,57,2025.08.07,비타민 복용하기 편하게 포장 되어 있어서 좋아요
https://www.kurly.com/categories/032009?filters=&page=1,트루바이타민 (30일분),덴프스,https://www.kurly.com/goods/1001051175,25000,57,2025.08.07,"한포에 다 있어서 먹기 편해여
크기도 크지 않아 한번에 바로 다 먹을수있어요"
https://www.kurly.com/categories/032009?filters=&page=1,트루바이타민 (30일분),덴프스,https://www.kurly.com/goods/1001051175,25000,57,2025.08.05,좋아요ㅡ기분탓인지 덜피곤해요
https://www.kurly.com/categories/032009?filters=&page=1,트루바이타민 (30일분),덴프스,https://www.kurly.com/goods/1001051175,25000,57,2025.07.16,꾸준히 먹어보려구요
https://www.kurly.com/categories/032009?filters=&page=1,이뮨샷 골드 올인원 비타민 플러스 (10일분),로트벡쉔,https://www.kurly.com/goods/1000168589,69000,438,2024.04.09,"봄이 오긴 하나봐요~~~
아침에 일어나기 너어무 힘들고
자도자도 피곤하고ㅜㅜ
점심을 먹으면 졸음이 몰려오구
😂 
비타민 고함량 찾아 먹어보구
타우린이며 과일도 일부러 찾아먹고
그래도 피곤이 없어지질않네요!!
그러던차에 지인이 요걸 추천해주더라구요~
가격대는 좀 비싸지만
먹고 효과 보았다기에
마켓컬리로 주문해서
새벽배송 받았어요~
아직 한병 먹어보았는데
농축된 찐한 비타민 한병 먹으니~~~
무언가 건강해지는 느낌에 ㅋㅋ
요거 10병 먹어보구
효과있으면 앞으로
쭈욱~~~  먹어보려구요!!!
10병 먹어보구 효과 나타나면
다시 후기 남기러 오겠습니다! ㅎ"
https://www.kurly.com/categories/032009?filters=&page=1,이뮨샷 골드 올인원 비타민 플러스 (10일분),로트벡쉔,https://www.kurly.com/goods/1000168589,69000,438,2025.09.22,컬리 쇼핑백 좋아요 ㅎ
https://www.kurly.com/categories/032009?filters=&page=1,이뮨샷 골드 올인원 비타민 플러스 (10일분),로트벡쉔,https://www.kurly.com/goods/1000168589,69000,438,2025.09.22,컬리  쇼핑백   디자인   깔끔하고  좋네요
https://www.kurly.com/categories/032009?filters=&page=1,이뮨샷 골드 올인원 비타민 플러스 (10일분),로트벡쉔,https://www.kurly.com/goods/1000168589,69000,438,2025.09.21,선물용으로 쓰기 좋아요
https://www.kurly.com/categories/032009?filters=&page=1,이뮨샷 골드 올인원 비타민 플러스 (10일분),로트벡쉔,https://www.kurly.com/goods/1000168589,69000,438,2025.09.21,종이백 깔끔하고 예뻐요
https://www.kurly.com/categories/032009?filters=&page=1,이뮨샷 골드 올인원 비타민 플러스 (10일분),로트벡쉔,https://www.kurly.com/goods/1000168589,69000,438,2025.09.21,잘 받았습니다 ㅋㅎ
https://www.kurly.com/categories/032009?filters=&page=1,이뮨샷 골드 올인원 비타민 플러스 (10일분),로트벡쉔,https://www.kurly.com/goods/1000168589,69000,438,2025.09.21,유용하게 잘 썼어요
https://www.kurly.com/categories/032009?filters=&page=1,이뮨샷 골드 올인원 비타민 플러스 (10일분),로트벡쉔,https://www.kurly.com/goods/1000168589,69000,438,2025.09.20,제니쿠키 선물 할려고 샀는데 종이백이 없어 샀어요
https://www.kurly.com/categories/032009?filters=&page=1,이뮨샷 골드 올인원 비타민 플러스 (10일분),로트벡쉔,https://www.kurly.com/goods/1000168589,69000,438,2025.09.20,금액채우기용 ㅎㅎ ㅋㅋ
https://www.kurly.com/categories/032009?filters=&page=1,이뮨샷 골드 올인원 비타민 플러스 (10일분),로트벡쉔,https://www.kurly.com/goods/1000168589,69000,438,2025.09.20,쇼핑백 실용적이고 좋습니다
https://www.kurly.com/categories/032009?filters=&page=1,11비타민플러스 6개입(42일분),로트벡쉔,https://www.kurly.com/goods/1001132662,82900,33,2025.06.06,"아기.감기가 잘걸리고 남편이 피곤해해서 구매했어요
남편은 토마토 주스 맛이라는데 아기도 잘 먹어요. 
로트벡쉔은.계속 먹는 이유가 이거 마시고 남편 입병이 확실히 빈도가 낮아져서요
약국 영양제보다 효과보는거 같아여
비싸도 구매할수밖에 없네요"
https://www.kurly.com/categories/032009?filters=&page=1,11비타민플러스 6개입(42일분),로트벡쉔,https://www.kurly.com/goods/1001132662,82900,33,2025.09.15,가격이 괜찮은듯 해서 구입
https://www.kurly.com/categories/032009?filters=&page=1,11비타민플러스 6개입(42일분),로트벡쉔,https://www.kurly.com/goods/1001132662,82900,33,2025.09.03,"아이가 잘먹어서 두번째 구매입니다!
100ml 아침마다 먹고있어요~~^^"
https://www.kurly.com/categories/032009?filters=&page=1,11비타민플러스 6개입(42일분),로트벡쉔,https://www.kurly.com/goods/1001132662,82900,33,2025.08.26,매번 따라먹기 불편하긴한데 맛이 좋아요. 젤 맛있는거 같아요. 오렌지주스 먹는 기분.. 속도 편해서 결국 또 주문하네요.
https://www.kurly.com/categories/032009?filters=&page=1,11비타민플러스 6개입(42일분),로트벡쉔,https://www.kurly.com/goods/1001132662,82900,33,2025.08.21,마시기 좋고 영양도 좋아서 재수매 의사 있습니다
https://www.kurly.com/categories/032009?filters=&page=1,11비타민플러스 6개입(42일분),로트벡쉔,https://www.kurly.com/goods/1001132662,82900,33,2025.08.09,일단 아이가 자발적으로 챙겨먹어요
https://www.kurly.com/categories/032009?filters=&page=1,11비타민플러스 6개입(42일분),로트벡쉔,https://www.kurly.com/goods/1001132662,82900,33,2025.08.04,아침마다 이걸 마셔서 인지 확실히 덜 피곤해요
https://www.kurly.com/categories/032009?filters=&page=1,11비타민플러스 6개입(42일분),로트벡쉔,https://www.kurly.com/goods/1001132662,82900,33,2025.08.03,"행사때 저렴하게 구매하게되어 좋아요
소주잔 1.5컵 정도가 적정량인데 그렇게 먹으니 잠이 안오는것 같아 1컵만 마시고 있어요
맛은 진한데 주스맛나서 맛있더라고요
후기가 좋아 구매해봤는데 아직까지 특별히 좋은건 사실 모르겠네요^^;; ㅎㅎ
그래도 면역력 상승을 기대하며 꾸준히 먹어봐야겠어요"
https://www.kurly.com/categories/032009?filters=&page=1,11비타민플러스 6개입(42일분),로트벡쉔,https://www.kurly.com/goods/1001132662,82900,33,2025.08.02,너무 좋습니다. 저랑 잘맞는듯해서 대량으로 주문합니다.
https://www.kurly.com/categories/032009?filters=&page=1,11비타민플러스 6개입(42일분),로트벡쉔,https://www.kurly.com/goods/1001132662,82900,33,2025.07.27,한여름 무더위에 기운 잃지 말라고 딸 사위 용으로 사서 보냈어요.
https://www.kurly.com/categories/032009?filters=&page=1,면역케어 비타민C 분말스틱 (60일분) (면역케어 비타민C 분말스틱 (60일분)),고려은단,https://www.kurly.com/goods/1001143400,14900,893,2024.06.13,"한창 나이드니 체력이 너무 떨어지고 면역력도 저하되어 입안이 자주 헐어서 챙겨 먹기 시작했어요
병원에서도 면역력 떨어질때에는 비타민C를 충분히 섭취하라고하여 과일을 많이 먹었는데 비타민으로 섭취하는게 확실하더라구요

장기간 꾸준히 잘 먹으면 확실히 면역력이 좋아져 잔병치례나 감기에 걸리는 확률이 줄어드니 하루에 1포씩 간편하게 섭취하며 면역력증진 시켜보려구요

여행가서 특히 피곤하고 잠을 못자면 지칠때가 많은데 포 형태로 되어 있으니 여행 중에 간편히 먹기에도 좋고 챙겨가기에도 좋아요

맛은 상큼하니 레몬맛으로 먹는 순간부터 기운이 나는 것 같고요 졸릴 때에도 추천해요

가격도 저렴하니 구비해놓고 주변에도 선물하면
좋을 것 같아요"
https://www.kurly.com/categories/032009?filters=&page=1,면역케어 비타민C 분말스틱 (60일분) (면역케어 비타민C 분말스틱 (60일분)),고려은단,https://www.kurly.com/goods/1001143400,14900,893,2025.09.20,맛있어서 먹기 좋네요
https://www.kurly.com/categories/032009?filters=&page=1,면역케어 비타민C 분말스틱 (60일분) (면역케어 비타민C 분말스틱 (60일분)),고려은단,https://www.kurly.com/goods/1001143400,14900,893,2025.09.19,가루타입이라 편하게 먹을 수 있어요
https://www.kurly.com/categories/032009?filters=&page=1,면역케어 비타민C 분말스틱 (60일분) (면역케어 비타민C 분말스틱 (60일분)),고려은단,https://www.kurly.com/goods/1001143400,14900,893,2025.09.18,먹기 편해서 좋아여
https://www.kurly.com/categories/032009?filters=&page=1,면역케어 비타민C 분말스틱 (60일분) (면역케어 비타민C 분말스틱 (60일분)),고려은단,https://www.kurly.com/goods/1001143400,14900,893,2025.09.17,식후 편안하게 한포씩 먹고있어요.
https://www.kurly.com/categories/032009?filters=&page=1,면역케어 비타민C 분말스틱 (60일분) (면역케어 비타민C 분말스틱 (60일분)),고려은단,https://www.kurly.com/goods/1001143400,14900,893,2025.09.17,다른 비타민C에 비해서 먹기 쉬워서 구매하고 있어요.
https://www.kurly.com/categories/032009?filters=&page=1,면역케어 비타민C 분말스틱 (60일분) (면역케어 비타민C 분말스틱 (60일분)),고려은단,https://www.kurly.com/goods/1001143400,14900,893,2025.09.16,먹기 좋고 맛좋아요
https://www.kurly.com/categories/032009?filters=&page=1,면역케어 비타민C 분말스틱 (60일분) (면역케어 비타민C 분말스틱 (60일분)),고려은단,https://www.kurly.com/goods/1001143400,14900,893,2025.09.16,비타민 먹어보려고 샀어요. 먹기편하네요
https://www.kurly.com/categories/032009?filters=&page=1,면역케어 비타민C 분말스틱 (60일분) (면역케어 비타민C 분말스틱 (60일분)),고려은단,https://www.kurly.com/goods/1001143400,14900,893,2025.09.16,비타민 부족인것같아서 맛있어요
https://www.kurly.com/categories/032009?filters=&page=1,면역케어 비타민C 분말스틱 (60일분) (면역케어 비타민C 분말스틱 (60일분)),고려은단,https://www.kurly.com/goods/1001143400,14900,893,2025.09.16,잘먹고있어요 행복하세요
https://www.kurly.com/categories/032009?filters=&page=1,브레인 헬스 바이탈 1박스(10일분),로트벡쉔,https://www.kurly.com/goods/1001397404,79000,1,2025.07.24,라이브로 정신없이 사서 사은품도 기대했는데  비싼만큼 효과만기대합니다
https://www.kurly.com/categories/032009?filters=&page=1,멀티비타민샷 아르기닌/글루타치온 14포 2종 (택1),아임비타,https://www.kurly.com/goods/1001315865,20160,60,2025.09.20,육아로 만성피로에 시달리고 있어서 반신반의하며 사보았어요. 효과있어요 추천!
https://www.kurly.com/categories/032009?filters=&page=1,멀티비타민샷 아르기닌/글루타치온 14포 2종 (택1),아임비타,https://www.kurly.com/goods/1001315865,20160,60,2025.09.20,후기보고 구매했어요
https://www.kurly.com/categories/032009?filters=&page=1,멀티비타민샷 아르기닌/글루타치온 14포 2종 (택1),아임비타,https://www.kurly.com/goods/1001315865,20160,60,2025.09.20,후기보고 구매했어요
https://www.kurly.com/categories/032009?filters=&page=1,멀티비타민샷 아르기닌/글루타치온 14포 2종 (택1),아임비타,https://www.kurly.com/goods/1001315865,20160,60,2025.09.14,남편 주려고 샀어요!
https://www.kurly.com/categories/032009?filters=&page=1,멀티비타민샷 아르기닌/글루타치온 14포 2종 (택1),아임비타,https://www.kurly.com/goods/1001315865,20160,60,2025.09.14,애용하던 비타민인데 마침 할인해서 좋아요!
https://www.kurly.com/categories/032009?filters=&page=1,멀티비타민샷 아르기닌/글루타치온 14포 2종 (택1),아임비타,https://www.kurly.com/goods/1001315865,20160,60,2025.09.14,한번 먹어보려구요 피곤할때
https://www.kurly.com/categories/032009?filters=&page=1,멀티비타민샷 아르기닌/글루타치온 14포 2종 (택1),아임비타,https://www.kurly.com/goods/1001315865,20160,60,2025.09.13,아이가 피곤해서 후기보고 구매
https://www.kurly.com/categories/032009?filters=&page=1,멀티비타민샷 아르기닌/글루타치온 14포 2종 (택1),아임비타,https://www.kurly.com/goods/1001315865,20160,60,2025.09.10,"환경면에서는 좋아도, 먹기불편하네요"
https://www.kurly.com/categories/032009?filters=&page=1,멀티비타민샷 아르기닌/글루타치온 14포 2종 (택1),아임비타,https://www.kurly.com/goods/1001315865,20160,60,2025.09.08,여행갈때 챙겨가는 멀티비타민
https://www.kurly.com/categories/032009?filters=&page=1,멀티비타민샷 아르기닌/글루타치온 14포 2종 (택1),아임비타,https://www.kurly.com/goods/1001315865,20160,60,2025.09.02,태블릿 알약과 액상이 같이 있어서 좋아요 기운보충 할겸 구매
https://www.kurly.com/categories/032009?filters=&page=1,멀티비타민 맨 더블업 (50일분),센트룸,https://www.kurly.com/goods/5097880,25000,416,2025.09.20,쟁여보늬ㅣ요싼것같진악ㅎ그ㅡ
https://www.kurly.com/categories/032009?filters=&page=1,멀티비타민 맨 더블업 (50일분),센트룸,https://www.kurly.com/goods/5097880,25000,416,2025.09.18,센트룸 계속 먹는데 할인행사 프로모션이 좋아요.
https://www.kurly.com/categories/032009?filters=&page=1,멀티비타민 맨 더블업 (50일분),센트룸,https://www.kurly.com/goods/5097880,25000,416,2025.09.16,비타민 챙겨먹으려고 바꿔봤어요.
https://www.kurly.com/categories/032009?filters=&page=1,멀티비타민 맨 더블업 (50일분),센트룸,https://www.kurly.com/goods/5097880,25000,416,2025.09.15,가성비 좋은 센트룸
https://www.kurly.com/categories/032009?filters=&page=1,멀티비타민 맨 더블업 (50일분),센트룸,https://www.kurly.com/goods/5097880,25000,416,2025.09.14,센트룸은 남편이 계속복용  구매했어요
https://www.kurly.com/categories/032009?filters=&page=1,멀티비타민 맨 더블업 (50일분),센트룸,https://www.kurly.com/goods/5097880,25000,416,2025.09.07,"비타민제품 중 무난한것같아요
남편주려고  구매했어요"
https://www.kurly.com/categories/032009?filters=&page=1,멀티비타민 맨 더블업 (50일분),센트룸,https://www.kurly.com/goods/5097880,25000,416,2025.09.04,잘받았습니다~~~~
https://www.kurly.com/categories/032009?filters=&page=1,멀티비타민 맨 더블업 (50일분),센트룸,https://www.kurly.com/goods/5097880,25000,416,2025.08.20,남편 영양제 간편히당일배송으로 잘받앗어요
https://www.kurly.com/categories/032009?filters=&page=1,멀티비타민 맨 더블업 (50일분),센트룸,https://www.kurly.com/goods/5097880,25000,416,2025.08.14,좋아요.재구매합니다~
https://www.kurly.com/categories/032009?filters=&page=1,멀티비타민 맨 더블업 (50일분),센트룸,https://www.kurly.com/goods/5097880,25000,416,2025.08.13,약국 갈 시간이 없는데 컬리에 있어서 좋아요
https://www.kurly.com/categories/032009?filters=&page=1,멀티비타민 커플세트(남성 60일분+여성 60일분),솔가,https://www.kurly.com/goods/1000953960,87040,25,2025.07.26,선물하려고 산건데 봉투가 안왔어요.....
https://www.kurly.com/categories/032009?filters=&page=1,멀티비타민 커플세트(남성 60일분+여성 60일분),솔가,https://www.kurly.com/goods/1000953960,87040,25,2025.05.18,솔가에서 어버이날 기념으로 여성 비타민 남성 비타민 세트를 쇼핑백까지 포함해서 할인해서 팔고 있어서 샀어요.
https://www.kurly.com/categories/032009?filters=&page=1,멀티비타민 커플세트(남성 60일분+여성 60일분),솔가,https://www.kurly.com/goods/1000953960,87040,25,2025.05.10,"어버이날 앞두고 선물 구매를 못해서 급하게 컬리 검색 하다가 구미 했어요 . 
 출발시간에 늦지 않게 새벽배송으로 빠르게 배송 받았어요 .
여성전용 .남성전용 비타민으로 나뉘어 있어서 선물 하기 딱 좋더라구요 . 
선물용 쇼핑백 까지 함께 배송 와서 선물로 안성맞춤 이었어요."
https://www.kurly.com/categories/032009?filters=&page=1,멀티비타민 커플세트(남성 60일분+여성 60일분),솔가,https://www.kurly.com/goods/1000953960,87040,25,2025.05.09,어버이날 선물로 귯입니다
https://www.kurly.com/categories/032009?filters=&page=1,멀티비타민 커플세트(남성 60일분+여성 60일분),솔가,https://www.kurly.com/goods/1000953960,87040,25,2025.05.08,솔가니까 믿고 구매했어요
https://www.kurly.com/categories/032009?filters=&page=1,멀티비타민 커플세트(남성 60일분+여성 60일분),솔가,https://www.kurly.com/goods/1000953960,87040,25,2025.05.07,알약이 너무 커요 그거빼고 괜찮아요
https://www.kurly.com/categories/032009?filters=&page=1,멀티비타민 커플세트(남성 60일분+여성 60일분),솔가,https://www.kurly.com/goods/1000953960,87040,25,2025.04.25,"행사가로 저렴하게 잘 구매 했습니다~
남성/여성용 세트로 구성되어 있어 선물용으로 너무 좋네요~"
https://www.kurly.com/categories/032009?filters=&page=1,멀티비타민 커플세트(남성 60일분+여성 60일분),솔가,https://www.kurly.com/goods/1000953960,87040,25,2025.04.22,솔가 비타민을 세일해서 아주 싸게 잘 샀어요
https://www.kurly.com/categories/032009?filters=&page=1,멀티비타민 커플세트(남성 60일분+여성 60일분),솔가,https://www.kurly.com/goods/1000953960,87040,25,2025.04.22,효과 있기를 바라며^^  마그네슘 솔가 먹고 효과가 넘 좋아서 좋은 가격에 나왔길래 주문해 봤어요^^
https://www.kurly.com/categories/032009?filters=&page=1,액상 멀티비타민 미네랄 모닝+나이트 (64일분) 세트(계량컵+쇼핑백 증정),메리루스,https://www.kurly.com/goods/1001089475,143000,97,2025.06.10,"예전부터 한번 먹어볼까 싶었는데 라이브로 저렴하게 팔아서 도전해 봤어요!

우선 패키지 너무 귀여워요~
같이 준 계량컵도 플라스틱이 아니라 유리라서 너무 마음에 드네요!!
여기서 벌써 합격인데 맛도 너무 좋아요!!!!
왜 이제야 만난걸까요.

지금까지는 아이와 같이 먹을수 있는 구미로 먹었었는데 아이가 액상형이 더 맛있다고 하네요 ㅋㅋㅋ

온가족이 이거 하나로 먹을수 있는게 큰 장점이고 맛도 좋아서 이걸로 정착해야겠어요!

라이브 특가일때 더 사놓아야겠네요!!지금 구매하시는거 완전 추천입니다! 
병세트 사면 파우치 정품을 주는건 진짜 너무 이득이에요"
https://www.kurly.com/categories/032009?filters=&page=1,액상 멀티비타민 미네랄 모닝+나이트 (64일분) 세트(계량컵+쇼핑백 증정),메리루스,https://www.kurly.com/goods/1001089475,143000,97,2025.06.10,"아침에 모닝 비타민 한 컵으로 시작하면 기분도 상쾌해지고, 하루 종일 에너지가 더 안정되는 느낌이 들어요.
자기 전에는 나이트 미네랄로 하루 마무리하면서 뭔가 몸이 한결 가벼워지는 기분이 들어요. 둘 다 액상 타입이라 알약처럼 넘기기 힘들지도 않고, 맛도 거부감 없이 은은해서 꾸준히 먹기 좋아요.

비건 제품인데도 맛이 자연스럽고, 글루텐 프리라서 알러지나 음식에 민감한 분들도 안심하고 드실 수 있을 것 같아요

무엇보다 계량컵이 같이 들어 있어서 따로 뭐 준비할 필요 없이 딱 정해진 양만 따라 마시면 되니까 너무 간편해요. 병 디자인도 깔끔하고 예뻐서 냉장고 안에 넣어두기만 해도 기분 좋아지는 그런 제품이에요. 한 번 시작하니까 계속 찾게 되는 이유가 있네요."
https://www.kurly.com/categories/032009?filters=&page=1,액상 멀티비타민 미네랄 모닝+나이트 (64일분) 세트(계량컵+쇼핑백 증정),메리루스,https://www.kurly.com/goods/1001089475,143000,97,2025.04.06,"신세계 강남에서 시음해보고
쿠폰 먹여서 홈쇼핑보다 싸게 구입했어요~
컵 포함이라 개량해서 먹기 편하고
원액은 애기들 시럽처럼  찐해요ㅎㅎ
물에 희석하면 비타민음료 먹는 맛!"
https://www.kurly.com/categories/032009?filters=&page=1,액상 멀티비타민 미네랄 모닝+나이트 (64일분) 세트(계량컵+쇼핑백 증정),메리루스,https://www.kurly.com/goods/1001089475,143000,97,2025.09.18,꾸준히 마시는 중~
https://www.kurly.com/categories/032009?filters=&page=1,액상 멀티비타민 미네랄 모닝+나이트 (64일분) 세트(계량컵+쇼핑백 증정),메리루스,https://www.kurly.com/goods/1001089475,143000,97,2025.09.04,언니 추천으로 구매했는데 뭔가 덜 피곤한 느낌
https://www.kurly.com/categories/032009?filters=&page=1,액상 멀티비타민 미네랄 모닝+나이트 (64일분) 세트(계량컵+쇼핑백 증정),메리루스,https://www.kurly.com/goods/1001089475,143000,97,2025.08.06,"MaryRuth’s 액상 멀티비타민이랑 멀티미네랄 세트는 진짜 요즘 제 최애 건강템이에요! 아침에 비타민은 달달한 시럽 맛이라 공복에도 부담 없이 먹을 수 있고, 액상이라 그런지 확실히 흡수도 잘 되는 느낌이에요. 하루종일 덜 피곤하고 집중력도 좋아진 것 같아요. 밤에는 미네랄 제품을 따뜻한 물에 타서 마시는데, 약간 허브차 느낌도 나고 마시고 나면 몸이 편안해지면서 잠도 잘 와요. 전에는 자다가 자주 깨곤 했는데, 요즘은 푹 자는 게 느껴져서 너무 만족스러워요. 둘 다 글루텐프리, 무설탕, 비건이라 성분도 깔끔해서 더 믿음 가고요! 부모님이랑 같이 먹고 있는데 가족 모두가 좋아해요. 건강 챙기는 게 어렵지 않게, 루틴처럼 자연스럽게 스며들어서 더 좋은 것 같아요. 맛있고 효과도 확실해서 친구들한테도 추천 중이에요. 진짜 하나쯤 꼭 갖고 있어야 할 건강템이에요 ^^"
https://www.kurly.com/categories/032009?filters=&page=1,액상 멀티비타민 미네랄 모닝+나이트 (64일분) 세트(계량컵+쇼핑백 증정),메리루스,https://www.kurly.com/goods/1001089475,143000,97,2025.07.27,먹기 편해서 잘 먹고 있어요
https://www.kurly.com/categories/032009?filters=&page=1,액상 멀티비타민 미네랄 모닝+나이트 (64일분) 세트(계량컵+쇼핑백 증정),메리루스,https://www.kurly.com/goods/1001089475,143000,97,2025.07.11,쿠폰으로 할인 받아서 구매했는데 맛있는지는 잘 모르겠어요. 물에 희석해서 먹으니 약맛이 많이 나서 그냥 원액으로 먹을까 고민중입니다.
https://www.kurly.com/categories/032009?filters=&page=1,액상 멀티비타민 미네랄 모닝+나이트 (64일분) 세트(계량컵+쇼핑백 증정),메리루스,https://www.kurly.com/goods/1001089475,143000,97,2025.07.07,이미 유명한 미네랄멀티 비타민^^~  아침 저녁 세트를 두셋트 쟁였어요^^~♡  마침 세일도하고 올해 특히나 수고한 제 자신을 위해서 아낌 없이 ^^~ 선택한 멀티비타민♡ 고농축된 과일향이 느껴지는 걸죽한 농도의 멀티비타민~~~  아침저녁 꾸준하게 챙겨먹고 있어요~ 나를 사랑하는 소중한 선택입니다^^~♡
https://www.kurly.com/categories/032009?filters=&page=1,액상 멀티비타민 미네랄 모닝+나이트 (64일분) 세트(계량컵+쇼핑백 증정),메리루스,https://www.kurly.com/goods/1001089475,143000,97,2025.07.03,좋은 제품 잘 샀어요
https://www.kurly.com/categories/032009?filters=&page=1,비타민 C&D 아연 구미(30일분),KS365,https://www.kurly.com/goods/1000058867,5500,3971,2022.12.26,"가성비좋고 적당히 쫀득말랑한 부드러운 젤리, 거기다 비타민 아연에 조카셋이 너무 좋아합니다. 어른 먹으려 산건 아니고, 놀러오면 늘 젤리찾는 조카셋을 위해 준비해봤어요. 사이즈는 어른 엄지손톱만 하고 부드러운 구미라서 씹는 느낌도 좋아요. 맛은 눈에 보이는 딱 새콤달콤 맛입니다. 조카셋이 입맛도 취향도 다 다른데, 유난히 마르고 입이 까다로운, 입안이 예민해서 부드러운걸 좋아하는 2호가 몇번이나 리필 할 정도니 대부분 좋아할 것으로 예상합니다. 모양도 별 하트 달 꽃모양으로 아이들 취향저격이에요. 아무 젤리나 주면서 걱정했는데 당류도 0g 이고 무엇보다 컬리 제품이라 믿고 재구매갑니다. 아 안전뚜껑이라 누르고 돌려야해서 애들은 못열어요. 아주 맘에 듭니다ㅎㅎㅎ"
https://www.kurly.com/categories/032009?filters=&page=1,비타민 C&D 아연 구미(30일분),KS365,https://www.kurly.com/goods/1000058867,5500,3971,2022.10.25,"KS365 컬리 브랜드는 왠지 모르게 믿음이 가서 구매해봤습니다!
디자인부터 깔끔 단정! 구미모양은 귀염뽀짝 사랑스럽네요.
평소 햇볕노출을 별로 안좋아해서 비타민D 알아보던 중
알약형태가 아닌 구미형태로 나온 요 제품을 픽해봤습니다!
멀티비타민, 밀크씨슬, 칼슘, 비타민C, 히알루론산 등 이것저것 구비하고 챙겨먹는게 많은데 솔직히 냄새가 역하거나 알약이 커서 목넘김이 불편하면 손이 잘 안가긴 하더라구요.
그래서 구미로 간식 겸 챙겨먹을까 해서 구입한건데
비타민D 100%로 충족뿐만 아니라 비타민C, 아연까지....!
함량도 맘에 들고 쫄깃쫄깃 식감에 새콤달콤 맛까지 너무 만족입니다!
이 퀄리티에 가격이 정말 말도 안되게 착해서 (30일분)
당장 추가 구매갑니다ㅎㅎㅎ 심지어 지금 세일까지...
안사는게 손해인......
아! 그리고 결정적으로 많은 구미들 중에 요 제품으로 픽하게 된 가장 큰 이유는 원재료성분입니다★★
보통 구미류들은 포도당시럽이나 설탕 등으로 단맛을 내서
당류가 포함되어 좀 부담스러울 수 있는데
컬리구미는 말티톨시럽과 스테비올배당체로 대신해서 그런지 당이 0g!!!!! 감격입니다. 굿굿
합리적인 가격에 이렇게 좋은 상품 만들어주셔서 너무 감사할따름...! 지인들한테 영업들어갑니다
이번 상품구매도 성공적이라 기분이 좋네요! 컬리짱!"
https://www.kurly.com/categories/032009?filters=&page=1,비타민 C&D 아연 구미(30일분),KS365,https://www.kurly.com/goods/1000058867,5500,3971,2025.09.22,간식으로 챙겨 먹고있어요~~
https://www.kurly.com/categories/032009?filters=&page=1,비타민 C&D 아연 구미(30일분),KS365,https://www.kurly.com/goods/1000058867,5500,3971,2025.09.22,맛있어어 젤리 먹듯이 부담없이 먹어요
https://www.kurly.com/categories/032009?filters=&page=1,비타민 C&D 아연 구미(30일분),KS365,https://www.kurly.com/goods/1000058867,5500,3971,2025.09.22,세일할때 사야해요..
https://www.kurly.com/categories/032009?filters=&page=1,비타민 C&D 아연 구미(30일분),KS365,https://www.kurly.com/goods/1000058867,5500,3971,2025.09.22,"식후땡 입가심으로 먹기 좋은 비타민젤리입니다.
새콤함 전혀 없고 달~콤한 블루베리맛.
n통째 구매 중!!!"
https://www.kurly.com/categories/032009?filters=&page=1,비타민 C&D 아연 구미(30일분),KS365,https://www.kurly.com/goods/1000058867,5500,3971,2025.09.20,꾸준히 먹기 좋아요
https://www.kurly.com/categories/032009?filters=&page=1,비타민 C&D 아연 구미(30일분),KS365,https://www.kurly.com/goods/1000058867,5500,3971,2025.09.19,우리애가 다른건 안먹는데 이건 잘먹어서 삽니다
https://www.kurly.com/categories/032009?filters=&page=1,비타민 C&D 아연 구미(30일분),KS365,https://www.kurly.com/goods/1000058867,5500,3971,2025.09.19,먹기도 편하고 질감도 좋고 맛있네요.
https://www.kurly.com/categories/032009?filters=&page=1,비타민 C&D 아연 구미(30일분),KS365,https://www.kurly.com/goods/1000058867,5500,3971,2025.09.19,"아이가 약맛나면 안먹는데 괜찮은지 잘먹네요
설탕?묻혀진지 모르고샀어요"
https://www.kurly.com/categories/032009?filters=&page=1,철분 25 (180일분),솔가,https://www.kurly.com/goods/1000794264,49900,1337,2025.09.22,좋아서 다시 구매해요.
https://www.kurly.com/categories/032009?filters=&page=1,철분 25 (180일분),솔가,https://www.kurly.com/goods/1000794264,49900,1337,2025.09.18,평소 두통이 있는데 철분이 도움된대서 구입
https://www.kurly.com/categories/032009?filters=&page=1,철분 25 (180일분),솔가,https://www.kurly.com/goods/1000794264,49900,1337,2025.09.16,쿠폰받아 저렴하게 잘샀네요
https://www.kurly.com/categories/032009?filters=&page=1,철분 25 (180일분),솔가,https://www.kurly.com/goods/1000794264,49900,1337,2025.09.16,철분을 먹어줘야한다기에 구입했는데 캡슐이  작아서 좋네요
https://www.kurly.com/categories/032009?filters=&page=1,철분 25 (180일분),솔가,https://www.kurly.com/goods/1000794264,49900,1337,2025.09.15,약 크기 작아서 좋아요
https://www.kurly.com/categories/032009?filters=&page=1,철분 25 (180일분),솔가,https://www.kurly.com/goods/1000794264,49900,1337,2025.09.15,배송이 빨라서 컬리에서 구매.
https://www.kurly.com/categories/032009?filters=&page=1,철분 25 (180일분),솔가,https://www.kurly.com/goods/1000794264,49900,1337,2025.09.09,철분먹으라고 권유받아서 샀네요
https://www.kurly.com/categories/032009?filters=&page=1,철분 25 (180일분),솔가,https://www.kurly.com/goods/1000794264,49900,1337,2025.09.08,"꾸준히 주문해서 먹고 있어요~
좋은것 같아요"
https://www.kurly.com/categories/032009?filters=&page=1,철분 25 (180일분),솔가,https://www.kurly.com/goods/1000794264,49900,1337,2025.08.30,빠른배송 감사합니당
https://www.kurly.com/categories/032009?filters=&page=1,철분 25 (180일분),솔가,https://www.kurly.com/goods/1000794264,49900,1337,2025.08.25,좋아요 좋은 가격으로 잘 구매했어요 꾸준히 먹으려구요
https://www.kurly.com/categories/032009?filters=&page=1,비타민B12 + V - Complex8 (12일분),비타바움,https://www.kurly.com/goods/1000557973,39900,42,2025.09.18,요즘 활력을 주는 비타민이에요
https://www.kurly.com/categories/032009?filters=&page=1,비타민B12 + V - Complex8 (12일분),비타바움,https://www.kurly.com/goods/1000557973,39900,42,2025.09.16,먹어보고 좋아서  재구매 입니다
https://www.kurly.com/categories/032009?filters=&page=1,비타민B12 + V - Complex8 (12일분),비타바움,https://www.kurly.com/goods/1000557973,39900,42,2025.09.13,피곤할때 먹으니 너무 좋아 재 구매중입니다
https://www.kurly.com/categories/032009?filters=&page=1,비타민B12 + V - Complex8 (12일분),비타바움,https://www.kurly.com/goods/1000557973,39900,42,2025.08.28,자주 구입해요 좋아요ㅎ
https://www.kurly.com/categories/032009?filters=&page=1,비타민B12 + V - Complex8 (12일분),비타바움,https://www.kurly.com/goods/1000557973,39900,42,2025.08.11,재구매중인데 기운나고 좋아요
https://www.kurly.com/categories/032009?filters=&page=1,비타민B12 + V - Complex8 (12일분),비타바움,https://www.kurly.com/goods/1000557973,39900,42,2025.07.19,먹으면 힘나서 재구매 합니다 구내염에도 젛은듯
https://www.kurly.com/categories/032009?filters=&page=1,비타민B12 + V - Complex8 (12일분),비타바움,https://www.kurly.com/goods/1000557973,39900,42,2025.07.04,몸에 좋기를 바라며  마시고 있어요
https://www.kurly.com/categories/032009?filters=&page=1,비타민B12 + V - Complex8 (12일분),비타바움,https://www.kurly.com/goods/1000557973,39900,42,2025.07.04,"입에 수포가 자주 나서 구매했어요
 효과있기를"
https://www.kurly.com/categories/032009?filters=&page=1,비타민B12 + V - Complex8 (12일분),비타바움,https://www.kurly.com/goods/1000557973,39900,42,2025.06.16,"몸이 너무 안좋아서 구매했어요
입술포진에 좋은 것 같아용"
https://www.kurly.com/categories/032009?filters=&page=1,비타민B12 + V - Complex8 (12일분),비타바움,https://www.kurly.com/goods/1000557973,39900,42,2025.05.26,가끔 먹고 정신차릴려고 구매합니다
https://www.kurly.com/categories/032009?filters=&page=1,멀티비타민 미네랄 구미 (40일분),센트룸,https://www.kurly.com/goods/1000245379,24000,215,2025.09.13,할인쿠폰있어서 좋은가격으로 구매했어요
https://www.kurly.com/categories/032009?filters=&page=1,멀티비타민 미네랄 구미 (40일분),센트룸,https://www.kurly.com/goods/1000245379,24000,215,2025.09.12,아이가 정말 잘먹어요 하루에 3개씩 먹더라구요
https://www.kurly.com/categories/032009?filters=&page=1,멀티비타민 미네랄 구미 (40일분),센트룸,https://www.kurly.com/goods/1000245379,24000,215,2025.09.12,센트룸 가격은 여기가 좀
https://www.kurly.com/categories/032009?filters=&page=1,멀티비타민 미네랄 구미 (40일분),센트룸,https://www.kurly.com/goods/1000245379,24000,215,2025.09.09,구미라서맛나요~~재재재구매중입니다
https://www.kurly.com/categories/032009?filters=&page=1,멀티비타민 미네랄 구미 (40일분),센트룸,https://www.kurly.com/goods/1000245379,24000,215,2025.08.18,먹기 편하고 맛도 있어서 좋아요
https://www.kurly.com/categories/032009?filters=&page=1,멀티비타민 미네랄 구미 (40일분),센트룸,https://www.kurly.com/goods/1000245379,24000,215,2025.07.29,맛있어서 챙겨 먹기 좋아요
https://www.kurly.com/categories/032009?filters=&page=1,멀티비타민 미네랄 구미 (40일분),센트룸,https://www.kurly.com/goods/1000245379,24000,215,2025.07.22,필요한 거라 구매햇어요
https://www.kurly.com/categories/032009?filters=&page=1,멀티비타민 미네랄 구미 (40일분),센트룸,https://www.kurly.com/goods/1000245379,24000,215,2025.07.16,"가족들이 다같이 먹어서 자주 떨어져요
가격만 좀 저렴하면 좋겠네요"
https://www.kurly.com/categories/032009?filters=&page=1,멀티비타민 미네랄 구미 (40일분),센트룸,https://www.kurly.com/goods/1000245379,24000,215,2025.07.15,영양제 잘 안 먹으려고 하는 고딩도 이건 잘 먹네요^^
https://www.kurly.com/categories/032009?filters=&page=1,멀티비타민 미네랄 구미 (40일분),센트룸,https://www.kurly.com/goods/1000245379,24000,215,2025.07.09,작은 사이즈예요. 젤리형이라 편해서
https://www.kurly.com/categories/032009?filters=&page=1,침향환골드 60환 + 쇼핑백 증정,종근당,https://www.kurly.com/goods/1000760612,61300,43,2025.05.26,저렴한가격에 선물로 득템헸어요
https://www.kurly.com/categories/032009?filters=&page=1,침향환골드 60환 + 쇼핑백 증정,종근당,https://www.kurly.com/goods/1000760612,61300,43,2025.05.19,아빠 선물로 샀어요.
https://www.kurly.com/categories/032009?filters=&page=1,침향환골드 60환 + 쇼핑백 증정,종근당,https://www.kurly.com/goods/1000760612,61300,43,2025.05.08,어르신들 선물로 샀어요. 좋아하세요
https://www.kurly.com/categories/032009?filters=&page=1,침향환골드 60환 + 쇼핑백 증정,종근당,https://www.kurly.com/goods/1000760612,61300,43,2025.05.08,먹고 효과를 봐서 선물용으로 주문했어요
https://www.kurly.com/categories/032009?filters=&page=1,침향환골드 60환 + 쇼핑백 증정,종근당,https://www.kurly.com/goods/1000760612,61300,43,2025.05.07,어버이날 선물로 너무 좋았어요
https://www.kurly.com/categories/032009?filters=&page=1,침향환골드 60환 + 쇼핑백 증정,종근당,https://www.kurly.com/goods/1000760612,61300,43,2025.04.13,할머니 선물로 드렸는데 좋아하시네요!!
https://www.kurly.com/categories/032009?filters=&page=1,침향환골드 60환 + 쇼핑백 증정,종근당,https://www.kurly.com/goods/1000760612,61300,43,2025.04.05,선물용으로 구입했어요 더세일할때 구매했으면 좋았을텐데
https://www.kurly.com/categories/032009?filters=&page=1,침향환골드 60환 + 쇼핑백 증정,종근당,https://www.kurly.com/goods/1000760612,61300,43,2025.02.16,"요즘 부모님들 침향환 좋아해요
명절에 선물했어요"
https://www.kurly.com/categories/032009?filters=&page=1,침향환골드 60환 + 쇼핑백 증정,종근당,https://www.kurly.com/goods/1000760612,61300,43,2025.02.14,"명절에 부모님 선물드렸어요
요즘 침향환 인기가 좋아서
좋아했어요"
https://www.kurly.com/categories/032009?filters=&page=1,침향환골드 60환 + 쇼핑백 증정,종근당,https://www.kurly.com/goods/1000760612,61300,43,2025.02.07,선물로 드렸더니 좋아하시네요~~
https://www.kurly.com/categories/032009?filters=&page=1,비타민D 5000IU (120일분),리얼닥터,https://www.kurly.com/goods/1000097635,8900,1662,2024.07.12,"컬리에서 비타민d 함량이 제일 높은 제품이라 선택했습니다!
함량은 높은데 실제로 보니깐 알 크기가 엄청 작더라구요 그래서 목넘기기 정말 쉬웠어요! 

3번째 사진에 제가 먹고있는 오메가3 제품이랑 비교해도 확연히 차이가 나는 사이즈입니다. 알이 크면 장기간 꾸준히는 못 먹겠더라구요 ㅠㅠ 

개별로 포장되어있고 또 종이박스 포장이라 맘에 들어요! 
플라스틱포장이 아니라..!  

꼭 먹어야 하는 영양제중에 d, c, 마그네슘, 오메가3 등이 있는데 아무리 여름철이라도 한국사람들은 햇빛에 있을 일이 잘 없잖아요. 집순이인 저에게 딱인 제품이고 골다골증도 많이 걱정이 되어서 앞으로 꾸준히 챙겨먹고싶은 제품입니다!"
https://www.kurly.com/categories/032009?filters=&page=1,비타민D 5000IU (120일분),리얼닥터,https://www.kurly.com/goods/1000097635,8900,1662,2025.09.21,"먹던 비타민디가 떨어져
찾던중이였어요
가격이 저렴해서 바로 주문했답니다
하나더 구매할까하고 생각중이랍니다
저렴하게 몇달은 먹을수 있어 좋아요"
https://www.kurly.com/categories/032009?filters=&page=1,비타민D 5000IU (120일분),리얼닥터,https://www.kurly.com/goods/1000097635,8900,1662,2025.09.17,사실 영양제는 당장 보이는 효과가 없지만 비타민디는 꼭 챙겨줘야 한다길래 구매해봤어요
https://www.kurly.com/categories/032009?filters=&page=1,비타민D 5000IU (120일분),리얼닥터,https://www.kurly.com/goods/1000097635,8900,1662,2025.09.17,"가격이 제일 저렴하고 먹기 간편하고 
개별포장 잘 되어있어요."
https://www.kurly.com/categories/032009?filters=&page=1,비타민D 5000IU (120일분),리얼닥터,https://www.kurly.com/goods/1000097635,8900,1662,2025.09.17,비타민d 챙겨보려 주문합니다
https://www.kurly.com/categories/032009?filters=&page=1,비타민D 5000IU (120일분),리얼닥터,https://www.kurly.com/goods/1000097635,8900,1662,2025.09.16,알약 사이즈도 작고 먹기도 편해서 좋아요. 가격도 착해서 구입해봤습니다!
https://www.kurly.com/categories/032009?filters=&page=1,비타민D 5000IU (120일분),리얼닥터,https://www.kurly.com/goods/1000097635,8900,1662,2025.09.16,"가끔 좋은 가격에 세일할때 구매합니다.
효과가 있기를 바라면서 꾸준히 먹어요"
https://www.kurly.com/categories/032009?filters=&page=1,비타민D 5000IU (120일분),리얼닥터,https://www.kurly.com/goods/1000097635,8900,1662,2025.09.16,임신준비 위해서 구먀했어요
https://www.kurly.com/categories/032009?filters=&page=1,비타민D 5000IU (120일분),리얼닥터,https://www.kurly.com/goods/1000097635,8900,1662,2025.09.16,비타민D 필요한 영양소라니 꾸준히 먹어보려구요ㆍ
https://www.kurly.com/categories/032009?filters=&page=1,비타민D 5000IU (120일분),리얼닥터,https://www.kurly.com/goods/1000097635,8900,1662,2025.09.15,멀티비타민d 자주구매해요. 먹기도 편하고 함량도 높아서 좋아요.
https://www.kurly.com/categories/032009?filters=&page=1,멀티비타민 실버 포 우먼 (50일분),센트룸,https://www.kurly.com/goods/5097883,25000,420,2025.09.20,부모님 드리려고 주문했어요 좋아요~
https://www.kurly.com/categories/032009?filters=&page=1,멀티비타민 실버 포 우먼 (50일분),센트룸,https://www.kurly.com/goods/5097883,25000,420,2025.09.17,"기운이 자꾸 떨어져서 구매했어요. 
컨디션이 좋아지길 기도하면서 먹어볼께요"
https://www.kurly.com/categories/032009?filters=&page=1,멀티비타민 실버 포 우먼 (50일분),센트룸,https://www.kurly.com/goods/5097883,25000,420,2025.09.15,엄마 드리려고 주문합니다
https://www.kurly.com/categories/032009?filters=&page=1,멀티비타민 실버 포 우먼 (50일분),센트룸,https://www.kurly.com/goods/5097883,25000,420,2025.09.13,1년째 먹고 있어요
https://www.kurly.com/categories/032009?filters=&page=1,멀티비타민 실버 포 우먼 (50일분),센트룸,https://www.kurly.com/goods/5097883,25000,420,2025.09.12,기본으로 먹는 영양제입니다
https://www.kurly.com/categories/032009?filters=&page=1,멀티비타민 실버 포 우먼 (50일분),센트룸,https://www.kurly.com/goods/5097883,25000,420,2025.09.10,부모님 영양제로 좋아요
https://www.kurly.com/categories/032009?filters=&page=1,멀티비타민 실버 포 우먼 (50일분),센트룸,https://www.kurly.com/goods/5097883,25000,420,2025.09.03,꾸준히 복용하고있어요~^^좋아요
https://www.kurly.com/categories/032009?filters=&page=1,멀티비타민 실버 포 우먼 (50일분),센트룸,https://www.kurly.com/goods/5097883,25000,420,2025.09.02,떨어질때가 되서 재주문 했어요.
https://www.kurly.com/categories/032009?filters=&page=1,멀티비타민 실버 포 우먼 (50일분),센트룸,https://www.kurly.com/goods/5097883,25000,420,2025.08.28,"똑 떨어졌는데 할인받으면 가격 괜찮아서 바로 샀네요
컬리가 이래서 좋아요"
https://www.kurly.com/categories/032009?filters=&page=1,멀티비타민 실버 포 우먼 (50일분),센트룸,https://www.kurly.com/goods/5097883,25000,420,2025.08.17,몸이 많이 피곤하여 주문하여 하루 정도 섭취했는데 기분탓인지는 모르지만 조금 덜 피곤하게 느껴지네요 일단 50일 분이니 꾸준히 섭취해보려고 합니다.  가격도 저렴하고 너무조으네요 감사해요
https://www.kurly.com/categories/032009?filters=&page=1,이뮨 듀오 멀티비타맥스 2종,종근당,https://www.kurly.com/goods/1000466367,22900,71,2025.09.16,맛이 좀 특이하긴 한데 피로회복을 위해
https://www.kurly.com/categories/032009?filters=&page=1,이뮨 듀오 멀티비타맥스 2종,종근당,https://www.kurly.com/goods/1000466367,22900,71,2025.09.11,늘 먹는 제품입니다.
https://www.kurly.com/categories/032009?filters=&page=1,이뮨 듀오 멀티비타맥스 2종,종근당,https://www.kurly.com/goods/1000466367,22900,71,2025.09.02,"친구 생일선물로 주려고 주문했어요
배송 잘 왔구요
쇼핑백도 주니 선물하기 좋으네요"
https://www.kurly.com/categories/032009?filters=&page=1,이뮨 듀오 멀티비타맥스 2종,종근당,https://www.kurly.com/goods/1000466367,22900,71,2025.07.12,"사이즈가 제각각이라 문의했는데 괜찮다고 해서 먹는 중, 독일 비타민도 먹고 이것저것 먹어봤는데 이게 제일 먹어도 부담 덜됨"
https://www.kurly.com/categories/032009?filters=&page=1,이뮨 듀오 멀티비타맥스 2종,종근당,https://www.kurly.com/goods/1000466367,22900,71,2025.07.10,가격도 저렴하고 효과가 좋아 자주 주문해요
https://www.kurly.com/categories/032009?filters=&page=1,이뮨 듀오 멀티비타맥스 2종,종근당,https://www.kurly.com/goods/1000466367,22900,71,2025.07.08,잘 먹는 영양제라 컬리에서 사봤어요~
https://www.kurly.com/categories/032009?filters=&page=1,이뮨 듀오 멀티비타맥스 2종,종근당,https://www.kurly.com/goods/1000466367,22900,71,2025.06.30,선물용으로 샀습니다
https://www.kurly.com/categories/032009?filters=&page=1,이뮨 듀오 멀티비타맥스 2종,종근당,https://www.kurly.com/goods/1000466367,22900,71,2025.06.15,"건강위해 멀티비타민 구매했어요
하나씩 낱개로 되어있어 먹기 간편합니다"
https://www.kurly.com/categories/032009?filters=&page=1,이뮨 듀오 멀티비타맥스 2종,종근당,https://www.kurly.com/goods/1000466367,22900,71,2025.05.22,환절기에 감기달고사는 딸.ㅜ 면역력과 건강을위해구입요~좋아요
https://www.kurly.com/categories/032009?filters=&page=1,이뮨 듀오 멀티비타맥스 2종,종근당,https://www.kurly.com/goods/1000466367,22900,71,2025.05.21,세일해서 구매했어요 애들이 피곤한게 덜 하대요
https://www.kurly.com/categories/032009?filters=&page=1,아임비타 멀티비타민 이뮨샷 (30일분),종근당건강,https://www.kurly.com/goods/1000128737,72500,535,2024.08.03,"여름감기에 걸려서 고생했는데 아임비타 먹고 금방 나았어요!!
더운 여름에 먹으면 힘이 납니다!!"
https://www.kurly.com/categories/032009?filters=&page=1,아임비타 멀티비타민 이뮨샷 (30일분),종근당건강,https://www.kurly.com/goods/1000128737,72500,535,2024.07.05,"아임비타 멀티비타민 이뮨샷 어르신들 선물용으로 구매했어요 
액상이라 섭취하는데 편해서 좋습니다"
https://www.kurly.com/categories/032009?filters=&page=1,아임비타 멀티비타민 이뮨샷 (30일분),종근당건강,https://www.kurly.com/goods/1000128737,72500,535,2024.06.27,요즘 날씨도 더워지고 체력도 부족해서 이런저런 영양제를 먹어주며 버티고 있습니다. 그중에서 비타민은 꼭 먹어주는 편인데 종근당에서 나온 멀티비타민을 보고 궁금해서 구입했어요. 여행갔을때 매일매일 먹어줬는데 힘든 일정에도 덜 피곤해서 좋았어요. 다음에 또 구입해 보렵니다.
https://www.kurly.com/categories/032009?filters=&page=1,아임비타 멀티비타민 이뮨샷 (30일분),종근당건강,https://www.kurly.com/goods/1000128737,72500,535,2025.09.22,항상 먹는 영양제에요
https://www.kurly.com/categories/032009?filters=&page=1,아임비타 멀티비타민 이뮨샷 (30일분),종근당건강,https://www.kurly.com/goods/1000128737,72500,535,2025.09.13,추석선물로 비타민 구매. 이뮨이라 더좋겠죠. 비싸네요.
https://www.kurly.com/categories/032009?filters=&page=1,아임비타 멀티비타민 이뮨샷 (30일분),종근당건강,https://www.kurly.com/goods/1000128737,72500,535,2025.09.07,피곤한날 하나씩 먹으면 좀 나은것 같아서..
https://www.kurly.com/categories/032009?filters=&page=1,아임비타 멀티비타민 이뮨샷 (30일분),종근당건강,https://www.kurly.com/goods/1000128737,72500,535,2025.08.21,가끔 피곤할때 먹어요 굳
https://www.kurly.com/categories/032009?filters=&page=1,아임비타 멀티비타민 이뮨샷 (30일분),종근당건강,https://www.kurly.com/goods/1000128737,72500,535,2025.08.18,배송 빠르게 잘 왔어요
https://www.kurly.com/categories/032009?filters=&page=1,아임비타 멀티비타민 이뮨샷 (30일분),종근당건강,https://www.kurly.com/goods/1000128737,72500,535,2025.08.16,선물용으로 구마햤어요^.^
https://www.kurly.com/categories/032009?filters=&page=1,비타프레쉬 귤젤리 비타민C&D 3000 (46일분) 선물세트,엔젯오리진,https://www.kurly.com/goods/1001032056,23800,31,2025.01.13,"제가 먼저 먹어보고 맛있어서 설날 선물로 주문했어요.
시댁 부모님이 비타민을 너무나 좋아하셔서
딱 좋아하실것 같았어요~
새콤달콤하면서 치아에 달라 붙지 않아
70대 후반인 어머님이나 80대 초반이신 아버님도
편하고 맛있게 드실 것 같더라구요^^
비타민 C 뿐만 아니라 비타민 D까지 챙길 수 있고
지방이랑 나트륨은 0%라니
안 챙겨 먹을 수가 있나요^^
쇼핑백도 챙겨 주셔서 완전 깔끔하게 예쁜 선물용으로
제격 인 것 같아요.
남편도 선물로 드릴거 미리 주문 했놨다고 보여주니
센스 있다고 칭찬도 받았아요~
맛있게 다 드시면 제가 비타민은 항상 챙겨 드려야 겠어요. 
직접 내가 먹기도 좋고 선물용으로도 완전 최고예요!"
https://www.kurly.com/categories/032009?filters=&page=1,비타프레쉬 귤젤리 비타민C&D 3000 (46일분) 선물세트,엔젯오리진,https://www.kurly.com/goods/1001032056,23800,31,2025.01.12,친구네 설선물로 비타프레쉬 귤젤리 비타민 세트 구매해봤어요~  일단은 알약형태 아니고 젤리타입이라서 센스있어보입니다. ㅎㅎ 포장도 정성스럽고 고급지게 박스+쇼핑백으로 되어 있어서 선물용으로 좋을거 같아요. 명절때마다 쏟아지는 스팸세트니 샴푸세트니 그런거 보다 가격도 저렴하고 좋은거 같습니다. 친구가 사무실에 두고 몇일 챙겨먹었다는데 식감좋고 맛있다고 합니다. 하루3개 먹으면되는데 비타민c랑 한국인이면 거의다 부족한D가 함유되어 있어서 좋고 젤리타입인데도 불구하고 끈적임없어서 치아에 붙는거 없이 깔끔하다고 하네요 ㅎㅎ 친구네 회사 직원들이 하나씩맛보고 좋다고 해서 올 설명절 선물은 요걸로 하기로 했다고 하네요. ㅎㅎ 저도 고향집갈때 몇개더 주문해서 가려고 합니다^^
https://www.kurly.com/categories/032009?filters=&page=1,비타프레쉬 귤젤리 비타민C&D 3000 (46일분) 선물세트,엔젯오리진,https://www.kurly.com/goods/1001032056,23800,31,2025.09.21,"종이가방 신경써주세요
따로 준비하기 번거롭네요
당연히 같이 배송될줄 알고있는데 당황
스러웠어요 배송안된다고 미리 고지해주세요"
https://www.kurly.com/categories/032009?filters=&page=1,비타프레쉬 귤젤리 비타민C&D 3000 (46일분) 선물세트,엔젯오리진,https://www.kurly.com/goods/1001032056,23800,31,2025.09.19,"아니... 포장지가 안들어 있어요...
선물팩키징에 종이 봉투를 안주면 어떻게 선물하나요?
종이봉투를 팔던지요..."
https://www.kurly.com/categories/032009?filters=&page=1,비타프레쉬 귤젤리 비타민C&D 3000 (46일분) 선물세트,엔젯오리진,https://www.kurly.com/goods/1001032056,23800,31,2025.08.24,달콤 쫄깃~ 기분전환으로 좋아요~ 선물받는 기분드네요~^^
https://www.kurly.com/categories/032009?filters=&page=1,비타프레쉬 귤젤리 비타민C&D 3000 (46일분) 선물세트,엔젯오리진,https://www.kurly.com/goods/1001032056,23800,31,2025.08.23,"선물용으로 엔젤오리진 감귤 비타민 젤리 구입했어요!
새콤달콤한 감귤 맛에 비타민까지 챙길 수 있어서, 부담 없이 주기 너무 좋네요. 
포장도 깔끔하고 예쁘게 되어 있어서 별도 포장 없이 바로 선물하기 좋았고, 받는 분도 맛있고 건강한 간식이라며 만족해했어요. 아이들 간식이나 직장 , 부모님께 드리는 부담없는 건강 선물용으로 딱이에요. 재구매 의사 100%입니다."
https://www.kurly.com/categories/032009?filters=&page=1,비타프레쉬 귤젤리 비타민C&D 3000 (46일분) 선물세트,엔젯오리진,https://www.kurly.com/goods/1001032056,23800,31,2025.08.22,좋은 상품 선물했습니다 좋아요
https://www.kurly.com/categories/032009?filters=&page=1,비타프레쉬 귤젤리 비타민C&D 3000 (46일분) 선물세트,엔젯오리진,https://www.kurly.com/goods/1001032056,23800,31,2025.08.09,확실히 저는 효과를 보고 있어요 뭔지는 모르겠지만 ㅎㅎ
https://www.kurly.com/categories/032009?filters=&page=1,비타프레쉬 귤젤리 비타민C&D 3000 (46일분) 선물세트,엔젯오리진,https://www.kurly.com/goods/1001032056,23800,31,2025.07.24,상큼 달달하니 맛있고 아이들도 잘 먹네요
https://www.kurly.com/categories/032009?filters=&page=1,비타프레쉬 귤젤리 비타민C&D 3000 (46일분) 선물세트,엔젯오리진,https://www.kurly.com/goods/1001032056,23800,31,2025.05.23,감기 예방!!전 좋아요
https://www.kurly.com/categories/032009?filters=&page=1,이뮨 원샷 올인원 멀티비타민 2종,메디트리,https://www.kurly.com/goods/1000408045,16600,346,2024.05.26,"★건강한 시작은 이뮨과 함께★

최근 수술 후 회복중에 영양제를 알아보다가 이뮨을 먹어 보기로 결심했어요
제가 메디트리 이뮨 원샷 올인원 멀티비타민을 선택한 이유는 바로 함량 때문입니다.
지용성 비타민과 미네랄은 하루 딱 필요한 100% 로 맞추고 수용성 성분은 넉넉한 양으로 각자 몸에 필요한 만큼 흡수될 
수 있도록 한 것이 가장 마음에 들었습니다.
비타민k 몰리브덴 요오드도 포함되어 있어 고민하지 않고 바로 선택했습니다. 이뮨 고민하신다면 추천합니다.

1.액상은 샤인머스켓+꽃향기 알약은 크지 않아 먹기 편합니다.
2. 쇼핑백 동봉되어 선물하기 좋아요
3 약통 마개 부분 열기 편합니다."
https://www.kurly.com/categories/032009?filters=&page=1,이뮨 원샷 올인원 멀티비타민 2종,메디트리,https://www.kurly.com/goods/1000408045,16600,346,2025.09.22,가성비 좋아요 가족들용
https://www.kurly.com/categories/032009?filters=&page=1,이뮨 원샷 올인원 멀티비타민 2종,메디트리,https://www.kurly.com/goods/1000408045,16600,346,2025.09.11,가성비좋은이뮨샷이라재구매해요
https://www.kurly.com/categories/032009?filters=&page=1,이뮨 원샷 올인원 멀티비타민 2종,메디트리,https://www.kurly.com/goods/1000408045,16600,346,2025.09.08,부쩍 힘들어하는 남편을 워해
https://www.kurly.com/categories/032009?filters=&page=1,이뮨 원샷 올인원 멀티비타민 2종,메디트리,https://www.kurly.com/goods/1000408045,16600,346,2025.09.06,가격대비 괜찮아서 자주 사요
https://www.kurly.com/categories/032009?filters=&page=1,이뮨 원샷 올인원 멀티비타민 2종,메디트리,https://www.kurly.com/goods/1000408045,16600,346,2025.09.04,눈의 피로에 좋아요
https://www.kurly.com/categories/032009?filters=&page=1,이뮨 원샷 올인원 멀티비타민 2종,메디트리,https://www.kurly.com/goods/1000408045,16600,346,2025.09.03,선물드리려고 샀어여
https://www.kurly.com/categories/032009?filters=&page=1,이뮨 원샷 올인원 멀티비타민 2종,메디트리,https://www.kurly.com/goods/1000408045,16600,346,2025.08.31,하나씩 먹기 간편하고 좋아요
https://www.kurly.com/categories/032009?filters=&page=1,이뮨 원샷 올인원 멀티비타민 2종,메디트리,https://www.kurly.com/goods/1000408045,16600,346,2025.08.23,신랑이 맛있다고 해서 주문해요
https://www.kurly.com/categories/032009?filters=&page=1,이뮨 원샷 올인원 멀티비타민 2종,메디트리,https://www.kurly.com/goods/1000408045,16600,346,2025.08.14,아직 안먹어봤는데 ㅇ괜탄ㄹ늘듯
https://www.kurly.com/categories/032009?filters=&page=1,멀티비타민키즈 + V - Complex15 (12일분),비타바움,https://www.kurly.com/goods/1000569046,38900,180,2025.09.22,컬리 쇼핑백 좋아요 ㅎ
https://www.kurly.com/categories/032009?filters=&page=1,멀티비타민키즈 + V - Complex15 (12일분),비타바움,https://www.kurly.com/goods/1000569046,38900,180,2025.09.22,컬리  쇼핑백   디자인   깔끔하고  좋네요
https://www.kurly.com/categories/032009?filters=&page=1,멀티비타민키즈 + V - Complex15 (12일분),비타바움,https://www.kurly.com/goods/1000569046,38900,180,2025.09.21,선물용으로 쓰기 좋아요
https://www.kurly.com/categories/032009?filters=&page=1,멀티비타민키즈 + V - Complex15 (12일분),비타바움,https://www.kurly.com/goods/1000569046,38900,180,2025.09.21,종이백 깔끔하고 예뻐요
https://www.kurly.com/categories/032009?filters=&page=1,멀티비타민키즈 + V - Complex15 (12일분),비타바움,https://www.kurly.com/goods/1000569046,38900,180,2025.09.21,잘 받았습니다 ㅋㅎ
https://www.kurly.com/categories/032009?filters=&page=1,멀티비타민키즈 + V - Complex15 (12일분),비타바움,https://www.kurly.com/goods/1000569046,38900,180,2025.09.21,유용하게 잘 썼어요
https://www.kurly.com/categories/032009?filters=&page=1,멀티비타민키즈 + V - Complex15 (12일분),비타바움,https://www.kurly.com/goods/1000569046,38900,180,2025.09.20,제니쿠키 선물 할려고 샀는데 종이백이 없어 샀어요
https://www.kurly.com/categories/032009?filters=&page=1,멀티비타민키즈 + V - Complex15 (12일분),비타바움,https://www.kurly.com/goods/1000569046,38900,180,2025.09.20,금액채우기용 ㅎㅎ ㅋㅋ
https://www.kurly.com/categories/032009?filters=&page=1,멀티비타민키즈 + V - Complex15 (12일분),비타바움,https://www.kurly.com/goods/1000569046,38900,180,2025.09.20,쇼핑백 실용적이고 좋습니다
https://www.kurly.com/categories/032009?filters=&page=1,멀티비타민키즈 + V - Complex15 (12일분),비타바움,https://www.kurly.com/goods/1000569046,38900,180,2025.09.20,쇼핑백  심플하네요
https://www.kurly.com/categories/032009?filters=&page=1,멀티비타민 + V - Complex15 (12일분),비타바움,https://www.kurly.com/goods/1000557975,39900,47,2025.09.15,"3일정도되면 효과가 있는듯합니다. 
제재구매 합니다."
https://www.kurly.com/categories/032009?filters=&page=1,멀티비타민 + V - Complex15 (12일분),비타바움,https://www.kurly.com/goods/1000557975,39900,47,2025.08.22,활력을 위해 매일 한병씩.  좋아요.
https://www.kurly.com/categories/032009?filters=&page=1,멀티비타민 + V - Complex15 (12일분),비타바움,https://www.kurly.com/goods/1000557975,39900,47,2025.07.11,피로할땐 효과 있는거 같아 자주 구매해요
https://www.kurly.com/categories/032009?filters=&page=1,멀티비타민 + V - Complex15 (12일분),비타바움,https://www.kurly.com/goods/1000557975,39900,47,2025.07.07,건강 관리용으로 구입해 봤어요 전에 먹던건 너무 오래 먹어서 한번 바꿔보려구요
https://www.kurly.com/categories/032009?filters=&page=1,멀티비타민 + V - Complex15 (12일분),비타바움,https://www.kurly.com/goods/1000557975,39900,47,2025.07.01,양도 많지않아서 한번에먹기 좋아요
https://www.kurly.com/categories/032009?filters=&page=1,멀티비타민 + V - Complex15 (12일분),비타바움,https://www.kurly.com/goods/1000557975,39900,47,2025.06.30,음 효과가 있는지는 모르게ㅛ지만 몸생각해서 먹어요
https://www.kurly.com/categories/032009?filters=&page=1,멀티비타민 + V - Complex15 (12일분),비타바움,https://www.kurly.com/goods/1000557975,39900,47,2025.06.29,"면역력이 많이 떨어진거 같아 구매했어요!
먹기도 편하고 맛도 괜찮아요"
https://www.kurly.com/categories/032009?filters=&page=1,멀티비타민 + V - Complex15 (12일분),비타바움,https://www.kurly.com/goods/1000557975,39900,47,2025.06.19,미리미리 챙기는 비타민 좋아요
https://www.kurly.com/categories/032009?filters=&page=1,멀티비타민 + V - Complex15 (12일분),비타바움,https://www.kurly.com/goods/1000557975,39900,47,2025.06.11,비싸지만 액상이라 흡수가 빠른거 같아 좋아요
https://www.kurly.com/categories/032009?filters=&page=1,멀티비타민 + V - Complex15 (12일분),비타바움,https://www.kurly.com/goods/1000557975,39900,47,2025.06.10,피로할때 한병씩 마셔요. 좋아요.
https://www.kurly.com/categories/032009?filters=&page=1,아임비타 리포좀 비타민C (30일분),종근당건강,https://www.kurly.com/goods/1000497903,20900,80,2025.09.22,"피곤할때마다 하나씩
먹어요"
https://www.kurly.com/categories/032009?filters=&page=1,아임비타 리포좀 비타민C (30일분),종근당건강,https://www.kurly.com/goods/1000497903,20900,80,2025.09.19,"리포좀성분이 체내에 더 흡수가 잘된다고해서
구매했습니다"
https://www.kurly.com/categories/032009?filters=&page=1,아임비타 리포좀 비타민C (30일분),종근당건강,https://www.kurly.com/goods/1000497903,20900,80,2025.09.19,용량이 마음에 들어 구매해요
https://www.kurly.com/categories/032009?filters=&page=1,아임비타 리포좀 비타민C (30일분),종근당건강,https://www.kurly.com/goods/1000497903,20900,80,2025.09.17,리포좀이라 더 좋아요
https://www.kurly.com/categories/032009?filters=&page=1,아임비타 리포좀 비타민C (30일분),종근당건강,https://www.kurly.com/goods/1000497903,20900,80,2025.09.17,영양재 먹기 좋아요~~~
https://www.kurly.com/categories/032009?filters=&page=1,아임비타 리포좀 비타민C (30일분),종근당건강,https://www.kurly.com/goods/1000497903,20900,80,2025.09.11,비타민 c 상큼 상큼 피로회복
https://www.kurly.com/categories/032009?filters=&page=1,아임비타 리포좀 비타민C (30일분),종근당건강,https://www.kurly.com/goods/1000497903,20900,80,2025.09.03,알이 너무 크긴 하지만 비타민C만 들어 있어서 두번째 구매해요
https://www.kurly.com/categories/032009?filters=&page=1,아임비타 리포좀 비타민C (30일분),종근당건강,https://www.kurly.com/goods/1000497903,20900,80,2025.09.02,남편줄려고 샀는데 한알씩 톡톡 먹기 편하다고 하네요
https://www.kurly.com/categories/032009?filters=&page=1,아임비타 리포좀 비타민C (30일분),종근당건강,https://www.kurly.com/goods/1000497903,20900,80,2025.09.01,비타민 챙겨먹으려고 구매해요
https://www.kurly.com/categories/032009?filters=&page=1,쿨멜팅 리포좀 비타민C (30일분),대상웰라이프,https://www.kurly.com/goods/1000463116,27900,370,2025.09.18,아이가 시원하게 녹는다고 좋아해요
https://www.kurly.com/categories/032009?filters=&page=1,쿨멜팅 리포좀 비타민C (30일분),대상웰라이프,https://www.kurly.com/goods/1000463116,27900,370,2025.09.16,맛있어서 잘 먹게되네요 또 재구매해요
https://www.kurly.com/categories/032009?filters=&page=1,쿨멜팅 리포좀 비타민C (30일분),대상웰라이프,https://www.kurly.com/goods/1000463116,27900,370,2025.09.15,늘 구매합니다 강추해요~~~ㅎㅎㅎ
https://www.kurly.com/categories/032009?filters=&page=1,쿨멜팅 리포좀 비타민C (30일분),대상웰라이프,https://www.kurly.com/goods/1000463116,27900,370,2025.09.11,비타민 C  이제품 만 먹어요~~  샤르르 녹아버리고 맛있어요 ~
https://www.kurly.com/categories/032009?filters=&page=1,쿨멜팅 리포좀 비타민C (30일분),대상웰라이프,https://www.kurly.com/goods/1000463116,27900,370,2025.09.02,달달하니 맛있네요 피곤해서 좀 먹어볼려구요
https://www.kurly.com/categories/032009?filters=&page=1,쿨멜팅 리포좀 비타민C (30일분),대상웰라이프,https://www.kurly.com/goods/1000463116,27900,370,2025.09.01,리포좀이 흡수가 잘된다서 사봤는데 이름처럼 쿨~하게 멜팅되네요. 엄청 빨리 녹아서 신기했어요. 안 시고 레모나 비슷한 맛이에요
https://www.kurly.com/categories/032009?filters=&page=1,쿨멜팅 리포좀 비타민C (30일분),대상웰라이프,https://www.kurly.com/goods/1000463116,27900,370,2025.08.31,매번 재구매하는 비타민이에요
https://www.kurly.com/categories/032009?filters=&page=1,쿨멜팅 리포좀 비타민C (30일분),대상웰라이프,https://www.kurly.com/goods/1000463116,27900,370,2025.08.27,"”판매자에게 제품비 일부를 지원받았지만 저의 솔직한 후기입니다.“

리포좀 형태가 좋다고 하길래 궁금했는데 일반 비타민씨보다 더 좋은 것 같아요 ㅎㅎ 평소에 비타민씨 메가도스를 해서 효과를 봤는데 이건 리포좀 형태라 그런지 똑같이 피로가 줄어든 느낌이에요! 꾸준히 챙겨먹으려구요 ㅎㅎ"
https://www.kurly.com/categories/032009?filters=&page=1,쿨멜팅 리포좀 비타민C (30일분),대상웰라이프,https://www.kurly.com/goods/1000463116,27900,370,2025.08.27,넘맛나서 계속 손이가요
https://www.kurly.com/categories/032009?filters=&page=1,비타민 C 구미 (40일분),네이처메이드,https://www.kurly.com/goods/1001335260,23600,11,2025.09.10,귤모양이 넘 귀여운 주황빛깔 영양제 비타민C가 엄청 들어있을것 같은 기대가 되네요ㅎㅎ 꾸준히 섭취하겠습니다~
https://www.kurly.com/categories/032009?filters=&page=1,비타민 C 구미 (40일분),네이처메이드,https://www.kurly.com/goods/1001335260,23600,11,2025.09.06,복용후 피곤이 덜한듯해서 하나 더 구매요
https://www.kurly.com/categories/032009?filters=&page=1,비타민 C 구미 (40일분),네이처메이드,https://www.kurly.com/goods/1001335260,23600,11,2025.09.02,맛있어요 매일 두개 아이는 한알 같이먹어요 가끔 뚜껑이 안열리지만  다른 간식보다 꾸준히 먹기좋은거같아요 젤리대신 비타민젤리!
https://www.kurly.com/categories/032009?filters=&page=1,비타민 C 구미 (40일분),네이처메이드,https://www.kurly.com/goods/1001335260,23600,11,2025.08.29,새콤하네요 젤리형태라 좋아요
https://www.kurly.com/categories/032009?filters=&page=1,비타민 C 구미 (40일분),네이처메이드,https://www.kurly.com/goods/1001335260,23600,11,2025.08.29,강렬한 신맛 식감은 별루 비타민c단일구성 상품 구미 고르기 어렵네요
https://www.kurly.com/categories/032009?filters=&page=1,비타민 C 구미 (40일분),네이처메이드,https://www.kurly.com/goods/1001335260,23600,11,2025.08.28,젤리로먹으니잘챙겨먹네요
https://www.kurly.com/categories/032009?filters=&page=1,비타민 C 구미 (40일분),네이처메이드,https://www.kurly.com/goods/1001335260,23600,11,2025.08.27,후기보고 사봅니다~!
https://www.kurly.com/categories/032009?filters=&page=1,비타민 C 구미 (40일분),네이처메이드,https://www.kurly.com/goods/1001335260,23600,11,2025.07.12,"제가 원래 리뷰 안 쓰는데 이 제품 4개월째 복용중인데 효과가 너무 좋아서 후기 한번 남겨봅니다 
제가 직업특성상 영양소를 고루 갖춰서 식사를 잘 할 수 있는 직업이 아니어서 기력이 없고 집중력도 떨어지고 
매일 졸고 머리카락도 빠짐이 심했는데 이 제품을 복용한 이후로는 이런 증상들이 거짓말처럼 없어지고  쉽게 기력이 떨어지지 않네요 
브랜드는 있지만 가격이 너무 저렴해서 별 효과 없겠지 생각하고 그냥 기대 안하고 시켰는데 저한텐 효과가 너무 좋아서 놀랬어요"
https://www.kurly.com/categories/032009?filters=&page=1,비타민 C 구미 (40일분),네이처메이드,https://www.kurly.com/goods/1001335260,23600,11,2025.06.25,너무 새콤하지만 맛있어요
https://www.kurly.com/categories/032009?filters=&page=1,비타민 C 구미 (40일분),네이처메이드,https://www.kurly.com/goods/1001335260,23600,11,2025.06.12,"인생템입니다! 😍

미국에서 인지도가 매우 높은 브랜드라 믿고 구매했는데 대만족입니다:)

비타민C는 매일 챙기고 싶지만 알약은 좀 귀찮고, 가끔 속이 부담스러워서 안 챙기게 되는 날이 많았거든요. 그런데 이 구미는 그냥 간식처럼 맛있게 먹을 수 있어서 하루도 안 빼고 먹게 돼요.

뚜껑을 열자마자 상큼한 과일향이 확 올라오고, 구미 하나 먹으면 쫀득쫀득한 식감과 새콤 달콤한 맛이 정말 좋습니다. 인공적인 맛도 없구요. 아이들과 함께 드셔도 좋을 정도로 거부감 없는 맛이에요. 무엇보다 고함량이라 확실히 더 도움이 되는 것 같아요.

단점을 꼽자면 너무 맛있어서 일일섭취량보다 더 많이 먹게 된다는거?ㅋㅋㅋㅋ
여튼 추천합니다!"
https://www.kurly.com/categories/032009?filters=&page=1,비타민D3 5000 120캡슐 (120일분),솔가,https://www.kurly.com/goods/1000953977,44200,34,2025.09.17,늘 먹는 제품입니다
https://www.kurly.com/categories/032009?filters=&page=1,비타민D3 5000 120캡슐 (120일분),솔가,https://www.kurly.com/goods/1000953977,44200,34,2025.09.06,처음 샀는데 괜찮네요 추천합니다
https://www.kurly.com/categories/032009?filters=&page=1,비타민D3 5000 120캡슐 (120일분),솔가,https://www.kurly.com/goods/1000953977,44200,34,2025.09.06,처음 샀는데 괜찮네요 추천합니다
https://www.kurly.com/categories/032009?filters=&page=1,비타민D3 5000 120캡슐 (120일분),솔가,https://www.kurly.com/goods/1000953977,44200,34,2025.09.05,전엔 2200으로 먹었는데 여전히 수치가 안올라서 바꿔봅니다.
https://www.kurly.com/categories/032009?filters=&page=1,비타민D3 5000 120캡슐 (120일분),솔가,https://www.kurly.com/goods/1000953977,44200,34,2025.09.01,솔가 영양제들 돌아가며 주문해서 챙겨먹어요
https://www.kurly.com/categories/032009?filters=&page=1,비타민D3 5000 120캡슐 (120일분),솔가,https://www.kurly.com/goods/1000953977,44200,34,2025.08.14,비타민 D부족이라 장기간 먹고 있어요
https://www.kurly.com/categories/032009?filters=&page=1,비타민D3 5000 120캡슐 (120일분),솔가,https://www.kurly.com/goods/1000953977,44200,34,2025.07.19,"배송 빨라서 좋네요
원래 먹던거라서 잘 먹을거 같애요"
https://www.kurly.com/categories/032009?filters=&page=1,비타민D3 5000 120캡슐 (120일분),솔가,https://www.kurly.com/goods/1000953977,44200,34,2025.06.15,비타민 디가 부족해서 구매해요. 솔가가 좋다고해서 보다가 컬리에서 있어서 바로 배송 받을수있어서 좋았습니다. 포장도 꼼꼼하게 와서 좋았습니다.
https://www.kurly.com/categories/032009?filters=&page=1,비타민D3 5000 120캡슐 (120일분),솔가,https://www.kurly.com/goods/1000953977,44200,34,2025.06.01,함량도 높고 세일해서 가격도 좋네요
https://www.kurly.com/categories/032009?filters=&page=1,비타민D3 5000 120캡슐 (120일분),솔가,https://www.kurly.com/goods/1000953977,44200,34,2025.05.30,솔가 비타민D 꾸준히 복용하고 있습니다.
https://www.kurly.com/categories/032009?filters=&page=1,비타민 B12 500 다이렉트 2종 (택1),도펠헤르츠,https://www.kurly.com/goods/1001316184,16500,52,2025.07.18,"비타민이 좋다고들 하니까 챙겨먹긴 하는데 아는 게 비타민C밖에 없어서 C만 오래 챙겨먹었는데요. 최근에 유전자검사를 해 봤더니 저는 비타민 B12가 가장 부족하다고 나오더라구요. 어패류랑 육류에 많이 들어있다는데 저는 어패류를 아예 안 먹고 고기도 썩 좋아하진 않거든요. 
비타민B12 챙겨 먹으려고 검색하다가 독일 브랜드라길래 왠지 믿음이 가서 주문해봤습니다. 건강 관련 제품들은 개인적으로 독일 꺼가 좋더라구요. 
하루 한 포만 먹으면 되고, 알약 잘 못 삼키는 저 같은 사람들은 물없이 먹을 수 있어서 편했습니다. 그리고 정말 맛있어요. ㅎㅎ 되게 쪼끄매서 뭔 도움이 되나 싶었는데 고용량이라니까 믿고 먹어보려구요. 나이 들수록 필요한 거라고 하니까 잘 먹어보겠습니다."
https://www.kurly.com/categories/032009?filters=&page=1,비타민 B12 500 다이렉트 2종 (택1),도펠헤르츠,https://www.kurly.com/goods/1001316184,16500,52,2025.09.15,"안녕하세요. 컬리입니다.

상품이 구겨진 상태로 도착하여 실망감을 드린 점 사과드립니다.

해당 건은 배송 중 다른 상품과의 충돌이나 적재 과정에서 가해진 압력으로 인해 발생했을 가능성이 높습니다. 상품의 내용물에는 이상이 없더라도 외관 손상으로 인해 불편을 느끼셨을 점에 깊이 공감합니다.

소중한 의견 감사드리며, 더 나은 품질 제공을 위해 점검하겠습니다. 

향후 유사한 문제가 발생하지 않도록 상품 특성을 고려한 내부 완충 포장을 강화하고 배송 과정 관리를 개선하겠습니다. 

앞으로는 더 만족스러운 경험을 드릴 수 있도록 품질 관리에 최선을 다하겠습니다.

감사합니다
Better Life for All. Kurly"
https://www.kurly.com/categories/032009?filters=&page=1,비타민 B12 500 다이렉트 2종 (택1),도펠헤르츠,https://www.kurly.com/goods/1001316184,16500,52,2025.09.12,좋아요 건강해집시다
https://www.kurly.com/categories/032009?filters=&page=1,비타민 B12 500 다이렉트 2종 (택1),도펠헤르츠,https://www.kurly.com/goods/1001316184,16500,52,2025.08.29,감사합니다 잘먹었습니다 컬리
https://www.kurly.com/categories/032009?filters=&page=1,비타민 B12 500 다이렉트 2종 (택1),도펠헤르츠,https://www.kurly.com/goods/1001316184,16500,52,2025.08.22,간편하게 물 없이 먹을 수 있어서 괜찮네요
https://www.kurly.com/categories/032009?filters=&page=1,비타민 B12 500 다이렉트 2종 (택1),도펠헤르츠,https://www.kurly.com/goods/1001316184,16500,52,2025.07.30,"임신을 준비하면서 엽산을 꾸준히 먹고 있었는데, 엽산 대사에 도움이 되는 고함량 비타민 B12 제품이라 해서 함께 챙기기 시작했어요. 도펠헤르츠 비타민 B12 500은 맛도 좋고, 가루 형태라 입에 넣으면 금방 녹아서 물 없이도 부담 없이 먹을 수 있어요.

약처럼 억지로 먹는 느낌이 아니라서 간식처럼 챙기게 되고, 하루 중 어느 타이밍이든 간편하게 섭취 가능하니까 꾸준히 먹기에 딱이에요. 보조식품 하나 더 추가한 건데, 훨씬 건강하게 준비하고 있다는 느낌이 들어서 만족도 높아요. 재구매 의사 있습니다!"
https://www.kurly.com/categories/032009?filters=&page=1,비타민 B12 500 다이렉트 2종 (택1),도펠헤르츠,https://www.kurly.com/goods/1001316184,16500,52,2025.07.30,"임신중이라 간단하게 먹을 수 있는 비타민을 찾다 먹게 되었어요.
엽산 대사에 필요한 비타민이고, 간편하게 한포로 채울 수 있어서 다른 영양제보다 손이 더 잘가더라구요.
외출할땐 한포씩 챙겨 다니니까 챙기기 부담이 없어서 꼬박꼬박 더 잘 먹게 되네요.
상큼한 맛이라 거부감도 없고 열심히 먹어보려구요~"
https://www.kurly.com/categories/032009?filters=&page=1,비타민 B12 500 다이렉트 2종 (택1),도펠헤르츠,https://www.kurly.com/goods/1001316184,16500,52,2025.07.30,"요즘더워서 그런지 피로가 가시지않고 축축 쳐져서 고함량비타민으로 구입했어요..
사실 다이어트 중이기도해서 고함량 B12가들어있는 이제품은  저에게는 딱 좋은 영양제입니다. 고기를 안좋아하는 사람에게는 더좋은 제품이에요
전 알약은 너무나 먹기싫어서 처음으로 과립형을 구입했는데 청소년 아이들도 먹기편해서 저도 아이들도 잘먹고있어요
가루가 입안에서 시원하게바로녹고 작은스틱형이라 가지고다니기 편해 물없이도 먹을수있어 너무 편해요
바로재구입합니다."
https://www.kurly.com/categories/032009?filters=&page=1,비타민 B12 500 다이렉트 2종 (택1),도펠헤르츠,https://www.kurly.com/goods/1001316184,16500,52,2025.07.30,"불규칙한 식단때문에 비타민b12는 처음 챙겨먹어봤는데
입에서 사르르 녹는 가루 오렌지석류맛인데 굉장히 상큼하고 맛있네용 ㅋ 자꾸 먹고싶은 맛 ㅋ
비타민 B12는 육류, 고등어, 연어 등 동물성 식품에 함유된 비타민이라
다이어트할때 챙겨먹기 좋은듯요 :D"
https://www.kurly.com/categories/032009?filters=&page=1,비타민 B12 500 다이렉트 2종 (택1),도펠헤르츠,https://www.kurly.com/goods/1001316184,16500,52,2025.07.29,"도펠헤르츠 비타민 B12는 고함량이라 하루 한 알만으로 충분해서 편하고 좋아요. 꾸준히 먹으니 피로감도 덜하고 집중력도 좋아진 느낌이에요. 알약 크기도 작아서 목 넘김이 편하고, 냄새나 맛도 거의 없어서 거부감 없이 먹을 수 있어요. 간편하게 비타민 B12 보충하고 싶은 분들께 추천해요!"
https://www.kurly.com/categories/032009?filters=&page=1,모닝 멀티비타민(열대과일맛) 14포 x 6개,메리루스,https://www.kurly.com/goods/1001378222,138000,23,2025.08.25,간편하고 휴대하기도 좋고 냄새도 좋아요
https://www.kurly.com/categories/032009?filters=&page=1,모닝 멀티비타민(열대과일맛) 14포 x 6개,메리루스,https://www.kurly.com/goods/1001378222,138000,23,2025.08.22,아침에 아이들 챙겨먹기 편하고 맛있어요
https://www.kurly.com/categories/032009?filters=&page=1,모닝 멀티비타민(열대과일맛) 14포 x 6개,메리루스,https://www.kurly.com/goods/1001378222,138000,23,2025.08.19,"할인 있을때만 살수 있어요 
액상이라 먹기 편하고 휴대도 좋아요
여름엔 살짝 얼리기도 해요"
https://www.kurly.com/categories/032009?filters=&page=1,모닝 멀티비타민(열대과일맛) 14포 x 6개,메리루스,https://www.kurly.com/goods/1001378222,138000,23,2025.07.26,메리루스 파우치형 비타민 간편하게 섭취할수 있어 좋아요
https://www.kurly.com/categories/032009?filters=&page=1,모닝 멀티비타민(열대과일맛) 14포 x 6개,메리루스,https://www.kurly.com/goods/1001378222,138000,23,2025.07.22,아이가 맛있어서 잘 먹네요 낱개포장이라 학교갈때 챙겨주면 가지고도 갑니다
https://www.kurly.com/categories/032009?filters=&page=1,모닝 멀티비타민(열대과일맛) 14포 x 6개,메리루스,https://www.kurly.com/goods/1001378222,138000,23,2025.07.22,"모닝 멀티비타민
새콤달콤 맛있어요"
https://www.kurly.com/categories/032009?filters=&page=1,모닝 멀티비타민(열대과일맛) 14포 x 6개,메리루스,https://www.kurly.com/goods/1001378222,138000,23,2025.07.06,막 맛있지는 않았지만 간편하게 먹을 수 있어 좋았어요
https://www.kurly.com/categories/032009?filters=&page=1,모닝 멀티비타민(열대과일맛) 14포 x 6개,메리루스,https://www.kurly.com/goods/1001378222,138000,23,2025.06.29,제가 먹어보고 싶은 걸로 선물했어요.
https://www.kurly.com/categories/032009?filters=&page=1,모닝 멀티비타민(열대과일맛) 14포 x 6개,메리루스,https://www.kurly.com/goods/1001378222,138000,23,2025.06.24,"휴대용이라 좋네요
회사에 싸가서 아침에 쥬스에 타먹어요
몰랐는데 후기보니
병에든것과 성분이 다르다고..
뭘까요"
https://www.kurly.com/categories/032009?filters=&page=1,모닝 멀티비타민(열대과일맛) 14포 x 6개,메리루스,https://www.kurly.com/goods/1001378222,138000,23,2027.01.09,"2027.01.09까지
나이트용이 더 맛있긴하네요
등교하는 딸내미 챙겨줍니다
딱 한모금용이라 먹을만해요"
https://www.kurly.com/categories/032009?filters=&page=1,아이젠샷 1박스(10일분),로트벡쉔,https://www.kurly.com/goods/1001397406,59000,21,2025.09.15,몀역력 떨어졌을때 딱
https://www.kurly.com/categories/032009?filters=&page=1,아이젠샷 1박스(10일분),로트벡쉔,https://www.kurly.com/goods/1001397406,59000,21,2025.09.11,로트백쉔  효과 좋아요. 이번엔 아이젠샷으.로 샀어요
https://www.kurly.com/categories/032009?filters=&page=1,아이젠샷 1박스(10일분),로트벡쉔,https://www.kurly.com/goods/1001397406,59000,21,2025.09.03,힘없을때 마시면 굿
https://www.kurly.com/categories/032009?filters=&page=1,아이젠샷 1박스(10일분),로트벡쉔,https://www.kurly.com/goods/1001397406,59000,21,2025.08.22,힘들때 하나씩 먹으면 힘이나는느낌
https://www.kurly.com/categories/032009?filters=&page=1,아이젠샷 1박스(10일분),로트벡쉔,https://www.kurly.com/goods/1001397406,59000,21,2025.08.15,철분 보충 하려고 샀어요. 쇠맛이 나는게 신기한데 먹기 편해요.
https://www.kurly.com/categories/032009?filters=&page=1,아이젠샷 1박스(10일분),로트벡쉔,https://www.kurly.com/goods/1001397406,59000,21,2025.08.10,"생리빈혈로 피로감이 심해서 주문해봤어요 후기도 괜찮아서,"
https://www.kurly.com/categories/032009?filters=&page=1,아이젠샷 1박스(10일분),로트벡쉔,https://www.kurly.com/goods/1001397406,59000,21,2025.07.23,"철분필요한 딸이랑 나를위해 구매
뒷맛에 쇠맛이 좀 나네요"
https://www.kurly.com/categories/032009?filters=&page=1,아이젠샷 1박스(10일분),로트벡쉔,https://www.kurly.com/goods/1001397406,59000,21,2025.07.12,효과 기대해 보려구요
https://www.kurly.com/categories/032009?filters=&page=1,아이젠샷 1박스(10일분),로트벡쉔,https://www.kurly.com/goods/1001397406,59000,21,2025.07.12,빈혈기가 심해서 계속 먹어보려구요
https://www.kurly.com/categories/032009?filters=&page=1,아이젠샷 1박스(10일분),로트벡쉔,https://www.kurly.com/goods/1001397406,59000,21,2025.07.10,온 가족이 잘 먹고 있어요 :) 고기 잘 안먹는 28개월 아기한테 한 병을 삼~사 일에 나눠 먹이고 엄마아빠는 한 병씩 호로록 마시네요! 맛도 좋고 철분 맛도 나서 신기해요! 비싼만큼 효과가 좋았으면 좋겠네요!
https://www.kurly.com/categories/032009?filters=&page=1,오쏘몰 이뮨(30일분)+토트백 세트,오쏘몰X해리스트위드,https://www.kurly.com/goods/1001557988,159000,100,,"주간 베스트 후기로 선정 시 5,000원 추가 적립 사진후기 100원, 글후기 50원 적립 동일 상품의 후기는 월 1회만 적립금을 지급 해드립니다. 후기 작성 후 일주일 이내에 적립금이 지급됩니다. 자세히 보기"
https://www.kurly.com/categories/032009?filters=&page=1,멀티비타민틴즈 + V - Complex15 (30일분),비타바움,https://www.kurly.com/goods/1001436070,95200,1,2025.08.11,좋다고 해서 사봤어요  면역력키우기
https://www.kurly.com/categories/032009?filters=&page=1,비타민 D3 1000 IU 구미 (60일분),허벌랜드,https://www.kurly.com/goods/5052888,18900,1497,2025.09.22,아이가 좋아해서 약 먹이기 수월해요
https://www.kurly.com/categories/032009?filters=&page=1,비타민 D3 1000 IU 구미 (60일분),허벌랜드,https://www.kurly.com/goods/5052888,18900,1497,2025.09.16,구미라서 아이도  잘 먹어요
https://www.kurly.com/categories/032009?filters=&page=1,비타민 D3 1000 IU 구미 (60일분),허벌랜드,https://www.kurly.com/goods/5052888,18900,1497,2025.09.13,급하게 주문했어요 젤리라서 맛있게 먹을 수 있어서 좋아요
https://www.kurly.com/categories/032009?filters=&page=1,비타민 D3 1000 IU 구미 (60일분),허벌랜드,https://www.kurly.com/goods/5052888,18900,1497,2025.09.12,"먹고깜놀
맛잇름!!
성분과 당분 보고 구먀했어영"
https://www.kurly.com/categories/032009?filters=&page=1,비타민 D3 1000 IU 구미 (60일분),허벌랜드,https://www.kurly.com/goods/5052888,18900,1497,2025.09.11,늘주문하는품목 꾸준히 먹고있어요
https://www.kurly.com/categories/032009?filters=&page=1,비타민 D3 1000 IU 구미 (60일분),허벌랜드,https://www.kurly.com/goods/5052888,18900,1497,2025.09.09,"젤리 맛있어서 먹어요
식물성이라 좋음"
https://www.kurly.com/categories/032009?filters=&page=1,비타민 D3 1000 IU 구미 (60일분),허벌랜드,https://www.kurly.com/goods/5052888,18900,1497,2025.09.01,"아이가 먹을만한 비타민d를 찾다가... 구미로 되어있어서 구매해봤습니다. 구미라 아이가 먹기 편하고 맛도 괜찮아요. 딸기,오렌지,레몬으로 3가지 맛이고 일단 먹기 편해서 다 먹으면 또 구매할 생각입니다."
https://www.kurly.com/categories/032009?filters=&page=1,비타민 D3 1000 IU 구미 (60일분),허벌랜드,https://www.kurly.com/goods/5052888,18900,1497,2025.08.13,"맛도좋고 
아이가 잘챙겨먹어서
두번째 구매했습니다"
https://www.kurly.com/categories/032009?filters=&page=1,비타민 D3 1000 IU 구미 (60일분),허벌랜드,https://www.kurly.com/goods/5052888,18900,1497,2025.07.29,하루 용량이 적당한거 같아서 구입해서 먹고 있어요 젤리라서 맛있어요 항상 빠른배송 해주셔서 감사합니다
https://www.kurly.com/categories/032009?filters=&page=1,비타민 D3 1000 IU 구미 (60일분),허벌랜드,https://www.kurly.com/goods/5052888,18900,1497,2025.07.25,아이한테 잘 맞아서 또 주문
https://www.kurly.com/categories/032009?filters=&page=1,여성 멀티 선물세트(여성멀티비타민60일분+오메가3 60일분),솔가,https://www.kurly.com/goods/1000953969,78720,2,2025.01.07,"침대 머리 맡에 두고 매일 챙겨먹는 솔가 영양제.
배송도 빠르고 너무 편했습니다. 
컬리 없으면 어떻게 살려나몰라요. ^^"
https://www.kurly.com/categories/032009?filters=&page=1,여성 멀티 선물세트(여성멀티비타민60일분+오메가3 60일분),솔가,https://www.kurly.com/goods/1000953969,78720,2,2025.01.06,선물했어요 쇼핑백이 따로 안와서 불편했어요ㅠ쇼핑백도 같이 구성으로 나오면 좋겠네요
https://www.kurly.com/categories/032009?filters=&page=1,아임비타 면역비타민C1000 60포 1박스 (1개월분),종근당건강,https://www.kurly.com/goods/1000154408,18900,124,2025.09.07,"다른 제품은 박스에 담겨 왔는데, 이거는 회색 비닐에 담겨 현관 앞에 있네요.
제품이 조금 찌그러져있지만 내용물은 괜찮구요."
https://www.kurly.com/categories/032009?filters=&page=1,아임비타 면역비타민C1000 60포 1박스 (1개월분),종근당건강,https://www.kurly.com/goods/1000154408,18900,124,2025.08.28,잘먹고 있어요 효과있기를
https://www.kurly.com/categories/032009?filters=&page=1,아임비타 면역비타민C1000 60포 1박스 (1개월분),종근당건강,https://www.kurly.com/goods/1000154408,18900,124,2025.08.27,"자주 구매하는 제품입니다.
쓰임이 많아서 좋아요.."
https://www.kurly.com/categories/032009?filters=&page=1,아임비타 면역비타민C1000 60포 1박스 (1개월분),종근당건강,https://www.kurly.com/goods/1000154408,18900,124,2025.08.26,"약은 잘못 먹는데 비타민이 절실한 40대라
이거저거 먹어보다 한번 사봤는데
제입엔 이게 그나마 나은듯
상큼한고 시원달달"
https://www.kurly.com/categories/032009?filters=&page=1,아임비타 면역비타민C1000 60포 1박스 (1개월분),종근당건강,https://www.kurly.com/goods/1000154408,18900,124,2025.08.24,"목이 아프다길래 면역력도 챙기고 종근당이라 믿고 주문했어요 ~ 물건 받아 한포씩 먹었는데 맛있네요
앞으로 아침에 등교할때 챙겨주려구요ㅎ"
https://www.kurly.com/categories/032009?filters=&page=1,아임비타 면역비타민C1000 60포 1박스 (1개월분),종근당건강,https://www.kurly.com/goods/1000154408,18900,124,2025.08.17,양도 많고 효과도 좋아요
https://www.kurly.com/categories/032009?filters=&page=1,아임비타 면역비타민C1000 60포 1박스 (1개월분),종근당건강,https://www.kurly.com/goods/1000154408,18900,124,2025.08.17,오랜만에 주문해 봅니다. 비타민씨는 가루로 된 포가 제일 좋아요.
https://www.kurly.com/categories/032009?filters=&page=1,아임비타 면역비타민C1000 60포 1박스 (1개월분),종근당건강,https://www.kurly.com/goods/1000154408,18900,124,2025.08.13,건강 챙기기 좋아요!
https://www.kurly.com/categories/032009?filters=&page=1,아임비타 면역비타민C1000 60포 1박스 (1개월분),종근당건강,https://www.kurly.com/goods/1000154408,18900,124,2025.08.09,건강 좀 챙겨볼까하고 구매햇어요
https://www.kurly.com/categories/032009?filters=&page=1,아임비타 면역비타민C1000 60포 1박스 (1개월분),종근당건강,https://www.kurly.com/goods/1000154408,18900,124,2025.07.21,비타민 C 상큼하고 맛있어요
https://www.kurly.com/categories/032009?filters=&page=1,"액상 멀티비타민 미네랄 모닝/나이트 (32일분) 2종 택1 (라즈베리,파인애플맛)",메리루스,https://www.kurly.com/goods/1001089471,78000,43,2025.07.27,먹기 편해서 잘 먹고 있어요
https://www.kurly.com/categories/032009?filters=&page=1,"액상 멀티비타민 미네랄 모닝/나이트 (32일분) 2종 택1 (라즈베리,파인애플맛)",메리루스,https://www.kurly.com/goods/1001089471,78000,43,2025.06.30,"요즘 기운이 좀 딸렸는데, 어떤 비타민을 좀 사먹을~까~ 하다 마시는 비타민 너므 편리해서 사봤는데 참 좋네요! 활력에 도움이 되고 맛도 마실만 해요~!"
https://www.kurly.com/categories/032009?filters=&page=1,"액상 멀티비타민 미네랄 모닝/나이트 (32일분) 2종 택1 (라즈베리,파인애플맛)",메리루스,https://www.kurly.com/goods/1001089471,78000,43,2025.06.26,달달하니 맛있어요. 약간 걸죽하긴 한데요. 먹는데 어렵거나 하진 않아요. 건강에 좋다고 하니 꾸준히 먹고 있어요.
https://www.kurly.com/categories/032009?filters=&page=1,"액상 멀티비타민 미네랄 모닝/나이트 (32일분) 2종 택1 (라즈베리,파인애플맛)",메리루스,https://www.kurly.com/goods/1001089471,78000,43,2025.06.08,"맛있고 섭취가 편해요
아침에 그냥 먹어도 속에 예민하지 않게 다가오고
조금 녹진하긴 하지만 괜찮아요
빈속에 먹기에 좋아요"
https://www.kurly.com/categories/032009?filters=&page=1,"액상 멀티비타민 미네랄 모닝/나이트 (32일분) 2종 택1 (라즈베리,파인애플맛)",메리루스,https://www.kurly.com/goods/1001089471,78000,43,2025.06.08,액상형 비타민이라 먹기 편하고 맛도 비리지 않아서 너무 좋아요. 게다가 아침을 활기차게 시작할 수 있도록 도와주는 비타민이라 만족스럽네요. 양도 많아서 오래 먹을 수 있을거 같아요.
https://www.kurly.com/categories/032009?filters=&page=1,"액상 멀티비타민 미네랄 모닝/나이트 (32일분) 2종 택1 (라즈베리,파인애플맛)",메리루스,https://www.kurly.com/goods/1001089471,78000,43,2025.06.08,멀티비타민 소분된 거 먹어보고 맛있어서 다른 맛 대용량으로 주문했어요! 탄산수에 타먹으면 너무 맛있어요~!! 부담스럽지 않은 맛이라 기존 농축된 액상비타민에 거부감 있으신 분이 드시기 좋을듯합니다
https://www.kurly.com/categories/032009?filters=&page=1,"액상 멀티비타민 미네랄 모닝/나이트 (32일분) 2종 택1 (라즈베리,파인애플맛)",메리루스,https://www.kurly.com/goods/1001089471,78000,43,2025.06.08,액상 비타민이라서 먹기 편해요. 어린아이부터 먹을 수 있는 제품이라 온 가족이 함께 먹고 있어요. 나이트 비타민은 파인애플 맛이라 맛 개인적으로는 모닝 비타민 보다 맛있어요. 실내 위주로 생활하고 있는 저희 가족에겐 비타민D가 함유되어 있어 제가 꼭 챙겨 먹이는 중이에요. 가격은 비싼 편이지만 장점이 많아 재구매 예정이에요.
https://www.kurly.com/categories/032009?filters=&page=1,"액상 멀티비타민 미네랄 모닝/나이트 (32일분) 2종 택1 (라즈베리,파인애플맛)",메리루스,https://www.kurly.com/goods/1001089471,78000,43,2025.06.08,"액상 멀티비타민에 관심이 생겨 찾던 중 32일분치를 한번에 구매할 수 있는 메리루스 제품을 구매하게 되었어요 

저는 아침에 잘 못 챙겨먹는 성격이라 나이트 버전으로 구매했는데요 자기 전 30ml 먹어주면 됩니다

맛은 파인애플맛인데 엄청 달지 않고 적당히 파인애플향이 나면서 미끄러운듯한 느낌이 들어요

아직 챙겨먹은지 며칠 되지 않아 자고 일어났을때 약간 상쾌한 느낌 정도만 들어요 그래서 꾸준히 먹으면 좋은 영향이 생길 거라 믿고 있어요 ㅎㅎ"
https://www.kurly.com/categories/032009?filters=&page=1,"액상 멀티비타민 미네랄 모닝/나이트 (32일분) 2종 택1 (라즈베리,파인애플맛)",메리루스,https://www.kurly.com/goods/1001089471,78000,43,2025.06.06,"메리루스 액상 비타민 제품은 홈쇼핑에서 처음봤는데, 컬리에서 만나니 반갑드라구요. 나이트는 잠자기 전에 한잔 마시고 자면되서 간편하네요. 맛이 달큰한데, 당이 제로라고 하니 맘놓고 먹을 수 있겠네요. 가격이 좀 비싼것 같아요. 그래도 가격이 비싼 만큼 믿을 수 있는 성분이라고 하니 믿고 꾸준히 먹어 보려고 합니다.  액상이라서 알약보다 흡수가 더 빠르겠죠?"
https://www.kurly.com/categories/032009?filters=&page=1,"액상 멀티비타민 미네랄 모닝/나이트 (32일분) 2종 택1 (라즈베리,파인애플맛)",메리루스,https://www.kurly.com/goods/1001089471,78000,43,2025.06.04,"밤마다 꾸준히 먹으려고 주문했어요
계량컵은 따로 같이 안오구 
제 계량컵에 30ml씩 먹고있어요 ! 
많이 단편이고 파인애플맛이 좋아요! 
꾸준히 먹어봐야겠어요!"
https://www.kurly.com/categories/032009?filters=&page=1,복숭아맛구미 비타민C&D 3000 (33일분),닥터브라이언,https://www.kurly.com/goods/5144844,16800,477,2024.03.29,"젤리를 먹고 싶어하는 초등아이, 이가 잘 썪어서 고민인 엄마^^ 그래서 아빠가 아이디어를 냈습니다.
영양제 젤리ㅎㅎ

유아일 땐 자주 먹었었는데 한동안 잊고 있던 영양제 젤리...초등이 되어서 오랜만에 먹어보더니 정말 맛있다네요.

젤리를 맘놓고 먹을 수 있어서 좋고 좋아하는 복숭아맛이어서 더 좋다네요. 복숭아향도 천연이어서 좋아요.
크기는 아이 손에 올라가 있는 정도입니다.
성분도 좋고 안심하고 먹을 수 있어서 좋습니다.
총100개이고  1회에 1개씩 3번 먹으면 된다네요...
너무 맛있어서 3개씩 먹고싶어 하지만 꾹 참고 1개씩 먹입니다. ㅎㅎ"
https://www.kurly.com/categories/032009?filters=&page=1,복숭아맛구미 비타민C&D 3000 (33일분),닥터브라이언,https://www.kurly.com/goods/5144844,16800,477,2025.09.20,두 번 사먹었는데 맛은 괜찮지만 설탕 묻어있는 종류는 왠지 이가 썩는 느낌이에요. 다음엔 다른 종류로 사보려고요.
https://www.kurly.com/categories/032009?filters=&page=1,복숭아맛구미 비타민C&D 3000 (33일분),닥터브라이언,https://www.kurly.com/goods/5144844,16800,477,2025.09.16,젤리를 좋아해서 재구매 했어요
https://www.kurly.com/categories/032009?filters=&page=1,복숭아맛구미 비타민C&D 3000 (33일분),닥터브라이언,https://www.kurly.com/goods/5144844,16800,477,2025.09.09,간단 비타민 섭취로 좋아요
https://www.kurly.com/categories/032009?filters=&page=1,복숭아맛구미 비타민C&D 3000 (33일분),닥터브라이언,https://www.kurly.com/goods/5144844,16800,477,2025.09.08,구매하기잘한거같아요 재구매의사완전있어용!!!👏👏강츄
https://www.kurly.com/categories/032009?filters=&page=1,복숭아맛구미 비타민C&D 3000 (33일분),닥터브라이언,https://www.kurly.com/goods/5144844,16800,477,2025.09.04,비타민 C와 D를 편리하게 섭취!!
https://www.kurly.com/categories/032009?filters=&page=1,복숭아맛구미 비타민C&D 3000 (33일분),닥터브라이언,https://www.kurly.com/goods/5144844,16800,477,2025.09.02,감사합니다 맘에들어요 번창하세요 맘에들어요 ㅎㅎ 네 알겠습니다.
https://www.kurly.com/categories/032009?filters=&page=1,복숭아맛구미 비타민C&D 3000 (33일분),닥터브라이언,https://www.kurly.com/goods/5144844,16800,477,2025.08.25,할인중이라 좀 더 저럼한 가격으로 구매해서 좋아요
https://www.kurly.com/categories/032009?filters=&page=1,복숭아맛구미 비타민C&D 3000 (33일분),닥터브라이언,https://www.kurly.com/goods/5144844,16800,477,2025.08.15,먹기도 편하고 맛있어요!!
https://www.kurly.com/categories/032009?filters=&page=1,복숭아맛구미 비타민C&D 3000 (33일분),닥터브라이언,https://www.kurly.com/goods/5144844,16800,477,2025.08.12,여름이라서 오히려 더워 밖에 안 나갈려고 하게 되서 비타민 D 챙겨 먹었습니다.
https://www.kurly.com/categories/032009?filters=&page=1,멀티비타민 미네랄구미 (60일분),세노비스,https://www.kurly.com/goods/5135822,18850,647,2025.09.10,빠른 배송 감사합니다.
https://www.kurly.com/categories/032009?filters=&page=1,멀티비타민 미네랄구미 (60일분),세노비스,https://www.kurly.com/goods/5135822,18850,647,2025.09.10,온가족이 늘 챙기는 영양제 구미라 알약 삼키지 못하는 나에게는 최고 청포도맛이 상큼합니다~
https://www.kurly.com/categories/032009?filters=&page=1,멀티비타민 미네랄구미 (60일분),세노비스,https://www.kurly.com/goods/5135822,18850,647,2025.09.08,맛있게 영양을 챙겨서 좋아요.
https://www.kurly.com/categories/032009?filters=&page=1,멀티비타민 미네랄구미 (60일분),세노비스,https://www.kurly.com/goods/5135822,18850,647,2025.09.06,음.. 기대에는 못미치는 약 특유의 향이 젤리에 배여있지만 알약 먹으면 속이 울렁거려서 구매하고 먹는 중인데 그래도 먹을만 합니다. 엄청 맛있진ㅋㅋ 않아요
https://www.kurly.com/categories/032009?filters=&page=1,멀티비타민 미네랄구미 (60일분),세노비스,https://www.kurly.com/goods/5135822,18850,647,2025.09.02,두번째구매~~  젤리 하나로  건강챙기니  좋아요^^
https://www.kurly.com/categories/032009?filters=&page=1,멀티비타민 미네랄구미 (60일분),세노비스,https://www.kurly.com/goods/5135822,18850,647,2025.08.21,잘 먹고 있어요 . 맛있어요
https://www.kurly.com/categories/032009?filters=&page=1,멀티비타민 미네랄구미 (60일분),세노비스,https://www.kurly.com/goods/5135822,18850,647,2025.08.21,영양제가 맛까지 좋네여
https://www.kurly.com/categories/032009?filters=&page=1,멀티비타민 미네랄구미 (60일분),세노비스,https://www.kurly.com/goods/5135822,18850,647,2025.08.19,쫄깃하고 맛있어요~~~~
https://www.kurly.com/categories/032009?filters=&page=1,멀티비타민 미네랄구미 (60일분),세노비스,https://www.kurly.com/goods/5135822,18850,647,2025.08.15,비타민을 편하고 맛있게 먹을 수 있어 좋아요
https://www.kurly.com/categories/032009?filters=&page=1,멀티비타민 미네랄구미 (60일분),세노비스,https://www.kurly.com/goods/5135822,18850,647,2025.08.15,아이가 잘 먹네요 다른 구미에 비해 덜 달아서 좋아요
https://www.kurly.com/categories/032009?filters=&page=1,리프레C 메가 비타민3000 (90포),광동생활건강,https://www.kurly.com/goods/1001027291,14900,310,2025.08.22,"■제품명: 광동 리프레C 3000mg
■내용량: 3g* 30포 (270g)
■원료명및 함량: 비타민C 3000mg /1일 섭취량 당
■제품유형: 건강기능식품
■소비기한 : 2027년 5월18일까지

※비타민C는
-항산화작용을 하여 유해산소로부터 세포를 보호하는데 필요
-철의 흡수에 필요
-결합조직 형성과 기능유지에필요

안녕하세요~ 내돈내산 후기입니다~
갑상선암 수술후 혈액내 염증 수치가 높다고하여
염증 낮추는데 몸에 좋은 영양제 알아보던중 비타민C가 좋다고 하여 구매했어요~ 
비타민C종류가 여러가지라서 고민했는데 알약보다 가루가 흡수가 잘된다고 추천해주셔서
광동 리프레c 메가비타민을 구매했어요^^
가격도 좋고 물에 타서 먹으니 먹기도 편하고 좋네요~~
꾸준히 먹어서 염증수치 낮추고 건강한 몸 갖고싶네요~^^"
https://www.kurly.com/categories/032009?filters=&page=1,리프레C 메가 비타민3000 (90포),광동생활건강,https://www.kurly.com/goods/1001027291,14900,310,2025.09.21,메가도스 하시는 분에게 추천해요.
https://www.kurly.com/categories/032009?filters=&page=1,리프레C 메가 비타민3000 (90포),광동생활건강,https://www.kurly.com/goods/1001027291,14900,310,2025.09.21,비타민C 만 있어서 좋네요
https://www.kurly.com/categories/032009?filters=&page=1,리프레C 메가 비타민3000 (90포),광동생활건강,https://www.kurly.com/goods/1001027291,14900,310,2025.09.20,비타민C가 건강에 좋다하여 구매합니다
https://www.kurly.com/categories/032009?filters=&page=1,리프레C 메가 비타민3000 (90포),광동생활건강,https://www.kurly.com/goods/1001027291,14900,310,2025.09.19,피로가 회복되는 느낌 물에 희석해서 먹어야돼요~!
https://www.kurly.com/categories/032009?filters=&page=1,리프레C 메가 비타민3000 (90포),광동생활건강,https://www.kurly.com/goods/1001027291,14900,310,2025.09.10,잘 먹고있어요 싸고 좋은거 같아요
https://www.kurly.com/categories/032009?filters=&page=1,리프레C 메가 비타민3000 (90포),광동생활건강,https://www.kurly.com/goods/1001027291,14900,310,2025.08.29,메가도스 시 활용하게 좋아요.
https://www.kurly.com/categories/032009?filters=&page=1,리프레C 메가 비타민3000 (90포),광동생활건강,https://www.kurly.com/goods/1001027291,14900,310,2025.08.27,피곤할 때 한 포 씩 먹으면 피곤이 덜한 것 같아요
https://www.kurly.com/categories/032009?filters=&page=1,리프레C 메가 비타민3000 (90포),광동생활건강,https://www.kurly.com/goods/1001027291,14900,310,2025.08.26,감사합니다 잘받았습니다
https://www.kurly.com/categories/032009?filters=&page=1,리프레C 메가 비타민3000 (90포),광동생활건강,https://www.kurly.com/goods/1001027291,14900,310,2025.08.23,가성비 최고의 비타민c입니다.부담없이 먹을수 있어서 좋아요.
https://www.kurly.com/categories/032009?filters=&page=1,모닝 멀티비타민(열대과일맛) 14포,메리루스,https://www.kurly.com/goods/1001159095,25000,20,2025.08.22,아침에 아이들 챙겨먹기 편하고 맛있어요
https://www.kurly.com/categories/032009?filters=&page=1,모닝 멀티비타민(열대과일맛) 14포,메리루스,https://www.kurly.com/goods/1001159095,25000,20,2025.08.19,"할인 있을때만 살수 있어요 
액상이라 먹기 편하고 휴대도 좋아요
여름엔 살짝 얼리기도 해요"
https://www.kurly.com/categories/032009?filters=&page=1,모닝 멀티비타민(열대과일맛) 14포,메리루스,https://www.kurly.com/goods/1001159095,25000,20,2025.07.26,메리루스 파우치형 비타민 간편하게 섭취할수 있어 좋아요
https://www.kurly.com/categories/032009?filters=&page=1,모닝 멀티비타민(열대과일맛) 14포,메리루스,https://www.kurly.com/goods/1001159095,25000,20,2025.07.22,아이가 맛있어서 잘 먹네요 낱개포장이라 학교갈때 챙겨주면 가지고도 갑니다
https://www.kurly.com/categories/032009?filters=&page=1,모닝 멀티비타민(열대과일맛) 14포,메리루스,https://www.kurly.com/goods/1001159095,25000,20,2025.07.22,"모닝 멀티비타민
새콤달콤 맛있어요"
https://www.kurly.com/categories/032009?filters=&page=1,모닝 멀티비타민(열대과일맛) 14포,메리루스,https://www.kurly.com/goods/1001159095,25000,20,2025.07.06,막 맛있지는 않았지만 간편하게 먹을 수 있어 좋았어요
https://www.kurly.com/categories/032009?filters=&page=1,모닝 멀티비타민(열대과일맛) 14포,메리루스,https://www.kurly.com/goods/1001159095,25000,20,2025.06.29,제가 먹어보고 싶은 걸로 선물했어요.
https://www.kurly.com/categories/032009?filters=&page=1,모닝 멀티비타민(열대과일맛) 14포,메리루스,https://www.kurly.com/goods/1001159095,25000,20,2027.01.09,"2027.01.09까지
나이트용이 더 맛있긴하네요
등교하는 딸내미 챙겨줍니다
딱 한모금용이라 먹을만해요"
https://www.kurly.com/categories/032009?filters=&page=1,모닝 멀티비타민(열대과일맛) 14포,메리루스,https://www.kurly.com/goods/1001159095,25000,20,2025.06.08,공복섭취도 가능하고 맛이 좋아 열씨미 챙겨먹었어요ㅋ
https://www.kurly.com/categories/032009?filters=&page=1,모닝 멀티비타민(열대과일맛) 14포,메리루스,https://www.kurly.com/goods/1001159095,25000,20,2025.05.29,생각보다 맛나요 편하게 먹을수있습니다
https://www.kurly.com/categories/032009?filters=&page=1,안심 마그네슘 (30일분),안국건강,https://www.kurly.com/goods/5025433,21000,1424,2025.09.18,"칼슘 마그네슘 같이
있는거 먹다가 이걸로 사봤는데
뭔가 느낌으론 예전에 칼슘 같이있던 게
나은것 같아요,,, 저녁에 먹는데 딱히
이완의 효과는 사실 모르겠어요 ㅎㅎ"
https://www.kurly.com/categories/032009?filters=&page=1,안심 마그네슘 (30일분),안국건강,https://www.kurly.com/goods/5025433,21000,1424,2025.09.15,마그네슘 크기가 적당해서 먹기 좋아요
https://www.kurly.com/categories/032009?filters=&page=1,안심 마그네슘 (30일분),안국건강,https://www.kurly.com/goods/5025433,21000,1424,2025.09.12,마그네슘 👍 좋아요 😀
https://www.kurly.com/categories/032009?filters=&page=1,안심 마그네슘 (30일분),안국건강,https://www.kurly.com/goods/5025433,21000,1424,2025.09.08,성분이 좋아서 늘 삽니다.
https://www.kurly.com/categories/032009?filters=&page=1,안심 마그네슘 (30일분),안국건강,https://www.kurly.com/goods/5025433,21000,1424,2025.09.06,"컬리에서 파는 마그네슘중에 성분이 제일 좋아서 구매했어요
한번에 3알먹는건 좀 불편하지만, 먹고 장 꾸르륵하는건 없어요"
https://www.kurly.com/categories/032009?filters=&page=1,안심 마그네슘 (30일분),안국건강,https://www.kurly.com/goods/5025433,21000,1424,2025.09.06,좋습니다. 긴장되어 있던 몸이 편안해지는 것 같아요.
https://www.kurly.com/categories/032009?filters=&page=1,안심 마그네슘 (30일분),안국건강,https://www.kurly.com/goods/5025433,21000,1424,2025.09.06,성분이 안전한 거 같아서 재구매요
https://www.kurly.com/categories/032009?filters=&page=1,안심 마그네슘 (30일분),안국건강,https://www.kurly.com/goods/5025433,21000,1424,2025.09.01,마그네슘은 밤에 먹어야 한다고 하더라고요. 좋은거 같아요
https://www.kurly.com/categories/032009?filters=&page=1,안심 마그네슘 (30일분),안국건강,https://www.kurly.com/goods/5025433,21000,1424,2025.08.23,마그네슘 필요해서 컬리에서 구매했어요  새벽에 바로 도착해서 좋습니다
https://www.kurly.com/categories/032009?filters=&page=1,안심 마그네슘 (30일분),안국건강,https://www.kurly.com/goods/5025433,21000,1424,2025.08.19,성분이 너무 좋아서 꾸준히 먹고 있어요
https://www.kurly.com/categories/032009?filters=&page=1,활력 관절 보환 (30일분) + 쇼핑백증정,종근당,https://www.kurly.com/goods/1000760614,25900,63,2025.01.28,"종근당 활력 관절보환은 
2중 복합 기능성을 인정받은 
건강기능식품이라고 해요


N-아세틸글루코사민이라는 성분이 들어있는데
이건 연골을 구성하는 물질로
자연형태와 유사한 구조인 글루코사민 형태를 띄고 있다고 합니다
체내에서 거의 생성되지 않아서 외부로부터의 섭취가 필요한데요
특허받은 효소 분해법인 안전한 효소 분해법으로 추출한 
순도 95%이상만 담았다고 하구요

게 껍질에서 추출된 성분으로 
관절 및 연골 건강에 도움을 줄 수 있다고 해요


인도네시아 침향, 국내산 6년근 홍삼, 녹용, 콜라겐, MSM 등 
23종의 원료를 엄선하여 배합되었고
생산성을 높이기 위해 사용되는 부형제나 첨가물인
이산화규소, 합성향료, 착색료,
스테아린산 마그네슘, HPMC,CMC-Ca 등이 
들어있지 않아서 너무 안심이 됐습니다




이번에 명절선물로 아빠, 엄마 하나씩 사드렸는데
너무 좋아하시네요^^"
https://www.kurly.com/categories/032009?filters=&page=1,활력 관절 보환 (30일분) + 쇼핑백증정,종근당,https://www.kurly.com/goods/1000760614,25900,63,2025.09.22,후기보고 구매해봤어요
https://www.kurly.com/categories/032009?filters=&page=1,활력 관절 보환 (30일분) + 쇼핑백증정,종근당,https://www.kurly.com/goods/1000760614,25900,63,2025.09.14,관절이 안좋으신 어머님드리려고 구매했어요. 가격대가 좋으네요. 효과가 있었으면 좋겠어요.
https://www.kurly.com/categories/032009?filters=&page=1,활력 관절 보환 (30일분) + 쇼핑백증정,종근당,https://www.kurly.com/goods/1000760614,25900,63,2025.09.06,선물용으로 구입했어요
https://www.kurly.com/categories/032009?filters=&page=1,활력 관절 보환 (30일분) + 쇼핑백증정,종근당,https://www.kurly.com/goods/1000760614,25900,63,2025.08.09,관절 특화 환인거같아서 구매했어요 과다포장아니어소 좋음
https://www.kurly.com/categories/032009?filters=&page=1,활력 관절 보환 (30일분) + 쇼핑백증정,종근당,https://www.kurly.com/goods/1000760614,25900,63,2025.08.08,선물 하려구 또 구매 합니당!!! 굿~
https://www.kurly.com/categories/032009?filters=&page=1,활력 관절 보환 (30일분) + 쇼핑백증정,종근당,https://www.kurly.com/goods/1000760614,25900,63,2025.07.28,"엄마 선물로 샀는데 고급스럽네요.
효과가 있길 기대합니다."
https://www.kurly.com/categories/032009?filters=&page=1,활력 관절 보환 (30일분) + 쇼핑백증정,종근당,https://www.kurly.com/goods/1000760614,25900,63,2025.07.22,선물용으로 좋아요. 케이스도 고급지고
https://www.kurly.com/categories/032009?filters=&page=1,활력 관절 보환 (30일분) + 쇼핑백증정,종근당,https://www.kurly.com/goods/1000760614,25900,63,2025.07.15,관절에 도움 될까 싶어서 2개 구매 합니당!
https://www.kurly.com/categories/032009?filters=&page=1,활력 관절 보환 (30일분) + 쇼핑백증정,종근당,https://www.kurly.com/goods/1000760614,25900,63,2025.07.02,"부모님집에 보냈습니다, 효과 있길요^^"
https://www.kurly.com/categories/032009?filters=&page=1,멀티비타민 실버 포 맨 (50일분),센트룸,https://www.kurly.com/goods/5097882,25000,273,2025.09.16,늘 챙겨먹는  센트룸이에요. 꾸준하게 먹고있어요.
https://www.kurly.com/categories/032009?filters=&page=1,멀티비타민 실버 포 맨 (50일분),센트룸,https://www.kurly.com/goods/5097882,25000,273,2025.08.24,매일 먹는 영양제 믿고 구매합니다. 할인쿠폰으로 저렴하게 구입했어요
https://www.kurly.com/categories/032009?filters=&page=1,멀티비타민 실버 포 맨 (50일분),센트룸,https://www.kurly.com/goods/5097882,25000,273,2025.08.22,"믿고 구매해요.
남편을 위해 항상 구매하고 있어요."
https://www.kurly.com/categories/032009?filters=&page=1,멀티비타민 실버 포 맨 (50일분),센트룸,https://www.kurly.com/goods/5097882,25000,273,2025.08.14,컬리에서 구매해서 편리합니다
https://www.kurly.com/categories/032009?filters=&page=1,멀티비타민 실버 포 맨 (50일분),센트룸,https://www.kurly.com/goods/5097882,25000,273,2025.08.03,아빠 영양제 찾다가 성분도 좋고 가격도 가성비 좋아요
https://www.kurly.com/categories/032009?filters=&page=1,멀티비타민 실버 포 맨 (50일분),센트룸,https://www.kurly.com/goods/5097882,25000,273,2025.07.18,좋은거 같아요 ㅎㅎ
https://www.kurly.com/categories/032009?filters=&page=1,멀티비타민 실버 포 맨 (50일분),센트룸,https://www.kurly.com/goods/5097882,25000,273,2025.07.08,매일 챙겨먹는 실버 포맨. 목넘김도 불편하지 않아요.
https://www.kurly.com/categories/032009?filters=&page=1,멀티비타민 실버 포 맨 (50일분),센트룸,https://www.kurly.com/goods/5097882,25000,273,2025.07.06,영양제는 컬리에서 첨 구매해 봅니다
https://www.kurly.com/categories/032009?filters=&page=1,멀티비타민 실버 포 맨 (50일분),센트룸,https://www.kurly.com/goods/5097882,25000,273,2025.06.30,컬리에서 영양제도 구매할수 있어 편리해요
https://www.kurly.com/categories/032009?filters=&page=1,멀티비타민 실버 포 맨 (50일분),센트룸,https://www.kurly.com/goods/5097882,25000,273,2025.06.30,"아빠가 드셔서 구매해서드렸어용!
몇년째 괜찮다고 복용중이네영
멀티비타민 요걸로 추천드려요"
https://www.kurly.com/categories/032009?filters=&page=1,아임비타 비타민B 컴플렉스 1박스 (2개월분),종근당건강,https://www.kurly.com/goods/1000154412,27900,72,2025.09.18,피로도를 줄이려고 주문했어요 ㅎㅎ 효과가 있어요
https://www.kurly.com/categories/032009?filters=&page=1,아임비타 비타민B 컴플렉스 1박스 (2개월분),종근당건강,https://www.kurly.com/goods/1000154412,27900,72,2025.09.14,저렴하게 잘 샀어요 ㅎㅎ
https://www.kurly.com/categories/032009?filters=&page=1,아임비타 비타민B 컴플렉스 1박스 (2개월분),종근당건강,https://www.kurly.com/goods/1000154412,27900,72,2025.08.28,피곤하면 입안이 자꾸 헐어서 먹기시작했는데 좋더라구요
https://www.kurly.com/categories/032009?filters=&page=1,아임비타 비타민B 컴플렉스 1박스 (2개월분),종근당건강,https://www.kurly.com/goods/1000154412,27900,72,2025.08.12,음주를 즐기신다면 비타민 비는 필수
https://www.kurly.com/categories/032009?filters=&page=1,아임비타 비타민B 컴플렉스 1박스 (2개월분),종근당건강,https://www.kurly.com/goods/1000154412,27900,72,2025.08.08,에너지가 필요한 체력딸리는 딸에게 선물합니다.알바하느라 힘든 딸이 안쓰럽네요 이거먹고 힘내렴 ㅎㅎ
https://www.kurly.com/categories/032009?filters=&page=1,아임비타 비타민B 컴플렉스 1박스 (2개월분),종근당건강,https://www.kurly.com/goods/1000154412,27900,72,2025.08.01,비타민 b가 딱필요해서 처음구매했는데 성분도그렇고 가격도 괜찮아서 구매해요 일단먹기는 괜찮네요
https://www.kurly.com/categories/032009?filters=&page=1,아임비타 비타민B 컴플렉스 1박스 (2개월분),종근당건강,https://www.kurly.com/goods/1000154412,27900,72,2025.07.26,비타민비 꼭 챙겨먹구있어요
https://www.kurly.com/categories/032009?filters=&page=1,아임비타 비타민B 컴플렉스 1박스 (2개월분),종근당건강,https://www.kurly.com/goods/1000154412,27900,72,2025.07.20,비타민 B 필요해서 구매했어요
https://www.kurly.com/categories/032009?filters=&page=1,아임비타 비타민B 컴플렉스 1박스 (2개월분),종근당건강,https://www.kurly.com/goods/1000154412,27900,72,2025.07.17,괜찮을거같아서 구매했어요
https://www.kurly.com/categories/032009?filters=&page=1,아임비타 비타민B 컴플렉스 1박스 (2개월분),종근당건강,https://www.kurly.com/goods/1000154412,27900,72,2025.07.13,"항상 재구매하는 제품. 
엽산 150% 함유되어있고 8가지 미네랄도 포함되어 있어서 한알로 매일 건강 챙겨요"
https://www.kurly.com/categories/032009?filters=&page=1,그로우업 바이탈 10병 (10일분),로트벡쉔,https://www.kurly.com/goods/1001132664,149000,144,2025.09.22,컬리 쇼핑백 좋아요 ㅎ
https://www.kurly.com/categories/032009?filters=&page=1,그로우업 바이탈 10병 (10일분),로트벡쉔,https://www.kurly.com/goods/1001132664,149000,144,2025.09.22,컬리  쇼핑백   디자인   깔끔하고  좋네요
https://www.kurly.com/categories/032009?filters=&page=1,그로우업 바이탈 10병 (10일분),로트벡쉔,https://www.kurly.com/goods/1001132664,149000,144,2025.09.21,선물용으로 쓰기 좋아요
https://www.kurly.com/categories/032009?filters=&page=1,그로우업 바이탈 10병 (10일분),로트벡쉔,https://www.kurly.com/goods/1001132664,149000,144,2025.09.21,종이백 깔끔하고 예뻐요
https://www.kurly.com/categories/032009?filters=&page=1,그로우업 바이탈 10병 (10일분),로트벡쉔,https://www.kurly.com/goods/1001132664,149000,144,2025.09.21,잘 받았습니다 ㅋㅎ
https://www.kurly.com/categories/032009?filters=&page=1,그로우업 바이탈 10병 (10일분),로트벡쉔,https://www.kurly.com/goods/1001132664,149000,144,2025.09.21,유용하게 잘 썼어요
https://www.kurly.com/categories/032009?filters=&page=1,그로우업 바이탈 10병 (10일분),로트벡쉔,https://www.kurly.com/goods/1001132664,149000,144,2025.09.20,제니쿠키 선물 할려고 샀는데 종이백이 없어 샀어요
https://www.kurly.com/categories/032009?filters=&page=1,그로우업 바이탈 10병 (10일분),로트벡쉔,https://www.kurly.com/goods/1001132664,149000,144,2025.09.20,금액채우기용 ㅎㅎ ㅋㅋ
https://www.kurly.com/categories/032009?filters=&page=1,그로우업 바이탈 10병 (10일분),로트벡쉔,https://www.kurly.com/goods/1001132664,149000,144,2025.09.20,쇼핑백 실용적이고 좋습니다
https://www.kurly.com/categories/032009?filters=&page=1,그로우업 바이탈 10병 (10일분),로트벡쉔,https://www.kurly.com/goods/1001132664,149000,144,2025.09.20,쇼핑백  심플하네요
https://www.kurly.com/categories/032009?filters=&page=1,11비타민플러스 레드 2병 (14일분) 선물세트,로트벡쉔,https://www.kurly.com/goods/1001030986,28040,37,2025.08.21,할인율이 많이 낮아진 듯 합니다
https://www.kurly.com/categories/032009?filters=&page=1,11비타민플러스 레드 2병 (14일분) 선물세트,로트벡쉔,https://www.kurly.com/goods/1001030986,28040,37,2025.08.08,애들 면연력 관리 때문에 먹이고 있는데 잔병치레 많이 없어졌어요
https://www.kurly.com/categories/032009?filters=&page=1,11비타민플러스 레드 2병 (14일분) 선물세트,로트벡쉔,https://www.kurly.com/goods/1001030986,28040,37,2025.07.22,애들 면연력때문에 매일 먹여요 효과 좋습니다
https://www.kurly.com/categories/032009?filters=&page=1,11비타민플러스 레드 2병 (14일분) 선물세트,로트벡쉔,https://www.kurly.com/goods/1001030986,28040,37,2025.07.22,잘받았습니다 맛있어요
https://www.kurly.com/categories/032009?filters=&page=1,11비타민플러스 레드 2병 (14일분) 선물세트,로트벡쉔,https://www.kurly.com/goods/1001030986,28040,37,2025.07.06,자주 구매하는 상품이에요. 굿 좋아요
https://www.kurly.com/categories/032009?filters=&page=1,11비타민플러스 레드 2병 (14일분) 선물세트,로트벡쉔,https://www.kurly.com/goods/1001030986,28040,37,2025.07.06,애들이 이거 먹고 잔병치레가 없어져서 자주 먹여요
https://www.kurly.com/categories/032009?filters=&page=1,11비타민플러스 레드 2병 (14일분) 선물세트,로트벡쉔,https://www.kurly.com/goods/1001030986,28040,37,2025.06.24,애들이 계속 아파서 자기 전에 먹이는데 뭔가 잔병치레 하던게 없어진 느낌? 이에요
https://www.kurly.com/categories/032009?filters=&page=1,11비타민플러스 레드 2병 (14일분) 선물세트,로트벡쉔,https://www.kurly.com/goods/1001030986,28040,37,2025.06.23,감기나 잔병없이 보내는 이유같아서 계속 재구매중
https://www.kurly.com/categories/032009?filters=&page=1,11비타민플러스 레드 2병 (14일분) 선물세트,로트벡쉔,https://www.kurly.com/goods/1001030986,28040,37,2025.06.15,애들이 이거 먹으면서 잔병치레가 많이 없어졌어요
https://www.kurly.com/categories/032009?filters=&page=1,11비타민플러스 레드 2병 (14일분) 선물세트,로트벡쉔,https://www.kurly.com/goods/1001030986,28040,37,2025.06.13,맛도 있고 부담 없는거 같아 선물했어요.
https://www.kurly.com/categories/032009?filters=&page=1,슈퍼 비타민 B 콤플렉스 (30일분),네이처메이드,https://www.kurly.com/goods/1001335263,14400,374,2025.09.20,가격도 좋고해서 계속 먹고있어요.
https://www.kurly.com/categories/032009?filters=&page=1,슈퍼 비타민 B 콤플렉스 (30일분),네이처메이드,https://www.kurly.com/goods/1001335263,14400,374,2025.09.16,비타민비 필요해서 구입
https://www.kurly.com/categories/032009?filters=&page=1,슈퍼 비타민 B 콤플렉스 (30일분),네이처메이드,https://www.kurly.com/goods/1001335263,14400,374,2025.09.15,후기 좋아 구매해봅니다 하루 한번만 먹어 편해요
https://www.kurly.com/categories/032009?filters=&page=1,슈퍼 비타민 B 콤플렉스 (30일분),네이처메이드,https://www.kurly.com/goods/1001335263,14400,374,2025.09.03,아이랑 같이 먹으려고 구입했어요~알이 작아서 좋아요~
https://www.kurly.com/categories/032009?filters=&page=1,슈퍼 비타민 B 콤플렉스 (30일분),네이처메이드,https://www.kurly.com/goods/1001335263,14400,374,2025.08.29,꾸준하 먹고 있어요
https://www.kurly.com/categories/032009?filters=&page=1,슈퍼 비타민 B 콤플렉스 (30일분),네이처메이드,https://www.kurly.com/goods/1001335263,14400,374,2025.08.25,"간만에 괜찮은 비타민 B를 구입한거 같아요 
확실히 피로감도 덜 하구요"
https://www.kurly.com/categories/032009?filters=&page=1,슈퍼 비타민 B 콤플렉스 (30일분),네이처메이드,https://www.kurly.com/goods/1001335263,14400,374,2025.08.11,건강생각해서. . .챙겨 먹고있어요
https://www.kurly.com/categories/032009?filters=&page=1,슈퍼 비타민 B 콤플렉스 (30일분),네이처메이드,https://www.kurly.com/goods/1001335263,14400,374,2025.08.06,비타민비 챙겨먹기 시작해보려구요
https://www.kurly.com/categories/032009?filters=&page=1,슈퍼 비타민 B 콤플렉스 (30일분),네이처메이드,https://www.kurly.com/goods/1001335263,14400,374,2025.08.03,자꾸 입병이 나길래 샀습니다
https://www.kurly.com/categories/032009?filters=&page=1,슈퍼 비타민 B 콤플렉스 (30일분),네이처메이드,https://www.kurly.com/goods/1001335263,14400,374,2025.07.23,네이처 꾸준히 복용중 잘맞아요
https://www.kurly.com/categories/032009?filters=&page=1,엽산 400 (250일분),솔가,https://www.kurly.com/goods/1000794266,38900,1555,2025.09.21,임신 준비에 좋다고 하여 구매했습니다~
https://www.kurly.com/categories/032009?filters=&page=1,엽산 400 (250일분),솔가,https://www.kurly.com/goods/1000794266,38900,1555,2025.09.18,꾸준히 먹고있어요~
https://www.kurly.com/categories/032009?filters=&page=1,엽산 400 (250일분),솔가,https://www.kurly.com/goods/1000794266,38900,1555,2025.09.16,만족스러워요 좋아요 컬리 최고입니다
https://www.kurly.com/categories/032009?filters=&page=1,엽산 400 (250일분),솔가,https://www.kurly.com/goods/1000794266,38900,1555,2025.09.15,맛있어요~ 추천합니다
https://www.kurly.com/categories/032009?filters=&page=1,엽산 400 (250일분),솔가,https://www.kurly.com/goods/1000794266,38900,1555,2025.09.11,잘먹구있어요 굿굿웃
https://www.kurly.com/categories/032009?filters=&page=1,엽산 400 (250일분),솔가,https://www.kurly.com/goods/1000794266,38900,1555,2025.09.08,크기가 작아서 먹기 편해요
https://www.kurly.com/categories/032009?filters=&page=1,엽산 400 (250일분),솔가,https://www.kurly.com/goods/1000794266,38900,1555,2025.09.03,부부가 먹으면 좋다고 해서 두 번째 구매했어요
https://www.kurly.com/categories/032009?filters=&page=1,엽산 400 (250일분),솔가,https://www.kurly.com/goods/1000794266,38900,1555,2025.09.02,너무맘에들어요^^!ㅊㅊ
https://www.kurly.com/categories/032009?filters=&page=1,엽산 400 (250일분),솔가,https://www.kurly.com/goods/1000794266,38900,1555,2025.08.31,"임신준비 허려고 구매했네요~
알약이 작아서 250정인데도 병이 작아요! 
흔히들 구매하는 브랜드인 것 같아 구매했습니다."
https://www.kurly.com/categories/032009?filters=&page=1,엽산 400 (250일분),솔가,https://www.kurly.com/goods/1000794266,38900,1555,2025.08.25,다먹고 재주문~ 다음날에 받을 수 있어 좋네요
https://www.kurly.com/categories/032009?filters=&page=1,마칼디 칼슘 마그네슘 비타민D3 2종 (택1),도펠헤르츠,https://www.kurly.com/goods/1001316181,24900,70,2025.08.24,"아이 먹이려고 구입해봤어요
맛에 예민한 아이인데 잘 먹네요"
https://www.kurly.com/categories/032009?filters=&page=1,마칼디 칼슘 마그네슘 비타민D3 2종 (택1),도펠헤르츠,https://www.kurly.com/goods/1001316181,24900,70,2025.08.15,믿고 먹고 있어요. 아주 좋아요
https://www.kurly.com/categories/032009?filters=&page=1,마칼디 칼슘 마그네슘 비타민D3 2종 (택1),도펠헤르츠,https://www.kurly.com/goods/1001316181,24900,70,2025.08.03,마그네슘과 칼슘 비타민 D3를 한번에 챙겨 먹을 수 있어서 너무 편해요! 그리고 포장도 되게 컴팩트 해가지고 하나씩 가지고 다니기 너무 좋구요. 여행갈 때 챙겨 가기 좋을 거 같아요. 맛도 되게 이온음료같이 상큼한 맛이 나서 좋고 입자가 엄청 작아서 물에도 금방 녹고 뭉치는거 없이 사르르 없어지니까 먹기도 편해요. ￼편하게 물에 녹여서 마셔도 좋을 것 같아요~~
https://www.kurly.com/categories/032009?filters=&page=1,마칼디 칼슘 마그네슘 비타민D3 2종 (택1),도펠헤르츠,https://www.kurly.com/goods/1001316181,24900,70,2025.08.03,과립이라     그닥
https://www.kurly.com/categories/032009?filters=&page=1,마칼디 칼슘 마그네슘 비타민D3 2종 (택1),도펠헤르츠,https://www.kurly.com/goods/1001316181,24900,70,2025.08.03,밤에 자꾸 깨서 마그네슘을 추천받아 주문해봤어요. 두가지 어떤 게 잘 맞을지 모르겠네요.
https://www.kurly.com/categories/032009?filters=&page=1,마칼디 칼슘 마그네슘 비타민D3 2종 (택1),도펠헤르츠,https://www.kurly.com/goods/1001316181,24900,70,2025.08.03,"넘나 유명한 제품이라 꾸준히 먹고있어요
미세과립 제형이라 휴대가 간편해서 가방에 몇개씩 가지고다니기 좋아요
효과 좋아요 ㅋ"
https://www.kurly.com/categories/032009?filters=&page=1,마칼디 칼슘 마그네슘 비타민D3 2종 (택1),도펠헤르츠,https://www.kurly.com/goods/1001316181,24900,70,2025.08.02,"칼슘제 어떤건 진짜 못 먹겠던데ㅠㅠ
이건 미세입자에 시트론맛이라 괜찮았어요!

영양제는 흡수율이 중요한데
흡수율 높이는 황금비율(칼슘:마그네슘 = 2:1)까지!

뼈 건강 챙기고 싶은 분들께 추천드려요~~
스틱형이라 휴대도 간편해서 가방에 쏙 넣어두고 다니면 까먹지도 않아요
독일 100년 전통 브랜드 도펠헤르츠라 더 믿음 가고요!

마켓컬리에서 새벽배송도 굿굿🫶🏻👏🏻
꾸준히 먹어보려구요 :)"
https://www.kurly.com/categories/032009?filters=&page=1,마칼디 칼슘 마그네슘 비타민D3 2종 (택1),도펠헤르츠,https://www.kurly.com/goods/1001316181,24900,70,2025.08.02,"우선 정말 맛있어요
뭔가 영양제가 아닌 맛있는 
사탕 먹는 느낌이 들 정도로 정말 맛있네요 ㅎㅎ 
미세과립이라 입안에서 달달하게 잘 녹고 
짧은 스틱 타입이라 어디든 잘 들어가요 
정말 작은 미니가방에도 쏙 들어가서 
휴대성은 아주 좋아요
한번에 비타민 디랑 마그네슘 칼슘을 먹어서
아주 간편합니다! 
성분도 좋고  믿고 구매하는 독일 영양제
또 구매의사 완전 있어요!"
https://www.kurly.com/categories/032009?filters=&page=1,마칼디 칼슘 마그네슘 비타민D3 2종 (택1),도펠헤르츠,https://www.kurly.com/goods/1001316181,24900,70,2025.08.02,"도펠하르츠 선물 받아 처음 복용해봤었는데 좋아서 이번엔 마그네슘, 칼슘, 비타민 d 조합으로 구매해봤어요~ 역시 휴대성이 너무 좋고 하루에 한 포만 챙겨먹어도 돼서 좋아요 ㅎㅎ 추천합니다!"
https://www.kurly.com/categories/032009?filters=&page=1,마칼디 칼슘 마그네슘 비타민D3 2종 (택1),도펠헤르츠,https://www.kurly.com/goods/1001316181,24900,70,2025.08.02,"건강을 챙겨야겠다는 생각에 여러 영양제를 알아보다가 마켓컬리에서 판매 중인 도펠헤르츠 마칼디를 알게 되었어요. 
이 제품은 마그네슘, 칼슘, 비타민D를 하루 한 포로 한 번에 섭취할 수 있고, 무엇보다 미세과립 제형이라 먹기 정말 간편해서 눈에 확 들어왔어요.

상큼한 맛이 나서 마치 건강한 캔디 먹는 느낌이랄까? 거부감 없이 먹을 수 있어서 꾸준히 챙겨 먹기 좋아요.

휴대성도 정말 마음에 들어요. 일반 영양제는 병째로 들고 다니기 불편해서 자주 놓치는데, 이건 개별 포장된 스틱 타입이라 파우치나 가방에 하나씩 쏙 넣어두면 언제든지 간편하게 꺼내 먹을 수 있어요. 출근길, 여행 중 등 언제 어디서든 부담 없이 챙길 수 있다는 점이 정말 큰 장점이에요.

바쁜 일상 속에서도 쉽게 건강을 챙기고 싶은 분들에게 딱 맞는 제품이에요. 알약이 부담스러운 분들, 간편함을 최우선으로 생각하시는 분들께 자신 있게 추천합니다!"
https://www.kurly.com/categories/032009?filters=&page=1,키즈 멀티비타민미네랄 식물성 구미 젤리 (30일분),허벌랜드,https://www.kurly.com/goods/5050387,20700,1514,2025.09.21,아들이 잘 먹어서 키즈 비타민으로 꾸준히 사요!
https://www.kurly.com/categories/032009?filters=&page=1,키즈 멀티비타민미네랄 식물성 구미 젤리 (30일분),허벌랜드,https://www.kurly.com/goods/5050387,20700,1514,2025.09.19,다양한 젤리 비타민..
https://www.kurly.com/categories/032009?filters=&page=1,키즈 멀티비타민미네랄 식물성 구미 젤리 (30일분),허벌랜드,https://www.kurly.com/goods/5050387,20700,1514,2025.09.14,다른 거 먹다가 다시 돌아와 오랜만에 주문했어요.
https://www.kurly.com/categories/032009?filters=&page=1,키즈 멀티비타민미네랄 식물성 구미 젤리 (30일분),허벌랜드,https://www.kurly.com/goods/5050387,20700,1514,2025.09.14,첨가물적어서 좋아요
https://www.kurly.com/categories/032009?filters=&page=1,키즈 멀티비타민미네랄 식물성 구미 젤리 (30일분),허벌랜드,https://www.kurly.com/goods/5050387,20700,1514,2025.09.03,"영양제 먹는거 귀찮다고 맛없다고 안먹는 애들
이건 맛있어서 스스로 챙겨먹어요"
https://www.kurly.com/categories/032009?filters=&page=1,키즈 멀티비타민미네랄 식물성 구미 젤리 (30일분),허벌랜드,https://www.kurly.com/goods/5050387,20700,1514,2025.09.02,아이가 늘 먹는거예요
https://www.kurly.com/categories/032009?filters=&page=1,키즈 멀티비타민미네랄 식물성 구미 젤리 (30일분),허벌랜드,https://www.kurly.com/goods/5050387,20700,1514,2025.08.29,선물용 아닌데 쇼핑백도 왔네요
https://www.kurly.com/categories/032009?filters=&page=1,키즈 멀티비타민미네랄 식물성 구미 젤리 (30일분),허벌랜드,https://www.kurly.com/goods/5050387,20700,1514,2025.08.25,항상 구매합니다:).
https://www.kurly.com/categories/032009?filters=&page=1,키즈 멀티비타민미네랄 식물성 구미 젤리 (30일분),허벌랜드,https://www.kurly.com/goods/5050387,20700,1514,2025.08.11,아이가 좋아하고 잘먹어요
https://www.kurly.com/categories/032009?filters=&page=1,키즈 멀티비타민미네랄 식물성 구미 젤리 (30일분),허벌랜드,https://www.kurly.com/goods/5050387,20700,1514,2025.08.05,아이들이 잘먹고 성분좋고 괜찮아요
https://www.kurly.com/categories/032009?filters=&page=1,비타민C 골드플러스 240정 (240일분) (골드플러스),고려은단,https://www.kurly.com/goods/1001143412,42500,952,2025.08.22,"피곤해서 골드로 사봅니다 
가격이 좀더 있으니 좋겠지라는 생각에"
https://www.kurly.com/categories/032009?filters=&page=1,비타민C 골드플러스 240정 (240일분) (골드플러스),고려은단,https://www.kurly.com/goods/1001143412,42500,952,2025.08.13,고려은단 이지가 작아서 좋았는데 이제 없나봐요
https://www.kurly.com/categories/032009?filters=&page=1,비타민C 골드플러스 240정 (240일분) (골드플러스),고려은단,https://www.kurly.com/goods/1001143412,42500,952,2025.08.06,가루 비타민씨는 너무셔서 못먹어요
https://www.kurly.com/categories/032009?filters=&page=1,비타민C 골드플러스 240정 (240일분) (골드플러스),고려은단,https://www.kurly.com/goods/1001143412,42500,952,2025.07.19,영양제도 바로바로 오니까 너무 좋아요
https://www.kurly.com/categories/032009?filters=&page=1,비타민C 골드플러스 240정 (240일분) (골드플러스),고려은단,https://www.kurly.com/goods/1001143412,42500,952,2025.06.23,비타민씨는 이것만 먹고 있어요
https://www.kurly.com/categories/032009?filters=&page=1,비타민C 골드플러스 240정 (240일분) (골드플러스),고려은단,https://www.kurly.com/goods/1001143412,42500,952,2025.06.02,"어모니댁에 보내드렸어요 
포장이 고급스럽고 소비기한이 2027년까지라 만족하신다고 하네요"
https://www.kurly.com/categories/032009?filters=&page=1,비타민C 골드플러스 240정 (240일분) (골드플러스),고려은단,https://www.kurly.com/goods/1001143412,42500,952,2025.05.22,고려은단 일반 비타민C 먹다가 좀 고가인 골드플러스 주문해봤어요. 알이 좀 큰 점은 살짝 불편해요
https://www.kurly.com/categories/032009?filters=&page=1,비타민C 골드플러스 240정 (240일분) (골드플러스),고려은단,https://www.kurly.com/goods/1001143412,42500,952,2025.05.06,비타민C. 챙겨먹는 편이라~~고려은단껄로 구매합니다
https://www.kurly.com/categories/032009?filters=&page=1,비타민C 골드플러스 240정 (240일분) (골드플러스),고려은단,https://www.kurly.com/goods/1001143412,42500,952,2025.04.08,"쟁여템
피곤할때  한두알씩 먹으면 위로가 되요"
https://www.kurly.com/categories/032009?filters=&page=1,비타민C 골드플러스 240정 (240일분) (골드플러스),고려은단,https://www.kurly.com/goods/1001143412,42500,952,2025.04.04,원래먹던게 품절이라 주문했어요
https://www.kurly.com/categories/032009?filters=&page=1,비타민C&D 1000 (100일분),일양약품,https://www.kurly.com/goods/1000352947,10900,487,2024.01.11,"목넘김 불편함 없고 용량가격대박~
다른제품 종합 비타민을 먹는데 비타민 C,D함량이 낮더라구요~
영양제도 너무 많이 먹으면 중복이기도 하고 ㅠ
이왕 몸에 좋은 거 먹는데 겹치는 부분 있는지 확인들하셔요ㅎ
비타민 딱 마침 다 먹어가던 참에 C,D만 더 챙겨 먹으려고 알아보니
컬리에서 100일분에 가격이 넘 좋아서 바로 구매했어요
함량도 1000이구 2개씩 먹는 거보다 한알먹는게 좋죠
대용량들은 포장이 좀 부실한데 요건 개별로 2중? 포장이네요
먹을만치만 꺼내서 먹을라구요 깔끔해서 좋네요ㅎㅎ
비타민 C랑 D는 필수잖아요~ 나이 들수록 점점 피곤해지고 영양소도 스스로 지켜야 하는거 아니겠나요ㅎ 비타민 찾고계시면 추천드려요~~
모두 비타민 먹고 파이팅입니다"
https://www.kurly.com/categories/032009?filters=&page=1,비타민C&D 1000 (100일분),일양약품,https://www.kurly.com/goods/1000352947,10900,487,2025.09.22,"가성비 좋아요
속도 안쓰리고 공복에 먹어도 괜찮아요"
https://www.kurly.com/categories/032009?filters=&page=1,비타민C&D 1000 (100일분),일양약품,https://www.kurly.com/goods/1000352947,10900,487,2025.09.19,필수 영양소 좋아요
https://www.kurly.com/categories/032009?filters=&page=1,비타민C&D 1000 (100일분),일양약품,https://www.kurly.com/goods/1000352947,10900,487,2025.09.18,제일 저렴해서 구입해봤어요 꾸준히 먹어보려구요
https://www.kurly.com/categories/032009?filters=&page=1,비타민C&D 1000 (100일분),일양약품,https://www.kurly.com/goods/1000352947,10900,487,2025.09.14,타사 제품 알약이랑 거의 똑같음 상자 포장이 너무 올드한거 아닌지
https://www.kurly.com/categories/032009?filters=&page=1,비타민C&D 1000 (100일분),일양약품,https://www.kurly.com/goods/1000352947,10900,487,2025.09.10,비타민할인해서 구매해봅니다 ㅎㅎ
https://www.kurly.com/categories/032009?filters=&page=1,비타민C&D 1000 (100일분),일양약품,https://www.kurly.com/goods/1000352947,10900,487,2025.09.09,"가격이 괜찮아 구매는 했는데~
비타민c 원산지가 어딘지 나와있지 않아요"
https://www.kurly.com/categories/032009?filters=&page=1,비타민C&D 1000 (100일분),일양약품,https://www.kurly.com/goods/1000352947,10900,487,2025.09.09,가성비좋은 비타민입니다~~재구매중입니다
https://www.kurly.com/categories/032009?filters=&page=1,비타민C&D 1000 (100일분),일양약품,https://www.kurly.com/goods/1000352947,10900,487,2025.09.07,만원대에 100일분이 많네요!
https://www.kurly.com/categories/032009?filters=&page=1,비타민C&D 1000 (100일분),일양약품,https://www.kurly.com/goods/1000352947,10900,487,2025.09.06,"작년부터 계속 시켜서 매일 먹고있어요
가격 저렴하고 좋아요"
https://www.kurly.com/categories/032009?filters=&page=1,멀티비타민 에너지샷 (10병),아임비타,https://www.kurly.com/goods/1001315867,10400,49,2025.09.21,잘 사용했어요. 좋아요 ㅎㅎ
https://www.kurly.com/categories/032009?filters=&page=1,멀티비타민 에너지샷 (10병),아임비타,https://www.kurly.com/goods/1001315867,10400,49,2025.09.18,"멀티비타민 에너지샷~~
피곤하다해서 구매했어요."
https://www.kurly.com/categories/032009?filters=&page=1,멀티비타민 에너지샷 (10병),아임비타,https://www.kurly.com/goods/1001315867,10400,49,2025.09.15,양이 넘많고 새콤한맛이 적고 딱 에너지음료맛
https://www.kurly.com/categories/032009?filters=&page=1,멀티비타민 에너지샷 (10병),아임비타,https://www.kurly.com/goods/1001315867,10400,49,2025.09.15,아침에 마시기좋아서 재구매했어요.
https://www.kurly.com/categories/032009?filters=&page=1,멀티비타민 에너지샷 (10병),아임비타,https://www.kurly.com/goods/1001315867,10400,49,2025.09.07,괜찮은 것 같아서 재주문
https://www.kurly.com/categories/032009?filters=&page=1,멀티비타민 에너지샷 (10병),아임비타,https://www.kurly.com/goods/1001315867,10400,49,2025.09.07,박카스 대신 사봤음
https://www.kurly.com/categories/032009?filters=&page=1,멀티비타민 에너지샷 (10병),아임비타,https://www.kurly.com/goods/1001315867,10400,49,2025.09.07,시원하게 먹어요 맛있어요 ㅋ
https://www.kurly.com/categories/032009?filters=&page=1,멀티비타민 에너지샷 (10병),아임비타,https://www.kurly.com/goods/1001315867,10400,49,2025.09.05,아침에 마시기 좋아요.
https://www.kurly.com/categories/032009?filters=&page=1,멀티비타민 에너지샷 (10병),아임비타,https://www.kurly.com/goods/1001315867,10400,49,2025.09.04,용량이 크고 박카스 대체품으로 괜찮음.
https://www.kurly.com/categories/032009?filters=&page=1,멀티비타민 에너지샷 (10병),아임비타,https://www.kurly.com/goods/1001315867,10400,49,2025.09.01,아침마다 영양제와 함께 마셔요.
https://www.kurly.com/categories/032009?filters=&page=1,신경엔 마그네슘 (90일분),한미양행,https://www.kurly.com/goods/5081149,12530,1515,2024.07.12,"예전에 몇번 먹었던 제품인데 요즘에 잠을 또 못 자고 신경이 좀 예민해지는듯하여 가성비가 좋은 한미양행의 마그네슘 제품을 선택했습니다. 

비타민A, 비타민 D, 비타민 B12 등 필수 영양소들도 같이 들어있어서 좋았어요. 

최근 잠을 또 못 잔다싶으면 마그네슘을 안 먹은게 티가 나더라구요. 최근 며칠 그래서 마그네슘을 먹었는데 어젯밤은 너무너무 잘 자고 일어나서 컨디션이 너무 좋습니다.! 

역시 마그네슘은 꼭 필요한 영양소에요 ㅠ 
또 눈이 많이 피로한 사람인데 그에 도움이 되는 영양소들이 들어가있어서 좋았습니다. 
그리고 눈떨림도 많이 잡아주는것 같아요!!"
https://www.kurly.com/categories/032009?filters=&page=1,신경엔 마그네슘 (90일분),한미양행,https://www.kurly.com/goods/5081149,12530,1515,2025.09.15,동생에게 보내줬어요
https://www.kurly.com/categories/032009?filters=&page=1,신경엔 마그네슘 (90일분),한미양행,https://www.kurly.com/goods/5081149,12530,1515,2025.09.14,세일해서 쟁였어요 좋아요
https://www.kurly.com/categories/032009?filters=&page=1,신경엔 마그네슘 (90일분),한미양행,https://www.kurly.com/goods/5081149,12530,1515,2025.09.12,눈 밑 떨려서 샀는데 아직 효과 모르겠
https://www.kurly.com/categories/032009?filters=&page=1,신경엔 마그네슘 (90일분),한미양행,https://www.kurly.com/goods/5081149,12530,1515,2025.09.11,첨 먹어보는데 효과 좋았음 좋겠어요
https://www.kurly.com/categories/032009?filters=&page=1,신경엔 마그네슘 (90일분),한미양행,https://www.kurly.com/goods/5081149,12530,1515,2025.09.07,적당한 가격에 마그네슘 구매해서 잘 챙겨먹고 있습니다 소비기한도 넉넉하게 왔어요
https://www.kurly.com/categories/032009?filters=&page=1,신경엔 마그네슘 (90일분),한미양행,https://www.kurly.com/goods/5081149,12530,1515,2025.09.06,신경 마그네슘  꾸준히 먹어보려구요~
https://www.kurly.com/categories/032009?filters=&page=1,신경엔 마그네슘 (90일분),한미양행,https://www.kurly.com/goods/5081149,12530,1515,2025.09.05,재구매합니다 좋습니다
https://www.kurly.com/categories/032009?filters=&page=1,신경엔 마그네슘 (90일분),한미양행,https://www.kurly.com/goods/5081149,12530,1515,2025.09.03,가성비가 좋습니다. 그리고 이걸 먹고 수면 질이 올라갔어요. 몸이 이완되어서인지 편하게 잡니다.
https://www.kurly.com/categories/032009?filters=&page=1,신경엔 마그네슘 (90일분),한미양행,https://www.kurly.com/goods/5081149,12530,1515,2025.09.01,언제나 재구매템입니다
https://www.kurly.com/categories/032009?filters=&page=1,엘더베리맛 비타민 C&D 2통(70일분) 선물세트,엔젯오리진,https://www.kurly.com/goods/1001032058,21900,32,2025.01.15,"♥️ 엔젯 오리진 엘더베리맛 비타민

이번에 지인에게 명절 선물 주려고 알아 보다가
이런 비타민 영양제 너무 좋을 것 같아서
주문해봤습니다!

1일 2 구미씩 섭취 하면 되는데￼
이렇게 젤리로 된 제품은 일반 영양제보다
맛도 좋고 먹기도 간편하더라구요
제가 픽한 이유 중 하나입니다. ^^

비타민 C 와 D 그리고 아연을
한 번에 챙길 수 있는 제품이라서 
더 좋은 거 같구요. 
뼈건강 면역력 관리에 좋아서 남녀노소 누구나
섭취가 가능하더라구요~
받아 보니 아주 고급지네용!!

구미로 된 영양제는 처음 먹어 본다면서
영양제가 너무 맛있다며~ㅎㅎ
받으시는 분이 엄청 좋아하셨어요!!
맛있어서 진짜 꼬박꼬박 
잘 챙겨 먹을 수 있는 것 같아요
이 제품으로 선택 잘한 것 같아요~
재구매 각 입니다!
명절 선물용으로 진짜 추천 드려요￼♥️"
https://www.kurly.com/categories/032009?filters=&page=1,엘더베리맛 비타민 C&D 2통(70일분) 선물세트,엔젯오리진,https://www.kurly.com/goods/1001032058,21900,32,2025.01.12,"곧 설이어서 거래처 전무님께 선물하려고 구매했어요!
저에겐 은인 같은 분이시거든요 ㅎㅎ 소중한 인연인 만큼 선물로 어떤걸 드릴까 고민하다가 평소 제가 잘 먹고있는 영양제 드리는게 좋을 것 같아서 요걸로 선택!

입 심심 하실때 믹스커피나, 당 잔뜩 들어있는 간식 드시는대신에 요 구미젤리 드시면 좋을 것 같더라구요!
저도 요 영양제로 식사후에 항상 챙겨먹던 간식을 끊었거든요 ㅎㅎ 정말 맛있어요..ෆ 
다른 구미영양제도 먹어봤지만 이상한 맛 나거나 식감이 별로였는데 요건 구냥 마이구미 맛이예요ෆ 

패키지가 너무 깔끔해서 고급져보이고 쇼핑백까지 증정돼서 굿굿ෆ 이제 바빠질것같아 얼른 가져다 드리고왔는데 비싼거아니냐고 그러시더라구요 ㅎㅎ 패키지덕분ෆ 

필수로 먹어야하는 비타민C, D, 아연들어있고 젤리처럼 맛있어서 어린이들에게 선물하기에도 굿ෆ  
설연휴만되면 선물 뭐해야할지 머리아프신분들 많으실텐데 남녀노소 모두가 먹을 수 있고 가격대도 적당한 
요 영양제 추천드려요!!!"
https://www.kurly.com/categories/032009?filters=&page=1,엘더베리맛 비타민 C&D 2통(70일분) 선물세트,엔젯오리진,https://www.kurly.com/goods/1001032058,21900,32,2025.09.22,저렴하게 득템했네요 또사야겠어요 강추합니다 엄마가게에 보내드렸어요 좋아하시네요
https://www.kurly.com/categories/032009?filters=&page=1,엘더베리맛 비타민 C&D 2통(70일분) 선물세트,엔젯오리진,https://www.kurly.com/goods/1001032058,21900,32,2025.09.21,아이들과 함께 먹기 너무 좋아요. 할인할때 쟁여두세요.
https://www.kurly.com/categories/032009?filters=&page=1,엘더베리맛 비타민 C&D 2통(70일분) 선물세트,엔젯오리진,https://www.kurly.com/goods/1001032058,21900,32,2025.09.20,상자 없이 비타민만 구매 할 수 있으면 좋겠어요.
https://www.kurly.com/categories/032009?filters=&page=1,엘더베리맛 비타민 C&D 2통(70일분) 선물세트,엔젯오리진,https://www.kurly.com/goods/1001032058,21900,32,2025.09.18,선물로 구매해봤어요 아이들 있는집에 어른들과 같이 먹기 좋을것같아요 쇼핑백은 같이 오지 않는 제품인것 같네요
https://www.kurly.com/categories/032009?filters=&page=1,엘더베리맛 비타민 C&D 2통(70일분) 선물세트,엔젯오리진,https://www.kurly.com/goods/1001032058,21900,32,2025.09.17,추석 선물용으로 미리 구매해봤어요 부담없이 선물하기 좋습니다
https://www.kurly.com/categories/032009?filters=&page=1,엘더베리맛 비타민 C&D 2통(70일분) 선물세트,엔젯오리진,https://www.kurly.com/goods/1001032058,21900,32,2025.09.16,저렴해서 선물용이지만 아이 먹이려고 샀어요. 종이가방까지 함께와서 간단히 선물 드리기 좋을것 같아요
https://www.kurly.com/categories/032009?filters=&page=1,엘더베리맛 비타민 C&D 2통(70일분) 선물세트,엔젯오리진,https://www.kurly.com/goods/1001032058,21900,32,2025.09.14,비타민 좋아 보여요. 믿고 구매합니다.
https://www.kurly.com/categories/032009?filters=&page=1,엘더베리맛 비타민 C&D 2통(70일분) 선물세트,엔젯오리진,https://www.kurly.com/goods/1001032058,21900,32,2025.09.14,"저번주는 소핑백줘서 선물햇능데
이번이는 안줘서 망햇음
물량확보할때 쇼핑백 부족한게 이해안감"
https://www.kurly.com/categories/032009?filters=&page=1,에너지 비타민B-콤플렉스 청포도향 구미 (30일분),엔젯오리진,https://www.kurly.com/goods/5069272,10900,1031,2022.10.08,"이 제품은 제가 제일 좋아하는 친구가 저에게 선물해줘서 처음 접하게 되었는데 그 뒤로 틈틈이 재구매 하게된 상품이에요.

비타민B는 활력과 피로회복에 관여하고 에너지 생성의 핵심 요소라고 해서 낮에 챙겨먹으면 좋다고 해요. 
오후에 심심하거나 할때 사탕대신 간식처럼 이렇게 젤리로 된 비타민 먹으니까 좋아요.

건강식품인데 노란색으로 된 별모양의 젤리를 먹으니 괜히 기분이 좋더라구요.
별거 아니지만 단거대신 건강을 위한 무언가를 먹는다는 사실도 약간 기분전환에 도움이 되구요.

상큼한 과일맛에 적당히 부드러운 식감의 젤리라서 씹기에 부담이 없고 과하게 달거나 질긴 식감이 아니라서 마음에 들어요.
젤리형태로 된 비타민 제품을 몇가지 먹어봤는데 엔젯오리진 제품은 치아에 달라붙거나 끈적이는 느낌이 없는게 장점인것 같아요.
주원료도 첨가물 적고 간결한 편이어서 좋구요.

저처럼 비타민을 잘 챙겨먹지 않는 분들은 젤리로 된 제품이 도움이 되는것 같아요. 확실히 눈앞에 있으니까 한번이라도 더 챙겨먹게 되더라구요."
https://www.kurly.com/categories/032009?filters=&page=1,에너지 비타민B-콤플렉스 청포도향 구미 (30일분),엔젯오리진,https://www.kurly.com/goods/5069272,10900,1031,2025.09.14,비타민B영양제 특유의 냄새가 확 나네요 너무 말캉한거 같아요
https://www.kurly.com/categories/032009?filters=&page=1,에너지 비타민B-콤플렉스 청포도향 구미 (30일분),엔젯오리진,https://www.kurly.com/goods/5069272,10900,1031,2025.09.13,"요새 너무 피곤해서 몸 좀 챙기려구 샀어요
특유의 약냄새는 있지만 맛도 있고 먹기도 편해서 좋네요ㅎㅎ"
https://www.kurly.com/categories/032009?filters=&page=1,에너지 비타민B-콤플렉스 청포도향 구미 (30일분),엔젯오리진,https://www.kurly.com/goods/5069272,10900,1031,2025.09.08,회사에 갖다놓고 먹고있어용 비타민 꼭챙!
https://www.kurly.com/categories/032009?filters=&page=1,에너지 비타민B-콤플렉스 청포도향 구미 (30일분),엔젯오리진,https://www.kurly.com/goods/5069272,10900,1031,2025.09.04,혀가 갈라지고 아파서 비타민 B가 부족하다고 해서 시켜먹어 봤고 두통째 먹고 있는데 이것 때문인지 시간이 지나서 그런지 몰라도 싹 나았어요!
https://www.kurly.com/categories/032009?filters=&page=1,에너지 비타민B-콤플렉스 청포도향 구미 (30일분),엔젯오리진,https://www.kurly.com/goods/5069272,10900,1031,2025.08.31,종종 먹던 비타민입니다
https://www.kurly.com/categories/032009?filters=&page=1,에너지 비타민B-콤플렉스 청포도향 구미 (30일분),엔젯오리진,https://www.kurly.com/goods/5069272,10900,1031,2025.08.27,비린맛 있다는 후기 있던데 약간 느끼한듯한 맛이 있지만 거슬릴정도는 아님
https://www.kurly.com/categories/032009?filters=&page=1,에너지 비타민B-콤플렉스 청포도향 구미 (30일분),엔젯오리진,https://www.kurly.com/goods/5069272,10900,1031,2025.08.20,"알약으로 먹으면 비타민 비 특유의 냄새가 오래 남는게 싫어서 젤리로 구입해 봤는데, 특유의 냄새가 나긴하네요. 그래도 첨 먹을때만 참으면 뒷맛은 젤리맛이라 좀 나아요ㅋ"
https://www.kurly.com/categories/032009?filters=&page=1,에너지 비타민B-콤플렉스 청포도향 구미 (30일분),엔젯오리진,https://www.kurly.com/goods/5069272,10900,1031,2025.08.20,젤리형이라 먹기 좋아요
https://www.kurly.com/categories/032009?filters=&page=1,에너지 비타민B-콤플렉스 청포도향 구미 (30일분),엔젯오리진,https://www.kurly.com/goods/5069272,10900,1031,2025.08.19,회사에서 한개씩 먹으려고 구매했어요
https://www.kurly.com/categories/032009?filters=&page=1,비타민 C&D 3000 (청포도맛) (33일분),닥터브라이언,https://www.kurly.com/goods/1000572072,14900,108,2025.09.18,비타민을 좀 맛있게 먹어보려고 구입했어요. 약 맛 안나고 고소한 맛이 나네요
https://www.kurly.com/categories/032009?filters=&page=1,비타민 C&D 3000 (청포도맛) (33일분),닥터브라이언,https://www.kurly.com/goods/1000572072,14900,108,2025.09.18,청포도 맛으로 구매해 먹어 보려고 합니다.
https://www.kurly.com/categories/032009?filters=&page=1,비타민 C&D 3000 (청포도맛) (33일분),닥터브라이언,https://www.kurly.com/goods/1000572072,14900,108,2025.09.13,상큼상큼 맛있어요 아이들도 좋아하고 저도 저 손이가서 먹게 되네요^^
https://www.kurly.com/categories/032009?filters=&page=1,비타민 C&D 3000 (청포도맛) (33일분),닥터브라이언,https://www.kurly.com/goods/1000572072,14900,108,2025.09.12,오오 청포도향나고 쫄깃한게 아주 맛있음
https://www.kurly.com/categories/032009?filters=&page=1,비타민 C&D 3000 (청포도맛) (33일분),닥터브라이언,https://www.kurly.com/goods/1000572072,14900,108,2025.08.20,다른 젤리 비타민에 비해 맛이 별로였어요
https://www.kurly.com/categories/032009?filters=&page=1,비타민 C&D 3000 (청포도맛) (33일분),닥터브라이언,https://www.kurly.com/goods/1000572072,14900,108,2025.08.11,"늘먹는 비타민
먹기도편하고
맛도좋아요"
https://www.kurly.com/categories/032009?filters=&page=1,비타민 C&D 3000 (청포도맛) (33일분),닥터브라이언,https://www.kurly.com/goods/1000572072,14900,108,2025.08.09,"청포도맛은
처음인데 아이가 좋아하네요. 세일 때 저렴하게 잘 샀습니다!"
https://www.kurly.com/categories/032009?filters=&page=1,비타민 C&D 3000 (청포도맛) (33일분),닥터브라이언,https://www.kurly.com/goods/1000572072,14900,108,2025.08.08,달콤해서 아이들이 좋아해요
https://www.kurly.com/categories/032009?filters=&page=1,비타민 C&D 3000 (청포도맛) (33일분),닥터브라이언,https://www.kurly.com/goods/1000572072,14900,108,2025.08.03,성분도 좋고 구미인 점도 좋고 청포도 맛도 좋고 근데 왜 설탕가루를 묻일까요ㅎㅎ 꾸준히 먹으면 건강에 도움이 되겠지요~
https://www.kurly.com/categories/032009?filters=&page=1,비타민 C&D 3000 (청포도맛) (33일분),닥터브라이언,https://www.kurly.com/goods/1000572072,14900,108,2025.07.16,우리딸이 맛나다고 하네요
https://www.kurly.com/categories/032009?filters=&page=1,액티브 데일리 멀티 포 우먼 (60일분),네이처메이드,https://www.kurly.com/goods/5054292,27900,455,2025.09.05,네이처메이드 멀티비타민 첫구매
https://www.kurly.com/categories/032009?filters=&page=1,액티브 데일리 멀티 포 우먼 (60일분),네이처메이드,https://www.kurly.com/goods/5054292,27900,455,2025.09.01,비타민 함량이 엄청 높진않지만 매일 챙겨먹는 용으로 가격대비 나쁘진않아요 ~
https://www.kurly.com/categories/032009?filters=&page=1,액티브 데일리 멀티 포 우먼 (60일분),네이처메이드,https://www.kurly.com/goods/5054292,27900,455,2025.08.17,올리브0에서 사먹다가 여기가 더 저렴해서 시켰어요. 좋네요!
https://www.kurly.com/categories/032009?filters=&page=1,액티브 데일리 멀티 포 우먼 (60일분),네이처메이드,https://www.kurly.com/goods/5054292,27900,455,2025.08.12,건강검진후 부족한 영양소 보충으로
https://www.kurly.com/categories/032009?filters=&page=1,액티브 데일리 멀티 포 우먼 (60일분),네이처메이드,https://www.kurly.com/goods/5054292,27900,455,2025.08.04,건강검진하고 비타민d와 칼슘 철분이 모자라다고 나와서 ㅠㅠ 한꺼번에 먹을 수 있어 기대
https://www.kurly.com/categories/032009?filters=&page=1,액티브 데일리 멀티 포 우먼 (60일분),네이처메이드,https://www.kurly.com/goods/5054292,27900,455,2025.07.19,안먹으면 아쉬워서.. 꼬박꼬박 챙겨먹고 있어요.
https://www.kurly.com/categories/032009?filters=&page=1,액티브 데일리 멀티 포 우먼 (60일분),네이처메이드,https://www.kurly.com/goods/5054292,27900,455,2025.07.18,후기보고 여러가지 영양되어있어주문요
https://www.kurly.com/categories/032009?filters=&page=1,액티브 데일리 멀티 포 우먼 (60일분),네이처메이드,https://www.kurly.com/goods/5054292,27900,455,2025.07.15,재구매 꾸준히 먹고있어요
https://www.kurly.com/categories/032009?filters=&page=1,액티브 데일리 멀티 포 우먼 (60일분),네이처메이드,https://www.kurly.com/goods/5054292,27900,455,2025.07.14,"매일 복용하는 종합비타민
안먹으면 뭔가허전함"
https://www.kurly.com/categories/032009?filters=&page=1,액티브 데일리 멀티 포 우먼 (60일분),네이처메이드,https://www.kurly.com/goods/5054292,27900,455,2025.07.09,목넘김이 좋아요 굿
https://www.kurly.com/categories/032009?filters=&page=1,아임비타 멀티비타민 데일리 1박스 (2개월분),종근당건강,https://www.kurly.com/goods/1000154406,12900,318,2025.09.21,"잘 받았습니다!
세일해서 착한 가격에 잘 샀어요 
감사합니다"
https://www.kurly.com/categories/032009?filters=&page=1,아임비타 멀티비타민 데일리 1박스 (2개월분),종근당건강,https://www.kurly.com/goods/1000154406,12900,318,2025.09.13,가족들 가성비 있게 비타민 섭취할려고 구입했고 잘챙겨먹고 있어요
https://www.kurly.com/categories/032009?filters=&page=1,아임비타 멀티비타민 데일리 1박스 (2개월분),종근당건강,https://www.kurly.com/goods/1000154406,12900,318,2025.09.13,숙면 보조식품. 안 깨고 잘 자요~ 통잠 잔다는.
https://www.kurly.com/categories/032009?filters=&page=1,아임비타 멀티비타민 데일리 1박스 (2개월분),종근당건강,https://www.kurly.com/goods/1000154406,12900,318,2025.09.09,성분 구성 좋아서 늘 먹어요.
https://www.kurly.com/categories/032009?filters=&page=1,아임비타 멀티비타민 데일리 1박스 (2개월분),종근당건강,https://www.kurly.com/goods/1000154406,12900,318,2025.09.09,자주 구매해요. 가격대비 좋아요.0
https://www.kurly.com/categories/032009?filters=&page=1,아임비타 멀티비타민 데일리 1박스 (2개월분),종근당건강,https://www.kurly.com/goods/1000154406,12900,318,2025.09.08,"NH 쿠폰 10000원이 들어와서 둘러보다가 멀티 비타민을 다 먹어 가길래 검색해 보았더니 요즘 티쳐* 에서 많이 보던 아임 비타에도 데일리 멀티 비타민이 있네요..

후기를 읽어보았는데 후기도 좋고 비타민 5 종과 미네랄 8 종이 모두 들어있는 멀티 비타민이라고 해서 이번에 바꾸어서 먹어보려고 주문해 보았습니다. 

아이가 알약을 아직 삼키지를 못해서 다시 검색해보니 
젤리 형태로도 나오네요. 아이 거는 구미로  구입해 볼 계획입니다.


멀티 비타민으로 아침을 시작해서 루테인이나 오메가3나 비타민C나 마그네슘 철분제 등등을 추가로 먹고 있는데요. 

하루에 시작해 세포를 깨워주는 멀티 비타민으로 아임 비타를 꾸준히 먹어볼 계획을 가지고 있습니다. 부디 효과가 좋기를 바라면서 이상 유럽산 프리미엄 비타민 아임비타 멀티 비타민 데일리에 대한 후기였습니다."
https://www.kurly.com/categories/032009?filters=&page=1,아임비타 멀티비타민 데일리 1박스 (2개월분),종근당건강,https://www.kurly.com/goods/1000154406,12900,318,2025.08.25,먹기 편하고 가성비 좋습니다! 하루에 한알이라 부담 없어요
https://www.kurly.com/categories/032009?filters=&page=1,아임비타 멀티비타민 데일리 1박스 (2개월분),종근당건강,https://www.kurly.com/goods/1000154406,12900,318,2025.08.24,청소년기 아이들용 영양제로 좋아요^^
https://www.kurly.com/categories/032009?filters=&page=1,아임비타 멀티비타민 데일리 1박스 (2개월분),종근당건강,https://www.kurly.com/goods/1000154406,12900,318,2025.08.20,자주구매!! 배송 편하고 좋아요
https://www.kurly.com/categories/032009?filters=&page=1,아임비타 멀티비타민 데일리 1박스 (2개월분),종근당건강,https://www.kurly.com/goods/1000154406,12900,318,2025.08.19,"먹던 비타민 다먹어서 구매했어요
저렴하게 구매했어요"
https://www.kurly.com/categories/032009?filters=&page=1,아미노맥스 에너지젤 2520 10포,프롬바이오,https://www.kurly.com/goods/1001397372,11900,26,2025.09.22,마라톤 대회 참가 할때 먹으려고 구매했습니다
https://www.kurly.com/categories/032009?filters=&page=1,아미노맥스 에너지젤 2520 10포,프롬바이오,https://www.kurly.com/goods/1001397372,11900,26,2025.09.16,무난하게 맛있대요 좋아요
https://www.kurly.com/categories/032009?filters=&page=1,아미노맥스 에너지젤 2520 10포,프롬바이오,https://www.kurly.com/goods/1001397372,11900,26,2025.09.07,체력소모 많은 동생 선물 줬는데 효과 있길...
https://www.kurly.com/categories/032009?filters=&page=1,아미노맥스 에너지젤 2520 10포,프롬바이오,https://www.kurly.com/goods/1001397372,11900,26,2025.09.07,개인적으로 운동용이 아니고 영아들과 생활해서 체력 정신력 소모가 많은 편이라 오후가 되면 피곤하고 체력이 급격하게 떨어져서 그럴 때 한 개 먹고 기력 보충하고 있습니다.
https://www.kurly.com/categories/032009?filters=&page=1,아미노맥스 에너지젤 2520 10포,프롬바이오,https://www.kurly.com/goods/1001397372,11900,26,2025.09.06,재구매는 안할듯 ~~
https://www.kurly.com/categories/032009?filters=&page=1,아미노맥스 에너지젤 2520 10포,프롬바이오,https://www.kurly.com/goods/1001397372,11900,26,2025.09.06,아침조깅할때 하나씩 먹으면 힘이 나는것같아요.
https://www.kurly.com/categories/032009?filters=&page=1,아미노맥스 에너지젤 2520 10포,프롬바이오,https://www.kurly.com/goods/1001397372,11900,26,2025.09.01,운동갈때 하나씩 챙겨가요
https://www.kurly.com/categories/032009?filters=&page=1,아미노맥스 에너지젤 2520 10포,프롬바이오,https://www.kurly.com/goods/1001397372,11900,26,2025.08.30,"물놀이 갈 때 먹었는데, 진짜 하루종일 피곤하지 않아서 놀랏어요."
https://www.kurly.com/categories/032009?filters=&page=1,아미노맥스 에너지젤 2520 10포,프롬바이오,https://www.kurly.com/goods/1001397372,11900,26,2025.08.26,"장거리 달리기 하며서 한포씩 먹는데, 맛도 괜찮고, 효과도 있네요."
https://www.kurly.com/categories/032009?filters=&page=1,아미노맥스 에너지젤 2520 10포,프롬바이오,https://www.kurly.com/goods/1001397372,11900,26,2025.08.25,운동가기전에 섭취하면 효과 좋은것 같아요
https://www.kurly.com/categories/032009?filters=&page=1,트리플러스 한정판 트윈세트 (100일분),세노비스,https://www.kurly.com/goods/1000015766,75000,50,2022.08.11,"세노비스 제품은 밀크씨슬이랑 트리플러스 한정판 먹고있어요.
1년전부터 눈에 염증을 달고 살았어요. 큰안과가서 정밀검사를해도 별다른 병명은 없었어요. 그냥 눈에 염증정도라고 안약만 처방해주었어요. 그런데 아무리 안약을넣어도 그때뿐이고 염증은 계속 나아지질 않았어요. 눈이 계속 뻐근하고 아팠어요.
거의 1년을 그러고 살다가 오메가-3 가 들어있는 트리플러스한정판을 3통정도 먹었는데, 신기하게도 눈염증이 없어졌어요. 눈물약, 안약을 달고 살았는데 지금은 넣지않고 잘 지낸답니다.
뻐근한것도 없어졌어요.
아마 오메가-3가 망막에 도움을 준거 같아서 후기남겨 봅니다.
체질이 사람마다 똑같진않지만, 혹여 눈건강때문에 힘드신분계시면 한번 드셔보라고 권하고 싶어서요. 저는 너무 만족하고 있거든요.
마켓컬리에서 구입을 해보니 가격대가 다른곳보다 저렴했어요. 하루2알 50일분이니 셋트로구매하면 100일분. 100일정도는 먹어줘야 제대로 효과를 볼듯요 ^^
캡슐크기가 좀 크긴하나, 연질이라서 말랑말랑부드러워요. 목넘김 전혀 불편하지 않아요.
새벽배송 바로 해주어서 아주 잘 먹고 있답니다."
https://www.kurly.com/categories/032009?filters=&page=1,트리플러스 한정판 트윈세트 (100일분),세노비스,https://www.kurly.com/goods/1000015766,75000,50,2025.06.09,"오메가와 비타민 미네랄이 같이 들어잇어서
챙겨먹기 편리하고 좋아요
선물로도  좋앗어요"
https://www.kurly.com/categories/032009?filters=&page=1,트리플러스 한정판 트윈세트 (100일분),세노비스,https://www.kurly.com/goods/1000015766,75000,50,2025.03.19,자주 먹었던 영양제라 피곤할 때 먹음 효과있어요
https://www.kurly.com/categories/032009?filters=&page=1,트리플러스 한정판 트윈세트 (100일분),세노비스,https://www.kurly.com/goods/1000015766,75000,50,2025.02.18,선물용으로 구매했어요
https://www.kurly.com/categories/032009?filters=&page=1,트리플러스 한정판 트윈세트 (100일분),세노비스,https://www.kurly.com/goods/1000015766,75000,50,2025.02.07,"설 선물로 구매했어요
좀 비싸지만 바로 다음날 오니 구매했어요
구성은 좋아요"
https://www.kurly.com/categories/032009?filters=&page=1,트리플러스 한정판 트윈세트 (100일분),세노비스,https://www.kurly.com/goods/1000015766,75000,50,2025.01.26,남편이 효과가 있다고 하네요
https://www.kurly.com/categories/032009?filters=&page=1,트리플러스 한정판 트윈세트 (100일분),세노비스,https://www.kurly.com/goods/1000015766,75000,50,2024.10.17,"상세설명에 쇼핑백이랑 보내주신 쇼핑백이랑 저게 어떻게 같나요? ㅡㅡ 선물용인데 아침부터 짜증이 확나네요!!!
리뷰에 누군 쇼핑백이 크고 누군 작고
일처리 똑바로 하세요!"
https://www.kurly.com/categories/032009?filters=&page=1,트리플러스 한정판 트윈세트 (100일분),세노비스,https://www.kurly.com/goods/1000015766,75000,50,2024.10.11,부모님께 선물했어요.
https://www.kurly.com/categories/032009?filters=&page=1,트리플러스 한정판 트윈세트 (100일분),세노비스,https://www.kurly.com/goods/1000015766,75000,50,2024.09.26,매일 잘 먹고 있습니다. 확실히 피로도가 덜 한 거 같습니다
https://www.kurly.com/categories/032009?filters=&page=1,트리플러스 한정판 트윈세트 (100일분),세노비스,https://www.kurly.com/goods/1000015766,75000,50,2024.09.24,저렴하게 잘 샀어요 빠른 배송 감사합니다
https://www.kurly.com/categories/032009?filters=&page=1,비타구미 마그네슘 (40일분),네이처스웨이,https://www.kurly.com/goods/1000357247,32900,17,2025.09.08,호주 여행에서 우연히 알게된 네이처스웨이 컬리에서 마그네슘 비타민D3 등 접해 꾸준히 먹고 있습니다 구미라 약 삼키지 못하는 나에게는 고마운 영양제~
https://www.kurly.com/categories/032009?filters=&page=1,비타구미 마그네슘 (40일분),네이처스웨이,https://www.kurly.com/goods/1000357247,32900,17,2025.08.31,세일하길래 한번 구매해 봤습니다.
https://www.kurly.com/categories/032009?filters=&page=1,비타구미 마그네슘 (40일분),네이처스웨이,https://www.kurly.com/goods/1000357247,32900,17,2025.07.22,식감은 흙 씹은 것 같지만 몸 생각해서 먹어요
https://www.kurly.com/categories/032009?filters=&page=1,비타구미 마그네슘 (40일분),네이처스웨이,https://www.kurly.com/goods/1000357247,32900,17,2025.07.07,늘 꾸준히 섭취하고 있는 영양제. 구미지만 약간 서걱거린 느낌은 별로이지만 알약 못 삼키는 저에게는 넘 고마운 제품 고마운 맘으로 꾸준히 쭈욱 섭취하겠습니다~
https://www.kurly.com/categories/032009?filters=&page=1,비타구미 마그네슘 (40일분),네이처스웨이,https://www.kurly.com/goods/1000357247,32900,17,2025.06.27,눈 아래 떨림현상 때문에....먹기 편할듯
https://www.kurly.com/categories/032009?filters=&page=1,비타구미 마그네슘 (40일분),네이처스웨이,https://www.kurly.com/goods/1000357247,32900,17,2025.04.25,호주 여행에서 알게된 브랜드~ 비타민C와D는 꾸준히 먹고 있고 마그네슘은 처음인데 알약 삼키지 못하는 저에게 큰도움이 되겠습니다 제 건강지키미가 되어주겠지요
https://www.kurly.com/categories/032009?filters=&page=1,비타구미 마그네슘 (40일분),네이처스웨이,https://www.kurly.com/goods/1000357247,32900,17,2025.04.15,약간서걱서걱느낌이있지만못먹을정도는아니예요
https://www.kurly.com/categories/032009?filters=&page=1,비타구미 마그네슘 (40일분),네이처스웨이,https://www.kurly.com/goods/1000357247,32900,17,2025.03.31,맛있어요~꾸준히 먹어보려구요
https://www.kurly.com/categories/032009?filters=&page=1,비타구미 마그네슘 (40일분),네이처스웨이,https://www.kurly.com/goods/1000357247,32900,17,2024.10.13,아..가루가 씹히는 서걱함..오렌지젤리가아닌 약을 굳힌맛..
https://www.kurly.com/categories/032009?filters=&page=1,비타구미 마그네슘 (40일분),네이처스웨이,https://www.kurly.com/goods/1000357247,32900,17,2024.09.04,"눈떨림이
딸이 있어서 먹었던건데
그게 사라졌어요 그래서 여기서 구매합니다"
https://www.kurly.com/categories/032009?filters=&page=1,여성용 멀티비타민&미네랄 30정 (30일분),솔가,https://www.kurly.com/goods/1000953996,25840,19,2025.09.11,"한참 먹었는데 후기 쓰려고 사진찍는  날
반토막짜리가 나왔어요.. 믿고 먹어도 되는지 ㅠㅠ"
https://www.kurly.com/categories/032009?filters=&page=1,여성용 멀티비타민&미네랄 30정 (30일분),솔가,https://www.kurly.com/goods/1000953996,25840,19,2025.09.06,비타민 떨어져서 구매
https://www.kurly.com/categories/032009?filters=&page=1,여성용 멀티비타민&미네랄 30정 (30일분),솔가,https://www.kurly.com/goods/1000953996,25840,19,2025.08.16,미네랄 필수입니다 여러분
https://www.kurly.com/categories/032009?filters=&page=1,여성용 멀티비타민&미네랄 30정 (30일분),솔가,https://www.kurly.com/goods/1000953996,25840,19,2025.07.29,할인해서 잘~구입합니다.
https://www.kurly.com/categories/032009?filters=&page=1,여성용 멀티비타민&미네랄 30정 (30일분),솔가,https://www.kurly.com/goods/1000953996,25840,19,2025.07.19,신선하게잘받았습니다.
https://www.kurly.com/categories/032009?filters=&page=1,여성용 멀티비타민&미네랄 30정 (30일분),솔가,https://www.kurly.com/goods/1000953996,25840,19,2025.07.17,처음 구입 좋은 제품이기를
https://www.kurly.com/categories/032009?filters=&page=1,여성용 멀티비타민&미네랄 30정 (30일분),솔가,https://www.kurly.com/goods/1000953996,25840,19,2025.06.13,"솔가로 영양제 다먹어요!
좋아요"
https://www.kurly.com/categories/032009?filters=&page=1,여성용 멀티비타민&미네랄 30정 (30일분),솔가,https://www.kurly.com/goods/1000953996,25840,19,2025.05.02,"종합비타민 필요해서 주문해요
잘맞기를"
https://www.kurly.com/categories/032009?filters=&page=1,여성용 멀티비타민&미네랄 30정 (30일분),솔가,https://www.kurly.com/goods/1000953996,25840,19,2025.04.23,만성피로에 필수에요
https://www.kurly.com/categories/032009?filters=&page=1,여성용 멀티비타민&미네랄 30정 (30일분),솔가,https://www.kurly.com/goods/1000953996,25840,19,2025.02.27,늘 한알씩 챙겨먹는 올가 멀티비타민을 컬리에서 주문할 수 있어 편리하고 좋아요
https://www.kurly.com/categories/032009?filters=&page=1,비타민D 미니 1박스 (24일분),로트벡쉔,https://www.kurly.com/goods/1001316337,62500,356,2025.07.06,건강을 위해 구매했어요 맛은 괜찮아요
https://www.kurly.com/categories/032009?filters=&page=1,비타민D 미니 1박스 (24일분),로트벡쉔,https://www.kurly.com/goods/1001316337,62500,356,2025.06.09,"지금 4개째 마시고 있는데요…
지금까지 전부다 뚜껑이 그냥 열리네요 
열어서 넣고 닫아 둔것 처럼요.. 왜 그렇죠..?? 
원래 딸깍하고 열어져야 하는거 아닌가요?
누가 독약 넣어놔도 모를 정도네요..
품질 괜찮은 거 맞나요?"
https://www.kurly.com/categories/032009?filters=&page=1,비타민D 미니 1박스 (24일분),로트벡쉔,https://www.kurly.com/goods/1001316337,62500,356,2024.10.26,"안녕하세요. 고객님
바쁘신 와중에 오늘도 컬리를 찾아주셔서 먼저 감사 인사드립니다.

즐거운 마음으로 구매하여 주신 상품이나 이렇게 고객님께 만족스럽지 못한 품질로 불편하게 하여 죄송합니다.

컬리에서는 지속적인 상품의 품질관리와 자체적인 판매기준 수립을 통해 고객님께 안전하고 신선한 먹거리와 고객님의 일상을 더욱 풍족하게 해드릴 수 있는 상품을 제공하고자 최선을 다하고 있습니다.

또한 다양한 채널로 남겨주신 목소리들을 지속해서 모니터링 하고 있으며, 상품의 품질을 비롯해 배송, 서비스 등에 대해서 아쉬운 부분들을 찾아 개선하고자 노력하고 있습니다.

소중한 의견 감사드리며 다시 한번 고객님께 불편드린 점 사과의 말씀 드립니다.

남겨주신 말씀은 유관 부서 및 공급처에 전달하여 다음에는 더욱더 좋은 상품과 서비스로 찾아뵐 것을 약속드리며 고객님의 말씀 귀 기울여 보다 나은 상품과 즐거운 쇼핑이 될 수 있도록 노력하는 컬리가 되겠습니다.


앞으로도 마켓컬리의 지속적인 관심과 사랑 부탁드리며, 궁금하신 점 언제든지 남겨주시면 최선을 다해 답변드리도록 하겠습니다.

감사합니다.
Better Life for All. Kurly"
https://www.kurly.com/categories/032009?filters=&page=1,비타민D 미니 1박스 (24일분),로트벡쉔,https://www.kurly.com/goods/1001316337,62500,356,2024.10.26,늘 아이 주는 비타민이에요. 그래서 그런지 감기 안걸리고  환절기 잘 지나가네요
https://www.kurly.com/categories/032009?filters=&page=1,비타민D 미니 1박스 (24일분),로트벡쉔,https://www.kurly.com/goods/1001316337,62500,356,2024.10.11,"긴채소보관통에 딱 들어가는 사이즈로 
쟁여놓고 먹이고있어요~
큰병에 덜어먹이는건 아무래도 넘불편했거든요~"
https://www.kurly.com/categories/032009?filters=&page=1,비타민D 미니 1박스 (24일분),로트벡쉔,https://www.kurly.com/goods/1001316337,62500,356,2024.10.11,추워져서 아이가 감기 걸릴까봐 대비
https://www.kurly.com/categories/032009?filters=&page=1,비타민D 미니 1박스 (24일분),로트벡쉔,https://www.kurly.com/goods/1001316337,62500,356,2024.10.11,"아이가 제일 잘먹는 비타민!
쥬스 대신 먹이니 좋아요"
https://www.kurly.com/categories/032009?filters=&page=1,비타민D 미니 1박스 (24일분),로트벡쉔,https://www.kurly.com/goods/1001316337,62500,356,2024.09.28,"비타민D는 처음 구매하는데 마시기
편합니다"
https://www.kurly.com/categories/032009?filters=&page=1,비타민D 미니 1박스 (24일분),로트벡쉔,https://www.kurly.com/goods/1001316337,62500,356,2024.09.18,"이뮨을 주문할려고 했었는데, 비타민D도 마시기 편합니다."
https://www.kurly.com/categories/032009?filters=&page=1,비타민D 미니 1박스 (24일분),로트벡쉔,https://www.kurly.com/goods/1001316337,62500,356,2024.09.17,선물용으로 구매했어요 일반 비타민도 미니가 있음 좋겠어요
https://www.kurly.com/categories/032009?filters=&page=1,아임비타 마그네슘샷 (10일분),종근당건강,https://www.kurly.com/goods/1001381415,19900,14,2025.09.20,배송빠르고 상품좋습니다
https://www.kurly.com/categories/032009?filters=&page=1,아임비타 마그네슘샷 (10일분),종근당건강,https://www.kurly.com/goods/1001381415,19900,14,2025.08.06,맛있어요^^마그네슘이 꼭 필요하다 해서 요즘 챙겨먹습니다.- 재주문했고 만족합니다 가족들도 맛있다고 하네요^^
https://www.kurly.com/categories/032009?filters=&page=1,아임비타 마그네슘샷 (10일분),종근당건강,https://www.kurly.com/goods/1001381415,19900,14,2025.08.06,"아이스팩 얼음이 다 녹아서 흠뻑 젖은 상태로 배송됐어요.
교환신청했는데 컬리 배송때문에 매번 스트레스~~~"
https://www.kurly.com/categories/032009?filters=&page=1,아임비타 마그네슘샷 (10일분),종근당건강,https://www.kurly.com/goods/1001381415,19900,14,2025.07.29,꾸준히 먹고 있어요 ㅋㅋ
https://www.kurly.com/categories/032009?filters=&page=1,아임비타 마그네슘샷 (10일분),종근당건강,https://www.kurly.com/goods/1001381415,19900,14,2025.07.20,지인이 먹길래 저도 따라  구매했어요! 피로개선이 된다고 하더라구요-마그네슘 원래 알아보고 있었는데효과가 좋은 것 같아요!  깔끔히 포장되어 있고 맛도 좋아요
https://www.kurly.com/categories/032009?filters=&page=1,아임비타 마그네슘샷 (10일분),종근당건강,https://www.kurly.com/goods/1001381415,19900,14,2025.07.19,선물했어요. 드시는 분들이 좋아하시네요
https://www.kurly.com/categories/032009?filters=&page=1,아임비타 마그네슘샷 (10일분),종근당건강,https://www.kurly.com/goods/1001381415,19900,14,2025.07.16,액상인데 마시기괜찮고 효과는 아직한번마셔서 모르겠네요
https://www.kurly.com/categories/032009?filters=&page=1,아임비타 마그네슘샷 (10일분),종근당건강,https://www.kurly.com/goods/1001381415,19900,14,2025.07.13,요즘 더위에 지쳐서 구매해봤어요.
https://www.kurly.com/categories/032009?filters=&page=1,아임비타 마그네슘샷 (10일분),종근당건강,https://www.kurly.com/goods/1001381415,19900,14,2025.07.08,꾸준히 먹으면 좋아지겠죠~
https://www.kurly.com/categories/032009?filters=&page=1,아임비타 마그네슘샷 (10일분),종근당건강,https://www.kurly.com/goods/1001381415,19900,14,2025.07.08,꾸준히 먹으면 좋겠지요~
https://www.kurly.com/categories/032009?filters=&page=1,남성을 위한 멀티비타민미네랄 (60일분),세노비스,https://www.kurly.com/goods/5135818,29680,189,2025.09.18,"세노비스 남성을 위한 멀티 비타민 미네랄 60일분은 남편을 위해 함께 구매한 제품인데, 알 크기가 다소 큰 편이지만 삼키는 데는 크게 불편하지 않았습니다. 평소 영양제 챙겨 먹는 습관이 없던 남편도 남성 맞춤형이라는 점에서 관심을 가지고 꾸준히 먹어보겠다고 해서 만족스럽습니다. 한 알로 다양한 비타민과 미네랄을 보충할 수 있어 간편하고, 특히 피로 관리와 건강 유지에 도움이 될 것 같아 기대됩니다. 저도 제 것과 함께 나란히 두고 챙기니 서로 잊지 않고 꾸준히 복용하게 되는 장점이 있습니다. 가격 대비 구성도 괜찮아 앞으로도 계속 구입할 의향이 있는 제품입니다."
https://www.kurly.com/categories/032009?filters=&page=1,남성을 위한 멀티비타민미네랄 (60일분),세노비스,https://www.kurly.com/goods/5135818,29680,189,2025.09.08,늘 먹던거라 재구매 합니다!
https://www.kurly.com/categories/032009?filters=&page=1,남성을 위한 멀티비타민미네랄 (60일분),세노비스,https://www.kurly.com/goods/5135818,29680,189,2025.07.20,아빠가 꾸준히 드시는 거예요 ㅎㅎ
https://www.kurly.com/categories/032009?filters=&page=1,남성을 위한 멀티비타민미네랄 (60일분),세노비스,https://www.kurly.com/goods/5135818,29680,189,2025.07.09,알이 크긴한데 남편 잘 먹네요
https://www.kurly.com/categories/032009?filters=&page=1,남성을 위한 멀티비타민미네랄 (60일분),세노비스,https://www.kurly.com/goods/5135818,29680,189,2025.07.06,꾸준히 먹고있어요~
https://www.kurly.com/categories/032009?filters=&page=1,남성을 위한 멀티비타민미네랄 (60일분),세노비스,https://www.kurly.com/goods/5135818,29680,189,2025.07.06,연로하신 아버지께서 식사를 잘 못하셔서 사드렸는데 좋다고 하셔서 재구매입니다.
https://www.kurly.com/categories/032009?filters=&page=1,남성을 위한 멀티비타민미네랄 (60일분),세노비스,https://www.kurly.com/goods/5135818,29680,189,2025.05.27,한번에 먹을수 있어 좋아요
https://www.kurly.com/categories/032009?filters=&page=1,남성을 위한 멀티비타민미네랄 (60일분),세노비스,https://www.kurly.com/goods/5135818,29680,189,2025.05.25,아빠가 먹어 보고 젛다해서 구매 했습다
https://www.kurly.com/categories/032009?filters=&page=1,남성을 위한 멀티비타민미네랄 (60일분),세노비스,https://www.kurly.com/goods/5135818,29680,189,2025.05.09,쌔노비스쎄노뷔스쒜눠뷔스
https://www.kurly.com/categories/032009?filters=&page=1,남성을 위한 멀티비타민미네랄 (60일분),세노비스,https://www.kurly.com/goods/5135818,29680,189,2025.05.08,세노비스 믿고 구매해요.
https://www.kurly.com/categories/032009?filters=&page=1,액티브 데일리 멀티 포 올 (90일분),네이처메이드,https://www.kurly.com/goods/5054294,29900,209,2025.09.15,항상 잘먹고있는 종합비타민이에용
https://www.kurly.com/categories/032009?filters=&page=1,액티브 데일리 멀티 포 올 (90일분),네이처메이드,https://www.kurly.com/goods/5054294,29900,209,2025.09.15,여러가지들이  많아서 좋네요
https://www.kurly.com/categories/032009?filters=&page=1,액티브 데일리 멀티 포 올 (90일분),네이처메이드,https://www.kurly.com/goods/5054294,29900,209,2025.09.09,잘 맞는것 같아서 꾸준히 먹는중
https://www.kurly.com/categories/032009?filters=&page=1,액티브 데일리 멀티 포 올 (90일분),네이처메이드,https://www.kurly.com/goods/5054294,29900,209,2025.09.05,종합비타민 남편과같이 먹으려고 구입하였어요
https://www.kurly.com/categories/032009?filters=&page=1,액티브 데일리 멀티 포 올 (90일분),네이처메이드,https://www.kurly.com/goods/5054294,29900,209,2025.07.26,영양소가 종합적으로 들어 있어서 굿.
https://www.kurly.com/categories/032009?filters=&page=1,액티브 데일리 멀티 포 올 (90일분),네이처메이드,https://www.kurly.com/goods/5054294,29900,209,2025.07.23,네이처 계숙먹고있어요 편해요
https://www.kurly.com/categories/032009?filters=&page=1,액티브 데일리 멀티 포 올 (90일분),네이처메이드,https://www.kurly.com/goods/5054294,29900,209,2025.07.19,비타민 크기가 작아서 삼키기 편함. 꾸준히 먹으니 몸이 좋아진듯
https://www.kurly.com/categories/032009?filters=&page=1,액티브 데일리 멀티 포 올 (90일분),네이처메이드,https://www.kurly.com/goods/5054294,29900,209,2025.06.15,알 자체도 작아 먹기가 좋아요.
https://www.kurly.com/categories/032009?filters=&page=1,액티브 데일리 멀티 포 올 (90일분),네이처메이드,https://www.kurly.com/goods/5054294,29900,209,2025.06.13,멀티비타민 알 작아 좋아요
https://www.kurly.com/categories/032009?filters=&page=1,액티브 데일리 멀티 포 올 (90일분),네이처메이드,https://www.kurly.com/goods/5054294,29900,209,2025.06.13,과하지 않은 성분이 마음에 들어요
https://www.kurly.com/categories/032009?filters=&page=1,이뮨 멀티비타민미네랄 식물성 구미젤리 (30일분),허벌랜드,https://www.kurly.com/goods/5050386,26300,808,2022.01.20,"허벌랜드 멀티비타민 미네랄 구미 추천 구매 후기를 해보겠습니다! (정직한 내돈내산 후기입니다.)

우선 첫 구매입니다. 허벌랜드 브랜드가 저에게는 익숙해서 멀티 비타민 구미 중에서 이 제품을 골랐습니다. 
평소에는 알약 형태의 비타민만 복용했어요. 그런데 제가 젤리를 좋아하기도 하고, 모양도 귀여워서 구미로 한 번 사봤습니당 ㅎㅎ

맛은 라즈베리와 다른 베리가 함께 나면서 달콤함니다
하루에 2정 먹고 60 정이 총 들어있네요!!

비타민 먹으면 나는 약간의 특유 향은 있지만 다양한 비타민을 한 번에 복용할 수 있다는 점에 좋았습니다!

비타민을 먹으면 잠이 잘 오는 편인데 이거 먹고 잠이 이전보다 잘 오면 .. 충분히 들어있는 것 같아요 ㅋㅋㅋ

동생과 엄마도 맛있다고 하시네요:):) 다음에도 또 구매해보도록 하겠습니당

허벌랜드 멀티비타민 미네랄 구미 매우 추천합니다-!!!
이상 내돈내산 솔직후기 마치도록 하겠습니다.

감사합니다 !"
https://www.kurly.com/categories/032009?filters=&page=1,이뮨 멀티비타민미네랄 식물성 구미젤리 (30일분),허벌랜드,https://www.kurly.com/goods/5050386,26300,808,2025.09.16,맛있어서 잘 챙겨먹을것같아요ㅋㅋㅋ
https://www.kurly.com/categories/032009?filters=&page=1,이뮨 멀티비타민미네랄 식물성 구미젤리 (30일분),허벌랜드,https://www.kurly.com/goods/5050386,26300,808,2025.09.13,군것질하는 기분입니다. 잘 먹고 있어요. 종이가방도 주니 선물용으로도 좋겠어요.
https://www.kurly.com/categories/032009?filters=&page=1,이뮨 멀티비타민미네랄 식물성 구미젤리 (30일분),허벌랜드,https://www.kurly.com/goods/5050386,26300,808,2025.09.05,이번에는 쇼핑백까지 보내줬네요. 쇼핑백은 따로 젖지않게 개별포장해줘서 좋았어요.
https://www.kurly.com/categories/032009?filters=&page=1,이뮨 멀티비타민미네랄 식물성 구미젤리 (30일분),허벌랜드,https://www.kurly.com/goods/5050386,26300,808,2025.08.23,맛도 좋고 몸에도 좋아서 계속 재구매해요.
https://www.kurly.com/categories/032009?filters=&page=1,이뮨 멀티비타민미네랄 식물성 구미젤리 (30일분),허벌랜드,https://www.kurly.com/goods/5050386,26300,808,2025.07.12,영양성분이 구미젤리 임에도 참 좋아요. 벌써 몇통째 구입하는지 모르겠네요.
https://www.kurly.com/categories/032009?filters=&page=1,이뮨 멀티비타민미네랄 식물성 구미젤리 (30일분),허벌랜드,https://www.kurly.com/goods/5050386,26300,808,2025.07.02,"녹여먹는 비타민은  아침에 아이가 먹는데 시간도 
걸리고 해서 구미젤로 구매했어요"
https://www.kurly.com/categories/032009?filters=&page=1,이뮨 멀티비타민미네랄 식물성 구미젤리 (30일분),허벌랜드,https://www.kurly.com/goods/5050386,26300,808,2025.06.23,성분이 착해서 자녀용으로 가끔 구매해요 함량도 적절해요
https://www.kurly.com/categories/032009?filters=&page=1,이뮨 멀티비타민미네랄 식물성 구미젤리 (30일분),허벌랜드,https://www.kurly.com/goods/5050386,26300,808,2025.06.13,하루에두개씩 금방멊어져요
https://www.kurly.com/categories/032009?filters=&page=1,이뮨 멀티비타민미네랄 식물성 구미젤리 (30일분),허벌랜드,https://www.kurly.com/goods/5050386,26300,808,2025.06.13,"금액은 좀 비싸지만 좋은것같아 먹어요
맛도 좋아요"
https://www.kurly.com/categories/032009?filters=&page=1,아임비타 멀티비타민 데일리팩 (30일분),종근당건강,https://www.kurly.com/goods/1000378618,29000,23,2025.08.26,"아임비타 멀티비타민
아주 좋아요"
https://www.kurly.com/categories/032009?filters=&page=1,아임비타 멀티비타민 데일리팩 (30일분),종근당건강,https://www.kurly.com/goods/1000378618,29000,23,2025.08.21,"아임비타 멀티비타민
좋아요"
https://www.kurly.com/categories/032009?filters=&page=1,아임비타 멀티비타민 데일리팩 (30일분),종근당건강,https://www.kurly.com/goods/1000378618,29000,23,2025.08.12,군생활동안 아들 영양제로  보내줄려구요
https://www.kurly.com/categories/032009?filters=&page=1,아임비타 멀티비타민 데일리팩 (30일분),종근당건강,https://www.kurly.com/goods/1000378618,29000,23,2025.07.22,"아임비타 멀티비타민
포장이 잘 되어 있어요"
https://www.kurly.com/categories/032009?filters=&page=1,아임비타 멀티비타민 데일리팩 (30일분),종근당건강,https://www.kurly.com/goods/1000378618,29000,23,2025.06.16,비타민 빠질수없는 동반자라  구입
https://www.kurly.com/categories/032009?filters=&page=1,아임비타 멀티비타민 데일리팩 (30일분),종근당건강,https://www.kurly.com/goods/1000378618,29000,23,2025.04.07,비타민 향이 조금 나요
https://www.kurly.com/categories/032009?filters=&page=1,아임비타 멀티비타민 데일리팩 (30일분),종근당건강,https://www.kurly.com/goods/1000378618,29000,23,2025.04.02,"비타민을 평생 안 먹었는데 저속노화 실천해보려고 구매해서 꾸준히 먹고 있어요 

한팩에 필수 영양분 다 들어있어거 좋아요"
https://www.kurly.com/categories/032009?filters=&page=1,아임비타 멀티비타민 데일리팩 (30일분),종근당건강,https://www.kurly.com/goods/1000378618,29000,23,2025.03.27,한포씩 뜯어먹으니 편리해요
https://www.kurly.com/categories/032009?filters=&page=1,아임비타 멀티비타민 데일리팩 (30일분),종근당건강,https://www.kurly.com/goods/1000378618,29000,23,2025.03.11,"두개 남아서 또 시켜야하네요 
꾸준히 섭취 중이에요 ㅎㅎ"
https://www.kurly.com/categories/032009?filters=&page=1,아임비타 멀티비타민 데일리팩 (30일분),종근당건강,https://www.kurly.com/goods/1000378618,29000,23,2025.03.05,추천받아서 구매했는데 간편하게 먹기 좋아요
https://www.kurly.com/categories/032009?filters=&page=1,나이트 멀티미네랄(파인애플맛) 14포 x 6개,메리루스,https://www.kurly.com/goods/1001378224,138000,15,2025.08.03,일회용 개별 포장이라 간편하게 먹을수있어 좋고 맛도 좋아요
https://www.kurly.com/categories/032009?filters=&page=1,나이트 멀티미네랄(파인애플맛) 14포 x 6개,메리루스,https://www.kurly.com/goods/1001378224,138000,15,2025.07.26,좋아요 추천해요!!
https://www.kurly.com/categories/032009?filters=&page=1,나이트 멀티미네랄(파인애플맛) 14포 x 6개,메리루스,https://www.kurly.com/goods/1001378224,138000,15,2025.07.18,건강에 좋아요. 속은 좀 쓰렸어요
https://www.kurly.com/categories/032009?filters=&page=1,나이트 멀티미네랄(파인애플맛) 14포 x 6개,메리루스,https://www.kurly.com/goods/1001378224,138000,15,2025.07.09,먹기 편한 멀티비타민  건강을 위해 챙겨요
https://www.kurly.com/categories/032009?filters=&page=1,나이트 멀티미네랄(파인애플맛) 14포 x 6개,메리루스,https://www.kurly.com/goods/1001378224,138000,15,2025.06.25,나이트 비타민은 첨인데 먹어볼게요
https://www.kurly.com/categories/032009?filters=&page=1,나이트 멀티미네랄(파인애플맛) 14포 x 6개,메리루스,https://www.kurly.com/goods/1001378224,138000,15,2025.06.24,맛있어요 건강관리 위해 챙겨먹어요
https://www.kurly.com/categories/032009?filters=&page=1,나이트 멀티미네랄(파인애플맛) 14포 x 6개,메리루스,https://www.kurly.com/goods/1001378224,138000,15,2025.06.11,다른 비타민들은 약간 속이 쓰린데 정말로 빈속에 괜찮아요. 컬리가 저렴해서 재구매 했어요
https://www.kurly.com/categories/032009?filters=&page=1,나이트 멀티미네랄(파인애플맛) 14포 x 6개,메리루스,https://www.kurly.com/goods/1001378224,138000,15,2025.06.10,나이트~~~마시기편해서 구매~~라이브때잘샀어요
https://www.kurly.com/categories/032009?filters=&page=1,나이트 멀티미네랄(파인애플맛) 14포 x 6개,메리루스,https://www.kurly.com/goods/1001378224,138000,15,2027.01.03,"2027.01.03까지.
맛있게 짜 먹을수  있어서 편하고 휴대하기도 좋네요 여행할때 굿"
https://www.kurly.com/categories/032009?filters=&page=1,나이트 멀티미네랄(파인애플맛) 14포 x 6개,메리루스,https://www.kurly.com/goods/1001378224,138000,15,2025.05.12,친구에게 선물로 주려고 샀다. 선물로 주기에 가격도 부담없고 누구나 좋아할 제품이라 좋은 것 같다.
https://www.kurly.com/categories/032009?filters=&page=1,에너지B (60일분),센트룸,https://www.kurly.com/goods/5103491,25000,46,2025.09.18,요즘 너무 피곤해서 주문했어요 효과가 있어요
https://www.kurly.com/categories/032009?filters=&page=1,에너지B (60일분),센트룸,https://www.kurly.com/goods/5103491,25000,46,2025.07.30,"한 달 전쯤부터 자고 일어나면 온 몸이 쑤시는 근육통으로 아침에 일어나기 너무 힘들더라고요. 지인이 건강이 안좋아 보인다며 영양제 하나를 선물로 주었는데 비타민B1, B2, B6, C, E가 들어 있는 영양제 였어요. 그걸 먹고 잤는데 신기하게 몸 쑤시는게 나아지더라고요!! 약국에 가서 물어보니 저에게 부족한 영양 성분이 딱 맞아 떨어졌던것 같다더라고요. 그래서 비타민B12가 포함되어 있으면서 영양성분이 더 많은 비타민을 찾아다 센트롬을 발견했어요! 40대인 저에게 꼭 필요하겠더라고요. 40대가 아니여도 저와 비슷한 증상이라면 드셔보세요!"
https://www.kurly.com/categories/032009?filters=&page=1,에너지B (60일분),센트룸,https://www.kurly.com/goods/5103491,25000,46,2025.05.29,비타민 비만 따로 필요했는데 편리합니다
https://www.kurly.com/categories/032009?filters=&page=1,에너지B (60일분),센트룸,https://www.kurly.com/goods/5103491,25000,46,2025.05.18,요즘 너무 피곤해서 샀어요. 효과 있기를 기대합니다.
https://www.kurly.com/categories/032009?filters=&page=1,에너지B (60일분),센트룸,https://www.kurly.com/goods/5103491,25000,46,2025.05.12,피곤할때 먹으면 효과있어요
https://www.kurly.com/categories/032009?filters=&page=1,에너지B (60일분),센트룸,https://www.kurly.com/goods/5103491,25000,46,2025.04.22,약 특유의 향(?)이 있어서 먹기 편하진 않은데 비타민B는 다 비슷하게 나오는 것 같아요
https://www.kurly.com/categories/032009?filters=&page=1,에너지B (60일분),센트룸,https://www.kurly.com/goods/5103491,25000,46,2025.04.21,여기 비타민은 첨구매 하는데 비타민 비가 보라색이라 특히 하네요.
https://www.kurly.com/categories/032009?filters=&page=1,에너지B (60일분),센트룸,https://www.kurly.com/goods/5103491,25000,46,2025.04.19,영양제도 새벽배송 받으니 참 편리하고 좋아요
https://www.kurly.com/categories/032009?filters=&page=1,에너지B (60일분),센트룸,https://www.kurly.com/goods/5103491,25000,46,2025.04.02,먹기 편하고 효과있어요
https://www.kurly.com/categories/032009?filters=&page=1,에너지B (60일분),센트룸,https://www.kurly.com/goods/5103491,25000,46,2025.03.19,"잘받았습니다.
건강한 봄을 맞이하려 준비합니다."
https://www.kurly.com/categories/032009?filters=&page=1,비타500 스틱 (70일분)+쇼핑백,광동생활건강,https://www.kurly.com/goods/1000975684,10300,36,2025.09.18,선물용으로 적합했어요!
https://www.kurly.com/categories/032009?filters=&page=1,비타500 스틱 (70일분)+쇼핑백,광동생활건강,https://www.kurly.com/goods/1000975684,10300,36,2025.09.17,"당떨어지고 힘없을때
간편하게 먹기 좋아요~~ 
액체 비타빈 음료보다
활용도도 높아 좋은것 같네요!
세일할때 사서 가격도 착해요~"
https://www.kurly.com/categories/032009?filters=&page=1,비타500 스틱 (70일분)+쇼핑백,광동생활건강,https://www.kurly.com/goods/1000975684,10300,36,2025.08.29,가벼운 선물로 좋네요
https://www.kurly.com/categories/032009?filters=&page=1,비타500 스틱 (70일분)+쇼핑백,광동생활건강,https://www.kurly.com/goods/1000975684,10300,36,2025.08.15,선물 포장 되어 좋아요
https://www.kurly.com/categories/032009?filters=&page=1,비타500 스틱 (70일분)+쇼핑백,광동생활건강,https://www.kurly.com/goods/1000975684,10300,36,2025.07.31,컬리에서 자주 구입합니다.
https://www.kurly.com/categories/032009?filters=&page=1,비타500 스틱 (70일분)+쇼핑백,광동생활건강,https://www.kurly.com/goods/1000975684,10300,36,2025.07.31,첫구매에요 기대되네요
https://www.kurly.com/categories/032009?filters=&page=1,비타500 스틱 (70일분)+쇼핑백,광동생활건강,https://www.kurly.com/goods/1000975684,10300,36,2025.07.02,"안녕하세요. 고객님
먼저, 상품에 관심을 가지고 문의 주셔서 감사 인사드립니다.

또한, 구매해주신 상품이 만족스럽지 못하여 불편을 드린 점 사과 말씀드립니다.

고객님께서 말씀하신 소중한 내용은 확인 즉시 담당 부서 및 유관 부서, 공급사 측으로 전달하여 보다 더 상품을 원활히 구매 및 이용하실 수 있도록 개선 요청 하였습니다.

다시 한 번 고객님께 만족스러운 상품과 서비스를 제공해드리지 못하여 진심으로 죄송하다는 말씀드리며,
혹여 상품 이용하시는데에 다른 불편함과 이용이 어려우신 부분 발생시 번거로우시겠지만 고객행복센터를 통하여 문의주시면 책임지고 도움드릴 수 있도록 노력 하겠습니다.

귀한 시간 내 문의하신 사항에 만족스러운 답변 드리지 못한 점 사과드리며, 늘 신선하고 최상의 상품을 통해 풍요로운 식탁이 될 수 있도록 컬리가 함께하겠습니다.

고객님, 무더위와 장마가 함께 찾아오는 7월 입니다. 
더욱 더 행복하시고 건강한 여름나시길 바라겠습니다. 

감사합니다.
Better Life for All. Kurly"
https://www.kurly.com/categories/032009?filters=&page=1,비타500 스틱 (70일분)+쇼핑백,광동생활건강,https://www.kurly.com/goods/1000975684,10300,36,2025.06.24,비타민 필요해서 구매했습니다. 잘 먹고 있어요.
https://www.kurly.com/categories/032009?filters=&page=1,비타500 스틱 (70일분)+쇼핑백,광동생활건강,https://www.kurly.com/goods/1000975684,10300,36,2025.06.15,비타민 보충하러 주문했어요
https://www.kurly.com/categories/032009?filters=&page=1,비타500 스틱 (70일분)+쇼핑백,광동생활건강,https://www.kurly.com/goods/1000975684,10300,36,2025.06.13,스틱이라 간편하고 맛도 좋아요 여러개 사서 선물도 하고 가족들도 먹고
https://www.kurly.com/categories/032009?filters=&page=1,알프 이뮨 (14일분),알프뉴트리션,https://www.kurly.com/goods/5151749,45600,325,2022.07.28,"이웃집에 보라색 박스 보일때마다 꾹 참았는데,(중독될까봐 ㅠㅠ)
홈쇼핑에서만 보던 잇템을 컬리에서 만날 수 있다는 걸 알고
바아~~로 가입과 함께 구매 했어여~

홈쇼핑 고민만 하다 구매 놓치고,
오0몰 이뮨 국내꺼 말고 제대로 된 직구꺼만 사먹었는데
배송이 아무래도 좀 걸려서 스트레스 받던 찰나

이걸루 환승했는데 완전 굿굿!

독일 비타민 드링크의 삼대 산맥? 중 하나라는데,
확실히 성분도 어디하나 빠지는거 없고 무엇보다 좋은건  맛이 쵝오
마시기도 좋네여~

필요할때마다 사먹겠으~!
그나저나 컬리 배송은 정말 감동...ㅠ 쌓아두고 안먹고 신선한거 바로바로 구매할 수 있어서
넘 좋아요~ 컬리짱~ 알프이뮨 짱짱~ 번창하세요~"
https://www.kurly.com/categories/032009?filters=&page=1,알프 이뮨 (14일분),알프뉴트리션,https://www.kurly.com/goods/5151749,45600,325,2025.08.07,"안녕하세요. 컬리입니다.

상품의 포장 상태가 부실하여 실망감을 드린 점 사과드립니다.

해당 건은 배송 중 다른 상품과의 충돌이나 적재 중 발생한 압력으로 인해 포장이 충분히 안전하게 느껴지지 않으셨을 수 있습니다.

고객님의 소중한 의견을 바탕으로, 깨지기 쉬운 상품의 포장 방식을 점검하고 필요시 완충재를 보강하는 등 개선 방안을 검토하겠습니다. 다음 주문 시에는 만족스러운 상태로 상품을 받아보실 수 있도록 더욱 꼼꼼하게 살피겠습니다.

감사합니다.
Better Life for All. Kurly"
https://www.kurly.com/categories/032009?filters=&page=1,알프 이뮨 (14일분),알프뉴트리션,https://www.kurly.com/goods/5151749,45600,325,2025.06.19,감기걸려서 컨디션 회복하려고 구매했는데 열심히 먹어볼께요~!
https://www.kurly.com/categories/032009?filters=&page=1,알프 이뮨 (14일분),알프뉴트리션,https://www.kurly.com/goods/5151749,45600,325,2025.05.15,"안녕하세요, 컬리입니다.

먼저, 포장 상태와 배송에 대한 불편을 드려 정말 죄송합니다.
고객님께서 기대하신 품질을 제공하지 못해 안타깝습니다.

종이 가방이 포함된 상품을 선택하셨음에도 불구하고, 배송 중 문제가 발생한 점에 대해 깊이 공감합니다.
해당 내용은 내부적으로 검토하여, 향후 이러한 일이 발생하지 않도록 개선하겠습니다.

고객님의 소중한 의견을 반영하여 품질 개선에 힘쓰겠습니다.

다시 한번 불편을 드린 점 사과드리며, 앞으로 더 나은 서비스를 제공할 수 있도록 노력하겠습니다.
감사합니다. Better Life for All. Kurly"
https://www.kurly.com/categories/032009?filters=&page=1,알프 이뮨 (14일분),알프뉴트리션,https://www.kurly.com/goods/5151749,45600,325,2025.04.29,아껴서 먹는 비타민입니다
https://www.kurly.com/categories/032009?filters=&page=1,알프 이뮨 (14일분),알프뉴트리션,https://www.kurly.com/goods/5151749,45600,325,2025.03.16,"안녕하세요. 고객님
먼저, 컬리를 이용하여 주심에 있어 상품으로 심려 끼쳐 드리게 되어 사과 말씀드립니다.

문의하신 내용은 고객행복센터를 통해 안내 받아보신 부분으로 확인되나 수령 후 실망하셨을 것 같아 염려되어 다시 한번 사과 말씀드립니다.

상품의  누락의 사유로 이용하기 어려우셨을 고객님께 사과 말씀드리며,
추후, 동일한 상황이 발생하지 않도록 면밀히 살펴 고객님께 안전하고 만족스러운 상품을 제공하고자 최선을 다하는 컬리가 되겠습니다.

감사합니다.
Better Life for All. Kurly"
https://www.kurly.com/categories/032009?filters=&page=1,알프 이뮨 (14일분),알프뉴트리션,https://www.kurly.com/goods/5151749,45600,325,2025.03.05,수험생을 위하여 좋은 선물이요
https://www.kurly.com/categories/032009?filters=&page=1,알프 이뮨 (14일분),알프뉴트리션,https://www.kurly.com/goods/5151749,45600,325,2025.03.05,너무 좋은 제품이라서 아껴 먹어요
https://www.kurly.com/categories/032009?filters=&page=1,알프 이뮨 (14일분),알프뉴트리션,https://www.kurly.com/goods/5151749,45600,325,2025.02.02,피곤할때마다 먹고있는데 개인적으론 효과는 별로였던거같아요 ㅠ 재구매안할듯 맛은 괜찮아요
https://www.kurly.com/categories/032009?filters=&page=1,알프 이뮨 (14일분),알프뉴트리션,https://www.kurly.com/goods/5151749,45600,325,2025.01.26,아직 효과가 있는지는 모르겠지만 먹어보고 재구매 결정하겠습니다
https://www.kurly.com/categories/032009?filters=&page=1,올인원 이뮨 비타 멀티팩 (28일분),대상웰라이프,https://www.kurly.com/goods/1000463113,32900,36,2025.07.02,여러 영양제를 한번에 챙길 수 있어서 좋아요
https://www.kurly.com/categories/032009?filters=&page=1,올인원 이뮨 비타 멀티팩 (28일분),대상웰라이프,https://www.kurly.com/goods/1000463113,32900,36,2025.06.07,필요한거 한번에 다 모아놔서 먹기 편하고 좋아요~~ 요기에 유산균이랑 프로폴리스랑도 같이 먹어요.. 나이 드니 먹어야^^:
https://www.kurly.com/categories/032009?filters=&page=1,올인원 이뮨 비타 멀티팩 (28일분),대상웰라이프,https://www.kurly.com/goods/1000463113,32900,36,2025.06.04,간편해서 좋아요 효과는 아직 모르지만
https://www.kurly.com/categories/032009?filters=&page=1,올인원 이뮨 비타 멀티팩 (28일분),대상웰라이프,https://www.kurly.com/goods/1000463113,32900,36,2025.05.27,5통째 구입….!!
https://www.kurly.com/categories/032009?filters=&page=1,올인원 이뮨 비타 멀티팩 (28일분),대상웰라이프,https://www.kurly.com/goods/1000463113,32900,36,2025.05.12,여러 영양제를 한번에 챙길 수 있어서 좋아요
https://www.kurly.com/categories/032009?filters=&page=1,올인원 이뮨 비타 멀티팩 (28일분),대상웰라이프,https://www.kurly.com/goods/1000463113,32900,36,2025.04.12,오쏘몰 이뮨같은 퀄리티라 좋네요~~
https://www.kurly.com/categories/032009?filters=&page=1,올인원 이뮨 비타 멀티팩 (28일분),대상웰라이프,https://www.kurly.com/goods/1000463113,32900,36,2025.03.22,만족합니다!! 주문한 날 당일 배송을 받아 좋습니다 :)
https://www.kurly.com/categories/032009?filters=&page=1,올인원 이뮨 비타 멀티팩 (28일분),대상웰라이프,https://www.kurly.com/goods/1000463113,32900,36,2025.03.22,감사합니다. 잘 받았습니다.
https://www.kurly.com/categories/032009?filters=&page=1,올인원 이뮨 비타 멀티팩 (28일분),대상웰라이프,https://www.kurly.com/goods/1000463113,32900,36,2025.03.16,음.. 그냥그래요 다먹으면 딴거 트라이 해보려구요
https://www.kurly.com/categories/032009?filters=&page=1,올인원 이뮨 비타 멀티팩 (28일분),대상웰라이프,https://www.kurly.com/goods/1000463113,32900,36,2025.03.16,효과가 좀 있는거 같아 재주문
https://www.kurly.com/categories/032009?filters=&page=1,이뮨 듀오 멀티비타 칼슘 마그네슘 비타민D (7일분),종근당,https://www.kurly.com/goods/1001397706,21900,5,2025.09.22,회사에서 잘 쓰고 있어요 좋아요: )
https://www.kurly.com/categories/032009?filters=&page=1,이뮨 듀오 멀티비타 칼슘 마그네슘 비타민D (7일분),종근당,https://www.kurly.com/goods/1001397706,21900,5,2025.09.16,사무실에서 항상 잘 사용하고 있습니다 좋아요:)
https://www.kurly.com/categories/032009?filters=&page=1,이뮨 듀오 멀티비타 칼슘 마그네슘 비타민D (7일분),종근당,https://www.kurly.com/goods/1001397706,21900,5,2025.09.16,사무실에서 항상 잘 사용하고 있습니다 좋아요:)
https://www.kurly.com/categories/032009?filters=&page=1,이뮨 듀오 멀티비타 칼슘 마그네슘 비타민D (7일분),종근당,https://www.kurly.com/goods/1001397706,21900,5,2025.09.07,"애기 주려고 샀는데
오히려 엄마가 더 잘 먹네요
뭔가 힘나고 정신이 맑아지는 느낌ㅋ"
https://www.kurly.com/categories/032009?filters=&page=1,이뮨 듀오 멀티비타 칼슘 마그네슘 비타민D (7일분),종근당,https://www.kurly.com/goods/1001397706,21900,5,2025.08.18,사무실에서 잘 먹고 있어요 좋아요 : )
https://www.kurly.com/categories/032009?filters=&page=1,트루바이타민 키즈 (30일분),덴프스,https://www.kurly.com/goods/1000260862,23500,76,2025.08.12,동사 제품 유산균을 잘 먹어서 비타민도 시켜봤는데 6세가 세 알 씹어먹기에는 조금 부담스러운 면이 있더라구요~
https://www.kurly.com/categories/032009?filters=&page=1,트루바이타민 키즈 (30일분),덴프스,https://www.kurly.com/goods/1000260862,23500,76,2025.07.18,아이가 잘먹음 됐죠~~!!!
https://www.kurly.com/categories/032009?filters=&page=1,트루바이타민 키즈 (30일분),덴프스,https://www.kurly.com/goods/1000260862,23500,76,2025.07.15,아이들 취향은 아닌것 같음
https://www.kurly.com/categories/032009?filters=&page=1,트루바이타민 키즈 (30일분),덴프스,https://www.kurly.com/goods/1000260862,23500,76,2025.07.08,아이가 잘 먹어요. 세일하길래 또 구매해봅니다 ^^
https://www.kurly.com/categories/032009?filters=&page=1,트루바이타민 키즈 (30일분),덴프스,https://www.kurly.com/goods/1000260862,23500,76,2025.07.08,"컬리에서 저렴하게 세일해서 구입했어요
아이가 늘 먹던건데 똑 떨어졌더라구요"
https://www.kurly.com/categories/032009?filters=&page=1,트루바이타민 키즈 (30일분),덴프스,https://www.kurly.com/goods/1000260862,23500,76,2024.08.01,조금 가격대가 있기는 하지만 괜찮은거 같아요 아이도 잘 먹어요~
https://www.kurly.com/categories/032009?filters=&page=1,트루바이타민 키즈 (30일분),덴프스,https://www.kurly.com/goods/1000260862,23500,76,2024.07.28,낱개 포장이여서 주문해봤습니다 하루에 필요한 3알이 들어있어서 깔끔한거 같아요 그리고 얘가 습기를 쫙 빨아들여서 요즘 비 많이 왔을때는 봉지에서 꺼내놓으면금방 눅눅해지더라고요 그래도 맛은 괜찮아서 아이가 잘 먹어요
https://www.kurly.com/categories/032009?filters=&page=1,트루바이타민 키즈 (30일분),덴프스,https://www.kurly.com/goods/1000260862,23500,76,2024.07.10,아이 종합비타민으로 3번째 꾸준히  먹이고 있어요
https://www.kurly.com/categories/032009?filters=&page=1,트루바이타민 키즈 (30일분),덴프스,https://www.kurly.com/goods/1000260862,23500,76,2024.07.10,"중학생 아이들 성인비타민 먹기는 알약이 커서
구매해서 먹여보니 아이들 잘먹어서 재구매했어요."
https://www.kurly.com/categories/032009?filters=&page=1,트루바이타민 키즈 (30일분),덴프스,https://www.kurly.com/goods/1000260862,23500,76,2024.06.24,아이가 챙겨서 먹습니다
https://www.kurly.com/categories/032009?filters=&page=1,멀티비타민&철분 츄어블 90구미,닥터브라이언,https://www.kurly.com/goods/1001377103,13900,10,2025.09.18,간편하게 철분 섭취 좋네용
https://www.kurly.com/categories/032009?filters=&page=1,멀티비타민&철분 츄어블 90구미,닥터브라이언,https://www.kurly.com/goods/1001377103,13900,10,2025.09.08,철분이 들어있는 비타민 ~성장기 아이들 위해 구매했어요. 집중력도 좋아지고 잠도 잘자길 바라며~
https://www.kurly.com/categories/032009?filters=&page=1,멀티비타민&철분 츄어블 90구미,닥터브라이언,https://www.kurly.com/goods/1001377103,13900,10,2025.08.28,딸아이 주려고 구입해봐요 행사라저령하게 구입해서 먹어볼 수 있으니 좋네요
https://www.kurly.com/categories/032009?filters=&page=1,멀티비타민&철분 츄어블 90구미,닥터브라이언,https://www.kurly.com/goods/1001377103,13900,10,2025.08.13,"으른이지만 알약은 싫고 건강은 챙기고 싶어서 구매했어용
츄어블 형태라 씹어먹는 영양제라서 오독오독 식감이 좋고 맛도 달달해서 영양제라는 거부감이 안들어서 먹기 좋았어요 맛있어요!!!"
https://www.kurly.com/categories/032009?filters=&page=1,멀티비타민&철분 츄어블 90구미,닥터브라이언,https://www.kurly.com/goods/1001377103,13900,10,2025.08.07,구미 좋아요 좋아요 좋아요
https://www.kurly.com/categories/032009?filters=&page=1,멀티비타민&철분 츄어블 90구미,닥터브라이언,https://www.kurly.com/goods/1001377103,13900,10,2025.07.19,멀티비타민 철분 츄어블 맛도 좋고 먹기는 좋아요~~
https://www.kurly.com/categories/032009?filters=&page=1,멀티비타민&철분 츄어블 90구미,닥터브라이언,https://www.kurly.com/goods/1001377103,13900,10,2025.07.15,아이들 복용용 철분제품을 찾다가 기존에 칼슘제를 만족하며 이용 중이라 도전해봅니다.
https://www.kurly.com/categories/032009?filters=&page=1,멀티비타민&철분 츄어블 90구미,닥터브라이언,https://www.kurly.com/goods/1001377103,13900,10,2025.07.13,닥터 브라이언 믿고 먹어요
https://www.kurly.com/categories/032009?filters=&page=1,멀티비타민&철분 츄어블 90구미,닥터브라이언,https://www.kurly.com/goods/1001377103,13900,10,2025.07.12,영양제 먹기 귀찮아하는 남편 주려고 샀어요. 좋은거 같아요
https://www.kurly.com/categories/032009?filters=&page=1,멀티비타민&철분 츄어블 90구미,닥터브라이언,https://www.kurly.com/goods/1001377103,13900,10,2025.06.21,먹기 편해요 츄잉이라 좋네요
https://www.kurly.com/categories/032009?filters=&page=1,베로카 (15일분),바이엘,https://www.kurly.com/goods/5144693,10900,295,2025.09.15,정말 좋아요 또 구매할께요
https://www.kurly.com/categories/032009?filters=&page=1,베로카 (15일분),바이엘,https://www.kurly.com/goods/5144693,10900,295,2025.09.09,피로회복에 도움이 될까해서 주문했어요
https://www.kurly.com/categories/032009?filters=&page=1,베로카 (15일분),바이엘,https://www.kurly.com/goods/5144693,10900,295,2025.08.29,피곤할 때 또는 청량음료 대용으로 좋아요
https://www.kurly.com/categories/032009?filters=&page=1,베로카 (15일분),바이엘,https://www.kurly.com/goods/5144693,10900,295,2025.07.29,피곤힌것같아 주문했어요
https://www.kurly.com/categories/032009?filters=&page=1,베로카 (15일분),바이엘,https://www.kurly.com/goods/5144693,10900,295,2025.07.29,피곤해서 주문해요 엄마집에도 보내드렸어요
https://www.kurly.com/categories/032009?filters=&page=1,베로카 (15일분),바이엘,https://www.kurly.com/goods/5144693,10900,295,2025.07.22,탄산처럼 물에 녹여서 먹는 비타민입니다. ㅎㅎ 맛있어요.
https://www.kurly.com/categories/032009?filters=&page=1,베로카 (15일분),바이엘,https://www.kurly.com/goods/5144693,10900,295,2025.07.07,다른 발포비타민은 약 냄새와 특유의 향이 있어서 못먹겠는데 이건 그나마 덜해요.
https://www.kurly.com/categories/032009?filters=&page=1,베로카 (15일분),바이엘,https://www.kurly.com/goods/5144693,10900,295,2025.07.04,음료대신 마시고있어요 상큼하니 맛있어요
https://www.kurly.com/categories/032009?filters=&page=1,베로카 (15일분),바이엘,https://www.kurly.com/goods/5144693,10900,295,2025.07.03,"하루의 권장량 비타민을 채울 수 있는 간편하게
먹을수 있는 발포비타민입니다.
마시기도 편하고 맛도 좋구요.
만족합니다."
https://www.kurly.com/categories/032009?filters=&page=1,베로카 (15일분),바이엘,https://www.kurly.com/goods/5144693,10900,295,2025.06.26,"배송 잘 받았습니다 
하루에 한알씩 먹고 있어요^^
에너지 충전용~"
