token1,token2,co_docs,PMI,NPMI,PHI,src_node_df,src_node_tf,src_node_cluster,src_node_centrality,src_node_svd_c1,src_node_rank,dst_node_df,dst_node_tf,dst_node_cluster,dst_node_centrality,dst_node_svd_c1,dst_node_rank
lunchfoodstagram,foodfoodphotography,14,4.255612704918473,0.9999999988652045,0.9999999999999999,14,14,6,4.085001745131738,0.0008255563337572586,-0.4770828238111706,14,14,6,4.085001745131738,0.0008255563337572586,-0.4770828238111706
instafoodobentagram,lunchfoodstagram,14,4.255612704918473,0.9999999988652045,0.9999999999999999,14,14,6,4.085001745131738,0.0008255563337572586,-0.4770828238111706,14,14,6,4.085001745131738,0.0008255563337572586,-0.4770828238111706
instafoodobentagram,foodfoodphotography,14,4.255612704918473,0.9999999988652045,0.9999999999999999,14,14,6,4.085001745131738,0.0008255563337572586,-0.4770828238111706,14,14,6,4.085001745131738,0.0008255563337572586,-0.4770828238111706
도먹걸,집밥그램,12,4.409763382962669,0.9999999985031934,0.9999999999999999,12,35,6,7.872136638883447,0.23402746826662676,0.10293114705153972,12,12,6,7.872136638883447,0.23402746826662676,-0.18696383324512642
domukgirl,클릭도시락,11,4.496774758673855,0.9999999982495167,0.9999999999999998,11,11,6,6.724415304122401,0.21310567689591697,-0.3172063732730134,11,11,6,6.724415304122401,0.21310567689591697,-0.3172063732730134
peanuts,snoopy,8,4.81522848265563,0.9999999968901496,0.9999999999999999,8,8,6,4.671131195937153,9.701917887189935e-05,-0.6799235592847225,8,8,6,4.671131195937153,9.701917887189935e-05,-0.6799235592847225
instagood,mamagirl,7,4.948759870638169,0.9999999960396139,0.9999999999999999,7,7,6,5.528774262185343,0.0027855444160232255,-0.6594206254439394,7,7,6,5.528774262185343,0.0027855444160232255,-0.6594206254439394
큐브닭가슴살요리,닭가슴살요리,7,4.948759870638169,0.9999999960396139,0.9999999999999999,7,7,3,14.456945724393572,0.7144118113105136,0.2900922926258206,7,7,3,14.45694572439357,0.7144118113105136,0.2900922926258205
닭가슴살요리,동물복지닭가슴살,7,4.948759870638169,0.9999999960396139,0.9999999999999999,7,7,3,14.45694572439357,0.7144118113105136,0.2900922926258205,7,7,3,14.45694572439357,0.7144118113105136,0.2900922926258205
큐브닭가슴살요리,동물복지닭가슴살,7,4.948759870638169,0.9999999960396139,0.9999999999999999,7,7,3,14.456945724393572,0.7144118113105136,0.2900922926258206,7,7,3,14.45694572439357,0.7144118113105136,0.2900922926258205
cookstagram,레시피밑반찬,6,5.102910543309677,0.9999999947615682,0.9999999999999999,6,6,9,13.996764674629073,0.08170409637242194,-0.07297635631384065,6,6,9,13.996764674629073,0.08170409637242194,-0.07297635631384065
cookstagram,일주일반찬,6,5.102910543309677,0.9999999947615682,0.9999999999999999,6,6,9,13.996764674629073,0.08170409637242194,-0.07297635631384065,6,6,9,13.996764674629073,0.08170409637242194,-0.07297635631384065
cookstagram,요리영상,6,5.102910543309677,0.9999999947615682,0.9999999999999999,6,6,9,13.996764674629073,0.08170409637242194,-0.07297635631384065,6,6,9,13.996764674629073,0.08170409637242194,-0.07297635631384065
요리영상,레시피밑반찬,6,5.102910543309677,0.9999999947615682,0.9999999999999999,6,6,9,13.996764674629073,0.08170409637242194,-0.07297635631384065,6,6,9,13.996764674629073,0.08170409637242194,-0.07297635631384065
요리영상,밑반찬레시피,6,5.102910543309677,0.9999999947615682,0.9999999999999999,6,6,9,13.996764674629073,0.08170409637242194,-0.07297635631384065,6,6,9,13.996764674629073,0.08170409637242194,-0.07297635631384065
요리영상,일주일반찬,6,5.102910543309677,0.9999999947615682,0.9999999999999999,6,6,9,13.996764674629073,0.08170409637242194,-0.07297635631384065,6,6,9,13.996764674629073,0.08170409637242194,-0.07297635631384065
cookstagram,밑반찬레시피,6,5.102910543309677,0.9999999947615682,0.9999999999999999,6,6,9,13.996764674629073,0.08170409637242194,-0.07297635631384065,6,6,9,13.996764674629073,0.08170409637242194,-0.07297635631384065
레시피밑반찬,일주일반찬,6,5.102910543309677,0.9999999947615682,0.9999999999999999,6,6,9,13.996764674629073,0.08170409637242194,-0.07297635631384065,6,6,9,13.996764674629073,0.08170409637242194,-0.07297635631384065
밑반찬레시피,일주일반찬,6,5.102910543309677,0.9999999947615682,0.9999999999999999,6,6,9,13.996764674629073,0.08170409637242194,-0.07297635631384065,6,6,9,13.996764674629073,0.08170409637242194,-0.07297635631384065
밑반찬레시피,레시피밑반찬,6,5.102910543309677,0.9999999947615682,0.9999999999999999,6,6,9,13.996764674629073,0.08170409637242194,-0.07297635631384065,6,6,9,13.996764674629073,0.08170409637242194,-0.07297635631384065
닭가슴살레시피,동물복지IFF큐브닭가슴살,5,5.285232088230022,0.9999999927019366,0.9999999999999998,5,5,3,14.63345165346789,0.6324527545633932,0.18365653130451004,5,5,3,14.63345165346789,0.6324527545633932,0.18365653130451004
단백질함량,근육,5,5.285232088230022,0.9999999927019366,0.9999999999999998,5,5,8,24.86129603831247,0.4362471117981075,0.8071727324155873,5,5,8,24.86129603831247,0.4362471117981075,0.8071727324155873
추천메뉴,단백질함량,5,5.285232088230022,0.9999999927019366,0.9999999999999998,5,5,8,24.86129603831247,0.4362471117981075,0.8071727324155873,5,5,8,24.86129603831247,0.4362471117981075,0.8071727324155873
추천메뉴,쉐이크도시락,5,5.285232088230022,0.9999999927019366,0.9999999999999998,5,5,8,24.86129603831247,0.4362471117981075,0.8071727324155873,5,5,8,24.86129603831247,0.4362471117981075,0.8071727324155873
쉐이크도시락,근육,5,5.285232088230022,0.9999999927019366,0.9999999999999998,5,5,8,24.86129603831247,0.4362471117981075,0.8071727324155873,5,5,8,24.86129603831247,0.4362471117981075,0.8071727324155873
간단한요리,쉬운요리,5,5.285232088230022,0.9999999927019366,0.9999999999999998,5,5,4,35.8904806556506,0.8553952839340083,1.7690278512061022,5,5,4,35.8904806556506,0.8553952839340083,1.7690278512061022
단백질함량,냥집사,5,5.285232088230022,0.9999999927019366,0.9999999999999998,5,5,8,24.86129603831247,0.4362471117981075,0.8071727324155873,5,5,8,24.86129603831247,0.4362471117981075,0.8071727324155873
근육,냥집사,5,5.285232088230022,0.9999999927019366,0.9999999999999998,5,5,8,24.86129603831247,0.4362471117981075,0.8071727324155873,5,5,8,24.86129603831247,0.4362471117981075,0.8071727324155873
쉐이크도시락,냥집사,5,5.285232088230022,0.9999999927019366,0.9999999999999998,5,5,8,24.86129603831247,0.4362471117981075,0.8071727324155873,5,5,8,24.86129603831247,0.4362471117981075,0.8071727324155873
동물복지IFF큐브닭가슴살,하림닭가슴살,5,5.285232088230022,0.9999999927019366,0.9999999999999998,5,5,3,14.63345165346789,0.6324527545633932,0.18365653130451004,5,5,3,14.63345165346789,0.6324527545633932,0.18365653130451004
닭가슴살레시피,하림닭가슴살,5,5.285232088230022,0.9999999927019366,0.9999999999999998,5,5,3,14.63345165346789,0.6324527545633932,0.18365653130451004,5,5,3,14.63345165346789,0.6324527545633932,0.18365653130451004
예쁜상차림kimchi,yummyfood,5,5.285232088230022,0.9999999927019366,0.9999999999999998,5,5,9,13.157609538066396,0.07420310470620674,-0.17553125127278157,5,5,9,13.157609538066396,0.07420310470620674,-0.17553125127278157
추천메뉴,냥집사,5,5.285232088230022,0.9999999927019366,0.9999999999999998,5,5,8,24.86129603831247,0.4362471117981075,0.8071727324155873,5,5,8,24.86129603831247,0.4362471117981075,0.8071727324155873
근육량늘리기,쉐이크도시락,5,5.285232088230022,0.9999999927019366,0.9999999999999998,5,5,8,24.86129603831247,0.4362471117981075,0.8071727324155873,5,5,8,24.86129603831247,0.4362471117981075,0.8071727324155873
근육량늘리기,단백질함량,5,5.285232088230022,0.9999999927019366,0.9999999999999998,5,5,8,24.86129603831247,0.4362471117981075,0.8071727324155873,5,5,8,24.86129603831247,0.4362471117981075,0.8071727324155873
근육량늘리기,근육,5,5.285232088230022,0.9999999927019366,0.9999999999999998,5,5,8,24.86129603831247,0.4362471117981075,0.8071727324155873,5,5,8,24.86129603831247,0.4362471117981075,0.8071727324155873
근육량늘리기,냥집사,5,5.285232088230022,0.9999999927019366,0.9999999999999998,5,5,8,24.86129603831247,0.4362471117981075,0.8071727324155873,5,5,8,24.86129603831247,0.4362471117981075,0.8071727324155873
추천메뉴,근육량늘리기,5,5.285232088230022,0.9999999927019366,0.9999999999999998,5,5,8,24.86129603831247,0.4362471117981075,0.8071727324155873,5,5,8,24.86129603831247,0.4362471117981075,0.8071727324155873
영양성분,추천메뉴,5,5.285232088230022,0.9999999927019366,0.9999999999999998,5,5,8,24.86129603831247,0.4362471117981075,0.8071727324155873,5,5,8,24.86129603831247,0.4362471117981075,0.8071727324155873
추천메뉴,근육,5,5.285232088230022,0.9999999927019366,0.9999999999999998,5,5,8,24.86129603831247,0.4362471117981075,0.8071727324155873,5,5,8,24.86129603831247,0.4362471117981075,0.8071727324155873
영양성분,쉐이크도시락,5,5.285232088230022,0.9999999927019366,0.9999999999999998,5,5,8,24.86129603831247,0.4362471117981075,0.8071727324155873,5,5,8,24.86129603831247,0.4362471117981075,0.8071727324155873
영양성분,단백질함량,5,5.285232088230022,0.9999999927019366,0.9999999999999998,5,5,8,24.86129603831247,0.4362471117981075,0.8071727324155873,5,5,8,24.86129603831247,0.4362471117981075,0.8071727324155873
영양성분,근육,5,5.285232088230022,0.9999999927019366,0.9999999999999998,5,5,8,24.86129603831247,0.4362471117981075,0.8071727324155873,5,5,8,24.86129603831247,0.4362471117981075,0.8071727324155873
영양성분,냥집사,5,5.285232088230022,0.9999999927019366,0.9999999999999998,5,5,8,24.86129603831247,0.4362471117981075,0.8071727324155873,5,5,8,24.86129603831247,0.4362471117981075,0.8071727324155873
쉐이크도시락,단백질함량,5,5.285232088230022,0.9999999927019366,0.9999999999999998,5,5,8,24.86129603831247,0.4362471117981075,0.8071727324155873,5,5,8,24.86129603831247,0.4362471117981075,0.8071727324155873
영양성분,근육량늘리기,5,5.285232088230022,0.9999999927019366,0.9999999999999998,5,5,8,24.86129603831247,0.4362471117981075,0.8071727324155873,5,5,8,24.86129603831247,0.4362471117981075,0.8071727324155873
반찬스타그램,도먹걸,12,4.329720675809521,0.9818487509005244,0.9602760944201374,13,13,6,8.049346398590949,0.23659708175315372,-0.13285448428964736,12,35,6,7.872136638883447,0.23402746826662676,0.10293114705153972
반찬스타그램,집밥그램,12,4.329720675809521,0.9818487509005244,0.9602760944201374,13,13,6,8.049346398590949,0.23659708175315372,-0.13285448428964736,12,12,6,7.872136638883447,0.23402746826662676,-0.18696383324512642
집밥그램,클릭도시락,11,4.40976338235514,0.9806502685352219,0.9569364968567105,12,12,6,7.872136638883447,0.23402746826662676,-0.18696383324512642,11,11,6,6.724415304122401,0.21310567689591697,-0.3172063732730134
도먹걸,domukgirl,11,4.40976338235514,0.9806502685352219,0.9569364968567105,12,35,6,7.872136638883447,0.23402746826662676,0.10293114705153972,11,11,6,6.724415304122401,0.21310567689591697,-0.3172063732730134
도먹걸,클릭도시락,11,4.40976338235514,0.9806502685352219,0.9569364968567105,12,35,6,7.872136638883447,0.23402746826662676,0.10293114705153972,11,11,6,6.724415304122401,0.21310567689591697,-0.3172063732730134
집밥그램,domukgirl,11,4.40976338235514,0.9806502685352219,0.9569364968567105,12,12,6,7.872136638883447,0.23402746826662676,-0.18696383324512642,11,11,6,6.724415304122401,0.21310567689591697,-0.3172063732730134
동물복지닭가슴살,큐브닭가슴살,6,4.948759867348168,0.9697916119483314,0.9253481037695203,7,7,3,14.45694572439357,0.7144118113105136,0.2900922926258205,6,11,3,14.612240696267518,0.7212570983596022,0.3265227600594875
닭가슴살요리,큐브닭가슴살,6,4.948759867348168,0.9697916119483314,0.9253481037695203,7,7,3,14.45694572439357,0.7144118113105136,0.2900922926258205,6,11,3,14.612240696267518,0.7212570983596022,0.3265227600594875
큐브닭가슴살요리,큐브닭가슴살,6,4.948759867348168,0.9697916119483314,0.9253481037695203,7,7,3,14.456945724393572,0.7144118113105136,0.2900922926258206,6,11,3,14.612240696267518,0.7212570983596022,0.3265227600594875
닭가슴살도시락,하림닭가슴살,5,5.102910537930527,0.9655035796920098,0.9124060088858009,6,6,3,14.112828877327424,0.7299769545473334,0.2326616654153842,5,5,3,14.63345165346789,0.6324527545633932,0.18365653130451004
닭가슴살도시락,동물복지IFF큐브닭가슴살,5,5.102910537930527,0.9655035796920098,0.9124060088858009,6,6,3,14.112828877327424,0.7299769545473334,0.2326616654153842,5,5,3,14.63345165346789,0.6324527545633932,0.18365653130451004
단백질식단,근육,5,5.102910537930527,0.9655035796920098,0.9124060088858009,6,11,8,24.01867594722771,0.4625910363790372,0.8640637055986686,5,5,8,24.86129603831247,0.4362471117981075,0.8071727324155873
단백질식단,단백질함량,5,5.102910537930527,0.9655035796920098,0.9124060088858009,6,11,8,24.01867594722771,0.4625910363790372,0.8640637055986686,5,5,8,24.86129603831247,0.4362471117981075,0.8071727324155873
단백질식단,쉐이크도시락,5,5.102910537930527,0.9655035796920098,0.9124060088858009,6,11,8,24.01867594722771,0.4625910363790372,0.8640637055986686,5,5,8,24.86129603831247,0.4362471117981075,0.8071727324155873
큐브닭가슴살,닭가슴살레시피,5,5.102910537930527,0.9655035796920098,0.9124060088858009,6,11,3,14.612240696267518,0.7212570983596022,0.3265227600594875,5,5,3,14.63345165346789,0.6324527545633932,0.18365653130451004
단백질식단,냥집사,5,5.102910537930527,0.9655035796920098,0.9124060088858009,6,11,8,24.01867594722771,0.4625910363790372,0.8640637055986686,5,5,8,24.86129603831247,0.4362471117981075,0.8071727324155873
요리영상,yummyfood,5,5.102910537930527,0.9655035796920098,0.9124060088858009,6,6,9,13.996764674629073,0.08170409637242194,-0.07297635631384065,5,5,9,13.157609538066396,0.07420310470620674,-0.17553125127278157
요리영상,예쁜상차림kimchi,5,5.102910537930527,0.9655035796920098,0.9124060088858009,6,6,9,13.996764674629073,0.08170409637242194,-0.07297635631384065,5,5,9,13.157609538066396,0.07420310470620674,-0.17553125127278157
큐브닭가슴살,동물복지IFF큐브닭가슴살,5,5.102910537930527,0.9655035796920098,0.9124060088858009,6,11,3,14.612240696267518,0.7212570983596022,0.3265227600594875,5,5,3,14.63345165346789,0.6324527545633932,0.18365653130451004
밑반찬레시피,예쁜상차림kimchi,5,5.102910537930527,0.9655035796920098,0.9124060088858009,6,6,9,13.996764674629073,0.08170409637242194,-0.07297635631384065,5,5,9,13.157609538066396,0.07420310470620674,-0.17553125127278157
신혼,영양성분,5,5.102910537930527,0.9655035796920098,0.9124060088858009,6,6,8,23.777360231386666,0.4590024207701009,0.7825600191922111,5,5,8,24.86129603831247,0.4362471117981075,0.8071727324155873
신혼,추천메뉴,5,5.102910537930527,0.9655035796920098,0.9124060088858009,6,6,8,23.777360231386666,0.4590024207701009,0.7825600191922111,5,5,8,24.86129603831247,0.4362471117981075,0.8071727324155873
신혼,근육량늘리기,5,5.102910537930527,0.9655035796920098,0.9124060088858009,6,6,8,23.777360231386666,0.4590024207701009,0.7825600191922111,5,5,8,24.86129603831247,0.4362471117981075,0.8071727324155873
신혼,쉐이크도시락,5,5.102910537930527,0.9655035796920098,0.9124060088858009,6,6,8,23.777360231386666,0.4590024207701009,0.7825600191922111,5,5,8,24.86129603831247,0.4362471117981075,0.8071727324155873
신혼,단백질함량,5,5.102910537930527,0.9655035796920098,0.9124060088858009,6,6,8,23.777360231386666,0.4590024207701009,0.7825600191922111,5,5,8,24.86129603831247,0.4362471117981075,0.8071727324155873
신혼,근육,5,5.102910537930527,0.9655035796920098,0.9124060088858009,6,6,8,23.777360231386666,0.4590024207701009,0.7825600191922111,5,5,8,24.86129603831247,0.4362471117981075,0.8071727324155873
신혼,냥집사,5,5.102910537930527,0.9655035796920098,0.9124060088858009,6,6,8,23.777360231386666,0.4590024207701009,0.7825600191922111,5,5,8,24.86129603831247,0.4362471117981075,0.8071727324155873
닭요리,동물복지IFF큐브닭가슴살,5,5.102910537930527,0.9655035796920098,0.9124060088858009,6,6,3,14.112828877327424,0.612553526114295,0.17876733872437262,5,5,3,14.63345165346789,0.6324527545633932,0.18365653130451004
닭요리,하림닭가슴살,5,5.102910537930527,0.9655035796920098,0.9124060088858009,6,6,3,14.112828877327424,0.612553526114295,0.17876733872437262,5,5,3,14.63345165346789,0.6324527545633932,0.18365653130451004
닭가슴살도시락,닭가슴살레시피,5,5.102910537930527,0.9655035796920098,0.9124060088858009,6,6,3,14.112828877327424,0.7299769545473334,0.2326616654153842,5,5,3,14.63345165346789,0.6324527545633932,0.18365653130451004
cookstagram,yummyfood,5,5.102910537930527,0.9655035796920098,0.9124060088858009,6,6,9,13.996764674629073,0.08170409637242194,-0.07297635631384065,5,5,9,13.157609538066396,0.07420310470620674,-0.17553125127278157
cookstagram,예쁜상차림kimchi,5,5.102910537930527,0.9655035796920098,0.9124060088858009,6,6,9,13.996764674629073,0.08170409637242194,-0.07297635631384065,5,5,9,13.157609538066396,0.07420310470620674,-0.17553125127278157
레시피밑반찬,yummyfood,5,5.102910537930527,0.9655035796920098,0.9124060088858009,6,6,9,13.996764674629073,0.08170409637242194,-0.07297635631384065,5,5,9,13.157609538066396,0.07420310470620674,-0.17553125127278157
밑반찬레시피,yummyfood,5,5.102910537930527,0.9655035796920098,0.9124060088858009,6,6,9,13.996764674629073,0.08170409637242194,-0.07297635631384065,5,5,9,13.157609538066396,0.07420310470620674,-0.17553125127278157
단백질식단,근육량늘리기,5,5.102910537930527,0.9655035796920098,0.9124060088858009,6,11,8,24.01867594722771,0.4625910363790372,0.8640637055986686,5,5,8,24.86129603831247,0.4362471117981075,0.8071727324155873
닭요리,닭가슴살레시피,5,5.102910537930527,0.9655035796920098,0.9124060088858009,6,6,3,14.112828877327424,0.612553526114295,0.17876733872437262,5,5,3,14.63345165346789,0.6324527545633932,0.18365653130451004
레시피밑반찬,예쁜상차림kimchi,5,5.102910537930527,0.9655035796920098,0.9124060088858009,6,6,9,13.996764674629073,0.08170409637242194,-0.07297635631384065,5,5,9,13.157609538066396,0.07420310470620674,-0.17553125127278157
큐브닭가슴살,하림닭가슴살,5,5.102910537930527,0.9655035796920098,0.9124060088858009,6,11,3,14.612240696267518,0.7212570983596022,0.3265227600594875,5,5,3,14.63345165346789,0.6324527545633932,0.18365653130451004
단백질식단,추천메뉴,5,5.102910537930527,0.9655035796920098,0.9124060088858009,6,11,8,24.01867594722771,0.4625910363790372,0.8640637055986686,5,5,8,24.86129603831247,0.4362471117981075,0.8071727324155873
단백질식단,영양성분,5,5.102910537930527,0.9655035796920098,0.9124060088858009,6,11,8,24.01867594722771,0.4625910363790372,0.8640637055986686,5,5,8,24.86129603831247,0.4362471117981075,0.8071727324155873
일주일반찬,예쁜상차림kimchi,5,5.102910537930527,0.9655035796920098,0.9124060088858009,6,6,9,13.996764674629073,0.08170409637242194,-0.07297635631384065,5,5,9,13.157609538066396,0.07420310470620674,-0.17553125127278157
일주일반찬,yummyfood,5,5.102910537930527,0.9655035796920098,0.9124060088858009,6,6,9,13.996764674629073,0.08170409637242194,-0.07297635631384065,5,5,9,13.157609538066396,0.07420310470620674,-0.17553125127278157
반찬스타그램,domukgirl,11,4.329720675249302,0.9628502426808403,0.9189232418096501,13,13,6,8.049346398590949,0.23659708175315372,-0.13285448428964736,11,11,6,6.724415304122401,0.21310567689591697,-0.3172063732730134
재료는,클릭도시락,11,4.329720675249302,0.9628502426808403,0.9189232418096501,13,13,4,12.25911479713851,0.4626313066271431,0.2645937564515714,11,11,6,6.724415304122401,0.21310567689591697,-0.3172063732730134
재료는,domukgirl,11,4.329720675249302,0.9628502426808403,0.9189232418096501,13,13,4,12.25911479713851,0.4626313066271431,0.2645937564515714,11,11,6,6.724415304122401,0.21310567689591697,-0.3172063732730134
반찬스타그램,클릭도시락,11,4.329720675249302,0.9628502426808403,0.9189232418096501,13,13,6,8.049346398590949,0.23659708175315372,-0.13285448428964736,11,11,6,6.724415304122401,0.21310567689591697,-0.3172063732730134
밍키식단,식사기록,12,4.186619833001472,0.9493978391017798,0.8930500890423007,15,15,5,19.651079926473408,0.5003552646519056,0.8787588684955947,12,12,5,20.255595548065635,0.4763973785102491,0.7882387401808284
식단기록,식단공유,11,4.255612703582178,0.9463699928318897,0.8850419087974696,14,14,5,19.260838587334355,0.4860336901636399,0.8043930249878081,11,11,5,19.985702650496897,0.44887051468628797,0.7162084003488233
recipe,밑반찬레시피,6,4.815228477622958,0.9436239204137845,0.8651421548001417,8,8,9,13.240857195085683,0.1928866719408141,0.006448939773308862,6,6,9,13.996764674629073,0.08170409637242194,-0.07297635631384065
동물복지,큐브닭가슴살,6,4.815228477622958,0.9436239204137845,0.8651421548001417,8,16,3,13.778434275697139,0.784389598344781,0.4162718966473031,6,11,3,14.612240696267518,0.7212570983596022,0.3265227600594875
recipe,cookstagram,6,4.815228477622958,0.9436239204137845,0.8651421548001417,8,8,9,13.240857195085683,0.1928866719408141,0.006448939773308862,6,6,9,13.996764674629073,0.08170409637242194,-0.07297635631384065
recipe,레시피밑반찬,6,4.815228477622958,0.9436239204137845,0.8651421548001417,8,8,9,13.240857195085683,0.1928866719408141,0.006448939773308862,6,6,9,13.996764674629073,0.08170409637242194,-0.07297635631384065
recipe,일주일반찬,6,4.815228477622958,0.9436239204137845,0.8651421548001417,8,8,9,13.240857195085683,0.1928866719408141,0.006448939773308862,6,6,9,13.996764674629073,0.08170409637242194,-0.07297635631384065
recipe,요리영상,6,4.815228477622958,0.9436239204137845,0.8651421548001417,8,8,9,13.240857195085683,0.1928866719408141,0.006448939773308862,6,6,9,13.996764674629073,0.08170409637242194,-0.07297635631384065
재료는,도먹걸,11,4.24270929882737,0.9435005129435917,0.8791850176582726,13,13,4,12.25911479713851,0.4626313066271431,0.2645937564515714,12,35,6,7.872136638883447,0.23402746826662676,0.10293114705153972
재료는,집밥그램,11,4.24270929882737,0.9435005129435917,0.8791850176582726,13,13,4,12.25911479713851,0.4626313066271431,0.2645937564515714,12,12,6,7.872136638883447,0.23402746826662676,-0.18696383324512642
식사기록,식단공유,10,4.314453202559788,0.9395412438957205,0.8688715716914356,12,12,5,20.255595548065635,0.4763973785102491,0.7882387401808284,11,11,5,19.985702650496897,0.44887051468628797,0.7162084003488233
큐브닭가슴살요리,닭가슴살레시피,5,4.948759862742169,0.9363372779118774,0.8442931701903921,7,7,3,14.456945724393572,0.7144118113105136,0.2900922926258206,5,5,3,14.63345165346789,0.6324527545633932,0.18365653130451004
닭가슴살요리,하림,5,4.948759862742169,0.9363372779118774,0.8442931701903921,7,7,3,14.45694572439357,0.7144118113105136,0.2900922926258205,5,8,3,13.989223365084955,0.6013771774060483,0.16225993485270662
닭가슴살요리,닭가슴살레시피,5,4.948759862742169,0.9363372779118774,0.8442931701903921,7,7,3,14.45694572439357,0.7144118113105136,0.2900922926258205,5,5,3,14.63345165346789,0.6324527545633932,0.18365653130451004
동물복지닭가슴살,하림닭가슴살,5,4.948759862742169,0.9363372779118774,0.8442931701903921,7,7,3,14.45694572439357,0.7144118113105136,0.2900922926258205,5,5,3,14.63345165346789,0.6324527545633932,0.18365653130451004
동물복지닭가슴살,동물복지IFF큐브닭가슴살,5,4.948759862742169,0.9363372779118774,0.8442931701903921,7,7,3,14.45694572439357,0.7144118113105136,0.2900922926258205,5,5,3,14.63345165346789,0.6324527545633932,0.18365653130451004
동물복지닭가슴살,하림,5,4.948759862742169,0.9363372779118774,0.8442931701903921,7,7,3,14.45694572439357,0.7144118113105136,0.2900922926258205,5,8,3,13.989223365084955,0.6013771774060483,0.16225993485270662
동물복지닭가슴살,닭가슴살레시피,5,4.948759862742169,0.9363372779118774,0.8442931701903921,7,7,3,14.45694572439357,0.7144118113105136,0.2900922926258205,5,5,3,14.63345165346789,0.6324527545633932,0.18365653130451004
닭가슴살요리,하림닭가슴살,5,4.948759862742169,0.9363372779118774,0.8442931701903921,7,7,3,14.45694572439357,0.7144118113105136,0.2900922926258205,5,5,3,14.63345165346789,0.6324527545633932,0.18365653130451004
큐브닭가슴살요리,하림닭가슴살,5,4.948759862742169,0.9363372779118774,0.8442931701903921,7,7,3,14.456945724393572,0.7144118113105136,0.2900922926258206,5,5,3,14.63345165346789,0.6324527545633932,0.18365653130451004
화이팅도시락,온더테이블,5,4.948759862742169,0.9363372779118774,0.8442931701903921,7,7,6,9.404316973415584,0.2171997708824417,-0.2906237027912695,5,5,6,8.710663330687165,0.18288247897011325,-0.43590184398916343
큐브닭가슴살요리,동물복지IFF큐브닭가슴살,5,4.948759862742169,0.9363372779118774,0.8442931701903921,7,7,3,14.456945724393572,0.7144118113105136,0.2900922926258206,5,5,3,14.63345165346789,0.6324527545633932,0.18365653130451004
큐브닭가슴살요리,하림,5,4.948759862742169,0.9363372779118774,0.8442931701903921,7,7,3,14.456945724393572,0.7144118113105136,0.2900922926258206,5,8,3,13.989223365084955,0.6013771774060483,0.16225993485270662
닭가슴살요리,동물복지IFF큐브닭가슴살,5,4.948759862742169,0.9363372779118774,0.8442931701903921,7,7,3,14.45694572439357,0.7144118113105136,0.2900922926258205,5,5,3,14.63345165346789,0.6324527545633932,0.18365653130451004
단백질식단,신혼,5,4.920588986548623,0.9310071664772842,0.8323139653414882,6,11,8,24.01867594722771,0.4625910363790372,0.8640637055986686,6,6,8,23.777360231386666,0.4590024207701009,0.7825600191922111
큐브닭가슴살,닭요리,5,4.920588986548623,0.9310071664772842,0.8323139653414882,6,11,3,14.612240696267518,0.7212570983596022,0.3265227600594875,6,6,3,14.112828877327424,0.612553526114295,0.17876733872437262
큐브닭가슴살,닭가슴살도시락,5,4.920588986548623,0.9310071664772842,0.8323139653414882,6,11,3,14.612240696267518,0.7212570983596022,0.3265227600594875,6,6,3,14.112828877327424,0.7299769545473334,0.2326616654153842
닭요리,닭가슴살도시락,5,4.920588986548623,0.9310071664772842,0.8323139653414882,6,6,3,14.112828877327424,0.612553526114295,0.17876733872437262,6,6,3,14.112828877327424,0.7299769545473334,0.2326616654153842
cooking,cook,8,4.474301900082327,0.9291982513985112,0.8417644550571177,10,10,9,12.677536788318996,0.20031505350272272,0.05169002387977453,9,9,9,13.099957147752342,0.26150098931262766,0.06867742909605914
회사도시락,도시락싸는아내,7,4.592084932663736,0.92792639661563,0.8353784428970757,10,10,6,7.328935601549678,0.173445003908667,-0.33380033291412364,7,7,6,4.040852041347716,0.13763485712604723,-0.7013366478843068
식단기록,식사기록,11,4.1686013271196956,0.9270202630856237,0.8466885919071687,14,14,5,19.260838587334355,0.4860336901636399,0.8043930249878081,12,12,5,20.255595548065635,0.4763973785102491,0.7882387401808284
재료는,반찬스타그램,11,4.162666591634192,0.9257004870697876,0.844100458063497,13,13,4,12.25911479713851,0.4626313066271431,0.2645937564515714,13,13,6,8.049346398590949,0.23659708175315372,-0.13285448428964736
cook,recipe,7,4.563914056083615,0.9222338843085172,0.8234525113493057,9,9,9,13.099957147752342,0.26150098931262766,0.06867742909605914,8,8,9,13.240857195085683,0.1928866719408141,0.006448939773308862
한식도시락,집밥일기,13,3.9873487192063197,0.9209251617266512,0.8402304910543733,17,17,0,12.432333446154226,0.3869215113630196,0.4041959507379918,14,14,0,12.935306902608502,0.38011871758451876,0.3144652404677901
cook,cookstagram,6,4.697445444221596,0.9205423806170919,0.8152471592609056,9,9,9,13.099957147752342,0.26150098931262766,0.06867742909605914,6,6,9,13.996764674629073,0.08170409637242194,-0.07297635631384065
cook,밑반찬레시피,6,4.697445444221596,0.9205423806170919,0.8152471592609056,9,9,9,13.099957147752342,0.26150098931262766,0.06867742909605914,6,6,9,13.996764674629073,0.08170409637242194,-0.07297635631384065
cook,일주일반찬,6,4.697445444221596,0.9205423806170919,0.8152471592609056,9,9,9,13.099957147752342,0.26150098931262766,0.06867742909605914,6,6,9,13.996764674629073,0.08170409637242194,-0.07297635631384065
cook,요리영상,6,4.697445444221596,0.9205423806170919,0.8152471592609056,9,9,9,13.099957147752342,0.26150098931262766,0.06867742909605914,6,6,9,13.996764674629073,0.08170409637242194,-0.07297635631384065
cook,레시피밑반찬,6,4.697445444221596,0.9205423806170919,0.8152471592609056,9,9,9,13.099957147752342,0.26150098931262766,0.06867742909605914,6,6,9,13.996764674629073,0.08170409637242194,-0.07297635631384065
집밥요리,집밥메뉴,16,3.77838080070354,0.9166196661380746,0.8390060896041758,19,19,0,12.25142049464444,0.4112371543894069,0.48386740485410557,19,19,0,12.018496360166031,0.39147053705694246,0.4585445389263604
식사기록,저당파로밥,8,4.409763379621262,0.915795248717989,0.8148268520208813,12,12,5,20.255595548065635,0.4763973785102491,0.7882387401808284,8,8,5,20.324695318798568,0.40617706094792366,0.5985642983639637
예쁜도시락,주세요지니벤또,8,4.409763379621262,0.915795248717989,0.8148268520208813,12,12,6,8.582187518284279,0.19133111515186188,-0.1570219950262316,8,8,6,7.652305777521388,0.19872668163923657,-0.38076903320534655
Lunchbox,foodfoodphotography,12,4.032469153947363,0.9144411610589298,0.8255242959870676,15,15,6,7.093886624993859,0.04154636032383918,-0.2079046108561698,14,14,6,4.085001745131738,0.0008255563337572586,-0.4770828238111706
Lunchbox,instafoodobentagram,12,4.032469153947363,0.9144411610589298,0.8255242959870676,15,15,6,7.093886624993859,0.04154636032383918,-0.2079046108561698,14,14,6,4.085001745131738,0.0008255563337572586,-0.4770828238111706
Lunchbox,lunchfoodstagram,12,4.032469153947363,0.9144411610589298,0.8255242959870676,15,15,6,7.093886624993859,0.04154636032383918,-0.2079046108561698,14,14,6,4.085001745131738,0.0008255563337572586,-0.4770828238111706
동물복지,큐브닭가슴살요리,6,4.661077800695012,0.9134155374111582,0.800283128798554,8,16,3,13.778434275697139,0.784389598344781,0.4162718966473031,7,7,3,14.456945724393572,0.7144118113105136,0.2900922926258206
동물복지,닭가슴살요리,6,4.661077800695012,0.9134155374111582,0.800283128798554,8,16,3,13.778434275697139,0.784389598344781,0.4162718966473031,7,7,3,14.45694572439357,0.7144118113105136,0.2900922926258205
동물복지,동물복지닭가슴살,6,4.661077800695012,0.9134155374111582,0.800283128798554,8,16,3,13.778434275697139,0.784389598344781,0.4162718966473031,7,7,3,14.45694572439357,0.7144118113105136,0.2900922926258205
recipe,예쁜상차림kimchi,5,4.815228473596821,0.9110722780137279,0.7893609005800591,8,8,9,13.240857195085683,0.1928866719408141,0.006448939773308862,5,5,9,13.157609538066396,0.07420310470620674,-0.17553125127278157
단백질도시락,영양성분,5,4.815228473596821,0.9110722780137279,0.7893609005800591,8,8,8,22.288452926688173,0.5529669476277428,0.8029432241221758,5,5,8,24.86129603831247,0.4362471117981075,0.8071727324155873
recipe,yummyfood,5,4.815228473596821,0.9110722780137279,0.7893609005800591,8,8,9,13.240857195085683,0.1928866719408141,0.006448939773308862,5,5,9,13.157609538066396,0.07420310470620674,-0.17553125127278157
단백질도시락,쉐이크도시락,5,4.815228473596821,0.9110722780137279,0.7893609005800591,8,8,8,22.288452926688173,0.5529669476277428,0.8029432241221758,5,5,8,24.86129603831247,0.4362471117981075,0.8071727324155873
단백질도시락,근육,5,4.815228473596821,0.9110722780137279,0.7893609005800591,8,8,8,22.288452926688173,0.5529669476277428,0.8029432241221758,5,5,8,24.86129603831247,0.4362471117981075,0.8071727324155873
단백질도시락,근육량늘리기,5,4.815228473596821,0.9110722780137279,0.7893609005800591,8,8,8,22.288452926688173,0.5529669476277428,0.8029432241221758,5,5,8,24.86129603831247,0.4362471117981075,0.8071727324155873
동물복지,하림닭가슴살,5,4.815228473596821,0.9110722780137279,0.7893609005800591,8,16,3,13.778434275697139,0.784389598344781,0.4162718966473031,5,5,3,14.63345165346789,0.6324527545633932,0.18365653130451004
동물복지,동물복지IFF큐브닭가슴살,5,4.815228473596821,0.9110722780137279,0.7893609005800591,8,16,3,13.778434275697139,0.784389598344781,0.4162718966473031,5,5,3,14.63345165346789,0.6324527545633932,0.18365653130451004
단백질도시락,추천메뉴,5,4.815228473596821,0.9110722780137279,0.7893609005800591,8,8,8,22.288452926688173,0.5529669476277428,0.8029432241221758,5,5,8,24.86129603831247,0.4362471117981075,0.8071727324155873
단백질도시락,단백질함량,5,4.815228473596821,0.9110722780137279,0.7893609005800591,8,8,8,22.288452926688173,0.5529669476277428,0.8029432241221758,5,5,8,24.86129603831247,0.4362471117981075,0.8071727324155873
동물복지,닭가슴살레시피,5,4.815228473596821,0.9110722780137279,0.7893609005800591,8,16,3,13.778434275697139,0.784389598344781,0.4162718966473031,5,5,3,14.63345165346789,0.6324527545633932,0.18365653130451004
단백질도시락,냥집사,5,4.815228473596821,0.9110722780137279,0.7893609005800591,8,8,8,22.288452926688173,0.5529669476277428,0.8029432241221758,5,5,8,24.86129603831247,0.4362471117981075,0.8071727324155873
instafood,mamagirl,7,4.496774754124566,0.908666990086896,0.7960943623504901,11,11,6,8.304005449488516,0.06982173648537852,-0.27276619993180967,7,7,6,5.528774262185343,0.0027855444160232255,-0.6594206254439394
instafood,instagood,7,4.496774754124566,0.908666990086896,0.7960943623504901,11,11,6,8.304005449488516,0.06982173648537852,-0.27276619993180967,7,7,6,5.528774262185343,0.0027855444160232255,-0.6594206254439394
운동하는여자,바프식단,5,4.766438310587114,0.9018408645508666,0.7700218149224937,7,7,7,24.299526236366624,0.5035174486582382,0.8799879129678249,6,6,7,23.048910945171727,0.5211627159120158,0.7602680206495984
큐브닭가슴살요리,닭요리,5,4.766438310587114,0.9018408645508666,0.7700218149224937,7,7,3,14.456945724393572,0.7144118113105136,0.2900922926258206,6,6,3,14.112828877327424,0.612553526114295,0.17876733872437262
닭가슴살요리,닭가슴살도시락,5,4.766438310587114,0.9018408645508666,0.7700218149224937,7,7,3,14.45694572439357,0.7144118113105136,0.2900922926258205,6,6,3,14.112828877327424,0.7299769545473334,0.2326616654153842
동물복지닭가슴살,닭가슴살도시락,5,4.766438310587114,0.9018408645508666,0.7700218149224937,7,7,3,14.45694572439357,0.7144118113105136,0.2900922926258205,6,6,3,14.112828877327424,0.7299769545473334,0.2326616654153842
동물복지닭가슴살,닭요리,5,4.766438310587114,0.9018408645508666,0.7700218149224937,7,7,3,14.45694572439357,0.7144118113105136,0.2900922926258205,6,6,3,14.112828877327424,0.612553526114295,0.17876733872437262
닭가슴살요리,닭요리,5,4.766438310587114,0.9018408645508666,0.7700218149224937,7,7,3,14.45694572439357,0.7144118113105136,0.2900922926258205,6,6,3,14.112828877327424,0.612553526114295,0.17876733872437262
큐브닭가슴살요리,닭가슴살도시락,5,4.766438310587114,0.9018408645508666,0.7700218149224937,7,7,3,14.456945724393572,0.7144118113105136,0.2900922926258206,6,6,3,14.112828877327424,0.7299769545473334,0.2326616654153842
cooking,cookstagram,6,4.592084930367786,0.8998952396555436,0.7730158580647436,10,10,9,12.677536788318996,0.20031505350272272,0.05169002387977453,6,6,9,13.996764674629073,0.08170409637242194,-0.07297635631384065
cooking,요리영상,6,4.592084930367786,0.8998952396555436,0.7730158580647436,10,10,9,12.677536788318996,0.20031505350272272,0.05169002387977453,6,6,9,13.996764674629073,0.08170409637242194,-0.07297635631384065
밀프랩,바프식단,6,4.592084930367786,0.8998952396555436,0.7730158580647436,10,10,7,22.65615847833499,0.49449499293054866,0.8828929606011993,6,6,7,23.048910945171727,0.5211627159120158,0.7602680206495984
cooking,레시피밑반찬,6,4.592084930367786,0.8998952396555436,0.7730158580647436,10,10,9,12.677536788318996,0.20031505350272272,0.05169002387977453,6,6,9,13.996764674629073,0.08170409637242194,-0.07297635631384065
cooking,일주일반찬,6,4.592084930367786,0.8998952396555436,0.7730158580647436,10,10,9,12.677536788318996,0.20031505350272272,0.05169002387977453,6,6,9,13.996764674629073,0.08170409637242194,-0.07297635631384065
cooking,밑반찬레시피,6,4.592084930367786,0.8998952396555436,0.7730158580647436,10,10,9,12.677536788318996,0.20031505350272272,0.05169002387977453,6,6,9,13.996764674629073,0.08170409637242194,-0.07297635631384065
집밥요리,집밥일기,13,3.8761230845269528,0.8952362910462772,0.7938301248757572,19,19,0,12.25142049464444,0.4112371543894069,0.48386740485410557,14,14,0,12.935306902608502,0.38011871758451876,0.3144652404677901
집밥메뉴,집밥일기,13,3.8761230845269528,0.8952362910462772,0.7938301248757572,19,19,0,12.018496360166031,0.39147053705694246,0.4585445389263604,14,14,0,12.935306902608502,0.38011871758451876,0.3144652404677901
밍키식단,식단공유,10,4.091309652721592,0.8909481641845076,0.7757030986960385,15,15,5,19.651079926473408,0.5003552646519056,0.8787588684955947,11,11,5,19.985702650496897,0.44887051468628797,0.7162084003488233
도시락일기,직장인점심시간,10,4.091309652721592,0.8909481641845076,0.7757030986960385,15,15,1,9.643435236329191,0.2836292781955203,0.08108044194600164,11,11,1,10.53023454283939,0.2403582864309496,-0.03917622957271297
cook,yummyfood,5,4.6974454406464625,0.8887869686603188,0.7438364068367299,9,9,9,13.099957147752342,0.26150098931262766,0.06867742909605914,5,5,9,13.157609538066396,0.07420310470620674,-0.17553125127278157
cook,예쁜상차림kimchi,5,4.6974454406464625,0.8887869686603188,0.7438364068367299,9,9,9,13.099957147752342,0.26150098931262766,0.06867742909605914,5,5,9,13.157609538066396,0.07420310470620674,-0.17553125127278157
다이어트레시피,도먹걸,12,3.8989377619027032,0.8841603091745194,0.7714122912405031,20,20,7,9.417235737606395,0.4656432929607608,0.35167138665688064,12,35,6,7.872136638883447,0.23402746826662676,0.10293114705153972
다이어트레시피,집밥그램,12,3.8989377619027032,0.8841603091745194,0.7714122912405031,20,20,7,9.417235737606395,0.4656432929607608,0.35167138665688064,12,12,6,7.872136638883447,0.23402746826662676,-0.18696383324512642
식단기록,저당파로밥,8,4.255612701243661,0.883782089123701,0.7536089540118965,14,14,5,19.260838587334355,0.4860336901636399,0.8043930249878081,8,8,5,20.324695318798568,0.40617706094792366,0.5985642983639637
요리레시피,주세요지니벤또,8,4.255612701243661,0.883782089123701,0.7536089540118965,14,14,6,11.403517998949228,0.2589065448379871,0.15196313506412473,8,8,6,7.652305777521388,0.19872668163923657,-0.38076903320534655
집밥도시락,집밥일기,13,3.824829790322517,0.8833895004625545,0.7732673207412362,20,21,0,11.782917689866869,0.42291811464232104,0.5097131063368555,14,14,0,12.935306902608502,0.38011871758451876,0.3144652404677901
식단공유,저당파로밥,7,4.363243363081486,0.8816841915667035,0.7438587204447058,11,11,5,19.985702650496897,0.44887051468628797,0.7162084003488233,8,8,5,20.324695318798568,0.40617706094792366,0.5985642983639637
직장인점심시간,자취일기,6,4.496774752039475,0.8812176287078083,0.7366644086226316,11,11,1,10.53023454283939,0.2403582864309496,-0.03917622957271297,6,6,1,8.299956800848426,0.2005517841891013,-0.41587948354207993
밍키식단,식단기록,11,3.9454577769652106,0.8773972417560689,0.7554888412733632,15,15,5,19.651079926473408,0.5003552646519056,0.8787588684955947,14,14,5,19.260838587334355,0.4860336901636399,0.8043930249878081
단백질도시락,단백질식단,5,4.632906920861903,0.8765758645430034,0.7197735291978706,8,8,8,22.288452926688173,0.5529669476277428,0.8029432241221758,6,11,8,24.01867594722771,0.4625910363790372,0.8640637055986686
단백질도시락,신혼,5,4.632906920861903,0.8765758645430034,0.7197735291978706,8,8,8,22.288452926688173,0.5529669476277428,0.8029432241221758,6,6,8,23.777360231386666,0.4590024207701009,0.7825600191922111
동물복지,닭가슴살도시락,5,4.632906920861903,0.8765758645430034,0.7197735291978706,8,16,3,13.778434275697139,0.784389598344781,0.4162718966473031,6,6,3,14.112828877327424,0.7299769545473334,0.2326616654153842
동물복지,닭요리,5,4.632906920861903,0.8765758645430034,0.7197735291978706,8,16,3,13.778434275697139,0.784389598344781,0.4162718966473031,6,6,3,14.112828877327424,0.612553526114295,0.17876733872437262
집밥도시락,집밥메뉴,15,3.6625489853174575,0.8748224407293838,0.7648444292077867,20,21,0,11.782917689866869,0.42291811464232104,0.5097131063368555,19,19,0,12.018496360166031,0.39147053705694246,0.4585445389263604
집밥도시락,집밥요리,15,3.6625489853174575,0.8748224407293838,0.7648444292077867,20,21,0,11.782917689866869,0.42291811464232104,0.5097131063368555,19,19,0,12.25142049464444,0.4112371543894069,0.48386740485410557
다이어터,운동하는여자,6,4.437934252859978,0.8696868565392838,0.7148171732466277,10,11,7,22.26045724436865,0.47285457451176466,0.8579576720285245,7,7,7,24.299526236366624,0.5035174486582382,0.8799879129678249
밀프랩,운동하는여자,6,4.437934252859978,0.8696868565392838,0.7148171732466277,10,10,7,22.65615847833499,0.49449499293054866,0.8828929606011993,7,7,7,24.299526236366624,0.5035174486582382,0.8799879129678249
밍키식단,저당파로밥,8,4.186619830336571,0.8694540315993191,0.7276811927513057,15,15,5,19.651079926473408,0.5003552646519056,0.8787588684955947,8,8,5,20.324695318798568,0.40617706094792366,0.5985642983639637
집밥레시피,근육,5,4.592084927153456,0.8688520800943631,0.7053043138622855,10,10,4,29.37201989388393,0.9999999999999571,1.5834545386983518,5,5,8,24.86129603831247,0.4362471117981075,0.8071727324155873
점메추,추천메뉴,5,4.592084927153456,0.8688520800943631,0.7053043138622855,10,10,8,20.982080347138332,0.4614609716205375,0.7509352122106411,5,5,8,24.86129603831247,0.4362471117981075,0.8071727324155873
점메추,영양성분,5,4.592084927153456,0.8688520800943631,0.7053043138622855,10,10,8,20.982080347138332,0.4614609716205375,0.7509352122106411,5,5,8,24.86129603831247,0.4362471117981075,0.8071727324155873
점메추,근육량늘리기,5,4.592084927153456,0.8688520800943631,0.7053043138622855,10,10,8,20.982080347138332,0.4614609716205375,0.7509352122106411,5,5,8,24.86129603831247,0.4362471117981075,0.8071727324155873
점메추,쉐이크도시락,5,4.592084927153456,0.8688520800943631,0.7053043138622855,10,10,8,20.982080347138332,0.4614609716205375,0.7509352122106411,5,5,8,24.86129603831247,0.4362471117981075,0.8071727324155873
점메추,냥집사,5,4.592084927153456,0.8688520800943631,0.7053043138622855,10,10,8,20.982080347138332,0.4614609716205375,0.7509352122106411,5,5,8,24.86129603831247,0.4362471117981075,0.8071727324155873
점메추,근육,5,4.592084927153456,0.8688520800943631,0.7053043138622855,10,10,8,20.982080347138332,0.4614609716205375,0.7509352122106411,5,5,8,24.86129603831247,0.4362471117981075,0.8071727324155873
집밥레시피,쉐이크도시락,5,4.592084927153456,0.8688520800943631,0.7053043138622855,10,10,4,29.37201989388393,0.9999999999999571,1.5834545386983518,5,5,8,24.86129603831247,0.4362471117981075,0.8071727324155873
집밥레시피,단백질함량,5,4.592084927153456,0.8688520800943631,0.7053043138622855,10,10,4,29.37201989388393,0.9999999999999571,1.5834545386983518,5,5,8,24.86129603831247,0.4362471117981075,0.8071727324155873
집밥레시피,근육량늘리기,5,4.592084927153456,0.8688520800943631,0.7053043138622855,10,10,4,29.37201989388393,0.9999999999999571,1.5834545386983518,5,5,8,24.86129603831247,0.4362471117981075,0.8071727324155873
집밥레시피,영양성분,5,4.592084927153456,0.8688520800943631,0.7053043138622855,10,10,4,29.37201989388393,0.9999999999999571,1.5834545386983518,5,5,8,24.86129603831247,0.4362471117981075,0.8071727324155873
cooking,yummyfood,5,4.592084927153456,0.8688520800943631,0.7053043138622855,10,10,9,12.677536788318996,0.20031505350272272,0.05169002387977453,5,5,9,13.157609538066396,0.07420310470620674,-0.17553125127278157
cooking,예쁜상차림kimchi,5,4.592084927153456,0.8688520800943631,0.7053043138622855,10,10,9,12.677536788318996,0.20031505350272272,0.05169002387977453,5,5,9,13.157609538066396,0.07420310470620674,-0.17553125127278157
집밥레시피,냥집사,5,4.592084927153456,0.8688520800943631,0.7053043138622855,10,10,4,29.37201989388393,0.9999999999999571,1.5834545386983518,5,5,8,24.86129603831247,0.4362471117981075,0.8071727324155873
집밥레시피,추천메뉴,5,4.592084927153456,0.8688520800943631,0.7053043138622855,10,10,4,29.37201989388393,0.9999999999999571,1.5834545386983518,5,5,8,24.86129603831247,0.4362471117981075,0.8071727324155873
점메추,단백질함량,5,4.592084927153456,0.8688520800943631,0.7053043138622855,10,10,8,20.982080347138332,0.4614609716205375,0.7509352122106411,5,5,8,24.86129603831247,0.4362471117981075,0.8071727324155873
직장인점심시간,쿡스타그램,8,4.178321027588968,0.8677305821821861,0.7241989567809238,11,11,1,10.53023454283939,0.2403582864309496,-0.03917622957271297,11,11,1,9.686629429675301,0.306967525450831,-0.06746039370536949
다이어트레시피,클릭도시락,11,3.898937761541177,0.8670520459570424,0.7381925756118958,20,20,7,9.417235737606395,0.4656432929607608,0.35167138665688064,11,11,6,6.724415304122401,0.21310567689591697,-0.3172063732730134
다이어트레시피,domukgirl,11,3.898937761541177,0.8670520459570424,0.7381925756118958,20,20,7,9.417235737606395,0.4656432929607608,0.35167138665688064,11,11,6,6.724415304122401,0.21310567689591697,-0.3172063732730134
다이어트레시피,반찬스타그램,12,3.8188950545414,0.866009061524647,0.7402512669909658,20,20,7,9.417235737606395,0.4656432929607608,0.35167138665688064,13,13,6,8.049346398590949,0.23659708175315372,-0.13285448428964736
다이어터,밀프랩,7,4.2354099929000135,0.8558527968300826,0.6969293756397132,10,11,7,22.26045724436865,0.47285457451176466,0.8579576720285245,10,10,7,22.65615847833499,0.49449499293054866,0.8828929606011993
직장인점심,집밥일기,13,3.6850678484011636,0.8511098334379024,0.7197799080578018,23,23,0,11.204148867551634,0.3583491550466824,0.5487938507304948,14,14,0,12.935306902608502,0.38011871758451876,0.3144652404677901
식단도시락,근육,5,4.496774749120347,0.8508187798066084,0.6721370329595941,11,11,8,20.326647232593295,0.6656294265139555,0.8394819510343219,5,5,8,24.86129603831247,0.4362471117981075,0.8071727324155873
식단도시락,근육량늘리기,5,4.496774749120347,0.8508187798066084,0.6721370329595941,11,11,8,20.326647232593295,0.6656294265139555,0.8394819510343219,5,5,8,24.86129603831247,0.4362471117981075,0.8071727324155873
식단도시락,추천메뉴,5,4.496774749120347,0.8508187798066084,0.6721370329595941,11,11,8,20.326647232593295,0.6656294265139555,0.8394819510343219,5,5,8,24.86129603831247,0.4362471117981075,0.8071727324155873
식단도시락,영양성분,5,4.496774749120347,0.8508187798066084,0.6721370329595941,11,11,8,20.326647232593295,0.6656294265139555,0.8394819510343219,5,5,8,24.86129603831247,0.4362471117981075,0.8071727324155873
식단도시락,쉐이크도시락,5,4.496774749120347,0.8508187798066084,0.6721370329595941,11,11,8,20.326647232593295,0.6656294265139555,0.8394819510343219,5,5,8,24.86129603831247,0.4362471117981075,0.8071727324155873
식단도시락,냥집사,5,4.496774749120347,0.8508187798066084,0.6721370329595941,11,11,8,20.326647232593295,0.6656294265139555,0.8394819510343219,5,5,8,24.86129603831247,0.4362471117981075,0.8071727324155873
식단도시락,단백질함량,5,4.496774749120347,0.8508187798066084,0.6721370329595941,11,11,8,20.326647232593295,0.6656294265139555,0.8394819510343219,5,5,8,24.86129603831247,0.4362471117981075,0.8071727324155873
집밥메뉴,한식도시락,13,3.6819670707322816,0.8503936723049573,0.7182292132136111,19,19,0,12.018496360166031,0.39147053705694246,0.4585445389263604,17,17,0,12.432333446154226,0.3869215113630196,0.4041959507379918
집밥요리,한식도시락,13,3.6819670707322816,0.8503936723049573,0.7182292132136111,19,19,0,12.25142049464444,0.4112371543894069,0.48386740485410557,17,17,0,12.432333446154226,0.3869215113630196,0.4041959507379918
밑반찬,일주일반찬,6,4.329720669647099,0.848480609295172,0.6769380464972976,13,14,9,11.841003869075447,0.20920932495243189,0.13171324041865137,6,6,9,13.996764674629073,0.08170409637242194,-0.07297635631384065
food,cookstagram,6,4.329720669647099,0.848480609295172,0.6769380464972976,13,13,9,11.813923793502944,0.23357399731229614,0.12840256244058157,6,6,9,13.996764674629073,0.08170409637242194,-0.07297635631384065
밑반찬,레시피밑반찬,6,4.329720669647099,0.848480609295172,0.6769380464972976,13,14,9,11.841003869075447,0.20920932495243189,0.13171324041865137,6,6,9,13.996764674629073,0.08170409637242194,-0.07297635631384065
food,밑반찬레시피,6,4.329720669647099,0.848480609295172,0.6769380464972976,13,13,9,11.813923793502944,0.23357399731229614,0.12840256244058157,6,6,9,13.996764674629073,0.08170409637242194,-0.07297635631384065
food,레시피밑반찬,6,4.329720669647099,0.848480609295172,0.6769380464972976,13,13,9,11.813923793502944,0.23357399731229614,0.12840256244058157,6,6,9,13.996764674629073,0.08170409637242194,-0.07297635631384065
food,일주일반찬,6,4.329720669647099,0.848480609295172,0.6769380464972976,13,13,9,11.813923793502944,0.23357399731229614,0.12840256244058157,6,6,9,13.996764674629073,0.08170409637242194,-0.07297635631384065
food,요리영상,6,4.329720669647099,0.848480609295172,0.6769380464972976,13,13,9,11.813923793502944,0.23357399731229614,0.12840256244058157,6,6,9,13.996764674629073,0.08170409637242194,-0.07297635631384065
밑반찬,요리영상,6,4.329720669647099,0.848480609295172,0.6769380464972976,13,14,9,11.841003869075447,0.20920932495243189,0.13171324041865137,6,6,9,13.996764674629073,0.08170409637242194,-0.07297635631384065
밑반찬,cookstagram,6,4.329720669647099,0.848480609295172,0.6769380464972976,13,14,9,11.841003869075447,0.20920932495243189,0.13171324041865137,6,6,9,13.996764674629073,0.08170409637242194,-0.07297635631384065
밑반찬,밑반찬레시피,6,4.329720669647099,0.848480609295172,0.6769380464972976,13,14,9,11.841003869075447,0.20920932495243189,0.13171324041865137,6,6,9,13.996764674629073,0.08170409637242194,-0.07297635631384065
koreanfood,cook,8,4.068836795582197,0.8449935029219491,0.6850909638376249,15,15,9,11.547284003476404,0.23075335294905927,0.18963822637121563,9,9,9,13.099957147752342,0.26150098931262766,0.06867742909605914
cooking,recipe,6,4.304402861975043,0.8435191647774696,0.6678484638687093,10,10,9,12.677536788318996,0.20031505350272272,0.05169002387977453,8,8,9,13.240857195085683,0.1928866719408141,0.006448939773308862
직장인점심,집밥요리,15,3.5227870432766815,0.8414394378678963,0.7115073736704893,23,23,0,11.204148867551634,0.3583491550466824,0.5487938507304948,19,19,0,12.25142049464444,0.4112371543894069,0.48386740485410557
직장인점심,집밥메뉴,15,3.5227870432766815,0.8414394378678963,0.7115073736704893,23,23,0,11.204148867551634,0.3583491550466824,0.5487938507304948,19,19,0,12.018496360166031,0.39147053705694246,0.4585445389263604
집밥도시락,한식도시락,13,3.6306737764955312,0.838546881713771,0.6994531746324939,20,21,0,11.782917689866869,0.42291811464232104,0.5097131063368555,17,17,0,12.432333446154226,0.3869215113630196,0.4041959507379918
식단일기,다이어터,7,4.140099813981297,0.8365933902246535,0.6638600096340027,11,11,7,19.99210186646014,0.5473816068220907,0.7618689085033818,10,11,7,22.26045724436865,0.47285457451176466,0.8579576720285245
점메추,신혼,5,4.409763373606731,0.8343556664700394,0.6428611920958077,10,10,8,20.982080347138332,0.4614609716205375,0.7509352122106411,6,6,8,23.777360231386666,0.4590024207701009,0.7825600191922111
점메추,단백질식단,5,4.409763373606731,0.8343556664700394,0.6428611920958077,10,10,8,20.982080347138332,0.4614609716205375,0.7509352122106411,6,11,8,24.01867594722771,0.4625910363790372,0.8640637055986686
집밥레시피,단백질식단,5,4.409763373606731,0.8343556664700394,0.6428611920958077,10,10,4,29.37201989388393,0.9999999999999571,1.5834545386983518,6,11,8,24.01867594722771,0.4625910363790372,0.8640637055986686
다이어터,바프식단,5,4.409763373606731,0.8343556664700394,0.6428611920958077,10,11,7,22.26045724436865,0.47285457451176466,0.8579576720285245,6,6,7,23.048910945171727,0.5211627159120158,0.7602680206495984
집밥레시피,신혼,5,4.409763373606731,0.8343556664700394,0.6428611920958077,10,10,4,29.37201989388393,0.9999999999999571,1.5834545386983518,6,6,8,23.777360231386666,0.4590024207701009,0.7825600191922111
다이어트레시피,재료는,11,3.7318836775592477,0.8299022902644158,0.6771790984377818,20,20,7,9.417235737606395,0.4656432929607608,0.35167138665688064,13,13,4,12.25911479713851,0.4626313066271431,0.2645937564515714
직장인점심,집밥도시락,15,3.4714937490005924,0.8291877178031148,0.6927393898398329,23,23,0,11.204148867551634,0.3583491550466824,0.5487938507304948,20,21,0,11.782917689866869,0.42291811464232104,0.5097131063368555
직장인점심시간,오도완,6,4.209092683277728,0.8248415537574216,0.6362222218258926,11,11,1,10.53023454283939,0.2403582864309496,-0.03917622957271297,8,8,1,8.674596031406379,0.21367720014999167,-0.30258465522047306
레시피,도먹걸,12,3.636573498371913,0.824664086735071,0.6744710835933223,26,33,4,23.131343883108837,0.8286791024171124,1.806720317262422,12,35,6,7.872136638883447,0.23402746826662676,0.10293114705153972
레시피,집밥그램,12,3.636573498371913,0.824664086735071,0.6744710835933223,26,33,4,23.131343883108837,0.8286791024171124,1.806720317262422,12,12,6,7.872136638883447,0.23402746826662676,-0.18696383324512642
koreanfood,cooking,8,3.963476280645977,0.8231128143963535,0.6490100901158362,15,15,9,11.547284003476404,0.23075335294905927,0.18963822637121563,10,10,9,12.677536788318996,0.20031505350272272,0.05169002387977453
100g,저당파로밥,5,4.34522485348392,0.8221445622887247,0.6219356486210418,8,10,5,14.515088464040437,0.3481041094277316,0.19179773226284932,8,8,5,20.324695318798568,0.40617706094792366,0.5985642983639637
koreanfood,일주일반찬,6,4.186619827671672,0.8204376248040135,0.6295476751044019,15,15,9,11.547284003476404,0.23075335294905927,0.18963822637121563,6,6,9,13.996764674629073,0.08170409637242194,-0.07297635631384065
koreanfood,요리영상,6,4.186619827671672,0.8204376248040135,0.6295476751044019,15,15,9,11.547284003476404,0.23075335294905927,0.18963822637121563,6,6,9,13.996764674629073,0.08170409637242194,-0.07297635631384065
koreanfood,cookstagram,6,4.186619827671672,0.8204376248040135,0.6295476751044019,15,15,9,11.547284003476404,0.23075335294905927,0.18963822637121563,6,6,9,13.996764674629073,0.08170409637242194,-0.07297635631384065
koreanfood,레시피밑반찬,6,4.186619827671672,0.8204376248040135,0.6295476751044019,15,15,9,11.547284003476404,0.23075335294905927,0.18963822637121563,6,6,9,13.996764674629073,0.08170409637242194,-0.07297635631384065
koreanfood,밑반찬레시피,6,4.186619827671672,0.8204376248040135,0.6295476751044019,15,15,9,11.547284003476404,0.23075335294905927,0.18963822637121563,6,6,9,13.996764674629073,0.08170409637242194,-0.07297635631384065
간식,근육,5,4.32972066718213,0.8192110702622976,0.6176423412675501,13,14,8,19.34139922305634,0.6527454490452729,0.8585675475090659,5,5,8,24.86129603831247,0.4362471117981075,0.8071727324155873
간식,단백질함량,5,4.32972066718213,0.8192110702622976,0.6176423412675501,13,14,8,19.34139922305634,0.6527454490452729,0.8585675475090659,5,5,8,24.86129603831247,0.4362471117981075,0.8071727324155873
간식,냥집사,5,4.32972066718213,0.8192110702622976,0.6176423412675501,13,14,8,19.34139922305634,0.6527454490452729,0.8585675475090659,5,5,8,24.86129603831247,0.4362471117981075,0.8071727324155873
간식,쉐이크도시락,5,4.32972066718213,0.8192110702622976,0.6176423412675501,13,14,8,19.34139922305634,0.6527454490452729,0.8585675475090659,5,5,8,24.86129603831247,0.4362471117981075,0.8071727324155873
밑반찬,예쁜상차림kimchi,5,4.32972066718213,0.8192110702622976,0.6176423412675501,13,14,9,11.841003869075447,0.20920932495243189,0.13171324041865137,5,5,9,13.157609538066396,0.07420310470620674,-0.17553125127278157
간식,근육량늘리기,5,4.32972066718213,0.8192110702622976,0.6176423412675501,13,14,8,19.34139922305634,0.6527454490452729,0.8585675475090659,5,5,8,24.86129603831247,0.4362471117981075,0.8071727324155873
간식,영양성분,5,4.32972066718213,0.8192110702622976,0.6176423412675501,13,14,8,19.34139922305634,0.6527454490452729,0.8585675475090659,5,5,8,24.86129603831247,0.4362471117981075,0.8071727324155873
간식,추천메뉴,5,4.32972066718213,0.8192110702622976,0.6176423412675501,13,14,8,19.34139922305634,0.6527454490452729,0.8585675475090659,5,5,8,24.86129603831247,0.4362471117981075,0.8071727324155873
food,예쁜상차림kimchi,5,4.32972066718213,0.8192110702622976,0.6176423412675501,13,13,9,11.813923793502944,0.23357399731229614,0.12840256244058157,5,5,9,13.157609538066396,0.07420310470620674,-0.17553125127278157
food,yummyfood,5,4.32972066718213,0.8192110702622976,0.6176423412675501,13,13,9,11.813923793502944,0.23357399731229614,0.12840256244058157,5,5,9,13.157609538066396,0.07420310470620674,-0.17553125127278157
밑반찬,yummyfood,5,4.32972066718213,0.8192110702622976,0.6176423412675501,13,14,9,11.841003869075447,0.20920932495243189,0.13171324041865137,5,5,9,13.157609538066396,0.07420310470620674,-0.17553125127278157
밍키식단,100g,7,4.053088437729674,0.8190109295311618,0.6353173376528568,15,15,5,19.651079926473408,0.5003552646519056,0.8787588684955947,8,10,5,14.515088464040437,0.3481041094277316,0.19179773226284932
직장인점심도시락,직장인점심시간,10,3.754837417787252,0.8176759493047584,0.6531493790243537,21,21,1,8.602605678764055,0.2363983412777787,0.23018579655119886,11,11,1,10.53023454283939,0.2403582864309496,-0.03917622957271297
식단도시락,신혼,5,4.31445319527842,0.8163223661264306,0.6125032454890016,11,11,8,20.326647232593295,0.6656294265139555,0.8394819510343219,6,6,8,23.777360231386666,0.4590024207701009,0.7825600191922111
쿡스타그램,자취일기,5,4.31445319527842,0.8163223661264306,0.6125032454890016,11,11,1,9.686629429675301,0.306967525450831,-0.06746039370536949,6,6,1,8.299956800848426,0.2005517841891013,-0.41587948354207993
식단도시락,단백질식단,5,4.31445319527842,0.8163223661264306,0.6125032454890016,11,11,8,20.326647232593295,0.6656294265139555,0.8394819510343219,6,11,8,24.01867594722771,0.4625910363790372,0.8640637055986686
lover,foodfoodphotography,14,3.4606828327742063,0.8132043653425781,0.6661249442872691,31,31,6,10.63213147513519,0.005098427875892098,0.6712848064647169,14,14,6,4.085001745131738,0.0008255563337572586,-0.4770828238111706
lover,lunchfoodstagram,14,3.4606828327742063,0.8132043653425781,0.6661249442872691,31,31,6,10.63213147513519,0.005098427875892098,0.6712848064647169,14,14,6,4.085001745131738,0.0008255563337572586,-0.4770828238111706
lover,instafoodobentagram,14,3.4606828327742063,0.8132043653425781,0.6661249442872691,31,31,6,10.63213147513519,0.005098427875892098,0.6712848064647169,14,14,6,4.085001745131738,0.0008255563337572586,-0.4770828238111706
레시피,domukgirl,11,3.6365734980955415,0.8087070593685336,0.6454259959649434,26,33,4,23.131343883108837,0.8286791024171124,1.806720317262422,11,11,6,6.724415304122401,0.21310567689591697,-0.3172063732730134
레시피,클릭도시락,11,3.6365734980955415,0.8087070593685336,0.6454259959649434,26,33,4,23.131343883108837,0.8286791024171124,1.806720317262422,11,11,6,6.724415304122401,0.21310567689591697,-0.3172063732730134
식사기록,100g,6,4.122081307210607,0.8077902308167527,0.6086129794709814,12,12,5,20.255595548065635,0.4763973785102491,0.7882387401808284,8,10,5,14.515088464040437,0.3481041094277316,0.19179773226284932
레시피,재료는,12,3.5565307909385564,0.806512839068859,0.6468816731346377,26,33,4,23.131343883108837,0.8286791024171124,1.806720317262422,13,13,4,12.25911479713851,0.4626313066271431,0.2645937564515714
레시피,반찬스타그램,12,3.5565307909385564,0.806512839068859,0.6468816731346377,26,33,4,23.131343883108837,0.8286791024171124,1.806720317262422,13,13,6,8.049346398590949,0.23659708175315372,-0.13285448428964736
직장인점심,한식도시락,13,3.490911834494095,0.8062672146706228,0.6505903504955749,23,23,0,11.204148867551634,0.3583491550466824,0.5487938507304948,17,17,0,12.432333446154226,0.3869215113630196,0.4041959507379918
characterfood,snoopy,7,3.9885499170994825,0.8059695773415938,0.614734799386987,16,16,6,4.771231166056057,3.4617966292782854e-05,-0.34843642351962556,8,8,6,4.671131195937153,9.701917887189935e-05,-0.6799235592847225
characterfood,peanuts,7,3.9885499170994825,0.8059695773415938,0.614734799386987,16,16,6,4.771231166056057,3.4617966292782854e-05,-0.34843642351962556,8,8,6,4.671131195937153,9.701917887189935e-05,-0.6799235592847225
도시락일기,쿡스타그램,8,3.868166101432058,0.8033193239605778,0.6179248486366896,15,15,1,9.643435236329191,0.2836292781955203,0.08108044194600164,11,11,1,9.686629429675301,0.306967525450831,-0.06746039370536949
모두들,주세요지니벤또,5,4.227441819518802,0.7998592527433165,0.5857027296609147,9,9,6,7.138353538963913,0.28941293455023037,-0.3344369548438292,8,8,6,7.652305777521388,0.19872668163923657,-0.38076903320534655
단백질,단백질식단,5,4.227441819518802,0.7998592527433165,0.5860048491813599,12,13,8,18.382584011029337,0.6091721085918527,0.7311080087373276,6,11,8,24.01867594722771,0.4625910363790372,0.8640637055986686
따라,부터,5,4.227441819518802,0.7998592527433165,0.5860048491813599,12,13,6,12.302948425666726,0.255339248679532,0.14454782244819037,6,6,6,3.8751485153437852,0.10543628433167251,-0.7682421660219242
diet,밀프랩,6,4.081259313096256,0.7997904837010544,0.5959058341862844,10,10,7,16.27565740264093,0.38163657734001233,0.38594324634183935,10,10,7,22.65615847833499,0.49449499293054866,0.8828929606011993
요리레시피,예쁜도시락,8,3.850147596034809,0.7995773404999557,0.6121442079014501,14,14,6,11.403517998949228,0.2589065448379871,0.15196313506412473,12,12,6,8.582187518284279,0.19133111515186188,-0.1570219950262316
koreanfood,예쁜상차림kimchi,5,4.1866198255397515,0.7921354682434764,0.5744030816453424,15,15,9,11.547284003476404,0.23075335294905927,0.18963822637121563,5,5,9,13.157609538066396,0.07420310470620674,-0.17553125127278157
koreanfood,yummyfood,5,4.1866198255397515,0.7921354682434764,0.5744030816453424,15,15,9,11.547284003476404,0.23075335294905927,0.18963822637121563,5,5,9,13.157609538066396,0.07420310470620674,-0.17553125127278157
밑반찬,recipe,6,4.042038600317654,0.7921045342335358,0.5842331866727055,13,14,9,11.841003869075447,0.20920932495243189,0.13171324041865137,8,8,9,13.240857195085683,0.1928866719408141,0.006448939773308862
food,recipe,6,4.042038600317654,0.7921045342335358,0.5842331866727055,13,13,9,11.813923793502944,0.23357399731229614,0.12840256244058157,8,8,9,13.240857195085683,0.1928866719408141,0.006448939773308862
식단일기,운동하는여자,5,4.160302517559753,0.7871560638675473,0.566075294540205,11,11,7,19.99210186646014,0.5473816068220907,0.7618689085033818,7,7,7,24.299526236366624,0.5035174486582382,0.8799879129678249
직장인점심시간,벤또,5,4.160302517559753,0.7871560638675473,0.566075294540205,11,11,1,10.53023454283939,0.2403582864309496,-0.03917622957271297,7,7,1,6.678587813586962,0.2444160837522085,-0.4682989995809103
간식,신혼,5,4.147399112886045,0.7847146564961901,0.5626091875149511,13,14,8,19.34139922305634,0.6527454490452729,0.8585675475090659,6,6,8,23.777360231386666,0.4590024207701009,0.7825600191922111
간식,단백질식단,5,4.147399112886045,0.7847146564961901,0.5626091875149511,13,14,8,19.34139922305634,0.6527454490452729,0.8585675475090659,6,11,8,24.01867594722771,0.4625910363790372,0.8640637055986686
식단일기,밀프랩,6,3.9859491341775386,0.7811128726376192,0.5674885094856337,11,11,7,19.99210186646014,0.5473816068220907,0.7618689085033818,10,10,7,22.65615847833499,0.49449499293054866,0.8828929606011993
집밥레시피,단백질도시락,5,4.122081305213988,0.7799243640237616,0.5550161403770256,10,10,4,29.37201989388393,0.9999999999999571,1.5834545386983518,8,8,8,22.288452926688173,0.5529669476277428,0.8029432241221758
점메추,단백질도시락,5,4.122081305213988,0.7799243640237616,0.5550161403770256,10,10,8,20.982080347138332,0.4614609716205375,0.7509352122106411,8,8,8,22.288452926688173,0.5529669476277428,0.8029432241221758
도시락싸기,요리레시피,12,3.4083148470281444,0.772901978163895,0.598787302116395,28,28,6,12.37841206156507,0.22985114000141244,0.7745743400472503,14,14,6,11.403517998949228,0.2589065448379871,0.15196313506412473
밑반찬,cook,6,3.9242555657020497,0.7690229941988924,0.5498704576155907,13,14,9,11.841003869075447,0.20920932495243189,0.13171324041865137,9,9,9,13.099957147752342,0.26150098931262766,0.06867742909605914
food,cook,6,3.9242555657020497,0.7690229941988924,0.5498704576155907,13,13,9,11.813923793502944,0.23357399731229614,0.12840256244058157,9,9,9,13.099957147752342,0.26150098931262766,0.06867742909605914
obento,mamagirl,7,3.803627579890393,0.7686021678671715,0.5597425196567509,22,22,6,9.91992306778766,0.062465656723541235,0.28282742130731614,7,7,6,5.528774262185343,0.0027855444160232255,-0.6594206254439394
obento,instagood,7,3.803627579890393,0.7686021678671715,0.5597425196567509,22,22,6,9.91992306778766,0.062465656723541235,0.28282742130731614,7,7,6,5.528774262185343,0.0027855444160232255,-0.6594206254439394
도시락일기,오도완,6,3.898937757925916,0.7640615496607941,0.5429534825544079,15,15,1,9.643435236329191,0.2836292781955203,0.08108044194600164,8,8,1,8.674596031406379,0.21367720014999167,-0.30258465522047306
koreanfood,recipe,6,3.898937757925916,0.7640615496607941,0.5429534825544079,15,15,9,11.547284003476404,0.23075335294905927,0.18963822637121563,8,8,9,13.240857195085683,0.1928866719408141,0.006448939773308862
식단공유,100g,5,4.026771126516674,0.7618910636103349,0.5285857232070794,11,11,5,19.985702650496897,0.44887051468628797,0.7162084003488233,8,10,5,14.515088464040437,0.3481041094277316,0.19179773226284932
쿡스타그램,오도완,5,4.026771126516674,0.7618910636103349,0.5285857232070794,11,11,1,9.686629429675301,0.306967525450831,-0.06746039370536949,8,8,1,8.674596031406379,0.21367720014999167,-0.30258465522047306
식단도시락,단백질도시락,5,4.026771126516674,0.7618910636103349,0.5285857232070794,11,11,8,20.326647232593295,0.6656294265139555,0.8394819510343219,8,8,8,22.288452926688173,0.5529669476277428,0.8029432241221758
characterfood,wpdelijapan,7,3.7654063673074116,0.7608787758597347,0.5478006459182622,16,16,6,4.771231166056057,3.4617966292782854e-05,-0.34843642351962556,10,10,6,4.478486375876216,0.0006288067637471433,-0.6119867830163561
도시락일기,자취일기,5,4.004298270910617,0.7576390544143538,0.5230038556037083,15,15,1,9.643435236329191,0.2836292781955203,0.08108044194600164,6,6,1,8.299956800848426,0.2005517841891013,-0.41587948354207993
도시락스타그램,집밥그램,12,3.3393219757068677,0.757256496711406,0.5785924565436632,35,35,1,7.622002636992966,0.3236257953238776,0.7697379978444041,12,12,6,7.872136638883447,0.23402746826662676,-0.18696383324512642
도시락스타그램,도먹걸,12,3.3393219757068677,0.757256496711406,0.5785924565436632,35,35,1,7.622002636992966,0.3236257953238776,0.7697379978444041,12,35,6,7.872136638883447,0.23402746826662676,0.10293114705153972
직장인점심도시락,자취일기,6,3.850147594143059,0.7545003074808305,0.5304201784898792,21,21,1,8.602605678764055,0.2363983412777787,0.23018579655119886,6,6,1,8.299956800848426,0.2005517841891013,-0.41587948354207993
characterfood,happykbaglecafe,6,3.8343992372957243,0.7514141556403902,0.5252578421542845,16,16,6,4.771231166056057,3.4617966292782854e-05,-0.34843642351962556,8,8,6,4.812072255133592,9.29724793835865e-05,-0.6700923333134335
직장인점심도시락,도시락일기,10,3.444682490607994,0.7501347494350981,0.5555891025834871,21,21,1,8.602605678764055,0.2363983412777787,0.23018579655119886,15,15,1,9.643435236329191,0.2836292781955203,0.08108044194600164
food,cooking,6,3.8188950508768467,0.7483758530469835,0.5207510049631489,13,13,9,11.813923793502944,0.23357399731229614,0.12840256244058157,10,10,9,12.677536788318996,0.20031505350272272,0.05169002387977453
간식,집밥레시피,6,3.8188950508768467,0.7483758530469835,0.5207510049631489,13,14,8,19.34139922305634,0.6527454490452729,0.8585675475090659,10,10,4,29.37201989388393,0.9999999999999571,1.5834545386983518
밑반찬,cooking,6,3.8188950508768467,0.7483758530469835,0.5207510049631489,13,14,9,11.841003869075447,0.20920932495243189,0.13171324041865137,10,10,9,12.677536788318996,0.20031505350272272,0.05169002387977453
도시락스타그램,직장인점심시간,11,3.339321975503486,0.7426037880186952,0.5536762384726116,35,35,1,7.622002636992966,0.3236257953238776,0.7697379978444041,11,11,1,10.53023454283939,0.2403582864309496,-0.03917622957271297
도시락스타그램,클릭도시락,11,3.339321975503486,0.7426037880186952,0.5536762384726116,35,35,1,7.622002636992966,0.3236257953238776,0.7697379978444041,11,11,6,6.724415304122401,0.21310567689591697,-0.3172063732730134
도시락스타그램,domukgirl,11,3.339321975503486,0.7426037880186952,0.5536762384726116,35,35,1,7.622002636992966,0.3236257953238776,0.7697379978444041,11,11,6,6.724415304122401,0.21310567689591697,-0.3172063732730134
도시락싸기,주세요지니벤또,8,3.562465525032684,0.739833120439848,0.5290344279390914,28,28,6,12.37841206156507,0.22985114000141244,0.7745743400472503,8,8,6,7.652305777521388,0.19872668163923657,-0.38076903320534655
도시락스타그램,반찬스타그램,12,3.259279268211751,0.7391052490311887,0.5544749647646614,35,35,1,7.622002636992966,0.3236257953238776,0.7697379978444041,13,13,6,8.049346398590949,0.23659708175315372,-0.13285448428964736
집밥레시피,점메추,5,3.898937756335201,0.7377041656435992,0.4948822927328556,10,10,4,29.37201989388393,0.9999999999999571,1.5834545386983518,10,10,8,20.982080347138332,0.4614609716205375,0.7509352122106411
다이어터,diet,5,3.898937756335201,0.7377041656435992,0.4948822927328556,10,11,7,22.26045724436865,0.47285457451176466,0.8579576720285245,10,10,7,16.27565740264093,0.38163657734001233,0.38594324634183935
lover,Lunchbox,12,3.2375392816213884,0.7341752823482108,0.5474135489652328,31,31,6,10.63213147513519,0.005098427875892098,0.6712848064647169,15,15,6,7.093886624993859,0.04154636032383918,-0.2079046108561698
자취요리,자취일기,5,3.8791351292300345,0.7339573808988488,0.4905647501008786,17,17,4,24.75202953277391,0.7194328749442314,1.4163225648156281,6,6,1,8.299956800848426,0.2005517841891013,-0.41587948354207993
직장인점심도시락,쿡스타그램,8,3.5316938664977173,0.733442632729844,0.519388939747035,21,21,1,8.602605678764055,0.2363983412777787,0.23018579655119886,11,11,1,9.686629429675301,0.306967525450831,-0.06746039370536949
도시락반찬,주세요지니벤또,8,3.527374205371378,0.7325455494183325,0.5195620278517861,29,29,6,12.280659753441707,0.2795935021855125,0.831151391569424,8,8,6,7.652305777521388,0.19872668163923657,-0.38076903320534655
간식,단백질도시락,5,3.8597170435565995,0.7302833538726822,0.4851204064654246,13,14,8,19.34139922305634,0.6527454490452729,0.8585675475090659,8,8,8,22.288452926688173,0.5529669476277428,0.8029432241221758
자취요리,직장인점심시간,7,3.6094715665657486,0.7293689018306292,0.505204172670304,17,17,4,24.75202953277391,0.7194328749442314,1.4163225648156281,11,11,1,10.53023454283939,0.2403582864309496,-0.03917622957271297
10월,23일,10,3.339321975259428,0.7271908107711315,0.5276393421008814,35,37,5,12.258972386280831,0.44608371875570957,1.1746603488028304,10,10,8,7.493620866626172,0.3142780261692106,-0.2576719526407095
예쁜도시락,모두들,5,3.8219767159206794,0.723142640516965,0.47565677373789234,12,12,6,8.582187518284279,0.19133111515186188,-0.1570219950262316,9,9,6,7.138353538963913,0.28941293455023037,-0.3344369548438292
식단도시락,집밥레시피,5,3.803627577416484,0.7196708651882817,0.47111700933726475,11,11,8,20.326647232593295,0.6656294265139555,0.8394819510343219,10,10,4,29.37201989388393,0.9999999999999571,1.5834545386983518
식단도시락,점메추,5,3.803627577416484,0.7196708651882817,0.47111700933726475,11,11,8,20.326647232593295,0.6656294265139555,0.8394819510343219,10,10,8,20.982080347138332,0.4614609716205375,0.7509352122106411
식단기록,100g,5,3.78560907207195,0.7162616477854812,0.4669393608940618,14,14,5,19.260838587334355,0.4860336901636399,0.8043930249878081,8,10,5,14.515088464040437,0.3481041094277316,0.19179773226284932
식단,다이어터,10,3.283752124255068,0.7150895862394203,0.5126413795125128,37,46,7,16.082279900794575,0.7500570642903653,1.7502802113952356,10,11,7,22.26045724436865,0.47285457451176466,0.8579576720285245
식단,diet,10,3.283752124255068,0.7150895862394203,0.5126413795125128,37,46,7,16.082279900794575,0.7500570642903653,1.7502802113952356,10,10,7,16.27565740264093,0.38163657734001233,0.38594324634183935
레시피,다이어트레시피,12,3.1257478758548567,0.708824397075973,0.5151376091550536,26,33,4,23.131343883108837,0.8286791024171124,1.806720317262422,20,20,7,9.417235737606395,0.4656432929607608,0.35167138665688064
도시락스타그램,재료는,11,3.1722678912295983,0.7054540322611423,0.5064227397912028,35,35,1,7.622002636992966,0.3236257953238776,0.7697379978444041,13,13,4,12.25911479713851,0.4626313066271431,0.2645937564515714
재료,안주,5,3.716616201164861,0.7032077517120772,0.4512923042638164,20,20,4,24.14075712052339,0.8738373976168942,1.566242933288669,6,10,4,34.230892851044864,0.8200580230508792,1.7280069535442655
아침,냥집사,5,3.716616201164861,0.7032077517120772,0.4519982787487728,24,24,8,16.673259988625826,0.6506010006583874,1.1050617772475402,5,5,8,24.86129603831247,0.4362471117981075,0.8071727324155873
아침,추천메뉴,5,3.716616201164861,0.7032077517120772,0.4519982787487728,24,24,8,16.673259988625826,0.6506010006583874,1.1050617772475402,5,5,8,24.86129603831247,0.4362471117981075,0.8071727324155873
아침,근육,5,3.716616201164861,0.7032077517120772,0.4519982787487728,24,24,8,16.673259988625826,0.6506010006583874,1.1050617772475402,5,5,8,24.86129603831247,0.4362471117981075,0.8071727324155873
아침,근육량늘리기,5,3.716616201164861,0.7032077517120772,0.4519982787487728,24,24,8,16.673259988625826,0.6506010006583874,1.1050617772475402,5,5,8,24.86129603831247,0.4362471117981075,0.8071727324155873
아침,영양성분,5,3.716616201164861,0.7032077517120772,0.4519982787487728,24,24,8,16.673259988625826,0.6506010006583874,1.1050617772475402,5,5,8,24.86129603831247,0.4362471117981075,0.8071727324155873
아침,단백질함량,5,3.716616201164861,0.7032077517120772,0.4519982787487728,24,24,8,16.673259988625826,0.6506010006583874,1.1050617772475402,5,5,8,24.86129603831247,0.4362471117981075,0.8071727324155873
아침,쉐이크도시락,5,3.716616201164861,0.7032077517120772,0.4519982787487728,24,24,8,16.673259988625826,0.6506010006583874,1.1050617772475402,5,5,8,24.86129603831247,0.4362471117981075,0.8071727324155873
도시락기록,직장인점심시간,11,3.1570004191312497,0.702058827277354,0.5035732971214523,42,42,1,7.176815309814925,0.256370817341552,0.9917757183374951,11,11,1,10.53023454283939,0.2403582864309496,-0.03917622957271297
요리,주세요지니벤또,8,3.3683095113591914,0.6995118742582715,0.478586715493473,34,36,4,19.336422996972193,0.7061322706240964,1.747224350578725,8,8,6,7.652305777521388,0.19872668163923657,-0.38076903320534655
lover,instagood,7,3.4606828306000774,0.6993030390153411,0.46933623096438276,31,31,6,10.63213147513519,0.005098427875892098,0.6712848064647169,7,7,6,5.528774262185343,0.0027855444160232255,-0.6594206254439394
닭가슴살,운동하는여자,7,3.4606828306000774,0.6993030390153411,0.46933623096438276,31,63,7,16.542819965411606,0.9353640349390074,1.9139579207906599,7,7,7,24.299526236366624,0.5035174486582382,0.8799879129678249
닭가슴살,동물복지닭가슴살,7,3.4606828306000774,0.6993030390153411,0.46933623096438276,31,63,7,16.542819965411606,0.9353640349390074,1.9139579207906599,7,7,3,14.45694572439357,0.7144118113105136,0.2900922926258205
닭가슴살,큐브닭가슴살요리,7,3.4606828306000774,0.6993030390153411,0.46933623096438276,31,63,7,16.542819965411606,0.9353640349390074,1.9139579207906599,7,7,3,14.456945724393572,0.7144118113105136,0.2900922926258206
닭가슴살,닭가슴살요리,7,3.4606828306000774,0.6993030390153411,0.46933623096438276,31,63,7,16.542819965411606,0.9353640349390074,1.9139579207906599,7,7,3,14.45694572439357,0.7144118113105136,0.2900922926258205
lover,mamagirl,7,3.4606828306000774,0.6993030390153411,0.46933623096438276,31,31,6,10.63213147513519,0.005098427875892098,0.6712848064647169,7,7,6,5.528774262185343,0.0027855444160232255,-0.6594206254439394
직장인점심도시락,오도완,6,3.5624655236241525,0.6981242321860994,0.4564942458471297,21,21,1,8.602605678764055,0.2363983412777787,0.23018579655119886,8,8,1,8.674596031406379,0.21367720014999167,-0.30258465522047306
밑반찬,food,6,3.5565307881386494,0.6969612222912474,0.4543516032222397,13,14,9,11.841003869075447,0.20920932495243189,0.13171324041865137,13,13,9,11.813923793502944,0.23357399731229614,0.12840256244058157
요리,요리레시피,11,3.127147456043586,0.6954200773649144,0.49412046816457056,34,36,4,19.336422996972193,0.7061322706240964,1.747224350578725,14,14,6,11.403517998949228,0.2589065448379871,0.15196313506412473
요리레시피,모두들,5,3.6678260373820044,0.6939763381029309,0.4391811150161074,14,14,6,11.403517998949228,0.2589065448379871,0.15196313506412473,9,9,6,7.138353538963913,0.28941293455023037,-0.3344369548438292
다이어트식단,건강식단,6,3.5159455082528335,0.6890078632564857,0.4456093400763992,22,24,4,24.319231401676884,0.8945203296280569,1.6945288183905152,8,8,4,31.52120564272113,0.778905859311764,1.5507879912607754
레시피,쉬운요리,5,3.636573494115792,0.6880631553861819,0.43381471392286813,26,33,4,23.131343883108837,0.8286791024171124,1.806720317262422,5,5,4,35.8904806556506,0.8553952839340083,1.7690278512061022
간식,점메추,5,3.636573494115792,0.6880631553861819,0.4320111496629713,13,14,8,19.34139922305634,0.6527454490452729,0.8585675475090659,10,10,8,20.982080347138332,0.4614609716205375,0.7509352122106411
레시피,간단한요리,5,3.636573494115792,0.6880631553861819,0.43381471392286813,26,33,4,23.131343883108837,0.8286791024171124,1.806720317262422,5,5,4,35.8904806556506,0.8553952839340083,1.7690278512061022
다이어트식단,다이어트요리,5,3.621306022098543,0.6851744512288326,0.4296625095030261,22,24,4,24.319231401676884,0.8945203296280569,1.6945288183905152,6,6,4,33.75602684438253,0.8255344618401932,1.6469738396204612
다이어트도시락,다이어트레시피,17,2.761859195522616,0.6800169010063889,0.5080252592707485,53,54,7,13.95975195208104,0.7626049615578026,2.1561873341001516,20,20,7,9.417235737606395,0.4656432929607608,0.35167138665688064
한식,레시피밑반찬,6,3.460682829875368,0.6781782244417449,0.4342993913532253,31,31,9,9.544248296548577,0.5084861635900965,0.82642808124908,6,6,9,13.996764674629073,0.08170409637242194,-0.07297635631384065
한식,일주일반찬,6,3.460682829875368,0.6781782244417449,0.4342993913532253,31,31,9,9.544248296548577,0.5084861635900965,0.82642808124908,6,6,9,13.996764674629073,0.08170409637242194,-0.07297635631384065
닭가슴살,바프식단,6,3.460682829875368,0.6781782244417449,0.4342993913532253,31,63,7,16.542819965411606,0.9353640349390074,1.9139579207906599,6,6,7,23.048910945171727,0.5211627159120158,0.7602680206495984
닭가슴살,큐브닭가슴살,6,3.460682829875368,0.6781782244417449,0.4342993913532253,31,63,7,16.542819965411606,0.9353640349390074,1.9139579207906599,6,11,3,14.612240696267518,0.7212570983596022,0.3265227600594875
닭가슴살,닭가슴살도시락,6,3.460682829875368,0.6781782244417449,0.4342993913532253,31,63,7,16.542819965411606,0.9353640349390074,1.9139579207906599,6,6,3,14.112828877327424,0.7299769545473334,0.2326616654153842
한식,cookstagram,6,3.460682829875368,0.6781782244417449,0.4342993913532253,31,31,9,9.544248296548577,0.5084861635900965,0.82642808124908,6,6,9,13.996764674629073,0.08170409637242194,-0.07297635631384065
한식,요리영상,6,3.460682829875368,0.6781782244417449,0.4342993913532253,31,31,9,9.544248296548577,0.5084861635900965,0.82642808124908,6,6,9,13.996764674629073,0.08170409637242194,-0.07297635631384065
한식,밑반찬레시피,6,3.460682829875368,0.6781782244417449,0.4342993913532253,31,31,9,9.544248296548577,0.5084861635900965,0.82642808124908,6,6,9,13.996764674629073,0.08170409637242194,-0.07297635631384065
obento,instafood,7,3.3516424584476168,0.6772691609184114,0.4416052284349329,22,22,6,9.91992306778766,0.062465656723541235,0.28282742130731614,11,11,6,8.304005449488516,0.06982173648537852,-0.27276619993180967
오늘의도시락,식단기록,13,2.928741767824985,0.6764274148378698,0.4853752440987994,49,50,5,13.131670938516958,0.5914083446339523,1.8575734538244713,14,14,5,19.260838587334355,0.4860336901636399,0.8043930249878081
다이어트도시락,반찬스타그램,13,2.9243781245433946,0.6754195800138277,0.4849843237402207,53,54,7,13.95975195208104,0.7626049615578026,2.1561873341001516,13,13,6,8.049346398590949,0.23659708175315372,-0.13285448428964736
닭가슴살,밀프랩,8,3.23753928061502,0.6723542366075291,0.4458161155121456,31,63,7,16.542819965411606,0.9353640349390074,1.9139579207906599,10,10,7,22.65615847833499,0.49449499293054866,0.8828929606011993
아침,단백질도시락,6,3.4289341317244584,0.6719565402254263,0.4258920351412094,24,24,8,16.673259988625826,0.6506010006583874,1.1050617772475402,8,8,8,22.288452926688173,0.5529669476277428,0.8029432241221758
간식,식단도시락,5,3.541263314992704,0.670029854892196,0.4110024430419865,13,14,8,19.34139922305634,0.6527454490452729,0.8585675475090659,11,11,8,20.326647232593295,0.6656294265139555,0.8394819510343219
koreanfood,밑반찬,6,3.4134299452665515,0.6689182376243712,0.42149969677331406,15,15,9,11.547284003476404,0.23075335294905927,0.18963822637121563,13,14,9,11.841003869075447,0.20920932495243189,0.13171324041865137
koreanfood,food,6,3.4134299452665515,0.6689182376243712,0.42149969677331406,15,15,9,11.547284003476404,0.23075335294905927,0.18963822637121563,13,13,9,11.813923793502944,0.23357399731229614,0.12840256244058157
아침,단백질식단,5,3.534294645723919,0.6687113377293554,0.4107686375789674,24,24,8,16.673259988625826,0.6506010006583874,1.1050617772475402,6,11,8,24.01867594722771,0.4625910363790372,0.8640637055986686
음식,건강식단,5,3.534294645723919,0.6687113377293554,0.40991299869106107,18,19,4,24.254473177869006,0.7051697710199573,1.4282336206171817,8,8,4,31.52120564272113,0.778905859311764,1.5507879912607754
아침,신혼,5,3.534294645723919,0.6687113377293554,0.4107686375789674,24,24,8,16.673259988625826,0.6506010006583874,1.1050617772475402,6,6,8,23.777360231386666,0.4590024207701009,0.7825600191922111
자취요리,도시락일기,7,3.299316639651098,0.6666956394792836,0.4291347726712648,17,17,4,24.75202953277391,0.7194328749442314,1.4163225648156281,15,15,1,9.643435236329191,0.2836292781955203,0.08108044194600164
도시락반찬,도시락싸기,14,2.834227027757847,0.6659974064993952,0.4761827698959218,29,29,6,12.280659753441707,0.2795935021855125,0.831151391569424,28,28,6,12.37841206156507,0.22985114000141244,0.7745743400472503
다이어트식단,바르닭,6,3.3981624732114564,0.665926323138405,0.41872987346804746,22,24,4,24.319231401676884,0.8945203296280569,1.6945288183905152,9,11,7,18.477740676703135,0.513257159685446,0.584628951827127
도시락기록,도시락일기,12,2.9338568683718536,0.665309362247311,0.4661666927822425,42,42,1,7.176815309814925,0.256370817341552,0.9917757183374951,15,15,1,9.643435236329191,0.2836292781955203,0.08108044194600164
직장인점심도시락,벤또,5,3.513675358659246,0.6648100356540672,0.40587646882737033,21,21,1,8.602605678764055,0.2363983412777787,0.23018579655119886,7,7,1,6.678587813586962,0.2444160837522085,-0.4682989995809103
다이어트도시락,집밥그램,12,2.9243781244318976,0.6631598718772856,0.46571885225625076,53,54,7,13.95975195208104,0.7626049615578026,2.1561873341001516,12,12,6,7.872136638883447,0.23402746826662676,-0.18696383324512642
다이어트도시락,도먹걸,12,2.9243781244318976,0.6631598718772856,0.46571885225625076,53,54,7,13.95975195208104,0.7626049615578026,2.1561873341001516,12,35,6,7.872136638883447,0.23402746826662676,0.10293114705153972
아침,식단도시락,7,3.2646310817934445,0.6596867001435763,0.42184700438590195,24,24,8,16.673259988625826,0.6506010006583874,1.1050617772475402,11,11,8,20.326647232593295,0.6656294265139555,0.8394819510343219
건강식,건강식단,5,3.480227424809699,0.6584814708820623,0.39851948676997356,19,20,4,24.011295059770106,0.7634717181443976,1.478593328526103,8,8,4,31.52120564272113,0.778905859311764,1.5507879912607754
도시락반찬,요리레시피,9,3.085541454878204,0.6568551949877544,0.4357526046211019,29,29,6,12.280659753441707,0.2795935021855125,0.831151391569424,14,14,6,11.403517998949228,0.2589065448379871,0.15196313506412473
다이어트식단,식단관리,5,3.4671553433255804,0.6560081487704698,0.3961700942233791,22,24,4,24.319231401676884,0.8945203296280569,1.6945288183905152,7,7,4,23.05859790378198,0.7635266973304455,0.9127491822063
도시락싸기,예쁜도시락,8,3.1570004183741758,0.6556283715150459,0.426521124343813,28,28,6,12.37841206156507,0.22985114000141244,0.7745743400472503,12,12,6,8.582187518284279,0.19133111515186188,-0.1570219950262316
닭가슴살,동물복지IFF큐브닭가슴살,5,3.460682828860774,0.6547835072959765,0.3962573743261289,31,63,7,16.542819965411606,0.9353640349390074,1.9139579207906599,5,5,3,14.63345165346789,0.6324527545633932,0.18365653130451004
한식,예쁜상차림kimchi,5,3.460682828860774,0.6547835072959765,0.3962573743261289,31,31,9,9.544248296548577,0.5084861635900965,0.82642808124908,5,5,9,13.157609538066396,0.07420310470620674,-0.17553125127278157
닭가슴살,닭가슴살추천,5,3.460682828860774,0.6547835072959765,0.3962573743261289,31,63,7,16.542819965411606,0.9353640349390074,1.9139579207906599,5,5,6,3.9269992382201035,0.32021650945433,-0.7066126005444624
닭가슴살,큐브,5,3.460682828860774,0.6547835072959765,0.3962573743261289,31,63,7,16.542819965411606,0.9353640349390074,1.9139579207906599,5,8,3,12.471430552029766,0.5726510917847345,0.043183029380507366
닭가슴살,하림,5,3.460682828860774,0.6547835072959765,0.3962573743261289,31,63,7,16.542819965411606,0.9353640349390074,1.9139579207906599,5,8,3,13.989223365084955,0.6013771774060483,0.16225993485270662
닭가슴살,하림닭가슴살,5,3.460682828860774,0.6547835072959765,0.3962573743261289,31,63,7,16.542819965411606,0.9353640349390074,1.9139579207906599,5,5,3,14.63345165346789,0.6324527545633932,0.18365653130451004
닭가슴살,닭가슴살레시피,5,3.460682828860774,0.6547835072959765,0.3962573743261289,31,63,7,16.542819965411606,0.9353640349390074,1.9139579207906599,5,5,3,14.63345165346789,0.6324527545633932,0.18365653130451004
한식,온더테이블,5,3.460682828860774,0.6547835072959765,0.3962573743261289,31,31,9,9.544248296548577,0.5084861635900965,0.82642808124908,5,5,6,8.710663330687165,0.18288247897011325,-0.43590184398916343
한식,yummyfood,5,3.460682828860774,0.6547835072959765,0.3962573743261289,31,31,9,9.544248296548577,0.5084861635900965,0.82642808124908,5,5,9,13.157609538066396,0.07420310470620674,-0.17553125127278157
도시락스타그램,자취일기,6,3.339321973469668,0.6543955508596903,0.4078735787828296,35,35,1,7.622002636992966,0.3236257953238776,0.7697379978444041,6,6,1,8.299956800848426,0.2005517841891013,-0.41587948354207993
다이어트도시락,domukgirl,11,2.9243781243001283,0.6503279074719506,0.4456633669982246,53,54,7,13.95975195208104,0.7626049615578026,2.1561873341001516,11,11,6,6.724415304122401,0.21310567689591697,-0.3172063732730134
다이어트도시락,클릭도시락,11,2.9243781243001283,0.6503279074719506,0.4456633669982246,53,54,7,13.95975195208104,0.7626049615578026,2.1561873341001516,11,11,6,6.724415304122401,0.21310567689591697,-0.3172063732730134
먹스타그램,탄단지,5,3.428934130742599,0.6487764488818012,0.38797952021848336,20,20,7,8.055608682731581,0.28665004168869035,0.17452099586881326,8,8,7,15.875859919046004,0.3594900338006526,0.26675272852617044
닭가슴살,바르닭,7,3.209368403316784,0.6485197250422622,0.4104998977098864,31,63,7,16.542819965411606,0.9353640349390074,1.9139579207906599,9,11,7,18.477740676703135,0.513257159685446,0.584628951827127
오늘의도시락,식사기록,11,2.9158383627662023,0.648428821576553,0.44282870384383083,49,50,5,13.131670938516958,0.5914083446339523,1.8575734538244713,12,12,5,20.255595548065635,0.4763973785102491,0.7882387401808284
도시락반찬,예쁜도시락,8,3.1219090986628824,0.6483408004831493,0.4186558914720374,29,29,6,12.280659753441707,0.2795935021855125,0.831151391569424,12,12,6,8.582187518284279,0.19133111515186188,-0.1570219950262316
한식,화이팅도시락,6,3.3065321507963192,0.6479698410175745,0.4001140462719372,31,31,9,9.544248296548577,0.5084861635900965,0.82642808124908,7,7,6,9.404316973415584,0.2171997708824417,-0.2906237027912695
닭가슴살,닭가슴살을,6,3.3065321507963192,0.6479698410175745,0.4001140462719372,31,63,7,16.542819965411606,0.9353640349390074,1.9139579207906599,7,7,3,9.464276659323982,0.5939353366970487,-0.11352856162354931
다이어트식단,다이어터,6,3.2928019580456342,0.6452791819197461,0.395917714734207,22,24,4,24.319231401676884,0.8945203296280569,1.6945288183905152,10,11,7,22.26045724436865,0.47285457451176466,0.8579576720285245
다이어트식단,밀프랩,6,3.2928019580456342,0.6452791819197461,0.395917714734207,22,24,4,24.319231401676884,0.8945203296280569,1.6945288183905152,10,10,7,22.65615847833499,0.49449499293054866,0.8828929606011993
식단,바프식단,6,3.2837521225656086,0.6435057164913772,0.3962799158633588,37,46,7,16.082279900794575,0.7500570642903653,1.7502802113952356,6,6,7,23.048910945171727,0.5211627159120158,0.7602680206495984
직장인점심도시락,자취요리,8,3.0963757967282888,0.6430381856753247,0.4121973590400461,21,21,1,8.602605678764055,0.2363983412777787,0.23018579655119886,17,17,4,24.75202953277391,0.7194328749442314,1.4163225648156281
도시락스타그램,다이어트레시피,12,2.8284963528686573,0.6414168069794801,0.43899580700923474,35,35,1,7.622002636992966,0.3236257953238776,0.7697379978444041,20,20,7,9.417235737606395,0.4656432929607608,0.35167138665688064
도시락스타그램,도시락일기,10,2.933856868079044,0.6388942936295041,0.4239826132689802,35,35,1,7.622002636992966,0.3236257953238776,0.7697379978444041,15,15,1,9.643435236329191,0.2836292781955203,0.08108044194600164
도시락기록,도시락싸는아내,7,3.1570004179776134,0.63793768297502,0.40089186286863654,42,42,1,7.176815309814925,0.256370817341552,0.9917757183374951,7,7,6,4.040852041347716,0.13763485712604723,-0.7013366478843068
요리,요리그램,5,3.3683095092843147,0.6373058795664347,0.3777776407475804,34,36,4,19.336422996972193,0.7061322706240964,1.747224350578725,5,5,2,1.2363757974774385,0.33636621049111126,-0.8869179541233394
식단,다이어트식단,13,2.7576590297716335,0.6369138409556783,0.43990449473231635,37,46,7,16.082279900794575,0.7500570642903653,1.7502802113952356,22,24,4,24.319231401676884,0.8945203296280569,1.6945288183905152
홈쿡,주세요지니벤또,8,3.0660286404205634,0.6367358562380695,0.40885521675361197,46,46,9,8.715178270918697,0.471227317729246,1.3599828443271307,8,8,6,7.652305777521388,0.19872668163923657,-0.38076903320534655
식단,탄단지,7,3.150220731014623,0.6365677060286005,0.39856533054382415,37,46,7,16.082279900794575,0.7500570642903653,1.7502802113952356,8,8,7,15.875859919046004,0.3594900338006526,0.26675272852617044
식단,밀프랩,8,3.0606085729655335,0.6356102466314439,0.4061198970748601,37,46,7,16.082279900794575,0.7500570642903653,1.7502802113952356,10,10,7,22.65615847833499,0.49449499293054866,0.8828929606011993
도시락메뉴,집밥메뉴,17,2.578751784225095,0.6349327292340908,0.4605258210174374,67,67,2,7.399617238897896,0.5357782842208108,2.149723552090895,19,19,0,12.018496360166031,0.39147053705694246,0.4585445389263604
피크닉,피크닉도시락,7,3.136797710726364,0.6338553052279999,0.3939900740809752,25,38,2,10.107624950741794,0.5192936135105944,0.7911483488033944,12,12,2,6.316001492267673,0.48355157655753134,-0.18100611524855661
오늘의도시락,식단공유,10,2.907539559809867,0.6331632785074628,0.4200562769553422,49,50,5,13.131670938516958,0.5914083446339523,1.8575734538244713,11,11,5,19.985702650496897,0.44887051468628797,0.7162084003488233
다이어트도시락,다이어트식단,16,2.6059243939890333,0.6321865566209005,0.451168945599919,53,54,7,13.95975195208104,0.7626049615578026,2.1561873341001516,22,24,4,24.319231401676884,0.8945203296280569,1.6945288183905152
다이어트식단,잘라,5,3.333623951491779,0.6307431483636476,0.36906628079073855,22,24,4,24.319231401676884,0.8945203296280569,1.6945288183905152,8,8,4,29.283330741070166,0.9397084870144374,1.4684616650193898
오늘의도시락,밍키식단,12,2.779706188765495,0.6303526840792275,0.4291377754329126,49,50,5,13.131670938516958,0.5914083446339523,1.8575734538244713,15,15,5,19.651079926473408,0.5003552646519056,0.8787588684955947
요리,저녁메뉴,6,3.2141588310614146,0.6298677562432055,0.38124670821873563,34,36,4,19.336422996972193,0.7061322706240964,1.747224350578725,7,7,4,13.122139613326844,0.5147371465630336,0.1053208921831988
도시락스타그램,쿡스타그램,8,3.0208682444185992,0.627357195178851,0.3971220614178558,35,35,1,7.622002636992966,0.3236257953238776,0.7697379978444041,11,11,1,9.686629429675301,0.306967525450831,-0.06746039370536949
10월,식단공유,8,3.0208682444185992,0.627357195178851,0.3971220614178558,35,37,5,12.258972386280831,0.44608371875570957,1.1746603488028304,11,11,5,19.985702650496897,0.44887051468628797,0.7162084003488233
닭가슴살,다이어터,7,3.1040078880081223,0.6272294386582905,0.3878118305120813,31,63,7,16.542819965411606,0.9353640349390074,1.9139579207906599,10,11,7,22.26045724436865,0.47285457451176466,0.8579576720285245
lover,wpdelijapan,7,3.1040078880081223,0.6272294386582905,0.3878118305120813,31,31,6,10.63213147513519,0.005098427875892098,0.6712848064647169,10,10,6,4.478486375876216,0.0006288067637471433,-0.6119867830163561
다이어트식단,식단일기,6,3.1974917786438586,0.6266015707616476,0.37622884318440364,22,24,4,24.319231401676884,0.8945203296280569,1.6945288183905152,11,11,7,19.99210186646014,0.5473816068220907,0.7618689085033818
오늘의도시락,저당파로밥,8,3.002849738961105,0.6236152117057174,0.39550959763462157,49,50,5,13.131670938516958,0.5914083446339523,1.8575734538244713,8,8,5,20.324695318798568,0.40617706094792366,0.5985642983639637
닭가슴살,동물복지,6,3.173000758732954,0.6218021490248272,0.372428749672667,31,63,7,16.542819965411606,0.9353640349390074,1.9139579207906599,8,16,3,13.778434275697139,0.784389598344781,0.4162718966473031
한식,recipe,6,3.173000758732954,0.6218021490248272,0.372428749672667,31,31,9,9.544248296548577,0.5084861635900965,0.82642808124908,8,8,9,13.240857195085683,0.1928866719408141,0.006448939773308862
닭가슴살,닭요리,5,3.2783612731143132,0.6202870932554486,0.35956900445196427,31,63,7,16.542819965411606,0.9353640349390074,1.9139579207906599,6,6,3,14.112828877327424,0.612553526114295,0.17876733872437262
자취요리,쿡스타그램,5,3.2729993300009355,0.6192725790421207,0.3568446015826545,17,17,4,24.75202953277391,0.7194328749442314,1.4163225648156281,11,11,1,9.686629429675301,0.306967525450831,-0.06746039370536949
도시락기록,자취일기,6,3.1570004174488635,0.6186666166527672,0.3709645251221234,42,42,1,7.176815309814925,0.256370817341552,0.9917757183374951,6,6,1,8.299956800848426,0.2005517841891013,-0.41587948354207993
도시락싸기,모두들,6,3.1570004174488635,0.6186666166527672,0.36881116293603283,28,28,6,12.37841206156507,0.22985114000141244,0.7745743400472503,9,9,6,7.138353538963913,0.28941293455023037,-0.3344369548438292
일상,먹스타,5,3.2623609318510067,0.617259725510867,0.3551720984332079,21,21,7,10.631864967476282,0.36030334076433024,0.42863102728922636,9,9,6,9.153142441099696,0.2134157195474888,-0.2287512478774827
식단,식단일기,8,2.965298393400562,0.6158167561227637,0.3855137872696925,37,46,7,16.082279900794575,0.7500570642903653,1.7502802113952356,11,11,7,19.99210186646014,0.5473816068220907,0.7618689085033818
요리,예쁜도시락,8,2.9628444044448616,0.6153071252803419,0.3845802664713511,34,36,4,19.336422996972193,0.7061322706240964,1.747224350578725,12,12,6,8.582187518284279,0.19133111515186188,-0.1570219950262316
식단,운동하는여자,6,3.1296014433652286,0.6132973330434299,0.36468830728616136,37,46,7,16.082279900794575,0.7500570642903653,1.7502802113952356,7,7,7,24.299526236366624,0.5035174486582382,0.8799879129678249
다이어트도시락,재료는,11,2.7573240398940326,0.613178151684997,0.40613742413033804,53,54,7,13.95975195208104,0.7626049615578026,2.1561873341001516,13,13,4,12.25911479713851,0.4626313066271431,0.2645937564515714
밍키식단,단무지,5,3.231108388505497,0.6113465427791144,0.3488577898909566,15,15,5,19.651079926473408,0.5003552646519056,0.8787588684955947,13,14,5,14.114303248479748,0.42111907027804546,0.38757640975208046
도시락메뉴,집밥요리,16,2.518127162412289,0.6108873087841717,0.43121207244629006,67,67,2,7.399617238897896,0.5357782842208108,2.149723552090895,19,19,0,12.25142049464444,0.4112371543894069,0.48386740485410557
남편도시락,집밥요리,16,2.518127162412289,0.6108873087841717,0.43121207244629006,67,69,0,7.697358796112383,0.46513826622114574,2.163282501476253,19,19,0,12.25142049464444,0.4112371543894069,0.48386740485410557
홈쿡,밑반찬,10,2.8036643769465504,0.6105427947670453,0.3960486532351214,46,46,9,8.715178270918697,0.471227317729246,1.3599828443271307,13,14,9,11.841003869075447,0.20920932495243189,0.13171324041865137
10월,식사기록,8,2.9338568676398284,0.6092871540953195,0.37863771053225015,35,37,5,12.258972386280831,0.44608371875570957,1.1746603488028304,12,12,5,20.255595548065635,0.4763973785102491,0.7882387401808284
lover,instafood,7,3.0086977084894775,0.6079700319316333,0.3682155284044672,31,31,6,10.63213147513519,0.005098427875892098,0.6712848064647169,11,11,6,8.304005449488516,0.06982173648537852,-0.27276619993180967
재료,집밥레시피,5,3.2057905806461005,0.6065562502712399,0.34446449666966394,20,20,4,24.14075712052339,0.8738373976168942,1.566242933288669,10,10,4,29.37201989388393,0.9999999999999571,1.5834545386983518
도시락메뉴,집밥일기,13,2.615869446926157,0.6041658663719263,0.4104305370445555,67,67,2,7.399617238897896,0.5357782842208108,2.149723552090895,14,14,0,12.935306902608502,0.38011871758451876,0.3144652404677901
남편도시락,집밥일기,13,2.615869446926157,0.6041658663719263,0.4104305370445555,67,69,0,7.697358796112383,0.46513826622114574,2.163282501476253,14,14,0,12.935306902608502,0.38011871758451876,0.3144652404677901
10월,밍키식단,9,2.828496352432184,0.6021350062115214,0.3792024271484362,35,37,5,12.258972386280831,0.44608371875570957,1.1746603488028304,15,15,5,19.651079926473408,0.5003552646519056,0.8787588684955947
홈쿡,레시피밑반찬,6,3.066028639579289,0.6008391872630249,0.3537178832234988,46,46,9,8.715178270918697,0.471227317729246,1.3599828443271307,6,6,9,13.996764674629073,0.08170409637242194,-0.07297635631384065
홈쿡,요리영상,6,3.066028639579289,0.6008391872630249,0.3537178832234988,46,46,9,8.715178270918697,0.471227317729246,1.3599828443271307,6,6,9,13.996764674629073,0.08170409637242194,-0.07297635631384065
홈쿡,일주일반찬,6,3.066028639579289,0.6008391872630249,0.3537178832234988,46,46,9,8.715178270918697,0.471227317729246,1.3599828443271307,6,6,9,13.996764674629073,0.08170409637242194,-0.07297635631384065
홈쿡,밑반찬레시피,6,3.066028639579289,0.6008391872630249,0.3537178832234988,46,46,9,8.715178270918697,0.471227317729246,1.3599828443271307,6,6,9,13.996764674629073,0.08170409637242194,-0.07297635631384065
홈쿡,cookstagram,6,3.066028639579289,0.6008391872630249,0.3537178832234988,46,46,9,8.715178270918697,0.471227317729246,1.3599828443271307,6,6,9,13.996764674629073,0.08170409637242194,-0.07297635631384065
다이어트도시락,다이어터,9,2.8190176084951455,0.6001171554426851,0.37982524498694453,53,54,7,13.95975195208104,0.7626049615578026,2.1561873341001516,10,11,7,22.26045724436865,0.47285457451176466,0.8579576720285245
레시피,잘라,5,3.1665698676801592,0.5991354384648769,0.337909883872983,26,33,4,23.131343883108837,0.8286791024171124,1.806720317262422,8,8,4,29.283330741070166,0.9397084870144374,1.4684616650193898
한식,cook,6,3.055217723513026,0.5987206088717566,0.3493892794535277,31,31,9,9.544248296548577,0.5084861635900965,0.82642808124908,9,9,9,13.099957147752342,0.26150098931262766,0.06867742909605914
남편도시락,집밥도시락,16,2.4668338680630013,0.5984437662135521,0.418570293856463,67,69,0,7.697358796112383,0.46513826622114574,2.163282501476253,20,21,0,11.782917689866869,0.42291811464232104,0.5097131063368555
도시락메뉴,집밥도시락,16,2.4668338680630013,0.5984437662135521,0.418570293856463,67,67,2,7.399617238897896,0.5357782842208108,2.149723552090895,20,21,0,11.782917689866869,0.42291811464232104,0.5097131063368555
도시락스타그램,오도완,6,3.051639902177612,0.5980194754134477,0.3492562977891658,35,35,1,7.622002636992966,0.3236257953238776,0.7697379978444041,8,8,1,8.674596031406379,0.21367720014999167,-0.30258465522047306
10월,저당파로밥,6,3.051639902177612,0.5980194754134477,0.3492562977891658,35,37,5,12.258972386280831,0.44608371875570957,1.1746603488028304,8,8,5,20.324695318798568,0.40617706094792366,0.5985642983639637
다이어트도시락,닭가슴살,18,2.3807626787542904,0.5945517819598786,0.4209443532055509,53,54,7,13.95975195208104,0.7626049615578026,2.1561873341001516,31,63,7,16.542819965411606,0.9353640349390074,1.9139579207906599
홈쿡,요리레시피,10,2.729556404909189,0.5944045976510675,0.3799437324140639,46,46,9,8.715178270918697,0.471227317729246,1.3599828443271307,14,14,6,11.403517998949228,0.2589065448379871,0.15196313506412473
홈쿡,recipe,7,2.9324972478136657,0.5925721418812111,0.35524999638487986,46,46,9,8.715178270918697,0.471227317729246,1.3599828443271307,8,8,9,13.240857195085683,0.1928866719408141,0.006448939773308862
도시락기록,쿡스타그램,8,2.838546688046363,0.5894936635807217,0.36013120642625074,42,42,1,7.176815309814925,0.256370817341552,0.9917757183374951,11,11,1,9.686629429675301,0.306967525450831,-0.06746039370536949
다이어트식단,diet,5,3.1104804012845797,0.5885229497321411,0.3273854831588541,22,24,4,24.319231401676884,0.8945203296280569,1.6945288183905152,10,10,7,16.27565740264093,0.38163657734001233,0.38594324634183935
한식,koreanfood,8,2.832074173554349,0.5881494875992083,0.3574857265454473,31,31,9,9.544248296548577,0.5084861635900965,0.82642808124908,15,15,9,11.547284003476404,0.23075335294905927,0.18963822637121563
남편도시락,직장인점심,17,2.387696547595474,0.5878916671319612,0.4121869324662579,67,69,0,7.697358796112383,0.46513826622114574,2.163282501476253,23,23,0,11.204148867551634,0.3583491550466824,0.5487938507304948
남편도시락,집밥메뉴,15,2.453588641278831,0.5860547974414031,0.40189832387514274,67,69,0,7.697358796112383,0.46513826622114574,2.163282501476253,19,19,0,12.018496360166031,0.39147053705694246,0.4585445389263604
도시락스타그램,레시피,12,2.5661320887223207,0.5819205844004445,0.378946766260179,35,35,1,7.622002636992966,0.3236257953238776,0.7697379978444041,26,33,4,23.131343883108837,0.8286791024171124,1.806720317262422
홈쿡,예쁜상차림kimchi,5,3.0660286389062694,0.5801123896447439,0.32273432210348635,46,46,9,8.715178270918697,0.471227317729246,1.3599828443271307,5,5,9,13.157609538066396,0.07420310470620674,-0.17553125127278157
홈쿡,yummyfood,5,3.0660286389062694,0.5801123896447439,0.32273432210348635,46,46,9,8.715178270918697,0.471227317729246,1.3599828443271307,5,5,9,13.157609538066396,0.07420310470620674,-0.17553125127278157
다이어트도시락,식단일기,9,2.7237074288579164,0.579827365937199,0.360035618657316,53,54,7,13.95975195208104,0.7626049615578026,2.1561873341001516,11,11,7,19.99210186646014,0.5473816068220907,0.7618689085033818
한식,cooking,6,2.949857208204364,0.5780734676251059,0.329807545512017,31,31,9,9.544248296548577,0.5084861635900965,0.82642808124908,10,10,9,12.677536788318996,0.20031505350272272,0.05169002387977453
닭가슴살,diet,6,2.949857208204364,0.5780734676251059,0.329807545512017,31,63,7,16.542819965411606,0.9353640349390074,1.9139579207906599,10,10,7,16.27565740264093,0.38163657734001233,0.38594324634183935
10월,식단기록,8,2.7797061881439205,0.5772739942687878,0.34762481710082,35,37,5,12.258972386280831,0.44608371875570957,1.1746603488028304,14,14,5,19.260838587334355,0.4860336901636399,0.8043930249878081
아침,간식,6,2.9434263178942177,0.5768132279595507,0.3279389050272489,24,24,8,16.673259988625826,0.6506010006583874,1.1050617772475402,13,14,8,19.34139922305634,0.6527454490452729,0.8585675475090659
lover,characterfood,8,2.7675356525477146,0.5747464848053853,0.34486754098728994,31,31,6,10.63213147513519,0.005098427875892098,0.6712848064647169,16,16,6,4.771231166056057,3.4617966292782854e-05,-0.34843642351962556
한식,food,7,2.841643624265819,0.5742132751018627,0.33585600000788374,31,31,9,9.544248296548577,0.5084861635900965,0.82642808124908,13,13,9,11.813923793502944,0.23357399731229614,0.12840256244058157
다이어트도시락,닭가슴살도시락,6,2.9243781229824353,0.5730804180953893,0.32830434069451797,53,54,7,13.95975195208104,0.7626049615578026,2.1561873341001516,6,6,3,14.112828877327424,0.7299769545473334,0.2326616654153842
다이어트도시락,바프식단,6,2.9243781229824353,0.5730804180953893,0.32830434069451797,53,54,7,13.95975195208104,0.7626049615578026,2.1561873341001516,6,6,7,23.048910945171727,0.5211627159120158,0.7602680206495984
아침,점메추,5,3.0234690246639535,0.5720598361861188,0.3124421015694135,24,24,8,16.673259988625826,0.6506010006583874,1.1050617772475402,10,10,8,20.982080347138332,0.4614609716205375,0.7509352122106411
아침,집밥레시피,5,3.0234690246639535,0.5720598361861188,0.3124421015694135,24,24,8,16.673259988625826,0.6506010006583874,1.1050617772475402,10,10,4,29.37201989388393,0.9999999999999571,1.5834545386983518
홈쿡,cook,7,2.8147142124514155,0.5687716266057355,0.3327474574965318,46,46,9,8.715178270918697,0.471227317729246,1.3599828443271307,9,9,9,13.099957147752342,0.26150098931262766,0.06867742909605914
도시락스타그램,벤또,5,3.002849737544055,0.5681585341003814,0.3102117819856786,35,35,1,7.622002636992966,0.3236257953238776,0.7697379978444041,7,7,1,6.678587813586962,0.2444160837522085,-0.4682989995809103
오늘의도시락,추천메뉴,5,3.002849737544055,0.5681585341003814,0.31219981217692166,49,50,5,13.131670938516958,0.5914083446339523,1.8575734538244713,5,5,8,24.86129603831247,0.4362471117981075,0.8071727324155873
오늘의도시락,단백질함량,5,3.002849737544055,0.5681585341003814,0.31219981217692166,49,50,5,13.131670938516958,0.5914083446339523,1.8575734538244713,5,5,8,24.86129603831247,0.4362471117981075,0.8071727324155873
오늘의도시락,쉐이크도시락,5,3.002849737544055,0.5681585341003814,0.31219981217692166,49,50,5,13.131670938516958,0.5914083446339523,1.8575734538244713,5,5,8,24.86129603831247,0.4362471117981075,0.8071727324155873
오늘의도시락,근육량늘리기,5,3.002849737544055,0.5681585341003814,0.31219981217692166,49,50,5,13.131670938516958,0.5914083446339523,1.8575734538244713,5,5,8,24.86129603831247,0.4362471117981075,0.8071727324155873
오늘의도시락,근육,5,3.002849737544055,0.5681585341003814,0.31219981217692166,49,50,5,13.131670938516958,0.5914083446339523,1.8575734538244713,5,5,8,24.86129603831247,0.4362471117981075,0.8071727324155873
오늘의도시락,영양성분,5,3.002849737544055,0.5681585341003814,0.31219981217692166,49,50,5,13.131670938516958,0.5914083446339523,1.8575734538244713,5,5,8,24.86129603831247,0.4362471117981075,0.8071727324155873
오늘의도시락,냥집사,5,3.002849737544055,0.5681585341003814,0.31219981217692166,49,50,5,13.131670938516958,0.5914083446339523,1.8575734538244713,5,5,8,24.86129603831247,0.4362471117981075,0.8071727324155873
도시락기록,회사도시락,7,2.8003254750329307,0.5658640825466935,0.3295261943977567,42,42,1,7.176815309814925,0.256370817341552,0.9917757183374951,10,10,6,7.328935601549678,0.173445003908667,-0.33380033291412364
lover,snoopy,5,2.990679201971899,0.5658557902889152,0.30764426325621963,31,31,6,10.63213147513519,0.005098427875892098,0.6712848064647169,8,8,6,4.671131195937153,9.701917887189935e-05,-0.6799235592847225
먹을,토마토,5,2.990679201971899,0.5658557902889152,0.30764426325621963,31,34,7,9.20874993976702,0.6932946349245952,0.9256559651744763,8,10,7,10.72788113469065,0.4652653225353426,-0.018651686091317315
lover,peanuts,5,2.990679201971899,0.5658557902889152,0.30764426325621963,31,31,6,10.63213147513519,0.005098427875892098,0.6712848064647169,8,8,6,4.671131195937153,9.701917887189935e-05,-0.6799235592847225
도시락스타그램,직장인점심도시락,10,2.5973846319879907,0.5656220784978621,0.35136447101585144,35,35,1,7.622002636992966,0.3236257953238776,0.7697379978444041,21,21,1,8.602605678764055,0.2363983412777787,0.23018579655119886
식단,바르닭,6,2.8782870159201606,0.5640481008659096,0.31774649074940564,37,46,7,16.082279900794575,0.7500570642903653,1.7502802113952356,9,11,7,18.477740676703135,0.513257159685446,0.584628951827127
도시락기록,오도완,6,2.86931834596352,0.5622905411686467,0.3168283550441498,42,42,1,7.176815309814925,0.256370817341552,0.9917757183374951,8,8,1,8.674596031406379,0.21367720014999167,-0.30258465522047306
다이어트도시락,밀프랩,8,2.7012345728524703,0.5609774435796422,0.3349446611485494,53,54,7,13.95975195208104,0.7626049615578026,2.1561873341001516,10,10,7,22.65615847833499,0.49449499293054866,0.8828929606011993
닭가슴살,식단도시락,6,2.8545470286857193,0.5593958564441048,0.3128822874581808,31,63,7,16.542819965411606,0.9353640349390074,1.9139579207906599,11,11,8,20.326647232593295,0.6656294265139555,0.8394819510343219
닭가슴살,식단일기,6,2.8545470286857193,0.5593958564441048,0.3128822874581808,31,63,7,16.542819965411606,0.9353640349390074,1.9139579207906599,11,11,7,19.99210186646014,0.5473816068220907,0.7618689085033818
도시락메뉴,한식도시락,13,2.421713432668475,0.5593232475236685,0.3667306125290876,67,67,2,7.399617238897896,0.5357782842208108,2.149723552090895,17,17,0,12.432333446154226,0.3869215113630196,0.4041959507379918
남편도시락,한식도시락,13,2.421713432668475,0.5593232475236685,0.3667306125290876,67,69,0,7.697358796112383,0.46513826622114574,2.163282501476253,17,17,0,12.432333446154226,0.3869215113630196,0.4041959507379918
도시락기록,직장인점심도시락,11,2.510373255210288,0.5582608392767835,0.3515395110429754,42,42,1,7.176815309814925,0.256370817341552,0.9917757183374951,21,21,1,8.602605678764055,0.2363983412777787,0.23018579655119886
오늘의도시락,벤또,6,2.8486990588199537,0.5582498497121627,0.3141917985720132,49,50,5,13.131670938516958,0.5914083446339523,1.8575734538244713,7,7,1,6.678587813586962,0.2444160837522085,-0.4682989995809103
오늘의도시락,쑤도시락,6,2.8486990588199537,0.5582498497121627,0.3141917985720132,49,50,5,13.131670938516958,0.5914083446339523,1.8575734538244713,7,7,6,4.695337064911424,0.14202132419796756,-0.6536616910638485
오늘의도시락,직장인점심시간,8,2.684396008520332,0.5574805037479342,0.3311921583496359,49,50,5,13.131670938516958,0.5914083446339523,1.8575734538244713,11,11,1,10.53023454283939,0.2403582864309496,-0.03917622957271297
레시피,집밥레시피,5,2.9434263173026505,0.5569152398011468,0.29921679414552943,26,33,4,23.131343883108837,0.8286791024171124,1.806720317262422,10,10,4,29.37201989388393,0.9999999999999571,1.5834545386983518
도시락반찬,모두들,5,2.9395875410098404,0.556188918572351,0.2988933636348926,29,29,6,12.280659753441707,0.2795935021855125,0.831151391569424,9,9,6,7.138353538963913,0.28941293455023037,-0.3344369548438292
10월,오후,6,2.828496351559237,0.5542907939961316,0.30882420317081,35,37,5,12.258972386280831,0.44608371875570957,1.1746603488028304,10,10,7,9.590963325059557,0.274923749831906,-0.1294085390881212
다이어트도시락,닭가슴살레시피,5,2.9243781224026506,0.55331119849454,0.2995468531929694,53,54,7,13.95975195208104,0.7626049615578026,2.1561873341001516,5,5,3,14.63345165346789,0.6324527545633932,0.18365653130451004
다이어트도시락,동물복지IFF큐브닭가슴살,5,2.9243781224026506,0.55331119849454,0.2995468531929694,53,54,7,13.95975195208104,0.7626049615578026,2.1561873341001516,5,5,3,14.63345165346789,0.6324527545633932,0.18365653130451004
다이어트도시락,하림닭가슴살,5,2.9243781224026506,0.55331119849454,0.2995468531929694,53,54,7,13.95975195208104,0.7626049615578026,2.1561873341001516,5,5,3,14.63345165346789,0.6324527545633932,0.18365653130451004
홈쿡,예쁜도시락,8,2.6605635331947983,0.5525311071954628,0.32633676931179323,46,46,9,8.715178270918697,0.471227317729246,1.3599828443271307,12,12,6,8.582187518284279,0.19133111515186188,-0.1570219950262316
살짝,양파,5,2.9056859894585743,0.5497745264060452,0.29345692990831806,30,33,4,17.14957731564478,0.7912949888560646,1.484079524820583,9,10,6,11.736771834556645,0.41476173030833235,0.05651846989726672
닭가슴살,다이어트식단,9,2.566864957607505,0.5464384798884725,0.3269505119695549,31,63,7,16.542819965411606,0.9353640349390074,1.9139579207906599,22,24,4,24.319231401676884,0.8945203296280569,1.6945288183905152
lover,obento,9,2.566864957607505,0.5464384798884725,0.3269505119695549,31,31,6,10.63213147513519,0.005098427875892098,0.6712848064647169,22,22,6,9.91992306778766,0.062465656723541235,0.28282742130731614
도시락메뉴,도시락싸는아내,7,2.689977418106396,0.5435659595069745,0.3131789000781467,67,67,2,7.399617238897896,0.5357782842208108,2.149723552090895,7,7,6,4.040852041347716,0.13763485712604723,-0.7013366478843068
도시락메뉴,큐브닭가슴살요리,7,2.689977418106396,0.5435659595069745,0.3131789000781467,67,67,2,7.399617238897896,0.5357782842208108,2.149723552090895,7,7,3,14.456945724393572,0.7144118113105136,0.2900922926258206
도시락메뉴,동물복지닭가슴살,7,2.689977418106396,0.5435659595069745,0.3131789000781467,67,67,2,7.399617238897896,0.5357782842208108,2.149723552090895,7,7,3,14.45694572439357,0.7144118113105136,0.2900922926258205
도시락메뉴,닭가슴살요리,7,2.689977418106396,0.5435659595069745,0.3131789000781467,67,67,2,7.399617238897896,0.5357782842208108,2.149723552090895,7,7,3,14.45694572439357,0.7144118113105136,0.2900922926258205
10월,배추김치,5,2.8693183454165574,0.5428935336379901,0.2881581116994978,35,37,5,12.258972386280831,0.44608371875570957,1.1746603488028304,8,8,5,11.858556384145693,0.39956827864691385,0.00487101376702339
10월,100g,5,2.8693183454165574,0.5428935336379901,0.2881581116994978,35,37,5,12.258972386280831,0.44608371875570957,1.1746603488028304,8,10,5,14.515088464040437,0.3481041094277316,0.19179773226284932
다이어트도시락,운동하는여자,6,2.770227443592809,0.5428720346103559,0.30122970505452396,53,54,7,13.95975195208104,0.7626049615578026,2.1561873341001516,7,7,7,24.299526236366624,0.5035174486582382,0.8799879129678249
다이어트도시락,레시피,14,2.305338916838692,0.5417172741208762,0.3537208334294679,53,54,7,13.95975195208104,0.7626049615578026,2.1561873341001516,26,33,4,23.131343883108837,0.8286791024171124,1.806720317262422
도시락메뉴,직장인점심,15,2.262533404649209,0.5404200744404305,0.3587903578049905,67,67,2,7.399617238897896,0.5357782842208108,2.149723552090895,23,23,0,11.204148867551634,0.3583491550466824,0.5487938507304948
식단,건강식,9,2.5365377236829714,0.5399823679080469,0.3217185923822542,37,46,7,16.082279900794575,0.7500570642903653,1.7502802113952356,19,20,4,24.011295059770106,0.7634717181443976,1.478593328526103
오늘의도시락,자취요리,10,2.472221489189914,0.5383658007371873,0.3282573772935193,49,50,5,13.131670938516958,0.5914083446339523,1.8575734538244713,17,17,4,24.75202953277391,0.7194328749442314,1.4163225648156281
반찬,간단레시피,5,2.841147468546505,0.5375634220753976,0.2853048331350247,48,63,4,17.061454136214454,0.6923960414587538,2.3139860436347113,6,6,4,34.479806507197424,0.8304418349249446,1.6997223817779714
도시락기록,자취요리,9,2.521011653175401,0.5366771522044885,0.3193140431029741,42,42,1,7.176815309814925,0.256370817341552,0.9917757183374951,17,17,4,24.75202953277391,0.7194328749442314,1.4163225648156281
홈쿡,food,8,2.5805208256570156,0.535908280765279,0.31173027084878296,46,46,9,8.715178270918697,0.471227317729246,1.3599828443271307,13,13,9,11.813923793502944,0.23357399731229614,0.12840256244058157
도시락기록,벤또,5,2.8205281814128007,0.5336621199870482,0.28126064029831327,42,42,1,7.176815309814925,0.256370817341552,0.9917757183374951,7,7,1,6.678587813586962,0.2444160837522085,-0.4682989995809103
오늘의도시락,단백질식단,5,2.8205281814128007,0.5336621199870482,0.2821642449430132,49,50,5,13.131670938516958,0.5914083446339523,1.8575734538244713,6,11,8,24.01867594722771,0.4625910363790372,0.8640637055986686
오늘의도시락,자취일기,5,2.8205281814128007,0.5336621199870482,0.2821642449430132,49,50,5,13.131670938516958,0.5914083446339523,1.8575734538244713,6,6,1,8.299956800848426,0.2005517841891013,-0.41587948354207993
오늘의도시락,신혼,5,2.8205281814128007,0.5336621199870482,0.2821642449430132,49,50,5,13.131670938516958,0.5914083446339523,1.8575734538244713,6,6,8,23.777360231386666,0.4590024207701009,0.7825600191922111
식단,건강식단,5,2.8137484944498103,0.5323793594951088,0.2795924041120218,37,46,7,16.082279900794575,0.7500570642903653,1.7502802113952356,8,8,4,31.52120564272113,0.778905859311764,1.5507879912607754
집밥,한식도시락,17,2.149737910629994,0.5293021868502373,0.3645422886759221,115,118,0,6.5167492015297075,0.7285380653301303,4.161604757490257,17,17,0,12.432333446154226,0.3869215113630196,0.4041959507379918
도시락메뉴,닭요리,6,2.6899774177837097,0.5271457104454284,0.28979950132793714,67,67,2,7.399617238897896,0.5357782842208108,2.149723552090895,6,6,3,14.112828877327424,0.612553526114295,0.17876733872437262
도시락메뉴,큐브닭가슴살,6,2.6899774177837097,0.5271457104454284,0.28979950132793714,67,67,2,7.399617238897896,0.5357782842208108,2.149723552090895,6,11,3,14.612240696267518,0.7212570983596022,0.3265227600594875
한식,밑반찬,6,2.6874929444620608,0.5266588366725985,0.28490459023109593,31,31,9,9.544248296548577,0.5084861635900965,0.82642808124908,13,14,9,11.841003869075447,0.20920932495243189,0.13171324041865137
요리,모두들,5,2.780522846929043,0.5260928527299137,0.2741009809738509,34,36,4,19.336422996972193,0.7061322706240964,1.747224350578725,9,9,6,7.138353538963913,0.28941293455023037,-0.3344369548438292
음식,자취요리,5,2.780522846929043,0.5260928527299137,0.27294724297745987,18,19,4,24.254473177869006,0.7051697710199573,1.4282336206171817,17,17,4,24.75202953277391,0.7194328749442314,1.4163225648156281
샐러드,식단일기,5,2.7740081659285214,0.5248602330749538,0.27251469677114604,28,34,7,11.329541122756844,0.5445245520313596,0.9214491627735837,11,11,7,19.99210186646014,0.5473816068220907,0.7618689085033818
간단하게,밍키식단,5,2.751535310146749,0.5206082238457261,0.26863648916124655,21,22,5,9.850217233940638,0.7400470789015714,0.5609942575908912,15,15,5,19.651079926473408,0.5003552646519056,0.8787588684955947
다이어트식단,건강식,6,2.6509480739707327,0.5194972629021543,0.27854088364175644,22,24,4,24.319231401676884,0.8945203296280569,1.6945288183905152,19,20,4,24.011295059770106,0.7634717181443976,1.478593328526103
다이어트도시락,diet,7,2.5677031802455725,0.5188579032316954,0.2900640773101543,53,54,7,13.95975195208104,0.7626049615578026,2.1561873341001516,10,10,7,16.27565740264093,0.38163657734001233,0.38594324634183935
다이어트도시락,닭요리,5,2.7420565662213807,0.5188147843717434,0.27048200231737857,53,54,7,13.95975195208104,0.7626049615578026,2.1561873341001516,6,6,3,14.112828877327424,0.612553526114295,0.17876733872437262
다이어트도시락,큐브닭가슴살,5,2.7420565662213807,0.5188147843717434,0.27048200231737857,53,54,7,13.95975195208104,0.7626049615578026,2.1561873341001516,6,11,3,14.612240696267518,0.7212570983596022,0.3265227600594875
도시락메뉴,동물복지,7,2.5564460257415136,0.5165831607196841,0.2900522669126627,67,67,2,7.399617238897896,0.5357782842208108,2.149723552090895,8,16,3,13.778434275697139,0.784389598344781,0.4162718966473031
소풍도시락,엄마표도시락,5,2.729556403495204,0.5164496729771488,0.26769956729447286,46,52,2,5.148925051153295,0.2893883726585028,1.1033402197909223,7,7,6,7.556094003886627,0.09482692705626408,-0.47573529049571184
홈쿡,화이팅도시락,5,2.729556403495204,0.5164496729771488,0.26769956729447286,46,46,9,8.715178270918697,0.471227317729246,1.3599828443271307,7,7,6,9.404316973415584,0.2171997708824417,-0.2906237027912695
건강식,자취요리,5,2.7264556258263224,0.515862985846955,0.2648283603566657,19,20,4,24.011295059770106,0.7634717181443976,1.478593328526103,17,17,4,24.75202953277391,0.7194328749442314,1.4163225648156281
홈쿡,요리,14,2.1787254473911135,0.5119651613034755,0.3272037253131997,46,46,9,8.715178270918697,0.471227317729246,1.3599828443271307,34,36,4,19.336422996972193,0.7061322706240964,1.747224350578725
남편도시락,근육,5,2.6899774173319484,0.5089610735715435,0.26441480638371856,67,69,0,7.697358796112383,0.46513826622114574,2.163282501476253,5,5,8,24.86129603831247,0.4362471117981075,0.8071727324155873
도시락메뉴,하림,5,2.6899774173319484,0.5089610735715435,0.26441480638371856,67,67,2,7.399617238897896,0.5357782842208108,2.149723552090895,5,8,3,13.989223365084955,0.6013771774060483,0.16225993485270662
도시락메뉴,동물복지IFF큐브닭가슴살,5,2.6899774173319484,0.5089610735715435,0.26441480638371856,67,67,2,7.399617238897896,0.5357782842208108,2.149723552090895,5,5,3,14.63345165346789,0.6324527545633932,0.18365653130451004
남편도시락,100g당,5,2.6899774173319484,0.5089610735715435,0.26441480638371856,67,69,0,7.697358796112383,0.46513826622114574,2.163282501476253,5,7,8,22.54123590640844,0.5028074746390626,0.7010660499543605
남편도시락,아침밥,5,2.6899774173319484,0.5089610735715435,0.26441480638371856,67,69,0,7.697358796112383,0.46513826622114574,2.163282501476253,5,5,6,5.337691813041976,0.10923026563517678,-0.7050295740617502
남편도시락,근육량늘리기,5,2.6899774173319484,0.5089610735715435,0.26441480638371856,67,69,0,7.697358796112383,0.46513826622114574,2.163282501476253,5,5,8,24.86129603831247,0.4362471117981075,0.8071727324155873
남편도시락,온더테이블,5,2.6899774173319484,0.5089610735715435,0.26441480638371856,67,69,0,7.697358796112383,0.46513826622114574,2.163282501476253,5,5,6,8.710663330687165,0.18288247897011325,-0.43590184398916343
남편도시락,단백질함량,5,2.6899774173319484,0.5089610735715435,0.26441480638371856,67,69,0,7.697358796112383,0.46513826622114574,2.163282501476253,5,5,8,24.86129603831247,0.4362471117981075,0.8071727324155873
남편도시락,냥집사,5,2.6899774173319484,0.5089610735715435,0.26441480638371856,67,69,0,7.697358796112383,0.46513826622114574,2.163282501476253,5,5,8,24.86129603831247,0.4362471117981075,0.8071727324155873
남편도시락,쉐이크도시락,5,2.6899774173319484,0.5089610735715435,0.26441480638371856,67,69,0,7.697358796112383,0.46513826622114574,2.163282501476253,5,5,8,24.86129603831247,0.4362471117981075,0.8071727324155873
남편도시락,영양성분,5,2.6899774173319484,0.5089610735715435,0.26441480638371856,67,69,0,7.697358796112383,0.46513826622114574,2.163282501476253,5,5,8,24.86129603831247,0.4362471117981075,0.8071727324155873
남편도시락,추천메뉴,5,2.6899774173319484,0.5089610735715435,0.26441480638371856,67,69,0,7.697358796112383,0.46513826622114574,2.163282501476253,5,5,8,24.86129603831247,0.4362471117981075,0.8071727324155873
도시락메뉴,닭가슴살레시피,5,2.6899774173319484,0.5089610735715435,0.26441480638371856,67,67,2,7.399617238897896,0.5357782842208108,2.149723552090895,5,5,3,14.63345165346789,0.6324527545633932,0.18365653130451004
도시락메뉴,트러플,5,2.6899774173319484,0.5089610735715435,0.26441480638371856,67,67,2,7.399617238897896,0.5357782842208108,2.149723552090895,5,8,3,12.86534441159384,0.622092902125738,0.09335786939087251
도시락메뉴,하림닭가슴살,5,2.6899774173319484,0.5089610735715435,0.26441480638371856,67,67,2,7.399617238897896,0.5357782842208108,2.149723552090895,5,5,3,14.63345165346789,0.6324527545633932,0.18365653130451004
다이어트도시락,식단,16,2.0860489350418323,0.5060669051752782,0.331573293957026,53,54,7,13.95975195208104,0.7626049615578026,2.1561873341001516,37,46,7,16.082279900794575,0.7500570642903653,1.7502802113952356
건강식,음식,5,2.6692972121539293,0.505048245396382,0.2564388527089573,19,20,4,24.011295059770106,0.7634717181443976,1.478593328526103,18,19,4,24.254473177869006,0.7051697710199573,1.4282336206171817
홈쿡,cooking,6,2.5552030172251374,0.5007344303125117,0.2656015996758641,46,46,9,8.715178270918697,0.471227317729246,1.3599828443271307,10,10,9,12.677536788318996,0.20031505350272272,0.05169002387977453
도시락기록,도시락스타그램,13,2.1666017165354594,0.500402191207098,0.31240898367775266,42,42,1,7.176815309814925,0.256370817341552,0.9917757183374951,35,35,1,7.622002636992966,0.3236257953238776,0.7697379978444041
식단,닭가슴살,11,2.2476601943428896,0.4998382865570203,0.3008477530239628,37,46,7,16.082279900794575,0.7500570642903653,1.7502802113952356,31,63,7,16.542819965411606,0.9353640349390074,1.9139579207906599
남편도시락,화이팅도시락,6,2.535826738302638,0.4969373269424747,0.2651808295226916,67,69,0,7.697358796112383,0.46513826622114574,2.163282501476253,7,7,6,9.404316973415584,0.2171997708824417,-0.2906237027912695
lunch,obento,7,2.453700867627135,0.49582136172493546,0.2692035974551934,27,28,6,7.852002307958744,0.10159705775189334,0.371951059132371,22,22,6,9.91992306778766,0.062465656723541235,0.28282742130731614
도시락스타그램,자취요리,7,2.452018781446906,0.4954814611806502,0.2693653649854484,35,35,1,7.622002636992966,0.3236257953238776,0.7697379978444041,17,17,4,24.75202953277391,0.7194328749442314,1.4163225648156281
다이어트도시락,저당,6,2.5189130158954125,0.49362280238338774,0.26085299595896067,53,54,7,13.95975195208104,0.7626049615578026,2.1561873341001516,9,13,5,11.180177822879568,0.5835712862953464,0.1329780075807391
다이어트도시락,바르닭,6,2.5189130158954125,0.49362280238338774,0.26085299595896067,53,54,7,13.95975195208104,0.7626049615578026,2.1561873341001516,9,11,7,18.477740676703135,0.513257159685446,0.584628951827127
오늘의도시락,도시락일기,8,2.374241080698456,0.4930692451805551,0.27662756412594175,49,50,5,13.131670938516958,0.5914083446339523,1.8575734538244713,15,15,1,9.643435236329191,0.2836292781955203,0.08108044194600164
다이어트도시락,동물복지닭가슴살,5,2.5879058868317544,0.4896484817967039,0.24766931613562373,53,54,7,13.95975195208104,0.7626049615578026,2.1561873341001516,7,7,3,14.45694572439357,0.7144118113105136,0.2900922926258205
다이어트도시락,큐브닭가슴살요리,5,2.5879058868317544,0.4896484817967039,0.24766931613562373,53,54,7,13.95975195208104,0.7626049615578026,2.1561873341001516,7,7,3,14.456945724393572,0.7144118113105136,0.2900922926258206
다이어트도시락,닭가슴살요리,5,2.5879058868317544,0.4896484817967039,0.24766931613562373,53,54,7,13.95975195208104,0.7626049615578026,2.1561873341001516,7,7,3,14.45694572439357,0.7144118113105136,0.2900922926258205
오늘의도시락,점메추,6,2.492024115733264,0.4883534762227428,0.2563380169209678,49,50,5,13.131670938516958,0.5914083446339523,1.8575734538244713,10,10,8,20.982080347138332,0.4614609716205375,0.7509352122106411
집밥,식사기록,12,2.149737910446562,0.4874950695845576,0.30549044946727727,115,118,0,6.5167492015297075,0.7285380653301303,4.161604757490257,12,12,5,20.255595548065635,0.4763973785102491,0.7882387401808284
좋은,가지,5,2.5718627620329686,0.4866130191313217,0.24301966214814363,29,30,4,22.049418928288624,0.9106211321257801,1.8149213142998257,13,23,4,19.256107158522767,0.9114186620046112,1.0847784495700603
오늘의,주세요지니벤또,8,2.3407931466745144,0.4861229633913519,0.27699649399418524,95,100,8,9.514277515912475,0.4235663757402039,3.4446382922826584,8,8,6,7.652305777521388,0.19872668163923657,-0.38076903320534655
맛있는,먹어도,6,2.45201878119753,0.4805137671024998,0.24873154291234523,30,33,2,5.386122833572479,0.702811607399392,0.622762963086222,17,18,4,14.551303875174433,0.8039753915969318,0.7560519984280243
살짝,간장,5,2.5379612104434206,0.48019862695777277,0.23837798079397116,30,33,4,17.14957731564478,0.7912949888560646,1.484079524820583,13,13,6,6.334083477076851,0.3340328694817201,-0.207803307019427
홈쿡,한식,12,2.1169480876463425,0.48005933666568384,0.2908712735833208,46,46,9,8.715178270918697,0.471227317729246,1.3599828443271307,31,31,9,9.544248296548577,0.5084861635900965,0.82642808124908
집밥,집밥메뉴,16,1.9778876537594157,0.4798274225059574,0.3168405386979387,115,118,0,6.5167492015297075,0.7285380653301303,4.161604757490257,19,19,0,12.018496360166031,0.39147053705694246,0.4585445389263604
집밥,집밥요리,16,1.9778876537594157,0.4798274225059574,0.3168405386979387,115,118,0,6.5167492015297075,0.7285380653301303,4.161604757490257,19,19,0,12.25142049464444,0.4112371543894069,0.48386740485410557
집밥,집밥일기,13,2.075629938387359,0.479391187303663,0.30360153412163016,115,118,0,6.5167492015297075,0.7285380653301303,4.161604757490257,14,14,0,12.935306902608502,0.38011871758451876,0.3144652404677901
집밥,식단기록,13,2.075629938387359,0.479391187303663,0.30360153412163016,115,118,0,6.5167492015297075,0.7285380653301303,4.161604757490257,14,14,5,19.260838587334355,0.4860336901636399,0.8043930249878081
오늘의도시락,단백질도시락,5,2.5328461097893946,0.47923081692950803,0.23944564259782591,49,50,5,13.131670938516958,0.5914083446339523,1.8575734538244713,8,8,8,22.288452926688173,0.5529669476277428,0.8029432241221758
오늘의도시락,100g,5,2.5328461097893946,0.47923081692950803,0.23944564259782591,49,50,5,13.131670938516958,0.5914083446339523,1.8575734538244713,8,10,5,14.515088464040437,0.3481041094277316,0.19179773226284932
좋은,있어요,6,2.428761919077174,0.47595619906340925,0.24530921643704748,29,30,4,22.049418928288624,0.9106211321257801,1.8149213142998257,18,18,6,16.43794114031459,0.3874093732429853,0.7244469834386726
요리,도시락싸기,9,2.2333295810647154,0.47543491438849894,0.26887704206311597,34,36,4,19.336422996972193,0.7061322706240964,1.747224350578725,28,28,6,12.37841206156507,0.22985114000141244,0.7745743400472503
10월,목요일,6,2.423031244378853,0.47483317826583427,0.24486186878680427,35,37,5,12.258972386280831,0.44608371875570957,1.1746603488028304,15,15,5,9.86847934228206,0.37515913225545444,0.13879101494997018
남편도시락,신혼,5,2.5076558610226547,0.47446465942452404,0.2379820904926701,67,69,0,7.697358796112383,0.46513826622114574,2.163282501476253,6,6,8,23.777360231386666,0.4590024207701009,0.7825600191922111
도시락메뉴,닭가슴살도시락,5,2.5076558610226547,0.47446465942452404,0.2379820904926701,67,67,2,7.399617238897896,0.5357782842208108,2.149723552090895,6,6,3,14.112828877327424,0.7299769545473334,0.2326616654153842
남편도시락,단백질식단,5,2.5076558610226547,0.47446465942452404,0.2379820904926701,67,69,0,7.697358796112383,0.46513826622114574,2.163282501476253,6,11,8,24.01867594722771,0.4625910363790372,0.8640637055986686
닭가슴살,먹을,9,2.2239202068953716,0.4734318311711448,0.26731002834390605,31,63,7,16.542819965411606,0.9353640349390074,1.9139579207906599,31,34,7,9.20874993976702,0.6932946349245952,0.9256559651744763
식단,식단도시락,5,2.4952947642288517,0.47212586020109565,0.23308938827041895,37,46,7,16.082279900794575,0.7500570642903653,1.7502802113952356,11,11,8,20.326647232593295,0.6656294265139555,0.8394819510343219
다이어트도시락,도시락스타그램,14,2.0080873935525463,0.47186798482693404,0.2945616700531274,53,54,7,13.95975195208104,0.7626049615578026,2.1561873341001516,35,35,1,7.622002636992966,0.3236257953238776,0.7697379978444041
도시락메뉴,회사도시락,7,2.3333024747907998,0.4714923590036971,0.25423561466962347,67,67,2,7.399617238897896,0.5357782842208108,2.149723552090895,10,10,6,7.328935601549678,0.173445003908667,-0.33380033291412364
점심,냥집사,5,2.4879507899906064,0.470736332917894,0.23705363634920937,82,94,8,9.805053598566579,0.4637588873845762,3.044236591579092,5,5,8,24.86129603831247,0.4362471117981075,0.8071727324155873
점심,영양성분,5,2.4879507899906064,0.470736332917894,0.23705363634920937,82,94,8,9.805053598566579,0.4637588873845762,3.044236591579092,5,5,8,24.86129603831247,0.4362471117981075,0.8071727324155873
점심,근육량늘리기,5,2.4879507899906064,0.470736332917894,0.23705363634920937,82,94,8,9.805053598566579,0.4637588873845762,3.044236591579092,5,5,8,24.86129603831247,0.4362471117981075,0.8071727324155873
점심,추천메뉴,5,2.4879507899906064,0.470736332917894,0.23705363634920937,82,94,8,9.805053598566579,0.4637588873845762,3.044236591579092,5,5,8,24.86129603831247,0.4362471117981075,0.8071727324155873
점심,근육,5,2.4879507899906064,0.470736332917894,0.23705363634920937,82,94,8,9.805053598566579,0.4637588873845762,3.044236591579092,5,5,8,24.86129603831247,0.4362471117981075,0.8071727324155873
점심,쉐이크도시락,5,2.4879507899906064,0.470736332917894,0.23705363634920937,82,94,8,9.805053598566579,0.4637588873845762,3.044236591579092,5,5,8,24.86129603831247,0.4362471117981075,0.8071727324155873
점심,단백질함량,5,2.4879507899906064,0.470736332917894,0.23705363634920937,82,94,8,9.805053598566579,0.4637588873845762,3.044236591579092,5,5,8,24.86129603831247,0.4362471117981075,0.8071727324155873
오늘의도시락,쿡스타그램,6,2.396713936109676,0.46967586502117636,0.24232803974392958,49,50,5,13.131670938516958,0.5914083446339523,1.8575734538244713,11,11,1,9.686629429675301,0.306967525450831,-0.06746039370536949
오늘의도시락,식단도시락,6,2.396713936109676,0.46967586502117636,0.24232803974392958,49,50,5,13.131670938516958,0.5914083446339523,1.8575734538244713,11,11,8,20.326647232593295,0.6656294265139555,0.8394819510343219
홈쿡,모두들,5,2.4782419758866028,0.4688993626825151,0.23161682145370596,46,46,9,8.715178270918697,0.471227317729246,1.3599828443271307,9,9,6,7.138353538963913,0.28941293455023037,-0.3344369548438292
집밥,집밥레시피,10,2.149737910321828,0.4681398396244554,0.27858776579617,115,118,0,6.5167492015297075,0.7285380653301303,4.161604757490257,10,10,4,29.37201989388393,0.9999999999999571,1.5834545386983518
요리,도시락반찬,9,2.1982382612887315,0.4679646158911671,0.26320520638824424,34,36,4,19.336422996972193,0.7061322706240964,1.747224350578725,29,29,6,12.280659753441707,0.2795935021855125,0.831151391569424
집밥,집밥도시락,16,1.9265943593941575,0.46738387993146346,0.3063662600656644,115,118,0,6.5167492015297075,0.7285380653301303,4.161604757490257,20,21,0,11.782917689866869,0.42291811464232104,0.5097131063368555
오늘의,요리레시피,11,2.0996310903733217,0.46691933649733336,0.28040870866877005,95,100,8,9.514277515912475,0.4235663757402039,3.4446382922826584,14,14,6,11.403517998949228,0.2589065448379871,0.15196313506412473
일상,먹스타그램,5,2.463853238468118,0.4661769207777371,0.22794565023170912,21,21,7,10.631864967476282,0.36030334076433024,0.42863102728922636,20,20,7,8.055608682731581,0.28665004168869035,0.17452099586881326
남은,집밥일기,5,2.463853238468118,0.4661769207777371,0.22830778489773632,30,30,0,5.981891423306387,0.5349692035066427,0.5494804295296626,14,14,0,12.935306902608502,0.38011871758451876,0.3144652404677901
점심,직장인,17,1.8871769314151277,0.46465518974758063,0.3035830194662634,82,94,8,9.805053598566579,0.4637588873845762,3.044236591579092,31,32,7,6.771602970970504,0.348390725071986,0.5721124324470593
다이어트도시락,동물복지,5,2.4543744945354558,0.4643834813023743,0.22910001350210693,53,54,7,13.95975195208104,0.7626049615578026,2.1561873341001516,8,16,3,13.778434275697139,0.784389598344781,0.4162718966473031
다이어트도시락,탄단지,5,2.4543744945354558,0.4643834813023743,0.22910001350210693,53,54,7,13.95975195208104,0.7626049615578026,2.1561873341001516,8,8,7,15.875859919046004,0.3594900338006526,0.26675272852617044
집밥,홈쿡,28,1.6533010246074373,0.464088988663989,0.33917115023117056,115,118,0,6.5167492015297075,0.7285380653301303,4.161604757490257,46,46,9,8.715178270918697,0.471227317729246,1.3599828443271307
피크닉,가을,5,2.452018780848403,0.463937765082058,0.22646895373716094,25,38,2,10.107624950741794,0.5192936135105944,0.7911483488033944,17,22,2,9.201228462757395,0.5304744200614294,0.3076780716591849
남편도시락,남편이,9,2.179151795416869,0.46390145730288485,0.2627882237764767,67,69,0,7.697358796112383,0.46513826622114574,2.163282501476253,15,15,6,10.679583738615325,0.3167926978483087,0.1685909252376891
집밥,밍키식단,13,2.006637066940746,0.463456470836826,0.2904502432309798,115,118,0,6.5167492015297075,0.7285380653301303,4.161604757490257,15,15,5,19.651079926473408,0.5003552646519056,0.8787588684955947
집밥,남편도시락,36,1.5285642300363587,0.46164133965309534,0.3539385850407308,115,118,0,6.5167492015297075,0.7285380653301303,4.161604757490257,67,69,0,7.697358796112383,0.46513826622114574,2.163282501476253
오늘의도시락,직장인점심도시락,9,2.1555518800986038,0.45887746809231517,0.2572131849835585,49,50,5,13.131670938516958,0.5914083446339523,1.8575734538244713,21,21,1,8.602605678764055,0.2363983412777787,0.23018579655119886
오늘의도시락,간단하게,9,2.1555518800986038,0.45887746809231517,0.2572131849835585,49,50,5,13.131670938516958,0.5914083446339523,1.8575734538244713,21,22,5,9.850217233940638,0.7400470789015714,0.5609942575908912
다이어트식단,다이어트레시피,5,2.417333222938655,0.4573750338570936,0.2218331591650656,22,24,4,24.319231401676884,0.8945203296280569,1.6945288183905152,20,20,7,9.417235737606395,0.4656432929607608,0.35167138665688064
반찬,집밥메뉴,8,2.1584715900941935,0.44825943175000876,0.24256958028267095,48,63,4,17.061454136214454,0.6923960414587538,2.3139860436347113,19,19,0,12.018496360166031,0.39147053705694246,0.4585445389263604
남편도시락,먹방,6,2.2845123104833136,0.44768809469161275,0.228353668629987,67,69,0,7.697358796112383,0.46513826622114574,2.163282501476253,9,9,6,6.226692954354156,0.14978056898789235,-0.4621287484100612
집밥,식단공유,10,2.0544277305945124,0.44738452241211485,0.2622542051100612,115,118,0,6.5167492015297075,0.7285380653301303,4.161604757490257,11,11,5,19.985702650496897,0.44887051468628797,0.7162084003488233
먹을,따뜻하게,5,2.3620705443826386,0.4469189787151116,0.21503985973060818,31,34,7,9.20874993976702,0.6932946349245952,0.9256559651744763,15,15,6,13.843438004743039,0.37729888492763286,0.41709541300335673
집밥,저당파로밥,8,2.149737910134727,0.44644566944075087,0.24892182126186568,115,118,0,6.5167492015297075,0.7285380653301303,4.161604757490257,8,8,5,20.324695318798568,0.40617706094792366,0.5985642983639637
집밥,주세요지니벤또,8,2.149737910134727,0.44644566944075087,0.24892182126186568,115,118,0,6.5167492015297075,0.7285380653301303,4.161604757490257,8,8,6,7.652305777521388,0.19872668163923657,-0.38076903320534655
홈쿡,도시락싸기,10,2.036409225105586,0.44346070442976576,0.2517250659935864,46,46,9,8.715178270918697,0.471227317729246,1.3599828443271307,28,28,6,12.37841206156507,0.22985114000141244,0.7745743400472503
오늘의,쉐이크도시락,5,2.340793145979459,0.44289315773077303,0.21865020195676904,95,100,8,9.514277515912475,0.4235663757402039,3.4446382922826584,5,5,8,24.86129603831247,0.4362471117981075,0.8071727324155873
오늘의,냥집사,5,2.340793145979459,0.44289315773077303,0.21865020195676904,95,100,8,9.514277515912475,0.4235663757402039,3.4446382922826584,5,5,8,24.86129603831247,0.4362471117981075,0.8071727324155873
오늘의,추천메뉴,5,2.340793145979459,0.44289315773077303,0.21865020195676904,95,100,8,9.514277515912475,0.4235663757402039,3.4446382922826584,5,5,8,24.86129603831247,0.4362471117981075,0.8071727324155873
오늘의,근육량늘리기,5,2.340793145979459,0.44289315773077303,0.21865020195676904,95,100,8,9.514277515912475,0.4235663757402039,3.4446382922826584,5,5,8,24.86129603831247,0.4362471117981075,0.8071727324155873
오늘의,단백질함량,5,2.340793145979459,0.44289315773077303,0.21865020195676904,95,100,8,9.514277515912475,0.4235663757402039,3.4446382922826584,5,5,8,24.86129603831247,0.4362471117981075,0.8071727324155873
오늘의,근육,5,2.340793145979459,0.44289315773077303,0.21865020195676904,95,100,8,9.514277515912475,0.4235663757402039,3.4446382922826584,5,5,8,24.86129603831247,0.4362471117981075,0.8071727324155873
오늘의,영양성분,5,2.340793145979459,0.44289315773077303,0.21865020195676904,95,100,8,9.514277515912475,0.4235663757402039,3.4446382922826584,5,5,8,24.86129603831247,0.4362471117981075,0.8071727324155873
김밥,없이,7,2.1890083137814513,0.44233471866353646,0.23056649682572497,43,64,0,3.682296673531056,0.48699022007111137,1.1590740264424253,18,19,4,16.474827750335226,0.7777230448785628,0.9187685075247709
오늘의도시락,집밥레시피,5,2.3097025589722096,0.4370106181825883,0.2097611349804311,49,50,5,13.131670938516958,0.5914083446339523,1.8575734538244713,10,10,4,29.37201989388393,0.9999999999999571,1.5834545386983518
점심,신혼,5,2.3056292335926556,0.43623991875410006,0.2125861508646335,82,94,8,9.805053598566579,0.4637588873845762,3.044236591579092,6,6,8,23.777360231386666,0.4590024207701009,0.7825600191922111
점심,단백질식단,5,2.3056292335926556,0.43623991875410006,0.2125861508646335,82,94,8,9.805053598566579,0.4637588873845762,3.044236591579092,6,11,8,24.01867594722771,0.4625910363790372,0.8640637055986686
소풍,가을,6,2.2156300035354333,0.4341894636647852,0.21635630435852213,38,45,2,3.782663160321731,0.25254760882975785,0.679182858390393,17,22,2,9.201228462757395,0.5304744200614294,0.3076780716591849
집밥,요리,21,1.6678998239753449,0.43320412527948304,0.29502271318800544,115,118,0,6.5167492015297075,0.7285380653301303,4.161604757490257,34,36,4,19.336422996972193,0.7061322706240964,1.747224350578725
반찬,한식도시락,7,2.1361658324718533,0.4316567948034913,0.22349480644380457,48,63,4,17.061454136214454,0.6923960414587538,2.3139860436347113,17,17,0,12.432333446154226,0.3869215113630196,0.4041959507379918
점심,점메추,7,2.131275847183485,0.43066867143585424,0.226134839110605,82,94,8,9.805053598566579,0.4637588873845762,3.044236591579092,10,10,8,20.982080347138332,0.4614609716205375,0.7509352122106411
점심,집밥레시피,7,2.131275847183485,0.43066867143585424,0.226134839110605,82,94,8,9.805053598566579,0.4637588873845762,3.044236591579092,10,10,4,29.37201989388393,0.9999999999999571,1.5834545386983518
남은,한식도시락,5,2.269697224436475,0.4294413509156194,0.2033697482237856,30,30,0,5.981891423306387,0.5349692035066427,0.5494804295296626,17,17,0,12.432333446154226,0.3869215113630196,0.4041959507379918
좋은,음식,5,2.2464403623161195,0.4250410026314982,0.200472142988276,29,30,4,22.049418928288624,0.9106211321257801,1.8149213142998257,18,19,4,24.254473177869006,0.7051697710199573,1.4282336206171817
집밥,신혼,6,2.1497379098228926,0.4212768145387371,0.2153527608232662,115,118,0,6.5167492015297075,0.7285380653301303,4.161604757490257,6,6,8,23.777360231386666,0.4590024207701009,0.7825600191922111
홈쿡,koreanfood,6,2.1497379098228926,0.4212768145387371,0.20826449892252769,46,46,9,8.715178270918697,0.471227317729246,1.3599828443271307,15,15,9,11.547284003476404,0.23075335294905927,0.18963822637121563
남은,직장인점심,6,2.1497379098228926,0.4212768145387371,0.20737132571691916,30,30,0,5.981891423306387,0.5349692035066427,0.5494804295296626,23,23,0,11.204148867551634,0.3583491550466824,0.5487938507304948
남편도시락,단백질도시락,5,2.2199737891767004,0.4200333563248763,0.20021024982720906,67,69,0,7.697358796112383,0.46513826622114574,2.163282501476253,8,8,8,22.288452926688173,0.5529669476277428,0.8029432241221758
좋은,건강식,5,2.1923731411440657,0.4148111357354212,0.19394309094986098,29,30,4,22.049418928288624,0.9106211321257801,1.8149213142998257,19,20,4,24.011295059770106,0.7634717181443976,1.478593328526103
한식,음식,5,2.1797489879378484,0.4124225645424553,0.19251679034802116,31,31,9,9.544248296548577,0.5084861635900965,0.82642808124908,18,19,4,24.254473177869006,0.7051697710199573,1.4282336206171817
반찬,한식,10,1.8920669164785067,0.4120278563196496,0.22934245051802002,48,63,4,17.061454136214454,0.6923960414587538,2.3139860436347113,31,31,9,9.544248296548577,0.5084861635900965,0.82642808124908
집밥,직장인점심,15,1.7222938959407859,0.4113805319028768,0.2578837502868606,115,118,0,6.5167492015297075,0.7285380653301303,4.161604757490257,23,23,0,11.204148867551634,0.3583491550466824,0.5487938507304948
오늘의도시락,10월,11,1.8453969521535105,0.4103823402236408,0.23360883380263653,49,50,5,13.131670938516958,0.5914083446339523,1.8575734538244713,35,37,5,12.258972386280831,0.44608371875570957,1.1746603488028304
오늘의,단백질식단,5,2.1584715895273177,0.4083967435567259,0.1954473963360097,95,100,8,9.514277515912475,0.4235663757402039,3.4446382922826584,6,11,8,24.01867594722771,0.4625910363790372,0.8640637055986686
남은,집밥메뉴,5,2.1584715895273177,0.4083967435567259,0.1899560685897434,30,30,0,5.981891423306387,0.5349692035066427,0.5494804295296626,19,19,0,12.018496360166031,0.39147053705694246,0.4585445389263604
오늘의,신혼,5,2.1584715895273177,0.4083967435567259,0.1954473963360097,95,100,8,9.514277515912475,0.4235663757402039,3.4446382922826584,6,6,8,23.777360231386666,0.4590024207701009,0.7825600191922111
남은,집밥요리,5,2.1584715895273177,0.4083967435567259,0.1899560685897434,30,30,0,5.981891423306387,0.5349692035066427,0.5494804295296626,19,19,0,12.25142049464444,0.4112371543894069,0.48386740485410557
레시피,다이어트식단,5,2.1549689589820917,0.40773402327099545,0.18943570915029612,26,33,4,23.131343883108837,0.8286791024171124,1.806720317262422,22,24,4,24.319231401676884,0.8945203296280569,1.6945288183905152
식단,먹스타그램,6,2.0797793213113764,0.407567268280521,0.19874971249774015,37,46,7,16.082279900794575,0.7500570642903653,1.7502802113952356,20,20,7,8.055608682731581,0.28665004168869035,0.17452099586881326
식단,다이어트레시피,6,2.0797793213113764,0.407567268280521,0.19874971249774015,37,46,7,16.082279900794575,0.7500570642903653,1.7502802113952356,20,20,7,9.417235737606395,0.4656432929607608,0.35167138665688064
집밥,반찬,25,1.4974127248935414,0.4073712067384372,0.28491910985789987,115,118,0,6.5167492015297075,0.7285380653301303,4.161604757490257,48,63,4,17.061454136214454,0.6923960414587538,2.3139860436347113
집밥,Foodie,5,2.1497379095734246,0.4067442749906617,0.19648915300529482,115,118,0,6.5167492015297075,0.7285380653301303,4.161604757490257,5,5,6,2.9891263877431924,0.10914162951521311,-0.868923426712041
집밥,100g당,5,2.1497379095734246,0.4067442749906617,0.19648915300529482,115,118,0,6.5167492015297075,0.7285380653301303,4.161604757490257,5,7,8,22.54123590640844,0.5028074746390626,0.7010660499543605
집밥,추천메뉴,5,2.1497379095734246,0.4067442749906617,0.19648915300529482,115,118,0,6.5167492015297075,0.7285380653301303,4.161604757490257,5,5,8,24.86129603831247,0.4362471117981075,0.8071727324155873
집밥,근육,5,2.1497379095734246,0.4067442749906617,0.19648915300529482,115,118,0,6.5167492015297075,0.7285380653301303,4.161604757490257,5,5,8,24.86129603831247,0.4362471117981075,0.8071727324155873
집밥,단백질함량,5,2.1497379095734246,0.4067442749906617,0.19648915300529482,115,118,0,6.5167492015297075,0.7285380653301303,4.161604757490257,5,5,8,24.86129603831247,0.4362471117981075,0.8071727324155873
집밥,쉐이크도시락,5,2.1497379095734246,0.4067442749906617,0.19648915300529482,115,118,0,6.5167492015297075,0.7285380653301303,4.161604757490257,5,5,8,24.86129603831247,0.4362471117981075,0.8071727324155873
집밥,쉬운요리,5,2.1497379095734246,0.4067442749906617,0.19648915300529482,115,118,0,6.5167492015297075,0.7285380653301303,4.161604757490257,5,5,4,35.8904806556506,0.8553952839340083,1.7690278512061022
집밥,냥집사,5,2.1497379095734246,0.4067442749906617,0.19648915300529482,115,118,0,6.5167492015297075,0.7285380653301303,4.161604757490257,5,5,8,24.86129603831247,0.4362471117981075,0.8071727324155873
집밥,간단한요리,5,2.1497379095734246,0.4067442749906617,0.19648915300529482,115,118,0,6.5167492015297075,0.7285380653301303,4.161604757490257,5,5,4,35.8904806556506,0.8553952839340083,1.7690278512061022
집밥,영양성분,5,2.1497379095734246,0.4067442749906617,0.19648915300529482,115,118,0,6.5167492015297075,0.7285380653301303,4.161604757490257,5,5,8,24.86129603831247,0.4362471117981075,0.8071727324155873
집밥,근육량늘리기,5,2.1497379095734246,0.4067442749906617,0.19648915300529482,115,118,0,6.5167492015297075,0.7285380653301303,4.161604757490257,5,5,8,24.86129603831247,0.4362471117981075,0.8071727324155873
요리,자취요리,5,2.1445340817071914,0.4057596772016934,0.18849130588296154,34,36,4,19.336422996972193,0.7061322706240964,1.747224350578725,17,17,4,24.75202953277391,0.7194328749442314,1.4163225648156281
좋은,재료,5,2.1410798468449155,0.40510611369125477,0.1878789701625827,29,30,4,22.049418928288624,0.9106211321257801,1.8149213142998257,20,20,4,24.14075712052339,0.8738373976168942,1.566242933288669
다이어트도시락,식단도시락,5,2.135920764043531,0.40412998195709265,0.18878012197549868,53,54,7,13.95975195208104,0.7626049615578026,2.1561873341001516,11,11,8,20.326647232593295,0.6656294265139555,0.8394819510343219
홈쿡,도시락반찬,9,1.8959573896735369,0.4036145613644473,0.21768772682606047,46,46,9,8.715178270918697,0.471227317729246,1.3599828443271307,29,29,6,12.280659753441707,0.2795935021855125,0.831151391569424
닭가슴살,건강식,5,2.1256817667594583,0.4021926976451795,0.18615103266812852,31,63,7,16.542819965411606,0.9353640349390074,1.9139579207906599,19,20,4,24.011295059770106,0.7634717181443976,1.478593328526103
오늘의,예쁜도시락,8,1.9353280389936174,0.4019182142542259,0.21456183769136777,95,100,8,9.514277515912475,0.4235663757402039,3.4446382922826584,12,12,6,8.582187518284279,0.19133111515186188,-0.1570219950262316
남은,집밥도시락,5,2.107178295225221,0.3986917215120019,0.18396884031157798,30,30,0,5.981891423306387,0.5349692035066427,0.5494804295296626,20,21,0,11.782917689866869,0.42291811464232104,0.5097131063368555
오늘의도시락,아침,8,1.9042374519497454,0.39546149323690083,0.20618214308721802,49,50,5,13.131670938516958,0.5914083446339523,1.8575734538244713,24,24,8,16.673259988625826,0.6506010006583874,1.1050617772475402
한식,먹스타그램,5,2.0743884724546047,0.3924876755999339,0.1802365111467885,31,31,9,9.544248296548577,0.5084861635900965,0.82642808124908,20,20,7,8.055608682731581,0.28665004168869035,0.17452099586881326
남편도시락,남편,9,1.8426795590726053,0.3922726882055009,0.21141693243054618,67,69,0,7.697358796112383,0.46513826622114574,2.163282501476253,21,24,8,9.434535592762346,0.5477077349967737,0.46892271216731124
반찬,밑반찬,5,2.067957582134386,0.39127090968200817,0.1804568837629254,48,63,4,17.061454136214454,0.6923960414587538,2.3139860436347113,13,14,9,11.841003869075447,0.20920932495243189,0.13171324041865137
반찬,썰어,5,2.067957582134386,0.39127090968200817,0.1804568837629254,48,63,4,17.061454136214454,0.6923960414587538,2.3139860436347113,13,13,4,24.756000585939265,0.8104395245323803,1.2961032871707967
다이어트도시락,식사기록,5,2.048909387193148,0.3876668683675988,0.17863359616788205,53,54,7,13.95975195208104,0.7626049615578026,2.1561873341001516,12,12,5,20.255595548065635,0.4763973785102491,0.7882387401808284
오늘의도시락,간식,5,2.047338294963511,0.38736960758662575,0.17816229455968932,49,50,5,13.131670938516958,0.5914083446339523,1.8575734538244713,13,14,8,19.34139922305634,0.6527454490452729,0.8585675475090659
오늘의도시락,단무지,5,2.047338294963511,0.38736960758662575,0.17816229455968932,49,50,5,13.131670938516958,0.5914083446339523,1.8575734538244713,13,14,5,14.114303248479748,0.42111907027804546,0.38757640975208046
오늘의,도시락싸기,14,1.6476459669772663,0.3871700926175071,0.23391270326165514,95,100,8,9.514277515912475,0.4235663757402039,3.4446382922826584,28,28,6,12.37841206156507,0.22985114000141244,0.7745743400472503
소풍도시락,가을소풍,5,2.0364092244479437,0.3853017569694041,0.17671131105449253,46,52,2,5.148925051153295,0.2893883726585028,1.1033402197909223,14,17,6,6.484483084019683,0.12339112980980592,-0.21561055737273266
요리,건강식,5,2.0333084467743787,0.38471506983832415,0.17569348533156734,34,36,4,19.336422996972193,0.7061322706240964,1.747224350578725,19,20,4,24.011295059770106,0.7634717181443976,1.478593328526103
집밥,신혼부부,7,1.8984234819890995,0.3836160016036094,0.1977133967526737,115,118,0,6.5167492015297075,0.7285380653301303,4.161604757490257,9,9,6,9.107950927065898,0.21786756789425812,-0.22986085613344087
집밥,먹스타,7,1.8984234819890995,0.3836160016036094,0.1977133967526737,115,118,0,6.5167492015297075,0.7285380653301303,4.161604757490257,9,9,6,9.153142441099696,0.2134157195474888,-0.2287512478774827
집밥,먹방,7,1.8984234819890995,0.3836160016036094,0.1977133967526737,115,118,0,6.5167492015297075,0.7285380653301303,4.161604757490257,9,9,6,6.226692954354156,0.14978056898789235,-0.4621287484100612
집밥,무생채,7,1.8984234819890995,0.3836160016036094,0.1977133967526737,115,118,0,6.5167492015297075,0.7285380653301303,4.161604757490257,9,10,5,7.856280325527016,0.3510724003194988,-0.24344487515886457
식단,샐러드,7,1.8974577648700492,0.3834208583474261,0.19116527984443749,37,46,7,16.082279900794575,0.7500570642903653,1.7502802113952356,28,34,7,11.329541122756844,0.5445245520313596,0.9214491627735837
점심,단백질도시락,5,2.0179471616358793,0.3818086156334841,0.17749034406672826,82,94,8,9.805053598566579,0.4637588873845762,3.044236591579092,8,8,8,22.288452926688173,0.5529669476277428,0.8029432241221758
오늘의도시락,도시락스타그램,10,1.7500867723581583,0.38110940734071963,0.20838766568152495,49,50,5,13.131670938516958,0.5914083446339523,1.8575734538244713,35,35,1,7.622002636992966,0.3236257953238776,0.7697379978444041
요리,한식,7,1.8802324586042283,0.3799401264776494,0.18894317001836425,34,36,4,19.336422996972193,0.7061322706240964,1.747224350578725,31,31,9,9.544248296548577,0.5084861635900965,0.82642808124908
오늘의,Todays,5,2.004320909944212,0.3792304409450788,0.17710123403103878,95,100,8,9.514277515912475,0.4235663757402039,3.4446382922826584,7,7,6,7.219239045439352,0.0980892429413014,-0.49773944722490937
남편도시락,집밥레시피,5,1.9968302382259866,0.37781315755269207,0.1737962648767341,67,69,0,7.697358796112383,0.46513826622114574,2.163282501476253,10,10,4,29.37201989388393,0.9999999999999571,1.5834545386983518
남편도시락,점메추,5,1.9968302382259866,0.37781315755269207,0.1737962648767341,67,69,0,7.697358796112383,0.46513826622114574,2.163282501476253,10,10,8,20.982080347138332,0.4614609716205375,0.7509352122106411
소풍도시락,소풍,10,1.7310275757534415,0.37695896221014674,0.2055721855260723,46,52,2,5.148925051153295,0.2893883726585028,1.1033402197909223,38,45,2,3.782663160321731,0.25254760882975785,0.679182858390393
소풍도시락,주먹밥,6,1.913349132055891,0.37495251108046473,0.17890856798195007,46,52,2,5.148925051153295,0.2893883726585028,1.1033402197909223,19,32,6,9.770089154155041,0.1682394242955796,0.3630754991131151
집밥,안주,5,1.967416353061838,0.3722478608053671,0.17472715399364777,115,118,0,6.5167492015297075,0.7285380653301303,4.161604757490257,6,10,4,34.230892851044864,0.8200580230508792,1.7280069535442655
집밥,단백질식단,5,1.967416353061838,0.3722478608053671,0.17472715399364777,115,118,0,6.5167492015297075,0.7285380653301303,4.161604757490257,6,11,8,24.01867594722771,0.4625910363790372,0.8640637055986686
집밥,간단레시피,5,1.967416353061838,0.3722478608053671,0.17472715399364777,115,118,0,6.5167492015297075,0.7285380653301303,4.161604757490257,6,6,4,34.479806507197424,0.8304418349249446,1.6997223817779714
집밥,오늘의메뉴,5,1.967416353061838,0.3722478608053671,0.17472715399364777,115,118,0,6.5167492015297075,0.7285380653301303,4.161604757490257,6,6,6,7.176210801424931,0.2463834927039343,-0.4732446840336386
집밥,다이어트요리,5,1.967416353061838,0.3722478608053671,0.17472715399364777,115,118,0,6.5167492015297075,0.7285380653301303,4.161604757490257,6,6,4,33.75602684438253,0.8255344618401932,1.6469738396204612
오늘의,식단기록,8,1.7811773592884352,0.3699050543842333,0.1932574347768599,95,100,8,9.514277515912475,0.4235663757402039,3.4446382922826584,14,14,5,19.260838587334355,0.4860336901636399,0.8043930249878081
도시락스타그램,먹스타그램,5,1.9530276156299073,0.369525418898045,0.16682943670891145,35,35,1,7.622002636992966,0.3236257953238776,0.7697379978444041,20,20,7,8.055608682731581,0.28665004168869035,0.17452099586881326
점심,식단도시락,6,1.8818149876834032,0.3687728722371693,0.17784892724504903,82,94,8,9.805053598566579,0.4637588873845762,3.044236591579092,11,11,8,20.326647232593295,0.6656294265139555,0.8394819510343219
반찬,건강식,6,1.8707895176835374,0.3666122484424675,0.17400824702408096,48,63,4,17.061454136214454,0.6923960414587538,2.3139860436347113,19,20,4,24.011295059770106,0.7634717181443976,1.478593328526103
집밥,100g,6,1.8620558377240712,0.3649007389343955,0.17848436782566687,115,118,0,6.5167492015297075,0.7285380653301303,4.161604757490257,8,10,5,14.515088464040437,0.3481041094277316,0.19179773226284932
집밥,예쁜도시락,8,1.7442728023795229,0.36224092028819316,0.19023086474854534,115,118,0,6.5167492015297075,0.7285380653301303,4.161604757490257,12,12,6,8.582187518284279,0.19133111515186188,-0.1570219950262316
남편도시락,도시락메뉴,19,1.4297237796529245,0.36193421545702564,0.23140817650876055,67,69,0,7.697358796112383,0.46513826622114574,2.163282501476253,67,67,2,7.399617238897896,0.5357782842208108,2.149723552090895
밥,먹어도,5,1.909694490982551,0.3613265122828352,0.16249206377713743,43,46,0,4.624118473117661,0.5477898872352404,1.0258135790477874,17,18,4,14.551303875174433,0.8039753915969318,0.7560519984280243
반찬,좋은,8,1.7356147396424937,0.3604428617451167,0.18379993957602694,48,63,4,17.061454136214454,0.6923960414587538,2.3139860436347113,29,30,4,22.049418928288624,0.9106211321257801,1.8149213142998257
남편도시락,식단도시락,5,1.9015200585538423,0.35977985695482123,0.1631886192384615,67,69,0,7.697358796112383,0.46513826622114574,2.163282501476253,11,11,8,20.326647232593295,0.6656294265139555,0.8394819510343219
밥,계란,6,1.8341869387443814,0.3594393657441014,0.16950602893618172,43,46,0,4.624118473117661,0.5477898872352404,1.0258135790477874,22,27,6,9.714808696803868,0.33638283560182497,0.45725870842814414
요리,다이어트식단,5,1.88670497278814,0.3569767471934593,0.15964012345555278,34,36,4,19.336422996972193,0.7061322706240964,1.747224350578725,22,24,4,24.319231401676884,0.8945203296280569,1.6945288183905152
반찬,집밥도시락,6,1.8194962233493954,0.3565604762959432,0.16806416040571728,48,63,4,17.061454136214454,0.6923960414587538,2.3139860436347113,20,21,0,11.782917689866869,0.42291811464232104,0.5097131063368555
오늘의,도시락과,5,1.870789517502804,0.3539654404232936,0.16206002836683342,95,100,8,9.514277515912475,0.4235663757402039,3.4446382922826584,8,8,8,8.822048886123179,0.23267322949159716,-0.2835785734578771
오늘의,저당파로밥,5,1.870789517502804,0.3539654404232936,0.16206002836683342,95,100,8,9.514277515912475,0.4235663757402039,3.4446382922826584,8,8,5,20.324695318798568,0.40617706094792366,0.5985642983639637
오늘의,단백질도시락,5,1.870789517502804,0.3539654404232936,0.16206002836683342,95,100,8,9.514277515912475,0.4235663757402039,3.4446382922826584,8,8,8,22.288452926688173,0.5529669476277428,0.8029432241221758
도시락메뉴,도시락기록,13,1.5172571589504205,0.35042841569308825,0.2025190163397854,67,67,2,7.399617238897896,0.5357782842208108,2.149723552090895,42,42,1,7.176815309814925,0.256370817341552,0.9917757183374951
오늘의,직장인점심도시락,10,1.598855802713958,0.34817644303118295,0.1899363649256309,95,100,8,9.514277515912475,0.4235663757402039,3.4446382922826584,21,21,1,8.602605678764055,0.2363983412777787,0.23018579655119886
다이어트도시락,밍키식단,5,1.8257658361852804,0.3454466695846007,0.15410268518563222,53,54,7,13.95975195208104,0.7626049615578026,2.1561873341001516,15,15,5,19.651079926473408,0.5003552646519056,0.8787588684955947
집밥,2개,5,1.8132656734362709,0.34308155818568603,0.15746383745479134,115,118,0,6.5167492015297075,0.7285380653301303,4.161604757490257,7,7,5,10.84411142256225,0.49716009371642833,-0.06167849744823649
집밥,저녁메뉴,5,1.8132656734362709,0.34308155818568603,0.15746383745479134,115,118,0,6.5167492015297075,0.7285380653301303,4.161604757490257,7,7,4,13.122139613326844,0.5147371465630336,0.1053208921831988
집밥,화이팅도시락,5,1.8132656734362709,0.34308155818568603,0.15746383745479134,115,118,0,6.5167492015297075,0.7285380653301303,4.161604757490257,7,7,6,9.404316973415584,0.2171997708824417,-0.2906237027912695
집밥,모두들,6,1.7442728021853413,0.34181919871885036,0.16449189137390471,115,118,0,6.5167492015297075,0.7285380653301303,4.161604757490257,9,9,6,7.138353538963913,0.28941293455023037,-0.3344369548438292
집밥,오늘의도시락,21,1.3024400505571496,0.3382831478966066,0.22230036443928483,115,118,0,6.5167492015297075,0.7285380653301303,4.161604757490257,49,50,5,13.131670938516958,0.5914083446339523,1.8575734538244713
점심,점심메뉴,8,1.62295335418073,0.33704596884227567,0.17155624817492188,82,94,8,9.805053598566579,0.4637588873845762,3.044236591579092,19,20,6,10.234534189509258,0.26440503008520566,0.28836657461832865
오늘의,모두들,5,1.753006481988843,0.33168013058483437,0.14939128095756488,95,100,8,9.514277515912475,0.4235663757402039,3.4446382922826584,9,9,6,7.138353538963913,0.28941293455023037,-0.3344369548438292
집밥,요리레시피,8,1.5901221226531101,0.3302277604137915,0.17007746577743224,115,118,0,6.5167492015297075,0.7285380653301303,4.161604757490257,14,14,6,11.403517998949228,0.2589065448379871,0.15196313506412473
반찬,있어요,5,1.7425351821334163,0.3296988931284272,0.14519429304690207,48,63,4,17.061454136214454,0.6923960414587538,2.3139860436347113,18,18,6,16.43794114031459,0.3874093732429853,0.7244469834386726
반찬,음식,5,1.7425351821334163,0.3296988931284272,0.14519429304690207,48,63,4,17.061454136214454,0.6923960414587538,2.3139860436347113,18,19,4,24.254473177869006,0.7051697710199573,1.4282336206171817
남편도시락,해서,5,1.7344659740940302,0.3281721469334084,0.14546926002305272,67,69,0,7.697358796112383,0.46513826622114574,2.163282501476253,13,13,7,8.622194937193203,0.4230916723279042,-0.007292153888755162
남편도시락,간식,5,1.7344659740940302,0.3281721469334084,0.14546926002305272,67,69,0,7.697358796112383,0.46513826622114574,2.163282501476253,13,14,8,19.34139922305634,0.6527454490452729,0.8585675475090659
반찬,요리,8,1.576550045115723,0.32740918647818984,0.16391263254002478,48,63,4,17.061454136214454,0.6923960414587538,2.3139860436347113,34,36,4,19.336422996972193,0.7061322706240964,1.747224350578725
요리,레시피,5,1.7196508883253374,0.32536903717148064,0.14237310824553356,34,36,4,19.336422996972193,0.7061322706240964,1.747224350578725,26,33,4,23.131343883108837,0.8286791024171124,1.806720317262422
오늘의,단백질,6,1.6476459665829613,0.322883566930656,0.15187014621671413,95,100,8,9.514277515912475,0.4235663757402039,3.4446382922826584,12,13,8,18.382584011029337,0.6091721085918527,0.7311080087373276
오늘의,식사기록,6,1.6476459665829613,0.322883566930656,0.15187014621671413,95,100,8,9.514277515912475,0.4235663757402039,3.4446382922826584,12,12,5,20.255595548065635,0.4763973785102491,0.7882387401808284
살짝,남은,5,1.7017131876582614,0.32197510853472083,0.14054336468129572,30,33,4,17.14957731564478,0.7912949888560646,1.484079524820583,30,30,0,5.981891423306387,0.5349692035066427,0.5494804295296626
반찬,집밥요리,5,1.6884679609224829,0.319469026224994,0.13972758039478597,48,63,4,17.061454136214454,0.6923960414587538,2.3139860436347113,19,19,0,12.25142049464444,0.4112371543894069,0.48386740485410557
집밥,배추김치,5,1.6797342809630167,0.3178165576578753,0.14326564110756748,115,118,0,6.5167492015297075,0.7285380653301303,4.161604757490257,8,8,5,11.858556384145693,0.39956827864691385,0.00487101376702339
집밥,건강식단,5,1.6797342809630167,0.3178165576578753,0.14326564110756748,115,118,0,6.5167492015297075,0.7285380653301303,4.161604757490257,8,8,4,31.52120564272113,0.778905859311764,1.5507879912607754
집밥,단백질도시락,5,1.6797342809630167,0.3178165576578753,0.14326564110756748,115,118,0,6.5167492015297075,0.7285380653301303,4.161604757490257,8,8,8,22.288452926688173,0.5529669476277428,0.8029432241221758
집밥,잘라,5,1.6797342809630167,0.3178165576578753,0.14326564110756748,115,118,0,6.5167492015297075,0.7285380653301303,4.161604757490257,8,8,4,29.283330741070166,0.9397084870144374,1.4684616650193898
집밥,도시락메뉴,25,1.1639211164605128,0.31664479797617434,0.21584568182488953,115,118,0,6.5167492015297075,0.7285380653301303,4.161604757490257,67,67,2,7.399617238897896,0.5357782842208108,2.149723552090895
오늘의,오늘의도시락,17,1.2821861936273151,0.31569613806421315,0.19426843369675403,95,100,8,9.514277515912475,0.4235663757402039,3.4446382922826584,49,50,5,13.131670938516958,0.5914083446339523,1.8575734538244713
남편도시락,양배추,5,1.6603580020201976,0.31415044073473014,0.1379375142156805,67,69,0,7.697358796112383,0.46513826622114574,2.163282501476253,14,17,6,11.810591119229494,0.3081890752671148,0.24079534509892625
오늘의,점메추,5,1.6476459664449545,0.3117452416308386,0.13849586721755772,95,100,8,9.514277515912475,0.4235663757402039,3.4446382922826584,10,10,8,20.982080347138332,0.4614609716205375,0.7509352122106411
오늘의,집밥레시피,5,1.6476459664449545,0.3117452416308386,0.13849586721755772,95,100,8,9.514277515912475,0.4235663757402039,3.4446382922826584,10,10,4,29.37201989388393,0.9999999999999571,1.5834545386983518
오늘의도시락,도시락기록,9,1.4624047000120155,0.3113191439572858,0.15979480167168472,49,50,5,13.131670938516958,0.5914083446339523,1.8575734538244713,42,42,1,7.176815309814925,0.256370817341552,0.9917757183374951
집밥,오늘의,32,1.0615969222110921,0.3095996831431792,0.22410828036571842,115,118,0,6.5167492015297075,0.7285380653301303,4.161604757490257,95,100,8,9.514277515912475,0.4235663757402039,3.4446382922826584
남편도시락,한식,9,1.4532147925342283,0.3093627811741193,0.15923951152019727,67,69,0,7.697358796112383,0.46513826622114574,2.163282501476253,31,31,9,9.544248296548577,0.5084861635900965,0.82642808124908
집밥,간식,7,1.53069870215339,0.30930955150463596,0.15193573607540714,115,118,0,6.5167492015297075,0.7285380653301303,4.161604757490257,13,14,8,19.34139922305634,0.6527454490452729,0.8585675475090659
오늘의,좋아요,7,1.514114574148572,0.3059583830558424,0.1485232170153081,95,100,8,9.514277515912475,0.4235663757402039,3.4446382922826584,16,16,0,4.68313461297595,0.5253679317528039,-0.11346823710435755
10월,샐러드,5,1.6165553794063146,0.3058627020767145,0.1322225937334488,35,37,5,12.258972386280831,0.44608371875570957,1.1746603488028304,28,34,7,11.329541122756844,0.5445245520313596,0.9214491627735837
점심,단백질,5,1.6124820540227196,0.30509200264746167,0.13408582949402106,82,94,8,9.805053598566579,0.4637588873845762,3.044236591579092,12,13,8,18.382584011029337,0.6091721085918527,0.7311080087373276
집밥,식단도시락,6,1.543602106894322,0.30249444620032645,0.14193118340471297,115,118,0,6.5167492015297075,0.7285380653301303,4.161604757490257,11,11,8,20.326647232593295,0.6656294265139555,0.8394819510343219
집밥,양념,6,1.543602106894322,0.30249444620032645,0.14193118340471297,115,118,0,6.5167492015297075,0.7285380653301303,4.161604757490257,11,12,4,14.975872735100246,0.6864408158107881,0.4883286490137897
남편도시락,아침에,5,1.5913651306024834,0.3010965445647126,0.13109389685726752,67,69,0,7.697358796112383,0.46513826622114574,2.163282501476253,15,15,6,10.882402402019498,0.3159636037950144,0.18236051181469257
다이어트도시락,건강식,5,1.5893770583790223,0.30072038848002913,0.1301804076202882,53,54,7,13.95975195208104,0.7626049615578026,2.1561873341001516,19,20,4,24.011295059770106,0.7634717181443976,1.478593328526103
도시락스타그램,도시락반찬,5,1.581464059629322,0.29922319808992826,0.12884032663359668,35,35,1,7.622002636992966,0.3236257953238776,0.7697379978444041,29,29,6,12.280659753441707,0.2795935021855125,0.831151391569424
김밥,남은,6,1.524032010715149,0.2986593611227888,0.1356849658044252,43,64,0,3.682296673531056,0.48699022007111137,1.1590740264424253,30,30,0,5.981891423306387,0.5349692035066427,0.5494804295296626
다이어트도시락,맛있는,7,1.4690908928028328,0.2968604105648833,0.14109188026976796,53,54,7,13.95975195208104,0.7626049615578026,2.1561873341001516,30,33,2,5.386122833572479,0.702811607399392,0.622762963086222
집밥,한식,13,1.280700063849286,0.29579276769615,0.16997119985052395,115,118,0,6.5167492015297075,0.7285380653301303,4.161604757490257,31,31,9,9.544248296548577,0.5084861635900965,0.82642808124908
집밥,중에,5,1.5619512454242865,0.29553124781472956,0.13127038599513574,115,118,0,6.5167492015297075,0.7285380653301303,4.161604757490257,9,9,4,20.79878835857313,0.7056408675077754,0.8096531863592794
집밥,냉털,5,1.5619512454242865,0.29553124781472956,0.13127038599513574,115,118,0,6.5167492015297075,0.7285380653301303,4.161604757490257,9,9,6,9.033090090397913,0.2844110107894753,-0.20454197292475026
집밥,청양고추,5,1.5619512454242865,0.29553124781472956,0.13127038599513574,115,118,0,6.5167492015297075,0.7285380653301303,4.161604757490257,9,9,2,5.983445638264436,0.6197889012893564,-0.26337775891048343
집밥,알룰로스,5,1.5619512454242865,0.29553124781472956,0.13127038599513574,115,118,0,6.5167492015297075,0.7285380653301303,4.161604757490257,9,9,4,26.91783135447094,0.7793527571180828,1.2703944186331333
오늘의,식단도시락,5,1.5523357867338514,0.2937119410255965,0.12896863998270883,95,100,8,9.514277515912475,0.4235663757402039,3.4446382922826584,11,11,8,20.326647232593295,0.6656294265139555,0.8394819510343219
오늘의,식단공유,5,1.5523357867338514,0.2937119410255965,0.12896863998270883,95,100,8,9.514277515912475,0.4235663757402039,3.4446382922826584,11,11,5,19.985702650496897,0.44887051468628797,0.7162084003488233
밥,먹을,6,1.4912421879165183,0.29223365125612194,0.13230858953460448,43,46,0,4.624118473117661,0.5477898872352404,1.0258135790477874,31,34,7,9.20874993976702,0.6932946349245952,0.9256559651744763
도시락메뉴,도시락반찬,8,1.402123131357879,0.29118517055793075,0.1438542887276021,67,67,2,7.399617238897896,0.5357782842208108,2.149723552090895,29,29,6,12.280659753441707,0.2795935021855125,0.831151391569424
다이어트도시락,먹을,7,1.4363010699996062,0.29023454397800086,0.1374863836742809,53,54,7,13.95975195208104,0.7626049615578026,2.1561873341001516,31,34,7,9.20874993976702,0.6932946349245952,0.9256559651744763
점심,간식,5,1.5324393464253374,0.289947406217822,0.12621656578889473,82,94,8,9.805053598566579,0.4637588873845762,3.044236591579092,13,14,8,19.34139922305634,0.6527454490452729,0.8585675475090659
김밥,피크닉,5,1.5240320105970153,0.2883566840647329,0.12354055253225182,43,64,0,3.682296673531056,0.48699022007111137,1.1590740264424253,25,38,2,10.107624950741794,0.5192936135105944,0.7911483488033944
도시락메뉴,남은,8,1.36822157969891,0.2841446839692563,0.1399175998036114,67,67,2,7.399617238897896,0.5357782842208108,2.149723552090895,30,30,0,5.981891423306387,0.5349692035066427,0.5494804295296626
반찬,직장인점심,5,1.497412724345542,0.28332014345254597,0.12118707467527826,48,63,4,17.061454136214454,0.6923960414587538,2.3139860436347113,23,23,0,11.204148867551634,0.3583491550466824,0.5487938507304948
다이어트도시락,간단하게,5,1.489293599914173,0.28178395275428014,0.12060938396534392,53,54,7,13.95975195208104,0.7626049615578026,2.1561873341001516,21,22,5,9.850217233940638,0.7400470789015714,0.5609942575908912
점심,일상,7,1.3893385030763992,0.2807447792763725,0.1336862747651386,82,94,8,9.805053598566579,0.4637588873845762,3.044236591579092,21,21,7,10.631864967476282,0.36030334076433024,0.42863102728922636
오늘의도시락,도시락반찬,6,1.4273133800433844,0.27970574056757125,0.12595859284636907,49,50,5,13.131670938516958,0.5914083446339523,1.8575734538244713,29,29,6,12.280659753441707,0.2795935021855125,0.831151391569424
오늘의,밍키식단,6,1.4245024154396582,0.27915488541047145,0.12793809970328557,95,100,8,9.514277515912475,0.4235663757402039,3.4446382922826584,15,15,5,19.651079926473408,0.5003552646519056,0.8787588684955947
남편도시락,계란말이,5,1.4662019877625154,0.2774148708298444,0.11906512189192753,67,69,0,7.697358796112383,0.46513826622114574,2.163282501476253,17,20,6,14.231529790017433,0.2956175115951228,0.5256273067250677
도시락메뉴,닭가슴살,8,1.3354317568915532,0.27733507507458105,0.1361467407487552,67,67,2,7.399617238897896,0.5357782842208108,2.149723552090895,31,63,7,16.542819965411606,0.9353640349390074,1.9139579207906599
식단,한식,5,1.4592028340862924,0.276090585820539,0.11736470529915255,37,46,7,16.082279900794575,0.7500570642903653,1.7502802113952356,31,31,9,9.544248296548577,0.5084861635900965,0.82642808124908
집밥,점메추,5,1.4565907298605827,0.2755963588569846,0.12092370338744306,115,118,0,6.5167492015297075,0.7285380653301303,4.161604757490257,10,10,8,20.982080347138332,0.4614609716205375,0.7509352122106411
오늘의도시락,맛있는,6,1.3934118283905546,0.27306216898474456,0.12255727616727509,49,50,5,13.131670938516958,0.5914083446339523,1.8575734538244713,30,33,2,5.386122833572479,0.702811607399392,0.622762963086222
집밥,썰어,6,1.3765480223496318,0.2697574263659086,0.12423707122383217,115,118,0,6.5167492015297075,0.7285380653301303,4.161604757490257,13,13,4,24.756000585939265,0.8104395245323803,1.2961032871707967
집밥,덮밥,6,1.3765480223496318,0.2697574263659086,0.12423707122383217,115,118,0,6.5167492015297075,0.7285380653301303,4.161604757490257,13,15,4,18.443953419387785,0.747427827801884,0.8520160384666179
집밥,단무지,6,1.3765480223496318,0.2697574263659086,0.12423707122383217,115,118,0,6.5167492015297075,0.7285380653301303,4.161604757490257,13,14,5,14.114303248479748,0.42111907027804546,0.38757640975208046
집밥,10월,13,1.159339206876248,0.2677630480238193,0.15234177874390728,115,118,0,6.5167492015297075,0.7285380653301303,4.161604757490257,35,37,5,12.258972386280831,0.44608371875570957,1.1746603488028304
점심,목요일,5,1.3893385029065115,0.26287180384396486,0.11263626334703312,82,94,8,9.805053598566579,0.4637588873845762,3.044236591579092,15,15,5,9.86847934228206,0.37515913225545444,0.13879101494997018
집밥,도시락반찬,11,1.1803373536797508,0.26248531780179346,0.14250969577176037,115,118,0,6.5167492015297075,0.7285380653301303,4.161604757490257,29,29,6,12.280659753441707,0.2795935021855125,0.831151391569424
오늘의,콩나물무침,5,1.3852817022141037,0.26210423099284347,0.11295522880899096,95,100,8,9.514277515912475,0.4235663757402039,3.4446382922826584,13,14,5,9.184228300599388,0.2820842921295356,-0.0201952021407122
오늘의,간식,5,1.3852817022141037,0.26210423099284347,0.11295522880899096,95,100,8,9.514277515912475,0.4235663757402039,3.4446382922826584,13,14,8,19.34139922305634,0.6527454490452729,0.8585675475090659
오늘의,메뉴는,5,1.3852817022141037,0.26210423099284347,0.11295522880899096,95,100,8,9.514277515912475,0.4235663757402039,3.4446382922826584,13,14,2,5.289514885113691,0.47096747089930013,-0.20522650116495625
점심,건강식,6,1.335271281770074,0.26166856413463757,0.11812424535111378,82,94,8,9.805053598566579,0.4637588873845762,3.044236591579092,19,20,4,24.011295059770106,0.7634717181443976,1.478593328526103
반찬,레시피,5,1.3748104023550247,0.26012299353574525,0.10986803443773667,48,63,4,17.061454136214454,0.6923960414587538,2.3139860436347113,26,33,4,23.131343883108837,0.8286791024171124,1.806720317262422
집밥,스팸,5,1.3612805501332674,0.25756305824867504,0.1118504279783759,115,118,0,6.5167492015297075,0.7285380653301303,4.161604757490257,11,15,5,6.793098131300974,0.35096168158741664,-0.19872568407901278
남편도시락,아침,6,1.3036830584812984,0.2554783276303513,0.114295744614825,67,69,0,7.697358796112383,0.46513826622114574,2.163282501476253,24,24,8,16.673259988625826,0.6506010006583874,1.1050617772475402
집밥,오이,6,1.302440050242454,0.2552347395404204,0.11666783843975308,115,118,0,6.5167492015297075,0.7285380653301303,4.161604757490257,14,20,4,18.96448146615034,0.8760922981039683,1.038368599411301
집밥,자취요리,7,1.2624347157120326,0.25510122610768465,0.12182558675799501,115,118,0,6.5167492015297075,0.7285380653301303,4.161604757490257,17,17,4,24.75202953277391,0.7194328749442314,1.4163225648156281
집밥,맛있는,11,1.1464358020138061,0.25494623625424484,0.13804433398180715,115,118,0,6.5167492015297075,0.7285380653301303,4.161604757490257,30,33,2,5.386122833572479,0.702811607399392,0.622762963086222
오늘의,자취요리,6,1.299339272566079,0.2546270907027983,0.11521799517387747,95,100,8,9.514277515912475,0.4235663757402039,3.4446382922826584,17,17,4,24.75202953277391,0.7194328749442314,1.4163225648156281
오늘의,먹어도,6,1.299339272566079,0.2546270907027983,0.11521799517387747,95,100,8,9.514277515912475,0.4235663757402039,3.4446382922826584,17,18,4,14.551303875174433,0.8039753915969318,0.7560519984280243
밥,남은,5,1.3417104539540943,0.253860269854589,0.10677281959350818,43,46,0,4.624118473117661,0.5477898872352404,1.0258135790477874,30,30,0,5.981891423306387,0.5349692035066427,0.5494804295296626
남편도시락,홈쿡,10,1.1639211163300829,0.2534624533149303,0.13141253438803294,67,69,0,7.697358796112383,0.46513826622114574,2.163282501476253,46,46,9,8.715178270918697,0.471227317729246,1.3599828443271307
김밥,소풍,6,1.2876432328099017,0.25233505763742486,0.1120752321752121,43,64,0,3.682296673531056,0.48699022007111137,1.1590740264424253,38,45,2,3.782663160321731,0.25254760882975785,0.679182858390393
도시락기록,직장인,5,1.332451128548258,0.2521083457794134,0.1059290446150818,42,42,1,7.176815309814925,0.256370817341552,0.9917757183374951,31,32,7,6.771602970970504,0.348390725071986,0.5721124324470593
도시락메뉴,맛있는,7,1.2346901870920122,0.2494948662851452,0.11645537231360725,67,67,2,7.399617238897896,0.5357782842208108,2.149723552090895,30,33,2,5.386122833572479,0.702811607399392,0.622762963086222
오늘의,도시락반찬,9,1.1707218949387523,0.24922522345653658,0.12629692399807557,95,100,8,9.514277515912475,0.4235663757402039,3.4446382922826584,29,29,6,12.280659753441707,0.2795935021855125,0.831151391569424
집밥,도시락싸기,10,1.1201184936852366,0.2439237311099434,0.1281522286960879,115,118,0,6.5167492015297075,0.7285380653301303,4.161604757490257,28,28,6,12.37841206156507,0.22985114000141244,0.7745743400472503
오늘의,요리,10,1.1170177160079249,0.24324848713829547,0.12671789230417602,95,100,8,9.514277515912475,0.4235663757402039,3.4446382922826584,34,36,4,19.336422996972193,0.7061322706240964,1.747224350578725
오늘의,살짝,9,1.1368203432748578,0.24200820477303495,0.12231296645413572,95,100,8,9.514277515912475,0.4235663757402039,3.4446382922826584,30,33,4,17.14957731564478,0.7912949888560646,1.484079524820583
집밥,목요일,6,1.233447178795841,0.24171444156544342,0.10976226101570523,115,118,0,6.5167492015297075,0.7285380653301303,4.161604757490257,15,15,5,9.86847934228206,0.37515913225545444,0.13879101494997018
집밥,김치,5,1.2742691732078122,0.24109994464497708,0.10378617620949643,115,118,0,6.5167492015297075,0.7285380653301303,4.161604757490257,12,12,6,11.206314198864602,0.3682618342723677,0.10726299183369788
오늘의도시락,김밥,7,1.1875597743632569,0.2399711848429048,0.11117380541866011,49,50,5,13.131670938516958,0.5914083446339523,1.8575734538244713,43,64,0,3.682296673531056,0.48699022007111137,1.1590740264424253
남편도시락,밥,9,1.1260018814567034,0.2397051526342291,0.11998983361833297,67,69,0,7.697358796112383,0.46513826622114574,2.163282501476253,43,46,0,4.624118473117661,0.5477898872352404,1.0258135790477874
남편도시락,일상,5,1.2548928942582198,0.2374338277205504,0.09976978833801056,67,69,0,7.697358796112383,0.46513826622114574,2.163282501476253,21,21,7,10.631864967476282,0.36030334076433024,0.42863102728922636
오늘의,10월,10,1.0880301791432896,0.23693598699873808,0.12317226414924987,95,100,8,9.514277515912475,0.4235663757402039,3.4446382922826584,35,37,5,12.258972386280831,0.44608371875570957,1.1746603488028304
오늘의,목요일,5,1.2421808586786036,0.2350286286158314,0.09985828996187066,95,100,8,9.514277515912475,0.4235663757402039,3.4446382922826584,15,15,5,9.86847934228206,0.37515913225545444,0.13879101494997018
반찬,살짝,5,1.2317095588184295,0.233047391158526,0.09715768741552944,48,63,4,17.061454136214454,0.6923960414587538,2.3139860436347113,30,33,4,17.14957731564478,0.7912949888560646,1.484079524820583
집밥,건강식,7,1.1512090806542605,0.23262577012987573,0.10999887593217186,115,118,0,6.5167492015297075,0.7285380653301303,4.161604757490257,19,20,4,24.011295059770106,0.7634717181443976,1.478593328526103
집밥,좋아요,6,1.1689086576935657,0.22906704745252685,0.1034180230403333,115,118,0,6.5167492015297075,0.7285380653301303,4.161604757490257,16,16,0,4.68313461297595,0.5253679317528039,-0.11346823710435755
다이어트도시락,샐러드,5,1.201611527681208,0.22735264958140752,0.09465537210832202,53,54,7,13.95975195208104,0.7626049615578026,2.1561873341001516,28,34,7,11.329541122756844,0.5445245520313596,0.9214491627735837
오늘의,홈쿡,12,0.9970584009911739,0.22610247147294868,0.12340567621325438,95,100,8,9.514277515912475,0.4235663757402039,3.4446382922826584,46,46,9,8.715178270918697,0.471227317729246,1.3599828443271307
집밥,밑반찬,5,1.1942264655885773,0.22595534821120275,0.0965384063722572,115,118,0,6.5167492015297075,0.7285380653301303,4.161604757490257,13,14,9,11.841003869075447,0.20920932495243189,0.13171324041865137
집밥,콩나물무침,5,1.1942264655885773,0.22595534821120275,0.0965384063722572,115,118,0,6.5167492015297075,0.7285380653301303,4.161604757490257,13,14,5,9.184228300599388,0.2820842921295356,-0.0201952021407122
도시락메뉴,도시락싸기,6,1.149532378740587,0.225269944076517,0.09945033357211945,67,67,2,7.399617238897896,0.5357782842208108,2.149723552090895,28,28,6,12.37841206156507,0.22985114000141244,0.7745743400472503
오늘의,아침,7,1.1086494662540414,0.22402571368256655,0.10459819411952521,95,100,8,9.514277515912475,0.4235663757402039,3.4446382922826584,24,24,8,16.673259988625826,0.6506010006583874,1.1050617772475402
오늘의도시락,먹을,5,1.1783004488278868,0.22294204314179472,0.09255685937016299,49,50,5,13.131670938516958,0.5914083446339523,1.8575734538244713,31,34,7,9.20874993976702,0.6932946349245952,0.9256559651744763
집밥,재료,7,1.099915786289002,0.2222608917557099,0.10465772996165486,115,118,0,6.5167492015297075,0.7285380653301303,4.161604757490257,20,20,4,24.14075712052339,0.8738373976168942,1.566242933288669
도시락메뉴,반찬,9,1.0160009862775972,0.21628797917915668,0.1075148572910595,67,67,2,7.399617238897896,0.5357782842208108,2.149723552090895,48,63,4,17.061454136214454,0.6923960414587538,2.3139860436347113
점심,아침,6,1.1016564307188335,0.2158878576447398,0.09547434437981735,82,94,8,9.805053598566579,0.4637588873845762,3.044236591579092,24,24,8,16.673259988625826,0.6506010006583874,1.1050617772475402
소풍도시락,김밥,6,1.096587996150877,0.2148946137894167,0.0940898884779384,46,52,2,5.148925051153295,0.2893883726585028,1.1033402197909223,43,64,0,3.682296673531056,0.48699022007111137,1.1590740264424253
집밥,일상,7,1.0511256221397394,0.21240182297253551,0.09963861792599733,115,118,0,6.5167492015297075,0.7285380653301303,4.161604757490257,21,21,7,10.631864967476282,0.36030334076433024,0.42863102728922636
집밥,월요일,5,1.1201184934813995,0.2119336420062154,0.0899630247709135,115,118,0,6.5167492015297075,0.7285380653301303,4.161604757490257,14,15,2,3.4376597361608825,0.5084265807576092,-0.2766662413983492
남편도시락,남은,6,1.080539507288254,0.2117496461004191,0.0929931448236031,67,69,0,7.697358796112383,0.46513826622114574,2.163282501476253,30,30,0,5.981891423306387,0.5349692035066427,0.5494804295296626
오늘의,없는,5,1.1170177158050245,0.21134695487460378,0.08881442859932046,95,100,8,9.514277515912475,0.4235663757402039,3.4446382922826584,17,19,6,11.760417587635988,0.31274463391233215,0.3484811507269468
반찬,밥,6,1.0540283817526022,0.20655435114633974,0.09019627115510344,48,63,4,17.061454136214454,0.6923960414587538,2.3139860436347113,43,46,0,4.624118473117661,0.5477898872352404,1.0258135790477874
집밥,음식,6,1.0511256220960088,0.2059855072254536,0.09210452660605263,115,118,0,6.5167492015297075,0.7285380653301303,4.161604757490257,18,19,4,24.254473177869006,0.7051697710199573,1.4282336206171817
집밥,소스,6,1.0511256220960088,0.2059855072254536,0.09210452660605263,115,118,0,6.5167492015297075,0.7285380653301303,4.161604757490257,18,26,4,13.511243170728076,0.7819245684869756,0.8021643819948832
집밥,레시피,8,0.9710829145261515,0.20166912432173317,0.09801036654705744,115,118,0,6.5167492015297075,0.7285380653301303,4.161604757490257,26,33,4,23.131343883108837,0.8286791024171124,1.806720317262422
집밥,살짝,9,0.9457651065715943,0.20133604833198418,0.10125487599880631,115,118,0,6.5167492015297075,0.7285380653301303,4.161604757490257,30,33,4,17.14957731564478,0.7912949888560646,1.484079524820583
도시락메뉴,소풍도시락,8,0.940777565040548,0.19537547709387726,0.09319680915497798,67,67,2,7.399617238897896,0.5357782842208108,2.149723552090895,46,52,2,5.148925051153295,0.2893883726585028,1.1033402197909223
남편도시락,요리,6,0.9553763643912668,0.18722185138815878,0.08153820460018285,67,69,0,7.697358796112383,0.46513826622114574,2.163282501476253,34,36,4,19.336422996972193,0.7061322706240964,1.747224350578725
남편도시락,반찬,8,0.8982179506349224,0.186536931960127,0.08878940040976857,67,69,0,7.697358796112383,0.46513826622114574,2.163282501476253,48,63,4,17.061454136214454,0.6923960414587538,2.3139860436347113
집밥,아침,7,0.9175942295656395,0.18541902414296846,0.08618218640728162,115,118,0,6.5167492015297075,0.7285380653301303,4.161604757490257,24,24,8,16.673259988625826,0.6506010006583874,1.1050617772475402
집밥,식단,10,0.8414050912898058,0.18322942652885604,0.09457578033020157,115,118,0,6.5167492015297075,0.7285380653301303,4.161604757490257,37,46,7,16.082279900794575,0.7500570642903653,1.7502802113952356
남편도시락,도시락싸기,5,0.9672108219795322,0.18300252453902677,0.0751899580813429,67,69,0,7.697358796112383,0.46513826622114574,2.163282501476253,28,28,6,12.37841206156507,0.22985114000141244,0.7745743400472503
집밥,좋은,8,0.861883622594864,0.17899121983910518,0.08641142281507565,115,118,0,6.5167492015297075,0.7285380653301303,4.161604757490257,29,30,4,22.049418928288624,0.9106211321257801,1.8149213142998257
점심,10월,7,0.8785128795366963,0.17752182345112602,0.08122507873694639,82,94,8,9.805053598566579,0.4637588873845762,3.044236591579092,35,37,5,12.258972386280831,0.44608371875570957,1.1746603488028304
도시락메뉴,밥,7,0.8746874532071306,0.17674881639190043,0.08052633285815482,67,67,2,7.399617238897896,0.5357782842208108,2.149723552090895,43,46,0,4.624118473117661,0.5477898872352404,1.0258135790477874
집밥,남편,6,0.896974942335981,0.17577712366783396,0.07775537006374558,115,118,0,6.5167492015297075,0.7285380653301303,4.161604757490257,21,24,8,9.434535592762346,0.5477077349967737,0.46892271216731124
집밥,간단하게,6,0.896974942335981,0.17577712366783396,0.07775537006374558,115,118,0,6.5167492015297075,0.7285380653301303,4.161604757490257,21,22,5,9.850217233940638,0.7400470789015714,0.5609942575908912
집밥,먹어도,5,0.9259624791472197,0.1751980720868558,0.0732822463744096,115,118,0,6.5167492015297075,0.7285380653301303,4.161604757490257,17,18,4,14.551303875174433,0.8039753915969318,0.7560519984280243
집밥,밥,11,0.786433068067766,0.17488824966698027,0.09266314535687156,115,118,0,6.5167492015297075,0.7285380653301303,4.161604757490257,43,46,0,4.624118473117661,0.5477898872352404,1.0258135790477874
집밥,점심,19,0.6874576429210607,0.1740297295124878,0.10807302452668634,115,118,0,6.5167492015297075,0.7285380653301303,4.161604757490257,82,94,8,9.805053598566579,0.4637588873845762,3.044236591579092
집밥,남은,8,0.8279820709289193,0.17195073324898205,0.08286014700730587,115,118,0,6.5167492015297075,0.7285380653301303,4.161604757490257,30,30,0,5.981891423306387,0.5349692035066427,0.5494804295296626
오늘의,간단하게,5,0.9057086222527129,0.17136591175622484,0.0709095762389022,95,100,8,9.514277515912475,0.4235663757402039,3.4446382922826584,21,22,5,9.850217233940638,0.7400470789015714,0.5609942575908912
남편도시락,맛있는,5,0.8982179505271994,0.16994862836245914,0.06953091733359894,67,69,0,7.697358796112383,0.46513826622114574,2.163282501476253,30,33,2,5.386122833572479,0.702811607399392,0.622762963086222
집밥,다이어트식단,6,0.8504549267194238,0.16666075469016167,0.07351461444273827,115,118,0,6.5167492015297075,0.7285380653301303,4.161604757490257,22,24,4,24.319231401676884,0.8945203296280569,1.6945288183905152
집밥,닭가슴살,8,0.7951922481150371,0.16514112435295164,0.07944585220727599,115,118,0,6.5167492015297075,0.7285380653301303,4.161604757490257,31,63,7,16.542819965411606,0.9353640349390074,1.9139579207906599
다이어트도시락,오늘의도시락,6,0.824317296788175,0.16153865239726586,0.06970771028194038,53,54,7,13.95975195208104,0.7626049615578026,2.1561873341001516,49,50,5,13.131670938516958,0.5914083446339523,1.8575734538244713
점심,lunch,5,0.8015518383563958,0.1516587765921652,0.062041148292971075,82,94,8,9.805053598566579,0.4637588873845762,3.044236591579092,27,28,6,7.852002307958744,0.10159705775189334,0.371951059132371
집밥,김밥,10,0.6911228882724139,0.15050307133868338,0.07719316489895,115,118,0,6.5167492015297075,0.7285380653301303,4.161604757490257,43,64,0,3.682296673531056,0.48699022007111137,1.1590740264424253
남편도시락,오늘의도시락,7,0.7440672708314708,0.15035428821255895,0.06812351141948228,67,69,0,7.697358796112383,0.46513826622114574,2.163282501476253,49,50,5,13.131670938516958,0.5914083446339523,1.8575734538244713
점심,요리,6,0.7533497365962072,0.1476313813961598,0.06391192043607045,82,94,8,9.805053598566579,0.4637588873845762,3.044236591579092,34,36,4,19.336422996972193,0.7061322706240964,1.747224350578725
점심,샐러드,5,0.7651841942012355,0.14477778380270265,0.059118016606583015,82,94,8,9.805053598566579,0.4637588873845762,3.044236591579092,28,34,7,11.329541122756844,0.5445245520313596,0.9214491627735837
오늘의,맛있는,6,0.7313552352215267,0.14332119389183437,0.06228168953209099,95,100,8,9.514277515912475,0.4235663757402039,3.4446382922826584,30,33,2,5.386122833572479,0.702811607399392,0.622762963086222
점심,좋은,5,0.7300928744045958,0.13813827981219903,0.05631417923247758,82,94,8,9.805053598566579,0.4637588873845762,3.044236591579092,29,30,4,22.049418928288624,0.9106211321257801,1.8149213142998257
점심,밥,7,0.6726608253956976,0.13592512878281118,0.061638286487866976,82,94,8,9.805053598566579,0.4637588873845762,3.044236591579092,43,46,0,4.624118473117661,0.5477898872352404,1.0258135790477874
도시락메뉴,다이어트도시락,7,0.6655956554123704,0.13449746404658802,0.060790820321082496,67,67,2,7.399617238897896,0.5357782842208108,2.149723552090895,53,54,7,13.95975195208104,0.7626049615578026,2.1561873341001516
집밥,직장인,7,0.6616608555081395,0.13370235577875844,0.06134078267862639,115,118,0,6.5167492015297075,0.7285380653301303,4.161604757490257,31,32,7,6.771602970970504,0.348390725071986,0.5721124324470593
도시락메뉴,홈쿡,6,0.653095492629892,0.1279848987486085,0.054981083921923024,67,67,2,7.399617238897896,0.5357782842208108,2.149723552090895,46,46,9,8.715178270918697,0.471227317729246,1.3599828443271307
점심,도시락메뉴,10,0.5858432656936928,0.12757674837015587,0.06470156455407201,82,94,8,9.805053598566579,0.4637588873845762,3.044236591579092,67,67,2,7.399617238897896,0.5357782842208108,2.149723552090895
점심,닭가슴살,5,0.6634014999323533,0.12551984170537617,0.051027194323436706,82,94,8,9.805053598566579,0.4637588873845762,3.044236591579092,31,63,7,16.542819965411606,0.9353640349390074,1.9139579207906599
오늘의,샐러드,5,0.6180265499230083,0.11693460856504848,0.047692364215833075,95,100,8,9.514277515912475,0.4235663757402039,3.4446382922826584,28,34,7,11.329541122756844,0.5445245520313596,0.9214491627735837
점심,오늘의도시락,7,0.5420406430124638,0.10953060060193921,0.0495013925725626,82,94,8,9.805053598566579,0.4637588873845762,3.044236591579092,49,50,5,13.131670938516958,0.5914083446339523,1.8575734538244713
점심,남편도시락,9,0.48048275004683305,0.10228596668869677,0.050108227210637575,82,94,8,9.805053598566579,0.4637588873845762,3.044236591579092,67,69,0,7.697358796112383,0.46513826622114574,2.163282501476253
남편도시락,김밥,5,0.5382152166423178,0.10183378964813493,0.04106283209797666,67,69,0,7.697358796112383,0.46513826622114574,2.163282501476253,43,64,0,3.682296673531056,0.48699022007111137,1.1590740264424253
오늘의,먹을,5,0.5162438556485075,0.09767666646665893,0.039709923784629085,95,100,8,9.514277515912475,0.4235663757402039,3.4446382922826584,31,34,7,9.20874993976702,0.6932946349245952,0.9256559651744763
오늘의,남편도시락,10,0.43868562138166933,0.09553081585114008,0.04849673235953631,95,100,8,9.514277515912475,0.4235663757402039,3.4446382922826584,67,69,0,7.697358796112383,0.46513826622114574,2.163282501476253
점심,식단,5,0.4864707918354203,0.09204341080280552,0.03722101709338441,82,94,8,9.805053598566579,0.4637588873845762,3.044236591579092,37,46,7,16.082279900794575,0.7500570642903653,1.7502802113952356
집밥,다이어트도시락,9,0.3766705748041649,0.0801862582231635,0.03957074564189146,115,118,0,6.5167492015297075,0.7285380653301303,4.161604757490257,53,54,7,13.95975195208104,0.7626049615578026,2.1561873341001516
점심,반찬,6,0.40850925040639013,0.08005416610762078,0.03433955109595438,82,94,8,9.805053598566579,0.4637588873845762,3.044236591579092,48,63,4,17.061454136214454,0.6923960414587538,2.3139860436347113
오늘의,도시락기록,6,0.39488299869797466,0.07738387598174343,0.033313659523360406,95,100,8,9.514277515912475,0.4235663757402039,3.4446382922826584,42,42,1,7.176815309814925,0.256370817341552,0.9917757183374951
도시락메뉴,오늘의도시락,5,0.40759503426665805,0.07711960884361158,0.031036966592659882,67,67,2,7.399617238897896,0.5357782842208108,2.149723552090895,49,50,5,13.131670938516958,0.5914083446339523,1.8575734538244713
오늘의,김밥,6,0.37135250129345854,0.07277268456822676,0.031321654994555845,95,100,8,9.514277515912475,0.4235663757402039,3.4446382922826584,43,64,0,3.682296673531056,0.48699022007111137,1.1590740264424253
점심,김밥,5,0.3361885888308847,0.0636090489055412,0.025671991032043914,82,94,8,9.805053598566579,0.4637588873845762,3.044236591579092,43,64,0,3.682296673531056,0.48699022007111137,1.1590740264424253
집밥,먹을,5,0.32518861894332657,0.06152778366994707,0.0251306436213272,115,118,0,6.5167492015297075,0.7285380653301303,4.161604757490257,31,34,7,9.20874993976702,0.6932946349245952,0.9256559651744763
오늘의,밥,5,0.1890309445324041,0.03576587366405495,0.01449287247978904,95,100,8,9.514277515912475,0.4235663757402039,3.4446382922826584,43,46,0,4.624118473117661,0.5477898872352404,1.0258135790477874
오늘의,점심,8,0.013515442246844787,0.0028068122319628596,0.001336689140060454,95,100,8,9.514277515912475,0.4235663757402039,3.4446382922826584,82,94,8,9.805053598566579,0.4637588873845762,3.044236591579092
